ISO-10303-21;
HEADER;
/* Generated by software containing ST-Developer
 * from STEP Tools, Inc. (www.steptools.com) 
 */

FILE_DESCRIPTION(
/* description */ (''),
/* implementation_level */ '2;1');

FILE_NAME(
/* name */ '12.5mm.step',
/* time_stamp */ '2025-09-02T20:23:25+08:00',
/* author */ (''),
/* organization */ (''),
/* preprocessor_version */ 'ST-DEVELOPER v20.1',
/* originating_system */ 'Autodesk Translation Framework v14.10.0.0',
/* authorisation */ '');

FILE_SCHEMA (('AUTOMOTIVE_DESIGN { 1 0 10303 214 3 1 1 }'));
ENDSEC;

DATA;
#10=MECHANICAL_DESIGN_GEOMETRIC_PRESENTATION_REPRESENTATION('',(#13),#3106);
#11=SHAPE_REPRESENTATION_RELATIONSHIP('SRR','None',#3113,#12);
#12=ADVANCED_BREP_SHAPE_REPRESENTATION('',(#14),#3105);
#13=STYLED_ITEM('',(#3122),#14);
#14=MANIFOLD_SOLID_BREP('12.5mm',#924);
#15=CONICAL_SURFACE('',#961,0.75,0.785398163397448);
#16=CONICAL_SURFACE('',#966,0.75,0.785398163397448);
#17=(
BOUNDED_CURVE()
B_SPLINE_CURVE(2,(#3074,#3075,#3076),.UNSPECIFIED.,.F.,.F.)
B_SPLINE_CURVE_WITH_KNOTS((3,3),(0.00163833345783341,0.0194063713046864),
 .UNSPECIFIED.)
CURVE()
GEOMETRIC_REPRESENTATION_ITEM()
RATIONAL_B_SPLINE_CURVE((1.,1.,1.))
REPRESENTATION_ITEM('')
);
#18=(
BOUNDED_CURVE()
B_SPLINE_CURVE(2,(#3080,#3081,#3082),.UNSPECIFIED.,.F.,.F.)
B_SPLINE_CURVE_WITH_KNOTS((3,3),(0.00163833345783345,0.0194063713046864),
 .UNSPECIFIED.)
CURVE()
GEOMETRIC_REPRESENTATION_ITEM()
RATIONAL_B_SPLINE_CURVE((1.,1.,1.))
REPRESENTATION_ITEM('')
);
#19=(
BOUNDED_CURVE()
B_SPLINE_CURVE(2,(#3091,#3092,#3093),.UNSPECIFIED.,.F.,.F.)
B_SPLINE_CURVE_WITH_KNOTS((3,3),(0.00163833345783343,0.0194063713046864),
 .UNSPECIFIED.)
CURVE()
GEOMETRIC_REPRESENTATION_ITEM()
RATIONAL_B_SPLINE_CURVE((1.,1.,1.))
REPRESENTATION_ITEM('')
);
#20=(
BOUNDED_CURVE()
B_SPLINE_CURVE(2,(#3097,#3098,#3099),.UNSPECIFIED.,.F.,.F.)
B_SPLINE_CURVE_WITH_KNOTS((3,3),(0.00163833345783348,0.0194063713046865),
 .UNSPECIFIED.)
CURVE()
GEOMETRIC_REPRESENTATION_ITEM()
RATIONAL_B_SPLINE_CURVE((1.,1.,1.))
REPRESENTATION_ITEM('')
);
#21=FACE_BOUND('',#125,.T.);
#22=FACE_BOUND('',#126,.T.);
#23=CYLINDRICAL_SURFACE('',#941,7.025);
#24=CYLINDRICAL_SURFACE('',#947,7.025);
#25=CYLINDRICAL_SURFACE('',#948,7.025);
#26=CYLINDRICAL_SURFACE('',#949,7.025);
#27=CYLINDRICAL_SURFACE('',#950,7.025);
#28=CYLINDRICAL_SURFACE('',#951,7.025);
#29=CYLINDRICAL_SURFACE('',#952,7.025);
#30=CYLINDRICAL_SURFACE('',#953,7.025);
#31=CYLINDRICAL_SURFACE('',#954,7.025);
#32=B_SPLINE_SURFACE_WITH_KNOTS('',3,3,((#1552,#1553,#1554,#1555,#1556,
#1557),(#1558,#1559,#1560,#1561,#1562,#1563),(#1564,#1565,#1566,#1567,#1568,
#1569),(#1570,#1571,#1572,#1573,#1574,#1575)),.UNSPECIFIED.,.F.,.F.,.F.,
(4,4),(4,1,1,4),(-0.148007637495217,-0.0180497116710333),(1.25670021225207,
1.29187979222649,1.31533284554277,1.33878589885905),.UNSPECIFIED.);
#33=B_SPLINE_SURFACE_WITH_KNOTS('',3,3,((#2028,#2029,#2030,#2031,#2032),
(#2033,#2034,#2035,#2036,#2037),(#2038,#2039,#2040,#2041,#2042),(#2043,
#2044,#2045,#2046,#2047)),.UNSPECIFIED.,.F.,.F.,.F.,(4,4),(4,1,4),(-0.0898900525491217,
-0.0180497116710333),(0.0337500003133284,0.0633641208957452,0.0855747113325578),
 .UNSPECIFIED.);
#34=B_SPLINE_SURFACE_WITH_KNOTS('',3,3,((#2114,#2115,#2116,#2117,#2118,
#2119),(#2120,#2121,#2122,#2123,#2124,#2125),(#2126,#2127,#2128,#2129,#2130,
#2131),(#2132,#2133,#2134,#2135,#2136,#2137)),.UNSPECIFIED.,.F.,.F.,.F.,
(4,4),(4,1,1,4),(-0.148007637495217,-0.0180497116710333),(0.162950212352666,
0.198129792283972,0.22158284557151,0.245035898859048),.UNSPECIFIED.);
#35=B_SPLINE_SURFACE_WITH_KNOTS('',3,3,((#2154,#2155,#2156,#2157,#2158,
#2159),(#2160,#2161,#2162,#2163,#2164,#2165),(#2166,#2167,#2168,#2169,#2170,
#2171),(#2172,#2173,#2174,#2175,#2176,#2177)),.UNSPECIFIED.,.F.,.F.,.F.,
(4,4),(4,1,1,4),(-0.148007637495217,-0.0180497116710333),(0.319200212317757,
0.342653265591501,0.366106318865245,0.401285898775862),.UNSPECIFIED.);
#36=B_SPLINE_SURFACE_WITH_KNOTS('',3,3,((#2194,#2195,#2196,#2197,#2198,
#2199),(#2200,#2201,#2202,#2203,#2204,#2205),(#2206,#2207,#2208,#2209,#2210,
#2211),(#2212,#2213,#2214,#2215,#2216,#2217)),.UNSPECIFIED.,.F.,.F.,.F.,
(4,4),(4,1,1,4),(-0.148007637495217,-0.0180497116710333),(0.475450212252064,
0.510629792226486,0.534082845542767,0.557535898859048),.UNSPECIFIED.);
#37=B_SPLINE_SURFACE_WITH_KNOTS('',3,3,((#2234,#2235,#2236,#2237,#2238,
#2239),(#2240,#2241,#2242,#2243,#2244,#2245),(#2246,#2247,#2248,#2249,#2250,
#2251),(#2252,#2253,#2254,#2255,#2256,#2257)),.UNSPECIFIED.,.F.,.F.,.F.,
(4,4),(4,1,1,4),(-0.148007637495217,-0.0180497116710333),(0.631700212252064,
0.666879792226487,0.690332845542768,0.71378589885905),.UNSPECIFIED.);
#38=B_SPLINE_SURFACE_WITH_KNOTS('',3,3,((#2274,#2275,#2276,#2277,#2278,
#2279),(#2280,#2281,#2282,#2283,#2284,#2285),(#2286,#2287,#2288,#2289,#2290,
#2291),(#2292,#2293,#2294,#2295,#2296,#2297)),.UNSPECIFIED.,.F.,.F.,.F.,
(4,4),(4,1,1,4),(-0.148007637495217,-0.0180497116710333),(0.787950212252065,
0.823129792226486,0.846582845542767,0.870035898859048),.UNSPECIFIED.);
#39=B_SPLINE_SURFACE_WITH_KNOTS('',3,3,((#2314,#2315,#2316,#2317,#2318,
#2319),(#2320,#2321,#2322,#2323,#2324,#2325),(#2326,#2327,#2328,#2329,#2330,
#2331),(#2332,#2333,#2334,#2335,#2336,#2337)),.UNSPECIFIED.,.F.,.F.,.F.,
(4,4),(4,1,1,4),(-0.148007637495217,-0.0180497116710333),(0.944200212252065,
0.967653265568346,0.991106318884627,1.02628589885905),.UNSPECIFIED.);
#40=B_SPLINE_SURFACE_WITH_KNOTS('',3,3,((#2354,#2355,#2356,#2357,#2358,
#2359),(#2360,#2361,#2362,#2363,#2364,#2365),(#2366,#2367,#2368,#2369,#2370,
#2371),(#2372,#2373,#2374,#2375,#2376,#2377)),.UNSPECIFIED.,.F.,.F.,.F.,
(4,4),(4,1,1,4),(-0.148007637495217,-0.0180497116710333),(1.10045021225207,
1.13562979222649,1.15908284554277,1.18253589885905),.UNSPECIFIED.);
#41=B_SPLINE_SURFACE_WITH_KNOTS('',3,3,((#2497,#2498,#2499,#2500,#2501,
#2502),(#2503,#2504,#2505,#2506,#2507,#2508),(#2509,#2510,#2511,#2512,#2513,
#2514),(#2515,#2516,#2517,#2518,#2519,#2520)),.UNSPECIFIED.,.F.,.F.,.F.,
(4,4),(4,1,1,4),(-0.0625000001821099,0.),(0.162950212252064,0.198129792226486,
0.221582845542767,0.245035898859048),.UNSPECIFIED.);
#42=B_SPLINE_SURFACE_WITH_KNOTS('',3,3,((#2526,#2527,#2528,#2529,#2530,
#2531),(#2532,#2533,#2534,#2535,#2536,#2537),(#2538,#2539,#2540,#2541,#2542,
#2543),(#2544,#2545,#2546,#2547,#2548,#2549)),.UNSPECIFIED.,.F.,.F.,.F.,
(4,4),(4,1,1,4),(-0.0625000001821099,0.),(0.319200212252064,0.354379792226486,
0.377832845542767,0.401285898859048),.UNSPECIFIED.);
#43=B_SPLINE_SURFACE_WITH_KNOTS('',3,3,((#2556,#2557,#2558,#2559,#2560,
#2561),(#2562,#2563,#2564,#2565,#2566,#2567),(#2568,#2569,#2570,#2571,#2572,
#2573),(#2574,#2575,#2576,#2577,#2578,#2579)),.UNSPECIFIED.,.F.,.F.,.F.,
(4,4),(4,1,1,4),(-0.0625000001821099,0.),(0.475450212252064,0.510629792226486,
0.534082845542767,0.557535898859049),.UNSPECIFIED.);
#44=B_SPLINE_SURFACE_WITH_KNOTS('',3,3,((#2586,#2587,#2588,#2589,#2590,
#2591),(#2592,#2593,#2594,#2595,#2596,#2597),(#2598,#2599,#2600,#2601,#2602,
#2603),(#2604,#2605,#2606,#2607,#2608,#2609)),.UNSPECIFIED.,.F.,.F.,.F.,
(4,4),(4,1,1,4),(-0.0625000001821099,0.),(0.631700212252064,0.666879792226486,
0.690332845542767,0.713785898859049),.UNSPECIFIED.);
#45=B_SPLINE_SURFACE_WITH_KNOTS('',3,3,((#2616,#2617,#2618,#2619,#2620,
#2621),(#2622,#2623,#2624,#2625,#2626,#2627),(#2628,#2629,#2630,#2631,#2632,
#2633),(#2634,#2635,#2636,#2637,#2638,#2639)),.UNSPECIFIED.,.F.,.F.,.F.,
(4,4),(4,1,1,4),(-0.0625000001821099,0.),(0.787950212252065,0.811403265568346,
0.834856318884627,0.870035898859049),.UNSPECIFIED.);
#46=B_SPLINE_SURFACE_WITH_KNOTS('',3,3,((#2646,#2647,#2648,#2649,#2650,
#2651),(#2652,#2653,#2654,#2655,#2656,#2657),(#2658,#2659,#2660,#2661,#2662,
#2663),(#2664,#2665,#2666,#2667,#2668,#2669)),.UNSPECIFIED.,.F.,.F.,.F.,
(4,4),(4,1,1,4),(-0.0625000001821099,0.),(0.944200212252065,0.979379792226487,
1.00283284554277,1.02628589885905),.UNSPECIFIED.);
#47=B_SPLINE_SURFACE_WITH_KNOTS('',3,3,((#2676,#2677,#2678,#2679,#2680,
#2681),(#2682,#2683,#2684,#2685,#2686,#2687),(#2688,#2689,#2690,#2691,#2692,
#2693),(#2694,#2695,#2696,#2697,#2698,#2699)),.UNSPECIFIED.,.F.,.F.,.F.,
(4,4),(4,1,1,4),(-0.0625000001821099,0.),(1.10045021225206,1.12390326556835,
1.14735631888463,1.18253589885905),.UNSPECIFIED.);
#48=B_SPLINE_SURFACE_WITH_KNOTS('',3,3,((#2706,#2707,#2708,#2709,#2710,
#2711),(#2712,#2713,#2714,#2715,#2716,#2717),(#2718,#2719,#2720,#2721,#2722,
#2723),(#2724,#2725,#2726,#2727,#2728,#2729)),.UNSPECIFIED.,.F.,.F.,.F.,
(4,4),(4,1,1,4),(-0.0625000001821099,0.),(1.25670021225206,1.29187979222649,
1.31533284554277,1.33878589885905),.UNSPECIFIED.);
#49=B_SPLINE_SURFACE_WITH_KNOTS('',3,3,((#2736,#2737,#2738,#2739),(#2740,
#2741,#2742,#2743),(#2744,#2745,#2746,#2747),(#2748,#2749,#2750,#2751)),
 .UNSPECIFIED.,.F.,.F.,.F.,(4,4),(4,4),(-0.0625000001821099,-0.0354502120214537),
(1.41295021225207,1.44000000041272),.UNSPECIFIED.);
#50=B_SPLINE_SURFACE_WITH_KNOTS('',3,3,((#2844,#2845,#2846,#2847,#2848),
(#2849,#2850,#2851,#2852,#2853),(#2854,#2855,#2856,#2857,#2858),(#2859,
#2860,#2861,#2862,#2863)),.UNSPECIFIED.,.F.,.F.,.F.,(4,4),(4,1,4),(0.0589945163878964,
0.129957925824057),(0.190000000412722,0.213586814032576,0.245035898859048),
 .UNSPECIFIED.);
#51=B_SPLINE_SURFACE_WITH_KNOTS('',3,3,((#2864,#2865,#2866,#2867,#2868,
#2869),(#2870,#2871,#2872,#2873,#2874,#2875),(#2876,#2877,#2878,#2879,#2880,
#2881),(#2882,#2883,#2884,#2885,#2886,#2887)),.UNSPECIFIED.,.F.,.F.,.F.,
(4,4),(4,1,1,4),(-2.48969823076959E-10,0.129957925824057),(0.319200212252064,
0.354379792190345,0.377832845482533,0.40128589877472),.UNSPECIFIED.);
#52=B_SPLINE_SURFACE_WITH_KNOTS('',3,3,((#2888,#2889,#2890,#2891,#2892,
#2893),(#2894,#2895,#2896,#2897,#2898,#2899),(#2900,#2901,#2902,#2903,#2904,
#2905),(#2906,#2907,#2908,#2909,#2910,#2911)),.UNSPECIFIED.,.F.,.F.,.F.,
(4,4),(4,1,1,4),(-2.48969823076959E-10,0.129957925824057),(0.475450212252064,
0.498903265568346,0.522356318884627,0.557535898859049),.UNSPECIFIED.);
#53=B_SPLINE_SURFACE_WITH_KNOTS('',3,3,((#2912,#2913,#2914,#2915,#2916,
#2917),(#2918,#2919,#2920,#2921,#2922,#2923),(#2924,#2925,#2926,#2927,#2928,
#2929),(#2930,#2931,#2932,#2933,#2934,#2935)),.UNSPECIFIED.,.F.,.F.,.F.,
(4,4),(4,1,1,4),(-2.48969823076959E-10,0.129957925824057),(0.631700212252064,
0.666879792226486,0.690332845542767,0.713785898859049),.UNSPECIFIED.);
#54=B_SPLINE_SURFACE_WITH_KNOTS('',3,3,((#2936,#2937,#2938,#2939,#2940,
#2941),(#2942,#2943,#2944,#2945,#2946,#2947),(#2948,#2949,#2950,#2951,#2952,
#2953),(#2954,#2955,#2956,#2957,#2958,#2959)),.UNSPECIFIED.,.F.,.F.,.F.,
(4,4),(4,1,1,4),(-2.48969823076959E-10,0.129957925824057),(0.787950212252065,
0.823129792226486,0.846582845542768,0.870035898859049),.UNSPECIFIED.);
#55=B_SPLINE_SURFACE_WITH_KNOTS('',3,3,((#2960,#2961,#2962,#2963,#2964,
#2965),(#2966,#2967,#2968,#2969,#2970,#2971),(#2972,#2973,#2974,#2975,#2976,
#2977),(#2978,#2979,#2980,#2981,#2982,#2983)),.UNSPECIFIED.,.F.,.F.,.F.,
(4,4),(4,1,1,4),(-2.48969823076959E-10,0.129957925824057),(0.944200212252065,
0.979379792226487,1.00283284554277,1.02628589885905),.UNSPECIFIED.);
#56=B_SPLINE_SURFACE_WITH_KNOTS('',3,3,((#2984,#2985,#2986,#2987,#2988,
#2989),(#2990,#2991,#2992,#2993,#2994,#2995),(#2996,#2997,#2998,#2999,#3000,
#3001),(#3002,#3003,#3004,#3005,#3006,#3007)),.UNSPECIFIED.,.F.,.F.,.F.,
(4,4),(4,1,1,4),(-2.48969823076959E-10,0.129957925824057),(1.10045021230333,
1.13562979225578,1.15908284555742,1.18253589885905),.UNSPECIFIED.);
#57=B_SPLINE_SURFACE_WITH_KNOTS('',3,3,((#3008,#3009,#3010,#3011,#3012,
#3013),(#3014,#3015,#3016,#3017,#3018,#3019),(#3020,#3021,#3022,#3023,#3024,
#3025),(#3026,#3027,#3028,#3029,#3030,#3031)),.UNSPECIFIED.,.F.,.F.,.F.,
(4,4),(4,1,1,4),(-2.48969823076959E-10,0.129957925824057),(1.25670021225206,
1.28015326555396,1.30360631885585,1.33878589880868),.UNSPECIFIED.);
#58=B_SPLINE_SURFACE_WITH_KNOTS('',3,3,((#3032,#3033,#3034,#3035,#3036,
#3037),(#3038,#3039,#3040,#3041,#3042,#3043),(#3044,#3045,#3046,#3047,#3048,
#3049),(#3050,#3051,#3052,#3053,#3054,#3055)),.UNSPECIFIED.,.F.,.F.,.F.,
(4,4),(4,1,1,4),(-2.48969823076959E-10,0.129957925824057),(1.41295021225207,
1.44648245503806,1.46883728356206,1.49119211208605),.UNSPECIFIED.);
#59=FACE_OUTER_BOUND('',#111,.T.);
#60=FACE_OUTER_BOUND('',#112,.T.);
#61=FACE_OUTER_BOUND('',#113,.T.);
#62=FACE_OUTER_BOUND('',#114,.T.);
#63=FACE_OUTER_BOUND('',#115,.T.);
#64=FACE_OUTER_BOUND('',#116,.T.);
#65=FACE_OUTER_BOUND('',#117,.T.);
#66=FACE_OUTER_BOUND('',#118,.T.);
#67=FACE_OUTER_BOUND('',#119,.T.);
#68=FACE_OUTER_BOUND('',#120,.T.);
#69=FACE_OUTER_BOUND('',#121,.T.);
#70=FACE_OUTER_BOUND('',#122,.T.);
#71=FACE_OUTER_BOUND('',#123,.T.);
#72=FACE_OUTER_BOUND('',#124,.T.);
#73=FACE_OUTER_BOUND('',#127,.T.);
#74=FACE_OUTER_BOUND('',#128,.T.);
#75=FACE_OUTER_BOUND('',#129,.T.);
#76=FACE_OUTER_BOUND('',#130,.T.);
#77=FACE_OUTER_BOUND('',#131,.T.);
#78=FACE_OUTER_BOUND('',#132,.T.);
#79=FACE_OUTER_BOUND('',#133,.T.);
#80=FACE_OUTER_BOUND('',#134,.T.);
#81=FACE_OUTER_BOUND('',#135,.T.);
#82=FACE_OUTER_BOUND('',#136,.T.);
#83=FACE_OUTER_BOUND('',#137,.T.);
#84=FACE_OUTER_BOUND('',#138,.T.);
#85=FACE_OUTER_BOUND('',#139,.T.);
#86=FACE_OUTER_BOUND('',#140,.T.);
#87=FACE_OUTER_BOUND('',#141,.T.);
#88=FACE_OUTER_BOUND('',#142,.T.);
#89=FACE_OUTER_BOUND('',#143,.T.);
#90=FACE_OUTER_BOUND('',#144,.T.);
#91=FACE_OUTER_BOUND('',#145,.T.);
#92=FACE_OUTER_BOUND('',#146,.T.);
#93=FACE_OUTER_BOUND('',#147,.T.);
#94=FACE_OUTER_BOUND('',#148,.T.);
#95=FACE_OUTER_BOUND('',#149,.T.);
#96=FACE_OUTER_BOUND('',#150,.T.);
#97=FACE_OUTER_BOUND('',#151,.T.);
#98=FACE_OUTER_BOUND('',#152,.T.);
#99=FACE_OUTER_BOUND('',#153,.T.);
#100=FACE_OUTER_BOUND('',#154,.T.);
#101=FACE_OUTER_BOUND('',#155,.T.);
#102=FACE_OUTER_BOUND('',#156,.T.);
#103=FACE_OUTER_BOUND('',#157,.T.);
#104=FACE_OUTER_BOUND('',#158,.T.);
#105=FACE_OUTER_BOUND('',#159,.T.);
#106=FACE_OUTER_BOUND('',#160,.T.);
#107=FACE_OUTER_BOUND('',#161,.T.);
#108=FACE_OUTER_BOUND('',#162,.T.);
#109=FACE_OUTER_BOUND('',#163,.T.);
#110=FACE_OUTER_BOUND('',#164,.T.);
#111=EDGE_LOOP('',(#576,#577,#578,#579,#580,#581));
#112=EDGE_LOOP('',(#582,#583,#584,#585,#586,#587,#588,#589,#590,#591,#592,
#593,#594,#595,#596,#597,#598,#599,#600,#601,#602,#603,#604,#605,#606,#607,
#608,#609,#610,#611,#612,#613,#614,#615,#616,#617));
#113=EDGE_LOOP('',(#618,#619,#620,#621,#622));
#114=EDGE_LOOP('',(#623,#624,#625));
#115=EDGE_LOOP('',(#626,#627,#628,#629,#630,#631,#632,#633,#634,#635,#636,
#637,#638,#639,#640,#641,#642,#643,#644,#645,#646,#647,#648,#649,#650,#651,
#652,#653,#654,#655,#656,#657,#658,#659,#660,#661));
#116=EDGE_LOOP('',(#662,#663,#664));
#117=EDGE_LOOP('',(#665,#666,#667,#668));
#118=EDGE_LOOP('',(#669,#670,#671,#672));
#119=EDGE_LOOP('',(#673,#674,#675,#676));
#120=EDGE_LOOP('',(#677,#678,#679,#680));
#121=EDGE_LOOP('',(#681,#682,#683,#684));
#122=EDGE_LOOP('',(#685,#686,#687,#688));
#123=EDGE_LOOP('',(#689,#690,#691,#692));
#124=EDGE_LOOP('',(#693,#694,#695,#696,#697,#698));
#125=EDGE_LOOP('',(#699,#700,#701,#702,#703,#704));
#126=EDGE_LOOP('',(#705,#706,#707));
#127=EDGE_LOOP('',(#708,#709,#710,#711,#712));
#128=EDGE_LOOP('',(#713,#714,#715,#716));
#129=EDGE_LOOP('',(#717,#718,#719,#720));
#130=EDGE_LOOP('',(#721,#722,#723,#724));
#131=EDGE_LOOP('',(#725,#726,#727,#728));
#132=EDGE_LOOP('',(#729,#730,#731,#732));
#133=EDGE_LOOP('',(#733,#734,#735,#736));
#134=EDGE_LOOP('',(#737,#738,#739,#740));
#135=EDGE_LOOP('',(#741,#742,#743));
#136=EDGE_LOOP('',(#744,#745,#746,#747,#748));
#137=EDGE_LOOP('',(#749,#750,#751,#752));
#138=EDGE_LOOP('',(#753,#754,#755,#756));
#139=EDGE_LOOP('',(#757,#758,#759,#760));
#140=EDGE_LOOP('',(#761,#762,#763,#764));
#141=EDGE_LOOP('',(#765,#766,#767,#768));
#142=EDGE_LOOP('',(#769,#770,#771,#772));
#143=EDGE_LOOP('',(#773,#774,#775,#776));
#144=EDGE_LOOP('',(#777,#778,#779));
#145=EDGE_LOOP('',(#780,#781,#782,#783));
#146=EDGE_LOOP('',(#784,#785,#786,#787));
#147=EDGE_LOOP('',(#788,#789,#790,#791));
#148=EDGE_LOOP('',(#792,#793,#794,#795));
#149=EDGE_LOOP('',(#796,#797,#798,#799));
#150=EDGE_LOOP('',(#800,#801,#802,#803));
#151=EDGE_LOOP('',(#804,#805,#806,#807));
#152=EDGE_LOOP('',(#808,#809,#810,#811,#812));
#153=EDGE_LOOP('',(#813,#814,#815,#816));
#154=EDGE_LOOP('',(#817,#818,#819,#820));
#155=EDGE_LOOP('',(#821,#822,#823,#824));
#156=EDGE_LOOP('',(#825,#826,#827));
#157=EDGE_LOOP('',(#828,#829,#830,#831));
#158=EDGE_LOOP('',(#832,#833,#834,#835));
#159=EDGE_LOOP('',(#836,#837,#838,#839));
#160=EDGE_LOOP('',(#840,#841,#842));
#161=EDGE_LOOP('',(#843,#844,#845,#846));
#162=EDGE_LOOP('',(#847,#848,#849,#850));
#163=EDGE_LOOP('',(#851,#852,#853,#854));
#164=EDGE_LOOP('',(#855,#856,#857));
#165=B_SPLINE_CURVE_WITH_KNOTS('',3,(#1081,#1082,#1083,#1084,#1085,#1086,
#1087,#1088,#1089,#1090,#1091,#1092,#1093,#1094,#1095,#1096,#1097,#1098,
#1099,#1100,#1101,#1102,#1103,#1104,#1105,#1106,#1107,#1108,#1109,#1110,
#1111,#1112,#1113,#1114,#1115,#1116,#1117,#1118,#1119,#1120,#1121,#1122,
#1123,#1124,#1125,#1126),.UNSPECIFIED.,.F.,.F.,(4,3,3,3,3,3,3,3,3,3,3,3,
3,3,3,4),(-0.710478351129028,-0.656439196385459,-0.601965846110918,-0.547440316228562,
-0.514560260910458,-0.459130663238019,-0.439102409307146,-0.384023040689294,
-0.328463924392596,-0.275050424554584,-0.265551261946428,-0.209279023328069,
-0.152529530070628,-0.114809925040546,-0.057404962520273,0.),
 .UNSPECIFIED.);
#166=B_SPLINE_CURVE_WITH_KNOTS('',3,(#1130,#1131,#1132,#1133,#1134,#1135,
#1136,#1137,#1138,#1139,#1140,#1141,#1142,#1143,#1144,#1145,#1146,#1147,
#1148,#1149,#1150,#1151,#1152,#1153,#1154,#1155,#1156,#1157),
 .UNSPECIFIED.,.F.,.F.,(4,3,3,3,3,3,3,3,3,4),(-0.333631671061624,-0.282189803147127,
-0.230242144656545,-0.178247050296933,-0.168761903260253,-0.161290837881231,
-0.109263254897503,-0.0546316274487514,-0.003430729682954,0.),
 .UNSPECIFIED.);
#167=B_SPLINE_CURVE_WITH_KNOTS('',3,(#1158,#1159,#1160,#1161,#1162,#1163,
#1164,#1165,#1166,#1167,#1168,#1169,#1170,#1171,#1172,#1173,#1174,#1175,
#1176,#1177,#1178,#1179,#1180,#1181,#1182,#1183,#1184,#1185,#1186,#1187,
#1188,#1189,#1190,#1191,#1192,#1193,#1194,#1195,#1196,#1197,#1198,#1199,
#1200,#1201,#1202,#1203),.UNSPECIFIED.,.F.,.F.,(4,3,3,3,3,3,3,3,3,3,3,3,
3,3,3,4),(-0.659020413073536,-0.604699197013916,-0.550358317208938,-0.496602675829127,
-0.473218130043986,-0.419188428243584,-0.365158726443183,-0.311903412661986,
-0.259125352236328,-0.245183013484827,-0.237385377289352,-0.185246713922291,
-0.1329570162524,-0.0806673185825095,-0.0284384040502901,0.),
 .UNSPECIFIED.);
#168=B_SPLINE_CURVE_WITH_KNOTS('',3,(#1206,#1207,#1208,#1209,#1210,#1211,
#1212,#1213,#1214,#1215),.UNSPECIFIED.,.F.,.F.,(4,3,3,4),(-0.0690252507148912,
-0.0274286077010518,-0.00116053739034836,0.),.UNSPECIFIED.);
#169=B_SPLINE_CURVE_WITH_KNOTS('',3,(#1217,#1218,#1219,#1220,#1221,#1222,
#1223,#1224),.UNSPECIFIED.,.F.,.F.,(4,2,2,4),(-0.0625000001821099,-0.0317106480016625,
-0.000460647910607515,0.),.UNSPECIFIED.);
#170=B_SPLINE_CURVE_WITH_KNOTS('',3,(#1226,#1227,#1228,#1229,#1230,#1231,
#1232,#1233,#1234,#1235,#1236,#1237,#1238,#1239,#1240,#1241),
 .UNSPECIFIED.,.F.,.F.,(4,3,3,3,3,4),(-0.159031033555606,-0.117366826758165,
-0.0792397910841242,-0.0325832697533419,-0.00132447266523463,0.),
 .UNSPECIFIED.);
#171=B_SPLINE_CURVE_WITH_KNOTS('',3,(#1245,#1246,#1247,#1248,#1249,#1250,
#1251,#1252,#1253,#1254,#1255,#1256,#1257,#1258,#1259,#1260),
 .UNSPECIFIED.,.F.,.F.,(4,3,3,3,3,4),(-0.151366375851732,-0.104007516235802,
-0.0781318178692169,-0.0364040194746356,-0.00116053739814746,0.),
 .UNSPECIFIED.);
#172=B_SPLINE_CURVE_WITH_KNOTS('',3,(#1262,#1263,#1264,#1265,#1266,#1267,
#1268,#1269),.UNSPECIFIED.,.F.,.F.,(4,2,2,4),(-0.0625000001821099,-0.0317106480016622,
-0.000460647910607292,0.),.UNSPECIFIED.);
#173=B_SPLINE_CURVE_WITH_KNOTS('',3,(#1271,#1272,#1273,#1274,#1275,#1276,
#1277,#1278,#1279,#1280,#1281,#1282,#1283,#1284,#1285,#1286),
 .UNSPECIFIED.,.F.,.F.,(4,3,3,3,3,4),(-0.159031036740531,-0.117284148920615,
-0.0792397921382917,-0.0325335745832787,-0.00132447267706394,0.),
 .UNSPECIFIED.);
#174=B_SPLINE_CURVE_WITH_KNOTS('',3,(#1290,#1291,#1292,#1293,#1294,#1295,
#1296,#1297,#1298,#1299,#1300,#1301,#1302,#1303,#1304,#1305),
 .UNSPECIFIED.,.F.,.F.,(4,3,3,3,3,4),(-0.15136637235988,-0.103831721899472,
-0.0781318160752828,-0.0361871767483236,-0.00116053738920273,0.),
 .UNSPECIFIED.);
#175=B_SPLINE_CURVE_WITH_KNOTS('',3,(#1307,#1308,#1309,#1310,#1311,#1312,
#1313,#1314),.UNSPECIFIED.,.F.,.F.,(4,2,2,4),(-0.0625000001821099,-0.0317106480016622,
-0.000460647910607292,0.),.UNSPECIFIED.);
#176=B_SPLINE_CURVE_WITH_KNOTS('',3,(#1316,#1317,#1318,#1319,#1320,#1321,
#1322,#1323,#1324,#1325,#1326,#1327,#1328,#1329,#1330,#1331),
 .UNSPECIFIED.,.F.,.F.,(4,3,3,3,3,4),(-0.159031027287499,-0.117283455768943,
-0.0792397874414964,-0.0325329138574788,-0.0013244726243645,0.),
 .UNSPECIFIED.);
#177=B_SPLINE_CURVE_WITH_KNOTS('',3,(#1335,#1336,#1337,#1338,#1339,#1340,
#1341,#1342,#1343,#1344,#1345,#1346,#1347,#1348,#1349,#1350),
 .UNSPECIFIED.,.F.,.F.,(4,3,3,3,3,4),(-0.151366374279199,-0.104006414713249,
-0.0781318170612767,-0.0364028193805724,-0.00116053739411893,-1.66078992626005E-9),
 .UNSPECIFIED.);
#178=B_SPLINE_CURVE_WITH_KNOTS('',3,(#1352,#1353,#1354,#1355,#1356,#1357,
#1358,#1359),.UNSPECIFIED.,.F.,.F.,(4,2,2,4),(-0.0625000001821099,-0.0317106480016622,
-0.000460647910607265,0.),.UNSPECIFIED.);
#179=B_SPLINE_CURVE_WITH_KNOTS('',3,(#1361,#1362,#1363,#1364,#1365,#1366,
#1367,#1368,#1369,#1370,#1371,#1372,#1373,#1374,#1375,#1376),
 .UNSPECIFIED.,.F.,.F.,(4,3,3,3,3,4),(-0.159031030967969,-0.117282450576462,
-0.0792397901546055,-0.0325319508923378,-0.00132447265480584,0.),
 .UNSPECIFIED.);
#180=B_SPLINE_CURVE_WITH_KNOTS('',3,(#1380,#1381,#1382,#1383,#1384,#1385,
#1386,#1387,#1388,#1389),.UNSPECIFIED.,.F.,.F.,(4,3,3,4),(-0.151366373420222,
-0.103616463264018,-0.0781318166199819,-0.0690252521593813),
 .UNSPECIFIED.);
#181=B_SPLINE_CURVE_WITH_KNOTS('',3,(#1393,#1394,#1395,#1396,#1397,#1398),
 .UNSPECIFIED.,.F.,.F.,(4,2,4),(-0.035450212021452,-0.0312500000910549,
0.),.UNSPECIFIED.);
#182=B_SPLINE_CURVE_WITH_KNOTS('',3,(#1400,#1401,#1402,#1403,#1404,#1405,
#1406,#1407,#1408,#1409,#1410,#1411,#1412),.UNSPECIFIED.,.F.,.F.,(4,3,3,
3,4),(-0.159021398545686,-0.117327537560114,-0.0778684602240754,-0.0311231958851326,
0.),.UNSPECIFIED.);
#183=B_SPLINE_CURVE_WITH_KNOTS('',3,(#1416,#1417,#1418,#1419,#1420,#1421,
#1422,#1423,#1424,#1425,#1426,#1427,#1428),.UNSPECIFIED.,.F.,.F.,(4,3,3,
3,4),(-0.151360824627986,-0.103880157372609,-0.0770204787692333,-0.0351551551279359,
0.),.UNSPECIFIED.);
#184=B_SPLINE_CURVE_WITH_KNOTS('',3,(#1430,#1431,#1432,#1433,#1434,#1435,
#1436,#1437),.UNSPECIFIED.,.F.,.F.,(4,2,2,4),(-0.0625000001821099,-0.0579685631479836,
-0.0312500000910549,0.),.UNSPECIFIED.);
#185=B_SPLINE_CURVE_WITH_KNOTS('',3,(#1439,#1440,#1441,#1442,#1443,#1444,
#1445,#1446,#1447,#1448,#1449,#1450,#1451),.UNSPECIFIED.,.F.,.F.,(4,3,3,
3,4),(-0.159021400668186,-0.117327955088483,-0.0778684602236969,-0.0311235353499682,
-3.13698206759026E-9),.UNSPECIFIED.);
#186=B_SPLINE_CURVE_WITH_KNOTS('',3,(#1455,#1456,#1457,#1458,#1459,#1460,
#1461,#1462,#1463,#1464,#1465,#1466,#1467),.UNSPECIFIED.,.F.,.F.,(4,3,3,
3,4),(-0.151360824628036,-0.104056843351387,-0.0770204787692271,-0.0353736018314912,
0.),.UNSPECIFIED.);
#187=B_SPLINE_CURVE_WITH_KNOTS('',3,(#1469,#1470,#1471,#1472,#1473,#1474,
#1475,#1476),.UNSPECIFIED.,.F.,.F.,(4,2,2,4),(-0.0625000001821099,-0.0560275693535432,
-0.0312500000910549,0.),.UNSPECIFIED.);
#188=B_SPLINE_CURVE_WITH_KNOTS('',3,(#1478,#1479,#1480,#1481,#1482,#1483,
#1484,#1485,#1486,#1487,#1488,#1489,#1490),.UNSPECIFIED.,.F.,.F.,(4,3,3,
3,4),(-0.159021400667857,-0.117328240435887,-0.0778684602236891,-0.0311237695150546,
0.),.UNSPECIFIED.);
#189=B_SPLINE_CURVE_WITH_KNOTS('',3,(#1494,#1495,#1496,#1497,#1498,#1499,
#1500,#1501,#1502,#1503,#1504,#1505,#1506),.UNSPECIFIED.,.F.,.F.,(4,3,3,
3,4),(-0.15136082462808,-0.104057331472607,-0.0770204787692244,-0.0353741551140235,
-1.02354349734802E-9),.UNSPECIFIED.);
#190=B_SPLINE_CURVE_WITH_KNOTS('',3,(#1508,#1509,#1510,#1511,#1512,#1513,
#1514,#1515),.UNSPECIFIED.,.F.,.F.,(4,2,2,4),(-0.0625000001821099,-0.0540865755591029,
-0.0312500000910549,0.),.UNSPECIFIED.);
#191=B_SPLINE_CURVE_WITH_KNOTS('',3,(#1517,#1518,#1519,#1520,#1521,#1522,
#1523,#1524,#1525,#1526,#1527,#1528,#1529),.UNSPECIFIED.,.F.,.F.,(4,3,3,
3,4),(-0.159021400668176,-0.117328448672867,-0.0778684602238638,-0.0311239406436959,
0.),.UNSPECIFIED.);
#192=B_SPLINE_CURVE_WITH_KNOTS('',3,(#1533,#1534,#1535,#1536,#1537,#1538,
#1539,#1540,#1541,#1542,#1543,#1544,#1545),.UNSPECIFIED.,.F.,.F.,(4,3,3,
3,4),(-0.151360824627685,-0.104010812806924,-0.0770204787691923,-0.0353244612748991,
0.),.UNSPECIFIED.);
#193=B_SPLINE_CURVE_WITH_KNOTS('',3,(#1546,#1547,#1548,#1549,#1550,#1551),
 .UNSPECIFIED.,.F.,.F.,(4,2,4),(-0.0625000001821101,-0.0521455817646623,
-0.035450212021455),.UNSPECIFIED.);
#194=B_SPLINE_CURVE_WITH_KNOTS('',3,(#1577,#1578,#1579,#1580),
 .UNSPECIFIED.,.F.,.F.,(4,4),(17.4634753179342,17.7559036726625),
 .UNSPECIFIED.);
#195=B_SPLINE_CURVE_WITH_KNOTS('',3,(#1582,#1583,#1584,#1585,#1586,#1587,
#1588,#1589,#1590,#1591,#1592,#1593,#1594),.UNSPECIFIED.,.F.,.F.,(4,3,3,
3,4),(-0.159021400669243,-0.117328533028464,-0.0778684602243769,-0.0311240099868102,
0.),.UNSPECIFIED.);
#196=B_SPLINE_CURVE_WITH_KNOTS('',3,(#1595,#1596,#1597,#1598,#1599,#1600),
 .UNSPECIFIED.,.F.,.F.,(4,1,1,4),(1.25670021225206,1.29187979222649,1.31533284554277,
1.33878589885905),.UNSPECIFIED.);
#197=B_SPLINE_CURVE_WITH_KNOTS('',3,(#1605,#1606,#1607,#1608,#1609,#1610,
#1611,#1612,#1613,#1614),.UNSPECIFIED.,.F.,.F.,(4,3,3,4),(-0.0705689533725244,
-0.0235970337803535,-0.0013244726218531,0.),.UNSPECIFIED.);
#198=B_SPLINE_CURVE_WITH_KNOTS('',3,(#1618,#1619,#1620,#1621,#1622,#1623,
#1624,#1625,#1626,#1627,#1628,#1629,#1630,#1631,#1632,#1633),
 .UNSPECIFIED.,.F.,.F.,(4,3,3,3,3,4),(-0.151366373675968,-0.103832949414158,
-0.0781318167513966,-0.0361883892721195,-0.00116053739257293,0.),
 .UNSPECIFIED.);
#199=B_SPLINE_CURVE_WITH_KNOTS('',3,(#1635,#1636,#1637,#1638,#1639,#1640,
#1641,#1642,#1643,#1644),.UNSPECIFIED.,.F.,.F.,(4,2,2,2,4),(-0.06250000018211,
-0.0472438962025562,-0.0317106480016621,-0.000460647910607292,0.),
 .UNSPECIFIED.);
#200=B_SPLINE_CURVE_WITH_KNOTS('',3,(#1646,#1647,#1648,#1649,#1650,#1651,
#1652,#1653,#1654,#1655,#1656,#1657,#1658,#1659,#1660,#1661),
 .UNSPECIFIED.,.F.,.F.,(4,3,3,3,3,4),(-0.159031033756057,-0.117284413790048,
-0.0792397906557537,-0.0325338306099872,-0.0013244726604247,-1.79821046501874E-9),
 .UNSPECIFIED.);
#201=B_SPLINE_CURVE_WITH_KNOTS('',3,(#1665,#1666,#1667,#1668,#1669,#1670,
#1671,#1672,#1673,#1674,#1675,#1676,#1677,#1678,#1679,#1680),
 .UNSPECIFIED.,.F.,.F.,(4,3,3,3,3,4),(-0.151366376102066,-0.103832195775005,
-0.0781318179976172,-0.0361876435758315,-0.00116053739878727,0.),
 .UNSPECIFIED.);
#202=B_SPLINE_CURVE_WITH_KNOTS('',3,(#1682,#1683,#1684,#1685,#1686,#1687,
#1688,#1689,#1690,#1691),.UNSPECIFIED.,.F.,.F.,(4,2,2,2,4),(-0.0625000001821099,
-0.0491848899969964,-0.0317106480016622,-0.000460647910607292,0.),
 .UNSPECIFIED.);
#203=B_SPLINE_CURVE_WITH_KNOTS('',3,(#1693,#1694,#1695,#1696,#1697,#1698,
#1699,#1700,#1701,#1702,#1703,#1704,#1705,#1706,#1707,#1708),
 .UNSPECIFIED.,.F.,.F.,(4,3,3,3,3,4),(-0.159031030771602,-0.117283831166174,
-0.0792397891726944,-0.0325332723918724,-0.00132447264378767,0.),
 .UNSPECIFIED.);
#204=B_SPLINE_CURVE_WITH_KNOTS('',3,(#1712,#1713,#1714,#1715,#1716,#1717,
#1718,#1719,#1720,#1721,#1722,#1723,#1724,#1725,#1726,#1727),
 .UNSPECIFIED.,.F.,.F.,(4,3,3,3,3,4),(-0.151366375162955,-0.103831167620441,
-0.0781318175152464,-0.0361866272712027,-0.0011605373963827,0.),
 .UNSPECIFIED.);
#205=B_SPLINE_CURVE_WITH_KNOTS('',3,(#1729,#1730,#1731,#1732,#1733,#1734,
#1735,#1736),.UNSPECIFIED.,.F.,.F.,(4,2,2,4),(-0.0625000001821099,-0.0317106480016622,
-0.000460647910607292,0.),.UNSPECIFIED.);
#206=B_SPLINE_CURVE_WITH_KNOTS('',3,(#1738,#1739,#1740,#1741,#1742,#1743,
#1744,#1745,#1746,#1747,#1748,#1749,#1750,#1751,#1752,#1753),
 .UNSPECIFIED.,.F.,.F.,(4,3,3,3,3,4),(-0.159031032363966,-0.117366068797618,
-0.0792397899639233,-0.0325826468192404,-0.00132447265266913,0.),
 .UNSPECIFIED.);
#207=B_SPLINE_CURVE_WITH_KNOTS('',3,(#1757,#1758,#1759,#1760,#1761,#1762,
#1763,#1764,#1765,#1766,#1767,#1768,#1769,#1770,#1771,#1772),
 .UNSPECIFIED.,.F.,.F.,(4,3,3,3,3,4),(-0.151366374067182,-0.103829688537687,
-0.0781318169523488,-0.0361851633455563,-0.00116053739357574,0.),
 .UNSPECIFIED.);
#208=B_SPLINE_CURVE_WITH_KNOTS('',3,(#1774,#1775,#1776,#1777,#1778,#1779,
#1780,#1781),.UNSPECIFIED.,.F.,.F.,(4,2,2,4),(-0.0625000001821099,-0.0317106480016622,
-0.000460647910607265,0.),.UNSPECIFIED.);
#209=B_SPLINE_CURVE_WITH_KNOTS('',3,(#1783,#1784,#1785,#1786,#1787,#1788,
#1789,#1790,#1791,#1792),.UNSPECIFIED.,.F.,.F.,(4,3,3,4),(-0.159031033096748,
-0.117301104290843,-0.0792397903280272,-0.0705689537169259),
 .UNSPECIFIED.);
#210=B_SPLINE_CURVE_WITH_KNOTS('',3,(#1798,#1799,#1800,#1801,#1802,#1803,
#1804,#1805,#1806,#1807,#1808,#1809,#1810),.UNSPECIFIED.,.F.,.F.,(4,3,3,
3,4),(-0.15136082462798,-0.104055639788532,-0.0770204787692368,-0.0353722696497518,
0.),.UNSPECIFIED.);
#211=B_SPLINE_CURVE_WITH_KNOTS('',3,(#1812,#1813,#1814,#1815,#1816,#1817,
#1818,#1819,#1820,#1821,#1822,#1823,#1824,#1825,#1826,#1827,#1828,#1829,
#1830,#1831,#1832,#1833,#1834,#1835,#1836,#1837,#1838,#1839,#1840,#1841,
#1842,#1843,#1844,#1845,#1846,#1847,#1848,#1849,#1850,#1851,#1852,#1853),
 .UNSPECIFIED.,.F.,.F.,(4,2,2,2,2,2,2,2,2,2,2,2,2,2,2,2,2,2,2,2,4),(-0.0625000001821099,
-0.0607444626578732,-0.0459972308986601,-0.0386236145432495,-0.034936805413936,
-0.033093398946061,-0.0321716919056734,-0.0317108307724692,-0.0314803849789659,
-0.0312500610156045,-0.0310196869087508,-0.0307893629531952,-0.0294866645675431,
-0.0147433318078418,-0.00737166495206121,-0.00368583057231103,-0.00184291147871443,
-0.000921448124459295,-0.000460708832307949,-0.000230323955303646,0.),
 .UNSPECIFIED.);
#212=B_SPLINE_CURVE_WITH_KNOTS('',3,(#1855,#1856,#1857,#1858,#1859,#1860,
#1861,#1862,#1863,#1864,#1865,#1866,#1867),.UNSPECIFIED.,.F.,.F.,(4,3,3,
3,4),(-0.159021399281779,-0.117245389112295,-0.0778684602237925,-0.0310739277552159,
0.),.UNSPECIFIED.);
#213=B_SPLINE_CURVE_WITH_KNOTS('',3,(#1871,#1872,#1873,#1874,#1875,#1876,
#1877,#1878,#1879,#1880,#1881,#1882,#1883),.UNSPECIFIED.,.F.,.F.,(4,3,3,
3,4),(-0.151360824627729,-0.104056521004818,-0.0770204787691549,-0.035373245220041,
0.),.UNSPECIFIED.);
#214=B_SPLINE_CURVE_WITH_KNOTS('',3,(#1885,#1886,#1887,#1888,#1889,#1890,
#1891,#1892,#1893,#1894,#1895,#1896,#1897,#1898,#1899,#1900,#1901,#1902,
#1903,#1904,#1905,#1906,#1907,#1908,#1909,#1910,#1911,#1912,#1913,#1914,
#1915,#1916,#1917,#1918,#1919,#1920,#1921,#1922,#1923,#1924,#1925,#1926),
 .UNSPECIFIED.,.F.,.F.,(4,2,2,2,2,2,2,2,2,2,2,2,2,2,2,2,2,2,2,2,4),(-0.0625000001821099,
-0.0607444626578732,-0.0459972308986601,-0.0386236145432495,-0.034936805413936,
-0.033093398946061,-0.0321716919056734,-0.0317108307724692,-0.0314803849789659,
-0.0312500610156045,-0.0310196869087508,-0.0307893629531952,-0.0294866645675422,
-0.0147433318078413,-0.00737166495206099,-0.00368583057231087,-0.0018429114787144,
-0.000921448124459268,-0.000460708832307866,-0.000230323955303646,0.),
 .UNSPECIFIED.);
#215=B_SPLINE_CURVE_WITH_KNOTS('',3,(#1928,#1929,#1930,#1931,#1932,#1933,
#1934,#1935,#1936,#1937,#1938,#1939,#1940),.UNSPECIFIED.,.F.,.F.,(4,3,3,
3,4),(-0.159021400668332,-0.117328109851191,-0.0778684602238377,-0.0311236622634892,
0.),.UNSPECIFIED.);
#216=B_SPLINE_CURVE_WITH_KNOTS('',3,(#1944,#1945,#1946,#1947,#1948,#1949,
#1950,#1951,#1952,#1953,#1954,#1955,#1956),.UNSPECIFIED.,.F.,.F.,(4,3,3,
3,4),(-0.15136082462747,-0.104057112748422,-0.0770204787691291,-0.0353738997599911,
0.),.UNSPECIFIED.);
#217=B_SPLINE_CURVE_WITH_KNOTS('',3,(#1958,#1959,#1960,#1961,#1962,#1963,
#1964,#1965,#1966,#1967,#1968,#1969,#1970,#1971,#1972,#1973,#1974,#1975,
#1976,#1977,#1978,#1979),.UNSPECIFIED.,.F.,.F.,(4,2,2,2,2,2,2,2,2,2,4),
(-0.0625000001821099,-0.0492100257142567,-0.0401245550590349,-0.0354738555408771,
-0.0329135162649316,-0.0309597773175403,-0.0197610306429854,-0.00978466882401896,
-0.00469876367316646,-0.00194629163981153,0.),.UNSPECIFIED.);
#218=B_SPLINE_CURVE_WITH_KNOTS('',3,(#1981,#1982,#1983,#1984,#1985,#1986,
#1987,#1988,#1989,#1990,#1991,#1992,#1993),.UNSPECIFIED.,.F.,.F.,(4,3,3,
3,4),(-0.159021400669479,-0.11724665340352,-0.077868460224476,-0.0310751409798009,
0.),.UNSPECIFIED.);
#219=B_SPLINE_CURVE_WITH_KNOTS('',3,(#1997,#1998,#1999,#2000,#2001,#2002,
#2003,#2004,#2005,#2006,#2007,#2008,#2009),.UNSPECIFIED.,.F.,.F.,(4,3,3,
3,4),(-0.151360824627859,-0.103882864201412,-0.0770204787691711,-0.0351578365152668,
0.),.UNSPECIFIED.);
#220=B_SPLINE_CURVE_WITH_KNOTS('',3,(#2010,#2011,#2012,#2013,#2014,#2015,
#2016,#2017,#2018,#2019,#2020,#2021,#2022,#2023,#2024,#2025,#2026,#2027),
 .UNSPECIFIED.,.F.,.F.,(4,2,2,2,2,2,2,2,4),(-0.0625000001821099,-0.0514436545622967,
-0.040972675434831,-0.0353342374529433,-0.0314422032665544,-0.0195427035807798,
-0.00938473721618593,-0.00388728543425154,0.),.UNSPECIFIED.);
#221=B_SPLINE_CURVE_WITH_KNOTS('',3,(#2049,#2050,#2051,#2052,#2053,#2054,
#2055),.UNSPECIFIED.,.F.,.F.,(4,3,4),(0.,0.420661959819764,0.689946340395237),
 .UNSPECIFIED.);
#222=B_SPLINE_CURVE_WITH_KNOTS('',3,(#2056,#2057,#2058,#2059,#2060,#2061,
#2062,#2063,#2064,#2065,#2066,#2067,#2068,#2069,#2070,#2071,#2072,#2073,
#2074,#2075,#2076,#2077,#2078,#2079,#2080,#2081,#2082,#2083,#2084,#2085,
#2086,#2087,#2088,#2089,#2090,#2091,#2092,#2093,#2094,#2095,#2096,#2097,
#2098,#2099,#2100,#2101,#2102,#2103,#2104,#2105,#2106,#2107,#2108,#2109,
#2110,#2111,#2112,#2113),.UNSPECIFIED.,.F.,.F.,(4,3,3,3,3,3,3,3,3,3,3,3,
3,3,3,3,3,3,3,4),(0.53605790014345,0.589549961981996,0.643723949901422,
0.698126873070014,0.73197810054307,0.74330898492598,0.751888251058566,0.807245174783733,
0.833531782962236,0.888540138346595,0.944073640066513,0.978362658909413,
0.99570342862793,1.00724453254157,1.01583993929901,1.07229321332919,1.1290004090628,
1.18536979846769,1.21838579080971,1.24437912607109),.UNSPECIFIED.);
#223=B_SPLINE_CURVE_WITH_KNOTS('',3,(#2138,#2139,#2140,#2141,#2142,#2143),
 .UNSPECIFIED.,.F.,.F.,(4,1,1,4),(0.162950212462445,0.198129792226486,0.221582845542767,
0.245035898859048),.UNSPECIFIED.);
#224=B_SPLINE_CURVE_WITH_KNOTS('',3,(#2144,#2145,#2146,#2147,#2148,#2149,
#2150,#2151,#2152,#2153),.UNSPECIFIED.,.F.,.F.,(4,3,3,4),(1.92709535927147,
2.33499091915947,2.66813938583137,2.90946071088874),.UNSPECIFIED.);
#225=B_SPLINE_CURVE_WITH_KNOTS('',3,(#2178,#2179,#2180,#2181,#2182,#2183,
#2184,#2185,#2186,#2187),.UNSPECIFIED.,.F.,.F.,(4,3,3,4),(4.14655186706122,
4.3878871316627,4.72105484038109,5.128973959204),.UNSPECIFIED.);
#226=B_SPLINE_CURVE_WITH_KNOTS('',3,(#2188,#2189,#2190,#2191,#2192,#2193),
 .UNSPECIFIED.,.F.,.F.,(4,1,1,4),(0.319200212389443,0.354379792226486,0.377832845542767,
0.401285898677411),.UNSPECIFIED.);
#227=B_SPLINE_CURVE_WITH_KNOTS('',3,(#2218,#2219,#2220,#2221,#2222,#2223),
 .UNSPECIFIED.,.F.,.F.,(4,1,1,4),(0.475450212252064,0.510629792226486,0.534082845542767,
0.557535898859049),.UNSPECIFIED.);
#228=B_SPLINE_CURVE_WITH_KNOTS('',3,(#2224,#2225,#2226,#2227,#2228,#2229,
#2230,#2231,#2232,#2233),.UNSPECIFIED.,.F.,.F.,(4,3,3,4),(6.36601841265515,
6.77395600785703,7.1071388045726,7.34848499724894),.UNSPECIFIED.);
#229=B_SPLINE_CURVE_WITH_KNOTS('',3,(#2258,#2259,#2260,#2261,#2262,#2263,
#2264,#2265,#2266,#2267),.UNSPECIFIED.,.F.,.F.,(4,3,3,4),(8.58549474474976,
8.99344537730398,9.32663882567371,9.56799273404305),.UNSPECIFIED.);
#230=B_SPLINE_CURVE_WITH_KNOTS('',3,(#2268,#2269,#2270,#2271,#2272,#2273),
 .UNSPECIFIED.,.F.,.F.,(4,1,1,4),(0.631700212252064,0.666879792226486,0.690332845542767,
0.713785898859049),.UNSPECIFIED.);
#231=B_SPLINE_CURVE_WITH_KNOTS('',3,(#2298,#2299,#2300,#2301,#2302,#2303),
 .UNSPECIFIED.,.F.,.F.,(4,1,1,4),(0.787950212252065,0.811403265568346,0.834856318884627,
0.870035898859049),.UNSPECIFIED.);
#232=B_SPLINE_CURVE_WITH_KNOTS('',3,(#2304,#2305,#2306,#2307,#2308,#2309,
#2310,#2311,#2312,#2313),.UNSPECIFIED.,.F.,.F.,(4,3,3,4),(10.8049797177975,
11.2129379767574,11.5461376539898,11.7874960743336),.UNSPECIFIED.);
#233=B_SPLINE_CURVE_WITH_KNOTS('',3,(#2338,#2339,#2340,#2341,#2342,#2343,
#2344,#2345,#2346,#2347),.UNSPECIFIED.,.F.,.F.,(4,3,3,4),(13.024472212586,
13.2658319467166,13.5990334376555,14.0069939172556),.UNSPECIFIED.);
#234=B_SPLINE_CURVE_WITH_KNOTS('',3,(#2348,#2349,#2350,#2351,#2352,#2353),
 .UNSPECIFIED.,.F.,.F.,(4,1,1,4),(0.944200212252065,0.979379792226487,1.00283284554277,
1.02628589885905),.UNSPECIFIED.);
#235=B_SPLINE_CURVE_WITH_KNOTS('',3,(#2378,#2379,#2380,#2381,#2382,#2383),
 .UNSPECIFIED.,.F.,.F.,(4,1,1,4),(1.10045021225206,1.12390326556835,1.14735631888463,
1.18253589885905),.UNSPECIFIED.);
#236=B_SPLINE_CURVE_WITH_KNOTS('',3,(#2384,#2385,#2386,#2387,#2388,#2389,
#2390,#2391,#2392,#2393),.UNSPECIFIED.,.F.,.F.,(4,3,3,4),(15.2439711147787,
15.6519284119842,15.9851273037041,16.2264851550497),.UNSPECIFIED.);
#237=B_SPLINE_CURVE_WITH_KNOTS('',3,(#2397,#2398,#2399,#2400,#2401,#2402,
#2403,#2404,#2405,#2406,#2407,#2408,#2409,#2410,#2411,#2412,#2413,#2414,
#2415,#2416,#2417,#2418,#2419,#2420,#2421,#2422,#2423,#2424,#2425,#2426,
#2427,#2428,#2429,#2430,#2431,#2432,#2433,#2434,#2435,#2436,#2437,#2438,
#2439,#2440,#2441,#2442,#2443,#2444,#2445,#2446,#2447,#2448,#2449,#2450,
#2451,#2452,#2453,#2454),.UNSPECIFIED.,.F.,.F.,(4,3,3,3,3,3,3,3,3,3,3,3,
3,3,3,3,3,3,3,4),(0.774193232878015,0.804299140482776,0.858218628707567,
0.912490249645804,0.968562948016781,1.02168092069381,1.05045595130279,1.05818013266064,
1.06492350834199,1.11773511560739,1.13678104312971,1.18990668592054,1.22052629619572,
1.23919027112183,1.24763346689709,1.25560215897107,1.30780748260822,1.35976198756269,
1.41080521604824,1.43486356812195),.UNSPECIFIED.);
#238=B_SPLINE_CURVE_WITH_KNOTS('',3,(#2455,#2456,#2457,#2458,#2459,#2460,
#2461,#2462,#2463,#2464,#2465,#2466,#2467,#2468,#2469,#2470,#2471,#2472,
#2473,#2474,#2475,#2476,#2477,#2478,#2479),.UNSPECIFIED.,.F.,.F.,(4,3,3,
3,3,3,3,3,4),(0.,0.0517032516579004,0.103923041815949,0.156182311524784,
0.20066954896528,0.234034977045652,0.243794741560666,0.29592632878191,0.334131261286767),
 .UNSPECIFIED.);
#239=B_SPLINE_CURVE_WITH_KNOTS('',3,(#2521,#2522,#2523,#2524,#2525),
 .UNSPECIFIED.,.F.,.F.,(4,1,4),(0.190000000412722,0.213586814032576,0.245035898859048),
 .UNSPECIFIED.);
#240=B_SPLINE_CURVE_WITH_KNOTS('',3,(#2550,#2551,#2552,#2553,#2554,#2555),
 .UNSPECIFIED.,.F.,.F.,(4,1,1,4),(0.319200212352913,0.354379792190345,0.377832845482533,
0.40128589877472),.UNSPECIFIED.);
#241=B_SPLINE_CURVE_WITH_KNOTS('',3,(#2580,#2581,#2582,#2583,#2584,#2585),
 .UNSPECIFIED.,.F.,.F.,(4,1,1,4),(0.475450212252064,0.498903265568346,0.522356318884627,
0.557535898859049),.UNSPECIFIED.);
#242=B_SPLINE_CURVE_WITH_KNOTS('',3,(#2610,#2611,#2612,#2613,#2614,#2615),
 .UNSPECIFIED.,.F.,.F.,(4,1,1,4),(0.631700212252064,0.666879792226486,0.690332845542767,
0.713785898859049),.UNSPECIFIED.);
#243=B_SPLINE_CURVE_WITH_KNOTS('',3,(#2640,#2641,#2642,#2643,#2644,#2645),
 .UNSPECIFIED.,.F.,.F.,(4,1,1,4),(0.787950212252065,0.823129792226486,0.846582845542768,
0.870035898859049),.UNSPECIFIED.);
#244=B_SPLINE_CURVE_WITH_KNOTS('',3,(#2670,#2671,#2672,#2673,#2674,#2675),
 .UNSPECIFIED.,.F.,.F.,(4,1,1,4),(0.944200212252065,0.979379792226487,1.00283284554277,
1.02628589885905),.UNSPECIFIED.);
#245=B_SPLINE_CURVE_WITH_KNOTS('',3,(#2700,#2701,#2702,#2703,#2704,#2705),
 .UNSPECIFIED.,.F.,.F.,(4,1,1,4),(1.10045021230333,1.13562979225578,1.15908284555742,
1.18253589885905),.UNSPECIFIED.);
#246=B_SPLINE_CURVE_WITH_KNOTS('',3,(#2730,#2731,#2732,#2733,#2734,#2735),
 .UNSPECIFIED.,.F.,.F.,(4,1,1,4),(1.25670021225206,1.28015326555396,1.30360631885585,
1.33878589880868),.UNSPECIFIED.);
#247=B_SPLINE_CURVE_WITH_KNOTS('',3,(#2752,#2753,#2754,#2755),
 .UNSPECIFIED.,.F.,.F.,(4,4),(1.41295021225207,1.43999529942198),
 .UNSPECIFIED.);
#248=B_SPLINE_CURVE_WITH_KNOTS('',3,(#2757,#2758,#2759,#2760,#2761,#2762,
#2763,#2764,#2765,#2766),.UNSPECIFIED.,.F.,.F.,(4,3,3,4),(140.469810868811,
140.711165476728,141.044359889313,141.452311702324),.UNSPECIFIED.);
#249=B_SPLINE_CURVE_WITH_KNOTS('',3,(#2768,#2769,#2770,#2771,#2772,#2773,
#2774,#2775,#2776,#2777),.UNSPECIFIED.,.F.,.F.,(4,3,3,4),(138.250308119541,
138.658266921509,138.991467042243,139.232825783845),.UNSPECIFIED.);
#250=B_SPLINE_CURVE_WITH_KNOTS('',3,(#2779,#2780,#2781,#2782,#2783,#2784,
#2785,#2786,#2787,#2788),.UNSPECIFIED.,.F.,.F.,(4,3,3,4),(136.030810997916,
136.272170676264,136.605372090194,137.013332475507),.UNSPECIFIED.);
#251=B_SPLINE_CURVE_WITH_KNOTS('',3,(#2790,#2791,#2792,#2793,#2794,#2795,
#2796,#2797,#2798,#2799),.UNSPECIFIED.,.F.,.F.,(4,3,3,4),(133.81132061259,
134.052678031044,134.38587632515,134.793832890657),.UNSPECIFIED.);
#252=B_SPLINE_CURVE_WITH_KNOTS('',3,(#2801,#2802,#2803,#2804,#2805,#2806,
#2807,#2808,#2809,#2810),.UNSPECIFIED.,.F.,.F.,(4,3,3,4),(131.591838080458,
131.833190039601,132.166380797028,132.574328134884),.UNSPECIFIED.);
#253=B_SPLINE_CURVE_WITH_KNOTS('',3,(#2812,#2813,#2814,#2815,#2816,#2817,
#2818,#2819,#2820,#2821),.UNSPECIFIED.,.F.,.F.,(4,3,3,4),(129.372364524398,
129.613707821304,129.946886615769,130.354819307254),.UNSPECIFIED.);
#254=B_SPLINE_CURVE_WITH_KNOTS('',3,(#2823,#2824,#2825,#2826,#2827,#2828,
#2829,#2830,#2831,#2832),.UNSPECIFIED.,.F.,.F.,(4,3,3,4),(127.1529010911,
127.560813698957,127.893976090096,128.135307501615),.UNSPECIFIED.);
#255=B_SPLINE_CURVE_WITH_KNOTS('',3,(#2834,#2835,#2836,#2837,#2838,#2839,
#2840,#2841,#2842,#2843),.UNSPECIFIED.,.F.,.F.,(4,3,3,4),(124.933445100283,
125.213762132278,125.531305036857,125.915793807947),.UNSPECIFIED.);
#256=CIRCLE('',#939,7.025);
#257=CIRCLE('',#944,7.025);
#258=CIRCLE('',#945,0.75);
#259=CIRCLE('',#946,0.75);
#260=CIRCLE('',#962,0.65);
#261=CIRCLE('',#967,0.65);
#262=LINE('',#1077,#302);
#263=LINE('',#1128,#303);
#264=LINE('',#1243,#304);
#265=LINE('',#1288,#305);
#266=LINE('',#1333,#306);
#267=LINE('',#1378,#307);
#268=LINE('',#1391,#308);
#269=LINE('',#1414,#309);
#270=LINE('',#1453,#310);
#271=LINE('',#1492,#311);
#272=LINE('',#1531,#312);
#273=LINE('',#1602,#313);
#274=LINE('',#1616,#314);
#275=LINE('',#1663,#315);
#276=LINE('',#1710,#316);
#277=LINE('',#1755,#317);
#278=LINE('',#1794,#318);
#279=LINE('',#1796,#319);
#280=LINE('',#1869,#320);
#281=LINE('',#1942,#321);
#282=LINE('',#1995,#322);
#283=LINE('',#2482,#323);
#284=LINE('',#2484,#324);
#285=LINE('',#2487,#325);
#286=LINE('',#2489,#326);
#287=LINE('',#2493,#327);
#288=LINE('',#2495,#328);
#289=LINE('',#2496,#329);
#290=LINE('',#3059,#330);
#291=LINE('',#3060,#331);
#292=LINE('',#3061,#332);
#293=LINE('',#3064,#333);
#294=LINE('',#3065,#334);
#295=LINE('',#3067,#335);
#296=LINE('',#3072,#336);
#297=LINE('',#3073,#337);
#298=LINE('',#3079,#338);
#299=LINE('',#3089,#339);
#300=LINE('',#3090,#340);
#301=LINE('',#3096,#341);
#302=VECTOR('',#973,10.);
#303=VECTOR('',#976,10.);
#304=VECTOR('',#979,10.);
#305=VECTOR('',#980,10.);
#306=VECTOR('',#981,10.);
#307=VECTOR('',#982,10.);
#308=VECTOR('',#983,10.);
#309=VECTOR('',#984,10.);
#310=VECTOR('',#985,10.);
#311=VECTOR('',#986,10.);
#312=VECTOR('',#987,10.);
#313=VECTOR('',#990,10.);
#314=VECTOR('',#993,10.);
#315=VECTOR('',#994,10.);
#316=VECTOR('',#995,10.);
#317=VECTOR('',#996,10.);
#318=VECTOR('',#997,10.);
#319=VECTOR('',#998,10.);
#320=VECTOR('',#999,10.);
#321=VECTOR('',#1000,10.);
#322=VECTOR('',#1001,10.);
#323=VECTOR('',#1006,10.);
#324=VECTOR('',#1007,10.);
#325=VECTOR('',#1010,10.);
#326=VECTOR('',#1011,10.);
#327=VECTOR('',#1014,10.);
#328=VECTOR('',#1015,10.);
#329=VECTOR('',#1016,10.);
#330=VECTOR('',#1035,10.);
#331=VECTOR('',#1036,10.);
#332=VECTOR('',#1037,10.);
#333=VECTOR('',#1040,10.);
#334=VECTOR('',#1041,10.);
#335=VECTOR('',#1044,10.);
#336=VECTOR('',#1049,10.);
#337=VECTOR('',#1050,10.);
#338=VECTOR('',#1053,10.);
#339=VECTOR('',#1062,10.);
#340=VECTOR('',#1063,10.);
#341=VECTOR('',#1066,10.);
#342=VERTEX_POINT('',#1075);
#343=VERTEX_POINT('',#1076);
#344=VERTEX_POINT('',#1078);
#345=VERTEX_POINT('',#1080);
#346=VERTEX_POINT('',#1127);
#347=VERTEX_POINT('',#1129);
#348=VERTEX_POINT('',#1205);
#349=VERTEX_POINT('',#1216);
#350=VERTEX_POINT('',#1225);
#351=VERTEX_POINT('',#1242);
#352=VERTEX_POINT('',#1244);
#353=VERTEX_POINT('',#1261);
#354=VERTEX_POINT('',#1270);
#355=VERTEX_POINT('',#1287);
#356=VERTEX_POINT('',#1289);
#357=VERTEX_POINT('',#1306);
#358=VERTEX_POINT('',#1315);
#359=VERTEX_POINT('',#1332);
#360=VERTEX_POINT('',#1334);
#361=VERTEX_POINT('',#1351);
#362=VERTEX_POINT('',#1360);
#363=VERTEX_POINT('',#1377);
#364=VERTEX_POINT('',#1379);
#365=VERTEX_POINT('',#1390);
#366=VERTEX_POINT('',#1392);
#367=VERTEX_POINT('',#1399);
#368=VERTEX_POINT('',#1413);
#369=VERTEX_POINT('',#1415);
#370=VERTEX_POINT('',#1429);
#371=VERTEX_POINT('',#1438);
#372=VERTEX_POINT('',#1452);
#373=VERTEX_POINT('',#1454);
#374=VERTEX_POINT('',#1468);
#375=VERTEX_POINT('',#1477);
#376=VERTEX_POINT('',#1491);
#377=VERTEX_POINT('',#1493);
#378=VERTEX_POINT('',#1507);
#379=VERTEX_POINT('',#1516);
#380=VERTEX_POINT('',#1530);
#381=VERTEX_POINT('',#1532);
#382=VERTEX_POINT('',#1576);
#383=VERTEX_POINT('',#1581);
#384=VERTEX_POINT('',#1604);
#385=VERTEX_POINT('',#1615);
#386=VERTEX_POINT('',#1617);
#387=VERTEX_POINT('',#1634);
#388=VERTEX_POINT('',#1645);
#389=VERTEX_POINT('',#1662);
#390=VERTEX_POINT('',#1664);
#391=VERTEX_POINT('',#1681);
#392=VERTEX_POINT('',#1692);
#393=VERTEX_POINT('',#1709);
#394=VERTEX_POINT('',#1711);
#395=VERTEX_POINT('',#1728);
#396=VERTEX_POINT('',#1737);
#397=VERTEX_POINT('',#1754);
#398=VERTEX_POINT('',#1756);
#399=VERTEX_POINT('',#1773);
#400=VERTEX_POINT('',#1782);
#401=VERTEX_POINT('',#1793);
#402=VERTEX_POINT('',#1795);
#403=VERTEX_POINT('',#1797);
#404=VERTEX_POINT('',#1811);
#405=VERTEX_POINT('',#1854);
#406=VERTEX_POINT('',#1868);
#407=VERTEX_POINT('',#1870);
#408=VERTEX_POINT('',#1884);
#409=VERTEX_POINT('',#1927);
#410=VERTEX_POINT('',#1941);
#411=VERTEX_POINT('',#1943);
#412=VERTEX_POINT('',#1957);
#413=VERTEX_POINT('',#1980);
#414=VERTEX_POINT('',#1994);
#415=VERTEX_POINT('',#1996);
#416=VERTEX_POINT('',#2048);
#417=VERTEX_POINT('',#2396);
#418=VERTEX_POINT('',#2480);
#419=VERTEX_POINT('',#2481);
#420=VERTEX_POINT('',#2483);
#421=VERTEX_POINT('',#2485);
#422=VERTEX_POINT('',#2488);
#423=VERTEX_POINT('',#2491);
#424=VERTEX_POINT('',#2492);
#425=VERTEX_POINT('',#2494);
#426=VERTEX_POINT('',#3057);
#427=VERTEX_POINT('',#3058);
#428=VERTEX_POINT('',#3063);
#429=VERTEX_POINT('',#3070);
#430=VERTEX_POINT('',#3071);
#431=VERTEX_POINT('',#3078);
#432=VERTEX_POINT('',#3087);
#433=VERTEX_POINT('',#3088);
#434=VERTEX_POINT('',#3095);
#435=EDGE_CURVE('',#342,#343,#262,.T.);
#436=EDGE_CURVE('',#344,#342,#256,.T.);
#437=EDGE_CURVE('',#345,#344,#165,.T.);
#438=EDGE_CURVE('',#346,#345,#263,.T.);
#439=EDGE_CURVE('',#347,#346,#166,.T.);
#440=EDGE_CURVE('',#343,#347,#167,.T.);
#441=EDGE_CURVE('',#345,#348,#168,.T.);
#442=EDGE_CURVE('',#348,#349,#169,.T.);
#443=EDGE_CURVE('',#349,#350,#170,.T.);
#444=EDGE_CURVE('',#350,#351,#264,.T.);
#445=EDGE_CURVE('',#351,#352,#171,.T.);
#446=EDGE_CURVE('',#352,#353,#172,.T.);
#447=EDGE_CURVE('',#353,#354,#173,.T.);
#448=EDGE_CURVE('',#354,#355,#265,.T.);
#449=EDGE_CURVE('',#355,#356,#174,.T.);
#450=EDGE_CURVE('',#356,#357,#175,.T.);
#451=EDGE_CURVE('',#357,#358,#176,.T.);
#452=EDGE_CURVE('',#358,#359,#266,.T.);
#453=EDGE_CURVE('',#359,#360,#177,.T.);
#454=EDGE_CURVE('',#360,#361,#178,.T.);
#455=EDGE_CURVE('',#361,#362,#179,.T.);
#456=EDGE_CURVE('',#362,#363,#267,.T.);
#457=EDGE_CURVE('',#363,#364,#180,.T.);
#458=EDGE_CURVE('',#364,#365,#268,.T.);
#459=EDGE_CURVE('',#365,#366,#181,.T.);
#460=EDGE_CURVE('',#366,#367,#182,.T.);
#461=EDGE_CURVE('',#367,#368,#269,.T.);
#462=EDGE_CURVE('',#368,#369,#183,.T.);
#463=EDGE_CURVE('',#369,#370,#184,.T.);
#464=EDGE_CURVE('',#370,#371,#185,.T.);
#465=EDGE_CURVE('',#371,#372,#270,.T.);
#466=EDGE_CURVE('',#372,#373,#186,.T.);
#467=EDGE_CURVE('',#373,#374,#187,.T.);
#468=EDGE_CURVE('',#374,#375,#188,.T.);
#469=EDGE_CURVE('',#375,#376,#271,.T.);
#470=EDGE_CURVE('',#376,#377,#189,.T.);
#471=EDGE_CURVE('',#377,#378,#190,.T.);
#472=EDGE_CURVE('',#378,#379,#191,.T.);
#473=EDGE_CURVE('',#379,#380,#272,.T.);
#474=EDGE_CURVE('',#380,#381,#192,.T.);
#475=EDGE_CURVE('',#381,#346,#193,.T.);
#476=EDGE_CURVE('',#382,#344,#194,.T.);
#477=EDGE_CURVE('',#383,#382,#195,.T.);
#478=EDGE_CURVE('',#383,#348,#196,.T.);
#479=EDGE_CURVE('',#382,#342,#273,.T.);
#480=EDGE_CURVE('',#343,#384,#197,.T.);
#481=EDGE_CURVE('',#384,#385,#274,.T.);
#482=EDGE_CURVE('',#385,#386,#198,.T.);
#483=EDGE_CURVE('',#386,#387,#199,.T.);
#484=EDGE_CURVE('',#387,#388,#200,.T.);
#485=EDGE_CURVE('',#388,#389,#275,.T.);
#486=EDGE_CURVE('',#389,#390,#201,.T.);
#487=EDGE_CURVE('',#390,#391,#202,.T.);
#488=EDGE_CURVE('',#391,#392,#203,.T.);
#489=EDGE_CURVE('',#392,#393,#276,.T.);
#490=EDGE_CURVE('',#393,#394,#204,.T.);
#491=EDGE_CURVE('',#394,#395,#205,.T.);
#492=EDGE_CURVE('',#395,#396,#206,.T.);
#493=EDGE_CURVE('',#396,#397,#277,.T.);
#494=EDGE_CURVE('',#397,#398,#207,.T.);
#495=EDGE_CURVE('',#398,#399,#208,.T.);
#496=EDGE_CURVE('',#399,#400,#209,.T.);
#497=EDGE_CURVE('',#400,#401,#278,.T.);
#498=EDGE_CURVE('',#401,#402,#279,.T.);
#499=EDGE_CURVE('',#402,#403,#210,.T.);
#500=EDGE_CURVE('',#403,#404,#211,.T.);
#501=EDGE_CURVE('',#404,#405,#212,.T.);
#502=EDGE_CURVE('',#405,#406,#280,.T.);
#503=EDGE_CURVE('',#406,#407,#213,.T.);
#504=EDGE_CURVE('',#407,#408,#214,.T.);
#505=EDGE_CURVE('',#408,#409,#215,.T.);
#506=EDGE_CURVE('',#409,#410,#281,.T.);
#507=EDGE_CURVE('',#410,#411,#216,.T.);
#508=EDGE_CURVE('',#411,#412,#217,.T.);
#509=EDGE_CURVE('',#412,#413,#218,.T.);
#510=EDGE_CURVE('',#413,#414,#282,.T.);
#511=EDGE_CURVE('',#414,#415,#219,.T.);
#512=EDGE_CURVE('',#415,#383,#220,.T.);
#513=EDGE_CURVE('',#416,#363,#221,.T.);
#514=EDGE_CURVE('',#364,#416,#222,.T.);
#515=EDGE_CURVE('',#366,#398,#223,.T.);
#516=EDGE_CURVE('',#367,#397,#224,.T.);
#517=EDGE_CURVE('',#405,#359,#225,.T.);
#518=EDGE_CURVE('',#404,#360,#226,.T.);
#519=EDGE_CURVE('',#370,#394,#227,.T.);
#520=EDGE_CURVE('',#371,#393,#228,.T.);
#521=EDGE_CURVE('',#409,#355,#229,.T.);
#522=EDGE_CURVE('',#408,#356,#230,.T.);
#523=EDGE_CURVE('',#374,#390,#231,.T.);
#524=EDGE_CURVE('',#375,#389,#232,.T.);
#525=EDGE_CURVE('',#413,#351,#233,.T.);
#526=EDGE_CURVE('',#412,#352,#234,.T.);
#527=EDGE_CURVE('',#378,#386,#235,.T.);
#528=EDGE_CURVE('',#379,#385,#236,.T.);
#529=EDGE_CURVE('',#401,#416,#257,.T.);
#530=EDGE_CURVE('',#400,#417,#237,.T.);
#531=EDGE_CURVE('',#417,#365,#238,.T.);
#532=EDGE_CURVE('',#418,#419,#283,.T.);
#533=EDGE_CURVE('',#419,#420,#284,.T.);
#534=EDGE_CURVE('',#420,#421,#258,.T.);
#535=EDGE_CURVE('',#421,#419,#285,.T.);
#536=EDGE_CURVE('',#419,#422,#286,.T.);
#537=EDGE_CURVE('',#422,#418,#259,.T.);
#538=EDGE_CURVE('',#423,#424,#287,.T.);
#539=EDGE_CURVE('',#424,#425,#288,.T.);
#540=EDGE_CURVE('',#425,#423,#289,.T.);
#541=EDGE_CURVE('',#417,#399,#239,.T.);
#542=EDGE_CURVE('',#403,#361,#240,.T.);
#543=EDGE_CURVE('',#369,#395,#241,.T.);
#544=EDGE_CURVE('',#407,#357,#242,.T.);
#545=EDGE_CURVE('',#373,#391,#243,.T.);
#546=EDGE_CURVE('',#411,#353,#244,.T.);
#547=EDGE_CURVE('',#377,#387,#245,.T.);
#548=EDGE_CURVE('',#415,#349,#246,.T.);
#549=EDGE_CURVE('',#381,#347,#247,.T.);
#550=EDGE_CURVE('',#362,#402,#248,.T.);
#551=EDGE_CURVE('',#396,#368,#249,.T.);
#552=EDGE_CURVE('',#358,#406,#250,.T.);
#553=EDGE_CURVE('',#392,#372,#251,.T.);
#554=EDGE_CURVE('',#354,#410,#252,.T.);
#555=EDGE_CURVE('',#388,#376,#253,.T.);
#556=EDGE_CURVE('',#350,#414,#254,.T.);
#557=EDGE_CURVE('',#384,#380,#255,.T.);
#558=EDGE_CURVE('',#426,#427,#290,.T.);
#559=EDGE_CURVE('',#424,#427,#291,.T.);
#560=EDGE_CURVE('',#423,#426,#292,.T.);
#561=EDGE_CURVE('',#427,#428,#293,.T.);
#562=EDGE_CURVE('',#425,#428,#294,.T.);
#563=EDGE_CURVE('',#428,#426,#295,.T.);
#564=EDGE_CURVE('',#429,#430,#296,.T.);
#565=EDGE_CURVE('',#419,#430,#297,.T.);
#566=EDGE_CURVE('',#418,#429,#17,.T.);
#567=EDGE_CURVE('',#430,#431,#298,.T.);
#568=EDGE_CURVE('',#422,#431,#18,.T.);
#569=EDGE_CURVE('',#431,#429,#260,.T.);
#570=EDGE_CURVE('',#432,#433,#299,.T.);
#571=EDGE_CURVE('',#419,#433,#300,.T.);
#572=EDGE_CURVE('',#421,#432,#19,.T.);
#573=EDGE_CURVE('',#433,#434,#301,.T.);
#574=EDGE_CURVE('',#420,#434,#20,.T.);
#575=EDGE_CURVE('',#434,#432,#261,.T.);
#576=ORIENTED_EDGE('',*,*,#435,.F.);
#577=ORIENTED_EDGE('',*,*,#436,.F.);
#578=ORIENTED_EDGE('',*,*,#437,.F.);
#579=ORIENTED_EDGE('',*,*,#438,.F.);
#580=ORIENTED_EDGE('',*,*,#439,.F.);
#581=ORIENTED_EDGE('',*,*,#440,.F.);
#582=ORIENTED_EDGE('',*,*,#438,.T.);
#583=ORIENTED_EDGE('',*,*,#441,.T.);
#584=ORIENTED_EDGE('',*,*,#442,.T.);
#585=ORIENTED_EDGE('',*,*,#443,.T.);
#586=ORIENTED_EDGE('',*,*,#444,.T.);
#587=ORIENTED_EDGE('',*,*,#445,.T.);
#588=ORIENTED_EDGE('',*,*,#446,.T.);
#589=ORIENTED_EDGE('',*,*,#447,.T.);
#590=ORIENTED_EDGE('',*,*,#448,.T.);
#591=ORIENTED_EDGE('',*,*,#449,.T.);
#592=ORIENTED_EDGE('',*,*,#450,.T.);
#593=ORIENTED_EDGE('',*,*,#451,.T.);
#594=ORIENTED_EDGE('',*,*,#452,.T.);
#595=ORIENTED_EDGE('',*,*,#453,.T.);
#596=ORIENTED_EDGE('',*,*,#454,.T.);
#597=ORIENTED_EDGE('',*,*,#455,.T.);
#598=ORIENTED_EDGE('',*,*,#456,.T.);
#599=ORIENTED_EDGE('',*,*,#457,.T.);
#600=ORIENTED_EDGE('',*,*,#458,.T.);
#601=ORIENTED_EDGE('',*,*,#459,.T.);
#602=ORIENTED_EDGE('',*,*,#460,.T.);
#603=ORIENTED_EDGE('',*,*,#461,.T.);
#604=ORIENTED_EDGE('',*,*,#462,.T.);
#605=ORIENTED_EDGE('',*,*,#463,.T.);
#606=ORIENTED_EDGE('',*,*,#464,.T.);
#607=ORIENTED_EDGE('',*,*,#465,.T.);
#608=ORIENTED_EDGE('',*,*,#466,.T.);
#609=ORIENTED_EDGE('',*,*,#467,.T.);
#610=ORIENTED_EDGE('',*,*,#468,.T.);
#611=ORIENTED_EDGE('',*,*,#469,.T.);
#612=ORIENTED_EDGE('',*,*,#470,.T.);
#613=ORIENTED_EDGE('',*,*,#471,.T.);
#614=ORIENTED_EDGE('',*,*,#472,.T.);
#615=ORIENTED_EDGE('',*,*,#473,.T.);
#616=ORIENTED_EDGE('',*,*,#474,.T.);
#617=ORIENTED_EDGE('',*,*,#475,.T.);
#618=ORIENTED_EDGE('',*,*,#437,.T.);
#619=ORIENTED_EDGE('',*,*,#476,.F.);
#620=ORIENTED_EDGE('',*,*,#477,.F.);
#621=ORIENTED_EDGE('',*,*,#478,.T.);
#622=ORIENTED_EDGE('',*,*,#441,.F.);
#623=ORIENTED_EDGE('',*,*,#436,.T.);
#624=ORIENTED_EDGE('',*,*,#479,.F.);
#625=ORIENTED_EDGE('',*,*,#476,.T.);
#626=ORIENTED_EDGE('',*,*,#435,.T.);
#627=ORIENTED_EDGE('',*,*,#480,.T.);
#628=ORIENTED_EDGE('',*,*,#481,.T.);
#629=ORIENTED_EDGE('',*,*,#482,.T.);
#630=ORIENTED_EDGE('',*,*,#483,.T.);
#631=ORIENTED_EDGE('',*,*,#484,.T.);
#632=ORIENTED_EDGE('',*,*,#485,.T.);
#633=ORIENTED_EDGE('',*,*,#486,.T.);
#634=ORIENTED_EDGE('',*,*,#487,.T.);
#635=ORIENTED_EDGE('',*,*,#488,.T.);
#636=ORIENTED_EDGE('',*,*,#489,.T.);
#637=ORIENTED_EDGE('',*,*,#490,.T.);
#638=ORIENTED_EDGE('',*,*,#491,.T.);
#639=ORIENTED_EDGE('',*,*,#492,.T.);
#640=ORIENTED_EDGE('',*,*,#493,.T.);
#641=ORIENTED_EDGE('',*,*,#494,.T.);
#642=ORIENTED_EDGE('',*,*,#495,.T.);
#643=ORIENTED_EDGE('',*,*,#496,.T.);
#644=ORIENTED_EDGE('',*,*,#497,.T.);
#645=ORIENTED_EDGE('',*,*,#498,.T.);
#646=ORIENTED_EDGE('',*,*,#499,.T.);
#647=ORIENTED_EDGE('',*,*,#500,.T.);
#648=ORIENTED_EDGE('',*,*,#501,.T.);
#649=ORIENTED_EDGE('',*,*,#502,.T.);
#650=ORIENTED_EDGE('',*,*,#503,.T.);
#651=ORIENTED_EDGE('',*,*,#504,.T.);
#652=ORIENTED_EDGE('',*,*,#505,.T.);
#653=ORIENTED_EDGE('',*,*,#506,.T.);
#654=ORIENTED_EDGE('',*,*,#507,.T.);
#655=ORIENTED_EDGE('',*,*,#508,.T.);
#656=ORIENTED_EDGE('',*,*,#509,.T.);
#657=ORIENTED_EDGE('',*,*,#510,.T.);
#658=ORIENTED_EDGE('',*,*,#511,.T.);
#659=ORIENTED_EDGE('',*,*,#512,.T.);
#660=ORIENTED_EDGE('',*,*,#477,.T.);
#661=ORIENTED_EDGE('',*,*,#479,.T.);
#662=ORIENTED_EDGE('',*,*,#457,.F.);
#663=ORIENTED_EDGE('',*,*,#513,.F.);
#664=ORIENTED_EDGE('',*,*,#514,.F.);
#665=ORIENTED_EDGE('',*,*,#460,.F.);
#666=ORIENTED_EDGE('',*,*,#515,.T.);
#667=ORIENTED_EDGE('',*,*,#494,.F.);
#668=ORIENTED_EDGE('',*,*,#516,.F.);
#669=ORIENTED_EDGE('',*,*,#453,.F.);
#670=ORIENTED_EDGE('',*,*,#517,.F.);
#671=ORIENTED_EDGE('',*,*,#501,.F.);
#672=ORIENTED_EDGE('',*,*,#518,.T.);
#673=ORIENTED_EDGE('',*,*,#464,.F.);
#674=ORIENTED_EDGE('',*,*,#519,.T.);
#675=ORIENTED_EDGE('',*,*,#490,.F.);
#676=ORIENTED_EDGE('',*,*,#520,.F.);
#677=ORIENTED_EDGE('',*,*,#449,.F.);
#678=ORIENTED_EDGE('',*,*,#521,.F.);
#679=ORIENTED_EDGE('',*,*,#505,.F.);
#680=ORIENTED_EDGE('',*,*,#522,.T.);
#681=ORIENTED_EDGE('',*,*,#468,.F.);
#682=ORIENTED_EDGE('',*,*,#523,.T.);
#683=ORIENTED_EDGE('',*,*,#486,.F.);
#684=ORIENTED_EDGE('',*,*,#524,.F.);
#685=ORIENTED_EDGE('',*,*,#445,.F.);
#686=ORIENTED_EDGE('',*,*,#525,.F.);
#687=ORIENTED_EDGE('',*,*,#509,.F.);
#688=ORIENTED_EDGE('',*,*,#526,.T.);
#689=ORIENTED_EDGE('',*,*,#472,.F.);
#690=ORIENTED_EDGE('',*,*,#527,.T.);
#691=ORIENTED_EDGE('',*,*,#482,.F.);
#692=ORIENTED_EDGE('',*,*,#528,.F.);
#693=ORIENTED_EDGE('',*,*,#458,.F.);
#694=ORIENTED_EDGE('',*,*,#514,.T.);
#695=ORIENTED_EDGE('',*,*,#529,.F.);
#696=ORIENTED_EDGE('',*,*,#497,.F.);
#697=ORIENTED_EDGE('',*,*,#530,.T.);
#698=ORIENTED_EDGE('',*,*,#531,.T.);
#699=ORIENTED_EDGE('',*,*,#532,.T.);
#700=ORIENTED_EDGE('',*,*,#533,.T.);
#701=ORIENTED_EDGE('',*,*,#534,.T.);
#702=ORIENTED_EDGE('',*,*,#535,.T.);
#703=ORIENTED_EDGE('',*,*,#536,.T.);
#704=ORIENTED_EDGE('',*,*,#537,.T.);
#705=ORIENTED_EDGE('',*,*,#538,.T.);
#706=ORIENTED_EDGE('',*,*,#539,.T.);
#707=ORIENTED_EDGE('',*,*,#540,.T.);
#708=ORIENTED_EDGE('',*,*,#459,.F.);
#709=ORIENTED_EDGE('',*,*,#531,.F.);
#710=ORIENTED_EDGE('',*,*,#541,.T.);
#711=ORIENTED_EDGE('',*,*,#495,.F.);
#712=ORIENTED_EDGE('',*,*,#515,.F.);
#713=ORIENTED_EDGE('',*,*,#454,.F.);
#714=ORIENTED_EDGE('',*,*,#518,.F.);
#715=ORIENTED_EDGE('',*,*,#500,.F.);
#716=ORIENTED_EDGE('',*,*,#542,.T.);
#717=ORIENTED_EDGE('',*,*,#463,.F.);
#718=ORIENTED_EDGE('',*,*,#543,.T.);
#719=ORIENTED_EDGE('',*,*,#491,.F.);
#720=ORIENTED_EDGE('',*,*,#519,.F.);
#721=ORIENTED_EDGE('',*,*,#450,.F.);
#722=ORIENTED_EDGE('',*,*,#522,.F.);
#723=ORIENTED_EDGE('',*,*,#504,.F.);
#724=ORIENTED_EDGE('',*,*,#544,.T.);
#725=ORIENTED_EDGE('',*,*,#467,.F.);
#726=ORIENTED_EDGE('',*,*,#545,.T.);
#727=ORIENTED_EDGE('',*,*,#487,.F.);
#728=ORIENTED_EDGE('',*,*,#523,.F.);
#729=ORIENTED_EDGE('',*,*,#446,.F.);
#730=ORIENTED_EDGE('',*,*,#526,.F.);
#731=ORIENTED_EDGE('',*,*,#508,.F.);
#732=ORIENTED_EDGE('',*,*,#546,.T.);
#733=ORIENTED_EDGE('',*,*,#471,.F.);
#734=ORIENTED_EDGE('',*,*,#547,.T.);
#735=ORIENTED_EDGE('',*,*,#483,.F.);
#736=ORIENTED_EDGE('',*,*,#527,.F.);
#737=ORIENTED_EDGE('',*,*,#442,.F.);
#738=ORIENTED_EDGE('',*,*,#478,.F.);
#739=ORIENTED_EDGE('',*,*,#512,.F.);
#740=ORIENTED_EDGE('',*,*,#548,.T.);
#741=ORIENTED_EDGE('',*,*,#439,.T.);
#742=ORIENTED_EDGE('',*,*,#475,.F.);
#743=ORIENTED_EDGE('',*,*,#549,.T.);
#744=ORIENTED_EDGE('',*,*,#456,.F.);
#745=ORIENTED_EDGE('',*,*,#550,.T.);
#746=ORIENTED_EDGE('',*,*,#498,.F.);
#747=ORIENTED_EDGE('',*,*,#529,.T.);
#748=ORIENTED_EDGE('',*,*,#513,.T.);
#749=ORIENTED_EDGE('',*,*,#461,.F.);
#750=ORIENTED_EDGE('',*,*,#516,.T.);
#751=ORIENTED_EDGE('',*,*,#493,.F.);
#752=ORIENTED_EDGE('',*,*,#551,.T.);
#753=ORIENTED_EDGE('',*,*,#452,.F.);
#754=ORIENTED_EDGE('',*,*,#552,.T.);
#755=ORIENTED_EDGE('',*,*,#502,.F.);
#756=ORIENTED_EDGE('',*,*,#517,.T.);
#757=ORIENTED_EDGE('',*,*,#465,.F.);
#758=ORIENTED_EDGE('',*,*,#520,.T.);
#759=ORIENTED_EDGE('',*,*,#489,.F.);
#760=ORIENTED_EDGE('',*,*,#553,.T.);
#761=ORIENTED_EDGE('',*,*,#448,.F.);
#762=ORIENTED_EDGE('',*,*,#554,.T.);
#763=ORIENTED_EDGE('',*,*,#506,.F.);
#764=ORIENTED_EDGE('',*,*,#521,.T.);
#765=ORIENTED_EDGE('',*,*,#469,.F.);
#766=ORIENTED_EDGE('',*,*,#524,.T.);
#767=ORIENTED_EDGE('',*,*,#485,.F.);
#768=ORIENTED_EDGE('',*,*,#555,.T.);
#769=ORIENTED_EDGE('',*,*,#444,.F.);
#770=ORIENTED_EDGE('',*,*,#556,.T.);
#771=ORIENTED_EDGE('',*,*,#510,.F.);
#772=ORIENTED_EDGE('',*,*,#525,.T.);
#773=ORIENTED_EDGE('',*,*,#473,.F.);
#774=ORIENTED_EDGE('',*,*,#528,.T.);
#775=ORIENTED_EDGE('',*,*,#481,.F.);
#776=ORIENTED_EDGE('',*,*,#557,.T.);
#777=ORIENTED_EDGE('',*,*,#496,.F.);
#778=ORIENTED_EDGE('',*,*,#541,.F.);
#779=ORIENTED_EDGE('',*,*,#530,.F.);
#780=ORIENTED_EDGE('',*,*,#455,.F.);
#781=ORIENTED_EDGE('',*,*,#542,.F.);
#782=ORIENTED_EDGE('',*,*,#499,.F.);
#783=ORIENTED_EDGE('',*,*,#550,.F.);
#784=ORIENTED_EDGE('',*,*,#462,.F.);
#785=ORIENTED_EDGE('',*,*,#551,.F.);
#786=ORIENTED_EDGE('',*,*,#492,.F.);
#787=ORIENTED_EDGE('',*,*,#543,.F.);
#788=ORIENTED_EDGE('',*,*,#451,.F.);
#789=ORIENTED_EDGE('',*,*,#544,.F.);
#790=ORIENTED_EDGE('',*,*,#503,.F.);
#791=ORIENTED_EDGE('',*,*,#552,.F.);
#792=ORIENTED_EDGE('',*,*,#466,.F.);
#793=ORIENTED_EDGE('',*,*,#553,.F.);
#794=ORIENTED_EDGE('',*,*,#488,.F.);
#795=ORIENTED_EDGE('',*,*,#545,.F.);
#796=ORIENTED_EDGE('',*,*,#447,.F.);
#797=ORIENTED_EDGE('',*,*,#546,.F.);
#798=ORIENTED_EDGE('',*,*,#507,.F.);
#799=ORIENTED_EDGE('',*,*,#554,.F.);
#800=ORIENTED_EDGE('',*,*,#470,.F.);
#801=ORIENTED_EDGE('',*,*,#555,.F.);
#802=ORIENTED_EDGE('',*,*,#484,.F.);
#803=ORIENTED_EDGE('',*,*,#547,.F.);
#804=ORIENTED_EDGE('',*,*,#443,.F.);
#805=ORIENTED_EDGE('',*,*,#548,.F.);
#806=ORIENTED_EDGE('',*,*,#511,.F.);
#807=ORIENTED_EDGE('',*,*,#556,.F.);
#808=ORIENTED_EDGE('',*,*,#440,.T.);
#809=ORIENTED_EDGE('',*,*,#549,.F.);
#810=ORIENTED_EDGE('',*,*,#474,.F.);
#811=ORIENTED_EDGE('',*,*,#557,.F.);
#812=ORIENTED_EDGE('',*,*,#480,.F.);
#813=ORIENTED_EDGE('',*,*,#558,.T.);
#814=ORIENTED_EDGE('',*,*,#559,.F.);
#815=ORIENTED_EDGE('',*,*,#538,.F.);
#816=ORIENTED_EDGE('',*,*,#560,.T.);
#817=ORIENTED_EDGE('',*,*,#561,.T.);
#818=ORIENTED_EDGE('',*,*,#562,.F.);
#819=ORIENTED_EDGE('',*,*,#539,.F.);
#820=ORIENTED_EDGE('',*,*,#559,.T.);
#821=ORIENTED_EDGE('',*,*,#563,.T.);
#822=ORIENTED_EDGE('',*,*,#560,.F.);
#823=ORIENTED_EDGE('',*,*,#540,.F.);
#824=ORIENTED_EDGE('',*,*,#562,.T.);
#825=ORIENTED_EDGE('',*,*,#558,.F.);
#826=ORIENTED_EDGE('',*,*,#563,.F.);
#827=ORIENTED_EDGE('',*,*,#561,.F.);
#828=ORIENTED_EDGE('',*,*,#564,.T.);
#829=ORIENTED_EDGE('',*,*,#565,.F.);
#830=ORIENTED_EDGE('',*,*,#532,.F.);
#831=ORIENTED_EDGE('',*,*,#566,.T.);
#832=ORIENTED_EDGE('',*,*,#567,.T.);
#833=ORIENTED_EDGE('',*,*,#568,.F.);
#834=ORIENTED_EDGE('',*,*,#536,.F.);
#835=ORIENTED_EDGE('',*,*,#565,.T.);
#836=ORIENTED_EDGE('',*,*,#569,.T.);
#837=ORIENTED_EDGE('',*,*,#566,.F.);
#838=ORIENTED_EDGE('',*,*,#537,.F.);
#839=ORIENTED_EDGE('',*,*,#568,.T.);
#840=ORIENTED_EDGE('',*,*,#564,.F.);
#841=ORIENTED_EDGE('',*,*,#569,.F.);
#842=ORIENTED_EDGE('',*,*,#567,.F.);
#843=ORIENTED_EDGE('',*,*,#570,.T.);
#844=ORIENTED_EDGE('',*,*,#571,.F.);
#845=ORIENTED_EDGE('',*,*,#535,.F.);
#846=ORIENTED_EDGE('',*,*,#572,.T.);
#847=ORIENTED_EDGE('',*,*,#573,.T.);
#848=ORIENTED_EDGE('',*,*,#574,.F.);
#849=ORIENTED_EDGE('',*,*,#533,.F.);
#850=ORIENTED_EDGE('',*,*,#571,.T.);
#851=ORIENTED_EDGE('',*,*,#575,.T.);
#852=ORIENTED_EDGE('',*,*,#572,.F.);
#853=ORIENTED_EDGE('',*,*,#534,.F.);
#854=ORIENTED_EDGE('',*,*,#574,.T.);
#855=ORIENTED_EDGE('',*,*,#570,.F.);
#856=ORIENTED_EDGE('',*,*,#575,.F.);
#857=ORIENTED_EDGE('',*,*,#573,.F.);
#858=PLANE('',#938);
#859=PLANE('',#940);
#860=PLANE('',#942);
#861=PLANE('',#943);
#862=PLANE('',#955);
#863=PLANE('',#956);
#864=PLANE('',#957);
#865=PLANE('',#958);
#866=PLANE('',#959);
#867=PLANE('',#960);
#868=PLANE('',#963);
#869=PLANE('',#964);
#870=PLANE('',#965);
#871=PLANE('',#968);
#872=ADVANCED_FACE('',(#59),#858,.F.);
#873=ADVANCED_FACE('',(#60),#859,.T.);
#874=ADVANCED_FACE('',(#61),#32,.F.);
#875=ADVANCED_FACE('',(#62),#23,.T.);
#876=ADVANCED_FACE('',(#63),#860,.T.);
#877=ADVANCED_FACE('',(#64),#33,.F.);
#878=ADVANCED_FACE('',(#65),#34,.F.);
#879=ADVANCED_FACE('',(#66),#35,.F.);
#880=ADVANCED_FACE('',(#67),#36,.F.);
#881=ADVANCED_FACE('',(#68),#37,.F.);
#882=ADVANCED_FACE('',(#69),#38,.F.);
#883=ADVANCED_FACE('',(#70),#39,.F.);
#884=ADVANCED_FACE('',(#71),#40,.F.);
#885=ADVANCED_FACE('',(#72,#21,#22),#861,.F.);
#886=ADVANCED_FACE('',(#73),#41,.F.);
#887=ADVANCED_FACE('',(#74),#42,.F.);
#888=ADVANCED_FACE('',(#75),#43,.F.);
#889=ADVANCED_FACE('',(#76),#44,.F.);
#890=ADVANCED_FACE('',(#77),#45,.F.);
#891=ADVANCED_FACE('',(#78),#46,.F.);
#892=ADVANCED_FACE('',(#79),#47,.F.);
#893=ADVANCED_FACE('',(#80),#48,.F.);
#894=ADVANCED_FACE('',(#81),#49,.F.);
#895=ADVANCED_FACE('',(#82),#24,.T.);
#896=ADVANCED_FACE('',(#83),#25,.T.);
#897=ADVANCED_FACE('',(#84),#26,.T.);
#898=ADVANCED_FACE('',(#85),#27,.T.);
#899=ADVANCED_FACE('',(#86),#28,.T.);
#900=ADVANCED_FACE('',(#87),#29,.T.);
#901=ADVANCED_FACE('',(#88),#30,.T.);
#902=ADVANCED_FACE('',(#89),#31,.T.);
#903=ADVANCED_FACE('',(#90),#50,.F.);
#904=ADVANCED_FACE('',(#91),#51,.F.);
#905=ADVANCED_FACE('',(#92),#52,.F.);
#906=ADVANCED_FACE('',(#93),#53,.F.);
#907=ADVANCED_FACE('',(#94),#54,.F.);
#908=ADVANCED_FACE('',(#95),#55,.F.);
#909=ADVANCED_FACE('',(#96),#56,.F.);
#910=ADVANCED_FACE('',(#97),#57,.F.);
#911=ADVANCED_FACE('',(#98),#58,.F.);
#912=ADVANCED_FACE('',(#99),#862,.T.);
#913=ADVANCED_FACE('',(#100),#863,.T.);
#914=ADVANCED_FACE('',(#101),#864,.T.);
#915=ADVANCED_FACE('',(#102),#865,.F.);
#916=ADVANCED_FACE('',(#103),#866,.T.);
#917=ADVANCED_FACE('',(#104),#867,.T.);
#918=ADVANCED_FACE('',(#105),#15,.T.);
#919=ADVANCED_FACE('',(#106),#868,.F.);
#920=ADVANCED_FACE('',(#107),#869,.T.);
#921=ADVANCED_FACE('',(#108),#870,.T.);
#922=ADVANCED_FACE('',(#109),#16,.T.);
#923=ADVANCED_FACE('',(#110),#871,.F.);
#924=CLOSED_SHELL('',(#872,#873,#874,#875,#876,#877,#878,#879,#880,#881,
#882,#883,#884,#885,#886,#887,#888,#889,#890,#891,#892,#893,#894,#895,#896,
#897,#898,#899,#900,#901,#902,#903,#904,#905,#906,#907,#908,#909,#910,#911,
#912,#913,#914,#915,#916,#917,#918,#919,#920,#921,#922,#923));
#925=DERIVED_UNIT_ELEMENT(#927,1.);
#926=DERIVED_UNIT_ELEMENT(#3108,-3.);
#927=(
MASS_UNIT()
NAMED_UNIT(*)
SI_UNIT(.KILO.,.GRAM.)
);
#928=DERIVED_UNIT((#925,#926));
#929=MEASURE_REPRESENTATION_ITEM('density measure',
POSITIVE_RATIO_MEASURE(1541.),#928);
#930=PROPERTY_DEFINITION_REPRESENTATION(#935,#932);
#931=PROPERTY_DEFINITION_REPRESENTATION(#936,#933);
#932=REPRESENTATION('material name',(#934),#3105);
#933=REPRESENTATION('density',(#929),#3105);
#934=DESCRIPTIVE_REPRESENTATION_ITEM('PET Plastic','PET Plastic');
#935=PROPERTY_DEFINITION('material property','material name',#3115);
#936=PROPERTY_DEFINITION('material property','density of part',#3115);
#937=AXIS2_PLACEMENT_3D('',#1073,#969,#970);
#938=AXIS2_PLACEMENT_3D('',#1074,#971,#972);
#939=AXIS2_PLACEMENT_3D('',#1079,#974,#975);
#940=AXIS2_PLACEMENT_3D('',#1204,#977,#978);
#941=AXIS2_PLACEMENT_3D('',#1601,#988,#989);
#942=AXIS2_PLACEMENT_3D('',#1603,#991,#992);
#943=AXIS2_PLACEMENT_3D('',#2394,#1002,#1003);
#944=AXIS2_PLACEMENT_3D('',#2395,#1004,#1005);
#945=AXIS2_PLACEMENT_3D('',#2486,#1008,#1009);
#946=AXIS2_PLACEMENT_3D('',#2490,#1012,#1013);
#947=AXIS2_PLACEMENT_3D('',#2756,#1017,#1018);
#948=AXIS2_PLACEMENT_3D('',#2767,#1019,#1020);
#949=AXIS2_PLACEMENT_3D('',#2778,#1021,#1022);
#950=AXIS2_PLACEMENT_3D('',#2789,#1023,#1024);
#951=AXIS2_PLACEMENT_3D('',#2800,#1025,#1026);
#952=AXIS2_PLACEMENT_3D('',#2811,#1027,#1028);
#953=AXIS2_PLACEMENT_3D('',#2822,#1029,#1030);
#954=AXIS2_PLACEMENT_3D('',#2833,#1031,#1032);
#955=AXIS2_PLACEMENT_3D('',#3056,#1033,#1034);
#956=AXIS2_PLACEMENT_3D('',#3062,#1038,#1039);
#957=AXIS2_PLACEMENT_3D('',#3066,#1042,#1043);
#958=AXIS2_PLACEMENT_3D('',#3068,#1045,#1046);
#959=AXIS2_PLACEMENT_3D('',#3069,#1047,#1048);
#960=AXIS2_PLACEMENT_3D('',#3077,#1051,#1052);
#961=AXIS2_PLACEMENT_3D('',#3083,#1054,#1055);
#962=AXIS2_PLACEMENT_3D('',#3084,#1056,#1057);
#963=AXIS2_PLACEMENT_3D('',#3085,#1058,#1059);
#964=AXIS2_PLACEMENT_3D('',#3086,#1060,#1061);
#965=AXIS2_PLACEMENT_3D('',#3094,#1064,#1065);
#966=AXIS2_PLACEMENT_3D('',#3100,#1067,#1068);
#967=AXIS2_PLACEMENT_3D('',#3101,#1069,#1070);
#968=AXIS2_PLACEMENT_3D('',#3102,#1071,#1072);
#969=DIRECTION('axis',(0.,0.,1.));
#970=DIRECTION('refdir',(1.,0.,0.));
#971=DIRECTION('center_axis',(0.,0.,1.));
#972=DIRECTION('ref_axis',(1.,0.,0.));
#973=DIRECTION('',(-1.,0.,0.));
#974=DIRECTION('center_axis',(0.,0.,1.));
#975=DIRECTION('ref_axis',(0.573576436351046,0.819152044288992,0.));
#976=DIRECTION('',(1.,2.48928929288152E-17,0.));
#977=DIRECTION('center_axis',(2.48928929288152E-17,-1.,0.));
#978=DIRECTION('ref_axis',(-1.,-2.48928929288152E-17,0.));
#979=DIRECTION('',(0.,0.,1.));
#980=DIRECTION('',(0.,0.,1.));
#981=DIRECTION('',(0.,0.,1.));
#982=DIRECTION('',(0.,0.,1.));
#983=DIRECTION('',(-1.,-2.48928929288152E-17,0.));
#984=DIRECTION('',(0.,0.,-1.));
#985=DIRECTION('',(0.,0.,-1.));
#986=DIRECTION('',(0.,0.,-1.));
#987=DIRECTION('',(0.,0.,-1.));
#988=DIRECTION('center_axis',(0.,0.,-1.));
#989=DIRECTION('ref_axis',(0.573576436351046,0.819152044288992,0.));
#990=DIRECTION('',(0.,0.,-1.));
#991=DIRECTION('center_axis',(0.,1.,0.));
#992=DIRECTION('ref_axis',(1.,0.,0.));
#993=DIRECTION('',(0.,0.,1.));
#994=DIRECTION('',(0.,0.,1.));
#995=DIRECTION('',(0.,0.,1.));
#996=DIRECTION('',(0.,0.,1.));
#997=DIRECTION('',(1.,0.,0.));
#998=DIRECTION('',(0.,0.,-1.));
#999=DIRECTION('',(0.,0.,-1.));
#1000=DIRECTION('',(0.,0.,-1.));
#1001=DIRECTION('',(0.,0.,-1.));
#1002=DIRECTION('center_axis',(0.,0.,-1.));
#1003=DIRECTION('ref_axis',(0.573576436351046,0.819152044288992,0.));
#1004=DIRECTION('center_axis',(0.,0.,-1.));
#1005=DIRECTION('ref_axis',(0.573576436351046,0.819152044288992,0.));
#1006=DIRECTION('',(1.,-3.79203754359303E-16,0.));
#1007=DIRECTION('',(3.79203754359303E-16,1.,0.));
#1008=DIRECTION('center_axis',(0.,0.,-1.));
#1009=DIRECTION('ref_axis',(3.44509284839767E-16,1.,0.));
#1010=DIRECTION('',(-1.,3.79203754359303E-16,0.));
#1011=DIRECTION('',(-3.79203754359303E-16,-1.,0.));
#1012=DIRECTION('center_axis',(0.,0.,-1.));
#1013=DIRECTION('ref_axis',(3.44509284839767E-16,1.,0.));
#1014=DIRECTION('',(0.447213595497818,0.894427191000986,0.));
#1015=DIRECTION('',(0.44721359550141,-0.89442719099919,0.));
#1016=DIRECTION('',(-1.,3.81951171400753E-12,0.));
#1017=DIRECTION('center_axis',(0.,0.,-1.));
#1018=DIRECTION('ref_axis',(0.573576436351046,0.819152044288992,0.));
#1019=DIRECTION('center_axis',(0.,0.,-1.));
#1020=DIRECTION('ref_axis',(0.573576436351046,0.819152044288992,0.));
#1021=DIRECTION('center_axis',(0.,0.,-1.));
#1022=DIRECTION('ref_axis',(0.573576436351046,0.819152044288992,0.));
#1023=DIRECTION('center_axis',(0.,0.,-1.));
#1024=DIRECTION('ref_axis',(0.573576436351046,0.819152044288992,0.));
#1025=DIRECTION('center_axis',(0.,0.,-1.));
#1026=DIRECTION('ref_axis',(0.573576436351046,0.819152044288992,0.));
#1027=DIRECTION('center_axis',(0.,0.,-1.));
#1028=DIRECTION('ref_axis',(0.573576436351046,0.819152044288992,0.));
#1029=DIRECTION('center_axis',(0.,0.,-1.));
#1030=DIRECTION('ref_axis',(0.573576436351046,0.819152044288992,0.));
#1031=DIRECTION('center_axis',(0.,0.,-1.));
#1032=DIRECTION('ref_axis',(0.573576436351046,0.819152044288992,0.));
#1033=DIRECTION('center_axis',(-0.632455532034432,0.316227766015325,0.707106781186548));
#1034=DIRECTION('ref_axis',(-0.447213595497818,-0.894427191000986,0.));
#1035=DIRECTION('',(0.447213595497818,0.894427191000986,0.));
#1036=DIRECTION('',(1.83272827918006E-12,-0.912870929175394,0.408248290463601));
#1037=DIRECTION('',(0.752937760164188,0.465341127193943,0.465341127196819));
#1038=DIRECTION('center_axis',(0.632455532033163,0.316227766017864,0.707106781186548));
#1039=DIRECTION('ref_axis',(-0.44721359550141,0.89442719099919,0.));
#1040=DIRECTION('',(0.44721359550141,-0.89442719099919,0.));
#1041=DIRECTION('',(-0.752937760164883,0.465341127196257,0.465341127193381));
#1042=DIRECTION('center_axis',(-2.70080263379618E-12,-0.707106781186548,
0.707106781186547));
#1043=DIRECTION('ref_axis',(1.,-3.81951171400753E-12,0.));
#1044=DIRECTION('',(-1.,3.81951171400753E-12,0.));
#1045=DIRECTION('center_axis',(0.,0.,-1.));
#1046=DIRECTION('ref_axis',(3.44509284839767E-16,1.,0.));
#1047=DIRECTION('center_axis',(2.68137546158861E-16,0.707106781186547,0.707106781186548));
#1048=DIRECTION('ref_axis',(-1.,3.79203754359303E-16,0.));
#1049=DIRECTION('',(1.,-3.79203754359303E-16,0.));
#1050=DIRECTION('',(-0.577350269189626,-0.577350269189626,0.577350269189626));
#1051=DIRECTION('center_axis',(0.707106781186548,-2.68137546158861E-16,
0.707106781186547));
#1052=DIRECTION('ref_axis',(3.79203754359303E-16,1.,0.));
#1053=DIRECTION('',(-3.79203754359303E-16,-1.,0.));
#1054=DIRECTION('center_axis',(0.,0.,-1.));
#1055=DIRECTION('ref_axis',(3.44509284839767E-16,1.,0.));
#1056=DIRECTION('center_axis',(0.,0.,-1.));
#1057=DIRECTION('ref_axis',(3.44509284839767E-16,1.,0.));
#1058=DIRECTION('center_axis',(0.,0.,-1.));
#1059=DIRECTION('ref_axis',(3.44509284839767E-16,1.,0.));
#1060=DIRECTION('center_axis',(-2.68137546158861E-16,-0.707106781186548,
0.707106781186547));
#1061=DIRECTION('ref_axis',(1.,-3.79203754359303E-16,0.));
#1062=DIRECTION('',(-1.,3.79203754359303E-16,0.));
#1063=DIRECTION('',(0.577350269189626,0.577350269189625,0.577350269189626));
#1064=DIRECTION('center_axis',(-0.707106781186548,2.68137546158861E-16,
0.707106781186548));
#1065=DIRECTION('ref_axis',(-3.79203754359303E-16,-1.,0.));
#1066=DIRECTION('',(3.79203754359303E-16,1.,0.));
#1067=DIRECTION('center_axis',(0.,0.,-1.));
#1068=DIRECTION('ref_axis',(3.44509284839767E-16,1.,0.));
#1069=DIRECTION('center_axis',(0.,0.,-1.));
#1070=DIRECTION('ref_axis',(3.44509284839767E-16,1.,0.));
#1071=DIRECTION('center_axis',(0.,0.,-1.));
#1072=DIRECTION('ref_axis',(3.44509284839767E-16,1.,0.));
#1073=CARTESIAN_POINT('',(0.,0.,0.));
#1074=CARTESIAN_POINT('Origin',(-0.00574836835228909,-6.90655796442563E-7,
-12.5));
#1075=CARTESIAN_POINT('',(5.39449951339325,4.5,-12.5));
#1076=CARTESIAN_POINT('',(-4.85049828066505,4.50000000000002,-12.5000000095758));
#1077=CARTESIAN_POINT('',(-5.57787418417615,4.5,-12.5));
#1078=CARTESIAN_POINT('',(6.74879313150345,1.95049128892488,-12.5));
#1079=CARTESIAN_POINT('Origin',(0.,0.,-12.5));
#1080=CARTESIAN_POINT('',(4.72842798969123,-4.5,-12.4999999959819));
#1081=CARTESIAN_POINT('Ctrl Pts',(4.72819343948223,-4.49991663308542,-12.499999994021));
#1082=CARTESIAN_POINT('Ctrl Pts',(4.86087984129396,-4.37924226611159,-12.4999999945707));
#1083=CARTESIAN_POINT('Ctrl Pts',(4.98835833056626,-4.25320778545126,-12.4999999952721));
#1084=CARTESIAN_POINT('Ctrl Pts',(5.11043492595021,-4.12223173063817,-12.4999999959996));
#1085=CARTESIAN_POINT('Ctrl Pts',(5.23349238627189,-3.99020330522576,-12.4999999967329));
#1086=CARTESIAN_POINT('Ctrl Pts',(5.35106129186911,-3.85315312448793,-12.4999999974929));
#1087=CARTESIAN_POINT('Ctrl Pts',(5.4629143123295,-3.71146490873187,-12.4999999981509));
#1088=CARTESIAN_POINT('Ctrl Pts',(5.57487447594726,-3.56964097091185,-12.4999999988095));
#1089=CARTESIAN_POINT('Ctrl Pts',(5.6811082813811,-3.42316959308666,-12.499999999366));
#1090=CARTESIAN_POINT('Ctrl Pts',(5.78135186480552,-3.27239806952666,-12.4999999996915));
#1091=CARTESIAN_POINT('Ctrl Pts',(5.84180087970536,-3.18147963103108,-12.4999999998877));
#1092=CARTESIAN_POINT('Ctrl Pts',(5.90007091886496,-3.08899682121259,-12.5));
#1093=CARTESIAN_POINT('Ctrl Pts',(5.95609668722144,-2.99502041208595,-12.5));
#1094=CARTESIAN_POINT('Ctrl Pts',(6.05054403238408,-2.83659648305647,-12.5));
#1095=CARTESIAN_POINT('Ctrl Pts',(6.13825705287707,-2.67453041583313,-12.5));
#1096=CARTESIAN_POINT('Ctrl Pts',(6.21902909595096,-2.50924248553599,-12.5));
#1097=CARTESIAN_POINT('Ctrl Pts',(6.24821427962773,-2.44951936325641,-12.5));
#1098=CARTESIAN_POINT('Ctrl Pts',(6.27649296302726,-2.3893752075634,-12.5));
#1099=CARTESIAN_POINT('Ctrl Pts',(6.30385430899333,-2.32882858308642,-12.5));
#1100=CARTESIAN_POINT('Ctrl Pts',(6.37910029227012,-2.16232031633266,-12.5));
#1101=CARTESIAN_POINT('Ctrl Pts',(6.44741162354698,-1.99277049872885,-12.5));
#1102=CARTESIAN_POINT('Ctrl Pts',(6.50875875845797,-1.82066556738825,-12.5));
#1103=CARTESIAN_POINT('Ctrl Pts',(6.57064023401803,-1.64706158216595,-12.5));
#1104=CARTESIAN_POINT('Ctrl Pts',(6.62543594929018,-1.47085712791287,-12.5));
#1105=CARTESIAN_POINT('Ctrl Pts',(6.67307000836946,-1.29252441202088,-12.5));
#1106=CARTESIAN_POINT('Ctrl Pts',(6.71886450577161,-1.12107865970651,-12.5));
#1107=CARTESIAN_POINT('Ctrl Pts',(6.75803972918779,-0.94766513725217,-12.5));
#1108=CARTESIAN_POINT('Ctrl Pts',(6.79048544346163,-0.772688814837845,-12.5));
#1109=CARTESIAN_POINT('Ctrl Pts',(6.79625565355383,-0.741570679081315,-12.5));
#1110=CARTESIAN_POINT('Ctrl Pts',(6.80181371818973,-0.710397962685493,-12.5));
#1111=CARTESIAN_POINT('Ctrl Pts',(6.80715382683982,-0.67920365749524,-12.5));
#1112=CARTESIAN_POINT('Ctrl Pts',(6.83878818037198,-0.494411222876553,-12.5));
#1113=CARTESIAN_POINT('Ctrl Pts',(6.86281297600516,-0.308685579150807,-12.5));
#1114=CARTESIAN_POINT('Ctrl Pts',(6.87921453580979,-0.122533300954213,-12.5));
#1115=CARTESIAN_POINT('Ctrl Pts',(6.89575520009465,0.0651977670777667,-12.5));
#1116=CARTESIAN_POINT('Ctrl Pts',(6.90454304034896,0.253363430781646,-12.5));
#1117=CARTESIAN_POINT('Ctrl Pts',(6.90551677441382,0.441467761102584,-12.5));
#1118=CARTESIAN_POINT('Ctrl Pts',(6.90616398485083,0.566494798999939,-12.5));
#1119=CARTESIAN_POINT('Ctrl Pts',(6.90335806722234,0.691495213089819,-12.5));
#1120=CARTESIAN_POINT('Ctrl Pts',(6.89706874252319,0.81632675920727,-12.5));
#1121=CARTESIAN_POINT('Ctrl Pts',(6.88749710336248,1.00630622003421,-12.5));
#1122=CARTESIAN_POINT('Ctrl Pts',(6.86986017435758,1.19589480177354,-12.5));
#1123=CARTESIAN_POINT('Ctrl Pts',(6.84437899229275,1.38467724833787,-12.5));
#1124=CARTESIAN_POINT('Ctrl Pts',(6.81889781022792,1.57345969490221,-12.5));
#1125=CARTESIAN_POINT('Ctrl Pts',(6.78557218031475,1.76143671377779,-12.5));
#1126=CARTESIAN_POINT('Ctrl Pts',(6.74456827565615,1.94818755470726,-12.5));
#1127=CARTESIAN_POINT('',(-4.15519253464873,-4.49999999999995,-12.5));
#1128=CARTESIAN_POINT('',(5.57212581582386,-4.5,-12.5));
#1129=CARTESIAN_POINT('',(-5.8841790682324,-1.70060627217933,-12.5));
#1130=CARTESIAN_POINT('Ctrl Pts',(-5.88417906823237,-1.70060627217944,-12.5));
#1131=CARTESIAN_POINT('Ctrl Pts',(-5.83656961885658,-1.86533724492134,-12.5));
#1132=CARTESIAN_POINT('Ctrl Pts',(-5.78195965676169,-2.02775127988868,-12.5));
#1133=CARTESIAN_POINT('Ctrl Pts',(-5.72065651744201,-2.18749543080708,-12.5));
#1134=CARTESIAN_POINT('Ctrl Pts',(-5.65875062881695,-2.348810230098,-12.5));
#1135=CARTESIAN_POINT('Ctrl Pts',(-5.59001899112661,-2.50740302278955,-12.5));
#1136=CARTESIAN_POINT('Ctrl Pts',(-5.51472702222207,-2.66289497157836,-12.5));
#1137=CARTESIAN_POINT('Ctrl Pts',(-5.43936630065224,-2.81852890743515,-12.5));
#1138=CARTESIAN_POINT('Ctrl Pts',(-5.35743288668381,-2.97105696666028,-12.5));
#1139=CARTESIAN_POINT('Ctrl Pts',(-5.26914725355202,-3.12007440712859,-12.5));
#1140=CARTESIAN_POINT('Ctrl Pts',(-5.25304184549776,-3.14725874732991,-12.5));
#1141=CARTESIAN_POINT('Ctrl Pts',(-5.23672493169524,-3.17432617797332,-12.5));
#1142=CARTESIAN_POINT('Ctrl Pts',(-5.22019770196175,-3.20127412693148,-12.5));
#1143=CARTESIAN_POINT('Ctrl Pts',(-5.20717987383579,-3.22249993268002,-12.5));
#1144=CARTESIAN_POINT('Ctrl Pts',(-5.19403239135658,-3.24365016894794,-12.5));
#1145=CARTESIAN_POINT('Ctrl Pts',(-5.18076232008495,-3.26471362031488,-12.5));
#1146=CARTESIAN_POINT('Ctrl Pts',(-5.0883511713051,-3.41139691223125,-12.5));
#1147=CARTESIAN_POINT('Ctrl Pts',(-4.98991648887057,-3.55400847331664,-12.5));
#1148=CARTESIAN_POINT('Ctrl Pts',(-4.88572717938261,-3.69217201898206,-12.5));
#1149=CARTESIAN_POINT('Ctrl Pts',(-4.77632306691656,-3.83725081989718,-12.5));
#1150=CARTESIAN_POINT('Ctrl Pts',(-4.66057379920727,-3.97742621977721,-12.5));
#1151=CARTESIAN_POINT('Ctrl Pts',(-4.53873922338729,-4.11222828735555,-12.5));
#1152=CARTESIAN_POINT('Ctrl Pts',(-4.42455555447224,-4.23856512195144,-12.5));
#1153=CARTESIAN_POINT('Ctrl Pts',(-4.30502606856189,-4.36018252904132,-12.5));
#1154=CARTESIAN_POINT('Ctrl Pts',(-4.18032834517408,-4.47665637715377,-12.5));
#1155=CARTESIAN_POINT('Ctrl Pts',(-4.1719729412712,-4.48446073812094,-12.5));
#1156=CARTESIAN_POINT('Ctrl Pts',(-4.16359432162731,-4.49224199054859,-12.5));
#1157=CARTESIAN_POINT('Ctrl Pts',(-4.15519253464865,-4.50000000000002,-12.5));
#1158=CARTESIAN_POINT('Ctrl Pts',(-4.85049828435902,4.5000000029705,-12.5000000142011));
#1159=CARTESIAN_POINT('Ctrl Pts',(-4.96362395058082,4.35892633927667,-12.5000000128171));
#1160=CARTESIAN_POINT('Ctrl Pts',(-5.07067798588541,4.21331255853519,-12.5000000110286));
#1161=CARTESIAN_POINT('Ctrl Pts',(-5.17148817825762,4.06357328752174,-12.5000000091903));
#1162=CARTESIAN_POINT('Ctrl Pts',(-5.27233486292688,3.91377981236655,-12.5000000073513));
#1163=CARTESIAN_POINT('Ctrl Pts',(-5.36693343455832,3.75985717230715,-12.5000000054626));
#1164=CARTESIAN_POINT('Ctrl Pts',(-5.45506365154646,3.60219988700738,-12.5000000038794));
#1165=CARTESIAN_POINT('Ctrl Pts',(-5.54224472693836,3.44624053338807,-12.5000000023132));
#1166=CARTESIAN_POINT('Ctrl Pts',(-5.62309617711259,3.28662587386125,-12.500000001046));
#1167=CARTESIAN_POINT('Ctrl Pts',(-5.69735511393679,3.12372784531495,-12.5000000004216));
#1168=CARTESIAN_POINT('Ctrl Pts',(-5.72965891431101,3.05286465200031,-12.50000000015));
#1169=CARTESIAN_POINT('Ctrl Pts',(-5.76071450303529,2.98138004929122,-12.5));
#1170=CARTESIAN_POINT('Ctrl Pts',(-5.79049714027584,2.90930454197577,-12.5));
#1171=CARTESIAN_POINT('Ctrl Pts',(-5.85931080898239,2.74277193970148,-12.5));
#1172=CARTESIAN_POINT('Ctrl Pts',(-5.92107005904448,2.57372087456991,-12.5));
#1173=CARTESIAN_POINT('Ctrl Pts',(-5.9756002122864,2.40255894820263,-12.5));
#1174=CARTESIAN_POINT('Ctrl Pts',(-6.03013036552832,2.23139702183535,-12.5));
#1175=CARTESIAN_POINT('Ctrl Pts',(-6.07743165750633,2.05812351195888,-12.5));
#1176=CARTESIAN_POINT('Ctrl Pts',(-6.11727552124034,1.88313298443912,-12.5));
#1177=CARTESIAN_POINT('Ctrl Pts',(-6.15654831740065,1.71065053235695,-12.5));
#1178=CARTESIAN_POINT('Ctrl Pts',(-6.18857570564515,1.53649910292934,-12.5));
#1179=CARTESIAN_POINT('Ctrl Pts',(-6.21330392124256,1.36115899328032,-12.5));
#1180=CARTESIAN_POINT('Ctrl Pts',(-6.2378105322144,1.18739021332121,-12.5));
#1181=CARTESIAN_POINT('Ctrl Pts',(-6.25514810923135,1.012453231459,-12.5));
#1182=CARTESIAN_POINT('Ctrl Pts',(-6.26521434274916,0.836825659637628,-12.5));
#1183=CARTESIAN_POINT('Ctrl Pts',(-6.26787353174787,0.79043026199155,-12.5));
#1184=CARTESIAN_POINT('Ctrl Pts',(-6.27002501921878,0.74398675943432,-12.5));
#1185=CARTESIAN_POINT('Ctrl Pts',(-6.27166634225281,0.697504174612213,-12.5));
#1186=CARTESIAN_POINT('Ctrl Pts',(-6.27258429727647,0.671507511331519,-12.5));
#1187=CARTESIAN_POINT('Ctrl Pts',(-6.27334264679695,0.645496807871658,-12.5));
#1188=CARTESIAN_POINT('Ctrl Pts',(-6.27394062489417,0.619495671081396,-12.5));
#1189=CARTESIAN_POINT('Ctrl Pts',(-6.27793898772243,0.445639840380418,-12.5));
#1190=CARTESIAN_POINT('Ctrl Pts',(-6.27478068833785,0.271992025130477,-12.5));
#1191=CARTESIAN_POINT('Ctrl Pts',(-6.26446680052859,0.0990057054599326,
-12.5));
#1192=CARTESIAN_POINT('Ctrl Pts',(-6.25412303564244,-0.0744817177392291,
-12.5));
#1193=CARTESIAN_POINT('Ctrl Pts',(-6.23658213244356,-0.247304570643029,
-12.5));
#1194=CARTESIAN_POINT('Ctrl Pts',(-6.21179289238522,-0.41899854486415,-12.5));
#1195=CARTESIAN_POINT('Ctrl Pts',(-6.18700365232689,-0.590692519085272,
-12.5));
#1196=CARTESIAN_POINT('Ctrl Pts',(-6.15496602702521,-0.761258362978068,
-12.5));
#1197=CARTESIAN_POINT('Ctrl Pts',(-6.11557726324732,-0.930213563473301,
-12.5));
#1198=CARTESIAN_POINT('Ctrl Pts',(-6.07623428616849,-1.09897236529595,-12.5));
#1199=CARTESIAN_POINT('Ctrl Pts',(-6.02955642952326,-1.26612480513549,-12.5));
#1200=CARTESIAN_POINT('Ctrl Pts',(-5.97573203988093,-1.4312465029436,-12.5));
#1201=CARTESIAN_POINT('Ctrl Pts',(-5.94642490696197,-1.52115450891681,-12.5));
#1202=CARTESIAN_POINT('Ctrl Pts',(-5.91499828180238,-1.61045991561904,-12.5));
#1203=CARTESIAN_POINT('Ctrl Pts',(-5.88147781439531,-1.69908975832242,-12.5));
#1204=CARTESIAN_POINT('Origin',(11.15,-4.5,2.));
#1205=CARTESIAN_POINT('',(4.15519253464948,-4.49999999999963,-12.1128589862843));
#1206=CARTESIAN_POINT('Ctrl Pts',(4.72819343950318,-4.49991663311694,-12.4999999940601));
#1207=CARTESIAN_POINT('Ctrl Pts',(4.6146665825097,-4.49994508389045,-12.4202453536848));
#1208=CARTESIAN_POINT('Ctrl Pts',(4.50001195320124,-4.49997342918334,-12.3414025540283));
#1209=CARTESIAN_POINT('Ctrl Pts',(4.38455486877124,-4.49998724765792,-12.2639881701724));
#1210=CARTESIAN_POINT('Ctrl Pts',(4.31164430215012,-4.49999597395493,-12.2151013771321));
#1211=CARTESIAN_POINT('Ctrl Pts',(4.23841305272695,-4.4999994052015,-12.1667842161457));
#1212=CARTESIAN_POINT('Ctrl Pts',(4.16493393435927,-4.49999996289728,-12.1191667769738));
#1213=CARTESIAN_POINT('Ctrl Pts',(4.16168758850976,-4.49999998753656,-12.1170630136264));
#1214=CARTESIAN_POINT('Ctrl Pts',(4.15844045305749,-4.49999999999999,-12.1149604127187));
#1215=CARTESIAN_POINT('Ctrl Pts',(4.15519253464871,-4.49999999999999,-12.1128589862844));
#1216=CARTESIAN_POINT('',(4.15519254700291,-4.49999999429619,-11.4878589830978));
#1217=CARTESIAN_POINT('Ctrl Pts',(4.15519253464865,-4.50000000000002,-12.1128589862844));
#1218=CARTESIAN_POINT('Ctrl Pts',(4.15519253464865,-4.50000000000002,-12.0102278123495));
#1219=CARTESIAN_POINT('Ctrl Pts',(4.15519253464865,-4.50000000000002,-11.9075966384147));
#1220=CARTESIAN_POINT('Ctrl Pts',(4.15519253464865,-4.50000000000002,-11.7007987975097));
#1221=CARTESIAN_POINT('Ctrl Pts',(4.15519253464865,-4.50000000000002,-11.5966321305395));
#1222=CARTESIAN_POINT('Ctrl Pts',(4.15519253464865,-4.50000000000002,-11.490929970534));
#1223=CARTESIAN_POINT('Ctrl Pts',(4.15519253464865,-4.50000000000002,-11.4893944774986));
#1224=CARTESIAN_POINT('Ctrl Pts',(4.15519253464865,-4.50000000000002,-11.4878589844633));
#1225=CARTESIAN_POINT('',(5.39449951306158,-4.5000000001988,-10.4857143245858));
#1226=CARTESIAN_POINT('Ctrl Pts',(4.15519254309133,-4.49999999999998,-11.4878589779935));
#1227=CARTESIAN_POINT('Ctrl Pts',(4.26549222204598,-4.49999999999998,-11.4033337258923));
#1228=CARTESIAN_POINT('Ctrl Pts',(4.37539808678605,-4.49996832498788,-11.3176197784003));
#1229=CARTESIAN_POINT('Ctrl Pts',(4.48463490596881,-4.49990297808578,-11.2311545785629));
#1230=CARTESIAN_POINT('Ctrl Pts',(4.58459783391192,-4.4998431789474,-11.1520300250872));
#1231=CARTESIAN_POINT('Ctrl Pts',(4.68399947956702,-4.49975581293547,-11.0722763629188));
#1232=CARTESIAN_POINT('Ctrl Pts',(4.78260032411638,-4.49966450241238,-10.9922288131093));
#1233=CARTESIAN_POINT('Ctrl Pts',(4.90325938731449,-4.499552764605,-10.8942736443128));
#1234=CARTESIAN_POINT('Ctrl Pts',(5.02359584004756,-4.49942903884198,-10.7951702696788));
#1235=CARTESIAN_POINT('Ctrl Pts',(5.14324771728785,-4.49928981825489,-10.6954316612028));
#1236=CARTESIAN_POINT('Ctrl Pts',(5.2234117253447,-4.49919654366094,-10.6286090855955));
#1237=CARTESIAN_POINT('Ctrl Pts',(5.30326751008164,-4.49909722291404,-10.5615013730778));
#1238=CARTESIAN_POINT('Ctrl Pts',(5.3826973604945,-4.49900010614708,-10.494262790771));
#1239=CARTESIAN_POINT('Ctrl Pts',(5.38606289837424,-4.49899599119337,-10.49141381152));
#1240=CARTESIAN_POINT('Ctrl Pts',(5.38942800448158,-4.49899187332004,-10.4885643193021));
#1241=CARTESIAN_POINT('Ctrl Pts',(5.39279267107087,-4.49898775266701,-10.4857143245482));
#1242=CARTESIAN_POINT('',(5.39449951339327,-4.49999999999999,-9.86071432816543));
#1243=CARTESIAN_POINT('',(5.39449951339325,-4.5,-5.55111512312578E-16));
#1244=CARTESIAN_POINT('',(4.15519253464988,-4.49999999999944,-8.98785898628424));
#1245=CARTESIAN_POINT('Ctrl Pts',(5.39279322301612,-4.49898798731338,-9.86071432816632));
#1246=CARTESIAN_POINT('Ctrl Pts',(5.26711568354805,-4.49914186045176,-9.76568437648182));
#1247=CARTESIAN_POINT('Ctrl Pts',(5.14017709402633,-4.49929720714645,-9.67139487126665));
#1248=CARTESIAN_POINT('Ctrl Pts',(5.01240633819662,-4.4994346556972,-9.57847762745232));
#1249=CARTESIAN_POINT('Ctrl Pts',(4.94259558758454,-4.49950975415331,-9.52770996553031));
#1250=CARTESIAN_POINT('Ctrl Pts',(4.87253580833513,-4.49957996593528,-9.4773519588678));
#1251=CARTESIAN_POINT('Ctrl Pts',(4.802291495315,-4.49964617509928,-9.42750666088655));
#1252=CARTESIAN_POINT('Ctrl Pts',(4.68901375917262,-4.49975294565319,-9.34712488662049));
#1253=CARTESIAN_POINT('Ctrl Pts',(4.57450872464494,-4.49985182477869,-9.26754688741713));
#1254=CARTESIAN_POINT('Ctrl Pts',(4.45910362256639,-4.49991537808365,-9.189294165154));
#1255=CARTESIAN_POINT('Ctrl Pts',(4.36163196570637,-4.49996905548458,-9.12320157171213));
#1256=CARTESIAN_POINT('Ctrl Pts',(4.26351802311819,-4.49999775373229,-9.05805437330979));
#1257=CARTESIAN_POINT('Ctrl Pts',(4.16493385276877,-4.49999989402526,-8.99416677697376));
#1258=CARTESIAN_POINT('Ctrl Pts',(4.16168756126137,-4.49999996450326,-8.99206301365478));
#1259=CARTESIAN_POINT('Ctrl Pts',(4.15844045307931,-4.5,-8.98996041273277));
#1260=CARTESIAN_POINT('Ctrl Pts',(4.15519253464869,-4.50000000000001,-8.98785898628435));
#1261=CARTESIAN_POINT('',(4.15519253464965,-4.49999999999954,-8.36285898446316));
#1262=CARTESIAN_POINT('Ctrl Pts',(4.15519253464863,-4.50000000000003,-8.98785898628437));
#1263=CARTESIAN_POINT('Ctrl Pts',(4.15519253464863,-4.50000000000003,-8.88522781234955));
#1264=CARTESIAN_POINT('Ctrl Pts',(4.15519253464863,-4.50000000000003,-8.78259663841472));
#1265=CARTESIAN_POINT('Ctrl Pts',(4.15519253464863,-4.50000000000003,-8.57579879750972));
#1266=CARTESIAN_POINT('Ctrl Pts',(4.15519253464863,-4.50000000000003,-8.47163213053953));
#1267=CARTESIAN_POINT('Ctrl Pts',(4.15519253464863,-4.50000000000003,-8.36592997053399));
#1268=CARTESIAN_POINT('Ctrl Pts',(4.15519253464863,-4.50000000000003,-8.36439447749863));
#1269=CARTESIAN_POINT('Ctrl Pts',(4.15519253464863,-4.50000000000003,-8.36285898446328));
#1270=CARTESIAN_POINT('',(5.39449951339321,-4.50000000000003,-7.36071432454919));
#1271=CARTESIAN_POINT('Ctrl Pts',(4.15519253464863,-4.50000000000003,-8.36285898446327));
#1272=CARTESIAN_POINT('Ctrl Pts',(4.26571109762858,-4.50000000000003,-8.27816599643118));
#1273=CARTESIAN_POINT('Ctrl Pts',(4.3758659152388,-4.49999469862784,-8.19227959051887));
#1274=CARTESIAN_POINT('Ctrl Pts',(4.48537061340639,-4.49997463181447,-8.10563981917959));
#1275=CARTESIAN_POINT('Ctrl Pts',(4.58516334105592,-4.49995634472656,-8.02668412824068));
#1276=CARTESIAN_POINT('Ctrl Pts',(4.68441515735156,-4.4999264671041,-7.94710277791042));
#1277=CARTESIAN_POINT('Ctrl Pts',(4.78288219873294,-4.49990378808597,-7.86722881315151));
#1278=CARTESIAN_POINT('Ctrl Pts',(4.90376801323287,-4.49987594555572,-7.76916930865374));
#1279=CARTESIAN_POINT('Ctrl Pts',(5.02435018076081,-4.49985344407129,-7.66995915100814));
#1280=CARTESIAN_POINT('Ctrl Pts',(5.1442576903891,-4.49982646531588,-7.57011295313072));
#1281=CARTESIAN_POINT('Ctrl Pts',(5.22437990715611,-4.49980843810728,-7.50339570802659));
#1282=CARTESIAN_POINT('Ctrl Pts',(5.30419999430064,-4.49978935231,-7.43639447639717));
#1283=CARTESIAN_POINT('Ctrl Pts',(5.3835988728348,-4.49977585476701,-7.36926279077096));
#1284=CARTESIAN_POINT('Ctrl Pts',(5.38696845538555,-4.49977528194929,-7.36641381153265));
#1285=CARTESIAN_POINT('Ctrl Pts',(5.39033761269832,-4.49977471271121,-7.36356431932759));
#1286=CARTESIAN_POINT('Ctrl Pts',(5.39370633694505,-4.49977414708854,-7.36071432454821));
#1287=CARTESIAN_POINT('',(5.39449951339334,-4.49999999999995,-6.73571432816542));
#1288=CARTESIAN_POINT('',(5.39449951339325,-4.5,-5.55111512312578E-16));
#1289=CARTESIAN_POINT('',(4.15519253464867,-4.5,-5.86285898628437));
#1290=CARTESIAN_POINT('Ctrl Pts',(5.39370712350434,-4.49977393408336,-6.73571432816632));
#1291=CARTESIAN_POINT('Ctrl Pts',(5.26741091483023,-4.4997951786223,-6.64033163360917));
#1292=CARTESIAN_POINT('Ctrl Pts',(5.13985232273029,-4.49982602885492,-6.54569489266853));
#1293=CARTESIAN_POINT('Ctrl Pts',(5.01147315669481,-4.49985363110784,-6.45244298214963));
#1294=CARTESIAN_POINT('Ctrl Pts',(4.94206415831272,-4.49986855443837,-6.40202575397926));
#1295=CARTESIAN_POINT('Ctrl Pts',(4.87241472698018,-4.49988301679289,-6.3520133244536));
#1296=CARTESIAN_POINT('Ctrl Pts',(4.80258963334741,-4.49989917632914,-6.30250666088655));
#1297=CARTESIAN_POINT('Ctrl Pts',(4.68862857884266,-4.49992555019697,-6.22170717618001));
#1298=CARTESIAN_POINT('Ctrl Pts',(4.57344369190969,-4.49995831380958,-6.14171984200652));
#1299=CARTESIAN_POINT('Ctrl Pts',(4.45737658015338,-4.49997716507925,-6.0630743326467));
#1300=CARTESIAN_POINT('Ctrl Pts',(4.36045261250991,-4.49999290717727,-5.99739995952626));
#1301=CARTESIAN_POINT('Ctrl Pts',(4.26291319677179,-4.49999921654923,-5.9326612933052));
#1302=CARTESIAN_POINT('Ctrl Pts',(4.16493393484394,-4.49999996276929,-5.86916677697376));
#1303=CARTESIAN_POINT('Ctrl Pts',(4.1616875886653,-4.4999999874938,-5.8670630136222));
#1304=CARTESIAN_POINT('Ctrl Pts',(4.15844045305426,-4.50000000000001,-5.86496041271657));
#1305=CARTESIAN_POINT('Ctrl Pts',(4.15519253464868,-4.50000000000001,-5.86285898628435));
#1306=CARTESIAN_POINT('',(4.15519254291076,-4.49999999618549,-5.23785898355011));
#1307=CARTESIAN_POINT('Ctrl Pts',(4.15519253464867,-4.5,-5.86285898628437));
#1308=CARTESIAN_POINT('Ctrl Pts',(4.15519253464867,-4.5,-5.76022781234954));
#1309=CARTESIAN_POINT('Ctrl Pts',(4.15519253464867,-4.5,-5.65759663841472));
#1310=CARTESIAN_POINT('Ctrl Pts',(4.15519253464867,-4.5,-5.45079879750971));
#1311=CARTESIAN_POINT('Ctrl Pts',(4.15519253464867,-4.5,-5.34663213053952));
#1312=CARTESIAN_POINT('Ctrl Pts',(4.15519253464867,-4.5,-5.24092997053398));
#1313=CARTESIAN_POINT('Ctrl Pts',(4.15519253464867,-4.5,-5.23939447749863));
#1314=CARTESIAN_POINT('Ctrl Pts',(4.15519253464867,-4.5,-5.23785898446327));
#1315=CARTESIAN_POINT('',(5.39449951339334,-4.49999999999995,-4.23571432454917));
#1316=CARTESIAN_POINT('Ctrl Pts',(4.15519253464867,-4.5,-5.23785898446327));
#1317=CARTESIAN_POINT('Ctrl Pts',(4.26571291420529,-4.5,-5.15316460434551));
#1318=CARTESIAN_POINT('Ctrl Pts',(4.37586967627056,-4.49999466192705,-5.06727676711513));
#1319=CARTESIAN_POINT('Ctrl Pts',(4.48537640146905,-4.49997452873306,-4.98063554692508));
#1320=CARTESIAN_POINT('Ctrl Pts',(4.58516753617552,-4.49995618178432,-4.90168125750179));
#1321=CARTESIAN_POINT('Ctrl Pts',(4.68441786528551,-4.49992622061425,-4.82210133726319));
#1322=CARTESIAN_POINT('Ctrl Pts',(4.78288351778254,-4.499903438452,-4.7422288131515));
#1323=CARTESIAN_POINT('Ctrl Pts',(4.90377151270361,-4.49987546839497,-4.64416792547865));
#1324=CARTESIAN_POINT('Ctrl Pts',(5.02435596122546,-4.49985280926111,-4.5449563521967));
#1325=CARTESIAN_POINT('Ctrl Pts',(5.14426580856456,-4.49982564933817,-4.44510872799875));
#1326=CARTESIAN_POINT('Ctrl Pts',(5.22438676586268,-4.49980750171248,-4.37839287928234));
#1327=CARTESIAN_POINT('Ctrl Pts',(5.30420564014193,-4.49978828515022,-4.31139305927117));
#1328=CARTESIAN_POINT('Ctrl Pts',(5.38360335247975,-4.49977464799497,-4.24426279077096));
#1329=CARTESIAN_POINT('Ctrl Pts',(5.3869729567366,-4.49977406924005,-4.2414138114762));
#1330=CARTESIAN_POINT('Ctrl Pts',(5.39034213581031,-4.49977349404863,-4.23856431921419));
#1331=CARTESIAN_POINT('Ctrl Pts',(5.39371088167055,-4.49977292245659,-4.2357143245482));
#1332=CARTESIAN_POINT('',(5.39449951339344,-4.49999999999989,-3.6107143281654));
#1333=CARTESIAN_POINT('',(5.39449951339325,-4.5,-5.55111512312578E-16));
#1334=CARTESIAN_POINT('',(4.15519255595313,-4.49999999016398,-2.7378589839297));
#1335=CARTESIAN_POINT('Ctrl Pts',(5.39280123995053,-4.49899140796694,-3.61071432816631));
#1336=CARTESIAN_POINT('Ctrl Pts',(5.2671193402392,-4.49914467249793,-3.51568216833761));
#1337=CARTESIAN_POINT('Ctrl Pts',(5.14017646020942,-4.49929946351469,-3.42139048915945));
#1338=CARTESIAN_POINT('Ctrl Pts',(5.01240156642867,-4.49943643215586,-3.32847114989893));
#1339=CARTESIAN_POINT('Ctrl Pts',(4.94259314604782,-4.4995112634799,-3.27770568178013));
#1340=CARTESIAN_POINT('Ctrl Pts',(4.87253577535301,-4.49958123153175,-3.22734983847859));
#1341=CARTESIAN_POINT('Ctrl Pts',(4.80229395074287,-4.49964722472114,-3.17750666031614));
#1342=CARTESIAN_POINT('Ctrl Pts',(4.68901215306353,-4.49975365457499,-3.09712257497051));
#1343=CARTESIAN_POINT('Ctrl Pts',(4.57450314772205,-4.49985226114841,-3.01754231108742));
#1344=CARTESIAN_POINT('Ctrl Pts',(4.45909424864855,-4.49991563177249,-2.93928741533492));
#1345=CARTESIAN_POINT('Ctrl Pts',(4.36162550530572,-4.49996915151961,-2.87319713624333));
#1346=CARTESIAN_POINT('Ctrl Pts',(4.26351468065778,-4.49999775957738,-2.80805219851479));
#1347=CARTESIAN_POINT('Ctrl Pts',(4.16493385340237,-4.49999989429742,-2.74416677697375));
#1348=CARTESIAN_POINT('Ctrl Pts',(4.16168756609625,-4.4999999645942,-2.74206301665069));
#1349=CARTESIAN_POINT('Ctrl Pts',(4.15844046236177,-4.49999999999999,-2.73996041874333));
#1350=CARTESIAN_POINT('Ctrl Pts',(4.15519254859253,-4.49999999999999,-2.7378589953061));
#1351=CARTESIAN_POINT('',(4.1551925553329,-4.49999999045034,-2.11285898217715));
#1352=CARTESIAN_POINT('Ctrl Pts',(4.15519253464867,-4.5,-2.73785898628436));
#1353=CARTESIAN_POINT('Ctrl Pts',(4.15519253464867,-4.5,-2.63522781234954));
#1354=CARTESIAN_POINT('Ctrl Pts',(4.15519253464867,-4.5,-2.53259663841471));
#1355=CARTESIAN_POINT('Ctrl Pts',(4.15519253464867,-4.5,-2.3257987975097));
#1356=CARTESIAN_POINT('Ctrl Pts',(4.15519253464867,-4.5,-2.22163213053952));
#1357=CARTESIAN_POINT('Ctrl Pts',(4.15519253464867,-4.5,-2.11592997053398));
#1358=CARTESIAN_POINT('Ctrl Pts',(4.15519253464867,-4.5,-2.11439447749862));
#1359=CARTESIAN_POINT('Ctrl Pts',(4.15519253464867,-4.5,-2.11285898446327));
#1360=CARTESIAN_POINT('',(5.39449951339328,-4.49999999999998,-1.11071432454917));
#1361=CARTESIAN_POINT('Ctrl Pts',(4.15519254878388,-4.49999999999999,-2.11285897363112));
#1362=CARTESIAN_POINT('Ctrl Pts',(4.26571559534639,-4.49999999999999,-2.02816254960092));
#1363=CARTESIAN_POINT('Ctrl Pts',(4.37587521411017,-4.49999460851574,-1.94227261086409));
#1364=CARTESIAN_POINT('Ctrl Pts',(4.48538491881448,-4.49997437859569,-1.85562926344626));
#1365=CARTESIAN_POINT('Ctrl Pts',(4.58517371330512,-4.49995594443645,-1.77667703530536));
#1366=CARTESIAN_POINT('Ctrl Pts',(4.68442185880383,-4.49992586150389,-1.69709921837663));
#1367=CARTESIAN_POINT('Ctrl Pts',(4.78288547313331,-4.49990292889496,-1.61722881310932));
#1368=CARTESIAN_POINT('Ctrl Pts',(4.90377666792054,-4.49987477280389,-1.51916590137631));
#1369=CARTESIAN_POINT('Ctrl Pts',(5.02436446566172,-4.49985188354516,-1.4199522565455));
#1370=CARTESIAN_POINT('Ctrl Pts',(5.14427774688699,-4.49982445900464,-1.32010254516089));
#1371=CARTESIAN_POINT('Ctrl Pts',(5.22439686978659,-4.49980613551194,-1.25338873984949));
#1372=CARTESIAN_POINT('Ctrl Pts',(5.3042139786026,-4.4997867279092,-1.18639098552836));
#1373=CARTESIAN_POINT('Ctrl Pts',(5.38360999437133,-4.49977288672677,-1.11926279077095));
#1374=CARTESIAN_POINT('Ctrl Pts',(5.38697963068048,-4.49977229929489,-1.1164138115088));
#1375=CARTESIAN_POINT('Ctrl Pts',(5.3903488418869,-4.49977171540274,-1.11356431927968));
#1376=CARTESIAN_POINT('Ctrl Pts',(5.3937176200761,-4.49977113508634,-1.1107143245482));
#1377=CARTESIAN_POINT('',(5.3944995133935,-4.49999999999985,-0.48571432816539));
#1378=CARTESIAN_POINT('',(5.39449951339325,-4.5,-5.55111512312578E-16));
#1379=CARTESIAN_POINT('',(4.72842800114099,-4.49999999999871,2.19208277640064E-17));
#1380=CARTESIAN_POINT('Ctrl Pts',(5.39440128897219,-4.49986991472131,-0.485714328166309));
#1381=CARTESIAN_POINT('Ctrl Pts',(5.26744667063631,-4.49991065840291,-0.389899695695787));
#1382=CARTESIAN_POINT('Ctrl Pts',(5.13921630446204,-4.49995131691157,-0.294837788199738));
#1383=CARTESIAN_POINT('Ctrl Pts',(5.01015863345564,-4.49997404677544,-0.201176201255626));
#1384=CARTESIAN_POINT('Ctrl Pts',(4.94127915009031,-4.49998617795113,-0.151187993119066));
#1385=CARTESIAN_POINT('Ctrl Pts',(4.87216343773971,-4.49999367456235,-0.101598662518));
#1386=CARTESIAN_POINT('Ctrl Pts',(4.8028747634394,-4.49999776034293,-0.0525066608865364));
#1387=CARTESIAN_POINT('Ctrl Pts',(4.77811552010386,-4.49999922033386,-0.0349643882641181));
#1388=CARTESIAN_POINT('Ctrl Pts',(4.75329903440211,-4.4999997463052,-0.0174603247636215));
#1389=CARTESIAN_POINT('Ctrl Pts',(4.72842800114061,-4.49999999999827,-3.91956058583894E-13));
#1390=CARTESIAN_POINT('',(-4.15519253464908,-4.49999999999981,1.82932598578631E-18));
#1391=CARTESIAN_POINT('',(5.575,-4.5,-1.38777878078145E-16));
#1392=CARTESIAN_POINT('',(-4.15519255932455,-4.49999998860744,-0.354502122941803));
#1393=CARTESIAN_POINT('Ctrl Pts',(-4.15519253464908,-4.49999999999981,1.82932598578631E-18));
#1394=CARTESIAN_POINT('Ctrl Pts',(-4.15519253464908,-4.49999999999981,-0.0140007064346568));
#1395=CARTESIAN_POINT('Ctrl Pts',(-4.15519253464867,-4.5,-0.0280014128693137));
#1396=CARTESIAN_POINT('Ctrl Pts',(-4.15519253464867,-4.5,-0.146168786274154));
#1397=CARTESIAN_POINT('Ctrl Pts',(-4.15519253464867,-4.5,-0.250335453244337));
#1398=CARTESIAN_POINT('Ctrl Pts',(-4.15519253464867,-4.5,-0.35450212021452));
#1399=CARTESIAN_POINT('',(-5.39449951297541,-4.50000000025045,-1.35664677663288));
#1400=CARTESIAN_POINT('Ctrl Pts',(-4.15519255151171,-4.5,-0.354502133137027));
#1401=CARTESIAN_POINT('Ctrl Pts',(-4.26557244234081,-4.5,-0.439088853280282));
#1402=CARTESIAN_POINT('Ctrl Pts',(-4.37556400949024,-4.49996883343225,-0.524870655196738));
#1403=CARTESIAN_POINT('Ctrl Pts',(-4.48489187237681,-4.49990383590957,-0.611409539119405));
#1404=CARTESIAN_POINT('Ctrl Pts',(-4.58835978095255,-4.49984232224272,-0.693309954014073));
#1405=CARTESIAN_POINT('Ctrl Pts',(-4.69123228033851,-4.49975104676677,-0.775888467041082));
#1406=CARTESIAN_POINT('Ctrl Pts',(-4.79324376284612,-4.49965609875443,-0.858773800970373));
#1407=CARTESIAN_POINT('Ctrl Pts',(-4.91409184235939,-4.49954361842709,-0.956964055429455));
#1408=CARTESIAN_POINT('Ctrl Pts',(-5.03461858588383,-4.49941952189433,-1.05630190317534));
#1409=CARTESIAN_POINT('Ctrl Pts',(-5.15446041362735,-4.49928026878576,-1.15627297629291));
#1410=CARTESIAN_POINT('Ctrl Pts',(-5.23425161243305,-4.4991875534736,-1.22283414212406));
#1411=CARTESIAN_POINT('Ctrl Pts',(-5.31373826006091,-4.49908902551694,-1.28967601378986));
#1412=CARTESIAN_POINT('Ctrl Pts',(-5.39280439294781,-4.49899275983978,-1.35664677668006));
#1413=CARTESIAN_POINT('',(-5.39449951339321,-4.50000000000002,-1.98164677306281));
#1414=CARTESIAN_POINT('',(-5.39449951339325,-4.5,-5.55111512312578E-16));
#1415=CARTESIAN_POINT('',(-4.15519253466878,-4.49999999999071,-2.85450211839565));
#1416=CARTESIAN_POINT('Ctrl Pts',(-5.39371388819464,-4.49977212065377,-1.98164677306195));
#1417=CARTESIAN_POINT('Ctrl Pts',(-5.26756151338709,-4.49979367195929,-2.07691992477241));
#1418=CARTESIAN_POINT('Ctrl Pts',(-5.14014198333916,-4.49982501709776,-2.17145453314428));
#1419=CARTESIAN_POINT('Ctrl Pts',(-5.01189678644026,-4.49985286487772,-2.26461274531233));
#1420=CARTESIAN_POINT('Ctrl Pts',(-4.93934884281925,-4.49986861828775,-2.31731208133136));
#1421=CARTESIAN_POINT('Ctrl Pts',(-4.86653608853089,-4.49988375524873,-2.36957095229157));
#1422=CARTESIAN_POINT('Ctrl Pts',(-4.79353257626958,-4.49990073693535,-2.4212738873051));
#1423=CARTESIAN_POINT('Ctrl Pts',(-4.67974433208013,-4.4999272057482,-2.50186160168209));
#1424=CARTESIAN_POINT('Ctrl Pts',(-4.56473301762852,-4.49995994660872,-2.58163586631213));
#1425=CARTESIAN_POINT('Ctrl Pts',(-4.44883889223032,-4.4999785256922,-2.66006850774904));
#1426=CARTESIAN_POINT('Ctrl Pts',(-4.35152026185979,-4.49999412692264,-2.72592997583259));
#1427=CARTESIAN_POINT('Ctrl Pts',(-4.25357891695547,-4.5,-2.7908454252862));
#1428=CARTESIAN_POINT('Ctrl Pts',(-4.15519253464867,-4.5,-2.85450211839342));
#1429=CARTESIAN_POINT('',(-4.15519253464874,-4.49999999999997,-3.47950212021453));
#1430=CARTESIAN_POINT('Ctrl Pts',(-4.15519253464868,-4.49999999999999,-2.85450211839343));
#1431=CARTESIAN_POINT('Ctrl Pts',(-4.15519253464868,-4.49999999999999,-2.86960690850718));
#1432=CARTESIAN_POINT('Ctrl Pts',(-4.15519253464868,-4.49999999999999,-2.88471169862094));
#1433=CARTESIAN_POINT('Ctrl Pts',(-4.15519253464868,-4.49999999999999,-2.98887836559112));
#1434=CARTESIAN_POINT('Ctrl Pts',(-4.15519253464868,-4.49999999999999,-3.07794024244755));
#1435=CARTESIAN_POINT('Ctrl Pts',(-4.15519253464868,-4.49999999999999,-3.27116878627416));
#1436=CARTESIAN_POINT('Ctrl Pts',(-4.15519253464868,-4.49999999999999,-3.37533545324434));
#1437=CARTESIAN_POINT('Ctrl Pts',(-4.15519253464868,-4.49999999999999,-3.47950212021453));
#1438=CARTESIAN_POINT('',(-5.39449947582983,-4.50000002251509,-4.48164677252739));
#1439=CARTESIAN_POINT('Ctrl Pts',(-4.15519253464869,-4.50000000000001,-3.47950212021451));
#1440=CARTESIAN_POINT('Ctrl Pts',(-4.26557132576911,-4.50000000000001,-3.56408799747873));
#1441=CARTESIAN_POINT('Ctrl Pts',(-4.37556162704121,-4.49996875914213,-3.64986893271346));
#1442=CARTESIAN_POINT('Ctrl Pts',(-4.48488810356004,-4.49990362936044,-3.7364069392552));
#1443=CARTESIAN_POINT('Ctrl Pts',(-4.58835682577281,-4.4998419892573,-3.81830820640318));
#1444=CARTESIAN_POINT('Ctrl Pts',(-4.69123000644947,-4.49975053404867,-3.90088758996312));
#1445=CARTESIAN_POINT('Ctrl Pts',(-4.7932420573974,-4.49965536589629,-3.98377380092918));
#1446=CARTESIAN_POINT('Ctrl Pts',(-4.91408865399262,-4.49954262679132,-4.08196334232988));
#1447=CARTESIAN_POINT('Ctrl Pts',(-5.03461378188481,-4.49941821324893,-4.18130046036358));
#1448=CARTESIAN_POINT('Ctrl Pts',(-5.15445390334614,-4.49927859965449,-4.28127079830397));
#1449=CARTESIAN_POINT('Ctrl Pts',(-5.23424540778828,-4.49918564264973,-4.3478326773023));
#1450=CARTESIAN_POINT('Ctrl Pts',(-5.31373230980644,-4.49908685342586,-4.41467526985654));
#1451=CARTESIAN_POINT('Ctrl Pts',(-5.39279865112573,-4.49899031103499,-4.48164675642963));
#1452=CARTESIAN_POINT('',(-5.39449951339324,-4.5,-5.10664677306282));
#1453=CARTESIAN_POINT('',(-5.39449951339325,-4.5,-5.55111512312578E-16));
#1454=CARTESIAN_POINT('',(-4.15519254344098,-4.49999999594069,-5.97950211936519));
#1455=CARTESIAN_POINT('Ctrl Pts',(-5.39279777820777,-4.49898992803151,-5.10664677306195));
#1456=CARTESIAN_POINT('Ctrl Pts',(-5.26726665943821,-4.49914327397086,-5.20156539247442));
#1457=CARTESIAN_POINT('Ctrl Pts',(-5.14046980817169,-4.49929836855171,-5.29575095488517));
#1458=CARTESIAN_POINT('Ctrl Pts',(-5.01283576704209,-4.49943545016796,-5.38857270173499));
#1459=CARTESIAN_POINT('Ctrl Pts',(-4.93988714039493,-4.49951379851105,-5.44162452784468));
#1460=CARTESIAN_POINT('Ctrl Pts',(-4.86666441369577,-4.4995867311119,-5.49423084458537));
#1461=CARTESIAN_POINT('Ctrl Pts',(-4.79324125888414,-4.49965525305824,-5.54627388730511));
#1462=CARTESIAN_POINT('Ctrl Pts',(-4.68014006572897,-4.49976080441882,-5.62644110760678));
#1463=CARTESIAN_POINT('Ctrl Pts',(-4.56581226710738,-4.49985832108643,-5.70580334492142));
#1464=CARTESIAN_POINT('Ctrl Pts',(-4.45058368438231,-4.49992025389153,-5.78384065051694));
#1465=CARTESIAN_POINT('Ctrl Pts',(-4.35271199976553,-4.49997285774923,-5.85012318546584));
#1466=CARTESIAN_POINT('Ctrl Pts',(-4.25419026914016,-4.49999999999998,-5.91544987604974));
#1467=CARTESIAN_POINT('Ctrl Pts',(-4.15519253464869,-4.49999999999998,-5.97950211839343));
#1468=CARTESIAN_POINT('',(-4.15519253464909,-4.49999999999981,-6.60450212021458));
#1469=CARTESIAN_POINT('Ctrl Pts',(-4.15519253464869,-4.49999999999998,-5.97950211839343));
#1470=CARTESIAN_POINT('Ctrl Pts',(-4.15519253464869,-4.49999999999998,-6.00107688782199));
#1471=CARTESIAN_POINT('Ctrl Pts',(-4.15519253464869,-4.49999999999998,-6.02265165725054));
#1472=CARTESIAN_POINT('Ctrl Pts',(-4.15519253464869,-4.49999999999998,-6.12681832422073));
#1473=CARTESIAN_POINT('Ctrl Pts',(-4.15519253464869,-4.49999999999998,-6.20941022176235));
#1474=CARTESIAN_POINT('Ctrl Pts',(-4.15519253464869,-4.49999999999998,-6.39616878627416));
#1475=CARTESIAN_POINT('Ctrl Pts',(-4.15519253464869,-4.49999999999998,-6.50033545324435));
#1476=CARTESIAN_POINT('Ctrl Pts',(-4.15519253464869,-4.49999999999998,-6.60450212021453));
#1477=CARTESIAN_POINT('',(-5.39449951339326,-4.49999999999999,-7.60664677667907));
#1478=CARTESIAN_POINT('Ctrl Pts',(-4.15519253464871,-4.49999999999998,-6.60450212021451));
#1479=CARTESIAN_POINT('Ctrl Pts',(-4.26557057034314,-4.49999999999998,-6.68908741857793));
#1480=CARTESIAN_POINT('Ctrl Pts',(-4.37556000226943,-4.49996870845544,-6.77486775855414));
#1481=CARTESIAN_POINT('Ctrl Pts',(-4.48488552684509,-4.49990348841366,-6.86140516247208));
#1482=CARTESIAN_POINT('Ctrl Pts',(-4.58835480447568,-4.49984176201777,-6.94330701207373));
#1483=CARTESIAN_POINT('Ctrl Pts',(-4.69122844984947,-4.49975018412696,-7.02588699057973));
#1484=CARTESIAN_POINT('Ctrl Pts',(-4.79324088815866,-4.49965486567857,-7.10877380092919));
#1485=CARTESIAN_POINT('Ctrl Pts',(-4.91408646437713,-4.49954194991053,-7.20696285045696));
#1486=CARTESIAN_POINT('Ctrl Pts',(-5.03461048092192,-4.49941731991525,-7.30629946512039));
#1487=CARTESIAN_POINT('Ctrl Pts',(-5.15444942892105,-4.4992774601728,-7.40626929592299));
#1488=CARTESIAN_POINT('Ctrl Pts',(-5.23424116012963,-4.4991843381022,-7.47283167819979));
#1489=CARTESIAN_POINT('Ctrl Pts',(-5.31372825364381,-4.49908537043812,-7.5396747794554));
#1490=CARTESIAN_POINT('Ctrl Pts',(-5.39279475473543,-4.4989886390658,-7.60664677668007));
#1491=CARTESIAN_POINT('',(-5.39449951339335,-4.49999999999995,-8.23164677306283));
#1492=CARTESIAN_POINT('',(-5.39449951339325,-4.5,-5.55111512312578E-16));
#1493=CARTESIAN_POINT('',(-4.15519254777859,-4.49999999393807,-9.10450211984461));
#1494=CARTESIAN_POINT('Ctrl Pts',(-5.39279411406543,-4.49898836636275,-8.23164677306196));
#1495=CARTESIAN_POINT('Ctrl Pts',(-5.26726494798618,-4.49914198988357,-8.32656441302622));
#1496=CARTESIAN_POINT('Ctrl Pts',(-5.14047001728794,-4.49929733724823,-8.42074901134595));
#1497=CARTESIAN_POINT('Ctrl Pts',(-5.01283782690287,-4.4994346373603,-8.51356982870249));
#1498=CARTESIAN_POINT('Ctrl Pts',(-4.93988818827239,-4.49951311281019,-8.56662262880814));
#1499=CARTESIAN_POINT('Ctrl Pts',(-4.86666441120919,-4.49958616093778,-8.6192299055657));
#1500=CARTESIAN_POINT('Ctrl Pts',(-4.79324016647526,-4.49965478469997,-8.6712738878914));
#1501=CARTESIAN_POINT('Ctrl Pts',(-4.68014083890652,-4.49976048958514,-8.75144004317656));
#1502=CARTESIAN_POINT('Ctrl Pts',(-4.56581486431237,-4.49985812905852,-8.83080123667842));
#1503=CARTESIAN_POINT('Ctrl Pts',(-4.45058802616531,-4.49992014348371,-8.90883754058342));
#1504=CARTESIAN_POINT('Ctrl Pts',(-4.35271499512134,-4.49997281818919,-8.97512114011171));
#1505=CARTESIAN_POINT('Ctrl Pts',(-4.25419182327988,-4.50000000000001,-9.04044887042086));
#1506=CARTESIAN_POINT('Ctrl Pts',(-4.15519254324224,-4.50000000000001,-9.10450211283333));
#1507=CARTESIAN_POINT('',(-4.15519253465006,-4.49999999999936,-9.72950212021469));
#1508=CARTESIAN_POINT('Ctrl Pts',(-4.15519253464868,-4.49999999999999,-9.10450211839344));
#1509=CARTESIAN_POINT('Ctrl Pts',(-4.15519253464868,-4.49999999999999,-9.13254686713679));
#1510=CARTESIAN_POINT('Ctrl Pts',(-4.15519253464868,-4.49999999999999,-9.16059161588015));
#1511=CARTESIAN_POINT('Ctrl Pts',(-4.15519253464868,-4.49999999999999,-9.26475828285033));
#1512=CARTESIAN_POINT('Ctrl Pts',(-4.15519253464868,-4.49999999999999,-9.34088020107716));
#1513=CARTESIAN_POINT('Ctrl Pts',(-4.15519253464868,-4.49999999999999,-9.52116878627417));
#1514=CARTESIAN_POINT('Ctrl Pts',(-4.15519253464868,-4.49999999999999,-9.62533545324435));
#1515=CARTESIAN_POINT('Ctrl Pts',(-4.15519253464868,-4.49999999999999,-9.72950212021453));
#1516=CARTESIAN_POINT('',(-5.39449951339331,-4.49999999999996,-10.7316467766791));
#1517=CARTESIAN_POINT('Ctrl Pts',(-4.15519253464869,-4.5,-9.72950212021452));
#1518=CARTESIAN_POINT('Ctrl Pts',(-4.26557001905942,-4.5,-9.8140869961162));
#1519=CARTESIAN_POINT('Ctrl Pts',(-4.37555881674173,-4.49996867165078,-9.89986690169344));
#1520=CARTESIAN_POINT('Ctrl Pts',(-4.48488364692937,-4.49990338606472,-9.98640386583754));
#1521=CARTESIAN_POINT('Ctrl Pts',(-4.58835333017174,-4.4998415970009,-10.0683061404935));
#1522=CARTESIAN_POINT('Ctrl Pts',(-4.69122731506849,-4.49974993001047,-10.1508865531704));
#1523=CARTESIAN_POINT('Ctrl Pts',(-4.79324003655044,-4.49965450240258,-10.2337738009292));
#1524=CARTESIAN_POINT('Ctrl Pts',(-4.91408486809168,-4.49954145833285,-10.3319624909946));
#1525=CARTESIAN_POINT('Ctrl Pts',(-5.03460807370408,-4.49941667113347,-10.4312987377934));
#1526=CARTESIAN_POINT('Ctrl Pts',(-5.1544461655429,-4.49927663261171,-10.5312681979782));
#1527=CARTESIAN_POINT('Ctrl Pts',(-5.2342380575282,-4.49918339065141,-10.5978309431495));
#1528=CARTESIAN_POINT('Ctrl Pts',(-5.31372528616084,-4.49908429338021,-10.6646744112215));
#1529=CARTESIAN_POINT('Ctrl Pts',(-5.392791899315,-4.49898742473901,-10.7316467766801));
#1530=CARTESIAN_POINT('',(-5.39449951339349,-4.49999999999986,-11.3566467730628));
#1531=CARTESIAN_POINT('',(-5.39449951339325,-4.5,-5.55111512312578E-16));
#1532=CARTESIAN_POINT('',(-4.15519253505539,-4.49999999981222,-12.2295021184384));
#1533=CARTESIAN_POINT('Ctrl Pts',(-5.39298714170355,-4.49907803556478,-11.356646773062));
#1534=CARTESIAN_POINT('Ctrl Pts',(-5.26730139564783,-4.49921635018626,-11.4516577558576));
#1535=CARTESIAN_POINT('Ctrl Pts',(-5.14034967123159,-4.49935747862826,-11.5459342543109));
#1536=CARTESIAN_POINT('Ctrl Pts',(-5.01256325492127,-4.49948230729963,-11.6388436667358));
#1537=CARTESIAN_POINT('Ctrl Pts',(-4.9397227649388,-4.49955346182331,-11.6918036551322));
#1538=CARTESIAN_POINT('Ctrl Pts',(-4.86661045133105,-4.49961979261432,-11.7443194500479));
#1539=CARTESIAN_POINT('Ctrl Pts',(-4.79329994167913,-4.49968245589302,-11.7962738873051));
#1540=CARTESIAN_POINT('Ctrl Pts',(-4.68004620096259,-4.49977926125904,-11.8765356996175));
#1541=CARTESIAN_POINT('Ctrl Pts',(-4.5655665211163,-4.49986967474792,-11.9559906281688));
#1542=CARTESIAN_POINT('Ctrl Pts',(-4.45018952317884,-4.49992682411401,-12.0341168815392));
#1543=CARTESIAN_POINT('Ctrl Pts',(-4.35244325049912,-4.4999752405022,-12.1003046850174));
#1544=CARTESIAN_POINT('Ctrl Pts',(-4.25405274274974,-4.50000000000002,-12.165538856608));
#1545=CARTESIAN_POINT('Ctrl Pts',(-4.15519253464865,-4.50000000000002,-12.2295021183934));
#1546=CARTESIAN_POINT('Ctrl Pts',(-4.15519253464868,-4.49999999999999,-12.2295021183934));
#1547=CARTESIAN_POINT('Ctrl Pts',(-4.15519253464868,-4.49999999999999,-12.2640168464516));
#1548=CARTESIAN_POINT('Ctrl Pts',(-4.15519253464873,-4.49999999999995,-12.2985315745098));
#1549=CARTESIAN_POINT('Ctrl Pts',(-4.15519253464873,-4.49999999999995,-12.3886975350453));
#1550=CARTESIAN_POINT('Ctrl Pts',(-4.15519253464873,-4.49999999999995,-12.4443487675226));
#1551=CARTESIAN_POINT('Ctrl Pts',(-4.15519253464873,-4.49999999999995,-12.5));
#1552=CARTESIAN_POINT('Ctrl Pts',(4.15519253464871,4.49999999999999,-11.2920021202145));
#1553=CARTESIAN_POINT('Ctrl Pts',(5.21618367068727,3.52030612271201,-11.4092673867959));
#1554=CARTESIAN_POINT('Ctrl Pts',(6.37205743064789,1.24040722563077,-11.6047094977649));
#1555=CARTESIAN_POINT('Ctrl Pts',(5.95944425978035,-2.20301311250017,-11.8783284531215));
#1556=CARTESIAN_POINT('Ctrl Pts',(4.86251995867441,-3.84687074847467,-12.0346821418968));
#1557=CARTESIAN_POINT('Ctrl Pts',(4.15519253464871,-4.49999999999999,-12.1128589862844));
#1558=CARTESIAN_POINT('Ctrl Pts',(4.35871216899905,4.72040816326551,-11.6045021199391));
#1559=CARTESIAN_POINT('Ctrl Pts',(5.47167021782322,3.69272927974298,-11.7217673865205));
#1560=CARTESIAN_POINT('Ctrl Pts',(6.68415820276157,1.30116186525356,-11.9172094974895));
#1561=CARTESIAN_POINT('Ctrl Pts',(6.25133540719845,-2.31091579556151,-12.1908284528461));
#1562=CARTESIAN_POINT('Ctrl Pts',(5.1006842015485,-4.03528890758382,-12.3471821416213));
#1563=CARTESIAN_POINT('Ctrl Pts',(4.35871216899905,-4.72040816326551,-12.4253589860089));
#1564=CARTESIAN_POINT('Ctrl Pts',(4.56223180334939,4.94081632653103,-11.9170021196637));
#1565=CARTESIAN_POINT('Ctrl Pts',(5.72715676495918,3.86515243677394,-12.0342673862451));
#1566=CARTESIAN_POINT('Ctrl Pts',(6.99625897487524,1.36191650487635,-12.2297094972141));
#1567=CARTESIAN_POINT('Ctrl Pts',(6.54322655461655,-2.41881847862284,-12.5033284525707));
#1568=CARTESIAN_POINT('Ctrl Pts',(5.33884844442258,-4.22370706669297,-12.6596821413459));
#1569=CARTESIAN_POINT('Ctrl Pts',(4.56223180334939,-4.94081632653103,-12.7378589857335));
#1570=CARTESIAN_POINT('Ctrl Pts',(4.76575143769973,5.16122448979656,-12.2295021193883));
#1571=CARTESIAN_POINT('Ctrl Pts',(5.98264331209513,4.0375755938049,-12.3467673859697));
#1572=CARTESIAN_POINT('Ctrl Pts',(7.30835974698891,1.42267114449914,-12.5422094969387));
#1573=CARTESIAN_POINT('Ctrl Pts',(6.83511770203465,-2.52672116168418,-12.8158284522953));
#1574=CARTESIAN_POINT('Ctrl Pts',(5.57701268729666,-4.41212522580212,-12.9721821410705));
#1575=CARTESIAN_POINT('Ctrl Pts',(4.76575143769973,-5.16122448979656,-13.0503589854581));
#1576=CARTESIAN_POINT('',(5.39449951339335,4.49999999999994,-12.2941467766791));
#1577=CARTESIAN_POINT('Ctrl Pts',(5.39279074394163,4.49898693420192,-12.2941467766774));
#1578=CARTESIAN_POINT('Ctrl Pts',(6.01071255572747,3.75305609396568,-12.3627645177844));
#1579=CARTESIAN_POINT('Ctrl Pts',(6.47315854056778,2.87800557997647,-12.4313822588913));
#1580=CARTESIAN_POINT('Ctrl Pts',(6.74456827565746,1.94818755469374,-12.4999999999983));
#1581=CARTESIAN_POINT('',(4.15519253464914,4.49999999999978,-11.2920021202146));
#1582=CARTESIAN_POINT('Ctrl Pts',(4.15519253464871,4.49999999999999,-11.2920021202145));
#1583=CARTESIAN_POINT('Ctrl Pts',(4.26556979573948,4.49999999999998,-11.3765868249808));
#1584=CARTESIAN_POINT('Ctrl Pts',(4.37555833653775,4.49996865678541,-11.4623665545871));
#1585=CARTESIAN_POINT('Ctrl Pts',(4.48488288550981,4.49990334472502,-11.5489033405828));
#1586=CARTESIAN_POINT('Ctrl Pts',(4.5883527331317,4.49984153034756,-11.6308057874244));
#1587=CARTESIAN_POINT('Ctrl Pts',(4.69122685566431,4.4997498273656,-11.71338637598));
#1588=CARTESIAN_POINT('Ctrl Pts',(4.79323969197605,4.499654355662,-11.7962738009292));
#1589=CARTESIAN_POINT('Ctrl Pts',(4.91408422194543,4.49954125976581,-11.8944623453369));
#1590=CARTESIAN_POINT('Ctrl Pts',(5.0346070991782,4.49941640906384,-11.9937984430732));
#1591=CARTESIAN_POINT('Ctrl Pts',(5.15444484433958,4.49927629832223,-12.0937677530801));
#1592=CARTESIAN_POINT('Ctrl Pts',(5.23423680163598,4.4991830079295,-12.1603306452997));
#1593=CARTESIAN_POINT('Ctrl Pts',(5.31372408519543,4.49908385829936,-12.2271742620093));
#1594=CARTESIAN_POINT('Ctrl Pts',(5.39279074394389,4.49898693420315,-12.2941467766801));
#1595=CARTESIAN_POINT('Ctrl Pts',(4.15519253464865,4.50000000000002,-11.2920021202145));
#1596=CARTESIAN_POINT('Ctrl Pts',(5.21618367068723,3.52030612271205,-11.4092673867959));
#1597=CARTESIAN_POINT('Ctrl Pts',(6.37205008762697,1.24040409036974,-11.604709497765));
#1598=CARTESIAN_POINT('Ctrl Pts',(5.95944010238342,-2.20301422002505,-11.8783284531216));
#1599=CARTESIAN_POINT('Ctrl Pts',(4.86251995867437,-3.8468707484747,-12.0346821418968));
#1600=CARTESIAN_POINT('Ctrl Pts',(4.15519253464865,-4.50000000000002,-12.1128589862844));
#1601=CARTESIAN_POINT('Origin',(0.,0.,0.));
#1602=CARTESIAN_POINT('',(5.39449951339325,4.5,-5.55111512312578E-16));
#1603=CARTESIAN_POINT('Origin',(-11.15,4.5,2.));
#1604=CARTESIAN_POINT('',(-5.39449951070537,4.50000000161108,-12.0482143248463));
#1605=CARTESIAN_POINT('Ctrl Pts',(-4.85049828439681,4.50000000299242,-12.500000014156));
#1606=CARTESIAN_POINT('Ctrl Pts',(-4.97203887666119,4.50000271375274,-12.4009708365916));
#1607=CARTESIAN_POINT('Ctrl Pts',(-5.09318546929679,4.49999519904146,-12.3008745150209));
#1608=CARTESIAN_POINT('Ctrl Pts',(-5.21355894514463,4.4999781822068,-12.2002344703734));
#1609=CARTESIAN_POINT('Ctrl Pts',(-5.2706361441597,4.49997011337559,-12.152514224557));
#1610=CARTESIAN_POINT('Ctrl Pts',(-5.32753895424246,4.49996050611768,-12.1046717308235));
#1611=CARTESIAN_POINT('Ctrl Pts',(-5.38422429224456,4.49995238372854,-12.056762790771));
#1612=CARTESIAN_POINT('Ctrl Pts',(-5.38759517363454,4.4999519007181,-12.0539138114735));
#1613=CARTESIAN_POINT('Ctrl Pts',(-5.39096561972085,4.49995141617871,-12.0510643192088));
#1614=CARTESIAN_POINT('Ctrl Pts',(-5.39433562255272,4.49995093019868,-12.0482143245482));
#1615=CARTESIAN_POINT('',(-5.39449951339325,4.5,-11.4232143281654));
#1616=CARTESIAN_POINT('',(-5.39449951339325,4.5,-5.55111512312578E-16));
#1617=CARTESIAN_POINT('',(-4.15519253464981,4.49999999999947,-10.5503589862842));
#1618=CARTESIAN_POINT('Ctrl Pts',(-5.39370225508857,4.49977525935114,-11.4232143281663));
#1619=CARTESIAN_POINT('Ctrl Pts',(-5.2674101787011,4.4997962613702,-11.3278340949236));
#1620=CARTESIAN_POINT('Ctrl Pts',(-5.13985570789117,4.49982689166417,-11.2331997768003));
#1621=CARTESIAN_POINT('Ctrl Pts',(-5.01148058481387,4.4998543056163,-11.1399502011447));
#1622=CARTESIAN_POINT('Ctrl Pts',(-4.94206866846138,4.49986912823074,-11.0895305280012));
#1623=CARTESIAN_POINT('Ctrl Pts',(-4.8724162609139,4.49988349897503,-11.0395156873246));
#1624=CARTESIAN_POINT('Ctrl Pts',(-4.80258813613397,4.49989957772081,-10.9900066608866));
#1625=CARTESIAN_POINT('Ctrl Pts',(-4.68863086716254,4.49992581772029,-10.9092095113125));
#1626=CARTESIAN_POINT('Ctrl Pts',(-4.5734497382223,4.4999584747209,-10.8292244653293));
#1627=CARTESIAN_POINT('Ctrl Pts',(-4.45738629270196,4.49997725658097,-10.7505811512957));
#1628=CARTESIAN_POINT('Ctrl Pts',(-4.36045923111823,4.49999294171335,-10.6849044405249));
#1629=CARTESIAN_POINT('Ctrl Pts',(-4.26291657948951,4.49999921868066,-10.6201634907458));
#1630=CARTESIAN_POINT('Ctrl Pts',(-4.16493393445604,4.49999996287153,-10.5566667769738));
#1631=CARTESIAN_POINT('Ctrl Pts',(-4.16168758855462,4.49999998752795,-10.5545630136345));
#1632=CARTESIAN_POINT('Ctrl Pts',(-4.15844045306369,4.50000000000001,-10.5524604127227));
#1633=CARTESIAN_POINT('Ctrl Pts',(-4.15519253464869,4.5,-10.5503589862844));
#1634=CARTESIAN_POINT('',(-4.15519254339295,4.49999999596287,-9.92535898349682));
#1635=CARTESIAN_POINT('Ctrl Pts',(-4.15519253464868,4.49999999999999,-10.5503589862844));
#1636=CARTESIAN_POINT('Ctrl Pts',(-4.15519253464868,4.49999999999999,-10.4995053063525));
#1637=CARTESIAN_POINT('Ctrl Pts',(-4.15519253464868,4.49999999999999,-10.4486516264207));
#1638=CARTESIAN_POINT('Ctrl Pts',(-4.15519253464868,4.49999999999999,-10.3460204524859));
#1639=CARTESIAN_POINT('Ctrl Pts',(-4.15519253464868,4.49999999999999,-10.2942429584829));
#1640=CARTESIAN_POINT('Ctrl Pts',(-4.15519253464868,4.49999999999999,-10.1382987975097));
#1641=CARTESIAN_POINT('Ctrl Pts',(-4.15519253464868,4.49999999999999,-10.0341321305395));
#1642=CARTESIAN_POINT('Ctrl Pts',(-4.15519253464868,4.49999999999999,-9.92842997053399));
#1643=CARTESIAN_POINT('Ctrl Pts',(-4.15519253464868,4.49999999999999,-9.92689447749863));
#1644=CARTESIAN_POINT('Ctrl Pts',(-4.15519253464868,4.49999999999999,-9.92535898446328));
#1645=CARTESIAN_POINT('',(-5.39449949186155,4.50000001290586,-8.92321432692896));
#1646=CARTESIAN_POINT('Ctrl Pts',(-4.15519253464863,4.50000000000003,-9.92535898446328));
#1647=CARTESIAN_POINT('Ctrl Pts',(-4.26571039060668,4.50000000000004,-9.84066653823878));
#1648=CARTESIAN_POINT('Ctrl Pts',(-4.37586445171505,4.49999471296867,-9.75478068940323));
#1649=CARTESIAN_POINT('Ctrl Pts',(-4.48536836147501,4.49997467207981,-9.66814148196494));
#1650=CARTESIAN_POINT('Ctrl Pts',(-4.58516170958179,4.49995640837213,-9.58918524554803));
#1651=CARTESIAN_POINT('Ctrl Pts',(-4.68441410536386,4.4999265633766,-9.50960333861789));
#1652=CARTESIAN_POINT('Ctrl Pts',(-4.7828816881243,4.49990392462566,-9.42972881315151));
#1653=CARTESIAN_POINT('Ctrl Pts',(-4.90376665444339,4.49987613187836,-9.33166984744857));
#1654=CARTESIAN_POINT('Ctrl Pts',(-5.0243479348915,4.4998536919206,-9.2324602412425));
#1655=CARTESIAN_POINT('Ctrl Pts',(-5.14425453556171,4.49982678384626,-9.13261459896639));
#1656=CARTESIAN_POINT('Ctrl Pts',(-5.22437724403756,4.49980880362012,-9.06589680992093));
#1657=CARTESIAN_POINT('Ctrl Pts',(-5.30419780483207,4.4997897688336,-8.99889502841714));
#1658=CARTESIAN_POINT('Ctrl Pts',(-5.38359713891501,4.49977632574157,-8.93176279077096));
#1659=CARTESIAN_POINT('Ctrl Pts',(-5.38696670853711,4.49977575524013,-8.92891381538283));
#1660=CARTESIAN_POINT('Ctrl Pts',(-5.39033585290152,4.49977518832461,-8.92606432702919));
#1661=CARTESIAN_POINT('Ctrl Pts',(-5.39370456411666,4.49977462503076,-8.92321433615635));
#1662=CARTESIAN_POINT('',(-5.3944995133933,4.49999999999997,-8.29821432816543));
#1663=CARTESIAN_POINT('',(-5.39449951339325,4.5,-5.55111512312578E-16));
#1664=CARTESIAN_POINT('',(-4.15519253464895,4.49999999999987,-7.42535898628434));
#1665=CARTESIAN_POINT('Ctrl Pts',(-5.39370524870173,4.49977444250522,-8.29821432816632));
#1666=CARTESIAN_POINT('Ctrl Pts',(-5.2674106285877,4.49979559397274,-8.20283257934534));
#1667=CARTESIAN_POINT('Ctrl Pts',(-5.13985362074773,4.49982635981291,-8.10819676934873));
#1668=CARTESIAN_POINT('Ctrl Pts',(-5.01147600877237,4.4998538898225,-8.01494575597794));
#1669=CARTESIAN_POINT('Ctrl Pts',(-4.94206588950188,4.49986877451477,-7.96452758835068));
#1670=CARTESIAN_POINT('Ctrl Pts',(-4.87241531487262,4.49988320172732,-7.91451423236391));
#1671=CARTESIAN_POINT('Ctrl Pts',(-4.8025890568031,4.49989933027432,-7.86500666088655));
#1672=CARTESIAN_POINT('Ctrl Pts',(-4.68862945772415,4.49992565278968,-7.78420807375167));
#1673=CARTESIAN_POINT('Ctrl Pts',(-4.57344601555622,4.49995837551217,-7.70422161910614));
#1674=CARTESIAN_POINT('Ctrl Pts',(-4.45738031319889,4.49997720016388,-7.62557695357892));
#1675=CARTESIAN_POINT('Ctrl Pts',(-4.36045515646314,4.49999292041785,-7.55990168191952));
#1676=CARTESIAN_POINT('Ctrl Pts',(-4.26291449700572,4.49999921736642,-7.49516213795121));
#1677=CARTESIAN_POINT('Ctrl Pts',(-4.16493393469454,4.49999996280852,-7.43166677697376));
#1678=CARTESIAN_POINT('Ctrl Pts',(-4.16168758866922,4.49999998750692,-7.42956301365711));
#1679=CARTESIAN_POINT('Ctrl Pts',(-4.15844045308112,4.49999999999997,-7.42746041273392));
#1680=CARTESIAN_POINT('Ctrl Pts',(-4.15519253464873,4.49999999999997,-7.42535898628435));
#1681=CARTESIAN_POINT('',(-4.15519254478895,4.49999999531835,-6.80035898334252));
#1682=CARTESIAN_POINT('Ctrl Pts',(-4.15519253464868,4.49999999999999,-7.42535898628437));
#1683=CARTESIAN_POINT('Ctrl Pts',(-4.15519253464868,4.49999999999999,-7.38097528566733));
#1684=CARTESIAN_POINT('Ctrl Pts',(-4.15519253464868,4.49999999999999,-7.33659158505028));
#1685=CARTESIAN_POINT('Ctrl Pts',(-4.15519253464868,4.49999999999999,-7.23396041111546));
#1686=CARTESIAN_POINT('Ctrl Pts',(-4.15519253464868,4.49999999999999,-7.17571293779767));
#1687=CARTESIAN_POINT('Ctrl Pts',(-4.15519253464868,4.49999999999999,-7.01329879750971));
#1688=CARTESIAN_POINT('Ctrl Pts',(-4.15519253464868,4.49999999999999,-6.90913213053953));
#1689=CARTESIAN_POINT('Ctrl Pts',(-4.15519253464868,4.49999999999999,-6.80342997053399));
#1690=CARTESIAN_POINT('Ctrl Pts',(-4.15519253464868,4.49999999999999,-6.80189447749863));
#1691=CARTESIAN_POINT('Ctrl Pts',(-4.15519253464868,4.49999999999999,-6.80035898446327));
#1692=CARTESIAN_POINT('',(-5.39449951339334,4.49999999999994,-5.79821432454917));
#1693=CARTESIAN_POINT('Ctrl Pts',(-4.15519253464866,4.5,-6.80035898446327));
#1694=CARTESIAN_POINT('Ctrl Pts',(-4.26571192719367,4.50000000000001,-6.71566536071585));
#1695=CARTESIAN_POINT('Ctrl Pts',(-4.37586763263382,4.49999468184037,-6.62977830117223));
#1696=CARTESIAN_POINT('Ctrl Pts',(-4.48537325623398,4.49997458466995,-6.5431378681952));
#1697=CARTESIAN_POINT('Ctrl Pts',(-4.58516525622779,4.49995627020568,-6.46418281727766));
#1698=CARTESIAN_POINT('Ctrl Pts',(-4.68441639307607,4.49992635437628,-6.3846021200186));
#1699=CARTESIAN_POINT('Ctrl Pts',(-4.7828827998306,4.49990362819553,-6.30472881315151));
#1700=CARTESIAN_POINT('Ctrl Pts',(-4.90376960991813,4.49987572735516,-6.20666867673995));
#1701=CARTESIAN_POINT('Ctrl Pts',(-5.02435281884956,4.49985315379457,-6.10745787235045));
#1702=CARTESIAN_POINT('Ctrl Pts',(-5.14426139569122,4.49982609222205,-6.00761102284792));
#1703=CARTESIAN_POINT('Ctrl Pts',(-5.22438303653826,4.49980800996595,-5.94089441569384));
#1704=CARTESIAN_POINT('Ctrl Pts',(-5.30420256900921,4.49978886439493,-5.87389382897268));
#1705=CARTESIAN_POINT('Ctrl Pts',(-5.383600914154,4.49977530303927,-5.80676279077096));
#1706=CARTESIAN_POINT('Ctrl Pts',(-5.38697050660726,4.49977472750785,-5.80391381149701));
#1707=CARTESIAN_POINT('Ctrl Pts',(-5.39033967384759,4.49977415554873,-5.80106431925599));
#1708=CARTESIAN_POINT('Ctrl Pts',(-5.39370840791933,4.49977358719769,-5.79821432454821));
#1709=CARTESIAN_POINT('',(-5.39449951339339,4.49999999999992,-5.17321432816541));
#1710=CARTESIAN_POINT('',(-5.39449951339325,4.5,-5.55111512312578E-16));
#1711=CARTESIAN_POINT('',(-4.15519253464884,4.49999999999992,-4.30035898628435));
#1712=CARTESIAN_POINT('Ctrl Pts',(-5.39370934287483,4.49977333543515,-5.17321432816632));
#1713=CARTESIAN_POINT('Ctrl Pts',(-5.26741125826549,4.49979468961538,-5.07783051754783));
#1714=CARTESIAN_POINT('Ctrl Pts',(-5.13985079542941,4.49982563924339,-4.98319267800225));
#1715=CARTESIAN_POINT('Ctrl Pts',(-5.01146979446557,4.49985332656711,-4.88993970876159));
#1716=CARTESIAN_POINT('Ctrl Pts',(-4.94206211831996,4.49986829539258,-4.83952358924174));
#1717=CARTESIAN_POINT('Ctrl Pts',(-4.87241403571528,4.49988279912036,-4.78951225303049));
#1718=CARTESIAN_POINT('Ctrl Pts',(-4.80259031581238,4.49989899513706,-4.74000666088654));
#1719=CARTESIAN_POINT('Ctrl Pts',(-4.68862754232256,4.49992542946318,-4.65920611643222));
#1720=CARTESIAN_POINT('Ctrl Pts',(-4.57344094911617,4.49995824120539,-4.57921774381525));
#1721=CARTESIAN_POINT('Ctrl Pts',(-4.4573721730039,4.49997712379977,-4.50057123815765));
#1722=CARTESIAN_POINT('Ctrl Pts',(-4.36044960905521,4.49999289160161,-4.43489792592623));
#1723=CARTESIAN_POINT('Ctrl Pts',(-4.26291166161676,4.49999921558796,-4.37016029604594));
#1724=CARTESIAN_POINT('Ctrl Pts',(-4.16493393502072,4.49999996272319,-4.30666677697376));
#1725=CARTESIAN_POINT('Ctrl Pts',(-4.16168758876473,4.4999999874784,-4.30456301364834));
#1726=CARTESIAN_POINT('Ctrl Pts',(-4.15844045307438,4.49999999999999,-4.30246041272957));
#1727=CARTESIAN_POINT('Ctrl Pts',(-4.15519253464871,4.49999999999999,-4.30035898628435));
#1728=CARTESIAN_POINT('',(-4.1551925346512,4.49999999999883,-3.67535898446299));
#1729=CARTESIAN_POINT('Ctrl Pts',(-4.15519253464866,4.50000000000001,-4.30035898628437));
#1730=CARTESIAN_POINT('Ctrl Pts',(-4.15519253464866,4.50000000000001,-4.19772781234954));
#1731=CARTESIAN_POINT('Ctrl Pts',(-4.15519253464866,4.50000000000001,-4.09509663841472));
#1732=CARTESIAN_POINT('Ctrl Pts',(-4.15519253464866,4.50000000000001,-3.88829879750971));
#1733=CARTESIAN_POINT('Ctrl Pts',(-4.15519253464866,4.50000000000001,-3.78413213053953));
#1734=CARTESIAN_POINT('Ctrl Pts',(-4.15519253464866,4.50000000000001,-3.67842997053398));
#1735=CARTESIAN_POINT('Ctrl Pts',(-4.15519253464866,4.50000000000001,-3.67689447749863));
#1736=CARTESIAN_POINT('Ctrl Pts',(-4.15519253464866,4.50000000000001,-3.67535898446327));
#1737=CARTESIAN_POINT('',(-5.39449951339331,4.49999999999997,-2.67321432454917));
#1738=CARTESIAN_POINT('Ctrl Pts',(-4.15519253464866,4.50000000000001,-3.67535898446327));
#1739=CARTESIAN_POINT('Ctrl Pts',(-4.26549421861907,4.50000000000001,-3.5908321959443));
#1740=CARTESIAN_POINT('Ctrl Pts',(-4.3754023892877,4.49996845907423,-3.50511666881927));
#1741=CARTESIAN_POINT('Ctrl Pts',(-4.48464173238604,4.49990335097507,-3.41864986997655));
#1742=CARTESIAN_POINT('Ctrl Pts',(-4.58460316996044,4.4998437726308,-3.33952686108961));
#1743=CARTESIAN_POINT('Ctrl Pts',(-4.684003550404,4.4997567174631,-3.25977477511666));
#1744=CARTESIAN_POINT('Ctrl Pts',(-4.78260332327463,4.49966578676305,-3.1797288131515));
#1745=CARTESIAN_POINT('Ctrl Pts',(-4.90326507830519,4.4995545100579,-3.08177233746572));
#1746=CARTESIAN_POINT('Ctrl Pts',(-5.02360446457408,4.49943135129814,-2.98266762529014));
#1747=CARTESIAN_POINT('Ctrl Pts',(-5.14325944056355,4.49929277677797,-2.88292766916973));
#1748=CARTESIAN_POINT('Ctrl Pts',(-5.22342285879466,4.49919993812144,-2.81610641288085));
#1749=CARTESIAN_POINT('Ctrl Pts',(-5.30327814845672,4.49910108936818,-2.74900003411106));
#1750=CARTESIAN_POINT('Ctrl Pts',(-5.38270758884367,4.4990044729854,-2.68176279077095));
#1751=CARTESIAN_POINT('Ctrl Pts',(-5.38607317638723,4.49900037915202,-2.67891381150651));
#1752=CARTESIAN_POINT('Ctrl Pts',(-5.389438332286,4.49899628245239,-2.67606431927509));
#1753=CARTESIAN_POINT('Ctrl Pts',(-5.39280304874518,4.498992183026,-2.6732143245482));
#1754=CARTESIAN_POINT('',(-5.39449951339348,4.49999999999986,-2.0482143281654));
#1755=CARTESIAN_POINT('',(-5.39449951339325,4.5,-5.55111512312578E-16));
#1756=CARTESIAN_POINT('',(-4.15519253876179,4.49999999810102,-1.17535898582976));
#1757=CARTESIAN_POINT('Ctrl Pts',(-5.39371528021481,4.49977175175208,-2.04821432816631));
#1758=CARTESIAN_POINT('Ctrl Pts',(-5.26741220240586,4.49979339627603,-1.95282755113546));
#1759=CARTESIAN_POINT('Ctrl Pts',(-5.13984676088124,4.49982460899431,-1.85818679157737));
#1760=CARTESIAN_POINT('Ctrl Pts',(-5.01146087734119,4.49985252140521,-1.76493100833463));
#1761=CARTESIAN_POINT('Ctrl Pts',(-4.94205671270848,4.49986761058408,-1.7145178355257));
#1762=CARTESIAN_POINT('Ctrl Pts',(-4.87241221229229,4.49988222373404,-1.66450940526413));
#1763=CARTESIAN_POINT('Ctrl Pts',(-4.80259214133534,4.49989851621177,-1.61500666088654));
#1764=CARTESIAN_POINT('Ctrl Pts',(-4.6886247911014,4.49992511043446,-1.53420329691545));
#1765=CARTESIAN_POINT('Ctrl Pts',(-4.573433655666,4.49995804940483,-1.45421216146376));
#1766=CARTESIAN_POINT('Ctrl Pts',(-4.45736044974979,4.49997701477198,-1.37556300510623));
#1767=CARTESIAN_POINT('Ctrl Pts',(-4.36044161902799,4.49999285047837,-1.30989251542466));
#1768=CARTESIAN_POINT('Ctrl Pts',(-4.26290757730404,4.49999921304986,-1.24515764278288));
#1769=CARTESIAN_POINT('Ctrl Pts',(-4.16493393549358,4.49999996260139,-1.18166677697375));
#1770=CARTESIAN_POINT('Ctrl Pts',(-4.16168758890699,4.49999998743771,-1.17956301363812));
#1771=CARTESIAN_POINT('Ctrl Pts',(-4.15844045306651,4.5,-1.17746041272448));
#1772=CARTESIAN_POINT('Ctrl Pts',(-4.1551925346487,4.5,-1.17535898628434));
#1773=CARTESIAN_POINT('',(-4.15519253876178,4.49999999810102,-0.550358984008662));
#1774=CARTESIAN_POINT('Ctrl Pts',(-4.15519253464867,4.5,-1.17535898628436));
#1775=CARTESIAN_POINT('Ctrl Pts',(-4.15519253464867,4.5,-1.07272781234954));
#1776=CARTESIAN_POINT('Ctrl Pts',(-4.15519253464867,4.5,-0.97009663841471));
#1777=CARTESIAN_POINT('Ctrl Pts',(-4.15519253464867,4.5,-0.763298797509702));
#1778=CARTESIAN_POINT('Ctrl Pts',(-4.15519253464867,4.5,-0.659132130539518));
#1779=CARTESIAN_POINT('Ctrl Pts',(-4.15519253464867,4.5,-0.553429970533978));
#1780=CARTESIAN_POINT('Ctrl Pts',(-4.15519253464867,4.5,-0.55189447749862));
#1781=CARTESIAN_POINT('Ctrl Pts',(-4.15519253464867,4.5,-0.550358984463263));
#1782=CARTESIAN_POINT('',(-4.85049830417093,4.49999999999981,4.86443534558326E-17));
#1783=CARTESIAN_POINT('Ctrl Pts',(-4.15519253464867,4.5,-0.550358984463261));
#1784=CARTESIAN_POINT('Ctrl Pts',(-4.26566620374619,4.5,-0.465700399674784));
#1785=CARTESIAN_POINT('Ctrl Pts',(-4.37576182734033,4.4999766241658,-0.379849366368636));
#1786=CARTESIAN_POINT('Ctrl Pts',(-4.48519837593923,4.49992577216775,-0.293245400953295));
#1787=CARTESIAN_POINT('Ctrl Pts',(-4.58501399878879,4.49987939073556,-0.21425507404836));
#1788=CARTESIAN_POINT('Ctrl Pts',(-4.68428032296515,4.49981080122667,-0.134638381274396));
#1789=CARTESIAN_POINT('Ctrl Pts',(-4.78275619492198,4.49974215543921,-0.0547288131514956));
#1790=CARTESIAN_POINT('Ctrl Pts',(-4.80519017201863,4.49972651711082,-0.036524461309269));
#1791=CARTESIAN_POINT('Ctrl Pts',(-4.8276137993427,4.49971025005284,-0.0182803993917006));
#1792=CARTESIAN_POINT('Ctrl Pts',(-4.850024090585,4.49969401160829,1.86539852372941E-14));
#1793=CARTESIAN_POINT('',(5.39449951339325,4.5,-5.55111512312578E-16));
#1794=CARTESIAN_POINT('',(-5.575,4.5,-1.38777878078145E-16));
#1795=CARTESIAN_POINT('',(5.39449951339328,4.49999999999998,-0.419146773062813));
#1796=CARTESIAN_POINT('',(5.39449951339325,4.5,-5.55111512312578E-16));
#1797=CARTESIAN_POINT('',(4.15519254647736,4.49999999453883,-1.29200211970078));
#1798=CARTESIAN_POINT('Ctrl Pts',(5.39280665743379,4.49899373312187,-0.419146773061942));
#1799=CARTESIAN_POINT('Ctrl Pts',(5.26727075186478,4.49914640287466,-0.514067807504521));
#1800=CARTESIAN_POINT('Ctrl Pts',(5.14046919087123,4.49930088046099,-0.608255747641977));
#1801=CARTESIAN_POINT('Ctrl Pts',(5.01283060854123,4.49943742892206,-0.70107978676867));
#1802=CARTESIAN_POINT('Ctrl Pts',(4.93988448990164,4.49951546708308,-0.754129211536138));
#1803=CARTESIAN_POINT('Ctrl Pts',(4.86666436463945,4.49958811781376,-0.806733161356683));
#1804=CARTESIAN_POINT('Ctrl Pts',(4.79324390728003,4.49965639164296,-0.858773887305099));
#1805=CARTESIAN_POINT('Ctrl Pts',(4.68013821652527,4.49976156884957,-0.938943671960071));
#1806=CARTESIAN_POINT('Ctrl Pts',(4.56580602121731,4.49985878704665,-1.01830842212833));
#1807=CARTESIAN_POINT('Ctrl Pts',(4.45057323467975,4.49992052168416,-1.09634813918053));
#1808=CARTESIAN_POINT('Ctrl Pts',(4.35270479605843,4.49997295357237,-1.16262810591429));
#1809=CARTESIAN_POINT('Ctrl Pts',(4.25418654085217,4.5,-1.22795228827872));
#1810=CARTESIAN_POINT('Ctrl Pts',(4.15519253464867,4.5,-1.29200211839342));
#1811=CARTESIAN_POINT('',(4.15519255076203,4.49999999256066,-1.91700212199544));
#1812=CARTESIAN_POINT('Ctrl Pts',(4.15519253464867,4.5,-1.29200211839342));
#1813=CARTESIAN_POINT('Ctrl Pts',(4.15519253464867,4.5,-1.29785391014088));
#1814=CARTESIAN_POINT('Ctrl Pts',(4.15519253464867,4.5,-1.30370570188833));
#1815=CARTESIAN_POINT('Ctrl Pts',(4.15519253464867,4.5,-1.35871493283317));
#1816=CARTESIAN_POINT('Ctrl Pts',(4.15519253464867,4.5,-1.40787237203054));
#1817=CARTESIAN_POINT('Ctrl Pts',(4.15519253464867,4.5,-1.48160853241262));
#1818=CARTESIAN_POINT('Ctrl Pts',(4.15519253464867,4.5,-1.50618725359733));
#1819=CARTESIAN_POINT('Ctrl Pts',(4.15519253464867,4.5,-1.54305533854641));
#1820=CARTESIAN_POINT('Ctrl Pts',(4.15519253464867,4.5,-1.55534470231078));
#1821=CARTESIAN_POINT('Ctrl Pts',(4.15519253464867,4.5,-1.57377875430141));
#1822=CARTESIAN_POINT('Ctrl Pts',(4.15519253464867,4.5,-1.57992344252766));
#1823=CARTESIAN_POINT('Ctrl Pts',(4.15519253464867,4.5,-1.5891404875552));
#1824=CARTESIAN_POINT('Ctrl Pts',(4.15519253464867,4.5,-1.5922128443565));
#1825=CARTESIAN_POINT('Ctrl Pts',(4.15519253464867,4.5,-1.59682140493514));
#1826=CARTESIAN_POINT('Ctrl Pts',(4.15519253464867,4.5,-1.59835760871248));
#1827=CARTESIAN_POINT('Ctrl Pts',(4.15519253464867,4.5,-1.60066196513484));
#1828=CARTESIAN_POINT('Ctrl Pts',(4.15519253464867,4.5,-1.60143011777985));
#1829=CARTESIAN_POINT('Ctrl Pts',(4.15519253464867,4.5,-1.6029660169694));
#1830=CARTESIAN_POINT('Ctrl Pts',(4.15519253464867,4.5,-1.60373376351394));
#1831=CARTESIAN_POINT('Ctrl Pts',(4.15519253464867,4.5,-1.60526942374799));
#1832=CARTESIAN_POINT('Ctrl Pts',(4.15519253464867,4.5,-1.6060373374375));
#1833=CARTESIAN_POINT('Ctrl Pts',(4.15519253464867,4.5,-1.60757299764553));
#1834=CARTESIAN_POINT('Ctrl Pts',(4.15519253464867,4.5,-1.60834074416405));
#1835=CARTESIAN_POINT('Ctrl Pts',(4.15519253464867,4.5,-1.61345081863474));
#1836=CARTESIAN_POINT('Ctrl Pts',(4.15519253464867,4.5,-1.61779314658692));
#1837=CARTESIAN_POINT('Ctrl Pts',(4.15519253464867,4.5,-1.67127991707143));
#1838=CARTESIAN_POINT('Ctrl Pts',(4.15519253464867,4.5,-1.72042435960377));
#1839=CARTESIAN_POINT('Ctrl Pts',(4.15519253464867,4.5,-1.79414102498871));
#1840=CARTESIAN_POINT('Ctrl Pts',(4.15519253464867,4.5,-1.81871324784131));
#1841=CARTESIAN_POINT('Ctrl Pts',(4.15519253464867,4.5,-1.85557158529308));
#1842=CARTESIAN_POINT('Ctrl Pts',(4.15519253464867,4.5,-1.86785769989224));
#1843=CARTESIAN_POINT('Ctrl Pts',(4.15519253464867,4.5,-1.88628687813673));
#1844=CARTESIAN_POINT('Ctrl Pts',(4.15519253464867,4.5,-1.89242994178206));
#1845=CARTESIAN_POINT('Ctrl Pts',(4.15519253464867,4.5,-1.90164454994156));
#1846=CARTESIAN_POINT('Ctrl Pts',(4.15519253464867,4.5,-1.90471609445575));
#1847=CARTESIAN_POINT('Ctrl Pts',(4.15519253464867,4.5,-1.90932343661043));
#1848=CARTESIAN_POINT('Ctrl Pts',(4.15519253464867,4.5,-1.91085923425094));
#1849=CARTESIAN_POINT('Ctrl Pts',(4.15519253464867,4.5,-1.91316298148146));
#1850=CARTESIAN_POINT('Ctrl Pts',(4.15519253464867,4.5,-1.91393093107147));
#1851=CARTESIAN_POINT('Ctrl Pts',(4.15519253464867,4.5,-1.91546662717916));
#1852=CARTESIAN_POINT('Ctrl Pts',(4.15519253464867,4.5,-1.91623437369684));
#1853=CARTESIAN_POINT('Ctrl Pts',(4.15519253464867,4.5,-1.91700212021452));
#1854=CARTESIAN_POINT('',(5.39449951093324,4.5000000014745,-2.91914677640717));
#1855=CARTESIAN_POINT('Ctrl Pts',(4.15519254566023,4.50000000000001,-1.91700212865292));
#1856=CARTESIAN_POINT('Ctrl Pts',(4.26578991738998,4.50000000000001,-2.00175550950155));
#1857=CARTESIAN_POINT('Ctrl Pts',(4.37602892906976,4.49999504860869,-2.08770868609656));
#1858=CARTESIAN_POINT('Ctrl Pts',(4.48562309474363,4.49997504390375,-2.17442106460103));
#1859=CARTESIAN_POINT('Ctrl Pts',(4.58892356912659,4.49995618801395,-2.25615378987257));
#1860=CARTESIAN_POINT('Ctrl Pts',(4.69165019894077,4.49992453786001,-2.33856102306492));
#1861=CARTESIAN_POINT('Ctrl Pts',(4.79353254563986,4.49990088281447,-2.42127380097037));
#1862=CARTESIAN_POINT('Ctrl Pts',(4.91460691368122,4.49987277176499,-2.51956754506155));
#1863=CARTESIAN_POINT('Ctrl Pts',(5.03537859126858,4.49985007891056,-2.61901130277334));
#1864=CARTESIAN_POINT('Ctrl Pts',(5.15547501992944,4.49982300924316,-2.71908907808978));
#1865=CARTESIAN_POINT('Ctrl Pts',(5.23522510078285,4.49980503361984,-2.78554576428863));
#1866=CARTESIAN_POINT('Ctrl Pts',(5.31467652828732,4.49978606529676,-2.852282028746));
#1867=CARTESIAN_POINT('Ctrl Pts',(5.3937120113188,4.49977262040401,-2.91914677668005));
#1868=CARTESIAN_POINT('',(5.39449951339334,4.49999999999995,-3.54414677306282));
#1869=CARTESIAN_POINT('',(5.39449951339325,4.5,-5.55111512312578E-16));
#1870=CARTESIAN_POINT('',(4.15519254464806,4.4999999953834,-4.4170021194986));
#1871=CARTESIAN_POINT('Ctrl Pts',(5.39280015315067,4.49899094286015,-3.54414677306195));
#1872=CARTESIAN_POINT('Ctrl Pts',(5.26726775290495,4.49914410844817,-3.63906603928409));
#1873=CARTESIAN_POINT('Ctrl Pts',(5.14046964076139,4.49929903847335,-3.73325223851392));
#1874=CARTESIAN_POINT('Ctrl Pts',(5.01283438382322,4.49943597789854,-3.82607459929745));
#1875=CARTESIAN_POINT('Ctrl Pts',(4.93988642913292,4.49951424350652,-3.87912578226302));
#1876=CARTESIAN_POINT('Ctrl Pts',(4.86666439939333,4.49958710092626,-3.93173146507883));
#1877=CARTESIAN_POINT('Ctrl Pts',(4.79324196723163,4.49965555669589,-3.9837738873051));
#1878=CARTESIAN_POINT('Ctrl Pts',(4.68013957031539,4.49976100827792,-4.06394179405812));
#1879=CARTESIAN_POINT('Ctrl Pts',(4.56581059490836,4.49985844535365,-4.14330470403814));
#1880=CARTESIAN_POINT('Ctrl Pts',(4.45058088697168,4.49992032531269,-4.22134265515652));
#1881=CARTESIAN_POINT('Ctrl Pts',(4.35271007135865,4.49997288330463,-4.28762450262004));
#1882=CARTESIAN_POINT('Ctrl Pts',(4.25418927111551,4.5,-4.35295052177881));
#1883=CARTESIAN_POINT('Ctrl Pts',(4.15519253464867,4.5,-4.41700211839343));
#1884=CARTESIAN_POINT('',(4.15519253464867,4.5,-5.04200212021453));
#1885=CARTESIAN_POINT('Ctrl Pts',(4.15519253464867,4.49999999999999,-4.41700211839343));
#1886=CARTESIAN_POINT('Ctrl Pts',(4.15519253464867,4.49999999999999,-4.42285391014088));
#1887=CARTESIAN_POINT('Ctrl Pts',(4.15519253464867,4.49999999999999,-4.42870570188834));
#1888=CARTESIAN_POINT('Ctrl Pts',(4.15519253464867,4.49999999999999,-4.48371493283317));
#1889=CARTESIAN_POINT('Ctrl Pts',(4.15519253464867,4.49999999999999,-4.53287237203055));
#1890=CARTESIAN_POINT('Ctrl Pts',(4.15519253464867,4.49999999999999,-4.60660853241263));
#1891=CARTESIAN_POINT('Ctrl Pts',(4.15519253464867,4.49999999999999,-4.63118725359733));
#1892=CARTESIAN_POINT('Ctrl Pts',(4.15519253464867,4.49999999999999,-4.66805533854641));
#1893=CARTESIAN_POINT('Ctrl Pts',(4.15519253464867,4.49999999999999,-4.68034470231079));
#1894=CARTESIAN_POINT('Ctrl Pts',(4.15519253464867,4.49999999999999,-4.69877875430142));
#1895=CARTESIAN_POINT('Ctrl Pts',(4.15519253464867,4.49999999999999,-4.70492344252767));
#1896=CARTESIAN_POINT('Ctrl Pts',(4.15519253464867,4.49999999999999,-4.71414048755521));
#1897=CARTESIAN_POINT('Ctrl Pts',(4.15519253464867,4.49999999999999,-4.7172128443565));
#1898=CARTESIAN_POINT('Ctrl Pts',(4.15519253464867,4.49999999999999,-4.72182140493514));
#1899=CARTESIAN_POINT('Ctrl Pts',(4.15519253464867,4.49999999999999,-4.72335760871249));
#1900=CARTESIAN_POINT('Ctrl Pts',(4.15519253464867,4.49999999999999,-4.72566196513485));
#1901=CARTESIAN_POINT('Ctrl Pts',(4.15519253464867,4.49999999999999,-4.72643011777986));
#1902=CARTESIAN_POINT('Ctrl Pts',(4.15519253464867,4.49999999999999,-4.7279660169694));
#1903=CARTESIAN_POINT('Ctrl Pts',(4.15519253464867,4.49999999999999,-4.72873376351394));
#1904=CARTESIAN_POINT('Ctrl Pts',(4.15519253464867,4.49999999999999,-4.73026942374799));
#1905=CARTESIAN_POINT('Ctrl Pts',(4.15519253464867,4.49999999999999,-4.73103733743751));
#1906=CARTESIAN_POINT('Ctrl Pts',(4.15519253464867,4.49999999999999,-4.73257299764554));
#1907=CARTESIAN_POINT('Ctrl Pts',(4.15519253464867,4.49999999999999,-4.73334074416405));
#1908=CARTESIAN_POINT('Ctrl Pts',(4.15519253464867,4.49999999999999,-4.73845081863475));
#1909=CARTESIAN_POINT('Ctrl Pts',(4.15519253464867,4.49999999999999,-4.74279314658693));
#1910=CARTESIAN_POINT('Ctrl Pts',(4.15519253464867,4.49999999999999,-4.79627991707144));
#1911=CARTESIAN_POINT('Ctrl Pts',(4.15519253464867,4.49999999999999,-4.84542435960378));
#1912=CARTESIAN_POINT('Ctrl Pts',(4.15519253464867,4.49999999999999,-4.91914102498871));
#1913=CARTESIAN_POINT('Ctrl Pts',(4.15519253464867,4.49999999999999,-4.94371324784131));
#1914=CARTESIAN_POINT('Ctrl Pts',(4.15519253464867,4.49999999999999,-4.98057158529308));
#1915=CARTESIAN_POINT('Ctrl Pts',(4.15519253464867,4.49999999999999,-4.99285769989225));
#1916=CARTESIAN_POINT('Ctrl Pts',(4.15519253464867,4.49999999999999,-5.01128687813674));
#1917=CARTESIAN_POINT('Ctrl Pts',(4.15519253464867,4.49999999999999,-5.01742994178206));
#1918=CARTESIAN_POINT('Ctrl Pts',(4.15519253464867,4.49999999999999,-5.02664454994157));
#1919=CARTESIAN_POINT('Ctrl Pts',(4.15519253464867,4.49999999999999,-5.02971609445575));
#1920=CARTESIAN_POINT('Ctrl Pts',(4.15519253464867,4.49999999999999,-5.03432343661044));
#1921=CARTESIAN_POINT('Ctrl Pts',(4.15519253464867,4.49999999999999,-5.03585923425094));
#1922=CARTESIAN_POINT('Ctrl Pts',(4.15519253464867,4.49999999999999,-5.03816298148146));
#1923=CARTESIAN_POINT('Ctrl Pts',(4.15519253464867,4.49999999999999,-5.03893093107148));
#1924=CARTESIAN_POINT('Ctrl Pts',(4.15519253464867,4.49999999999999,-5.04046662717917));
#1925=CARTESIAN_POINT('Ctrl Pts',(4.15519253464867,4.49999999999999,-5.04123437369685));
#1926=CARTESIAN_POINT('Ctrl Pts',(4.15519253464867,4.49999999999999,-5.04200212021453));
#1927=CARTESIAN_POINT('',(5.39449951339325,4.5,-6.04414677667907));
#1928=CARTESIAN_POINT('Ctrl Pts',(4.1551925346487,4.5,-5.04200212021451));
#1929=CARTESIAN_POINT('Ctrl Pts',(4.26557091605243,4.5,-5.12658768350315));
#1930=CARTESIAN_POINT('Ctrl Pts',(4.3755607457869,4.49996873161456,-5.21236829589042));
#1931=CARTESIAN_POINT('Ctrl Pts',(4.48488670594369,4.49990355281414,-5.29890597559004));
#1932=CARTESIAN_POINT('Ctrl Pts',(4.58835572933839,4.4998418658478,-5.38080755864059));
#1933=CARTESIAN_POINT('Ctrl Pts',(4.69122916197009,4.49975034401483,-5.46338726487851));
#1934=CARTESIAN_POINT('Ctrl Pts',(4.79324142291144,4.499655094243,-5.54627380092918));
#1935=CARTESIAN_POINT('Ctrl Pts',(4.91408746620414,4.49954225919803,-5.64446307574312));
#1936=CARTESIAN_POINT('Ctrl Pts',(5.03461199142756,4.49941772810807,-5.74379992095866));
#1937=CARTESIAN_POINT('Ctrl Pts',(5.15445147650961,4.49927798084142,-5.84376998403905));
#1938=CARTESIAN_POINT('Ctrl Pts',(5.23424310728504,4.49918493419412,-5.91033213887847));
#1939=CARTESIAN_POINT('Ctrl Pts',(5.31373011647249,4.49908604806499,-5.97717501023887));
#1940=CARTESIAN_POINT('Ctrl Pts',(5.39279654770738,4.49898940304596,-6.04414677668007));
#1941=CARTESIAN_POINT('',(5.3944995133933,4.49999999999997,-6.66914677306282));
#1942=CARTESIAN_POINT('',(5.39449951339325,4.5,-5.55111512312578E-16));
#1943=CARTESIAN_POINT('',(4.15519253465421,4.49999999999744,-7.54200211839405));
#1944=CARTESIAN_POINT('Ctrl Pts',(5.39279579503029,4.49898908219167,-6.66914677306195));
#1945=CARTESIAN_POINT('Ctrl Pts',(5.26726574694708,4.49914257845594,-6.76406485191101));
#1946=CARTESIAN_POINT('Ctrl Pts',(5.14046994917417,4.49929781019146,-6.85824988210746));
#1947=CARTESIAN_POINT('Ctrl Pts',(5.01283692390818,4.49943501031957,-6.95107111586892));
#1948=CARTESIAN_POINT('Ctrl Pts',(4.93988773555252,4.49951342762548,-7.00412347947902));
#1949=CARTESIAN_POINT('Ctrl Pts',(4.86666442625961,4.4995864228914,-7.05673032601516));
#1950=CARTESIAN_POINT('Ctrl Pts',(4.79324066739695,4.49965499999647,-7.10877388730511));
#1951=CARTESIAN_POINT('Ctrl Pts',(4.68014047981576,4.49976063451542,-7.1889405341162));
#1952=CARTESIAN_POINT('Ctrl Pts',(4.56581366425083,4.4998582175153,-7.26830220945715));
#1953=CARTESIAN_POINT('Ctrl Pts',(4.4505860215238,4.49992019436338,-7.34633897575461));
#1954=CARTESIAN_POINT('Ctrl Pts',(4.35271361086285,4.4999728364498,-7.4126220850586));
#1955=CARTESIAN_POINT('Ctrl Pts',(4.25419110293269,4.50000000000002,-7.47794933657998));
#1956=CARTESIAN_POINT('Ctrl Pts',(4.15519253464865,4.50000000000002,-7.54200211839343));
#1957=CARTESIAN_POINT('',(4.15519253464998,4.4999999999994,-8.16700212021468));
#1958=CARTESIAN_POINT('Ctrl Pts',(4.15519253464868,4.49999999999999,-7.54200211839343));
#1959=CARTESIAN_POINT('Ctrl Pts',(4.15519253464868,4.49999999999999,-7.58630203328628));
#1960=CARTESIAN_POINT('Ctrl Pts',(4.15519253464868,4.49999999999999,-7.63060194817912));
#1961=CARTESIAN_POINT('Ctrl Pts',(4.15519253464868,4.49999999999999,-7.70518676525604));
#1962=CARTESIAN_POINT('Ctrl Pts',(4.15519253464868,4.49999999999999,-7.73547166744011));
#1963=CARTESIAN_POINT('Ctrl Pts',(4.15519253464868,4.49999999999999,-7.78125890135138));
#1964=CARTESIAN_POINT('Ctrl Pts',(4.15519253464868,4.49999999999999,-7.79676123307857));
#1965=CARTESIAN_POINT('Ctrl Pts',(4.15519253464868,4.49999999999999,-7.82079802905891));
#1966=CARTESIAN_POINT('Ctrl Pts',(4.15519253464868,4.49999999999999,-7.82933249331207));
#1967=CARTESIAN_POINT('Ctrl Pts',(4.15519253464868,4.49999999999999,-7.84437942072319));
#1968=CARTESIAN_POINT('Ctrl Pts',(4.15519253464868,4.49999999999999,-7.85089188388116));
#1969=CARTESIAN_POINT('Ctrl Pts',(4.15519253464868,4.49999999999999,-7.89473350262098));
#1970=CARTESIAN_POINT('Ctrl Pts',(4.15519253464868,4.49999999999999,-7.93206265820283));
#1971=CARTESIAN_POINT('Ctrl Pts',(4.15519253464868,4.49999999999999,-8.00264635318123));
#1972=CARTESIAN_POINT('Ctrl Pts',(4.15519253464868,4.49999999999999,-8.03590089257779));
#1973=CARTESIAN_POINT('Ctrl Pts',(4.15519253464868,4.49999999999999,-8.08610844914385));
#1974=CARTESIAN_POINT('Ctrl Pts',(4.15519253464868,4.49999999999999,-8.10306146631336));
#1975=CARTESIAN_POINT('Ctrl Pts',(4.15519253464868,4.49999999999999,-8.12918939026072));
#1976=CARTESIAN_POINT('Ctrl Pts',(4.15519253464868,4.49999999999999,-8.13836429703857));
#1977=CARTESIAN_POINT('Ctrl Pts',(4.15519253464868,4.49999999999999,-8.15402684261579));
#1978=CARTESIAN_POINT('Ctrl Pts',(4.15519253464868,4.49999999999999,-8.16051448141516));
#1979=CARTESIAN_POINT('Ctrl Pts',(4.15519253464868,4.49999999999999,-8.16700212021453));
#1980=CARTESIAN_POINT('',(5.39449951339328,4.49999999999998,-9.16914677667907));
#1981=CARTESIAN_POINT('Ctrl Pts',(4.15519253464871,4.49999999999998,-8.16700212021452));
#1982=CARTESIAN_POINT('Ctrl Pts',(4.26578656300137,4.49999999999999,-8.25175293885854));
#1983=CARTESIAN_POINT('Ctrl Pts',(4.37602199518282,4.49999511637686,-8.33770348071285));
#1984=CARTESIAN_POINT('Ctrl Pts',(4.48561242867023,4.49997523430957,-8.42441319190892));
#1985=CARTESIAN_POINT('Ctrl Pts',(4.58891582469002,4.49995649284643,-8.5061484980794));
#1986=CARTESIAN_POINT('Ctrl Pts',(4.69164516916059,4.49992500395872,-8.5885583673323));
#1987=CARTESIAN_POINT('Ctrl Pts',(4.7935300395091,4.49990154861899,-8.67127380092919));
#1988=CARTESIAN_POINT('Ctrl Pts',(4.9146003802112,4.49987367651234,-8.76956499659586));
#1989=CARTESIAN_POINT('Ctrl Pts',(5.03536784607947,4.49985127801371,-8.86900614626563));
#1990=CARTESIAN_POINT('Ctrl Pts',(5.15545995939308,4.49982454588329,-8.9690812940393));
#1991=CARTESIAN_POINT('Ctrl Pts',(5.2352123559322,4.4998067932482,-9.03554055309251));
#1992=CARTESIAN_POINT('Ctrl Pts',(5.31466601460331,4.4997880666875,-9.10227941813442));
#1993=CARTESIAN_POINT('Ctrl Pts',(5.39370364404312,4.49977487960006,-9.16914677668007));
#1994=CARTESIAN_POINT('',(5.39449951339353,4.49999999999984,-9.79414677306285));
#1995=CARTESIAN_POINT('',(5.39449951339325,4.5,-5.55111512312578E-16));
#1996=CARTESIAN_POINT('',(4.15519254435958,4.49999999551659,-10.6670021194667));
#1997=CARTESIAN_POINT('Ctrl Pts',(5.39370306511457,4.49977503772622,-9.79414677306195));
#1998=CARTESIAN_POINT('Ctrl Pts',(5.26755982147326,4.49979605537056,-9.88941449333771));
#1999=CARTESIAN_POINT('Ctrl Pts',(5.1401493981674,4.49982691661304,-9.98394375448035));
#2000=CARTESIAN_POINT('Ctrl Pts',(5.01191313461901,4.49985435017101,-10.0770968127083));
#2001=CARTESIAN_POINT('Ctrl Pts',(4.93935879768274,4.49986987170567,-10.1298015483758));
#2002=CARTESIAN_POINT('Ctrl Pts',(4.86653951104738,4.49988479871546,-10.182065741842));
#2003=CARTESIAN_POINT('Ctrl Pts',(4.79352933462279,4.49990159664032,-10.2337738873051));
#2004=CARTESIAN_POINT('Ctrl Pts',(4.67974945813839,4.49992777471452,-10.3143564402059));
#2005=CARTESIAN_POINT('Ctrl Pts',(4.56474644869905,4.49996028509398,-10.3941256475558));
#2006=CARTESIAN_POINT('Ctrl Pts',(4.44886042332394,4.4999787157938,-10.4725534373875));
#2007=CARTESIAN_POINT('Ctrl Pts',(4.35153493894982,4.49999419459533,-10.5384200732398));
#2008=CARTESIAN_POINT('Ctrl Pts',(4.25358642117491,4.50000000000001,-10.6033405700025));
#2009=CARTESIAN_POINT('Ctrl Pts',(4.15519253464865,4.50000000000002,-10.6670021183934));
#2010=CARTESIAN_POINT('Ctrl Pts',(4.15519253464865,4.50000000000002,-10.6670021183934));
#2011=CARTESIAN_POINT('Ctrl Pts',(4.15519253464865,4.50000000000002,-10.7038566037928));
#2012=CARTESIAN_POINT('Ctrl Pts',(4.1551925346487,4.49999999999997,-10.7407110891922));
#2013=CARTESIAN_POINT('Ctrl Pts',(4.1551925346487,4.49999999999997,-10.8124688383498));
#2014=CARTESIAN_POINT('Ctrl Pts',(4.1551925346487,4.49999999999997,-10.847372102108));
#2015=CARTESIAN_POINT('Ctrl Pts',(4.1551925346487,4.49999999999997,-10.9010701591392));
#2016=CARTESIAN_POINT('Ctrl Pts',(4.1551925346487,4.49999999999997,-10.9198649524121));
#2017=CARTESIAN_POINT('Ctrl Pts',(4.1551925346487,4.49999999999997,-10.9516331929731));
#2018=CARTESIAN_POINT('Ctrl Pts',(4.1551925346487,4.49999999999997,-10.964606640261));
#2019=CARTESIAN_POINT('Ctrl Pts',(4.1551925346487,4.49999999999997,-11.0172450865016));
#2020=CARTESIAN_POINT('Ctrl Pts',(4.1551925346487,4.49999999999997,-11.0569100854542));
#2021=CARTESIAN_POINT('Ctrl Pts',(4.1551925346487,4.49999999999997,-11.1304349722887));
#2022=CARTESIAN_POINT('Ctrl Pts',(4.1551925346487,4.49999999999997,-11.1642948601707));
#2023=CARTESIAN_POINT('Ctrl Pts',(4.1551925346487,4.49999999999997,-11.2164795873258));
#2024=CARTESIAN_POINT('Ctrl Pts',(4.1551925346487,4.49999999999997,-11.2348044265989));
#2025=CARTESIAN_POINT('Ctrl Pts',(4.1551925346487,4.49999999999997,-11.2660868839862));
#2026=CARTESIAN_POINT('Ctrl Pts',(4.15519253464865,4.50000000000002,-11.2790445021004));
#2027=CARTESIAN_POINT('Ctrl Pts',(4.15519253464865,4.50000000000002,-11.2920021202145));
#2028=CARTESIAN_POINT('Ctrl Pts',(6.27083714010425,1.81235562828945,0.518247110259737));
#2029=CARTESIAN_POINT('Ctrl Pts',(6.63054576665707,0.567746579273896,0.419533374985014));
#2030=CARTESIAN_POINT('Ctrl Pts',(6.58971995662036,-1.79895330384518,0.246784338254249));
#2031=CARTESIAN_POINT('Ctrl Pts',(5.398283627468,-3.79614131095972,0.0740353015234843));
#2032=CARTESIAN_POINT('Ctrl Pts',(4.72842800109222,-4.49999999995448,6.74421629653921E-11));
#2033=CARTESIAN_POINT('Ctrl Pts',(6.43015580390426,1.85840084850142,0.345498073506188));
#2034=CARTESIAN_POINT('Ctrl Pts',(6.79900328966508,0.582170909609071,0.246784338231466));
#2035=CARTESIAN_POINT('Ctrl Pts',(6.75714024753985,-1.84465802080781,0.0740353015007005));
#2036=CARTESIAN_POINT('Ctrl Pts',(5.53543394968595,-3.89258715188105,-0.0987137352300646));
#2037=CARTESIAN_POINT('Ctrl Pts',(4.84855978161491,-4.61432827400703,-0.172749036686107));
#2038=CARTESIAN_POINT('Ctrl Pts',(6.58947446770426,1.90444606871338,0.17274903675264));
#2039=CARTESIAN_POINT('Ctrl Pts',(6.96746081267308,0.596595239944243,0.0740353014779166));
#2040=CARTESIAN_POINT('Ctrl Pts',(6.92456053845933,-1.89036273777044,-0.0987137352528483));
#2041=CARTESIAN_POINT('Ctrl Pts',(5.67258427190391,-3.98903299280239,-0.271462771983613));
#2042=CARTESIAN_POINT('Ctrl Pts',(4.9686915621376,-4.72865654805958,-0.345498073439655));
#2043=CARTESIAN_POINT('Ctrl Pts',(6.74879313150426,1.95049128892535,-9.09272657168003E-13));
#2044=CARTESIAN_POINT('Ctrl Pts',(7.13591833568109,0.611019570279417,-0.0987137352756321));
#2045=CARTESIAN_POINT('Ctrl Pts',(7.09198082937882,-1.93606745473307,-0.271462772006397));
#2046=CARTESIAN_POINT('Ctrl Pts',(5.80973459412187,-4.08547883372372,-0.444211808737162));
#2047=CARTESIAN_POINT('Ctrl Pts',(5.08882334266029,-4.84298482211214,-0.518247110193204));
#2048=CARTESIAN_POINT('',(6.74879313150353,1.95049128892462,0.));
#2049=CARTESIAN_POINT('Ctrl Pts',(6.74879313150353,1.95049128892462,-6.93889390390723E-17));
#2050=CARTESIAN_POINT('Ctrl Pts',(7.13591833568016,0.611019570278992,-0.0987137352747112));
#2051=CARTESIAN_POINT('Ctrl Pts',(7.11081118922168,-0.844458729727766,-0.197427470549422));
#2052=CARTESIAN_POINT('Ctrl Pts',(6.68135833534958,-2.17008375756418,-0.296141205824133));
#2053=CARTESIAN_POINT('Ctrl Pts',(6.40644651353695,-3.01867514112836,-0.359332246604553));
#2054=CARTESIAN_POINT('Ctrl Pts',(5.96583996679595,-3.81405462749957,-0.422523287384972));
#2055=CARTESIAN_POINT('Ctrl Pts',(5.39440128897125,-4.49986991472102,-0.485714328165392));
#2056=CARTESIAN_POINT('Ctrl Pts',(4.72842800110412,-4.49999999994198,6.87570556046069E-11));
#2057=CARTESIAN_POINT('Ctrl Pts',(4.86026863299559,-4.38030999466381,6.29575722214737E-11));
#2058=CARTESIAN_POINT('Ctrl Pts',(4.98696848675082,-4.25527873593682,5.5690584923731E-11));
#2059=CARTESIAN_POINT('Ctrl Pts',(5.10833476832079,-4.12534719434697,4.80701034533126E-11));
#2060=CARTESIAN_POINT('Ctrl Pts',(5.23124824829549,-3.99375926293228,4.03524747635699E-11));
#2061=CARTESIAN_POINT('Ctrl Pts',(5.34869181265156,-3.85714487509025,3.22723275932367E-11));
#2062=CARTESIAN_POINT('Ctrl Pts',(5.46043757979405,-3.71591641231098,2.49868181700919E-11));
#2063=CARTESIAN_POINT('Ctrl Pts',(5.57265557624855,-3.57409112853777,1.76705207252571E-11));
#2064=CARTESIAN_POINT('Ctrl Pts',(5.67912802179733,-3.42761216417106,1.11554900576511E-11));
#2065=CARTESIAN_POINT('Ctrl Pts',(5.77958884046025,-3.27685876777378,6.61377896893356E-12));
#2066=CARTESIAN_POINT('Ctrl Pts',(5.8420987540204,-3.18305521427785,3.78778201460383E-12));
#2067=CARTESIAN_POINT('Ctrl Pts',(5.90228040668664,-3.08759598886985,1.72594529166775E-12));
#2068=CARTESIAN_POINT('Ctrl Pts',(5.96006151340195,-2.99056638965463,7.10320691155175E-13));
#2069=CARTESIAN_POINT('Ctrl Pts',(5.97940234942418,-2.95808806456869,3.70364778655169E-13));
#2070=CARTESIAN_POINT('Ctrl Pts',(5.99847416854703,-2.92543375858028,1.47532099686406E-13));
#2071=CARTESIAN_POINT('Ctrl Pts',(6.0172740853267,-2.89260657355641,5.26245713672324E-14));
#2072=CARTESIAN_POINT('Ctrl Pts',(6.03150858670124,-2.86775121830028,-1.92353925967561E-14));
#2073=CARTESIAN_POINT('Ctrl Pts',(6.04558904365993,-2.84279331244146,4.50121645753425E-16));
#2074=CARTESIAN_POINT('Ctrl Pts',(6.05950115128524,-2.81775802140264,4.44089209850063E-16));
#2075=CARTESIAN_POINT('Ctrl Pts',(6.14926774306235,-2.65622011419057,4.05165473365066E-16));
#2076=CARTESIAN_POINT('Ctrl Pts',(6.23213480490399,-2.49128147874267,3.34190452776599E-16));
#2077=CARTESIAN_POINT('Ctrl Pts',(6.30788964939471,-2.32339000244974,3.60822483003176E-16));
#2078=CARTESIAN_POINT('Ctrl Pts',(6.34386234767248,-2.24366560382287,3.73468881980108E-16));
#2079=CARTESIAN_POINT('Ctrl Pts',(6.37823085561057,-2.16327475859496,4.05115657280946E-16));
#2080=CARTESIAN_POINT('Ctrl Pts',(6.41096965277441,-2.08226238070716,3.88578058618805E-16));
#2081=CARTESIAN_POINT('Ctrl Pts',(6.4794801040664,-1.91273279959411,3.2825099356612E-16));
#2082=CARTESIAN_POINT('Ctrl Pts',(6.54085686283609,-1.74048327991156,3.92649494798437E-16));
#2083=CARTESIAN_POINT('Ctrl Pts',(6.59513939565894,-1.56597767557792,3.88578058618805E-16));
#2084=CARTESIAN_POINT('Ctrl Pts',(6.64994014563258,-1.38980612471652,3.84467753802304E-16));
#2085=CARTESIAN_POINT('Ctrl Pts',(6.69751077647706,-1.21133457344695,4.85214294223567E-16));
#2086=CARTESIAN_POINT('Ctrl Pts',(6.7378444315101,-1.03101559978228,4.9960036108132E-16));
#2087=CARTESIAN_POINT('Ctrl Pts',(6.76274834382605,-0.919678109902677,5.08483001330599E-16));
#2088=CARTESIAN_POINT('Ctrl Pts',(6.78489227727375,-0.807635857819722,4.39013415421904E-16));
#2089=CARTESIAN_POINT('Ctrl Pts',(6.80426519215493,-0.694992385497981,4.44089209850063E-16));
#2090=CARTESIAN_POINT('Ctrl Pts',(6.81406253448397,-0.638025911106429,4.46656159424225E-16));
#2091=CARTESIAN_POINT('Ctrl Pts',(6.8231510549742,-0.58090564303506,4.40238785488818E-16));
#2092=CARTESIAN_POINT('Ctrl Pts',(6.83152860498263,-0.523644845602124,4.44089209850063E-16));
#2093=CARTESIAN_POINT('Ctrl Pts',(6.8371042614707,-0.485535071694813,4.46651849708966E-16));
#2094=CARTESIAN_POINT('Ctrl Pts',(6.84236498121953,-0.447363048303108,4.41099463348009E-16));
#2095=CARTESIAN_POINT('Ctrl Pts',(6.84731000992113,-0.40913267389951,4.44089209850063E-16));
#2096=CARTESIAN_POINT('Ctrl Pts',(6.85099289272294,-0.380660040696757,4.46315867497291E-16));
#2097=CARTESIAN_POINT('Ctrl Pts',(6.8545008497304,-0.352152891398382,3.88896152568409E-16));
#2098=CARTESIAN_POINT('Ctrl Pts',(6.85783105774213,-0.32363581679905,3.88578058618805E-16));
#2099=CARTESIAN_POINT('Ctrl Pts',(6.87970333799243,-0.136340174797844,3.86488867797345E-16));
#2100=CARTESIAN_POINT('Ctrl Pts',(6.89394119171797,0.0515959538811468,4.15737539297777E-16));
#2101=CARTESIAN_POINT('Ctrl Pts',(6.90058198638309,0.239686508694412,3.88578058618805E-16));
#2102=CARTESIAN_POINT('Ctrl Pts',(6.90725265073996,0.428623077753938,3.61296417060472E-16));
#2103=CARTESIAN_POINT('Ctrl Pts',(6.90625791724917,0.617716171136631,3.66644312382418E-16));
#2104=CARTESIAN_POINT('Ctrl Pts',(6.8975859166812,0.806490670602474,3.33066907387547E-16));
#2105=CARTESIAN_POINT('Ctrl Pts',(6.88896557545976,0.994140635169399,2.99689523920152E-16));
#2106=CARTESIAN_POINT('Ctrl Pts',(6.87275924018546,1.18147651234104,2.36647210192017E-16));
#2107=CARTESIAN_POINT('Ctrl Pts',(6.84890458794413,1.36803818862123,2.22044604925031E-16));
#2108=CARTESIAN_POINT('Ctrl Pts',(6.83493273151573,1.47730882185693,2.13491744786608E-16));
#2109=CARTESIAN_POINT('Ctrl Pts',(6.81833613422067,1.58631393222415,2.1471358194924E-16));
#2110=CARTESIAN_POINT('Ctrl Pts',(6.79909394834539,1.69496061423459,2.22044604925031E-16));
#2111=CARTESIAN_POINT('Ctrl Pts',(6.78394515112395,1.78049489631796,2.43207431073958E-16));
#2112=CARTESIAN_POINT('Ctrl Pts',(6.76717777769866,1.86568672203198,1.66308478150677E-12));
#2113=CARTESIAN_POINT('Ctrl Pts',(6.74879313150112,1.95049128892445,2.4944490917278E-12));
#2114=CARTESIAN_POINT('Ctrl Pts',(-4.15519254375093,-4.49999999159522,-0.354502121220522));
#2115=CARTESIAN_POINT('Ctrl Pts',(-5.21618367650753,-3.52030611336184,-0.47176738765821));
#2116=CARTESIAN_POINT('Ctrl Pts',(-6.37227730759158,-1.24050167876538,-0.667209498387691));
#2117=CARTESIAN_POINT('Ctrl Pts',(-5.9595676740608,2.20298093199903,-0.940828453408965));
#2118=CARTESIAN_POINT('Ctrl Pts',(-4.86251995780753,3.84687074927513,-1.09718214199255));
#2119=CARTESIAN_POINT('Ctrl Pts',(-4.1551925346487,4.5,-1.17535898628434));
#2120=CARTESIAN_POINT('Ctrl Pts',(-4.35871217854709,-4.72040815444908,-0.667002120945109));
#2121=CARTESIAN_POINT('Ctrl Pts',(-5.47167022392856,-3.69272926993483,-0.784267387382798));
#2122=CARTESIAN_POINT('Ctrl Pts',(-6.68438884918821,-1.30126094466415,-0.979709498112278));
#2123=CARTESIAN_POINT('Ctrl Pts',(-6.25146486625998,2.31088203887255,-1.25332845313355));
#2124=CARTESIAN_POINT('Ctrl Pts',(-5.10068420063916,4.03528890842349,-1.40968214171714));
#2125=CARTESIAN_POINT('Ctrl Pts',(-4.35871216899904,4.72040816326552,-1.48785898600893));
#2126=CARTESIAN_POINT('Ctrl Pts',(-4.56223181334326,-4.94081631730294,-0.979502120669696));
#2127=CARTESIAN_POINT('Ctrl Pts',(-5.72715677134959,-3.86515242650783,-1.09676738710738));
#2128=CARTESIAN_POINT('Ctrl Pts',(-6.99650039078484,-1.36202021056292,-1.29220949783687));
#2129=CARTESIAN_POINT('Ctrl Pts',(-6.54336205845917,2.41878314574608,-1.56582845285814));
#2130=CARTESIAN_POINT('Ctrl Pts',(-5.33884844347078,4.22370706757184,-1.72218214144172));
#2131=CARTESIAN_POINT('Ctrl Pts',(-4.56223180334938,4.94081632653104,-1.80035898573352));
#2132=CARTESIAN_POINT('Ctrl Pts',(-4.76575144813942,-5.1612244801568,-1.29200212039428));
#2133=CARTESIAN_POINT('Ctrl Pts',(-5.98264331877062,-4.03757558308082,-1.40926738683197));
#2134=CARTESIAN_POINT('Ctrl Pts',(-7.30861193238147,-1.42277947646169,-1.60470949756145));
#2135=CARTESIAN_POINT('Ctrl Pts',(-6.83525925065835,2.52668425261961,-1.87832845258273));
#2136=CARTESIAN_POINT('Ctrl Pts',(-5.5770126863024,4.4121252267202,-2.03468214116631));
#2137=CARTESIAN_POINT('Ctrl Pts',(-4.76575143769972,5.16122448979656,-2.1128589854581));
#2138=CARTESIAN_POINT('Ctrl Pts',(-4.15519255368352,-4.49999998242368,-0.354502122318332));
#2139=CARTESIAN_POINT('Ctrl Pts',(-5.21618367898389,-3.52030610635168,-0.471767388198468));
#2140=CARTESIAN_POINT('Ctrl Pts',(-6.37230988367492,-1.24051577392327,-0.667209498466206));
#2141=CARTESIAN_POINT('Ctrl Pts',(-5.95958577677469,2.20297632937654,-0.94082845312155));
#2142=CARTESIAN_POINT('Ctrl Pts',(-4.86251995867439,3.84687074847468,-1.09718214189676));
#2143=CARTESIAN_POINT('Ctrl Pts',(-4.1551925378215,4.49999999707028,-1.17535898593369));
#2144=CARTESIAN_POINT('Ctrl Pts',(-5.39280439253073,-4.49899276034181,-1.35664677663288));
#2145=CARTESIAN_POINT('Ctrl Pts',(-6.25480091840796,-3.45848647094135,-1.45236382432405));
#2146=CARTESIAN_POINT('Ctrl Pts',(-6.81433500528098,-2.1667630763149,-1.54808087201523));
#2147=CARTESIAN_POINT('Ctrl Pts',(-6.97473769318831,-0.825570466042599,
-1.6437979197064));
#2148=CARTESIAN_POINT('Ctrl Pts',(-7.10574649735636,0.269847836001687,-1.7219747639982));
#2149=CARTESIAN_POINT('Ctrl Pts',(-6.97050287400691,1.39826604431049,-1.80015160828999));
#2150=CARTESIAN_POINT('Ctrl Pts',(-6.58831942124324,2.43383539198997,-1.87832845258178));
#2151=CARTESIAN_POINT('Ctrl Pts',(-6.31147883374999,3.1839663161011,-1.93495707777632));
#2152=CARTESIAN_POINT('Ctrl Pts',(-5.90506751527313,3.88537891570673,-1.99158570297086));
#2153=CARTESIAN_POINT('Ctrl Pts',(-5.39371528021385,4.49977175175181,-2.0482143281654));
#2154=CARTESIAN_POINT('Ctrl Pts',(4.15519254059244,4.49999999451169,-1.91700212087144));
#2155=CARTESIAN_POINT('Ctrl Pts',(4.8625199624726,3.84687074323669,-1.99517896511725));
#2156=CARTESIAN_POINT('Ctrl Pts',(5.95953935324625,2.20298818726554,-2.15153265360888));
#2157=CARTESIAN_POINT('Ctrl Pts',(6.37222650787807,-1.24047975678932,-2.42515160846923));
#2158=CARTESIAN_POINT('Ctrl Pts',(5.21618367465087,-3.52030611576451,-2.62059371908376));
#2159=CARTESIAN_POINT('Ctrl Pts',(4.15519254217523,-4.49999999305018,-2.73785898545248));
#2160=CARTESIAN_POINT('Ctrl Pts',(4.35871217523391,4.7204081575084,-2.22950212059602));
#2161=CARTESIAN_POINT('Ctrl Pts',(5.10068420553271,4.03528890208929,-2.30767896484184));
#2162=CARTESIAN_POINT('Ctrl Pts',(6.2514351583035,2.31088964949906,-2.46403265333346));
#2163=CARTESIAN_POINT('Ctrl Pts',(6.68433556132546,-1.30123794895865,-2.73765160819381));
#2164=CARTESIAN_POINT('Ctrl Pts',(5.47167022198096,-3.69272927245518,-2.93309371880835));
#2165=CARTESIAN_POINT('Ctrl Pts',(4.35871217689422,-4.7204081559753,-3.05035898517707));
#2166=CARTESIAN_POINT('Ctrl Pts',(4.56223180987537,4.9408163205051,-2.54200212032061));
#2167=CARTESIAN_POINT('Ctrl Pts',(5.33884844859283,4.22370706094188,-2.62017896456642));
#2168=CARTESIAN_POINT('Ctrl Pts',(6.54333096336075,2.41879111173259,-2.77653265305805));
#2169=CARTESIAN_POINT('Ctrl Pts',(6.99644461477286,-1.36199614112799,-3.0501516079184));
#2170=CARTESIAN_POINT('Ctrl Pts',(5.72715676931105,-3.86515242914586,-3.24559371853293));
#2171=CARTESIAN_POINT('Ctrl Pts',(4.5622318116132,-4.94081631890043,-3.36285898490166));
#2172=CARTESIAN_POINT('Ctrl Pts',(4.76575144451683,5.16122448350181,-2.8545021200452));
#2173=CARTESIAN_POINT('Ctrl Pts',(5.57701269165295,4.41212521979448,-2.93267896429101));
#2174=CARTESIAN_POINT('Ctrl Pts',(6.83522676841799,2.52669257396611,-3.08903265278264));
#2175=CARTESIAN_POINT('Ctrl Pts',(7.30855366822026,-1.42275433329732,-3.36265160764299));
#2176=CARTESIAN_POINT('Ctrl Pts',(5.98264331664114,-4.03757558583653,-3.55809371825752));
#2177=CARTESIAN_POINT('Ctrl Pts',(4.76575144633219,-5.16122448182555,-3.67535898462624));
#2178=CARTESIAN_POINT('Ctrl Pts',(5.3937120088625,4.49977262335388,-2.91914677640717));
#2179=CARTESIAN_POINT('Ctrl Pts',(5.9050588988995,3.88538123608577,-2.97577540186534));
#2180=CARTESIAN_POINT('Ctrl Pts',(6.31145933998258,3.18397171351566,-3.03240402732351));
#2181=CARTESIAN_POINT('Ctrl Pts',(6.58829137776906,2.43384403438525,-3.08903265278169));
#2182=CARTESIAN_POINT('Ctrl Pts',(6.97046302550345,1.39827917189066,-3.1672094970275));
#2183=CARTESIAN_POINT('Ctrl Pts',(7.10569928258979,0.269865769815543,-3.24538634127332));
#2184=CARTESIAN_POINT('Ctrl Pts',(6.97469538058897,-0.825553671835748,-3.32356318551913));
#2185=CARTESIAN_POINT('Ctrl Pts',(6.81429869487142,-2.16674767619701,-3.41928023306789));
#2186=CARTESIAN_POINT('Ctrl Pts',(6.2547890021594,-3.45848137824114,-3.51499728061664));
#2187=CARTESIAN_POINT('Ctrl Pts',(5.39280123994949,-4.49899140796675,-3.6107143281654));
#2188=CARTESIAN_POINT('Ctrl Pts',(4.15519254707843,4.49999998852265,-1.91700212158831));
#2189=CARTESIAN_POINT('Ctrl Pts',(5.21618367610466,3.52030611202858,-2.03426738771179));
#2190=CARTESIAN_POINT('Ctrl Pts',(6.37224555618197,1.2404879690061,-2.22970949822287));
#2191=CARTESIAN_POINT('Ctrl Pts',(5.95954998822976,-2.20298544712627,-2.50332845251609));
#2192=CARTESIAN_POINT('Ctrl Pts',(4.86251996717057,-3.84687073574325,-2.65968214068584));
#2193=CARTESIAN_POINT('Ctrl Pts',(4.15519255108283,-4.49999998482509,-2.73785898446799));
#2194=CARTESIAN_POINT('Ctrl Pts',(-4.15519253464869,-4.50000000000001,-3.47950212021451));
#2195=CARTESIAN_POINT('Ctrl Pts',(-5.21618367068726,-3.52030612271203,-3.59676738679591));
#2196=CARTESIAN_POINT('Ctrl Pts',(-6.37218518799002,-1.24046197146722,-3.79220949776492));
#2197=CARTESIAN_POINT('Ctrl Pts',(-5.95951622828519,2.20299417595188,-4.06582845312154));
#2198=CARTESIAN_POINT('Ctrl Pts',(-4.86251995867441,3.84687074847468,-4.22218214189674));
#2199=CARTESIAN_POINT('Ctrl Pts',(-4.1551925346487,4.5,-4.30035898628435));
#2200=CARTESIAN_POINT('Ctrl Pts',(-4.35871216899903,-4.72040816326553,-3.7920021199391));
#2201=CARTESIAN_POINT('Ctrl Pts',(-5.47167021782321,-3.692729279743,-3.9092673865205));
#2202=CARTESIAN_POINT('Ctrl Pts',(-6.68429221760616,-1.30121929251873,-4.10470949748951));
#2203=CARTESIAN_POINT('Ctrl Pts',(-6.25141090069129,2.31089593150882,-4.37832845284612));
#2204=CARTESIAN_POINT('Ctrl Pts',(-5.1006842015485,4.03528890758383,-4.53468214162133));
#2205=CARTESIAN_POINT('Ctrl Pts',(-4.35871216899904,4.72040816326552,-4.61285898600894));
#2206=CARTESIAN_POINT('Ctrl Pts',(-4.56223180334937,-4.94081632653106,-4.10450211966368));
#2207=CARTESIAN_POINT('Ctrl Pts',(-5.72715676495917,-3.86515243677396,-4.22176738624509));
#2208=CARTESIAN_POINT('Ctrl Pts',(-6.99639924722231,-1.36197661357025,-4.4172094972141));
#2209=CARTESIAN_POINT('Ctrl Pts',(-6.54330557309738,2.41879768706575,-4.69082845257071));
#2210=CARTESIAN_POINT('Ctrl Pts',(-5.33884844442258,4.22370706669298,-4.84718214134592));
#2211=CARTESIAN_POINT('Ctrl Pts',(-4.56223180334938,4.94081632653104,-4.92535898573352));
#2212=CARTESIAN_POINT('Ctrl Pts',(-4.76575143769971,-5.16122448979658,-4.41700211938827));
#2213=CARTESIAN_POINT('Ctrl Pts',(-5.98264331209512,-4.03757559380492,-4.53426738596968));
#2214=CARTESIAN_POINT('Ctrl Pts',(-7.30850627683845,-1.42273393462176,-4.72970949693868));
#2215=CARTESIAN_POINT('Ctrl Pts',(-6.83520024550347,2.52669944262268,-5.0033284522953));
#2216=CARTESIAN_POINT('Ctrl Pts',(-5.57701268729666,4.41212522580213,-5.1596821410705));
#2217=CARTESIAN_POINT('Ctrl Pts',(-4.76575143769972,5.16122448979657,-5.23785898545811));
#2218=CARTESIAN_POINT('Ctrl Pts',(-4.15519253464868,-4.49999999999999,-3.47950212021453));
#2219=CARTESIAN_POINT('Ctrl Pts',(-5.21618367068725,-3.52030612271202,-3.59676738679593));
#2220=CARTESIAN_POINT('Ctrl Pts',(-6.37219524206523,-1.24046629602447,-3.79220949776494));
#2221=CARTESIAN_POINT('Ctrl Pts',(-5.95952186197844,2.20299271312835,-4.06582845312156));
#2222=CARTESIAN_POINT('Ctrl Pts',(-4.86251995867438,3.84687074847469,-4.22218214189676));
#2223=CARTESIAN_POINT('Ctrl Pts',(-4.15519253464866,4.50000000000001,-4.30035898628437));
#2224=CARTESIAN_POINT('Ctrl Pts',(-5.3927986486125,-4.49899034289728,-4.48164677374523));
#2225=CARTESIAN_POINT('Ctrl Pts',(-6.2547792970413,-3.45847727189692,-4.57736382220729));
#2226=CARTESIAN_POINT('Ctrl Pts',(-6.81426915322273,-2.1667351898954,-4.67308087066935));
#2227=CARTESIAN_POINT('Ctrl Pts',(-6.97466093727807,-0.82554001737095,-4.76879791913142));
#2228=CARTESIAN_POINT('Ctrl Pts',(-7.10566083483671,0.26988036991153,-4.84697476351902));
#2229=CARTESIAN_POINT('Ctrl Pts',(-6.97043054016959,1.39828990626692,-4.92515160790662));
#2230=CARTESIAN_POINT('Ctrl Pts',(-6.58826850328437,2.43385112023941,-5.00332845229423));
#2231=CARTESIAN_POINT('Ctrl Pts',(-6.31144342858996,3.18397615292201,-5.05995707758458));
#2232=CARTESIAN_POINT('Ctrl Pts',(-5.9050518661888,3.8853831434746,-5.11658570287494));
#2233=CARTESIAN_POINT('Ctrl Pts',(-5.39370934287362,4.499773335435,-5.17321432816529));
#2234=CARTESIAN_POINT('Ctrl Pts',(4.15519253464868,4.50000000000002,-5.04200212021451));
#2235=CARTESIAN_POINT('Ctrl Pts',(5.21618367068727,3.52030612271202,-5.15926738679592));
#2236=CARTESIAN_POINT('Ctrl Pts',(6.37215091809656,1.24044724907517,-5.35470949776493));
#2237=CARTESIAN_POINT('Ctrl Pts',(5.95949699208388,-2.20299919264116,-5.62832845312155));
#2238=CARTESIAN_POINT('Ctrl Pts',(4.8625199586743,-3.84687074847482,-5.78468214189676));
#2239=CARTESIAN_POINT('Ctrl Pts',(4.15519253464855,-4.50000000000013,-5.86285898628437));
#2240=CARTESIAN_POINT('Ctrl Pts',(4.35871216899902,4.72040816326554,-5.3545021199391));
#2241=CARTESIAN_POINT('Ctrl Pts',(5.47167021782322,3.69272927974299,-5.4717673865205));
#2242=CARTESIAN_POINT('Ctrl Pts',(6.68425626918731,1.30120384902993,-5.66720949748952));
#2243=CARTESIAN_POINT('Ctrl Pts',(6.25139072230869,-2.31090119391349,-5.94082845284614));
#2244=CARTESIAN_POINT('Ctrl Pts',(5.10068420154838,-4.03528890758398,-6.09718214162135));
#2245=CARTESIAN_POINT('Ctrl Pts',(4.35871216899889,-4.72040816326566,-6.17535898600895));
#2246=CARTESIAN_POINT('Ctrl Pts',(4.56223180334936,4.94081632653106,-5.66700211966368));
#2247=CARTESIAN_POINT('Ctrl Pts',(5.72715676495918,3.86515243677395,-5.78426738624509));
#2248=CARTESIAN_POINT('Ctrl Pts',(6.99636162027806,1.3619604489847,-5.9797094972141));
#2249=CARTESIAN_POINT('Ctrl Pts',(6.54328445253349,-2.41880319518581,-6.25332845257072));
#2250=CARTESIAN_POINT('Ctrl Pts',(5.33884844442246,-4.22370706669313,-6.40968214134594));
#2251=CARTESIAN_POINT('Ctrl Pts',(4.56223180334922,-4.94081632653119,-6.48785898573354));
#2252=CARTESIAN_POINT('Ctrl Pts',(4.7657514376997,5.16122448979659,-5.97950211938827));
#2253=CARTESIAN_POINT('Ctrl Pts',(5.98264331209514,4.03757559380491,-6.09676738596968));
#2254=CARTESIAN_POINT('Ctrl Pts',(7.30846697136882,1.42271704893946,-6.29220949693869));
#2255=CARTESIAN_POINT('Ctrl Pts',(6.83517818275829,-2.52670519645814,-6.56582845229531));
#2256=CARTESIAN_POINT('Ctrl Pts',(5.57701268729654,-4.41212522580229,-6.72218214107052));
#2257=CARTESIAN_POINT('Ctrl Pts',(4.76575143769956,-5.16122448979672,-6.80035898545813));
#2258=CARTESIAN_POINT('Ctrl Pts',(5.39279654770584,4.49898940304564,-6.04414677667857));
#2259=CARTESIAN_POINT('Ctrl Pts',(6.25477126883228,3.45847382399945,-6.13986382416273));
#2260=CARTESIAN_POINT('Ctrl Pts',(6.81424465289582,2.16672482609721,-6.23558087164689));
#2261=CARTESIAN_POINT('Ctrl Pts',(6.97463235452666,0.825528695872661,-6.33129791913105));
#2262=CARTESIAN_POINT('Ctrl Pts',(7.10562891910576,-0.269892484802328,-6.40947476351866));
#2263=CARTESIAN_POINT('Ctrl Pts',(6.97040355093135,-1.39829884062998,-6.48765160790626));
#2264=CARTESIAN_POINT('Ctrl Pts',(6.58824949297877,-2.43385702587976,-6.56582845229387));
#2265=CARTESIAN_POINT('Ctrl Pts',(6.31143019794957,-3.18397986465943,-6.62245707758422));
#2266=CARTESIAN_POINT('Ctrl Pts',(5.9050460168462,-3.88538474096207,-6.67908570287457));
#2267=CARTESIAN_POINT('Ctrl Pts',(5.39370712350282,-4.49977393408301,-6.73571432816493));
#2268=CARTESIAN_POINT('Ctrl Pts',(4.15519253464867,4.49999999999999,-5.04200212021453));
#2269=CARTESIAN_POINT('Ctrl Pts',(5.21618367068725,3.52030612271201,-5.15926738679593));
#2270=CARTESIAN_POINT('Ctrl Pts',(6.37215480955869,1.24044891945349,-5.35470949776494));
#2271=CARTESIAN_POINT('Ctrl Pts',(5.95949917900245,-2.20299862061731,-5.62832845312156));
#2272=CARTESIAN_POINT('Ctrl Pts',(4.86251995867439,-3.84687074847468,-5.78468214189677));
#2273=CARTESIAN_POINT('Ctrl Pts',(4.15519253464867,-4.5,-5.86285898628437));
#2274=CARTESIAN_POINT('Ctrl Pts',(-4.1551925346487,-4.49999999999999,-6.60450212021451));
#2275=CARTESIAN_POINT('Ctrl Pts',(-5.21618367068727,-3.52030612271201,-6.72176738679592));
#2276=CARTESIAN_POINT('Ctrl Pts',(-6.3721220356055,-1.24043486257737,-6.91720949776493));
#2277=CARTESIAN_POINT('Ctrl Pts',(-5.95948074029582,2.20300345690471,-7.19082845312154));
#2278=CARTESIAN_POINT('Ctrl Pts',(-4.86251995867442,3.84687074847467,-7.34718214189675));
#2279=CARTESIAN_POINT('Ctrl Pts',(-4.15519253464871,4.49999999999999,-7.42535898628435));
#2280=CARTESIAN_POINT('Ctrl Pts',(-4.35871216899904,-4.72040816326552,-6.9170021199391));
#2281=CARTESIAN_POINT('Ctrl Pts',(-5.47167021782323,-3.69272927974298,-7.03426738652051));
#2282=CARTESIAN_POINT('Ctrl Pts',(-6.68422597204362,-1.30119085584652,-7.22970949748951));
#2283=CARTESIAN_POINT('Ctrl Pts',(-6.25137367451468,2.31090566703893,-7.50332845284613));
#2284=CARTESIAN_POINT('Ctrl Pts',(-5.1006842015485,4.03528890758382,-7.65968214162133));
#2285=CARTESIAN_POINT('Ctrl Pts',(-4.35871216899905,4.72040816326551,-7.73785898600894));
#2286=CARTESIAN_POINT('Ctrl Pts',(-4.56223180334938,-4.94081632653104,-7.22950211966369));
#2287=CARTESIAN_POINT('Ctrl Pts',(-5.72715676495918,-3.86515243677394,-7.34676738624509));
#2288=CARTESIAN_POINT('Ctrl Pts',(-6.99632990848175,-1.36194684911568,-7.5422094972141));
#2289=CARTESIAN_POINT('Ctrl Pts',(-6.54326660873354,2.41880787717314,-7.81582845257071));
#2290=CARTESIAN_POINT('Ctrl Pts',(-5.33884844442259,4.22370706669297,-7.97218214134592));
#2291=CARTESIAN_POINT('Ctrl Pts',(-4.56223180334939,4.94081632653103,-8.05035898573353));
#2292=CARTESIAN_POINT('Ctrl Pts',(-4.76575143769973,-5.16122448979656,-7.54200211938827));
#2293=CARTESIAN_POINT('Ctrl Pts',(-5.98264331209514,-4.0375755938049,-7.65926738596968));
#2294=CARTESIAN_POINT('Ctrl Pts',(-7.30843384491988,-1.42270284238483,-7.85470949693869));
#2295=CARTESIAN_POINT('Ctrl Pts',(-6.8351595429524,2.52671008730736,-8.1283284522953));
#2296=CARTESIAN_POINT('Ctrl Pts',(-5.57701268729667,4.41212522580212,-8.28468214107051));
#2297=CARTESIAN_POINT('Ctrl Pts',(-4.76575143769973,5.16122448979656,-8.36285898545811));
#2298=CARTESIAN_POINT('Ctrl Pts',(-4.15519253464869,-4.49999999999998,-6.60450212021453));
#2299=CARTESIAN_POINT('Ctrl Pts',(-4.8625199586744,-3.84687074847466,-6.68267896460213));
#2300=CARTESIAN_POINT('Ctrl Pts',(-5.9594804990819,-2.20300352037187,-6.83903265337734));
#2301=CARTESIAN_POINT('Ctrl Pts',(-6.37212160740182,1.2404346790846,-7.11265160873396));
#2302=CARTESIAN_POINT('Ctrl Pts',(-5.21618367068724,3.52030612271202,-7.30809371970297));
#2303=CARTESIAN_POINT('Ctrl Pts',(-4.15519253464868,4.49999999999999,-7.42535898628437));
#2304=CARTESIAN_POINT('Ctrl Pts',(-5.39279475473354,-4.49898863906506,-7.60664677667802));
#2305=CARTESIAN_POINT('Ctrl Pts',(-6.25476449266904,-3.45847094492759,-7.70236382416217));
#2306=CARTESIAN_POINT('Ctrl Pts',(-6.81422400061725,-2.16671611581599,-7.79808087164633));
#2307=CARTESIAN_POINT('Ctrl Pts',(-6.9746082534458,-0.82551915783382,-7.89379791913048));
#2308=CARTESIAN_POINT('Ctrl Pts',(-7.10560200121758,0.269902698911746,-7.97197476351809));
#2309=CARTESIAN_POINT('Ctrl Pts',(-6.97038077208405,1.39830639310921,-8.05015160790569));
#2310=CARTESIAN_POINT('Ctrl Pts',(-6.58823344360344,2.43386202483149,-8.1283284522933));
#2311=CARTESIAN_POINT('Ctrl Pts',(-6.31141902317293,3.18398301392353,-8.18495707758366));
#2312=CARTESIAN_POINT('Ctrl Pts',(-5.90504107588214,3.88538609726062,-8.24158570287402));
#2313=CARTESIAN_POINT('Ctrl Pts',(-5.3937052486997,4.49977444250465,-8.29821432816438));
#2314=CARTESIAN_POINT('Ctrl Pts',(4.15519253464869,4.5,-8.16700212021452));
#2315=CARTESIAN_POINT('Ctrl Pts',(4.86251995867441,3.84687074847468,-8.24517896460212));
#2316=CARTESIAN_POINT('Ctrl Pts',(5.95946682876705,2.20300712552939,-8.40153265337733));
#2317=CARTESIAN_POINT('Ctrl Pts',(6.37209736239353,-1.24042429656364,-8.67515160873394));
#2318=CARTESIAN_POINT('Ctrl Pts',(5.21618367068726,-3.52030612271203,-8.87059371970295));
#2319=CARTESIAN_POINT('Ctrl Pts',(4.15519253464869,-4.50000000000001,-8.98785898628435));
#2320=CARTESIAN_POINT('Ctrl Pts',(4.35871216899903,4.72040816326553,-8.4795021199391));
#2321=CARTESIAN_POINT('Ctrl Pts',(5.10068420154849,4.03528890758383,-8.55767896432671));
#2322=CARTESIAN_POINT('Ctrl Pts',(6.2513590816049,2.31090951535134,-8.71403265310191));
#2323=CARTESIAN_POINT('Ctrl Pts',(6.6842000903478,-1.30117977231376,-8.98765160845852));
#2324=CARTESIAN_POINT('Ctrl Pts',(5.47167021782322,-3.69272927974299,-9.18309371942754));
#2325=CARTESIAN_POINT('Ctrl Pts',(4.35871216899903,-4.72040816326553,-9.30035898600894));
#2326=CARTESIAN_POINT('Ctrl Pts',(4.56223180334938,4.94081632653105,-8.79200211966369));
#2327=CARTESIAN_POINT('Ctrl Pts',(5.33884844442257,4.22370706669298,-8.87017896405129));
#2328=CARTESIAN_POINT('Ctrl Pts',(6.54325133444276,2.41881190517329,-9.0265326528265));
#2329=CARTESIAN_POINT('Ctrl Pts',(6.99630281830208,-1.36193524806387,-9.30015160818311));
#2330=CARTESIAN_POINT('Ctrl Pts',(5.72715676495917,-3.86515243677395,-9.49559371915212));
#2331=CARTESIAN_POINT('Ctrl Pts',(4.56223180334937,-4.94081632653105,-9.61285898573353));
#2332=CARTESIAN_POINT('Ctrl Pts',(4.76575143769972,5.16122448979657,-9.10450211938828));
#2333=CARTESIAN_POINT('Ctrl Pts',(5.57701268729666,4.41212522580213,-9.18267896377588));
#2334=CARTESIAN_POINT('Ctrl Pts',(6.83514358728062,2.52671429499525,-9.33903265255109));
#2335=CARTESIAN_POINT('Ctrl Pts',(7.30840554625636,-1.42269072381399,-9.6126516079077));
#2336=CARTESIAN_POINT('Ctrl Pts',(5.98264331209513,-4.03757559380492,-9.80809371887671));
#2337=CARTESIAN_POINT('Ctrl Pts',(4.76575143769971,-5.16122448979658,-9.92535898545812));
#2338=CARTESIAN_POINT('Ctrl Pts',(5.39370364404084,4.499774879599,-9.16914677667749));
#2339=CARTESIAN_POINT('Ctrl Pts',(5.90503684704235,3.8853872629848,-9.22577540196785));
#2340=CARTESIAN_POINT('Ctrl Pts',(6.31140945983236,3.18398571921446,-9.2824040272582));
#2341=CARTESIAN_POINT('Ctrl Pts',(6.5882197135646,2.43386631072337,-9.33903265254856));
#2342=CARTESIAN_POINT('Ctrl Pts',(6.9703612898427,1.39831286104926,-9.41720949693616));
#2343=CARTESIAN_POINT('Ctrl Pts',(7.10557899240715,0.269911427104156,-9.49538634132377));
#2344=CARTESIAN_POINT('Ctrl Pts',(6.9745876564801,-0.825511012461311,-9.57356318571137));
#2345=CARTESIAN_POINT('Ctrl Pts',(6.81420635663153,-2.16670868402821,-9.66928023319553));
#2346=CARTESIAN_POINT('Ctrl Pts',(6.2547587037695,-3.45846848869281,-9.76499728067969));
#2347=CARTESIAN_POINT('Ctrl Pts',(5.39279322301374,-4.49898798731245,-9.86071432816385));
#2348=CARTESIAN_POINT('Ctrl Pts',(4.15519253464868,4.49999999999999,-8.16700212021453));
#2349=CARTESIAN_POINT('Ctrl Pts',(5.21618367068725,3.52030612271201,-8.28426738679594));
#2350=CARTESIAN_POINT('Ctrl Pts',(6.37209385485945,1.24042279563595,-8.47970949776495));
#2351=CARTESIAN_POINT('Ctrl Pts',(5.95946484901847,-2.20300764897169,-8.75332845312156));
#2352=CARTESIAN_POINT('Ctrl Pts',(4.86251995867435,-3.84687074847473,-8.90968214189677));
#2353=CARTESIAN_POINT('Ctrl Pts',(4.15519253464863,-4.50000000000003,-8.98785898628437));
#2354=CARTESIAN_POINT('Ctrl Pts',(-4.15519253464869,-4.5,-9.72950212021452));
#2355=CARTESIAN_POINT('Ctrl Pts',(-5.21618367068726,-3.52030612271202,-9.84676738679592));
#2356=CARTESIAN_POINT('Ctrl Pts',(-6.37207604058729,-1.24041517695204,-10.0422094977649));
#2357=CARTESIAN_POINT('Ctrl Pts',(-5.95945478618528,2.20301031474785,-10.3158284531215));
#2358=CARTESIAN_POINT('Ctrl Pts',(-4.86251995867441,3.84687074847468,-10.4721821418968));
#2359=CARTESIAN_POINT('Ctrl Pts',(-4.15519253464869,4.5,-10.5503589862844));
#2360=CARTESIAN_POINT('Ctrl Pts',(-4.35871216899903,-4.72040816326553,-10.0420021199391));
#2361=CARTESIAN_POINT('Ctrl Pts',(-5.47167021782322,-3.69272927974299,-10.1592673865205));
#2362=CARTESIAN_POINT('Ctrl Pts',(-6.6841777242082,-1.3011702060273,-10.3547094974895));
#2363=CARTESIAN_POINT('Ctrl Pts',(-6.2513464491824,2.31091286077642,-10.6283284528461));
#2364=CARTESIAN_POINT('Ctrl Pts',(-5.10068420154849,4.03528890758383,-10.7846821416213));
#2365=CARTESIAN_POINT('Ctrl Pts',(-4.35871216899903,4.72040816326553,-10.8628589860089));
#2366=CARTESIAN_POINT('Ctrl Pts',(-4.56223180334937,-4.94081632653105,-10.3545021196637));
#2367=CARTESIAN_POINT('Ctrl Pts',(-5.72715676495917,-3.86515243677395,-10.4717673862451));
#2368=CARTESIAN_POINT('Ctrl Pts',(-6.99627940782911,-1.36192523510257,-10.6672094972141));
#2369=CARTESIAN_POINT('Ctrl Pts',(-6.54323811217951,2.41881540680499,-10.9408284525707));
#2370=CARTESIAN_POINT('Ctrl Pts',(-5.33884844442257,4.22370706669298,-11.0971821413459));
#2371=CARTESIAN_POINT('Ctrl Pts',(-4.56223180334937,4.94081632653105,-11.1753589857335));
#2372=CARTESIAN_POINT('Ctrl Pts',(-4.76575143769971,-5.16122448979657,-10.6670021193883));
#2373=CARTESIAN_POINT('Ctrl Pts',(-5.98264331209513,-4.03757559380491,-10.7842673859697));
#2374=CARTESIAN_POINT('Ctrl Pts',(-7.30838109145002,-1.42268026417783,-10.9797094969387));
#2375=CARTESIAN_POINT('Ctrl Pts',(-6.83512977517663,2.52671795283356,-11.2533284522953));
#2376=CARTESIAN_POINT('Ctrl Pts',(-5.57701268729665,4.41212522580213,-11.4096821410705));
#2377=CARTESIAN_POINT('Ctrl Pts',(-4.76575143769971,5.16122448979657,-11.4878589854581));
#2378=CARTESIAN_POINT('Ctrl Pts',(-4.15519253464868,-4.49999999999999,-9.72950212021453));
#2379=CARTESIAN_POINT('Ctrl Pts',(-4.86251995867439,-3.84687074847467,-9.80767896460214));
#2380=CARTESIAN_POINT('Ctrl Pts',(-5.95945154727591,-2.20301117460612,-9.96403265337734));
#2381=CARTESIAN_POINT('Ctrl Pts',(-6.37207031171865,1.24041272839471,-10.237651608734));
#2382=CARTESIAN_POINT('Ctrl Pts',(-5.21618367068725,3.52030612271201,-10.433093719703));
#2383=CARTESIAN_POINT('Ctrl Pts',(-4.15519253464868,4.49999999999999,-10.5503589862844));
#2384=CARTESIAN_POINT('Ctrl Pts',(-5.39279189931261,-4.49898742473771,-10.7316467766773));
#2385=CARTESIAN_POINT('Ctrl Pts',(-6.25475370098067,-3.45846636846964,-10.8273638241614));
#2386=CARTESIAN_POINT('Ctrl Pts',(-6.81419110813883,-2.16670226835666,-10.9230808716456));
#2387=CARTESIAN_POINT('Ctrl Pts',(-6.97456985113743,-0.825503975400634,
-11.0187979191297));
#2388=CARTESIAN_POINT('Ctrl Pts',(-7.10555909875873,0.269918971684096,-11.0969747635173));
#2389=CARTESIAN_POINT('Ctrl Pts',(-6.97034443696638,1.39831846225834,-11.1751516079049));
#2390=CARTESIAN_POINT('Ctrl Pts',(-6.58820783410033,2.43387002578744,-11.2533284522925));
#2391=CARTESIAN_POINT('Ctrl Pts',(-6.31140118293723,3.1839880680198,-11.3099570775829));
#2392=CARTESIAN_POINT('Ctrl Pts',(-5.9050331867835,3.88538827555811,-11.3665857028732));
#2393=CARTESIAN_POINT('Ctrl Pts',(-5.39370225508598,4.49977525935008,-11.4232143281636));
#2394=CARTESIAN_POINT('Origin',(0.,0.,0.));
#2395=CARTESIAN_POINT('Origin',(0.,0.,0.));
#2396=CARTESIAN_POINT('',(-5.88417906823244,-1.70060627217919,-1.38777878078145E-16));
#2397=CARTESIAN_POINT('Ctrl Pts',(-4.85002409057027,4.49969401159951,-1.77286836305832E-11));
#2398=CARTESIAN_POINT('Ctrl Pts',(-4.91241401700378,4.42158777802635,-1.18194250138434E-11));
#2399=CARTESIAN_POINT('Ctrl Pts',(-4.97305503039169,4.34198116298505,-4.67947085644587E-16));
#2400=CARTESIAN_POINT('Ctrl Pts',(-5.03190230366316,4.26093827262874,-2.74086309204336E-16));
#2401=CARTESIAN_POINT('Ctrl Pts',(-5.13730496019597,4.11578055398223,-2.66104621563913E-16));
#2402=CARTESIAN_POINT('Ctrl Pts',(-5.23653212332287,3.96660049796277,-1.10751805773741E-16));
#2403=CARTESIAN_POINT('Ctrl Pts',(-5.32945045206711,3.81383157839276,-1.52655665885959E-16));
#2404=CARTESIAN_POINT('Ctrl Pts',(-5.42297560376734,3.66006496882328,-1.94833188090511E-16));
#2405=CARTESIAN_POINT('Ctrl Pts',(-5.51010953535014,3.50266177790493,-1.25457453625687E-16));
#2406=CARTESIAN_POINT('Ctrl Pts',(-5.59067005079332,3.3420385534504,-2.35922392732846E-16));
#2407=CARTESIAN_POINT('Ctrl Pts',(-5.67390407632936,3.17608482919251,-3.50053260837433E-16));
#2408=CARTESIAN_POINT('Ctrl Pts',(-5.75012172214844,3.00669310248584,2.28261736209175E-17));
#2409=CARTESIAN_POINT('Ctrl Pts',(-5.8190659815981,2.83430621513524,0.));
#2410=CARTESIAN_POINT('Ctrl Pts',(-5.88437725421524,2.67100317750388,-2.16233586387305E-17));
#2411=CARTESIAN_POINT('Ctrl Pts',(-5.94316125202236,2.50501160817064,-6.98760659535834E-16));
#2412=CARTESIAN_POINT('Ctrl Pts',(-5.99514884727061,2.33670395878667,-8.04911692853238E-16));
#2413=CARTESIAN_POINT('Ctrl Pts',(-6.02331153061794,2.24552845794074,-8.6241575558272E-16));
#2414=CARTESIAN_POINT('Ctrl Pts',(-6.04947887104237,2.1536732714221,5.50988820713263E-16));
#2415=CARTESIAN_POINT('Ctrl Pts',(-6.07360168239026,2.06119813165737,6.10622663543836E-16));
#2416=CARTESIAN_POINT('Ctrl Pts',(-6.08007705238185,2.0363747088662,6.26630382991585E-16));
#2417=CARTESIAN_POINT('Ctrl Pts',(-6.0864050749094,2.01150661840346,-3.17575054775661E-17));
#2418=CARTESIAN_POINT('Ctrl Pts',(-6.09258474136544,1.98659502562463,-2.77555756156289E-17));
#2419=CARTESIAN_POINT('Ctrl Pts',(-6.0979797224732,1.96484667183206,-2.42618051745649E-17));
#2420=CARTESIAN_POINT('Ctrl Pts',(-6.10325923579785,1.94307481593369,3.97342171278485E-17));
#2421=CARTESIAN_POINT('Ctrl Pts',(-6.10842287058099,1.92128044299423,2.77555756156289E-17));
#2422=CARTESIAN_POINT('Ctrl Pts',(-6.14886253538912,1.75059502983279,-6.60566841499865E-17));
#2423=CARTESIAN_POINT('Ctrl Pts',(-6.18219997019762,1.57852540442542,-9.08509973519277E-16));
#2424=CARTESIAN_POINT('Ctrl Pts',(-6.20823093653834,1.40545282768554,-9.43689570931383E-16));
#2425=CARTESIAN_POINT('Ctrl Pts',(-6.21761871933711,1.3430360991788,-9.56376707287757E-16));
#2426=CARTESIAN_POINT('Ctrl Pts',(-6.22605573387191,1.28048887191435,-8.1310300358067E-16));
#2427=CARTESIAN_POINT('Ctrl Pts',(-6.23353072968862,1.2178289354353,-7.7715611723761E-16));
#2428=CARTESIAN_POINT('Ctrl Pts',(-6.2543810640793,1.04304882043275,-6.69023712226229E-16));
#2429=CARTESIAN_POINT('Ctrl Pts',(-6.26775018242285,0.86739113263651,6.42991798648322E-17));
#2430=CARTESIAN_POINT('Ctrl Pts',(-6.27368030958465,0.691334032931353,1.66533453693773E-16));
#2431=CARTESIAN_POINT('Ctrl Pts',(-6.27709821048971,0.58986138251327,2.25457420670192E-16));
#2432=CARTESIAN_POINT('Ctrl Pts',(-6.27804396923141,0.488256172055889,-3.38746029554878E-16));
#2433=CARTESIAN_POINT('Ctrl Pts',(-6.27651805426897,0.386611959535222,-2.77555756156289E-16));
#2434=CARTESIAN_POINT('Ctrl Pts',(-6.27558794319498,0.324655421982283,-2.40257641707093E-16));
#2435=CARTESIAN_POINT('Ctrl Pts',(-6.27373939225001,0.262684428284347,-6.54391815781828E-16));
#2436=CARTESIAN_POINT('Ctrl Pts',(-6.27097152240901,0.200720580178835,-6.66133814775094E-16));
#2437=CARTESIAN_POINT('Ctrl Pts',(-6.26971939540817,0.17268941840251,-6.71445651974056E-16));
#2438=CARTESIAN_POINT('Ctrl Pts',(-6.2682791225168,0.144659723730159,-7.18520355889315E-16));
#2439=CARTESIAN_POINT('Ctrl Pts',(-6.26665057303359,0.116633521278266,-7.21644966006352E-16));
#2440=CARTESIAN_POINT('Ctrl Pts',(-6.26511354727884,0.0901823784542689,
-7.24593974478581E-16));
#2441=CARTESIAN_POINT('Ctrl Pts',(-6.26340917952866,0.0637412703403099,
-1.01011205350989E-15));
#2442=CARTESIAN_POINT('Ctrl Pts',(-6.26153828635859,0.0373201406424711,
-9.99200722162641E-16));
#2443=CARTESIAN_POINT('Ctrl Pts',(-6.2492814965959,-0.135772709969444,-9.27717274313679E-16));
#2444=CARTESIAN_POINT('Ctrl Pts',(-6.22987536737209,-0.308119526547378,
-9.80913703396075E-16));
#2445=CARTESIAN_POINT('Ctrl Pts',(-6.20338555689401,-0.479263783706618,
-8.88178419700125E-16));
#2446=CARTESIAN_POINT('Ctrl Pts',(-6.1770230157997,-0.64958578416601,-7.95888679486598E-16));
#2447=CARTESIAN_POINT('Ctrl Pts',(-6.14364448334588,-0.818717467287344,
-4.02284212547693E-16));
#2448=CARTESIAN_POINT('Ctrl Pts',(-6.1032656562648,-0.986193609684004,-3.33066907387547E-16));
#2449=CARTESIAN_POINT('Ctrl Pts',(-6.06359506949886,-1.15073223842701,-2.65063666368521E-16));
#2450=CARTESIAN_POINT('Ctrl Pts',(-6.01716732168716,-1.31367349031361,-4.48597930317051E-16));
#2451=CARTESIAN_POINT('Ctrl Pts',(-5.9639536748912,-1.47455183431525,-4.9960036108132E-16));
#2452=CARTESIAN_POINT('Ctrl Pts',(-5.93887233329648,-1.55037908811294,-5.23639483847417E-16));
#2453=CARTESIAN_POINT('Ctrl Pts',(-5.91228286377559,-1.62574764801607,-5.41756444109191E-16));
#2454=CARTESIAN_POINT('Ctrl Pts',(-5.88417906823244,-1.70060627217919,-5.55111512312578E-16));
#2455=CARTESIAN_POINT('Ctrl Pts',(-5.88064099359802,-1.69865743864813,-3.88578058618805E-16));
#2456=CARTESIAN_POINT('Ctrl Pts',(-5.83236985015643,-1.863995677515,-4.15365724156813E-16));
#2457=CARTESIAN_POINT('Ctrl Pts',(-5.77727231484185,-2.02701121943058,-1.94096475431998E-17));
#2458=CARTESIAN_POINT('Ctrl Pts',(-5.71562702673418,-2.18732219474895,-9.0205620750794E-17));
#2459=CARTESIAN_POINT('Ctrl Pts',(-5.65336587475646,-2.34923474807437,-1.61708877246085E-16));
#2460=CARTESIAN_POINT('Ctrl Pts',(-5.58442523458359,-2.50838910220749,-4.0685282901574E-16));
#2461=CARTESIAN_POINT('Ctrl Pts',(-5.50903990679914,-2.66438119202392,-3.46944695195361E-16));
#2462=CARTESIAN_POINT('Ctrl Pts',(-5.43359758570109,-2.82049121601079,-2.86991269231822E-16));
#2463=CARTESIAN_POINT('Ctrl Pts',(-5.351700507571,-2.97343486644152,-6.32470771620371E-17));
#2464=CARTESIAN_POINT('Ctrl Pts',(-5.26353634921554,-3.12278641062514,-5.55111512312578E-17));
#2465=CARTESIAN_POINT('Ctrl Pts',(-5.188484021306,-3.24992629691172,-4.89257171901372E-17));
#2466=CARTESIAN_POINT('Ctrl Pts',(-5.10888919021313,-3.37446295299383,-4.10697001526192E-16));
#2467=CARTESIAN_POINT('Ctrl Pts',(-5.02484303655987,-3.49611636131779,-4.9960036108132E-16));
#2468=CARTESIAN_POINT('Ctrl Pts',(-4.96180842131991,-3.58735641756076,-5.66277880747667E-16));
#2469=CARTESIAN_POINT('Ctrl Pts',(-4.89626946330775,-3.676974343715,-3.59534265629768E-16));
#2470=CARTESIAN_POINT('Ctrl Pts',(-4.82825703087861,-3.76484444567372,-4.16333634234434E-16));
#2471=CARTESIAN_POINT('Ctrl Pts',(-4.80836262631701,-3.79054744282879,-4.32948090996316E-16));
#2472=CARTESIAN_POINT('Ctrl Pts',(-4.78825210479279,-3.81610625471306,-1.6189364400772E-16));
#2473=CARTESIAN_POINT('Ctrl Pts',(-4.76794964130301,-3.84148865128027,-1.38777878078145E-16));
#2474=CARTESIAN_POINT('Ctrl Pts',(-4.65950443808163,-3.97706821557126,-1.53054760658134E-17));
#2475=CARTESIAN_POINT('Ctrl Pts',(-4.54549613729191,-4.10773843928046,-3.25478456447504E-16));
#2476=CARTESIAN_POINT('Ctrl Pts',(-4.42614282661014,-4.23310113742088,-1.94289029309402E-16));
#2477=CARTESIAN_POINT('Ctrl Pts',(-4.33867406876326,-4.32497390931166,-9.81461056748139E-17));
#2478=CARTESIAN_POINT('Ctrl Pts',(-4.24833361182563,-4.41399575365446,1.38256123213012E-16));
#2479=CARTESIAN_POINT('Ctrl Pts',(-4.15519253464907,-4.49999999999963,1.66533453693773E-16));
#2480=CARTESIAN_POINT('',(-0.75,2.84402815769477E-16,0.));
#2481=CARTESIAN_POINT('',(0.,0.,0.));
#2482=CARTESIAN_POINT('',(-0.375,1.42201407884739E-16,0.));
#2483=CARTESIAN_POINT('',(2.84402815769477E-16,0.75,0.));
#2484=CARTESIAN_POINT('',(0.,0.,0.));
#2485=CARTESIAN_POINT('',(0.75,-2.84402815769477E-16,0.));
#2486=CARTESIAN_POINT('Origin',(0.,0.,0.));
#2487=CARTESIAN_POINT('',(0.375,-1.42201407884739E-16,0.));
#2488=CARTESIAN_POINT('',(-2.84402815769477E-16,-0.75,0.));
#2489=CARTESIAN_POINT('',(0.,0.,0.));
#2490=CARTESIAN_POINT('Origin',(0.,0.,0.));
#2491=CARTESIAN_POINT('',(-0.499999999994943,3.12500000000413,0.));
#2492=CARTESIAN_POINT('',(1.42110079996404E-15,4.125,0.));
#2493=CARTESIAN_POINT('',(-1.07499999999451,1.97499999999812,6.93889390390723E-17));
#2494=CARTESIAN_POINT('',(0.500000000001875,3.12500000000031,0.));
#2495=CARTESIAN_POINT('',(0.82500000000201,2.47500000000268,0.));
#2496=CARTESIAN_POINT('',(0.250000000006906,3.12500000000127,1.38777878078145E-16));
#2497=CARTESIAN_POINT('Ctrl Pts',(-4.15519253464867,-4.5,0.270497881606579));
#2498=CARTESIAN_POINT('Ctrl Pts',(-5.21618367068724,-3.52030612271203,0.153232615025173));
#2499=CARTESIAN_POINT('Ctrl Pts',(-6.37230988473271,-1.24051578274876,-0.0422094959438369));
#2500=CARTESIAN_POINT('Ctrl Pts',(-5.95958577677469,2.20297632937654,-0.315828451300451));
#2501=CARTESIAN_POINT('Ctrl Pts',(-4.86251995867439,3.84687074847468,-0.472182140075659));
#2502=CARTESIAN_POINT('Ctrl Pts',(-4.15519253464867,4.5,-0.550358984463263));
#2503=CARTESIAN_POINT('Ctrl Pts',(-4.15519253464867,-4.5,0.0621645476662127));
#2504=CARTESIAN_POINT('Ctrl Pts',(-5.21618367068724,-3.52030612271203,-0.0551007189151932));
#2505=CARTESIAN_POINT('Ctrl Pts',(-6.37230988473271,-1.24051578274876,-0.250542829884203));
#2506=CARTESIAN_POINT('Ctrl Pts',(-5.95958577677469,2.20297632937654,-0.524161785240817));
#2507=CARTESIAN_POINT('Ctrl Pts',(-4.86251995867438,3.84687074847468,-0.680515474016025));
#2508=CARTESIAN_POINT('Ctrl Pts',(-4.15519253464867,4.5,-0.758692318403629));
#2509=CARTESIAN_POINT('Ctrl Pts',(-4.15519253464867,-4.5,-0.146168786274154));
#2510=CARTESIAN_POINT('Ctrl Pts',(-5.21618367068724,-3.52030612271203,-0.26343405285556));
#2511=CARTESIAN_POINT('Ctrl Pts',(-6.37230988473271,-1.24051578274876,-0.45887616382457));
#2512=CARTESIAN_POINT('Ctrl Pts',(-5.95958577677469,2.20297632937654,-0.732495119181183));
#2513=CARTESIAN_POINT('Ctrl Pts',(-4.86251995867439,3.84687074847468,-0.888848807956391));
#2514=CARTESIAN_POINT('Ctrl Pts',(-4.15519253464867,4.5,-0.967025652343995));
#2515=CARTESIAN_POINT('Ctrl Pts',(-4.15519253464867,-4.5,-0.35450212021452));
#2516=CARTESIAN_POINT('Ctrl Pts',(-5.21618367068724,-3.52030612271203,-0.471767386795926));
#2517=CARTESIAN_POINT('Ctrl Pts',(-6.37230988473271,-1.24051578274876,-0.667209497764936));
#2518=CARTESIAN_POINT('Ctrl Pts',(-5.95958577677469,2.20297632937654,-0.94082845312155));
#2519=CARTESIAN_POINT('Ctrl Pts',(-4.86251995867439,3.84687074847468,-1.09718214189676));
#2520=CARTESIAN_POINT('Ctrl Pts',(-4.15519253464867,4.5,-1.17535898628436));
#2521=CARTESIAN_POINT('Ctrl Pts',(-5.88417906823244,-1.70060627217919,-5.55111512312578E-16));
#2522=CARTESIAN_POINT('Ctrl Pts',(-6.15301148962604,-0.770433231714362,
-0.0786227120661806));
#2523=CARTESIAN_POINT('Ctrl Pts',(-6.25718650865992,1.55230795737978,-0.262075706887267));
#2524=CARTESIAN_POINT('Ctrl Pts',(-5.10367458763714,3.62419432314978,-0.445528701708354));
#2525=CARTESIAN_POINT('Ctrl Pts',(-4.15519253464867,4.5,-0.550358984463261));
#2526=CARTESIAN_POINT('Ctrl Pts',(4.15519253464867,4.5,-1.29200211839342));
#2527=CARTESIAN_POINT('Ctrl Pts',(5.21618367068724,3.52030612271203,-1.40926738497483));
#2528=CARTESIAN_POINT('Ctrl Pts',(6.37224555687266,1.24048797476911,-1.60470949594384));
#2529=CARTESIAN_POINT('Ctrl Pts',(5.95954998731656,-2.20298545474591,-1.87832845130045));
#2530=CARTESIAN_POINT('Ctrl Pts',(4.86251995867438,-3.84687074847468,-2.03468214007566));
#2531=CARTESIAN_POINT('Ctrl Pts',(4.15519253464867,-4.5,-2.11285898446327));
#2532=CARTESIAN_POINT('Ctrl Pts',(4.15519253464867,4.5,-1.50033545233379));
#2533=CARTESIAN_POINT('Ctrl Pts',(5.21618367068724,3.52030612271203,-1.6176007189152));
#2534=CARTESIAN_POINT('Ctrl Pts',(6.37224555687266,1.24048797476912,-1.81304282988421));
#2535=CARTESIAN_POINT('Ctrl Pts',(5.95954998731656,-2.20298545474591,-2.08666178524082));
#2536=CARTESIAN_POINT('Ctrl Pts',(4.86251995867438,-3.84687074847468,-2.24301547401603));
#2537=CARTESIAN_POINT('Ctrl Pts',(4.15519253464867,-4.5,-2.32119231840363));
#2538=CARTESIAN_POINT('Ctrl Pts',(4.15519253464867,4.5,-1.70866878627416));
#2539=CARTESIAN_POINT('Ctrl Pts',(5.21618367068724,3.52030612271203,-1.82593405285556));
#2540=CARTESIAN_POINT('Ctrl Pts',(6.37224555687266,1.24048797476911,-2.02137616382457));
#2541=CARTESIAN_POINT('Ctrl Pts',(5.95954998731656,-2.20298545474591,-2.29499511918119));
#2542=CARTESIAN_POINT('Ctrl Pts',(4.86251995867438,-3.84687074847468,-2.45134880795639));
#2543=CARTESIAN_POINT('Ctrl Pts',(4.15519253464867,-4.5,-2.529525652344));
#2544=CARTESIAN_POINT('Ctrl Pts',(4.15519253464867,4.5,-1.91700212021452));
#2545=CARTESIAN_POINT('Ctrl Pts',(5.21618367068724,3.52030612271203,-2.03426738679593));
#2546=CARTESIAN_POINT('Ctrl Pts',(6.37224555687266,1.24048797476911,-2.22970949776494));
#2547=CARTESIAN_POINT('Ctrl Pts',(5.95954998731656,-2.20298545474591,-2.50332845312155));
#2548=CARTESIAN_POINT('Ctrl Pts',(4.86251995867438,-3.84687074847468,-2.65968214189676));
#2549=CARTESIAN_POINT('Ctrl Pts',(4.15519253464867,-4.5,-2.73785898628436));
#2550=CARTESIAN_POINT('Ctrl Pts',(4.15519254377326,4.49999999157456,-1.29200211940191));
#2551=CARTESIAN_POINT('Ctrl Pts',(5.21618367357438,3.52030611587595,-1.40926738552669));
#2552=CARTESIAN_POINT('Ctrl Pts',(6.37231379122105,1.24051747556533,-1.60470949595875));
#2553=CARTESIAN_POINT('Ctrl Pts',(5.9595879473248,-2.20297577323567,-1.87832845069811));
#2554=CARTESIAN_POINT('Ctrl Pts',(4.86251996447017,-3.84687074090116,-2.03468213931269));
#2555=CARTESIAN_POINT('Ctrl Pts',(4.15519255060438,-4.49999998526688,-2.11285898269977));
#2556=CARTESIAN_POINT('Ctrl Pts',(-4.15519253464868,-4.49999999999999,-2.85450211839343));
#2557=CARTESIAN_POINT('Ctrl Pts',(-5.21618367068725,-3.52030612271202,-2.97176738497483));
#2558=CARTESIAN_POINT('Ctrl Pts',(-6.37219524206523,-1.24046629602447,-3.16720949594384));
#2559=CARTESIAN_POINT('Ctrl Pts',(-5.95952186197844,2.20299271312835,-3.44082845130046));
#2560=CARTESIAN_POINT('Ctrl Pts',(-4.86251995867438,3.84687074847469,-3.59718214007567));
#2561=CARTESIAN_POINT('Ctrl Pts',(-4.15519253464866,4.50000000000001,-3.67535898446327));
#2562=CARTESIAN_POINT('Ctrl Pts',(-4.15519253464868,-4.49999999999999,-3.06283545233379));
#2563=CARTESIAN_POINT('Ctrl Pts',(-5.21618367068725,-3.52030612271202,-3.1801007189152));
#2564=CARTESIAN_POINT('Ctrl Pts',(-6.37219524206523,-1.24046629602447,-3.37554282988421));
#2565=CARTESIAN_POINT('Ctrl Pts',(-5.95952186197844,2.20299271312835,-3.64916178524082));
#2566=CARTESIAN_POINT('Ctrl Pts',(-4.86251995867438,3.84687074847469,-3.80551547401603));
#2567=CARTESIAN_POINT('Ctrl Pts',(-4.15519253464866,4.50000000000001,-3.88369231840364));
#2568=CARTESIAN_POINT('Ctrl Pts',(-4.15519253464868,-4.49999999999999,-3.27116878627416));
#2569=CARTESIAN_POINT('Ctrl Pts',(-5.21618367068725,-3.52030612271202,-3.38843405285557));
#2570=CARTESIAN_POINT('Ctrl Pts',(-6.37219524206523,-1.24046629602447,-3.58387616382458));
#2571=CARTESIAN_POINT('Ctrl Pts',(-5.95952186197844,2.20299271312834,-3.85749511918119));
#2572=CARTESIAN_POINT('Ctrl Pts',(-4.86251995867438,3.84687074847469,-4.0138488079564));
#2573=CARTESIAN_POINT('Ctrl Pts',(-4.15519253464866,4.50000000000001,-4.092025652344));
#2574=CARTESIAN_POINT('Ctrl Pts',(-4.15519253464868,-4.49999999999999,-3.47950212021453));
#2575=CARTESIAN_POINT('Ctrl Pts',(-5.21618367068725,-3.52030612271202,-3.59676738679593));
#2576=CARTESIAN_POINT('Ctrl Pts',(-6.37219524206523,-1.24046629602447,-3.79220949776494));
#2577=CARTESIAN_POINT('Ctrl Pts',(-5.95952186197844,2.20299271312835,-4.06582845312156));
#2578=CARTESIAN_POINT('Ctrl Pts',(-4.86251995867438,3.84687074847469,-4.22218214189676));
#2579=CARTESIAN_POINT('Ctrl Pts',(-4.15519253464866,4.50000000000001,-4.30035898628437));
#2580=CARTESIAN_POINT('Ctrl Pts',(-4.15519253464867,-4.5,-2.85450211839342));
#2581=CARTESIAN_POINT('Ctrl Pts',(-4.86251995867438,-3.84687074847468,-2.93267896278103));
#2582=CARTESIAN_POINT('Ctrl Pts',(-5.95955561574861,-2.20298401127988,-3.08903265155624));
#2583=CARTESIAN_POINT('Ctrl Pts',(-6.37225565059989,1.2404923312669,-3.36265160691285));
#2584=CARTESIAN_POINT('Ctrl Pts',(-5.21618367068723,3.52030612271203,-3.55809371788186));
#2585=CARTESIAN_POINT('Ctrl Pts',(-4.15519253464866,4.50000000000001,-3.67535898446327));
#2586=CARTESIAN_POINT('Ctrl Pts',(4.15519253464867,4.49999999999999,-4.41700211839343));
#2587=CARTESIAN_POINT('Ctrl Pts',(5.21618367068725,3.52030612271201,-4.53426738497483));
#2588=CARTESIAN_POINT('Ctrl Pts',(6.37215480955869,1.24044891945349,-4.72970949594384));
#2589=CARTESIAN_POINT('Ctrl Pts',(5.95949917900245,-2.20299862061731,-5.00332845130046));
#2590=CARTESIAN_POINT('Ctrl Pts',(4.86251995867439,-3.84687074847468,-5.15968214007567));
#2591=CARTESIAN_POINT('Ctrl Pts',(4.15519253464867,-4.5,-5.23785898446327));
#2592=CARTESIAN_POINT('Ctrl Pts',(4.15519253464867,4.49999999999999,-4.62533545233379));
#2593=CARTESIAN_POINT('Ctrl Pts',(5.21618367068725,3.52030612271201,-4.7426007189152));
#2594=CARTESIAN_POINT('Ctrl Pts',(6.37215480955869,1.24044891945349,-4.93804282988421));
#2595=CARTESIAN_POINT('Ctrl Pts',(5.95949917900245,-2.20299862061731,-5.21166178524082));
#2596=CARTESIAN_POINT('Ctrl Pts',(4.86251995867439,-3.84687074847468,-5.36801547401603));
#2597=CARTESIAN_POINT('Ctrl Pts',(4.15519253464867,-4.5,-5.44619231840364));
#2598=CARTESIAN_POINT('Ctrl Pts',(4.15519253464867,4.49999999999999,-4.83366878627416));
#2599=CARTESIAN_POINT('Ctrl Pts',(5.21618367068725,3.52030612271202,-4.95093405285557));
#2600=CARTESIAN_POINT('Ctrl Pts',(6.3721548095587,1.24044891945349,-5.14637616382458));
#2601=CARTESIAN_POINT('Ctrl Pts',(5.95949917900245,-2.20299862061731,-5.41999511918119));
#2602=CARTESIAN_POINT('Ctrl Pts',(4.86251995867439,-3.84687074847468,-5.5763488079564));
#2603=CARTESIAN_POINT('Ctrl Pts',(4.15519253464867,-4.5,-5.654525652344));
#2604=CARTESIAN_POINT('Ctrl Pts',(4.15519253464867,4.49999999999999,-5.04200212021453));
#2605=CARTESIAN_POINT('Ctrl Pts',(5.21618367068725,3.52030612271201,-5.15926738679593));
#2606=CARTESIAN_POINT('Ctrl Pts',(6.37215480955869,1.24044891945349,-5.35470949776494));
#2607=CARTESIAN_POINT('Ctrl Pts',(5.95949917900245,-2.20299862061731,-5.62832845312156));
#2608=CARTESIAN_POINT('Ctrl Pts',(4.86251995867439,-3.84687074847468,-5.78468214189677));
#2609=CARTESIAN_POINT('Ctrl Pts',(4.15519253464867,-4.5,-5.86285898628437));
#2610=CARTESIAN_POINT('Ctrl Pts',(4.15519253464867,4.5,-4.41700211839343));
#2611=CARTESIAN_POINT('Ctrl Pts',(5.21618367068724,3.52030612271203,-4.53426738497483));
#2612=CARTESIAN_POINT('Ctrl Pts',(6.37220900043767,1.24047221785806,-4.72970949594384));
#2613=CARTESIAN_POINT('Ctrl Pts',(5.95952956404691,-2.20299071800985,-5.00332845130046));
#2614=CARTESIAN_POINT('Ctrl Pts',(4.86251995867438,-3.84687074847468,-5.15968214007566));
#2615=CARTESIAN_POINT('Ctrl Pts',(4.15519253464867,-4.5,-5.23785898446327));
#2616=CARTESIAN_POINT('Ctrl Pts',(-4.15519253464869,-4.49999999999998,-5.97950211839343));
#2617=CARTESIAN_POINT('Ctrl Pts',(-4.8625199586744,-3.84687074847466,-6.05767896278104));
#2618=CARTESIAN_POINT('Ctrl Pts',(-5.9594804990819,-2.20300352037187,-6.21403265155625));
#2619=CARTESIAN_POINT('Ctrl Pts',(-6.37212160740182,1.2404346790846,-6.48765160691286));
#2620=CARTESIAN_POINT('Ctrl Pts',(-5.21618367068724,3.52030612271202,-6.68309371788187));
#2621=CARTESIAN_POINT('Ctrl Pts',(-4.15519253464868,4.49999999999999,-6.80035898446327));
#2622=CARTESIAN_POINT('Ctrl Pts',(-4.15519253464869,-4.49999999999998,-6.1878354523338));
#2623=CARTESIAN_POINT('Ctrl Pts',(-4.8625199586744,-3.84687074847466,-6.2660122967214));
#2624=CARTESIAN_POINT('Ctrl Pts',(-5.9594804990819,-2.20300352037187,-6.42236598549661));
#2625=CARTESIAN_POINT('Ctrl Pts',(-6.37212160740182,1.2404346790846,-6.69598494085322));
#2626=CARTESIAN_POINT('Ctrl Pts',(-5.21618367068724,3.52030612271202,-6.89142705182223));
#2627=CARTESIAN_POINT('Ctrl Pts',(-4.15519253464868,4.49999999999999,-7.00869231840364));
#2628=CARTESIAN_POINT('Ctrl Pts',(-4.15519253464869,-4.49999999999998,-6.39616878627416));
#2629=CARTESIAN_POINT('Ctrl Pts',(-4.8625199586744,-3.84687074847466,-6.47434563066177));
#2630=CARTESIAN_POINT('Ctrl Pts',(-5.95948049908191,-2.20300352037187,-6.63069931943698));
#2631=CARTESIAN_POINT('Ctrl Pts',(-6.37212160740182,1.24043467908459,-6.90431827479359));
#2632=CARTESIAN_POINT('Ctrl Pts',(-5.21618367068724,3.52030612271202,-7.0997603857626));
#2633=CARTESIAN_POINT('Ctrl Pts',(-4.15519253464868,4.49999999999999,-7.217025652344));
#2634=CARTESIAN_POINT('Ctrl Pts',(-4.15519253464869,-4.49999999999998,-6.60450212021453));
#2635=CARTESIAN_POINT('Ctrl Pts',(-4.8625199586744,-3.84687074847466,-6.68267896460213));
#2636=CARTESIAN_POINT('Ctrl Pts',(-5.9594804990819,-2.20300352037187,-6.83903265337734));
#2637=CARTESIAN_POINT('Ctrl Pts',(-6.37212160740182,1.2404346790846,-7.11265160873396));
#2638=CARTESIAN_POINT('Ctrl Pts',(-5.21618367068724,3.52030612271202,-7.30809371970297));
#2639=CARTESIAN_POINT('Ctrl Pts',(-4.15519253464868,4.49999999999999,-7.42535898628437));
#2640=CARTESIAN_POINT('Ctrl Pts',(-4.15519253464869,-4.49999999999998,-5.97950211839343));
#2641=CARTESIAN_POINT('Ctrl Pts',(-5.21618367068726,-3.520306122712,-6.09676738497483));
#2642=CARTESIAN_POINT('Ctrl Pts',(-6.37217074050523,-1.24045576140927,-6.29220949594384));
#2643=CARTESIAN_POINT('Ctrl Pts',(-5.9595081249723,2.20299628514722,-6.56582845130046));
#2644=CARTESIAN_POINT('Ctrl Pts',(-4.86251995867438,3.84687074847469,-6.72218214007567));
#2645=CARTESIAN_POINT('Ctrl Pts',(-4.15519253464866,4.5,-6.80035898446327));
#2646=CARTESIAN_POINT('Ctrl Pts',(4.15519253464868,4.49999999999999,-7.54200211839343));
#2647=CARTESIAN_POINT('Ctrl Pts',(5.21618367068725,3.52030612271201,-7.65926738497484));
#2648=CARTESIAN_POINT('Ctrl Pts',(6.37209385485945,1.24042279563595,-7.85470949594385));
#2649=CARTESIAN_POINT('Ctrl Pts',(5.95946484901847,-2.20300764897169,-8.12832845130047));
#2650=CARTESIAN_POINT('Ctrl Pts',(4.86251995867435,-3.84687074847473,-8.28468214007567));
#2651=CARTESIAN_POINT('Ctrl Pts',(4.15519253464863,-4.50000000000003,-8.36285898446328));
#2652=CARTESIAN_POINT('Ctrl Pts',(4.15519253464868,4.49999999999999,-7.7503354523338));
#2653=CARTESIAN_POINT('Ctrl Pts',(5.21618367068725,3.52030612271201,-7.86760071891521));
#2654=CARTESIAN_POINT('Ctrl Pts',(6.37209385485945,1.24042279563595,-8.06304282988422));
#2655=CARTESIAN_POINT('Ctrl Pts',(5.95946484901847,-2.20300764897169,-8.33666178524083));
#2656=CARTESIAN_POINT('Ctrl Pts',(4.86251995867435,-3.84687074847473,-8.49301547401604));
#2657=CARTESIAN_POINT('Ctrl Pts',(4.15519253464863,-4.50000000000003,-8.57119231840364));
#2658=CARTESIAN_POINT('Ctrl Pts',(4.15519253464868,4.49999999999999,-7.95866878627417));
#2659=CARTESIAN_POINT('Ctrl Pts',(5.21618367068725,3.52030612271201,-8.07593405285557));
#2660=CARTESIAN_POINT('Ctrl Pts',(6.37209385485945,1.24042279563595,-8.27137616382459));
#2661=CARTESIAN_POINT('Ctrl Pts',(5.95946484901847,-2.20300764897169,-8.5449951191812));
#2662=CARTESIAN_POINT('Ctrl Pts',(4.86251995867435,-3.84687074847473,-8.70134880795641));
#2663=CARTESIAN_POINT('Ctrl Pts',(4.15519253464863,-4.50000000000003,-8.77952565234401));
#2664=CARTESIAN_POINT('Ctrl Pts',(4.15519253464868,4.49999999999999,-8.16700212021453));
#2665=CARTESIAN_POINT('Ctrl Pts',(5.21618367068725,3.52030612271201,-8.28426738679594));
#2666=CARTESIAN_POINT('Ctrl Pts',(6.37209385485945,1.24042279563595,-8.47970949776495));
#2667=CARTESIAN_POINT('Ctrl Pts',(5.95946484901847,-2.20300764897169,-8.75332845312156));
#2668=CARTESIAN_POINT('Ctrl Pts',(4.86251995867435,-3.84687074847473,-8.90968214189677));
#2669=CARTESIAN_POINT('Ctrl Pts',(4.15519253464863,-4.50000000000003,-8.98785898628437));
#2670=CARTESIAN_POINT('Ctrl Pts',(4.15519253464865,4.50000000000002,-7.54200211839343));
#2671=CARTESIAN_POINT('Ctrl Pts',(5.21618367068723,3.52030612271204,-7.65926738497484));
#2672=CARTESIAN_POINT('Ctrl Pts',(6.37213879330047,1.24044204688476,-7.85470949594385));
#2673=CARTESIAN_POINT('Ctrl Pts',(5.95949017400055,-2.20300097876693,-8.12832845130046));
#2674=CARTESIAN_POINT('Ctrl Pts',(4.86251995867435,-3.84687074847472,-8.28468214007567));
#2675=CARTESIAN_POINT('Ctrl Pts',(4.15519253464863,-4.50000000000003,-8.36285898446327));
#2676=CARTESIAN_POINT('Ctrl Pts',(-4.15519253464868,-4.49999999999999,-9.10450211839344));
#2677=CARTESIAN_POINT('Ctrl Pts',(-4.86251995867439,-3.84687074847467,-9.18267896278104));
#2678=CARTESIAN_POINT('Ctrl Pts',(-5.95945154727591,-2.20301117460612,-9.33903265155625));
#2679=CARTESIAN_POINT('Ctrl Pts',(-6.37207031171865,1.24041272839471,-9.61265160691286));
#2680=CARTESIAN_POINT('Ctrl Pts',(-5.21618367068725,3.52030612271201,-9.80809371788187));
#2681=CARTESIAN_POINT('Ctrl Pts',(-4.15519253464868,4.49999999999999,-9.92535898446328));
#2682=CARTESIAN_POINT('Ctrl Pts',(-4.15519253464868,-4.49999999999999,-9.3128354523338));
#2683=CARTESIAN_POINT('Ctrl Pts',(-4.86251995867439,-3.84687074847467,-9.3910122967214));
#2684=CARTESIAN_POINT('Ctrl Pts',(-5.95945154727591,-2.20301117460612,-9.54736598549661));
#2685=CARTESIAN_POINT('Ctrl Pts',(-6.37207031171866,1.24041272839471,-9.82098494085323));
#2686=CARTESIAN_POINT('Ctrl Pts',(-5.21618367068725,3.52030612271202,-10.0164270518222));
#2687=CARTESIAN_POINT('Ctrl Pts',(-4.15519253464868,4.49999999999999,-10.1336923184036));
#2688=CARTESIAN_POINT('Ctrl Pts',(-4.15519253464868,-4.49999999999999,-9.52116878627417));
#2689=CARTESIAN_POINT('Ctrl Pts',(-4.86251995867439,-3.84687074847467,-9.59934563066177));
#2690=CARTESIAN_POINT('Ctrl Pts',(-5.95945154727591,-2.20301117460612,-9.75569931943698));
#2691=CARTESIAN_POINT('Ctrl Pts',(-6.37207031171865,1.24041272839472,-10.0293182747936));
#2692=CARTESIAN_POINT('Ctrl Pts',(-5.21618367068725,3.52030612271201,-10.2247603857626));
#2693=CARTESIAN_POINT('Ctrl Pts',(-4.15519253464868,4.49999999999999,-10.342025652344));
#2694=CARTESIAN_POINT('Ctrl Pts',(-4.15519253464868,-4.49999999999999,-9.72950212021453));
#2695=CARTESIAN_POINT('Ctrl Pts',(-4.86251995867439,-3.84687074847467,-9.80767896460214));
#2696=CARTESIAN_POINT('Ctrl Pts',(-5.95945154727591,-2.20301117460612,-9.96403265337734));
#2697=CARTESIAN_POINT('Ctrl Pts',(-6.37207031171865,1.24041272839471,-10.237651608734));
#2698=CARTESIAN_POINT('Ctrl Pts',(-5.21618367068725,3.52030612271201,-10.433093719703));
#2699=CARTESIAN_POINT('Ctrl Pts',(-4.15519253464868,4.49999999999999,-10.5503589862844));
#2700=CARTESIAN_POINT('Ctrl Pts',(-4.15519253928726,-4.49999999571684,-9.10450211890611));
#2701=CARTESIAN_POINT('Ctrl Pts',(-5.21618367365331,-3.52030611794707,-9.22176738541428));
#2702=CARTESIAN_POINT('Ctrl Pts',(-6.37211171543162,-1.24043043713518,-9.41720949626122));
#2703=CARTESIAN_POINT('Ctrl Pts',(-5.95947492350287,2.20300499021775,-9.69082845144694));
#2704=CARTESIAN_POINT('Ctrl Pts',(-4.86251995823258,3.84687074888264,-9.8471821401245));
#2705=CARTESIAN_POINT('Ctrl Pts',(-4.15519253464863,4.50000000000003,-9.92535898446328));
#2706=CARTESIAN_POINT('Ctrl Pts',(4.15519253464865,4.50000000000002,-10.6670021183934));
#2707=CARTESIAN_POINT('Ctrl Pts',(5.21618367068723,3.52030612271205,-10.7842673849748));
#2708=CARTESIAN_POINT('Ctrl Pts',(6.37205008762697,1.24040409036974,-10.9797094959439));
#2709=CARTESIAN_POINT('Ctrl Pts',(5.95944010238342,-2.20301422002505,-11.2533284513005));
#2710=CARTESIAN_POINT('Ctrl Pts',(4.86251995867437,-3.8468707484747,-11.4096821400757));
#2711=CARTESIAN_POINT('Ctrl Pts',(4.15519253464865,-4.50000000000002,-11.4878589844633));
#2712=CARTESIAN_POINT('Ctrl Pts',(4.15519253464865,4.50000000000002,-10.8753354523338));
#2713=CARTESIAN_POINT('Ctrl Pts',(5.21618367068723,3.52030612271205,-10.9926007189152));
#2714=CARTESIAN_POINT('Ctrl Pts',(6.37205008762697,1.24040409036974,-11.1880428298842));
#2715=CARTESIAN_POINT('Ctrl Pts',(5.95944010238342,-2.20301422002505,-11.4616617852408));
#2716=CARTESIAN_POINT('Ctrl Pts',(4.86251995867437,-3.8468707484747,-11.618015474016));
#2717=CARTESIAN_POINT('Ctrl Pts',(4.15519253464865,-4.50000000000002,-11.6961923184036));
#2718=CARTESIAN_POINT('Ctrl Pts',(4.15519253464865,4.50000000000002,-11.0836687862742));
#2719=CARTESIAN_POINT('Ctrl Pts',(5.21618367068723,3.52030612271205,-11.2009340528556));
#2720=CARTESIAN_POINT('Ctrl Pts',(6.37205008762697,1.24040409036974,-11.3963761638246));
#2721=CARTESIAN_POINT('Ctrl Pts',(5.95944010238342,-2.20301422002505,-11.6699951191812));
#2722=CARTESIAN_POINT('Ctrl Pts',(4.86251995867437,-3.8468707484747,-11.8263488079564));
#2723=CARTESIAN_POINT('Ctrl Pts',(4.15519253464865,-4.50000000000002,-11.904525652344));
#2724=CARTESIAN_POINT('Ctrl Pts',(4.15519253464865,4.50000000000002,-11.2920021202145));
#2725=CARTESIAN_POINT('Ctrl Pts',(5.21618367068723,3.52030612271205,-11.4092673867959));
#2726=CARTESIAN_POINT('Ctrl Pts',(6.37205008762697,1.24040409036974,-11.604709497765));
#2727=CARTESIAN_POINT('Ctrl Pts',(5.95944010238342,-2.20301422002505,-11.8783284531216));
#2728=CARTESIAN_POINT('Ctrl Pts',(4.86251995867437,-3.8468707484747,-12.0346821418968));
#2729=CARTESIAN_POINT('Ctrl Pts',(4.15519253464865,-4.50000000000002,-12.1128589862844));
#2730=CARTESIAN_POINT('Ctrl Pts',(4.15519253464865,4.50000000000002,-10.6670021183934));
#2731=CARTESIAN_POINT('Ctrl Pts',(4.86251995824036,3.84687074887546,-10.7451789627331));
#2732=CARTESIAN_POINT('Ctrl Pts',(5.95946180852434,2.20300845490784,-10.9015326514123));
#2733=CARTESIAN_POINT('Ctrl Pts',(6.37208847169298,-1.24042048847045,-11.1751516066011));
#2734=CARTESIAN_POINT('Ctrl Pts',(5.21618367360124,-3.52030611803073,-11.3705937174501));
#2735=CARTESIAN_POINT('Ctrl Pts',(4.15519253920582,-4.49999999579204,-11.4878589839596));
#2736=CARTESIAN_POINT('Ctrl Pts',(-4.15519253464865,-4.50000000000002,-12.2295021183934));
#2737=CARTESIAN_POINT('Ctrl Pts',(-4.97099492600878,-3.74670755414932,-12.319668078929));
#2738=CARTESIAN_POINT('Ctrl Pts',(-5.57587714298664,-2.76734568441382,-12.4098340394645));
#2739=CARTESIAN_POINT('Ctrl Pts',(-5.8841790682324,-1.70060627217933,-12.5));
#2740=CARTESIAN_POINT('Ctrl Pts',(-4.15519253464865,-4.50000000000002,-12.319668078929));
#2741=CARTESIAN_POINT('Ctrl Pts',(-4.97099492600878,-3.74670755414932,-12.4098340394645));
#2742=CARTESIAN_POINT('Ctrl Pts',(-5.57587714298664,-2.76734568441382,-12.5));
#2743=CARTESIAN_POINT('Ctrl Pts',(-5.8841790682324,-1.70060627217933,-12.5901659605355));
#2744=CARTESIAN_POINT('Ctrl Pts',(-4.15519253464865,-4.50000000000002,-12.4098340394645));
#2745=CARTESIAN_POINT('Ctrl Pts',(-4.97099492600878,-3.74670755414932,-12.5));
#2746=CARTESIAN_POINT('Ctrl Pts',(-5.57587714298664,-2.76734568441382,-12.5901659605355));
#2747=CARTESIAN_POINT('Ctrl Pts',(-5.8841790682324,-1.70060627217933,-12.6803319210711));
#2748=CARTESIAN_POINT('Ctrl Pts',(-4.15519253464865,-4.50000000000002,-12.5));
#2749=CARTESIAN_POINT('Ctrl Pts',(-4.97099492600878,-3.74670755414932,-12.5901659605355));
#2750=CARTESIAN_POINT('Ctrl Pts',(-5.57587714298664,-2.76734568441382,-12.680331921071));
#2751=CARTESIAN_POINT('Ctrl Pts',(-5.8841790682324,-1.70060627217933,-12.7704978816066));
#2752=CARTESIAN_POINT('Ctrl Pts',(-4.15519253464865,-4.50000000000002,-12.2295021183934));
#2753=CARTESIAN_POINT('Ctrl Pts',(-4.97085314746821,-3.74683846906785,-12.3196524089598));
#2754=CARTESIAN_POINT('Ctrl Pts',(-5.57054682762057,-2.76477710639254,-12.4098026995262));
#2755=CARTESIAN_POINT('Ctrl Pts',(-5.88131578653086,-1.69964519115701,-12.4999529900926));
#2756=CARTESIAN_POINT('Origin',(0.,0.,0.));
#2757=CARTESIAN_POINT('Ctrl Pts',(5.39371762007376,-4.49977113508511,-1.11071432455093));
#2758=CARTESIAN_POINT('Ctrl Pts',(5.90507368611284,-3.88537726466962,-1.05408569905979));
#2759=CARTESIAN_POINT('Ctrl Pts',(6.31149279613862,-3.18396246900132,-0.997457073568655));
#2760=CARTESIAN_POINT('Ctrl Pts',(6.58833951842204,-2.43382920828045,-0.940828448077518));
#2761=CARTESIAN_POINT('Ctrl Pts',(6.97053143844878,-1.39825664008754,-0.862651603770231));
#2762=CARTESIAN_POINT('Ctrl Pts',(7.10578037404913,-0.269834944342251,-0.784474759462945));
#2763=CARTESIAN_POINT('Ctrl Pts',(6.97476806075226,0.82558255241401,-0.706297915155659));
#2764=CARTESIAN_POINT('Ctrl Pts',(6.81436107696851,2.16677417186473,-0.610580867791967));
#2765=CARTESIAN_POINT('Ctrl Pts',(6.25480947323048,3.45849014092723,-0.514863820428274));
#2766=CARTESIAN_POINT('Ctrl Pts',(5.39280665743136,4.49899373312076,-0.419146773064582));
#2767=CARTESIAN_POINT('Origin',(0.,0.,0.));
#2768=CARTESIAN_POINT('Ctrl Pts',(-5.39280304874284,4.49899218302473,-2.67321432455096));
#2769=CARTESIAN_POINT('Ctrl Pts',(-6.25479583720825,3.45848429936036,-2.5774972770668));
#2770=CARTESIAN_POINT('Ctrl Pts',(-6.81431952465077,2.16675650987306,-2.48178022958265));
#2771=CARTESIAN_POINT('Ctrl Pts',(-6.97471965806482,0.82556331077842,-2.38606318209849));
#2772=CARTESIAN_POINT('Ctrl Pts',(-7.10572637629584,-0.269855475897938,
-2.30788633771089));
#2773=CARTESIAN_POINT('Ctrl Pts',(-6.9704858984029,-1.39827163013166,-2.22970949332328));
#2774=CARTESIAN_POINT('Ctrl Pts',(-6.58830747615256,-2.43383906760733,-2.15153264893568));
#2775=CARTESIAN_POINT('Ctrl Pts',(-6.31147053246151,-3.18396860838225,-2.09490402364532));
#2776=CARTESIAN_POINT('Ctrl Pts',(-5.90506384676599,-3.88537990009628,-2.03827539835496));
#2777=CARTESIAN_POINT('Ctrl Pts',(-5.39371388819206,-4.49977212065279,-1.9816467730646));
#2778=CARTESIAN_POINT('Origin',(0.,0.,0.));
#2779=CARTESIAN_POINT('Ctrl Pts',(5.39371088166849,-4.49977292245552,-4.23571432455061));
#2780=CARTESIAN_POINT('Ctrl Pts',(5.90505592200178,-3.88538204112003,-4.17908569926026));
#2781=CARTESIAN_POINT('Ctrl Pts',(6.31145260336799,-3.18397359002123,-4.1224570739699));
#2782=CARTESIAN_POINT('Ctrl Pts',(6.58828169134807,-2.43384703342662,-4.06582844867955));
#2783=CARTESIAN_POINT('Ctrl Pts',(6.97044926864695,-1.39828371566595,-3.98765160429195));
#2784=CARTESIAN_POINT('Ctrl Pts',(7.10568299649042,-0.269871954757892,-3.90947475990435));
#2785=CARTESIAN_POINT('Ctrl Pts',(6.97468078901053,0.825547886938818,-3.83129791551675));
#2786=CARTESIAN_POINT('Ctrl Pts',(6.81428617840545,2.16674237776435,-3.73558086803259));
#2787=CARTESIAN_POINT('Ctrl Pts',(6.25478489451579,3.45847962644217,-3.63986382054843));
#2788=CARTESIAN_POINT('Ctrl Pts',(5.39280015314847,4.49899094285925,-3.54414677306426));
#2789=CARTESIAN_POINT('Origin',(0.,0.,0.));
#2790=CARTESIAN_POINT('Ctrl Pts',(-5.39370840791766,4.49977358719699,-5.79821432455005));
#2791=CARTESIAN_POINT('Ctrl Pts',(-5.90504940199444,3.88538381536694,-5.7415856992597));
#2792=CARTESIAN_POINT('Ctrl Pts',(-6.31143785463392,3.1839777143827,-5.68495707396934));
#2793=CARTESIAN_POINT('Ctrl Pts',(-6.58826049329849,2.43385360649736,-5.62832844867899));
#2794=CARTESIAN_POINT('Ctrl Pts',(-6.97041916720036,1.39829366922418,-5.55015160429139));
#2795=CARTESIAN_POINT('Ctrl Pts',(-7.10564738290267,0.269885476708391,-5.47197475990378));
#2796=CARTESIAN_POINT('Ctrl Pts',(-6.97464888922604,-0.825535243879299,
-5.39379791551617));
#2797=CARTESIAN_POINT('Ctrl Pts',(-6.81425882567433,-2.16673081078869,-5.29808086803201));
#2798=CARTESIAN_POINT('Ctrl Pts',(-6.25477591918743,-3.45847580234544,-5.20236382054785));
#2799=CARTESIAN_POINT('Ctrl Pts',(-5.39279777820589,-4.49898992803106,-5.10664677306369));
#2800=CARTESIAN_POINT('Origin',(0.,0.,0.));
#2801=CARTESIAN_POINT('Ctrl Pts',(5.39370633694358,-4.49977414708838,-7.36071432454955));
#2802=CARTESIAN_POINT('Ctrl Pts',(5.90504394387592,-3.88538530923457,-7.30408569925919));
#2803=CARTESIAN_POINT('Ctrl Pts',(6.31142550946478,-3.18398118438964,-7.24745707396883));
#2804=CARTESIAN_POINT('Ctrl Pts',(6.58824275853943,-2.43385912202922,-7.19082844867847));
#2805=CARTESIAN_POINT('Ctrl Pts',(6.97039399201462,-1.39830200864034,-7.11265160429087));
#2806=CARTESIAN_POINT('Ctrl Pts',(7.10561762119628,-0.269896772246031,-7.03447475990326));
#2807=CARTESIAN_POINT('Ctrl Pts',(6.9746222382453,0.825524691424006,-6.95629791551565));
#2808=CARTESIAN_POINT('Ctrl Pts',(6.81423598335942,2.1667211681379,-6.86058086803149));
#2809=CARTESIAN_POINT('Ctrl Pts',(6.25476842426006,3.45847261486977,-6.76486382054733));
#2810=CARTESIAN_POINT('Ctrl Pts',(5.39279579502884,4.49898908219149,-6.66914677306318));
#2811=CARTESIAN_POINT('Origin',(0.,0.,0.));
#2812=CARTESIAN_POINT('Ctrl Pts',(-5.39370455634792,4.49977465084763,-8.92321432692902));
#2813=CARTESIAN_POINT('Ctrl Pts',(-5.90503929607511,3.88538660426066,-8.86658570089424));
#2814=CARTESIAN_POINT('Ctrl Pts',(-6.31141502028414,3.18398415556203,-8.80995707485945));
#2815=CARTESIAN_POINT('Ctrl Pts',(-6.58822770197685,2.43386381778177,-8.75332844882467));
#2816=CARTESIAN_POINT('Ctrl Pts',(-6.97037262483614,1.39830909946709,-8.67515160448588));
#2817=CARTESIAN_POINT('Ctrl Pts',(-7.10559237822622,0.269906353010877,-8.5969747601471));
#2818=CARTESIAN_POINT('Ctrl Pts',(-6.97459963940983,-0.825515746329394,
-8.51879791580832));
#2819=CARTESIAN_POINT('Ctrl Pts',(-6.81421662164788,-2.16671300354213,-8.42308086822651));
#2820=CARTESIAN_POINT('Ctrl Pts',(-6.25476207219448,-3.45846991612024,-8.3273638206447));
#2821=CARTESIAN_POINT('Ctrl Pts',(-5.3927941140643,-4.49898836636263,-8.23164677306289));
#2822=CARTESIAN_POINT('Origin',(0.,0.,0.));
#2823=CARTESIAN_POINT('Ctrl Pts',(5.39279267073958,-4.49898775306554,-10.4857143245858));
#2824=CARTESIAN_POINT('Ctrl Pts',(6.25475661843085,-3.45846760362559,-10.3899972769935));
#2825=CARTESIAN_POINT('Ctrl Pts',(6.81419999934077,-2.16670600557978,-10.2942802294012));
#2826=CARTESIAN_POINT('Ctrl Pts',(6.97458023296441,-0.825508073816878,-10.1985631818089));
#2827=CARTESIAN_POINT('Ctrl Pts',(7.10557069782445,0.269914576353611,-10.1203863374693));
#2828=CARTESIAN_POINT('Ctrl Pts',(6.9703542635966,1.39831519803212,-10.0422094931296));
#2829=CARTESIAN_POINT('Ctrl Pts',(6.58821476084001,2.43386786050903,-9.96403264878998));
#2830=CARTESIAN_POINT('Ctrl Pts',(6.31140600916033,3.18398669860622,-9.9074040235476));
#2831=CARTESIAN_POINT('Ctrl Pts',(5.90503532096852,3.88538768515946,-9.85077539830523));
#2832=CARTESIAN_POINT('Ctrl Pts',(5.39370306511372,4.49977503772587,-9.79414677306285));
#2833=CARTESIAN_POINT('Origin',(0.,0.,0.));
#2834=CARTESIAN_POINT('Ctrl Pts',(-5.39433561986704,4.49995093342177,-12.0482143248463));
#2835=CARTESIAN_POINT('Ctrl Pts',(-5.98876189757049,3.78627563198877,-11.9824338261878));
#2836=CARTESIAN_POINT('Ctrl Pts',(-6.4397340200393,2.95424849537327,-11.9166533275294));
#2837=CARTESIAN_POINT('Ctrl Pts',(-6.71273798099666,2.06643926107635,-11.850872828871));
#2838=CARTESIAN_POINT('Ctrl Pts',(-7.02199664468586,1.06072968658239,-11.776356733791));
#2839=CARTESIAN_POINT('Ctrl Pts',(-7.10288051491582,-0.0165613715237141,
-11.701840638711));
#2840=CARTESIAN_POINT('Ctrl Pts',(-6.94364350652273,-1.05616707820992,-11.627324543631));
#2841=CARTESIAN_POINT('Ctrl Pts',(-6.75083541417917,-2.31494727709946,-11.5370986201083));
#2842=CARTESIAN_POINT('Ctrl Pts',(-6.20598699173306,-3.51847712195915,-11.4468726965856));
#2843=CARTESIAN_POINT('Ctrl Pts',(-5.39298714170262,-4.49907803556453,-11.3566467730628));
#2844=CARTESIAN_POINT('Ctrl Pts',(-6.3563008072201,-1.83705575497777,0.511921038930498));
#2845=CARTESIAN_POINT('Ctrl Pts',(-6.64670320954271,-0.832249548470359,
0.433298326864318));
#2846=CARTESIAN_POINT('Ctrl Pts',(-6.75923679322511,1.67685860816456,0.249845332043231));
#2847=CARTESIAN_POINT('Ctrl Pts',(-5.51317193528775,3.91498440727764,0.0663923372221445));
#2848=CARTESIAN_POINT('Ctrl Pts',(-4.48858767822579,4.86106104195817,-0.0384379455327621));
#2849=CARTESIAN_POINT('Ctrl Pts',(-6.19892689422422,-1.79157259404491,0.341280692620332));
#2850=CARTESIAN_POINT('Ctrl Pts',(-6.48213930290382,-0.811644109551694,
0.262657980554152));
#2851=CARTESIAN_POINT('Ctrl Pts',(-6.59188669837005,1.63534172456963,0.0792049857330653));
#2852=CARTESIAN_POINT('Ctrl Pts',(-5.37667281940421,3.81805437923502,-0.104248009088022));
#2853=CARTESIAN_POINT('Ctrl Pts',(-4.37745596370008,4.74070736130545,-0.209078291842928));
#2854=CARTESIAN_POINT('Ctrl Pts',(-6.04155298122833,-1.74608943311205,0.170640346310166));
#2855=CARTESIAN_POINT('Ctrl Pts',(-6.31757539626493,-0.791038670633027,
0.0920176342439855));
#2856=CARTESIAN_POINT('Ctrl Pts',(-6.42453660351498,1.59382484097471,-0.0914353605771014));
#2857=CARTESIAN_POINT('Ctrl Pts',(-5.24017370352068,3.7211243511924,-0.274888355398188));
#2858=CARTESIAN_POINT('Ctrl Pts',(-4.26632424917438,4.62035368065272,-0.379718638153094));
#2859=CARTESIAN_POINT('Ctrl Pts',(-5.88417906823244,-1.70060627217919,-5.55111512312578E-16));
#2860=CARTESIAN_POINT('Ctrl Pts',(-6.15301148962604,-0.770433231714362,
-0.0786227120661806));
#2861=CARTESIAN_POINT('Ctrl Pts',(-6.25718650865992,1.55230795737978,-0.262075706887267));
#2862=CARTESIAN_POINT('Ctrl Pts',(-5.10367458763714,3.62419432314978,-0.445528701708354));
#2863=CARTESIAN_POINT('Ctrl Pts',(-4.15519253464867,4.5,-0.550358984463261));
#2864=CARTESIAN_POINT('Ctrl Pts',(4.76575143769968,5.16122448979657,-0.35450211577015));
#2865=CARTESIAN_POINT('Ctrl Pts',(5.98264331084496,4.03757559495926,-0.471767382231087));
#2866=CARTESIAN_POINT('Ctrl Pts',(7.30865377745236,1.42279759927634,-0.667209492999316));
#2867=CARTESIAN_POINT('Ctrl Pts',(6.83528250285094,-2.52667833583388,-0.940828448074837));
#2868=CARTESIAN_POINT('Ctrl Pts',(5.57701269394404,-4.41212521711577,-1.09718213668942));
#2869=CARTESIAN_POINT('Ctrl Pts',(4.76575144645064,-5.16122448171615,-1.17535898099671));
#2870=CARTESIAN_POINT('Ctrl Pts',(4.56223180334934,4.94081632653104,-0.667002116644574));
#2871=CARTESIAN_POINT('Ctrl Pts',(5.72715676376239,3.865152437879,-0.784267383105511));
#2872=CARTESIAN_POINT('Ctrl Pts',(6.99654044887761,1.36203755944954,-0.97970949387374));
#2873=CARTESIAN_POINT('Ctrl Pts',(6.54338431767556,-2.41877748163448,-1.25332844894926));
#2874=CARTESIAN_POINT('Ctrl Pts',(5.33884845078608,-4.22370705837757,-1.40968213756384));
#2875=CARTESIAN_POINT('Ctrl Pts',(4.56223181172659,-4.9408163187957,-1.48785898187113));
#2876=CARTESIAN_POINT('Ctrl Pts',(4.358712168999,4.72040816326552,-0.979502117518998));
#2877=CARTESIAN_POINT('Ctrl Pts',(5.47167021667983,3.69272928079874,-1.09676738397994));
#2878=CARTESIAN_POINT('Ctrl Pts',(6.68442712030287,1.30127751962274,-1.29220949474816));
#2879=CARTESIAN_POINT('Ctrl Pts',(6.25148613250018,-2.31087662743507,-1.56582844982368));
#2880=CARTESIAN_POINT('Ctrl Pts',(5.10068420762813,-4.03528889963936,-1.72218213843827));
#2881=CARTESIAN_POINT('Ctrl Pts',(4.35871217700254,-4.72040815587525,-1.80035898274556));
#2882=CARTESIAN_POINT('Ctrl Pts',(4.15519253464867,4.5,-1.29200211839342));
#2883=CARTESIAN_POINT('Ctrl Pts',(5.21618366959726,3.52030612371848,-1.40926738485436));
#2884=CARTESIAN_POINT('Ctrl Pts',(6.37231379172812,1.24051747979594,-1.60470949562259));
#2885=CARTESIAN_POINT('Ctrl Pts',(5.9595879473248,-2.20297577323567,-1.87832845069811));
#2886=CARTESIAN_POINT('Ctrl Pts',(4.86251996447017,-3.84687074090116,-2.03468213931269));
#2887=CARTESIAN_POINT('Ctrl Pts',(4.1551925422785,-4.49999999295479,-2.11285898361998));
#2888=CARTESIAN_POINT('Ctrl Pts',(-4.76575143769968,-5.16122448979657,-1.91700211577015));
#2889=CARTESIAN_POINT('Ctrl Pts',(-5.57701268729663,-4.41212522580213,-1.99517896015776));
#2890=CARTESIAN_POINT('Ctrl Pts',(-6.83524542051254,-2.52668778436622,-2.15153264893297));
#2891=CARTESIAN_POINT('Ctrl Pts',(-7.30858709313793,1.42276875545323,-2.42515160428958));
#2892=CARTESIAN_POINT('Ctrl Pts',(-5.98264331209509,4.03757559380492,-2.62059371525859));
#2893=CARTESIAN_POINT('Ctrl Pts',(-4.76575143769967,5.16122448979658,-2.73785898184));
#2894=CARTESIAN_POINT('Ctrl Pts',(-4.56223180334934,-4.94081632653105,-2.22950211664458));
#2895=CARTESIAN_POINT('Ctrl Pts',(-5.33884844442254,-4.22370706669298,-2.30767896103218));
#2896=CARTESIAN_POINT('Ctrl Pts',(-6.54334881892456,-2.41878652667077,-2.46403264980739));
#2897=CARTESIAN_POINT('Ctrl Pts',(-6.99647661229191,1.36200994739112,-2.737651605164));
#2898=CARTESIAN_POINT('Ctrl Pts',(-5.72715676495914,3.86515243677396,-2.93309371613301));
#2899=CARTESIAN_POINT('Ctrl Pts',(-4.56223180334934,4.94081632653105,-3.05035898271442));
#2900=CARTESIAN_POINT('Ctrl Pts',(-4.358712168999,-4.72040816326552,-2.542002117519));
#2901=CARTESIAN_POINT('Ctrl Pts',(-5.10068420154846,-4.03528890758383,-2.62017896190661));
#2902=CARTESIAN_POINT('Ctrl Pts',(-6.25145221733659,-2.31088526897533,-2.77653265068181));
#2903=CARTESIAN_POINT('Ctrl Pts',(-6.6843661314459,1.30125113932901,-3.05015160603843));
#2904=CARTESIAN_POINT('Ctrl Pts',(-5.47167021782319,3.692729279743,-3.24559371700744));
#2905=CARTESIAN_POINT('Ctrl Pts',(-4.358712168999,4.72040816326553,-3.36285898358884));
#2906=CARTESIAN_POINT('Ctrl Pts',(-4.15519253464867,-4.5,-2.85450211839342));
#2907=CARTESIAN_POINT('Ctrl Pts',(-4.86251995867438,-3.84687074847468,-2.93267896278103));
#2908=CARTESIAN_POINT('Ctrl Pts',(-5.95955561574861,-2.20298401127988,-3.08903265155624));
#2909=CARTESIAN_POINT('Ctrl Pts',(-6.37225565059989,1.2404923312669,-3.36265160691285));
#2910=CARTESIAN_POINT('Ctrl Pts',(-5.21618367068723,3.52030612271203,-3.55809371788186));
#2911=CARTESIAN_POINT('Ctrl Pts',(-4.15519253464866,4.50000000000001,-3.67535898446327));
#2912=CARTESIAN_POINT('Ctrl Pts',(4.76575143769968,5.16122448979657,-3.47950211577015));
#2913=CARTESIAN_POINT('Ctrl Pts',(5.9826433120951,4.03757559380491,-3.59676738235156));
#2914=CARTESIAN_POINT('Ctrl Pts',(7.30853358825801,1.42274568660473,-3.79220949332057));
#2915=CARTESIAN_POINT('Ctrl Pts',(6.83521554080569,-2.52669547657488,-4.06582844867718));
#2916=CARTESIAN_POINT('Ctrl Pts',(5.57701268729663,-4.41212522580213,-4.22218213745239));
#2917=CARTESIAN_POINT('Ctrl Pts',(4.76575143769969,-5.16122448979656,-4.30035898184));
#2918=CARTESIAN_POINT('Ctrl Pts',(4.56223180334934,4.94081632653105,-3.79200211664458));
#2919=CARTESIAN_POINT('Ctrl Pts',(5.72715676495914,3.86515243677395,-3.90926738322598));
#2920=CARTESIAN_POINT('Ctrl Pts',(6.9964253923179,1.36198786368918,-4.104709494195));
#2921=CARTESIAN_POINT('Ctrl Pts',(6.54332021521943,-2.41879389038654,-4.37832844955161));
#2922=CARTESIAN_POINT('Ctrl Pts',(5.33884844442255,-4.22370706669298,-4.53468213832682));
#2923=CARTESIAN_POINT('Ctrl Pts',(4.56223180334935,-4.94081632653104,-4.61285898271442));
#2924=CARTESIAN_POINT('Ctrl Pts',(4.358712168999,4.72040816326552,-4.104502117519));
#2925=CARTESIAN_POINT('Ctrl Pts',(5.47167021782319,3.69272927974299,-4.22176738410041));
#2926=CARTESIAN_POINT('Ctrl Pts',(6.68431719637779,1.30123004077362,-4.41720949506942));
#2927=CARTESIAN_POINT('Ctrl Pts',(6.25142488963317,-2.3108923041982,-4.69082845042603));
#2928=CARTESIAN_POINT('Ctrl Pts',(5.10068420154847,-4.03528890758383,-4.84718213920124));
#2929=CARTESIAN_POINT('Ctrl Pts',(4.35871216899901,-4.72040816326552,-4.92535898358884));
#2930=CARTESIAN_POINT('Ctrl Pts',(4.15519253464867,4.5,-4.41700211839343));
#2931=CARTESIAN_POINT('Ctrl Pts',(5.21618367068724,3.52030612271203,-4.53426738497483));
#2932=CARTESIAN_POINT('Ctrl Pts',(6.37220900043767,1.24047221785806,-4.72970949594384));
#2933=CARTESIAN_POINT('Ctrl Pts',(5.95952956404691,-2.20299071800985,-5.00332845130046));
#2934=CARTESIAN_POINT('Ctrl Pts',(4.86251995867438,-3.84687074847468,-5.15968214007566));
#2935=CARTESIAN_POINT('Ctrl Pts',(4.15519253464867,-4.5,-5.23785898446327));
#2936=CARTESIAN_POINT('Ctrl Pts',(-4.76575143769971,-5.16122448979654,-5.04200211577016));
#2937=CARTESIAN_POINT('Ctrl Pts',(-5.98264331209512,-4.03757559380488,-5.15926738235156));
#2938=CARTESIAN_POINT('Ctrl Pts',(-7.30848970645794,-1.42272681206551,-5.35470949332057));
#2939=CARTESIAN_POINT('Ctrl Pts',(-6.83519095149971,2.5267018617406,-5.62832844867719));
#2940=CARTESIAN_POINT('Ctrl Pts',(-5.57701268729662,4.41212522580214,-5.7846821374524));
#2941=CARTESIAN_POINT('Ctrl Pts',(-4.76575143769968,5.16122448979657,-5.86285898184));
#2942=CARTESIAN_POINT('Ctrl Pts',(-4.56223180334937,-4.94081632653102,-5.35450211664458));
#2943=CARTESIAN_POINT('Ctrl Pts',(-5.72715676495916,-3.86515243677392,-5.47176738322599));
#2944=CARTESIAN_POINT('Ctrl Pts',(-6.9963833844737,-1.3619697951801,-5.667209494195));
#2945=CARTESIAN_POINT('Ctrl Pts',(-6.54329667599057,2.41880000287615,-5.94082844955161));
#2946=CARTESIAN_POINT('Ctrl Pts',(-5.33884844442254,4.22370706669299,-6.09718213832682));
#2947=CARTESIAN_POINT('Ctrl Pts',(-4.56223180334934,4.94081632653105,-6.17535898271442));
#2948=CARTESIAN_POINT('Ctrl Pts',(-4.35871216899903,-4.7204081632655,-5.66700211751901));
#2949=CARTESIAN_POINT('Ctrl Pts',(-5.47167021782321,-3.69272927974296,-5.78426738410041));
#2950=CARTESIAN_POINT('Ctrl Pts',(-6.68427706248947,-1.30121277829469,-5.97970949506942));
#2951=CARTESIAN_POINT('Ctrl Pts',(-6.25140240048144,2.31089814401168,-6.25332845042603));
#2952=CARTESIAN_POINT('Ctrl Pts',(-5.10068420154846,4.03528890758384,-6.40968213920124));
#2953=CARTESIAN_POINT('Ctrl Pts',(-4.358712168999,4.72040816326553,-6.48785898358885));
#2954=CARTESIAN_POINT('Ctrl Pts',(-4.15519253464869,-4.49999999999998,-5.97950211839343));
#2955=CARTESIAN_POINT('Ctrl Pts',(-5.21618367068726,-3.520306122712,-6.09676738497483));
#2956=CARTESIAN_POINT('Ctrl Pts',(-6.37217074050523,-1.24045576140927,-6.29220949594384));
#2957=CARTESIAN_POINT('Ctrl Pts',(-5.9595081249723,2.20299628514722,-6.56582845130046));
#2958=CARTESIAN_POINT('Ctrl Pts',(-4.86251995867438,3.84687074847469,-6.72218214007567));
#2959=CARTESIAN_POINT('Ctrl Pts',(-4.15519253464866,4.5,-6.80035898446327));
#2960=CARTESIAN_POINT('Ctrl Pts',(4.76575143769966,5.16122448979659,-6.60450211577016));
#2961=CARTESIAN_POINT('Ctrl Pts',(5.98264331209508,4.03757559380493,-6.72176738235157));
#2962=CARTESIAN_POINT('Ctrl Pts',(7.30845306497004,1.42271108234556,-6.91720949332058));
#2963=CARTESIAN_POINT('Ctrl Pts',(6.83517036283414,-2.52670724503504,-7.19082844867719));
#2964=CARTESIAN_POINT('Ctrl Pts',(5.5770126872966,-4.41212522580217,-7.3471821374524));
#2965=CARTESIAN_POINT('Ctrl Pts',(4.76575143769964,-5.16122448979661,-7.42535898184));
#2966=CARTESIAN_POINT('Ctrl Pts',(4.56223180334932,4.94081632653106,-6.91700211664458));
#2967=CARTESIAN_POINT('Ctrl Pts',(5.72715676495913,3.86515243677397,-7.03426738322599));
#2968=CARTESIAN_POINT('Ctrl Pts',(6.99634830774685,1.36195473719196,-7.229709494195));
#2969=CARTESIAN_POINT('Ctrl Pts',(6.54327696655628,-2.418805156279,-7.50332844955162));
#2970=CARTESIAN_POINT('Ctrl Pts',(5.33884844442251,-4.22370706669302,-7.65968213832682));
#2971=CARTESIAN_POINT('Ctrl Pts',(4.5622318033493,-4.94081632653108,-7.73785898271443));
#2972=CARTESIAN_POINT('Ctrl Pts',(4.35871216899899,4.72040816326554,-7.22950211751901));
#2973=CARTESIAN_POINT('Ctrl Pts',(5.47167021782318,3.69272927974301,-7.34676738410041));
#2974=CARTESIAN_POINT('Ctrl Pts',(6.68424355052367,1.30119839203836,-7.54220949506942));
#2975=CARTESIAN_POINT('Ctrl Pts',(6.25138357027841,-2.31090306752296,-7.81582845042604));
#2976=CARTESIAN_POINT('Ctrl Pts',(5.10068420154843,-4.03528890758387,-7.97218213920125));
#2977=CARTESIAN_POINT('Ctrl Pts',(4.35871216899897,-4.72040816326556,-8.05035898358885));
#2978=CARTESIAN_POINT('Ctrl Pts',(4.15519253464865,4.50000000000002,-7.54200211839343));
#2979=CARTESIAN_POINT('Ctrl Pts',(5.21618367068723,3.52030612271204,-7.65926738497484));
#2980=CARTESIAN_POINT('Ctrl Pts',(6.37213879330047,1.24044204688476,-7.85470949594385));
#2981=CARTESIAN_POINT('Ctrl Pts',(5.95949017400055,-2.20300097876693,-8.12832845130046));
#2982=CARTESIAN_POINT('Ctrl Pts',(4.86251995867435,-3.84687074847472,-8.28468214007567));
#2983=CARTESIAN_POINT('Ctrl Pts',(4.15519253464863,-4.50000000000003,-8.36285898446327));
#2984=CARTESIAN_POINT('Ctrl Pts',(-4.76575144301986,-5.16122448488404,-8.16700211628284));
#2985=CARTESIAN_POINT('Ctrl Pts',(-5.982643315497,-4.03757558833981,-8.284267382791));
#2986=CARTESIAN_POINT('Ctrl Pts',(-7.30842200831229,-1.42269776667359,-8.47970949363795));
#2987=CARTESIAN_POINT('Ctrl Pts',(-6.83515287144701,2.52671184592353,-8.75332844882367));
#2988=CARTESIAN_POINT('Ctrl Pts',(-5.57701268678991,4.41212522627004,-8.90968213750123));
#2989=CARTESIAN_POINT('Ctrl Pts',(-4.76575143769964,5.16122448979661,-8.98785898184));
#2990=CARTESIAN_POINT('Ctrl Pts',(-4.56223180844233,-4.94081632182831,-8.47950211715726));
#2991=CARTESIAN_POINT('Ctrl Pts',(-5.72715676821576,-3.86515243154223,-8.59676738366543));
#2992=CARTESIAN_POINT('Ctrl Pts',(-6.99631857735206,-1.36194199016078,-8.79220949451237));
#2993=CARTESIAN_POINT('Ctrl Pts',(-6.54326022213229,2.41880956068827,-9.0658284496981));
#2994=CARTESIAN_POINT('Ctrl Pts',(-5.33884844393746,4.2237070671409,-9.22218213837565));
#2995=CARTESIAN_POINT('Ctrl Pts',(-4.5622318033493,4.94081632653108,-9.30035898271443));
#2996=CARTESIAN_POINT('Ctrl Pts',(-4.35871217386479,-4.72040815877257,-8.79200211803169));
#2997=CARTESIAN_POINT('Ctrl Pts',(-5.47167022093454,-3.69272927474465,-8.90926738453985));
#2998=CARTESIAN_POINT('Ctrl Pts',(-6.68421514639185,-1.30118621364798,-9.10470949538679));
#2999=CARTESIAN_POINT('Ctrl Pts',(-6.25136757281758,2.31090727545301,-9.37832845057252));
#3000=CARTESIAN_POINT('Ctrl Pts',(-5.10068420108502,4.03528890801177,-9.53468213925007));
#3001=CARTESIAN_POINT('Ctrl Pts',(-4.35871216899897,4.72040816326556,-9.61285898358885));
#3002=CARTESIAN_POINT('Ctrl Pts',(-4.15519253928726,-4.49999999571684,-9.10450211890611));
#3003=CARTESIAN_POINT('Ctrl Pts',(-5.21618367365331,-3.52030611794707,-9.22176738541428));
#3004=CARTESIAN_POINT('Ctrl Pts',(-6.37211171543162,-1.24043043713518,-9.41720949626122));
#3005=CARTESIAN_POINT('Ctrl Pts',(-5.95947492350287,2.20300499021775,-9.69082845144694));
#3006=CARTESIAN_POINT('Ctrl Pts',(-4.86251995823258,3.84687074888264,-9.8471821401245));
#3007=CARTESIAN_POINT('Ctrl Pts',(-4.15519253464863,4.50000000000003,-9.92535898446328));
#3008=CARTESIAN_POINT('Ctrl Pts',(4.76575143769966,5.16122448979659,-9.72950211577016));
#3009=CARTESIAN_POINT('Ctrl Pts',(5.57701268679882,4.41212522626179,-9.8076789601098));
#3010=CARTESIAN_POINT('Ctrl Pts',(6.83513782936959,2.52671581971094,-9.96403264878906));
#3011=CARTESIAN_POINT('Ctrl Pts',(7.30839534916716,-1.42268635616425,-10.2376516039778));
#3012=CARTESIAN_POINT('Ctrl Pts',(5.98264331543727,-4.03757558843575,-10.4330937148269));
#3013=CARTESIAN_POINT('Ctrl Pts',(4.76575144292646,-5.16122448497029,-10.5503589813363));
#3014=CARTESIAN_POINT('Ctrl Pts',(4.56223180334932,4.94081632653106,-10.0420021166446));
#3015=CARTESIAN_POINT('Ctrl Pts',(5.338848443946,4.22370706713302,-10.1201789609842));
#3016=CARTESIAN_POINT('Ctrl Pts',(6.54324582242117,2.41881336477657,-10.2765326496635));
#3017=CARTESIAN_POINT('Ctrl Pts',(6.99629305667576,-1.36193106693298,-10.5501516048522));
#3018=CARTESIAN_POINT('Ctrl Pts',(5.72715676815859,-3.86515243163408,-10.7455937157013));
#3019=CARTESIAN_POINT('Ctrl Pts',(4.56223180835291,-4.94081632191087,-10.8628589822107));
#3020=CARTESIAN_POINT('Ctrl Pts',(4.35871216899899,4.72040816326554,-10.354502117519));
#3021=CARTESIAN_POINT('Ctrl Pts',(5.10068420109318,4.03528890800424,-10.4326789618586));
#3022=CARTESIAN_POINT('Ctrl Pts',(6.25135381547275,2.31091090984221,-10.5890326505379));
#3023=CARTESIAN_POINT('Ctrl Pts',(6.68419076418437,-1.30117577770172,-10.8626516057266));
#3024=CARTESIAN_POINT('Ctrl Pts',(5.47167022087991,-3.6927292748324,-11.0580937165757));
#3025=CARTESIAN_POINT('Ctrl Pts',(4.35871217377936,-4.72040815885145,-11.1753589830852));
#3026=CARTESIAN_POINT('Ctrl Pts',(4.15519253464865,4.50000000000002,-10.6670021183934));
#3027=CARTESIAN_POINT('Ctrl Pts',(4.86251995824036,3.84687074887546,-10.7451789627331));
#3028=CARTESIAN_POINT('Ctrl Pts',(5.95946180852434,2.20300845490784,-10.9015326514123));
#3029=CARTESIAN_POINT('Ctrl Pts',(6.37208847169298,-1.24042048847045,-11.1751516066011));
#3030=CARTESIAN_POINT('Ctrl Pts',(5.21618367360124,-3.52030611803073,-11.3705937174501));
#3031=CARTESIAN_POINT('Ctrl Pts',(4.15519253920582,-4.49999999579204,-11.4878589839596));
#3032=CARTESIAN_POINT('Ctrl Pts',(-4.76575143769966,-5.16122448979659,-11.2920021157702));
#3033=CARTESIAN_POINT('Ctrl Pts',(-5.92566050444235,-4.09019215757426,-11.4037762583901));
#3034=CARTESIAN_POINT('Ctrl Pts',(-7.22420632026168,-1.63249795868296,-11.5900664960901));
#3035=CARTESIAN_POINT('Ctrl Pts',(-6.94111277445676,2.13802074468876,-11.8508728288701));
#3036=CARTESIAN_POINT('Ctrl Pts',(-5.86584586015977,4.00627692645263,-11.9999050190301));
#3037=CARTESIAN_POINT('Ctrl Pts',(-5.15000877090461,4.77786925936845,-12.07442111411));
#3038=CARTESIAN_POINT('Ctrl Pts',(-4.56223180334932,-4.94081632653107,-11.6045021166446));
#3039=CARTESIAN_POINT('Ctrl Pts',(-5.6726073868147,-3.91552202984852,-11.7162762592646));
#3040=CARTESIAN_POINT('Ctrl Pts',(-6.91569928879117,-1.56278274336548,-11.9025664969645));
#3041=CARTESIAN_POINT('Ctrl Pts',(-6.64469514707757,2.0467173676913,-12.1633728297445));
#3042=CARTESIAN_POINT('Ctrl Pts',(-5.61534710456554,3.83519036731572,-12.3124050199045));
#3043=CARTESIAN_POINT('Ctrl Pts',(-4.93007957072344,4.57383213797176,-12.3869211149845));
#3044=CARTESIAN_POINT('Ctrl Pts',(-4.35871216899898,-4.72040816326554,-11.917002117519));
#3045=CARTESIAN_POINT('Ctrl Pts',(-5.41955426918706,-3.74085190212278,-12.028776260139));
#3046=CARTESIAN_POINT('Ctrl Pts',(-6.60719225732066,-1.493067528048,-12.215066497839));
#3047=CARTESIAN_POINT('Ctrl Pts',(-6.34827751969839,1.95541399069384,-12.4758728306189));
#3048=CARTESIAN_POINT('Ctrl Pts',(-5.36484834897132,3.6641038081788,-12.6249050207789));
#3049=CARTESIAN_POINT('Ctrl Pts',(-4.71015037054227,4.36979501657507,-12.6994211158589));
#3050=CARTESIAN_POINT('Ctrl Pts',(-4.15519253464865,-4.50000000000002,-12.2295021183934));
#3051=CARTESIAN_POINT('Ctrl Pts',(-5.16650115155941,-3.56618177439704,-12.3412762610134));
#3052=CARTESIAN_POINT('Ctrl Pts',(-6.29868522585014,-1.42335231273051,-12.5275664987134));
#3053=CARTESIAN_POINT('Ctrl Pts',(-6.05185989231919,1.86411061369637,-12.7883728314933));
#3054=CARTESIAN_POINT('Ctrl Pts',(-5.11434959337709,3.49301724904189,-12.9374050216533));
#3055=CARTESIAN_POINT('Ctrl Pts',(-4.4902211703611,4.16575789517838,-13.0119211167333));
#3056=CARTESIAN_POINT('Origin',(-0.499999999994943,3.12500000000413,0.));
#3057=CARTESIAN_POINT('',(-0.338196601120695,3.22500000000351,0.1));
#3058=CARTESIAN_POINT('',(4.50354763513032E-13,3.90139320224985,0.1));
#3059=CARTESIAN_POINT('',(-0.410557280894845,3.08027864045435,0.1));
#3060=CARTESIAN_POINT('',(8.37952034962989E-13,3.70833333333537,0.18633899812393));
#3061=CARTESIAN_POINT('',(-0.216542364655982,3.300186453014,0.175186453010955));
#3062=CARTESIAN_POINT('Origin',(1.42110079996404E-15,4.125,0.));
#3063=CARTESIAN_POINT('',(0.338196601126283,3.22500000000093,0.1));
#3064=CARTESIAN_POINT('',(0.410557280901956,3.08027864045017,0.1));
#3065=CARTESIAN_POINT('',(0.183084729318995,3.32086440883668,0.195864408835164));
#3066=CARTESIAN_POINT('Origin',(0.500000000001875,3.12500000000031,0.));
#3067=CARTESIAN_POINT('',(-0.499999999994561,3.22500000000413,0.1));
#3068=CARTESIAN_POINT('Origin',(3.4663242949517E-12,3.62500000000016,0.1));
#3069=CARTESIAN_POINT('Origin',(-0.75,2.84402815769477E-16,0.));
#3070=CARTESIAN_POINT('',(-0.642261628933257,-0.0999999999999998,0.1));
#3071=CARTESIAN_POINT('',(-0.1,-0.1,0.1));
#3072=CARTESIAN_POINT('',(-0.75,-0.0999999999999997,0.1));
#3073=CARTESIAN_POINT('',(-0.125,-0.125,0.125));
#3074=CARTESIAN_POINT('Ctrl Pts',(-0.749999999999964,-3.55517315913939E-14,
3.58372186093359E-14));
#3075=CARTESIAN_POINT('Ctrl Pts',(-0.696130814466533,-0.0538691855334642,
0.0538691855334644));
#3076=CARTESIAN_POINT('Ctrl Pts',(-0.642261628933104,-0.100000000000131,
0.100000000000131));
#3077=CARTESIAN_POINT('Origin',(0.,0.,0.));
#3078=CARTESIAN_POINT('',(-0.1,-0.642261628933257,0.1));
#3079=CARTESIAN_POINT('',(-0.0999999999999997,0.75,0.1));
#3080=CARTESIAN_POINT('Ctrl Pts',(-3.61286687392265E-14,-0.749999999999964,
3.58431817212845E-14));
#3081=CARTESIAN_POINT('Ctrl Pts',(-0.0538691855334634,-0.696130814466535,
0.0538691855334631));
#3082=CARTESIAN_POINT('Ctrl Pts',(-0.100000000000131,-0.642261628933104,
0.100000000000131));
#3083=CARTESIAN_POINT('Origin',(0.,0.,0.));
#3084=CARTESIAN_POINT('Origin',(0.,0.,0.1));
#3085=CARTESIAN_POINT('Origin',(-0.375,-0.375,0.1));
#3086=CARTESIAN_POINT('Origin',(0.75,-2.84402815769477E-16,0.));
#3087=CARTESIAN_POINT('',(0.642261628933257,0.0999999999999997,0.1));
#3088=CARTESIAN_POINT('',(0.1,0.1,0.1));
#3089=CARTESIAN_POINT('',(-0.75,0.1,0.1));
#3090=CARTESIAN_POINT('',(0.125,0.125,0.125));
#3091=CARTESIAN_POINT('Ctrl Pts',(0.749999999999964,3.55582368044288E-14,
3.58410133169396E-14));
#3092=CARTESIAN_POINT('Ctrl Pts',(0.696130814466534,0.0538691855334635,
0.0538691855334638));
#3093=CARTESIAN_POINT('Ctrl Pts',(0.642261628933104,0.10000000000013,0.100000000000131));
#3094=CARTESIAN_POINT('Origin',(0.,0.,0.));
#3095=CARTESIAN_POINT('',(0.1,0.642261628933257,0.1));
#3096=CARTESIAN_POINT('',(0.1,0.75,0.1));
#3097=CARTESIAN_POINT('Ctrl Pts',(3.61368002555201E-14,0.749999999999964,
3.58534816419231E-14));
#3098=CARTESIAN_POINT('Ctrl Pts',(0.0538691855334627,0.696130814466535,
0.0538691855334624));
#3099=CARTESIAN_POINT('Ctrl Pts',(0.100000000000131,0.642261628933104,0.100000000000131));
#3100=CARTESIAN_POINT('Origin',(0.,0.,0.));
#3101=CARTESIAN_POINT('Origin',(0.,0.,0.1));
#3102=CARTESIAN_POINT('Origin',(0.375,0.375,0.1));
#3103=UNCERTAINTY_MEASURE_WITH_UNIT(LENGTH_MEASURE(0.01),#3107,
'DISTANCE_ACCURACY_VALUE',
'Maximum model space distance between geometric entities at asserted c
onnectivities');
#3104=UNCERTAINTY_MEASURE_WITH_UNIT(LENGTH_MEASURE(0.01),#3107,
'DISTANCE_ACCURACY_VALUE',
'Maximum model space distance between geometric entities at asserted c
onnectivities');
#3105=(
GEOMETRIC_REPRESENTATION_CONTEXT(3)
GLOBAL_UNCERTAINTY_ASSIGNED_CONTEXT((#3103))
GLOBAL_UNIT_ASSIGNED_CONTEXT((#3107,#3109,#3110))
REPRESENTATION_CONTEXT('','3D')
);
#3106=(
GEOMETRIC_REPRESENTATION_CONTEXT(3)
GLOBAL_UNCERTAINTY_ASSIGNED_CONTEXT((#3104))
GLOBAL_UNIT_ASSIGNED_CONTEXT((#3107,#3109,#3110))
REPRESENTATION_CONTEXT('','3D')
);
#3107=(
LENGTH_UNIT()
NAMED_UNIT(*)
SI_UNIT(.MILLI.,.METRE.)
);
#3108=(
LENGTH_UNIT()
NAMED_UNIT(*)
SI_UNIT($,.METRE.)
);
#3109=(
NAMED_UNIT(*)
PLANE_ANGLE_UNIT()
SI_UNIT($,.RADIAN.)
);
#3110=(
NAMED_UNIT(*)
SI_UNIT($,.STERADIAN.)
SOLID_ANGLE_UNIT()
);
#3111=SHAPE_DEFINITION_REPRESENTATION(#3112,#3113);
#3112=PRODUCT_DEFINITION_SHAPE('',$,#3115);
#3113=SHAPE_REPRESENTATION('',(#937),#3105);
#3114=PRODUCT_DEFINITION_CONTEXT('part definition',#3119,'design');
#3115=PRODUCT_DEFINITION('M.Horizontal 0deg (Positive)',
'M.Horizontal 0deg (Positive) v3',#3116,#3114);
#3116=PRODUCT_DEFINITION_FORMATION('',$,#3121);
#3117=PRODUCT_RELATED_PRODUCT_CATEGORY(
'M.Horizontal 0deg (Positive) v3','M.Horizontal 0deg (Positive) v3',(#3121));
#3118=APPLICATION_PROTOCOL_DEFINITION('international standard',
'automotive_design',2009,#3119);
#3119=APPLICATION_CONTEXT(
'Core Data for Automotive Mechanical Design Process');
#3120=PRODUCT_CONTEXT('part definition',#3119,'mechanical');
#3121=PRODUCT('M.Horizontal 0deg (Positive)',
'M.Horizontal 0deg (Positive) v3',$,(#3120));
#3122=PRESENTATION_STYLE_ASSIGNMENT((#3123));
#3123=SURFACE_STYLE_USAGE(.BOTH.,#3124);
#3124=SURFACE_SIDE_STYLE('',(#3125));
#3125=SURFACE_STYLE_FILL_AREA(#3126);
#3126=FILL_AREA_STYLE('Plastic - Matte (Green)',(#3127));
#3127=FILL_AREA_STYLE_COLOUR('Plastic - Matte (Green)',#3128);
#3128=COLOUR_RGB('Plastic - Matte (Green)',0.266666666666667,0.588235294117647,
0.282352941176471);
ENDSEC;
END-ISO-10303-21;
