ISO-10303-21;
HEADER;
/* Generated by software containing ST-Developer
 * from STEP Tools, Inc. (www.steptools.com) 
 */

FILE_DESCRIPTION(
/* description */ (''),
/* implementation_level */ '2;1');

FILE_NAME(
/* name */ '12.5mm.step',
/* time_stamp */ '2025-09-02T22:41:31+08:00',
/* author */ (''),
/* organization */ (''),
/* preprocessor_version */ 'ST-DEVELOPER v20.1',
/* originating_system */ 'Autodesk Translation Framework v14.10.0.0',
/* authorisation */ '');

FILE_SCHEMA (('AUTOMOTIVE_DESIGN { 1 0 10303 214 3 1 1 }'));
ENDSEC;

DATA;
#10=MECHANICAL_DESIGN_GEOMETRIC_PRESENTATION_REPRESENTATION('',(#13),#6697);
#11=SHAPE_REPRESENTATION_RELATIONSHIP('SRR','None',#6704,#12);
#12=ADVANCED_BREP_SHAPE_REPRESENTATION('',(#14),#6696);
#13=STYLED_ITEM('',(#6714),#14);
#14=MANIFOLD_SOLID_BREP('12.5',#2663);
#15=FACE_BOUND('',#555,.T.);
#16=FACE_BOUND('',#556,.T.);
#17=FACE_BOUND('',#668,.T.);
#18=FACE_BOUND('',#669,.T.);
#19=FACE_BOUND('',#670,.T.);
#20=FACE_BOUND('',#671,.T.);
#21=FACE_BOUND('',#673,.T.);
#22=FACE_BOUND('',#674,.T.);
#23=FACE_BOUND('',#675,.T.);
#24=FACE_BOUND('',#676,.T.);
#25=FACE_BOUND('',#678,.T.);
#26=FACE_BOUND('',#679,.T.);
#27=FACE_BOUND('',#680,.T.);
#28=FACE_BOUND('',#681,.T.);
#29=FACE_BOUND('',#683,.T.);
#30=FACE_BOUND('',#684,.T.);
#31=FACE_BOUND('',#685,.T.);
#32=FACE_BOUND('',#686,.T.);
#33=FACE_BOUND('',#690,.T.);
#34=FACE_BOUND('',#691,.T.);
#35=FACE_BOUND('',#692,.T.);
#36=FACE_BOUND('',#702,.T.);
#37=FACE_BOUND('',#703,.T.);
#38=FACE_BOUND('',#704,.T.);
#39=B_SPLINE_SURFACE_WITH_KNOTS('',3,3,((#3278,#3279,#3280,#3281),(#3282,
#3283,#3284,#3285),(#3286,#3287,#3288,#3289),(#3290,#3291,#3292,#3293)),
 .UNSPECIFIED.,.F.,.F.,.F.,(4,4),(4,4),(0.0294571288952843,0.0872366362070351),
(1.3504724414974,1.38390255850267),.UNSPECIFIED.);
#40=B_SPLINE_SURFACE_WITH_KNOTS('',3,3,((#3314,#3315,#3316,#3317),(#3318,
#3319,#3320,#3321),(#3322,#3323,#3324,#3325),(#3326,#3327,#3328,#3329)),
 .UNSPECIFIED.,.F.,.F.,.F.,(4,4),(4,4),(0.0294571288952843,0.0872366362070353),
(1.1942224414974,1.22765255850268),.UNSPECIFIED.);
#41=B_SPLINE_SURFACE_WITH_KNOTS('',3,3,((#3350,#3351,#3352,#3353),(#3354,
#3355,#3356,#3357),(#3358,#3359,#3360,#3361),(#3362,#3363,#3364,#3365)),
 .UNSPECIFIED.,.F.,.F.,.F.,(4,4),(4,4),(0.0294571288952843,0.0872366362072512),
(1.0379724414974,1.07140255850268),.UNSPECIFIED.);
#42=B_SPLINE_SURFACE_WITH_KNOTS('',3,3,((#3386,#3387,#3388,#3389),(#3390,
#3391,#3392,#3393),(#3394,#3395,#3396,#3397),(#3398,#3399,#3400,#3401)),
 .UNSPECIFIED.,.F.,.F.,.F.,(4,4),(4,4),(0.0294571288952843,0.0872366362070347),
(0.881722441497389,0.915152558502651),.UNSPECIFIED.);
#43=B_SPLINE_SURFACE_WITH_KNOTS('',3,3,((#3422,#3423,#3424,#3425),(#3426,
#3427,#3428,#3429),(#3430,#3431,#3432,#3433),(#3434,#3435,#3436,#3437)),
 .UNSPECIFIED.,.F.,.F.,.F.,(4,4),(4,4),(0.0294571288952843,0.0872366362070351),
(0.725472441497371,0.758902558502624),.UNSPECIFIED.);
#44=B_SPLINE_SURFACE_WITH_KNOTS('',3,3,((#3458,#3459,#3460,#3461),(#3462,
#3463,#3464,#3465),(#3466,#3467,#3468,#3469),(#3470,#3471,#3472,#3473)),
 .UNSPECIFIED.,.F.,.F.,.F.,(4,4),(4,4),(0.0294571288952843,0.087236636207035),
(0.569222441497347,0.602652558502606),.UNSPECIFIED.);
#45=B_SPLINE_SURFACE_WITH_KNOTS('',3,3,((#3494,#3495,#3496,#3497),(#3498,
#3499,#3500,#3501),(#3502,#3503,#3504,#3505),(#3506,#3507,#3508,#3509)),
 .UNSPECIFIED.,.F.,.F.,.F.,(4,4),(4,4),(0.0294571288952843,0.0872366362070349),
(0.412972441497326,0.446402558502605),.UNSPECIFIED.);
#46=B_SPLINE_SURFACE_WITH_KNOTS('',3,3,((#3530,#3531,#3532,#3533),(#3534,
#3535,#3536,#3537),(#3538,#3539,#3540,#3541),(#3542,#3543,#3544,#3545)),
 .UNSPECIFIED.,.F.,.F.,.F.,(4,4),(4,4),(0.0294571288952843,0.0416133607784911),
(0.295784941387159,0.298661726273279),.UNSPECIFIED.);
#47=B_SPLINE_SURFACE_WITH_KNOTS('',3,3,((#3785,#3786,#3787,#3788),(#3789,
#3790,#3791,#3792),(#3793,#3794,#3795,#3796),(#3797,#3798,#3799,#3800)),
 .UNSPECIFIED.,.F.,.F.,.F.,(4,4),(4,4),(0.0294571288952843,0.0872366362070351),
(1.4676599414974,1.50109005850266),.UNSPECIFIED.);
#48=B_SPLINE_SURFACE_WITH_KNOTS('',3,3,((#3827,#3828,#3829,#3830),(#3831,
#3832,#3833,#3834),(#3835,#3836,#3837,#3838),(#3839,#3840,#3841,#3842)),
 .UNSPECIFIED.,.F.,.F.,.F.,(4,4),(4,4),(0.0294571288952843,0.0872366362070349),
(1.4285974414974,1.46202755850267),.UNSPECIFIED.);
#49=B_SPLINE_SURFACE_WITH_KNOTS('',3,3,((#3869,#3870,#3871,#3872),(#3873,
#3874,#3875,#3876),(#3877,#3878,#3879,#3880),(#3881,#3882,#3883,#3884)),
 .UNSPECIFIED.,.F.,.F.,.F.,(4,4),(4,4),(0.0294571288952843,0.0416133606867273),
(1.42008827372671,1.42296505879966),.UNSPECIFIED.);
#50=B_SPLINE_SURFACE_WITH_KNOTS('',3,3,((#3894,#3895,#3896,#3897),(#3898,
#3899,#3900,#3901),(#3902,#3903,#3904,#3905),(#3906,#3907,#3908,#3909)),
 .UNSPECIFIED.,.F.,.F.,.F.,(4,4),(4,4),(-0.0577795072009562,1.4920496516432E-13),
(1.27234744149739,1.30178150069481),.UNSPECIFIED.);
#51=B_SPLINE_SURFACE_WITH_KNOTS('',3,3,((#3979,#3980,#3981,#3982),(#3983,
#3984,#3985,#3986),(#3987,#3988,#3989,#3990),(#3991,#3992,#3993,#3994)),
 .UNSPECIFIED.,.F.,.F.,.F.,(4,4),(4,4),(-0.0121562318597945,1.4920496516432E-13),
(1.26383827372672,1.26671505850261),.UNSPECIFIED.);
#52=B_SPLINE_SURFACE_WITH_KNOTS('',3,3,((#4035,#4036,#4037,#4038),(#4039,
#4040,#4041,#4042),(#4043,#4044,#4045,#4046),(#4047,#4048,#4049,#4050)),
 .UNSPECIFIED.,.F.,.F.,.F.,(4,4),(4,4),(-0.0577795072012362,1.4920496516432E-13),
(1.19422244149739,1.22765255850267),.UNSPECIFIED.);
#53=B_SPLINE_SURFACE_WITH_KNOTS('',3,3,((#4077,#4078,#4079,#4080),(#4081,
#4082,#4083,#4084),(#4085,#4086,#4087,#4088),(#4089,#4090,#4091,#4092)),
 .UNSPECIFIED.,.F.,.F.,.F.,(4,4),(4,4),(-0.0577795072012359,1.4920496516432E-13),
(1.15515994149739,1.1885900585027),.UNSPECIFIED.);
#54=B_SPLINE_SURFACE_WITH_KNOTS('',3,3,((#4113,#4114,#4115,#4116),(#4117,
#4118,#4119,#4120),(#4121,#4122,#4123,#4124),(#4125,#4126,#4127,#4128)),
 .UNSPECIFIED.,.F.,.F.,.F.,(4,4),(4,4),(-0.0577795072012362,1.4920496516432E-13),
(1.11609744149739,1.1495275585027),.UNSPECIFIED.);
#55=B_SPLINE_SURFACE_WITH_KNOTS('',3,3,((#4149,#4150,#4151,#4152),(#4153,
#4154,#4155,#4156),(#4157,#4158,#4159,#4160),(#4161,#4162,#4163,#4164)),
 .UNSPECIFIED.,.F.,.F.,.F.,(4,4),(4,4),(-0.0121562318597953,1.4920496516432E-13),
(1.10758827372672,1.11046505850261),.UNSPECIFIED.);
#56=B_SPLINE_SURFACE_WITH_KNOTS('',3,3,((#4169,#4170,#4171,#4172),(#4173,
#4174,#4175,#4176),(#4177,#4178,#4179,#4180),(#4181,#4182,#4183,#4184)),
 .UNSPECIFIED.,.F.,.F.,.F.,(4,4),(4,4),(-0.0121562317680314,1.4920496516432E-13),
(1.23328494149739,1.23616172587263),.UNSPECIFIED.);
#57=B_SPLINE_SURFACE_WITH_KNOTS('',3,3,((#4200,#4201,#4202,#4203),(#4204,
#4205,#4206,#4207),(#4208,#4209,#4210,#4211),(#4212,#4213,#4214,#4215)),
 .UNSPECIFIED.,.F.,.F.,.F.,(4,4),(4,4),(0.0294571288952843,0.087236636207035),
(1.3114099414974,1.34484005850268),.UNSPECIFIED.);
#58=B_SPLINE_SURFACE_WITH_KNOTS('',3,3,((#4242,#4243,#4244,#4245),(#4246,
#4247,#4248,#4249),(#4250,#4251,#4252,#4253),(#4254,#4255,#4256,#4257)),
 .UNSPECIFIED.,.F.,.F.,.F.,(4,4),(4,4),(0.0294571288952843,0.0872366362070351),
(1.27234744147898,1.30577755850268),.UNSPECIFIED.);
#59=B_SPLINE_SURFACE_WITH_KNOTS('',3,3,((#4284,#4285,#4286,#4287),(#4288,
#4289,#4290,#4291),(#4292,#4293,#4294,#4295),(#4296,#4297,#4298,#4299)),
 .UNSPECIFIED.,.F.,.F.,.F.,(4,4),(4,4),(0.0294571288952843,0.0416133607784916),
(1.3895349414974,1.39241172627328),.UNSPECIFIED.);
#60=B_SPLINE_SURFACE_WITH_KNOTS('',3,3,((#4309,#4310,#4311,#4312),(#4313,
#4314,#4315,#4316),(#4317,#4318,#4319,#4320),(#4321,#4322,#4323,#4324)),
 .UNSPECIFIED.,.F.,.F.,.F.,(4,4),(4,4),(0.0294571288952843,0.0416133606867286),
(1.26383827372671,1.26671505850261),.UNSPECIFIED.);
#61=B_SPLINE_SURFACE_WITH_KNOTS('',3,3,((#4374,#4375,#4376,#4377),(#4378,
#4379,#4380,#4381),(#4382,#4383,#4384,#4385),(#4386,#4387,#4388,#4389)),
 .UNSPECIFIED.,.F.,.F.,.F.,(4,4),(4,4),(0.0294571288952843,0.0872366362070349),
(1.1551599414974,1.1885900585027),.UNSPECIFIED.);
#62=B_SPLINE_SURFACE_WITH_KNOTS('',3,3,((#4416,#4417,#4418,#4419),(#4420,
#4421,#4422,#4423),(#4424,#4425,#4426,#4427),(#4428,#4429,#4430,#4431)),
 .UNSPECIFIED.,.F.,.F.,.F.,(4,4),(4,4),(0.0294571288952843,0.0872366362070351),
(1.1160974414974,1.1495275585027),.UNSPECIFIED.);
#63=B_SPLINE_SURFACE_WITH_KNOTS('',3,3,((#4458,#4459,#4460,#4461),(#4462,
#4463,#4464,#4465),(#4466,#4467,#4468,#4469),(#4470,#4471,#4472,#4473)),
 .UNSPECIFIED.,.F.,.F.,.F.,(4,4),(4,4),(0.0294571288952843,0.041613360778491),
(1.2332849414974,1.23616172627328),.UNSPECIFIED.);
#64=B_SPLINE_SURFACE_WITH_KNOTS('',3,3,((#4489,#4490,#4491,#4492),(#4493,
#4494,#4495,#4496),(#4497,#4498,#4499,#4500),(#4501,#4502,#4503,#4504)),
 .UNSPECIFIED.,.F.,.F.,.F.,(4,4),(4,4),(0.0294571288952843,0.0416133606867281),
(1.10758827372672,1.11046505850261),.UNSPECIFIED.);
#65=B_SPLINE_SURFACE_WITH_KNOTS('',3,3,((#4514,#4515,#4516,#4517),(#4518,
#4519,#4520,#4521),(#4522,#4523,#4524,#4525),(#4526,#4527,#4528,#4529)),
 .UNSPECIFIED.,.F.,.F.,.F.,(4,4),(4,4),(-0.0577795072009565,1.4920496516432E-13),
(1.03797244149739,1.07140255850265),.UNSPECIFIED.);
#66=B_SPLINE_SURFACE_WITH_KNOTS('',3,3,((#4550,#4551,#4552,#4553),(#4554,
#4555,#4556,#4557),(#4558,#4559,#4560,#4561),(#4562,#4563,#4564,#4565)),
 .UNSPECIFIED.,.F.,.F.,.F.,(4,4),(4,4),(-0.0577795072009568,1.4920496516432E-13),
(0.998909941497383,1.03234005850269),.UNSPECIFIED.);
#67=B_SPLINE_SURFACE_WITH_KNOTS('',3,3,((#4586,#4587,#4588,#4589),(#4590,
#4591,#4592,#4593),(#4594,#4595,#4596,#4597),(#4598,#4599,#4600,#4601)),
 .UNSPECIFIED.,.F.,.F.,.F.,(4,4),(4,4),(-0.0577795072009565,1.4920496516432E-13),
(0.959847441497394,0.993277558502683),.UNSPECIFIED.);
#68=B_SPLINE_SURFACE_WITH_KNOTS('',3,3,((#4622,#4623,#4624,#4625),(#4626,
#4627,#4628,#4629),(#4630,#4631,#4632,#4633),(#4634,#4635,#4636,#4637)),
 .UNSPECIFIED.,.F.,.F.,.F.,(4,4),(4,4),(-0.0121562318597946,1.4920496516432E-13),
(0.951338273726721,0.954215058502609),.UNSPECIFIED.);
#69=B_SPLINE_SURFACE_WITH_KNOTS('',3,3,((#4647,#4648,#4649,#4650),(#4651,
#4652,#4653,#4654),(#4655,#4656,#4657,#4658),(#4659,#4660,#4661,#4662)),
 .UNSPECIFIED.,.F.,.F.,.F.,(4,4),(4,4),(-0.0121562317680322,1.4920496516432E-13),
(1.07703494149739,1.07991172627328),.UNSPECIFIED.);
#70=B_SPLINE_SURFACE_WITH_KNOTS('',3,3,((#4701,#4702,#4703,#4704),(#4705,
#4706,#4707,#4708),(#4709,#4710,#4711,#4712),(#4713,#4714,#4715,#4716)),
 .UNSPECIFIED.,.F.,.F.,.F.,(4,4),(4,4),(-0.0577795072009565,1.4920496516432E-13),
(0.881722441497368,0.915152558502622),.UNSPECIFIED.);
#71=B_SPLINE_SURFACE_WITH_KNOTS('',3,3,((#4737,#4738,#4739,#4740),(#4741,
#4742,#4743,#4744),(#4745,#4746,#4747,#4748),(#4749,#4750,#4751,#4752)),
 .UNSPECIFIED.,.F.,.F.,.F.,(4,4),(4,4),(-0.0577795072009565,1.4920496516432E-13),
(0.842659941497363,0.876090058502668),.UNSPECIFIED.);
#72=B_SPLINE_SURFACE_WITH_KNOTS('',3,3,((#4773,#4774,#4775,#4776),(#4777,
#4778,#4779,#4780),(#4781,#4782,#4783,#4784),(#4785,#4786,#4787,#4788)),
 .UNSPECIFIED.,.F.,.F.,.F.,(4,4),(4,4),(-0.0577795072009564,1.4920496516432E-13),
(0.803597441497394,0.837027558502662),.UNSPECIFIED.);
#73=B_SPLINE_SURFACE_WITH_KNOTS('',3,3,((#4809,#4810,#4811,#4812),(#4813,
#4814,#4815,#4816),(#4817,#4818,#4819,#4820),(#4821,#4822,#4823,#4824)),
 .UNSPECIFIED.,.F.,.F.,.F.,(4,4),(4,4),(-0.0121562318597951,1.4920496516432E-13),
(0.795088273726721,0.797965058502609),.UNSPECIFIED.);
#74=B_SPLINE_SURFACE_WITH_KNOTS('',3,3,((#4829,#4830,#4831,#4832),(#4833,
#4834,#4835,#4836),(#4837,#4838,#4839,#4840),(#4841,#4842,#4843,#4844)),
 .UNSPECIFIED.,.F.,.F.,.F.,(4,4),(4,4),(-0.0121562317680316,1.4920496516432E-13),
(0.920784941497394,0.923661726273281),.UNSPECIFIED.);
#75=B_SPLINE_SURFACE_WITH_KNOTS('',3,3,((#4854,#4855,#4856,#4857),(#4858,
#4859,#4860,#4861),(#4862,#4863,#4864,#4865),(#4866,#4867,#4868,#4869)),
 .UNSPECIFIED.,.F.,.F.,.F.,(4,4),(4,4),(0.0294571288952843,0.0872366362072516),
(0.998909941497397,1.0323400585027),.UNSPECIFIED.);
#76=B_SPLINE_SURFACE_WITH_KNOTS('',3,3,((#4896,#4897,#4898,#4899),(#4900,
#4901,#4902,#4903),(#4904,#4905,#4906,#4907),(#4908,#4909,#4910,#4911)),
 .UNSPECIFIED.,.F.,.F.,.F.,(4,4),(4,4),(0.0294571288952843,0.0872366362072509),
(0.959847441497397,0.993277558502697),.UNSPECIFIED.);
#77=B_SPLINE_SURFACE_WITH_KNOTS('',3,3,((#4938,#4939,#4940,#4941),(#4942,
#4943,#4944,#4945),(#4946,#4947,#4948,#4949),(#4950,#4951,#4952,#4953)),
 .UNSPECIFIED.,.F.,.F.,.F.,(4,4),(4,4),(0.0294571288952843,0.0416133607784914),
(1.0770349414974,1.07991172596355),.UNSPECIFIED.);
#78=B_SPLINE_SURFACE_WITH_KNOTS('',3,3,((#4963,#4964,#4965,#4966),(#4967,
#4968,#4969,#4970),(#4971,#4972,#4973,#4974),(#4975,#4976,#4977,#4978)),
 .UNSPECIFIED.,.F.,.F.,.F.,(4,4),(4,4),(0.0294571288952843,0.0416133606867282),
(0.951338273726722,0.954215058502606),.UNSPECIFIED.);
#79=B_SPLINE_SURFACE_WITH_KNOTS('',3,3,((#5028,#5029,#5030,#5031),(#5032,
#5033,#5034,#5035),(#5036,#5037,#5038,#5039),(#5040,#5041,#5042,#5043)),
 .UNSPECIFIED.,.F.,.F.,.F.,(4,4),(4,4),(0.0294571288952843,0.0872366362070348),
(0.842659941497384,0.876090058502688),.UNSPECIFIED.);
#80=B_SPLINE_SURFACE_WITH_KNOTS('',3,3,((#5070,#5071,#5072,#5073),(#5074,
#5075,#5076,#5077),(#5078,#5079,#5080,#5081),(#5082,#5083,#5084,#5085)),
 .UNSPECIFIED.,.F.,.F.,.F.,(4,4),(4,4),(0.0294571288952843,0.0872366362070348),
(0.803597441497396,0.837027558502685),.UNSPECIFIED.);
#81=B_SPLINE_SURFACE_WITH_KNOTS('',3,3,((#5112,#5113,#5114,#5115),(#5116,
#5117,#5118,#5119),(#5120,#5121,#5122,#5123),(#5124,#5125,#5126,#5127)),
 .UNSPECIFIED.,.F.,.F.,.F.,(4,4),(4,4),(0.0294571288952843,0.0416133607784909),
(0.920784941497396,0.923661726273279),.UNSPECIFIED.);
#82=B_SPLINE_SURFACE_WITH_KNOTS('',3,3,((#5143,#5144,#5145,#5146),(#5147,
#5148,#5149,#5150),(#5151,#5152,#5153,#5154),(#5155,#5156,#5157,#5158)),
 .UNSPECIFIED.,.F.,.F.,.F.,(4,4),(4,4),(0.0294571288952843,0.0416133606867282),
(0.795088273726723,0.797965058502606),.UNSPECIFIED.);
#83=B_SPLINE_SURFACE_WITH_KNOTS('',3,3,((#5168,#5169,#5170,#5171),(#5172,
#5173,#5174,#5175),(#5176,#5177,#5178,#5179),(#5180,#5181,#5182,#5183)),
 .UNSPECIFIED.,.F.,.F.,.F.,(4,4),(4,4),(-0.0577795072009564,1.4920496516432E-13),
(0.725472441497346,0.758902558502609),.UNSPECIFIED.);
#84=B_SPLINE_SURFACE_WITH_KNOTS('',3,3,((#5204,#5205,#5206,#5207),(#5208,
#5209,#5210,#5211),(#5212,#5213,#5214,#5215),(#5216,#5217,#5218,#5219)),
 .UNSPECIFIED.,.F.,.F.,.F.,(4,4),(4,4),(-0.0577795072009563,1.4920496516432E-13),
(0.68640994149734,0.719840058502645),.UNSPECIFIED.);
#85=B_SPLINE_SURFACE_WITH_KNOTS('',3,3,((#5240,#5241,#5242,#5243),(#5244,
#5245,#5246,#5247),(#5248,#5249,#5250,#5251),(#5252,#5253,#5254,#5255)),
 .UNSPECIFIED.,.F.,.F.,.F.,(4,4),(4,4),(-0.0577795072009562,1.4920496516432E-13),
(0.647347441497383,0.680777558502639),.UNSPECIFIED.);
#86=B_SPLINE_SURFACE_WITH_KNOTS('',3,3,((#5276,#5277,#5278,#5279),(#5280,
#5281,#5282,#5283),(#5284,#5285,#5286,#5287),(#5288,#5289,#5290,#5291)),
 .UNSPECIFIED.,.F.,.F.,.F.,(4,4),(4,4),(-0.0121562318597946,1.4920496516432E-13),
(0.638838273726721,0.641715058502608),.UNSPECIFIED.);
#87=B_SPLINE_SURFACE_WITH_KNOTS('',3,3,((#5301,#5302,#5303,#5304),(#5305,
#5306,#5307,#5308),(#5309,#5310,#5311,#5312),(#5313,#5314,#5315,#5316)),
 .UNSPECIFIED.,.F.,.F.,.F.,(4,4),(4,4),(-0.0121562317680318,1.4920496516432E-13),
(0.764534941497393,0.767411726273281),.UNSPECIFIED.);
#88=B_SPLINE_SURFACE_WITH_KNOTS('',3,3,((#5355,#5356,#5357,#5358),(#5359,
#5360,#5361,#5362),(#5363,#5364,#5365,#5366),(#5367,#5368,#5369,#5370)),
 .UNSPECIFIED.,.F.,.F.,.F.,(4,4),(4,4),(-0.0577795072009564,1.4920496516432E-13),
(0.569222441497326,0.602652558502608),.UNSPECIFIED.);
#89=B_SPLINE_SURFACE_WITH_KNOTS('',3,3,((#5391,#5392,#5393,#5394),(#5395,
#5396,#5397,#5398),(#5399,#5400,#5401,#5402),(#5403,#5404,#5405,#5406)),
 .UNSPECIFIED.,.F.,.F.,.F.,(4,4),(4,4),(-0.0577795072009561,1.4920496516432E-13),
(0.530159941497322,0.563590058502622),.UNSPECIFIED.);
#90=B_SPLINE_SURFACE_WITH_KNOTS('',3,3,((#5427,#5428,#5429,#5430),(#5431,
#5432,#5433,#5434),(#5435,#5436,#5437,#5438),(#5439,#5440,#5441,#5442)),
 .UNSPECIFIED.,.F.,.F.,.F.,(4,4),(4,4),(-0.057779507200956,1.4920496516432E-13),
(0.491097441497356,0.524527558502617),.UNSPECIFIED.);
#91=B_SPLINE_SURFACE_WITH_KNOTS('',3,3,((#5463,#5464,#5465,#5466),(#5467,
#5468,#5469,#5470),(#5471,#5472,#5473,#5474),(#5475,#5476,#5477,#5478)),
 .UNSPECIFIED.,.F.,.F.,.F.,(4,4),(4,4),(-0.0121562318597949,1.4920496516432E-13),
(0.482588273726721,0.485465058502608),.UNSPECIFIED.);
#92=B_SPLINE_SURFACE_WITH_KNOTS('',3,3,((#5483,#5484,#5485,#5486),(#5487,
#5488,#5489,#5490),(#5491,#5492,#5493,#5494),(#5495,#5496,#5497,#5498)),
 .UNSPECIFIED.,.F.,.F.,.F.,(4,4),(4,4),(-0.0121562317680314,1.4920496516432E-13),
(0.608284941497393,0.611161726273281),.UNSPECIFIED.);
#93=B_SPLINE_SURFACE_WITH_KNOTS('',3,3,((#5508,#5509,#5510,#5511),(#5512,
#5513,#5514,#5515),(#5516,#5517,#5518,#5519),(#5520,#5521,#5522,#5523)),
 .UNSPECIFIED.,.F.,.F.,.F.,(4,4),(4,4),(0.0294571288952843,0.087236636207035),
(0.686409941497363,0.719840058502671),.UNSPECIFIED.);
#94=B_SPLINE_SURFACE_WITH_KNOTS('',3,3,((#5550,#5551,#5552,#5553),(#5554,
#5555,#5556,#5557),(#5558,#5559,#5560,#5561),(#5562,#5563,#5564,#5565)),
 .UNSPECIFIED.,.F.,.F.,.F.,(4,4),(4,4),(0.0294571288952843,0.0872366362070348),
(0.647347441497396,0.680777558502665),.UNSPECIFIED.);
#95=B_SPLINE_SURFACE_WITH_KNOTS('',3,3,((#5592,#5593,#5594,#5595),(#5596,
#5597,#5598,#5599),(#5600,#5601,#5602,#5603),(#5604,#5605,#5606,#5607)),
 .UNSPECIFIED.,.F.,.F.,.F.,(4,4),(4,4),(0.0294571288952843,0.0416133607784915),
(0.764534941497396,0.767411726273279),.UNSPECIFIED.);
#96=B_SPLINE_SURFACE_WITH_KNOTS('',3,3,((#5617,#5618,#5619,#5620),(#5621,
#5622,#5623,#5624),(#5625,#5626,#5627,#5628),(#5629,#5630,#5631,#5632)),
 .UNSPECIFIED.,.F.,.F.,.F.,(4,4),(4,4),(0.0294571288952843,0.0416133606867278),
(0.638838273726723,0.641715058502606),.UNSPECIFIED.);
#97=B_SPLINE_SURFACE_WITH_KNOTS('',3,3,((#5682,#5683,#5684,#5685),(#5686,
#5687,#5688,#5689),(#5690,#5691,#5692,#5693),(#5694,#5695,#5696,#5697)),
 .UNSPECIFIED.,.F.,.F.,.F.,(4,4),(4,4),(0.0294571288952843,0.087236636207035),
(0.530159941497341,0.563590058502647),.UNSPECIFIED.);
#98=B_SPLINE_SURFACE_WITH_KNOTS('',3,3,((#5724,#5725,#5726,#5727),(#5728,
#5729,#5730,#5731),(#5732,#5733,#5734,#5735),(#5736,#5737,#5738,#5739)),
 .UNSPECIFIED.,.F.,.F.,.F.,(4,4),(4,4),(0.0294571288952843,0.0872366362070348),
(0.491097441497384,0.52452755850264),.UNSPECIFIED.);
#99=B_SPLINE_SURFACE_WITH_KNOTS('',3,3,((#5766,#5767,#5768,#5769),(#5770,
#5771,#5772,#5773),(#5774,#5775,#5776,#5777),(#5778,#5779,#5780,#5781)),
 .UNSPECIFIED.,.F.,.F.,.F.,(4,4),(4,4),(0.0294571288952843,0.0416133607784907),
(0.608284941497396,0.611161726273279),.UNSPECIFIED.);
#100=B_SPLINE_SURFACE_WITH_KNOTS('',3,3,((#5797,#5798,#5799,#5800),(#5801,
#5802,#5803,#5804),(#5805,#5806,#5807,#5808),(#5809,#5810,#5811,#5812)),
 .UNSPECIFIED.,.F.,.F.,.F.,(4,4),(4,4),(0.0294571288952843,0.041613360686728),
(0.482588273726723,0.485465058502606),.UNSPECIFIED.);
#101=B_SPLINE_SURFACE_WITH_KNOTS('',3,3,((#5822,#5823,#5824,#5825),(#5826,
#5827,#5828,#5829),(#5830,#5831,#5832,#5833),(#5834,#5835,#5836,#5837)),
 .UNSPECIFIED.,.F.,.F.,.F.,(4,4),(4,4),(-0.0577795072009564,1.4920496516432E-13),
(0.412972441497313,0.446402558502608),.UNSPECIFIED.);
#102=B_SPLINE_SURFACE_WITH_KNOTS('',3,3,((#5858,#5859,#5860,#5861),(#5862,
#5863,#5864,#5865),(#5866,#5867,#5868,#5869),(#5870,#5871,#5872,#5873)),
 .UNSPECIFIED.,.F.,.F.,.F.,(4,4),(4,4),(-0.0577795072009567,1.4920496516432E-13),
(0.373909941497311,0.407340058502608),.UNSPECIFIED.);
#103=B_SPLINE_SURFACE_WITH_KNOTS('',3,3,((#5894,#5895,#5896,#5897),(#5898,
#5899,#5900,#5901),(#5902,#5903,#5904,#5905),(#5906,#5907,#5908,#5909)),
 .UNSPECIFIED.,.F.,.F.,.F.,(4,4),(4,4),(-0.0577795072009565,1.4920496516432E-13),
(0.334847441497329,0.368277558502608),.UNSPECIFIED.);
#104=B_SPLINE_SURFACE_WITH_KNOTS('',3,3,((#5930,#5931,#5932,#5933),(#5934,
#5935,#5936,#5937),(#5938,#5939,#5940,#5941),(#5942,#5943,#5944,#5945)),
 .UNSPECIFIED.,.F.,.F.,.F.,(4,4),(4,4),(-0.0121562318597946,1.4920496516432E-13),
(0.326338273726721,0.329215058502608),.UNSPECIFIED.);
#105=B_SPLINE_SURFACE_WITH_KNOTS('',3,3,((#5955,#5956,#5957,#5958),(#5959,
#5960,#5961,#5962),(#5963,#5964,#5965,#5966),(#5967,#5968,#5969,#5970)),
 .UNSPECIFIED.,.F.,.F.,.F.,(4,4),(4,4),(-0.0121562317680315,1.4920496516432E-13),
(0.452034941497393,0.454911726273281),.UNSPECIFIED.);
#106=B_SPLINE_SURFACE_WITH_KNOTS('',3,3,((#6009,#6010,#6011,#6012),(#6013,
#6014,#6015,#6016),(#6017,#6018,#6019,#6020),(#6021,#6022,#6023,#6024)),
 .UNSPECIFIED.,.F.,.F.,.F.,(4,4),(4,4),(-0.0577795072009563,1.4920496516432E-13),
(0.25672244149731,0.290152558502608),.UNSPECIFIED.);
#107=B_SPLINE_SURFACE_WITH_KNOTS('',3,3,((#6045,#6046,#6047,#6048),(#6049,
#6050,#6051,#6052),(#6053,#6054,#6055,#6056),(#6057,#6058,#6059,#6060)),
 .UNSPECIFIED.,.F.,.F.,.F.,(4,4),(4,4),(-0.0577795072009561,1.4920496516432E-13),
(0.217659941497311,0.251090058502608),.UNSPECIFIED.);
#108=B_SPLINE_SURFACE_WITH_KNOTS('',3,3,((#6081,#6082,#6083,#6084),(#6085,
#6086,#6087,#6088),(#6089,#6090,#6091,#6092),(#6093,#6094,#6095,#6096)),
 .UNSPECIFIED.,.F.,.F.,.F.,(4,4),(4,4),(-0.0577795072009566,1.4920496516432E-13),
(0.178597441497316,0.212027558502608),.UNSPECIFIED.);
#109=B_SPLINE_SURFACE_WITH_KNOTS('',3,3,((#6117,#6118,#6119,#6120),(#6121,
#6122,#6123,#6124),(#6125,#6126,#6127,#6128),(#6129,#6130,#6131,#6132)),
 .UNSPECIFIED.,.F.,.F.,.F.,(4,4),(4,4),(-0.0121562318597947,1.4920496516432E-13),
(0.17008827372672,0.172965058502608),.UNSPECIFIED.);
#110=B_SPLINE_SURFACE_WITH_KNOTS('',3,3,((#6137,#6138,#6139,#6140),(#6141,
#6142,#6143,#6144),(#6145,#6146,#6147,#6148),(#6149,#6150,#6151,#6152)),
 .UNSPECIFIED.,.F.,.F.,.F.,(4,4),(4,4),(-0.0121562317680317,1.4920496516432E-13),
(0.295784941497393,0.298661726273285),.UNSPECIFIED.);
#111=B_SPLINE_SURFACE_WITH_KNOTS('',3,3,((#6162,#6163,#6164,#6165),(#6166,
#6167,#6168,#6169),(#6170,#6171,#6172,#6173),(#6174,#6175,#6176,#6177)),
 .UNSPECIFIED.,.F.,.F.,.F.,(4,4),(4,4),(0.0294571288952843,0.0872366362070351),
(0.373909941497323,0.407340058502624),.UNSPECIFIED.);
#112=B_SPLINE_SURFACE_WITH_KNOTS('',3,3,((#6204,#6205,#6206,#6207),(#6208,
#6209,#6210,#6211),(#6212,#6213,#6214,#6215),(#6216,#6217,#6218,#6219)),
 .UNSPECIFIED.,.F.,.F.,.F.,(4,4),(4,4),(0.0294571288952843,0.041613360686728),
(0.326338273726722,0.329215058502605),.UNSPECIFIED.);
#113=B_SPLINE_SURFACE_WITH_KNOTS('',3,3,((#6235,#6236,#6237,#6238),(#6239,
#6240,#6241,#6242),(#6243,#6244,#6245,#6246),(#6247,#6248,#6249,#6250)),
 .UNSPECIFIED.,.F.,.F.,.F.,(4,4),(4,4),(0.0294571288952843,0.0416133607784911),
(0.452034941497396,0.454911726273279),.UNSPECIFIED.);
#114=B_SPLINE_SURFACE_WITH_KNOTS('',3,3,((#6260,#6261,#6262,#6263),(#6264,
#6265,#6266,#6267),(#6268,#6269,#6270,#6271),(#6272,#6273,#6274,#6275)),
 .UNSPECIFIED.,.F.,.F.,.F.,(4,4),(4,4),(0.0294571288952843,0.0872366362070348),
(0.334847441497356,0.36827755850262),.UNSPECIFIED.);
#115=B_SPLINE_SURFACE_WITH_KNOTS('',3,3,((#6329,#6330,#6331,#6332),(#6333,
#6334,#6335,#6336),(#6337,#6338,#6339,#6340),(#6341,#6342,#6343,#6344)),
 .UNSPECIFIED.,.F.,.F.,.F.,(4,4),(4,4),(-0.0577890312520352,1.4920496516432E-13),
(0.100472441497318,0.13390255853392),.UNSPECIFIED.);
#116=B_SPLINE_SURFACE_WITH_KNOTS('',3,3,((#6397,#6398,#6399,#6400),(#6401,
#6402,#6403,#6404),(#6405,#6406,#6407,#6408),(#6409,#6410,#6411,#6412)),
 .UNSPECIFIED.,.F.,.F.,.F.,(4,4),(4,4),(-0.0577890312520353,1.4920496516432E-13),
(0.061409941497322,0.0948400585026077),.UNSPECIFIED.);
#117=B_SPLINE_SURFACE_WITH_KNOTS('',3,3,((#6465,#6466,#6467,#6468),(#6469,
#6470,#6471,#6472),(#6473,#6474,#6475,#6476),(#6477,#6478,#6479,#6480)),
 .UNSPECIFIED.,.F.,.F.,.F.,(4,4),(4,4),(-0.024995587996243,1.4920496516432E-13),
(0.0337500004928234,0.0557775585026076),.UNSPECIFIED.);
#118=B_SPLINE_SURFACE_WITH_KNOTS('',3,3,((#6485,#6486,#6487,#6488),(#6489,
#6490,#6491,#6492),(#6493,#6494,#6495,#6496),(#6497,#6498,#6499,#6500)),
 .UNSPECIFIED.,.F.,.F.,.F.,(4,4),(4,4),(-0.0121562317680317,1.4920496516432E-13),
(0.139534941497393,0.14241172627329),.UNSPECIFIED.);
#119=B_SPLINE_SURFACE_WITH_KNOTS('',3,3,((#6505,#6506,#6507,#6508),(#6509,
#6510,#6511,#6512),(#6513,#6514,#6515,#6516),(#6517,#6518,#6519,#6520)),
 .UNSPECIFIED.,.F.,.F.,.F.,(4,4),(4,4),(0.0294571288952843,0.0872459485947812),
(0.261795574490981,0.290152558502605),.UNSPECIFIED.);
#120=B_SPLINE_SURFACE_WITH_KNOTS('',3,3,((#6612,#6613,#6614,#6615),(#6616,
#6617,#6618,#6619),(#6620,#6621,#6622,#6623),(#6624,#6625,#6626,#6627)),
 .UNSPECIFIED.,.F.,.F.,.F.,(4,4),(4,4),(0.0294571288952843,0.0598907468986973),
(1.5067224414974,1.53375006906545),.UNSPECIFIED.);
#121=B_SPLINE_CURVE_WITH_KNOTS('',3,(#3178,#3179,#3180,#3181),
 .UNSPECIFIED.,.F.,.F.,(4,4),(14.5173784919873,15.0005506448865),
 .UNSPECIFIED.);
#122=B_SPLINE_CURVE_WITH_KNOTS('',3,(#3184,#3185,#3186,#3187),
 .UNSPECIFIED.,.F.,.F.,(4,4),(128.658457916084,129.141700733126),
 .UNSPECIFIED.);
#123=B_SPLINE_CURVE_WITH_KNOTS('',3,(#3193,#3194,#3195,#3196),
 .UNSPECIFIED.,.F.,.F.,(4,4),(12.2585771186016,12.7417406781502),
 .UNSPECIFIED.);
#124=B_SPLINE_CURVE_WITH_KNOTS('',3,(#3199,#3200,#3201,#3202),
 .UNSPECIFIED.,.F.,.F.,(4,4),(130.917268077988,131.400481132893),
 .UNSPECIFIED.);
#125=B_SPLINE_CURVE_WITH_KNOTS('',3,(#3208,#3209,#3210,#3211),
 .UNSPECIFIED.,.F.,.F.,(4,4),(9.9997714817944,10.4829331660316),
 .UNSPECIFIED.);
#126=B_SPLINE_CURVE_WITH_KNOTS('',3,(#3214,#3215,#3216,#3217),
 .UNSPECIFIED.,.F.,.F.,(4,4),(133.176079412431,133.65926948276),
 .UNSPECIFIED.);
#127=B_SPLINE_CURVE_WITH_KNOTS('',3,(#3223,#3224,#3225,#3226),
 .UNSPECIFIED.,.F.,.F.,(4,4),(7.74096274395727,8.22412926883387),
 .UNSPECIFIED.);
#128=B_SPLINE_CURVE_WITH_KNOTS('',3,(#3229,#3230,#3231,#3232),
 .UNSPECIFIED.,.F.,.F.,(4,4),(135.434890763026,135.918064598412),
 .UNSPECIFIED.);
#129=B_SPLINE_CURVE_WITH_KNOTS('',3,(#3238,#3239,#3240,#3241),
 .UNSPECIFIED.,.F.,.F.,(4,4),(5.48215206362431,5.96533015117774),
 .UNSPECIFIED.);
#130=B_SPLINE_CURVE_WITH_KNOTS('',3,(#3244,#3245,#3246,#3247),
 .UNSPECIFIED.,.F.,.F.,(4,4),(137.693700973377,138.176865304091),
 .UNSPECIFIED.);
#131=B_SPLINE_CURVE_WITH_KNOTS('',3,(#3253,#3254,#3255,#3256),
 .UNSPECIFIED.,.F.,.F.,(4,4),(3.22334059704207,3.70653698356942),
 .UNSPECIFIED.);
#132=B_SPLINE_CURVE_WITH_KNOTS('',3,(#3259,#3260,#3261,#3262),
 .UNSPECIFIED.,.F.,.F.,(4,4),(139.952508886158,140.43567043115),
 .UNSPECIFIED.);
#133=B_SPLINE_CURVE_WITH_KNOTS('',3,(#3268,#3269,#3270,#3271),
 .UNSPECIFIED.,.F.,.F.,(4,4),(0.964529499745991,1.44775094438524),
 .UNSPECIFIED.);
#134=B_SPLINE_CURVE_WITH_KNOTS('',3,(#3274,#3275,#3276,#3277),
 .UNSPECIFIED.,.F.,.F.,(4,4),(142.211313341529,142.694478816554),
 .UNSPECIFIED.);
#135=B_SPLINE_CURVE_WITH_KNOTS('',3,(#3294,#3295,#3296,#3297,#3298,#3299,
#3300,#3301,#3302,#3303,#3304,#3305,#3306,#3307,#3308,#3309,#3310,#3311,
#3312,#3313),.UNSPECIFIED.,.F.,.F.,(4,2,2,2,2,2,2,2,2,4),(-0.482582582157038,
-0.36659279912105,-0.300294869839399,-0.268792728664173,-0.251759627698981,
-0.237745980292752,-0.221243104217705,-0.192915715357393,-0.0887133608409156,
0.),.UNSPECIFIED.);
#136=B_SPLINE_CURVE_WITH_KNOTS('',3,(#3330,#3331,#3332,#3333,#3334,#3335,
#3336,#3337,#3338,#3339,#3340,#3341,#3342,#3343,#3344,#3345,#3346,#3347,
#3348,#3349),.UNSPECIFIED.,.F.,.F.,(4,2,2,2,2,2,2,2,2,4),(-0.482582582156137,
-0.366592799120734,-0.300294869839481,-0.268792728664441,-0.251759627699331,
-0.237745980293169,-0.221243104218212,-0.192915715357821,-0.0887133608410608,
0.),.UNSPECIFIED.);
#137=B_SPLINE_CURVE_WITH_KNOTS('',3,(#3366,#3367,#3368,#3369,#3370,#3371,
#3372,#3373,#3374,#3375,#3376,#3377,#3378,#3379,#3380,#3381,#3382,#3383,
#3384,#3385),.UNSPECIFIED.,.F.,.F.,(4,2,2,2,2,2,2,2,2,4),(-0.482582582150043,
-0.366592799705229,-0.300294870089066,-0.26879272877125,-0.251759627750593,
-0.237745980310106,-0.221243104208086,-0.192915715334385,-0.0887133610938611,
0.),.UNSPECIFIED.);
#138=B_SPLINE_CURVE_WITH_KNOTS('',3,(#3402,#3403,#3404,#3405,#3406,#3407,
#3408,#3409,#3410,#3411,#3412,#3413,#3414,#3415,#3416,#3417,#3418,#3419,
#3420,#3421),.UNSPECIFIED.,.F.,.F.,(4,2,2,2,2,2,2,2,2,4),(-0.482582582154775,
-0.366592799119888,-0.300294869838853,-0.268792728663923,-0.251759627698908,
-0.237745980292819,-0.221243104217836,-0.19291571535752,-0.0887133608409494,
0.),.UNSPECIFIED.);
#139=B_SPLINE_CURVE_WITH_KNOTS('',3,(#3438,#3439,#3440,#3441,#3442,#3443,
#3444,#3445,#3446,#3447,#3448,#3449,#3450,#3451,#3452,#3453,#3454,#3455,
#3456,#3457),.UNSPECIFIED.,.F.,.F.,(4,2,2,2,2,2,2,2,2,4),(-0.482582582154667,
-0.366592799119883,-0.300294869838887,-0.268792728663963,-0.251759627698946,
-0.237745980292876,-0.221243104217918,-0.192915715357513,-0.0887133608409486,
0.),.UNSPECIFIED.);
#140=B_SPLINE_CURVE_WITH_KNOTS('',3,(#3474,#3475,#3476,#3477,#3478,#3479,
#3480,#3481,#3482,#3483,#3484,#3485,#3486,#3487,#3488,#3489,#3490,#3491,
#3492,#3493),.UNSPECIFIED.,.F.,.F.,(4,2,2,2,2,2,2,2,2,4),(-0.482582582155507,
-0.366592799120369,-0.300294869839118,-0.268792728664105,-0.251759627699041,
-0.237745980292915,-0.221243104217922,-0.19291571535754,-0.0887133608409693,
0.),.UNSPECIFIED.);
#141=B_SPLINE_CURVE_WITH_KNOTS('',3,(#3510,#3511,#3512,#3513,#3514,#3515,
#3516,#3517,#3518,#3519,#3520,#3521,#3522,#3523,#3524,#3525,#3526,#3527,
#3528,#3529),.UNSPECIFIED.,.F.,.F.,(4,2,2,2,2,2,2,2,2,4),(-0.482582582154432,
-0.366592799119752,-0.300294869838797,-0.268792728663911,-0.251759627698924,
-0.237745980292868,-0.221243104217901,-0.192915715357533,-0.0887133608409497,
0.),.UNSPECIFIED.);
#142=B_SPLINE_CURVE_WITH_KNOTS('',3,(#3548,#3549,#3550,#3551),
 .UNSPECIFIED.,.F.,.F.,(4,4),(-0.0289084440059123,0.),.UNSPECIFIED.);
#143=B_SPLINE_CURVE_WITH_KNOTS('',3,(#3553,#3554,#3555,#3556),
 .UNSPECIFIED.,.F.,.F.,(4,4),(144.346835397509,144.388337520538),
 .UNSPECIFIED.);
#144=B_SPLINE_CURVE_WITH_KNOTS('',3,(#3557,#3558,#3559,#3560),
 .UNSPECIFIED.,.F.,.F.,(4,4),(-0.409617017463163,-0.390227141088704),
 .UNSPECIFIED.);
#145=B_SPLINE_CURVE_WITH_KNOTS('',3,(#3580,#3581,#3582,#3583,#3584,#3585,
#3586,#3587,#3588,#3589,#3590,#3591,#3592,#3593,#3594,#3595,#3596,#3597,
#3598,#3599,#3600,#3601),.UNSPECIFIED.,.F.,.F.,(4,3,3,3,3,3,3,4),(0.311539061086841,
0.369059782765166,0.426731098082789,0.484009426599528,0.540250186834883,
0.559263224321657,0.61565258445389,0.62448225623499),.UNSPECIFIED.);
#146=B_SPLINE_CURVE_WITH_KNOTS('',3,(#3625,#3626,#3627,#3628,#3629,#3630,
#3631,#3632,#3633,#3634,#3635,#3636,#3637,#3638,#3639,#3640,#3641,#3642,
#3643),.UNSPECIFIED.,.F.,.F.,(4,3,3,3,3,3,4),(1.01150615862622,1.0303664051428,
1.08660647538295,1.14389640781511,1.20140602021211,1.25860998858226,1.26834777979996),
 .UNSPECIFIED.);
#147=B_SPLINE_CURVE_WITH_KNOTS('',3,(#3661,#3662,#3663,#3664),
 .UNSPECIFIED.,.F.,.F.,(4,4),(-0.409617014830554,-0.390227138606616),
 .UNSPECIFIED.);
#148=B_SPLINE_CURVE_WITH_KNOTS('',3,(#3668,#3669,#3670,#3671),
 .UNSPECIFIED.,.F.,.F.,(4,4),(-0.0202178647232682,0.),.UNSPECIFIED.);
#149=B_SPLINE_CURVE_WITH_KNOTS('',3,(#3675,#3676,#3677,#3678),
 .UNSPECIFIED.,.F.,.F.,(4,4),(-0.409617019411968,-0.390227142940657),
 .UNSPECIFIED.);
#150=B_SPLINE_CURVE_WITH_KNOTS('',3,(#3682,#3683,#3684,#3685),
 .UNSPECIFIED.,.F.,.F.,(4,4),(-0.020217864723278,0.),.UNSPECIFIED.);
#151=B_SPLINE_CURVE_WITH_KNOTS('',3,(#3689,#3690,#3691,#3692),
 .UNSPECIFIED.,.F.,.F.,(4,4),(-0.409617019740352,-0.390227143251484),
 .UNSPECIFIED.);
#152=B_SPLINE_CURVE_WITH_KNOTS('',3,(#3696,#3697,#3698,#3699),
 .UNSPECIFIED.,.F.,.F.,(4,4),(-0.0202178647232595,0.),.UNSPECIFIED.);
#153=B_SPLINE_CURVE_WITH_KNOTS('',3,(#3703,#3704,#3705,#3706),
 .UNSPECIFIED.,.F.,.F.,(4,4),(-0.409617006836563,-0.390227131044321),
 .UNSPECIFIED.);
#154=B_SPLINE_CURVE_WITH_KNOTS('',3,(#3710,#3711,#3712,#3713),
 .UNSPECIFIED.,.F.,.F.,(4,4),(-0.0202178647232778,0.),.UNSPECIFIED.);
#155=B_SPLINE_CURVE_WITH_KNOTS('',3,(#3721,#3722,#3723,#3724),
 .UNSPECIFIED.,.F.,.F.,(4,4),(-0.409617015766223,-0.39022713948254),
 .UNSPECIFIED.);
#156=B_SPLINE_CURVE_WITH_KNOTS('',3,(#3728,#3729,#3730,#3731),
 .UNSPECIFIED.,.F.,.F.,(4,4),(-0.0202178647077386,0.),.UNSPECIFIED.);
#157=B_SPLINE_CURVE_WITH_KNOTS('',3,(#3735,#3736,#3737,#3738),
 .UNSPECIFIED.,.F.,.F.,(4,4),(-0.409617012025436,-0.390227141251214),
 .UNSPECIFIED.);
#158=B_SPLINE_CURVE_WITH_KNOTS('',3,(#3742,#3743,#3744,#3745),
 .UNSPECIFIED.,.F.,.F.,(4,4),(-0.0202178647077674,0.),.UNSPECIFIED.);
#159=B_SPLINE_CURVE_WITH_KNOTS('',3,(#3749,#3750,#3751,#3752),
 .UNSPECIFIED.,.F.,.F.,(4,4),(-0.40961701681871,-0.390227140479245),
 .UNSPECIFIED.);
#160=B_SPLINE_CURVE_WITH_KNOTS('',3,(#3756,#3757,#3758,#3759),
 .UNSPECIFIED.,.F.,.F.,(4,4),(-0.0202178647077678,0.),.UNSPECIFIED.);
#161=B_SPLINE_CURVE_WITH_KNOTS('',3,(#3763,#3764,#3765,#3766),
 .UNSPECIFIED.,.F.,.F.,(4,4),(-0.409617019308814,-0.390227142834654),
 .UNSPECIFIED.);
#162=B_SPLINE_CURVE_WITH_KNOTS('',3,(#3770,#3771,#3772,#3773),
 .UNSPECIFIED.,.F.,.F.,(4,4),(-0.0202178647077688,0.),.UNSPECIFIED.);
#163=B_SPLINE_CURVE_WITH_KNOTS('',3,(#3781,#3782,#3783,#3784),
 .UNSPECIFIED.,.F.,.F.,(4,4),(17.9055700073303,18.0702752182072),
 .UNSPECIFIED.);
#164=B_SPLINE_CURVE_WITH_KNOTS('',3,(#3803,#3804,#3805,#3806,#3807,#3808,
#3809,#3810,#3811,#3812,#3813,#3814,#3815,#3816,#3817,#3818,#3819,#3820,
#3821,#3822),.UNSPECIFIED.,.F.,.F.,(4,2,2,2,2,2,2,2,2,4),(-0.482582582161417,
-0.366592799123342,-0.300294869840704,-0.26879272866497,-0.251759627699499,
-0.237745980293086,-0.221243104217927,-0.192915715357545,-0.0887133608409545,
0.),.UNSPECIFIED.);
#165=B_SPLINE_CURVE_WITH_KNOTS('',3,(#3823,#3824,#3825,#3826),
 .UNSPECIFIED.,.F.,.F.,(4,4),(126.964351755255,127.447621368553),
 .UNSPECIFIED.);
#166=B_SPLINE_CURVE_WITH_KNOTS('',3,(#3845,#3846,#3847,#3848,#3849,#3850,
#3851,#3852,#3853,#3854,#3855,#3856,#3857,#3858,#3859,#3860,#3861,#3862,
#3863,#3864),.UNSPECIFIED.,.F.,.F.,(4,2,2,2,2,2,2,2,2,4),(-0.482582582154972,
-0.366592799120144,-0.300294869839204,-0.268792728664349,-0.251759627699358,
-0.237745980293267,-0.221243104218253,-0.192915715357713,-0.0887133608410149,
0.),.UNSPECIFIED.);
#167=B_SPLINE_CURVE_WITH_KNOTS('',3,(#3865,#3866,#3867,#3868),
 .UNSPECIFIED.,.F.,.F.,(4,4),(127.529053630296,128.012313885188),
 .UNSPECIFIED.);
#168=B_SPLINE_CURVE_WITH_KNOTS('',3,(#3886,#3887,#3888,#3889),
 .UNSPECIFIED.,.F.,.F.,(4,4),(-0.0443063158963096,-0.0164943593676848),
 .UNSPECIFIED.);
#169=B_SPLINE_CURVE_WITH_KNOTS('',3,(#3890,#3891,#3892,#3893),
 .UNSPECIFIED.,.F.,.F.,(4,4),(128.093755667091,128.135406016308),
 .UNSPECIFIED.);
#170=B_SPLINE_CURVE_WITH_KNOTS('',3,(#3911,#3912,#3913,#3914,#3915,#3916,
#3917,#3918,#3919,#3920,#3921,#3922,#3923,#3924,#3925,#3926,#3927,#3928,
#3929,#3930,#3931,#3932),.UNSPECIFIED.,.F.,.F.,(4,3,3,3,3,3,3,4),(-0.312997373034003,
-0.255213669521009,-0.197884631083642,-0.162432495354001,-0.149526182005398,
-0.136991500427905,-0.0804747976259917,-0.0560760881650761),
 .UNSPECIFIED.);
#171=B_SPLINE_CURVE_WITH_KNOTS('',3,(#3933,#3934,#3935,#3936,#3937,#3938,
#3939,#3940,#3941,#3942,#3943,#3944,#3945,#3946,#3947,#3948,#3949,#3950,
#3951,#3952,#3953,#3954,#3955,#3956,#3957,#3958,#3959,#3960,#3961,#3962,
#3963,#3964,#3965,#3966,#3967,#3968,#3969,#3970,#3971,#3972,#3973,#3974,
#3975,#3976,#3977,#3978),.UNSPECIFIED.,.F.,.F.,(4,3,3,3,3,3,3,3,3,3,3,3,
3,3,3,4),(-0.48258258208647,-0.445556148778327,-0.408531273831513,-0.371639795716384,
-0.366592799074022,-0.324538537846965,-0.300294869795343,-0.268792728620288,
-0.251759627655143,-0.237745980248999,-0.221243104174124,-0.192915715314539,
-0.154504889916545,-0.116673807199286,-0.0887133608116364,-0.0632750562108745),
 .UNSPECIFIED.);
#172=B_SPLINE_CURVE_WITH_KNOTS('',3,(#3997,#3998,#3999,#4000),
 .UNSPECIFIED.,.F.,.F.,(4,4),(-0.0289084439942327,0.),.UNSPECIFIED.);
#173=B_SPLINE_CURVE_WITH_KNOTS('',3,(#4002,#4003,#4004,#4005),
 .UNSPECIFIED.,.F.,.F.,(4,4),(17.7824171387454,17.8240648285245),
 .UNSPECIFIED.);
#174=B_SPLINE_CURVE_WITH_KNOTS('',3,(#4006,#4007,#4008,#4009),
 .UNSPECIFIED.,.F.,.F.,(4,4),(-0.40961701545768,-0.390227139199524),
 .UNSPECIFIED.);
#175=B_SPLINE_CURVE_WITH_KNOTS('',3,(#4014,#4015,#4016,#4017),
 .UNSPECIFIED.,.F.,.F.,(4,4),(16.2114760218998,16.6946590576427),
 .UNSPECIFIED.);
#176=B_SPLINE_CURVE_WITH_KNOTS('',3,(#4023,#4024,#4025,#4026),
 .UNSPECIFIED.,.F.,.F.,(4,4),(15.6467772220843,16.1299562116462),
 .UNSPECIFIED.);
#177=B_SPLINE_CURVE_WITH_KNOTS('',3,(#4031,#4032,#4033,#4034),
 .UNSPECIFIED.,.F.,.F.,(4,4),(15.5236125839282,15.5652534258663),
 .UNSPECIFIED.);
#178=B_SPLINE_CURVE_WITH_KNOTS('',3,(#4053,#4054,#4055,#4056,#4057,#4058,
#4059,#4060,#4061,#4062,#4063,#4064,#4065,#4066,#4067,#4068,#4069,#4070,
#4071,#4072),.UNSPECIFIED.,.F.,.F.,(4,2,2,2,2,2,2,2,2,4),(-0.482582582078372,
-0.366592799829869,-0.30029487011816,-0.268792728758431,-0.251759627721463,
-0.237745980271092,-0.221243104161453,-0.192915715284596,-0.0887133611387722,
0.),.UNSPECIFIED.);
#179=B_SPLINE_CURVE_WITH_KNOTS('',3,(#4073,#4074,#4075,#4076),
 .UNSPECIFIED.,.F.,.F.,(4,4),(16.7761744341552,17.2593619086681),
 .UNSPECIFIED.);
#180=B_SPLINE_CURVE_WITH_KNOTS('',3,(#4093,#4094,#4095,#4096,#4097,#4098,
#4099,#4100,#4101,#4102,#4103,#4104,#4105,#4106,#4107,#4108,#4109,#4110,
#4111,#4112),.UNSPECIFIED.,.F.,.F.,(4,2,2,2,2,2,2,2,2,4),(-0.482582582079195,
-0.366592799830542,-0.300294870118654,-0.268792728758942,-0.251759627721941,
-0.237745980271415,-0.221243104161651,-0.192915715284785,-0.0887133611388369,
0.),.UNSPECIFIED.);
#181=B_SPLINE_CURVE_WITH_KNOTS('',3,(#4129,#4130,#4131,#4132,#4133,#4134,
#4135,#4136,#4137,#4138,#4139,#4140,#4141,#4142,#4143,#4144,#4145,#4146,
#4147,#4148),.UNSPECIFIED.,.F.,.F.,(4,2,2,2,2,2,2,2,2,4),(-0.482582582080927,
-0.366592799831301,-0.300294870118923,-0.26879272875895,-0.251759627721843,
-0.2377459802713,-0.22124310416151,-0.192915715284643,-0.0887133611387994,
0.),.UNSPECIFIED.);
#182=B_SPLINE_CURVE_WITH_KNOTS('',3,(#4165,#4166,#4167,#4168),
 .UNSPECIFIED.,.F.,.F.,(4,4),(-0.0289084439943649,0.),.UNSPECIFIED.);
#183=B_SPLINE_CURVE_WITH_KNOTS('',3,(#4187,#4188,#4189,#4190),
 .UNSPECIFIED.,.F.,.F.,(4,4),(-0.0443063098601364,-0.0164943533417261),
 .UNSPECIFIED.);
#184=B_SPLINE_CURVE_WITH_KNOTS('',3,(#4192,#4193,#4194,#4195),
 .UNSPECIFIED.,.F.,.F.,(4,4),(-0.0202178647077478,-7.57370550206668E-9),
 .UNSPECIFIED.);
#185=B_SPLINE_CURVE_WITH_KNOTS('',3,(#4196,#4197,#4198,#4199),
 .UNSPECIFIED.,.F.,.F.,(4,4),(17.3408724181663,17.3824233271971),
 .UNSPECIFIED.);
#186=B_SPLINE_CURVE_WITH_KNOTS('',3,(#4218,#4219,#4220,#4221,#4222,#4223,
#4224,#4225,#4226,#4227,#4228,#4229,#4230,#4231,#4232,#4233,#4234,#4235,
#4236,#4237),.UNSPECIFIED.,.F.,.F.,(4,2,2,2,2,2,2,2,2,4),(-0.482582582154507,
-0.366592799119612,-0.300294869838506,-0.268792728663582,-0.251759627698572,
-0.237745980292495,-0.221243104217554,-0.192915715357212,-0.0887133608408122,
0.),.UNSPECIFIED.);
#187=B_SPLINE_CURVE_WITH_KNOTS('',3,(#4238,#4239,#4240,#4241),
 .UNSPECIFIED.,.F.,.F.,(4,4),(129.223160273402,129.706395022618),
 .UNSPECIFIED.);
#188=B_SPLINE_CURVE_WITH_KNOTS('',3,(#4260,#4261,#4262,#4263,#4264,#4265,
#4266,#4267,#4268,#4269,#4270,#4271,#4272,#4273,#4274,#4275,#4276,#4277,
#4278,#4279),.UNSPECIFIED.,.F.,.F.,(4,2,2,2,2,2,2,2,2,4),(-0.482582582156077,
-0.366592799120583,-0.300294869839305,-0.26879272866423,-0.251759627699136,
-0.237745980293051,-0.221243104218121,-0.192915715357683,-0.0887133608410196,
0.),.UNSPECIFIED.);
#189=B_SPLINE_CURVE_WITH_KNOTS('',3,(#4280,#4281,#4282,#4283),
 .UNSPECIFIED.,.F.,.F.,(4,4),(129.787862766769,130.271089861505),
 .UNSPECIFIED.);
#190=B_SPLINE_CURVE_WITH_KNOTS('',3,(#4301,#4302,#4303,#4304),
 .UNSPECIFIED.,.F.,.F.,(4,4),(-0.0289084440059872,0.),.UNSPECIFIED.);
#191=B_SPLINE_CURVE_WITH_KNOTS('',3,(#4305,#4306,#4307,#4308),
 .UNSPECIFIED.,.F.,.F.,(4,4),(128.535515756515,128.577007019369),
 .UNSPECIFIED.);
#192=B_SPLINE_CURVE_WITH_KNOTS('',3,(#4327,#4328,#4329,#4330),
 .UNSPECIFIED.,.F.,.F.,(4,4),(-0.0443063158960716,-0.0164943593676156),
 .UNSPECIFIED.);
#193=B_SPLINE_CURVE_WITH_KNOTS('',3,(#4332,#4333,#4334,#4335),
 .UNSPECIFIED.,.F.,.F.,(4,4),(-0.0202178647232807,0.),.UNSPECIFIED.);
#194=B_SPLINE_CURVE_WITH_KNOTS('',3,(#4336,#4337,#4338,#4339),
 .UNSPECIFIED.,.F.,.F.,(4,4),(130.352565352794,130.394216482474),
 .UNSPECIFIED.);
#195=B_SPLINE_CURVE_WITH_KNOTS('',3,(#4344,#4345,#4346,#4347),
 .UNSPECIFIED.,.F.,.F.,(4,4),(13.9526786120938,14.4358480147762),
 .UNSPECIFIED.);
#196=B_SPLINE_CURVE_WITH_KNOTS('',3,(#4353,#4354,#4355,#4356),
 .UNSPECIFIED.,.F.,.F.,(4,4),(13.3879784184752,13.8711454563766),
 .UNSPECIFIED.);
#197=B_SPLINE_CURVE_WITH_KNOTS('',3,(#4361,#4362,#4363,#4364),
 .UNSPECIFIED.,.F.,.F.,(4,4),(15.0820780098956,15.1236540962593),
 .UNSPECIFIED.);
#198=B_SPLINE_CURVE_WITH_KNOTS('',3,(#4370,#4371,#4372,#4373),
 .UNSPECIFIED.,.F.,.F.,(4,4),(13.2648126196826,13.3064430282793),
 .UNSPECIFIED.);
#199=B_SPLINE_CURVE_WITH_KNOTS('',3,(#4392,#4393,#4394,#4395,#4396,#4397,
#4398,#4399,#4400,#4401,#4402,#4403,#4404,#4405,#4406,#4407,#4408,#4409,
#4410,#4411),.UNSPECIFIED.,.F.,.F.,(4,2,2,2,2,2,2,2,2,4),(-0.482582582155071,
-0.366592799120086,-0.300294869838942,-0.268792728663952,-0.251759627698897,
-0.237745980292806,-0.221243104217844,-0.192915715357406,-0.0887133608408926,
0.),.UNSPECIFIED.);
#200=B_SPLINE_CURVE_WITH_KNOTS('',3,(#4412,#4413,#4414,#4415),
 .UNSPECIFIED.,.F.,.F.,(4,4),(131.481970830797,131.96517752146),
 .UNSPECIFIED.);
#201=B_SPLINE_CURVE_WITH_KNOTS('',3,(#4434,#4435,#4436,#4437,#4438,#4439,
#4440,#4441,#4442,#4443,#4444,#4445,#4446,#4447,#4448,#4449,#4450,#4451,
#4452,#4453),.UNSPECIFIED.,.F.,.F.,(4,2,2,2,2,2,2,2,2,4),(-0.48258258215445,
-0.366592799119832,-0.300294869838964,-0.268792728664105,-0.251759627699099,
-0.237745980293015,-0.221243104218088,-0.192915715357705,-0.0887133608410358,
0.),.UNSPECIFIED.);
#202=B_SPLINE_CURVE_WITH_KNOTS('',3,(#4454,#4455,#4456,#4457),
 .UNSPECIFIED.,.F.,.F.,(4,4),(132.046673653252,132.529874382933),
 .UNSPECIFIED.);
#203=B_SPLINE_CURVE_WITH_KNOTS('',3,(#4476,#4477,#4478,#4479),
 .UNSPECIFIED.,.F.,.F.,(4,4),(-0.0289084440058298,0.),.UNSPECIFIED.);
#204=B_SPLINE_CURVE_WITH_KNOTS('',3,(#4481,#4482,#4483,#4484),
 .UNSPECIFIED.,.F.,.F.,(4,4),(130.794267398509,130.835785249643),
 .UNSPECIFIED.);
#205=B_SPLINE_CURVE_WITH_KNOTS('',3,(#4485,#4486,#4487,#4488),
 .UNSPECIFIED.,.F.,.F.,(4,4),(-0.409617027289702,-0.390227150384877),
 .UNSPECIFIED.);
#206=B_SPLINE_CURVE_WITH_KNOTS('',3,(#4506,#4507,#4508,#4509),
 .UNSPECIFIED.,.F.,.F.,(4,4),(-0.044306315896105,-0.0164943593675595),
 .UNSPECIFIED.);
#207=B_SPLINE_CURVE_WITH_KNOTS('',3,(#4510,#4511,#4512,#4513),
 .UNSPECIFIED.,.F.,.F.,(4,4),(132.611376496154,132.653024838819),
 .UNSPECIFIED.);
#208=B_SPLINE_CURVE_WITH_KNOTS('',3,(#4530,#4531,#4532,#4533,#4534,#4535,
#4536,#4537,#4538,#4539,#4540,#4541,#4542,#4543,#4544,#4545,#4546,#4547,
#4548,#4549),.UNSPECIFIED.,.F.,.F.,(4,2,2,2,2,2,2,2,2,4),(-0.482582582084229,
-0.366592799072752,-0.300294869794619,-0.268792728619781,-0.25175962765475,
-0.237745980248699,-0.221243104173847,-0.192915715314159,-0.0887133608114865,
0.),.UNSPECIFIED.);
#209=B_SPLINE_CURVE_WITH_KNOTS('',3,(#4566,#4567,#4568,#4569,#4570,#4571,
#4572,#4573,#4574,#4575,#4576,#4577,#4578,#4579,#4580,#4581,#4582,#4583,
#4584,#4585),.UNSPECIFIED.,.F.,.F.,(4,2,2,2,2,2,2,2,2,4),(-0.482582582086673,
-0.366592799074089,-0.300294869795318,-0.268792728620229,-0.251759627655046,
-0.237745980248866,-0.221243104174012,-0.192915715314376,-0.0887133608115837,
0.),.UNSPECIFIED.);
#210=B_SPLINE_CURVE_WITH_KNOTS('',3,(#4602,#4603,#4604,#4605,#4606,#4607,
#4608,#4609,#4610,#4611,#4612,#4613,#4614,#4615,#4616,#4617,#4618,#4619,
#4620,#4621),.UNSPECIFIED.,.F.,.F.,(4,2,2,2,2,2,2,2,2,4),(-0.48258258208653,
-0.36659279907415,-0.300294869795495,-0.268792728620385,-0.251759627655223,
-0.237745980249127,-0.221243104174289,-0.192915715314564,-0.0887133608116595,
0.),.UNSPECIFIED.);
#211=B_SPLINE_CURVE_WITH_KNOTS('',3,(#4639,#4640,#4641,#4642),
 .UNSPECIFIED.,.F.,.F.,(4,4),(-0.0289084439942572,0.),.UNSPECIFIED.);
#212=B_SPLINE_CURVE_WITH_KNOTS('',3,(#4643,#4644,#4645,#4646),
 .UNSPECIFIED.,.F.,.F.,(4,4),(-0.409617025488006,-0.390227148688964),
 .UNSPECIFIED.);
#213=B_SPLINE_CURVE_WITH_KNOTS('',3,(#4663,#4664,#4665,#4666),
 .UNSPECIFIED.,.F.,.F.,(4,4),(-0.0443063158840433,-0.0164943593635527),
 .UNSPECIFIED.);
#214=B_SPLINE_CURVE_WITH_KNOTS('',3,(#4671,#4672,#4673,#4674),
 .UNSPECIFIED.,.F.,.F.,(4,4),(11.6938760636091,12.1770385558376),
 .UNSPECIFIED.);
#215=B_SPLINE_CURVE_WITH_KNOTS('',3,(#4680,#4681,#4682,#4683),
 .UNSPECIFIED.,.F.,.F.,(4,4),(11.1291747673992,11.6123365741834),
 .UNSPECIFIED.);
#216=B_SPLINE_CURVE_WITH_KNOTS('',3,(#4689,#4690,#4691,#4692),
 .UNSPECIFIED.,.F.,.F.,(4,4),(12.8232778777377,12.8648754656204),
 .UNSPECIFIED.);
#217=B_SPLINE_CURVE_WITH_KNOTS('',3,(#4697,#4698,#4699,#4700),
 .UNSPECIFIED.,.F.,.F.,(4,4),(11.0060184162364,11.047634792381),
 .UNSPECIFIED.);
#218=B_SPLINE_CURVE_WITH_KNOTS('',3,(#4717,#4718,#4719,#4720,#4721,#4722,
#4723,#4724,#4725,#4726,#4727,#4728,#4729,#4730,#4731,#4732,#4733,#4734,
#4735,#4736),.UNSPECIFIED.,.F.,.F.,(4,2,2,2,2,2,2,2,2,4),(-0.482582582087106,
-0.366592799074477,-0.300294869795561,-0.268792728620343,-0.251759627655129,
-0.237745980248975,-0.221243104174073,-0.192915715314393,-0.0887133608116125,
0.),.UNSPECIFIED.);
#219=B_SPLINE_CURVE_WITH_KNOTS('',3,(#4753,#4754,#4755,#4756,#4757,#4758,
#4759,#4760,#4761,#4762,#4763,#4764,#4765,#4766,#4767,#4768,#4769,#4770,
#4771,#4772),.UNSPECIFIED.,.F.,.F.,(4,2,2,2,2,2,2,2,2,4),(-0.48258258208776,
-0.366592799074696,-0.300294869795634,-0.268792728620367,-0.2517596276551,
-0.237745980248883,-0.221243104173967,-0.19291571531428,-0.0887133608115532,
0.),.UNSPECIFIED.);
#220=B_SPLINE_CURVE_WITH_KNOTS('',3,(#4789,#4790,#4791,#4792,#4793,#4794,
#4795,#4796,#4797,#4798,#4799,#4800,#4801,#4802,#4803,#4804,#4805,#4806,
#4807,#4808),.UNSPECIFIED.,.F.,.F.,(4,2,2,2,2,2,2,2,2,4),(-0.482582582085358,
-0.366592799073392,-0.300294869794992,-0.26879272862003,-0.251759627654909,
-0.237745980248766,-0.221243104173895,-0.19291571531429,-0.0887133608115509,
0.),.UNSPECIFIED.);
#221=B_SPLINE_CURVE_WITH_KNOTS('',3,(#4825,#4826,#4827,#4828),
 .UNSPECIFIED.,.F.,.F.,(4,4),(-0.0289084439941609,0.),.UNSPECIFIED.);
#222=B_SPLINE_CURVE_WITH_KNOTS('',3,(#4846,#4847,#4848,#4849),
 .UNSPECIFIED.,.F.,.F.,(4,4),(-0.0443063158839896,-0.0164943593635484),
 .UNSPECIFIED.);
#223=B_SPLINE_CURVE_WITH_KNOTS('',3,(#4850,#4851,#4852,#4853),
 .UNSPECIFIED.,.F.,.F.,(4,4),(-0.0202178647077607,0.),.UNSPECIFIED.);
#224=B_SPLINE_CURVE_WITH_KNOTS('',3,(#4872,#4873,#4874,#4875,#4876,#4877,
#4878,#4879,#4880,#4881,#4882,#4883,#4884,#4885,#4886,#4887,#4888,#4889,
#4890,#4891),.UNSPECIFIED.,.F.,.F.,(4,2,2,2,2,2,2,2,2,4),(-0.482582582149855,
-0.366592799704863,-0.300294870088585,-0.268792728770736,-0.25175962775007,
-0.237745980309625,-0.221243104207702,-0.192915715334062,-0.0887133610937239,
0.),.UNSPECIFIED.);
#225=B_SPLINE_CURVE_WITH_KNOTS('',3,(#4892,#4893,#4894,#4895),
 .UNSPECIFIED.,.F.,.F.,(4,4),(133.740782271284,134.223967673444),
 .UNSPECIFIED.);
#226=B_SPLINE_CURVE_WITH_KNOTS('',3,(#4914,#4915,#4916,#4917,#4918,#4919,
#4920,#4921,#4922,#4923,#4924,#4925,#4926,#4927,#4928,#4929,#4930,#4931,
#4932,#4933),.UNSPECIFIED.,.F.,.F.,(4,2,2,2,2,2,2,2,2,4),(-0.482582582149093,
-0.366592799704446,-0.300294870088365,-0.268792728770581,-0.251759627749982,
-0.237745980309613,-0.221243104207681,-0.192915715334051,-0.0887133610937274,
0.),.UNSPECIFIED.);
#227=B_SPLINE_CURVE_WITH_KNOTS('',3,(#4934,#4935,#4936,#4937),
 .UNSPECIFIED.,.F.,.F.,(4,4),(134.305485134038,134.788666261797),
 .UNSPECIFIED.);
#228=B_SPLINE_CURVE_WITH_KNOTS('',3,(#4955,#4956,#4957,#4958),
 .UNSPECIFIED.,.F.,.F.,(4,4),(-0.028908444006129,0.),.UNSPECIFIED.);
#229=B_SPLINE_CURVE_WITH_KNOTS('',3,(#4959,#4960,#4961,#4962),
 .UNSPECIFIED.,.F.,.F.,(4,4),(133.05302451503,133.094571729385),
 .UNSPECIFIED.);
#230=B_SPLINE_CURVE_WITH_KNOTS('',3,(#4981,#4982,#4983,#4984),
 .UNSPECIFIED.,.F.,.F.,(4,4),(-0.0443063158959936,-0.0164943593674707),
 .UNSPECIFIED.);
#231=B_SPLINE_CURVE_WITH_KNOTS('',3,(#4986,#4987,#4988,#4989),
 .UNSPECIFIED.,.F.,.F.,(4,4),(-0.0202178647232621,0.),.UNSPECIFIED.);
#232=B_SPLINE_CURVE_WITH_KNOTS('',3,(#4990,#4991,#4992,#4993),
 .UNSPECIFIED.,.F.,.F.,(4,4),(134.870187946138,134.911829926222),
 .UNSPECIFIED.);
#233=B_SPLINE_CURVE_WITH_KNOTS('',3,(#4998,#4999,#5000,#5001),
 .UNSPECIFIED.,.F.,.F.,(4,4),(9.43506954274753,9.91823183846562),
 .UNSPECIFIED.);
#234=B_SPLINE_CURVE_WITH_KNOTS('',3,(#5007,#5008,#5009,#5010),
 .UNSPECIFIED.,.F.,.F.,(4,4),(8.87036743377691,9.35353072348173),
 .UNSPECIFIED.);
#235=B_SPLINE_CURVE_WITH_KNOTS('',3,(#5015,#5016,#5017,#5018),
 .UNSPECIFIED.,.F.,.F.,(4,4),(10.5644731921927,10.6060886407604),
 .UNSPECIFIED.);
#236=B_SPLINE_CURVE_WITH_KNOTS('',3,(#5024,#5025,#5026,#5027),
 .UNSPECIFIED.,.F.,.F.,(4,4),(8.74723115125664,8.78882987781143),
 .UNSPECIFIED.);
#237=B_SPLINE_CURVE_WITH_KNOTS('',3,(#5046,#5047,#5048,#5049,#5050,#5051,
#5052,#5053,#5054,#5055,#5056,#5057,#5058,#5059,#5060,#5061,#5062,#5063,
#5064,#5065),.UNSPECIFIED.,.F.,.F.,(4,2,2,2,2,2,2,2,2,4),(-0.482582582154445,
-0.366592799120004,-0.300294869839058,-0.268792728664168,-0.251759627699144,
-0.237745980293008,-0.221243104217991,-0.192915715357581,-0.088713360840985,
0.),.UNSPECIFIED.);
#238=B_SPLINE_CURVE_WITH_KNOTS('',3,(#5066,#5067,#5068,#5069),
 .UNSPECIFIED.,.F.,.F.,(4,4),(135.999593439904,136.482764296527),
 .UNSPECIFIED.);
#239=B_SPLINE_CURVE_WITH_KNOTS('',3,(#5088,#5089,#5090,#5091,#5092,#5093,
#5094,#5095,#5096,#5097,#5098,#5099,#5100,#5101,#5102,#5103,#5104,#5105,
#5106,#5107),.UNSPECIFIED.,.F.,.F.,(4,2,2,2,2,2,2,2,2,4),(-0.482582582154853,
-0.366592799119839,-0.300294869838755,-0.268792728663788,-0.251759627698751,
-0.237745980292666,-0.221243104217701,-0.192915715357379,-0.0887133608408929,
0.),.UNSPECIFIED.);
#240=B_SPLINE_CURVE_WITH_KNOTS('',3,(#5108,#5109,#5110,#5111),
 .UNSPECIFIED.,.F.,.F.,(4,4),(136.56429605422,137.047464318299),
 .UNSPECIFIED.);
#241=B_SPLINE_CURVE_WITH_KNOTS('',3,(#5130,#5131,#5132,#5133),
 .UNSPECIFIED.,.F.,.F.,(4,4),(-0.0289084440059415,0.),.UNSPECIFIED.);
#242=B_SPLINE_CURVE_WITH_KNOTS('',3,(#5135,#5136,#5137,#5138),
 .UNSPECIFIED.,.F.,.F.,(4,4),(135.311792381307,135.353365271228),
 .UNSPECIFIED.);
#243=B_SPLINE_CURVE_WITH_KNOTS('',3,(#5139,#5140,#5141,#5142),
 .UNSPECIFIED.,.F.,.F.,(4,4),(-0.409617023388524,-0.390227146693864),
 .UNSPECIFIED.);
#244=B_SPLINE_CURVE_WITH_KNOTS('',3,(#5160,#5161,#5162,#5163),
 .UNSPECIFIED.,.F.,.F.,(4,4),(-0.0443063158959953,-0.0164943593674532),
 .UNSPECIFIED.);
#245=B_SPLINE_CURVE_WITH_KNOTS('',3,(#5164,#5165,#5166,#5167),
 .UNSPECIFIED.,.F.,.F.,(4,4),(137.128998547695,137.170630581195),
 .UNSPECIFIED.);
#246=B_SPLINE_CURVE_WITH_KNOTS('',3,(#5184,#5185,#5186,#5187,#5188,#5189,
#5190,#5191,#5192,#5193,#5194,#5195,#5196,#5197,#5198,#5199,#5200,#5201,
#5202,#5203),.UNSPECIFIED.,.F.,.F.,(4,2,2,2,2,2,2,2,2,4),(-0.482582582088739,
-0.366592799075252,-0.300294869795979,-0.268792728620596,-0.251759627655297,
-0.237745980249077,-0.221243104174128,-0.192915715314492,-0.0887133608116654,
0.),.UNSPECIFIED.);
#247=B_SPLINE_CURVE_WITH_KNOTS('',3,(#5220,#5221,#5222,#5223,#5224,#5225,
#5226,#5227,#5228,#5229,#5230,#5231,#5232,#5233,#5234,#5235,#5236,#5237,
#5238,#5239),.UNSPECIFIED.,.F.,.F.,(4,2,2,2,2,2,2,2,2,4),(-0.482582582086711,
-0.366592799074275,-0.300294869795592,-0.268792728620508,-0.251759627655357,
-0.237745980249218,-0.221243104174296,-0.192915715314602,-0.0887133608116896,
0.),.UNSPECIFIED.);
#248=B_SPLINE_CURVE_WITH_KNOTS('',3,(#5256,#5257,#5258,#5259,#5260,#5261,
#5262,#5263,#5264,#5265,#5266,#5267,#5268,#5269,#5270,#5271,#5272,#5273,
#5274,#5275),.UNSPECIFIED.,.F.,.F.,(4,2,2,2,2,2,2,2,2,4),(-0.482582582085777,
-0.366592799073653,-0.300294869795187,-0.268792728620212,-0.251759627655125,
-0.237745980249052,-0.221243104174195,-0.192915715314484,-0.0887133608116298,
0.),.UNSPECIFIED.);
#249=B_SPLINE_CURVE_WITH_KNOTS('',3,(#5293,#5294,#5295,#5296),
 .UNSPECIFIED.,.F.,.F.,(4,4),(-0.0289084439942753,0.),.UNSPECIFIED.);
#250=B_SPLINE_CURVE_WITH_KNOTS('',3,(#5297,#5298,#5299,#5300),
 .UNSPECIFIED.,.F.,.F.,(4,4),(-0.409617017697596,-0.390227141318833),
 .UNSPECIFIED.);
#251=B_SPLINE_CURVE_WITH_KNOTS('',3,(#5317,#5318,#5319,#5320),
 .UNSPECIFIED.,.F.,.F.,(4,4),(-0.0443063158840128,-0.0164943593635547),
 .UNSPECIFIED.);
#252=B_SPLINE_CURVE_WITH_KNOTS('',3,(#5325,#5326,#5327,#5328),
 .UNSPECIFIED.,.F.,.F.,(4,4),(7.17626021079017,7.65942902397636),
 .UNSPECIFIED.);
#253=B_SPLINE_CURVE_WITH_KNOTS('',3,(#5334,#5335,#5336,#5337),
 .UNSPECIFIED.,.F.,.F.,(4,4),(6.61155757811916,7.09472906674313),
 .UNSPECIFIED.);
#254=B_SPLINE_CURVE_WITH_KNOTS('',3,(#5343,#5344,#5345,#5346),
 .UNSPECIFIED.,.F.,.F.,(4,4),(8.30566511772488,8.34729480865843),
 .UNSPECIFIED.);
#255=B_SPLINE_CURVE_WITH_KNOTS('',3,(#5351,#5352,#5353,#5354),
 .UNSPECIFIED.,.F.,.F.,(4,4),(6.48845201117374,6.53002944872714),
 .UNSPECIFIED.);
#256=B_SPLINE_CURVE_WITH_KNOTS('',3,(#5371,#5372,#5373,#5374,#5375,#5376,
#5377,#5378,#5379,#5380,#5381,#5382,#5383,#5384,#5385,#5386,#5387,#5388,
#5389,#5390),.UNSPECIFIED.,.F.,.F.,(4,2,2,2,2,2,2,2,2,4),(-0.482582582086915,
-0.366592799074187,-0.300294869795377,-0.268792728620207,-0.251759627654995,
-0.237745980248815,-0.22124310417392,-0.192915715314301,-0.0887133608115623,
0.),.UNSPECIFIED.);
#257=B_SPLINE_CURVE_WITH_KNOTS('',3,(#5407,#5408,#5409,#5410,#5411,#5412,
#5413,#5414,#5415,#5416,#5417,#5418,#5419,#5420,#5421,#5422,#5423,#5424,
#5425,#5426),.UNSPECIFIED.,.F.,.F.,(4,2,2,2,2,2,2,2,2,4),(-0.482582582086313,
-0.366592799073941,-0.300294869795269,-0.268792728620164,-0.251759627655004,
-0.237745980248867,-0.221243104173965,-0.192915715314344,-0.0887133608115792,
0.),.UNSPECIFIED.);
#258=B_SPLINE_CURVE_WITH_KNOTS('',3,(#5443,#5444,#5445,#5446,#5447,#5448,
#5449,#5450,#5451,#5452,#5453,#5454,#5455,#5456,#5457,#5458,#5459,#5460,
#5461,#5462),.UNSPECIFIED.,.F.,.F.,(4,2,2,2,2,2,2,2,2,4),(-0.482582582085032,
-0.366592799073305,-0.300294869794986,-0.268792728620087,-0.251759627655022,
-0.237745980248915,-0.221243104174018,-0.192915715314376,-0.0887133608115954,
0.),.UNSPECIFIED.);
#259=B_SPLINE_CURVE_WITH_KNOTS('',3,(#5479,#5480,#5481,#5482),
 .UNSPECIFIED.,.F.,.F.,(4,4),(-0.0289084439942108,0.),.UNSPECIFIED.);
#260=B_SPLINE_CURVE_WITH_KNOTS('',3,(#5500,#5501,#5502,#5503),
 .UNSPECIFIED.,.F.,.F.,(4,4),(-0.0443063158840759,-0.0164943593635543),
 .UNSPECIFIED.);
#261=B_SPLINE_CURVE_WITH_KNOTS('',3,(#5504,#5505,#5506,#5507),
 .UNSPECIFIED.,.F.,.F.,(4,4),(-0.0202178647077668,0.),.UNSPECIFIED.);
#262=B_SPLINE_CURVE_WITH_KNOTS('',3,(#5526,#5527,#5528,#5529,#5530,#5531,
#5532,#5533,#5534,#5535,#5536,#5537,#5538,#5539,#5540,#5541,#5542,#5543,
#5544,#5545),.UNSPECIFIED.,.F.,.F.,(4,2,2,2,2,2,2,2,2,4),(-0.48258258215367,
-0.366592799119422,-0.300294869838637,-0.26879272866384,-0.251759627698902,
-0.237745980292905,-0.22124310421799,-0.192915715357521,-0.0887133608409612,
0.),.UNSPECIFIED.);
#263=B_SPLINE_CURVE_WITH_KNOTS('',3,(#5546,#5547,#5548,#5549),
 .UNSPECIFIED.,.F.,.F.,(4,4),(138.258403181329,138.741566216866),
 .UNSPECIFIED.);
#264=B_SPLINE_CURVE_WITH_KNOTS('',3,(#5568,#5569,#5570,#5571,#5572,#5573,
#5574,#5575,#5576,#5577,#5578,#5579,#5580,#5581,#5582,#5583,#5584,#5585,
#5586,#5587),.UNSPECIFIED.,.F.,.F.,(4,2,2,2,2,2,2,2,2,4),(-0.482582582156033,
-0.36659279912065,-0.300294869839316,-0.268792728664205,-0.251759627699104,
-0.237745980292996,-0.221243104218011,-0.192915715357622,-0.0887133608409986,
0.),.UNSPECIFIED.);
#265=B_SPLINE_CURVE_WITH_KNOTS('',3,(#5588,#5589,#5590,#5591),
 .UNSPECIFIED.,.F.,.F.,(4,4),(138.823105258135,139.306267380613),
 .UNSPECIFIED.);
#266=B_SPLINE_CURVE_WITH_KNOTS('',3,(#5609,#5610,#5611,#5612),
 .UNSPECIFIED.,.F.,.F.,(4,4),(-0.028908444005886,0.),.UNSPECIFIED.);
#267=B_SPLINE_CURVE_WITH_KNOTS('',3,(#5613,#5614,#5615,#5616),
 .UNSPECIFIED.,.F.,.F.,(4,4),(137.570569809218,137.612164696175),
 .UNSPECIFIED.);
#268=B_SPLINE_CURVE_WITH_KNOTS('',3,(#5635,#5636,#5637,#5638),
 .UNSPECIFIED.,.F.,.F.,(4,4),(-0.0443063158959958,-0.016494359367449),
 .UNSPECIFIED.);
#269=B_SPLINE_CURVE_WITH_KNOTS('',3,(#5640,#5641,#5642,#5643),
 .UNSPECIFIED.,.F.,.F.,(4,4),(-0.0202178647232629,0.),.UNSPECIFIED.);
#270=B_SPLINE_CURVE_WITH_KNOTS('',3,(#5644,#5645,#5646,#5647),
 .UNSPECIFIED.,.F.,.F.,(4,4),(139.387807144501,139.429425634413),
 .UNSPECIFIED.);
#271=B_SPLINE_CURVE_WITH_KNOTS('',3,(#5652,#5653,#5654,#5655),
 .UNSPECIFIED.,.F.,.F.,(4,4),(4.91744922555147,5.40063127886176),
 .UNSPECIFIED.);
#272=B_SPLINE_CURVE_WITH_KNOTS('',3,(#5661,#5662,#5663,#5664),
 .UNSPECIFIED.,.F.,.F.,(4,4),(4.35274635811364,4.83593277198149),
 .UNSPECIFIED.);
#273=B_SPLINE_CURVE_WITH_KNOTS('',3,(#5669,#5670,#5671,#5672),
 .UNSPECIFIED.,.F.,.F.,(4,4),(6.04685481419643,6.08849514745588),
 .UNSPECIFIED.);
#274=B_SPLINE_CURVE_WITH_KNOTS('',3,(#5678,#5679,#5680,#5681),
 .UNSPECIFIED.,.F.,.F.,(4,4),(4.22968219240983,4.27123467523903),
 .UNSPECIFIED.);
#275=B_SPLINE_CURVE_WITH_KNOTS('',3,(#5700,#5701,#5702,#5703,#5704,#5705,
#5706,#5707,#5708,#5709,#5710,#5711,#5712,#5713,#5714,#5715,#5716,#5717,
#5718,#5719),.UNSPECIFIED.,.F.,.F.,(4,2,2,2,2,2,2,2,2,4),(-0.482582582155228,
-0.366592799120064,-0.300294869838843,-0.268792728663799,-0.251759627698725,
-0.23774598029263,-0.221243104217697,-0.192915715357412,-0.0887133608409165,
0.),.UNSPECIFIED.);
#276=B_SPLINE_CURVE_WITH_KNOTS('',3,(#5720,#5721,#5722,#5723),
 .UNSPECIFIED.,.F.,.F.,(4,4),(140.517210338302,141.000372267361),
 .UNSPECIFIED.);
#277=B_SPLINE_CURVE_WITH_KNOTS('',3,(#5742,#5743,#5744,#5745,#5746,#5747,
#5748,#5749,#5750,#5751,#5752,#5753,#5754,#5755,#5756,#5757,#5758,#5759,
#5760,#5761),.UNSPECIFIED.,.F.,.F.,(4,2,2,2,2,2,2,2,2,4),(-0.482582582153929,
-0.366592799119469,-0.300294869838608,-0.26879272866379,-0.25175962769884,
-0.237745980292812,-0.221243104217877,-0.1929157153575,-0.0887133608409413,
0.),.UNSPECIFIED.);
#278=B_SPLINE_CURVE_WITH_KNOTS('',3,(#5762,#5763,#5764,#5765),
 .UNSPECIFIED.,.F.,.F.,(4,4),(141.0819115878,141.565074283099),
 .UNSPECIFIED.);
#279=B_SPLINE_CURVE_WITH_KNOTS('',3,(#5784,#5785,#5786,#5787),
 .UNSPECIFIED.,.F.,.F.,(4,4),(-0.0289084440058835,0.),.UNSPECIFIED.);
#280=B_SPLINE_CURVE_WITH_KNOTS('',3,(#5789,#5790,#5791,#5792),
 .UNSPECIFIED.,.F.,.F.,(4,4),(139.829355593008,139.8709688328),
 .UNSPECIFIED.);
#281=B_SPLINE_CURVE_WITH_KNOTS('',3,(#5793,#5794,#5795,#5796),
 .UNSPECIFIED.,.F.,.F.,(4,4),(-0.409617018242486,-0.390227141825698),
 .UNSPECIFIED.);
#282=B_SPLINE_CURVE_WITH_KNOTS('',3,(#5814,#5815,#5816,#5817),
 .UNSPECIFIED.,.F.,.F.,(4,4),(-0.0443063158959655,-0.0164943593674507),
 .UNSPECIFIED.);
#283=B_SPLINE_CURVE_WITH_KNOTS('',3,(#5818,#5819,#5820,#5821),
 .UNSPECIFIED.,.F.,.F.,(4,4),(141.646612577414,141.688213909297),
 .UNSPECIFIED.);
#284=B_SPLINE_CURVE_WITH_KNOTS('',3,(#5838,#5839,#5840,#5841,#5842,#5843,
#5844,#5845,#5846,#5847,#5848,#5849,#5850,#5851,#5852,#5853,#5854,#5855,
#5856,#5857),.UNSPECIFIED.,.F.,.F.,(4,2,2,2,2,2,2,2,2,4),(-0.482582582086644,
-0.366592799074198,-0.300294869795505,-0.268792728620425,-0.251759627655274,
-0.237745980249133,-0.221243104174214,-0.192915715314506,-0.0887133608116488,
0.),.UNSPECIFIED.);
#285=B_SPLINE_CURVE_WITH_KNOTS('',3,(#5874,#5875,#5876,#5877,#5878,#5879,
#5880,#5881,#5882,#5883,#5884,#5885,#5886,#5887,#5888,#5889,#5890,#5891,
#5892,#5893),.UNSPECIFIED.,.F.,.F.,(4,2,2,2,2,2,2,2,2,4),(-0.482582582087158,
-0.366592799074544,-0.300294869795727,-0.268792728620592,-0.251759627655397,
-0.23774598024922,-0.221243104174313,-0.192915715314601,-0.0887133608116902,
0.),.UNSPECIFIED.);
#286=B_SPLINE_CURVE_WITH_KNOTS('',3,(#5910,#5911,#5912,#5913,#5914,#5915,
#5916,#5917,#5918,#5919,#5920,#5921,#5922,#5923,#5924,#5925,#5926,#5927,
#5928,#5929),.UNSPECIFIED.,.F.,.F.,(4,2,2,2,2,2,2,2,2,4),(-0.482582582086587,
-0.366592799074125,-0.300294869795411,-0.268792728620288,-0.251759627655096,
-0.237745980248937,-0.22124310417406,-0.192915715314376,-0.0887133608115914,
0.),.UNSPECIFIED.);
#287=B_SPLINE_CURVE_WITH_KNOTS('',3,(#5947,#5948,#5949,#5950),
 .UNSPECIFIED.,.F.,.F.,(4,4),(-0.0289084439941996,0.),.UNSPECIFIED.);
#288=B_SPLINE_CURVE_WITH_KNOTS('',3,(#5951,#5952,#5953,#5954),
 .UNSPECIFIED.,.F.,.F.,(4,4),(-0.409617016297129,-0.390227139994232),
 .UNSPECIFIED.);
#289=B_SPLINE_CURVE_WITH_KNOTS('',3,(#5971,#5972,#5973,#5974),
 .UNSPECIFIED.,.F.,.F.,(4,4),(-0.0443063158840267,-0.0164943593635527),
 .UNSPECIFIED.);
#290=B_SPLINE_CURVE_WITH_KNOTS('',3,(#5979,#5980,#5981,#5982),
 .UNSPECIFIED.,.F.,.F.,(4,4),(2.65863774295255,3.14183977623308),
 .UNSPECIFIED.);
#291=B_SPLINE_CURVE_WITH_KNOTS('',3,(#5988,#5989,#5990,#5991),
 .UNSPECIFIED.,.F.,.F.,(4,4),(2.09393493021419,2.57714301418052),
 .UNSPECIFIED.);
#292=B_SPLINE_CURVE_WITH_KNOTS('',3,(#5997,#5998,#5999,#6000),
 .UNSPECIFIED.,.F.,.F.,(4,4),(3.78804343835906,3.82969082777573),
 .UNSPECIFIED.);
#293=B_SPLINE_CURVE_WITH_KNOTS('',3,(#6005,#6006,#6007,#6008),
 .UNSPECIFIED.,.F.,.F.,(4,4),(1.97092290295821,2.01244673477688),
 .UNSPECIFIED.);
#294=B_SPLINE_CURVE_WITH_KNOTS('',3,(#6025,#6026,#6027,#6028,#6029,#6030,
#6031,#6032,#6033,#6034,#6035,#6036,#6037,#6038,#6039,#6040,#6041,#6042,
#6043,#6044),.UNSPECIFIED.,.F.,.F.,(4,2,2,2,2,2,2,2,2,4),(-0.482582582086541,
-0.366592799074003,-0.300294869795268,-0.268792728620142,-0.251759627654966,
-0.23774598024883,-0.221243104173964,-0.192915715314351,-0.0887133608115717,
0.),.UNSPECIFIED.);
#295=B_SPLINE_CURVE_WITH_KNOTS('',3,(#6061,#6062,#6063,#6064,#6065,#6066,
#6067,#6068,#6069,#6070,#6071,#6072,#6073,#6074,#6075,#6076,#6077,#6078,
#6079,#6080),.UNSPECIFIED.,.F.,.F.,(4,2,2,2,2,2,2,2,2,4),(-0.482582582086671,
-0.366592799074181,-0.300294869795467,-0.26879272862037,-0.251759627655201,
-0.237745980249035,-0.221243104174119,-0.192915715314469,-0.0887133608116252,
0.),.UNSPECIFIED.);
#296=B_SPLINE_CURVE_WITH_KNOTS('',3,(#6097,#6098,#6099,#6100,#6101,#6102,
#6103,#6104,#6105,#6106,#6107,#6108,#6109,#6110,#6111,#6112,#6113,#6114,
#6115,#6116),.UNSPECIFIED.,.F.,.F.,(4,2,2,2,2,2,2,2,2,4),(-0.482582582086431,
-0.366592799074002,-0.300294869795338,-0.268792728620248,-0.251759627655076,
-0.237745980248935,-0.221243104174078,-0.192915715314411,-0.0887133608115995,
0.),.UNSPECIFIED.);
#297=B_SPLINE_CURVE_WITH_KNOTS('',3,(#6133,#6134,#6135,#6136),
 .UNSPECIFIED.,.F.,.F.,(4,4),(-0.0289084439941955,0.),.UNSPECIFIED.);
#298=B_SPLINE_CURVE_WITH_KNOTS('',3,(#6154,#6155,#6156,#6157),
 .UNSPECIFIED.,.F.,.F.,(4,4),(-0.0443063158840868,-0.0164943593636133),
 .UNSPECIFIED.);
#299=B_SPLINE_CURVE_WITH_KNOTS('',3,(#6158,#6159,#6160,#6161),
 .UNSPECIFIED.,.F.,.F.,(4,4),(-0.0202178647077683,0.),.UNSPECIFIED.);
#300=B_SPLINE_CURVE_WITH_KNOTS('',3,(#6180,#6181,#6182,#6183,#6184,#6185,
#6186,#6187,#6188,#6189,#6190,#6191,#6192,#6193,#6194,#6195,#6196,#6197,
#6198,#6199),.UNSPECIFIED.,.F.,.F.,(4,2,2,2,2,2,2,2,2,4),(-0.482582582154908,
-0.366592799119955,-0.30029486983883,-0.268792728663859,-0.25175962769883,
-0.237745980292761,-0.221243104217807,-0.19291571535744,-0.088713360840924,
0.),.UNSPECIFIED.);
#301=B_SPLINE_CURVE_WITH_KNOTS('',3,(#6200,#6201,#6202,#6203),
 .UNSPECIFIED.,.F.,.F.,(4,4),(142.776013750094,143.259181286139),
 .UNSPECIFIED.);
#302=B_SPLINE_CURVE_WITH_KNOTS('',3,(#6222,#6223,#6224,#6225),
 .UNSPECIFIED.,.F.,.F.,(4,4),(-0.0443063158959683,-0.0164943593674508),
 .UNSPECIFIED.);
#303=B_SPLINE_CURVE_WITH_KNOTS('',3,(#6227,#6228,#6229,#6230),
 .UNSPECIFIED.,.F.,.F.,(4,4),(-0.0202178647232693,0.),.UNSPECIFIED.);
#304=B_SPLINE_CURVE_WITH_KNOTS('',3,(#6231,#6232,#6233,#6234),
 .UNSPECIFIED.,.F.,.F.,(4,4),(143.90541369077,143.946994220679),
 .UNSPECIFIED.);
#305=B_SPLINE_CURVE_WITH_KNOTS('',3,(#6252,#6253,#6254,#6255),
 .UNSPECIFIED.,.F.,.F.,(4,4),(-0.0289084440058836,0.),.UNSPECIFIED.);
#306=B_SPLINE_CURVE_WITH_KNOTS('',3,(#6256,#6257,#6258,#6259),
 .UNSPECIFIED.,.F.,.F.,(4,4),(142.088148544404,142.129776515903),
 .UNSPECIFIED.);
#307=B_SPLINE_CURVE_WITH_KNOTS('',3,(#6278,#6279,#6280,#6281,#6282,#6283,
#6284,#6285,#6286,#6287,#6288,#6289,#6290,#6291,#6292,#6293,#6294,#6295,
#6296,#6297),.UNSPECIFIED.,.F.,.F.,(4,2,2,2,2,2,2,2,2,4),(-0.482582582155073,
-0.366592799120081,-0.300294869838932,-0.26879272866394,-0.251759627698889,
-0.237745980292798,-0.221243104217842,-0.192915715357473,-0.0887133608409391,
0.),.UNSPECIFIED.);
#308=B_SPLINE_CURVE_WITH_KNOTS('',3,(#6298,#6299,#6300,#6301),
 .UNSPECIFIED.,.F.,.F.,(4,4),(143.340713881382,143.823883880742),
 .UNSPECIFIED.);
#309=B_SPLINE_CURVE_WITH_KNOTS('',3,(#6306,#6307,#6308,#6309),
 .UNSPECIFIED.,.F.,.F.,(4,4),(0.399826918596519,0.883055697193935),
 .UNSPECIFIED.);
#310=B_SPLINE_CURVE_WITH_KNOTS('',3,(#6317,#6318,#6319,#6320),
 .UNSPECIFIED.,.F.,.F.,(4,4),(0.,0.318360976646715),.UNSPECIFIED.);
#311=B_SPLINE_CURVE_WITH_KNOTS('',3,(#6325,#6326,#6327,#6328),
 .UNSPECIFIED.,.F.,.F.,(4,4),(1.52923214538761,1.57088301412196),
 .UNSPECIFIED.);
#312=B_SPLINE_CURVE_WITH_KNOTS('',3,(#6345,#6346,#6347,#6348,#6349,#6350,
#6351,#6352,#6353,#6354,#6355,#6356,#6357,#6358,#6359,#6360,#6361,#6362,
#6363,#6364,#6365,#6366,#6367,#6368,#6369,#6370,#6371,#6372,#6373,#6374,
#6375,#6376,#6377,#6378,#6379,#6380,#6381,#6382,#6383,#6384,#6385,#6386,
#6387,#6388,#6389,#6390,#6391,#6392,#6393,#6394,#6395,#6396),
 .UNSPECIFIED.,.F.,.F.,(4,3,3,3,3,3,3,3,3,3,3,3,3,3,3,3,3,4),(-0.482419520381556,
-0.445726598533673,-0.409143325626213,-0.401583292906332,-0.362045398021015,
-0.322070796740733,-0.314903775612916,-0.275759361832089,-0.255319799882971,
-0.239282539930053,-0.221514406533146,-0.192435880473198,-0.153740555175598,
-0.115599095891551,-0.102374942248155,-0.0662980635933766,-0.0302234758289592,
0.),.UNSPECIFIED.);
#313=B_SPLINE_CURVE_WITH_KNOTS('',3,(#6413,#6414,#6415,#6416,#6417,#6418,
#6419,#6420,#6421,#6422,#6423,#6424,#6425,#6426,#6427,#6428,#6429,#6430,
#6431,#6432,#6433,#6434,#6435,#6436,#6437,#6438,#6439,#6440,#6441,#6442,
#6443,#6444,#6445,#6446,#6447,#6448,#6449,#6450,#6451,#6452,#6453,#6454,
#6455,#6456,#6457,#6458,#6459,#6460,#6461,#6462,#6463,#6464),
 .UNSPECIFIED.,.F.,.F.,(4,3,3,3,3,3,3,3,3,3,3,3,3,3,3,3,3,4),(-0.482419520381816,
-0.445726598530251,-0.409143325623279,-0.401583292906498,-0.362045398023612,
-0.322070796742994,-0.314903775612985,-0.275759361832113,-0.255319799882961,
-0.239282539930011,-0.221514406533102,-0.192435880473161,-0.153740555172933,
-0.11559909588902,-0.10237494224814,-0.0662980635947975,-0.0302234758309467,
0.),.UNSPECIFIED.);
#314=B_SPLINE_CURVE_WITH_KNOTS('',3,(#6481,#6482,#6483,#6484),
 .UNSPECIFIED.,.F.,.F.,(4,4),(-0.0632914609777009,0.),.UNSPECIFIED.);
#315=B_SPLINE_CURVE_WITH_KNOTS('',3,(#6501,#6502,#6503,#6504),
 .UNSPECIFIED.,.F.,.F.,(4,4),(-0.0443063158841693,-0.0164943593636939),
 .UNSPECIFIED.);
#316=B_SPLINE_CURVE_WITH_KNOTS('',3,(#6522,#6523,#6524,#6525,#6526,#6527,
#6528,#6529,#6530,#6531,#6532,#6533,#6534,#6535,#6536,#6537,#6538,#6539,
#6540,#6541,#6542,#6543,#6544,#6545,#6546,#6547,#6548,#6549,#6550,#6551,
#6552,#6553,#6554,#6555,#6556,#6557,#6558,#6559,#6560,#6561,#6562,#6563,
#6564),.UNSPECIFIED.,.F.,.F.,(4,3,3,3,3,3,3,3,3,3,3,3,3,3,4),(-0.482418286036885,
-0.445818422364386,-0.426044194825337,-0.387477286418741,-0.348641060893408,
-0.32476876542603,-0.280387207737536,-0.257682592923438,-0.240447640847209,
-0.221922688691203,-0.192833001641519,-0.151872827067311,-0.113578855132725,
-0.110912652493103,-0.0795972525570372),.UNSPECIFIED.);
#317=B_SPLINE_CURVE_WITH_KNOTS('',3,(#6565,#6566,#6567,#6568),
 .UNSPECIFIED.,.F.,.F.,(4,4),(144.469557587969,144.561913765695),
 .UNSPECIFIED.);
#318=B_SPLINE_CURVE_WITH_KNOTS('',3,(#6606,#6607,#6608,#6609),
 .UNSPECIFIED.,.F.,.F.,(4,4),(-0.0795881283219856,0.),.UNSPECIFIED.);
#319=B_SPLINE_CURVE_WITH_KNOTS('',3,(#6629,#6630,#6631,#6632,#6633,#6634,
#6635,#6636,#6637,#6638,#6639,#6640,#6641,#6642,#6643,#6644,#6645,#6646,
#6647),.UNSPECIFIED.,.F.,.F.,(4,3,3,3,3,3,4),(-0.312297776816872,-0.255682914043217,
-0.198681686367895,-0.145693355231462,-0.0879251875410588,-0.0302293207557513,
0.),.UNSPECIFIED.);
#320=B_SPLINE_CURVE_WITH_KNOTS('',3,(#6648,#6649,#6650,#6651),
 .UNSPECIFIED.,.F.,.F.,(4,4),(126.49233570785,126.882929477698),
 .UNSPECIFIED.);
#321=CYLINDRICAL_SURFACE('',#2693,7.15);
#322=CYLINDRICAL_SURFACE('',#2694,7.15);
#323=CYLINDRICAL_SURFACE('',#2695,7.15);
#324=CYLINDRICAL_SURFACE('',#2696,7.15);
#325=CYLINDRICAL_SURFACE('',#2697,7.15);
#326=CYLINDRICAL_SURFACE('',#2698,7.15);
#327=CYLINDRICAL_SURFACE('',#2699,7.15);
#328=CYLINDRICAL_SURFACE('',#2708,7.15);
#329=CYLINDRICAL_SURFACE('',#2710,7.15);
#330=CYLINDRICAL_SURFACE('',#2711,7.15);
#331=CYLINDRICAL_SURFACE('',#2712,7.15);
#332=CYLINDRICAL_SURFACE('',#2713,7.15);
#333=CYLINDRICAL_SURFACE('',#2714,7.15);
#334=CYLINDRICAL_SURFACE('',#2715,7.15);
#335=CYLINDRICAL_SURFACE('',#2716,7.15);
#336=CYLINDRICAL_SURFACE('',#2717,7.15);
#337=CYLINDRICAL_SURFACE('',#2718,7.15);
#338=CYLINDRICAL_SURFACE('',#2719,7.15);
#339=CYLINDRICAL_SURFACE('',#2720,7.15);
#340=CYLINDRICAL_SURFACE('',#2721,7.15);
#341=CYLINDRICAL_SURFACE('',#2722,7.15);
#342=CYLINDRICAL_SURFACE('',#2723,7.15);
#343=CYLINDRICAL_SURFACE('',#2724,7.15);
#344=CYLINDRICAL_SURFACE('',#2725,7.15);
#345=CYLINDRICAL_SURFACE('',#2726,7.15);
#346=CYLINDRICAL_SURFACE('',#2727,7.15);
#347=CYLINDRICAL_SURFACE('',#2728,7.15);
#348=CYLINDRICAL_SURFACE('',#2729,7.15);
#349=CYLINDRICAL_SURFACE('',#2730,7.15);
#350=CYLINDRICAL_SURFACE('',#2731,7.15);
#351=CYLINDRICAL_SURFACE('',#2732,7.15);
#352=CYLINDRICAL_SURFACE('',#2733,7.15);
#353=CYLINDRICAL_SURFACE('',#2734,7.15);
#354=CYLINDRICAL_SURFACE('',#2735,7.15);
#355=CYLINDRICAL_SURFACE('',#2736,7.15);
#356=CYLINDRICAL_SURFACE('',#2737,7.15);
#357=CYLINDRICAL_SURFACE('',#2738,7.15);
#358=CYLINDRICAL_SURFACE('',#2739,7.15);
#359=CYLINDRICAL_SURFACE('',#2740,7.15);
#360=CYLINDRICAL_SURFACE('',#2741,7.15);
#361=CYLINDRICAL_SURFACE('',#2742,7.15);
#362=CYLINDRICAL_SURFACE('',#2750,7.15);
#363=CYLINDRICAL_SURFACE('',#2753,7.15);
#364=CYLINDRICAL_SURFACE('',#2758,7.15);
#365=(
BOUNDED_CURVE()
B_SPLINE_CURVE(2,(#3118,#3119,#3120),.UNSPECIFIED.,.F.,.F.)
B_SPLINE_CURVE_WITH_KNOTS((3,3),(0.00163833345783343,0.0194063713046864),
 .UNSPECIFIED.)
CURVE()
GEOMETRIC_REPRESENTATION_ITEM()
RATIONAL_B_SPLINE_CURVE((1.,1.,1.))
REPRESENTATION_ITEM('')
);
#366=(
BOUNDED_CURVE()
B_SPLINE_CURVE(2,(#3123,#3124,#3125),.UNSPECIFIED.,.F.,.F.)
B_SPLINE_CURVE_WITH_KNOTS((3,3),(0.00163833345783348,0.0194063713046865),
 .UNSPECIFIED.)
CURVE()
GEOMETRIC_REPRESENTATION_ITEM()
RATIONAL_B_SPLINE_CURVE((1.,1.,1.))
REPRESENTATION_ITEM('')
);
#367=(
BOUNDED_CURVE()
B_SPLINE_CURVE(2,(#3141,#3142,#3143),.UNSPECIFIED.,.F.,.F.)
B_SPLINE_CURVE_WITH_KNOTS((3,3),(0.00163833345783341,0.0194063713046864),
 .UNSPECIFIED.)
CURVE()
GEOMETRIC_REPRESENTATION_ITEM()
RATIONAL_B_SPLINE_CURVE((1.,1.,1.))
REPRESENTATION_ITEM('')
);
#368=(
BOUNDED_CURVE()
B_SPLINE_CURVE(2,(#3146,#3147,#3148),.UNSPECIFIED.,.F.,.F.)
B_SPLINE_CURVE_WITH_KNOTS((3,3),(0.00163833345783345,0.0194063713046864),
 .UNSPECIFIED.)
CURVE()
GEOMETRIC_REPRESENTATION_ITEM()
RATIONAL_B_SPLINE_CURVE((1.,1.,1.))
REPRESENTATION_ITEM('')
);
#369=CONICAL_SURFACE('',#2679,0.75,0.785398163397448);
#370=CONICAL_SURFACE('',#2685,0.75,0.785398163397448);
#371=FACE_OUTER_BOUND('',#527,.T.);
#372=FACE_OUTER_BOUND('',#528,.T.);
#373=FACE_OUTER_BOUND('',#529,.T.);
#374=FACE_OUTER_BOUND('',#530,.T.);
#375=FACE_OUTER_BOUND('',#531,.T.);
#376=FACE_OUTER_BOUND('',#532,.T.);
#377=FACE_OUTER_BOUND('',#533,.T.);
#378=FACE_OUTER_BOUND('',#534,.T.);
#379=FACE_OUTER_BOUND('',#535,.T.);
#380=FACE_OUTER_BOUND('',#536,.T.);
#381=FACE_OUTER_BOUND('',#537,.T.);
#382=FACE_OUTER_BOUND('',#538,.T.);
#383=FACE_OUTER_BOUND('',#539,.T.);
#384=FACE_OUTER_BOUND('',#540,.T.);
#385=FACE_OUTER_BOUND('',#541,.T.);
#386=FACE_OUTER_BOUND('',#542,.T.);
#387=FACE_OUTER_BOUND('',#543,.T.);
#388=FACE_OUTER_BOUND('',#544,.T.);
#389=FACE_OUTER_BOUND('',#545,.T.);
#390=FACE_OUTER_BOUND('',#546,.T.);
#391=FACE_OUTER_BOUND('',#547,.T.);
#392=FACE_OUTER_BOUND('',#548,.T.);
#393=FACE_OUTER_BOUND('',#549,.T.);
#394=FACE_OUTER_BOUND('',#550,.T.);
#395=FACE_OUTER_BOUND('',#551,.T.);
#396=FACE_OUTER_BOUND('',#552,.T.);
#397=FACE_OUTER_BOUND('',#553,.T.);
#398=FACE_OUTER_BOUND('',#554,.T.);
#399=FACE_OUTER_BOUND('',#557,.T.);
#400=FACE_OUTER_BOUND('',#558,.T.);
#401=FACE_OUTER_BOUND('',#559,.T.);
#402=FACE_OUTER_BOUND('',#560,.T.);
#403=FACE_OUTER_BOUND('',#561,.T.);
#404=FACE_OUTER_BOUND('',#562,.T.);
#405=FACE_OUTER_BOUND('',#563,.T.);
#406=FACE_OUTER_BOUND('',#564,.T.);
#407=FACE_OUTER_BOUND('',#565,.T.);
#408=FACE_OUTER_BOUND('',#566,.T.);
#409=FACE_OUTER_BOUND('',#567,.T.);
#410=FACE_OUTER_BOUND('',#568,.T.);
#411=FACE_OUTER_BOUND('',#569,.T.);
#412=FACE_OUTER_BOUND('',#570,.T.);
#413=FACE_OUTER_BOUND('',#571,.T.);
#414=FACE_OUTER_BOUND('',#572,.T.);
#415=FACE_OUTER_BOUND('',#573,.T.);
#416=FACE_OUTER_BOUND('',#574,.T.);
#417=FACE_OUTER_BOUND('',#575,.T.);
#418=FACE_OUTER_BOUND('',#576,.T.);
#419=FACE_OUTER_BOUND('',#577,.T.);
#420=FACE_OUTER_BOUND('',#578,.T.);
#421=FACE_OUTER_BOUND('',#579,.T.);
#422=FACE_OUTER_BOUND('',#580,.T.);
#423=FACE_OUTER_BOUND('',#581,.T.);
#424=FACE_OUTER_BOUND('',#582,.T.);
#425=FACE_OUTER_BOUND('',#583,.T.);
#426=FACE_OUTER_BOUND('',#584,.T.);
#427=FACE_OUTER_BOUND('',#585,.T.);
#428=FACE_OUTER_BOUND('',#586,.T.);
#429=FACE_OUTER_BOUND('',#587,.T.);
#430=FACE_OUTER_BOUND('',#588,.T.);
#431=FACE_OUTER_BOUND('',#589,.T.);
#432=FACE_OUTER_BOUND('',#590,.T.);
#433=FACE_OUTER_BOUND('',#591,.T.);
#434=FACE_OUTER_BOUND('',#592,.T.);
#435=FACE_OUTER_BOUND('',#593,.T.);
#436=FACE_OUTER_BOUND('',#594,.T.);
#437=FACE_OUTER_BOUND('',#595,.T.);
#438=FACE_OUTER_BOUND('',#596,.T.);
#439=FACE_OUTER_BOUND('',#597,.T.);
#440=FACE_OUTER_BOUND('',#598,.T.);
#441=FACE_OUTER_BOUND('',#599,.T.);
#442=FACE_OUTER_BOUND('',#600,.T.);
#443=FACE_OUTER_BOUND('',#601,.T.);
#444=FACE_OUTER_BOUND('',#602,.T.);
#445=FACE_OUTER_BOUND('',#603,.T.);
#446=FACE_OUTER_BOUND('',#604,.T.);
#447=FACE_OUTER_BOUND('',#605,.T.);
#448=FACE_OUTER_BOUND('',#606,.T.);
#449=FACE_OUTER_BOUND('',#607,.T.);
#450=FACE_OUTER_BOUND('',#608,.T.);
#451=FACE_OUTER_BOUND('',#609,.T.);
#452=FACE_OUTER_BOUND('',#610,.T.);
#453=FACE_OUTER_BOUND('',#611,.T.);
#454=FACE_OUTER_BOUND('',#612,.T.);
#455=FACE_OUTER_BOUND('',#613,.T.);
#456=FACE_OUTER_BOUND('',#614,.T.);
#457=FACE_OUTER_BOUND('',#615,.T.);
#458=FACE_OUTER_BOUND('',#616,.T.);
#459=FACE_OUTER_BOUND('',#617,.T.);
#460=FACE_OUTER_BOUND('',#618,.T.);
#461=FACE_OUTER_BOUND('',#619,.T.);
#462=FACE_OUTER_BOUND('',#620,.T.);
#463=FACE_OUTER_BOUND('',#621,.T.);
#464=FACE_OUTER_BOUND('',#622,.T.);
#465=FACE_OUTER_BOUND('',#623,.T.);
#466=FACE_OUTER_BOUND('',#624,.T.);
#467=FACE_OUTER_BOUND('',#625,.T.);
#468=FACE_OUTER_BOUND('',#626,.T.);
#469=FACE_OUTER_BOUND('',#627,.T.);
#470=FACE_OUTER_BOUND('',#628,.T.);
#471=FACE_OUTER_BOUND('',#629,.T.);
#472=FACE_OUTER_BOUND('',#630,.T.);
#473=FACE_OUTER_BOUND('',#631,.T.);
#474=FACE_OUTER_BOUND('',#632,.T.);
#475=FACE_OUTER_BOUND('',#633,.T.);
#476=FACE_OUTER_BOUND('',#634,.T.);
#477=FACE_OUTER_BOUND('',#635,.T.);
#478=FACE_OUTER_BOUND('',#636,.T.);
#479=FACE_OUTER_BOUND('',#637,.T.);
#480=FACE_OUTER_BOUND('',#638,.T.);
#481=FACE_OUTER_BOUND('',#639,.T.);
#482=FACE_OUTER_BOUND('',#640,.T.);
#483=FACE_OUTER_BOUND('',#641,.T.);
#484=FACE_OUTER_BOUND('',#642,.T.);
#485=FACE_OUTER_BOUND('',#643,.T.);
#486=FACE_OUTER_BOUND('',#644,.T.);
#487=FACE_OUTER_BOUND('',#645,.T.);
#488=FACE_OUTER_BOUND('',#646,.T.);
#489=FACE_OUTER_BOUND('',#647,.T.);
#490=FACE_OUTER_BOUND('',#648,.T.);
#491=FACE_OUTER_BOUND('',#649,.T.);
#492=FACE_OUTER_BOUND('',#650,.T.);
#493=FACE_OUTER_BOUND('',#651,.T.);
#494=FACE_OUTER_BOUND('',#652,.T.);
#495=FACE_OUTER_BOUND('',#653,.T.);
#496=FACE_OUTER_BOUND('',#654,.T.);
#497=FACE_OUTER_BOUND('',#655,.T.);
#498=FACE_OUTER_BOUND('',#656,.T.);
#499=FACE_OUTER_BOUND('',#657,.T.);
#500=FACE_OUTER_BOUND('',#658,.T.);
#501=FACE_OUTER_BOUND('',#659,.T.);
#502=FACE_OUTER_BOUND('',#660,.T.);
#503=FACE_OUTER_BOUND('',#661,.T.);
#504=FACE_OUTER_BOUND('',#662,.T.);
#505=FACE_OUTER_BOUND('',#663,.T.);
#506=FACE_OUTER_BOUND('',#664,.T.);
#507=FACE_OUTER_BOUND('',#665,.T.);
#508=FACE_OUTER_BOUND('',#666,.T.);
#509=FACE_OUTER_BOUND('',#667,.T.);
#510=FACE_OUTER_BOUND('',#672,.T.);
#511=FACE_OUTER_BOUND('',#677,.T.);
#512=FACE_OUTER_BOUND('',#682,.T.);
#513=FACE_OUTER_BOUND('',#687,.T.);
#514=FACE_OUTER_BOUND('',#688,.T.);
#515=FACE_OUTER_BOUND('',#689,.T.);
#516=FACE_OUTER_BOUND('',#693,.T.);
#517=FACE_OUTER_BOUND('',#694,.T.);
#518=FACE_OUTER_BOUND('',#695,.T.);
#519=FACE_OUTER_BOUND('',#696,.T.);
#520=FACE_OUTER_BOUND('',#697,.T.);
#521=FACE_OUTER_BOUND('',#698,.T.);
#522=FACE_OUTER_BOUND('',#699,.T.);
#523=FACE_OUTER_BOUND('',#700,.T.);
#524=FACE_OUTER_BOUND('',#701,.T.);
#525=FACE_OUTER_BOUND('',#705,.T.);
#526=FACE_OUTER_BOUND('',#706,.T.);
#527=EDGE_LOOP('',(#1705,#1706,#1707));
#528=EDGE_LOOP('',(#1708,#1709,#1710,#1711));
#529=EDGE_LOOP('',(#1712,#1713,#1714,#1715));
#530=EDGE_LOOP('',(#1716,#1717,#1718,#1719));
#531=EDGE_LOOP('',(#1720,#1721,#1722));
#532=EDGE_LOOP('',(#1723,#1724,#1725,#1726));
#533=EDGE_LOOP('',(#1727,#1728,#1729,#1730));
#534=EDGE_LOOP('',(#1731,#1732,#1733,#1734));
#535=EDGE_LOOP('',(#1735,#1736,#1737));
#536=EDGE_LOOP('',(#1738,#1739,#1740,#1741));
#537=EDGE_LOOP('',(#1742,#1743,#1744,#1745));
#538=EDGE_LOOP('',(#1746,#1747,#1748,#1749));
#539=EDGE_LOOP('',(#1750,#1751,#1752,#1753));
#540=EDGE_LOOP('',(#1754,#1755,#1756,#1757));
#541=EDGE_LOOP('',(#1758,#1759,#1760,#1761));
#542=EDGE_LOOP('',(#1762,#1763,#1764,#1765));
#543=EDGE_LOOP('',(#1766,#1767,#1768,#1769));
#544=EDGE_LOOP('',(#1770,#1771,#1772,#1773));
#545=EDGE_LOOP('',(#1774,#1775,#1776,#1777));
#546=EDGE_LOOP('',(#1778,#1779));
#547=EDGE_LOOP('',(#1780,#1781));
#548=EDGE_LOOP('',(#1782,#1783));
#549=EDGE_LOOP('',(#1784,#1785));
#550=EDGE_LOOP('',(#1786,#1787));
#551=EDGE_LOOP('',(#1788,#1789));
#552=EDGE_LOOP('',(#1790,#1791));
#553=EDGE_LOOP('',(#1792,#1793,#1794));
#554=EDGE_LOOP('',(#1795,#1796,#1797,#1798,#1799,#1800,#1801,#1802,#1803,
#1804,#1805,#1806,#1807,#1808,#1809,#1810,#1811,#1812,#1813,#1814,#1815,
#1816,#1817,#1818));
#555=EDGE_LOOP('',(#1819,#1820,#1821));
#556=EDGE_LOOP('',(#1822,#1823,#1824,#1825,#1826,#1827));
#557=EDGE_LOOP('',(#1828,#1829,#1830,#1831));
#558=EDGE_LOOP('',(#1832,#1833,#1834,#1835,#1836,#1837,#1838,#1839,#1840,
#1841,#1842,#1843,#1844,#1845,#1846,#1847,#1848,#1849,#1850,#1851));
#559=EDGE_LOOP('',(#1852,#1853,#1854,#1855,#1856,#1857,#1858,#1859,#1860,
#1861,#1862,#1863,#1864,#1865,#1866,#1867,#1868,#1869,#1870,#1871));
#560=EDGE_LOOP('',(#1872,#1873,#1874));
#561=EDGE_LOOP('',(#1875,#1876));
#562=EDGE_LOOP('',(#1877,#1878));
#563=EDGE_LOOP('',(#1879,#1880,#1881));
#564=EDGE_LOOP('',(#1882,#1883,#1884));
#565=EDGE_LOOP('',(#1885,#1886,#1887));
#566=EDGE_LOOP('',(#1888,#1889,#1890,#1891));
#567=EDGE_LOOP('',(#1892,#1893,#1894,#1895));
#568=EDGE_LOOP('',(#1896,#1897,#1898,#1899));
#569=EDGE_LOOP('',(#1900,#1901));
#570=EDGE_LOOP('',(#1902,#1903));
#571=EDGE_LOOP('',(#1904,#1905));
#572=EDGE_LOOP('',(#1906,#1907,#1908));
#573=EDGE_LOOP('',(#1909,#1910,#1911));
#574=EDGE_LOOP('',(#1912,#1913));
#575=EDGE_LOOP('',(#1914,#1915));
#576=EDGE_LOOP('',(#1916,#1917,#1918));
#577=EDGE_LOOP('',(#1919,#1920,#1921));
#578=EDGE_LOOP('',(#1922,#1923,#1924,#1925));
#579=EDGE_LOOP('',(#1926,#1927,#1928,#1929));
#580=EDGE_LOOP('',(#1930,#1931,#1932,#1933));
#581=EDGE_LOOP('',(#1934,#1935,#1936,#1937));
#582=EDGE_LOOP('',(#1938,#1939));
#583=EDGE_LOOP('',(#1940,#1941));
#584=EDGE_LOOP('',(#1942,#1943,#1944));
#585=EDGE_LOOP('',(#1945,#1946,#1947));
#586=EDGE_LOOP('',(#1948,#1949));
#587=EDGE_LOOP('',(#1950,#1951));
#588=EDGE_LOOP('',(#1952,#1953));
#589=EDGE_LOOP('',(#1954,#1955,#1956));
#590=EDGE_LOOP('',(#1957,#1958,#1959));
#591=EDGE_LOOP('',(#1960,#1961,#1962,#1963));
#592=EDGE_LOOP('',(#1964,#1965,#1966,#1967));
#593=EDGE_LOOP('',(#1968,#1969,#1970,#1971));
#594=EDGE_LOOP('',(#1972,#1973,#1974,#1975));
#595=EDGE_LOOP('',(#1976,#1977));
#596=EDGE_LOOP('',(#1978,#1979));
#597=EDGE_LOOP('',(#1980,#1981));
#598=EDGE_LOOP('',(#1982,#1983,#1984));
#599=EDGE_LOOP('',(#1985,#1986,#1987));
#600=EDGE_LOOP('',(#1988,#1989));
#601=EDGE_LOOP('',(#1990,#1991));
#602=EDGE_LOOP('',(#1992,#1993,#1994));
#603=EDGE_LOOP('',(#1995,#1996,#1997));
#604=EDGE_LOOP('',(#1998,#1999,#2000,#2001));
#605=EDGE_LOOP('',(#2002,#2003,#2004,#2005));
#606=EDGE_LOOP('',(#2006,#2007,#2008,#2009));
#607=EDGE_LOOP('',(#2010,#2011,#2012,#2013));
#608=EDGE_LOOP('',(#2014,#2015));
#609=EDGE_LOOP('',(#2016,#2017));
#610=EDGE_LOOP('',(#2018,#2019,#2020));
#611=EDGE_LOOP('',(#2021,#2022,#2023));
#612=EDGE_LOOP('',(#2024,#2025));
#613=EDGE_LOOP('',(#2026,#2027));
#614=EDGE_LOOP('',(#2028,#2029));
#615=EDGE_LOOP('',(#2030,#2031,#2032));
#616=EDGE_LOOP('',(#2033,#2034,#2035));
#617=EDGE_LOOP('',(#2036,#2037,#2038,#2039));
#618=EDGE_LOOP('',(#2040,#2041,#2042,#2043));
#619=EDGE_LOOP('',(#2044,#2045,#2046,#2047));
#620=EDGE_LOOP('',(#2048,#2049,#2050,#2051));
#621=EDGE_LOOP('',(#2052,#2053));
#622=EDGE_LOOP('',(#2054,#2055));
#623=EDGE_LOOP('',(#2056,#2057));
#624=EDGE_LOOP('',(#2058,#2059,#2060));
#625=EDGE_LOOP('',(#2061,#2062,#2063));
#626=EDGE_LOOP('',(#2064,#2065));
#627=EDGE_LOOP('',(#2066,#2067));
#628=EDGE_LOOP('',(#2068,#2069,#2070));
#629=EDGE_LOOP('',(#2071,#2072,#2073));
#630=EDGE_LOOP('',(#2074,#2075,#2076,#2077));
#631=EDGE_LOOP('',(#2078,#2079,#2080,#2081));
#632=EDGE_LOOP('',(#2082,#2083,#2084,#2085));
#633=EDGE_LOOP('',(#2086,#2087,#2088,#2089));
#634=EDGE_LOOP('',(#2090,#2091));
#635=EDGE_LOOP('',(#2092,#2093));
#636=EDGE_LOOP('',(#2094,#2095,#2096));
#637=EDGE_LOOP('',(#2097,#2098,#2099));
#638=EDGE_LOOP('',(#2100,#2101));
#639=EDGE_LOOP('',(#2102,#2103));
#640=EDGE_LOOP('',(#2104,#2105));
#641=EDGE_LOOP('',(#2106,#2107,#2108));
#642=EDGE_LOOP('',(#2109,#2110,#2111));
#643=EDGE_LOOP('',(#2112,#2113,#2114,#2115));
#644=EDGE_LOOP('',(#2116,#2117,#2118,#2119));
#645=EDGE_LOOP('',(#2120,#2121,#2122,#2123));
#646=EDGE_LOOP('',(#2124,#2125,#2126,#2127));
#647=EDGE_LOOP('',(#2128,#2129));
#648=EDGE_LOOP('',(#2130,#2131));
#649=EDGE_LOOP('',(#2132,#2133));
#650=EDGE_LOOP('',(#2134,#2135,#2136));
#651=EDGE_LOOP('',(#2137,#2138,#2139));
#652=EDGE_LOOP('',(#2140,#2141));
#653=EDGE_LOOP('',(#2142,#2143,#2144));
#654=EDGE_LOOP('',(#2145,#2146,#2147));
#655=EDGE_LOOP('',(#2148,#2149));
#656=EDGE_LOOP('',(#2150,#2151,#2152,#2153));
#657=EDGE_LOOP('',(#2154,#2155,#2156,#2157));
#658=EDGE_LOOP('',(#2158,#2159,#2160,#2161,#2162));
#659=EDGE_LOOP('',(#2163,#2164,#2165,#2166));
#660=EDGE_LOOP('',(#2167,#2168));
#661=EDGE_LOOP('',(#2169,#2170));
#662=EDGE_LOOP('',(#2171,#2172,#2173));
#663=EDGE_LOOP('',(#2174,#2175,#2176));
#664=EDGE_LOOP('',(#2177,#2178,#2179));
#665=EDGE_LOOP('',(#2180,#2181,#2182,#2183));
#666=EDGE_LOOP('',(#2184,#2185,#2186));
#667=EDGE_LOOP('',(#2187,#2188,#2189,#2190));
#668=EDGE_LOOP('',(#2191,#2192,#2193,#2194));
#669=EDGE_LOOP('',(#2195,#2196,#2197,#2198));
#670=EDGE_LOOP('',(#2199,#2200,#2201,#2202));
#671=EDGE_LOOP('',(#2203,#2204,#2205,#2206));
#672=EDGE_LOOP('',(#2207,#2208,#2209,#2210));
#673=EDGE_LOOP('',(#2211,#2212,#2213,#2214));
#674=EDGE_LOOP('',(#2215,#2216,#2217,#2218));
#675=EDGE_LOOP('',(#2219,#2220,#2221,#2222));
#676=EDGE_LOOP('',(#2223,#2224,#2225,#2226));
#677=EDGE_LOOP('',(#2227,#2228,#2229,#2230));
#678=EDGE_LOOP('',(#2231,#2232,#2233,#2234));
#679=EDGE_LOOP('',(#2235,#2236,#2237,#2238));
#680=EDGE_LOOP('',(#2239,#2240,#2241,#2242));
#681=EDGE_LOOP('',(#2243,#2244,#2245,#2246));
#682=EDGE_LOOP('',(#2247,#2248,#2249,#2250));
#683=EDGE_LOOP('',(#2251,#2252,#2253,#2254));
#684=EDGE_LOOP('',(#2255,#2256,#2257,#2258));
#685=EDGE_LOOP('',(#2259,#2260,#2261,#2262));
#686=EDGE_LOOP('',(#2263,#2264,#2265,#2266));
#687=EDGE_LOOP('',(#2267,#2268,#2269,#2270,#2271,#2272,#2273,#2274,#2275,
#2276,#2277,#2278,#2279,#2280,#2281,#2282,#2283,#2284,#2285,#2286));
#688=EDGE_LOOP('',(#2287,#2288,#2289,#2290,#2291,#2292,#2293,#2294,#2295,
#2296,#2297,#2298,#2299,#2300,#2301,#2302,#2303,#2304,#2305,#2306));
#689=EDGE_LOOP('',(#2307,#2308,#2309,#2310,#2311,#2312,#2313,#2314,#2315,
#2316,#2317,#2318));
#690=EDGE_LOOP('',(#2319,#2320,#2321,#2322));
#691=EDGE_LOOP('',(#2323,#2324,#2325,#2326));
#692=EDGE_LOOP('',(#2327,#2328,#2329,#2330));
#693=EDGE_LOOP('',(#2331,#2332,#2333));
#694=EDGE_LOOP('',(#2334,#2335,#2336,#2337,#2338));
#695=EDGE_LOOP('',(#2339,#2340,#2341,#2342,#2343,#2344,#2345,#2346,#2347,
#2348,#2349,#2350,#2351,#2352,#2353,#2354,#2355,#2356,#2357,#2358));
#696=EDGE_LOOP('',(#2359,#2360,#2361,#2362));
#697=EDGE_LOOP('',(#2363,#2364,#2365,#2366,#2367,#2368,#2369,#2370,#2371,
#2372,#2373,#2374,#2375,#2376,#2377,#2378,#2379,#2380,#2381,#2382));
#698=EDGE_LOOP('',(#2383,#2384,#2385,#2386));
#699=EDGE_LOOP('',(#2387,#2388,#2389,#2390,#2391,#2392,#2393,#2394,#2395,
#2396,#2397,#2398,#2399,#2400,#2401,#2402,#2403,#2404,#2405,#2406));
#700=EDGE_LOOP('',(#2407,#2408,#2409,#2410));
#701=EDGE_LOOP('',(#2411,#2412,#2413,#2414,#2415,#2416,#2417,#2418,#2419,
#2420,#2421,#2422));
#702=EDGE_LOOP('',(#2423,#2424,#2425,#2426));
#703=EDGE_LOOP('',(#2427,#2428,#2429,#2430));
#704=EDGE_LOOP('',(#2431,#2432,#2433,#2434));
#705=EDGE_LOOP('',(#2435,#2436,#2437,#2438,#2439,#2440,#2441,#2442,#2443,
#2444,#2445,#2446,#2447,#2448,#2449,#2450,#2451,#2452,#2453,#2454));
#706=EDGE_LOOP('',(#2455,#2456,#2457,#2458,#2459,#2460,#2461,#2462,#2463,
#2464,#2465,#2466,#2467,#2468,#2469,#2470,#2471,#2472,#2473,#2474,#2475,
#2476,#2477,#2478));
#707=CIRCLE('',#2678,0.65);
#708=CIRCLE('',#2680,0.75);
#709=CIRCLE('',#2684,0.65);
#710=CIRCLE('',#2686,0.75);
#711=CIRCLE('',#2701,7.15);
#712=CIRCLE('',#2702,7.15);
#713=CIRCLE('',#2703,7.15);
#714=CIRCLE('',#2704,7.15);
#715=CIRCLE('',#2709,7.15);
#716=CIRCLE('',#2751,7.15);
#717=CIRCLE('',#2754,7.15);
#718=CIRCLE('',#2759,7.15);
#719=LINE('',#3112,#890);
#720=LINE('',#3115,#891);
#721=LINE('',#3128,#892);
#722=LINE('',#3129,#893);
#723=LINE('',#3131,#894);
#724=LINE('',#3135,#895);
#725=LINE('',#3138,#896);
#726=LINE('',#3150,#897);
#727=LINE('',#3151,#898);
#728=LINE('',#3153,#899);
#729=LINE('',#3157,#900);
#730=LINE('',#3159,#901);
#731=LINE('',#3160,#902);
#732=LINE('',#3163,#903);
#733=LINE('',#3165,#904);
#734=LINE('',#3166,#905);
#735=LINE('',#3169,#906);
#736=LINE('',#3170,#907);
#737=LINE('',#3172,#908);
#738=LINE('',#3176,#909);
#739=LINE('',#3183,#910);
#740=LINE('',#3191,#911);
#741=LINE('',#3198,#912);
#742=LINE('',#3206,#913);
#743=LINE('',#3213,#914);
#744=LINE('',#3221,#915);
#745=LINE('',#3228,#916);
#746=LINE('',#3236,#917);
#747=LINE('',#3243,#918);
#748=LINE('',#3251,#919);
#749=LINE('',#3258,#920);
#750=LINE('',#3266,#921);
#751=LINE('',#3273,#922);
#752=LINE('',#3566,#923);
#753=LINE('',#3568,#924);
#754=LINE('',#3570,#925);
#755=LINE('',#3574,#926);
#756=LINE('',#3576,#927);
#757=LINE('',#3603,#928);
#758=LINE('',#3605,#929);
#759=LINE('',#3607,#930);
#760=LINE('',#3609,#931);
#761=LINE('',#3611,#932);
#762=LINE('',#3613,#933);
#763=LINE('',#3615,#934);
#764=LINE('',#3617,#935);
#765=LINE('',#3619,#936);
#766=LINE('',#3621,#937);
#767=LINE('',#3623,#938);
#768=LINE('',#3647,#939);
#769=LINE('',#3648,#940);
#770=LINE('',#3652,#941);
#771=LINE('',#3653,#942);
#772=LINE('',#3654,#943);
#773=LINE('',#3657,#944);
#774=LINE('',#3659,#945);
#775=LINE('',#3666,#946);
#776=LINE('',#3673,#947);
#777=LINE('',#3680,#948);
#778=LINE('',#3687,#949);
#779=LINE('',#3694,#950);
#780=LINE('',#3701,#951);
#781=LINE('',#3708,#952);
#782=LINE('',#3714,#953);
#783=LINE('',#3717,#954);
#784=LINE('',#3719,#955);
#785=LINE('',#3726,#956);
#786=LINE('',#3733,#957);
#787=LINE('',#3740,#958);
#788=LINE('',#3747,#959);
#789=LINE('',#3754,#960);
#790=LINE('',#3761,#961);
#791=LINE('',#3768,#962);
#792=LINE('',#3774,#963);
#793=LINE('',#3780,#964);
#794=LINE('',#4012,#965);
#795=LINE('',#4018,#966);
#796=LINE('',#4021,#967);
#797=LINE('',#4027,#968);
#798=LINE('',#4030,#969);
#799=LINE('',#4342,#970);
#800=LINE('',#4348,#971);
#801=LINE('',#4351,#972);
#802=LINE('',#4357,#973);
#803=LINE('',#4360,#974);
#804=LINE('',#4367,#975);
#805=LINE('',#4369,#976);
#806=LINE('',#4669,#977);
#807=LINE('',#4675,#978);
#808=LINE('',#4678,#979);
#809=LINE('',#4684,#980);
#810=LINE('',#4687,#981);
#811=LINE('',#4693,#982);
#812=LINE('',#4696,#983);
#813=LINE('',#4996,#984);
#814=LINE('',#5002,#985);
#815=LINE('',#5005,#986);
#816=LINE('',#5011,#987);
#817=LINE('',#5014,#988);
#818=LINE('',#5021,#989);
#819=LINE('',#5023,#990);
#820=LINE('',#5323,#991);
#821=LINE('',#5329,#992);
#822=LINE('',#5332,#993);
#823=LINE('',#5338,#994);
#824=LINE('',#5341,#995);
#825=LINE('',#5347,#996);
#826=LINE('',#5350,#997);
#827=LINE('',#5650,#998);
#828=LINE('',#5656,#999);
#829=LINE('',#5659,#1000);
#830=LINE('',#5665,#1001);
#831=LINE('',#5668,#1002);
#832=LINE('',#5675,#1003);
#833=LINE('',#5677,#1004);
#834=LINE('',#5977,#1005);
#835=LINE('',#5983,#1006);
#836=LINE('',#5986,#1007);
#837=LINE('',#5992,#1008);
#838=LINE('',#5995,#1009);
#839=LINE('',#6001,#1010);
#840=LINE('',#6004,#1011);
#841=LINE('',#6304,#1012);
#842=LINE('',#6310,#1013);
#843=LINE('',#6312,#1014);
#844=LINE('',#6313,#1015);
#845=LINE('',#6315,#1016);
#846=LINE('',#6321,#1017);
#847=LINE('',#6324,#1018);
#848=LINE('',#6570,#1019);
#849=LINE('',#6571,#1020);
#850=LINE('',#6573,#1021);
#851=LINE('',#6577,#1022);
#852=LINE('',#6578,#1023);
#853=LINE('',#6579,#1024);
#854=LINE('',#6582,#1025);
#855=LINE('',#6583,#1026);
#856=LINE('',#6587,#1027);
#857=LINE('',#6588,#1028);
#858=LINE('',#6589,#1029);
#859=LINE('',#6592,#1030);
#860=LINE('',#6593,#1031);
#861=LINE('',#6595,#1032);
#862=LINE('',#6597,#1033);
#863=LINE('',#6601,#1034);
#864=LINE('',#6602,#1035);
#865=LINE('',#6604,#1036);
#866=LINE('',#6610,#1037);
#867=LINE('',#6611,#1038);
#868=LINE('',#6656,#1039);
#869=LINE('',#6657,#1040);
#870=LINE('',#6658,#1041);
#871=LINE('',#6659,#1042);
#872=LINE('',#6660,#1043);
#873=LINE('',#6661,#1044);
#874=LINE('',#6665,#1045);
#875=LINE('',#6668,#1046);
#876=LINE('',#6669,#1047);
#877=LINE('',#6672,#1048);
#878=LINE('',#6673,#1049);
#879=LINE('',#6676,#1050);
#880=LINE('',#6677,#1051);
#881=LINE('',#6678,#1052);
#882=LINE('',#6679,#1053);
#883=LINE('',#6680,#1054);
#884=LINE('',#6681,#1055);
#885=LINE('',#6685,#1056);
#886=LINE('',#6688,#1057);
#887=LINE('',#6689,#1058);
#888=LINE('',#6690,#1059);
#889=LINE('',#6692,#1060);
#890=VECTOR('',#2767,10.);
#891=VECTOR('',#2770,10.);
#892=VECTOR('',#2777,10.);
#893=VECTOR('',#2778,10.);
#894=VECTOR('',#2781,10.);
#895=VECTOR('',#2784,10.);
#896=VECTOR('',#2787,10.);
#897=VECTOR('',#2794,10.);
#898=VECTOR('',#2795,10.);
#899=VECTOR('',#2798,10.);
#900=VECTOR('',#2801,10.);
#901=VECTOR('',#2802,10.);
#902=VECTOR('',#2803,10.);
#903=VECTOR('',#2806,10.);
#904=VECTOR('',#2807,10.);
#905=VECTOR('',#2808,10.);
#906=VECTOR('',#2811,10.);
#907=VECTOR('',#2812,10.);
#908=VECTOR('',#2815,10.);
#909=VECTOR('',#2818,10.);
#910=VECTOR('',#2819,10.);
#911=VECTOR('',#2822,10.);
#912=VECTOR('',#2823,10.);
#913=VECTOR('',#2826,10.);
#914=VECTOR('',#2827,10.);
#915=VECTOR('',#2830,10.);
#916=VECTOR('',#2831,10.);
#917=VECTOR('',#2834,10.);
#918=VECTOR('',#2835,10.);
#919=VECTOR('',#2838,10.);
#920=VECTOR('',#2839,10.);
#921=VECTOR('',#2842,10.);
#922=VECTOR('',#2843,10.);
#923=VECTOR('',#2848,10.);
#924=VECTOR('',#2849,10.);
#925=VECTOR('',#2850,10.);
#926=VECTOR('',#2853,10.);
#927=VECTOR('',#2854,10.);
#928=VECTOR('',#2857,10.);
#929=VECTOR('',#2858,10.);
#930=VECTOR('',#2859,10.);
#931=VECTOR('',#2860,10.);
#932=VECTOR('',#2861,10.);
#933=VECTOR('',#2862,10.);
#934=VECTOR('',#2863,10.);
#935=VECTOR('',#2864,10.);
#936=VECTOR('',#2865,10.);
#937=VECTOR('',#2866,10.);
#938=VECTOR('',#2867,10.);
#939=VECTOR('',#2870,10.);
#940=VECTOR('',#2871,10.);
#941=VECTOR('',#2874,10.);
#942=VECTOR('',#2875,10.);
#943=VECTOR('',#2876,10.);
#944=VECTOR('',#2879,10.);
#945=VECTOR('',#2880,10.);
#946=VECTOR('',#2881,10.);
#947=VECTOR('',#2882,10.);
#948=VECTOR('',#2883,10.);
#949=VECTOR('',#2884,10.);
#950=VECTOR('',#2885,10.);
#951=VECTOR('',#2886,10.);
#952=VECTOR('',#2887,10.);
#953=VECTOR('',#2888,10.);
#954=VECTOR('',#2891,10.);
#955=VECTOR('',#2892,10.);
#956=VECTOR('',#2893,10.);
#957=VECTOR('',#2894,10.);
#958=VECTOR('',#2895,10.);
#959=VECTOR('',#2896,10.);
#960=VECTOR('',#2897,10.);
#961=VECTOR('',#2898,10.);
#962=VECTOR('',#2899,10.);
#963=VECTOR('',#2900,10.);
#964=VECTOR('',#2905,10.);
#965=VECTOR('',#2908,10.);
#966=VECTOR('',#2909,10.);
#967=VECTOR('',#2912,10.);
#968=VECTOR('',#2913,10.);
#969=VECTOR('',#2916,10.);
#970=VECTOR('',#2919,10.);
#971=VECTOR('',#2920,10.);
#972=VECTOR('',#2923,10.);
#973=VECTOR('',#2924,10.);
#974=VECTOR('',#2927,10.);
#975=VECTOR('',#2930,10.);
#976=VECTOR('',#2931,10.);
#977=VECTOR('',#2934,10.);
#978=VECTOR('',#2935,10.);
#979=VECTOR('',#2938,10.);
#980=VECTOR('',#2939,10.);
#981=VECTOR('',#2942,10.);
#982=VECTOR('',#2943,10.);
#983=VECTOR('',#2946,10.);
#984=VECTOR('',#2949,10.);
#985=VECTOR('',#2950,10.);
#986=VECTOR('',#2953,10.);
#987=VECTOR('',#2954,10.);
#988=VECTOR('',#2957,10.);
#989=VECTOR('',#2960,10.);
#990=VECTOR('',#2961,10.);
#991=VECTOR('',#2964,10.);
#992=VECTOR('',#2965,10.);
#993=VECTOR('',#2968,10.);
#994=VECTOR('',#2969,10.);
#995=VECTOR('',#2972,10.);
#996=VECTOR('',#2973,10.);
#997=VECTOR('',#2976,10.);
#998=VECTOR('',#2979,10.);
#999=VECTOR('',#2980,10.);
#1000=VECTOR('',#2983,10.);
#1001=VECTOR('',#2984,10.);
#1002=VECTOR('',#2987,10.);
#1003=VECTOR('',#2990,10.);
#1004=VECTOR('',#2991,10.);
#1005=VECTOR('',#2994,10.);
#1006=VECTOR('',#2995,10.);
#1007=VECTOR('',#2998,10.);
#1008=VECTOR('',#2999,10.);
#1009=VECTOR('',#3002,10.);
#1010=VECTOR('',#3003,10.);
#1011=VECTOR('',#3006,10.);
#1012=VECTOR('',#3009,10.);
#1013=VECTOR('',#3010,10.);
#1014=VECTOR('',#3013,10.);
#1015=VECTOR('',#3014,10.);
#1016=VECTOR('',#3017,10.);
#1017=VECTOR('',#3018,10.);
#1018=VECTOR('',#3021,10.);
#1019=VECTOR('',#3024,10.);
#1020=VECTOR('',#3025,10.);
#1021=VECTOR('',#3028,10.);
#1022=VECTOR('',#3031,10.);
#1023=VECTOR('',#3032,10.);
#1024=VECTOR('',#3033,10.);
#1025=VECTOR('',#3036,10.);
#1026=VECTOR('',#3037,10.);
#1027=VECTOR('',#3040,10.);
#1028=VECTOR('',#3041,10.);
#1029=VECTOR('',#3042,10.);
#1030=VECTOR('',#3045,10.);
#1031=VECTOR('',#3046,10.);
#1032=VECTOR('',#3049,10.);
#1033=VECTOR('',#3052,10.);
#1034=VECTOR('',#3055,10.);
#1035=VECTOR('',#3056,10.);
#1036=VECTOR('',#3057,10.);
#1037=VECTOR('',#3058,10.);
#1038=VECTOR('',#3059,10.);
#1039=VECTOR('',#3066,10.);
#1040=VECTOR('',#3067,10.);
#1041=VECTOR('',#3068,10.);
#1042=VECTOR('',#3069,10.);
#1043=VECTOR('',#3070,10.);
#1044=VECTOR('',#3071,10.);
#1045=VECTOR('',#3076,10.);
#1046=VECTOR('',#3079,10.);
#1047=VECTOR('',#3080,10.);
#1048=VECTOR('',#3083,10.);
#1049=VECTOR('',#3084,10.);
#1050=VECTOR('',#3087,10.);
#1051=VECTOR('',#3088,10.);
#1052=VECTOR('',#3089,10.);
#1053=VECTOR('',#3090,10.);
#1054=VECTOR('',#3091,10.);
#1055=VECTOR('',#3092,10.);
#1056=VECTOR('',#3097,10.);
#1057=VECTOR('',#3100,10.);
#1058=VECTOR('',#3101,10.);
#1059=VECTOR('',#3102,10.);
#1060=VECTOR('',#3105,10.);
#1061=VERTEX_POINT('',#3110);
#1062=VERTEX_POINT('',#3111);
#1063=VERTEX_POINT('',#3113);
#1064=VERTEX_POINT('',#3117);
#1065=VERTEX_POINT('',#3121);
#1066=VERTEX_POINT('',#3127);
#1067=VERTEX_POINT('',#3133);
#1068=VERTEX_POINT('',#3134);
#1069=VERTEX_POINT('',#3136);
#1070=VERTEX_POINT('',#3140);
#1071=VERTEX_POINT('',#3144);
#1072=VERTEX_POINT('',#3155);
#1073=VERTEX_POINT('',#3156);
#1074=VERTEX_POINT('',#3158);
#1075=VERTEX_POINT('',#3162);
#1076=VERTEX_POINT('',#3164);
#1077=VERTEX_POINT('',#3168);
#1078=VERTEX_POINT('',#3174);
#1079=VERTEX_POINT('',#3175);
#1080=VERTEX_POINT('',#3177);
#1081=VERTEX_POINT('',#3182);
#1082=VERTEX_POINT('',#3189);
#1083=VERTEX_POINT('',#3190);
#1084=VERTEX_POINT('',#3192);
#1085=VERTEX_POINT('',#3197);
#1086=VERTEX_POINT('',#3204);
#1087=VERTEX_POINT('',#3205);
#1088=VERTEX_POINT('',#3207);
#1089=VERTEX_POINT('',#3212);
#1090=VERTEX_POINT('',#3219);
#1091=VERTEX_POINT('',#3220);
#1092=VERTEX_POINT('',#3222);
#1093=VERTEX_POINT('',#3227);
#1094=VERTEX_POINT('',#3234);
#1095=VERTEX_POINT('',#3235);
#1096=VERTEX_POINT('',#3237);
#1097=VERTEX_POINT('',#3242);
#1098=VERTEX_POINT('',#3249);
#1099=VERTEX_POINT('',#3250);
#1100=VERTEX_POINT('',#3252);
#1101=VERTEX_POINT('',#3257);
#1102=VERTEX_POINT('',#3264);
#1103=VERTEX_POINT('',#3265);
#1104=VERTEX_POINT('',#3267);
#1105=VERTEX_POINT('',#3272);
#1106=VERTEX_POINT('',#3546);
#1107=VERTEX_POINT('',#3547);
#1108=VERTEX_POINT('',#3552);
#1109=VERTEX_POINT('',#3562);
#1110=VERTEX_POINT('',#3563);
#1111=VERTEX_POINT('',#3565);
#1112=VERTEX_POINT('',#3567);
#1113=VERTEX_POINT('',#3569);
#1114=VERTEX_POINT('',#3571);
#1115=VERTEX_POINT('',#3573);
#1116=VERTEX_POINT('',#3575);
#1117=VERTEX_POINT('',#3577);
#1118=VERTEX_POINT('',#3579);
#1119=VERTEX_POINT('',#3602);
#1120=VERTEX_POINT('',#3604);
#1121=VERTEX_POINT('',#3606);
#1122=VERTEX_POINT('',#3608);
#1123=VERTEX_POINT('',#3610);
#1124=VERTEX_POINT('',#3612);
#1125=VERTEX_POINT('',#3614);
#1126=VERTEX_POINT('',#3616);
#1127=VERTEX_POINT('',#3618);
#1128=VERTEX_POINT('',#3620);
#1129=VERTEX_POINT('',#3622);
#1130=VERTEX_POINT('',#3624);
#1131=VERTEX_POINT('',#3644);
#1132=VERTEX_POINT('',#3646);
#1133=VERTEX_POINT('',#3650);
#1134=VERTEX_POINT('',#3651);
#1135=VERTEX_POINT('',#3656);
#1136=VERTEX_POINT('',#3658);
#1137=VERTEX_POINT('',#3660);
#1138=VERTEX_POINT('',#3665);
#1139=VERTEX_POINT('',#3667);
#1140=VERTEX_POINT('',#3672);
#1141=VERTEX_POINT('',#3674);
#1142=VERTEX_POINT('',#3679);
#1143=VERTEX_POINT('',#3681);
#1144=VERTEX_POINT('',#3686);
#1145=VERTEX_POINT('',#3688);
#1146=VERTEX_POINT('',#3693);
#1147=VERTEX_POINT('',#3695);
#1148=VERTEX_POINT('',#3700);
#1149=VERTEX_POINT('',#3702);
#1150=VERTEX_POINT('',#3707);
#1151=VERTEX_POINT('',#3709);
#1152=VERTEX_POINT('',#3716);
#1153=VERTEX_POINT('',#3718);
#1154=VERTEX_POINT('',#3720);
#1155=VERTEX_POINT('',#3725);
#1156=VERTEX_POINT('',#3727);
#1157=VERTEX_POINT('',#3732);
#1158=VERTEX_POINT('',#3734);
#1159=VERTEX_POINT('',#3739);
#1160=VERTEX_POINT('',#3741);
#1161=VERTEX_POINT('',#3746);
#1162=VERTEX_POINT('',#3748);
#1163=VERTEX_POINT('',#3753);
#1164=VERTEX_POINT('',#3755);
#1165=VERTEX_POINT('',#3760);
#1166=VERTEX_POINT('',#3762);
#1167=VERTEX_POINT('',#3767);
#1168=VERTEX_POINT('',#3769);
#1169=VERTEX_POINT('',#3776);
#1170=VERTEX_POINT('',#3777);
#1171=VERTEX_POINT('',#3779);
#1172=VERTEX_POINT('',#3801);
#1173=VERTEX_POINT('',#3802);
#1174=VERTEX_POINT('',#3843);
#1175=VERTEX_POINT('',#3844);
#1176=VERTEX_POINT('',#3885);
#1177=VERTEX_POINT('',#3910);
#1178=VERTEX_POINT('',#3995);
#1179=VERTEX_POINT('',#3996);
#1180=VERTEX_POINT('',#4001);
#1181=VERTEX_POINT('',#4011);
#1182=VERTEX_POINT('',#4013);
#1183=VERTEX_POINT('',#4020);
#1184=VERTEX_POINT('',#4022);
#1185=VERTEX_POINT('',#4029);
#1186=VERTEX_POINT('',#4051);
#1187=VERTEX_POINT('',#4052);
#1188=VERTEX_POINT('',#4185);
#1189=VERTEX_POINT('',#4186);
#1190=VERTEX_POINT('',#4191);
#1191=VERTEX_POINT('',#4216);
#1192=VERTEX_POINT('',#4217);
#1193=VERTEX_POINT('',#4258);
#1194=VERTEX_POINT('',#4259);
#1195=VERTEX_POINT('',#4300);
#1196=VERTEX_POINT('',#4325);
#1197=VERTEX_POINT('',#4326);
#1198=VERTEX_POINT('',#4331);
#1199=VERTEX_POINT('',#4341);
#1200=VERTEX_POINT('',#4343);
#1201=VERTEX_POINT('',#4350);
#1202=VERTEX_POINT('',#4352);
#1203=VERTEX_POINT('',#4359);
#1204=VERTEX_POINT('',#4366);
#1205=VERTEX_POINT('',#4368);
#1206=VERTEX_POINT('',#4390);
#1207=VERTEX_POINT('',#4391);
#1208=VERTEX_POINT('',#4432);
#1209=VERTEX_POINT('',#4433);
#1210=VERTEX_POINT('',#4474);
#1211=VERTEX_POINT('',#4475);
#1212=VERTEX_POINT('',#4480);
#1213=VERTEX_POINT('',#4505);
#1214=VERTEX_POINT('',#4638);
#1215=VERTEX_POINT('',#4668);
#1216=VERTEX_POINT('',#4670);
#1217=VERTEX_POINT('',#4677);
#1218=VERTEX_POINT('',#4679);
#1219=VERTEX_POINT('',#4686);
#1220=VERTEX_POINT('',#4688);
#1221=VERTEX_POINT('',#4695);
#1222=VERTEX_POINT('',#4845);
#1223=VERTEX_POINT('',#4870);
#1224=VERTEX_POINT('',#4871);
#1225=VERTEX_POINT('',#4912);
#1226=VERTEX_POINT('',#4913);
#1227=VERTEX_POINT('',#4954);
#1228=VERTEX_POINT('',#4979);
#1229=VERTEX_POINT('',#4980);
#1230=VERTEX_POINT('',#4985);
#1231=VERTEX_POINT('',#4995);
#1232=VERTEX_POINT('',#4997);
#1233=VERTEX_POINT('',#5004);
#1234=VERTEX_POINT('',#5006);
#1235=VERTEX_POINT('',#5013);
#1236=VERTEX_POINT('',#5020);
#1237=VERTEX_POINT('',#5022);
#1238=VERTEX_POINT('',#5044);
#1239=VERTEX_POINT('',#5045);
#1240=VERTEX_POINT('',#5086);
#1241=VERTEX_POINT('',#5087);
#1242=VERTEX_POINT('',#5128);
#1243=VERTEX_POINT('',#5129);
#1244=VERTEX_POINT('',#5134);
#1245=VERTEX_POINT('',#5159);
#1246=VERTEX_POINT('',#5292);
#1247=VERTEX_POINT('',#5322);
#1248=VERTEX_POINT('',#5324);
#1249=VERTEX_POINT('',#5331);
#1250=VERTEX_POINT('',#5333);
#1251=VERTEX_POINT('',#5340);
#1252=VERTEX_POINT('',#5342);
#1253=VERTEX_POINT('',#5349);
#1254=VERTEX_POINT('',#5499);
#1255=VERTEX_POINT('',#5524);
#1256=VERTEX_POINT('',#5525);
#1257=VERTEX_POINT('',#5566);
#1258=VERTEX_POINT('',#5567);
#1259=VERTEX_POINT('',#5608);
#1260=VERTEX_POINT('',#5633);
#1261=VERTEX_POINT('',#5634);
#1262=VERTEX_POINT('',#5639);
#1263=VERTEX_POINT('',#5649);
#1264=VERTEX_POINT('',#5651);
#1265=VERTEX_POINT('',#5658);
#1266=VERTEX_POINT('',#5660);
#1267=VERTEX_POINT('',#5667);
#1268=VERTEX_POINT('',#5674);
#1269=VERTEX_POINT('',#5676);
#1270=VERTEX_POINT('',#5698);
#1271=VERTEX_POINT('',#5699);
#1272=VERTEX_POINT('',#5740);
#1273=VERTEX_POINT('',#5741);
#1274=VERTEX_POINT('',#5782);
#1275=VERTEX_POINT('',#5783);
#1276=VERTEX_POINT('',#5788);
#1277=VERTEX_POINT('',#5813);
#1278=VERTEX_POINT('',#5946);
#1279=VERTEX_POINT('',#5976);
#1280=VERTEX_POINT('',#5978);
#1281=VERTEX_POINT('',#5985);
#1282=VERTEX_POINT('',#5987);
#1283=VERTEX_POINT('',#5994);
#1284=VERTEX_POINT('',#5996);
#1285=VERTEX_POINT('',#6003);
#1286=VERTEX_POINT('',#6153);
#1287=VERTEX_POINT('',#6178);
#1288=VERTEX_POINT('',#6179);
#1289=VERTEX_POINT('',#6220);
#1290=VERTEX_POINT('',#6221);
#1291=VERTEX_POINT('',#6226);
#1292=VERTEX_POINT('',#6251);
#1293=VERTEX_POINT('',#6276);
#1294=VERTEX_POINT('',#6277);
#1295=VERTEX_POINT('',#6303);
#1296=VERTEX_POINT('',#6305);
#1297=VERTEX_POINT('',#6316);
#1298=VERTEX_POINT('',#6323);
#1299=VERTEX_POINT('',#6521);
#1300=VERTEX_POINT('',#6575);
#1301=VERTEX_POINT('',#6576);
#1302=VERTEX_POINT('',#6581);
#1303=VERTEX_POINT('',#6585);
#1304=VERTEX_POINT('',#6586);
#1305=VERTEX_POINT('',#6591);
#1306=VERTEX_POINT('',#6599);
#1307=VERTEX_POINT('',#6600);
#1308=VERTEX_POINT('',#6603);
#1309=VERTEX_POINT('',#6605);
#1310=VERTEX_POINT('',#6628);
#1311=VERTEX_POINT('',#6655);
#1312=VERTEX_POINT('',#6663);
#1313=VERTEX_POINT('',#6667);
#1314=VERTEX_POINT('',#6671);
#1315=VERTEX_POINT('',#6675);
#1316=VERTEX_POINT('',#6683);
#1317=VERTEX_POINT('',#6687);
#1318=EDGE_CURVE('',#1061,#1062,#719,.T.);
#1319=EDGE_CURVE('',#1063,#1061,#707,.T.);
#1320=EDGE_CURVE('',#1062,#1063,#720,.T.);
#1321=EDGE_CURVE('',#1064,#1061,#365,.T.);
#1322=EDGE_CURVE('',#1065,#1064,#708,.T.);
#1323=EDGE_CURVE('',#1065,#1063,#366,.T.);
#1324=EDGE_CURVE('',#1066,#1065,#721,.T.);
#1325=EDGE_CURVE('',#1066,#1062,#722,.T.);
#1326=EDGE_CURVE('',#1064,#1066,#723,.T.);
#1327=EDGE_CURVE('',#1067,#1068,#724,.T.);
#1328=EDGE_CURVE('',#1069,#1067,#709,.T.);
#1329=EDGE_CURVE('',#1068,#1069,#725,.T.);
#1330=EDGE_CURVE('',#1070,#1067,#367,.T.);
#1331=EDGE_CURVE('',#1071,#1070,#710,.T.);
#1332=EDGE_CURVE('',#1071,#1069,#368,.T.);
#1333=EDGE_CURVE('',#1066,#1071,#726,.T.);
#1334=EDGE_CURVE('',#1066,#1068,#727,.T.);
#1335=EDGE_CURVE('',#1070,#1066,#728,.T.);
#1336=EDGE_CURVE('',#1072,#1073,#729,.T.);
#1337=EDGE_CURVE('',#1074,#1072,#730,.T.);
#1338=EDGE_CURVE('',#1073,#1074,#731,.T.);
#1339=EDGE_CURVE('',#1075,#1072,#732,.T.);
#1340=EDGE_CURVE('',#1076,#1075,#733,.T.);
#1341=EDGE_CURVE('',#1076,#1074,#734,.T.);
#1342=EDGE_CURVE('',#1077,#1076,#735,.T.);
#1343=EDGE_CURVE('',#1077,#1073,#736,.T.);
#1344=EDGE_CURVE('',#1075,#1077,#737,.T.);
#1345=EDGE_CURVE('',#1078,#1079,#738,.T.);
#1346=EDGE_CURVE('',#1079,#1080,#121,.T.);
#1347=EDGE_CURVE('',#1080,#1081,#739,.T.);
#1348=EDGE_CURVE('',#1081,#1078,#122,.T.);
#1349=EDGE_CURVE('',#1082,#1083,#740,.T.);
#1350=EDGE_CURVE('',#1083,#1084,#123,.T.);
#1351=EDGE_CURVE('',#1084,#1085,#741,.T.);
#1352=EDGE_CURVE('',#1085,#1082,#124,.T.);
#1353=EDGE_CURVE('',#1086,#1087,#742,.T.);
#1354=EDGE_CURVE('',#1087,#1088,#125,.T.);
#1355=EDGE_CURVE('',#1088,#1089,#743,.T.);
#1356=EDGE_CURVE('',#1089,#1086,#126,.T.);
#1357=EDGE_CURVE('',#1090,#1091,#744,.T.);
#1358=EDGE_CURVE('',#1091,#1092,#127,.T.);
#1359=EDGE_CURVE('',#1092,#1093,#745,.T.);
#1360=EDGE_CURVE('',#1093,#1090,#128,.T.);
#1361=EDGE_CURVE('',#1094,#1095,#746,.T.);
#1362=EDGE_CURVE('',#1095,#1096,#129,.T.);
#1363=EDGE_CURVE('',#1096,#1097,#747,.T.);
#1364=EDGE_CURVE('',#1097,#1094,#130,.T.);
#1365=EDGE_CURVE('',#1098,#1099,#748,.T.);
#1366=EDGE_CURVE('',#1099,#1100,#131,.T.);
#1367=EDGE_CURVE('',#1100,#1101,#749,.T.);
#1368=EDGE_CURVE('',#1101,#1098,#132,.T.);
#1369=EDGE_CURVE('',#1102,#1103,#750,.T.);
#1370=EDGE_CURVE('',#1103,#1104,#133,.T.);
#1371=EDGE_CURVE('',#1104,#1105,#751,.T.);
#1372=EDGE_CURVE('',#1105,#1102,#134,.T.);
#1373=EDGE_CURVE('',#1081,#1078,#135,.T.);
#1374=EDGE_CURVE('',#1085,#1082,#136,.T.);
#1375=EDGE_CURVE('',#1089,#1086,#137,.T.);
#1376=EDGE_CURVE('',#1093,#1090,#138,.T.);
#1377=EDGE_CURVE('',#1097,#1094,#139,.T.);
#1378=EDGE_CURVE('',#1101,#1098,#140,.T.);
#1379=EDGE_CURVE('',#1105,#1102,#141,.T.);
#1380=EDGE_CURVE('',#1106,#1107,#142,.T.);
#1381=EDGE_CURVE('',#1108,#1107,#143,.T.);
#1382=EDGE_CURVE('',#1108,#1106,#144,.T.);
#1383=EDGE_CURVE('',#1109,#1110,#711,.T.);
#1384=EDGE_CURVE('',#1109,#1111,#752,.T.);
#1385=EDGE_CURVE('',#1111,#1112,#753,.T.);
#1386=EDGE_CURVE('',#1113,#1112,#754,.T.);
#1387=EDGE_CURVE('',#1114,#1113,#712,.T.);
#1388=EDGE_CURVE('',#1115,#1114,#755,.T.);
#1389=EDGE_CURVE('',#1116,#1115,#756,.T.);
#1390=EDGE_CURVE('',#1117,#1116,#713,.T.);
#1391=EDGE_CURVE('',#1117,#1118,#145,.T.);
#1392=EDGE_CURVE('',#1119,#1118,#757,.T.);
#1393=EDGE_CURVE('',#1120,#1119,#758,.T.);
#1394=EDGE_CURVE('',#1121,#1120,#759,.T.);
#1395=EDGE_CURVE('',#1122,#1121,#760,.T.);
#1396=EDGE_CURVE('',#1122,#1123,#761,.T.);
#1397=EDGE_CURVE('',#1123,#1124,#762,.T.);
#1398=EDGE_CURVE('',#1125,#1124,#763,.T.);
#1399=EDGE_CURVE('',#1126,#1125,#764,.T.);
#1400=EDGE_CURVE('',#1127,#1126,#765,.T.);
#1401=EDGE_CURVE('',#1128,#1127,#766,.T.);
#1402=EDGE_CURVE('',#1129,#1128,#767,.T.);
#1403=EDGE_CURVE('',#1129,#1130,#146,.T.);
#1404=EDGE_CURVE('',#1131,#1130,#714,.T.);
#1405=EDGE_CURVE('',#1132,#1131,#768,.T.);
#1406=EDGE_CURVE('',#1110,#1132,#769,.T.);
#1407=EDGE_CURVE('',#1133,#1134,#770,.T.);
#1408=EDGE_CURVE('',#1124,#1133,#771,.T.);
#1409=EDGE_CURVE('',#1123,#1134,#772,.T.);
#1410=EDGE_CURVE('',#1134,#1135,#773,.T.);
#1411=EDGE_CURVE('',#1122,#1136,#774,.T.);
#1412=EDGE_CURVE('',#1137,#1136,#147,.T.);
#1413=EDGE_CURVE('',#1138,#1137,#775,.T.);
#1414=EDGE_CURVE('',#1139,#1138,#148,.T.);
#1415=EDGE_CURVE('',#1139,#1140,#776,.T.);
#1416=EDGE_CURVE('',#1141,#1140,#149,.T.);
#1417=EDGE_CURVE('',#1142,#1141,#777,.T.);
#1418=EDGE_CURVE('',#1143,#1142,#150,.T.);
#1419=EDGE_CURVE('',#1143,#1144,#778,.T.);
#1420=EDGE_CURVE('',#1145,#1144,#151,.T.);
#1421=EDGE_CURVE('',#1146,#1145,#779,.T.);
#1422=EDGE_CURVE('',#1147,#1146,#152,.T.);
#1423=EDGE_CURVE('',#1147,#1148,#780,.T.);
#1424=EDGE_CURVE('',#1149,#1148,#153,.T.);
#1425=EDGE_CURVE('',#1150,#1149,#781,.T.);
#1426=EDGE_CURVE('',#1151,#1150,#154,.T.);
#1427=EDGE_CURVE('',#1151,#1135,#782,.T.);
#1428=EDGE_CURVE('',#1152,#1133,#783,.T.);
#1429=EDGE_CURVE('',#1152,#1153,#784,.T.);
#1430=EDGE_CURVE('',#1154,#1153,#155,.T.);
#1431=EDGE_CURVE('',#1155,#1154,#785,.T.);
#1432=EDGE_CURVE('',#1156,#1155,#156,.T.);
#1433=EDGE_CURVE('',#1156,#1157,#786,.T.);
#1434=EDGE_CURVE('',#1158,#1157,#157,.T.);
#1435=EDGE_CURVE('',#1159,#1158,#787,.T.);
#1436=EDGE_CURVE('',#1160,#1159,#158,.T.);
#1437=EDGE_CURVE('',#1160,#1161,#788,.T.);
#1438=EDGE_CURVE('',#1162,#1161,#159,.T.);
#1439=EDGE_CURVE('',#1163,#1162,#789,.T.);
#1440=EDGE_CURVE('',#1164,#1163,#160,.T.);
#1441=EDGE_CURVE('',#1164,#1165,#790,.T.);
#1442=EDGE_CURVE('',#1166,#1165,#161,.T.);
#1443=EDGE_CURVE('',#1167,#1166,#791,.T.);
#1444=EDGE_CURVE('',#1168,#1167,#162,.T.);
#1445=EDGE_CURVE('',#1168,#1125,#792,.T.);
#1446=EDGE_CURVE('',#1169,#1170,#715,.T.);
#1447=EDGE_CURVE('',#1169,#1171,#793,.T.);
#1448=EDGE_CURVE('',#1171,#1170,#163,.T.);
#1449=EDGE_CURVE('',#1172,#1173,#164,.T.);
#1450=EDGE_CURVE('',#1172,#1173,#165,.T.);
#1451=EDGE_CURVE('',#1174,#1175,#166,.T.);
#1452=EDGE_CURVE('',#1174,#1175,#167,.T.);
#1453=EDGE_CURVE('',#1176,#1151,#168,.T.);
#1454=EDGE_CURVE('',#1176,#1150,#169,.T.);
#1455=EDGE_CURVE('',#1170,#1177,#170,.T.);
#1456=EDGE_CURVE('',#1171,#1177,#171,.T.);
#1457=EDGE_CURVE('',#1178,#1179,#172,.T.);
#1458=EDGE_CURVE('',#1180,#1179,#173,.T.);
#1459=EDGE_CURVE('',#1180,#1178,#174,.T.);
#1460=EDGE_CURVE('',#1173,#1181,#794,.T.);
#1461=EDGE_CURVE('',#1181,#1182,#175,.T.);
#1462=EDGE_CURVE('',#1182,#1172,#795,.T.);
#1463=EDGE_CURVE('',#1175,#1183,#796,.T.);
#1464=EDGE_CURVE('',#1183,#1184,#176,.T.);
#1465=EDGE_CURVE('',#1184,#1174,#797,.T.);
#1466=EDGE_CURVE('',#1185,#1176,#798,.T.);
#1467=EDGE_CURVE('',#1149,#1185,#177,.T.);
#1468=EDGE_CURVE('',#1186,#1187,#178,.T.);
#1469=EDGE_CURVE('',#1186,#1187,#179,.T.);
#1470=EDGE_CURVE('',#1181,#1182,#180,.T.);
#1471=EDGE_CURVE('',#1183,#1184,#181,.T.);
#1472=EDGE_CURVE('',#1148,#1185,#182,.T.);
#1473=EDGE_CURVE('',#1188,#1189,#183,.T.);
#1474=EDGE_CURVE('',#1189,#1190,#184,.T.);
#1475=EDGE_CURVE('',#1188,#1190,#185,.T.);
#1476=EDGE_CURVE('',#1191,#1192,#186,.T.);
#1477=EDGE_CURVE('',#1191,#1192,#187,.T.);
#1478=EDGE_CURVE('',#1193,#1194,#188,.T.);
#1479=EDGE_CURVE('',#1193,#1194,#189,.T.);
#1480=EDGE_CURVE('',#1153,#1195,#190,.T.);
#1481=EDGE_CURVE('',#1154,#1195,#191,.T.);
#1482=EDGE_CURVE('',#1196,#1197,#192,.T.);
#1483=EDGE_CURVE('',#1197,#1198,#193,.T.);
#1484=EDGE_CURVE('',#1196,#1198,#194,.T.);
#1485=EDGE_CURVE('',#1192,#1199,#799,.T.);
#1486=EDGE_CURVE('',#1199,#1200,#195,.T.);
#1487=EDGE_CURVE('',#1200,#1191,#800,.T.);
#1488=EDGE_CURVE('',#1194,#1201,#801,.T.);
#1489=EDGE_CURVE('',#1201,#1202,#196,.T.);
#1490=EDGE_CURVE('',#1202,#1193,#802,.T.);
#1491=EDGE_CURVE('',#1195,#1203,#803,.T.);
#1492=EDGE_CURVE('',#1203,#1155,#197,.T.);
#1493=EDGE_CURVE('',#1204,#1196,#804,.T.);
#1494=EDGE_CURVE('',#1198,#1205,#805,.T.);
#1495=EDGE_CURVE('',#1205,#1204,#198,.T.);
#1496=EDGE_CURVE('',#1206,#1207,#199,.T.);
#1497=EDGE_CURVE('',#1206,#1207,#200,.T.);
#1498=EDGE_CURVE('',#1208,#1209,#201,.T.);
#1499=EDGE_CURVE('',#1208,#1209,#202,.T.);
#1500=EDGE_CURVE('',#1210,#1211,#203,.T.);
#1501=EDGE_CURVE('',#1212,#1211,#204,.T.);
#1502=EDGE_CURVE('',#1212,#1210,#205,.T.);
#1503=EDGE_CURVE('',#1213,#1147,#206,.T.);
#1504=EDGE_CURVE('',#1213,#1146,#207,.T.);
#1505=EDGE_CURVE('',#1079,#1080,#208,.T.);
#1506=EDGE_CURVE('',#1199,#1200,#209,.T.);
#1507=EDGE_CURVE('',#1201,#1202,#210,.T.);
#1508=EDGE_CURVE('',#1214,#1204,#211,.T.);
#1509=EDGE_CURVE('',#1205,#1214,#212,.T.);
#1510=EDGE_CURVE('',#1203,#1156,#213,.T.);
#1511=EDGE_CURVE('',#1207,#1215,#806,.T.);
#1512=EDGE_CURVE('',#1215,#1216,#214,.T.);
#1513=EDGE_CURVE('',#1216,#1206,#807,.T.);
#1514=EDGE_CURVE('',#1209,#1217,#808,.T.);
#1515=EDGE_CURVE('',#1217,#1218,#215,.T.);
#1516=EDGE_CURVE('',#1218,#1208,#809,.T.);
#1517=EDGE_CURVE('',#1211,#1219,#810,.T.);
#1518=EDGE_CURVE('',#1219,#1220,#216,.T.);
#1519=EDGE_CURVE('',#1220,#1212,#811,.T.);
#1520=EDGE_CURVE('',#1221,#1213,#812,.T.);
#1521=EDGE_CURVE('',#1145,#1221,#217,.T.);
#1522=EDGE_CURVE('',#1083,#1084,#218,.T.);
#1523=EDGE_CURVE('',#1215,#1216,#219,.T.);
#1524=EDGE_CURVE('',#1217,#1218,#220,.T.);
#1525=EDGE_CURVE('',#1144,#1221,#221,.T.);
#1526=EDGE_CURVE('',#1219,#1222,#222,.T.);
#1527=EDGE_CURVE('',#1222,#1220,#223,.T.);
#1528=EDGE_CURVE('',#1223,#1224,#224,.T.);
#1529=EDGE_CURVE('',#1223,#1224,#225,.T.);
#1530=EDGE_CURVE('',#1225,#1226,#226,.T.);
#1531=EDGE_CURVE('',#1225,#1226,#227,.T.);
#1532=EDGE_CURVE('',#1157,#1227,#228,.T.);
#1533=EDGE_CURVE('',#1158,#1227,#229,.T.);
#1534=EDGE_CURVE('',#1228,#1229,#230,.T.);
#1535=EDGE_CURVE('',#1229,#1230,#231,.T.);
#1536=EDGE_CURVE('',#1228,#1230,#232,.T.);
#1537=EDGE_CURVE('',#1224,#1231,#813,.T.);
#1538=EDGE_CURVE('',#1231,#1232,#233,.T.);
#1539=EDGE_CURVE('',#1232,#1223,#814,.T.);
#1540=EDGE_CURVE('',#1226,#1233,#815,.T.);
#1541=EDGE_CURVE('',#1233,#1234,#234,.T.);
#1542=EDGE_CURVE('',#1234,#1225,#816,.T.);
#1543=EDGE_CURVE('',#1227,#1235,#817,.T.);
#1544=EDGE_CURVE('',#1235,#1159,#235,.T.);
#1545=EDGE_CURVE('',#1236,#1228,#818,.T.);
#1546=EDGE_CURVE('',#1230,#1237,#819,.T.);
#1547=EDGE_CURVE('',#1237,#1236,#236,.T.);
#1548=EDGE_CURVE('',#1238,#1239,#237,.T.);
#1549=EDGE_CURVE('',#1238,#1239,#238,.T.);
#1550=EDGE_CURVE('',#1240,#1241,#239,.T.);
#1551=EDGE_CURVE('',#1240,#1241,#240,.T.);
#1552=EDGE_CURVE('',#1242,#1243,#241,.T.);
#1553=EDGE_CURVE('',#1244,#1243,#242,.T.);
#1554=EDGE_CURVE('',#1244,#1242,#243,.T.);
#1555=EDGE_CURVE('',#1245,#1143,#244,.T.);
#1556=EDGE_CURVE('',#1245,#1142,#245,.T.);
#1557=EDGE_CURVE('',#1087,#1088,#246,.T.);
#1558=EDGE_CURVE('',#1231,#1232,#247,.T.);
#1559=EDGE_CURVE('',#1233,#1234,#248,.T.);
#1560=EDGE_CURVE('',#1246,#1236,#249,.T.);
#1561=EDGE_CURVE('',#1237,#1246,#250,.T.);
#1562=EDGE_CURVE('',#1235,#1160,#251,.T.);
#1563=EDGE_CURVE('',#1239,#1247,#820,.T.);
#1564=EDGE_CURVE('',#1247,#1248,#252,.T.);
#1565=EDGE_CURVE('',#1248,#1238,#821,.T.);
#1566=EDGE_CURVE('',#1241,#1249,#822,.T.);
#1567=EDGE_CURVE('',#1249,#1250,#253,.T.);
#1568=EDGE_CURVE('',#1250,#1240,#823,.T.);
#1569=EDGE_CURVE('',#1243,#1251,#824,.T.);
#1570=EDGE_CURVE('',#1251,#1252,#254,.T.);
#1571=EDGE_CURVE('',#1252,#1244,#825,.T.);
#1572=EDGE_CURVE('',#1253,#1245,#826,.T.);
#1573=EDGE_CURVE('',#1141,#1253,#255,.T.);
#1574=EDGE_CURVE('',#1091,#1092,#256,.T.);
#1575=EDGE_CURVE('',#1247,#1248,#257,.T.);
#1576=EDGE_CURVE('',#1249,#1250,#258,.T.);
#1577=EDGE_CURVE('',#1140,#1253,#259,.T.);
#1578=EDGE_CURVE('',#1251,#1254,#260,.T.);
#1579=EDGE_CURVE('',#1254,#1252,#261,.T.);
#1580=EDGE_CURVE('',#1255,#1256,#262,.T.);
#1581=EDGE_CURVE('',#1255,#1256,#263,.T.);
#1582=EDGE_CURVE('',#1257,#1258,#264,.T.);
#1583=EDGE_CURVE('',#1257,#1258,#265,.T.);
#1584=EDGE_CURVE('',#1161,#1259,#266,.T.);
#1585=EDGE_CURVE('',#1162,#1259,#267,.T.);
#1586=EDGE_CURVE('',#1260,#1261,#268,.T.);
#1587=EDGE_CURVE('',#1261,#1262,#269,.T.);
#1588=EDGE_CURVE('',#1260,#1262,#270,.T.);
#1589=EDGE_CURVE('',#1256,#1263,#827,.T.);
#1590=EDGE_CURVE('',#1263,#1264,#271,.T.);
#1591=EDGE_CURVE('',#1264,#1255,#828,.T.);
#1592=EDGE_CURVE('',#1258,#1265,#829,.T.);
#1593=EDGE_CURVE('',#1265,#1266,#272,.T.);
#1594=EDGE_CURVE('',#1266,#1257,#830,.T.);
#1595=EDGE_CURVE('',#1259,#1267,#831,.T.);
#1596=EDGE_CURVE('',#1267,#1163,#273,.T.);
#1597=EDGE_CURVE('',#1268,#1260,#832,.T.);
#1598=EDGE_CURVE('',#1262,#1269,#833,.T.);
#1599=EDGE_CURVE('',#1269,#1268,#274,.T.);
#1600=EDGE_CURVE('',#1270,#1271,#275,.T.);
#1601=EDGE_CURVE('',#1270,#1271,#276,.T.);
#1602=EDGE_CURVE('',#1272,#1273,#277,.T.);
#1603=EDGE_CURVE('',#1272,#1273,#278,.T.);
#1604=EDGE_CURVE('',#1274,#1275,#279,.T.);
#1605=EDGE_CURVE('',#1276,#1275,#280,.T.);
#1606=EDGE_CURVE('',#1276,#1274,#281,.T.);
#1607=EDGE_CURVE('',#1277,#1139,#282,.T.);
#1608=EDGE_CURVE('',#1277,#1138,#283,.T.);
#1609=EDGE_CURVE('',#1095,#1096,#284,.T.);
#1610=EDGE_CURVE('',#1263,#1264,#285,.T.);
#1611=EDGE_CURVE('',#1265,#1266,#286,.T.);
#1612=EDGE_CURVE('',#1278,#1268,#287,.T.);
#1613=EDGE_CURVE('',#1269,#1278,#288,.T.);
#1614=EDGE_CURVE('',#1267,#1164,#289,.T.);
#1615=EDGE_CURVE('',#1271,#1279,#834,.T.);
#1616=EDGE_CURVE('',#1279,#1280,#290,.T.);
#1617=EDGE_CURVE('',#1280,#1270,#835,.T.);
#1618=EDGE_CURVE('',#1273,#1281,#836,.T.);
#1619=EDGE_CURVE('',#1281,#1282,#291,.T.);
#1620=EDGE_CURVE('',#1282,#1272,#837,.T.);
#1621=EDGE_CURVE('',#1275,#1283,#838,.T.);
#1622=EDGE_CURVE('',#1283,#1284,#292,.T.);
#1623=EDGE_CURVE('',#1284,#1276,#839,.T.);
#1624=EDGE_CURVE('',#1285,#1277,#840,.T.);
#1625=EDGE_CURVE('',#1137,#1285,#293,.T.);
#1626=EDGE_CURVE('',#1099,#1100,#294,.T.);
#1627=EDGE_CURVE('',#1279,#1280,#295,.T.);
#1628=EDGE_CURVE('',#1281,#1282,#296,.T.);
#1629=EDGE_CURVE('',#1136,#1285,#297,.T.);
#1630=EDGE_CURVE('',#1283,#1286,#298,.T.);
#1631=EDGE_CURVE('',#1286,#1284,#299,.T.);
#1632=EDGE_CURVE('',#1287,#1288,#300,.T.);
#1633=EDGE_CURVE('',#1287,#1288,#301,.T.);
#1634=EDGE_CURVE('',#1289,#1290,#302,.T.);
#1635=EDGE_CURVE('',#1290,#1291,#303,.T.);
#1636=EDGE_CURVE('',#1289,#1291,#304,.T.);
#1637=EDGE_CURVE('',#1165,#1292,#305,.T.);
#1638=EDGE_CURVE('',#1166,#1292,#306,.T.);
#1639=EDGE_CURVE('',#1293,#1294,#307,.T.);
#1640=EDGE_CURVE('',#1293,#1294,#308,.T.);
#1641=EDGE_CURVE('',#1288,#1295,#841,.T.);
#1642=EDGE_CURVE('',#1295,#1296,#309,.T.);
#1643=EDGE_CURVE('',#1296,#1287,#842,.T.);
#1644=EDGE_CURVE('',#1110,#1289,#843,.T.);
#1645=EDGE_CURVE('',#1291,#1109,#844,.T.);
#1646=EDGE_CURVE('',#1294,#1131,#845,.T.);
#1647=EDGE_CURVE('',#1130,#1297,#310,.T.);
#1648=EDGE_CURVE('',#1297,#1293,#846,.T.);
#1649=EDGE_CURVE('',#1292,#1298,#847,.T.);
#1650=EDGE_CURVE('',#1298,#1167,#311,.T.);
#1651=EDGE_CURVE('',#1103,#1104,#312,.T.);
#1652=EDGE_CURVE('',#1295,#1296,#313,.T.);
#1653=EDGE_CURVE('',#1129,#1297,#314,.T.);
#1654=EDGE_CURVE('',#1298,#1168,#315,.T.);
#1655=EDGE_CURVE('',#1299,#1118,#316,.T.);
#1656=EDGE_CURVE('',#1299,#1117,#317,.T.);
#1657=EDGE_CURVE('',#1107,#1114,#848,.T.);
#1658=EDGE_CURVE('',#1113,#1108,#849,.T.);
#1659=EDGE_CURVE('',#1116,#1299,#850,.T.);
#1660=EDGE_CURVE('',#1300,#1301,#851,.T.);
#1661=EDGE_CURVE('',#1121,#1300,#852,.T.);
#1662=EDGE_CURVE('',#1120,#1301,#853,.T.);
#1663=EDGE_CURVE('',#1301,#1302,#854,.T.);
#1664=EDGE_CURVE('',#1119,#1302,#855,.T.);
#1665=EDGE_CURVE('',#1303,#1304,#856,.T.);
#1666=EDGE_CURVE('',#1128,#1303,#857,.T.);
#1667=EDGE_CURVE('',#1127,#1304,#858,.T.);
#1668=EDGE_CURVE('',#1304,#1305,#859,.T.);
#1669=EDGE_CURVE('',#1126,#1305,#860,.T.);
#1670=EDGE_CURVE('',#1305,#1152,#861,.T.);
#1671=EDGE_CURVE('',#1135,#1300,#862,.T.);
#1672=EDGE_CURVE('',#1306,#1307,#863,.T.);
#1673=EDGE_CURVE('',#1187,#1306,#864,.T.);
#1674=EDGE_CURVE('',#1308,#1186,#865,.T.);
#1675=EDGE_CURVE('',#1309,#1308,#318,.T.);
#1676=EDGE_CURVE('',#1302,#1309,#866,.T.);
#1677=EDGE_CURVE('',#1115,#1307,#867,.T.);
#1678=EDGE_CURVE('',#1309,#1310,#319,.T.);
#1679=EDGE_CURVE('',#1310,#1308,#320,.T.);
#1680=EDGE_CURVE('',#1310,#1306,#716,.T.);
#1681=EDGE_CURVE('',#1307,#1311,#868,.T.);
#1682=EDGE_CURVE('',#1286,#1106,#869,.T.);
#1683=EDGE_CURVE('',#1254,#1274,#870,.T.);
#1684=EDGE_CURVE('',#1222,#1242,#871,.T.);
#1685=EDGE_CURVE('',#1189,#1210,#872,.T.);
#1686=EDGE_CURVE('',#1311,#1188,#873,.T.);
#1687=EDGE_CURVE('',#1311,#1312,#717,.T.);
#1688=EDGE_CURVE('',#1190,#1312,#874,.T.);
#1689=EDGE_CURVE('',#1312,#1313,#875,.T.);
#1690=EDGE_CURVE('',#1112,#1313,#876,.T.);
#1691=EDGE_CURVE('',#1313,#1314,#877,.T.);
#1692=EDGE_CURVE('',#1111,#1314,#878,.T.);
#1693=EDGE_CURVE('',#1314,#1315,#879,.T.);
#1694=EDGE_CURVE('',#1290,#1278,#880,.T.);
#1695=EDGE_CURVE('',#1261,#1246,#881,.T.);
#1696=EDGE_CURVE('',#1229,#1214,#882,.T.);
#1697=EDGE_CURVE('',#1197,#1178,#883,.T.);
#1698=EDGE_CURVE('',#1315,#1180,#884,.T.);
#1699=EDGE_CURVE('',#1315,#1316,#718,.T.);
#1700=EDGE_CURVE('',#1179,#1316,#885,.T.);
#1701=EDGE_CURVE('',#1317,#1169,#886,.T.);
#1702=EDGE_CURVE('',#1132,#1317,#887,.T.);
#1703=EDGE_CURVE('',#1177,#1303,#888,.T.);
#1704=EDGE_CURVE('',#1316,#1317,#889,.T.);
#1705=ORIENTED_EDGE('',*,*,#1318,.F.);
#1706=ORIENTED_EDGE('',*,*,#1319,.F.);
#1707=ORIENTED_EDGE('',*,*,#1320,.F.);
#1708=ORIENTED_EDGE('',*,*,#1319,.T.);
#1709=ORIENTED_EDGE('',*,*,#1321,.F.);
#1710=ORIENTED_EDGE('',*,*,#1322,.F.);
#1711=ORIENTED_EDGE('',*,*,#1323,.T.);
#1712=ORIENTED_EDGE('',*,*,#1320,.T.);
#1713=ORIENTED_EDGE('',*,*,#1323,.F.);
#1714=ORIENTED_EDGE('',*,*,#1324,.F.);
#1715=ORIENTED_EDGE('',*,*,#1325,.T.);
#1716=ORIENTED_EDGE('',*,*,#1318,.T.);
#1717=ORIENTED_EDGE('',*,*,#1325,.F.);
#1718=ORIENTED_EDGE('',*,*,#1326,.F.);
#1719=ORIENTED_EDGE('',*,*,#1321,.T.);
#1720=ORIENTED_EDGE('',*,*,#1327,.F.);
#1721=ORIENTED_EDGE('',*,*,#1328,.F.);
#1722=ORIENTED_EDGE('',*,*,#1329,.F.);
#1723=ORIENTED_EDGE('',*,*,#1328,.T.);
#1724=ORIENTED_EDGE('',*,*,#1330,.F.);
#1725=ORIENTED_EDGE('',*,*,#1331,.F.);
#1726=ORIENTED_EDGE('',*,*,#1332,.T.);
#1727=ORIENTED_EDGE('',*,*,#1329,.T.);
#1728=ORIENTED_EDGE('',*,*,#1332,.F.);
#1729=ORIENTED_EDGE('',*,*,#1333,.F.);
#1730=ORIENTED_EDGE('',*,*,#1334,.T.);
#1731=ORIENTED_EDGE('',*,*,#1327,.T.);
#1732=ORIENTED_EDGE('',*,*,#1334,.F.);
#1733=ORIENTED_EDGE('',*,*,#1335,.F.);
#1734=ORIENTED_EDGE('',*,*,#1330,.T.);
#1735=ORIENTED_EDGE('',*,*,#1336,.F.);
#1736=ORIENTED_EDGE('',*,*,#1337,.F.);
#1737=ORIENTED_EDGE('',*,*,#1338,.F.);
#1738=ORIENTED_EDGE('',*,*,#1337,.T.);
#1739=ORIENTED_EDGE('',*,*,#1339,.F.);
#1740=ORIENTED_EDGE('',*,*,#1340,.F.);
#1741=ORIENTED_EDGE('',*,*,#1341,.T.);
#1742=ORIENTED_EDGE('',*,*,#1338,.T.);
#1743=ORIENTED_EDGE('',*,*,#1341,.F.);
#1744=ORIENTED_EDGE('',*,*,#1342,.F.);
#1745=ORIENTED_EDGE('',*,*,#1343,.T.);
#1746=ORIENTED_EDGE('',*,*,#1336,.T.);
#1747=ORIENTED_EDGE('',*,*,#1343,.F.);
#1748=ORIENTED_EDGE('',*,*,#1344,.F.);
#1749=ORIENTED_EDGE('',*,*,#1339,.T.);
#1750=ORIENTED_EDGE('',*,*,#1345,.T.);
#1751=ORIENTED_EDGE('',*,*,#1346,.T.);
#1752=ORIENTED_EDGE('',*,*,#1347,.T.);
#1753=ORIENTED_EDGE('',*,*,#1348,.T.);
#1754=ORIENTED_EDGE('',*,*,#1349,.T.);
#1755=ORIENTED_EDGE('',*,*,#1350,.T.);
#1756=ORIENTED_EDGE('',*,*,#1351,.T.);
#1757=ORIENTED_EDGE('',*,*,#1352,.T.);
#1758=ORIENTED_EDGE('',*,*,#1353,.T.);
#1759=ORIENTED_EDGE('',*,*,#1354,.T.);
#1760=ORIENTED_EDGE('',*,*,#1355,.T.);
#1761=ORIENTED_EDGE('',*,*,#1356,.T.);
#1762=ORIENTED_EDGE('',*,*,#1357,.T.);
#1763=ORIENTED_EDGE('',*,*,#1358,.T.);
#1764=ORIENTED_EDGE('',*,*,#1359,.T.);
#1765=ORIENTED_EDGE('',*,*,#1360,.T.);
#1766=ORIENTED_EDGE('',*,*,#1361,.T.);
#1767=ORIENTED_EDGE('',*,*,#1362,.T.);
#1768=ORIENTED_EDGE('',*,*,#1363,.T.);
#1769=ORIENTED_EDGE('',*,*,#1364,.T.);
#1770=ORIENTED_EDGE('',*,*,#1365,.T.);
#1771=ORIENTED_EDGE('',*,*,#1366,.T.);
#1772=ORIENTED_EDGE('',*,*,#1367,.T.);
#1773=ORIENTED_EDGE('',*,*,#1368,.T.);
#1774=ORIENTED_EDGE('',*,*,#1369,.T.);
#1775=ORIENTED_EDGE('',*,*,#1370,.T.);
#1776=ORIENTED_EDGE('',*,*,#1371,.T.);
#1777=ORIENTED_EDGE('',*,*,#1372,.T.);
#1778=ORIENTED_EDGE('',*,*,#1373,.T.);
#1779=ORIENTED_EDGE('',*,*,#1348,.F.);
#1780=ORIENTED_EDGE('',*,*,#1374,.T.);
#1781=ORIENTED_EDGE('',*,*,#1352,.F.);
#1782=ORIENTED_EDGE('',*,*,#1375,.T.);
#1783=ORIENTED_EDGE('',*,*,#1356,.F.);
#1784=ORIENTED_EDGE('',*,*,#1376,.T.);
#1785=ORIENTED_EDGE('',*,*,#1360,.F.);
#1786=ORIENTED_EDGE('',*,*,#1377,.T.);
#1787=ORIENTED_EDGE('',*,*,#1364,.F.);
#1788=ORIENTED_EDGE('',*,*,#1378,.T.);
#1789=ORIENTED_EDGE('',*,*,#1368,.F.);
#1790=ORIENTED_EDGE('',*,*,#1379,.T.);
#1791=ORIENTED_EDGE('',*,*,#1372,.F.);
#1792=ORIENTED_EDGE('',*,*,#1380,.T.);
#1793=ORIENTED_EDGE('',*,*,#1381,.F.);
#1794=ORIENTED_EDGE('',*,*,#1382,.T.);
#1795=ORIENTED_EDGE('',*,*,#1383,.F.);
#1796=ORIENTED_EDGE('',*,*,#1384,.T.);
#1797=ORIENTED_EDGE('',*,*,#1385,.T.);
#1798=ORIENTED_EDGE('',*,*,#1386,.F.);
#1799=ORIENTED_EDGE('',*,*,#1387,.F.);
#1800=ORIENTED_EDGE('',*,*,#1388,.F.);
#1801=ORIENTED_EDGE('',*,*,#1389,.F.);
#1802=ORIENTED_EDGE('',*,*,#1390,.F.);
#1803=ORIENTED_EDGE('',*,*,#1391,.T.);
#1804=ORIENTED_EDGE('',*,*,#1392,.F.);
#1805=ORIENTED_EDGE('',*,*,#1393,.F.);
#1806=ORIENTED_EDGE('',*,*,#1394,.F.);
#1807=ORIENTED_EDGE('',*,*,#1395,.F.);
#1808=ORIENTED_EDGE('',*,*,#1396,.T.);
#1809=ORIENTED_EDGE('',*,*,#1397,.T.);
#1810=ORIENTED_EDGE('',*,*,#1398,.F.);
#1811=ORIENTED_EDGE('',*,*,#1399,.F.);
#1812=ORIENTED_EDGE('',*,*,#1400,.F.);
#1813=ORIENTED_EDGE('',*,*,#1401,.F.);
#1814=ORIENTED_EDGE('',*,*,#1402,.F.);
#1815=ORIENTED_EDGE('',*,*,#1403,.T.);
#1816=ORIENTED_EDGE('',*,*,#1404,.F.);
#1817=ORIENTED_EDGE('',*,*,#1405,.F.);
#1818=ORIENTED_EDGE('',*,*,#1406,.F.);
#1819=ORIENTED_EDGE('',*,*,#1344,.T.);
#1820=ORIENTED_EDGE('',*,*,#1342,.T.);
#1821=ORIENTED_EDGE('',*,*,#1340,.T.);
#1822=ORIENTED_EDGE('',*,*,#1322,.T.);
#1823=ORIENTED_EDGE('',*,*,#1326,.T.);
#1824=ORIENTED_EDGE('',*,*,#1333,.T.);
#1825=ORIENTED_EDGE('',*,*,#1331,.T.);
#1826=ORIENTED_EDGE('',*,*,#1335,.T.);
#1827=ORIENTED_EDGE('',*,*,#1324,.T.);
#1828=ORIENTED_EDGE('',*,*,#1407,.F.);
#1829=ORIENTED_EDGE('',*,*,#1408,.F.);
#1830=ORIENTED_EDGE('',*,*,#1397,.F.);
#1831=ORIENTED_EDGE('',*,*,#1409,.T.);
#1832=ORIENTED_EDGE('',*,*,#1410,.F.);
#1833=ORIENTED_EDGE('',*,*,#1409,.F.);
#1834=ORIENTED_EDGE('',*,*,#1396,.F.);
#1835=ORIENTED_EDGE('',*,*,#1411,.T.);
#1836=ORIENTED_EDGE('',*,*,#1412,.F.);
#1837=ORIENTED_EDGE('',*,*,#1413,.F.);
#1838=ORIENTED_EDGE('',*,*,#1414,.F.);
#1839=ORIENTED_EDGE('',*,*,#1415,.T.);
#1840=ORIENTED_EDGE('',*,*,#1416,.F.);
#1841=ORIENTED_EDGE('',*,*,#1417,.F.);
#1842=ORIENTED_EDGE('',*,*,#1418,.F.);
#1843=ORIENTED_EDGE('',*,*,#1419,.T.);
#1844=ORIENTED_EDGE('',*,*,#1420,.F.);
#1845=ORIENTED_EDGE('',*,*,#1421,.F.);
#1846=ORIENTED_EDGE('',*,*,#1422,.F.);
#1847=ORIENTED_EDGE('',*,*,#1423,.T.);
#1848=ORIENTED_EDGE('',*,*,#1424,.F.);
#1849=ORIENTED_EDGE('',*,*,#1425,.F.);
#1850=ORIENTED_EDGE('',*,*,#1426,.F.);
#1851=ORIENTED_EDGE('',*,*,#1427,.T.);
#1852=ORIENTED_EDGE('',*,*,#1428,.F.);
#1853=ORIENTED_EDGE('',*,*,#1429,.T.);
#1854=ORIENTED_EDGE('',*,*,#1430,.F.);
#1855=ORIENTED_EDGE('',*,*,#1431,.F.);
#1856=ORIENTED_EDGE('',*,*,#1432,.F.);
#1857=ORIENTED_EDGE('',*,*,#1433,.T.);
#1858=ORIENTED_EDGE('',*,*,#1434,.F.);
#1859=ORIENTED_EDGE('',*,*,#1435,.F.);
#1860=ORIENTED_EDGE('',*,*,#1436,.F.);
#1861=ORIENTED_EDGE('',*,*,#1437,.T.);
#1862=ORIENTED_EDGE('',*,*,#1438,.F.);
#1863=ORIENTED_EDGE('',*,*,#1439,.F.);
#1864=ORIENTED_EDGE('',*,*,#1440,.F.);
#1865=ORIENTED_EDGE('',*,*,#1441,.T.);
#1866=ORIENTED_EDGE('',*,*,#1442,.F.);
#1867=ORIENTED_EDGE('',*,*,#1443,.F.);
#1868=ORIENTED_EDGE('',*,*,#1444,.F.);
#1869=ORIENTED_EDGE('',*,*,#1445,.T.);
#1870=ORIENTED_EDGE('',*,*,#1398,.T.);
#1871=ORIENTED_EDGE('',*,*,#1408,.T.);
#1872=ORIENTED_EDGE('',*,*,#1446,.F.);
#1873=ORIENTED_EDGE('',*,*,#1447,.T.);
#1874=ORIENTED_EDGE('',*,*,#1448,.T.);
#1875=ORIENTED_EDGE('',*,*,#1449,.T.);
#1876=ORIENTED_EDGE('',*,*,#1450,.F.);
#1877=ORIENTED_EDGE('',*,*,#1451,.T.);
#1878=ORIENTED_EDGE('',*,*,#1452,.F.);
#1879=ORIENTED_EDGE('',*,*,#1453,.T.);
#1880=ORIENTED_EDGE('',*,*,#1426,.T.);
#1881=ORIENTED_EDGE('',*,*,#1454,.F.);
#1882=ORIENTED_EDGE('',*,*,#1455,.F.);
#1883=ORIENTED_EDGE('',*,*,#1448,.F.);
#1884=ORIENTED_EDGE('',*,*,#1456,.T.);
#1885=ORIENTED_EDGE('',*,*,#1457,.T.);
#1886=ORIENTED_EDGE('',*,*,#1458,.F.);
#1887=ORIENTED_EDGE('',*,*,#1459,.T.);
#1888=ORIENTED_EDGE('',*,*,#1460,.T.);
#1889=ORIENTED_EDGE('',*,*,#1461,.T.);
#1890=ORIENTED_EDGE('',*,*,#1462,.T.);
#1891=ORIENTED_EDGE('',*,*,#1450,.T.);
#1892=ORIENTED_EDGE('',*,*,#1463,.T.);
#1893=ORIENTED_EDGE('',*,*,#1464,.T.);
#1894=ORIENTED_EDGE('',*,*,#1465,.T.);
#1895=ORIENTED_EDGE('',*,*,#1452,.T.);
#1896=ORIENTED_EDGE('',*,*,#1466,.T.);
#1897=ORIENTED_EDGE('',*,*,#1454,.T.);
#1898=ORIENTED_EDGE('',*,*,#1425,.T.);
#1899=ORIENTED_EDGE('',*,*,#1467,.T.);
#1900=ORIENTED_EDGE('',*,*,#1468,.T.);
#1901=ORIENTED_EDGE('',*,*,#1469,.F.);
#1902=ORIENTED_EDGE('',*,*,#1470,.T.);
#1903=ORIENTED_EDGE('',*,*,#1461,.F.);
#1904=ORIENTED_EDGE('',*,*,#1471,.T.);
#1905=ORIENTED_EDGE('',*,*,#1464,.F.);
#1906=ORIENTED_EDGE('',*,*,#1472,.T.);
#1907=ORIENTED_EDGE('',*,*,#1467,.F.);
#1908=ORIENTED_EDGE('',*,*,#1424,.T.);
#1909=ORIENTED_EDGE('',*,*,#1473,.T.);
#1910=ORIENTED_EDGE('',*,*,#1474,.T.);
#1911=ORIENTED_EDGE('',*,*,#1475,.F.);
#1912=ORIENTED_EDGE('',*,*,#1476,.T.);
#1913=ORIENTED_EDGE('',*,*,#1477,.F.);
#1914=ORIENTED_EDGE('',*,*,#1478,.T.);
#1915=ORIENTED_EDGE('',*,*,#1479,.F.);
#1916=ORIENTED_EDGE('',*,*,#1480,.T.);
#1917=ORIENTED_EDGE('',*,*,#1481,.F.);
#1918=ORIENTED_EDGE('',*,*,#1430,.T.);
#1919=ORIENTED_EDGE('',*,*,#1482,.T.);
#1920=ORIENTED_EDGE('',*,*,#1483,.T.);
#1921=ORIENTED_EDGE('',*,*,#1484,.F.);
#1922=ORIENTED_EDGE('',*,*,#1485,.T.);
#1923=ORIENTED_EDGE('',*,*,#1486,.T.);
#1924=ORIENTED_EDGE('',*,*,#1487,.T.);
#1925=ORIENTED_EDGE('',*,*,#1477,.T.);
#1926=ORIENTED_EDGE('',*,*,#1488,.T.);
#1927=ORIENTED_EDGE('',*,*,#1489,.T.);
#1928=ORIENTED_EDGE('',*,*,#1490,.T.);
#1929=ORIENTED_EDGE('',*,*,#1479,.T.);
#1930=ORIENTED_EDGE('',*,*,#1491,.T.);
#1931=ORIENTED_EDGE('',*,*,#1492,.T.);
#1932=ORIENTED_EDGE('',*,*,#1431,.T.);
#1933=ORIENTED_EDGE('',*,*,#1481,.T.);
#1934=ORIENTED_EDGE('',*,*,#1493,.T.);
#1935=ORIENTED_EDGE('',*,*,#1484,.T.);
#1936=ORIENTED_EDGE('',*,*,#1494,.T.);
#1937=ORIENTED_EDGE('',*,*,#1495,.T.);
#1938=ORIENTED_EDGE('',*,*,#1496,.T.);
#1939=ORIENTED_EDGE('',*,*,#1497,.F.);
#1940=ORIENTED_EDGE('',*,*,#1498,.T.);
#1941=ORIENTED_EDGE('',*,*,#1499,.F.);
#1942=ORIENTED_EDGE('',*,*,#1500,.T.);
#1943=ORIENTED_EDGE('',*,*,#1501,.F.);
#1944=ORIENTED_EDGE('',*,*,#1502,.T.);
#1945=ORIENTED_EDGE('',*,*,#1503,.T.);
#1946=ORIENTED_EDGE('',*,*,#1422,.T.);
#1947=ORIENTED_EDGE('',*,*,#1504,.F.);
#1948=ORIENTED_EDGE('',*,*,#1505,.T.);
#1949=ORIENTED_EDGE('',*,*,#1346,.F.);
#1950=ORIENTED_EDGE('',*,*,#1506,.T.);
#1951=ORIENTED_EDGE('',*,*,#1486,.F.);
#1952=ORIENTED_EDGE('',*,*,#1507,.T.);
#1953=ORIENTED_EDGE('',*,*,#1489,.F.);
#1954=ORIENTED_EDGE('',*,*,#1508,.T.);
#1955=ORIENTED_EDGE('',*,*,#1495,.F.);
#1956=ORIENTED_EDGE('',*,*,#1509,.T.);
#1957=ORIENTED_EDGE('',*,*,#1510,.T.);
#1958=ORIENTED_EDGE('',*,*,#1432,.T.);
#1959=ORIENTED_EDGE('',*,*,#1492,.F.);
#1960=ORIENTED_EDGE('',*,*,#1511,.T.);
#1961=ORIENTED_EDGE('',*,*,#1512,.T.);
#1962=ORIENTED_EDGE('',*,*,#1513,.T.);
#1963=ORIENTED_EDGE('',*,*,#1497,.T.);
#1964=ORIENTED_EDGE('',*,*,#1514,.T.);
#1965=ORIENTED_EDGE('',*,*,#1515,.T.);
#1966=ORIENTED_EDGE('',*,*,#1516,.T.);
#1967=ORIENTED_EDGE('',*,*,#1499,.T.);
#1968=ORIENTED_EDGE('',*,*,#1517,.T.);
#1969=ORIENTED_EDGE('',*,*,#1518,.T.);
#1970=ORIENTED_EDGE('',*,*,#1519,.T.);
#1971=ORIENTED_EDGE('',*,*,#1501,.T.);
#1972=ORIENTED_EDGE('',*,*,#1520,.T.);
#1973=ORIENTED_EDGE('',*,*,#1504,.T.);
#1974=ORIENTED_EDGE('',*,*,#1421,.T.);
#1975=ORIENTED_EDGE('',*,*,#1521,.T.);
#1976=ORIENTED_EDGE('',*,*,#1522,.T.);
#1977=ORIENTED_EDGE('',*,*,#1350,.F.);
#1978=ORIENTED_EDGE('',*,*,#1523,.T.);
#1979=ORIENTED_EDGE('',*,*,#1512,.F.);
#1980=ORIENTED_EDGE('',*,*,#1524,.T.);
#1981=ORIENTED_EDGE('',*,*,#1515,.F.);
#1982=ORIENTED_EDGE('',*,*,#1525,.T.);
#1983=ORIENTED_EDGE('',*,*,#1521,.F.);
#1984=ORIENTED_EDGE('',*,*,#1420,.T.);
#1985=ORIENTED_EDGE('',*,*,#1526,.T.);
#1986=ORIENTED_EDGE('',*,*,#1527,.T.);
#1987=ORIENTED_EDGE('',*,*,#1518,.F.);
#1988=ORIENTED_EDGE('',*,*,#1528,.T.);
#1989=ORIENTED_EDGE('',*,*,#1529,.F.);
#1990=ORIENTED_EDGE('',*,*,#1530,.T.);
#1991=ORIENTED_EDGE('',*,*,#1531,.F.);
#1992=ORIENTED_EDGE('',*,*,#1532,.T.);
#1993=ORIENTED_EDGE('',*,*,#1533,.F.);
#1994=ORIENTED_EDGE('',*,*,#1434,.T.);
#1995=ORIENTED_EDGE('',*,*,#1534,.T.);
#1996=ORIENTED_EDGE('',*,*,#1535,.T.);
#1997=ORIENTED_EDGE('',*,*,#1536,.F.);
#1998=ORIENTED_EDGE('',*,*,#1537,.T.);
#1999=ORIENTED_EDGE('',*,*,#1538,.T.);
#2000=ORIENTED_EDGE('',*,*,#1539,.T.);
#2001=ORIENTED_EDGE('',*,*,#1529,.T.);
#2002=ORIENTED_EDGE('',*,*,#1540,.T.);
#2003=ORIENTED_EDGE('',*,*,#1541,.T.);
#2004=ORIENTED_EDGE('',*,*,#1542,.T.);
#2005=ORIENTED_EDGE('',*,*,#1531,.T.);
#2006=ORIENTED_EDGE('',*,*,#1543,.T.);
#2007=ORIENTED_EDGE('',*,*,#1544,.T.);
#2008=ORIENTED_EDGE('',*,*,#1435,.T.);
#2009=ORIENTED_EDGE('',*,*,#1533,.T.);
#2010=ORIENTED_EDGE('',*,*,#1545,.T.);
#2011=ORIENTED_EDGE('',*,*,#1536,.T.);
#2012=ORIENTED_EDGE('',*,*,#1546,.T.);
#2013=ORIENTED_EDGE('',*,*,#1547,.T.);
#2014=ORIENTED_EDGE('',*,*,#1548,.T.);
#2015=ORIENTED_EDGE('',*,*,#1549,.F.);
#2016=ORIENTED_EDGE('',*,*,#1550,.T.);
#2017=ORIENTED_EDGE('',*,*,#1551,.F.);
#2018=ORIENTED_EDGE('',*,*,#1552,.T.);
#2019=ORIENTED_EDGE('',*,*,#1553,.F.);
#2020=ORIENTED_EDGE('',*,*,#1554,.T.);
#2021=ORIENTED_EDGE('',*,*,#1555,.T.);
#2022=ORIENTED_EDGE('',*,*,#1418,.T.);
#2023=ORIENTED_EDGE('',*,*,#1556,.F.);
#2024=ORIENTED_EDGE('',*,*,#1557,.T.);
#2025=ORIENTED_EDGE('',*,*,#1354,.F.);
#2026=ORIENTED_EDGE('',*,*,#1558,.T.);
#2027=ORIENTED_EDGE('',*,*,#1538,.F.);
#2028=ORIENTED_EDGE('',*,*,#1559,.T.);
#2029=ORIENTED_EDGE('',*,*,#1541,.F.);
#2030=ORIENTED_EDGE('',*,*,#1560,.T.);
#2031=ORIENTED_EDGE('',*,*,#1547,.F.);
#2032=ORIENTED_EDGE('',*,*,#1561,.T.);
#2033=ORIENTED_EDGE('',*,*,#1562,.T.);
#2034=ORIENTED_EDGE('',*,*,#1436,.T.);
#2035=ORIENTED_EDGE('',*,*,#1544,.F.);
#2036=ORIENTED_EDGE('',*,*,#1563,.T.);
#2037=ORIENTED_EDGE('',*,*,#1564,.T.);
#2038=ORIENTED_EDGE('',*,*,#1565,.T.);
#2039=ORIENTED_EDGE('',*,*,#1549,.T.);
#2040=ORIENTED_EDGE('',*,*,#1566,.T.);
#2041=ORIENTED_EDGE('',*,*,#1567,.T.);
#2042=ORIENTED_EDGE('',*,*,#1568,.T.);
#2043=ORIENTED_EDGE('',*,*,#1551,.T.);
#2044=ORIENTED_EDGE('',*,*,#1569,.T.);
#2045=ORIENTED_EDGE('',*,*,#1570,.T.);
#2046=ORIENTED_EDGE('',*,*,#1571,.T.);
#2047=ORIENTED_EDGE('',*,*,#1553,.T.);
#2048=ORIENTED_EDGE('',*,*,#1572,.T.);
#2049=ORIENTED_EDGE('',*,*,#1556,.T.);
#2050=ORIENTED_EDGE('',*,*,#1417,.T.);
#2051=ORIENTED_EDGE('',*,*,#1573,.T.);
#2052=ORIENTED_EDGE('',*,*,#1574,.T.);
#2053=ORIENTED_EDGE('',*,*,#1358,.F.);
#2054=ORIENTED_EDGE('',*,*,#1575,.T.);
#2055=ORIENTED_EDGE('',*,*,#1564,.F.);
#2056=ORIENTED_EDGE('',*,*,#1576,.T.);
#2057=ORIENTED_EDGE('',*,*,#1567,.F.);
#2058=ORIENTED_EDGE('',*,*,#1577,.T.);
#2059=ORIENTED_EDGE('',*,*,#1573,.F.);
#2060=ORIENTED_EDGE('',*,*,#1416,.T.);
#2061=ORIENTED_EDGE('',*,*,#1578,.T.);
#2062=ORIENTED_EDGE('',*,*,#1579,.T.);
#2063=ORIENTED_EDGE('',*,*,#1570,.F.);
#2064=ORIENTED_EDGE('',*,*,#1580,.T.);
#2065=ORIENTED_EDGE('',*,*,#1581,.F.);
#2066=ORIENTED_EDGE('',*,*,#1582,.T.);
#2067=ORIENTED_EDGE('',*,*,#1583,.F.);
#2068=ORIENTED_EDGE('',*,*,#1584,.T.);
#2069=ORIENTED_EDGE('',*,*,#1585,.F.);
#2070=ORIENTED_EDGE('',*,*,#1438,.T.);
#2071=ORIENTED_EDGE('',*,*,#1586,.T.);
#2072=ORIENTED_EDGE('',*,*,#1587,.T.);
#2073=ORIENTED_EDGE('',*,*,#1588,.F.);
#2074=ORIENTED_EDGE('',*,*,#1589,.T.);
#2075=ORIENTED_EDGE('',*,*,#1590,.T.);
#2076=ORIENTED_EDGE('',*,*,#1591,.T.);
#2077=ORIENTED_EDGE('',*,*,#1581,.T.);
#2078=ORIENTED_EDGE('',*,*,#1592,.T.);
#2079=ORIENTED_EDGE('',*,*,#1593,.T.);
#2080=ORIENTED_EDGE('',*,*,#1594,.T.);
#2081=ORIENTED_EDGE('',*,*,#1583,.T.);
#2082=ORIENTED_EDGE('',*,*,#1595,.T.);
#2083=ORIENTED_EDGE('',*,*,#1596,.T.);
#2084=ORIENTED_EDGE('',*,*,#1439,.T.);
#2085=ORIENTED_EDGE('',*,*,#1585,.T.);
#2086=ORIENTED_EDGE('',*,*,#1597,.T.);
#2087=ORIENTED_EDGE('',*,*,#1588,.T.);
#2088=ORIENTED_EDGE('',*,*,#1598,.T.);
#2089=ORIENTED_EDGE('',*,*,#1599,.T.);
#2090=ORIENTED_EDGE('',*,*,#1600,.T.);
#2091=ORIENTED_EDGE('',*,*,#1601,.F.);
#2092=ORIENTED_EDGE('',*,*,#1602,.T.);
#2093=ORIENTED_EDGE('',*,*,#1603,.F.);
#2094=ORIENTED_EDGE('',*,*,#1604,.T.);
#2095=ORIENTED_EDGE('',*,*,#1605,.F.);
#2096=ORIENTED_EDGE('',*,*,#1606,.T.);
#2097=ORIENTED_EDGE('',*,*,#1607,.T.);
#2098=ORIENTED_EDGE('',*,*,#1414,.T.);
#2099=ORIENTED_EDGE('',*,*,#1608,.F.);
#2100=ORIENTED_EDGE('',*,*,#1609,.T.);
#2101=ORIENTED_EDGE('',*,*,#1362,.F.);
#2102=ORIENTED_EDGE('',*,*,#1610,.T.);
#2103=ORIENTED_EDGE('',*,*,#1590,.F.);
#2104=ORIENTED_EDGE('',*,*,#1611,.T.);
#2105=ORIENTED_EDGE('',*,*,#1593,.F.);
#2106=ORIENTED_EDGE('',*,*,#1612,.T.);
#2107=ORIENTED_EDGE('',*,*,#1599,.F.);
#2108=ORIENTED_EDGE('',*,*,#1613,.T.);
#2109=ORIENTED_EDGE('',*,*,#1614,.T.);
#2110=ORIENTED_EDGE('',*,*,#1440,.T.);
#2111=ORIENTED_EDGE('',*,*,#1596,.F.);
#2112=ORIENTED_EDGE('',*,*,#1615,.T.);
#2113=ORIENTED_EDGE('',*,*,#1616,.T.);
#2114=ORIENTED_EDGE('',*,*,#1617,.T.);
#2115=ORIENTED_EDGE('',*,*,#1601,.T.);
#2116=ORIENTED_EDGE('',*,*,#1618,.T.);
#2117=ORIENTED_EDGE('',*,*,#1619,.T.);
#2118=ORIENTED_EDGE('',*,*,#1620,.T.);
#2119=ORIENTED_EDGE('',*,*,#1603,.T.);
#2120=ORIENTED_EDGE('',*,*,#1621,.T.);
#2121=ORIENTED_EDGE('',*,*,#1622,.T.);
#2122=ORIENTED_EDGE('',*,*,#1623,.T.);
#2123=ORIENTED_EDGE('',*,*,#1605,.T.);
#2124=ORIENTED_EDGE('',*,*,#1624,.T.);
#2125=ORIENTED_EDGE('',*,*,#1608,.T.);
#2126=ORIENTED_EDGE('',*,*,#1413,.T.);
#2127=ORIENTED_EDGE('',*,*,#1625,.T.);
#2128=ORIENTED_EDGE('',*,*,#1626,.T.);
#2129=ORIENTED_EDGE('',*,*,#1366,.F.);
#2130=ORIENTED_EDGE('',*,*,#1627,.T.);
#2131=ORIENTED_EDGE('',*,*,#1616,.F.);
#2132=ORIENTED_EDGE('',*,*,#1628,.T.);
#2133=ORIENTED_EDGE('',*,*,#1619,.F.);
#2134=ORIENTED_EDGE('',*,*,#1629,.T.);
#2135=ORIENTED_EDGE('',*,*,#1625,.F.);
#2136=ORIENTED_EDGE('',*,*,#1412,.T.);
#2137=ORIENTED_EDGE('',*,*,#1630,.T.);
#2138=ORIENTED_EDGE('',*,*,#1631,.T.);
#2139=ORIENTED_EDGE('',*,*,#1622,.F.);
#2140=ORIENTED_EDGE('',*,*,#1632,.T.);
#2141=ORIENTED_EDGE('',*,*,#1633,.F.);
#2142=ORIENTED_EDGE('',*,*,#1634,.T.);
#2143=ORIENTED_EDGE('',*,*,#1635,.T.);
#2144=ORIENTED_EDGE('',*,*,#1636,.F.);
#2145=ORIENTED_EDGE('',*,*,#1637,.T.);
#2146=ORIENTED_EDGE('',*,*,#1638,.F.);
#2147=ORIENTED_EDGE('',*,*,#1442,.T.);
#2148=ORIENTED_EDGE('',*,*,#1639,.T.);
#2149=ORIENTED_EDGE('',*,*,#1640,.F.);
#2150=ORIENTED_EDGE('',*,*,#1641,.T.);
#2151=ORIENTED_EDGE('',*,*,#1642,.T.);
#2152=ORIENTED_EDGE('',*,*,#1643,.T.);
#2153=ORIENTED_EDGE('',*,*,#1633,.T.);
#2154=ORIENTED_EDGE('',*,*,#1644,.T.);
#2155=ORIENTED_EDGE('',*,*,#1636,.T.);
#2156=ORIENTED_EDGE('',*,*,#1645,.T.);
#2157=ORIENTED_EDGE('',*,*,#1383,.T.);
#2158=ORIENTED_EDGE('',*,*,#1646,.T.);
#2159=ORIENTED_EDGE('',*,*,#1404,.T.);
#2160=ORIENTED_EDGE('',*,*,#1647,.T.);
#2161=ORIENTED_EDGE('',*,*,#1648,.T.);
#2162=ORIENTED_EDGE('',*,*,#1640,.T.);
#2163=ORIENTED_EDGE('',*,*,#1649,.T.);
#2164=ORIENTED_EDGE('',*,*,#1650,.T.);
#2165=ORIENTED_EDGE('',*,*,#1443,.T.);
#2166=ORIENTED_EDGE('',*,*,#1638,.T.);
#2167=ORIENTED_EDGE('',*,*,#1651,.T.);
#2168=ORIENTED_EDGE('',*,*,#1370,.F.);
#2169=ORIENTED_EDGE('',*,*,#1652,.T.);
#2170=ORIENTED_EDGE('',*,*,#1642,.F.);
#2171=ORIENTED_EDGE('',*,*,#1653,.T.);
#2172=ORIENTED_EDGE('',*,*,#1647,.F.);
#2173=ORIENTED_EDGE('',*,*,#1403,.F.);
#2174=ORIENTED_EDGE('',*,*,#1654,.T.);
#2175=ORIENTED_EDGE('',*,*,#1444,.T.);
#2176=ORIENTED_EDGE('',*,*,#1650,.F.);
#2177=ORIENTED_EDGE('',*,*,#1655,.T.);
#2178=ORIENTED_EDGE('',*,*,#1391,.F.);
#2179=ORIENTED_EDGE('',*,*,#1656,.F.);
#2180=ORIENTED_EDGE('',*,*,#1657,.T.);
#2181=ORIENTED_EDGE('',*,*,#1387,.T.);
#2182=ORIENTED_EDGE('',*,*,#1658,.T.);
#2183=ORIENTED_EDGE('',*,*,#1381,.T.);
#2184=ORIENTED_EDGE('',*,*,#1659,.T.);
#2185=ORIENTED_EDGE('',*,*,#1656,.T.);
#2186=ORIENTED_EDGE('',*,*,#1390,.T.);
#2187=ORIENTED_EDGE('',*,*,#1660,.F.);
#2188=ORIENTED_EDGE('',*,*,#1661,.F.);
#2189=ORIENTED_EDGE('',*,*,#1394,.T.);
#2190=ORIENTED_EDGE('',*,*,#1662,.T.);
#2191=ORIENTED_EDGE('',*,*,#1602,.F.);
#2192=ORIENTED_EDGE('',*,*,#1620,.F.);
#2193=ORIENTED_EDGE('',*,*,#1628,.F.);
#2194=ORIENTED_EDGE('',*,*,#1618,.F.);
#2195=ORIENTED_EDGE('',*,*,#1550,.F.);
#2196=ORIENTED_EDGE('',*,*,#1568,.F.);
#2197=ORIENTED_EDGE('',*,*,#1576,.F.);
#2198=ORIENTED_EDGE('',*,*,#1566,.F.);
#2199=ORIENTED_EDGE('',*,*,#1498,.F.);
#2200=ORIENTED_EDGE('',*,*,#1516,.F.);
#2201=ORIENTED_EDGE('',*,*,#1524,.F.);
#2202=ORIENTED_EDGE('',*,*,#1514,.F.);
#2203=ORIENTED_EDGE('',*,*,#1451,.F.);
#2204=ORIENTED_EDGE('',*,*,#1465,.F.);
#2205=ORIENTED_EDGE('',*,*,#1471,.F.);
#2206=ORIENTED_EDGE('',*,*,#1463,.F.);
#2207=ORIENTED_EDGE('',*,*,#1663,.F.);
#2208=ORIENTED_EDGE('',*,*,#1662,.F.);
#2209=ORIENTED_EDGE('',*,*,#1393,.T.);
#2210=ORIENTED_EDGE('',*,*,#1664,.T.);
#2211=ORIENTED_EDGE('',*,*,#1600,.F.);
#2212=ORIENTED_EDGE('',*,*,#1617,.F.);
#2213=ORIENTED_EDGE('',*,*,#1627,.F.);
#2214=ORIENTED_EDGE('',*,*,#1615,.F.);
#2215=ORIENTED_EDGE('',*,*,#1548,.F.);
#2216=ORIENTED_EDGE('',*,*,#1565,.F.);
#2217=ORIENTED_EDGE('',*,*,#1575,.F.);
#2218=ORIENTED_EDGE('',*,*,#1563,.F.);
#2219=ORIENTED_EDGE('',*,*,#1496,.F.);
#2220=ORIENTED_EDGE('',*,*,#1513,.F.);
#2221=ORIENTED_EDGE('',*,*,#1523,.F.);
#2222=ORIENTED_EDGE('',*,*,#1511,.F.);
#2223=ORIENTED_EDGE('',*,*,#1449,.F.);
#2224=ORIENTED_EDGE('',*,*,#1462,.F.);
#2225=ORIENTED_EDGE('',*,*,#1470,.F.);
#2226=ORIENTED_EDGE('',*,*,#1460,.F.);
#2227=ORIENTED_EDGE('',*,*,#1665,.F.);
#2228=ORIENTED_EDGE('',*,*,#1666,.F.);
#2229=ORIENTED_EDGE('',*,*,#1401,.T.);
#2230=ORIENTED_EDGE('',*,*,#1667,.T.);
#2231=ORIENTED_EDGE('',*,*,#1632,.F.);
#2232=ORIENTED_EDGE('',*,*,#1643,.F.);
#2233=ORIENTED_EDGE('',*,*,#1652,.F.);
#2234=ORIENTED_EDGE('',*,*,#1641,.F.);
#2235=ORIENTED_EDGE('',*,*,#1580,.F.);
#2236=ORIENTED_EDGE('',*,*,#1591,.F.);
#2237=ORIENTED_EDGE('',*,*,#1610,.F.);
#2238=ORIENTED_EDGE('',*,*,#1589,.F.);
#2239=ORIENTED_EDGE('',*,*,#1528,.F.);
#2240=ORIENTED_EDGE('',*,*,#1539,.F.);
#2241=ORIENTED_EDGE('',*,*,#1558,.F.);
#2242=ORIENTED_EDGE('',*,*,#1537,.F.);
#2243=ORIENTED_EDGE('',*,*,#1476,.F.);
#2244=ORIENTED_EDGE('',*,*,#1487,.F.);
#2245=ORIENTED_EDGE('',*,*,#1506,.F.);
#2246=ORIENTED_EDGE('',*,*,#1485,.F.);
#2247=ORIENTED_EDGE('',*,*,#1668,.F.);
#2248=ORIENTED_EDGE('',*,*,#1667,.F.);
#2249=ORIENTED_EDGE('',*,*,#1400,.T.);
#2250=ORIENTED_EDGE('',*,*,#1669,.T.);
#2251=ORIENTED_EDGE('',*,*,#1379,.F.);
#2252=ORIENTED_EDGE('',*,*,#1371,.F.);
#2253=ORIENTED_EDGE('',*,*,#1651,.F.);
#2254=ORIENTED_EDGE('',*,*,#1369,.F.);
#2255=ORIENTED_EDGE('',*,*,#1377,.F.);
#2256=ORIENTED_EDGE('',*,*,#1363,.F.);
#2257=ORIENTED_EDGE('',*,*,#1609,.F.);
#2258=ORIENTED_EDGE('',*,*,#1361,.F.);
#2259=ORIENTED_EDGE('',*,*,#1375,.F.);
#2260=ORIENTED_EDGE('',*,*,#1355,.F.);
#2261=ORIENTED_EDGE('',*,*,#1557,.F.);
#2262=ORIENTED_EDGE('',*,*,#1353,.F.);
#2263=ORIENTED_EDGE('',*,*,#1373,.F.);
#2264=ORIENTED_EDGE('',*,*,#1347,.F.);
#2265=ORIENTED_EDGE('',*,*,#1505,.F.);
#2266=ORIENTED_EDGE('',*,*,#1345,.F.);
#2267=ORIENTED_EDGE('',*,*,#1670,.F.);
#2268=ORIENTED_EDGE('',*,*,#1669,.F.);
#2269=ORIENTED_EDGE('',*,*,#1399,.T.);
#2270=ORIENTED_EDGE('',*,*,#1445,.F.);
#2271=ORIENTED_EDGE('',*,*,#1654,.F.);
#2272=ORIENTED_EDGE('',*,*,#1649,.F.);
#2273=ORIENTED_EDGE('',*,*,#1637,.F.);
#2274=ORIENTED_EDGE('',*,*,#1441,.F.);
#2275=ORIENTED_EDGE('',*,*,#1614,.F.);
#2276=ORIENTED_EDGE('',*,*,#1595,.F.);
#2277=ORIENTED_EDGE('',*,*,#1584,.F.);
#2278=ORIENTED_EDGE('',*,*,#1437,.F.);
#2279=ORIENTED_EDGE('',*,*,#1562,.F.);
#2280=ORIENTED_EDGE('',*,*,#1543,.F.);
#2281=ORIENTED_EDGE('',*,*,#1532,.F.);
#2282=ORIENTED_EDGE('',*,*,#1433,.F.);
#2283=ORIENTED_EDGE('',*,*,#1510,.F.);
#2284=ORIENTED_EDGE('',*,*,#1491,.F.);
#2285=ORIENTED_EDGE('',*,*,#1480,.F.);
#2286=ORIENTED_EDGE('',*,*,#1429,.F.);
#2287=ORIENTED_EDGE('',*,*,#1671,.F.);
#2288=ORIENTED_EDGE('',*,*,#1427,.F.);
#2289=ORIENTED_EDGE('',*,*,#1453,.F.);
#2290=ORIENTED_EDGE('',*,*,#1466,.F.);
#2291=ORIENTED_EDGE('',*,*,#1472,.F.);
#2292=ORIENTED_EDGE('',*,*,#1423,.F.);
#2293=ORIENTED_EDGE('',*,*,#1503,.F.);
#2294=ORIENTED_EDGE('',*,*,#1520,.F.);
#2295=ORIENTED_EDGE('',*,*,#1525,.F.);
#2296=ORIENTED_EDGE('',*,*,#1419,.F.);
#2297=ORIENTED_EDGE('',*,*,#1555,.F.);
#2298=ORIENTED_EDGE('',*,*,#1572,.F.);
#2299=ORIENTED_EDGE('',*,*,#1577,.F.);
#2300=ORIENTED_EDGE('',*,*,#1415,.F.);
#2301=ORIENTED_EDGE('',*,*,#1607,.F.);
#2302=ORIENTED_EDGE('',*,*,#1624,.F.);
#2303=ORIENTED_EDGE('',*,*,#1629,.F.);
#2304=ORIENTED_EDGE('',*,*,#1411,.F.);
#2305=ORIENTED_EDGE('',*,*,#1395,.T.);
#2306=ORIENTED_EDGE('',*,*,#1661,.T.);
#2307=ORIENTED_EDGE('',*,*,#1672,.F.);
#2308=ORIENTED_EDGE('',*,*,#1673,.F.);
#2309=ORIENTED_EDGE('',*,*,#1468,.F.);
#2310=ORIENTED_EDGE('',*,*,#1674,.F.);
#2311=ORIENTED_EDGE('',*,*,#1675,.F.);
#2312=ORIENTED_EDGE('',*,*,#1676,.F.);
#2313=ORIENTED_EDGE('',*,*,#1664,.F.);
#2314=ORIENTED_EDGE('',*,*,#1392,.T.);
#2315=ORIENTED_EDGE('',*,*,#1655,.F.);
#2316=ORIENTED_EDGE('',*,*,#1659,.F.);
#2317=ORIENTED_EDGE('',*,*,#1389,.T.);
#2318=ORIENTED_EDGE('',*,*,#1677,.T.);
#2319=ORIENTED_EDGE('',*,*,#1378,.F.);
#2320=ORIENTED_EDGE('',*,*,#1367,.F.);
#2321=ORIENTED_EDGE('',*,*,#1626,.F.);
#2322=ORIENTED_EDGE('',*,*,#1365,.F.);
#2323=ORIENTED_EDGE('',*,*,#1376,.F.);
#2324=ORIENTED_EDGE('',*,*,#1359,.F.);
#2325=ORIENTED_EDGE('',*,*,#1574,.F.);
#2326=ORIENTED_EDGE('',*,*,#1357,.F.);
#2327=ORIENTED_EDGE('',*,*,#1374,.F.);
#2328=ORIENTED_EDGE('',*,*,#1351,.F.);
#2329=ORIENTED_EDGE('',*,*,#1522,.F.);
#2330=ORIENTED_EDGE('',*,*,#1349,.F.);
#2331=ORIENTED_EDGE('',*,*,#1678,.F.);
#2332=ORIENTED_EDGE('',*,*,#1675,.T.);
#2333=ORIENTED_EDGE('',*,*,#1679,.F.);
#2334=ORIENTED_EDGE('',*,*,#1680,.F.);
#2335=ORIENTED_EDGE('',*,*,#1679,.T.);
#2336=ORIENTED_EDGE('',*,*,#1674,.T.);
#2337=ORIENTED_EDGE('',*,*,#1469,.T.);
#2338=ORIENTED_EDGE('',*,*,#1673,.T.);
#2339=ORIENTED_EDGE('',*,*,#1681,.F.);
#2340=ORIENTED_EDGE('',*,*,#1677,.F.);
#2341=ORIENTED_EDGE('',*,*,#1388,.T.);
#2342=ORIENTED_EDGE('',*,*,#1657,.F.);
#2343=ORIENTED_EDGE('',*,*,#1380,.F.);
#2344=ORIENTED_EDGE('',*,*,#1682,.F.);
#2345=ORIENTED_EDGE('',*,*,#1630,.F.);
#2346=ORIENTED_EDGE('',*,*,#1621,.F.);
#2347=ORIENTED_EDGE('',*,*,#1604,.F.);
#2348=ORIENTED_EDGE('',*,*,#1683,.F.);
#2349=ORIENTED_EDGE('',*,*,#1578,.F.);
#2350=ORIENTED_EDGE('',*,*,#1569,.F.);
#2351=ORIENTED_EDGE('',*,*,#1552,.F.);
#2352=ORIENTED_EDGE('',*,*,#1684,.F.);
#2353=ORIENTED_EDGE('',*,*,#1526,.F.);
#2354=ORIENTED_EDGE('',*,*,#1517,.F.);
#2355=ORIENTED_EDGE('',*,*,#1500,.F.);
#2356=ORIENTED_EDGE('',*,*,#1685,.F.);
#2357=ORIENTED_EDGE('',*,*,#1473,.F.);
#2358=ORIENTED_EDGE('',*,*,#1686,.F.);
#2359=ORIENTED_EDGE('',*,*,#1687,.F.);
#2360=ORIENTED_EDGE('',*,*,#1686,.T.);
#2361=ORIENTED_EDGE('',*,*,#1475,.T.);
#2362=ORIENTED_EDGE('',*,*,#1688,.T.);
#2363=ORIENTED_EDGE('',*,*,#1689,.F.);
#2364=ORIENTED_EDGE('',*,*,#1688,.F.);
#2365=ORIENTED_EDGE('',*,*,#1474,.F.);
#2366=ORIENTED_EDGE('',*,*,#1685,.T.);
#2367=ORIENTED_EDGE('',*,*,#1502,.F.);
#2368=ORIENTED_EDGE('',*,*,#1519,.F.);
#2369=ORIENTED_EDGE('',*,*,#1527,.F.);
#2370=ORIENTED_EDGE('',*,*,#1684,.T.);
#2371=ORIENTED_EDGE('',*,*,#1554,.F.);
#2372=ORIENTED_EDGE('',*,*,#1571,.F.);
#2373=ORIENTED_EDGE('',*,*,#1579,.F.);
#2374=ORIENTED_EDGE('',*,*,#1683,.T.);
#2375=ORIENTED_EDGE('',*,*,#1606,.F.);
#2376=ORIENTED_EDGE('',*,*,#1623,.F.);
#2377=ORIENTED_EDGE('',*,*,#1631,.F.);
#2378=ORIENTED_EDGE('',*,*,#1682,.T.);
#2379=ORIENTED_EDGE('',*,*,#1382,.F.);
#2380=ORIENTED_EDGE('',*,*,#1658,.F.);
#2381=ORIENTED_EDGE('',*,*,#1386,.T.);
#2382=ORIENTED_EDGE('',*,*,#1690,.T.);
#2383=ORIENTED_EDGE('',*,*,#1691,.F.);
#2384=ORIENTED_EDGE('',*,*,#1690,.F.);
#2385=ORIENTED_EDGE('',*,*,#1385,.F.);
#2386=ORIENTED_EDGE('',*,*,#1692,.T.);
#2387=ORIENTED_EDGE('',*,*,#1693,.F.);
#2388=ORIENTED_EDGE('',*,*,#1692,.F.);
#2389=ORIENTED_EDGE('',*,*,#1384,.F.);
#2390=ORIENTED_EDGE('',*,*,#1645,.F.);
#2391=ORIENTED_EDGE('',*,*,#1635,.F.);
#2392=ORIENTED_EDGE('',*,*,#1694,.T.);
#2393=ORIENTED_EDGE('',*,*,#1613,.F.);
#2394=ORIENTED_EDGE('',*,*,#1598,.F.);
#2395=ORIENTED_EDGE('',*,*,#1587,.F.);
#2396=ORIENTED_EDGE('',*,*,#1695,.T.);
#2397=ORIENTED_EDGE('',*,*,#1561,.F.);
#2398=ORIENTED_EDGE('',*,*,#1546,.F.);
#2399=ORIENTED_EDGE('',*,*,#1535,.F.);
#2400=ORIENTED_EDGE('',*,*,#1696,.T.);
#2401=ORIENTED_EDGE('',*,*,#1509,.F.);
#2402=ORIENTED_EDGE('',*,*,#1494,.F.);
#2403=ORIENTED_EDGE('',*,*,#1483,.F.);
#2404=ORIENTED_EDGE('',*,*,#1697,.T.);
#2405=ORIENTED_EDGE('',*,*,#1459,.F.);
#2406=ORIENTED_EDGE('',*,*,#1698,.F.);
#2407=ORIENTED_EDGE('',*,*,#1699,.F.);
#2408=ORIENTED_EDGE('',*,*,#1698,.T.);
#2409=ORIENTED_EDGE('',*,*,#1458,.T.);
#2410=ORIENTED_EDGE('',*,*,#1700,.T.);
#2411=ORIENTED_EDGE('',*,*,#1701,.F.);
#2412=ORIENTED_EDGE('',*,*,#1702,.F.);
#2413=ORIENTED_EDGE('',*,*,#1405,.T.);
#2414=ORIENTED_EDGE('',*,*,#1646,.F.);
#2415=ORIENTED_EDGE('',*,*,#1639,.F.);
#2416=ORIENTED_EDGE('',*,*,#1648,.F.);
#2417=ORIENTED_EDGE('',*,*,#1653,.F.);
#2418=ORIENTED_EDGE('',*,*,#1402,.T.);
#2419=ORIENTED_EDGE('',*,*,#1666,.T.);
#2420=ORIENTED_EDGE('',*,*,#1703,.F.);
#2421=ORIENTED_EDGE('',*,*,#1456,.F.);
#2422=ORIENTED_EDGE('',*,*,#1447,.F.);
#2423=ORIENTED_EDGE('',*,*,#1478,.F.);
#2424=ORIENTED_EDGE('',*,*,#1490,.F.);
#2425=ORIENTED_EDGE('',*,*,#1507,.F.);
#2426=ORIENTED_EDGE('',*,*,#1488,.F.);
#2427=ORIENTED_EDGE('',*,*,#1530,.F.);
#2428=ORIENTED_EDGE('',*,*,#1542,.F.);
#2429=ORIENTED_EDGE('',*,*,#1559,.F.);
#2430=ORIENTED_EDGE('',*,*,#1540,.F.);
#2431=ORIENTED_EDGE('',*,*,#1582,.F.);
#2432=ORIENTED_EDGE('',*,*,#1594,.F.);
#2433=ORIENTED_EDGE('',*,*,#1611,.F.);
#2434=ORIENTED_EDGE('',*,*,#1592,.F.);
#2435=ORIENTED_EDGE('',*,*,#1704,.F.);
#2436=ORIENTED_EDGE('',*,*,#1700,.F.);
#2437=ORIENTED_EDGE('',*,*,#1457,.F.);
#2438=ORIENTED_EDGE('',*,*,#1697,.F.);
#2439=ORIENTED_EDGE('',*,*,#1482,.F.);
#2440=ORIENTED_EDGE('',*,*,#1493,.F.);
#2441=ORIENTED_EDGE('',*,*,#1508,.F.);
#2442=ORIENTED_EDGE('',*,*,#1696,.F.);
#2443=ORIENTED_EDGE('',*,*,#1534,.F.);
#2444=ORIENTED_EDGE('',*,*,#1545,.F.);
#2445=ORIENTED_EDGE('',*,*,#1560,.F.);
#2446=ORIENTED_EDGE('',*,*,#1695,.F.);
#2447=ORIENTED_EDGE('',*,*,#1586,.F.);
#2448=ORIENTED_EDGE('',*,*,#1597,.F.);
#2449=ORIENTED_EDGE('',*,*,#1612,.F.);
#2450=ORIENTED_EDGE('',*,*,#1694,.F.);
#2451=ORIENTED_EDGE('',*,*,#1634,.F.);
#2452=ORIENTED_EDGE('',*,*,#1644,.F.);
#2453=ORIENTED_EDGE('',*,*,#1406,.T.);
#2454=ORIENTED_EDGE('',*,*,#1702,.T.);
#2455=ORIENTED_EDGE('',*,*,#1676,.T.);
#2456=ORIENTED_EDGE('',*,*,#1678,.T.);
#2457=ORIENTED_EDGE('',*,*,#1680,.T.);
#2458=ORIENTED_EDGE('',*,*,#1672,.T.);
#2459=ORIENTED_EDGE('',*,*,#1681,.T.);
#2460=ORIENTED_EDGE('',*,*,#1687,.T.);
#2461=ORIENTED_EDGE('',*,*,#1689,.T.);
#2462=ORIENTED_EDGE('',*,*,#1691,.T.);
#2463=ORIENTED_EDGE('',*,*,#1693,.T.);
#2464=ORIENTED_EDGE('',*,*,#1699,.T.);
#2465=ORIENTED_EDGE('',*,*,#1704,.T.);
#2466=ORIENTED_EDGE('',*,*,#1701,.T.);
#2467=ORIENTED_EDGE('',*,*,#1446,.T.);
#2468=ORIENTED_EDGE('',*,*,#1455,.T.);
#2469=ORIENTED_EDGE('',*,*,#1703,.T.);
#2470=ORIENTED_EDGE('',*,*,#1665,.T.);
#2471=ORIENTED_EDGE('',*,*,#1668,.T.);
#2472=ORIENTED_EDGE('',*,*,#1670,.T.);
#2473=ORIENTED_EDGE('',*,*,#1428,.T.);
#2474=ORIENTED_EDGE('',*,*,#1407,.T.);
#2475=ORIENTED_EDGE('',*,*,#1410,.T.);
#2476=ORIENTED_EDGE('',*,*,#1671,.T.);
#2477=ORIENTED_EDGE('',*,*,#1660,.T.);
#2478=ORIENTED_EDGE('',*,*,#1663,.T.);
#2479=PLANE('',#2677);
#2480=PLANE('',#2681);
#2481=PLANE('',#2682);
#2482=PLANE('',#2683);
#2483=PLANE('',#2687);
#2484=PLANE('',#2688);
#2485=PLANE('',#2689);
#2486=PLANE('',#2690);
#2487=PLANE('',#2691);
#2488=PLANE('',#2692);
#2489=PLANE('',#2700);
#2490=PLANE('',#2705);
#2491=PLANE('',#2706);
#2492=PLANE('',#2707);
#2493=PLANE('',#2743);
#2494=PLANE('',#2744);
#2495=PLANE('',#2745);
#2496=PLANE('',#2746);
#2497=PLANE('',#2747);
#2498=PLANE('',#2748);
#2499=PLANE('',#2749);
#2500=PLANE('',#2752);
#2501=PLANE('',#2755);
#2502=PLANE('',#2756);
#2503=PLANE('',#2757);
#2504=PLANE('',#2760);
#2505=PLANE('',#2761);
#2506=PLANE('',#2762);
#2507=ADVANCED_FACE('',(#371),#2479,.F.);
#2508=ADVANCED_FACE('',(#372),#369,.T.);
#2509=ADVANCED_FACE('',(#373),#2480,.T.);
#2510=ADVANCED_FACE('',(#374),#2481,.T.);
#2511=ADVANCED_FACE('',(#375),#2482,.F.);
#2512=ADVANCED_FACE('',(#376),#370,.T.);
#2513=ADVANCED_FACE('',(#377),#2483,.T.);
#2514=ADVANCED_FACE('',(#378),#2484,.T.);
#2515=ADVANCED_FACE('',(#379),#2485,.F.);
#2516=ADVANCED_FACE('',(#380),#2486,.T.);
#2517=ADVANCED_FACE('',(#381),#2487,.T.);
#2518=ADVANCED_FACE('',(#382),#2488,.T.);
#2519=ADVANCED_FACE('',(#383),#321,.T.);
#2520=ADVANCED_FACE('',(#384),#322,.T.);
#2521=ADVANCED_FACE('',(#385),#323,.T.);
#2522=ADVANCED_FACE('',(#386),#324,.T.);
#2523=ADVANCED_FACE('',(#387),#325,.T.);
#2524=ADVANCED_FACE('',(#388),#326,.T.);
#2525=ADVANCED_FACE('',(#389),#327,.T.);
#2526=ADVANCED_FACE('',(#390),#39,.F.);
#2527=ADVANCED_FACE('',(#391),#40,.F.);
#2528=ADVANCED_FACE('',(#392),#41,.F.);
#2529=ADVANCED_FACE('',(#393),#42,.F.);
#2530=ADVANCED_FACE('',(#394),#43,.F.);
#2531=ADVANCED_FACE('',(#395),#44,.F.);
#2532=ADVANCED_FACE('',(#396),#45,.F.);
#2533=ADVANCED_FACE('',(#397),#46,.F.);
#2534=ADVANCED_FACE('',(#398,#15,#16),#2489,.F.);
#2535=ADVANCED_FACE('',(#399),#2490,.T.);
#2536=ADVANCED_FACE('',(#400),#2491,.T.);
#2537=ADVANCED_FACE('',(#401),#2492,.T.);
#2538=ADVANCED_FACE('',(#402),#328,.T.);
#2539=ADVANCED_FACE('',(#403),#47,.F.);
#2540=ADVANCED_FACE('',(#404),#48,.F.);
#2541=ADVANCED_FACE('',(#405),#49,.F.);
#2542=ADVANCED_FACE('',(#406),#50,.F.);
#2543=ADVANCED_FACE('',(#407),#51,.F.);
#2544=ADVANCED_FACE('',(#408),#329,.T.);
#2545=ADVANCED_FACE('',(#409),#330,.T.);
#2546=ADVANCED_FACE('',(#410),#331,.T.);
#2547=ADVANCED_FACE('',(#411),#52,.F.);
#2548=ADVANCED_FACE('',(#412),#53,.F.);
#2549=ADVANCED_FACE('',(#413),#54,.F.);
#2550=ADVANCED_FACE('',(#414),#55,.F.);
#2551=ADVANCED_FACE('',(#415),#56,.F.);
#2552=ADVANCED_FACE('',(#416),#57,.F.);
#2553=ADVANCED_FACE('',(#417),#58,.F.);
#2554=ADVANCED_FACE('',(#418),#59,.F.);
#2555=ADVANCED_FACE('',(#419),#60,.F.);
#2556=ADVANCED_FACE('',(#420),#332,.T.);
#2557=ADVANCED_FACE('',(#421),#333,.T.);
#2558=ADVANCED_FACE('',(#422),#334,.T.);
#2559=ADVANCED_FACE('',(#423),#335,.T.);
#2560=ADVANCED_FACE('',(#424),#61,.F.);
#2561=ADVANCED_FACE('',(#425),#62,.F.);
#2562=ADVANCED_FACE('',(#426),#63,.F.);
#2563=ADVANCED_FACE('',(#427),#64,.F.);
#2564=ADVANCED_FACE('',(#428),#65,.F.);
#2565=ADVANCED_FACE('',(#429),#66,.F.);
#2566=ADVANCED_FACE('',(#430),#67,.F.);
#2567=ADVANCED_FACE('',(#431),#68,.F.);
#2568=ADVANCED_FACE('',(#432),#69,.F.);
#2569=ADVANCED_FACE('',(#433),#336,.T.);
#2570=ADVANCED_FACE('',(#434),#337,.T.);
#2571=ADVANCED_FACE('',(#435),#338,.T.);
#2572=ADVANCED_FACE('',(#436),#339,.T.);
#2573=ADVANCED_FACE('',(#437),#70,.F.);
#2574=ADVANCED_FACE('',(#438),#71,.F.);
#2575=ADVANCED_FACE('',(#439),#72,.F.);
#2576=ADVANCED_FACE('',(#440),#73,.F.);
#2577=ADVANCED_FACE('',(#441),#74,.F.);
#2578=ADVANCED_FACE('',(#442),#75,.F.);
#2579=ADVANCED_FACE('',(#443),#76,.F.);
#2580=ADVANCED_FACE('',(#444),#77,.F.);
#2581=ADVANCED_FACE('',(#445),#78,.F.);
#2582=ADVANCED_FACE('',(#446),#340,.T.);
#2583=ADVANCED_FACE('',(#447),#341,.T.);
#2584=ADVANCED_FACE('',(#448),#342,.T.);
#2585=ADVANCED_FACE('',(#449),#343,.T.);
#2586=ADVANCED_FACE('',(#450),#79,.F.);
#2587=ADVANCED_FACE('',(#451),#80,.F.);
#2588=ADVANCED_FACE('',(#452),#81,.F.);
#2589=ADVANCED_FACE('',(#453),#82,.F.);
#2590=ADVANCED_FACE('',(#454),#83,.F.);
#2591=ADVANCED_FACE('',(#455),#84,.F.);
#2592=ADVANCED_FACE('',(#456),#85,.F.);
#2593=ADVANCED_FACE('',(#457),#86,.F.);
#2594=ADVANCED_FACE('',(#458),#87,.F.);
#2595=ADVANCED_FACE('',(#459),#344,.T.);
#2596=ADVANCED_FACE('',(#460),#345,.T.);
#2597=ADVANCED_FACE('',(#461),#346,.T.);
#2598=ADVANCED_FACE('',(#462),#347,.T.);
#2599=ADVANCED_FACE('',(#463),#88,.F.);
#2600=ADVANCED_FACE('',(#464),#89,.F.);
#2601=ADVANCED_FACE('',(#465),#90,.F.);
#2602=ADVANCED_FACE('',(#466),#91,.F.);
#2603=ADVANCED_FACE('',(#467),#92,.F.);
#2604=ADVANCED_FACE('',(#468),#93,.F.);
#2605=ADVANCED_FACE('',(#469),#94,.F.);
#2606=ADVANCED_FACE('',(#470),#95,.F.);
#2607=ADVANCED_FACE('',(#471),#96,.F.);
#2608=ADVANCED_FACE('',(#472),#348,.T.);
#2609=ADVANCED_FACE('',(#473),#349,.T.);
#2610=ADVANCED_FACE('',(#474),#350,.T.);
#2611=ADVANCED_FACE('',(#475),#351,.T.);
#2612=ADVANCED_FACE('',(#476),#97,.F.);
#2613=ADVANCED_FACE('',(#477),#98,.F.);
#2614=ADVANCED_FACE('',(#478),#99,.F.);
#2615=ADVANCED_FACE('',(#479),#100,.F.);
#2616=ADVANCED_FACE('',(#480),#101,.F.);
#2617=ADVANCED_FACE('',(#481),#102,.F.);
#2618=ADVANCED_FACE('',(#482),#103,.F.);
#2619=ADVANCED_FACE('',(#483),#104,.F.);
#2620=ADVANCED_FACE('',(#484),#105,.F.);
#2621=ADVANCED_FACE('',(#485),#352,.T.);
#2622=ADVANCED_FACE('',(#486),#353,.T.);
#2623=ADVANCED_FACE('',(#487),#354,.T.);
#2624=ADVANCED_FACE('',(#488),#355,.T.);
#2625=ADVANCED_FACE('',(#489),#106,.F.);
#2626=ADVANCED_FACE('',(#490),#107,.F.);
#2627=ADVANCED_FACE('',(#491),#108,.F.);
#2628=ADVANCED_FACE('',(#492),#109,.F.);
#2629=ADVANCED_FACE('',(#493),#110,.F.);
#2630=ADVANCED_FACE('',(#494),#111,.F.);
#2631=ADVANCED_FACE('',(#495),#112,.F.);
#2632=ADVANCED_FACE('',(#496),#113,.F.);
#2633=ADVANCED_FACE('',(#497),#114,.F.);
#2634=ADVANCED_FACE('',(#498),#356,.T.);
#2635=ADVANCED_FACE('',(#499),#357,.T.);
#2636=ADVANCED_FACE('',(#500),#358,.T.);
#2637=ADVANCED_FACE('',(#501),#359,.T.);
#2638=ADVANCED_FACE('',(#502),#115,.F.);
#2639=ADVANCED_FACE('',(#503),#116,.F.);
#2640=ADVANCED_FACE('',(#504),#117,.F.);
#2641=ADVANCED_FACE('',(#505),#118,.F.);
#2642=ADVANCED_FACE('',(#506),#119,.F.);
#2643=ADVANCED_FACE('',(#507),#360,.T.);
#2644=ADVANCED_FACE('',(#508),#361,.T.);
#2645=ADVANCED_FACE('',(#509,#17,#18,#19,#20),#2493,.T.);
#2646=ADVANCED_FACE('',(#510,#21,#22,#23,#24),#2494,.T.);
#2647=ADVANCED_FACE('',(#511,#25,#26,#27,#28),#2495,.T.);
#2648=ADVANCED_FACE('',(#512,#29,#30,#31,#32),#2496,.T.);
#2649=ADVANCED_FACE('',(#513),#2497,.T.);
#2650=ADVANCED_FACE('',(#514),#2498,.T.);
#2651=ADVANCED_FACE('',(#515,#33,#34,#35),#2499,.T.);
#2652=ADVANCED_FACE('',(#516),#120,.F.);
#2653=ADVANCED_FACE('',(#517),#362,.T.);
#2654=ADVANCED_FACE('',(#518),#2500,.T.);
#2655=ADVANCED_FACE('',(#519),#363,.T.);
#2656=ADVANCED_FACE('',(#520),#2501,.T.);
#2657=ADVANCED_FACE('',(#521),#2502,.T.);
#2658=ADVANCED_FACE('',(#522),#2503,.T.);
#2659=ADVANCED_FACE('',(#523),#364,.T.);
#2660=ADVANCED_FACE('',(#524,#36,#37,#38),#2504,.T.);
#2661=ADVANCED_FACE('',(#525),#2505,.T.);
#2662=ADVANCED_FACE('',(#526),#2506,.T.);
#2663=CLOSED_SHELL('',(#2507,#2508,#2509,#2510,#2511,#2512,#2513,#2514,
#2515,#2516,#2517,#2518,#2519,#2520,#2521,#2522,#2523,#2524,#2525,#2526,
#2527,#2528,#2529,#2530,#2531,#2532,#2533,#2534,#2535,#2536,#2537,#2538,
#2539,#2540,#2541,#2542,#2543,#2544,#2545,#2546,#2547,#2548,#2549,#2550,
#2551,#2552,#2553,#2554,#2555,#2556,#2557,#2558,#2559,#2560,#2561,#2562,
#2563,#2564,#2565,#2566,#2567,#2568,#2569,#2570,#2571,#2572,#2573,#2574,
#2575,#2576,#2577,#2578,#2579,#2580,#2581,#2582,#2583,#2584,#2585,#2586,
#2587,#2588,#2589,#2590,#2591,#2592,#2593,#2594,#2595,#2596,#2597,#2598,
#2599,#2600,#2601,#2602,#2603,#2604,#2605,#2606,#2607,#2608,#2609,#2610,
#2611,#2612,#2613,#2614,#2615,#2616,#2617,#2618,#2619,#2620,#2621,#2622,
#2623,#2624,#2625,#2626,#2627,#2628,#2629,#2630,#2631,#2632,#2633,#2634,
#2635,#2636,#2637,#2638,#2639,#2640,#2641,#2642,#2643,#2644,#2645,#2646,
#2647,#2648,#2649,#2650,#2651,#2652,#2653,#2654,#2655,#2656,#2657,#2658,
#2659,#2660,#2661,#2662));
#2664=DERIVED_UNIT_ELEMENT(#2666,1.);
#2665=DERIVED_UNIT_ELEMENT(#6699,-3.);
#2666=(
MASS_UNIT()
NAMED_UNIT(*)
SI_UNIT(.KILO.,.GRAM.)
);
#2667=DERIVED_UNIT((#2664,#2665));
#2668=MEASURE_REPRESENTATION_ITEM('density measure',
POSITIVE_RATIO_MEASURE(1541.),#2667);
#2669=PROPERTY_DEFINITION_REPRESENTATION(#2674,#2671);
#2670=PROPERTY_DEFINITION_REPRESENTATION(#2675,#2672);
#2671=REPRESENTATION('material name',(#2673),#6696);
#2672=REPRESENTATION('density',(#2668),#6696);
#2673=DESCRIPTIVE_REPRESENTATION_ITEM('PET Plastic','PET Plastic');
#2674=PROPERTY_DEFINITION('material property','material name',#6706);
#2675=PROPERTY_DEFINITION('material property','density of part',#6706);
#2676=AXIS2_PLACEMENT_3D('',#3108,#2763,#2764);
#2677=AXIS2_PLACEMENT_3D('',#3109,#2765,#2766);
#2678=AXIS2_PLACEMENT_3D('',#3114,#2768,#2769);
#2679=AXIS2_PLACEMENT_3D('',#3116,#2771,#2772);
#2680=AXIS2_PLACEMENT_3D('',#3122,#2773,#2774);
#2681=AXIS2_PLACEMENT_3D('',#3126,#2775,#2776);
#2682=AXIS2_PLACEMENT_3D('',#3130,#2779,#2780);
#2683=AXIS2_PLACEMENT_3D('',#3132,#2782,#2783);
#2684=AXIS2_PLACEMENT_3D('',#3137,#2785,#2786);
#2685=AXIS2_PLACEMENT_3D('',#3139,#2788,#2789);
#2686=AXIS2_PLACEMENT_3D('',#3145,#2790,#2791);
#2687=AXIS2_PLACEMENT_3D('',#3149,#2792,#2793);
#2688=AXIS2_PLACEMENT_3D('',#3152,#2796,#2797);
#2689=AXIS2_PLACEMENT_3D('',#3154,#2799,#2800);
#2690=AXIS2_PLACEMENT_3D('',#3161,#2804,#2805);
#2691=AXIS2_PLACEMENT_3D('',#3167,#2809,#2810);
#2692=AXIS2_PLACEMENT_3D('',#3171,#2813,#2814);
#2693=AXIS2_PLACEMENT_3D('',#3173,#2816,#2817);
#2694=AXIS2_PLACEMENT_3D('',#3188,#2820,#2821);
#2695=AXIS2_PLACEMENT_3D('',#3203,#2824,#2825);
#2696=AXIS2_PLACEMENT_3D('',#3218,#2828,#2829);
#2697=AXIS2_PLACEMENT_3D('',#3233,#2832,#2833);
#2698=AXIS2_PLACEMENT_3D('',#3248,#2836,#2837);
#2699=AXIS2_PLACEMENT_3D('',#3263,#2840,#2841);
#2700=AXIS2_PLACEMENT_3D('',#3561,#2844,#2845);
#2701=AXIS2_PLACEMENT_3D('',#3564,#2846,#2847);
#2702=AXIS2_PLACEMENT_3D('',#3572,#2851,#2852);
#2703=AXIS2_PLACEMENT_3D('',#3578,#2855,#2856);
#2704=AXIS2_PLACEMENT_3D('',#3645,#2868,#2869);
#2705=AXIS2_PLACEMENT_3D('',#3649,#2872,#2873);
#2706=AXIS2_PLACEMENT_3D('',#3655,#2877,#2878);
#2707=AXIS2_PLACEMENT_3D('',#3715,#2889,#2890);
#2708=AXIS2_PLACEMENT_3D('',#3775,#2901,#2902);
#2709=AXIS2_PLACEMENT_3D('',#3778,#2903,#2904);
#2710=AXIS2_PLACEMENT_3D('',#4010,#2906,#2907);
#2711=AXIS2_PLACEMENT_3D('',#4019,#2910,#2911);
#2712=AXIS2_PLACEMENT_3D('',#4028,#2914,#2915);
#2713=AXIS2_PLACEMENT_3D('',#4340,#2917,#2918);
#2714=AXIS2_PLACEMENT_3D('',#4349,#2921,#2922);
#2715=AXIS2_PLACEMENT_3D('',#4358,#2925,#2926);
#2716=AXIS2_PLACEMENT_3D('',#4365,#2928,#2929);
#2717=AXIS2_PLACEMENT_3D('',#4667,#2932,#2933);
#2718=AXIS2_PLACEMENT_3D('',#4676,#2936,#2937);
#2719=AXIS2_PLACEMENT_3D('',#4685,#2940,#2941);
#2720=AXIS2_PLACEMENT_3D('',#4694,#2944,#2945);
#2721=AXIS2_PLACEMENT_3D('',#4994,#2947,#2948);
#2722=AXIS2_PLACEMENT_3D('',#5003,#2951,#2952);
#2723=AXIS2_PLACEMENT_3D('',#5012,#2955,#2956);
#2724=AXIS2_PLACEMENT_3D('',#5019,#2958,#2959);
#2725=AXIS2_PLACEMENT_3D('',#5321,#2962,#2963);
#2726=AXIS2_PLACEMENT_3D('',#5330,#2966,#2967);
#2727=AXIS2_PLACEMENT_3D('',#5339,#2970,#2971);
#2728=AXIS2_PLACEMENT_3D('',#5348,#2974,#2975);
#2729=AXIS2_PLACEMENT_3D('',#5648,#2977,#2978);
#2730=AXIS2_PLACEMENT_3D('',#5657,#2981,#2982);
#2731=AXIS2_PLACEMENT_3D('',#5666,#2985,#2986);
#2732=AXIS2_PLACEMENT_3D('',#5673,#2988,#2989);
#2733=AXIS2_PLACEMENT_3D('',#5975,#2992,#2993);
#2734=AXIS2_PLACEMENT_3D('',#5984,#2996,#2997);
#2735=AXIS2_PLACEMENT_3D('',#5993,#3000,#3001);
#2736=AXIS2_PLACEMENT_3D('',#6002,#3004,#3005);
#2737=AXIS2_PLACEMENT_3D('',#6302,#3007,#3008);
#2738=AXIS2_PLACEMENT_3D('',#6311,#3011,#3012);
#2739=AXIS2_PLACEMENT_3D('',#6314,#3015,#3016);
#2740=AXIS2_PLACEMENT_3D('',#6322,#3019,#3020);
#2741=AXIS2_PLACEMENT_3D('',#6569,#3022,#3023);
#2742=AXIS2_PLACEMENT_3D('',#6572,#3026,#3027);
#2743=AXIS2_PLACEMENT_3D('',#6574,#3029,#3030);
#2744=AXIS2_PLACEMENT_3D('',#6580,#3034,#3035);
#2745=AXIS2_PLACEMENT_3D('',#6584,#3038,#3039);
#2746=AXIS2_PLACEMENT_3D('',#6590,#3043,#3044);
#2747=AXIS2_PLACEMENT_3D('',#6594,#3047,#3048);
#2748=AXIS2_PLACEMENT_3D('',#6596,#3050,#3051);
#2749=AXIS2_PLACEMENT_3D('',#6598,#3053,#3054);
#2750=AXIS2_PLACEMENT_3D('',#6652,#3060,#3061);
#2751=AXIS2_PLACEMENT_3D('',#6653,#3062,#3063);
#2752=AXIS2_PLACEMENT_3D('',#6654,#3064,#3065);
#2753=AXIS2_PLACEMENT_3D('',#6662,#3072,#3073);
#2754=AXIS2_PLACEMENT_3D('',#6664,#3074,#3075);
#2755=AXIS2_PLACEMENT_3D('',#6666,#3077,#3078);
#2756=AXIS2_PLACEMENT_3D('',#6670,#3081,#3082);
#2757=AXIS2_PLACEMENT_3D('',#6674,#3085,#3086);
#2758=AXIS2_PLACEMENT_3D('',#6682,#3093,#3094);
#2759=AXIS2_PLACEMENT_3D('',#6684,#3095,#3096);
#2760=AXIS2_PLACEMENT_3D('',#6686,#3098,#3099);
#2761=AXIS2_PLACEMENT_3D('',#6691,#3103,#3104);
#2762=AXIS2_PLACEMENT_3D('',#6693,#3106,#3107);
#2763=DIRECTION('axis',(0.,0.,1.));
#2764=DIRECTION('refdir',(1.,0.,0.));
#2765=DIRECTION('center_axis',(0.,0.,-1.));
#2766=DIRECTION('ref_axis',(-2.22044604925031E-16,1.,0.));
#2767=DIRECTION('',(-1.,-1.87350135405495E-16,0.));
#2768=DIRECTION('center_axis',(0.,0.,-1.));
#2769=DIRECTION('ref_axis',(-2.22044604925031E-16,1.,0.));
#2770=DIRECTION('',(-1.87350135405495E-16,1.,0.));
#2771=DIRECTION('center_axis',(0.,0.,-1.));
#2772=DIRECTION('ref_axis',(-2.22044604925031E-16,1.,0.));
#2773=DIRECTION('center_axis',(0.,0.,-1.));
#2774=DIRECTION('ref_axis',(-2.22044604925031E-16,1.,0.));
#2775=DIRECTION('center_axis',(-0.707106781186548,-1.32476551201444E-16,
0.707106781186548));
#2776=DIRECTION('ref_axis',(1.87350135405495E-16,-1.,0.));
#2777=DIRECTION('',(-1.87350135405495E-16,1.,0.));
#2778=DIRECTION('',(0.577350269189626,0.577350269189626,0.577350269189626));
#2779=DIRECTION('center_axis',(1.32476551201444E-16,-0.707106781186548,
0.707106781186547));
#2780=DIRECTION('ref_axis',(1.,1.87350135405495E-16,0.));
#2781=DIRECTION('',(-1.,-1.87350135405495E-16,0.));
#2782=DIRECTION('center_axis',(0.,0.,-1.));
#2783=DIRECTION('ref_axis',(-2.22044604925031E-16,1.,0.));
#2784=DIRECTION('',(1.,1.87350135405495E-16,0.));
#2785=DIRECTION('center_axis',(0.,0.,-1.));
#2786=DIRECTION('ref_axis',(-2.22044604925031E-16,1.,0.));
#2787=DIRECTION('',(1.87350135405495E-16,-1.,0.));
#2788=DIRECTION('center_axis',(0.,0.,-1.));
#2789=DIRECTION('ref_axis',(-2.22044604925031E-16,1.,0.));
#2790=DIRECTION('center_axis',(0.,0.,-1.));
#2791=DIRECTION('ref_axis',(-2.22044604925031E-16,1.,0.));
#2792=DIRECTION('center_axis',(0.707106781186548,1.32476551201444E-16,0.707106781186547));
#2793=DIRECTION('ref_axis',(-1.87350135405495E-16,1.,0.));
#2794=DIRECTION('',(1.87350135405495E-16,-1.,0.));
#2795=DIRECTION('',(-0.577350269189626,-0.577350269189626,0.577350269189626));
#2796=DIRECTION('center_axis',(-1.32476551201443E-16,0.707106781186547,
0.707106781186548));
#2797=DIRECTION('ref_axis',(-1.,-1.87350135405495E-16,0.));
#2798=DIRECTION('',(1.,1.87350135405495E-16,0.));
#2799=DIRECTION('center_axis',(0.,0.,-1.));
#2800=DIRECTION('ref_axis',(-2.22044604925031E-16,1.,0.));
#2801=DIRECTION('',(0.447213595497817,0.894427191000986,0.));
#2802=DIRECTION('',(-1.,3.81783493709314E-12,0.));
#2803=DIRECTION('',(0.44721359550141,-0.89442719099919,0.));
#2804=DIRECTION('center_axis',(-2.69961697346947E-12,-0.707106781186547,
0.707106781186548));
#2805=DIRECTION('ref_axis',(1.,-3.81783493709314E-12,0.));
#2806=DIRECTION('',(0.752937760164188,0.465341127193944,0.465341127196818));
#2807=DIRECTION('',(-1.,3.81783493709314E-12,0.));
#2808=DIRECTION('',(-0.752937760164883,0.465341127196256,0.465341127193381));
#2809=DIRECTION('center_axis',(0.632455532033162,0.316227766017865,0.707106781186548));
#2810=DIRECTION('ref_axis',(-0.44721359550141,0.89442719099919,0.));
#2811=DIRECTION('',(0.44721359550141,-0.89442719099919,0.));
#2812=DIRECTION('',(1.83401032348081E-12,-0.912870929175394,0.408248290463601));
#2813=DIRECTION('center_axis',(-0.632455532034432,0.316227766015324,0.707106781186548));
#2814=DIRECTION('ref_axis',(-0.447213595497817,-0.894427191000986,0.));
#2815=DIRECTION('',(0.447213595497817,0.894427191000986,0.));
#2816=DIRECTION('center_axis',(0.,0.,-1.));
#2817=DIRECTION('ref_axis',(-2.22044604925031E-16,1.,0.));
#2818=DIRECTION('',(0.,0.,1.));
#2819=DIRECTION('',(0.,0.,-1.));
#2820=DIRECTION('center_axis',(0.,0.,-1.));
#2821=DIRECTION('ref_axis',(-2.22044604925031E-16,1.,0.));
#2822=DIRECTION('',(0.,0.,1.));
#2823=DIRECTION('',(0.,0.,-1.));
#2824=DIRECTION('center_axis',(0.,0.,-1.));
#2825=DIRECTION('ref_axis',(-2.22044604925031E-16,1.,0.));
#2826=DIRECTION('',(0.,0.,1.));
#2827=DIRECTION('',(0.,0.,-1.));
#2828=DIRECTION('center_axis',(0.,0.,-1.));
#2829=DIRECTION('ref_axis',(-2.22044604925031E-16,1.,0.));
#2830=DIRECTION('',(0.,0.,1.));
#2831=DIRECTION('',(0.,0.,-1.));
#2832=DIRECTION('center_axis',(0.,0.,-1.));
#2833=DIRECTION('ref_axis',(-2.22044604925031E-16,1.,0.));
#2834=DIRECTION('',(0.,0.,1.));
#2835=DIRECTION('',(0.,0.,-1.));
#2836=DIRECTION('center_axis',(0.,0.,-1.));
#2837=DIRECTION('ref_axis',(-2.22044604925031E-16,1.,0.));
#2838=DIRECTION('',(0.,0.,1.));
#2839=DIRECTION('',(0.,0.,-1.));
#2840=DIRECTION('center_axis',(0.,0.,-1.));
#2841=DIRECTION('ref_axis',(-2.22044604925031E-16,1.,0.));
#2842=DIRECTION('',(0.,0.,1.));
#2843=DIRECTION('',(0.,0.,-1.));
#2844=DIRECTION('center_axis',(0.,0.,-1.));
#2845=DIRECTION('ref_axis',(-2.22044604925031E-16,1.,0.));
#2846=DIRECTION('center_axis',(0.,0.,-1.));
#2847=DIRECTION('ref_axis',(-2.22044604925031E-16,1.,0.));
#2848=DIRECTION('',(-0.707106781186548,0.707106781186547,0.));
#2849=DIRECTION('',(-1.,-2.22044604925031E-16,0.));
#2850=DIRECTION('',(0.707106781186547,0.707106781186548,0.));
#2851=DIRECTION('center_axis',(0.,0.,-1.));
#2852=DIRECTION('ref_axis',(-2.22044604925031E-16,1.,0.));
#2853=DIRECTION('',(1.,2.22044604925031E-16,0.));
#2854=DIRECTION('',(0.707106781186548,0.707106781186547,0.));
#2855=DIRECTION('center_axis',(0.,0.,-1.));
#2856=DIRECTION('ref_axis',(-2.22044604925031E-16,1.,0.));
#2857=DIRECTION('',(0.707106781186548,0.707106781186547,0.));
#2858=DIRECTION('',(-2.35027172725178E-17,1.,0.));
#2859=DIRECTION('',(-0.707106781186548,0.707106781186547,0.));
#2860=DIRECTION('',(-1.,-2.22044604925031E-16,0.));
#2861=DIRECTION('',(0.707106781186547,-0.707106781186548,0.));
#2862=DIRECTION('',(1.,1.0834607111006E-15,0.));
#2863=DIRECTION('',(-0.707106781186548,-0.707106781186547,0.));
#2864=DIRECTION('',(-1.,-2.22044604925031E-16,0.));
#2865=DIRECTION('',(-0.707106781186547,-0.707106781186548,0.));
#2866=DIRECTION('',(2.22044604925031E-16,-1.,0.));
#2867=DIRECTION('',(0.707106781186547,-0.707106781186547,0.));
#2868=DIRECTION('center_axis',(0.,0.,-1.));
#2869=DIRECTION('ref_axis',(-2.22044604925031E-16,1.,0.));
#2870=DIRECTION('',(0.707106781186548,-0.707106781186548,0.));
#2871=DIRECTION('',(1.,2.22044604925031E-16,0.));
#2872=DIRECTION('center_axis',(1.0834607111006E-15,-1.,0.));
#2873=DIRECTION('ref_axis',(-1.,-1.0834607111006E-15,0.));
#2874=DIRECTION('',(-1.,-1.0834607111006E-15,0.));
#2875=DIRECTION('',(0.,0.,-1.));
#2876=DIRECTION('',(0.,0.,-1.));
#2877=DIRECTION('center_axis',(-0.707106781186548,-0.707106781186547,0.));
#2878=DIRECTION('ref_axis',(-0.707106781186547,0.707106781186548,0.));
#2879=DIRECTION('',(-0.707106781186547,0.707106781186548,0.));
#2880=DIRECTION('',(0.,0.,-1.));
#2881=DIRECTION('',(0.,0.,1.));
#2882=DIRECTION('',(0.,0.,-1.));
#2883=DIRECTION('',(0.,0.,1.));
#2884=DIRECTION('',(0.,0.,-1.));
#2885=DIRECTION('',(0.,0.,1.));
#2886=DIRECTION('',(0.,0.,-1.));
#2887=DIRECTION('',(0.,0.,1.));
#2888=DIRECTION('',(0.,0.,-1.));
#2889=DIRECTION('center_axis',(0.707106781186547,-0.707106781186548,0.));
#2890=DIRECTION('ref_axis',(-0.707106781186548,-0.707106781186547,0.));
#2891=DIRECTION('',(-0.707106781186548,-0.707106781186547,0.));
#2892=DIRECTION('',(0.,0.,1.));
#2893=DIRECTION('',(0.,0.,-1.));
#2894=DIRECTION('',(0.,0.,1.));
#2895=DIRECTION('',(0.,0.,-1.));
#2896=DIRECTION('',(0.,0.,1.));
#2897=DIRECTION('',(0.,0.,-1.));
#2898=DIRECTION('',(0.,0.,1.));
#2899=DIRECTION('',(0.,0.,-1.));
#2900=DIRECTION('',(0.,0.,1.));
#2901=DIRECTION('center_axis',(0.,0.,-1.));
#2902=DIRECTION('ref_axis',(-2.22044604925031E-16,1.,0.));
#2903=DIRECTION('center_axis',(0.,0.,-1.));
#2904=DIRECTION('ref_axis',(-2.22044604925031E-16,1.,0.));
#2905=DIRECTION('',(0.,0.,1.));
#2906=DIRECTION('center_axis',(0.,0.,-1.));
#2907=DIRECTION('ref_axis',(-2.22044604925031E-16,1.,0.));
#2908=DIRECTION('',(0.,0.,1.));
#2909=DIRECTION('',(0.,0.,-1.));
#2910=DIRECTION('center_axis',(0.,0.,-1.));
#2911=DIRECTION('ref_axis',(-2.22044604925031E-16,1.,0.));
#2912=DIRECTION('',(0.,0.,1.));
#2913=DIRECTION('',(0.,0.,-1.));
#2914=DIRECTION('center_axis',(0.,0.,-1.));
#2915=DIRECTION('ref_axis',(-2.22044604925031E-16,1.,0.));
#2916=DIRECTION('',(0.,0.,-1.));
#2917=DIRECTION('center_axis',(0.,0.,-1.));
#2918=DIRECTION('ref_axis',(-2.22044604925031E-16,1.,0.));
#2919=DIRECTION('',(0.,0.,1.));
#2920=DIRECTION('',(0.,0.,-1.));
#2921=DIRECTION('center_axis',(0.,0.,-1.));
#2922=DIRECTION('ref_axis',(-2.22044604925031E-16,1.,0.));
#2923=DIRECTION('',(0.,0.,1.));
#2924=DIRECTION('',(0.,0.,-1.));
#2925=DIRECTION('center_axis',(0.,0.,-1.));
#2926=DIRECTION('ref_axis',(-2.22044604925031E-16,1.,0.));
#2927=DIRECTION('',(0.,0.,1.));
#2928=DIRECTION('center_axis',(0.,0.,-1.));
#2929=DIRECTION('ref_axis',(-2.22044604925031E-16,1.,0.));
#2930=DIRECTION('',(0.,0.,-1.));
#2931=DIRECTION('',(0.,0.,1.));
#2932=DIRECTION('center_axis',(0.,0.,-1.));
#2933=DIRECTION('ref_axis',(-2.22044604925031E-16,1.,0.));
#2934=DIRECTION('',(0.,0.,1.));
#2935=DIRECTION('',(0.,0.,-1.));
#2936=DIRECTION('center_axis',(0.,0.,-1.));
#2937=DIRECTION('ref_axis',(-2.22044604925031E-16,1.,0.));
#2938=DIRECTION('',(0.,0.,1.));
#2939=DIRECTION('',(0.,0.,-1.));
#2940=DIRECTION('center_axis',(0.,0.,-1.));
#2941=DIRECTION('ref_axis',(-2.22044604925031E-16,1.,0.));
#2942=DIRECTION('',(0.,0.,1.));
#2943=DIRECTION('',(0.,0.,-1.));
#2944=DIRECTION('center_axis',(0.,0.,-1.));
#2945=DIRECTION('ref_axis',(-2.22044604925031E-16,1.,0.));
#2946=DIRECTION('',(0.,0.,-1.));
#2947=DIRECTION('center_axis',(0.,0.,-1.));
#2948=DIRECTION('ref_axis',(-2.22044604925031E-16,1.,0.));
#2949=DIRECTION('',(0.,0.,1.));
#2950=DIRECTION('',(0.,0.,-1.));
#2951=DIRECTION('center_axis',(0.,0.,-1.));
#2952=DIRECTION('ref_axis',(-2.22044604925031E-16,1.,0.));
#2953=DIRECTION('',(0.,0.,1.));
#2954=DIRECTION('',(0.,0.,-1.));
#2955=DIRECTION('center_axis',(0.,0.,-1.));
#2956=DIRECTION('ref_axis',(-2.22044604925031E-16,1.,0.));
#2957=DIRECTION('',(0.,0.,1.));
#2958=DIRECTION('center_axis',(0.,0.,-1.));
#2959=DIRECTION('ref_axis',(-2.22044604925031E-16,1.,0.));
#2960=DIRECTION('',(0.,0.,-1.));
#2961=DIRECTION('',(0.,0.,1.));
#2962=DIRECTION('center_axis',(0.,0.,-1.));
#2963=DIRECTION('ref_axis',(-2.22044604925031E-16,1.,0.));
#2964=DIRECTION('',(0.,0.,1.));
#2965=DIRECTION('',(0.,0.,-1.));
#2966=DIRECTION('center_axis',(0.,0.,-1.));
#2967=DIRECTION('ref_axis',(-2.22044604925031E-16,1.,0.));
#2968=DIRECTION('',(0.,0.,1.));
#2969=DIRECTION('',(0.,0.,-1.));
#2970=DIRECTION('center_axis',(0.,0.,-1.));
#2971=DIRECTION('ref_axis',(-2.22044604925031E-16,1.,0.));
#2972=DIRECTION('',(0.,0.,1.));
#2973=DIRECTION('',(0.,0.,-1.));
#2974=DIRECTION('center_axis',(0.,0.,-1.));
#2975=DIRECTION('ref_axis',(-2.22044604925031E-16,1.,0.));
#2976=DIRECTION('',(0.,0.,-1.));
#2977=DIRECTION('center_axis',(0.,0.,-1.));
#2978=DIRECTION('ref_axis',(-2.22044604925031E-16,1.,0.));
#2979=DIRECTION('',(0.,0.,1.));
#2980=DIRECTION('',(0.,0.,-1.));
#2981=DIRECTION('center_axis',(0.,0.,-1.));
#2982=DIRECTION('ref_axis',(-2.22044604925031E-16,1.,0.));
#2983=DIRECTION('',(0.,0.,1.));
#2984=DIRECTION('',(0.,0.,-1.));
#2985=DIRECTION('center_axis',(0.,0.,-1.));
#2986=DIRECTION('ref_axis',(-2.22044604925031E-16,1.,0.));
#2987=DIRECTION('',(0.,0.,1.));
#2988=DIRECTION('center_axis',(0.,0.,-1.));
#2989=DIRECTION('ref_axis',(-2.22044604925031E-16,1.,0.));
#2990=DIRECTION('',(0.,0.,-1.));
#2991=DIRECTION('',(0.,0.,1.));
#2992=DIRECTION('center_axis',(0.,0.,-1.));
#2993=DIRECTION('ref_axis',(-2.22044604925031E-16,1.,0.));
#2994=DIRECTION('',(0.,0.,1.));
#2995=DIRECTION('',(0.,0.,-1.));
#2996=DIRECTION('center_axis',(0.,0.,-1.));
#2997=DIRECTION('ref_axis',(-2.22044604925031E-16,1.,0.));
#2998=DIRECTION('',(0.,0.,1.));
#2999=DIRECTION('',(0.,0.,-1.));
#3000=DIRECTION('center_axis',(0.,0.,-1.));
#3001=DIRECTION('ref_axis',(-2.22044604925031E-16,1.,0.));
#3002=DIRECTION('',(0.,0.,1.));
#3003=DIRECTION('',(0.,0.,-1.));
#3004=DIRECTION('center_axis',(0.,0.,-1.));
#3005=DIRECTION('ref_axis',(-2.22044604925031E-16,1.,0.));
#3006=DIRECTION('',(0.,0.,-1.));
#3007=DIRECTION('center_axis',(0.,0.,-1.));
#3008=DIRECTION('ref_axis',(-2.22044604925031E-16,1.,0.));
#3009=DIRECTION('',(0.,0.,1.));
#3010=DIRECTION('',(0.,0.,-1.));
#3011=DIRECTION('center_axis',(0.,0.,-1.));
#3012=DIRECTION('ref_axis',(-2.22044604925031E-16,1.,0.));
#3013=DIRECTION('',(0.,0.,-1.));
#3014=DIRECTION('',(0.,0.,1.));
#3015=DIRECTION('center_axis',(0.,0.,-1.));
#3016=DIRECTION('ref_axis',(-2.22044604925031E-16,1.,0.));
#3017=DIRECTION('',(0.,0.,1.));
#3018=DIRECTION('',(0.,0.,-1.));
#3019=DIRECTION('center_axis',(0.,0.,-1.));
#3020=DIRECTION('ref_axis',(-2.22044604925031E-16,1.,0.));
#3021=DIRECTION('',(0.,0.,1.));
#3022=DIRECTION('center_axis',(0.,0.,-1.));
#3023=DIRECTION('ref_axis',(-2.22044604925031E-16,1.,0.));
#3024=DIRECTION('',(0.,0.,1.));
#3025=DIRECTION('',(0.,0.,-1.));
#3026=DIRECTION('center_axis',(0.,0.,-1.));
#3027=DIRECTION('ref_axis',(-2.22044604925031E-16,1.,0.));
#3028=DIRECTION('',(0.,0.,-1.));
#3029=DIRECTION('center_axis',(-0.707106781186547,-0.707106781186548,0.));
#3030=DIRECTION('ref_axis',(-0.707106781186548,0.707106781186547,0.));
#3031=DIRECTION('',(-0.707106781186548,0.707106781186547,0.));
#3032=DIRECTION('',(0.,0.,-1.));
#3033=DIRECTION('',(0.,0.,-1.));
#3034=DIRECTION('center_axis',(-1.,-2.35027172725178E-17,0.));
#3035=DIRECTION('ref_axis',(-2.35027172725178E-17,1.,0.));
#3036=DIRECTION('',(-2.35027172725178E-17,1.,0.));
#3037=DIRECTION('',(0.,0.,-1.));
#3038=DIRECTION('center_axis',(1.,2.22044604925031E-16,0.));
#3039=DIRECTION('ref_axis',(2.22044604925031E-16,-1.,0.));
#3040=DIRECTION('',(2.22044604925031E-16,-1.,0.));
#3041=DIRECTION('',(0.,0.,-1.));
#3042=DIRECTION('',(0.,0.,-1.));
#3043=DIRECTION('center_axis',(0.707106781186548,-0.707106781186547,0.));
#3044=DIRECTION('ref_axis',(-0.707106781186547,-0.707106781186548,0.));
#3045=DIRECTION('',(-0.707106781186547,-0.707106781186548,0.));
#3046=DIRECTION('',(0.,0.,-1.));
#3047=DIRECTION('center_axis',(2.22044604925031E-16,-1.,0.));
#3048=DIRECTION('ref_axis',(-1.,-2.22044604925031E-16,0.));
#3049=DIRECTION('',(-1.,-2.22044604925031E-16,0.));
#3050=DIRECTION('center_axis',(2.22044604925031E-16,-1.,0.));
#3051=DIRECTION('ref_axis',(-1.,-2.22044604925031E-16,0.));
#3052=DIRECTION('',(-1.,-2.22044604925031E-16,0.));
#3053=DIRECTION('center_axis',(-0.707106781186547,0.707106781186548,0.));
#3054=DIRECTION('ref_axis',(0.707106781186548,0.707106781186547,0.));
#3055=DIRECTION('',(0.707106781186548,0.707106781186547,0.));
#3056=DIRECTION('',(0.,0.,-1.));
#3057=DIRECTION('',(0.,0.,1.));
#3058=DIRECTION('',(0.707106781186548,0.707106781186547,0.));
#3059=DIRECTION('',(0.,0.,-1.));
#3060=DIRECTION('center_axis',(0.,0.,-1.));
#3061=DIRECTION('ref_axis',(-2.22044604925031E-16,1.,0.));
#3062=DIRECTION('center_axis',(0.,0.,-1.));
#3063=DIRECTION('ref_axis',(-2.22044604925031E-16,1.,0.));
#3064=DIRECTION('center_axis',(-2.22044604925031E-16,1.,0.));
#3065=DIRECTION('ref_axis',(1.,2.22044604925031E-16,0.));
#3066=DIRECTION('',(1.,2.22044604925031E-16,0.));
#3067=DIRECTION('',(0.,0.,1.));
#3068=DIRECTION('',(0.,0.,1.));
#3069=DIRECTION('',(0.,0.,1.));
#3070=DIRECTION('',(0.,0.,1.));
#3071=DIRECTION('',(0.,0.,1.));
#3072=DIRECTION('center_axis',(0.,0.,-1.));
#3073=DIRECTION('ref_axis',(-2.22044604925031E-16,1.,0.));
#3074=DIRECTION('center_axis',(0.,0.,-1.));
#3075=DIRECTION('ref_axis',(-2.22044604925031E-16,1.,0.));
#3076=DIRECTION('',(0.,0.,-1.));
#3077=DIRECTION('center_axis',(-0.707106781186548,0.707106781186547,0.));
#3078=DIRECTION('ref_axis',(0.707106781186547,0.707106781186548,0.));
#3079=DIRECTION('',(0.707106781186547,0.707106781186548,0.));
#3080=DIRECTION('',(0.,0.,-1.));
#3081=DIRECTION('center_axis',(-2.22044604925031E-16,1.,0.));
#3082=DIRECTION('ref_axis',(1.,2.22044604925031E-16,0.));
#3083=DIRECTION('',(1.,2.22044604925031E-16,0.));
#3084=DIRECTION('',(0.,0.,-1.));
#3085=DIRECTION('center_axis',(0.707106781186547,0.707106781186548,0.));
#3086=DIRECTION('ref_axis',(0.707106781186548,-0.707106781186547,0.));
#3087=DIRECTION('',(0.707106781186548,-0.707106781186547,0.));
#3088=DIRECTION('',(0.,0.,-1.));
#3089=DIRECTION('',(0.,0.,-1.));
#3090=DIRECTION('',(0.,0.,-1.));
#3091=DIRECTION('',(0.,0.,-1.));
#3092=DIRECTION('',(0.,0.,1.));
#3093=DIRECTION('center_axis',(0.,0.,-1.));
#3094=DIRECTION('ref_axis',(-2.22044604925031E-16,1.,0.));
#3095=DIRECTION('center_axis',(0.,0.,-1.));
#3096=DIRECTION('ref_axis',(-2.22044604925031E-16,1.,0.));
#3097=DIRECTION('',(0.,0.,-1.));
#3098=DIRECTION('center_axis',(0.707106781186548,0.707106781186548,0.));
#3099=DIRECTION('ref_axis',(0.707106781186548,-0.707106781186548,0.));
#3100=DIRECTION('',(0.707106781186548,-0.707106781186548,0.));
#3101=DIRECTION('',(0.,0.,-1.));
#3102=DIRECTION('',(0.707106781186547,-0.707106781186547,0.));
#3103=DIRECTION('center_axis',(-2.22044604925031E-16,1.,0.));
#3104=DIRECTION('ref_axis',(1.,2.22044604925031E-16,0.));
#3105=DIRECTION('',(1.,2.22044604925031E-16,0.));
#3106=DIRECTION('center_axis',(0.,0.,-1.));
#3107=DIRECTION('ref_axis',(-2.22044604925031E-16,1.,0.));
#3108=CARTESIAN_POINT('',(0.,0.,0.));
#3109=CARTESIAN_POINT('Origin',(0.375,0.375,0.1));
#3110=CARTESIAN_POINT('',(0.642261628933257,0.1,0.1));
#3111=CARTESIAN_POINT('',(0.0999999999999999,0.1,0.1));
#3112=CARTESIAN_POINT('',(-0.75,0.0999999999999999,0.1));
#3113=CARTESIAN_POINT('',(0.0999999999999999,0.642261628933257,0.1));
#3114=CARTESIAN_POINT('Origin',(0.,0.,0.1));
#3115=CARTESIAN_POINT('',(0.0999999999999999,0.75,0.1));
#3116=CARTESIAN_POINT('Origin',(0.,0.,0.));
#3117=CARTESIAN_POINT('',(0.75,1.40512601554121E-16,0.));
#3118=CARTESIAN_POINT('Ctrl Pts',(0.749999999999964,3.59831522217524E-14,
3.58410133169396E-14));
#3119=CARTESIAN_POINT('Ctrl Pts',(0.696130814466534,0.0538691855334639,
0.0538691855334638));
#3120=CARTESIAN_POINT('Ctrl Pts',(0.642261628933104,0.100000000000131,0.100000000000131));
#3121=CARTESIAN_POINT('',(-1.40512601554121E-16,0.75,0.));
#3122=CARTESIAN_POINT('Origin',(0.,0.,0.));
#3123=CARTESIAN_POINT('Ctrl Pts',(3.57118848381966E-14,0.749999999999964,
3.58534816419231E-14));
#3124=CARTESIAN_POINT('Ctrl Pts',(0.0538691855334623,0.696130814466535,
0.0538691855334624));
#3125=CARTESIAN_POINT('Ctrl Pts',(0.100000000000131,0.642261628933104,0.100000000000131));
#3126=CARTESIAN_POINT('Origin',(0.,0.,0.));
#3127=CARTESIAN_POINT('',(0.,0.,0.));
#3128=CARTESIAN_POINT('',(0.,0.,0.));
#3129=CARTESIAN_POINT('',(0.125,0.125,0.125));
#3130=CARTESIAN_POINT('Origin',(0.75,1.40512601554121E-16,0.));
#3131=CARTESIAN_POINT('',(0.375,7.02563007770607E-17,0.));
#3132=CARTESIAN_POINT('Origin',(-0.375,-0.375,0.1));
#3133=CARTESIAN_POINT('',(-0.642261628933257,-0.1,0.1));
#3134=CARTESIAN_POINT('',(-0.1,-0.1,0.1));
#3135=CARTESIAN_POINT('',(-0.75,-0.1,0.1));
#3136=CARTESIAN_POINT('',(-0.0999999999999999,-0.642261628933257,0.1));
#3137=CARTESIAN_POINT('Origin',(0.,0.,0.1));
#3138=CARTESIAN_POINT('',(-0.1,0.75,0.1));
#3139=CARTESIAN_POINT('Origin',(0.,0.,0.));
#3140=CARTESIAN_POINT('',(-0.75,-1.40512601554121E-16,0.));
#3141=CARTESIAN_POINT('Ctrl Pts',(-0.749999999999964,-3.59766470087175E-14,
3.58372186093359E-14));
#3142=CARTESIAN_POINT('Ctrl Pts',(-0.696130814466533,-0.0538691855334646,
0.0538691855334644));
#3143=CARTESIAN_POINT('Ctrl Pts',(-0.642261628933104,-0.100000000000131,
0.100000000000131));
#3144=CARTESIAN_POINT('',(1.40512601554121E-16,-0.75,0.));
#3145=CARTESIAN_POINT('Origin',(0.,0.,0.));
#3146=CARTESIAN_POINT('Ctrl Pts',(-3.57037533219029E-14,-0.749999999999964,
3.58431817212845E-14));
#3147=CARTESIAN_POINT('Ctrl Pts',(-0.053869185533463,-0.696130814466535,
0.0538691855334631));
#3148=CARTESIAN_POINT('Ctrl Pts',(-0.100000000000131,-0.642261628933104,
0.100000000000131));
#3149=CARTESIAN_POINT('Origin',(0.,0.,0.));
#3150=CARTESIAN_POINT('',(0.,0.,0.));
#3151=CARTESIAN_POINT('',(-0.125,-0.125,0.125));
#3152=CARTESIAN_POINT('Origin',(-0.75,-1.40512601554121E-16,0.));
#3153=CARTESIAN_POINT('',(-0.375,-7.02563007770607E-17,0.));
#3154=CARTESIAN_POINT('Origin',(3.46400408357539E-12,4.82500000000015,0.1));
#3155=CARTESIAN_POINT('',(-0.338196601120697,4.42500000000351,0.1));
#3156=CARTESIAN_POINT('',(4.48158558749367E-13,5.10139320224985,0.1));
#3157=CARTESIAN_POINT('',(-0.410557280894847,4.28027864045435,0.1));
#3158=CARTESIAN_POINT('',(0.338196601126281,4.42500000000093,0.1));
#3159=CARTESIAN_POINT('',(-0.499999999994563,4.42500000000413,0.1));
#3160=CARTESIAN_POINT('',(0.410557280901954,4.28027864045017,0.1));
#3161=CARTESIAN_POINT('Origin',(0.500000000001873,4.32500000000031,0.));
#3162=CARTESIAN_POINT('',(-0.499999999994945,4.32500000000413,0.));
#3163=CARTESIAN_POINT('',(-0.216542364655983,4.500186453014,0.175186453010955));
#3164=CARTESIAN_POINT('',(0.500000000001873,4.32500000000031,0.));
#3165=CARTESIAN_POINT('',(0.250000000009193,4.32500000000126,0.));
#3166=CARTESIAN_POINT('',(0.183084729318993,4.52086440883668,0.195864408835164));
#3167=CARTESIAN_POINT('Origin',(-1.18238752122579E-15,5.325,0.));
#3168=CARTESIAN_POINT('',(-1.18238752122579E-15,5.325,0.));
#3169=CARTESIAN_POINT('',(1.06500000000259,3.19500000000346,0.));
#3170=CARTESIAN_POINT('',(8.36026965248907E-13,4.90833333333537,0.18633899812393));
#3171=CARTESIAN_POINT('Origin',(-0.499999999994945,4.32500000000413,0.));
#3172=CARTESIAN_POINT('',(-1.31499999999365,2.69499999999697,0.));
#3173=CARTESIAN_POINT('Origin',(0.,0.,0.));
#3174=CARTESIAN_POINT('',(6.44030397306254,-3.10563757295583,-10.6672244082506));
#3175=CARTESIAN_POINT('',(6.4403039730647,-3.10563757295276,-10.0422244100454));
#3176=CARTESIAN_POINT('',(6.44030397306251,-3.10563757295588,0.));
#3177=CARTESIAN_POINT('',(3.10563757294881,-6.44030397306748,-10.3765255800981));
#3178=CARTESIAN_POINT('Ctrl Pts',(6.44030397306176,-3.10563757295157,-10.0422244100428));
#3179=CARTESIAN_POINT('Ctrl Pts',(5.74448340694586,-4.5485927959061,-10.1536581333937));
#3180=CARTESIAN_POINT('Ctrl Pts',(4.54859279590202,-5.7444834069491,-10.2650918567445));
#3181=CARTESIAN_POINT('Ctrl Pts',(3.10563757294699,-6.44030397306397,-10.3765255800954));
#3182=CARTESIAN_POINT('',(3.10563757294601,-6.44030397306945,-11.0015255783032));
#3183=CARTESIAN_POINT('',(3.10563757295589,-6.44030397306251,0.));
#3184=CARTESIAN_POINT('Ctrl Pts',(3.10563757294513,-6.44030397306745,-11.0015255783034));
#3185=CARTESIAN_POINT('Ctrl Pts',(4.54859279590082,-5.74448340695305,-10.8900918549525));
#3186=CARTESIAN_POINT('Ctrl Pts',(5.74448340694551,-4.54859279591031,-10.7786581316017));
#3187=CARTESIAN_POINT('Ctrl Pts',(6.44030397306232,-3.10563757295578,-10.6672244082508));
#3188=CARTESIAN_POINT('Origin',(0.,0.,0.));
#3189=CARTESIAN_POINT('',(-6.44030397306278,3.10563757295549,-9.10472440825056));
#3190=CARTESIAN_POINT('',(-6.44030397306635,3.10563757295042,-8.47972441004522));
#3191=CARTESIAN_POINT('',(-6.4403039730625,3.10563757295589,0.));
#3192=CARTESIAN_POINT('',(-3.10563757295198,6.44030397306525,-8.81402558009779));
#3193=CARTESIAN_POINT('Ctrl Pts',(-6.44030397306258,3.10563757294885,-8.47972441004215));
#3194=CARTESIAN_POINT('Ctrl Pts',(-5.74448340694743,4.54859279590327,-8.59115813339299));
#3195=CARTESIAN_POINT('Ctrl Pts',(-4.54859279590446,5.74448340694649,-8.70259185674383));
#3196=CARTESIAN_POINT('Ctrl Pts',(-3.10563757295018,6.44030397306194,-8.81402558009467));
#3197=CARTESIAN_POINT('',(-3.10563757294437,6.4403039730706,-9.43902557830335));
#3198=CARTESIAN_POINT('',(-3.10563757295589,6.4403039730625,0.));
#3199=CARTESIAN_POINT('Ctrl Pts',(-3.10563757294339,6.44030397306851,-9.43902557830331));
#3200=CARTESIAN_POINT('Ctrl Pts',(-4.54859279590005,5.74448340695415,-9.3275918549524));
#3201=CARTESIAN_POINT('Ctrl Pts',(-5.74448340694558,4.54859279591084,-9.21615813160149));
#3202=CARTESIAN_POINT('Ctrl Pts',(-6.44030397306267,3.10563757295551,-9.10472440825058));
#3203=CARTESIAN_POINT('Origin',(0.,0.,0.));
#3204=CARTESIAN_POINT('',(6.44030397306342,-3.10563757295458,-7.54222440825048));
#3205=CARTESIAN_POINT('',(6.4403039730682,-3.10563757294777,-6.91722441004498));
#3206=CARTESIAN_POINT('',(6.44030397306251,-3.10563757295588,0.));
#3207=CARTESIAN_POINT('',(3.10563757295426,-6.44030397306365,-7.25152558009759));
#3208=CARTESIAN_POINT('Ctrl Pts',(6.4403039730641,-3.10563757294602,-6.91722441004207));
#3209=CARTESIAN_POINT('Ctrl Pts',(5.74448340694951,-4.54859279590095,-7.02865813339293));
#3210=CARTESIAN_POINT('Ctrl Pts',(4.54859279590687,-5.74448340694482,-7.14009185674378));
#3211=CARTESIAN_POINT('Ctrl Pts',(3.10563757295266,-6.4403039730609,-7.25152558009463));
#3212=CARTESIAN_POINT('',(3.10563757294545,-6.44030397306984,-7.87652557830326));
#3213=CARTESIAN_POINT('',(3.10563757295589,-6.44030397306251,0.));
#3214=CARTESIAN_POINT('Ctrl Pts',(3.10563757294446,-6.44030397306745,-7.87652557830372));
#3215=CARTESIAN_POINT('Ctrl Pts',(4.54859279590083,-5.74448340695287,-7.76509185495282));
#3216=CARTESIAN_POINT('Ctrl Pts',(5.74448340694601,-4.54859279590949,-7.65365813160191));
#3217=CARTESIAN_POINT('Ctrl Pts',(6.44030397306277,-3.10563757295417,-7.542224408251));
#3218=CARTESIAN_POINT('Origin',(0.,0.,0.));
#3219=CARTESIAN_POINT('',(-6.44030397306458,3.10563757295293,-5.97972440825033));
#3220=CARTESIAN_POINT('',(-6.44030397306988,3.1056375729454,-5.35472441004477));
#3221=CARTESIAN_POINT('',(-6.4403039730625,3.10563757295589,0.));
#3222=CARTESIAN_POINT('',(-3.10563757295546,6.4403039730628,-5.68902558009748));
#3223=CARTESIAN_POINT('Ctrl Pts',(-6.44030397306602,3.10563757294369,-5.35472441004261));
#3224=CARTESIAN_POINT('Ctrl Pts',(-5.74448340695174,4.54859279589948,-5.4661581333935));
#3225=CARTESIAN_POINT('Ctrl Pts',(-4.54859279590893,5.74448340694424,-5.57759185674439));
#3226=CARTESIAN_POINT('Ctrl Pts',(-3.10563757295429,6.44030397306091,-5.68902558009527));
#3227=CARTESIAN_POINT('',(-3.1056375729484,6.44030397306777,-6.31402557830299));
#3228=CARTESIAN_POINT('',(-3.10563757295589,6.4403039730625,0.));
#3229=CARTESIAN_POINT('Ctrl Pts',(-3.1056375729472,6.4403039730651,-6.31402557830445));
#3230=CARTESIAN_POINT('Ctrl Pts',(-4.54859279590259,5.74448340695012,-6.20259185495358));
#3231=CARTESIAN_POINT('Ctrl Pts',(-5.74448340694675,4.54859279590685,-6.0911581316027));
#3232=CARTESIAN_POINT('Ctrl Pts',(-6.4403039730628,3.10563757295197,-5.97972440825183));
#3233=CARTESIAN_POINT('Origin',(0.,0.,0.));
#3234=CARTESIAN_POINT('',(6.44030397306604,-3.10563757295086,-4.41722440825014));
#3235=CARTESIAN_POINT('',(6.44030397307096,-3.10563757294385,-3.79222441004463));
#3236=CARTESIAN_POINT('',(6.44030397306251,-3.10563757295588,0.));
#3237=CARTESIAN_POINT('',(3.10563757295586,-6.44030397306253,-4.12652558009744));
#3238=CARTESIAN_POINT('Ctrl Pts',(6.44030397306776,-3.10563757294237,-3.79222441004352));
#3239=CARTESIAN_POINT('Ctrl Pts',(5.74448340695357,-4.54859279589898,-3.90365813339444));
#3240=CARTESIAN_POINT('Ctrl Pts',(4.54859279591042,-5.74448340694449,-4.01509185674535));
#3241=CARTESIAN_POINT('Ctrl Pts',(3.10563757295522,-6.44030397306157,-4.12652558009628));
#3242=CARTESIAN_POINT('',(3.10563757295168,-6.44030397306546,-4.7515255783027));
#3243=CARTESIAN_POINT('',(3.10563757295589,-6.44030397306251,0.));
#3244=CARTESIAN_POINT('Ctrl Pts',(3.10563757295036,-6.44030397306252,-4.75152557830516));
#3245=CARTESIAN_POINT('Ctrl Pts',(4.54859279590472,-5.74448340694705,-4.64009185495432));
#3246=CARTESIAN_POINT('Ctrl Pts',(5.74448340694777,-4.54859279590382,-4.52865813160349));
#3247=CARTESIAN_POINT('Ctrl Pts',(6.44030397306301,-3.10563757294934,-4.41722440825265));
#3248=CARTESIAN_POINT('Origin',(0.,0.,0.));
#3249=CARTESIAN_POINT('',(-6.44030397306797,3.10563757294811,-2.8547244082499));
#3250=CARTESIAN_POINT('',(-6.44030397307117,3.10563757294356,-2.2297244100446));
#3251=CARTESIAN_POINT('',(-6.4403039730625,3.10563757295589,0.));
#3252=CARTESIAN_POINT('',(-3.10563757295588,6.44030397306251,-2.56402558009744));
#3253=CARTESIAN_POINT('Ctrl Pts',(-6.44030397306871,3.10563757294236,-2.22972441004436));
#3254=CARTESIAN_POINT('Ctrl Pts',(-5.74448340695448,4.54859279589927,-2.34115813339529));
#3255=CARTESIAN_POINT('Ctrl Pts',(-4.54859279591113,5.74448340694506,-2.45259185674622));
#3256=CARTESIAN_POINT('Ctrl Pts',(-3.10563757295567,6.44030397306229,-2.56402558009714));
#3257=CARTESIAN_POINT('',(-3.10563757295404,6.4403039730638,-3.18902557830249));
#3258=CARTESIAN_POINT('',(-3.10563757295589,6.4403039730625,0.));
#3259=CARTESIAN_POINT('Ctrl Pts',(-3.10563757295272,6.44030397306076,-3.18902557830554));
#3260=CARTESIAN_POINT('Ctrl Pts',(-4.54859279590686,5.74448340694468,-3.07759185495469));
#3261=CARTESIAN_POINT('Ctrl Pts',(-5.74448340694944,4.54859279590086,-2.96615813160384));
#3262=CARTESIAN_POINT('Ctrl Pts',(-6.44030397306401,3.10563757294599,-2.85472440825299));
#3263=CARTESIAN_POINT('Origin',(0.,0.,0.));
#3264=CARTESIAN_POINT('',(6.44030397306975,-3.10563757294558,-1.29222440824967));
#3265=CARTESIAN_POINT('',(6.44030397307044,-3.10563757294459,-0.667224410044693));
#3266=CARTESIAN_POINT('',(6.44030397306251,-3.10563757295588,0.));
#3267=CARTESIAN_POINT('',(3.10563757295583,-6.44030397306254,-1.00152558009744));
#3268=CARTESIAN_POINT('Ctrl Pts',(6.44030397306842,-3.10563757294361,-0.667224410044744));
#3269=CARTESIAN_POINT('Ctrl Pts',(5.74448340630193,-4.5485927972525,-0.778658133500084));
#3270=CARTESIAN_POINT('Ctrl Pts',(4.54859279364448,-5.74448340915883,-0.890091856955424));
#3271=CARTESIAN_POINT('Ctrl Pts',(3.10563756889856,-6.44030397501902,-1.00152558041076));
#3272=CARTESIAN_POINT('',(3.10563757295534,-6.44030397306289,-1.62652557830237));
#3273=CARTESIAN_POINT('',(3.10563757295589,-6.44030397306251,0.));
#3274=CARTESIAN_POINT('Ctrl Pts',(3.10563757295409,-6.44030397306015,-1.62652557830539));
#3275=CARTESIAN_POINT('Ctrl Pts',(4.54859279590852,-5.74448340694354,-1.51509185495451));
#3276=CARTESIAN_POINT('Ctrl Pts',(5.74448340695116,-4.54859279589892,-1.40365813160362));
#3277=CARTESIAN_POINT('Ctrl Pts',(6.44030397306534,-3.10563757294332,-1.29222440825274));
#3278=CARTESIAN_POINT('Ctrl Pts',(6.44030397306441,-3.10563757295399,-10.6672244082495));
#3279=CARTESIAN_POINT('Ctrl Pts',(5.74448340694765,-4.54859279590978,-10.7786581316004));
#3280=CARTESIAN_POINT('Ctrl Pts',(4.54859279590226,-5.74448340695361,-10.8900918549513));
#3281=CARTESIAN_POINT('Ctrl Pts',(3.10563757294555,-6.44030397306848,-11.0015255783022));
#3282=CARTESIAN_POINT('Ctrl Pts',(6.3201625861757,-3.047703101732,-10.8061624217363));
#3283=CARTESIAN_POINT('Ctrl Pts',(5.63732228437388,-4.46374055148496,-10.9175961450872));
#3284=CARTESIAN_POINT('Ctrl Pts',(4.46374055147757,-5.63732228437973,-11.0290298684381));
#3285=CARTESIAN_POINT('Ctrl Pts',(3.04770310172372,-6.32016258617969,-11.1404635917891));
#3286=CARTESIAN_POINT('Ctrl Pts',(6.20002119928698,-2.98976863051,-10.9451004352232));
#3287=CARTESIAN_POINT('Ctrl Pts',(5.5301611618001,-4.37888830706013,-11.0565341585741));
#3288=CARTESIAN_POINT('Ctrl Pts',(4.37888830705289,-5.53016116180584,-11.167967881925));
#3289=CARTESIAN_POINT('Ctrl Pts',(2.98976863050188,-6.2000211992909,-11.2794016052759));
#3290=CARTESIAN_POINT('Ctrl Pts',(6.07987981239826,-2.931834159288,-11.08403844871));
#3291=CARTESIAN_POINT('Ctrl Pts',(5.42300003922633,-4.29403606263531,-11.1954721720609));
#3292=CARTESIAN_POINT('Ctrl Pts',(4.29403606262821,-5.42300003923196,-11.3069058954118));
#3293=CARTESIAN_POINT('Ctrl Pts',(2.93183415928004,-6.0798798124021,-11.4183396187627));
#3294=CARTESIAN_POINT('Ctrl Pts',(3.10563757295395,-6.44030397306444,-11.0015255783016));
#3295=CARTESIAN_POINT('Ctrl Pts',(3.3690847977146,-6.17685674830379,-11.1050470072218));
#3296=CARTESIAN_POINT('Ctrl Pts',(3.63613320142341,-5.909808344595,-11.181687175911));
#3297=CARTESIAN_POINT('Ctrl Pts',(4.06328276121266,-5.48265878480574,-11.2508081697533));
#3298=CARTESIAN_POINT('Ctrl Pts',(4.21888821951986,-5.32705332649853,-11.265074767769));
#3299=CARTESIAN_POINT('Ctrl Pts',(4.44954535234846,-5.09639619366993,-11.2694214916068));
#3300=CARTESIAN_POINT('Ctrl Pts',(4.52379133335012,-5.02215021266679,-11.2682617946042));
#3301=CARTESIAN_POINT('Ctrl Pts',(4.63819798270727,-4.90774356330963,-11.2625287460901));
#3302=CARTESIAN_POINT('Ctrl Pts',(4.67831780694392,-4.86762373907448,-11.2597696230032));
#3303=CARTESIAN_POINT('Ctrl Pts',(4.7514074176184,-4.7945341284,-11.2533850179501));
#3304=CARTESIAN_POINT('Ctrl Pts',(4.78436979488152,-4.76157175113687,-11.2500010550218));
#3305=CARTESIAN_POINT('Ctrl Pts',(4.85609931495007,-4.68984223106832,-11.2415456971489));
#3306=CARTESIAN_POINT('Ctrl Pts',(4.89483896906645,-4.65110257695214,-11.2362835228366));
#3307=CARTESIAN_POINT('Ctrl Pts',(4.99996016399945,-4.54598138201914,-11.2201353658732));
#3308=CARTESIAN_POINT('Ctrl Pts',(5.06618436040924,-4.47975718560482,-11.2079328424637));
#3309=CARTESIAN_POINT('Ctrl Pts',(5.37525136468085,-4.17069018133322,-11.1417335874137));
#3310=CARTESIAN_POINT('Ctrl Pts',(5.61396463713413,-3.93197690888427,-11.0637698897521));
#3311=CARTESIAN_POINT('Ctrl Pts',(6.04971915513368,-3.49622239088472,-10.8793440820719));
#3312=CARTESIAN_POINT('Ctrl Pts',(6.24677976506864,-3.29916178094975,-10.7792149315202));
#3313=CARTESIAN_POINT('Ctrl Pts',(6.44030397306441,-3.10563757295398,-10.6672244082495));
#3314=CARTESIAN_POINT('Ctrl Pts',(-6.44030397306445,3.10563757295392,-9.10472440824948));
#3315=CARTESIAN_POINT('Ctrl Pts',(-5.74448340694741,4.54859279591032,-9.21615813160044));
#3316=CARTESIAN_POINT('Ctrl Pts',(-4.54859279590129,5.74448340695456,-9.3275918549514));
#3317=CARTESIAN_POINT('Ctrl Pts',(-3.10563757294379,6.44030397306933,-9.43902557830236));
#3318=CARTESIAN_POINT('Ctrl Pts',(-6.32016258617573,3.04770310173193,-9.24366242173632));
#3319=CARTESIAN_POINT('Ctrl Pts',(-5.63732228437364,4.46374055148549,-9.35509614508728));
#3320=CARTESIAN_POINT('Ctrl Pts',(-4.46374055147662,5.63732228438066,-9.46652986843824));
#3321=CARTESIAN_POINT('Ctrl Pts',(-3.04770310172199,6.32016258618052,-9.5779635917892));
#3322=CARTESIAN_POINT('Ctrl Pts',(-6.20002119928701,2.98976863050993,-9.38260043522315));
#3323=CARTESIAN_POINT('Ctrl Pts',(-5.53016116179987,4.37888830706066,-9.49403415857411));
#3324=CARTESIAN_POINT('Ctrl Pts',(-4.37888830705196,5.53016116180676,-9.60546788192508));
#3325=CARTESIAN_POINT('Ctrl Pts',(-2.98976863050018,6.20002119929171,-9.71690160527604));
#3326=CARTESIAN_POINT('Ctrl Pts',(-6.07987981239829,2.93183415928794,-9.52153844870999));
#3327=CARTESIAN_POINT('Ctrl Pts',(-5.4230000392261,4.29403606263582,-9.63297217206095));
#3328=CARTESIAN_POINT('Ctrl Pts',(-4.29403606262729,5.42300003923286,-9.74440589541192));
#3329=CARTESIAN_POINT('Ctrl Pts',(-2.93183415927838,6.0798798124029,-9.85583961876288));
#3330=CARTESIAN_POINT('Ctrl Pts',(-3.10563757295395,6.44030397306444,-9.43902557830157));
#3331=CARTESIAN_POINT('Ctrl Pts',(-3.36908479771475,6.17685674830364,-9.5425470072219));
#3332=CARTESIAN_POINT('Ctrl Pts',(-3.63613320142376,5.90980834459463,-9.61918717591107));
#3333=CARTESIAN_POINT('Ctrl Pts',(-4.06328276121321,5.48265878480519,-9.68830816975341));
#3334=CARTESIAN_POINT('Ctrl Pts',(-4.21888821952026,5.32705332649813,-9.702574767769));
#3335=CARTESIAN_POINT('Ctrl Pts',(-4.44954535234863,5.09639619366976,-9.70692149160684));
#3336=CARTESIAN_POINT('Ctrl Pts',(-4.52379133335025,5.02215021266666,-9.70576179460419));
#3337=CARTESIAN_POINT('Ctrl Pts',(-4.6381979827074,4.90774356330951,-9.70002874609005));
#3338=CARTESIAN_POINT('Ctrl Pts',(-4.67831780694407,4.86762373907432,-9.69726962300317));
#3339=CARTESIAN_POINT('Ctrl Pts',(-4.7514074176184,4.7945341284,-9.69088501795007));
#3340=CARTESIAN_POINT('Ctrl Pts',(-4.78436979488146,4.76157175113694,-9.68750105502183));
#3341=CARTESIAN_POINT('Ctrl Pts',(-4.85609931495028,4.68984223106812,-9.67904569714884));
#3342=CARTESIAN_POINT('Ctrl Pts',(-4.89483896906679,4.65110257695181,-9.67378352283653));
#3343=CARTESIAN_POINT('Ctrl Pts',(-4.99996016399947,4.54598138201913,-9.65763536587321));
#3344=CARTESIAN_POINT('Ctrl Pts',(-5.06618436040926,4.47975718560481,-9.64543284246372));
#3345=CARTESIAN_POINT('Ctrl Pts',(-5.37525136468079,4.17069018133328,-9.57923358741371));
#3346=CARTESIAN_POINT('Ctrl Pts',(-5.613964637134,3.93197690888439,-9.50126988975215));
#3347=CARTESIAN_POINT('Ctrl Pts',(-6.04971915513356,3.49622239088483,-9.31684408207195));
#3348=CARTESIAN_POINT('Ctrl Pts',(-6.24677976506836,3.29916178095003,-9.21671493152034));
#3349=CARTESIAN_POINT('Ctrl Pts',(-6.44030397306445,3.10563757295394,-9.10472440824946));
#3350=CARTESIAN_POINT('Ctrl Pts',(6.44030397306442,-3.10563757295397,-7.54222440824948));
#3351=CARTESIAN_POINT('Ctrl Pts',(5.74448340694757,-4.54859279590996,-7.65365813160041));
#3352=CARTESIAN_POINT('Ctrl Pts',(4.54859279590195,-5.74448340695392,-7.76509185495134));
#3353=CARTESIAN_POINT('Ctrl Pts',(3.10563757294498,-6.44030397306876,-7.87652557830227));
#3354=CARTESIAN_POINT('Ctrl Pts',(6.32016258617526,-3.04770310173176,-7.68116242173684));
#3355=CARTESIAN_POINT('Ctrl Pts',(5.6373222843734,-4.46374055148482,-7.79259614508777));
#3356=CARTESIAN_POINT('Ctrl Pts',(4.46374055147695,-5.63732228437963,-7.9040298684387));
#3357=CARTESIAN_POINT('Ctrl Pts',(3.04770310172294,-6.32016258617951,-8.01546359178963));
#3358=CARTESIAN_POINT('Ctrl Pts',(6.20002119928609,-2.98976863050955,-7.82010043522419));
#3359=CARTESIAN_POINT('Ctrl Pts',(5.53016116179923,-4.37888830705967,-7.93153415857512));
#3360=CARTESIAN_POINT('Ctrl Pts',(4.37888830705195,-5.53016116180534,-8.04296788192605));
#3361=CARTESIAN_POINT('Ctrl Pts',(2.98976863050089,-6.20002119929026,-8.15440160527699));
#3362=CARTESIAN_POINT('Ctrl Pts',(6.07987981239692,-2.93183415928733,-7.95903844871155));
#3363=CARTESIAN_POINT('Ctrl Pts',(5.42300003922505,-4.29403606263453,-8.07047217206248));
#3364=CARTESIAN_POINT('Ctrl Pts',(4.29403606262696,-5.42300003923105,-8.18190589541341));
#3365=CARTESIAN_POINT('Ctrl Pts',(2.93183415927885,-6.07987981240102,-8.29333961876434));
#3366=CARTESIAN_POINT('Ctrl Pts',(3.10563757295395,-6.44030397306444,-7.87652557830157));
#3367=CARTESIAN_POINT('Ctrl Pts',(3.36908479637588,-6.17685674964251,-7.98004700669579));
#3368=CARTESIAN_POINT('Ctrl Pts',(3.63613319872162,-5.90980834729678,-8.05668717513687));
#3369=CARTESIAN_POINT('Ctrl Pts',(4.06328275787072,-5.48265878814768,-8.12580816940511));
#3370=CARTESIAN_POINT('Ctrl Pts',(4.21888821695417,-5.32705332906422,-8.1400747676348));
#3371=CARTESIAN_POINT('Ctrl Pts',(4.44954535090885,-5.09639619510954,-8.1444214916205));
#3372=CARTESIAN_POINT('Ctrl Pts',(4.523791332247,-5.0221502137699,-8.14326179464186));
#3373=CARTESIAN_POINT('Ctrl Pts',(4.63819798207275,-4.90774356394416,-8.13752874613137));
#3374=CARTESIAN_POINT('Ctrl Pts',(4.6783178064406,-4.8676237395778,-8.13476962304253));
#3375=CARTESIAN_POINT('Ctrl Pts',(4.75140741732716,-4.79453412869123,-8.1283850179793));
#3376=CARTESIAN_POINT('Ctrl Pts',(4.7843697946712,-4.76157175134719,-8.12500105504529));
#3377=CARTESIAN_POINT('Ctrl Pts',(4.85609931488385,-4.68984223113454,-8.11654569715821));
#3378=CARTESIAN_POINT('Ctrl Pts',(4.89483896906356,-4.65110257695504,-8.11128352283774));
#3379=CARTESIAN_POINT('Ctrl Pts',(4.99996016409082,-4.54598138192777,-8.09513536585795));
#3380=CARTESIAN_POINT('Ctrl Pts',(5.06618436053154,-4.47975718548253,-8.08293284244059));
#3381=CARTESIAN_POINT('Ctrl Pts',(5.37525136418881,-4.17069018182526,-8.01673358750783));
#3382=CARTESIAN_POINT('Ctrl Pts',(5.61396463602175,-3.93197690999665,-7.93876989011094));
#3383=CARTESIAN_POINT('Ctrl Pts',(6.04971915401043,-3.49622239200796,-7.75434408264261));
#3384=CARTESIAN_POINT('Ctrl Pts',(6.24677976451686,-3.29916178150153,-7.65421493183949));
#3385=CARTESIAN_POINT('Ctrl Pts',(6.44030397306442,-3.10563757295397,-7.54222440824948));
#3386=CARTESIAN_POINT('Ctrl Pts',(-6.4403039730649,3.10563757295299,-5.9797244082494));
#3387=CARTESIAN_POINT('Ctrl Pts',(-5.74448340694861,4.54859279590837,-6.09115813160028));
#3388=CARTESIAN_POINT('Ctrl Pts',(-4.54859279590402,5.74448340695205,-6.20259185495115));
#3389=CARTESIAN_POINT('Ctrl Pts',(-3.10563757294811,6.44030397306725,-6.31402557830203));
#3390=CARTESIAN_POINT('Ctrl Pts',(-6.32016258617617,3.04770310173101,-6.11866242173624));
#3391=CARTESIAN_POINT('Ctrl Pts',(-5.63732228437482,4.46374055148357,-6.23009614508711));
#3392=CARTESIAN_POINT('Ctrl Pts',(-4.4637405514793,5.6373222843782,-6.34152986843799));
#3393=CARTESIAN_POINT('Ctrl Pts',(-3.04770310172623,6.32016258617848,-6.45296359178886));
#3394=CARTESIAN_POINT('Ctrl Pts',(-6.20002119928745,2.98976863050903,-6.25760043522307));
#3395=CARTESIAN_POINT('Ctrl Pts',(-5.53016116180103,4.37888830705877,-6.36903415857395));
#3396=CARTESIAN_POINT('Ctrl Pts',(-4.37888830705459,5.53016116180434,-6.48046788192482));
#3397=CARTESIAN_POINT('Ctrl Pts',(-2.98976863050434,6.20002119928971,-6.5919016052757));
#3398=CARTESIAN_POINT('Ctrl Pts',(-6.07987981239872,2.93183415928706,-6.39653844870991));
#3399=CARTESIAN_POINT('Ctrl Pts',(-5.42300003922724,4.29403606263398,-6.50797217206078));
#3400=CARTESIAN_POINT('Ctrl Pts',(-4.29403606262987,5.42300003923049,-6.61940589541166));
#3401=CARTESIAN_POINT('Ctrl Pts',(-2.93183415928246,6.07987981240094,-6.73083961876253));
#3402=CARTESIAN_POINT('Ctrl Pts',(-3.10563757295399,6.4403039730644,-6.31402557830158));
#3403=CARTESIAN_POINT('Ctrl Pts',(-3.36908479771448,6.17685674830391,-6.41754700722178));
#3404=CARTESIAN_POINT('Ctrl Pts',(-3.63613320142333,5.90980834459507,-6.49418717591094));
#3405=CARTESIAN_POINT('Ctrl Pts',(-4.06328276121267,5.48265878480573,-6.56330816975334));
#3406=CARTESIAN_POINT('Ctrl Pts',(-4.21888821951986,5.32705332649853,-6.57757476776897));
#3407=CARTESIAN_POINT('Ctrl Pts',(-4.44954535234843,5.09639619366996,-6.58192149160684));
#3408=CARTESIAN_POINT('Ctrl Pts',(-4.5237913333501,5.02215021266681,-6.58076179460419));
#3409=CARTESIAN_POINT('Ctrl Pts',(-4.63819798270724,4.90774356330966,-6.57502874609005));
#3410=CARTESIAN_POINT('Ctrl Pts',(-4.67831780694386,4.86762373907454,-6.57226962300319));
#3411=CARTESIAN_POINT('Ctrl Pts',(-4.75140741761846,4.79453412839994,-6.56588501795006));
#3412=CARTESIAN_POINT('Ctrl Pts',(-4.78436979488165,4.76157175113675,-6.5625010550218));
#3413=CARTESIAN_POINT('Ctrl Pts',(-4.85609931495013,4.68984223106826,-6.55404569714885));
#3414=CARTESIAN_POINT('Ctrl Pts',(-4.89483896906658,4.65110257695201,-6.54878352283656));
#3415=CARTESIAN_POINT('Ctrl Pts',(-4.99996016399949,4.54598138201911,-6.5326353658732));
#3416=CARTESIAN_POINT('Ctrl Pts',(-5.06618436040931,4.47975718560476,-6.5204328424637));
#3417=CARTESIAN_POINT('Ctrl Pts',(-5.37525136468078,4.17069018133329,-6.45423358741371));
#3418=CARTESIAN_POINT('Ctrl Pts',(-5.61396463713398,3.93197690888442,-6.37626988975216));
#3419=CARTESIAN_POINT('Ctrl Pts',(-6.04971915513363,3.49622239088476,-6.19184408207192));
#3420=CARTESIAN_POINT('Ctrl Pts',(-6.24677976506858,3.29916178094981,-6.09171493152022));
#3421=CARTESIAN_POINT('Ctrl Pts',(-6.44030397306442,3.10563757295397,-5.97972440824948));
#3422=CARTESIAN_POINT('Ctrl Pts',(6.44030397306597,-3.10563757295077,-4.41722440824923));
#3423=CARTESIAN_POINT('Ctrl Pts',(5.74448340695038,-4.54859279590596,-4.52865813160007));
#3424=CARTESIAN_POINT('Ctrl Pts',(4.54859279590672,-5.74448340694978,-4.64009185495091));
#3425=CARTESIAN_POINT('Ctrl Pts',(3.10563757295161,-6.44030397306556,-4.75152557830175));
#3426=CARTESIAN_POINT('Ctrl Pts',(6.32016258617722,-3.04770310172883,-4.55616242173607));
#3427=CARTESIAN_POINT('Ctrl Pts',(5.63732228437656,-4.46374055148121,-4.66759614508691));
#3428=CARTESIAN_POINT('Ctrl Pts',(4.46374055148195,-5.63732228437597,-4.77902986843775));
#3429=CARTESIAN_POINT('Ctrl Pts',(3.04770310172966,-6.32016258617682,-4.89046359178859));
#3430=CARTESIAN_POINT('Ctrl Pts',(6.20002119928848,-2.9897686305069,-4.6951004352229));
#3431=CARTESIAN_POINT('Ctrl Pts',(5.53016116180274,-4.37888830705646,-4.80653415857374));
#3432=CARTESIAN_POINT('Ctrl Pts',(4.37888830705718,-5.53016116180216,-4.91796788192459));
#3433=CARTESIAN_POINT('Ctrl Pts',(2.98976863050771,-6.20002119928808,-5.02940160527543));
#3434=CARTESIAN_POINT('Ctrl Pts',(6.07987981239973,-2.93183415928496,-4.83403844870974));
#3435=CARTESIAN_POINT('Ctrl Pts',(5.42300003922891,-4.2940360626317,-4.94547217206058));
#3436=CARTESIAN_POINT('Ctrl Pts',(4.29403606263242,-5.42300003922835,-5.05690589541142));
#3437=CARTESIAN_POINT('Ctrl Pts',(2.93183415928576,-6.07987981239934,-5.16833961876227));
#3438=CARTESIAN_POINT('Ctrl Pts',(3.10563757295395,-6.44030397306444,-4.75152557830157));
#3439=CARTESIAN_POINT('Ctrl Pts',(3.36908479771454,-6.17685674830385,-4.85504700722181));
#3440=CARTESIAN_POINT('Ctrl Pts',(3.63613320142331,-5.90980834459508,-4.93168717591093));
#3441=CARTESIAN_POINT('Ctrl Pts',(4.06328276121259,-5.48265878480581,-5.00080816975334));
#3442=CARTESIAN_POINT('Ctrl Pts',(4.2188882195198,-5.32705332649859,-5.01507476776897));
#3443=CARTESIAN_POINT('Ctrl Pts',(4.44954535234843,-5.09639619366995,-5.01942149160684));
#3444=CARTESIAN_POINT('Ctrl Pts',(4.5237913333501,-5.02215021266681,-5.01826179460419));
#3445=CARTESIAN_POINT('Ctrl Pts',(4.63819798270724,-4.90774356330967,-5.01252874609006));
#3446=CARTESIAN_POINT('Ctrl Pts',(4.67831780694386,-4.86762373907453,-5.00976962300319));
#3447=CARTESIAN_POINT('Ctrl Pts',(4.75140741761842,-4.79453412839997,-5.00338501795007));
#3448=CARTESIAN_POINT('Ctrl Pts',(4.78436979488156,-4.76157175113683,-5.00000105502181));
#3449=CARTESIAN_POINT('Ctrl Pts',(4.85609931495023,-4.68984223106816,-4.99154569714884));
#3450=CARTESIAN_POINT('Ctrl Pts',(4.89483896906679,-4.65110257695181,-4.98628352283653));
#3451=CARTESIAN_POINT('Ctrl Pts',(4.99996016399938,-4.54598138201921,-4.97013536587322));
#3452=CARTESIAN_POINT('Ctrl Pts',(5.06618436040912,-4.47975718560494,-4.95793284246375));
#3453=CARTESIAN_POINT('Ctrl Pts',(5.3752513646808,-4.17069018133326,-4.89173358741371));
#3454=CARTESIAN_POINT('Ctrl Pts',(5.61396463713399,-3.9319769088844,-4.81376988975215));
#3455=CARTESIAN_POINT('Ctrl Pts',(6.04971915513363,-3.49622239088475,-4.62934408207192));
#3456=CARTESIAN_POINT('Ctrl Pts',(6.24677976506858,-3.29916178094982,-4.52921493152021));
#3457=CARTESIAN_POINT('Ctrl Pts',(6.44030397306442,-3.10563757295397,-4.41722440824948));
#3458=CARTESIAN_POINT('Ctrl Pts',(-6.44030397306747,3.10563757294766,-2.85472440824899));
#3459=CARTESIAN_POINT('Ctrl Pts',(-5.74448340695246,4.54859279590345,-2.96615813159985));
#3460=CARTESIAN_POINT('Ctrl Pts',(-4.54859279590907,5.74448340694801,-3.07759185495071));
#3461=CARTESIAN_POINT('Ctrl Pts',(-3.10563757295396,6.44030397306443,-3.18902557830157));
#3462=CARTESIAN_POINT('Ctrl Pts',(-6.32016258617869,3.04770310172578,-2.99366242173582));
#3463=CARTESIAN_POINT('Ctrl Pts',(-5.63732228437859,4.46374055147874,-3.10509614508668));
#3464=CARTESIAN_POINT('Ctrl Pts',(-4.46374055148426,5.63732228437423,-3.21652986843755));
#3465=CARTESIAN_POINT('Ctrl Pts',(-3.04770310173196,6.32016258617571,-3.32796359178841));
#3466=CARTESIAN_POINT('Ctrl Pts',(-6.20002119928992,2.9897686305039,-3.13260043522266));
#3467=CARTESIAN_POINT('Ctrl Pts',(-5.53016116180473,4.37888830705404,-3.24403415857352));
#3468=CARTESIAN_POINT('Ctrl Pts',(-4.37888830705944,5.53016116180045,-3.35546788192438));
#3469=CARTESIAN_POINT('Ctrl Pts',(-2.98976863050997,6.20002119928699,-3.46690160527525));
#3470=CARTESIAN_POINT('Ctrl Pts',(-6.07987981240115,2.93183415928203,-3.2715384487095));
#3471=CARTESIAN_POINT('Ctrl Pts',(-5.42300003923087,4.29403606262933,-3.38297217206036));
#3472=CARTESIAN_POINT('Ctrl Pts',(-4.29403606263463,5.42300003922667,-3.49440589541122));
#3473=CARTESIAN_POINT('Ctrl Pts',(-2.93183415928797,6.07987981239828,-3.60583961876208));
#3474=CARTESIAN_POINT('Ctrl Pts',(-3.10563757295396,6.44030397306443,-3.18902557830157));
#3475=CARTESIAN_POINT('Ctrl Pts',(-3.36908479771448,6.17685674830391,-3.29254700722178));
#3476=CARTESIAN_POINT('Ctrl Pts',(-3.63613320142326,5.90980834459513,-3.36918717591092));
#3477=CARTESIAN_POINT('Ctrl Pts',(-4.06328276121267,5.48265878480572,-3.43830816975335));
#3478=CARTESIAN_POINT('Ctrl Pts',(-4.21888821951984,5.32705332649855,-3.45257476776897));
#3479=CARTESIAN_POINT('Ctrl Pts',(-4.44954535234834,5.09639619367006,-3.45692149160683));
#3480=CARTESIAN_POINT('Ctrl Pts',(-4.52379133335004,5.02215021266687,-3.45576179460419));
#3481=CARTESIAN_POINT('Ctrl Pts',(-4.63819798270724,4.90774356330967,-3.45002874609005));
#3482=CARTESIAN_POINT('Ctrl Pts',(-4.67831780694388,4.86762373907451,-3.44726962300318));
#3483=CARTESIAN_POINT('Ctrl Pts',(-4.7514074176184,4.7945341284,-3.44088501795006));
#3484=CARTESIAN_POINT('Ctrl Pts',(-4.78436979488154,4.76157175113685,-3.43750105502181));
#3485=CARTESIAN_POINT('Ctrl Pts',(-4.85609931495017,4.68984223106822,-3.42904569714884));
#3486=CARTESIAN_POINT('Ctrl Pts',(-4.89483896906666,4.65110257695193,-3.42378352283655));
#3487=CARTESIAN_POINT('Ctrl Pts',(-4.9999601639994,4.5459813820192,-3.40763536587321));
#3488=CARTESIAN_POINT('Ctrl Pts',(-5.06618436040916,4.47975718560491,-3.39543284246374));
#3489=CARTESIAN_POINT('Ctrl Pts',(-5.37525136468081,4.17069018133326,-3.3292335874137));
#3490=CARTESIAN_POINT('Ctrl Pts',(-5.61396463713404,3.93197690888436,-3.25126988975213));
#3491=CARTESIAN_POINT('Ctrl Pts',(-6.04971915513361,3.49622239088479,-3.06684408207193));
#3492=CARTESIAN_POINT('Ctrl Pts',(-6.24677976506853,3.29916178094986,-2.96671493152024));
#3493=CARTESIAN_POINT('Ctrl Pts',(-6.44030397306443,3.10563757295397,-2.85472440824947));
#3494=CARTESIAN_POINT('Ctrl Pts',(6.44030397306876,-3.10563757294497,-1.29222440824878));
#3495=CARTESIAN_POINT('Ctrl Pts',(5.74448340695393,-4.54859279590193,-1.40365813159971));
#3496=CARTESIAN_POINT('Ctrl Pts',(4.54859279590996,-5.74448340694757,-1.51509185495064));
#3497=CARTESIAN_POINT('Ctrl Pts',(3.10563757295397,-6.44030397306442,-1.62652557830157));
#3498=CARTESIAN_POINT('Ctrl Pts',(6.32016258617996,-3.04770310172314,-1.43116242173561));
#3499=CARTESIAN_POINT('Ctrl Pts',(5.63732228438004,-4.46374055147725,-1.54259614508654));
#3500=CARTESIAN_POINT('Ctrl Pts',(4.46374055148513,-5.6373222843738,-1.65402986843747));
#3501=CARTESIAN_POINT('Ctrl Pts',(3.04770310173197,-6.32016258617571,-1.7654635917884));
#3502=CARTESIAN_POINT('Ctrl Pts',(6.20002119929117,-2.98976863050132,-1.57010043522245));
#3503=CARTESIAN_POINT('Ctrl Pts',(5.53016116180615,-4.37888830705257,-1.68153415857338));
#3504=CARTESIAN_POINT('Ctrl Pts',(4.3788883070603,-5.53016116180003,-1.79296788192431));
#3505=CARTESIAN_POINT('Ctrl Pts',(2.98976863050998,-6.20002119928699,-1.90440160527524));
#3506=CARTESIAN_POINT('Ctrl Pts',(6.07987981240237,-2.93183415927949,-1.70903844870929));
#3507=CARTESIAN_POINT('Ctrl Pts',(5.42300003923226,-4.2940360626279,-1.82047217206022));
#3508=CARTESIAN_POINT('Ctrl Pts',(4.29403606263548,-5.42300003922626,-1.93190589541115));
#3509=CARTESIAN_POINT('Ctrl Pts',(2.93183415928798,-6.07987981239827,-2.04333961876208));
#3510=CARTESIAN_POINT('Ctrl Pts',(3.10563757295397,-6.44030397306442,-1.62652557830157));
#3511=CARTESIAN_POINT('Ctrl Pts',(3.36908479771447,-6.17685674830392,-1.73004700722178));
#3512=CARTESIAN_POINT('Ctrl Pts',(3.63613320142326,-5.90980834459513,-1.80668717591092));
#3513=CARTESIAN_POINT('Ctrl Pts',(4.06328276121261,-5.48265878480578,-1.87580816975334));
#3514=CARTESIAN_POINT('Ctrl Pts',(4.21888821951982,-5.32705332649858,-1.89007476776897));
#3515=CARTESIAN_POINT('Ctrl Pts',(4.44954535234838,-5.09639619367001,-1.89442149160684));
#3516=CARTESIAN_POINT('Ctrl Pts',(4.52379133335006,-5.02215021266684,-1.89326179460419));
#3517=CARTESIAN_POINT('Ctrl Pts',(4.63819798270721,-4.9077435633097,-1.88752874609005));
#3518=CARTESIAN_POINT('Ctrl Pts',(4.67831780694382,-4.86762373907457,-1.88476962300318));
#3519=CARTESIAN_POINT('Ctrl Pts',(4.75140741761845,-4.79453412839995,-1.87838501795006));
#3520=CARTESIAN_POINT('Ctrl Pts',(4.78436979488164,-4.76157175113675,-1.8750010550218));
#3521=CARTESIAN_POINT('Ctrl Pts',(4.85609931495017,-4.68984223106822,-1.86654569714884));
#3522=CARTESIAN_POINT('Ctrl Pts',(4.89483896906668,-4.65110257695192,-1.86128352283654));
#3523=CARTESIAN_POINT('Ctrl Pts',(4.99996016399942,-4.54598138201918,-1.84513536587321));
#3524=CARTESIAN_POINT('Ctrl Pts',(5.06618436040921,-4.47975718560486,-1.83293284246373));
#3525=CARTESIAN_POINT('Ctrl Pts',(5.37525136468078,-4.17069018133329,-1.76673358741371));
#3526=CARTESIAN_POINT('Ctrl Pts',(5.61396463713397,-3.93197690888442,-1.68876988975216));
#3527=CARTESIAN_POINT('Ctrl Pts',(6.04971915513364,-3.49622239088475,-1.50434408207192));
#3528=CARTESIAN_POINT('Ctrl Pts',(6.24677976506858,-3.29916178094981,-1.40421493152021));
#3529=CARTESIAN_POINT('Ctrl Pts',(6.44030397306443,-3.10563757295396,-1.29222440824947));
#3530=CARTESIAN_POINT('Ctrl Pts',(-2.35796523947401,6.74999999477371,-0.120349407147103));
#3531=CARTESIAN_POINT('Ctrl Pts',(-2.22782255737042,6.79546250156034,-0.129938690100836));
#3532=CARTESIAN_POINT('Ctrl Pts',(-2.09636473030245,6.83716014693127,-0.139527973054568));
#3533=CARTESIAN_POINT('Ctrl Pts',(-1.9638115508529,6.87502321397896,-0.1491172560083));
#3534=CARTESIAN_POINT('Ctrl Pts',(-2.34871082779184,6.72350796776645,-0.149580579026525));
#3535=CARTESIAN_POINT('Ctrl Pts',(-2.21907892249591,6.76879204581848,-0.159169861980258));
#3536=CARTESIAN_POINT('Ctrl Pts',(-2.08813703384389,6.81032603857487,-0.16875914493399));
#3537=CARTESIAN_POINT('Ctrl Pts',(-1.9561040917888,6.84804050274914,-0.178348427887722));
#3538=CARTESIAN_POINT('Ctrl Pts',(-2.33945641610966,6.69701594075918,-0.178811750905948));
#3539=CARTESIAN_POINT('Ctrl Pts',(-2.2103352876214,6.74212159007662,-0.18840103385968));
#3540=CARTESIAN_POINT('Ctrl Pts',(-2.07990933738534,6.78349193021846,-0.197990316813412));
#3541=CARTESIAN_POINT('Ctrl Pts',(-1.94839663272471,6.82105779151931,-0.207579599767144));
#3542=CARTESIAN_POINT('Ctrl Pts',(-2.33020200442748,6.67052391375192,-0.20804292278537));
#3543=CARTESIAN_POINT('Ctrl Pts',(-2.20159165274689,6.71545113433476,-0.217632205739102));
#3544=CARTESIAN_POINT('Ctrl Pts',(-2.07168164092679,6.75665782186206,-0.227221488692834));
#3545=CARTESIAN_POINT('Ctrl Pts',(-1.94068917366061,6.79407508028949,-0.236810771646566));
#3546=CARTESIAN_POINT('',(-2.08883476483185,6.75,-0.225930938476544));
#3547=CARTESIAN_POINT('',(-2.35796523947372,6.74999999738643,-0.120349407148037));
#3548=CARTESIAN_POINT('Ctrl Pts',(-2.08883470998028,6.74999982622336,-0.22593093847666));
#3549=CARTESIAN_POINT('Ctrl Pts',(-2.17906440036313,6.75000027281635,-0.19207744983246));
#3550=CARTESIAN_POINT('Ctrl Pts',(-2.26878129246535,6.74999999999995,-0.156843082690339));
#3551=CARTESIAN_POINT('Ctrl Pts',(-2.35796522451304,6.75,-0.12034940824947));
#3552=CARTESIAN_POINT('',(-1.96381155085411,6.8750232139777,-0.149117256009128));
#3553=CARTESIAN_POINT('Ctrl Pts',(-1.96381155085411,6.87502321397768,-0.149117256009128));
#3554=CARTESIAN_POINT('Ctrl Pts',(-2.09636473030315,6.83716014693011,-0.139527973055431));
#3555=CARTESIAN_POINT('Ctrl Pts',(-2.22782255737061,6.79546250155933,-0.129938690101734));
#3556=CARTESIAN_POINT('Ctrl Pts',(-2.35796523947371,6.74999999477286,-0.120349407148037));
#3557=CARTESIAN_POINT('Ctrl Pts',(-1.96381155085288,6.87502321397896,-0.149117256008306));
#3558=CARTESIAN_POINT('Ctrl Pts',(-2.00531191252556,6.83352285230628,-0.175242225450447));
#3559=CARTESIAN_POINT('Ctrl Pts',(-2.04698726301435,6.7918475018175,-0.200859567577616));
#3560=CARTESIAN_POINT('Ctrl Pts',(-2.08883476483185,6.74999999999999,-0.225930938476544));
#3561=CARTESIAN_POINT('Origin',(0.,0.,0.));
#3562=CARTESIAN_POINT('',(1.96381155085419,6.87502321397766,0.));
#3563=CARTESIAN_POINT('',(2.35796522451032,6.75,0.));
#3564=CARTESIAN_POINT('Origin',(0.,0.,0.));
#3565=CARTESIAN_POINT('',(1.28883476483184,7.55,0.));
#3566=CARTESIAN_POINT('',(4.41941738241592,4.41941738241592,0.));
#3567=CARTESIAN_POINT('',(-1.28883476483185,7.55,0.));
#3568=CARTESIAN_POINT('',(1.28883476483184,7.55,0.));
#3569=CARTESIAN_POINT('',(-1.96381155085419,6.87502321397766,0.));
#3570=CARTESIAN_POINT('',(-4.41941738241592,4.41941738241592,0.));
#3571=CARTESIAN_POINT('',(-2.35796522451032,6.75,0.));
#3572=CARTESIAN_POINT('Origin',(0.,0.,0.));
#3573=CARTESIAN_POINT('',(-2.79594154601839,6.75,0.));
#3574=CARTESIAN_POINT('',(-2.79594154601839,6.75,0.));
#3575=CARTESIAN_POINT('',(-3.10563757295589,6.4403039730625,0.));
#3576=CARTESIAN_POINT('',(-6.75,2.79594154601839,0.));
#3577=CARTESIAN_POINT('',(-3.90671949819685,5.9883255391143,0.));
#3578=CARTESIAN_POINT('Origin',(0.,0.,0.));
#3579=CARTESIAN_POINT('',(-5.91106505948028,3.6348764865361,-3.90886566426105E-17));
#3580=CARTESIAN_POINT('Ctrl Pts',(-3.90610107363696,5.98759589689921,-5.52691950294579E-12));
#3581=CARTESIAN_POINT('Ctrl Pts',(-4.05879603146387,5.87243207982037,-5.09933080357948E-12));
#3582=CARTESIAN_POINT('Ctrl Pts',(-4.20662053693295,5.75132586608977,-4.57187844866799E-12));
#3583=CARTESIAN_POINT('Ctrl Pts',(-4.34927960327928,5.624628980199,-4.01478850164949E-12));
#3584=CARTESIAN_POINT('Ctrl Pts',(-4.49231216194896,5.49760039219154,-3.45624005063296E-12));
#3585=CARTESIAN_POINT('Ctrl Pts',(-4.63015266823148,5.3649512751789,-2.86676954061966E-12));
#3586=CARTESIAN_POINT('Ctrl Pts',(-4.76246612314592,5.22700035612482,-2.31747954160255E-12));
#3587=CARTESIAN_POINT('Ctrl Pts',(-4.89387796100733,5.08998946921773,-1.77193254234681E-12));
#3588=CARTESIAN_POINT('Ctrl Pts',(-5.01983821053677,4.9477482249652,-1.26490311564234E-12));
#3589=CARTESIAN_POINT('Ctrl Pts',(-5.13997519292418,4.8005620079729,-8.65127414151345E-13));
#3590=CARTESIAN_POINT('Ctrl Pts',(-5.25793595394525,4.65604199570692,-4.72593449601284E-13));
#3591=CARTESIAN_POINT('Ctrl Pts',(-5.37028278030405,4.50675399752761,-1.83945437265075E-13));
#3592=CARTESIAN_POINT('Ctrl Pts',(-5.47661699074464,4.35295039118536,-6.27831120425526E-14));
#3593=CARTESIAN_POINT('Ctrl Pts',(-5.51256487481969,4.30095476166774,-2.18223600576898E-14));
#3594=CARTESIAN_POINT('Ctrl Pts',(-5.54782517001064,4.24844293584488,-2.36117079582283E-16));
#3595=CARTESIAN_POINT('Ctrl Pts',(-5.58238114554499,4.1954243572916,-2.22044604925031E-16));
#3596=CARTESIAN_POINT('Ctrl Pts',(-5.68487719870389,4.03816660485444,4.50690631824231E-17));
#3597=CARTESIAN_POINT('Ctrl Pts',(-5.78077344431084,3.87707663866632,-5.22593982938329E-11));
#3598=CARTESIAN_POINT('Ctrl Pts',(-5.86976856355388,3.71246254509349,-8.90018891919198E-11));
#3599=CARTESIAN_POINT('Ctrl Pts',(-5.88370377564342,3.68668661124031,-9.47551755262458E-11));
#3600=CARTESIAN_POINT('Ctrl Pts',(-5.89746969349857,3.6608242166291,-1.00128077915912E-10));
#3601=CARTESIAN_POINT('Ctrl Pts',(-5.91106505938367,3.63487648650117,-1.04860259364514E-10));
#3602=CARTESIAN_POINT('',(-6.75,2.79594154601839,0.));
#3603=CARTESIAN_POINT('',(-6.75,2.79594154601839,0.));
#3604=CARTESIAN_POINT('',(-6.75,-2.79594154601839,0.));
#3605=CARTESIAN_POINT('',(-6.75,-2.79594154601839,0.));
#3606=CARTESIAN_POINT('',(-2.79594154601839,-6.75,0.));
#3607=CARTESIAN_POINT('',(-2.79594154601839,-6.75,0.));
#3608=CARTESIAN_POINT('',(-2.08883476483185,-6.75,0.));
#3609=CARTESIAN_POINT('',(2.79594154601839,-6.75,0.));
#3610=CARTESIAN_POINT('',(-1.28883476483184,-7.55,0.));
#3611=CARTESIAN_POINT('',(-4.41941738241592,-4.41941738241592,0.));
#3612=CARTESIAN_POINT('',(1.28883476483184,-7.55,0.));
#3613=CARTESIAN_POINT('',(-1.28883476483184,-7.55,0.));
#3614=CARTESIAN_POINT('',(2.08883476483185,-6.75,0.));
#3615=CARTESIAN_POINT('',(4.41941738241592,-4.41941738241592,0.));
#3616=CARTESIAN_POINT('',(2.79594154601839,-6.75,0.));
#3617=CARTESIAN_POINT('',(2.79594154601839,-6.75,0.));
#3618=CARTESIAN_POINT('',(6.75,-2.79594154601839,0.));
#3619=CARTESIAN_POINT('',(6.75,-2.79594154601839,0.));
#3620=CARTESIAN_POINT('',(6.75,2.79594154601839,0.));
#3621=CARTESIAN_POINT('',(6.75,2.79594154601839,0.));
#3622=CARTESIAN_POINT('',(6.02088905793438,3.52505248808402,4.83894589858813E-17));
#3623=CARTESIAN_POINT('',(2.79594154601839,6.75,0.));
#3624=CARTESIAN_POINT('',(4.48799328838323,5.56600541173175,0.));
#3625=CARTESIAN_POINT('Ctrl Pts',(6.02069228273398,3.524905207208,1.39831932487015E-12));
#3626=CARTESIAN_POINT('Ctrl Pts',(5.99264151227929,3.58123717470884,9.32318705026652E-13));
#3627=CARTESIAN_POINT('Ctrl Pts',(5.96380830481184,3.63722225310159,4.10668280771619E-16));
#3628=CARTESIAN_POINT('Ctrl Pts',(5.93420112394993,3.69284636344533,4.30211422042248E-16));
#3629=CARTESIAN_POINT('Ctrl Pts',(5.84591803838915,3.85870707526461,4.36455324130963E-16));
#3630=CARTESIAN_POINT('Ctrl Pts',(5.75110736323792,4.02070093503741,5.55776604120558E-13));
#3631=CARTESIAN_POINT('Ctrl Pts',(5.65013079717096,4.17851012043306,1.46950507318167E-12));
#3632=CARTESIAN_POINT('Ctrl Pts',(5.54726924983457,4.33926521070743,2.40029057950005E-12));
#3633=CARTESIAN_POINT('Ctrl Pts',(5.43800926439822,4.4956785504578,3.70293366527991E-12));
#3634=CARTESIAN_POINT('Ctrl Pts',(5.32268053049914,4.64740319120548,5.16957310292554E-12));
#3635=CARTESIAN_POINT('Ctrl Pts',(5.20690956510962,4.79970962464042,6.64183641349957E-12));
#3636=CARTESIAN_POINT('Ctrl Pts',(5.08502288712979,4.94729196020486,8.27936198817109E-12));
#3637=CARTESIAN_POINT('Ctrl Pts',(4.95730562712945,5.08977887297756,9.87143700115212E-12));
#3638=CARTESIAN_POINT('Ctrl Pts',(4.8302671409204,5.23150851627868,1.14550506770157E-11));
#3639=CARTESIAN_POINT('Ctrl Pts',(4.69745948948476,5.36819734866562,1.29938307456815E-11));
#3640=CARTESIAN_POINT('Ctrl Pts',(4.55912106603075,5.49945072381643,1.42806322322997E-11));
#3641=CARTESIAN_POINT('Ctrl Pts',(4.53557181370853,5.5217938933596,1.44996835424156E-11));
#3642=CARTESIAN_POINT('Ctrl Pts',(4.51186219917265,5.54397947303135,1.47114196952815E-11));
#3643=CARTESIAN_POINT('Ctrl Pts',(4.48799328837208,5.56600541172259,1.49148471351168E-11));
#3644=CARTESIAN_POINT('',(3.10563757295589,6.4403039730625,0.));
#3645=CARTESIAN_POINT('Origin',(0.,0.,0.));
#3646=CARTESIAN_POINT('',(2.79594154601839,6.75,0.));
#3647=CARTESIAN_POINT('',(2.79594154601839,6.75,0.));
#3648=CARTESIAN_POINT('',(-2.79594154601839,6.75,0.));
#3649=CARTESIAN_POINT('Origin',(1.28883476483184,-7.55,0.));
#3650=CARTESIAN_POINT('',(1.28883476483184,-7.55,-12.5));
#3651=CARTESIAN_POINT('',(-1.28883476483184,-7.55,-12.5));
#3652=CARTESIAN_POINT('',(0.644412625182646,-7.55,-12.5));
#3653=CARTESIAN_POINT('',(1.28883476483184,-7.55,0.));
#3654=CARTESIAN_POINT('',(-1.28883476483184,-7.55,0.));
#3655=CARTESIAN_POINT('Origin',(-1.28883476483184,-7.55,0.));
#3656=CARTESIAN_POINT('',(-2.08883476483185,-6.75,-12.5));
#3657=CARTESIAN_POINT('',(-2.85412845224052,-5.98470631259132,-12.5));
#3658=CARTESIAN_POINT('',(-2.08883476483185,-6.75,-1.28656905019423));
#3659=CARTESIAN_POINT('',(-2.08883476483185,-6.75,0.));
#3660=CARTESIAN_POINT('',(-1.96381155448211,-6.87502321192728,-1.36338273265841));
#3661=CARTESIAN_POINT('Ctrl Pts',(-1.96381155085269,-6.87502321397916,-1.36338273233984));
#3662=CARTESIAN_POINT('Ctrl Pts',(-2.00531191252697,-6.83352285230488,-1.33725776300597));
#3663=CARTESIAN_POINT('Ctrl Pts',(-2.0469872630158,-6.79184750181605,-1.31164042098645));
#3664=CARTESIAN_POINT('Ctrl Pts',(-2.08883476483185,-6.74999999999999,-1.28656905019422));
#3665=CARTESIAN_POINT('',(-1.96381155085416,-6.87502321397767,-1.98838273054378));
#3666=CARTESIAN_POINT('',(-1.96381155085419,-6.87502321397766,0.));
#3667=CARTESIAN_POINT('',(-2.08883476483185,-6.75,-2.08695607796584));
#3668=CARTESIAN_POINT('Ctrl Pts',(-2.08883470997837,-6.74999982619332,-2.08695607799696));
#3669=CARTESIAN_POINT('Ctrl Pts',(-2.04694309687578,-6.79188688304993,-2.05448565152587));
#3670=CARTESIAN_POINT('Ctrl Pts',(-2.00527122143805,-6.83356354339379,-2.02161240293268));
#3671=CARTESIAN_POINT('Ctrl Pts',(-1.96381155085288,-6.87502321397896,-1.98838273054274));
#3672=CARTESIAN_POINT('',(-2.08883476483185,-6.75,-4.41156905019423));
#3673=CARTESIAN_POINT('',(-2.08883476483185,-6.75,0.));
#3674=CARTESIAN_POINT('',(-1.96381155085417,-6.87502321397767,-4.4883827323389));
#3675=CARTESIAN_POINT('Ctrl Pts',(-1.96381155085269,-6.87502321397916,-4.48838273233985));
#3676=CARTESIAN_POINT('Ctrl Pts',(-2.00531191252697,-6.83352285230488,-4.46225776300598));
#3677=CARTESIAN_POINT('Ctrl Pts',(-2.0469872630158,-6.79184750181605,-4.43664042098645));
#3678=CARTESIAN_POINT('Ctrl Pts',(-2.08883476483185,-6.75,-4.41156905019423));
#3679=CARTESIAN_POINT('',(-1.96381155085343,-6.87502321397808,-5.11338273054372));
#3680=CARTESIAN_POINT('',(-1.96381155085419,-6.87502321397766,0.));
#3681=CARTESIAN_POINT('',(-2.08883476483185,-6.75,-5.21195607796585));
#3682=CARTESIAN_POINT('Ctrl Pts',(-2.08883470997836,-6.74999982619332,-5.21195607799697));
#3683=CARTESIAN_POINT('Ctrl Pts',(-2.04694309687578,-6.79188688304992,-5.17948565152589));
#3684=CARTESIAN_POINT('Ctrl Pts',(-2.00527122143803,-6.83356354339379,-5.14661240293269));
#3685=CARTESIAN_POINT('Ctrl Pts',(-1.96381155085285,-6.87502321397897,-5.11338273054274));
#3686=CARTESIAN_POINT('',(-2.08883476483185,-6.75,-7.53656905019423));
#3687=CARTESIAN_POINT('',(-2.08883476483185,-6.75,0.));
#3688=CARTESIAN_POINT('',(-1.96381155085389,-6.87502321397783,-7.61338273233888));
#3689=CARTESIAN_POINT('Ctrl Pts',(-1.9638115508527,-6.87502321397915,-7.61338273233985));
#3690=CARTESIAN_POINT('Ctrl Pts',(-2.00531191252698,-6.83352285230487,-7.58725776300598));
#3691=CARTESIAN_POINT('Ctrl Pts',(-2.04698726301582,-6.79184750181603,-7.56164042098645));
#3692=CARTESIAN_POINT('Ctrl Pts',(-2.08883476483187,-6.74999999999998,-7.53656905019422));
#3693=CARTESIAN_POINT('',(-1.96381155085215,-6.87502321397881,-8.23838273054361));
#3694=CARTESIAN_POINT('',(-1.96381155085419,-6.87502321397766,0.));
#3695=CARTESIAN_POINT('',(-2.08883476483185,-6.75,-8.33695607796585));
#3696=CARTESIAN_POINT('Ctrl Pts',(-2.08883470997836,-6.74999982619332,-8.33695607799697));
#3697=CARTESIAN_POINT('Ctrl Pts',(-2.04694309687578,-6.79188688304993,-8.30448565152587));
#3698=CARTESIAN_POINT('Ctrl Pts',(-2.00527122143805,-6.8335635433938,-8.27161240293268));
#3699=CARTESIAN_POINT('Ctrl Pts',(-1.96381155085289,-6.87502321397896,-8.23838273054275));
#3700=CARTESIAN_POINT('',(-2.08883476483184,-6.75,-10.6615690501942));
#3701=CARTESIAN_POINT('',(-2.08883476483185,-6.75,0.));
#3702=CARTESIAN_POINT('',(-1.96381155085293,-6.87502321397837,-10.7383827323388));
#3703=CARTESIAN_POINT('Ctrl Pts',(-1.96381155085268,-6.87502321397917,-10.7383827323399));
#3704=CARTESIAN_POINT('Ctrl Pts',(-2.00531191252696,-6.83352285230488,-10.712257763006));
#3705=CARTESIAN_POINT('Ctrl Pts',(-2.04698726301581,-6.79184750181604,-10.6866404209865));
#3706=CARTESIAN_POINT('Ctrl Pts',(-2.08883476483187,-6.74999999999998,-10.6615690501942));
#3707=CARTESIAN_POINT('',(-1.96381155085123,-6.87502321397933,-11.3633827305435));
#3708=CARTESIAN_POINT('',(-1.96381155085419,-6.87502321397766,0.));
#3709=CARTESIAN_POINT('',(-2.08883476483185,-6.75,-11.4619560779659));
#3710=CARTESIAN_POINT('Ctrl Pts',(-2.08883470997841,-6.74999982619325,-11.461956077997));
#3711=CARTESIAN_POINT('Ctrl Pts',(-2.04694309687584,-6.79188688304987,-11.4294856515259));
#3712=CARTESIAN_POINT('Ctrl Pts',(-2.00527122143806,-6.83356354339378,-11.3966124029327));
#3713=CARTESIAN_POINT('Ctrl Pts',(-1.96381155085288,-6.87502321397896,-11.3633827305427));
#3714=CARTESIAN_POINT('',(-2.08883476483185,-6.75,0.));
#3715=CARTESIAN_POINT('Origin',(4.41941738241592,-4.41941738241592,0.));
#3716=CARTESIAN_POINT('',(2.08883476483185,-6.75,-12.5));
#3717=CARTESIAN_POINT('',(4.41941500379928,-4.41941976103256,-12.5));
#3718=CARTESIAN_POINT('',(2.08883476483185,-6.75,-11.1634309384766));
#3719=CARTESIAN_POINT('',(2.08883476483185,-6.75,0.));
#3720=CARTESIAN_POINT('',(1.96381155990577,-6.87502320886202,-11.0866172552119));
#3721=CARTESIAN_POINT('Ctrl Pts',(1.96381155085292,-6.87502321397894,-11.0866172560083));
#3722=CARTESIAN_POINT('Ctrl Pts',(2.00531191252559,-6.83352285230627,-11.1127422254505));
#3723=CARTESIAN_POINT('Ctrl Pts',(2.04698726301441,-6.79184750181748,-11.1383595675776));
#3724=CARTESIAN_POINT('Ctrl Pts',(2.08883476483191,-6.74999999999998,-11.1634309384766));
#3725=CARTESIAN_POINT('',(1.96381155085418,-6.87502321397766,-10.4616172578042));
#3726=CARTESIAN_POINT('',(1.96381155085419,-6.87502321397766,0.));
#3727=CARTESIAN_POINT('',(2.08883476483184,-6.75,-10.3630439107049));
#3728=CARTESIAN_POINT('Ctrl Pts',(2.08883470997838,-6.74999982619331,-10.3630439106738));
#3729=CARTESIAN_POINT('Ctrl Pts',(2.04694309687697,-6.79188688304877,-10.3955143370381));
#3730=CARTESIAN_POINT('Ctrl Pts',(2.00527122143922,-6.83356354339268,-10.4283875855237));
#3731=CARTESIAN_POINT('Ctrl Pts',(1.96381155085278,-6.87502321397914,-10.4616172578054));
#3732=CARTESIAN_POINT('',(2.08883476483185,-6.75,-8.03843093847656));
#3733=CARTESIAN_POINT('',(2.08883476483185,-6.75,0.));
#3734=CARTESIAN_POINT('',(1.96381160802287,-6.87502318166789,-7.9616172509742));
#3735=CARTESIAN_POINT('Ctrl Pts',(1.96381158687194,-6.87502317795988,-7.96161727868276));
#3736=CARTESIAN_POINT('Ctrl Pts',(2.00531193663952,-6.8335228281923,-7.987742240273));
#3737=CARTESIAN_POINT('Ctrl Pts',(2.04698723486917,-6.79184736129039,-8.01335957483097));
#3738=CARTESIAN_POINT('Ctrl Pts',(2.08883470998037,-6.74999982622357,-8.03843093847656));
#3739=CARTESIAN_POINT('',(1.9638115508539,-6.87502321397782,-7.33661725780427));
#3740=CARTESIAN_POINT('',(1.96381155085419,-6.87502321397766,0.));
#3741=CARTESIAN_POINT('',(2.08883476483185,-6.75,-7.23804391070494));
#3742=CARTESIAN_POINT('Ctrl Pts',(2.08883470997832,-6.74999982619333,-7.23804391067382));
#3743=CARTESIAN_POINT('Ctrl Pts',(2.04694309687693,-6.79188688304876,-7.27051433703807));
#3744=CARTESIAN_POINT('Ctrl Pts',(2.00527122143917,-6.83356354339267,-7.30338758552362));
#3745=CARTESIAN_POINT('Ctrl Pts',(1.96381155085266,-6.87502321397917,-7.33661725780545));
#3746=CARTESIAN_POINT('',(2.08883476483185,-6.75,-4.91343093847655));
#3747=CARTESIAN_POINT('',(2.08883476483185,-6.75,0.));
#3748=CARTESIAN_POINT('',(1.963811550854,-6.87502321397776,-4.83661725600914));
#3749=CARTESIAN_POINT('Ctrl Pts',(1.96381155085292,-6.87502321397894,-4.83661725600832));
#3750=CARTESIAN_POINT('Ctrl Pts',(2.00531191252559,-6.83352285230627,-4.86274222545046));
#3751=CARTESIAN_POINT('Ctrl Pts',(2.04698726301435,-6.7918475018175,-4.88835956757762));
#3752=CARTESIAN_POINT('Ctrl Pts',(2.08883476483185,-6.75,-4.91343093847655));
#3753=CARTESIAN_POINT('',(1.96381155085297,-6.87502321397834,-4.21161725780435));
#3754=CARTESIAN_POINT('',(1.96381155085419,-6.87502321397766,0.));
#3755=CARTESIAN_POINT('',(2.08883476483185,-6.75,-4.11304391070493));
#3756=CARTESIAN_POINT('Ctrl Pts',(2.08883470997836,-6.74999982619332,-4.11304391067381));
#3757=CARTESIAN_POINT('Ctrl Pts',(2.04694309687697,-6.79188688304875,-4.14551433703806));
#3758=CARTESIAN_POINT('Ctrl Pts',(2.00527122143919,-6.83356354339266,-4.17838758552362));
#3759=CARTESIAN_POINT('Ctrl Pts',(1.96381155085269,-6.87502321397916,-4.21161725780545));
#3760=CARTESIAN_POINT('',(2.08883476483185,-6.75,-1.78843093847655));
#3761=CARTESIAN_POINT('',(2.08883476483185,-6.75,0.));
#3762=CARTESIAN_POINT('',(1.96381155085358,-6.875023213978,-1.71161725600918));
#3763=CARTESIAN_POINT('Ctrl Pts',(1.9638115508529,-6.87502321397895,-1.7116172560083));
#3764=CARTESIAN_POINT('Ctrl Pts',(2.00531191252558,-6.83352285230628,-1.73774222545044));
#3765=CARTESIAN_POINT('Ctrl Pts',(2.04698726301434,-6.7918475018175,-1.76335956757762));
#3766=CARTESIAN_POINT('Ctrl Pts',(2.08883476483185,-6.75,-1.78843093847655));
#3767=CARTESIAN_POINT('',(1.96381155085169,-6.87502321397907,-1.08661725780446));
#3768=CARTESIAN_POINT('',(1.96381155085419,-6.87502321397766,0.));
#3769=CARTESIAN_POINT('',(2.08883476483185,-6.75,-0.988043910704928));
#3770=CARTESIAN_POINT('Ctrl Pts',(2.08883470997837,-6.74999982619332,-0.988043910673808));
#3771=CARTESIAN_POINT('Ctrl Pts',(2.04694309687697,-6.79188688304875,-1.02051433703806));
#3772=CARTESIAN_POINT('Ctrl Pts',(2.00527122143919,-6.83356354339266,-1.05338758552361));
#3773=CARTESIAN_POINT('Ctrl Pts',(1.96381155085269,-6.87502321397916,-1.08661725780544));
#3774=CARTESIAN_POINT('',(2.08883476483185,-6.75,0.));
#3775=CARTESIAN_POINT('Origin',(0.,0.,0.));
#3776=CARTESIAN_POINT('',(3.10563757295589,6.4403039730625,-12.5));
#3777=CARTESIAN_POINT('',(4.48799328838305,5.56600541173189,-12.5));
#3778=CARTESIAN_POINT('Origin',(0.,0.,-12.5));
#3779=CARTESIAN_POINT('',(3.10563757295588,6.44030397306251,-12.3859744100457));
#3780=CARTESIAN_POINT('',(3.10563757295589,6.4403039730625,0.));
#3781=CARTESIAN_POINT('Ctrl Pts',(3.10563757295545,6.44030397306132,-12.3859744100444));
#3782=CARTESIAN_POINT('Ctrl Pts',(3.59781000701876,6.20296902583003,-12.4239829400292));
#3783=CARTESIAN_POINT('Ctrl Pts',(4.0616266309305,5.90781113777339,-12.4619914700139));
#3784=CARTESIAN_POINT('Ctrl Pts',(4.48662597065241,5.56448329469487,-12.4999999999987));
#3785=CARTESIAN_POINT('Ctrl Pts',(-6.74999999999999,-2.35796522451307,-11.8390994082495));
#3786=CARTESIAN_POINT('Ctrl Pts',(-7.2783039823102,-0.845622360622722,-11.9505331316004));
#3787=CARTESIAN_POINT('Ctrl Pts',(-7.27830398230928,0.845622360630666,-12.0619668549512));
#3788=CARTESIAN_POINT('Ctrl Pts',(-6.74999999999742,2.35796522452043,-12.1734005783021));
#3789=CARTESIAN_POINT('Ctrl Pts',(-6.62408135316429,-2.31397829260843,-11.9780374217363));
#3790=CARTESIAN_POINT('Ctrl Pts',(-7.14253002842704,-0.829847601602929,
-12.0894711450872));
#3791=CARTESIAN_POINT('Ctrl Pts',(-7.14253002842613,0.829847601610723,-12.2009048684381));
#3792=CARTESIAN_POINT('Ctrl Pts',(-6.62408135316177,2.31397829261566,-12.312338591789));
#3793=CARTESIAN_POINT('Ctrl Pts',(-6.49816270632859,-2.26999136070379,-12.1169754352232));
#3794=CARTESIAN_POINT('Ctrl Pts',(-7.00675607454387,-0.814072842583128,
-12.228409158574));
#3795=CARTESIAN_POINT('Ctrl Pts',(-7.00675607454298,0.814072842590776,-12.3398428819249));
#3796=CARTESIAN_POINT('Ctrl Pts',(-6.49816270632611,2.26999136071088,-12.4512766052758));
#3797=CARTESIAN_POINT('Ctrl Pts',(-6.3722440594929,-2.22600442879915,-12.25591344871));
#3798=CARTESIAN_POINT('Ctrl Pts',(-6.8709821206607,-0.798298083563335,-12.3673471720609));
#3799=CARTESIAN_POINT('Ctrl Pts',(-6.87098212065983,0.798298083570834,-12.4787808954118));
#3800=CARTESIAN_POINT('Ctrl Pts',(-6.37224405949047,2.2260044288061,-12.5902146187626));
#3801=CARTESIAN_POINT('',(-6.74999999999829,2.35796522452009,-12.1734005783031));
#3802=CARTESIAN_POINT('',(-6.75000000000001,-2.35796522451029,-11.8390994082506));
#3803=CARTESIAN_POINT('Ctrl Pts',(-6.75,2.35796522451293,-12.1734005783016));
#3804=CARTESIAN_POINT('Ctrl Pts',(-6.75,1.98539458628697,-12.2769220072218));
#3805=CARTESIAN_POINT('Ctrl Pts',(-6.75000000000002,1.60773111195149,-12.353562175911));
#3806=CARTESIAN_POINT('Ctrl Pts',(-6.75000000000002,1.00365041133591,-12.4226831697533));
#3807=CARTESIAN_POINT('Ctrl Pts',(-6.75,0.783591061818596,-12.436949767769));
#3808=CARTESIAN_POINT('Ctrl Pts',(-6.75,0.457392616314222,-12.4412964916068));
#3809=CARTESIAN_POINT('Ctrl Pts',(-6.74999999999895,0.352392943029068,-12.4401367946042));
#3810=CARTESIAN_POINT('Ctrl Pts',(-6.74999999999895,0.190597507882697,-12.43440374609));
#3811=CARTESIAN_POINT('Ctrl Pts',(-6.75,0.133859508328317,-12.4316446230032));
#3812=CARTESIAN_POINT('Ctrl Pts',(-6.75,0.0304951896439422,-12.4252600179501));
#3813=CARTESIAN_POINT('Ctrl Pts',(-6.75,-0.0161206513295295,-12.4218760550218));
#3814=CARTESIAN_POINT('Ctrl Pts',(-6.75,-0.117561511433092,-12.4134206971489));
#3815=CARTESIAN_POINT('Ctrl Pts',(-6.75000000000014,-0.172347655685868,
-12.4081585228366));
#3816=CARTESIAN_POINT('Ctrl Pts',(-6.75000000000014,-0.321011475253138,
-12.3920103658732));
#3817=CARTESIAN_POINT('Ctrl Pts',(-6.74999999999694,-0.414666631976265,
-12.3798078424637));
#3818=CARTESIAN_POINT('Ctrl Pts',(-6.74999999999694,-0.851753381099249,
-12.3136085874137));
#3819=CARTESIAN_POINT('Ctrl Pts',(-6.74999999999999,-1.18934492851801,-12.2356448897521));
#3820=CARTESIAN_POINT('Ctrl Pts',(-6.74999999999999,-1.80559487773837,-12.0512190820719));
#3821=CARTESIAN_POINT('Ctrl Pts',(-6.75,-2.0842806649178,-11.9510899315202));
#3822=CARTESIAN_POINT('Ctrl Pts',(-6.75,-2.35796522451306,-11.8390994082495));
#3823=CARTESIAN_POINT('Ctrl Pts',(-6.74999999999551,2.35796522451967,-12.1734005783042));
#3824=CARTESIAN_POINT('Ctrl Pts',(-7.27830398230691,0.845622360631179,-12.0619668549534));
#3825=CARTESIAN_POINT('Ctrl Pts',(-7.27830398230811,-0.845622360620668,
-11.9505331316026));
#3826=CARTESIAN_POINT('Ctrl Pts',(-6.74999999999892,-2.35796522450992,-11.8390994082518));
#3827=CARTESIAN_POINT('Ctrl Pts',(-3.10563757295393,-6.44030397306444,-11.4484744082495));
#3828=CARTESIAN_POINT('Ctrl Pts',(-4.54859279590952,-5.74448340694779,-11.5599081316004));
#3829=CARTESIAN_POINT('Ctrl Pts',(-5.74448340695327,-4.54859279590261,-11.6713418549513));
#3830=CARTESIAN_POINT('Ctrl Pts',(-6.44030397306818,-3.10563757294618,-11.7827755783022));
#3831=CARTESIAN_POINT('Ctrl Pts',(-3.04770310173194,-6.32016258617572,-11.5874124217363));
#3832=CARTESIAN_POINT('Ctrl Pts',(-4.4637405514847,-5.63732228437402,-11.6988461450872));
#3833=CARTESIAN_POINT('Ctrl Pts',(-5.63732228437939,-4.46374055147792,-11.8102798684381));
#3834=CARTESIAN_POINT('Ctrl Pts',(-6.32016258617939,-3.04770310172433,-11.921713591789));
#3835=CARTESIAN_POINT('Ctrl Pts',(-2.98976863050995,-6.20002119928701,-11.7263504352232));
#3836=CARTESIAN_POINT('Ctrl Pts',(-4.37888830705988,-5.53016116180024,-11.8377841585741));
#3837=CARTESIAN_POINT('Ctrl Pts',(-5.53016116180551,-4.37888830705322,-11.949217881925));
#3838=CARTESIAN_POINT('Ctrl Pts',(-6.2000211992906,-2.98976863050248,-12.0606516052759));
#3839=CARTESIAN_POINT('Ctrl Pts',(-2.93183415928795,-6.07987981239829,-11.86528844871));
#3840=CARTESIAN_POINT('Ctrl Pts',(-4.29403606263506,-5.42300003922647,-11.9767221720609));
#3841=CARTESIAN_POINT('Ctrl Pts',(-5.42300003923163,-4.29403606262854,-12.0881558954118));
#3842=CARTESIAN_POINT('Ctrl Pts',(-6.07987981240182,-2.93183415928063,-12.1995896187627));
#3843=CARTESIAN_POINT('',(-6.44030397306867,-3.10563757294712,-11.7827755783031));
#3844=CARTESIAN_POINT('',(-3.10563757295594,-6.44030397306247,-11.4484744082506));
#3845=CARTESIAN_POINT('Ctrl Pts',(-6.44030397306441,-3.10563757295399,-11.7827755783016));
#3846=CARTESIAN_POINT('Ctrl Pts',(-6.17685674830377,-3.36908479771463,-11.8862970072218));
#3847=CARTESIAN_POINT('Ctrl Pts',(-5.90980834459483,-3.63613320142357,-11.962937175911));
#3848=CARTESIAN_POINT('Ctrl Pts',(-5.48265878480547,-4.06328276121293,-12.0320581697534));
#3849=CARTESIAN_POINT('Ctrl Pts',(-5.32705332649833,-4.21888821952007,-12.046324767769));
#3850=CARTESIAN_POINT('Ctrl Pts',(-5.09639619366991,-4.44954535234848,-12.0506714916068));
#3851=CARTESIAN_POINT('Ctrl Pts',(-5.02215021266675,-4.52379133335015,-12.0495117946042));
#3852=CARTESIAN_POINT('Ctrl Pts',(-4.90774356330956,-4.63819798270734,-12.0437787460901));
#3853=CARTESIAN_POINT('Ctrl Pts',(-4.8676237390744,-4.678317806944,-12.0410196230032));
#3854=CARTESIAN_POINT('Ctrl Pts',(-4.79453412839995,-4.75140741761844,-12.0346350179501));
#3855=CARTESIAN_POINT('Ctrl Pts',(-4.7615717511368,-4.78436979488159,-12.0312510550218));
#3856=CARTESIAN_POINT('Ctrl Pts',(-4.68984223106811,-4.85609931495028,-12.0227956971488));
#3857=CARTESIAN_POINT('Ctrl Pts',(-4.65110257695173,-4.89483896906687,-12.0175335228365));
#3858=CARTESIAN_POINT('Ctrl Pts',(-4.54598138201936,-4.99996016399924,-12.0013853658732));
#3859=CARTESIAN_POINT('Ctrl Pts',(-4.4797571856052,-5.06618436040887,-11.9891828424638));
#3860=CARTESIAN_POINT('Ctrl Pts',(-4.17069018133323,-5.37525136468083,-11.9229835874137));
#3861=CARTESIAN_POINT('Ctrl Pts',(-3.93197690888432,-5.61396463713407,-11.8450198897521));
#3862=CARTESIAN_POINT('Ctrl Pts',(-3.49622239088476,-6.04971915513363,-11.6605940820719));
#3863=CARTESIAN_POINT('Ctrl Pts',(-3.29916178094995,-6.24677976506845,-11.5604649315203));
#3864=CARTESIAN_POINT('Ctrl Pts',(-3.10563757295396,-6.44030397306444,-11.4484744082495));
#3865=CARTESIAN_POINT('Ctrl Pts',(-6.44030397306642,-3.10563757294544,-11.7827755783042));
#3866=CARTESIAN_POINT('Ctrl Pts',(-5.7444834072957,-4.54859279518807,-11.6713418550084));
#3867=CARTESIAN_POINT('Ctrl Pts',(-4.54859279709075,-5.74448340576381,-11.5599081317125));
#3868=CARTESIAN_POINT('Ctrl Pts',(-3.10563757509325,-6.44030397203071,-11.4484744084167));
#3869=CARTESIAN_POINT('Ctrl Pts',(-1.96381155085073,-6.87502321397958,-11.3633827305426));
#3870=CARTESIAN_POINT('Ctrl Pts',(-2.09636473890901,-6.8371601444729,-11.3729720141191));
#3871=CARTESIAN_POINT('Ctrl Pts',(-2.22782257444339,-6.79546249614477,-11.3825612976956));
#3872=CARTESIAN_POINT('Ctrl Pts',(-2.35796526482839,-6.74999998591671,-11.3921505812721));
#3873=CARTESIAN_POINT('Ctrl Pts',(-1.95610409184482,-6.84804050295344,-11.3926139022014));
#3874=CARTESIAN_POINT('Ctrl Pts',(-2.08813704247879,-6.8103260363287,-11.4022031857779));
#3875=CARTESIAN_POINT('Ctrl Pts',(-2.21907893956788,-6.76879204062549,-11.4117924693544));
#3876=CARTESIAN_POINT('Ctrl Pts',(-2.34871085311656,-6.72350795914419,-11.4213817529309));
#3877=CARTESIAN_POINT('Ctrl Pts',(-1.94839663283892,-6.8210577919273,-11.4218450738601));
#3878=CARTESIAN_POINT('Ctrl Pts',(-2.07990934604856,-6.78349192818451,-11.4314343574366));
#3879=CARTESIAN_POINT('Ctrl Pts',(-2.21033530469236,-6.74212158510621,-11.4410236410131));
#3880=CARTESIAN_POINT('Ctrl Pts',(-2.33945644140473,-6.69701593237167,-11.4506129245897));
#3881=CARTESIAN_POINT('Ctrl Pts',(-1.94068917383301,-6.79407508090116,-11.4510762455189));
#3882=CARTESIAN_POINT('Ctrl Pts',(-2.07168164961834,-6.75665782004032,-11.4606655290954));
#3883=CARTESIAN_POINT('Ctrl Pts',(-2.20159166981685,-6.71545112958693,-11.4702548126719));
#3884=CARTESIAN_POINT('Ctrl Pts',(-2.3302020296929,-6.67052390559915,-11.4798440962484));
#3885=CARTESIAN_POINT('',(-2.35796526482809,-6.74999999295793,-11.3921505812731));
#3886=CARTESIAN_POINT('Ctrl Pts',(-2.35796522451297,-6.75000000000002,-11.3921505783016));
#3887=CARTESIAN_POINT('Ctrl Pts',(-2.26864577506216,-6.74999999999988,-11.4169686291323));
#3888=CARTESIAN_POINT('Ctrl Pts',(-2.17893779934316,-6.7500000306774,-11.4402679874533));
#3889=CARTESIAN_POINT('Ctrl Pts',(-2.08883470998033,-6.74999982622334,-11.4619560779659));
#3890=CARTESIAN_POINT('Ctrl Pts',(-2.3579652648275,-6.74999998591464,-11.3921505812745));
#3891=CARTESIAN_POINT('Ctrl Pts',(-2.22782257444259,-6.79546249614267,-11.382561297698));
#3892=CARTESIAN_POINT('Ctrl Pts',(-2.0963647389083,-6.83716014447076,-11.3729720141214));
#3893=CARTESIAN_POINT('Ctrl Pts',(-1.96381155085011,-6.87502321397742,-11.3633827305449));
#3894=CARTESIAN_POINT('Ctrl Pts',(2.93183415928763,6.07987981239844,-11.96916037112));
#3895=CARTESIAN_POINT('Ctrl Pts',(4.1312057156489,5.50151994228272,-12.067273901778));
#3896=CARTESIAN_POINT('Ctrl Pts',(5.15220540814166,4.55942559678963,-12.1653874324361));
#3897=CARTESIAN_POINT('Ctrl Pts',(5.82495998387253,3.41034180941731,-12.2635009630941));
#3898=CARTESIAN_POINT('Ctrl Pts',(2.98976863050964,6.20002119928721,-12.1080983840955));
#3899=CARTESIAN_POINT('Ctrl Pts',(4.21284035309498,5.61023265639167,-12.2062119147536));
#3900=CARTESIAN_POINT('Ctrl Pts',(5.25401549688842,4.64952206769311,-12.3043254454116));
#3901=CARTESIAN_POINT('Ctrl Pts',(5.94006403076616,3.47773182490949,-12.4024389760697));
#3902=CARTESIAN_POINT('Ctrl Pts',(3.04770310173164,6.32016258617597,-12.247036397071));
#3903=CARTESIAN_POINT('Ctrl Pts',(4.29447499054104,5.71894537050062,-12.3451499277291));
#3904=CARTESIAN_POINT('Ctrl Pts',(5.35582558563518,4.7396185385966,-12.4432634583871));
#3905=CARTESIAN_POINT('Ctrl Pts',(6.0551680776598,3.54512184040167,-12.5413769890452));
#3906=CARTESIAN_POINT('Ctrl Pts',(3.10563757295365,6.44030397306473,-12.3859744100466));
#3907=CARTESIAN_POINT('Ctrl Pts',(4.37610962798712,5.82765808460956,-12.4840879407046));
#3908=CARTESIAN_POINT('Ctrl Pts',(5.45763567438194,4.82971500950008,-12.5822014713627));
#3909=CARTESIAN_POINT('Ctrl Pts',(6.17027212455344,3.61251185589385,-12.6803150020207));
#3910=CARTESIAN_POINT('',(6.02088905793468,3.52505248808371,-12.5000000000001));
#3911=CARTESIAN_POINT('Ctrl Pts',(4.48662597064175,5.56448329470641,-12.5));
#3912=CARTESIAN_POINT('Ctrl Pts',(4.6280855453959,5.43371076579738,-12.5));
#3913=CARTESIAN_POINT('Ctrl Pts',(4.76414000332336,5.29744414828705,-12.5));
#3914=CARTESIAN_POINT('Ctrl Pts',(4.89446953854998,5.15602140781703,-12.5));
#3915=CARTESIAN_POINT('Ctrl Pts',(5.02377358935128,5.0157114375068,-12.5));
#3916=CARTESIAN_POINT('Ctrl Pts',(5.14744283464391,4.8703255832153,-12.5));
#3917=CARTESIAN_POINT('Ctrl Pts',(5.26512297376431,4.72016523445512,-12.5));
#3918=CARTESIAN_POINT('Ctrl Pts',(5.33789608104985,4.62730644577559,-12.5));
#3919=CARTESIAN_POINT('Ctrl Pts',(5.40837801284523,4.53262128731446,-12.5));
#3920=CARTESIAN_POINT('Ctrl Pts',(5.4764758819321,4.43617692826342,-12.5));
#3921=CARTESIAN_POINT('Ctrl Pts',(5.50126684074795,4.4010664590914,-12.5));
#3922=CARTESIAN_POINT('Ctrl Pts',(5.52574176522646,4.36572281491015,-12.5));
#3923=CARTESIAN_POINT('Ctrl Pts',(5.54989592566375,4.33014915658829,-12.5));
#3924=CARTESIAN_POINT('Ctrl Pts',(5.57335457738522,4.29559982653817,-12.5));
#3925=CARTESIAN_POINT('Ctrl Pts',(5.5965134308834,4.26082914523481,-12.5));
#3926=CARTESIAN_POINT('Ctrl Pts',(5.61935135693552,4.22586600160558,-12.5));
#3927=CARTESIAN_POINT('Ctrl Pts',(5.72232360009304,4.0682232577275,-12.4999999999998));
#3928=CARTESIAN_POINT('Ctrl Pts',(5.81883559969853,3.90658401980563,-12.4999999999991));
#3929=CARTESIAN_POINT('Ctrl Pts',(5.90854325032793,3.74124111208039,-12.4999999999985));
#3930=CARTESIAN_POINT('Ctrl Pts',(5.94727075557182,3.66986126564543,-12.4999999999982));
#3931=CARTESIAN_POINT('Ctrl Pts',(5.98472952961973,3.59779089153753,-12.4999999999979));
#3932=CARTESIAN_POINT('Ctrl Pts',(6.0208890579324,3.52505248808294,-12.4999999999977));
#3933=CARTESIAN_POINT('Ctrl Pts',(3.10563757295365,6.44030397306473,-12.3859744100466));
#3934=CARTESIAN_POINT('Ctrl Pts',(3.18973559301854,6.35620595299985,-12.3529281436652));
#3935=CARTESIAN_POINT('Ctrl Pts',(3.27418427651007,6.2716626679623,-12.3226211414139));
#3936=CARTESIAN_POINT('Ctrl Pts',(3.35899170006288,6.1866884962537,-12.2952413315792));
#3937=CARTESIAN_POINT('Ctrl Pts',(3.44379555425733,6.10171790092152,-12.2678626741006));
#3938=CARTESIAN_POINT('Ctrl Pts',(3.52895845825324,6.01631705953668,-12.2434109626456));
#3939=CARTESIAN_POINT('Ctrl Pts',(3.61453428911935,5.93047560413565,-12.2220741017735));
#3940=CARTESIAN_POINT('Ctrl Pts',(3.69980179903306,5.84494342670502,-12.2008141154253));
#3941=CARTESIAN_POINT('Ctrl Pts',(3.78547972614208,5.7589743712621,-12.1826465751182));
#3942=CARTESIAN_POINT('Ctrl Pts',(3.87166081266681,5.67252485779699,-12.1677573617175));
#3943=CARTESIAN_POINT('Ctrl Pts',(3.88345095165143,5.66069799624293,-12.1657204194783));
#3944=CARTESIAN_POINT('Ctrl Pts',(3.8952505618434,5.64886208364135,-12.1637448345301));
#3945=CARTESIAN_POINT('Ctrl Pts',(3.90705993045263,5.63701695067136,-12.1618310828167));
#3946=CARTESIAN_POINT('Ctrl Pts',(4.00546187275841,5.53831700068367,-12.1458846853484));
#3947=CARTESIAN_POINT('Ctrl Pts',(4.10398078446929,5.43952883884521,-12.1343130666654));
#3948=CARTESIAN_POINT('Ctrl Pts',(4.20275402574152,5.34055353068463,-12.1272303962547));
#3949=CARTESIAN_POINT('Ctrl Pts',(4.25969535829419,5.28349570951885,-12.1231473400948));
#3950=CARTESIAN_POINT('Ctrl Pts',(4.31672189196601,5.22637494540407,-12.1205561204831));
#3951=CARTESIAN_POINT('Ctrl Pts',(4.3738641932566,5.16916570067992,-12.119478610755));
#3952=CARTESIAN_POINT('Ctrl Pts',(4.44811470842165,5.09482819944122,-12.1180784982185));
#3953=CARTESIAN_POINT('Ctrl Pts',(4.52233637373591,5.02056579953962,-12.1192381952453));
#3954=CARTESIAN_POINT('Ctrl Pts',(4.59659240257145,4.94631874461168,-12.1229592708268));
#3955=CARTESIAN_POINT('Ctrl Pts',(4.63674238569157,4.90617361365297,-12.1249712437821));
#3956=CARTESIAN_POINT('Ctrl Pts',(4.67686891624102,4.86606633853325,-12.1277303668742));
#3957=CARTESIAN_POINT('Ctrl Pts',(4.71698143153322,4.82598706163896,-12.1312331369958));
#3958=CARTESIAN_POINT('Ctrl Pts',(4.74998321124607,4.79301262816151,-12.1341149719318));
#3959=CARTESIAN_POINT('Ctrl Pts',(4.78296134731521,4.76007127959426,-12.1374989348603));
#3960=CARTESIAN_POINT('Ctrl Pts',(4.81592077778132,4.72715750099501,-12.1413817625994));
#3961=CARTESIAN_POINT('Ctrl Pts',(4.85473475537875,4.68839728435498,-12.1459542927296));
#3962=CARTESIAN_POINT('Ctrl Pts',(4.8935042335692,4.64969384581105,-12.1512164670374));
#3963=CARTESIAN_POINT('Ctrl Pts',(4.93223663340742,4.61103828977938,-12.1571609117841));
#3964=CARTESIAN_POINT('Ctrl Pts',(4.99872127200641,4.54468555451528,-12.1673646239815));
#3965=CARTESIAN_POINT('Ctrl Pts',(5.06502216287799,4.47854847295551,-12.1795671473713));
#3966=CARTESIAN_POINT('Ctrl Pts',(5.13117097471728,4.41258425700791,-12.1937168166361));
#3967=CARTESIAN_POINT('Ctrl Pts',(5.22086616245373,4.32313937404187,-12.2129032117628));
#3968=CARTESIAN_POINT('Ctrl Pts',(5.30998302106768,4.23431900047691,-12.2356107894578));
#3969=CARTESIAN_POINT('Ctrl Pts',(5.39857483421621,4.14601791677521,-12.2616261157907));
#3970=CARTESIAN_POINT('Ctrl Pts',(5.48582951246296,4.05904957993449,-12.287248787322));
#3971=CARTESIAN_POINT('Ctrl Pts',(5.57257433385456,3.97258445323457,-12.3160801119189));
#3972=CARTESIAN_POINT('Ctrl Pts',(5.65882713830041,3.88655969067723,-12.3479161747309));
#3973=CARTESIAN_POINT('Ctrl Pts',(5.722575430479,3.8229799412032,-12.371445782226));
#3974=CARTESIAN_POINT('Ctrl Pts',(5.78605423255699,3.7596414836581,-12.3966167249835));
#3975=CARTESIAN_POINT('Ctrl Pts',(5.84926159076455,3.6965348706634,-12.423346677415));
#3976=CARTESIAN_POINT('Ctrl Pts',(5.9067657120342,3.63912240430707,-12.4476647705887));
#3977=CARTESIAN_POINT('Ctrl Pts',(5.96398157817138,3.58195948490972,-12.4732435908464));
#3978=CARTESIAN_POINT('Ctrl Pts',(6.02088905792128,3.52505248808076,-12.4999999999863));
#3979=CARTESIAN_POINT('Ctrl Pts',(1.94068917365989,6.7940750802897,-12.2131892170242));
#3980=CARTESIAN_POINT('Ctrl Pts',(2.07168163590688,6.75665782329598,-12.2227784996105));
#3981=CARTESIAN_POINT('Ctrl Pts',(2.20159164279078,6.71545113749288,-12.2323677821968));
#3982=CARTESIAN_POINT('Ctrl Pts',(2.33020198964304,6.67052391891655,-12.2419570647831));
#3983=CARTESIAN_POINT('Ctrl Pts',(1.948396632724,6.82105779151956,-12.242420388796));
#3984=CARTESIAN_POINT('Ctrl Pts',(2.07990933234552,6.78349193165812,-12.2520096713824));
#3985=CARTESIAN_POINT('Ctrl Pts',(2.21033527762577,6.74212159324733,-12.2615989539687));
#3986=CARTESIAN_POINT('Ctrl Pts',(2.33945640126651,6.69701594594436,-12.271188236555));
#3987=CARTESIAN_POINT('Ctrl Pts',(1.9561040917881,6.84804050274943,-12.2716515605679));
#3988=CARTESIAN_POINT('Ctrl Pts',(2.08813702878415,6.81032604002026,-12.2812408431542));
#3989=CARTESIAN_POINT('Ctrl Pts',(2.21907891246075,6.76879204900177,-12.2908301257405));
#3990=CARTESIAN_POINT('Ctrl Pts',(2.34871081288999,6.72350797297218,-12.3004194083268));
#3991=CARTESIAN_POINT('Ctrl Pts',(1.96381155085221,6.8750232139793,-12.3008827323398));
#3992=CARTESIAN_POINT('Ctrl Pts',(2.09636472522278,6.83716014838241,-12.3104720149261));
#3993=CARTESIAN_POINT('Ctrl Pts',(2.22782254729573,6.79546250475622,-12.3200612975124));
#3994=CARTESIAN_POINT('Ctrl Pts',(2.35796522451347,6.75,-12.3296505800987));
#3995=CARTESIAN_POINT('',(2.08883476483185,6.75,-12.2240690501942));
#3996=CARTESIAN_POINT('',(2.35796522451039,6.74999999999999,-12.3296505800975));
#3997=CARTESIAN_POINT('Ctrl Pts',(2.08883470998031,6.74999982622338,-12.2240690501941));
#3998=CARTESIAN_POINT('Ctrl Pts',(2.17906440036003,6.75000027281638,-12.2579225387349));
#3999=CARTESIAN_POINT('Ctrl Pts',(2.26878129246229,6.75,-12.2931569057692));
#4000=CARTESIAN_POINT('Ctrl Pts',(2.35796522451347,6.75,-12.3296505800987));
#4001=CARTESIAN_POINT('',(1.96381155085228,6.87502321397873,-12.3008827323387));
#4002=CARTESIAN_POINT('Ctrl Pts',(1.96381155085167,6.87502321397706,-12.3008827323374));
#4003=CARTESIAN_POINT('Ctrl Pts',(2.09636472522128,6.83716014838044,-12.3104720149237));
#4004=CARTESIAN_POINT('Ctrl Pts',(2.22782254729328,6.79546250475458,-12.3200612975099));
#4005=CARTESIAN_POINT('Ctrl Pts',(2.35796522451009,6.74999999999874,-12.3296505800961));
#4006=CARTESIAN_POINT('Ctrl Pts',(1.96381155085263,6.8750232139792,-12.3008827323399));
#4007=CARTESIAN_POINT('Ctrl Pts',(2.00531191252693,6.8335228523049,-12.274757763006));
#4008=CARTESIAN_POINT('Ctrl Pts',(2.04698726301576,6.79184750181608,-12.2491404209865));
#4009=CARTESIAN_POINT('Ctrl Pts',(2.08883476483182,6.75000000000001,-12.2240690501942));
#4010=CARTESIAN_POINT('Origin',(0.,0.,0.));
#4011=CARTESIAN_POINT('',(-6.74999999999963,-2.35796522451247,-11.2140994100456));
#4012=CARTESIAN_POINT('',(-6.75,-2.35796522451032,0.));
#4013=CARTESIAN_POINT('',(-6.74999999999742,2.35796522452508,-11.5484005800985));
#4014=CARTESIAN_POINT('Ctrl Pts',(-6.74999999999751,-2.3579652245116,-11.2140994100436));
#4015=CARTESIAN_POINT('Ctrl Pts',(-7.27830398230791,-0.845622360620319,
-11.3255331333945));
#4016=CARTESIAN_POINT('Ctrl Pts',(-7.2783039823063,0.845622360634226,-11.4369668567455));
#4017=CARTESIAN_POINT('Ctrl Pts',(-6.74999999999301,2.35796522452449,-11.5484005800965));
#4018=CARTESIAN_POINT('',(-6.75,2.35796522451032,0.));
#4019=CARTESIAN_POINT('Origin',(0.,0.,0.));
#4020=CARTESIAN_POINT('',(-3.10563757295586,-6.44030397306252,-10.8234744100457));
#4021=CARTESIAN_POINT('',(-3.10563757295589,-6.4403039730625,0.));
#4022=CARTESIAN_POINT('',(-6.440303973071,-3.1056375729438,-11.1577755800985));
#4023=CARTESIAN_POINT('Ctrl Pts',(-3.10563757295508,-6.44030397306051,-10.8234744100435));
#4024=CARTESIAN_POINT('Ctrl Pts',(-4.54859279591023,-5.74448340694336,-10.9349081333944));
#4025=CARTESIAN_POINT('Ctrl Pts',(-5.74448340695328,-4.54859279589774,-11.0463418567453));
#4026=CARTESIAN_POINT('Ctrl Pts',(-6.44030397306727,-3.10563757294106,-11.1577755800963));
#4027=CARTESIAN_POINT('',(-6.4403039730625,-3.1056375729559,0.));
#4028=CARTESIAN_POINT('Origin',(0.,0.,0.));
#4029=CARTESIAN_POINT('',(-2.35796522451055,-6.74999999999996,-10.7671505800975));
#4030=CARTESIAN_POINT('',(-2.35796522451033,-6.75,0.));
#4031=CARTESIAN_POINT('Ctrl Pts',(-1.96381155085232,-6.87502321397643,-10.738382732337));
#4032=CARTESIAN_POINT('Ctrl Pts',(-2.0963647252217,-6.83716014837986,-10.7479720149233));
#4033=CARTESIAN_POINT('Ctrl Pts',(-2.22782254729349,-6.79546250475405,-10.7575612975095));
#4034=CARTESIAN_POINT('Ctrl Pts',(-2.35796522451008,-6.74999999999829,-10.7671505800957));
#4035=CARTESIAN_POINT('Ctrl Pts',(-6.07987981239668,2.93183415928682,-11.187910371118));
#4036=CARTESIAN_POINT('Ctrl Pts',(-5.4230000392249,4.29403606263401,-11.2993440944689));
#4037=CARTESIAN_POINT('Ctrl Pts',(-4.29403606262687,5.42300003923056,-11.4107778178198));
#4038=CARTESIAN_POINT('Ctrl Pts',(-2.93183415927881,6.07987981240054,-11.5222115411708));
#4039=CARTESIAN_POINT('Ctrl Pts',(-6.20002119928603,2.98976863050911,-11.3268483840942));
#4040=CARTESIAN_POINT('Ctrl Pts',(-5.53016116179923,4.37888830705927,-11.4382821074451));
#4041=CARTESIAN_POINT('Ctrl Pts',(-4.37888830705199,5.530161161805,-11.549715830796));
#4042=CARTESIAN_POINT('Ctrl Pts',(-2.98976863050094,6.20002119928996,-11.661149554147));
#4043=CARTESIAN_POINT('Ctrl Pts',(-6.32016258617537,3.0477031017314,-11.4657863970704));
#4044=CARTESIAN_POINT('Ctrl Pts',(-5.63732228437356,4.46374055148454,-11.5772201204213));
#4045=CARTESIAN_POINT('Ctrl Pts',(-4.46374055147711,5.63732228437944,-11.6886538437722));
#4046=CARTESIAN_POINT('Ctrl Pts',(-3.04770310172307,6.32016258617939,-11.8000875671232));
#4047=CARTESIAN_POINT('Ctrl Pts',(-6.44030397306471,3.10563757295369,-11.6047244100466));
#4048=CARTESIAN_POINT('Ctrl Pts',(-5.7444834069479,4.5485927959098,-11.7161581333975));
#4049=CARTESIAN_POINT('Ctrl Pts',(-4.54859279590223,5.74448340695389,-11.8275918567484));
#4050=CARTESIAN_POINT('Ctrl Pts',(-3.1056375729452,6.44030397306881,-11.9390255800994));
#4051=CARTESIAN_POINT('',(-6.44030397306351,3.10563757295445,-11.6047244100456));
#4052=CARTESIAN_POINT('',(-3.1056375729457,6.44030397306966,-11.9390255800984));
#4053=CARTESIAN_POINT('Ctrl Pts',(-6.44030397306471,3.10563757295369,-11.6047244100466));
#4054=CARTESIAN_POINT('Ctrl Pts',(-6.17685675000092,3.36908479601747,-11.5012029822641));
#4055=CARTESIAN_POINT('Ctrl Pts',(-5.90980834805831,3.63613319796008,-11.4245628142825));
#4056=CARTESIAN_POINT('Ctrl Pts',(-5.48265878912341,4.06328275689499,-11.3554418203064));
#4057=CARTESIAN_POINT('Ctrl Pts',(-5.32705332981212,4.21888821620627,-11.341175222126));
#4058=CARTESIAN_POINT('Ctrl Pts',(-5.09639619553194,4.44954535048645,-11.3368284982008));
#4059=CARTESIAN_POINT('Ctrl Pts',(-5.0221502140935,4.5237913319234,-11.3379881951965));
#4060=CARTESIAN_POINT('Ctrl Pts',(-4.90774356413071,4.6381979818862,-11.3437212437286));
#4061=CARTESIAN_POINT('Ctrl Pts',(-4.86762373972597,4.67831780629242,-11.3464803668233));
#4062=CARTESIAN_POINT('Ctrl Pts',(-4.79453412877688,4.75140741724151,-11.352864971894));
#4063=CARTESIAN_POINT('Ctrl Pts',(-4.76157175140913,4.78436979460926,-11.3562489348299));
#4064=CARTESIAN_POINT('Ctrl Pts',(-4.68984223115399,4.8560993148644,-11.3647042927175));
#4065=CARTESIAN_POINT('Ctrl Pts',(-4.65110257695569,4.89483896906291,-11.3699664670359));
#4066=CARTESIAN_POINT('Ctrl Pts',(-4.54598138190179,4.99996016411681,-11.3861146240012));
#4067=CARTESIAN_POINT('Ctrl Pts',(-4.4797571854474,5.06618436056667,-11.3983171474013));
#4068=CARTESIAN_POINT('Ctrl Pts',(-4.17069018199188,5.3752513640222,-11.4645164021693));
#4069=CARTESIAN_POINT('Ctrl Pts',(-3.9319769103466,5.6139646356718,-11.5424800992862));
#4070=CARTESIAN_POINT('Ctrl Pts',(-3.49622239235789,6.04971915366051,-11.726905906174));
#4071=CARTESIAN_POINT('Ctrl Pts',(-3.29916178168497,6.24677976433343,-11.8270350567484));
#4072=CARTESIAN_POINT('Ctrl Pts',(-3.10563757295368,6.44030397306472,-11.9390255800987));
#4073=CARTESIAN_POINT('Ctrl Pts',(-6.44030397306165,3.10563757295373,-11.6047244100438));
#4074=CARTESIAN_POINT('Ctrl Pts',(-5.74448340694502,4.54859279590875,-11.7161581333947));
#4075=CARTESIAN_POINT('Ctrl Pts',(-4.54859279590008,5.74448340695189,-11.8275918567456));
#4076=CARTESIAN_POINT('Ctrl Pts',(-3.10563757294401,6.44030397306634,-11.9390255800965));
#4077=CARTESIAN_POINT('Ctrl Pts',(-6.37224405949096,-2.22600442879882,-10.797285371118));
#4078=CARTESIAN_POINT('Ctrl Pts',(-6.87098212065928,-0.798298083561767,
-10.908719094469));
#4079=CARTESIAN_POINT('Ctrl Pts',(-6.87098212065786,0.798298083574006,-11.02015281782));
#4080=CARTESIAN_POINT('Ctrl Pts',(-6.37224405948699,2.22600442881017,-11.131586541171));
#4081=CARTESIAN_POINT('Ctrl Pts',(-6.49816270632731,-2.2699913607037,-10.9362233840942));
#4082=CARTESIAN_POINT('Ctrl Pts',(-7.00675607454316,-0.814072842581619,
-11.0476571074452));
#4083=CARTESIAN_POINT('Ctrl Pts',(-7.00675607454171,0.814072842594101,-11.1590908307962));
#4084=CARTESIAN_POINT('Ctrl Pts',(-6.49816270632326,2.26999136071527,-11.2705245541472));
#4085=CARTESIAN_POINT('Ctrl Pts',(-6.62408135316366,-2.31397829260857,-11.0751613970704));
#4086=CARTESIAN_POINT('Ctrl Pts',(-7.14253002842704,-0.829847601601469,
-11.1865951204214));
#4087=CARTESIAN_POINT('Ctrl Pts',(-7.14253002842556,0.829847601614191,-11.2980288437724));
#4088=CARTESIAN_POINT('Ctrl Pts',(-6.62408135315953,2.31397829262037,-11.4094625671234));
#4089=CARTESIAN_POINT('Ctrl Pts',(-6.75,-2.35796522451345,-11.2140994100466));
#4090=CARTESIAN_POINT('Ctrl Pts',(-7.27830398231092,-0.845622360621321,
-11.3255331333976));
#4091=CARTESIAN_POINT('Ctrl Pts',(-7.27830398230942,0.845622360634285,-11.4369668567486));
#4092=CARTESIAN_POINT('Ctrl Pts',(-6.7499999999958,2.35796522452547,-11.5484005800996));
#4093=CARTESIAN_POINT('Ctrl Pts',(-6.75,-2.35796522451344,-11.2140994100466));
#4094=CARTESIAN_POINT('Ctrl Pts',(-6.75,-1.98539458868725,-11.1105779822642));
#4095=CARTESIAN_POINT('Ctrl Pts',(-6.75,-1.60773111685009,-11.0339378142825));
#4096=CARTESIAN_POINT('Ctrl Pts',(-6.75,-1.00365041744257,-10.9648168203064));
#4097=CARTESIAN_POINT('Ctrl Pts',(-6.75,-0.78359106650524,-10.950550222126));
#4098=CARTESIAN_POINT('Ctrl Pts',(-6.75,-0.457392618948394,-10.9462034982008));
#4099=CARTESIAN_POINT('Ctrl Pts',(-6.74999999999895,-0.352392945047305,
-10.9473631951965));
#4100=CARTESIAN_POINT('Ctrl Pts',(-6.74999999999895,-0.190597509043803,
-10.9530962437286));
#4101=CARTESIAN_POINT('Ctrl Pts',(-6.75,-0.133859509249297,-10.9558553668233));
#4102=CARTESIAN_POINT('Ctrl Pts',(-6.75,-0.030495190176985,-10.962239971894));
#4103=CARTESIAN_POINT('Ctrl Pts',(-6.75,0.0161206509445793,-10.9656239348299));
#4104=CARTESIAN_POINT('Ctrl Pts',(-6.75,0.117561511311743,-10.9740792927175));
#4105=CARTESIAN_POINT('Ctrl Pts',(-6.75000000000015,0.172347655680585,-10.9793414670359));
#4106=CARTESIAN_POINT('Ctrl Pts',(-6.75000000000015,0.321011475419125,-10.9954896240012));
#4107=CARTESIAN_POINT('Ctrl Pts',(-6.74999999999695,0.414666632199018,-11.0076921474013));
#4108=CARTESIAN_POINT('Ctrl Pts',(-6.74999999999695,0.851753380167707,-11.0738914021693));
#4109=CARTESIAN_POINT('Ctrl Pts',(-6.75,1.18934492644994,-11.1518550992862));
#4110=CARTESIAN_POINT('Ctrl Pts',(-6.75,1.80559487565492,-11.336280906174));
#4111=CARTESIAN_POINT('Ctrl Pts',(-6.75,2.08428066387798,-11.4364100567483));
#4112=CARTESIAN_POINT('Ctrl Pts',(-6.75,2.35796522451349,-11.5484005800987));
#4113=CARTESIAN_POINT('Ctrl Pts',(-2.93183415928681,-6.07987981239669,-10.406660371118));
#4114=CARTESIAN_POINT('Ctrl Pts',(-4.29403606263487,-5.42300003922449,-10.518094094469));
#4115=CARTESIAN_POINT('Ctrl Pts',(-5.42300003923198,-4.29403606262541,-10.62952781782));
#4116=CARTESIAN_POINT('Ctrl Pts',(-6.0798798124018,-2.93183415927621,-10.740961541171));
#4117=CARTESIAN_POINT('Ctrl Pts',(-2.9897686305091,-6.20002119928603,-10.5455983840942));
#4118=CARTESIAN_POINT('Ctrl Pts',(-4.37888830706015,-5.53016116179881,-10.6570321074452));
#4119=CARTESIAN_POINT('Ctrl Pts',(-5.53016116180645,-4.37888830705051,-10.7684658307962));
#4120=CARTESIAN_POINT('Ctrl Pts',(-6.20002119929125,-2.98976863049828,-10.8798995541472));
#4121=CARTESIAN_POINT('Ctrl Pts',(-3.04770310173139,-6.32016258617537,-10.6845363970704));
#4122=CARTESIAN_POINT('Ctrl Pts',(-4.46374055148543,-5.63732228437314,-10.7959701204214));
#4123=CARTESIAN_POINT('Ctrl Pts',(-5.63732228438092,-4.4637405514756,-10.9074038437724));
#4124=CARTESIAN_POINT('Ctrl Pts',(-6.32016258618069,-3.04770310172036,-11.0188375671234));
#4125=CARTESIAN_POINT('Ctrl Pts',(-3.10563757295367,-6.44030397306472,-10.8234744100466));
#4126=CARTESIAN_POINT('Ctrl Pts',(-4.54859279591071,-5.74448340694746,-10.9349081333976));
#4127=CARTESIAN_POINT('Ctrl Pts',(-5.74448340695539,-4.5485927959007,-11.0463418567486));
#4128=CARTESIAN_POINT('Ctrl Pts',(-6.44030397307013,-3.10563757294244,-11.1577755800996));
#4129=CARTESIAN_POINT('Ctrl Pts',(-3.10563757295367,-6.44030397306472,-10.8234744100466));
#4130=CARTESIAN_POINT('Ctrl Pts',(-3.36908479601746,-6.17685675000093,-10.7199529822641));
#4131=CARTESIAN_POINT('Ctrl Pts',(-3.63613319796006,-5.90980834805833,-10.6433128142825));
#4132=CARTESIAN_POINT('Ctrl Pts',(-4.06328275689502,-5.48265878912337,-10.5741918203064));
#4133=CARTESIAN_POINT('Ctrl Pts',(-4.21888821620628,-5.32705332981211,-10.559925222126));
#4134=CARTESIAN_POINT('Ctrl Pts',(-4.44954535048626,-5.09639619553213,-10.5555784982008));
#4135=CARTESIAN_POINT('Ctrl Pts',(-4.5237913319233,-5.0221502140936,-10.5567381951965));
#4136=CARTESIAN_POINT('Ctrl Pts',(-4.63819798188625,-4.90774356413065,-10.5624712437286));
#4137=CARTESIAN_POINT('Ctrl Pts',(-4.67831780629255,-4.86762373972585,-10.5652303668233));
#4138=CARTESIAN_POINT('Ctrl Pts',(-4.75140741724153,-4.79453412877686,-10.571614971894));
#4139=CARTESIAN_POINT('Ctrl Pts',(-4.78436979460932,-4.76157175140908,-10.5749989348299));
#4140=CARTESIAN_POINT('Ctrl Pts',(-4.85609931486427,-4.68984223115412,-10.5834542927175));
#4141=CARTESIAN_POINT('Ctrl Pts',(-4.89483896906262,-4.65110257695598,-10.5887164670359));
#4142=CARTESIAN_POINT('Ctrl Pts',(-4.99996016411684,-4.54598138190175,-10.6048646240012));
#4143=CARTESIAN_POINT('Ctrl Pts',(-5.0661843605667,-4.47975718544737,-10.6170671474013));
#4144=CARTESIAN_POINT('Ctrl Pts',(-5.37525136402224,-4.17069018199182,-10.6832664021693));
#4145=CARTESIAN_POINT('Ctrl Pts',(-5.61396463567186,-3.93197691034653,-10.7612300992863));
#4146=CARTESIAN_POINT('Ctrl Pts',(-6.04971915366049,-3.4962223923579,-10.945655906174));
#4147=CARTESIAN_POINT('Ctrl Pts',(-6.24677976433338,-3.29916178168502,-11.0457850567484));
#4148=CARTESIAN_POINT('Ctrl Pts',(-6.44030397306473,-3.10563757295367,-11.1577755800987));
#4149=CARTESIAN_POINT('Ctrl Pts',(-1.94068917366035,-6.79407508028956,-10.6506892170242));
#4150=CARTESIAN_POINT('Ctrl Pts',(-2.07168163590721,-6.75665782329587,-10.6602784996105));
#4151=CARTESIAN_POINT('Ctrl Pts',(-2.20159164279098,-6.7154511374928,-10.6698677821968));
#4152=CARTESIAN_POINT('Ctrl Pts',(-2.33020198964311,-6.67052391891652,-10.6794570647831));
#4153=CARTESIAN_POINT('Ctrl Pts',(-1.94839663272446,-6.82105779151943,-10.6799203887961));
#4154=CARTESIAN_POINT('Ctrl Pts',(-2.07990933234584,-6.78349193165802,-10.6895096713824));
#4155=CARTESIAN_POINT('Ctrl Pts',(-2.21033527762597,-6.74212159324725,-10.6990989539687));
#4156=CARTESIAN_POINT('Ctrl Pts',(-2.33945640126659,-6.69701594594433,-10.708688236555));
#4157=CARTESIAN_POINT('Ctrl Pts',(-1.95610409178857,-6.8480405027493,-10.709151560568));
#4158=CARTESIAN_POINT('Ctrl Pts',(-2.08813702878447,-6.81032604002016,-10.7187408431543));
#4159=CARTESIAN_POINT('Ctrl Pts',(-2.21907891246095,-6.7687920490017,-10.7283301257406));
#4160=CARTESIAN_POINT('Ctrl Pts',(-2.34871081289006,-6.72350797297215,-10.7379194083268));
#4161=CARTESIAN_POINT('Ctrl Pts',(-1.96381155085267,-6.87502321397917,-10.7383827323399));
#4162=CARTESIAN_POINT('Ctrl Pts',(-2.09636472522311,-6.8371601483823,-10.7479720149261));
#4163=CARTESIAN_POINT('Ctrl Pts',(-2.22782254729594,-6.79546250475615,-10.7575612975124));
#4164=CARTESIAN_POINT('Ctrl Pts',(-2.35796522451354,-6.74999999999997,-10.7671505800987));
#4165=CARTESIAN_POINT('Ctrl Pts',(-2.08883470998031,-6.74999982622337,-10.6615690501941));
#4166=CARTESIAN_POINT('Ctrl Pts',(-2.1790644003598,-6.75000027281636,-10.6954225387348));
#4167=CARTESIAN_POINT('Ctrl Pts',(-2.26878129246196,-6.74999999999998,-10.730656905769));
#4168=CARTESIAN_POINT('Ctrl Pts',(-2.35796522451354,-6.74999999999997,-10.7671505800987));
#4169=CARTESIAN_POINT('Ctrl Pts',(-2.33020198985263,6.67052391951648,-11.9076558953929));
#4170=CARTESIAN_POINT('Ctrl Pts',(-2.20159166090045,6.71545113183981,-11.9172451766437));
#4171=CARTESIAN_POINT('Ctrl Pts',(-2.07168167227857,6.7566578124262,-11.9268344578945));
#4172=CARTESIAN_POINT('Ctrl Pts',(-1.94068922856461,6.79407506526738,-11.9364237391453));
#4173=CARTESIAN_POINT('Ctrl Pts',(-2.33945640140625,6.69701594634432,-11.9368870669441));
#4174=CARTESIAN_POINT('Ctrl Pts',(-2.21033529574056,6.74212158736808,-11.9464763481949));
#4175=CARTESIAN_POINT('Ctrl Pts',(-2.07990936879881,6.7834919205402,-11.9560656294457));
#4176=CARTESIAN_POINT('Ctrl Pts',(-1.9483966877879,6.82105777623147,-11.9656549106965));
#4177=CARTESIAN_POINT('Ctrl Pts',(-2.34871081295987,6.72350797317215,-11.9661182384953));
#4178=CARTESIAN_POINT('Ctrl Pts',(-2.21907893058068,6.76879204289635,-11.9757075197461));
#4179=CARTESIAN_POINT('Ctrl Pts',(-2.08813706531904,6.8103260286542,-11.9852968009969));
#4180=CARTESIAN_POINT('Ctrl Pts',(-1.95610414701119,6.84804048719557,-11.9948860822477));
#4181=CARTESIAN_POINT('Ctrl Pts',(-2.35796522451348,6.74999999999999,-11.9953494100466));
#4182=CARTESIAN_POINT('Ctrl Pts',(-2.2278225654208,6.79546249842462,-12.0049386912974));
#4183=CARTESIAN_POINT('Ctrl Pts',(-2.09636476183927,6.83716013676819,-12.0145279725482));
#4184=CARTESIAN_POINT('Ctrl Pts',(-1.96381160623447,6.87502319815967,-12.024117253799));
#4185=CARTESIAN_POINT('',(-2.35796522451106,6.74999999999987,-11.9953494100457));
#4186=CARTESIAN_POINT('',(-2.08883476483185,6.75,-11.9255439107049));
#4187=CARTESIAN_POINT('Ctrl Pts',(-2.35796522451348,6.74999999999999,-11.9953494100466));
#4188=CARTESIAN_POINT('Ctrl Pts',(-2.26864577506424,6.74999999999999,-11.9705313593292));
#4189=CARTESIAN_POINT('Ctrl Pts',(-2.17893779934526,6.75000003067754,-11.9472320011158));
#4190=CARTESIAN_POINT('Ctrl Pts',(-2.08883470998041,6.74999982622353,-11.9255439107049));
#4191=CARTESIAN_POINT('',(-1.96381162611612,6.87502317144221,-12.0241172511758));
#4192=CARTESIAN_POINT('Ctrl Pts',(-2.08883470998041,6.74999982622361,-11.9255439107049));
#4193=CARTESIAN_POINT('Ctrl Pts',(-2.0469490143288,6.79188558188561,-11.9580144394995));
#4194=CARTESIAN_POINT('Ctrl Pts',(-2.00527025268928,6.83356451214257,-11.9908883623689));
#4195=CARTESIAN_POINT('Ctrl Pts',(-1.96381159744455,6.87502316738729,-12.0241172204624));
#4196=CARTESIAN_POINT('Ctrl Pts',(-2.35796522451067,6.74999999999881,-11.9953494100446));
#4197=CARTESIAN_POINT('Ctrl Pts',(-2.22782257376084,6.795462495509,-12.0049386906807));
#4198=CARTESIAN_POINT('Ctrl Pts',(-2.09636477869079,6.83716013142082,-12.0145279713168));
#4199=CARTESIAN_POINT('Ctrl Pts',(-1.96381163172381,6.87502319087665,-12.0241172519528));
#4200=CARTESIAN_POINT('Ctrl Pts',(6.75000000000002,2.35796522451299,-10.2765994082495));
#4201=CARTESIAN_POINT('Ctrl Pts',(7.27830398231053,0.84562236062173,-10.3880331316004));
#4202=CARTESIAN_POINT('Ctrl Pts',(7.27830398230924,-0.845622360632856,-10.4994668549514));
#4203=CARTESIAN_POINT('Ctrl Pts',(6.74999999999641,-2.35796522452331,-10.6109005783023));
#4204=CARTESIAN_POINT('Ctrl Pts',(6.62408135316432,2.31397829260836,-10.4155374217363));
#4205=CARTESIAN_POINT('Ctrl Pts',(7.14253002842736,0.829847601601953,-10.5269711450873));
#4206=CARTESIAN_POINT('Ctrl Pts',(7.14253002842609,-0.829847601612874,-10.6384048684382));
#4207=CARTESIAN_POINT('Ctrl Pts',(6.62408135316078,-2.31397829261848,-10.7498385917892));
#4208=CARTESIAN_POINT('Ctrl Pts',(6.49816270632862,2.26999136070372,-10.5544754352232));
#4209=CARTESIAN_POINT('Ctrl Pts',(7.00675607454419,0.814072842582174,-10.6659091585741));
#4210=CARTESIAN_POINT('Ctrl Pts',(7.00675607454294,-0.814072842592883,-10.7773428819251));
#4211=CARTESIAN_POINT('Ctrl Pts',(6.49816270632515,-2.26999136071365,-10.888776605276));
#4212=CARTESIAN_POINT('Ctrl Pts',(6.37224405949292,2.22600442879908,-10.69341344871));
#4213=CARTESIAN_POINT('Ctrl Pts',(6.87098212066101,0.798298083562398,-10.8048471720609));
#4214=CARTESIAN_POINT('Ctrl Pts',(6.87098212065979,-0.798298083572902,-10.9162808954119));
#4215=CARTESIAN_POINT('Ctrl Pts',(6.37224405948952,-2.22600442880882,-11.0277146187628));
#4216=CARTESIAN_POINT('',(6.7499999999978,-2.35796522452294,-10.6109005783033));
#4217=CARTESIAN_POINT('',(6.74999999999996,2.35796522451055,-10.2765994082506));
#4218=CARTESIAN_POINT('Ctrl Pts',(6.75,-2.357965224513,-10.6109005783016));
#4219=CARTESIAN_POINT('Ctrl Pts',(6.75,-1.98539458628731,-10.7144220072217));
#4220=CARTESIAN_POINT('Ctrl Pts',(6.75,-1.60773111195219,-10.7910621759109));
#4221=CARTESIAN_POINT('Ctrl Pts',(6.75,-1.00365041133623,-10.8601831697534));
#4222=CARTESIAN_POINT('Ctrl Pts',(6.75,-0.783591061818947,-10.874449767769));
#4223=CARTESIAN_POINT('Ctrl Pts',(6.75,-0.457392616314867,-10.8787964916068));
#4224=CARTESIAN_POINT('Ctrl Pts',(6.74999999999895,-0.352392943029487,-10.8776367946042));
#4225=CARTESIAN_POINT('Ctrl Pts',(6.74999999999895,-0.190597507882841,-10.8719037460901));
#4226=CARTESIAN_POINT('Ctrl Pts',(6.75,-0.133859508328412,-10.8691446230032));
#4227=CARTESIAN_POINT('Ctrl Pts',(6.75,-0.0304951896439415,-10.8627600179501));
#4228=CARTESIAN_POINT('Ctrl Pts',(6.75,0.0161206513296528,-10.8593760550218));
#4229=CARTESIAN_POINT('Ctrl Pts',(6.75,0.117561511433274,-10.8509206971488));
#4230=CARTESIAN_POINT('Ctrl Pts',(6.75000000000014,0.172347655686357,-10.8456585228365));
#4231=CARTESIAN_POINT('Ctrl Pts',(6.75000000000014,0.321011475253013,-10.8295103658732));
#4232=CARTESIAN_POINT('Ctrl Pts',(6.74999999999694,0.41466663197616,-10.8173078424637));
#4233=CARTESIAN_POINT('Ctrl Pts',(6.74999999999694,0.851753381099147,-10.7511085874137));
#4234=CARTESIAN_POINT('Ctrl Pts',(6.74999999999999,1.18934492851787,-10.6731448897522));
#4235=CARTESIAN_POINT('Ctrl Pts',(6.74999999999999,1.80559487773851,-10.4887190820719));
#4236=CARTESIAN_POINT('Ctrl Pts',(6.75,2.08428066491819,-10.3885899315201));
#4237=CARTESIAN_POINT('Ctrl Pts',(6.75,2.357965224513,-10.2765994082495));
#4238=CARTESIAN_POINT('Ctrl Pts',(6.74999999999504,-2.35796522452283,-10.6109005783038));
#4239=CARTESIAN_POINT('Ctrl Pts',(7.27830398230752,-0.845622360633358,-10.4994668549529));
#4240=CARTESIAN_POINT('Ctrl Pts',(7.27830398230905,0.845622360620053,-10.388033131602));
#4241=CARTESIAN_POINT('Ctrl Pts',(6.74999999999935,2.3579652245105,-10.2765994082511));
#4242=CARTESIAN_POINT('Ctrl Pts',(3.10563757056937,6.44030397421432,-9.88597440806533));
#4243=CARTESIAN_POINT('Ctrl Pts',(4.54859279457826,5.74448340824825,-9.99740813147767));
#4244=CARTESIAN_POINT('Ctrl Pts',(5.74448340657129,4.54859279669612,-10.10884185489));
#4245=CARTESIAN_POINT('Ctrl Pts',(6.44030397306935,3.10563757294376,-10.2202755783024));
#4246=CARTESIAN_POINT('Ctrl Pts',(3.04770309939186,6.32016258730415,-10.0249124215522));
#4247=CARTESIAN_POINT('Ctrl Pts',(4.46374055017828,5.63732228565021,-10.1363461449645));
#4248=CARTESIAN_POINT('Ctrl Pts',(5.63732228400454,4.46374055225663,-10.2477798683769));
#4249=CARTESIAN_POINT('Ctrl Pts',(6.32016258618054,3.04770310172195,-10.3592135917892));
#4250=CARTESIAN_POINT('Ctrl Pts',(2.98976862821435,6.20002120039399,-10.163850435039));
#4251=CARTESIAN_POINT('Ctrl Pts',(4.37888830577829,5.53016116305218,-10.2752841584513));
#4252=CARTESIAN_POINT('Ctrl Pts',(5.53016116143779,4.37888830781714,-10.3867178818637));
#4253=CARTESIAN_POINT('Ctrl Pts',(6.20002119929173,2.98976863050015,-10.498151605276));
#4254=CARTESIAN_POINT('Ctrl Pts',(2.93183415703683,6.07987981348382,-10.3027884485258));
#4255=CARTESIAN_POINT('Ctrl Pts',(4.29403606137831,5.42300004045414,-10.4142221719382));
#4256=CARTESIAN_POINT('Ctrl Pts',(5.42300003887103,4.29403606337764,-10.5256558953505));
#4257=CARTESIAN_POINT('Ctrl Pts',(6.07987981240292,2.93183415927834,-10.6370896187629));
#4258=CARTESIAN_POINT('',(6.44030397307019,3.10563757294496,-10.2202755783033));
#4259=CARTESIAN_POINT('',(3.10563757295588,6.44030397306251,-9.88597440825059));
#4260=CARTESIAN_POINT('Ctrl Pts',(6.44030397306445,3.10563757295394,-10.2202755783016));
#4261=CARTESIAN_POINT('Ctrl Pts',(6.17685674830361,3.36908479771478,-10.3237970072219));
#4262=CARTESIAN_POINT('Ctrl Pts',(5.90980834459479,3.63613320142363,-10.400437175911));
#4263=CARTESIAN_POINT('Ctrl Pts',(5.48265878480566,4.06328276121275,-10.4695581697533));
#4264=CARTESIAN_POINT('Ctrl Pts',(5.32705332649843,4.21888821951996,-10.483824767769));
#4265=CARTESIAN_POINT('Ctrl Pts',(5.09639619366977,4.44954535234862,-10.4881714916068));
#4266=CARTESIAN_POINT('Ctrl Pts',(5.02215021266669,4.52379133335022,-10.4870117946042));
#4267=CARTESIAN_POINT('Ctrl Pts',(4.90774356330966,4.63819798270725,-10.4812787460901));
#4268=CARTESIAN_POINT('Ctrl Pts',(4.86762373907457,4.67831780694382,-10.4785196230032));
#4269=CARTESIAN_POINT('Ctrl Pts',(4.79453412840002,4.75140741761837,-10.4721350179501));
#4270=CARTESIAN_POINT('Ctrl Pts',(4.76157175113695,4.78436979488144,-10.4687510550218));
#4271=CARTESIAN_POINT('Ctrl Pts',(4.68984223106812,4.85609931495028,-10.4602956971488));
#4272=CARTESIAN_POINT('Ctrl Pts',(4.65110257695173,4.89483896906687,-10.4550335228365));
#4273=CARTESIAN_POINT('Ctrl Pts',(4.54598138201925,4.99996016399935,-10.4388853658732));
#4274=CARTESIAN_POINT('Ctrl Pts',(4.47975718560499,5.06618436040908,-10.4266828424638));
#4275=CARTESIAN_POINT('Ctrl Pts',(4.17069018133323,5.37525136468084,-10.3604835874137));
#4276=CARTESIAN_POINT('Ctrl Pts',(3.9319769088843,5.6139646371341,-10.2825198897521));
#4277=CARTESIAN_POINT('Ctrl Pts',(3.4962223908848,6.04971915513359,-10.0980940820719));
#4278=CARTESIAN_POINT('Ctrl Pts',(3.29916178094996,6.24677976506843,-9.9979649315203));
#4279=CARTESIAN_POINT('Ctrl Pts',(3.10563757295396,6.44030397306443,-9.88597440824948));
#4280=CARTESIAN_POINT('Ctrl Pts',(6.44030397306816,3.10563757294318,-10.2202755783037));
#4281=CARTESIAN_POINT('Ctrl Pts',(5.74448340657023,4.54859279669528,-10.1088418548914));
#4282=CARTESIAN_POINT('Ctrl Pts',(4.54859279457742,5.74448340824719,-9.99740813147905));
#4283=CARTESIAN_POINT('Ctrl Pts',(3.10563757056879,6.44030397421313,-9.8859744080667));
#4284=CARTESIAN_POINT('Ctrl Pts',(2.35796522451308,-6.74999999999998,-11.0578494082495));
#4285=CARTESIAN_POINT('Ctrl Pts',(2.22782254729573,-6.79546250475607,-11.0674386908358));
#4286=CARTESIAN_POINT('Ctrl Pts',(2.0963647252231,-6.83716014838216,-11.077027973422));
#4287=CARTESIAN_POINT('Ctrl Pts',(1.96381155085292,-6.87502321397895,-11.0866172560083));
#4288=CARTESIAN_POINT('Ctrl Pts',(2.34871081288962,-6.72350797297221,-11.0870805801289));
#4289=CARTESIAN_POINT('Ctrl Pts',(2.21907891246076,-6.76879204900166,-11.0966698627152));
#4290=CARTESIAN_POINT('Ctrl Pts',(2.08813702878448,-6.81032604002006,-11.1062591453015));
#4291=CARTESIAN_POINT('Ctrl Pts',(1.95610409178883,-6.84804050274913,-11.1158484278877));
#4292=CARTESIAN_POINT('Ctrl Pts',(2.33945640126616,-6.69701594594443,-11.1163117520083));
#4293=CARTESIAN_POINT('Ctrl Pts',(2.21033527762579,-6.74212159324726,-11.1259010345946));
#4294=CARTESIAN_POINT('Ctrl Pts',(2.07990933234586,-6.78349193165796,-11.1354903171809));
#4295=CARTESIAN_POINT('Ctrl Pts',(1.94839663272473,-6.8210577915193,-11.1450795997672));
#4296=CARTESIAN_POINT('Ctrl Pts',(2.3302019896427,-6.67052391891666,-11.1455429238877));
#4297=CARTESIAN_POINT('Ctrl Pts',(2.20159164279082,-6.71545113749285,-11.155132206474));
#4298=CARTESIAN_POINT('Ctrl Pts',(2.07168163590724,-6.75665782329586,-11.1647214890603));
#4299=CARTESIAN_POINT('Ctrl Pts',(1.94068917366063,-6.79407508028948,-11.1743107716466));
#4300=CARTESIAN_POINT('',(2.35796522451026,-6.75000000000001,-11.0578494082506));
#4301=CARTESIAN_POINT('Ctrl Pts',(2.08883470998028,-6.74999982622339,-11.1634309384767));
#4302=CARTESIAN_POINT('Ctrl Pts',(2.17906440036297,-6.75000027281639,-11.1295774498325));
#4303=CARTESIAN_POINT('Ctrl Pts',(2.26878129246515,-6.74999999999999,-11.0943430826904));
#4304=CARTESIAN_POINT('Ctrl Pts',(2.35796522451308,-6.74999999999998,-11.0578494082495));
#4305=CARTESIAN_POINT('Ctrl Pts',(1.96381156187367,-6.87502321083,-11.086617255212));
#4306=CARTESIAN_POINT('Ctrl Pts',(2.09636473250863,-6.83716014607026,-11.0770279728915));
#4307=CARTESIAN_POINT('Ctrl Pts',(2.22782255090068,-6.79546250349575,-11.067438690571));
#4308=CARTESIAN_POINT('Ctrl Pts',(2.35796522451037,-6.74999999999998,-11.0578494082506));
#4309=CARTESIAN_POINT('Ctrl Pts',(1.96381155085134,6.8750232139794,-9.80088273054263));
#4310=CARTESIAN_POINT('Ctrl Pts',(2.09636472522207,6.83716014838248,-9.81047201312895));
#4311=CARTESIAN_POINT('Ctrl Pts',(2.22782254729518,6.79546250475626,-9.82006129571526));
#4312=CARTESIAN_POINT('Ctrl Pts',(2.35796522451306,6.74999999999999,-9.82965057830158));
#4313=CARTESIAN_POINT('Ctrl Pts',(1.95610409184543,6.84804050295326,-9.8301139022014));
#4314=CARTESIAN_POINT('Ctrl Pts',(2.08813702884556,6.81032604022294,-9.83970318478772));
#4315=CARTESIAN_POINT('Ctrl Pts',(2.21907891252621,6.76879204920318,-9.84929246737403));
#4316=CARTESIAN_POINT('Ctrl Pts',(2.34871081295946,6.72350797317219,-9.85888174996034));
#4317=CARTESIAN_POINT('Ctrl Pts',(1.94839663283952,6.82105779192712,-9.85934507386017));
#4318=CARTESIAN_POINT('Ctrl Pts',(2.07990933246905,6.78349193206341,-9.86893435644648));
#4319=CARTESIAN_POINT('Ctrl Pts',(2.21033527775725,6.7421215936501,-9.8785236390328));
#4320=CARTESIAN_POINT('Ctrl Pts',(2.33945640140586,6.6970159463444,-9.88811292161911));
#4321=CARTESIAN_POINT('Ctrl Pts',(1.94068917383361,6.79407508090097,-9.88857624551894));
#4322=CARTESIAN_POINT('Ctrl Pts',(2.07168163609254,6.75665782390387,-9.89816552810525));
#4323=CARTESIAN_POINT('Ctrl Pts',(2.20159164298828,6.71545113809702,-9.90775481069157));
#4324=CARTESIAN_POINT('Ctrl Pts',(2.33020198985226,6.6705239195166,-9.91734409327788));
#4325=CARTESIAN_POINT('',(2.35796522451028,6.75000000000001,-9.82965057830233));
#4326=CARTESIAN_POINT('',(2.08883476483183,6.75,-9.89945607796585));
#4327=CARTESIAN_POINT('Ctrl Pts',(2.35796522451306,6.74999999999999,-9.82965057830158));
#4328=CARTESIAN_POINT('Ctrl Pts',(2.26864577506169,6.74999999999999,-9.85446862913244));
#4329=CARTESIAN_POINT('Ctrl Pts',(2.17893779934279,6.75000003067749,-9.8777679874534));
#4330=CARTESIAN_POINT('Ctrl Pts',(2.08883470998035,6.7499998262234,-9.89945607796593));
#4331=CARTESIAN_POINT('',(1.96381155085166,6.87502321397909,-9.80088273054357));
#4332=CARTESIAN_POINT('Ctrl Pts',(2.08883470997837,6.74999982619332,-9.89945607799697));
#4333=CARTESIAN_POINT('Ctrl Pts',(2.04694309687582,6.7918868830499,-9.8669856515259));
#4334=CARTESIAN_POINT('Ctrl Pts',(2.00527122143806,6.83356354339378,-9.8341124029327));
#4335=CARTESIAN_POINT('Ctrl Pts',(1.96381155085288,6.87502321397896,-9.80088273054274));
#4336=CARTESIAN_POINT('Ctrl Pts',(2.35796522450987,6.74999999999888,-9.82965057830358));
#4337=CARTESIAN_POINT('Ctrl Pts',(2.22782254729284,6.7954625047548,-9.82006129571733));
#4338=CARTESIAN_POINT('Ctrl Pts',(2.0963647252206,6.83716014838072,-9.81047201313108));
#4339=CARTESIAN_POINT('Ctrl Pts',(1.96381155085076,6.87502321397738,-9.80088273054482));
#4340=CARTESIAN_POINT('Origin',(0.,0.,0.));
#4341=CARTESIAN_POINT('',(6.74999999999923,2.35796522451474,-9.65159941004538));
#4342=CARTESIAN_POINT('',(6.75,2.35796522451032,0.));
#4343=CARTESIAN_POINT('',(6.74999999999767,-2.35796522452366,-9.98590058009843));
#4344=CARTESIAN_POINT('Ctrl Pts',(6.74999999999606,2.35796522451341,-9.6515994100426));
#4345=CARTESIAN_POINT('Ctrl Pts',(7.27830398230694,0.845622360622239,-9.76303313339361));
#4346=CARTESIAN_POINT('Ctrl Pts',(7.27830398230576,-0.845622360632394,-9.87446685674461));
#4347=CARTESIAN_POINT('Ctrl Pts',(6.74999999999277,-2.35796522452282,-9.98590058009562));
#4348=CARTESIAN_POINT('',(6.75,-2.35796522451032,0.));
#4349=CARTESIAN_POINT('Origin',(0.,0.,0.));
#4350=CARTESIAN_POINT('',(3.1056375729555,6.44030397306277,-9.26097441004567));
#4351=CARTESIAN_POINT('',(3.10563757295589,6.4403039730625,0.));
#4352=CARTESIAN_POINT('',(6.44030397306996,3.10563757294528,-9.59527558009839));
#4353=CARTESIAN_POINT('Ctrl Pts',(3.10563757295445,6.44030397306006,-9.26097441004274));
#4354=CARTESIAN_POINT('Ctrl Pts',(4.54859279590907,5.74448340694327,-9.37240813339364));
#4355=CARTESIAN_POINT('Ctrl Pts',(5.74448340695177,4.54859279589837,-9.48384185674455));
#4356=CARTESIAN_POINT('Ctrl Pts',(6.44030397306585,3.10563757294244,-9.59527558009545));
#4357=CARTESIAN_POINT('',(6.4403039730625,3.10563757295589,0.));
#4358=CARTESIAN_POINT('Origin',(0.,0.,0.));
#4359=CARTESIAN_POINT('',(2.35796522451124,-6.74999999999984,-10.4328494100456));
#4360=CARTESIAN_POINT('',(2.35796522451033,-6.75,0.));
#4361=CARTESIAN_POINT('Ctrl Pts',(2.35796522451102,-6.74999999999901,-10.4328494100449));
#4362=CARTESIAN_POINT('Ctrl Pts',(2.22782254729467,-6.7954625047547,-10.4424386926311));
#4363=CARTESIAN_POINT('Ctrl Pts',(2.09636472522312,-6.83716014838045,-10.4520279752173));
#4364=CARTESIAN_POINT('Ctrl Pts',(1.96381155085398,-6.87502321397698,-10.4616172578035));
#4365=CARTESIAN_POINT('Origin',(0.,0.,0.));
#4366=CARTESIAN_POINT('',(2.35796522451075,6.74999999999993,-9.20465058009748));
#4367=CARTESIAN_POINT('',(2.35796522451032,6.75,0.));
#4368=CARTESIAN_POINT('',(1.9638115508535,6.87502321397805,-9.17588273233885));
#4369=CARTESIAN_POINT('',(1.96381155085419,6.87502321397766,0.));
#4370=CARTESIAN_POINT('Ctrl Pts',(1.96381155085299,6.87502321397616,-9.17588273233701));
#4371=CARTESIAN_POINT('Ctrl Pts',(2.09636472522219,6.83716014837962,-9.18547201492322));
#4372=CARTESIAN_POINT('Ctrl Pts',(2.22782254729383,6.79546250475386,-9.19506129750942));
#4373=CARTESIAN_POINT('Ctrl Pts',(2.35796522451025,6.74999999999815,-9.20465058009563));
#4374=CARTESIAN_POINT('Ctrl Pts',(-6.75,-2.35796522451304,-8.71409940824948));
#4375=CARTESIAN_POINT('Ctrl Pts',(-7.27830398231076,-0.845622360621108,
-8.82553313160047));
#4376=CARTESIAN_POINT('Ctrl Pts',(-7.27830398230924,0.845622360634201,-8.93696685495147));
#4377=CARTESIAN_POINT('Ctrl Pts',(-6.74999999999576,2.35796522452518,-9.04840057830247));
#4378=CARTESIAN_POINT('Ctrl Pts',(-6.6240813531643,-2.3139782926084,-8.85303742173631));
#4379=CARTESIAN_POINT('Ctrl Pts',(-7.14253002842758,-0.829847601601339,
-8.96447114508731));
#4380=CARTESIAN_POINT('Ctrl Pts',(-7.14253002842609,0.829847601614193,-9.07590486843831));
#4381=CARTESIAN_POINT('Ctrl Pts',(-6.62408135316014,2.31397829262032,-9.18733859178931));
#4382=CARTESIAN_POINT('Ctrl Pts',(-6.4981627063286,-2.26999136070376,-8.99197543522315));
#4383=CARTESIAN_POINT('Ctrl Pts',(-7.00675607454441,-0.81407284258158,-9.10340915857415));
#4384=CARTESIAN_POINT('Ctrl Pts',(-7.00675607454294,0.814072842594179,-9.21484288192515));
#4385=CARTESIAN_POINT('Ctrl Pts',(-6.49816270632452,2.26999136071545,-9.32627660527614));
#4386=CARTESIAN_POINT('Ctrl Pts',(-6.37224405949291,-2.22600442879912,-9.13091344870999));
#4387=CARTESIAN_POINT('Ctrl Pts',(-6.87098212066123,-0.798298083561811,
-9.24234717206098));
#4388=CARTESIAN_POINT('Ctrl Pts',(-6.8709821206598,0.798298083574171,-9.35378089541198));
#4389=CARTESIAN_POINT('Ctrl Pts',(-6.3722440594889,2.22600442881059,-9.46521461876298));
#4390=CARTESIAN_POINT('',(-6.74999999999746,2.3579652245249,-9.0484005783034));
#4391=CARTESIAN_POINT('',(-6.74999999999989,-2.35796522451096,-8.71409940825054));
#4392=CARTESIAN_POINT('Ctrl Pts',(-6.75,2.35796522451301,-9.04840057830158));
#4393=CARTESIAN_POINT('Ctrl Pts',(-6.75,1.98539458628736,-9.15192200722174));
#4394=CARTESIAN_POINT('Ctrl Pts',(-6.75,1.60773111195224,-9.22856217591091));
#4395=CARTESIAN_POINT('Ctrl Pts',(-6.75,1.00365041133636,-9.29768316975334));
#4396=CARTESIAN_POINT('Ctrl Pts',(-6.75,0.783591061819036,-9.31194976776897));
#4397=CARTESIAN_POINT('Ctrl Pts',(-6.75,0.457392616314738,-9.31629649160684));
#4398=CARTESIAN_POINT('Ctrl Pts',(-6.74999999999895,0.352392943029423,-9.31513679460419));
#4399=CARTESIAN_POINT('Ctrl Pts',(-6.74999999999895,0.190597507882849,-9.30940374609006));
#4400=CARTESIAN_POINT('Ctrl Pts',(-6.75,0.133859508328426,-9.30664462300318));
#4401=CARTESIAN_POINT('Ctrl Pts',(-6.75,0.030495189643961,-9.30026001795007));
#4402=CARTESIAN_POINT('Ctrl Pts',(-6.75,-0.0161206513295903,-9.29687605502182));
#4403=CARTESIAN_POINT('Ctrl Pts',(-6.75,-0.11756151143336,-9.28842069714884));
#4404=CARTESIAN_POINT('Ctrl Pts',(-6.75000000000015,-0.172347655686531,
-9.28315852283652));
#4405=CARTESIAN_POINT('Ctrl Pts',(-6.75000000000015,-0.32101147525291,-9.26701036587323));
#4406=CARTESIAN_POINT('Ctrl Pts',(-6.74999999999694,-0.414666631975952,
-9.25480784246378));
#4407=CARTESIAN_POINT('Ctrl Pts',(-6.74999999999694,-0.851753381099125,
-9.18860858741371));
#4408=CARTESIAN_POINT('Ctrl Pts',(-6.75,-1.18934492851782,-9.11064488975217));
#4409=CARTESIAN_POINT('Ctrl Pts',(-6.75,-1.8055948777384,-8.92621908207189));
#4410=CARTESIAN_POINT('Ctrl Pts',(-6.75,-2.08428066491799,-8.82608993152014));
#4411=CARTESIAN_POINT('Ctrl Pts',(-6.75,-2.35796522451305,-8.71409940824948));
#4412=CARTESIAN_POINT('Ctrl Pts',(-6.7499999999948,2.35796522452485,-9.04840057830352));
#4413=CARTESIAN_POINT('Ctrl Pts',(-7.27830398230801,0.845622360634644,-8.93696685495257));
#4414=CARTESIAN_POINT('Ctrl Pts',(-7.27830398230973,-0.84562236061973,-8.82553313160161));
#4415=CARTESIAN_POINT('Ctrl Pts',(-6.74999999999963,-2.35796522451102,-8.71409940825066));
#4416=CARTESIAN_POINT('Ctrl Pts',(-3.10563757295396,-6.44030397306443,-8.32347440824948));
#4417=CARTESIAN_POINT('Ctrl Pts',(-4.54859279591088,-5.74448340694713,-8.43490813160048));
#4418=CARTESIAN_POINT('Ctrl Pts',(-5.74448340695545,-4.54859279590038,-8.54634185495148));
#4419=CARTESIAN_POINT('Ctrl Pts',(-6.44030397307011,-3.10563757294218,-8.65777557830249));
#4420=CARTESIAN_POINT('Ctrl Pts',(-3.04770310173196,-6.32016258617571,-8.46241242173632));
#4421=CARTESIAN_POINT('Ctrl Pts',(-4.46374055148604,-5.63732228437337,-8.57384614508732));
#4422=CARTESIAN_POINT('Ctrl Pts',(-5.63732228438153,-4.46374055147572,-8.68527986843832));
#4423=CARTESIAN_POINT('Ctrl Pts',(-6.32016258618128,-3.0477031017204,-8.79671359178932));
#4424=CARTESIAN_POINT('Ctrl Pts',(-2.98976863050997,-6.20002119928699,-8.60135043522316));
#4425=CARTESIAN_POINT('Ctrl Pts',(-4.37888830706119,-5.5301611617996,-8.71278415857416));
#4426=CARTESIAN_POINT('Ctrl Pts',(-5.53016116180761,-4.37888830705108,-8.82421788192516));
#4427=CARTESIAN_POINT('Ctrl Pts',(-6.20002119929246,-2.98976863049863,-8.93565160527616));
#4428=CARTESIAN_POINT('Ctrl Pts',(-2.93183415928797,-6.07987981239828,-8.74028844870999));
#4429=CARTESIAN_POINT('Ctrl Pts',(-4.29403606263635,-5.42300003922584,-8.85172217206099));
#4430=CARTESIAN_POINT('Ctrl Pts',(-5.42300003923369,-4.29403606262643,-8.963155895412));
#4431=CARTESIAN_POINT('Ctrl Pts',(-6.07987981240364,-2.93183415927685,-9.074589618763));
#4432=CARTESIAN_POINT('',(-6.44030397307112,-3.10563757294363,-8.65777557830342));
#4433=CARTESIAN_POINT('',(-3.10563757295581,-6.44030397306256,-8.32347440825058));
#4434=CARTESIAN_POINT('Ctrl Pts',(-6.44030397306441,-3.10563757295398,-8.65777557830158));
#4435=CARTESIAN_POINT('Ctrl Pts',(-6.17685674830383,-3.36908479771456,-8.76129700722182));
#4436=CARTESIAN_POINT('Ctrl Pts',(-5.90980834459491,-3.63613320142349,-8.83793717591099));
#4437=CARTESIAN_POINT('Ctrl Pts',(-5.48265878480547,-4.06328276121292,-8.90705816975338));
#4438=CARTESIAN_POINT('Ctrl Pts',(-5.32705332649835,-4.21888821952004,-8.92132476776899));
#4439=CARTESIAN_POINT('Ctrl Pts',(-5.09639619366987,-4.44954535234853,-8.92567149160684));
#4440=CARTESIAN_POINT('Ctrl Pts',(-5.02215021266674,-4.52379133335017,-8.92451179460419));
#4441=CARTESIAN_POINT('Ctrl Pts',(-4.90774356330957,-4.63819798270734,-8.91877874609005));
#4442=CARTESIAN_POINT('Ctrl Pts',(-4.86762373907439,-4.67831780694401,-8.91601962300317));
#4443=CARTESIAN_POINT('Ctrl Pts',(-4.79453412840001,-4.75140741761838,-8.90963501795007));
#4444=CARTESIAN_POINT('Ctrl Pts',(-4.76157175113691,-4.78436979488148,-8.90625105502183));
#4445=CARTESIAN_POINT('Ctrl Pts',(-4.68984223106812,-4.85609931495027,-8.89779569714884));
#4446=CARTESIAN_POINT('Ctrl Pts',(-4.65110257695176,-4.89483896906683,-8.89253352283652));
#4447=CARTESIAN_POINT('Ctrl Pts',(-4.54598138201918,-4.99996016399942,-8.87638536587321));
#4448=CARTESIAN_POINT('Ctrl Pts',(-4.47975718560489,-5.06618436040918,-8.86418284246374));
#4449=CARTESIAN_POINT('Ctrl Pts',(-4.17069018133325,-5.37525136468082,-8.79798358741371));
#4450=CARTESIAN_POINT('Ctrl Pts',(-3.93197690888431,-5.61396463713409,-8.7200198897521));
#4451=CARTESIAN_POINT('Ctrl Pts',(-3.49622239088484,-6.04971915513356,-8.53559408207195));
#4452=CARTESIAN_POINT('Ctrl Pts',(-3.29916178095,-6.24677976506839,-8.43546493152033));
#4453=CARTESIAN_POINT('Ctrl Pts',(-3.10563757295397,-6.44030397306443,-8.32347440824948));
#4454=CARTESIAN_POINT('Ctrl Pts',(-6.44030397306926,-3.10563757294177,-8.65777557830347));
#4455=CARTESIAN_POINT('Ctrl Pts',(-5.74448340695505,-4.54859279589902,-8.54634185495253));
#4456=CARTESIAN_POINT('Ctrl Pts',(-4.54859279591154,-5.74448340694511,-8.43490813160158));
#4457=CARTESIAN_POINT('Ctrl Pts',(-3.10563757295582,-6.44030397306248,-8.32347440825064));
#4458=CARTESIAN_POINT('Ctrl Pts',(-2.35796522451301,6.75000000000001,-9.49534940824948));
#4459=CARTESIAN_POINT('Ctrl Pts',(-2.22782254729564,6.79546250475609,-9.50493869083576));
#4460=CARTESIAN_POINT('Ctrl Pts',(-2.09636472522308,6.83716014838216,-9.51452797342203));
#4461=CARTESIAN_POINT('Ctrl Pts',(-1.9638115508529,6.87502321397896,-9.52411725600831));
#4462=CARTESIAN_POINT('Ctrl Pts',(-2.34871081288955,6.72350797297224,-9.5245805801289));
#4463=CARTESIAN_POINT('Ctrl Pts',(-2.21907891246067,6.76879204900169,-9.53416986271518));
#4464=CARTESIAN_POINT('Ctrl Pts',(-2.08813702878446,6.81032604002006,-9.54375914530145));
#4465=CARTESIAN_POINT('Ctrl Pts',(-1.9561040917888,6.84804050274914,-9.55334842788773));
#4466=CARTESIAN_POINT('Ctrl Pts',(-2.33945640126609,6.69701594594446,-9.55381175200833));
#4467=CARTESIAN_POINT('Ctrl Pts',(-2.2103352776257,6.74212159324729,-9.5634010345946));
#4468=CARTESIAN_POINT('Ctrl Pts',(-2.07990933234584,6.78349193165797,-9.57299031718088));
#4469=CARTESIAN_POINT('Ctrl Pts',(-1.9483966327247,6.82105779151931,-9.58257959976715));
#4470=CARTESIAN_POINT('Ctrl Pts',(-2.33020198964263,6.67052391891669,-9.58304292388775));
#4471=CARTESIAN_POINT('Ctrl Pts',(-2.20159164279074,6.71545113749288,-9.59263220647402));
#4472=CARTESIAN_POINT('Ctrl Pts',(-2.07168163590722,6.75665782329587,-9.6022214890603));
#4473=CARTESIAN_POINT('Ctrl Pts',(-1.94068917366061,6.79407508028949,-9.61181077164657));
#4474=CARTESIAN_POINT('',(-2.08883476483185,6.75,-9.60093093847655));
#4475=CARTESIAN_POINT('',(-2.35796522451064,6.74999999999994,-9.49534940825057));
#4476=CARTESIAN_POINT('Ctrl Pts',(-2.08883470998029,6.74999982622339,-9.60093093847667));
#4477=CARTESIAN_POINT('Ctrl Pts',(-2.17906440036329,6.7500002728164,-9.5670774498324));
#4478=CARTESIAN_POINT('Ctrl Pts',(-2.26878129246555,6.75000000000002,-9.53184308269025));
#4479=CARTESIAN_POINT('Ctrl Pts',(-2.35796522451301,6.75000000000001,-9.49534940824948));
#4480=CARTESIAN_POINT('',(-1.96381155170343,6.8750232134977,-9.52411725593434));
#4481=CARTESIAN_POINT('Ctrl Pts',(-1.96381155188809,6.87502321368233,-9.52411725593434));
#4482=CARTESIAN_POINT('Ctrl Pts',(-2.09636472590673,6.83716014816435,-9.51452797337308));
#4483=CARTESIAN_POINT('Ctrl Pts',(-2.22782254763289,6.79546250463729,-9.50493869081182));
#4484=CARTESIAN_POINT('Ctrl Pts',(-2.35796522451072,6.74999999999986,-9.49534940825056));
#4485=CARTESIAN_POINT('Ctrl Pts',(-1.9638115508529,6.87502321397895,-9.52411725600832));
#4486=CARTESIAN_POINT('Ctrl Pts',(-2.00531191252557,6.83352285230628,-9.55024222545046));
#4487=CARTESIAN_POINT('Ctrl Pts',(-2.04698726301434,6.79184750181751,-9.57585956757762));
#4488=CARTESIAN_POINT('Ctrl Pts',(-2.08883476483184,6.75,-9.60093093847655));
#4489=CARTESIAN_POINT('Ctrl Pts',(-1.96381155085188,-6.87502321397925,-8.23838273054267));
#4490=CARTESIAN_POINT('Ctrl Pts',(-2.09636472522241,-6.83716014838237,-8.24797201312897));
#4491=CARTESIAN_POINT('Ctrl Pts',(-2.22782254729534,-6.7954625047562,-8.25756129571527));
#4492=CARTESIAN_POINT('Ctrl Pts',(-2.35796522451304,-6.75,-8.26715057830157));
#4493=CARTESIAN_POINT('Ctrl Pts',(-1.95610409184597,-6.84804050295311,-8.26761390220144));
#4494=CARTESIAN_POINT('Ctrl Pts',(-2.0881370288459,-6.81032604022284,-8.27720318478774));
#4495=CARTESIAN_POINT('Ctrl Pts',(-2.21907891252638,-6.76879204920312,-8.28679246737404));
#4496=CARTESIAN_POINT('Ctrl Pts',(-2.34871081295944,-6.7235079731722,-8.29638174996034));
#4497=CARTESIAN_POINT('Ctrl Pts',(-1.94839663284006,-6.82105779192697,-8.29684507386021));
#4498=CARTESIAN_POINT('Ctrl Pts',(-2.07990933246939,-6.7834919320633,-8.30643435644651));
#4499=CARTESIAN_POINT('Ctrl Pts',(-2.21033527775741,-6.74212159365004,-8.31602363903281));
#4500=CARTESIAN_POINT('Ctrl Pts',(-2.33945640140584,-6.69701594634441,-8.32561292161911));
#4501=CARTESIAN_POINT('Ctrl Pts',(-1.94068917383414,-6.79407508090082,-8.32607624551897));
#4502=CARTESIAN_POINT('Ctrl Pts',(-2.07168163609288,-6.75665782390376,-8.33566552810527));
#4503=CARTESIAN_POINT('Ctrl Pts',(-2.20159164298845,-6.71545113809696,-8.34525481069157));
#4504=CARTESIAN_POINT('Ctrl Pts',(-2.33020198985223,-6.67052391951661,-8.35484409327787));
#4505=CARTESIAN_POINT('',(-2.35796522451049,-6.74999999999997,-8.26715057830234));
#4506=CARTESIAN_POINT('Ctrl Pts',(-2.35796522451304,-6.75,-8.26715057830157));
#4507=CARTESIAN_POINT('Ctrl Pts',(-2.268645775062,-6.74999999999999,-8.29196862913235));
#4508=CARTESIAN_POINT('Ctrl Pts',(-2.17893779934303,-6.75000003067749,-8.31526798745334));
#4509=CARTESIAN_POINT('Ctrl Pts',(-2.08883470998031,-6.74999982622342,-8.33695607796593));
#4510=CARTESIAN_POINT('Ctrl Pts',(-2.35796522451017,-6.74999999999915,-8.26715057830323));
#4511=CARTESIAN_POINT('Ctrl Pts',(-2.22782254729326,-6.79546250475502,-8.25756129571699));
#4512=CARTESIAN_POINT('Ctrl Pts',(-2.09636472522112,-6.83716014838092,-8.24797201313074));
#4513=CARTESIAN_POINT('Ctrl Pts',(-1.9638115508514,-6.87502321397757,-8.2383827305445));
#4514=CARTESIAN_POINT('Ctrl Pts',(6.07987981239875,-2.93183415928699,-9.62541037111993));
#4515=CARTESIAN_POINT('Ctrl Pts',(5.42300003922733,-4.29403606263382,-9.7368440944708));
#4516=CARTESIAN_POINT('Ctrl Pts',(4.29403606263009,-5.42300003923028,-9.84827781782166));
#4517=CARTESIAN_POINT('Ctrl Pts',(2.9318341592828,-6.07987981240077,-9.95971154117253));
#4518=CARTESIAN_POINT('Ctrl Pts',(6.20002119928752,-2.98976863050899,-9.76434838409546));
#4519=CARTESIAN_POINT('Ctrl Pts',(5.53016116180116,-4.37888830705865,-9.87578210744633));
#4520=CARTESIAN_POINT('Ctrl Pts',(4.37888830705484,-5.53016116180417,-9.9872158307972));
#4521=CARTESIAN_POINT('Ctrl Pts',(2.98976863050471,-6.20002119928958,-10.0986495541481));
#4522=CARTESIAN_POINT('Ctrl Pts',(6.32016258617629,-3.04770310173098,-9.90328639707099));
#4523=CARTESIAN_POINT('Ctrl Pts',(5.63732228437499,-4.46374055148347,-10.0147201204219));
#4524=CARTESIAN_POINT('Ctrl Pts',(4.46374055147959,-5.63732228437806,-10.1261538437727));
#4525=CARTESIAN_POINT('Ctrl Pts',(3.04770310172663,-6.32016258617839,-10.2375875671236));
#4526=CARTESIAN_POINT('Ctrl Pts',(6.44030397306505,-3.10563757295298,-10.0422244100465));
#4527=CARTESIAN_POINT('Ctrl Pts',(5.74448340694882,-4.5485927959083,-10.1536581333974));
#4528=CARTESIAN_POINT('Ctrl Pts',(4.54859279590434,-5.74448340695195,-10.2650918567483));
#4529=CARTESIAN_POINT('Ctrl Pts',(3.10563757294854,-6.44030397306719,-10.3765255800991));
#4530=CARTESIAN_POINT('Ctrl Pts',(6.44030397306471,-3.10563757295368,-10.0422244100466));
#4531=CARTESIAN_POINT('Ctrl Pts',(6.17685674826952,-3.36908479774888,-9.93870298158376));
#4532=CARTESIAN_POINT('Ctrl Pts',(5.90980834456393,-3.63613320145447,-9.86206281328131));
#4533=CARTESIAN_POINT('Ctrl Pts',(5.48265878480104,-4.06328276121736,-9.79294181985602));
#4534=CARTESIAN_POINT('Ctrl Pts',(5.32705332649372,-4.21888821952466,-9.77867522195243));
#4535=CARTESIAN_POINT('Ctrl Pts',(5.09639619367004,-4.44954535234835,-9.77432849821846));
#4536=CARTESIAN_POINT('Ctrl Pts',(5.0221502126668,-4.52379133335011,-9.77548819524525));
#4537=CARTESIAN_POINT('Ctrl Pts',(4.90774356330988,-4.63819798270702,-9.78122124378208));
#4538=CARTESIAN_POINT('Ctrl Pts',(4.86762373907469,-4.6783178069437,-9.78398036687418));
#4539=CARTESIAN_POINT('Ctrl Pts',(4.79453412840012,-4.75140741761827,-9.79036497193183));
#4540=CARTESIAN_POINT('Ctrl Pts',(4.76157175113691,-4.78436979488148,-9.79374893486027));
#4541=CARTESIAN_POINT('Ctrl Pts',(4.68984223106834,-4.85609931495005,-9.80220429272963));
#4542=CARTESIAN_POINT('Ctrl Pts',(4.65110257695193,-4.89483896906667,-9.80746646703742));
#4543=CARTESIAN_POINT('Ctrl Pts',(4.54598138202016,-4.99996016399844,-9.82361462398145));
#4544=CARTESIAN_POINT('Ctrl Pts',(4.47975718560593,-5.06618436040814,-9.83581714737126));
#4545=CARTESIAN_POINT('Ctrl Pts',(4.17069018135544,-5.37525136465862,-9.902016402291));
#4546=CARTESIAN_POINT('Ctrl Pts',(3.93197690890782,-5.61396463711055,-9.97998009975035));
#4547=CARTESIAN_POINT('Ctrl Pts',(3.49622239090485,-6.04971915511353,-10.1644059069122));
#4548=CARTESIAN_POINT('Ctrl Pts',(3.29916178097103,-6.24677976504737,-10.2645350571616));
#4549=CARTESIAN_POINT('Ctrl Pts',(3.10563757295369,-6.4403039730647,-10.3765255800987));
#4550=CARTESIAN_POINT('Ctrl Pts',(6.3722440594923,2.22600442880084,-9.23478537111987));
#4551=CARTESIAN_POINT('Ctrl Pts',(6.87098212066108,0.79829808356347,-9.34621909447089));
#4552=CARTESIAN_POINT('Ctrl Pts',(6.87098212066,-0.798298083572781,-9.4576528178219));
#4553=CARTESIAN_POINT('Ctrl Pts',(6.37224405948928,-2.22600442880948,-9.56908654117291));
#4554=CARTESIAN_POINT('Ctrl Pts',(6.49816270632803,2.26999136070553,-9.37372338409541));
#4555=CARTESIAN_POINT('Ctrl Pts',(7.0067560745443,0.814072842583277,-9.48515710744642));
#4556=CARTESIAN_POINT('Ctrl Pts',(7.0067560745432,-0.81407284259277,-9.59659083079743));
#4557=CARTESIAN_POINT('Ctrl Pts',(6.49816270632496,-2.26999136071434,-9.70802455414844));
#4558=CARTESIAN_POINT('Ctrl Pts',(6.62408135316376,2.31397829261022,-9.51266139707094));
#4559=CARTESIAN_POINT('Ctrl Pts',(7.14253002842752,0.829847601603076,-9.62409512042195));
#4560=CARTESIAN_POINT('Ctrl Pts',(7.1425300284264,-0.829847601612757,-9.73552884377296));
#4561=CARTESIAN_POINT('Ctrl Pts',(6.62408135316063,-2.3139782926192,-9.84696256712398));
#4562=CARTESIAN_POINT('Ctrl Pts',(6.74999999999949,2.35796522451491,-9.65159941004647));
#4563=CARTESIAN_POINT('Ctrl Pts',(7.27830398231074,0.845622360622883,-9.76303313339748));
#4564=CARTESIAN_POINT('Ctrl Pts',(7.2783039823096,-0.845622360632745,-9.8744668567485));
#4565=CARTESIAN_POINT('Ctrl Pts',(6.7499999999963,-2.35796522452406,-9.98590058009951));
#4566=CARTESIAN_POINT('Ctrl Pts',(6.75,2.35796522451348,-9.65159941004658));
#4567=CARTESIAN_POINT('Ctrl Pts',(6.75,1.98539458623836,-9.54807798158371));
#4568=CARTESIAN_POINT('Ctrl Pts',(6.75,1.60773111190775,-9.47143781328126));
#4569=CARTESIAN_POINT('Ctrl Pts',(6.75,1.0036504113292,-9.40231681985598));
#4570=CARTESIAN_POINT('Ctrl Pts',(6.75,0.783591061811855,-9.38805022195242));
#4571=CARTESIAN_POINT('Ctrl Pts',(6.75,0.457392616314865,-9.38370349821847));
#4572=CARTESIAN_POINT('Ctrl Pts',(6.74999999999895,0.352392943029373,-9.38486319524525));
#4573=CARTESIAN_POINT('Ctrl Pts',(6.74999999999895,0.190597507883016,-9.39059624378209));
#4574=CARTESIAN_POINT('Ctrl Pts',(6.75,0.133859508328441,-9.39335536687419));
#4575=CARTESIAN_POINT('Ctrl Pts',(6.75,0.0304951896442495,-9.39973997193182));
#4576=CARTESIAN_POINT('Ctrl Pts',(6.75,-0.0161206513292786,-9.40312393486025));
#4577=CARTESIAN_POINT('Ctrl Pts',(6.75,-0.117561511432985,-9.41157929272962));
#4578=CARTESIAN_POINT('Ctrl Pts',(6.75000000000015,-0.172347655686092,-9.4168414670374));
#4579=CARTESIAN_POINT('Ctrl Pts',(6.75000000000015,-0.321011475251779,-9.43298962398145));
#4580=CARTESIAN_POINT('Ctrl Pts',(6.74999999999694,-0.414666631974972,-9.4451921473713));
#4581=CARTESIAN_POINT('Ctrl Pts',(6.74999999999694,-0.851753381067801,-9.511391402291));
#4582=CARTESIAN_POINT('Ctrl Pts',(6.75,-1.18934492848478,-9.58935509975038));
#4583=CARTESIAN_POINT('Ctrl Pts',(6.75,-1.80559487770973,-9.7737809069122));
#4584=CARTESIAN_POINT('Ctrl Pts',(6.75,-2.08428066488752,-9.87391005716145));
#4585=CARTESIAN_POINT('Ctrl Pts',(6.75,-2.35796522451345,-9.98590058009873));
#4586=CARTESIAN_POINT('Ctrl Pts',(2.93183415928767,6.07987981239842,-8.84416037111998));
#4587=CARTESIAN_POINT('Ctrl Pts',(4.2940360626356,5.42300003922628,-8.95559409447095));
#4588=CARTESIAN_POINT('Ctrl Pts',(5.42300003923267,4.29403606262753,-9.06702781782191));
#4589=CARTESIAN_POINT('Ctrl Pts',(6.07987981240278,2.93183415927862,-9.17846154117287));
#4590=CARTESIAN_POINT('Ctrl Pts',(2.98976863050968,6.20002119928718,-8.98309838409551));
#4591=CARTESIAN_POINT('Ctrl Pts',(4.37888830706046,5.53016116180009,-9.09453210744648));
#4592=CARTESIAN_POINT('Ctrl Pts',(5.53016116180661,4.37888830705223,-9.20596583079744));
#4593=CARTESIAN_POINT('Ctrl Pts',(6.20002119929163,2.98976863050045,-9.3173995541484));
#4594=CARTESIAN_POINT('Ctrl Pts',(3.04770310173169,6.32016258617594,-9.12203639707105));
#4595=CARTESIAN_POINT('Ctrl Pts',(4.46374055148532,5.6373222843739,-9.23347012042201));
#4596=CARTESIAN_POINT('Ctrl Pts',(5.63732228438054,4.46374055147693,-9.34490384377297));
#4597=CARTESIAN_POINT('Ctrl Pts',(6.32016258618048,3.04770310172228,-9.45633756712393));
#4598=CARTESIAN_POINT('Ctrl Pts',(3.1056375729537,6.44030397306471,-9.26097441004658));
#4599=CARTESIAN_POINT('Ctrl Pts',(4.54859279591018,5.74448340694771,-9.37240813339754));
#4600=CARTESIAN_POINT('Ctrl Pts',(5.74448340695448,4.54859279590163,-9.4838418567485));
#4601=CARTESIAN_POINT('Ctrl Pts',(6.44030397306933,3.10563757294411,-9.59527558009947));
#4602=CARTESIAN_POINT('Ctrl Pts',(3.10563757295369,6.4403039730647,-9.26097441004657));
#4603=CARTESIAN_POINT('Ctrl Pts',(3.36908479774889,6.1768567482695,-9.15745298158376));
#4604=CARTESIAN_POINT('Ctrl Pts',(3.63613320145461,5.90980834456378,-9.08081281328126));
#4605=CARTESIAN_POINT('Ctrl Pts',(4.06328276121772,5.48265878480067,-9.01169181985597));
#4606=CARTESIAN_POINT('Ctrl Pts',(4.21888821952491,5.32705332649349,-8.99742522195242));
#4607=CARTESIAN_POINT('Ctrl Pts',(4.44954535234848,5.09639619366991,-8.99307849821847));
#4608=CARTESIAN_POINT('Ctrl Pts',(4.5237913333502,5.02215021266671,-8.99423819524526));
#4609=CARTESIAN_POINT('Ctrl Pts',(4.638197982707,4.90774356330991,-8.99997124378209));
#4610=CARTESIAN_POINT('Ctrl Pts',(4.67831780694362,4.86762373907478,-9.00273036687418));
#4611=CARTESIAN_POINT('Ctrl Pts',(4.75140741761822,4.79453412840018,-9.00911497193182));
#4612=CARTESIAN_POINT('Ctrl Pts',(4.78436979488135,4.76157175113704,-9.01249893486026));
#4613=CARTESIAN_POINT('Ctrl Pts',(4.85609931495009,4.6898422310683,-9.02095429272963));
#4614=CARTESIAN_POINT('Ctrl Pts',(4.89483896906673,4.65110257695187,-9.02621646703743));
#4615=CARTESIAN_POINT('Ctrl Pts',(4.99996016399846,4.54598138202014,-9.04236462398145));
#4616=CARTESIAN_POINT('Ctrl Pts',(5.06618436040818,4.47975718560589,-9.05456714737128));
#4617=CARTESIAN_POINT('Ctrl Pts',(5.37525136465865,4.17069018135542,-9.12076640229101));
#4618=CARTESIAN_POINT('Ctrl Pts',(5.61396463711063,3.93197690890776,-9.19873009975039));
#4619=CARTESIAN_POINT('Ctrl Pts',(6.04971915511337,3.49622239090502,-9.38315590691218));
#4620=CARTESIAN_POINT('Ctrl Pts',(6.24677976504702,3.29916178097137,-9.48328505716136));
#4621=CARTESIAN_POINT('Ctrl Pts',(6.44030397306474,3.10563757295366,-9.59527558009874));
#4622=CARTESIAN_POINT('Ctrl Pts',(1.94068917366038,6.79407508028956,-9.0881892170242));
#4623=CARTESIAN_POINT('Ctrl Pts',(2.0716816359072,6.75665782329588,-9.09777849961049));
#4624=CARTESIAN_POINT('Ctrl Pts',(2.20159164279097,6.71545113749281,-9.10736778219678));
#4625=CARTESIAN_POINT('Ctrl Pts',(2.33020198964306,6.67052391891654,-9.11695706478307));
#4626=CARTESIAN_POINT('Ctrl Pts',(1.94839663272448,6.82105779151942,-9.11742038879608));
#4627=CARTESIAN_POINT('Ctrl Pts',(2.07990933234583,6.78349193165802,-9.12700967138237));
#4628=CARTESIAN_POINT('Ctrl Pts',(2.21033527762596,6.74212159324726,-9.13659895396867));
#4629=CARTESIAN_POINT('Ctrl Pts',(2.33945640126654,6.69701594594435,-9.14618823655496));
#4630=CARTESIAN_POINT('Ctrl Pts',(1.95610409178859,6.84804050274929,-9.14665156056797));
#4631=CARTESIAN_POINT('Ctrl Pts',(2.08813702878446,6.81032604002016,-9.15624084315426));
#4632=CARTESIAN_POINT('Ctrl Pts',(2.21907891246094,6.76879204900171,-9.16583012574055));
#4633=CARTESIAN_POINT('Ctrl Pts',(2.34871081289002,6.72350797297217,-9.17541940832684));
#4634=CARTESIAN_POINT('Ctrl Pts',(1.9638115508527,6.87502321397916,-9.17588273233985));
#4635=CARTESIAN_POINT('Ctrl Pts',(2.0963647252231,6.83716014838231,-9.18547201492615));
#4636=CARTESIAN_POINT('Ctrl Pts',(2.22782254729592,6.79546250475615,-9.19506129751244));
#4637=CARTESIAN_POINT('Ctrl Pts',(2.35796522451349,6.74999999999999,-9.20465058009873));
#4638=CARTESIAN_POINT('',(2.08883476483185,6.75,-9.09906905019423));
#4639=CARTESIAN_POINT('Ctrl Pts',(2.0888347099803,6.74999982622338,-9.09906905019412));
#4640=CARTESIAN_POINT('Ctrl Pts',(2.17906440036001,6.75000027281638,-9.13292253873486));
#4641=CARTESIAN_POINT('Ctrl Pts',(2.26878129246226,6.74999999999999,-9.16815690576916));
#4642=CARTESIAN_POINT('Ctrl Pts',(2.35796522451349,6.74999999999999,-9.20465058009873));
#4643=CARTESIAN_POINT('Ctrl Pts',(1.9638115508527,6.87502321397915,-9.17588273233985));
#4644=CARTESIAN_POINT('Ctrl Pts',(2.00531191252698,6.83352285230487,-9.14975776300598));
#4645=CARTESIAN_POINT('Ctrl Pts',(2.04698726301577,6.79184750181606,-9.12414042098647));
#4646=CARTESIAN_POINT('Ctrl Pts',(2.08883476483183,6.75000000000001,-9.09906905019424));
#4647=CARTESIAN_POINT('Ctrl Pts',(2.3302019898526,-6.67052391951648,-10.3451558953929));
#4648=CARTESIAN_POINT('Ctrl Pts',(2.20159164298895,-6.71545113809679,-10.3547451779792));
#4649=CARTESIAN_POINT('Ctrl Pts',(2.07168163609353,-6.75665782390356,-10.3643344605655));
#4650=CARTESIAN_POINT('Ctrl Pts',(1.94068917383493,-6.7940750809006,-10.3739237431518));
#4651=CARTESIAN_POINT('Ctrl Pts',(2.33945640140622,-6.69701594634432,-10.3743870669441));
#4652=CARTESIAN_POINT('Ctrl Pts',(2.21033527775793,-6.74212159364992,-10.3839763495304));
#4653=CARTESIAN_POINT('Ctrl Pts',(2.07990933247005,-6.78349193206314,-10.3935656321167));
#4654=CARTESIAN_POINT('Ctrl Pts',(1.94839663284086,-6.82105779192678,-10.403154914703));
#4655=CARTESIAN_POINT('Ctrl Pts',(2.34871081295984,-6.72350797317216,-10.4036182384953));
#4656=CARTESIAN_POINT('Ctrl Pts',(2.21907891252691,-6.76879204920304,-10.4132075210816));
#4657=CARTESIAN_POINT('Ctrl Pts',(2.08813702884658,-6.81032604022272,-10.4227968036679));
#4658=CARTESIAN_POINT('Ctrl Pts',(1.95610409184679,-6.84804050295297,-10.4323860862542));
#4659=CARTESIAN_POINT('Ctrl Pts',(2.35796522451346,-6.75,-10.4328494100466));
#4660=CARTESIAN_POINT('Ctrl Pts',(2.22782254729589,-6.79546250475616,-10.4424386926329));
#4661=CARTESIAN_POINT('Ctrl Pts',(2.09636472522311,-6.8371601483823,-10.4520279752192));
#4662=CARTESIAN_POINT('Ctrl Pts',(1.96381155085271,-6.87502321397915,-10.4616172578055));
#4663=CARTESIAN_POINT('Ctrl Pts',(2.35796522451346,-6.75,-10.4328494100466));
#4664=CARTESIAN_POINT('Ctrl Pts',(2.26864577505911,-6.75000000000001,-10.4080313593278));
#4665=CARTESIAN_POINT('Ctrl Pts',(2.17893779934008,-6.75000003067749,-10.3847320011146));
#4666=CARTESIAN_POINT('Ctrl Pts',(2.08883470998036,-6.7499998262234,-10.3630439107049));
#4667=CARTESIAN_POINT('Origin',(0.,0.,0.));
#4668=CARTESIAN_POINT('',(-6.74999999999872,-2.35796522451768,-8.08909941004516));
#4669=CARTESIAN_POINT('',(-6.75,-2.35796522451032,0.));
#4670=CARTESIAN_POINT('',(-6.74999999999813,2.35796522452105,-8.42340058009824));
#4671=CARTESIAN_POINT('Ctrl Pts',(-6.74999999999479,-2.35796522451608,-8.08909941004207));
#4672=CARTESIAN_POINT('Ctrl Pts',(-7.2783039823063,-0.845622360625133,-8.20053313339308));
#4673=CARTESIAN_POINT('Ctrl Pts',(-7.2783039823058,0.845622360629474,-8.31196685674409));
#4674=CARTESIAN_POINT('Ctrl Pts',(-6.74999999999339,2.35796522452011,-8.4234005800951));
#4675=CARTESIAN_POINT('',(-6.75,2.35796522451032,0.));
#4676=CARTESIAN_POINT('Origin',(0.,0.,0.));
#4677=CARTESIAN_POINT('',(-3.10563757295435,-6.44030397306359,-7.69847441004557));
#4678=CARTESIAN_POINT('',(-3.10563757295589,-6.4403039730625,0.));
#4679=CARTESIAN_POINT('',(-6.44030397306831,-3.10563757294763,-8.03277558009818));
#4680=CARTESIAN_POINT('Ctrl Pts',(-3.10563757295311,-6.44030397306052,-7.69847441004248));
#4681=CARTESIAN_POINT('Ctrl Pts',(-4.54859279590736,-5.74448340694427,-7.80990813339334));
#4682=CARTESIAN_POINT('Ctrl Pts',(-5.74448340694998,-4.54859279590017,-7.9213418567442));
#4683=CARTESIAN_POINT('Ctrl Pts',(-6.44030397306441,-3.10563757294504,-8.03277558009507));
#4684=CARTESIAN_POINT('',(-6.4403039730625,-3.1056375729559,0.));
#4685=CARTESIAN_POINT('Origin',(0.,0.,0.));
#4686=CARTESIAN_POINT('',(-2.35796522451119,6.74999999999985,-8.87034941004564));
#4687=CARTESIAN_POINT('',(-2.35796522451032,6.75,0.));
#4688=CARTESIAN_POINT('',(-1.9638115508541,6.87502321397771,-8.89911725780425));
#4689=CARTESIAN_POINT('Ctrl Pts',(-2.35796522451112,6.74999999999942,-8.87034941004534));
#4690=CARTESIAN_POINT('Ctrl Pts',(-2.22782254729472,6.79546250475513,-8.87993869263154));
#4691=CARTESIAN_POINT('Ctrl Pts',(-2.09636472522313,6.83716014838088,-8.88952797521775));
#4692=CARTESIAN_POINT('Ctrl Pts',(-1.96381155085395,6.87502321397742,-8.89911725780396));
#4693=CARTESIAN_POINT('',(-1.96381155085419,6.87502321397766,0.));
#4694=CARTESIAN_POINT('Origin',(0.,0.,0.));
#4695=CARTESIAN_POINT('',(-2.35796522451099,-6.74999999999988,-7.64215058009749));
#4696=CARTESIAN_POINT('',(-2.35796522451033,-6.75,0.));
#4697=CARTESIAN_POINT('Ctrl Pts',(-1.96381155085355,-6.87502321397632,-7.61338273233736));
#4698=CARTESIAN_POINT('Ctrl Pts',(-2.09636472522267,-6.8371601483798,-7.62297201492356));
#4699=CARTESIAN_POINT('Ctrl Pts',(-2.22782254729418,-6.79546250475407,-7.63256129750977));
#4700=CARTESIAN_POINT('Ctrl Pts',(-2.35796522451051,-6.74999999999838,-7.64215058009597));
#4701=CARTESIAN_POINT('Ctrl Pts',(-6.07987981239993,2.93183415928455,-8.06291037111973));
#4702=CARTESIAN_POINT('Ctrl Pts',(-5.42300003922917,4.29403606263139,-8.17434409447057));
#4703=CARTESIAN_POINT('Ctrl Pts',(-4.29403606263268,5.42300003922815,-8.28577781782142));
#4704=CARTESIAN_POINT('Ctrl Pts',(-2.931834159286,6.07987981239923,-8.39721154117227));
#4705=CARTESIAN_POINT('Ctrl Pts',(-6.20002119928872,2.9897686305065,-8.20184838409526));
#4706=CARTESIAN_POINT('Ctrl Pts',(-5.53016116180304,4.37888830705617,-8.31328210744611));
#4707=CARTESIAN_POINT('Ctrl Pts',(-4.37888830705748,5.530161161802,-8.42471583079695));
#4708=CARTESIAN_POINT('Ctrl Pts',(-2.98976863050797,6.20002119928801,-8.5361495541478));
#4709=CARTESIAN_POINT('Ctrl Pts',(-6.32016258617751,3.04770310172845,-8.34078639707079));
#4710=CARTESIAN_POINT('Ctrl Pts',(-5.63732228437691,4.46374055148094,-8.45222012042164));
#4711=CARTESIAN_POINT('Ctrl Pts',(-4.46374055148229,5.63732228437584,-8.56365384377248));
#4712=CARTESIAN_POINT('Ctrl Pts',(-3.04770310172995,6.32016258617678,-8.67508756712333));
#4713=CARTESIAN_POINT('Ctrl Pts',(-6.4403039730663,3.10563757295039,-8.47972441004632));
#4714=CARTESIAN_POINT('Ctrl Pts',(-5.74448340695077,4.54859279590572,-8.59115813339717));
#4715=CARTESIAN_POINT('Ctrl Pts',(-4.54859279590709,5.74448340694969,-8.70259185674801));
#4716=CARTESIAN_POINT('Ctrl Pts',(-3.10563757295193,6.44030397306556,-8.81402558009886));
#4717=CARTESIAN_POINT('Ctrl Pts',(-6.44030397306474,3.10563757295365,-8.47972441004659));
#4718=CARTESIAN_POINT('Ctrl Pts',(-6.17685674826954,3.36908479774885,-8.37620298158377));
#4719=CARTESIAN_POINT('Ctrl Pts',(-5.9098083445641,3.63613320145428,-8.29956281328136));
#4720=CARTESIAN_POINT('Ctrl Pts',(-5.48265878480113,4.06328276121725,-8.23044181985601));
#4721=CARTESIAN_POINT('Ctrl Pts',(-5.32705332649383,4.21888821952456,-8.21617522195244));
#4722=CARTESIAN_POINT('Ctrl Pts',(-5.09639619367013,4.44954535234827,-8.21182849821846));
#4723=CARTESIAN_POINT('Ctrl Pts',(-5.02215021266686,4.52379133335004,-8.21298819524525));
#4724=CARTESIAN_POINT('Ctrl Pts',(-4.90774356330998,4.63819798270693,-8.21872124378208));
#4725=CARTESIAN_POINT('Ctrl Pts',(-4.86762373907483,4.67831780694356,-8.22148036687417));
#4726=CARTESIAN_POINT('Ctrl Pts',(-4.79453412840018,4.75140741761822,-8.22786497193182));
#4727=CARTESIAN_POINT('Ctrl Pts',(-4.76157175113699,4.7843697948814,-8.23124893486026));
#4728=CARTESIAN_POINT('Ctrl Pts',(-4.68984223106845,4.85609931494994,-8.23970429272961));
#4729=CARTESIAN_POINT('Ctrl Pts',(-4.65110257695213,4.89483896906646,-8.24496646703739));
#4730=CARTESIAN_POINT('Ctrl Pts',(-4.54598138202016,4.99996016399844,-8.26111462398144));
#4731=CARTESIAN_POINT('Ctrl Pts',(-4.47975718560588,5.06618436040819,-8.27331714737127));
#4732=CARTESIAN_POINT('Ctrl Pts',(-4.17069018135539,5.37525136465868,-8.33951640229101));
#4733=CARTESIAN_POINT('Ctrl Pts',(-3.93197690890769,5.61396463711071,-8.41748009975043));
#4734=CARTESIAN_POINT('Ctrl Pts',(-3.496222390905,6.0497191551134,-8.60190590691219));
#4735=CARTESIAN_POINT('Ctrl Pts',(-3.29916178097129,6.2467797650471,-8.70203505716141));
#4736=CARTESIAN_POINT('Ctrl Pts',(-3.10563757295368,6.44030397306471,-8.81402558009872));
#4737=CARTESIAN_POINT('Ctrl Pts',(-6.3722440594914,-2.22600442880342,-7.67228537111967));
#4738=CARTESIAN_POINT('Ctrl Pts',(-6.87098212066078,-0.798298083566205,
-7.78371909447069));
#4739=CARTESIAN_POINT('Ctrl Pts',(-6.87098212066032,0.798298083570074,-7.89515281782171));
#4740=CARTESIAN_POINT('Ctrl Pts',(-6.37224405949015,2.22600442880701,-8.00658654117272));
#4741=CARTESIAN_POINT('Ctrl Pts',(-6.49816270632711,-2.26999136070816,-7.81122338409521));
#4742=CARTESIAN_POINT('Ctrl Pts',(-7.00675607454399,-0.814072842586065,
-7.92265710744622));
#4743=CARTESIAN_POINT('Ctrl Pts',(-7.00675607454353,0.814072842590009,-8.03409083079724));
#4744=CARTESIAN_POINT('Ctrl Pts',(-6.49816270632584,2.26999136071182,-8.14552455414825));
#4745=CARTESIAN_POINT('Ctrl Pts',(-6.62408135316283,-2.3139782926129,-7.95016139707073));
#4746=CARTESIAN_POINT('Ctrl Pts',(-7.14253002842721,-0.82984760160592,-8.06159512042175));
#4747=CARTESIAN_POINT('Ctrl Pts',(-7.14253002842674,0.829847601609943,-8.17302884377277));
#4748=CARTESIAN_POINT('Ctrl Pts',(-6.62408135316152,2.31397829261663,-8.28446256712379));
#4749=CARTESIAN_POINT('Ctrl Pts',(-6.74999999999854,-2.35796522451764,-8.08909941004627));
#4750=CARTESIAN_POINT('Ctrl Pts',(-7.27830398231042,-0.84562236062578,-8.20053313339728));
#4751=CARTESIAN_POINT('Ctrl Pts',(-7.27830398230994,0.845622360629877,-8.3119668567483));
#4752=CARTESIAN_POINT('Ctrl Pts',(-6.74999999999721,2.35796522452144,-8.42340058009932));
#4753=CARTESIAN_POINT('Ctrl Pts',(-6.75,-2.35796522451346,-8.08909941004658));
#4754=CARTESIAN_POINT('Ctrl Pts',(-6.75,-1.98539458623839,-7.98557798158373));
#4755=CARTESIAN_POINT('Ctrl Pts',(-6.75000000000001,-1.607731111908,-7.90893781328132));
#4756=CARTESIAN_POINT('Ctrl Pts',(-6.75000000000001,-1.0036504113297,-7.83981681985603));
#4757=CARTESIAN_POINT('Ctrl Pts',(-6.75,-0.7835910618122,-7.82555022195243));
#4758=CARTESIAN_POINT('Ctrl Pts',(-6.75,-0.457392616314851,-7.82120349821847));
#4759=CARTESIAN_POINT('Ctrl Pts',(-6.74999999999895,-0.352392943029402,
-7.82236319524525));
#4760=CARTESIAN_POINT('Ctrl Pts',(-6.74999999999895,-0.190597507883153,
-7.82809624378209));
#4761=CARTESIAN_POINT('Ctrl Pts',(-6.75,-0.133859508328645,-7.83085536687418));
#4762=CARTESIAN_POINT('Ctrl Pts',(-6.75,-0.0304951896442301,-7.83723997193182));
#4763=CARTESIAN_POINT('Ctrl Pts',(-6.75,0.0161206513293409,-7.84062393486025));
#4764=CARTESIAN_POINT('Ctrl Pts',(-6.75,0.11756151143298,-7.84907929272962));
#4765=CARTESIAN_POINT('Ctrl Pts',(-6.75000000000015,0.17234765568608,-7.8543414670374));
#4766=CARTESIAN_POINT('Ctrl Pts',(-6.75000000000015,0.321011475251678,-7.87048962398145));
#4767=CARTESIAN_POINT('Ctrl Pts',(-6.74999999999694,0.41466663197474,-7.88269214737127));
#4768=CARTESIAN_POINT('Ctrl Pts',(-6.74999999999694,0.85175338106783,-7.94889140229101));
#4769=CARTESIAN_POINT('Ctrl Pts',(-6.75,1.18934492848484,-8.0268550997504));
#4770=CARTESIAN_POINT('Ctrl Pts',(-6.75,1.80559487770976,-8.21128090691221));
#4771=CARTESIAN_POINT('Ctrl Pts',(-6.75,2.0842806648876,-8.31141005716148));
#4772=CARTESIAN_POINT('Ctrl Pts',(-6.75,2.35796522451344,-8.42340058009872));
#4773=CARTESIAN_POINT('Ctrl Pts',(-2.93183415928763,-6.07987981239844,-7.28166037111998));
#4774=CARTESIAN_POINT('Ctrl Pts',(-4.29403606263473,-5.42300003922672,-7.39309409447087));
#4775=CARTESIAN_POINT('Ctrl Pts',(-5.42300003923129,-4.29403606262894,-7.50452781782177));
#4776=CARTESIAN_POINT('Ctrl Pts',(-6.07987981240157,-2.93183415928115,-7.61596154117266));
#4777=CARTESIAN_POINT('Ctrl Pts',(-2.98976863050964,-6.20002119928721,-7.42059838409551));
#4778=CARTESIAN_POINT('Ctrl Pts',(-4.37888830705957,-5.53016116180054,-7.53203210744641));
#4779=CARTESIAN_POINT('Ctrl Pts',(-5.5301611618052,-4.37888830705367,-7.6434658307973));
#4780=CARTESIAN_POINT('Ctrl Pts',(-6.20002119929039,-2.98976863050303,-7.7548995541482));
#4781=CARTESIAN_POINT('Ctrl Pts',(-3.04770310173165,-6.32016258617597,-7.55953639707104));
#4782=CARTESIAN_POINT('Ctrl Pts',(-4.46374055148441,-5.63732228437435,-7.67097012042194));
#4783=CARTESIAN_POINT('Ctrl Pts',(-5.63732228437911,-4.4637405514784,-7.78240384377283));
#4784=CARTESIAN_POINT('Ctrl Pts',(-6.32016258617922,-3.04770310172491,-7.89383756712373));
#4785=CARTESIAN_POINT('Ctrl Pts',(-3.10563757295365,-6.44030397306473,-7.69847441004658));
#4786=CARTESIAN_POINT('Ctrl Pts',(-4.54859279590925,-5.74448340694817,-7.80990813339747));
#4787=CARTESIAN_POINT('Ctrl Pts',(-5.74448340695302,-4.54859279590313,-7.92134185674836));
#4788=CARTESIAN_POINT('Ctrl Pts',(-6.44030397306804,-3.10563757294679,-8.03277558009926));
#4789=CARTESIAN_POINT('Ctrl Pts',(-3.10563757295365,-6.44030397306473,-7.69847441004658));
#4790=CARTESIAN_POINT('Ctrl Pts',(-3.36908479774899,-6.1768567482694,-7.59495298158371));
#4791=CARTESIAN_POINT('Ctrl Pts',(-3.63613320145455,-5.90980834456385,-7.51831281328129));
#4792=CARTESIAN_POINT('Ctrl Pts',(-4.06328276121738,-5.48265878480101,-7.44919181985602));
#4793=CARTESIAN_POINT('Ctrl Pts',(-4.21888821952469,-5.3270533264937,-7.43492522195242));
#4794=CARTESIAN_POINT('Ctrl Pts',(-4.44954535234837,-5.09639619367002,-7.43057849821846));
#4795=CARTESIAN_POINT('Ctrl Pts',(-4.52379133335012,-5.02215021266678,-7.43173819524525));
#4796=CARTESIAN_POINT('Ctrl Pts',(-4.63819798270708,-4.90774356330982,-7.43747124378208));
#4797=CARTESIAN_POINT('Ctrl Pts',(-4.67831780694381,-4.86762373907458,-7.44023036687419));
#4798=CARTESIAN_POINT('Ctrl Pts',(-4.75140741761825,-4.79453412840015,-7.44661497193183));
#4799=CARTESIAN_POINT('Ctrl Pts',(-4.78436979488142,-4.76157175113698,-7.44999893486027));
#4800=CARTESIAN_POINT('Ctrl Pts',(-4.85609931494996,-4.68984223106843,-7.45845429272961));
#4801=CARTESIAN_POINT('Ctrl Pts',(-4.89483896906647,-4.65110257695213,-7.46371646703739));
#4802=CARTESIAN_POINT('Ctrl Pts',(-4.99996016399854,-4.54598138202005,-7.47986462398146));
#4803=CARTESIAN_POINT('Ctrl Pts',(-5.06618436040834,-4.47975718560573,-7.49206714737131));
#4804=CARTESIAN_POINT('Ctrl Pts',(-5.37525136465864,-4.17069018135543,-7.558266402291));
#4805=CARTESIAN_POINT('Ctrl Pts',(-5.61396463711062,-3.93197690890777,-7.63623009975038));
#4806=CARTESIAN_POINT('Ctrl Pts',(-6.04971915511346,-3.49622239090493,-7.82065590691221));
#4807=CARTESIAN_POINT('Ctrl Pts',(-6.24677976504724,-3.29916178097115,-7.92078505716148));
#4808=CARTESIAN_POINT('Ctrl Pts',(-6.44030397306471,-3.10563757295368,-8.03277558009872));
#4809=CARTESIAN_POINT('Ctrl Pts',(-1.94068917366038,-6.79407508028955,-7.52568921702419));
#4810=CARTESIAN_POINT('Ctrl Pts',(-2.0716816359072,-6.75665782329587,-7.53527849961048));
#4811=CARTESIAN_POINT('Ctrl Pts',(-2.20159164279092,-6.71545113749283,-7.54486778219677));
#4812=CARTESIAN_POINT('Ctrl Pts',(-2.33020198964302,-6.67052391891655,-7.55445706478306));
#4813=CARTESIAN_POINT('Ctrl Pts',(-1.94839663272448,-6.82105779151942,-7.55492038879608));
#4814=CARTESIAN_POINT('Ctrl Pts',(-2.07990933234584,-6.78349193165802,-7.56450967138237));
#4815=CARTESIAN_POINT('Ctrl Pts',(-2.2103352776259,-6.74212159324727,-7.57409895396866));
#4816=CARTESIAN_POINT('Ctrl Pts',(-2.33945640126649,-6.69701594594437,-7.58368823655495));
#4817=CARTESIAN_POINT('Ctrl Pts',(-1.95610409178859,-6.84804050274929,-7.58415156056796));
#4818=CARTESIAN_POINT('Ctrl Pts',(-2.08813702878447,-6.81032604002016,-7.59374084315426));
#4819=CARTESIAN_POINT('Ctrl Pts',(-2.21907891246089,-6.76879204900172,-7.60333012574055));
#4820=CARTESIAN_POINT('Ctrl Pts',(-2.34871081288997,-6.72350797297219,-7.61291940832684));
#4821=CARTESIAN_POINT('Ctrl Pts',(-1.9638115508527,-6.87502321397916,-7.61338273233985));
#4822=CARTESIAN_POINT('Ctrl Pts',(-2.0963647252231,-6.8371601483823,-7.62297201492614));
#4823=CARTESIAN_POINT('Ctrl Pts',(-2.22782254729587,-6.79546250475617,-7.63256129751243));
#4824=CARTESIAN_POINT('Ctrl Pts',(-2.35796522451345,-6.75,-7.64215058009873));
#4825=CARTESIAN_POINT('Ctrl Pts',(-2.08883470998028,-6.74999982622339,-7.53656905019412));
#4826=CARTESIAN_POINT('Ctrl Pts',(-2.17906440036017,-6.75000027281639,-7.57042253873494));
#4827=CARTESIAN_POINT('Ctrl Pts',(-2.2687812924625,-6.75,-7.60565690576927));
#4828=CARTESIAN_POINT('Ctrl Pts',(-2.35796522451345,-6.75,-7.64215058009873));
#4829=CARTESIAN_POINT('Ctrl Pts',(-2.33020198985263,6.67052391951648,-8.78265589539289));
#4830=CARTESIAN_POINT('Ctrl Pts',(-2.20159164298896,6.7154511380968,-8.79224517797918));
#4831=CARTESIAN_POINT('Ctrl Pts',(-2.07168163609352,6.75665782390356,-8.80183446056547));
#4832=CARTESIAN_POINT('Ctrl Pts',(-1.94068917383491,6.79407508090061,-8.81142374315176));
#4833=CARTESIAN_POINT('Ctrl Pts',(-2.33945640140625,6.69701594634431,-8.81188706694411));
#4834=CARTESIAN_POINT('Ctrl Pts',(-2.21033527775794,6.74212159364992,-8.82147634953041));
#4835=CARTESIAN_POINT('Ctrl Pts',(-2.07990933247005,6.78349193206314,-8.8310656321167));
#4836=CARTESIAN_POINT('Ctrl Pts',(-1.94839663284083,6.82105779192679,-8.84065491470299));
#4837=CARTESIAN_POINT('Ctrl Pts',(-2.34871081295986,6.72350797317215,-8.84111823849535));
#4838=CARTESIAN_POINT('Ctrl Pts',(-2.21907891252692,6.76879204920304,-8.85070752108164));
#4839=CARTESIAN_POINT('Ctrl Pts',(-2.08813702884657,6.81032604022272,-8.86029680366793));
#4840=CARTESIAN_POINT('Ctrl Pts',(-1.95610409184676,6.84804050295298,-8.86988608625422));
#4841=CARTESIAN_POINT('Ctrl Pts',(-2.35796522451348,6.74999999999999,-8.87034941004658));
#4842=CARTESIAN_POINT('Ctrl Pts',(-2.2278225472959,6.79546250475616,-8.87993869263287));
#4843=CARTESIAN_POINT('Ctrl Pts',(-2.0963647252231,6.83716014838231,-8.88952797521916));
#4844=CARTESIAN_POINT('Ctrl Pts',(-1.96381155085269,6.87502321397916,-8.89911725780545));
#4845=CARTESIAN_POINT('',(-2.08883476483184,6.75,-8.80054391070494));
#4846=CARTESIAN_POINT('Ctrl Pts',(-2.35796522451348,6.74999999999999,-8.87034941004658));
#4847=CARTESIAN_POINT('Ctrl Pts',(-2.26864577505896,6.74999999999999,-8.84553135932777));
#4848=CARTESIAN_POINT('Ctrl Pts',(-2.17893779933997,6.75000003067748,-8.82223200111459));
#4849=CARTESIAN_POINT('Ctrl Pts',(-2.08883470998035,6.7499998262234,-8.80054391070486));
#4850=CARTESIAN_POINT('Ctrl Pts',(-2.0888347099784,6.74999982619331,-8.80054391067382));
#4851=CARTESIAN_POINT('Ctrl Pts',(-2.046943096877,6.79188688304875,-8.83301433703807));
#4852=CARTESIAN_POINT('Ctrl Pts',(-2.00527122143921,6.83356354339266,-8.86588758552363));
#4853=CARTESIAN_POINT('Ctrl Pts',(-1.9638115508527,6.87502321397916,-8.89911725780545));
#4854=CARTESIAN_POINT('Ctrl Pts',(6.75000000000001,2.35796522451302,-7.15159940824948));
#4855=CARTESIAN_POINT('Ctrl Pts',(7.27830398231079,0.845622360620996,-7.26303313160049));
#4856=CARTESIAN_POINT('Ctrl Pts',(7.27830398230923,-0.845622360634427,-7.37446685495149));
#4857=CARTESIAN_POINT('Ctrl Pts',(6.74999999999566,-2.35796522452547,-7.48590057830249));
#4858=CARTESIAN_POINT('Ctrl Pts',(6.62408135316384,2.31397829260821,-7.29053742173684));
#4859=CARTESIAN_POINT('Ctrl Pts',(7.1425300284271,0.829847601601174,-7.40197114508784));
#4860=CARTESIAN_POINT('Ctrl Pts',(7.14253002842558,-0.829847601614355,-7.51340486843885));
#4861=CARTESIAN_POINT('Ctrl Pts',(6.62408135315957,-2.31397829262044,-7.62483859178985));
#4862=CARTESIAN_POINT('Ctrl Pts',(6.49816270632767,2.26999136070341,-7.4294754352242));
#4863=CARTESIAN_POINT('Ctrl Pts',(7.00675607454342,0.814072842581349,-7.5409091585752));
#4864=CARTESIAN_POINT('Ctrl Pts',(7.00675607454192,-0.814072842594279,-7.6523428819262));
#4865=CARTESIAN_POINT('Ctrl Pts',(6.49816270632348,-2.2699913607154,-7.76377660527721));
#4866=CARTESIAN_POINT('Ctrl Pts',(6.3722440594915,2.22600442879861,-7.56841344871155));
#4867=CARTESIAN_POINT('Ctrl Pts',(6.87098212065973,0.798298083561527,-7.67984717206256));
#4868=CARTESIAN_POINT('Ctrl Pts',(6.87098212065826,-0.798298083574207,-7.79128089541356));
#4869=CARTESIAN_POINT('Ctrl Pts',(6.37224405948739,-2.22600442881036,-7.90271461876457));
#4870=CARTESIAN_POINT('',(6.74999999999741,-2.35796522452518,-7.48590057830342));
#4871=CARTESIAN_POINT('',(6.74999999999968,2.35796522451217,-7.15159940825045));
#4872=CARTESIAN_POINT('Ctrl Pts',(6.75,-2.35796522451305,-7.48590057830157));
#4873=CARTESIAN_POINT('Ctrl Pts',(6.75,-1.98539458818018,-7.5894220066958));
#4874=CARTESIAN_POINT('Ctrl Pts',(6.74999999999999,-1.60773111577256,-7.66606217513694));
#4875=CARTESIAN_POINT('Ctrl Pts',(6.74999999999999,-1.00365041606184,-7.73518316940518));
#4876=CARTESIAN_POINT('Ctrl Pts',(6.75,-0.783591065446936,-7.74944976763481));
#4877=CARTESIAN_POINT('Ctrl Pts',(6.75,-0.457392618350505,-7.75379649162049));
#4878=CARTESIAN_POINT('Ctrl Pts',(6.74999999999895,-0.352392944589307,-7.75263679464186));
#4879=CARTESIAN_POINT('Ctrl Pts',(6.74999999999895,-0.190597508780058,-7.74690374613137));
#4880=CARTESIAN_POINT('Ctrl Pts',(6.75,-0.133859509040092,-7.74414462304253));
#4881=CARTESIAN_POINT('Ctrl Pts',(6.75,-0.0304951900558456,-7.73776001797931));
#4882=CARTESIAN_POINT('Ctrl Pts',(6.75,0.0161206510320194,-7.73437605504531));
#4883=CARTESIAN_POINT('Ctrl Pts',(6.75,0.117561511339608,-7.7259206971582));
#4884=CARTESIAN_POINT('Ctrl Pts',(6.75000000000014,0.172347655682161,-7.72065852283771));
#4885=CARTESIAN_POINT('Ctrl Pts',(6.75000000000014,0.321011475382376,-7.70451036585794));
#4886=CARTESIAN_POINT('Ctrl Pts',(6.74999999999694,0.414666632149297,-7.69230784244058));
#4887=CARTESIAN_POINT('Ctrl Pts',(6.74999999999694,0.851753380403341,-7.62610858750783));
#4888=CARTESIAN_POINT('Ctrl Pts',(6.75,1.18934492694482,-7.54814489011097));
#4889=CARTESIAN_POINT('Ctrl Pts',(6.75,1.80559487615002,-7.36371908264256));
#4890=CARTESIAN_POINT('Ctrl Pts',(6.75,2.08428066413795,-7.26358993183933));
#4891=CARTESIAN_POINT('Ctrl Pts',(6.75,2.35796522451301,-7.1515994082495));
#4892=CARTESIAN_POINT('Ctrl Pts',(6.74999999999482,-2.35796522452511,-7.48590057830343));
#4893=CARTESIAN_POINT('Ctrl Pts',(7.27830398230824,-0.845622360634486,-7.37446685495244));
#4894=CARTESIAN_POINT('Ctrl Pts',(7.27830398230986,0.845622360620437,-7.26303313160146));
#4895=CARTESIAN_POINT('Ctrl Pts',(6.74999999999937,2.35796522451208,-7.15159940825047));
#4896=CARTESIAN_POINT('Ctrl Pts',(3.10563757295403,6.4403039730644,-6.76097440824948));
#4897=CARTESIAN_POINT('Ctrl Pts',(4.54859279591093,5.74448340694708,-6.87240813160048));
#4898=CARTESIAN_POINT('Ctrl Pts',(5.74448340695545,4.54859279590036,-6.98384185495148));
#4899=CARTESIAN_POINT('Ctrl Pts',(6.44030397307011,3.10563757294218,-7.09527557830249));
#4900=CARTESIAN_POINT('Ctrl Pts',(3.04770310173181,6.32016258617523,-6.89991242173684));
#4901=CARTESIAN_POINT('Ctrl Pts',(4.46374055148577,5.63732228437292,-7.01134614508784));
#4902=CARTESIAN_POINT('Ctrl Pts',(5.63732228438114,4.4637405514754,-7.12277986843884));
#4903=CARTESIAN_POINT('Ctrl Pts',(6.32016258618084,3.04770310172018,-7.23421359178984));
#4904=CARTESIAN_POINT('Ctrl Pts',(2.9897686305096,6.20002119928606,-7.03885043522419));
#4905=CARTESIAN_POINT('Ctrl Pts',(4.37888830706061,5.53016116179876,-7.15028415857519));
#4906=CARTESIAN_POINT('Ctrl Pts',(5.53016116180682,4.37888830705043,-7.2617178819262));
#4907=CARTESIAN_POINT('Ctrl Pts',(6.20002119929156,2.98976863049819,-7.3731516052772));
#4908=CARTESIAN_POINT('Ctrl Pts',(2.93183415928739,6.0798798123969,-7.17778844871155));
#4909=CARTESIAN_POINT('Ctrl Pts',(4.29403606263545,5.4230000392246,-7.28922217206255));
#4910=CARTESIAN_POINT('Ctrl Pts',(5.4230000392325,4.29403606262547,-7.40065589541355));
#4911=CARTESIAN_POINT('Ctrl Pts',(6.07987981240229,2.9318341592762,-7.51208961876455));
#4912=CARTESIAN_POINT('',(6.44030397307113,3.10563757294363,-7.09527557830342));
#4913=CARTESIAN_POINT('',(3.10563757295596,6.44030397306245,-6.7609744082506));
#4914=CARTESIAN_POINT('Ctrl Pts',(6.4403039730644,3.10563757295399,-7.09527557830158));
#4915=CARTESIAN_POINT('Ctrl Pts',(6.17685674964265,3.36908479637574,-7.19879700669573));
#4916=CARTESIAN_POINT('Ctrl Pts',(5.90980834729674,3.63613319872165,-7.2754371751369));
#4917=CARTESIAN_POINT('Ctrl Pts',(5.48265878814737,4.06328275787101,-7.34455816940516));
#4918=CARTESIAN_POINT('Ctrl Pts',(5.32705332906403,4.21888821695437,-7.3588247676348));
#4919=CARTESIAN_POINT('Ctrl Pts',(5.09639619510949,4.44954535090891,-7.36317149162049));
#4920=CARTESIAN_POINT('Ctrl Pts',(5.02215021376985,4.52379133224706,-7.36201179464186));
#4921=CARTESIAN_POINT('Ctrl Pts',(4.90774356394422,4.63819798207269,-7.35627874613137));
#4922=CARTESIAN_POINT('Ctrl Pts',(4.86762373957796,4.67831780644044,-7.35351962304255));
#4923=CARTESIAN_POINT('Ctrl Pts',(4.79453412869119,4.75140741732721,-7.3471350179793));
#4924=CARTESIAN_POINT('Ctrl Pts',(4.76157175134714,4.78436979467125,-7.34375105504529));
#4925=CARTESIAN_POINT('Ctrl Pts',(4.68984223113446,4.85609931488394,-7.3352956971582));
#4926=CARTESIAN_POINT('Ctrl Pts',(4.65110257695488,4.89483896906371,-7.33003352283772));
#4927=CARTESIAN_POINT('Ctrl Pts',(4.54598138192774,4.99996016409086,-7.31388536585794));
#4928=CARTESIAN_POINT('Ctrl Pts',(4.4797571854825,5.06618436053157,-7.30168284244058));
#4929=CARTESIAN_POINT('Ctrl Pts',(4.17069018182527,5.3752513641888,-7.23548358750782));
#4930=CARTESIAN_POINT('Ctrl Pts',(3.93197690999666,5.61396463602174,-7.15751989011094));
#4931=CARTESIAN_POINT('Ctrl Pts',(3.49622239200785,6.04971915401054,-6.97309408264256));
#4932=CARTESIAN_POINT('Ctrl Pts',(3.29916178150128,6.24677976451711,-6.87296493183934));
#4933=CARTESIAN_POINT('Ctrl Pts',(3.10563757295401,6.44030397306438,-6.7609744082495));
#4934=CARTESIAN_POINT('Ctrl Pts',(6.44030397306926,3.10563757294177,-7.09527557830347));
#4935=CARTESIAN_POINT('Ctrl Pts',(5.74448340695507,4.548592795899,-6.98384185495252));
#4936=CARTESIAN_POINT('Ctrl Pts',(4.5485927959116,5.74448340694507,-6.87240813160158));
#4937=CARTESIAN_POINT('Ctrl Pts',(3.1056375729559,6.44030397306244,-6.76097440825064));
#4938=CARTESIAN_POINT('Ctrl Pts',(2.357965224513,-6.75000000000001,-7.93284940824948));
#4939=CARTESIAN_POINT('Ctrl Pts',(2.22782256130756,-6.79546249986134,-7.94243868980332));
#4940=CARTESIAN_POINT('Ctrl Pts',(2.09636475353016,-6.83716013940357,-7.95202797135716));
#4941=CARTESIAN_POINT('Ctrl Pts',(1.96381159366721,-6.87502320174929,-7.96161725291099));
#4942=CARTESIAN_POINT('Ctrl Pts',(2.34871081288955,-6.72350797297224,-7.9620805801289));
#4943=CARTESIAN_POINT('Ctrl Pts',(2.2190789264176,-6.76879204412614,-7.97166986168274));
#4944=CARTESIAN_POINT('Ctrl Pts',(2.08813705698044,-6.81032603107671,-7.98125914323658));
#4945=CARTESIAN_POINT('Ctrl Pts',(1.95610413443508,-6.84804049056746,-7.99084842479042));
#4946=CARTESIAN_POINT('Ctrl Pts',(2.33945640126609,-6.69701594594446,-7.99131175200833));
#4947=CARTESIAN_POINT('Ctrl Pts',(2.21033529152763,-6.74212158839095,-8.00090103356216));
#4948=CARTESIAN_POINT('Ctrl Pts',(2.07990936043073,-6.78349192274985,-8.010490315116));
#4949=CARTESIAN_POINT('Ctrl Pts',(1.94839667520295,-6.82105777938564,-8.02007959666984));
#4950=CARTESIAN_POINT('Ctrl Pts',(2.33020198964263,-6.67052391891669,-8.02054292388775));
#4951=CARTESIAN_POINT('Ctrl Pts',(2.20159165663767,-6.71545113265576,-8.03013220544159));
#4952=CARTESIAN_POINT('Ctrl Pts',(2.07168166388101,-6.75665781442299,-8.03972148699542));
#4953=CARTESIAN_POINT('Ctrl Pts',(1.94068921597082,-6.79407506820381,-8.04931076854926));
#4954=CARTESIAN_POINT('',(2.35796522451101,-6.74999999999988,-7.93284940825054));
#4955=CARTESIAN_POINT('Ctrl Pts',(2.08883470998031,-6.74999982622348,-8.03843093847667));
#4956=CARTESIAN_POINT('Ctrl Pts',(2.17906440036239,-6.7500002728164,-8.00457744983283));
#4957=CARTESIAN_POINT('Ctrl Pts',(2.26878129246474,-6.75000000000001,-7.9693430826906));
#4958=CARTESIAN_POINT('Ctrl Pts',(2.357965224513,-6.75000000000001,-7.93284940824948));
#4959=CARTESIAN_POINT('Ctrl Pts',(1.9638116204523,-6.8750231940973,-7.96161725097424));
#4960=CARTESIAN_POINT('Ctrl Pts',(2.09636477123864,-6.83716013378554,-7.95202797006636));
#4961=CARTESIAN_POINT('Ctrl Pts',(2.22782257007219,-6.79546249679857,-7.94243868915847));
#4962=CARTESIAN_POINT('Ctrl Pts',(2.35796522451098,-6.74999999999972,-7.93284940825059));
#4963=CARTESIAN_POINT('Ctrl Pts',(1.96381155085271,6.87502321397901,-6.67588273054273));
#4964=CARTESIAN_POINT('Ctrl Pts',(2.09636472522296,6.8371601483822,-6.68547201312901));
#4965=CARTESIAN_POINT('Ctrl Pts',(2.22782254729561,6.7954625047561,-6.69506129571529));
#4966=CARTESIAN_POINT('Ctrl Pts',(2.35796522451304,6.75,-6.70465057830158));
#4967=CARTESIAN_POINT('Ctrl Pts',(1.9561040918468,6.84804050295287,-6.7051139022015));
#4968=CARTESIAN_POINT('Ctrl Pts',(2.08813702884645,6.81032604022266,-6.71470318478778));
#4969=CARTESIAN_POINT('Ctrl Pts',(2.21907891252664,6.76879204920303,-6.72429246737406));
#4970=CARTESIAN_POINT('Ctrl Pts',(2.34871081295944,6.7235079731722,-6.73388174996034));
#4971=CARTESIAN_POINT('Ctrl Pts',(1.94839663284088,6.82105779192673,-6.73434507386026));
#4972=CARTESIAN_POINT('Ctrl Pts',(2.07990933246994,6.78349193206313,-6.74393435644655));
#4973=CARTESIAN_POINT('Ctrl Pts',(2.21033527775768,6.74212159364995,-6.75352363903283));
#4974=CARTESIAN_POINT('Ctrl Pts',(2.33945640140584,6.69701594634441,-6.76311292161911));
#4975=CARTESIAN_POINT('Ctrl Pts',(1.94068917383497,6.79407508090059,-6.76357624551903));
#4976=CARTESIAN_POINT('Ctrl Pts',(2.07168163609343,6.75665782390359,-6.77316552810531));
#4977=CARTESIAN_POINT('Ctrl Pts',(2.20159164298871,6.71545113809687,-6.78275481069159));
#4978=CARTESIAN_POINT('Ctrl Pts',(2.33020198985224,6.67052391951661,-6.79234409327788));
#4979=CARTESIAN_POINT('',(2.35796522451063,6.74999999999995,-6.70465057830235));
#4980=CARTESIAN_POINT('',(2.08883476483184,6.75,-6.77445607796585));
#4981=CARTESIAN_POINT('Ctrl Pts',(2.35796522451304,6.75,-6.70465057830158));
#4982=CARTESIAN_POINT('Ctrl Pts',(2.26864577506192,6.74999999999999,-6.72946862913236));
#4983=CARTESIAN_POINT('Ctrl Pts',(2.17893779934298,6.75000003067748,-6.75276798745336));
#4984=CARTESIAN_POINT('Ctrl Pts',(2.08883470998037,6.7499998262234,-6.77445607796593));
#4985=CARTESIAN_POINT('',(1.96381155085286,6.8750232139784,-6.67588273054367));
#4986=CARTESIAN_POINT('Ctrl Pts',(2.08883470997834,6.74999982619333,-6.77445607799697));
#4987=CARTESIAN_POINT('Ctrl Pts',(2.04694309687575,6.79188688304994,-6.74198565152587));
#4988=CARTESIAN_POINT('Ctrl Pts',(2.00527122143801,6.83356354339381,-6.70911240293267));
#4989=CARTESIAN_POINT('Ctrl Pts',(1.96381155085286,6.87502321397897,-6.67588273054274));
#4990=CARTESIAN_POINT('Ctrl Pts',(2.35796522451037,6.74999999999953,-6.70465057830279));
#4991=CARTESIAN_POINT('Ctrl Pts',(2.2278225472937,6.79546250475533,-6.69506129571656));
#4992=CARTESIAN_POINT('Ctrl Pts',(2.09636472522182,6.83716014838115,-6.68547201313034));
#4993=CARTESIAN_POINT('Ctrl Pts',(1.96381155085235,6.87502321397774,-6.67588273054411));
#4994=CARTESIAN_POINT('Origin',(0.,0.,0.));
#4995=CARTESIAN_POINT('',(6.74999999999816,2.35796522452086,-6.52659941004493));
#4996=CARTESIAN_POINT('',(6.75,2.35796522451032,0.));
#4997=CARTESIAN_POINT('',(6.74999999999868,-2.35796522451788,-6.860900580098));
#4998=CARTESIAN_POINT('Ctrl Pts',(6.74999999999402,2.35796522451922,-6.52659941004216));
#4999=CARTESIAN_POINT('Ctrl Pts',(7.27830398230622,0.845622360628474,-6.63803313339317));
#5000=CARTESIAN_POINT('Ctrl Pts',(7.27830398230648,-0.845622360626188,-6.74946685674418));
#5001=CARTESIAN_POINT('Ctrl Pts',(6.74999999999476,-2.3579652245171,-6.86090058009518));
#5002=CARTESIAN_POINT('',(6.75,-2.35796522451032,0.));
#5003=CARTESIAN_POINT('Origin',(0.,0.,0.));
#5004=CARTESIAN_POINT('',(3.10563757295214,6.44030397306514,-6.13597441004537));
#5005=CARTESIAN_POINT('',(3.10563757295589,6.4403039730625,0.));
#5006=CARTESIAN_POINT('',(6.44030397306645,3.10563757295027,-6.47027558009794));
#5007=CARTESIAN_POINT('Ctrl Pts',(3.10563757295089,6.4403039730621,-6.13597441004276));
#5008=CARTESIAN_POINT('Ctrl Pts',(4.54859279590532,5.74448340694643,-6.24740813339361));
#5009=CARTESIAN_POINT('Ctrl Pts',(5.74448340694833,4.54859279590292,-6.35884185674446));
#5010=CARTESIAN_POINT('Ctrl Pts',(6.44030397306339,3.1056375729482,-6.47027558009531));
#5011=CARTESIAN_POINT('',(6.4403039730625,3.10563757295589,0.));
#5012=CARTESIAN_POINT('Origin',(0.,0.,0.));
#5013=CARTESIAN_POINT('',(2.357965224511,-6.74999999999988,-7.30784941004565));
#5014=CARTESIAN_POINT('',(2.35796522451033,-6.75,0.));
#5015=CARTESIAN_POINT('Ctrl Pts',(2.35796522451098,-6.74999999999974,-7.30784941004563));
#5016=CARTESIAN_POINT('Ctrl Pts',(2.22782254729455,-6.79546250475546,-7.31743869263183));
#5017=CARTESIAN_POINT('Ctrl Pts',(2.09636472522292,-6.83716014838123,-7.32702797521804));
#5018=CARTESIAN_POINT('Ctrl Pts',(1.96381155085371,-6.87502321397777,-7.33661725780425));
#5019=CARTESIAN_POINT('Origin',(0.,0.,0.));
#5020=CARTESIAN_POINT('',(2.35796522451117,6.74999999999985,-6.07965058009751));
#5021=CARTESIAN_POINT('',(2.35796522451032,6.75,0.));
#5022=CARTESIAN_POINT('',(1.96381155085408,6.87502321397772,-6.05088273233889));
#5023=CARTESIAN_POINT('',(1.96381155085419,6.87502321397766,0.));
#5024=CARTESIAN_POINT('Ctrl Pts',(1.96381155085385,6.8750232139768,-6.05088273233795));
#5025=CARTESIAN_POINT('Ctrl Pts',(2.09636472522299,6.83716014838028,-6.06047201492415));
#5026=CARTESIAN_POINT('Ctrl Pts',(2.22782254729456,6.79546250475452,-6.07006129751035));
#5027=CARTESIAN_POINT('Ctrl Pts',(2.35796522451092,6.74999999999882,-6.07965058009656));
#5028=CARTESIAN_POINT('Ctrl Pts',(-6.7499999999994,-2.35796522451477,-5.58909940824935));
#5029=CARTESIAN_POINT('Ctrl Pts',(-7.27830398231062,-0.845622360622742,
-5.70053313160036));
#5030=CARTESIAN_POINT('Ctrl Pts',(-7.27830398230945,0.845622360632865,-5.81196685495138));
#5031=CARTESIAN_POINT('Ctrl Pts',(-6.74999999999612,2.35796522452415,-5.92340057830239));
#5032=CARTESIAN_POINT('Ctrl Pts',(-6.62408135316371,-2.31397829261009,-5.72803742173619));
#5033=CARTESIAN_POINT('Ctrl Pts',(-7.14253002842745,-0.829847601602943,
-5.8394711450872));
#5034=CARTESIAN_POINT('Ctrl Pts',(-7.14253002842629,0.82984760161288,-5.95090486843822));
#5035=CARTESIAN_POINT('Ctrl Pts',(-6.62408135316049,2.31397829261931,-6.06233859178923));
#5036=CARTESIAN_POINT('Ctrl Pts',(-6.49816270632802,-2.26999136070542,-5.86697543522302));
#5037=CARTESIAN_POINT('Ctrl Pts',(-7.00675607454427,-0.814072842583152,
-5.97840915857404));
#5038=CARTESIAN_POINT('Ctrl Pts',(-7.00675607454314,0.814072842592894,-6.08984288192505));
#5039=CARTESIAN_POINT('Ctrl Pts',(-6.49816270632487,2.26999136071446,-6.20127660527607));
#5040=CARTESIAN_POINT('Ctrl Pts',(-6.37224405949234,-2.22600442880075,-6.00591344870986));
#5041=CARTESIAN_POINT('Ctrl Pts',(-6.8709821206611,-0.798298083563354,-6.11734717206088));
#5042=CARTESIAN_POINT('Ctrl Pts',(-6.87098212065999,0.79829808357291,-6.22878089541189));
#5043=CARTESIAN_POINT('Ctrl Pts',(-6.37224405948924,2.22600442880962,-6.3402146187629));
#5044=CARTESIAN_POINT('',(-6.74999999999764,2.35796522452383,-5.92340057830333));
#5045=CARTESIAN_POINT('',(-6.74999999999927,-2.3579652245145,-5.58909940825028));
#5046=CARTESIAN_POINT('Ctrl Pts',(-6.75,2.35796522451303,-5.92340057830158));
#5047=CARTESIAN_POINT('Ctrl Pts',(-6.75,1.98539458628755,-6.02692200722168));
#5048=CARTESIAN_POINT('Ctrl Pts',(-6.75,1.60773111195274,-6.10356217591081));
#5049=CARTESIAN_POINT('Ctrl Pts',(-6.75,1.00365041133696,-6.17268316975331));
#5050=CARTESIAN_POINT('Ctrl Pts',(-6.75,0.783591061819492,-6.18694976776895));
#5051=CARTESIAN_POINT('Ctrl Pts',(-6.75,0.457392616315004,-6.19129649160684));
#5052=CARTESIAN_POINT('Ctrl Pts',(-6.74999999999895,0.352392943029616,-6.19013679460419));
#5053=CARTESIAN_POINT('Ctrl Pts',(-6.74999999999895,0.190597507882855,-6.18440374609006));
#5054=CARTESIAN_POINT('Ctrl Pts',(-6.75,0.133859508328317,-6.18164462300317));
#5055=CARTESIAN_POINT('Ctrl Pts',(-6.75,0.0304951896439946,-6.17526001795007));
#5056=CARTESIAN_POINT('Ctrl Pts',(-6.75,-0.0161206513296212,-6.17187605502182));
#5057=CARTESIAN_POINT('Ctrl Pts',(-6.75,-0.117561511433171,-6.16342069714885));
#5058=CARTESIAN_POINT('Ctrl Pts',(-6.75000000000014,-0.172347655686224,
-6.15815852283655));
#5059=CARTESIAN_POINT('Ctrl Pts',(-6.75000000000014,-0.321011475252961,
-6.14201036587322));
#5060=CARTESIAN_POINT('Ctrl Pts',(-6.74999999999694,-0.414666631976081,
-6.12980784246375));
#5061=CARTESIAN_POINT('Ctrl Pts',(-6.74999999999694,-0.851753381099138,
-6.06360858741371));
#5062=CARTESIAN_POINT('Ctrl Pts',(-6.75000000000001,-1.18934492851789,-5.98564488975213));
#5063=CARTESIAN_POINT('Ctrl Pts',(-6.75000000000001,-1.80559487773822,-5.80121908207194));
#5064=CARTESIAN_POINT('Ctrl Pts',(-6.75,-2.0842806649177,-5.70108993152026));
#5065=CARTESIAN_POINT('Ctrl Pts',(-6.75,-2.35796522451305,-5.58909940824947));
#5066=CARTESIAN_POINT('Ctrl Pts',(-6.74999999999499,2.35796522452376,-5.92340057830363));
#5067=CARTESIAN_POINT('Ctrl Pts',(-7.27830398230824,0.845622360632724,-5.81196685495262));
#5068=CARTESIAN_POINT('Ctrl Pts',(-7.27830398230941,-0.845622360622602,
-5.7005331316016));
#5069=CARTESIAN_POINT('Ctrl Pts',(-6.74999999999827,-2.35796522451437,-5.58909940825059));
#5070=CARTESIAN_POINT('Ctrl Pts',(-3.10563757295398,-6.44030397306442,-5.19847440824948));
#5071=CARTESIAN_POINT('Ctrl Pts',(-4.54859279591038,-5.74448340694737,-5.30990813160044));
#5072=CARTESIAN_POINT('Ctrl Pts',(-5.74448340695459,-4.54859279590126,-5.4213418549514));
#5073=CARTESIAN_POINT('Ctrl Pts',(-6.44030397306935,-3.10563757294375,-5.53277557830236));
#5074=CARTESIAN_POINT('Ctrl Pts',(-3.04770310173199,-6.3201625861757,-5.33741242173631));
#5075=CARTESIAN_POINT('Ctrl Pts',(-4.46374055148555,-5.6373222843736,-5.44884614508728));
#5076=CARTESIAN_POINT('Ctrl Pts',(-5.63732228438068,-4.46374055147659,-5.56027986843824));
#5077=CARTESIAN_POINT('Ctrl Pts',(-6.32016258618054,-3.04770310172195,-5.6717135917892));
#5078=CARTESIAN_POINT('Ctrl Pts',(-2.98976863050999,-6.20002119928698,-5.47635043522315));
#5079=CARTESIAN_POINT('Ctrl Pts',(-4.37888830706071,-5.53016116179983,-5.58778415857411));
#5080=CARTESIAN_POINT('Ctrl Pts',(-5.53016116180678,-4.37888830705193,-5.69921788192507));
#5081=CARTESIAN_POINT('Ctrl Pts',(-6.20002119929173,-2.98976863050015,-5.81065160527603));
#5082=CARTESIAN_POINT('Ctrl Pts',(-2.931834159288,-6.07987981239827,-5.61528844870999));
#5083=CARTESIAN_POINT('Ctrl Pts',(-4.29403606263588,-5.42300003922606,-5.72672217206095));
#5084=CARTESIAN_POINT('Ctrl Pts',(-5.42300003923288,-4.29403606262727,-5.83815589541191));
#5085=CARTESIAN_POINT('Ctrl Pts',(-6.07987981240292,-2.93183415927834,-5.94958961876287));
#5086=CARTESIAN_POINT('',(-6.44030397307018,-3.10563757294497,-5.5327755783033));
#5087=CARTESIAN_POINT('',(-3.10563757295551,-6.44030397306277,-5.19847440825056));
#5088=CARTESIAN_POINT('Ctrl Pts',(-6.44030397306441,-3.10563757295398,-5.53277557830158));
#5089=CARTESIAN_POINT('Ctrl Pts',(-6.17685674830383,-3.36908479771457,-5.63629700722182));
#5090=CARTESIAN_POINT('Ctrl Pts',(-5.909808344595,-3.6361332014234,-5.71293717591095));
#5091=CARTESIAN_POINT('Ctrl Pts',(-5.48265878480573,-4.06328276121267,-5.78205816975334));
#5092=CARTESIAN_POINT('Ctrl Pts',(-5.32705332649852,-4.21888821951987,-5.79632476776898));
#5093=CARTESIAN_POINT('Ctrl Pts',(-5.0963961936699,-4.44954535234849,-5.80067149160684));
#5094=CARTESIAN_POINT('Ctrl Pts',(-5.02215021266677,-4.52379133335013,-5.79951179460419));
#5095=CARTESIAN_POINT('Ctrl Pts',(-4.90774356330966,-4.63819798270724,-5.79377874609005));
#5096=CARTESIAN_POINT('Ctrl Pts',(-4.86762373907455,-4.67831780694385,-5.79101962300319));
#5097=CARTESIAN_POINT('Ctrl Pts',(-4.79453412839994,-4.75140741761846,-5.78463501795006));
#5098=CARTESIAN_POINT('Ctrl Pts',(-4.76157175113677,-4.78436979488163,-5.7812510550218));
#5099=CARTESIAN_POINT('Ctrl Pts',(-4.68984223106822,-4.85609931495017,-5.77279569714884));
#5100=CARTESIAN_POINT('Ctrl Pts',(-4.65110257695195,-4.89483896906664,-5.76753352283655));
#5101=CARTESIAN_POINT('Ctrl Pts',(-4.54598138201914,-4.99996016399946,-5.75138536587321));
#5102=CARTESIAN_POINT('Ctrl Pts',(-4.47975718560481,-5.06618436040925,-5.73918284246372));
#5103=CARTESIAN_POINT('Ctrl Pts',(-4.17069018133328,-5.37525136468078,-5.67298358741371));
#5104=CARTESIAN_POINT('Ctrl Pts',(-3.93197690888442,-5.61396463713397,-5.59501988975216));
#5105=CARTESIAN_POINT('Ctrl Pts',(-3.49622239088471,-6.04971915513368,-5.4105940820719));
#5106=CARTESIAN_POINT('Ctrl Pts',(-3.2991617809497,-6.24677976506869,-5.31046493152015));
#5107=CARTESIAN_POINT('Ctrl Pts',(-3.10563757295398,-6.44030397306441,-5.19847440824948));
#5108=CARTESIAN_POINT('Ctrl Pts',(-6.44030397306816,-3.1056375729432,-5.53277557830372));
#5109=CARTESIAN_POINT('Ctrl Pts',(-5.7444834069538,-4.54859279589988,-5.4213418549528));
#5110=CARTESIAN_POINT('Ctrl Pts',(-4.54859279591048,-5.74448340694539,-5.30990813160189));
#5111=CARTESIAN_POINT('Ctrl Pts',(-3.1056375729551,-6.44030397306243,-5.19847440825097));
#5112=CARTESIAN_POINT('Ctrl Pts',(-2.35796522451305,6.74999999999999,-6.37034940824948));
#5113=CARTESIAN_POINT('Ctrl Pts',(-2.22782254729568,6.79546250475608,-6.37993869083575));
#5114=CARTESIAN_POINT('Ctrl Pts',(-2.09636472522308,6.83716014838216,-6.38952797342203));
#5115=CARTESIAN_POINT('Ctrl Pts',(-1.9638115508529,6.87502321397896,-6.39911725600831));
#5116=CARTESIAN_POINT('Ctrl Pts',(-2.34871081288959,6.72350797297222,-6.3995805801289));
#5117=CARTESIAN_POINT('Ctrl Pts',(-2.21907891246072,6.76879204900168,-6.40916986271518));
#5118=CARTESIAN_POINT('Ctrl Pts',(-2.08813702878446,6.81032604002006,-6.41875914530145));
#5119=CARTESIAN_POINT('Ctrl Pts',(-1.9561040917888,6.84804050274914,-6.42834842788773));
#5120=CARTESIAN_POINT('Ctrl Pts',(-2.33945640126613,6.69701594594445,-6.42881175200832));
#5121=CARTESIAN_POINT('Ctrl Pts',(-2.21033527762575,6.74212159324727,-6.4384010345946));
#5122=CARTESIAN_POINT('Ctrl Pts',(-2.07990933234585,6.78349193165797,-6.44799031718087));
#5123=CARTESIAN_POINT('Ctrl Pts',(-1.9483966327247,6.82105779151931,-6.45757959976715));
#5124=CARTESIAN_POINT('Ctrl Pts',(-2.33020198964267,6.67052391891667,-6.45804292388774));
#5125=CARTESIAN_POINT('Ctrl Pts',(-2.20159164279078,6.71545113749287,-6.46763220647402));
#5126=CARTESIAN_POINT('Ctrl Pts',(-2.07168163590723,6.75665782329587,-6.4772214890603));
#5127=CARTESIAN_POINT('Ctrl Pts',(-1.94068917366061,6.79407508028949,-6.48681077164657));
#5128=CARTESIAN_POINT('',(-2.08883476483185,6.75,-6.47593093847655));
#5129=CARTESIAN_POINT('',(-2.35796522451121,6.74999999999985,-6.37034940825052));
#5130=CARTESIAN_POINT('Ctrl Pts',(-2.08883470998032,6.74999982622338,-6.47593093847667));
#5131=CARTESIAN_POINT('Ctrl Pts',(-2.1790644003631,6.75000027281638,-6.44207744983249));
#5132=CARTESIAN_POINT('Ctrl Pts',(-2.26878129246529,6.75,-6.40684308269038));
#5133=CARTESIAN_POINT('Ctrl Pts',(-2.35796522451305,6.74999999999999,-6.37034940824948));
#5134=CARTESIAN_POINT('',(-1.96381155085411,6.87502321397771,-6.39911725600914));
#5135=CARTESIAN_POINT('Ctrl Pts',(-1.96381155085401,6.8750232139774,-6.39911725600945));
#5136=CARTESIAN_POINT('Ctrl Pts',(-2.09636472522319,6.83716014838086,-6.38952797342324));
#5137=CARTESIAN_POINT('Ctrl Pts',(-2.2278225472948,6.79546250475509,-6.37993869083704));
#5138=CARTESIAN_POINT('Ctrl Pts',(-2.3579652245112,6.74999999999938,-6.37034940825083));
#5139=CARTESIAN_POINT('Ctrl Pts',(-1.96381155085289,6.87502321397895,-6.39911725600831));
#5140=CARTESIAN_POINT('Ctrl Pts',(-2.00531191252557,6.83352285230628,-6.42524222545045));
#5141=CARTESIAN_POINT('Ctrl Pts',(-2.04698726301431,6.79184750181753,-6.45085956757761));
#5142=CARTESIAN_POINT('Ctrl Pts',(-2.08883476483182,6.75000000000002,-6.47593093847654));
#5143=CARTESIAN_POINT('Ctrl Pts',(-1.96381155085285,-6.87502321397897,-5.11338273054274));
#5144=CARTESIAN_POINT('Ctrl Pts',(-2.09636472522305,-6.83716014838217,-5.12297201312902));
#5145=CARTESIAN_POINT('Ctrl Pts',(-2.22782254729566,-6.79546250475609,-5.1325612957153));
#5146=CARTESIAN_POINT('Ctrl Pts',(-2.35796522451304,-6.75,-5.14215057830157));
#5147=CARTESIAN_POINT('Ctrl Pts',(-1.95610409184693,-6.84804050295283,-5.14261390220151));
#5148=CARTESIAN_POINT('Ctrl Pts',(-2.08813702884653,-6.81032604022263,-5.15220318478779));
#5149=CARTESIAN_POINT('Ctrl Pts',(-2.21907891252669,-6.76879204920301,-5.16179246737406));
#5150=CARTESIAN_POINT('Ctrl Pts',(-2.34871081295944,-6.7235079731722,-5.17138174996034));
#5151=CARTESIAN_POINT('Ctrl Pts',(-1.94839663284101,-6.82105779192669,-5.17184507386027));
#5152=CARTESIAN_POINT('Ctrl Pts',(-2.07990933247002,-6.7834919320631,-5.18143435644655));
#5153=CARTESIAN_POINT('Ctrl Pts',(-2.21033527775773,-6.74212159364993,-5.19102363903283));
#5154=CARTESIAN_POINT('Ctrl Pts',(-2.33945640140584,-6.69701594634441,-5.20061292161911));
#5155=CARTESIAN_POINT('Ctrl Pts',(-1.9406891738351,-6.79407508090055,-5.20107624551904));
#5156=CARTESIAN_POINT('Ctrl Pts',(-2.07168163609351,-6.75665782390356,-5.21066552810532));
#5157=CARTESIAN_POINT('Ctrl Pts',(-2.20159164298876,-6.71545113809685,-5.2202548106916));
#5158=CARTESIAN_POINT('Ctrl Pts',(-2.33020198985224,-6.67052391951661,-5.22984409327787));
#5159=CARTESIAN_POINT('',(-2.35796522451081,-6.74999999999991,-5.14215057830236));
#5160=CARTESIAN_POINT('Ctrl Pts',(-2.35796522451304,-6.75,-5.14215057830157));
#5161=CARTESIAN_POINT('Ctrl Pts',(-2.26864577506194,-6.75,-5.16696862913235));
#5162=CARTESIAN_POINT('Ctrl Pts',(-2.17893779934298,-6.7500000306775,-5.19026798745334));
#5163=CARTESIAN_POINT('Ctrl Pts',(-2.08883470998031,-6.74999982622341,-5.21195607796592));
#5164=CARTESIAN_POINT('Ctrl Pts',(-2.35796522451079,-6.74999999999974,-5.14215057830246));
#5165=CARTESIAN_POINT('Ctrl Pts',(-2.22782254729425,-6.7954625047555,-5.13256129571624));
#5166=CARTESIAN_POINT('Ctrl Pts',(-2.09636472522249,-6.83716014838129,-5.12297201313003));
#5167=CARTESIAN_POINT('Ctrl Pts',(-1.96381155085316,-6.87502321397786,-5.11338273054381));
#5168=CARTESIAN_POINT('Ctrl Pts',(6.07987981240123,-2.93183415928184,-6.50041037111951));
#5169=CARTESIAN_POINT('Ctrl Pts',(5.42300003923092,-4.29403606262933,-6.61184409447038));
#5170=CARTESIAN_POINT('Ctrl Pts',(4.29403606263452,-5.42300003922681,-6.72327781782125));
#5171=CARTESIAN_POINT('Ctrl Pts',(2.93183415928766,-6.07987981239843,-6.83471154117213));
#5172=CARTESIAN_POINT('Ctrl Pts',(6.20002119929005,-2.98976863050373,-6.63934838409504));
#5173=CARTESIAN_POINT('Ctrl Pts',(5.53016116180482,-4.37888830705406,-6.75078210744591));
#5174=CARTESIAN_POINT('Ctrl Pts',(4.37888830705936,-5.53016116180063,-6.86221583079679));
#5175=CARTESIAN_POINT('Ctrl Pts',(2.98976863050967,-6.20002119928719,-6.97364955414766));
#5176=CARTESIAN_POINT('Ctrl Pts',(6.32016258617887,-3.04770310172563,-6.77828639707057));
#5177=CARTESIAN_POINT('Ctrl Pts',(5.63732228437872,-4.4637405514788,-6.88972012042144));
#5178=CARTESIAN_POINT('Ctrl Pts',(4.46374055148419,-5.63732228437445,-7.00115384377232));
#5179=CARTESIAN_POINT('Ctrl Pts',(3.04770310173168,-6.32016258617595,-7.11258756712319));
#5180=CARTESIAN_POINT('Ctrl Pts',(6.44030397306769,-3.10563757294752,-6.9172244100461));
#5181=CARTESIAN_POINT('Ctrl Pts',(5.74448340695262,-4.54859279590353,-7.02865813339698));
#5182=CARTESIAN_POINT('Ctrl Pts',(4.54859279590903,-5.74448340694827,-7.14009185674785));
#5183=CARTESIAN_POINT('Ctrl Pts',(3.10563757295369,-6.44030397306471,-7.25152558009873));
#5184=CARTESIAN_POINT('Ctrl Pts',(6.44030397306472,-3.10563757295367,-6.91722441004657));
#5185=CARTESIAN_POINT('Ctrl Pts',(6.17685674826942,-3.36908479774897,-6.81370298158372));
#5186=CARTESIAN_POINT('Ctrl Pts',(5.90980834456377,-3.63613320145462,-6.73706281328126));
#5187=CARTESIAN_POINT('Ctrl Pts',(5.48265878480079,-4.0632827612176,-6.66794181985599));
#5188=CARTESIAN_POINT('Ctrl Pts',(5.32705332649356,-4.21888821952484,-6.65367522195242));
#5189=CARTESIAN_POINT('Ctrl Pts',(5.09639619366996,-4.44954535234843,-6.64932849821846));
#5190=CARTESIAN_POINT('Ctrl Pts',(5.02215021266674,-4.52379133335016,-6.65048819524525));
#5191=CARTESIAN_POINT('Ctrl Pts',(4.90774356330994,-4.63819798270697,-6.65622124378208));
#5192=CARTESIAN_POINT('Ctrl Pts',(4.86762373907482,-4.67831780694357,-6.65898036687417));
#5193=CARTESIAN_POINT('Ctrl Pts',(4.79453412840014,-4.75140741761825,-6.66536497193182));
#5194=CARTESIAN_POINT('Ctrl Pts',(4.76157175113695,-4.78436979488144,-6.66874893486027));
#5195=CARTESIAN_POINT('Ctrl Pts',(4.68984223106852,-4.85609931494987,-6.6772042927296));
#5196=CARTESIAN_POINT('Ctrl Pts',(4.65110257695229,-4.8948389690663,-6.68246646703736));
#5197=CARTESIAN_POINT('Ctrl Pts',(4.54598138202009,-4.99996016399851,-6.69861462398145));
#5198=CARTESIAN_POINT('Ctrl Pts',(4.47975718560577,-5.0661843604083,-6.7108171473713));
#5199=CARTESIAN_POINT('Ctrl Pts',(4.17069018135536,-5.3752513646587,-6.77701640229101));
#5200=CARTESIAN_POINT('Ctrl Pts',(3.93197690890762,-5.61396463711079,-6.85498009975047));
#5201=CARTESIAN_POINT('Ctrl Pts',(3.49622239090507,-6.04971915511334,-7.03940590691217));
#5202=CARTESIAN_POINT('Ctrl Pts',(3.2991617809714,-6.24677976504699,-7.13953505716134));
#5203=CARTESIAN_POINT('Ctrl Pts',(3.10563757295368,-6.44030397306471,-7.25152558009872));
#5204=CARTESIAN_POINT('Ctrl Pts',(6.37224405949041,2.22600442880625,-6.10978537111945));
#5205=CARTESIAN_POINT('Ctrl Pts',(6.87098212066041,0.798298083569294,-6.22121909447046));
#5206=CARTESIAN_POINT('Ctrl Pts',(6.87098212066068,-0.798298083566952,-6.33265281782148));
#5207=CARTESIAN_POINT('Ctrl Pts',(6.37224405949117,-2.22600442880408,-6.44408654117249));
#5208=CARTESIAN_POINT('Ctrl Pts',(6.49816270632611,2.26999136071105,-6.24872338409498));
#5209=CARTESIAN_POINT('Ctrl Pts',(7.00675607454361,0.814072842589213,-6.360157107446));
#5210=CARTESIAN_POINT('Ctrl Pts',(7.00675607454389,-0.814072842586825,-6.47159083079701));
#5211=CARTESIAN_POINT('Ctrl Pts',(6.49816270632688,-2.26999136070883,-6.58302455414802));
#5212=CARTESIAN_POINT('Ctrl Pts',(6.6240813531618,2.31397829261584,-6.38766139707051));
#5213=CARTESIAN_POINT('Ctrl Pts',(7.14253002842682,0.829847601609133,-6.49909512042153));
#5214=CARTESIAN_POINT('Ctrl Pts',(7.1425300284271,-0.829847601606698,-6.61052884377254));
#5215=CARTESIAN_POINT('Ctrl Pts',(6.62408135316259,-2.31397829261359,-6.72196256712355));
#5216=CARTESIAN_POINT('Ctrl Pts',(6.74999999999749,2.35796522452064,-6.52659941004604));
#5217=CARTESIAN_POINT('Ctrl Pts',(7.27830398231003,0.845622360629051,-6.63803313339706));
#5218=CARTESIAN_POINT('Ctrl Pts',(7.27830398231032,-0.84562236062657,-6.74946685674807));
#5219=CARTESIAN_POINT('Ctrl Pts',(6.74999999999829,-2.35796522451834,-6.86090058009909));
#5220=CARTESIAN_POINT('Ctrl Pts',(6.75,2.35796522451345,-6.52659941004657));
#5221=CARTESIAN_POINT('Ctrl Pts',(6.75,1.98539458623844,-6.42307798158374));
#5222=CARTESIAN_POINT('Ctrl Pts',(6.75,1.60773111190784,-6.34643781328127));
#5223=CARTESIAN_POINT('Ctrl Pts',(6.75,1.00365041132932,-6.27731681985599));
#5224=CARTESIAN_POINT('Ctrl Pts',(6.75,0.783591061811935,-6.26305022195242));
#5225=CARTESIAN_POINT('Ctrl Pts',(6.75,0.457392616314768,-6.25870349821846));
#5226=CARTESIAN_POINT('Ctrl Pts',(6.74999999999895,0.35239294302933,-6.25986319524525));
#5227=CARTESIAN_POINT('Ctrl Pts',(6.74999999999895,0.19059750788316,-6.26559624378208));
#5228=CARTESIAN_POINT('Ctrl Pts',(6.75,0.13385950832872,-6.26835536687417));
#5229=CARTESIAN_POINT('Ctrl Pts',(6.75,0.0304951896441052,-6.27473997193183));
#5230=CARTESIAN_POINT('Ctrl Pts',(6.75,-0.0161206513295911,-6.27812393486027));
#5231=CARTESIAN_POINT('Ctrl Pts',(6.75,-0.117561511432931,-6.28657929272961));
#5232=CARTESIAN_POINT('Ctrl Pts',(6.75000000000014,-0.172347655686017,-6.29184146703739));
#5233=CARTESIAN_POINT('Ctrl Pts',(6.75000000000014,-0.321011475251714,-6.30798962398145));
#5234=CARTESIAN_POINT('Ctrl Pts',(6.74999999999694,-0.414666631974839,-6.32019214737128));
#5235=CARTESIAN_POINT('Ctrl Pts',(6.74999999999694,-0.851753381067832,-6.386391402291));
#5236=CARTESIAN_POINT('Ctrl Pts',(6.75000000000001,-1.1893449284849,-6.46435509975042));
#5237=CARTESIAN_POINT('Ctrl Pts',(6.75000000000001,-1.80559487770958,-6.64878090691216));
#5238=CARTESIAN_POINT('Ctrl Pts',(6.75,-2.08428066488722,-6.74891005716131));
#5239=CARTESIAN_POINT('Ctrl Pts',(6.75,-2.35796522451347,-6.86090058009873));
#5240=CARTESIAN_POINT('Ctrl Pts',(2.93183415928632,6.07987981239907,-5.71916037111987));
#5241=CARTESIAN_POINT('Ctrl Pts',(4.29403606263307,5.42300003922788,-5.83059409447073));
#5242=CARTESIAN_POINT('Ctrl Pts',(5.42300003922955,4.29403606263095,-5.94202781782158));
#5243=CARTESIAN_POINT('Ctrl Pts',(6.07987981240022,2.93183415928395,-6.05346154117244));
#5244=CARTESIAN_POINT('Ctrl Pts',(2.98976863050831,6.20002119928785,-5.8580983840954));
#5245=CARTESIAN_POINT('Ctrl Pts',(4.37888830705788,5.53016116180172,-5.96953210744626));
#5246=CARTESIAN_POINT('Ctrl Pts',(5.53016116180343,4.37888830705572,-6.08096583079711));
#5247=CARTESIAN_POINT('Ctrl Pts',(6.20002119928902,2.98976863050588,-6.19239955414797));
#5248=CARTESIAN_POINT('Ctrl Pts',(3.04770310173029,6.32016258617662,-5.99703639707093));
#5249=CARTESIAN_POINT('Ctrl Pts',(4.46374055148269,5.63732228437556,-6.10847012042179));
#5250=CARTESIAN_POINT('Ctrl Pts',(5.6373222843773,4.46374055148048,-6.21990384377264));
#5251=CARTESIAN_POINT('Ctrl Pts',(6.32016258617781,3.04770310172782,-6.3313375671235));
#5252=CARTESIAN_POINT('Ctrl Pts',(3.10563757295227,6.4403039730654,-6.13597441004647));
#5253=CARTESIAN_POINT('Ctrl Pts',(4.5485927959075,5.7444834069494,-6.24740813339732));
#5254=CARTESIAN_POINT('Ctrl Pts',(5.74448340695118,4.54859279590525,-6.35884185674817));
#5255=CARTESIAN_POINT('Ctrl Pts',(6.44030397306661,3.10563757294975,-6.47027558009903));
#5256=CARTESIAN_POINT('Ctrl Pts',(3.10563757295368,6.44030397306472,-6.13597441004657));
#5257=CARTESIAN_POINT('Ctrl Pts',(3.36908479774902,6.17685674826937,-6.03245298158371));
#5258=CARTESIAN_POINT('Ctrl Pts',(3.63613320145471,5.90980834456369,-5.95581281328124));
#5259=CARTESIAN_POINT('Ctrl Pts',(4.0632827612177,5.48265878480069,-5.88669181985598));
#5260=CARTESIAN_POINT('Ctrl Pts',(4.21888821952491,5.32705332649348,-5.87242522195242));
#5261=CARTESIAN_POINT('Ctrl Pts',(4.44954535234841,5.09639619366999,-5.86807849821847));
#5262=CARTESIAN_POINT('Ctrl Pts',(4.52379133335017,5.02215021266674,-5.86923819524525));
#5263=CARTESIAN_POINT('Ctrl Pts',(4.63819798270703,4.90774356330988,-5.87497124378208));
#5264=CARTESIAN_POINT('Ctrl Pts',(4.67831780694367,4.86762373907473,-5.87773036687417));
#5265=CARTESIAN_POINT('Ctrl Pts',(4.75140741761828,4.79453412840011,-5.88411497193183));
#5266=CARTESIAN_POINT('Ctrl Pts',(4.78436979488148,4.76157175113692,-5.88749893486027));
#5267=CARTESIAN_POINT('Ctrl Pts',(4.85609931495006,4.68984223106833,-5.89595429272962));
#5268=CARTESIAN_POINT('Ctrl Pts',(4.89483896906667,4.65110257695193,-5.90121646703742));
#5269=CARTESIAN_POINT('Ctrl Pts',(4.99996016399846,4.54598138202014,-5.91736462398145));
#5270=CARTESIAN_POINT('Ctrl Pts',(5.06618436040818,4.47975718560588,-5.92956714737127));
#5271=CARTESIAN_POINT('Ctrl Pts',(5.37525136465866,4.17069018135541,-5.995766402291));
#5272=CARTESIAN_POINT('Ctrl Pts',(5.61396463711064,3.93197690890775,-6.07373009975039));
#5273=CARTESIAN_POINT('Ctrl Pts',(6.0497191551134,3.49622239090499,-6.25815590691218));
#5274=CARTESIAN_POINT('Ctrl Pts',(6.24677976504708,3.29916178097131,-6.35828505716139));
#5275=CARTESIAN_POINT('Ctrl Pts',(6.44030397306473,3.10563757295366,-6.47027558009873));
#5276=CARTESIAN_POINT('Ctrl Pts',(1.94068917366034,6.79407508028957,-5.96318921702419));
#5277=CARTESIAN_POINT('Ctrl Pts',(2.07168163590717,6.75665782329589,-5.97277849961048));
#5278=CARTESIAN_POINT('Ctrl Pts',(2.20159164279093,6.71545113749282,-5.98236778219677));
#5279=CARTESIAN_POINT('Ctrl Pts',(2.33020198964303,6.67052391891655,-5.99195706478307));
#5280=CARTESIAN_POINT('Ctrl Pts',(1.94839663272445,6.82105779151943,-5.99242038879608));
#5281=CARTESIAN_POINT('Ctrl Pts',(2.0799093323458,6.78349193165803,-6.00200967138237));
#5282=CARTESIAN_POINT('Ctrl Pts',(2.21033527762592,6.74212159324727,-6.01159895396866));
#5283=CARTESIAN_POINT('Ctrl Pts',(2.33945640126651,6.69701594594437,-6.02118823655495));
#5284=CARTESIAN_POINT('Ctrl Pts',(1.95610409178856,6.8480405027493,-6.02165156056796));
#5285=CARTESIAN_POINT('Ctrl Pts',(2.08813702878443,6.81032604002017,-6.03124084315426));
#5286=CARTESIAN_POINT('Ctrl Pts',(2.2190789124609,6.76879204900172,-6.04083012574055));
#5287=CARTESIAN_POINT('Ctrl Pts',(2.34871081288998,6.72350797297218,-6.05041940832684));
#5288=CARTESIAN_POINT('Ctrl Pts',(1.96381155085266,6.87502321397917,-6.05088273233985));
#5289=CARTESIAN_POINT('Ctrl Pts',(2.09636472522307,6.83716014838231,-6.06047201492614));
#5290=CARTESIAN_POINT('Ctrl Pts',(2.22782254729588,6.79546250475617,-6.07006129751243));
#5291=CARTESIAN_POINT('Ctrl Pts',(2.35796522451346,6.75,-6.07965058009872));
#5292=CARTESIAN_POINT('',(2.08883476483185,6.75,-5.97406905019423));
#5293=CARTESIAN_POINT('Ctrl Pts',(2.08883470998026,6.74999982622339,-5.97406905019411));
#5294=CARTESIAN_POINT('Ctrl Pts',(2.17906440035991,6.75000027281639,-6.00792253873484));
#5295=CARTESIAN_POINT('Ctrl Pts',(2.26878129246216,6.75,-6.04315690576913));
#5296=CARTESIAN_POINT('Ctrl Pts',(2.35796522451346,6.75,-6.07965058009872));
#5297=CARTESIAN_POINT('Ctrl Pts',(1.96381155085267,6.87502321397917,-6.05088273233986));
#5298=CARTESIAN_POINT('Ctrl Pts',(2.00531191252695,6.83352285230488,-6.02475776300598));
#5299=CARTESIAN_POINT('Ctrl Pts',(2.04698726301578,6.79184750181606,-5.99914042098646));
#5300=CARTESIAN_POINT('Ctrl Pts',(2.08883476483184,6.75,-5.97406905019423));
#5301=CARTESIAN_POINT('Ctrl Pts',(2.33020198985263,-6.67052391951648,-7.22015589539288));
#5302=CARTESIAN_POINT('Ctrl Pts',(2.20159164298895,-6.7154511380968,-7.22974517797917));
#5303=CARTESIAN_POINT('Ctrl Pts',(2.0716816360935,-6.75665782390357,-7.23933446056547));
#5304=CARTESIAN_POINT('Ctrl Pts',(1.94068917383488,-6.79407508090061,-7.24892374315176));
#5305=CARTESIAN_POINT('Ctrl Pts',(2.33945640140624,-6.69701594634431,-7.24938706694411));
#5306=CARTESIAN_POINT('Ctrl Pts',(2.21033527775793,-6.74212159364992,-7.2589763495304));
#5307=CARTESIAN_POINT('Ctrl Pts',(2.07990933247003,-6.78349193206315,-7.2685656321167));
#5308=CARTESIAN_POINT('Ctrl Pts',(1.94839663284081,-6.8210577919268,-7.27815491470299));
#5309=CARTESIAN_POINT('Ctrl Pts',(2.34871081295986,-6.72350797317215,-7.27861823849534));
#5310=CARTESIAN_POINT('Ctrl Pts',(2.21907891252691,-6.76879204920304,-7.28820752108163));
#5311=CARTESIAN_POINT('Ctrl Pts',(2.08813702884655,-6.81032604022273,-7.29779680366793));
#5312=CARTESIAN_POINT('Ctrl Pts',(1.95610409184674,-6.84804050295298,-7.30738608625422));
#5313=CARTESIAN_POINT('Ctrl Pts',(2.35796522451348,-6.74999999999999,-7.30784941004657));
#5314=CARTESIAN_POINT('Ctrl Pts',(2.2278225472959,-6.79546250475616,-7.31743869263286));
#5315=CARTESIAN_POINT('Ctrl Pts',(2.09636472522308,-6.83716014838231,-7.32702797521916));
#5316=CARTESIAN_POINT('Ctrl Pts',(1.96381155085266,-6.87502321397917,-7.33661725780545));
#5317=CARTESIAN_POINT('Ctrl Pts',(2.35796522451348,-6.74999999999999,-7.30784941004657));
#5318=CARTESIAN_POINT('Ctrl Pts',(2.26864577505901,-6.74999999999999,-7.28303135932779));
#5319=CARTESIAN_POINT('Ctrl Pts',(2.17893779934,-6.75000003067749,-7.25973200111459));
#5320=CARTESIAN_POINT('Ctrl Pts',(2.08883470998032,-6.74999982622341,-7.23804391070486));
#5321=CARTESIAN_POINT('Origin',(0.,0.,0.));
#5322=CARTESIAN_POINT('',(-6.74999999999769,-2.35796522452353,-4.96409941004473));
#5323=CARTESIAN_POINT('',(-6.75,-2.35796522451032,0.));
#5324=CARTESIAN_POINT('',(-6.7499999999992,2.35796522451488,-5.29840058009778));
#5325=CARTESIAN_POINT('Ctrl Pts',(-6.74999999999391,-2.35796522452202,-4.96409941004282));
#5326=CARTESIAN_POINT('Ctrl Pts',(-7.27830398230668,-0.845622360631447,
-5.07553313339382));
#5327=CARTESIAN_POINT('Ctrl Pts',(-7.27830398230764,0.845622360623209,-5.18696685674482));
#5328=CARTESIAN_POINT('Ctrl Pts',(-6.74999999999658,2.35796522451438,-5.29840058009582));
#5329=CARTESIAN_POINT('',(-6.75,2.35796522451032,0.));
#5330=CARTESIAN_POINT('Origin',(0.,0.,0.));
#5331=CARTESIAN_POINT('',(-3.10563757294901,-6.44030397306734,-4.57347441004509));
#5332=CARTESIAN_POINT('',(-3.10563757295589,-6.4403039730625,0.));
#5333=CARTESIAN_POINT('',(-6.44030397306478,-3.10563757295265,-4.90777558009773));
#5334=CARTESIAN_POINT('Ctrl Pts',(-3.1056375729478,-6.44030397306459,-4.57347441004343));
#5335=CARTESIAN_POINT('Ctrl Pts',(-4.54859279590303,-5.74448340694951,-4.6849081333943));
#5336=CARTESIAN_POINT('Ctrl Pts',(-5.744483406947,-4.54859279590619,-4.79634185674517));
#5337=CARTESIAN_POINT('Ctrl Pts',(-6.44030397306288,-3.10563757295135,-4.90777558009604));
#5338=CARTESIAN_POINT('',(-6.4403039730625,-3.1056375729559,0.));
#5339=CARTESIAN_POINT('Origin',(0.,0.,0.));
#5340=CARTESIAN_POINT('',(-2.35796522451077,6.74999999999992,-5.74534941004567));
#5341=CARTESIAN_POINT('',(-2.35796522451032,6.75,0.));
#5342=CARTESIAN_POINT('',(-1.96381155085353,6.87502321397803,-5.7741172578043));
#5343=CARTESIAN_POINT('Ctrl Pts',(-2.35796522451076,6.74999999999979,-5.74534941004561));
#5344=CARTESIAN_POINT('Ctrl Pts',(-2.22782254729425,6.79546250475553,-5.75493869263182));
#5345=CARTESIAN_POINT('Ctrl Pts',(-2.09636472522256,6.83716014838131,-5.76452797521804));
#5346=CARTESIAN_POINT('Ctrl Pts',(-1.96381155085326,6.87502321397787,-5.77411725780425));
#5347=CARTESIAN_POINT('',(-1.96381155085419,6.87502321397766,0.));
#5348=CARTESIAN_POINT('Origin',(0.,0.,0.));
#5349=CARTESIAN_POINT('',(-2.35796522451123,-6.74999999999984,-4.51715058009751));
#5350=CARTESIAN_POINT('',(-2.35796522451033,-6.75,0.));
#5351=CARTESIAN_POINT('Ctrl Pts',(-1.96381155085409,-6.87502321397729,-4.4883827323385));
#5352=CARTESIAN_POINT('Ctrl Pts',(-2.09636472522324,-6.83716014838076,-4.49797201492471));
#5353=CARTESIAN_POINT('Ctrl Pts',(-2.2278225472948,-6.795462504755,-4.50756129751091));
#5354=CARTESIAN_POINT('Ctrl Pts',(-2.35796522451116,-6.7499999999993,-4.51715058009711));
#5355=CARTESIAN_POINT('Ctrl Pts',(-6.07987981240243,2.93183415927937,-4.9379103711193));
#5356=CARTESIAN_POINT('Ctrl Pts',(-5.42300003923227,4.29403606262794,-5.04934409447024));
#5357=CARTESIAN_POINT('Ctrl Pts',(-4.29403606263534,5.42300003922641,-5.16077781782118));
#5358=CARTESIAN_POINT('Ctrl Pts',(-2.93183415928767,6.07987981239842,-5.27221154117213));
#5359=CARTESIAN_POINT('Ctrl Pts',(-6.20002119929127,2.98976863050121,-5.07684838409483));
#5360=CARTESIAN_POINT('Ctrl Pts',(-5.5301611618062,4.37888830705264,-5.18828210744578));
#5361=CARTESIAN_POINT('Ctrl Pts',(-4.3788883070602,5.53016116180022,-5.29971583079672));
#5362=CARTESIAN_POINT('Ctrl Pts',(-2.98976863050968,6.20002119928718,-5.41114955414766));
#5363=CARTESIAN_POINT('Ctrl Pts',(-6.32016258618011,3.04770310172306,-5.21578639707037));
#5364=CARTESIAN_POINT('Ctrl Pts',(-5.63732228438013,4.46374055147735,-5.32722012042131));
#5365=CARTESIAN_POINT('Ctrl Pts',(-4.46374055148505,5.63732228437403,-5.43865384377225));
#5366=CARTESIAN_POINT('Ctrl Pts',(-3.04770310173169,6.32016258617595,-5.55008756712319));
#5367=CARTESIAN_POINT('Ctrl Pts',(-6.44030397306895,3.1056375729449,-5.3547244100459));
#5368=CARTESIAN_POINT('Ctrl Pts',(-5.74448340695406,4.54859279590206,-5.46615813339684));
#5369=CARTESIAN_POINT('Ctrl Pts',(-4.5485927959099,5.74448340694784,-5.57759185674778));
#5370=CARTESIAN_POINT('Ctrl Pts',(-3.1056375729537,6.44030397306471,-5.68902558009872));
#5371=CARTESIAN_POINT('Ctrl Pts',(-6.4403039730647,3.1056375729537,-5.35472441004656));
#5372=CARTESIAN_POINT('Ctrl Pts',(-6.17685674826949,3.3690847977489,-5.25120298158375));
#5373=CARTESIAN_POINT('Ctrl Pts',(-5.90980834456375,3.63613320145464,-5.17456281328125));
#5374=CARTESIAN_POINT('Ctrl Pts',(-5.48265878480072,4.06328276121767,-5.10544181985598));
#5375=CARTESIAN_POINT('Ctrl Pts',(-5.3270533264935,4.21888821952489,-5.09117522195241));
#5376=CARTESIAN_POINT('Ctrl Pts',(-5.09639619366992,4.44954535234847,-5.08682849821846));
#5377=CARTESIAN_POINT('Ctrl Pts',(-5.02215021266671,4.5237913333502,-5.08798819524525));
#5378=CARTESIAN_POINT('Ctrl Pts',(-4.90774356330985,4.63819798270706,-5.09372124378208));
#5379=CARTESIAN_POINT('Ctrl Pts',(-4.86762373907467,4.67831780694373,-5.09648036687418));
#5380=CARTESIAN_POINT('Ctrl Pts',(-4.79453412840015,4.75140741761824,-5.10286497193182));
#5381=CARTESIAN_POINT('Ctrl Pts',(-4.76157175113699,4.7843697948814,-5.10624893486026));
#5382=CARTESIAN_POINT('Ctrl Pts',(-4.68984223106845,4.85609931494994,-5.11470429272961));
#5383=CARTESIAN_POINT('Ctrl Pts',(-4.65110257695218,4.89483896906642,-5.11996646703738));
#5384=CARTESIAN_POINT('Ctrl Pts',(-4.54598138202008,4.99996016399852,-5.13611462398145));
#5385=CARTESIAN_POINT('Ctrl Pts',(-4.47975718560576,5.06618436040831,-5.1483171473713));
#5386=CARTESIAN_POINT('Ctrl Pts',(-4.17069018135541,5.37525136465866,-5.214516402291));
#5387=CARTESIAN_POINT('Ctrl Pts',(-3.93197690890773,5.61396463711066,-5.2924800997504));
#5388=CARTESIAN_POINT('Ctrl Pts',(-3.49622239090494,6.04971915511345,-5.47690590691221));
#5389=CARTESIAN_POINT('Ctrl Pts',(-3.29916178097119,6.2467797650472,-5.57703505716146));
#5390=CARTESIAN_POINT('Ctrl Pts',(-3.10563757295369,6.4403039730647,-5.68902558009872));
#5391=CARTESIAN_POINT('Ctrl Pts',(-6.37224405948959,-2.22600442880861,-4.54728537111927));
#5392=CARTESIAN_POINT('Ctrl Pts',(-6.87098212066006,-0.798298083571989,
-4.65871909447027));
#5393=CARTESIAN_POINT('Ctrl Pts',(-6.87098212066098,0.798298083564059,-4.77015281782127));
#5394=CARTESIAN_POINT('Ctrl Pts',(-6.37224405949216,2.22600442880125,-4.88158654117227));
#5395=CARTESIAN_POINT('Ctrl Pts',(-6.49816270632527,-2.26999136071345,-4.6862233840948));
#5396=CARTESIAN_POINT('Ctrl Pts',(-7.00675607454326,-0.814072842591963,
-4.7976571074458));
#5397=CARTESIAN_POINT('Ctrl Pts',(-7.0067560745442,0.814072842583876,-4.9090908307968));
#5398=CARTESIAN_POINT('Ctrl Pts',(-6.49816270632789,2.26999136070595,-5.0205245541478));
#5399=CARTESIAN_POINT('Ctrl Pts',(-6.62408135316094,-2.31397829261829,-4.82516139707033));
#5400=CARTESIAN_POINT('Ctrl Pts',(-7.14253002842646,-0.829847601611931,
-4.93659512042133));
#5401=CARTESIAN_POINT('Ctrl Pts',(-7.14253002842742,0.829847601603688,-5.04802884377233));
#5402=CARTESIAN_POINT('Ctrl Pts',(-6.62408135316362,2.31397829261064,-5.15946256712333));
#5403=CARTESIAN_POINT('Ctrl Pts',(-6.74999999999662,-2.35796522452313,-4.96409941004586));
#5404=CARTESIAN_POINT('Ctrl Pts',(-7.27830398230966,-0.845622360631905,
-5.07553313339686));
#5405=CARTESIAN_POINT('Ctrl Pts',(-7.27830398231064,0.845622360623505,-5.18696685674786));
#5406=CARTESIAN_POINT('Ctrl Pts',(-6.74999999999934,2.35796522451534,-5.29840058009886));
#5407=CARTESIAN_POINT('Ctrl Pts',(-6.75,-2.35796522451347,-4.96409941004658));
#5408=CARTESIAN_POINT('Ctrl Pts',(-6.75,-1.9853945862384,-4.86057798158373));
#5409=CARTESIAN_POINT('Ctrl Pts',(-6.75,-1.60773111190783,-4.78393781328127));
#5410=CARTESIAN_POINT('Ctrl Pts',(-6.75,-1.00365041132927,-4.71481681985598));
#5411=CARTESIAN_POINT('Ctrl Pts',(-6.75,-0.78359106181191,-4.70055022195242));
#5412=CARTESIAN_POINT('Ctrl Pts',(-6.75,-0.457392616314698,-4.69620349821846));
#5413=CARTESIAN_POINT('Ctrl Pts',(-6.74999999999895,-0.352392943029295,
-4.69736319524525));
#5414=CARTESIAN_POINT('Ctrl Pts',(-6.74999999999895,-0.19059750788318,-4.70309624378208));
#5415=CARTESIAN_POINT('Ctrl Pts',(-6.75,-0.133859508328761,-4.70585536687417));
#5416=CARTESIAN_POINT('Ctrl Pts',(-6.75,-0.0304951896441039,-4.71223997193183));
#5417=CARTESIAN_POINT('Ctrl Pts',(-6.75,0.016120651329593,-4.71562393486027));
#5418=CARTESIAN_POINT('Ctrl Pts',(-6.75,0.117561511432871,-4.72407929272961));
#5419=CARTESIAN_POINT('Ctrl Pts',(-6.75000000000015,0.172347655685895,-4.72934146703737));
#5420=CARTESIAN_POINT('Ctrl Pts',(-6.75000000000015,0.321011475251766,-4.74548962398145));
#5421=CARTESIAN_POINT('Ctrl Pts',(-6.74999999999694,0.414666631974956,-4.7576921473713));
#5422=CARTESIAN_POINT('Ctrl Pts',(-6.74999999999694,0.851753381067803,-4.823891402291));
#5423=CARTESIAN_POINT('Ctrl Pts',(-6.75,1.18934492848482,-4.9018550997504));
#5424=CARTESIAN_POINT('Ctrl Pts',(-6.75,1.80559487770971,-5.0862809069122));
#5425=CARTESIAN_POINT('Ctrl Pts',(-6.75,2.08428066488752,-5.18641005716144));
#5426=CARTESIAN_POINT('Ctrl Pts',(-6.75,2.35796522451343,-5.29840058009872));
#5427=CARTESIAN_POINT('Ctrl Pts',(-2.93183415928311,-6.07987981240063,-4.15666037111961));
#5428=CARTESIAN_POINT('Ctrl Pts',(-4.2940360626304,-5.42300003923005,-4.26809409447048));
#5429=CARTESIAN_POINT('Ctrl Pts',(-5.42300003922762,-4.29403606263347,-4.37952781782135));
#5430=CARTESIAN_POINT('Ctrl Pts',(-6.07987981239897,-2.93183415928655,-4.49096154117222));
#5431=CARTESIAN_POINT('Ctrl Pts',(-2.98976863050503,-6.20002119928943,-4.29559838409514));
#5432=CARTESIAN_POINT('Ctrl Pts',(-4.37888830705515,-5.53016116180394,-4.40703210744601));
#5433=CARTESIAN_POINT('Ctrl Pts',(-5.53016116180146,-4.37888830705829,-4.51846583079688));
#5434=CARTESIAN_POINT('Ctrl Pts',(-6.20002119928774,-2.98976863050854,-4.62989955414775));
#5435=CARTESIAN_POINT('Ctrl Pts',(-3.04770310172694,-6.32016258617824,-4.43453639707067));
#5436=CARTESIAN_POINT('Ctrl Pts',(-4.46374055147991,-5.63732228437782,-4.54597012042154));
#5437=CARTESIAN_POINT('Ctrl Pts',(-5.63732228437529,-4.4637405514831,-4.65740384377241));
#5438=CARTESIAN_POINT('Ctrl Pts',(-6.32016258617651,-3.04770310173052,-4.76883756712328));
#5439=CARTESIAN_POINT('Ctrl Pts',(-3.10563757294886,-6.44030397306704,-4.5734744100462));
#5440=CARTESIAN_POINT('Ctrl Pts',(-4.54859279590467,-5.74448340695171,-4.68490813339707));
#5441=CARTESIAN_POINT('Ctrl Pts',(-5.74448340694913,-4.54859279590792,-4.79634185674794));
#5442=CARTESIAN_POINT('Ctrl Pts',(-6.44030397306528,-3.10563757295251,-4.90777558009881));
#5443=CARTESIAN_POINT('Ctrl Pts',(-3.10563757295366,-6.44030397306473,-4.57347441004658));
#5444=CARTESIAN_POINT('Ctrl Pts',(-3.36908479774891,-6.17685674826948,-4.46995298158374));
#5445=CARTESIAN_POINT('Ctrl Pts',(-3.63613320145443,-5.90980834456396,-4.39331281328132));
#5446=CARTESIAN_POINT('Ctrl Pts',(-4.06328276121735,-5.48265878480105,-4.32419181985601));
#5447=CARTESIAN_POINT('Ctrl Pts',(-4.21888821952465,-5.32705332649375,-4.30992522195243));
#5448=CARTESIAN_POINT('Ctrl Pts',(-4.44954535234826,-5.09639619367014,-4.30557849821846));
#5449=CARTESIAN_POINT('Ctrl Pts',(-4.52379133335005,-5.02215021266685,-4.30673819524524));
#5450=CARTESIAN_POINT('Ctrl Pts',(-4.63819798270702,-4.90774356330989,-4.31247124378208));
#5451=CARTESIAN_POINT('Ctrl Pts',(-4.67831780694372,-4.86762373907467,-4.31523036687418));
#5452=CARTESIAN_POINT('Ctrl Pts',(-4.75140741761828,-4.79453412840011,-4.32161497193182));
#5453=CARTESIAN_POINT('Ctrl Pts',(-4.78436979488152,-4.76157175113687,-4.32499893486028));
#5454=CARTESIAN_POINT('Ctrl Pts',(-4.85609931494993,-4.68984223106846,-4.33345429272961));
#5455=CARTESIAN_POINT('Ctrl Pts',(-4.89483896906644,-4.65110257695216,-4.33871646703738));
#5456=CARTESIAN_POINT('Ctrl Pts',(-4.99996016399849,-4.54598138202011,-4.35486462398145));
#5457=CARTESIAN_POINT('Ctrl Pts',(-5.06618436040826,-4.4797571856058,-4.36706714737129));
#5458=CARTESIAN_POINT('Ctrl Pts',(-5.37525136465865,-4.17069018135541,-4.433266402291));
#5459=CARTESIAN_POINT('Ctrl Pts',(-5.61396463711067,-3.93197690890773,-4.51123009975041));
#5460=CARTESIAN_POINT('Ctrl Pts',(-6.04971915511341,-3.49622239090499,-4.69565590691219));
#5461=CARTESIAN_POINT('Ctrl Pts',(-6.24677976504714,-3.29916178097126,-4.79578505716142));
#5462=CARTESIAN_POINT('Ctrl Pts',(-6.44030397306471,-3.10563757295368,-4.90777558009872));
#5463=CARTESIAN_POINT('Ctrl Pts',(-1.94068917366035,-6.79407508028956,-4.40068921702419));
#5464=CARTESIAN_POINT('Ctrl Pts',(-2.07168163590718,-6.75665782329588,-4.41027849961048));
#5465=CARTESIAN_POINT('Ctrl Pts',(-2.20159164279093,-6.71545113749282,-4.41986778219677));
#5466=CARTESIAN_POINT('Ctrl Pts',(-2.33020198964303,-6.67052391891655,-4.42945706478306));
#5467=CARTESIAN_POINT('Ctrl Pts',(-1.94839663272446,-6.82105779151943,-4.42992038879607));
#5468=CARTESIAN_POINT('Ctrl Pts',(-2.07990933234581,-6.78349193165803,-4.43950967138237));
#5469=CARTESIAN_POINT('Ctrl Pts',(-2.21033527762592,-6.74212159324727,-4.44909895396866));
#5470=CARTESIAN_POINT('Ctrl Pts',(-2.33945640126651,-6.69701594594437,-4.45868823655495));
#5471=CARTESIAN_POINT('Ctrl Pts',(-1.95610409178857,-6.8480405027493,-4.45915156056796));
#5472=CARTESIAN_POINT('Ctrl Pts',(-2.08813702878445,-6.81032604002017,-4.46874084315425));
#5473=CARTESIAN_POINT('Ctrl Pts',(-2.2190789124609,-6.76879204900172,-4.47833012574054));
#5474=CARTESIAN_POINT('Ctrl Pts',(-2.34871081288998,-6.72350797297218,-4.48791940832684));
#5475=CARTESIAN_POINT('Ctrl Pts',(-1.96381155085268,-6.87502321397916,-4.48838273233985));
#5476=CARTESIAN_POINT('Ctrl Pts',(-2.09636472522308,-6.83716014838231,-4.49797201492614));
#5477=CARTESIAN_POINT('Ctrl Pts',(-2.22782254729588,-6.79546250475617,-4.50756129751243));
#5478=CARTESIAN_POINT('Ctrl Pts',(-2.35796522451346,-6.75,-4.51715058009872));
#5479=CARTESIAN_POINT('Ctrl Pts',(-2.08883470998029,-6.74999982622338,-4.41156905019411));
#5480=CARTESIAN_POINT('Ctrl Pts',(-2.17906440036008,-6.75000027281639,-4.4454225387349));
#5481=CARTESIAN_POINT('Ctrl Pts',(-2.26878129246236,-6.75,-4.48065690576921));
#5482=CARTESIAN_POINT('Ctrl Pts',(-2.35796522451346,-6.75,-4.51715058009872));
#5483=CARTESIAN_POINT('Ctrl Pts',(-2.33020198985257,6.6705239195165,-5.65765589539288));
#5484=CARTESIAN_POINT('Ctrl Pts',(-2.20159164298891,6.71545113809681,-5.66724517797917));
#5485=CARTESIAN_POINT('Ctrl Pts',(-2.07168163609351,6.75665782390357,-5.67683446056547));
#5486=CARTESIAN_POINT('Ctrl Pts',(-1.94068917383491,6.79407508090061,-5.68642374315176));
#5487=CARTESIAN_POINT('Ctrl Pts',(-2.33945640140619,6.69701594634434,-5.68688706694411));
#5488=CARTESIAN_POINT('Ctrl Pts',(-2.21033527775789,6.74212159364993,-5.69647634953041));
#5489=CARTESIAN_POINT('Ctrl Pts',(-2.07990933247004,6.78349193206315,-5.7060656321167));
#5490=CARTESIAN_POINT('Ctrl Pts',(-1.94839663284083,6.82105779192679,-5.71565491470299));
#5491=CARTESIAN_POINT('Ctrl Pts',(-2.3487108129598,6.72350797317217,-5.71611823849534));
#5492=CARTESIAN_POINT('Ctrl Pts',(-2.21907891252687,6.76879204920306,-5.72570752108163));
#5493=CARTESIAN_POINT('Ctrl Pts',(-2.08813702884656,6.81032604022273,-5.73529680366793));
#5494=CARTESIAN_POINT('Ctrl Pts',(-1.95610409184676,6.84804050295298,-5.74488608625422));
#5495=CARTESIAN_POINT('Ctrl Pts',(-2.35796522451342,6.75000000000001,-5.74534941004657));
#5496=CARTESIAN_POINT('Ctrl Pts',(-2.22782254729585,6.79546250475618,-5.75493869263286));
#5497=CARTESIAN_POINT('Ctrl Pts',(-2.09636472522308,6.83716014838231,-5.76452797521916));
#5498=CARTESIAN_POINT('Ctrl Pts',(-1.96381155085269,6.87502321397916,-5.77411725780545));
#5499=CARTESIAN_POINT('',(-2.08883476483185,6.75,-5.67554391070494));
#5500=CARTESIAN_POINT('Ctrl Pts',(-2.35796522451342,6.75000000000001,-5.74534941004657));
#5501=CARTESIAN_POINT('Ctrl Pts',(-2.26864577505922,6.75000000000001,-5.72053135932785));
#5502=CARTESIAN_POINT('Ctrl Pts',(-2.17893779934016,6.7500000306775,-5.69723200111464));
#5503=CARTESIAN_POINT('Ctrl Pts',(-2.08883470998033,6.74999982622341,-5.67554391070486));
#5504=CARTESIAN_POINT('Ctrl Pts',(-2.08883470997842,6.7499998261933,-5.67554391067381));
#5505=CARTESIAN_POINT('Ctrl Pts',(-2.04694309687701,6.79188688304874,-5.70801433703806));
#5506=CARTESIAN_POINT('Ctrl Pts',(-2.00527122143919,6.83356354339266,-5.74088758552362));
#5507=CARTESIAN_POINT('Ctrl Pts',(-1.96381155085269,6.87502321397916,-5.77411725780545));
#5508=CARTESIAN_POINT('Ctrl Pts',(6.74999999999842,2.35796522451755,-4.02659940824914));
#5509=CARTESIAN_POINT('Ctrl Pts',(7.27830398231033,0.84562236062558,-4.13803313160017));
#5510=CARTESIAN_POINT('Ctrl Pts',(7.27830398230979,-0.845622360630236,-4.2494668549512));
#5511=CARTESIAN_POINT('Ctrl Pts',(6.74999999999692,-2.35796522452187,-4.36090057830222));
#5512=CARTESIAN_POINT('Ctrl Pts',(6.62408135316276,2.31397829261282,-4.16553742173598));
#5513=CARTESIAN_POINT('Ctrl Pts',(7.14253002842716,0.829847601605731,-4.27697114508701));
#5514=CARTESIAN_POINT('Ctrl Pts',(7.14253002842663,-0.829847601610301,-4.38840486843803));
#5515=CARTESIAN_POINT('Ctrl Pts',(6.62408135316127,-2.31397829261706,-4.49983859178906));
#5516=CARTESIAN_POINT('Ctrl Pts',(6.49816270632709,2.2699913607081,-4.30447543522282));
#5517=CARTESIAN_POINT('Ctrl Pts',(7.00675607454399,0.814072842585881,-4.41590915857384));
#5518=CARTESIAN_POINT('Ctrl Pts',(7.00675607454347,-0.814072842590364,-4.52734288192487));
#5519=CARTESIAN_POINT('Ctrl Pts',(6.49816270632563,-2.26999136071226,-4.6387766052759));
#5520=CARTESIAN_POINT('Ctrl Pts',(6.37224405949142,2.22600442880338,-4.44341344870966));
#5521=CARTESIAN_POINT('Ctrl Pts',(6.87098212066083,0.798298083566032,-4.55484717206068));
#5522=CARTESIAN_POINT('Ctrl Pts',(6.87098212066031,-0.798298083570428,-4.66628089541171));
#5523=CARTESIAN_POINT('Ctrl Pts',(6.37224405948999,-2.22600442880745,-4.77771461876273));
#5524=CARTESIAN_POINT('',(6.74999999999804,-2.35796522452155,-4.36090057830315));
#5525=CARTESIAN_POINT('',(6.74999999999879,2.35796522451727,-4.02659940825007));
#5526=CARTESIAN_POINT('Ctrl Pts',(6.75,-2.35796522451305,-4.36090057830157));
#5527=CARTESIAN_POINT('Ctrl Pts',(6.75,-1.98539458628732,-4.46442200722174));
#5528=CARTESIAN_POINT('Ctrl Pts',(6.75,-1.60773111195255,-4.54106217591083));
#5529=CARTESIAN_POINT('Ctrl Pts',(6.75,-1.00365041133696,-4.61018316975329));
#5530=CARTESIAN_POINT('Ctrl Pts',(6.75,-0.783591061819462,-4.62444976776895));
#5531=CARTESIAN_POINT('Ctrl Pts',(6.75,-0.457392616314984,-4.62879649160684));
#5532=CARTESIAN_POINT('Ctrl Pts',(6.74999999999895,-0.352392943029601,-4.62763679460419));
#5533=CARTESIAN_POINT('Ctrl Pts',(6.74999999999895,-0.190597507882965,-4.62190374609006));
#5534=CARTESIAN_POINT('Ctrl Pts',(6.75,-0.133859508328549,-4.61914462300319));
#5535=CARTESIAN_POINT('Ctrl Pts',(6.75,-0.0304951896439675,-4.61276001795007));
#5536=CARTESIAN_POINT('Ctrl Pts',(6.75,0.0161206513296401,-4.60937605502182));
#5537=CARTESIAN_POINT('Ctrl Pts',(6.75,0.11756151143343,-4.60092069714883));
#5538=CARTESIAN_POINT('Ctrl Pts',(6.75000000000015,0.172347655686711,-4.5956585228365));
#5539=CARTESIAN_POINT('Ctrl Pts',(6.75000000000015,0.321011475252836,-4.57951036587323));
#5540=CARTESIAN_POINT('Ctrl Pts',(6.74999999999694,0.414666631975851,-4.56730784246379));
#5541=CARTESIAN_POINT('Ctrl Pts',(6.74999999999694,0.851753381099141,-4.50110858741371));
#5542=CARTESIAN_POINT('Ctrl Pts',(6.75,1.1893449285179,-4.42314488975213));
#5543=CARTESIAN_POINT('Ctrl Pts',(6.75,1.80559487773826,-4.23871908207193));
#5544=CARTESIAN_POINT('Ctrl Pts',(6.75,2.08428066491777,-4.13858993152023));
#5545=CARTESIAN_POINT('Ctrl Pts',(6.75,2.35796522451304,-4.02659940824948));
#5546=CARTESIAN_POINT('Ctrl Pts',(6.74999999999531,-2.35796522452122,-4.36090057830402));
#5547=CARTESIAN_POINT('Ctrl Pts',(7.27830398230802,-0.845622360629975,-4.249466854953));
#5548=CARTESIAN_POINT('Ctrl Pts',(7.27830398230856,0.8456223606254,-4.13803313160197));
#5549=CARTESIAN_POINT('Ctrl Pts',(6.74999999999679,2.35796522451698,-4.02659940825095));
#5550=CARTESIAN_POINT('Ctrl Pts',(3.10563757295396,6.44030397306443,-3.63597440824948));
#5551=CARTESIAN_POINT('Ctrl Pts',(4.54859279590949,5.7444834069478,-3.74740813160037));
#5552=CARTESIAN_POINT('Ctrl Pts',(5.74448340695317,4.54859279590271,-3.85884185495126));
#5553=CARTESIAN_POINT('Ctrl Pts',(6.44030397306809,3.10563757294636,-3.97027557830216));
#5554=CARTESIAN_POINT('Ctrl Pts',(3.04770310173197,6.32016258617571,-3.77491242173631));
#5555=CARTESIAN_POINT('Ctrl Pts',(4.46374055148467,5.63732228437402,-3.88634614508721));
#5556=CARTESIAN_POINT('Ctrl Pts',(5.63732228437929,4.46374055147802,-3.9977798684381));
#5557=CARTESIAN_POINT('Ctrl Pts',(6.32016258617931,3.04770310172451,-4.109213591789));
#5558=CARTESIAN_POINT('Ctrl Pts',(2.98976863050997,6.20002119928699,-3.91385043522315));
#5559=CARTESIAN_POINT('Ctrl Pts',(4.37888830705985,5.53016116180025,-4.02528415857404));
#5560=CARTESIAN_POINT('Ctrl Pts',(5.53016116180542,4.37888830705333,-4.13671788192494));
#5561=CARTESIAN_POINT('Ctrl Pts',(6.20002119929052,2.98976863050266,-4.24815160527583));
#5562=CARTESIAN_POINT('Ctrl Pts',(2.93183415928798,6.07987981239828,-4.05278844870999));
#5563=CARTESIAN_POINT('Ctrl Pts',(4.29403606263504,5.42300003922648,-4.16422217206088));
#5564=CARTESIAN_POINT('Ctrl Pts',(5.42300003923154,4.29403606262864,-4.27565589541177));
#5565=CARTESIAN_POINT('Ctrl Pts',(6.07987981240174,2.9318341592808,-4.38708961876267));
#5566=CARTESIAN_POINT('',(6.44030397306858,3.10563757294724,-3.97027557830309));
#5567=CARTESIAN_POINT('',(3.10563757295456,6.44030397306344,-3.63597440825047));
#5568=CARTESIAN_POINT('Ctrl Pts',(6.44030397306443,3.10563757295397,-3.97027557830157));
#5569=CARTESIAN_POINT('Ctrl Pts',(6.17685674830387,3.36908479771452,-4.0737970072218));
#5570=CARTESIAN_POINT('Ctrl Pts',(5.909808344595,3.63613320142339,-4.15043717591096));
#5571=CARTESIAN_POINT('Ctrl Pts',(5.4826587848056,4.06328276121279,-4.21955816975336));
#5572=CARTESIAN_POINT('Ctrl Pts',(5.32705332649845,4.21888821951994,-4.23382476776898));
#5573=CARTESIAN_POINT('Ctrl Pts',(5.09639619366985,4.44954535234854,-4.23817149160684));
#5574=CARTESIAN_POINT('Ctrl Pts',(5.02215021266674,4.52379133335017,-4.23701179460418));
#5575=CARTESIAN_POINT('Ctrl Pts',(4.90774356330971,4.6381979827072,-4.23127874609005));
#5576=CARTESIAN_POINT('Ctrl Pts',(4.86762373907464,4.67831780694376,-4.22851962300319));
#5577=CARTESIAN_POINT('Ctrl Pts',(4.79453412839996,4.75140741761843,-4.22213501795006));
#5578=CARTESIAN_POINT('Ctrl Pts',(4.76157175113681,4.78436979488159,-4.21875105502181));
#5579=CARTESIAN_POINT('Ctrl Pts',(4.68984223106819,4.8560993149502,-4.21029569714884));
#5580=CARTESIAN_POINT('Ctrl Pts',(4.65110257695189,4.89483896906671,-4.20503352283654));
#5581=CARTESIAN_POINT('Ctrl Pts',(4.54598138201918,4.99996016399942,-4.18888536587321));
#5582=CARTESIAN_POINT('Ctrl Pts',(4.47975718560489,5.06618436040918,-4.17668284246373));
#5583=CARTESIAN_POINT('Ctrl Pts',(4.17069018133326,5.3752513646808,-4.1104835874137));
#5584=CARTESIAN_POINT('Ctrl Pts',(3.93197690888437,5.61396463713402,-4.03251988975213));
#5585=CARTESIAN_POINT('Ctrl Pts',(3.49622239088481,6.04971915513358,-3.84809408207194));
#5586=CARTESIAN_POINT('Ctrl Pts',(3.29916178094993,6.24677976506847,-3.74796493152027));
#5587=CARTESIAN_POINT('Ctrl Pts',(3.10563757295397,6.44030397306443,-3.63597440824947));
#5588=CARTESIAN_POINT('Ctrl Pts',(6.44030397306638,3.10563757294557,-3.97027557830412));
#5589=CARTESIAN_POINT('Ctrl Pts',(5.74448340695176,4.54859279590129,-3.85884185495324));
#5590=CARTESIAN_POINT('Ctrl Pts',(4.54859279590869,5.74448340694589,-3.74740813160237));
#5591=CARTESIAN_POINT('Ctrl Pts',(3.10563757295387,6.44030397306238,-3.63597440825149));
#5592=CARTESIAN_POINT('Ctrl Pts',(2.35796522451304,-6.75,-4.80784940824948));
#5593=CARTESIAN_POINT('Ctrl Pts',(2.22782254729567,-6.79546250475608,-4.81743869083575));
#5594=CARTESIAN_POINT('Ctrl Pts',(2.09636472522311,-6.83716014838215,-4.82702797342203));
#5595=CARTESIAN_POINT('Ctrl Pts',(1.96381155085292,-6.87502321397895,-4.83661725600831));
#5596=CARTESIAN_POINT('Ctrl Pts',(2.34871081288958,-6.72350797297222,-4.8370805801289));
#5597=CARTESIAN_POINT('Ctrl Pts',(2.2190789124607,-6.76879204900168,-4.84666986271518));
#5598=CARTESIAN_POINT('Ctrl Pts',(2.08813702878449,-6.81032604002005,-4.85625914530145));
#5599=CARTESIAN_POINT('Ctrl Pts',(1.95610409178882,-6.84804050274913,-4.86584842788773));
#5600=CARTESIAN_POINT('Ctrl Pts',(2.33945640126612,-6.69701594594445,-4.86631175200832));
#5601=CARTESIAN_POINT('Ctrl Pts',(2.21033527762573,-6.74212159324728,-4.8759010345946));
#5602=CARTESIAN_POINT('Ctrl Pts',(2.07990933234587,-6.78349193165796,-4.88549031718087));
#5603=CARTESIAN_POINT('Ctrl Pts',(1.94839663272473,-6.8210577915193,-4.89507959976715));
#5604=CARTESIAN_POINT('Ctrl Pts',(2.33020198964266,-6.67052391891667,-4.89554292388774));
#5605=CARTESIAN_POINT('Ctrl Pts',(2.20159164279076,-6.71545113749287,-4.90513220647402));
#5606=CARTESIAN_POINT('Ctrl Pts',(2.07168163590725,-6.75665782329586,-4.9147214890603));
#5607=CARTESIAN_POINT('Ctrl Pts',(1.94068917366063,-6.79407508028948,-4.92431077164657));
#5608=CARTESIAN_POINT('',(2.3579652245113,-6.74999999999983,-4.80784940825052));
#5609=CARTESIAN_POINT('Ctrl Pts',(2.08883470998028,-6.74999982622339,-4.91343093847667));
#5610=CARTESIAN_POINT('Ctrl Pts',(2.17906440036317,-6.7500002728164,-4.87957744983245));
#5611=CARTESIAN_POINT('Ctrl Pts',(2.26878129246543,-6.75,-4.84434308269031));
#5612=CARTESIAN_POINT('Ctrl Pts',(2.35796522451304,-6.75,-4.80784940824948));
#5613=CARTESIAN_POINT('Ctrl Pts',(1.96381155085376,-6.87502321397695,-4.83661725600998));
#5614=CARTESIAN_POINT('Ctrl Pts',(2.09636472522299,-6.83716014838039,-4.82702797342377));
#5615=CARTESIAN_POINT('Ctrl Pts',(2.22782254729461,-6.79546250475463,-4.81743869083756));
#5616=CARTESIAN_POINT('Ctrl Pts',(2.35796522451105,-6.7499999999989,-4.80784940825135));
#5617=CARTESIAN_POINT('Ctrl Pts',(1.96381155085291,6.87502321397895,-3.55088273054274));
#5618=CARTESIAN_POINT('Ctrl Pts',(2.0963647252231,6.83716014838216,-3.56047201312902));
#5619=CARTESIAN_POINT('Ctrl Pts',(2.22782254729565,6.79546250475609,-3.57006129571529));
#5620=CARTESIAN_POINT('Ctrl Pts',(2.35796522451302,6.75000000000001,-3.57965057830157));
#5621=CARTESIAN_POINT('Ctrl Pts',(1.95610409184699,6.84804050295281,-3.58011390220151));
#5622=CARTESIAN_POINT('Ctrl Pts',(2.08813702884658,6.81032604022262,-3.58970318478778));
#5623=CARTESIAN_POINT('Ctrl Pts',(2.21907891252668,6.76879204920301,-3.59929246737406));
#5624=CARTESIAN_POINT('Ctrl Pts',(2.34871081295942,6.72350797317221,-3.60888174996034));
#5625=CARTESIAN_POINT('Ctrl Pts',(1.94839663284108,6.82105779192668,-3.60934507386027));
#5626=CARTESIAN_POINT('Ctrl Pts',(2.07990933247007,6.78349193206309,-3.61893435644655));
#5627=CARTESIAN_POINT('Ctrl Pts',(2.21033527775772,6.74212159364994,-3.62852363903283));
#5628=CARTESIAN_POINT('Ctrl Pts',(2.33945640140582,6.69701594634442,-3.6381129216191));
#5629=CARTESIAN_POINT('Ctrl Pts',(1.94068917383516,6.79407508090054,-3.63857624551904));
#5630=CARTESIAN_POINT('Ctrl Pts',(2.07168163609356,6.75665782390355,-3.64816552810532));
#5631=CARTESIAN_POINT('Ctrl Pts',(2.20159164298875,6.71545113809686,-3.65775481069159));
#5632=CARTESIAN_POINT('Ctrl Pts',(2.33020198985221,6.67052391951662,-3.66734409327787));
#5633=CARTESIAN_POINT('',(2.35796522451085,6.74999999999991,-3.57965057830236));
#5634=CARTESIAN_POINT('',(2.08883476483184,6.75,-3.64945607796584));
#5635=CARTESIAN_POINT('Ctrl Pts',(2.35796522451302,6.75000000000001,-3.57965057830157));
#5636=CARTESIAN_POINT('Ctrl Pts',(2.26864577506197,6.75000000000001,-3.60446862913233));
#5637=CARTESIAN_POINT('Ctrl Pts',(2.17893779934303,6.75000003067749,-3.62776798745333));
#5638=CARTESIAN_POINT('Ctrl Pts',(2.08883470998037,6.7499998262234,-3.64945607796592));
#5639=CARTESIAN_POINT('',(1.96381155085376,6.8750232139779,-3.55088273054375));
#5640=CARTESIAN_POINT('Ctrl Pts',(2.08883470997839,6.74999982619331,-3.64945607799696));
#5641=CARTESIAN_POINT('Ctrl Pts',(2.04694309687582,6.79188688304992,-3.61698565152587));
#5642=CARTESIAN_POINT('Ctrl Pts',(2.00527122143807,6.83356354339379,-3.58411240293267));
#5643=CARTESIAN_POINT('Ctrl Pts',(1.96381155085291,6.87502321397895,-3.55088273054274));
#5644=CARTESIAN_POINT('Ctrl Pts',(2.35796522451082,6.74999999999982,-3.57965057830237));
#5645=CARTESIAN_POINT('Ctrl Pts',(2.22782254729439,6.79546250475553,-3.57006129571617));
#5646=CARTESIAN_POINT('Ctrl Pts',(2.0963647252228,6.83716014838128,-3.56047201312996));
#5647=CARTESIAN_POINT('Ctrl Pts',(1.96381155085358,6.87502321397782,-3.55088273054375));
#5648=CARTESIAN_POINT('Origin',(0.,0.,0.));
#5649=CARTESIAN_POINT('',(6.74999999999743,2.35796522452506,-3.40159941004461));
#5650=CARTESIAN_POINT('',(6.75,2.35796522451032,0.));
#5651=CARTESIAN_POINT('',(6.7499999999996,-2.35796522451259,-3.73590058009761));
#5652=CARTESIAN_POINT('Ctrl Pts',(6.74999999999431,2.35796522452393,-3.40159941004375));
#5653=CARTESIAN_POINT('Ctrl Pts',(7.27830398230742,0.845622360633514,-3.51303313339473));
#5654=CARTESIAN_POINT('Ctrl Pts',(7.27830398230886,-0.845622360621115,-3.62446685674571));
#5655=CARTESIAN_POINT('Ctrl Pts',(6.74999999999832,-2.35796522451243,-3.73590058009669));
#5656=CARTESIAN_POINT('',(6.75,-2.35796522451032,0.));
#5657=CARTESIAN_POINT('Origin',(0.,0.,0.));
#5658=CARTESIAN_POINT('',(3.10563757294585,6.44030397306956,-3.01097441004481));
#5659=CARTESIAN_POINT('',(3.10563757295589,6.4403039730625,0.));
#5660=CARTESIAN_POINT('',(6.44030397306357,3.10563757295437,-3.34527558009757));
#5661=CARTESIAN_POINT('Ctrl Pts',(3.10563757294473,6.44030397306715,-3.01097441004417));
#5662=CARTESIAN_POINT('Ctrl Pts',(4.54859279590103,5.74448340695251,-3.12240813339508));
#5663=CARTESIAN_POINT('Ctrl Pts',(5.74448340694613,4.54859279590908,-3.23384185674598));
#5664=CARTESIAN_POINT('Ctrl Pts',(6.4403039730628,3.10563757295375,-3.34527558009689));
#5665=CARTESIAN_POINT('',(6.4403039730625,3.10563757295589,0.));
#5666=CARTESIAN_POINT('Origin',(0.,0.,0.));
#5667=CARTESIAN_POINT('',(2.35796522451057,-6.74999999999996,-4.18284941004568));
#5668=CARTESIAN_POINT('',(2.35796522451033,-6.75,0.));
#5669=CARTESIAN_POINT('Ctrl Pts',(2.35796522451044,-6.74999999999959,-4.18284941004532));
#5670=CARTESIAN_POINT('Ctrl Pts',(2.22782254729378,-6.79546250475538,-4.19243869263155));
#5671=CARTESIAN_POINT('Ctrl Pts',(2.09636472522192,-6.8371601483812,-4.20202797521777));
#5672=CARTESIAN_POINT('Ctrl Pts',(1.96381155085247,-6.87502321397779,-4.211617257804));
#5673=CARTESIAN_POINT('Origin',(0.,0.,0.));
#5674=CARTESIAN_POINT('',(2.35796522451108,6.74999999999987,-2.95465058009749));
#5675=CARTESIAN_POINT('',(2.35796522451032,6.75,0.));
#5676=CARTESIAN_POINT('',(1.96381155085418,6.87502321397766,-2.9258827323389));
#5677=CARTESIAN_POINT('',(1.96381155085419,6.87502321397766,0.));
#5678=CARTESIAN_POINT('Ctrl Pts',(1.96381155085418,6.87502321397758,-2.92588273233882));
#5679=CARTESIAN_POINT('Ctrl Pts',(2.09636472522329,6.83716014838106,-2.93547201492502));
#5680=CARTESIAN_POINT('Ctrl Pts',(2.2278225472948,6.79546250475533,-2.94506129751122));
#5681=CARTESIAN_POINT('Ctrl Pts',(2.35796522451113,6.74999999999964,-2.95465058009742));
#5682=CARTESIAN_POINT('Ctrl Pts',(-6.74999999999738,-2.35796522452054,-2.46409940824892));
#5683=CARTESIAN_POINT('Ctrl Pts',(-7.27830398230993,-0.845622360628897,
-2.57553313159994));
#5684=CARTESIAN_POINT('Ctrl Pts',(-7.27830398231017,0.845622360626806,-2.68696685495096));
#5685=CARTESIAN_POINT('Ctrl Pts',(-6.74999999999805,2.3579652245186,-2.79840057830198));
#5686=CARTESIAN_POINT('Ctrl Pts',(-6.62408135316173,-2.31397829261577,-2.60303742173576));
#5687=CARTESIAN_POINT('Ctrl Pts',(-7.14253002842676,-0.829847601608987,
-2.71447114508678));
#5688=CARTESIAN_POINT('Ctrl Pts',(-7.142530028427,0.829847601606934,-2.8259048684378));
#5689=CARTESIAN_POINT('Ctrl Pts',(-6.62408135316239,2.31397829261386,-2.93733859178882));
#5690=CARTESIAN_POINT('Ctrl Pts',(-6.49816270632608,-2.26999136071099,-2.74197543522259));
#5691=CARTESIAN_POINT('Ctrl Pts',(-7.0067560745436,-0.814072842589074,-2.85340915857361));
#5692=CARTESIAN_POINT('Ctrl Pts',(-7.00675607454384,0.814072842587062,-2.96484288192463));
#5693=CARTESIAN_POINT('Ctrl Pts',(-6.49816270632673,2.26999136070912,-3.07627660527565));
#5694=CARTESIAN_POINT('Ctrl Pts',(-6.37224405949043,-2.22600442880621,-2.88091344870943));
#5695=CARTESIAN_POINT('Ctrl Pts',(-6.87098212066044,-0.798298083569164,
-2.99234717206045));
#5696=CARTESIAN_POINT('Ctrl Pts',(-6.87098212066067,0.79829808356719,-3.10378089541147));
#5697=CARTESIAN_POINT('Ctrl Pts',(-6.37224405949107,2.22600442880438,-3.21521461876249));
#5698=CARTESIAN_POINT('',(-6.74999999999861,2.35796522451831,-2.79840057830291));
#5699=CARTESIAN_POINT('',(-6.74999999999821,-2.35796522452057,-2.46409940824983));
#5700=CARTESIAN_POINT('Ctrl Pts',(-6.75,2.35796522451305,-2.79840057830156));
#5701=CARTESIAN_POINT('Ctrl Pts',(-6.75,1.98539458628707,-2.90192200722181));
#5702=CARTESIAN_POINT('Ctrl Pts',(-6.75,1.60773111195201,-2.97856217591094));
#5703=CARTESIAN_POINT('Ctrl Pts',(-6.75,1.00365041133624,-3.04768316975335));
#5704=CARTESIAN_POINT('Ctrl Pts',(-6.75,0.783591061818931,-3.06194976776897));
#5705=CARTESIAN_POINT('Ctrl Pts',(-6.75,0.457392616314606,-3.06629649160684));
#5706=CARTESIAN_POINT('Ctrl Pts',(-6.74999999999895,0.35239294302934,-3.06513679460418));
#5707=CARTESIAN_POINT('Ctrl Pts',(-6.74999999999895,0.190597507882878,-3.05940374609005));
#5708=CARTESIAN_POINT('Ctrl Pts',(-6.75,0.133859508328519,-3.05664462300318));
#5709=CARTESIAN_POINT('Ctrl Pts',(-6.75,0.0304951896439523,-3.05026001795006));
#5710=CARTESIAN_POINT('Ctrl Pts',(-6.75,-0.0161206513296234,-3.04687605502181));
#5711=CARTESIAN_POINT('Ctrl Pts',(-6.75,-0.117561511433204,-3.03842069714884));
#5712=CARTESIAN_POINT('Ctrl Pts',(-6.75000000000014,-0.17234765568622,-3.03315852283655));
#5713=CARTESIAN_POINT('Ctrl Pts',(-6.75000000000014,-0.321011475253124,
-3.0170103658732));
#5714=CARTESIAN_POINT('Ctrl Pts',(-6.74999999999694,-0.414666631976378,
-3.0048078424637));
#5715=CARTESIAN_POINT('Ctrl Pts',(-6.74999999999694,-0.851753381099114,
-2.9386085874137));
#5716=CARTESIAN_POINT('Ctrl Pts',(-6.75000000000001,-1.18934492851787,-2.86064488975213));
#5717=CARTESIAN_POINT('Ctrl Pts',(-6.75000000000001,-1.8055948777383,-2.67621908207191));
#5718=CARTESIAN_POINT('Ctrl Pts',(-6.75,-2.08428066491787,-2.57608993152018));
#5719=CARTESIAN_POINT('Ctrl Pts',(-6.75,-2.35796522451301,-2.46409940824948));
#5720=CARTESIAN_POINT('Ctrl Pts',(-6.74999999999591,2.35796522451774,-2.79840057830438));
#5721=CARTESIAN_POINT('Ctrl Pts',(-7.27830398230782,0.845622360626454,-2.68696685495336));
#5722=CARTESIAN_POINT('Ctrl Pts',(-7.27830398230756,-0.845622360628659,
-2.57553313160234));
#5723=CARTESIAN_POINT('Ctrl Pts',(-6.7499999999952,-2.35796522451978,-2.46409940825132));
#5724=CARTESIAN_POINT('Ctrl Pts',(-3.10563757295246,-6.44030397306515,-2.07347440824936));
#5725=CARTESIAN_POINT('Ctrl Pts',(-4.54859279590762,-5.74448340694912,-2.18490813160021));
#5726=CARTESIAN_POINT('Ctrl Pts',(-5.74448340695122,-4.54859279590496,-2.29634185495106));
#5727=CARTESIAN_POINT('Ctrl Pts',(-6.44030397306658,-3.10563757294948,-2.40777557830192));
#5728=CARTESIAN_POINT('Ctrl Pts',(-3.04770310173049,-6.32016258617642,-2.21241242173619));
#5729=CARTESIAN_POINT('Ctrl Pts',(-4.46374055148284,-5.63732228437532,-2.32384614508705));
#5730=CARTESIAN_POINT('Ctrl Pts',(-5.63732228437738,-4.46374055148023,-2.4352798684379));
#5731=CARTESIAN_POINT('Ctrl Pts',(-6.32016258617783,-3.04770310172757,-2.54671359178875));
#5732=CARTESIAN_POINT('Ctrl Pts',(-2.98976863050853,-6.20002119928769,-2.35135043522303));
#5733=CARTESIAN_POINT('Ctrl Pts',(-4.37888830705805,-5.53016116180152,-2.46278415857388));
#5734=CARTESIAN_POINT('Ctrl Pts',(-5.53016116180354,-4.3788883070555,-2.57421788192474));
#5735=CARTESIAN_POINT('Ctrl Pts',(-6.20002119928907,-2.98976863050566,-2.68565160527559));
#5736=CARTESIAN_POINT('Ctrl Pts',(-2.93183415928656,-6.07987981239896,-2.49028844870987));
#5737=CARTESIAN_POINT('Ctrl Pts',(-4.29403606263327,-5.42300003922772,-2.60172217206072));
#5738=CARTESIAN_POINT('Ctrl Pts',(-5.4230000392297,-4.29403606263076,-2.71315589541157));
#5739=CARTESIAN_POINT('Ctrl Pts',(-6.07987981240031,-2.93183415928375,-2.82458961876243));
#5740=CARTESIAN_POINT('',(-6.44030397306668,-3.10563757294994,-2.40777557830285));
#5741=CARTESIAN_POINT('',(-3.10563757295258,-6.44030397306483,-2.07347440825029));
#5742=CARTESIAN_POINT('Ctrl Pts',(-6.44030397306443,-3.10563757295397,-2.40777557830157));
#5743=CARTESIAN_POINT('Ctrl Pts',(-6.17685674830393,-3.36908479771446,-2.51129700722177));
#5744=CARTESIAN_POINT('Ctrl Pts',(-5.90980834459515,-3.63613320142324,-2.58793717591091));
#5745=CARTESIAN_POINT('Ctrl Pts',(-5.48265878480575,-4.06328276121264,-2.65705816975335));
#5746=CARTESIAN_POINT('Ctrl Pts',(-5.32705332649857,-4.21888821951983,-2.67132476776896));
#5747=CARTESIAN_POINT('Ctrl Pts',(-5.09639619367008,-4.44954535234831,-2.67567149160683));
#5748=CARTESIAN_POINT('Ctrl Pts',(-5.02215021266688,-4.52379133335003,-2.67451179460419));
#5749=CARTESIAN_POINT('Ctrl Pts',(-4.90774356330968,-4.63819798270723,-2.66877874609005));
#5750=CARTESIAN_POINT('Ctrl Pts',(-4.86762373907454,-4.67831780694385,-2.66601962300318));
#5751=CARTESIAN_POINT('Ctrl Pts',(-4.79453412839996,-4.75140741761843,-2.65963501795006));
#5752=CARTESIAN_POINT('Ctrl Pts',(-4.76157175113679,-4.7843697948816,-2.6562510550218));
#5753=CARTESIAN_POINT('Ctrl Pts',(-4.68984223106816,-4.85609931495023,-2.64779569714883));
#5754=CARTESIAN_POINT('Ctrl Pts',(-4.65110257695181,-4.89483896906679,-2.64253352283652));
#5755=CARTESIAN_POINT('Ctrl Pts',(-4.5459813820192,-4.9999601639994,-2.62638536587321));
#5756=CARTESIAN_POINT('Ctrl Pts',(-4.47975718560491,-5.06618436040916,-2.61418284246373));
#5757=CARTESIAN_POINT('Ctrl Pts',(-4.17069018133329,-5.37525136468078,-2.54798358741371));
#5758=CARTESIAN_POINT('Ctrl Pts',(-3.93197690888441,-5.61396463713398,-2.47001988975215));
#5759=CARTESIAN_POINT('Ctrl Pts',(-3.49622239088475,-6.04971915513364,-2.28559408207192));
#5760=CARTESIAN_POINT('Ctrl Pts',(-3.2991617809498,-6.24677976506859,-2.18546493152021));
#5761=CARTESIAN_POINT('Ctrl Pts',(-3.10563757295397,-6.44030397306442,-2.07347440824948));
#5762=CARTESIAN_POINT('Ctrl Pts',(-6.44030397306437,-3.1056375729485,-2.40777557830443));
#5763=CARTESIAN_POINT('Ctrl Pts',(-5.74448340694923,-4.54859279590346,-2.29634185495358));
#5764=CARTESIAN_POINT('Ctrl Pts',(-4.54859279590605,-5.74448340694718,-2.18490813160273));
#5765=CARTESIAN_POINT('Ctrl Pts',(-3.10563757295141,-6.44030397306297,-2.07347440825188));
#5766=CARTESIAN_POINT('Ctrl Pts',(-2.35796522451303,6.75,-3.24534940824948));
#5767=CARTESIAN_POINT('Ctrl Pts',(-2.22782254729566,6.79546250475609,-3.25493869083575));
#5768=CARTESIAN_POINT('Ctrl Pts',(-2.09636472522307,6.83716014838216,-3.26452797342203));
#5769=CARTESIAN_POINT('Ctrl Pts',(-1.96381155085288,6.87502321397896,-3.27411725600831));
#5770=CARTESIAN_POINT('Ctrl Pts',(-2.34871081288957,6.72350797297223,-3.2745805801289));
#5771=CARTESIAN_POINT('Ctrl Pts',(-2.21907891246069,6.76879204900169,-3.28416986271517));
#5772=CARTESIAN_POINT('Ctrl Pts',(-2.08813702878445,6.81032604002007,-3.29375914530145));
#5773=CARTESIAN_POINT('Ctrl Pts',(-1.95610409178878,6.84804050274914,-3.30334842788773));
#5774=CARTESIAN_POINT('Ctrl Pts',(-2.33945640126611,6.69701594594446,-3.30381175200832));
#5775=CARTESIAN_POINT('Ctrl Pts',(-2.21033527762572,6.74212159324728,-3.31340103459459));
#5776=CARTESIAN_POINT('Ctrl Pts',(-2.07990933234583,6.78349193165797,-3.32299031718087));
#5777=CARTESIAN_POINT('Ctrl Pts',(-1.94839663272469,6.82105779151932,-3.33257959976715));
#5778=CARTESIAN_POINT('Ctrl Pts',(-2.33020198964265,6.67052391891668,-3.33304292388774));
#5779=CARTESIAN_POINT('Ctrl Pts',(-2.20159164279075,6.71545113749288,-3.34263220647402));
#5780=CARTESIAN_POINT('Ctrl Pts',(-2.07168163590721,6.75665782329587,-3.35222148906029));
#5781=CARTESIAN_POINT('Ctrl Pts',(-1.94068917366059,6.7940750802895,-3.36181077164657));
#5782=CARTESIAN_POINT('',(-2.08883476483185,6.75,-3.35093093847655));
#5783=CARTESIAN_POINT('',(-2.35796522451101,6.74999999999988,-3.24534940825054));
#5784=CARTESIAN_POINT('Ctrl Pts',(-2.0888347099803,6.74999982622338,-3.35093093847666));
#5785=CARTESIAN_POINT('Ctrl Pts',(-2.1790644003632,6.75000027281639,-3.31707744983244));
#5786=CARTESIAN_POINT('Ctrl Pts',(-2.26878129246544,6.75000000000001,-3.28184308269031));
#5787=CARTESIAN_POINT('Ctrl Pts',(-2.35796522451303,6.75,-3.24534940824948));
#5788=CARTESIAN_POINT('',(-1.96381155085385,6.87502321397785,-3.27411725600916));
#5789=CARTESIAN_POINT('Ctrl Pts',(-1.96381155085349,6.87502321397643,-3.27411725601057));
#5790=CARTESIAN_POINT('Ctrl Pts',(-2.09636472522263,6.83716014837991,-3.26452797342437));
#5791=CARTESIAN_POINT('Ctrl Pts',(-2.22782254729419,6.79546250475417,-3.25493869083817));
#5792=CARTESIAN_POINT('Ctrl Pts',(-2.35796522451055,6.74999999999847,-3.24534940825196));
#5793=CARTESIAN_POINT('Ctrl Pts',(-1.96381155085288,6.87502321397896,-3.2741172560083));
#5794=CARTESIAN_POINT('Ctrl Pts',(-2.00531191252556,6.83352285230629,-3.30024222545045));
#5795=CARTESIAN_POINT('Ctrl Pts',(-2.04698726301434,6.79184750181751,-3.32585956757762));
#5796=CARTESIAN_POINT('Ctrl Pts',(-2.08883476483185,6.75,-3.35093093847655));
#5797=CARTESIAN_POINT('Ctrl Pts',(-1.96381155085288,-6.87502321397896,-1.98838273054274));
#5798=CARTESIAN_POINT('Ctrl Pts',(-2.09636472522308,-6.83716014838216,-1.99797201312902));
#5799=CARTESIAN_POINT('Ctrl Pts',(-2.22782254729568,-6.79546250475608,-2.00756129571529));
#5800=CARTESIAN_POINT('Ctrl Pts',(-2.35796522451305,-6.74999999999999,-2.01715057830157));
#5801=CARTESIAN_POINT('Ctrl Pts',(-1.95610409184697,-6.84804050295282,-2.01761390220151));
#5802=CARTESIAN_POINT('Ctrl Pts',(-2.08813702884657,-6.81032604022263,-2.02720318478778));
#5803=CARTESIAN_POINT('Ctrl Pts',(-2.21907891252671,-6.76879204920301,-2.03679246737406));
#5804=CARTESIAN_POINT('Ctrl Pts',(-2.34871081295945,-6.7235079731722,-2.04638174996034));
#5805=CARTESIAN_POINT('Ctrl Pts',(-1.94839663284105,-6.82105779192668,-2.04684507386027));
#5806=CARTESIAN_POINT('Ctrl Pts',(-2.07990933247006,-6.78349193206309,-2.05643435644655));
#5807=CARTESIAN_POINT('Ctrl Pts',(-2.21033527775775,-6.74212159364993,-2.06602363903283));
#5808=CARTESIAN_POINT('Ctrl Pts',(-2.33945640140585,-6.6970159463444,-2.0756129216191));
#5809=CARTESIAN_POINT('Ctrl Pts',(-1.94068917383514,-6.79407508090054,-2.07607624551904));
#5810=CARTESIAN_POINT('Ctrl Pts',(-2.07168163609355,-6.75665782390355,-2.08566552810531));
#5811=CARTESIAN_POINT('Ctrl Pts',(-2.20159164298878,-6.71545113809685,-2.09525481069159));
#5812=CARTESIAN_POINT('Ctrl Pts',(-2.33020198985225,-6.67052391951661,-2.10484409327787));
#5813=CARTESIAN_POINT('',(-2.35796522451105,-6.74999999999987,-2.01715057830238));
#5814=CARTESIAN_POINT('Ctrl Pts',(-2.35796522451305,-6.74999999999999,-2.01715057830157));
#5815=CARTESIAN_POINT('Ctrl Pts',(-2.26864577506188,-6.74999999999999,-2.04196862913237));
#5816=CARTESIAN_POINT('Ctrl Pts',(-2.17893779934293,-6.75000003067749,-2.06526798745336));
#5817=CARTESIAN_POINT('Ctrl Pts',(-2.08883470998033,-6.74999982622341,-2.08695607796592));
#5818=CARTESIAN_POINT('Ctrl Pts',(-2.35796522451097,-6.74999999999954,-2.01715057830261));
#5819=CARTESIAN_POINT('Ctrl Pts',(-2.22782254729464,-6.79546250475522,-2.00756129571641));
#5820=CARTESIAN_POINT('Ctrl Pts',(-2.09636472522312,-6.83716014838096,-1.99797201313021));
#5821=CARTESIAN_POINT('Ctrl Pts',(-1.96381155085401,-6.87502321397748,-1.98838273054401));
#5822=CARTESIAN_POINT('Ctrl Pts',(6.07987981240317,-2.93183415927781,-3.37541037111917));
#5823=CARTESIAN_POINT('Ctrl Pts',(5.42300003923311,-4.29403606262708,-3.48684409447016));
#5824=CARTESIAN_POINT('Ctrl Pts',(4.29403606263584,-5.42300003922617,-3.59827781782114));
#5825=CARTESIAN_POINT('Ctrl Pts',(2.93183415928764,-6.07987981239844,-3.70971154117213));
#5826=CARTESIAN_POINT('Ctrl Pts',(6.20002119929203,-2.98976863049963,-3.5143483840947));
#5827=CARTESIAN_POINT('Ctrl Pts',(5.53016116180706,-4.37888830705177,-3.62578210744569));
#5828=CARTESIAN_POINT('Ctrl Pts',(4.37888830706071,-5.53016116179998,-3.73721583079667));
#5829=CARTESIAN_POINT('Ctrl Pts',(2.98976863050965,-6.2000211992872,-3.84864955414766));
#5830=CARTESIAN_POINT('Ctrl Pts',(6.32016258618089,-3.04770310172144,-3.65328639707023));
#5831=CARTESIAN_POINT('Ctrl Pts',(5.637322284381,-4.46374055147647,-3.76472012042122));
#5832=CARTESIAN_POINT('Ctrl Pts',(4.46374055148557,-5.63732228437379,-3.87615384377221));
#5833=CARTESIAN_POINT('Ctrl Pts',(3.04770310173165,-6.32016258617596,-3.98758756712319));
#5834=CARTESIAN_POINT('Ctrl Pts',(6.44030397306974,-3.10563757294326,-3.79222441004577));
#5835=CARTESIAN_POINT('Ctrl Pts',(5.74448340695495,-4.54859279590116,-3.90365813339675));
#5836=CARTESIAN_POINT('Ctrl Pts',(4.54859279591044,-5.7444834069476,-4.01509185674774));
#5837=CARTESIAN_POINT('Ctrl Pts',(3.10563757295366,-6.44030397306472,-4.12652558009872));
#5838=CARTESIAN_POINT('Ctrl Pts',(6.44030397306472,-3.10563757295367,-3.79222441004657));
#5839=CARTESIAN_POINT('Ctrl Pts',(6.17685674826944,-3.36908479774895,-3.68870298158373));
#5840=CARTESIAN_POINT('Ctrl Pts',(5.90980834456382,-3.63613320145457,-3.61206281328127));
#5841=CARTESIAN_POINT('Ctrl Pts',(5.48265878480085,-4.06328276121754,-3.54294181985599));
#5842=CARTESIAN_POINT('Ctrl Pts',(5.3270533264936,-4.21888821952479,-3.52867522195242));
#5843=CARTESIAN_POINT('Ctrl Pts',(5.09639619367006,-4.44954535234834,-3.52432849821846));
#5844=CARTESIAN_POINT('Ctrl Pts',(5.02215021266679,-4.52379133335011,-3.52548819524524));
#5845=CARTESIAN_POINT('Ctrl Pts',(4.90774356330988,-4.63819798270703,-3.53122124378208));
#5846=CARTESIAN_POINT('Ctrl Pts',(4.8676237390747,-4.67831780694369,-3.53398036687417));
#5847=CARTESIAN_POINT('Ctrl Pts',(4.79453412840013,-4.75140741761827,-3.54036497193182));
#5848=CARTESIAN_POINT('Ctrl Pts',(4.76157175113693,-4.78436979488146,-3.54374893486026));
#5849=CARTESIAN_POINT('Ctrl Pts',(4.68984223106843,-4.85609931494996,-3.55220429272961));
#5850=CARTESIAN_POINT('Ctrl Pts',(4.6511025769521,-4.8948389690665,-3.55746646703739));
#5851=CARTESIAN_POINT('Ctrl Pts',(4.54598138202015,-4.99996016399845,-3.57361462398144));
#5852=CARTESIAN_POINT('Ctrl Pts',(4.47975718560589,-5.06618436040817,-3.58581714737127));
#5853=CARTESIAN_POINT('Ctrl Pts',(4.17069018135539,-5.37525136465867,-3.652016402291));
#5854=CARTESIAN_POINT('Ctrl Pts',(3.9319769089077,-5.61396463711069,-3.72998009975041));
#5855=CARTESIAN_POINT('Ctrl Pts',(3.49622239090502,-6.04971915511338,-3.91440590691218));
#5856=CARTESIAN_POINT('Ctrl Pts',(3.29916178097135,-6.24677976504704,-4.01453505716136));
#5857=CARTESIAN_POINT('Ctrl Pts',(3.10563757295366,-6.44030397306473,-4.12652558009873));
#5858=CARTESIAN_POINT('Ctrl Pts',(6.3722440594891,2.22600442881001,-2.98478537111915));
#5859=CARTESIAN_POINT('Ctrl Pts',(6.87098212065983,0.798298083573635,-3.09621909447014));
#5860=CARTESIAN_POINT('Ctrl Pts',(6.87098212066115,-0.798298083562283,-3.20765281782113));
#5861=CARTESIAN_POINT('Ctrl Pts',(6.37224405949277,-2.22600442879949,-3.31908654117212));
#5862=CARTESIAN_POINT('Ctrl Pts',(6.49816270632476,2.26999136071488,-3.12372338409468));
#5863=CARTESIAN_POINT('Ctrl Pts',(7.00675607454303,0.814072842593642,-3.23515710744567));
#5864=CARTESIAN_POINT('Ctrl Pts',(7.00675607454438,-0.814072842582061,-3.34659083079667));
#5865=CARTESIAN_POINT('Ctrl Pts',(6.49816270632851,-2.26999136070415,-3.45802455414766));
#5866=CARTESIAN_POINT('Ctrl Pts',(6.62408135316043,2.31397829261975,-3.26266139707022));
#5867=CARTESIAN_POINT('Ctrl Pts',(7.14253002842623,0.829847601613644,-3.37409512042121));
#5868=CARTESIAN_POINT('Ctrl Pts',(7.1425300284276,-0.829847601601845,-3.4855288437722));
#5869=CARTESIAN_POINT('Ctrl Pts',(6.62408135316426,-2.31397829260881,-3.59696256712319));
#5870=CARTESIAN_POINT('Ctrl Pts',(6.7499999999961,2.35796522452462,-3.40159941004575));
#5871=CARTESIAN_POINT('Ctrl Pts',(7.27830398230943,0.84562236063365,-3.51303313339674));
#5872=CARTESIAN_POINT('Ctrl Pts',(7.27830398231082,-0.845622360621625,-3.62446685674773));
#5873=CARTESIAN_POINT('Ctrl Pts',(6.74999999999999,-2.35796522451347,-3.73590058009872));
#5874=CARTESIAN_POINT('Ctrl Pts',(6.75,2.35796522451345,-3.40159941004657));
#5875=CARTESIAN_POINT('Ctrl Pts',(6.75,1.98539458623851,-3.29807798158375));
#5876=CARTESIAN_POINT('Ctrl Pts',(6.75,1.60773111190797,-3.22143781328129));
#5877=CARTESIAN_POINT('Ctrl Pts',(6.75,1.00365041132945,-3.15231681985599));
#5878=CARTESIAN_POINT('Ctrl Pts',(6.75,0.783591061812038,-3.13805022195242));
#5879=CARTESIAN_POINT('Ctrl Pts',(6.75,0.457392616314876,-3.13370349821846));
#5880=CARTESIAN_POINT('Ctrl Pts',(6.74999999999895,0.352392943029401,-3.13486319524524));
#5881=CARTESIAN_POINT('Ctrl Pts',(6.74999999999895,0.190597507883116,-3.14059624378208));
#5882=CARTESIAN_POINT('Ctrl Pts',(6.75,0.133859508328596,-3.14335536687418));
#5883=CARTESIAN_POINT('Ctrl Pts',(6.75,0.0304951896442122,-3.14973997193182));
#5884=CARTESIAN_POINT('Ctrl Pts',(6.75,-0.0161206513293806,-3.15312393486025));
#5885=CARTESIAN_POINT('Ctrl Pts',(6.75,-0.117561511432958,-3.16157929272961));
#5886=CARTESIAN_POINT('Ctrl Pts',(6.75000000000014,-0.172347655686082,-3.16684146703739));
#5887=CARTESIAN_POINT('Ctrl Pts',(6.75000000000014,-0.32101147525167,-3.18298962398144));
#5888=CARTESIAN_POINT('Ctrl Pts',(6.74999999999694,-0.414666631974778,-3.19519214737127));
#5889=CARTESIAN_POINT('Ctrl Pts',(6.74999999999694,-0.851753381067838,-3.261391402291));
#5890=CARTESIAN_POINT('Ctrl Pts',(6.75000000000001,-1.18934492848491,-3.33935509975042));
#5891=CARTESIAN_POINT('Ctrl Pts',(6.75000000000001,-1.80559487770958,-3.52378090691216));
#5892=CARTESIAN_POINT('Ctrl Pts',(6.75,-2.08428066488722,-3.62391005716131));
#5893=CARTESIAN_POINT('Ctrl Pts',(6.75,-2.35796522451347,-3.73590058009873));
#5894=CARTESIAN_POINT('Ctrl Pts',(2.93183415927985,6.07987981240219,-2.59416037111934));
#5895=CARTESIAN_POINT('Ctrl Pts',(4.29403606262821,5.423000039232,-2.70559409447027));
#5896=CARTESIAN_POINT('Ctrl Pts',(5.42300003922649,4.29403606263518,-2.8170278178212));
#5897=CARTESIAN_POINT('Ctrl Pts',(6.07987981239843,2.93183415928766,-2.92846154117212));
#5898=CARTESIAN_POINT('Ctrl Pts',(2.9897686305017,6.20002119929103,-2.73309838409487));
#5899=CARTESIAN_POINT('Ctrl Pts',(4.37888830705292,5.53016116180593,-2.8445321074458));
#5900=CARTESIAN_POINT('Ctrl Pts',(5.5301611618003,4.37888830706003,-2.95596583079673));
#5901=CARTESIAN_POINT('Ctrl Pts',(6.20002119928719,2.98976863050967,-3.06739955414766));
#5902=CARTESIAN_POINT('Ctrl Pts',(3.04770310172356,6.32016258617987,-2.8720363970704));
#5903=CARTESIAN_POINT('Ctrl Pts',(4.46374055147764,5.63732228437985,-2.98347012042133));
#5904=CARTESIAN_POINT('Ctrl Pts',(5.63732228437412,4.46374055148488,-3.09490384377226));
#5905=CARTESIAN_POINT('Ctrl Pts',(6.32016258617595,3.04770310173168,-3.20633756712319));
#5906=CARTESIAN_POINT('Ctrl Pts',(3.10563757294541,6.4403039730687,-3.01097441004593));
#5907=CARTESIAN_POINT('Ctrl Pts',(4.54859279590235,5.74448340695377,-3.12240813339686));
#5908=CARTESIAN_POINT('Ctrl Pts',(5.74448340694793,4.54859279590973,-3.23384185674779));
#5909=CARTESIAN_POINT('Ctrl Pts',(6.44030397306471,3.10563757295369,-3.34527558009872));
#5910=CARTESIAN_POINT('Ctrl Pts',(3.10563757295368,6.44030397306471,-3.01097441004657));
#5911=CARTESIAN_POINT('Ctrl Pts',(3.36908479774888,6.17685674826951,-2.90745298158376));
#5912=CARTESIAN_POINT('Ctrl Pts',(3.63613320145446,5.90980834456393,-2.8308128132813));
#5913=CARTESIAN_POINT('Ctrl Pts',(4.06328276121739,5.482658784801,-2.76169181985601));
#5914=CARTESIAN_POINT('Ctrl Pts',(4.21888821952468,5.32705332649371,-2.74742522195242));
#5915=CARTESIAN_POINT('Ctrl Pts',(4.44954535234837,5.09639619367002,-2.74307849821846));
#5916=CARTESIAN_POINT('Ctrl Pts',(4.52379133335012,5.02215021266679,-2.74423819524525));
#5917=CARTESIAN_POINT('Ctrl Pts',(4.63819798270703,4.90774356330988,-2.74997124378208));
#5918=CARTESIAN_POINT('Ctrl Pts',(4.67831780694372,4.86762373907467,-2.75273036687418));
#5919=CARTESIAN_POINT('Ctrl Pts',(4.7514074176182,4.7945341284002,-2.75911497193182));
#5920=CARTESIAN_POINT('Ctrl Pts',(4.78436979488133,4.76157175113707,-2.76249893486025));
#5921=CARTESIAN_POINT('Ctrl Pts',(4.85609931495,4.68984223106839,-2.77095429272961));
#5922=CARTESIAN_POINT('Ctrl Pts',(4.89483896906656,4.65110257695203,-2.7762164670374));
#5923=CARTESIAN_POINT('Ctrl Pts',(4.99996016399846,4.54598138202014,-2.79236462398144));
#5924=CARTESIAN_POINT('Ctrl Pts',(5.0661843604082,4.47975718560587,-2.80456714737127));
#5925=CARTESIAN_POINT('Ctrl Pts',(5.37525136465866,4.1706901813554,-2.870766402291));
#5926=CARTESIAN_POINT('Ctrl Pts',(5.61396463711066,3.93197690890773,-2.9487300997504));
#5927=CARTESIAN_POINT('Ctrl Pts',(6.04971915511342,3.49622239090497,-3.13315590691219));
#5928=CARTESIAN_POINT('Ctrl Pts',(6.24677976504715,3.29916178097124,-3.23328505716143));
#5929=CARTESIAN_POINT('Ctrl Pts',(6.44030397306471,3.10563757295368,-3.34527558009872));
#5930=CARTESIAN_POINT('Ctrl Pts',(1.94068917366036,6.79407508028956,-2.83818921702419));
#5931=CARTESIAN_POINT('Ctrl Pts',(2.07168163590719,6.75665782329588,-2.84777849961048));
#5932=CARTESIAN_POINT('Ctrl Pts',(2.20159164279093,6.71545113749283,-2.85736778219677));
#5933=CARTESIAN_POINT('Ctrl Pts',(2.33020198964303,6.67052391891655,-2.86695706478306));
#5934=CARTESIAN_POINT('Ctrl Pts',(1.94839663272447,6.82105779151943,-2.86742038879607));
#5935=CARTESIAN_POINT('Ctrl Pts',(2.07990933234582,6.78349193165802,-2.87700967138237));
#5936=CARTESIAN_POINT('Ctrl Pts',(2.21033527762591,6.74212159324727,-2.88659895396866));
#5937=CARTESIAN_POINT('Ctrl Pts',(2.3394564012665,6.69701594594437,-2.89618823655495));
#5938=CARTESIAN_POINT('Ctrl Pts',(1.95610409178858,6.8480405027493,-2.89665156056796));
#5939=CARTESIAN_POINT('Ctrl Pts',(2.08813702878446,6.81032604002017,-2.90624084315425));
#5940=CARTESIAN_POINT('Ctrl Pts',(2.21907891246089,6.76879204900172,-2.91583012574054));
#5941=CARTESIAN_POINT('Ctrl Pts',(2.34871081288998,6.72350797297218,-2.92541940832683));
#5942=CARTESIAN_POINT('Ctrl Pts',(1.96381155085268,6.87502321397916,-2.92588273233985));
#5943=CARTESIAN_POINT('Ctrl Pts',(2.09636472522309,6.83716014838231,-2.93547201492614));
#5944=CARTESIAN_POINT('Ctrl Pts',(2.22782254729588,6.79546250475617,-2.94506129751243));
#5945=CARTESIAN_POINT('Ctrl Pts',(2.35796522451345,6.75,-2.95465058009872));
#5946=CARTESIAN_POINT('',(2.08883476483185,6.75,-2.84906905019423));
#5947=CARTESIAN_POINT('Ctrl Pts',(2.08883470998029,6.74999982622339,-2.84906905019411));
#5948=CARTESIAN_POINT('Ctrl Pts',(2.1790644003601,6.75000027281639,-2.8829225387349));
#5949=CARTESIAN_POINT('Ctrl Pts',(2.26878129246239,6.75,-2.91815690576922));
#5950=CARTESIAN_POINT('Ctrl Pts',(2.35796522451345,6.75,-2.95465058009872));
#5951=CARTESIAN_POINT('Ctrl Pts',(1.96381155085268,6.87502321397916,-2.92588273233984));
#5952=CARTESIAN_POINT('Ctrl Pts',(2.00531191252697,6.83352285230487,-2.89975776300597));
#5953=CARTESIAN_POINT('Ctrl Pts',(2.0469872630158,6.79184750181605,-2.87414042098645));
#5954=CARTESIAN_POINT('Ctrl Pts',(2.08883476483185,6.74999999999999,-2.84906905019422));
#5955=CARTESIAN_POINT('Ctrl Pts',(2.33020198985261,-6.67052391951648,-4.09515589539288));
#5956=CARTESIAN_POINT('Ctrl Pts',(2.20159164298895,-6.7154511380968,-4.10474517797917));
#5957=CARTESIAN_POINT('Ctrl Pts',(2.07168163609352,-6.75665782390356,-4.11433446056546));
#5958=CARTESIAN_POINT('Ctrl Pts',(1.94068917383491,-6.79407508090061,-4.12392374315175));
#5959=CARTESIAN_POINT('Ctrl Pts',(2.33945640140623,-6.69701594634432,-4.12438706694411));
#5960=CARTESIAN_POINT('Ctrl Pts',(2.21033527775793,-6.74212159364992,-4.1339763495304));
#5961=CARTESIAN_POINT('Ctrl Pts',(2.07990933247004,-6.78349193206314,-4.14356563211669));
#5962=CARTESIAN_POINT('Ctrl Pts',(1.94839663284083,-6.82105779192679,-4.15315491470299));
#5963=CARTESIAN_POINT('Ctrl Pts',(2.34871081295985,-6.72350797317216,-4.15361823849534));
#5964=CARTESIAN_POINT('Ctrl Pts',(2.21907891252691,-6.76879204920304,-4.16320752108163));
#5965=CARTESIAN_POINT('Ctrl Pts',(2.08813702884657,-6.81032604022273,-4.17279680366792));
#5966=CARTESIAN_POINT('Ctrl Pts',(1.95610409184676,-6.84804050295298,-4.18238608625422));
#5967=CARTESIAN_POINT('Ctrl Pts',(2.35796522451347,-6.75,-4.18284941004657));
#5968=CARTESIAN_POINT('Ctrl Pts',(2.22782254729589,-6.79546250475616,-4.19243869263286));
#5969=CARTESIAN_POINT('Ctrl Pts',(2.09636472522309,-6.83716014838231,-4.20202797521915));
#5970=CARTESIAN_POINT('Ctrl Pts',(1.96381155085269,-6.87502321397916,-4.21161725780545));
#5971=CARTESIAN_POINT('Ctrl Pts',(2.35796522451347,-6.75,-4.18284941004657));
#5972=CARTESIAN_POINT('Ctrl Pts',(2.26864577505907,-6.75,-4.1580313593278));
#5973=CARTESIAN_POINT('Ctrl Pts',(2.17893779934004,-6.75000003067749,-4.1347320011146));
#5974=CARTESIAN_POINT('Ctrl Pts',(2.08883470998033,-6.74999982622341,-4.11304391070485));
#5975=CARTESIAN_POINT('Origin',(0.,0.,0.));
#5976=CARTESIAN_POINT('',(-6.74999999999744,-2.357965224525,-1.83909941004462));
#5977=CARTESIAN_POINT('',(-6.75,-2.35796522451032,0.));
#5978=CARTESIAN_POINT('',(-6.74999999999985,2.35796522451118,-2.1734005800975));
#5979=CARTESIAN_POINT('Ctrl Pts',(-6.74999999999501,-2.35796522452413,-1.83909941004451));
#5980=CARTESIAN_POINT('Ctrl Pts',(-7.278303982308,-0.845622360634048,-1.95053313339546));
#5981=CARTESIAN_POINT('Ctrl Pts',(-7.2783039823096,0.845622360620125,-2.0619668567464));
#5982=CARTESIAN_POINT('Ctrl Pts',(-6.74999999999952,2.35796522451122,-2.17340058009734));
#5983=CARTESIAN_POINT('',(-6.75,2.35796522451032,0.));
#5984=CARTESIAN_POINT('Origin',(0.,0.,0.));
#5985=CARTESIAN_POINT('',(-3.10563757294424,-6.44030397307069,-1.44847441004466));
#5986=CARTESIAN_POINT('',(-3.10563757295589,-6.4403039730625,0.));
#5987=CARTESIAN_POINT('',(-6.44030397306288,-3.10563757295536,-1.78277558009748));
#5988=CARTESIAN_POINT('Ctrl Pts',(-3.10563757294321,-6.44030397306855,-1.44847441004466));
#5989=CARTESIAN_POINT('Ctrl Pts',(-4.54859279590004,-5.74448340695415,-1.55990813339558));
#5990=CARTESIAN_POINT('Ctrl Pts',(-5.74448340694568,-4.5485927959107,-1.6713418567465));
#5991=CARTESIAN_POINT('Ctrl Pts',(-6.44030397306278,-3.10563757295518,-1.78277558009743));
#5992=CARTESIAN_POINT('',(-6.4403039730625,-3.1056375729559,0.));
#5993=CARTESIAN_POINT('Origin',(0.,0.,0.));
#5994=CARTESIAN_POINT('',(-2.35796522451042,6.74999999999998,-2.62034941004569));
#5995=CARTESIAN_POINT('',(-2.35796522451032,6.75,0.));
#5996=CARTESIAN_POINT('',(-1.96381155085232,6.87502321397872,-2.6491172578044));
#5997=CARTESIAN_POINT('Ctrl Pts',(-2.35796522451011,6.74999999999926,-2.62034941004489));
#5998=CARTESIAN_POINT('Ctrl Pts',(-2.22782254729328,6.7954625047551,-2.62993869263113));
#5999=CARTESIAN_POINT('Ctrl Pts',(-2.09636472522126,6.83716014838097,-2.63952797521737));
#6000=CARTESIAN_POINT('Ctrl Pts',(-1.96381155085163,6.87502321397759,-2.6491172578036));
#6001=CARTESIAN_POINT('',(-1.96381155085419,6.87502321397766,0.));
#6002=CARTESIAN_POINT('Origin',(0.,0.,0.));
#6003=CARTESIAN_POINT('',(-2.35796522451074,-6.74999999999993,-1.39215058009747));
#6004=CARTESIAN_POINT('',(-2.35796522451033,-6.75,0.));
#6005=CARTESIAN_POINT('Ctrl Pts',(-1.96381155527088,-6.87502321271605,-1.36338273265841));
#6006=CARTESIAN_POINT('Ctrl Pts',(-2.09636472814332,-6.83716014745492,-1.3729720151381));
#6007=CARTESIAN_POINT('Ctrl Pts',(-2.22782254874005,-6.79546250425053,-1.38256129761778));
#6008=CARTESIAN_POINT('Ctrl Pts',(-2.35796522451081,-6.74999999999983,-1.39215058009747));
#6009=CARTESIAN_POINT('Ctrl Pts',(-6.07987981240332,2.93183415927751,-1.81291037111915));
#6010=CARTESIAN_POINT('Ctrl Pts',(-5.42300003923328,4.2940360626269,-1.92434409447014));
#6011=CARTESIAN_POINT('Ctrl Pts',(-4.29403606263596,5.42300003922611,-2.03577781782113));
#6012=CARTESIAN_POINT('Ctrl Pts',(-2.93183415928766,6.07987981239843,-2.14721154117212));
#6013=CARTESIAN_POINT('Ctrl Pts',(-6.20002119929218,2.98976863049931,-1.95184838409468));
#6014=CARTESIAN_POINT('Ctrl Pts',(-5.53016116180723,4.37888830705159,-2.06328210744567));
#6015=CARTESIAN_POINT('Ctrl Pts',(-4.37888830706083,5.53016116179992,-2.17471583079666));
#6016=CARTESIAN_POINT('Ctrl Pts',(-2.98976863050967,6.20002119928719,-2.28614955414766));
#6017=CARTESIAN_POINT('Ctrl Pts',(-6.32016258618104,3.04770310172112,-2.09078639707021));
#6018=CARTESIAN_POINT('Ctrl Pts',(-5.63732228438118,4.46374055147628,-2.2022201204212));
#6019=CARTESIAN_POINT('Ctrl Pts',(-4.46374055148569,5.63732228437373,-2.3136538437722));
#6020=CARTESIAN_POINT('Ctrl Pts',(-3.04770310173168,6.32016258617595,-2.42508756712319));
#6021=CARTESIAN_POINT('Ctrl Pts',(-6.4403039730699,3.10563757294293,-2.22972441004574));
#6022=CARTESIAN_POINT('Ctrl Pts',(-5.74448340695513,4.54859279590097,-2.34115813339673));
#6023=CARTESIAN_POINT('Ctrl Pts',(-4.54859279591056,5.74448340694753,-2.45259185674773));
#6024=CARTESIAN_POINT('Ctrl Pts',(-3.10563757295369,6.44030397306472,-2.56402558009872));
#6025=CARTESIAN_POINT('Ctrl Pts',(-6.44030397306472,3.10563757295367,-2.22972441004657));
#6026=CARTESIAN_POINT('Ctrl Pts',(-6.1768567482694,3.36908479774899,-2.12620298158371));
#6027=CARTESIAN_POINT('Ctrl Pts',(-5.90980834456377,3.63613320145463,-2.04956281328126));
#6028=CARTESIAN_POINT('Ctrl Pts',(-5.48265878480079,4.06328276121761,-1.98044181985598));
#6029=CARTESIAN_POINT('Ctrl Pts',(-5.32705332649355,4.21888821952484,-1.96617522195241));
#6030=CARTESIAN_POINT('Ctrl Pts',(-5.09639619366997,4.44954535234843,-1.96182849821846));
#6031=CARTESIAN_POINT('Ctrl Pts',(-5.02215021266674,4.52379133335016,-1.96298819524525));
#6032=CARTESIAN_POINT('Ctrl Pts',(-4.90774356330989,4.63819798270702,-1.96872124378208));
#6033=CARTESIAN_POINT('Ctrl Pts',(-4.86762373907473,4.67831780694367,-1.97148036687417));
#6034=CARTESIAN_POINT('Ctrl Pts',(-4.79453412840015,4.75140741761825,-1.97786497193182));
#6035=CARTESIAN_POINT('Ctrl Pts',(-4.76157175113698,4.78436979488141,-1.98124893486026));
#6036=CARTESIAN_POINT('Ctrl Pts',(-4.68984223106843,4.85609931494997,-1.98970429272961));
#6037=CARTESIAN_POINT('Ctrl Pts',(-4.65110257695212,4.89483896906648,-1.99496646703738));
#6038=CARTESIAN_POINT('Ctrl Pts',(-4.54598138202006,4.99996016399854,-2.01111462398145));
#6039=CARTESIAN_POINT('Ctrl Pts',(-4.47975718560573,5.06618436040834,-2.0233171473713));
#6040=CARTESIAN_POINT('Ctrl Pts',(-4.17069018135543,5.37525136465864,-2.089516402291));
#6041=CARTESIAN_POINT('Ctrl Pts',(-3.93197690890776,5.61396463711063,-2.16748009975038));
#6042=CARTESIAN_POINT('Ctrl Pts',(-3.49622239090494,6.04971915511346,-2.35190590691221));
#6043=CARTESIAN_POINT('Ctrl Pts',(-3.2991617809712,6.24677976504719,-2.45203505716145));
#6044=CARTESIAN_POINT('Ctrl Pts',(-3.10563757295368,6.44030397306471,-2.56402558009872));
#6045=CARTESIAN_POINT('Ctrl Pts',(-6.37224405948913,-2.22600442880994,-1.42228537111916));
#6046=CARTESIAN_POINT('Ctrl Pts',(-6.87098212065984,-0.798298083573576,
-1.53371909447015));
#6047=CARTESIAN_POINT('Ctrl Pts',(-6.87098212066115,0.798298083562293,-1.64515281782114));
#6048=CARTESIAN_POINT('Ctrl Pts',(-6.37224405949279,2.22600442879947,-1.75658654117213));
#6049=CARTESIAN_POINT('Ctrl Pts',(-6.4981627063248,-2.2699913607148,-1.56122338409469));
#6050=CARTESIAN_POINT('Ctrl Pts',(-7.00675607454304,-0.814072842593579,
-1.67265710744568));
#6051=CARTESIAN_POINT('Ctrl Pts',(-7.00675607454437,0.814072842582071,-1.78409083079667));
#6052=CARTESIAN_POINT('Ctrl Pts',(-6.49816270632852,2.26999136070413,-1.89552455414766));
#6053=CARTESIAN_POINT('Ctrl Pts',(-6.62408135316046,-2.31397829261967,-1.70016139707022));
#6054=CARTESIAN_POINT('Ctrl Pts',(-7.14253002842623,-0.829847601613585,
-1.81159512042121));
#6055=CARTESIAN_POINT('Ctrl Pts',(-7.14253002842759,0.829847601601857,-1.9230288437722));
#6056=CARTESIAN_POINT('Ctrl Pts',(-6.62408135316426,2.31397829260879,-2.03446256712319));
#6057=CARTESIAN_POINT('Ctrl Pts',(-6.74999999999613,-2.35796522452454,-1.83909941004575));
#6058=CARTESIAN_POINT('Ctrl Pts',(-7.27830398230943,-0.845622360633587,
-1.95053313339674));
#6059=CARTESIAN_POINT('Ctrl Pts',(-7.27830398231082,0.845622360621635,-2.06196685674773));
#6060=CARTESIAN_POINT('Ctrl Pts',(-6.75,2.35796522451345,-2.17340058009872));
#6061=CARTESIAN_POINT('Ctrl Pts',(-6.75,-2.35796522451346,-1.83909941004657));
#6062=CARTESIAN_POINT('Ctrl Pts',(-6.75,-1.98539458623835,-1.73557798158371));
#6063=CARTESIAN_POINT('Ctrl Pts',(-6.75,-1.60773111190775,-1.65893781328125));
#6064=CARTESIAN_POINT('Ctrl Pts',(-6.75,-1.00365041132921,-1.58981681985597));
#6065=CARTESIAN_POINT('Ctrl Pts',(-6.75,-0.783591061811859,-1.57555022195241));
#6066=CARTESIAN_POINT('Ctrl Pts',(-6.75,-0.457392616314749,-1.57120349821846));
#6067=CARTESIAN_POINT('Ctrl Pts',(-6.74999999999895,-0.352392943029311,
-1.57236319524525));
#6068=CARTESIAN_POINT('Ctrl Pts',(-6.74999999999895,-0.190597507883098,
-1.57809624378208));
#6069=CARTESIAN_POINT('Ctrl Pts',(-6.75,-0.133859508328615,-1.58085536687418));
#6070=CARTESIAN_POINT('Ctrl Pts',(-6.75,-0.0304951896441083,-1.58723997193182));
#6071=CARTESIAN_POINT('Ctrl Pts',(-6.75,0.0161206513295582,-1.59062393486027));
#6072=CARTESIAN_POINT('Ctrl Pts',(-6.75,0.117561511432894,-1.5990792927296));
#6073=CARTESIAN_POINT('Ctrl Pts',(-6.75000000000015,0.172347655685922,-1.60434146703737));
#6074=CARTESIAN_POINT('Ctrl Pts',(-6.75000000000015,0.321011475251767,-1.62048962398145));
#6075=CARTESIAN_POINT('Ctrl Pts',(-6.74999999999694,0.414666631974943,-1.63269214737129));
#6076=CARTESIAN_POINT('Ctrl Pts',(-6.74999999999694,0.851753381067825,-1.698891402291));
#6077=CARTESIAN_POINT('Ctrl Pts',(-6.75,1.18934492848486,-1.7768550997504));
#6078=CARTESIAN_POINT('Ctrl Pts',(-6.75,1.80559487770968,-1.96128090691219));
#6079=CARTESIAN_POINT('Ctrl Pts',(-6.75,2.0842806648874,-2.06141005716139));
#6080=CARTESIAN_POINT('Ctrl Pts',(-6.75,2.35796522451345,-2.17340058009872));
#6081=CARTESIAN_POINT('Ctrl Pts',(-2.93183415927822,-6.07987981240298,-1.0316603711192));
#6082=CARTESIAN_POINT('Ctrl Pts',(-4.2940360626273,-5.42300003923289,-1.14309409447017));
#6083=CARTESIAN_POINT('Ctrl Pts',(-5.42300003922623,-4.29403606263572,-1.25452781782115));
#6084=CARTESIAN_POINT('Ctrl Pts',(-6.07987981239843,-2.93183415928765,-1.36596154117212));
#6085=CARTESIAN_POINT('Ctrl Pts',(-2.98976863050004,-6.20002119929183,-1.17059838409473));
#6086=CARTESIAN_POINT('Ctrl Pts',(-4.378888307052,-5.53016116180683,-1.28203210744571));
#6087=CARTESIAN_POINT('Ctrl Pts',(-5.53016116180004,-4.37888830706058,-1.39346583079668));
#6088=CARTESIAN_POINT('Ctrl Pts',(-6.20002119928719,-2.98976863050966,-1.50489955414765));
#6089=CARTESIAN_POINT('Ctrl Pts',(-3.04770310172186,-6.32016258618068,-1.30953639707026));
#6090=CARTESIAN_POINT('Ctrl Pts',(-4.46374055147669,-5.63732228438078,-1.42097012042124));
#6091=CARTESIAN_POINT('Ctrl Pts',(-5.63732228437385,-4.46374055148544,-1.53240384377221));
#6092=CARTESIAN_POINT('Ctrl Pts',(-6.32016258617595,-3.04770310173167,-1.64383756712319));
#6093=CARTESIAN_POINT('Ctrl Pts',(-3.10563757294368,-6.44030397306954,-1.4484744100458));
#6094=CARTESIAN_POINT('Ctrl Pts',(-4.54859279590139,-5.74448340695471,-1.55990813339677));
#6095=CARTESIAN_POINT('Ctrl Pts',(-5.74448340694766,-4.5485927959103,-1.67134185674774));
#6096=CARTESIAN_POINT('Ctrl Pts',(-6.44030397306472,-3.10563757295368,-1.78277558009872));
#6097=CARTESIAN_POINT('Ctrl Pts',(-3.10563757295367,-6.44030397306472,-1.44847441004657));
#6098=CARTESIAN_POINT('Ctrl Pts',(-3.36908479774897,-6.17685674826942,-1.34495298158372));
#6099=CARTESIAN_POINT('Ctrl Pts',(-3.63613320145462,-5.90980834456377,-1.26831281328125));
#6100=CARTESIAN_POINT('Ctrl Pts',(-4.0632827612176,-5.48265878480079,-1.19919181985598));
#6101=CARTESIAN_POINT('Ctrl Pts',(-4.21888821952484,-5.32705332649356,-1.18492522195241));
#6102=CARTESIAN_POINT('Ctrl Pts',(-4.44954535234842,-5.09639619366997,-1.18057849821846));
#6103=CARTESIAN_POINT('Ctrl Pts',(-4.52379133335016,-5.02215021266675,-1.18173819524524));
#6104=CARTESIAN_POINT('Ctrl Pts',(-4.63819798270706,-4.90774356330985,-1.18747124378208));
#6105=CARTESIAN_POINT('Ctrl Pts',(-4.67831780694374,-4.86762373907466,-1.19023036687418));
#6106=CARTESIAN_POINT('Ctrl Pts',(-4.7514074176182,-4.79453412840019,-1.19661497193181));
#6107=CARTESIAN_POINT('Ctrl Pts',(-4.78436979488133,-4.76157175113706,-1.19999893486025));
#6108=CARTESIAN_POINT('Ctrl Pts',(-4.85609931495001,-4.68984223106838,-1.20845429272961));
#6109=CARTESIAN_POINT('Ctrl Pts',(-4.89483896906658,-4.65110257695202,-1.2137164670374));
#6110=CARTESIAN_POINT('Ctrl Pts',(-4.99996016399848,-4.54598138202012,-1.22986462398144));
#6111=CARTESIAN_POINT('Ctrl Pts',(-5.06618436040824,-4.47975718560583,-1.24206714737128));
#6112=CARTESIAN_POINT('Ctrl Pts',(-5.37525136465865,-4.17069018135541,-1.308266402291));
#6113=CARTESIAN_POINT('Ctrl Pts',(-5.61396463711065,-3.93197690890774,-1.38623009975039));
#6114=CARTESIAN_POINT('Ctrl Pts',(-6.04971915511343,-3.49622239090496,-1.57065590691219));
#6115=CARTESIAN_POINT('Ctrl Pts',(-6.24677976504714,-3.29916178097126,-1.67078505716142));
#6116=CARTESIAN_POINT('Ctrl Pts',(-6.44030397306472,-3.10563757295368,-1.78277558009872));
#6117=CARTESIAN_POINT('Ctrl Pts',(-1.94068917366036,-6.79407508028956,-1.27568921702418));
#6118=CARTESIAN_POINT('Ctrl Pts',(-2.07168163590719,-6.75665782329588,-1.28527849961048));
#6119=CARTESIAN_POINT('Ctrl Pts',(-2.20159164279093,-6.71545113749282,-1.29486778219677));
#6120=CARTESIAN_POINT('Ctrl Pts',(-2.33020198964303,-6.67052391891655,-1.30445706478306));
#6121=CARTESIAN_POINT('Ctrl Pts',(-1.94839663272447,-6.82105779151943,-1.30492038879607));
#6122=CARTESIAN_POINT('Ctrl Pts',(-2.07990933234582,-6.78349193165802,-1.31450967138236));
#6123=CARTESIAN_POINT('Ctrl Pts',(-2.21033527762591,-6.74212159324727,-1.32409895396865));
#6124=CARTESIAN_POINT('Ctrl Pts',(-2.33945640126651,-6.69701594594437,-1.33368823655495));
#6125=CARTESIAN_POINT('Ctrl Pts',(-1.95610409178858,-6.8480405027493,-1.33415156056796));
#6126=CARTESIAN_POINT('Ctrl Pts',(-2.08813702878446,-6.81032604002017,-1.34374084315425));
#6127=CARTESIAN_POINT('Ctrl Pts',(-2.2190789124609,-6.76879204900172,-1.35333012574054));
#6128=CARTESIAN_POINT('Ctrl Pts',(-2.34871081288998,-6.72350797297218,-1.36291940832683));
#6129=CARTESIAN_POINT('Ctrl Pts',(-1.96381155085269,-6.87502321397916,-1.36338273233984));
#6130=CARTESIAN_POINT('Ctrl Pts',(-2.09636472522309,-6.83716014838231,-1.37297201492614));
#6131=CARTESIAN_POINT('Ctrl Pts',(-2.22782254729588,-6.79546250475617,-1.38256129751243));
#6132=CARTESIAN_POINT('Ctrl Pts',(-2.35796522451346,-6.75,-1.39215058009872));
#6133=CARTESIAN_POINT('Ctrl Pts',(-2.0888347099803,-6.74999982622338,-1.28656905019411));
#6134=CARTESIAN_POINT('Ctrl Pts',(-2.1790644003601,-6.75000027281639,-1.3204225387349));
#6135=CARTESIAN_POINT('Ctrl Pts',(-2.26878129246241,-6.75,-1.35565690576922));
#6136=CARTESIAN_POINT('Ctrl Pts',(-2.35796522451346,-6.75,-1.39215058009872));
#6137=CARTESIAN_POINT('Ctrl Pts',(-2.3302019898526,6.67052391951649,-2.53265589539288));
#6138=CARTESIAN_POINT('Ctrl Pts',(-2.20159164298875,6.71545113809687,-2.54224517797918));
#6139=CARTESIAN_POINT('Ctrl Pts',(-2.07168163609315,6.75665782390368,-2.55183446056549));
#6140=CARTESIAN_POINT('Ctrl Pts',(-1.94068917383435,6.79407508090077,-2.56142374315179));
#6141=CARTESIAN_POINT('Ctrl Pts',(-2.33945640140622,6.69701594634432,-2.56188706694411));
#6142=CARTESIAN_POINT('Ctrl Pts',(-2.21033527775773,6.74212159364999,-2.57147634953041));
#6143=CARTESIAN_POINT('Ctrl Pts',(-2.07990933246967,6.78349193206326,-2.58106563211672));
#6144=CARTESIAN_POINT('Ctrl Pts',(-1.94839663284027,6.82105779192695,-2.59065491470302));
#6145=CARTESIAN_POINT('Ctrl Pts',(-2.34871081295984,6.72350797317216,-2.59111823849534));
#6146=CARTESIAN_POINT('Ctrl Pts',(-2.21907891252671,6.76879204920311,-2.60070752108164));
#6147=CARTESIAN_POINT('Ctrl Pts',(-2.08813702884619,6.81032604022284,-2.61029680366795));
#6148=CARTESIAN_POINT('Ctrl Pts',(-1.9561040918462,6.84804050295314,-2.61988608625426));
#6149=CARTESIAN_POINT('Ctrl Pts',(-2.35796522451345,6.75,-2.62034941004657));
#6150=CARTESIAN_POINT('Ctrl Pts',(-2.22782254729569,6.79546250475623,-2.62993869263287));
#6151=CARTESIAN_POINT('Ctrl Pts',(-2.09636472522272,6.83716014838243,-2.63952797521918));
#6152=CARTESIAN_POINT('Ctrl Pts',(-1.96381155085212,6.87502321397932,-2.64911725780549));
#6153=CARTESIAN_POINT('',(-2.08883476483184,6.75,-2.55054391070493));
#6154=CARTESIAN_POINT('Ctrl Pts',(-2.35796522451345,6.75,-2.62034941004657));
#6155=CARTESIAN_POINT('Ctrl Pts',(-2.26864577505905,6.75,-2.5955313593278));
#6156=CARTESIAN_POINT('Ctrl Pts',(-2.17893779934004,6.75000003067749,-2.5722320011146));
#6157=CARTESIAN_POINT('Ctrl Pts',(-2.08883470998034,6.74999982622341,-2.55054391070485));
#6158=CARTESIAN_POINT('Ctrl Pts',(-2.08883470997834,6.74999982619333,-2.55054391067381));
#6159=CARTESIAN_POINT('Ctrl Pts',(-2.04694309687695,6.79188688304875,-2.58301433703806));
#6160=CARTESIAN_POINT('Ctrl Pts',(-2.0052712214392,6.83356354339266,-2.61588758552361));
#6161=CARTESIAN_POINT('Ctrl Pts',(-1.96381155085269,6.87502321397916,-2.64911725780544));
#6162=CARTESIAN_POINT('Ctrl Pts',(6.74999999999654,2.35796522452294,-0.901599408248742));
#6163=CARTESIAN_POINT('Ctrl Pts',(7.27830398230955,0.845622360631688,-1.01303313159975));
#6164=CARTESIAN_POINT('Ctrl Pts',(7.27830398231047,-0.845622360623755,-1.12446685495075));
#6165=CARTESIAN_POINT('Ctrl Pts',(6.74999999999911,-2.35796522451558,-1.23590057830176));
#6166=CARTESIAN_POINT('Ctrl Pts',(6.62408135316091,2.31397829261812,-1.04053742173558));
#6167=CARTESIAN_POINT('Ctrl Pts',(7.1425300284264,0.829847601611725,-1.15197114508658));
#6168=CARTESIAN_POINT('Ctrl Pts',(7.1425300284273,-0.829847601603942,-1.26340486843759));
#6169=CARTESIAN_POINT('Ctrl Pts',(6.62408135316343,-2.3139782926109,-1.37483859178859));
#6170=CARTESIAN_POINT('Ctrl Pts',(6.49816270632527,2.26999136071329,-1.17947543522242));
#6171=CARTESIAN_POINT('Ctrl Pts',(7.00675607454324,0.814072842591761,-1.29090915857342));
#6172=CARTESIAN_POINT('Ctrl Pts',(7.00675607454413,-0.814072842584123,-1.40234288192443));
#6173=CARTESIAN_POINT('Ctrl Pts',(6.49816270632775,-2.26999136070621,-1.51377660527543));
#6174=CARTESIAN_POINT('Ctrl Pts',(6.37224405948964,2.22600442880847,-1.31841344870925));
#6175=CARTESIAN_POINT('Ctrl Pts',(6.87098212066009,0.798298083571799,-1.42984717206026));
#6176=CARTESIAN_POINT('Ctrl Pts',(6.87098212066096,-0.79829808356431,-1.54128089541126));
#6177=CARTESIAN_POINT('Ctrl Pts',(6.37224405949207,-2.22600442880152,-1.65271461876227));
#6178=CARTESIAN_POINT('',(6.74999999999913,-2.3579652245153,-1.23590057830269));
#6179=CARTESIAN_POINT('',(6.74999999999775,2.35796522452321,-0.901599408249633));
#6180=CARTESIAN_POINT('Ctrl Pts',(6.75,-2.35796522451302,-1.23590057830157));
#6181=CARTESIAN_POINT('Ctrl Pts',(6.75,-1.98539458628727,-1.33942200722175));
#6182=CARTESIAN_POINT('Ctrl Pts',(6.75,-1.60773111195215,-1.41606217591092));
#6183=CARTESIAN_POINT('Ctrl Pts',(6.75,-1.00365041133624,-1.48518316975335));
#6184=CARTESIAN_POINT('Ctrl Pts',(6.75,-0.783591061818948,-1.49944976776897));
#6185=CARTESIAN_POINT('Ctrl Pts',(6.75,-0.457392616314734,-1.50379649160683));
#6186=CARTESIAN_POINT('Ctrl Pts',(6.74999999999895,-0.352392943029414,-1.50263679460418));
#6187=CARTESIAN_POINT('Ctrl Pts',(6.74999999999895,-0.190597507882885,-1.49690374609005));
#6188=CARTESIAN_POINT('Ctrl Pts',(6.75,-0.133859508328513,-1.49414462300319));
#6189=CARTESIAN_POINT('Ctrl Pts',(6.75,-0.0304951896438996,-1.48776001795006));
#6190=CARTESIAN_POINT('Ctrl Pts',(6.75,0.0161206513297178,-1.48437605502181));
#6191=CARTESIAN_POINT('Ctrl Pts',(6.75,0.117561511433285,-1.47592069714884));
#6192=CARTESIAN_POINT('Ctrl Pts',(6.75000000000014,0.172347655686371,-1.47065852283653));
#6193=CARTESIAN_POINT('Ctrl Pts',(6.75000000000014,0.321011475253018,-1.45451036587321));
#6194=CARTESIAN_POINT('Ctrl Pts',(6.74999999999694,0.414666631976164,-1.44230784246374));
#6195=CARTESIAN_POINT('Ctrl Pts',(6.74999999999694,0.851753381099137,-1.3761085874137));
#6196=CARTESIAN_POINT('Ctrl Pts',(6.75,1.18934492851788,-1.29814488975214));
#6197=CARTESIAN_POINT('Ctrl Pts',(6.75,1.80559487773831,-1.11371908207191));
#6198=CARTESIAN_POINT('Ctrl Pts',(6.75,2.08428066491786,-1.01358993152018));
#6199=CARTESIAN_POINT('Ctrl Pts',(6.75,2.35796522451302,-0.901599408249477));
#6200=CARTESIAN_POINT('Ctrl Pts',(6.74999999999665,-2.35796522451459,-1.23590057830451));
#6201=CARTESIAN_POINT('Ctrl Pts',(7.27830398230777,-0.845622360623351,-1.12446685495351));
#6202=CARTESIAN_POINT('Ctrl Pts',(7.27830398230684,0.845622360631414,-1.01303313160251));
#6203=CARTESIAN_POINT('Ctrl Pts',(6.74999999999403,2.35796522452207,-0.901599408251507));
#6204=CARTESIAN_POINT('Ctrl Pts',(1.96381155085288,6.87502321397896,-0.425882730542737));
#6205=CARTESIAN_POINT('Ctrl Pts',(2.09636472522307,6.83716014838216,-0.435472013129014));
#6206=CARTESIAN_POINT('Ctrl Pts',(2.22782254729567,6.79546250475609,-0.445061295715291));
#6207=CARTESIAN_POINT('Ctrl Pts',(2.35796522451304,6.75,-0.454650578301568));
#6208=CARTESIAN_POINT('Ctrl Pts',(1.95610409184696,6.84804050295282,-0.455113902201503));
#6209=CARTESIAN_POINT('Ctrl Pts',(2.08813702884656,6.81032604022263,-0.46470318478778));
#6210=CARTESIAN_POINT('Ctrl Pts',(2.2190789125267,6.76879204920301,-0.474292467374057));
#6211=CARTESIAN_POINT('Ctrl Pts',(2.34871081295944,6.7235079731722,-0.483881749960334));
#6212=CARTESIAN_POINT('Ctrl Pts',(1.94839663284105,6.82105779192668,-0.484345073860269));
#6213=CARTESIAN_POINT('Ctrl Pts',(2.07990933247005,6.78349193206309,-0.493934356446546));
#6214=CARTESIAN_POINT('Ctrl Pts',(2.21033527775773,6.74212159364993,-0.503523639032823));
#6215=CARTESIAN_POINT('Ctrl Pts',(2.33945640140584,6.69701594634441,-0.5131129216191));
#6216=CARTESIAN_POINT('Ctrl Pts',(1.94068917383513,6.79407508090054,-0.513576245519035));
#6217=CARTESIAN_POINT('Ctrl Pts',(2.07168163609354,6.75665782390355,-0.523165528105312));
#6218=CARTESIAN_POINT('Ctrl Pts',(2.20159164298877,6.71545113809685,-0.532754810691589));
#6219=CARTESIAN_POINT('Ctrl Pts',(2.33020198985224,6.67052391951661,-0.542344093277866));
#6220=CARTESIAN_POINT('',(2.35796522451121,6.74999999999984,-0.454650578302387));
#6221=CARTESIAN_POINT('',(2.08883476483184,6.75,-0.52445607796584));
#6222=CARTESIAN_POINT('Ctrl Pts',(2.35796522451304,6.75,-0.454650578301568));
#6223=CARTESIAN_POINT('Ctrl Pts',(2.26864577506187,6.75,-0.479468629132361));
#6224=CARTESIAN_POINT('Ctrl Pts',(2.17893779934293,6.75000003067749,-0.502767987453351));
#6225=CARTESIAN_POINT('Ctrl Pts',(2.08883470998034,6.74999982622341,-0.52445607796592));
#6226=CARTESIAN_POINT('',(1.96381155085424,6.87502321397763,-0.425882730543787));
#6227=CARTESIAN_POINT('Ctrl Pts',(2.08883470997839,6.74999982619331,-0.524456077996962));
#6228=CARTESIAN_POINT('Ctrl Pts',(2.04694309687579,6.79188688304992,-0.491985651525873));
#6229=CARTESIAN_POINT('Ctrl Pts',(2.00527122143805,6.83356354339379,-0.459112402932677));
#6230=CARTESIAN_POINT('Ctrl Pts',(1.96381155085288,6.87502321397896,-0.425882730542737));
#6231=CARTESIAN_POINT('Ctrl Pts',(2.35796522451071,6.74999999999863,-0.454650578303588));
#6232=CARTESIAN_POINT('Ctrl Pts',(2.22782254729443,6.7954625047543,-0.445061295717389));
#6233=CARTESIAN_POINT('Ctrl Pts',(2.09636472522296,6.83716014838002,-0.435472013131191));
#6234=CARTESIAN_POINT('Ctrl Pts',(1.9638115508539,6.87502321397653,-0.425882730544993));
#6235=CARTESIAN_POINT('Ctrl Pts',(2.35796522451304,-6.75,-1.68284940824947));
#6236=CARTESIAN_POINT('Ctrl Pts',(2.22782254729566,-6.79546250475609,-1.69243869083575));
#6237=CARTESIAN_POINT('Ctrl Pts',(2.0963647252231,-6.83716014838216,-1.70202797342203));
#6238=CARTESIAN_POINT('Ctrl Pts',(1.9638115508529,-6.87502321397895,-1.7116172560083));
#6239=CARTESIAN_POINT('Ctrl Pts',(2.34871081288958,-6.72350797297223,-1.71208058012889));
#6240=CARTESIAN_POINT('Ctrl Pts',(2.2190789124607,-6.76879204900168,-1.72166986271517));
#6241=CARTESIAN_POINT('Ctrl Pts',(2.08813702878448,-6.81032604002006,-1.73125914530145));
#6242=CARTESIAN_POINT('Ctrl Pts',(1.95610409178881,-6.84804050274913,-1.74084842788772));
#6243=CARTESIAN_POINT('Ctrl Pts',(2.33945640126612,-6.69701594594445,-1.74131175200832));
#6244=CARTESIAN_POINT('Ctrl Pts',(2.21033527762573,-6.74212159324728,-1.75090103459459));
#6245=CARTESIAN_POINT('Ctrl Pts',(2.07990933234586,-6.78349193165796,-1.76049031718087));
#6246=CARTESIAN_POINT('Ctrl Pts',(1.94839663272471,-6.82105779151931,-1.77007959976715));
#6247=CARTESIAN_POINT('Ctrl Pts',(2.33020198964266,-6.67052391891668,-1.77054292388774));
#6248=CARTESIAN_POINT('Ctrl Pts',(2.20159164279076,-6.71545113749288,-1.78013220647402));
#6249=CARTESIAN_POINT('Ctrl Pts',(2.07168163590724,-6.75665782329586,-1.78972148906029));
#6250=CARTESIAN_POINT('Ctrl Pts',(1.94068917366062,-6.79407508028949,-1.79931077164657));
#6251=CARTESIAN_POINT('',(2.35796522451089,-6.7499999999999,-1.68284940825054));
#6252=CARTESIAN_POINT('Ctrl Pts',(2.08883470998031,-6.74999982622338,-1.78843093847666));
#6253=CARTESIAN_POINT('Ctrl Pts',(2.17906440036322,-6.75000027281638,-1.75457744983244));
#6254=CARTESIAN_POINT('Ctrl Pts',(2.26878129246545,-6.75,-1.71934308269031));
#6255=CARTESIAN_POINT('Ctrl Pts',(2.35796522451304,-6.75,-1.68284940824947));
#6256=CARTESIAN_POINT('Ctrl Pts',(1.96381155085309,-6.87502321397616,-1.71161725601098));
#6257=CARTESIAN_POINT('Ctrl Pts',(2.09636472522231,-6.83716014837962,-1.70202797342477));
#6258=CARTESIAN_POINT('Ctrl Pts',(2.22782254729391,-6.79546250475387,-1.69243869083856));
#6259=CARTESIAN_POINT('Ctrl Pts',(2.35796522451034,-6.74999999999815,-1.68284940825235));
#6260=CARTESIAN_POINT('Ctrl Pts',(3.10563757294886,6.44030397306689,-0.510974408249077));
#6261=CARTESIAN_POINT('Ctrl Pts',(4.54859279590473,5.74448340695151,-0.622408131599955));
#6262=CARTESIAN_POINT('Ctrl Pts',(5.74448340694921,4.54859279590763,-0.733841854950832));
#6263=CARTESIAN_POINT('Ctrl Pts',(6.44030397306532,3.10563757295212,-0.845275578301711));
#6264=CARTESIAN_POINT('Ctrl Pts',(3.04770310172696,6.32016258617813,-0.649912421735913));
#6265=CARTESIAN_POINT('Ctrl Pts',(4.46374055148,5.63732228437766,-0.761346145086791));
#6266=CARTESIAN_POINT('Ctrl Pts',(5.63732228437541,4.46374055148285,-0.872779868437669));
#6267=CARTESIAN_POINT('Ctrl Pts',(6.32016258617658,3.04770310173016,-0.984213591788547));
#6268=CARTESIAN_POINT('Ctrl Pts',(2.98976863050506,6.20002119928936,-0.78885043522275));
#6269=CARTESIAN_POINT('Ctrl Pts',(4.37888830705527,5.53016116180382,-0.900284158573628));
#6270=CARTESIAN_POINT('Ctrl Pts',(5.5301611618016,4.37888830705806,-1.01171788192451));
#6271=CARTESIAN_POINT('Ctrl Pts',(6.20002119928785,2.98976863050819,-1.12315160527538));
#6272=CARTESIAN_POINT('Ctrl Pts',(2.93183415928316,6.0798798124006,-0.927788448709587));
#6273=CARTESIAN_POINT('Ctrl Pts',(4.29403606263054,5.42300003922997,-1.03922217206046));
#6274=CARTESIAN_POINT('Ctrl Pts',(5.4230000392278,4.29403606263328,-1.15065589541134));
#6275=CARTESIAN_POINT('Ctrl Pts',(6.07987981239912,2.93183415928624,-1.26208961876222));
#6276=CARTESIAN_POINT('',(6.44030397306504,3.10563757295228,-0.845275578302643));
#6277=CARTESIAN_POINT('',(3.10563757294948,6.44030397306701,-0.510974408250014));
#6278=CARTESIAN_POINT('Ctrl Pts',(6.44030397306442,3.10563757295397,-0.845275578301566));
#6279=CARTESIAN_POINT('Ctrl Pts',(6.17685674830393,3.36908479771447,-0.948797007221772));
#6280=CARTESIAN_POINT('Ctrl Pts',(5.90980834459519,3.63613320142321,-1.0254371759109));
#6281=CARTESIAN_POINT('Ctrl Pts',(5.48265878480587,4.06328276121252,-1.09455816975333));
#6282=CARTESIAN_POINT('Ctrl Pts',(5.32705332649864,4.21888821951975,-1.10882476776896));
#6283=CARTESIAN_POINT('Ctrl Pts',(5.09639619367001,4.44954535234838,-1.11317149160683));
#6284=CARTESIAN_POINT('Ctrl Pts',(5.02215021266685,4.52379133335006,-1.11201179460418));
#6285=CARTESIAN_POINT('Ctrl Pts',(4.9077435633097,4.63819798270721,-1.10627874609005));
#6286=CARTESIAN_POINT('Ctrl Pts',(4.86762373907457,4.67831780694383,-1.10351962300318));
#6287=CARTESIAN_POINT('Ctrl Pts',(4.79453412840001,4.75140741761838,-1.09713501795006));
#6288=CARTESIAN_POINT('Ctrl Pts',(4.76157175113687,4.78436979488152,-1.09375105502181));
#6289=CARTESIAN_POINT('Ctrl Pts',(4.6898422310682,4.85609931495019,-1.08529569714883));
#6290=CARTESIAN_POINT('Ctrl Pts',(4.65110257695189,4.89483896906671,-1.08003352283653));
#6291=CARTESIAN_POINT('Ctrl Pts',(4.5459813820192,4.9999601639994,-1.06388536587321));
#6292=CARTESIAN_POINT('Ctrl Pts',(4.47975718560491,5.06618436040916,-1.05168284246373));
#6293=CARTESIAN_POINT('Ctrl Pts',(4.17069018133327,5.3752513646808,-0.985483587413702));
#6294=CARTESIAN_POINT('Ctrl Pts',(3.93197690888438,5.61396463713401,-0.907519889752132));
#6295=CARTESIAN_POINT('Ctrl Pts',(3.49622239088476,6.04971915513363,-0.723094082071914));
#6296=CARTESIAN_POINT('Ctrl Pts',(3.29916178094981,6.24677976506859,-0.622964931520202));
#6297=CARTESIAN_POINT('Ctrl Pts',(3.10563757295398,6.44030397306441,-0.510974408249476));
#6298=CARTESIAN_POINT('Ctrl Pts',(6.44030397306285,3.10563757295106,-0.845275578304495));
#6299=CARTESIAN_POINT('Ctrl Pts',(5.74448340694699,4.54859279590599,-0.73384185495362));
#6300=CARTESIAN_POINT('Ctrl Pts',(4.54859279590298,5.74448340694937,-0.622408131602745));
#6301=CARTESIAN_POINT('Ctrl Pts',(3.10563757294769,6.44030397306447,-0.51097440825187));
#6302=CARTESIAN_POINT('Origin',(0.,0.,0.));
#6303=CARTESIAN_POINT('',(6.74999999999772,2.3579652245234,-0.276599410044731));
#6304=CARTESIAN_POINT('',(6.75,2.35796522451032,0.));
#6305=CARTESIAN_POINT('',(6.74999999999996,-2.35796522451054,-0.610900580097451));
#6306=CARTESIAN_POINT('Ctrl Pts',(6.74999999999564,2.35796522452267,-0.276599410044742));
#6307=CARTESIAN_POINT('Ctrl Pts',(7.27830398230805,0.845622360633179,-0.388033133395632));
#6308=CARTESIAN_POINT('Ctrl Pts',(7.27830398230955,-0.845622360620122,-0.499466856746522));
#6309=CARTESIAN_POINT('Ctrl Pts',(6.74999999999987,-2.35796522451057,-0.610900580097412));
#6310=CARTESIAN_POINT('',(6.75,-2.35796522451032,0.));
#6311=CARTESIAN_POINT('Origin',(0.,0.,0.));
#6312=CARTESIAN_POINT('',(2.35796522451032,6.75,0.));
#6313=CARTESIAN_POINT('',(1.96381155085419,6.87502321397766,0.));
#6314=CARTESIAN_POINT('Origin',(0.,0.,0.));
#6315=CARTESIAN_POINT('',(3.10563757295589,6.4403039730625,0.));
#6316=CARTESIAN_POINT('',(6.44030397306259,3.10563757295577,-0.220275580097444));
#6317=CARTESIAN_POINT('Ctrl Pts',(4.48799328838323,5.56600541173175,4.85722573273506E-16));
#6318=CARTESIAN_POINT('Ctrl Pts',(5.30970328382203,4.90344246546623,-0.0734251933658149));
#6319=CARTESIAN_POINT('Ctrl Pts',(5.98181835417885,4.05642036184332,-0.14685038673163));
#6320=CARTESIAN_POINT('Ctrl Pts',(6.44030397306258,3.10563757295572,-0.220275580097446));
#6321=CARTESIAN_POINT('',(6.4403039730625,3.10563757295589,0.));
#6322=CARTESIAN_POINT('Origin',(0.,0.,0.));
#6323=CARTESIAN_POINT('',(2.35796522451035,-6.74999999999999,-1.05784941004569));
#6324=CARTESIAN_POINT('',(2.35796522451033,-6.75,0.));
#6325=CARTESIAN_POINT('Ctrl Pts',(2.35796522450988,-6.74999999999893,-1.0578494100445));
#6326=CARTESIAN_POINT('Ctrl Pts',(2.22782254729285,-6.79546250475485,-1.06743869263075));
#6327=CARTESIAN_POINT('Ctrl Pts',(2.09636472522062,-6.83716014838076,-1.077027975217));
#6328=CARTESIAN_POINT('Ctrl Pts',(1.96381155085079,-6.87502321397743,-1.08661725780326));
#6329=CARTESIAN_POINT('Ctrl Pts',(6.07982040209832,-2.93180551049513,-0.250341665822327));
#6330=CARTESIAN_POINT('Ctrl Pts',(5.42294704709564,-4.29399410419403,-0.361775389277667));
#6331=CARTESIAN_POINT('Ctrl Pts',(4.29399410078796,-5.42294704979263,-0.473209112733007));
#6332=CARTESIAN_POINT('Ctrl Pts',(2.93180550667649,-6.07982040393974,-0.584642836188346));
#6333=CARTESIAN_POINT('Ctrl Pts',(6.199981592422,-2.98974953131144,-0.389302580563493));
#6334=CARTESIAN_POINT('Ctrl Pts',(5.53012583349801,-4.37886033521374,-0.500736304018833));
#6335=CARTESIAN_POINT('Ctrl Pts',(4.37886033174035,-5.5301258362483,-0.612170027474172));
#6336=CARTESIAN_POINT('Ctrl Pts',(2.98974952741733,-6.19998159429981,-0.723603750929512));
#6337=CARTESIAN_POINT('Ctrl Pts',(6.32014278274568,-3.04769355212775,-0.528263495304658));
#6338=CARTESIAN_POINT('Ctrl Pts',(5.63730461990039,-4.46372656623345,-0.639697218759998));
#6339=CARTESIAN_POINT('Ctrl Pts',(4.46372656269275,-5.63730462270398,-0.751130942215338));
#6340=CARTESIAN_POINT('Ctrl Pts',(3.04769354815817,-6.32014278465988,-0.862564665670678));
#6341=CARTESIAN_POINT('Ctrl Pts',(6.44030397306936,-3.10563757294406,-0.667224410045824));
#6342=CARTESIAN_POINT('Ctrl Pts',(5.74448340630276,-4.54859279725316,-0.778658133501164));
#6343=CARTESIAN_POINT('Ctrl Pts',(4.54859279364514,-5.74448340915966,-0.890091856956504));
#6344=CARTESIAN_POINT('Ctrl Pts',(3.10563756889901,-6.44030397501996,-1.00152558041184));
#6345=CARTESIAN_POINT('Ctrl Pts',(6.44030397306472,-3.10563757295367,-0.667224410046566));
#6346=CARTESIAN_POINT('Ctrl Pts',(6.3569424286984,-3.18899911731998,-0.634467541347813));
#6347=CARTESIAN_POINT('Ctrl Pts',(6.2730736998066,-3.2727365903339,-0.604376550150684));
#6348=CARTESIAN_POINT('Ctrl Pts',(6.18871297876876,-3.35687053897402,-0.577150539283458));
#6349=CARTESIAN_POINT('Ctrl Pts',(6.1046043516828,-3.44075307132301,-0.550005887520199));
#6350=CARTESIAN_POINT('Ctrl Pts',(6.02000726116501,-3.52503005323219,-0.525709118910137));
#6351=CARTESIAN_POINT('Ctrl Pts',(5.93491041289763,-3.60976633204894,-0.5044575566816));
#6352=CARTESIAN_POINT('Ctrl Pts',(5.917324918049,-3.62727731424116,-0.500065863620055));
#6353=CARTESIAN_POINT('Ctrl Pts',(5.89971797334185,-3.64480805221092,-0.495804217148182));
#6354=CARTESIAN_POINT('Ctrl Pts',(5.88208930218634,-3.66235933339368,-0.491674358678117));
#6355=CARTESIAN_POINT('Ctrl Pts',(5.78989386164524,-3.75415003539444,-0.470075786802723));
#6356=CARTESIAN_POINT('Ctrl Pts',(5.69749795732433,-3.84610757719831,-0.452172132913206));
#6357=CARTESIAN_POINT('Ctrl Pts',(5.60485459326723,-3.93832728375336,-0.438100523107685));
#6358=CARTESIAN_POINT('Ctrl Pts',(5.51118795901197,-4.03156558109862,-0.423873488689716));
#6359=CARTESIAN_POINT('Ctrl Pts',(5.41726894544808,-4.12507254723506,-0.413563617716004));
#6360=CARTESIAN_POINT('Ctrl Pts',(5.32301091424087,-4.21898344526635,-0.407312630437601));
#6361=CARTESIAN_POINT('Ctrl Pts',(5.30611145109446,-4.23582067112392,-0.40619189485903));
#6362=CARTESIAN_POINT('Ctrl Pts',(5.28920098003547,-4.25267095955469,-0.405201630792432));
#6363=CARTESIAN_POINT('Ctrl Pts',(5.27227885355766,-4.26953518580849,-0.404342654999849));
#6364=CARTESIAN_POINT('Ctrl Pts',(5.17985458005747,-4.36164322327609,-0.399651151618886));
#6365=CARTESIAN_POINT('Ctrl Pts',(5.08750917506075,-4.45374135203407,-0.398896334198616));
#6366=CARTESIAN_POINT('Ctrl Pts',(4.99513763672034,-4.54595817022779,-0.402101530186944));
#6367=CARTESIAN_POINT('Ctrl Pts',(4.94690511519593,-4.59410990341696,-0.40377514835196));
#6368=CARTESIAN_POINT('Ctrl Pts',(4.89872446915182,-4.64223482800158,-0.406526403175977));
#6369=CARTESIAN_POINT('Ctrl Pts',(4.85057956926737,-4.69035040851304,-0.41035065676629));
#6370=CARTESIAN_POINT('Ctrl Pts',(4.81280418656707,-4.7281027866887,-0.413351237165538));
#6371=CARTESIAN_POINT('Ctrl Pts',(4.77507271409258,-4.76582749612362,-0.417010643178133));
#6372=CARTESIAN_POINT('Ctrl Pts',(4.73737726906178,-4.80353244431019,-0.421324311186112));
#6373=CARTESIAN_POINT('Ctrl Pts',(4.695613420516,-4.84530682167074,-0.426103545844697));
#6374=CARTESIAN_POINT('Ctrl Pts',(4.6539177400659,-4.88703300198817,-0.431683151640666));
#6375=CARTESIAN_POINT('Ctrl Pts',(4.61227962190234,-4.92872085387363,-0.438054083875742));
#6376=CARTESIAN_POINT('Ctrl Pts',(4.54413655492622,-4.99694531281683,-0.448480464344952));
#6377=CARTESIAN_POINT('Ctrl Pts',(4.4762299663828,-5.06498495400518,-0.461013700846705));
#6378=CARTESIAN_POINT('Ctrl Pts',(4.40851568282423,-5.13287629546395,-0.475597878001864));
#6379=CARTESIAN_POINT('Ctrl Pts',(4.31840704993853,-5.22322054252865,-0.49500530869671));
#6380=CARTESIAN_POINT('Ctrl Pts',(4.22892659744103,-5.31301992769352,-0.517987312187403));
#6381=CARTESIAN_POINT('Ctrl Pts',(4.13997472752489,-5.40233266249783,-0.544332417132879));
#6382=CARTESIAN_POINT('Ctrl Pts',(4.0522960712905,-5.49036701837639,-0.570300431095385));
#6383=CARTESIAN_POINT('Ctrl Pts',(3.96513043330196,-5.57792802212044,-0.599535959945682));
#6384=CARTESIAN_POINT('Ctrl Pts',(3.87842038080498,-5.66503805209887,-0.631836483679146));
#6385=CARTESIAN_POINT('Ctrl Pts',(3.84835684684034,-5.6952402636015,-0.643035506910859));
#6386=CARTESIAN_POINT('Ctrl Pts',(3.81834845374037,-5.72538800356344,-0.654602973657281));
#6387=CARTESIAN_POINT('Ctrl Pts',(3.78839406728165,-5.75548143700694,-0.666530443194935));
#6388=CARTESIAN_POINT('Ctrl Pts',(3.70667535812335,-5.83757948092893,-0.699069831557484));
#6389=CARTESIAN_POINT('Ctrl Pts',(3.62552486514182,-5.91911265236557,-0.734227685198081));
#6390=CARTESIAN_POINT('Ctrl Pts',(3.54489371547712,-6.00006923436723,-0.771773365507823));
#6391=CARTESIAN_POINT('Ctrl Pts',(3.46426768590958,-6.08102067560672,-0.80931666165795));
#6392=CARTESIAN_POINT('Ctrl Pts',(3.38416063745643,-6.1613950390839,-0.849247481231731));
#6393=CARTESIAN_POINT('Ctrl Pts',(3.30456952408106,-6.24115590483749,-0.89133522955429));
#6394=CARTESIAN_POINT('Ctrl Pts',(3.23788767848357,-6.30797996985364,-0.926596562335947));
#6395=CARTESIAN_POINT('Ctrl Pts',(3.17156872661201,-6.37437281940347,-0.963371881128207));
#6396=CARTESIAN_POINT('Ctrl Pts',(3.10563757295367,-6.44030397306472,-1.00152558009872));
#6397=CARTESIAN_POINT('Ctrl Pts',(6.3721817923114,2.22598267712838,0.140283334177638));
#6398=CARTESIAN_POINT('Ctrl Pts',(6.8709149800004,0.798290282903149,0.0288496108266856));
#6399=CARTESIAN_POINT('Ctrl Pts',(6.87091498000154,-0.798290282893391,-0.0825841125242665));
#6400=CARTESIAN_POINT('Ctrl Pts',(6.37218179231456,-2.22598267711933,-0.194017835875219));
#6401=CARTESIAN_POINT('Ctrl Pts',(6.49812119487315,2.26997685959326,0.00132241943647176));
#6402=CARTESIAN_POINT('Ctrl Pts',(7.00671131410341,0.814067642146256,-0.11011130391448));
#6403=CARTESIAN_POINT('Ctrl Pts',(7.00671131410457,-0.814067642136303,-0.221545027265433));
#6404=CARTESIAN_POINT('Ctrl Pts',(6.49812119487637,-2.26997685958404,-0.332978750616385));
#6405=CARTESIAN_POINT('Ctrl Pts',(6.6240605974349,2.31397104205815,-0.137638495304694));
#6406=CARTESIAN_POINT('Ctrl Pts',(7.14250764820643,0.82984500138936,-0.249072218655646));
#6407=CARTESIAN_POINT('Ctrl Pts',(7.14250764820761,-0.829845001379219,-0.360505942006598));
#6408=CARTESIAN_POINT('Ctrl Pts',(6.62406059743819,-2.31397104204874,-0.471939665357551));
#6409=CARTESIAN_POINT('Ctrl Pts',(6.74999999999666,2.35796522452303,-0.27659941004586));
#6410=CARTESIAN_POINT('Ctrl Pts',(7.27830398230944,0.845622360632466,-0.388033133396812));
#6411=CARTESIAN_POINT('Ctrl Pts',(7.27830398231064,-0.84562236062213,-0.499466856747764));
#6412=CARTESIAN_POINT('Ctrl Pts',(6.75,-2.35796522451345,-0.610900580098717));
#6413=CARTESIAN_POINT('Ctrl Pts',(6.75,2.35796522451346,-0.276599410046566));
#6414=CARTESIAN_POINT('Ctrl Pts',(6.75,2.24007419787855,-0.243842541344563));
#6415=CARTESIAN_POINT('Ctrl Pts',(6.74990718807884,2.12155871593026,-0.213751550144712));
#6416=CARTESIAN_POINT('Ctrl Pts',(6.74974683577893,2.00241499239521,-0.186525539275353));
#6417=CARTESIAN_POINT('Ctrl Pts',(6.74958696265756,1.88362730438095,-0.159380887513055));
#6418=CARTESIAN_POINT('Ctrl Pts',(6.74936061169017,1.76421530260283,-0.135084118903889));
#6419=CARTESIAN_POINT('Ctrl Pts',(6.74910565058716,1.6441251467731,-0.113832556676179));
#6420=CARTESIAN_POINT('Ctrl Pts',(6.74905296218268,1.61930818987193,-0.109440863616546));
#6421=CARTESIAN_POINT('Ctrl Pts',(6.74899907588205,1.5944620961861,-0.105179217146479));
#6422=CARTESIAN_POINT('Ctrl Pts',(6.74894435290767,1.56958611333611,-0.101049358678112));
#6423=CARTESIAN_POINT('Ctrl Pts',(6.74865815954192,1.4394882643085,-0.0794507868040707));
#6424=CARTESIAN_POINT('Ctrl Pts',(6.74834819043437,1.30913069242668,-0.0615471329154442));
#6425=CARTESIAN_POINT('Ctrl Pts',(6.74804861934271,1.17841276161403,-0.0474755231103246));
#6426=CARTESIAN_POINT('Ctrl Pts',(6.74774573940993,1.04625101704112,-0.0332484886917683));
#6427=CARTESIAN_POINT('Ctrl Pts',(6.74745437788081,0.913720835823513,-0.0229386177175163));
#6428=CARTESIAN_POINT('Ctrl Pts',(6.74720891765915,0.780665309949388,-0.0166876304386243));
#6429=CARTESIAN_POINT('Ctrl Pts',(6.74716490925034,0.756809868372622,-0.0155668948596317));
#6430=CARTESIAN_POINT('Ctrl Pts',(6.74712235370598,0.732937406392111,-0.0145766307926927));
#6431=CARTESIAN_POINT('Ctrl Pts',(6.74708141206512,0.709046847256741,-0.0137176549998479));
#6432=CARTESIAN_POINT('Ctrl Pts',(6.74685779942302,0.578562798823329,-0.00902615161888475));
#6433=CARTESIAN_POINT('Ctrl Pts',(6.74668294871877,0.448141525359307,-0.00827133419861567));
#6434=CARTESIAN_POINT('Ctrl Pts',(6.74657354505478,0.317617846725876,-0.0114765301869436));
#6435=CARTESIAN_POINT('Ctrl Pts',(6.74651641907557,0.249463886618217,-0.0131501483519605));
#6436=CARTESIAN_POINT('Ctrl Pts',(6.74647701805418,0.181365564560536,-0.0159014031759815));
#6437=CARTESIAN_POINT('Ctrl Pts',(6.74645628612714,0.11329912611236,-0.0197256567662903));
#6438=CARTESIAN_POINT('Ctrl Pts',(6.74644001947212,0.0598929342291621,-0.0227262371655357));
#6439=CARTESIAN_POINT('Ctrl Pts',(6.7464352372813,0.00653735631859009,-0.0263856431781256));
#6440=CARTESIAN_POINT('Ctrl Pts',(6.74644195702748,-0.0467787730296536,
-0.0306993111861113));
#6441=CARTESIAN_POINT('Ctrl Pts',(6.74644940202414,-0.105849219056325,-0.0354785458446957));
#6442=CARTESIAN_POINT('Ctrl Pts',(6.74647096868745,-0.164837382504259,-0.0410581516406634));
#6443=CARTESIAN_POINT('Ctrl Pts',(6.74650613573973,-0.223757740974903,-0.0474290838757417));
#6444=CARTESIAN_POINT('Ctrl Pts',(6.74656368855203,-0.320184143286118,-0.0578554643449513));
#6445=CARTESIAN_POINT('Ctrl Pts',(6.74665777097988,-0.41631264420622,-0.0703887008467047));
#6446=CARTESIAN_POINT('Ctrl Pts',(6.746782969822,-0.51220030122304,-0.0849728780018641));
#6447=CARTESIAN_POINT('Ctrl Pts',(6.74694957420605,-0.639799756329332,-0.104380308698034));
#6448=CARTESIAN_POINT('Ctrl Pts',(6.74717509365803,-0.766569745279003,-0.127362312190537));
#6449=CARTESIAN_POINT('Ctrl Pts',(6.74743026366743,-0.892621856130861,-0.153707417138268));
#6450=CARTESIAN_POINT('Ctrl Pts',(6.74768178129775,-1.01686971853813,-0.179675431101141));
#6451=CARTESIAN_POINT('Ctrl Pts',(6.74796134710414,-1.14042011176068,-0.208910959951771));
#6452=CARTESIAN_POINT('Ctrl Pts',(6.74824417389292,-1.26332947078491,-0.241211483685531));
#6453=CARTESIAN_POINT('Ctrl Pts',(6.74834223372018,-1.30594378806993,-0.252410506915257));
#6454=CARTESIAN_POINT('Ctrl Pts',(6.74844076683094,-1.34848059767986,-0.263977973659548));
#6455=CARTESIAN_POINT('Ctrl Pts',(6.74853908789646,-1.39094081832009,-0.275905443194935));
#6456=CARTESIAN_POINT('Ctrl Pts',(6.74880731807937,-1.50677675529048,-0.308444831556195));
#6457=CARTESIAN_POINT('Ctrl Pts',(6.7490779126089,-1.62181147758425,-0.343602685195296));
#6458=CARTESIAN_POINT('Ctrl Pts',(6.74930802801981,-1.73607125839752,-0.381148365503362));
#6459=CARTESIAN_POINT('Ctrl Pts',(6.74953812881834,-1.85032378369034,-0.418691661652718));
#6460=CARTESIAN_POINT('Ctrl Pts',(6.7497271490829,-1.96380127831887,-0.458622481225661));
#6461=CARTESIAN_POINT('Ctrl Pts',(6.74984718213871,-2.07648014335464,-0.500710229547326));
#6462=CARTESIAN_POINT('Ctrl Pts',(6.74994774645243,-2.17088307808422,-0.535971562331106));
#6463=CARTESIAN_POINT('Ctrl Pts',(6.75,-2.26472449281886,-0.572746881125697));
#6464=CARTESIAN_POINT('Ctrl Pts',(6.75,-2.35796522451345,-0.610900580098717));
#6465=CARTESIAN_POINT('Ctrl Pts',(4.37933840431714,5.43125171807808,0.180315002545946));
#6466=CARTESIAN_POINT('Ctrl Pts',(5.18115469703764,4.78472950438097,0.106889809179999));
#6467=CARTESIAN_POINT('Ctrl Pts',(5.83699777669638,3.95821391281099,0.0334646158140512));
#6468=CARTESIAN_POINT('Ctrl Pts',(6.2843834008694,3.03044969526476,-0.0399605775518962));
#6469=CARTESIAN_POINT('Ctrl Pts',(4.41555669900529,5.47616961596352,0.120210001697006));
#6470=CARTESIAN_POINT('Ctrl Pts',(5.22400422596585,4.82430049140996,0.0467848083310586));
#6471=CARTESIAN_POINT('Ctrl Pts',(5.88527130252441,3.99094939582176,-0.0266403850348889));
#6472=CARTESIAN_POINT('Ctrl Pts',(6.3363569249345,3.05551232116107,-0.100065578400836));
#6473=CARTESIAN_POINT('Ctrl Pts',(4.45177499369345,5.52108751384895,0.0601050008480659));
#6474=CARTESIAN_POINT('Ctrl Pts',(5.26685375489406,4.86387147843894,-0.0133201925178814));
#6475=CARTESIAN_POINT('Ctrl Pts',(5.93354482835243,4.02368487883253,-0.0867453858838287));
#6476=CARTESIAN_POINT('Ctrl Pts',(6.38833044899961,3.08057494705737,-0.160170579249776));
#6477=CARTESIAN_POINT('Ctrl Pts',(4.4879932883816,5.56600541173439,-8.74023076136154E-13));
#6478=CARTESIAN_POINT('Ctrl Pts',(5.30970328382227,4.90344246546793,-0.0734251933668214));
#6479=CARTESIAN_POINT('Ctrl Pts',(5.98181835418046,4.0564203618433,-0.146850386732769));
#6480=CARTESIAN_POINT('Ctrl Pts',(6.44030397306472,3.10563757295368,-0.220275580098716));
#6481=CARTESIAN_POINT('Ctrl Pts',(6.02088905793438,3.52505248808402,-2.55004350968591E-15));
#6482=CARTESIAN_POINT('Ctrl Pts',(6.16242106402072,3.38352048199768,-0.0665440907022585));
#6483=CARTESIAN_POINT('Ctrl Pts',(6.30223649655464,3.24370504946375,-0.140377312830818));
#6484=CARTESIAN_POINT('Ctrl Pts',(6.44030397306472,3.10563757295368,-0.220275580098715));
#6485=CARTESIAN_POINT('Ctrl Pts',(2.33020198985261,-6.67052391951648,-0.970155895392875));
#6486=CARTESIAN_POINT('Ctrl Pts',(2.20159164298852,-6.71545113809695,-0.979745177979198));
#6487=CARTESIAN_POINT('Ctrl Pts',(2.07168163609267,-6.75665782390383,-0.989334460565521));
#6488=CARTESIAN_POINT('Ctrl Pts',(1.94068917383362,-6.79407508090097,-0.998923743151844));
#6489=CARTESIAN_POINT('Ctrl Pts',(2.33945640140623,-6.69701594634432,-0.999387066944105));
#6490=CARTESIAN_POINT('Ctrl Pts',(2.2103352777575,-6.74212159365007,-1.00897634953043));
#6491=CARTESIAN_POINT('Ctrl Pts',(2.07990933246919,-6.78349193206341,-1.01856563211675));
#6492=CARTESIAN_POINT('Ctrl Pts',(1.94839663283955,-6.82105779192716,-1.02815491470307));
#6493=CARTESIAN_POINT('Ctrl Pts',(2.34871081295984,-6.72350797317216,-1.02861823849534));
#6494=CARTESIAN_POINT('Ctrl Pts',(2.21907891252648,-6.76879204920319,-1.03820752108166));
#6495=CARTESIAN_POINT('Ctrl Pts',(2.08813702884571,-6.810326040223,-1.04779680366798));
#6496=CARTESIAN_POINT('Ctrl Pts',(1.95610409184547,-6.84804050295335,-1.05738608625431));
#6497=CARTESIAN_POINT('Ctrl Pts',(2.35796522451346,-6.75,-1.05784941004657));
#6498=CARTESIAN_POINT('Ctrl Pts',(2.22782254729546,-6.79546250475631,-1.06743869263289));
#6499=CARTESIAN_POINT('Ctrl Pts',(2.09636472522223,-6.83716014838258,-1.07702797521921));
#6500=CARTESIAN_POINT('Ctrl Pts',(1.96381155085139,-6.87502321397953,-1.08661725780554));
#6501=CARTESIAN_POINT('Ctrl Pts',(2.35796522451346,-6.75,-1.05784941004657));
#6502=CARTESIAN_POINT('Ctrl Pts',(2.26864577505907,-6.75,-1.0330313593278));
#6503=CARTESIAN_POINT('Ctrl Pts',(2.17893779934005,-6.75000003067749,-1.0097320011146));
#6504=CARTESIAN_POINT('Ctrl Pts',(2.08883470998035,-6.74999982622341,-0.988043910704848));
#6505=CARTESIAN_POINT('Ctrl Pts',(-6.09059930849069,3.74527703426936,0.219544261814679));
#6506=CARTESIAN_POINT('Ctrl Pts',(-5.37880816849996,4.90279744874067,0.12502098177593));
#6507=CARTESIAN_POINT('Ctrl Pts',(-4.32961947467425,5.8500765244073,0.0304977017371816));
#6508=CARTESIAN_POINT('Ctrl Pts',(-3.10563757295396,6.44030397306443,-0.064025578301567));
#6509=CARTESIAN_POINT('Ctrl Pts',(-5.97696321534987,3.67539907508214,0.080583855532983));
#6510=CARTESIAN_POINT('Ctrl Pts',(-5.27845240463118,4.81132291244027,-0.0139394245057655));
#6511=CARTESIAN_POINT('Ctrl Pts',(-4.24883907574002,5.74092801419719,-0.108462704544514));
#6512=CARTESIAN_POINT('Ctrl Pts',(-3.04769376436851,6.32014322285416,-0.202985984583263));
#6513=CARTESIAN_POINT('Ctrl Pts',(-5.86332712220904,3.60552111589492,-0.0583765507487128));
#6514=CARTESIAN_POINT('Ctrl Pts',(-5.17809664076239,4.71984837613988,-0.152899830787461));
#6515=CARTESIAN_POINT('Ctrl Pts',(-4.16805867680579,5.63177950398708,-0.24742311082621));
#6516=CARTESIAN_POINT('Ctrl Pts',(-2.98974995578306,6.1999824726439,-0.341946390864958));
#6517=CARTESIAN_POINT('Ctrl Pts',(-5.74969102906822,3.5356431567077,-0.197336957030408));
#6518=CARTESIAN_POINT('Ctrl Pts',(-5.0777408768936,4.62837383983948,-0.291860237069157));
#6519=CARTESIAN_POINT('Ctrl Pts',(-4.08727827787156,5.52263099377696,-0.386383517107906));
#6520=CARTESIAN_POINT('Ctrl Pts',(-2.93180614719761,6.07982172243363,-0.480906797146654));
#6521=CARTESIAN_POINT('',(-3.10563757295595,6.44030397306246,-0.0640255783023154));
#6522=CARTESIAN_POINT('Ctrl Pts',(-3.10563757295396,6.44030397306443,-0.0640255783015669));
#6523=CARTESIAN_POINT('Ctrl Pts',(-3.18879290278951,6.35714864322887,-0.096701415273219));
#6524=CARTESIAN_POINT('Ctrl Pts',(-3.27236912646132,6.27347652752288,-0.126738655090163));
#6525=CARTESIAN_POINT('Ctrl Pts',(-3.35639121078073,6.18929783591892,-0.153930319708943));
#6526=CARTESIAN_POINT('Ctrl Pts',(-3.40178678461412,6.14381765007421,-0.168621471789416));
#6527=CARTESIAN_POINT('Ctrl Pts',(-3.44731330532956,6.09818919105297,-0.182481988948145));
#6528=CARTESIAN_POINT('Ctrl Pts',(-3.49298006098546,6.05241065373991,-0.195479228606739));
#6529=CARTESIAN_POINT('Ctrl Pts',(-3.58204678074124,5.96312591925134,-0.220828555171416));
#6530=CARTESIAN_POINT('Ctrl Pts',(-3.67133633425834,5.87358496561376,-0.242802560960898));
#6531=CARTESIAN_POINT('Ctrl Pts',(-3.76091025137934,5.78375891165064,-0.261249203106817));
#6532=CARTESIAN_POINT('Ctrl Pts',(-3.85110967337668,5.69330559211087,-0.279824660258097));
#6533=CARTESIAN_POINT('Ctrl Pts',(-3.9415980071558,5.60256378001831,-0.294823317792855));
#6534=CARTESIAN_POINT('Ctrl Pts',(-4.03247836209562,5.51146987676325,-0.306089925350289));
#6535=CARTESIAN_POINT('Ctrl Pts',(-4.08834173851691,5.45547523402014,-0.313015412595454));
#6536=CARTESIAN_POINT('Ctrl Pts',(-4.14435399832841,5.39934684423043,-0.318530761294204));
#6537=CARTESIAN_POINT('Ctrl Pts',(-4.20054505351573,5.34306219147862,-0.322599913240316));
#6538=CARTESIAN_POINT('Ctrl Pts',(-4.30501119338826,5.23842204212662,-0.330164971325593));
#6539=CARTESIAN_POINT('Ctrl Pts',(-4.40948904765299,5.13384570618746,-0.332691206032268));
#6540=CARTESIAN_POINT('Ctrl Pts',(-4.51415485601599,5.02917419445532,-0.330124898148147));
#6541=CARTESIAN_POINT('Ctrl Pts',(-4.56769954860581,4.97562658414908,-0.328812032285883));
#6542=CARTESIAN_POINT('Ctrl Pts',(-4.62121136863299,4.92213569082946,-0.326168405866507));
#6543=CARTESIAN_POINT('Ctrl Pts',(-4.6747129508845,4.86867808963815,-0.322199086410563));
#6544=CARTESIAN_POINT('Ctrl Pts',(-4.71532571677624,4.82809870953475,-0.319185997170398));
#6545=CARTESIAN_POINT('Ctrl Pts',(-4.75590473178699,4.78756630047122,-0.315411075310285));
#6546=CARTESIAN_POINT('Ctrl Pts',(-4.79645922629194,4.74707046630562,-0.310879705318996));
#6547=CARTESIAN_POINT('Ctrl Pts',(-4.84004913980562,4.70354360373487,-0.306009171770745));
#6548=CARTESIAN_POINT('Ctrl Pts',(-4.88358307637225,4.6600866115529,-0.30026780401458));
#6549=CARTESIAN_POINT('Ctrl Pts',(-4.92707147884371,4.61668672008791,-0.293665701272526));
#6550=CARTESIAN_POINT('Ctrl Pts',(-4.99536121085121,4.54853597669731,-0.283298435488578));
#6551=CARTESIAN_POINT('Ctrl Pts',(-5.06345477244459,4.48060996764725,-0.27082147958614));
#6552=CARTESIAN_POINT('Ctrl Pts',(-5.13138597192403,4.41286171930277,-0.256290534438912));
#6553=CARTESIAN_POINT('Ctrl Pts',(-5.22703752654409,4.3174677718001,-0.235830016972975));
#6554=CARTESIAN_POINT('Ctrl Pts',(-5.3220657730804,4.22273206032381,-0.211358848153532));
#6555=CARTESIAN_POINT('Ctrl Pts',(-5.41653199639043,4.12853338299273,-0.1831221158854));
#6556=CARTESIAN_POINT('Ctrl Pts',(-5.50484917134892,4.04046633876039,-0.156723384819416));
#6557=CARTESIAN_POINT('Ctrl Pts',(-5.59267422694779,3.95286845252873,-0.127033355789262));
#6558=CARTESIAN_POINT('Ctrl Pts',(-5.68002443449658,3.86568096193772,-0.0942523042495798));
#6559=CARTESIAN_POINT('Ctrl Pts',(-5.68610615812493,3.85961056741315,-0.0919699365105011));
#6560=CARTESIAN_POINT('Ctrl Pts',(-5.69218556891492,3.85354218028428,-0.0896725847754899));
#6561=CARTESIAN_POINT('Ctrl Pts',(-5.6982626679428,3.84747578898189,-0.0873603166397585));
#6562=CARTESIAN_POINT('Ctrl Pts',(-5.7696352125276,3.77622900137613,-0.0602038625730507));
#6563=CARTESIAN_POINT('Ctrl Pts',(-5.84058314603233,3.70535723843818,-0.0310324716342236));
#6564=CARTESIAN_POINT('Ctrl Pts',(-5.91106505940144,3.63487648651936,-7.96114008050353E-11));
#6565=CARTESIAN_POINT('Ctrl Pts',(-3.10563757295595,6.44030397306247,-0.0640255783023178));
#6566=CARTESIAN_POINT('Ctrl Pts',(-3.38199329913987,6.30703996404548,-0.0426837188682131));
#6567=CARTESIAN_POINT('Ctrl Pts',(-3.64943833202187,6.15557400325043,-0.0213418594341084));
#6568=CARTESIAN_POINT('Ctrl Pts',(-3.90610107364072,5.987595896903,-3.72475223644482E-15));
#6569=CARTESIAN_POINT('Origin',(0.,0.,0.));
#6570=CARTESIAN_POINT('',(-2.35796522451032,6.75,0.));
#6571=CARTESIAN_POINT('',(-1.96381155085419,6.87502321397766,0.));
#6572=CARTESIAN_POINT('Origin',(0.,0.,0.));
#6573=CARTESIAN_POINT('',(-3.10563757295589,6.4403039730625,0.));
#6574=CARTESIAN_POINT('Origin',(-2.79594154601839,-6.75,0.));
#6575=CARTESIAN_POINT('',(-2.79594154601839,-6.75,-12.5));
#6576=CARTESIAN_POINT('',(-6.75,-2.79594154601839,-12.5));
#6577=CARTESIAN_POINT('',(-3.78445853813043,-5.76148300788796,-12.5));
#6578=CARTESIAN_POINT('',(-2.79594154601839,-6.75,0.));
#6579=CARTESIAN_POINT('',(-6.75,-2.79594154601839,0.));
#6580=CARTESIAN_POINT('Origin',(-6.75,-2.79594154601839,0.));
#6581=CARTESIAN_POINT('',(-6.75,2.79594154601839,-12.5));
#6582=CARTESIAN_POINT('',(-6.75,-1.3979707730092,-12.5));
#6583=CARTESIAN_POINT('',(-6.75,2.79594154601839,0.));
#6584=CARTESIAN_POINT('Origin',(6.75,2.79594154601839,0.));
#6585=CARTESIAN_POINT('',(6.75,2.79594154601839,-12.5));
#6586=CARTESIAN_POINT('',(6.75,-2.79594154601839,-12.5));
#6587=CARTESIAN_POINT('',(6.75,1.3979707730092,-12.5));
#6588=CARTESIAN_POINT('',(6.75,2.79594154601839,0.));
#6589=CARTESIAN_POINT('',(6.75,-2.79594154601839,0.));
#6590=CARTESIAN_POINT('Origin',(6.75,-2.79594154601839,0.));
#6591=CARTESIAN_POINT('',(2.79594154601839,-6.75,-12.5));
#6592=CARTESIAN_POINT('',(5.76148300788796,-3.78445853813043,-12.5));
#6593=CARTESIAN_POINT('',(2.79594154601839,-6.75,0.));
#6594=CARTESIAN_POINT('Origin',(2.79594154601839,-6.75,0.));
#6595=CARTESIAN_POINT('',(1.39796601577592,-6.75,-12.5));
#6596=CARTESIAN_POINT('Origin',(2.79594154601839,-6.75,0.));
#6597=CARTESIAN_POINT('',(1.39796601577592,-6.75,-12.5));
#6598=CARTESIAN_POINT('Origin',(-6.75,2.79594154601839,0.));
#6599=CARTESIAN_POINT('',(-3.10563757295589,6.4403039730625,-12.5));
#6600=CARTESIAN_POINT('',(-2.79594154601839,6.75,-12.5));
#6601=CARTESIAN_POINT('',(-5.76148776512124,3.78445378089715,-12.5));
#6602=CARTESIAN_POINT('',(-3.10563757295589,6.4403039730625,0.));
#6603=CARTESIAN_POINT('',(-6.44030397306254,3.10563757295584,-12.2297244082506));
#6604=CARTESIAN_POINT('',(-6.4403039730625,3.10563757295589,0.));
#6605=CARTESIAN_POINT('',(-5.9110650594749,3.6348764865435,-12.5));
#6606=CARTESIAN_POINT('Ctrl Pts',(-5.9110650594749,3.63487648654349,-12.5));
#6607=CARTESIAN_POINT('Ctrl Pts',(-6.09022201149102,3.45571953452738,-12.4211204418583));
#6608=CARTESIAN_POINT('Ctrl Pts',(-6.26668604952531,3.27925549649308,-12.3301953638353));
#6609=CARTESIAN_POINT('Ctrl Pts',(-6.44030397306445,3.10563757295394,-12.2297244082495));
#6610=CARTESIAN_POINT('',(-5.76148776512124,3.78445378089715,-12.5));
#6611=CARTESIAN_POINT('',(-2.79594154601839,6.75,0.));
#6612=CARTESIAN_POINT('Ctrl Pts',(-6.44030397306445,3.10563757295392,-12.2297244082495));
#6613=CARTESIAN_POINT('Ctrl Pts',(-5.87774599242005,4.27224002179574,-12.319816500143));
#6614=CARTESIAN_POINT('Ctrl Pts',(-4.99144290580355,5.28066572255305,-12.4099085920365));
#6615=CARTESIAN_POINT('Ctrl Pts',(-3.90671126349951,5.98833091133572,-12.50000068393));
#6616=CARTESIAN_POINT('Ctrl Pts',(-6.37702311026228,3.07512233237067,-12.3029058288836));
#6617=CARTESIAN_POINT('Ctrl Pts',(-5.81999268771768,4.23026202886127,-12.3929979207771));
#6618=CARTESIAN_POINT('Ctrl Pts',(-4.94239819999027,5.22877918358058,-12.4830900126706));
#6619=CARTESIAN_POINT('Ctrl Pts',(-3.86832486737486,5.92949102607579,-12.5731821045641));
#6620=CARTESIAN_POINT('Ctrl Pts',(-6.31374224746012,3.04460709178742,-12.3760872495176));
#6621=CARTESIAN_POINT('Ctrl Pts',(-5.7622393830153,4.18828403592679,-12.4661793414111));
#6622=CARTESIAN_POINT('Ctrl Pts',(-4.89335349417701,5.1768926446081,-12.5562714333046));
#6623=CARTESIAN_POINT('Ctrl Pts',(-3.82993847125022,5.87065114081586,-12.6463635251981));
#6624=CARTESIAN_POINT('Ctrl Pts',(-6.25046138465796,3.01409185120416,-12.4492686701517));
#6625=CARTESIAN_POINT('Ctrl Pts',(-5.70448607831293,4.14630604299232,-12.5393607620452));
#6626=CARTESIAN_POINT('Ctrl Pts',(-4.84430878836373,5.12500610563564,-12.6294528539387));
#6627=CARTESIAN_POINT('Ctrl Pts',(-3.79155207512557,5.81181125555593,-12.7195449458322));
#6628=CARTESIAN_POINT('',(-3.90671949819708,5.98832553911414,-12.5));
#6629=CARTESIAN_POINT('Ctrl Pts',(-5.91061428228373,3.63450667617224,-12.5000000000896));
#6630=CARTESIAN_POINT('Ctrl Pts',(-5.82314134867289,3.80095247246341,-12.5000000000794));
#6631=CARTESIAN_POINT('Ctrl Pts',(-5.72893133407425,3.96371794911781,-12.5000000000658));
#6632=CARTESIAN_POINT('Ctrl Pts',(-5.62832333470891,4.12247877695489,-12.5000000000523));
#6633=CARTESIAN_POINT('Ctrl Pts',(-5.52702874179062,4.28232305900577,-12.5000000000387));
#6634=CARTESIAN_POINT('Ctrl Pts',(-5.41924821838407,4.43810845937424,-12.5000000000251));
#6635=CARTESIAN_POINT('Ctrl Pts',(-5.30527887537775,4.58948425626564,-12.5000000000152));
#6636=CARTESIAN_POINT('Ctrl Pts',(-5.19933299433428,4.73020317020573,-12.500000000006));
#6637=CARTESIAN_POINT('Ctrl Pts',(-5.08803828767428,4.86711169483574,-12.5));
#6638=CARTESIAN_POINT('Ctrl Pts',(-4.97159966512613,4.99990590450329,-12.5));
#6639=CARTESIAN_POINT('Ctrl Pts',(-4.84466150192606,5.14467447604694,-12.5));
#6640=CARTESIAN_POINT('Ctrl Pts',(-4.71197533030759,5.2841370052744,-12.5));
#6641=CARTESIAN_POINT('Ctrl Pts',(-4.57387743064045,5.41794651819984,-12.5));
#6642=CARTESIAN_POINT('Ctrl Pts',(-4.43595237016029,5.55158855915443,-12.5));
#6643=CARTESIAN_POINT('Ctrl Pts',(-4.29262870957148,5.67959232304956,-12.5));
#6644=CARTESIAN_POINT('Ctrl Pts',(-4.14419778767978,5.80158458112237,-12.5));
#6645=CARTESIAN_POINT('Ctrl Pts',(-4.06642850890921,5.86550151840877,-12.5));
#6646=CARTESIAN_POINT('Ctrl Pts',(-3.98725651845925,5.92776769009914,-12.5));
#6647=CARTESIAN_POINT('Ctrl Pts',(-3.90671949818616,5.98832553912215,-12.5));
#6648=CARTESIAN_POINT('Ctrl Pts',(-3.90671949819539,5.98832553911118,-12.5000000000034));
#6649=CARTESIAN_POINT('Ctrl Pts',(-4.99144739135692,5.28066061893071,-12.4099081360869));
#6650=CARTESIAN_POINT('Ctrl Pts',(-5.87774741596182,4.27223706972082,-12.3198162721704));
#6651=CARTESIAN_POINT('Ctrl Pts',(-6.4403039730596,3.10563757295442,-12.229724408254));
#6652=CARTESIAN_POINT('Origin',(0.,0.,0.));
#6653=CARTESIAN_POINT('Origin',(0.,0.,-12.5));
#6654=CARTESIAN_POINT('Origin',(-2.79594154601839,6.75,0.));
#6655=CARTESIAN_POINT('',(-2.35796522451032,6.75,-12.5));
#6656=CARTESIAN_POINT('',(-1.39797553024248,6.75,-12.5));
#6657=CARTESIAN_POINT('',(-2.08883476483185,6.75,0.));
#6658=CARTESIAN_POINT('',(-2.08883476483185,6.75,0.));
#6659=CARTESIAN_POINT('',(-2.08883476483185,6.75,0.));
#6660=CARTESIAN_POINT('',(-2.08883476483185,6.75,0.));
#6661=CARTESIAN_POINT('',(-2.35796522451032,6.75,0.));
#6662=CARTESIAN_POINT('Origin',(0.,0.,0.));
#6663=CARTESIAN_POINT('',(-1.96381155085419,6.87502321397766,-12.5));
#6664=CARTESIAN_POINT('Origin',(0.,0.,-12.5));
#6665=CARTESIAN_POINT('',(-1.96381155085419,6.87502321397766,0.));
#6666=CARTESIAN_POINT('Origin',(-4.41941738241592,4.41941738241592,0.));
#6667=CARTESIAN_POINT('',(-1.28883476483185,7.55,-12.5));
#6668=CARTESIAN_POINT('',(-4.41941976103256,4.41941500379928,-12.5));
#6669=CARTESIAN_POINT('',(-1.28883476483185,7.55,0.));
#6670=CARTESIAN_POINT('Origin',(-1.28883476483185,7.55,0.));
#6671=CARTESIAN_POINT('',(1.28883476483184,7.55,-12.5));
#6672=CARTESIAN_POINT('',(-0.644422139649204,7.55,-12.5));
#6673=CARTESIAN_POINT('',(1.28883476483184,7.55,0.));
#6674=CARTESIAN_POINT('Origin',(1.28883476483184,7.55,0.));
#6675=CARTESIAN_POINT('',(1.96381155085419,6.87502321397766,-12.5));
#6676=CARTESIAN_POINT('',(2.85412369500724,5.9847110698246,-12.5));
#6677=CARTESIAN_POINT('',(2.08883476483184,6.75,0.));
#6678=CARTESIAN_POINT('',(2.08883476483184,6.75,0.));
#6679=CARTESIAN_POINT('',(2.08883476483184,6.75,0.));
#6680=CARTESIAN_POINT('',(2.08883476483184,6.75,0.));
#6681=CARTESIAN_POINT('',(1.96381155085419,6.87502321397766,0.));
#6682=CARTESIAN_POINT('Origin',(0.,0.,0.));
#6683=CARTESIAN_POINT('',(2.35796522451032,6.75,-12.5));
#6684=CARTESIAN_POINT('Origin',(0.,0.,-12.5));
#6685=CARTESIAN_POINT('',(2.35796522451032,6.75,0.));
#6686=CARTESIAN_POINT('Origin',(2.79594154601839,6.75,0.));
#6687=CARTESIAN_POINT('',(2.79594154601839,6.75,-12.5));
#6688=CARTESIAN_POINT('',(3.78445378089716,5.76148776512124,-12.5));
#6689=CARTESIAN_POINT('',(2.79594154601839,6.75,0.));
#6690=CARTESIAN_POINT('',(3.78445378089716,5.76148776512124,-12.5));
#6691=CARTESIAN_POINT('Origin',(-2.79594154601839,6.75,0.));
#6692=CARTESIAN_POINT('',(-1.39797553024248,6.75,-12.5));
#6693=CARTESIAN_POINT('Origin',(-9.51446656127786E-6,-2.22044816188628E-15,
-12.5));
#6694=UNCERTAINTY_MEASURE_WITH_UNIT(LENGTH_MEASURE(0.01),#6698,
'DISTANCE_ACCURACY_VALUE',
'Maximum model space distance between geometric entities at asserted c
onnectivities');
#6695=UNCERTAINTY_MEASURE_WITH_UNIT(LENGTH_MEASURE(0.01),#6698,
'DISTANCE_ACCURACY_VALUE',
'Maximum model space distance between geometric entities at asserted c
onnectivities');
#6696=(
GEOMETRIC_REPRESENTATION_CONTEXT(3)
GLOBAL_UNCERTAINTY_ASSIGNED_CONTEXT((#6694))
GLOBAL_UNIT_ASSIGNED_CONTEXT((#6698,#6700,#6701))
REPRESENTATION_CONTEXT('','3D')
);
#6697=(
GEOMETRIC_REPRESENTATION_CONTEXT(3)
GLOBAL_UNCERTAINTY_ASSIGNED_CONTEXT((#6695))
GLOBAL_UNIT_ASSIGNED_CONTEXT((#6698,#6700,#6701))
REPRESENTATION_CONTEXT('','3D')
);
#6698=(
LENGTH_UNIT()
NAMED_UNIT(*)
SI_UNIT(.MILLI.,.METRE.)
);
#6699=(
LENGTH_UNIT()
NAMED_UNIT(*)
SI_UNIT($,.METRE.)
);
#6700=(
NAMED_UNIT(*)
PLANE_ANGLE_UNIT()
SI_UNIT($,.RADIAN.)
);
#6701=(
NAMED_UNIT(*)
SI_UNIT($,.STERADIAN.)
SOLID_ANGLE_UNIT()
);
#6702=SHAPE_DEFINITION_REPRESENTATION(#6703,#6704);
#6703=PRODUCT_DEFINITION_SHAPE('',$,#6706);
#6704=SHAPE_REPRESENTATION('',(#2676),#6696);
#6705=PRODUCT_DEFINITION_CONTEXT('part definition',#6710,'design');
#6706=PRODUCT_DEFINITION('M.Horizontal Multipoint 0deg (Negative)',
'M.Horizontal Multipoint 0deg (Negative) v3',#6707,#6705);
#6707=PRODUCT_DEFINITION_FORMATION('',$,#6712);
#6708=PRODUCT_RELATED_PRODUCT_CATEGORY(
'M.Horizontal Multipoint 0deg (Negative) v3',
'M.Horizontal Multipoint 0deg (Negative) v3',(#6712));
#6709=APPLICATION_PROTOCOL_DEFINITION('international standard',
'automotive_design',2009,#6710);
#6710=APPLICATION_CONTEXT(
'Core Data for Automotive Mechanical Design Process');
#6711=PRODUCT_CONTEXT('part definition',#6710,'mechanical');
#6712=PRODUCT('M.Horizontal Multipoint 0deg (Negative)',
'M.Horizontal Multipoint 0deg (Negative) v3',$,(#6711));
#6713=PRESENTATION_STYLE_ASSIGNMENT((#6715));
#6714=PRESENTATION_STYLE_ASSIGNMENT((#6716));
#6715=SURFACE_STYLE_USAGE(.BOTH.,#6717);
#6716=SURFACE_STYLE_USAGE(.BOTH.,#6718);
#6717=SURFACE_SIDE_STYLE('',(#6719));
#6718=SURFACE_SIDE_STYLE('',(#6720));
#6719=SURFACE_STYLE_FILL_AREA(#6721);
#6720=SURFACE_STYLE_FILL_AREA(#6722);
#6721=FILL_AREA_STYLE('Plastic - Matte (Green)',(#6723));
#6722=FILL_AREA_STYLE('Plastic - Matte (Red)',(#6724));
#6723=FILL_AREA_STYLE_COLOUR('Plastic - Matte (Green)',#6725);
#6724=FILL_AREA_STYLE_COLOUR('Plastic - Matte (Red)',#6726);
#6725=COLOUR_RGB('Plastic - Matte (Green)',0.266666666666667,0.588235294117647,
0.282352941176471);
#6726=COLOUR_RGB('Plastic - Matte (Red)',0.768627450980392,0.207843137254902,
0.152941176470588);
ENDSEC;
END-ISO-10303-21;
