ISO-10303-21;
HEADER;
/* Generated by software containing ST-Developer
 * from STEP Tools, Inc. (www.steptools.com) 
 */

FILE_DESCRIPTION(
/* description */ (''),
/* implementation_level */ '2;1');

FILE_NAME(
/* name */ '25mm.step',
/* time_stamp */ '2025-09-02T22:50:56+08:00',
/* author */ (''),
/* organization */ (''),
/* preprocessor_version */ 'ST-DEVELOPER v20.1',
/* originating_system */ 'Autodesk Translation Framework v14.10.0.0',
/* authorisation */ '');

FILE_SCHEMA (('AUTOMOTIVE_DESIGN { 1 0 10303 214 3 1 1 }'));
ENDSEC;

DATA;
#10=MECHANICAL_DESIGN_GEOMETRIC_PRESENTATION_REPRESENTATION('',(#13),#12017);
#11=SHAPE_REPRESENTATION_RELATIONSHIP('SRR','None',#12024,#12);
#12=ADVANCED_BREP_SHAPE_REPRESENTATION('',(#14),#12016);
#13=STYLED_ITEM('',(#12034),#14);
#14=MANIFOLD_SOLID_BREP('25mm',#4627);
#15=B_SPLINE_SURFACE_WITH_KNOTS('',3,3,((#5668,#5669,#5670,#5671),(#5672,
#5673,#5674,#5675),(#5676,#5677,#5678,#5679),(#5680,#5681,#5682,#5683)),
 .UNSPECIFIED.,.F.,.F.,.F.,(4,4),(4,4),(-0.0249955879236899,1.4920496516432E-13),
(0.0337500004928234,0.0557775585049414),.UNSPECIFIED.);
#16=B_SPLINE_SURFACE_WITH_KNOTS('',3,3,((#5699,#5700,#5701,#5702),(#5703,
#5704,#5705,#5706),(#5707,#5708,#5709,#5710),(#5711,#5712,#5713,#5714)),
 .UNSPECIFIED.,.F.,.F.,.F.,(4,4),(4,4),(-0.0577795072009516,1.4920496516432E-13),
(0.100472441497318,0.133902558502608),.UNSPECIFIED.);
#17=B_SPLINE_SURFACE_WITH_KNOTS('',3,3,((#5735,#5736,#5737,#5738),(#5739,
#5740,#5741,#5742),(#5743,#5744,#5745,#5746),(#5747,#5748,#5749,#5750)),
 .UNSPECIFIED.,.F.,.F.,.F.,(4,4),(4,4),(-0.0577795072010585,1.4920496516432E-13),
(0.33484744149731,0.368277558425947),.UNSPECIFIED.);
#18=B_SPLINE_SURFACE_WITH_KNOTS('',3,3,((#5771,#5772,#5773,#5774),(#5775,
#5776,#5777,#5778),(#5779,#5780,#5781,#5782),(#5783,#5784,#5785,#5786)),
 .UNSPECIFIED.,.F.,.F.,.F.,(4,4),(4,4),(-0.0577795072009567,1.4920496516432E-13),
(0.412972441497342,0.446402558502608),.UNSPECIFIED.);
#19=B_SPLINE_SURFACE_WITH_KNOTS('',3,3,((#5807,#5808,#5809,#5810),(#5811,
#5812,#5813,#5814),(#5815,#5816,#5817,#5818),(#5819,#5820,#5821,#5822)),
 .UNSPECIFIED.,.F.,.F.,.F.,(4,4),(4,4),(-0.0577795072009569,1.4920496516432E-13),
(0.647347441497335,0.680777558502609),.UNSPECIFIED.);
#20=B_SPLINE_SURFACE_WITH_KNOTS('',3,3,((#5843,#5844,#5845,#5846),(#5847,
#5848,#5849,#5850),(#5851,#5852,#5853,#5854),(#5855,#5856,#5857,#5858)),
 .UNSPECIFIED.,.F.,.F.,.F.,(4,4),(4,4),(-0.0577795072009566,1.4920496516432E-13),
(0.725472441497393,0.758902558502648),.UNSPECIFIED.);
#21=B_SPLINE_SURFACE_WITH_KNOTS('',3,3,((#5879,#5880,#5881,#5882),(#5883,
#5884,#5885,#5886),(#5887,#5888,#5889,#5890),(#5891,#5892,#5893,#5894)),
 .UNSPECIFIED.,.F.,.F.,.F.,(4,4),(4,4),(-0.0577795072009567,1.4920496516432E-13),
(0.959847441497379,0.993277558502635),.UNSPECIFIED.);
#22=B_SPLINE_SURFACE_WITH_KNOTS('',3,3,((#5915,#5916,#5917,#5918),(#5919,
#5920,#5921,#5922),(#5923,#5924,#5925,#5926),(#5927,#5928,#5929,#5930)),
 .UNSPECIFIED.,.F.,.F.,.F.,(4,4),(4,4),(-0.0577795072009563,1.4920496516432E-13),
(1.03797244149739,1.07140255850269),.UNSPECIFIED.);
#23=B_SPLINE_SURFACE_WITH_KNOTS('',3,3,((#5951,#5952,#5953,#5954),(#5955,
#5956,#5957,#5958),(#5959,#5960,#5961,#5962),(#5963,#5964,#5965,#5966)),
 .UNSPECIFIED.,.F.,.F.,.F.,(4,4),(4,4),(-0.0577795072010413,1.4920496516432E-13),
(1.27234744149739,1.30577755850268),.UNSPECIFIED.);
#24=B_SPLINE_SURFACE_WITH_KNOTS('',3,3,((#5987,#5988,#5989,#5990),(#5991,
#5992,#5993,#5994),(#5995,#5996,#5997,#5998),(#5999,#6000,#6001,#6002)),
 .UNSPECIFIED.,.F.,.F.,.F.,(4,4),(4,4),(-0.0577795072009191,1.4920496516432E-13),
(1.35047244142836,1.38390255850269),.UNSPECIFIED.);
#25=B_SPLINE_SURFACE_WITH_KNOTS('',3,3,((#6023,#6024,#6025,#6026),(#6027,
#6028,#6029,#6030),(#6031,#6032,#6033,#6034),(#6035,#6036,#6037,#6038)),
 .UNSPECIFIED.,.F.,.F.,.F.,(4,4),(4,4),(-0.0577795072010709,1.4920496516432E-13),
(1.58484744149739,1.61827755850266),.UNSPECIFIED.);
#26=B_SPLINE_SURFACE_WITH_KNOTS('',3,3,((#6059,#6060,#6061,#6062),(#6063,
#6064,#6065,#6066),(#6067,#6068,#6069,#6070),(#6071,#6072,#6073,#6074)),
 .UNSPECIFIED.,.F.,.F.,.F.,(4,4),(4,4),(-0.0577795072009568,1.4920496516432E-13),
(1.66297244149739,1.69640255850265),.UNSPECIFIED.);
#27=B_SPLINE_SURFACE_WITH_KNOTS('',3,3,((#6095,#6096,#6097,#6098),(#6099,
#6100,#6101,#6102),(#6103,#6104,#6105,#6106),(#6107,#6108,#6109,#6110)),
 .UNSPECIFIED.,.F.,.F.,.F.,(4,4),(4,4),(-0.0577795072009557,1.4920496516432E-13),
(1.89734744149739,1.93077755850262),.UNSPECIFIED.);
#28=B_SPLINE_SURFACE_WITH_KNOTS('',3,3,((#6131,#6132,#6133,#6134),(#6135,
#6136,#6137,#6138),(#6139,#6140,#6141,#6142),(#6143,#6144,#6145,#6146)),
 .UNSPECIFIED.,.F.,.F.,.F.,(4,4),(4,4),(-0.0577795072009565,1.4920496516432E-13),
(1.97547244149739,2.00890255850262),.UNSPECIFIED.);
#29=B_SPLINE_SURFACE_WITH_KNOTS('',3,3,((#6167,#6168,#6169,#6170),(#6171,
#6172,#6173,#6174),(#6175,#6176,#6177,#6178),(#6179,#6180,#6181,#6182)),
 .UNSPECIFIED.,.F.,.F.,.F.,(4,4),(4,4),(-0.0577795072009567,1.4920496516432E-13),
(2.20984744149739,2.24327755850261),.UNSPECIFIED.);
#30=B_SPLINE_SURFACE_WITH_KNOTS('',3,3,((#6203,#6204,#6205,#6206),(#6207,
#6208,#6209,#6210),(#6211,#6212,#6213,#6214),(#6215,#6216,#6217,#6218)),
 .UNSPECIFIED.,.F.,.F.,.F.,(4,4),(4,4),(-0.0577795072009578,1.4920496516432E-13),
(2.28797244149739,2.32140255850261),.UNSPECIFIED.);
#31=B_SPLINE_SURFACE_WITH_KNOTS('',3,3,((#6477,#6478,#6479,#6480),(#6481,
#6482,#6483,#6484),(#6485,#6486,#6487,#6488),(#6489,#6490,#6491,#6492)),
 .UNSPECIFIED.,.F.,.F.,.F.,(4,4),(4,4),(-0.0577795072009514,1.4920496516432E-13),
(0.178597441497313,0.212027558502608),.UNSPECIFIED.);
#32=B_SPLINE_SURFACE_WITH_KNOTS('',3,3,((#6519,#6520,#6521,#6522),(#6523,
#6524,#6525,#6526),(#6527,#6528,#6529,#6530),(#6531,#6532,#6533,#6534)),
 .UNSPECIFIED.,.F.,.F.,.F.,(4,4),(4,4),(-0.0577795072009517,1.4920496516432E-13),
(0.13953494149731,0.172965058502608),.UNSPECIFIED.);
#33=B_SPLINE_SURFACE_WITH_KNOTS('',3,3,((#6561,#6562,#6563,#6564),(#6565,
#6566,#6567,#6568),(#6569,#6570,#6571,#6572),(#6573,#6574,#6575,#6576)),
 .UNSPECIFIED.,.F.,.F.,.F.,(4,4),(4,4),(-0.0121562318442402,1.4920496516432E-13),
(0.0919632737194271,0.0948400585026077),.UNSPECIFIED.);
#34=B_SPLINE_SURFACE_WITH_KNOTS('',3,3,((#6594,#6595,#6596,#6597),(#6598,
#6599,#6600,#6601),(#6602,#6603,#6604,#6605),(#6606,#6607,#6608,#6609)),
 .UNSPECIFIED.,.F.,.F.,.F.,(4,4),(4,4),(-0.0121562317680313,1.4920496516432E-13),
(0.217659941497393,0.220536726273287),.UNSPECIFIED.);
#35=B_SPLINE_SURFACE_WITH_KNOTS('',3,3,((#6619,#6620,#6621,#6622),(#6623,
#6624,#6625,#6626),(#6627,#6628,#6629,#6630),(#6631,#6632,#6633,#6634)),
 .UNSPECIFIED.,.F.,.F.,.F.,(4,4),(4,4),(-0.0577795072010583,1.4920496516432E-13),
(0.29578494149731,0.329215058502608),.UNSPECIFIED.);
#36=B_SPLINE_SURFACE_WITH_KNOTS('',3,3,((#6661,#6662,#6663,#6664),(#6665,
#6666,#6667,#6668),(#6669,#6670,#6671,#6672),(#6673,#6674,#6675,#6676)),
 .UNSPECIFIED.,.F.,.F.,.F.,(4,4),(4,4),(-0.0577795072010585,1.4920496516432E-13),
(0.25672244149732,0.290152558502608),.UNSPECIFIED.);
#37=B_SPLINE_SURFACE_WITH_KNOTS('',3,3,((#6703,#6704,#6705,#6706),(#6707,
#6708,#6709,#6710),(#6711,#6712,#6713,#6714),(#6715,#6716,#6717,#6718)),
 .UNSPECIFIED.,.F.,.F.,.F.,(4,4),(4,4),(-0.0121562318597946,1.4920496516432E-13),
(0.248213273872494,0.251090058502608),.UNSPECIFIED.);
#38=B_SPLINE_SURFACE_WITH_KNOTS('',3,3,((#6728,#6729,#6730,#6731),(#6732,
#6733,#6734,#6735),(#6736,#6737,#6738,#6739),(#6740,#6741,#6742,#6743)),
 .UNSPECIFIED.,.F.,.F.,.F.,(4,4),(4,4),(-0.0121562328624972,1.4920496516432E-13),
(0.373909941497393,0.376786726273282),.UNSPECIFIED.);
#39=B_SPLINE_SURFACE_WITH_KNOTS('',3,3,((#6793,#6794,#6795,#6796),(#6797,
#6798,#6799,#6800),(#6801,#6802,#6803,#6804),(#6805,#6806,#6807,#6808)),
 .UNSPECIFIED.,.F.,.F.,.F.,(4,4),(4,4),(-0.0121562317652068,1.4920496516432E-13),
(0.0614099414973926,0.0642867262732915),.UNSPECIFIED.);
#40=B_SPLINE_SURFACE_WITH_KNOTS('',3,3,((#6858,#6859,#6860,#6861),(#6862,
#6863,#6864,#6865),(#6866,#6867,#6868,#6869),(#6870,#6871,#6872,#6873)),
 .UNSPECIFIED.,.F.,.F.,.F.,(4,4),(4,4),(0.0294571288952843,0.0872407802030978),
(0.295784941678006,0.329215058502613),.UNSPECIFIED.);
#41=B_SPLINE_SURFACE_WITH_KNOTS('',3,3,((#6923,#6924,#6925,#6926),(#6927,
#6928,#6929,#6930),(#6931,#6932,#6933,#6934),(#6935,#6936,#6937,#6938)),
 .UNSPECIFIED.,.F.,.F.,.F.,(4,4),(4,4),(0.0294571288952843,0.0872407802030979),
(0.334847441497314,0.368277558502605),.UNSPECIFIED.);
#42=B_SPLINE_SURFACE_WITH_KNOTS('',3,3,((#6994,#6995,#6996,#6997),(#6998,
#6999,#7000,#7001),(#7002,#7003,#7004,#7005),(#7006,#7007,#7008,#7009)),
 .UNSPECIFIED.,.F.,.F.,.F.,(4,4),(4,4),(0.0294571288952843,0.0416133607784911),
(0.373909941497396,0.376786726273279),.UNSPECIFIED.);
#43=B_SPLINE_SURFACE_WITH_KNOTS('',3,3,((#7025,#7026,#7027,#7028),(#7029,
#7030,#7031,#7032),(#7033,#7034,#7035,#7036),(#7037,#7038,#7039,#7040)),
 .UNSPECIFIED.,.F.,.F.,.F.,(4,4),(4,4),(0.0294571288952843,0.0872407802030978),
(0.261795574490993,0.290152558502605),.UNSPECIFIED.);
#44=B_SPLINE_SURFACE_WITH_KNOTS('',3,3,((#7097,#7098,#7099,#7100),(#7101,
#7102,#7103,#7104),(#7105,#7106,#7107,#7108),(#7109,#7110,#7111,#7112)),
 .UNSPECIFIED.,.F.,.F.,.F.,(4,4),(4,4),(0.0294571288952843,0.0872366362070352),
(0.412972441497372,0.446402558502628),.UNSPECIFIED.);
#45=B_SPLINE_SURFACE_WITH_KNOTS('',3,3,((#7133,#7134,#7135,#7136),(#7137,
#7138,#7139,#7140),(#7141,#7142,#7143,#7144),(#7145,#7146,#7147,#7148)),
 .UNSPECIFIED.,.F.,.F.,.F.,(4,4),(4,4),(0.0294571288952843,0.0872366362070353),
(0.452034941497328,0.485465058502634),.UNSPECIFIED.);
#46=B_SPLINE_SURFACE_WITH_KNOTS('',3,3,((#7169,#7170,#7171,#7172),(#7173,
#7174,#7175,#7176),(#7177,#7178,#7179,#7180),(#7181,#7182,#7183,#7184)),
 .UNSPECIFIED.,.F.,.F.,.F.,(4,4),(4,4),(0.0294571288952843,0.0872366362070351),
(0.491097441497337,0.524527558502606),.UNSPECIFIED.);
#47=B_SPLINE_SURFACE_WITH_KNOTS('',3,3,((#7205,#7206,#7207,#7208),(#7209,
#7210,#7211,#7212),(#7213,#7214,#7215,#7216),(#7217,#7218,#7219,#7220)),
 .UNSPECIFIED.,.F.,.F.,.F.,(4,4),(4,4),(0.0294571288952843,0.041613360712169),
(0.530159941497396,0.533036726273279),.UNSPECIFIED.);
#48=B_SPLINE_SURFACE_WITH_KNOTS('',3,3,((#7225,#7226,#7227,#7228),(#7229,
#7230,#7231,#7232),(#7233,#7234,#7235,#7236),(#7237,#7238,#7239,#7240)),
 .UNSPECIFIED.,.F.,.F.,.F.,(4,4),(4,4),(0.0294571288952843,0.0416133606867277),
(0.404463273726722,0.407340058502605),.UNSPECIFIED.);
#49=B_SPLINE_SURFACE_WITH_KNOTS('',3,3,((#7250,#7251,#7252,#7253),(#7254,
#7255,#7256,#7257),(#7258,#7259,#7260,#7261),(#7262,#7263,#7264,#7265)),
 .UNSPECIFIED.,.F.,.F.,.F.,(4,4),(4,4),(0.0294571288952843,0.087236636207035),
(0.647347441497358,0.680777558502613),.UNSPECIFIED.);
#50=B_SPLINE_SURFACE_WITH_KNOTS('',3,3,((#7286,#7287,#7288,#7289),(#7290,
#7291,#7292,#7293),(#7294,#7295,#7296,#7297),(#7298,#7299,#7300,#7301)),
 .UNSPECIFIED.,.F.,.F.,.F.,(4,4),(4,4),(0.0294571288952843,0.0416133607784914),
(0.686409941497396,0.689286726273279),.UNSPECIFIED.);
#51=B_SPLINE_SURFACE_WITH_KNOTS('',3,3,((#7311,#7312,#7313,#7314),(#7315,
#7316,#7317,#7318),(#7319,#7320,#7321,#7322),(#7323,#7324,#7325,#7326)),
 .UNSPECIFIED.,.F.,.F.,.F.,(4,4),(4,4),(0.0294571288952843,0.0416133606867277),
(0.560713273726722,0.563590058502606),.UNSPECIFIED.);
#52=B_SPLINE_SURFACE_WITH_KNOTS('',3,3,((#7331,#7332,#7333,#7334),(#7335,
#7336,#7337,#7338),(#7339,#7340,#7341,#7342),(#7343,#7344,#7345,#7346)),
 .UNSPECIFIED.,.F.,.F.,.F.,(4,4),(4,4),(0.0294571288952843,0.0872366362070348),
(0.569222441497394,0.602652558502653),.UNSPECIFIED.);
#53=B_SPLINE_SURFACE_WITH_KNOTS('',3,3,((#7367,#7368,#7369,#7370),(#7371,
#7372,#7373,#7374),(#7375,#7376,#7377,#7378),(#7379,#7380,#7381,#7382)),
 .UNSPECIFIED.,.F.,.F.,.F.,(4,4),(4,4),(0.0294571288952843,0.0872366362070349),
(0.608284941497353,0.641715058502657),.UNSPECIFIED.);
#54=B_SPLINE_SURFACE_WITH_KNOTS('',3,3,((#7403,#7404,#7405,#7406),(#7407,
#7408,#7409,#7410),(#7411,#7412,#7413,#7414),(#7415,#7416,#7417,#7418)),
 .UNSPECIFIED.,.F.,.F.,.F.,(4,4),(4,4),(-0.0577795072009566,1.4920496516432E-13),
(0.491097441497318,0.524527558502608),.UNSPECIFIED.);
#55=B_SPLINE_SURFACE_WITH_KNOTS('',3,3,((#7445,#7446,#7447,#7448),(#7449,
#7450,#7451,#7452),(#7453,#7454,#7455,#7456),(#7457,#7458,#7459,#7460)),
 .UNSPECIFIED.,.F.,.F.,.F.,(4,4),(4,4),(-0.0577795072009569,1.4920496516432E-13),
(0.452034941497309,0.485465058502613),.UNSPECIFIED.);
#56=B_SPLINE_SURFACE_WITH_KNOTS('',3,3,((#7487,#7488,#7489,#7490),(#7491,
#7492,#7493,#7494),(#7495,#7496,#7497,#7498),(#7499,#7500,#7501,#7502)),
 .UNSPECIFIED.,.F.,.F.,.F.,(4,4),(4,4),(-0.0121562318597947,1.4920496516432E-13),
(0.404463273726721,0.407340058502608),.UNSPECIFIED.);
#57=B_SPLINE_SURFACE_WITH_KNOTS('',3,3,((#7518,#7519,#7520,#7521),(#7522,
#7523,#7524,#7525),(#7526,#7527,#7528,#7529),(#7530,#7531,#7532,#7533)),
 .UNSPECIFIED.,.F.,.F.,.F.,(4,4),(4,4),(-0.0121562317680316,1.4920496516432E-13),
(0.530159941497393,0.533036726273281),.UNSPECIFIED.);
#58=B_SPLINE_SURFACE_WITH_KNOTS('',3,3,((#7543,#7544,#7545,#7546),(#7547,
#7548,#7549,#7550),(#7551,#7552,#7553,#7554),(#7555,#7556,#7557,#7558)),
 .UNSPECIFIED.,.F.,.F.,.F.,(4,4),(4,4),(-0.0577795072009566,1.4920496516432E-13),
(0.60828494149733,0.641715058502633),.UNSPECIFIED.);
#59=B_SPLINE_SURFACE_WITH_KNOTS('',3,3,((#7585,#7586,#7587,#7588),(#7589,
#7590,#7591,#7592),(#7593,#7594,#7595,#7596),(#7597,#7598,#7599,#7600)),
 .UNSPECIFIED.,.F.,.F.,.F.,(4,4),(4,4),(-0.0577795072009566,1.4920496516432E-13),
(0.56922244149737,0.602652558502628),.UNSPECIFIED.);
#60=B_SPLINE_SURFACE_WITH_KNOTS('',3,3,((#7627,#7628,#7629,#7630),(#7631,
#7632,#7633,#7634),(#7635,#7636,#7637,#7638),(#7639,#7640,#7641,#7642)),
 .UNSPECIFIED.,.F.,.F.,.F.,(4,4),(4,4),(-0.0121562318597946,1.4920496516432E-13),
(0.560713273726721,0.563590058502608),.UNSPECIFIED.);
#61=B_SPLINE_SURFACE_WITH_KNOTS('',3,3,((#7652,#7653,#7654,#7655),(#7656,
#7657,#7658,#7659),(#7660,#7661,#7662,#7663),(#7664,#7665,#7666,#7667)),
 .UNSPECIFIED.,.F.,.F.,.F.,(4,4),(4,4),(-0.0121562328717566,1.4920496516432E-13),
(0.686409941497394,0.689286726273281),.UNSPECIFIED.);
#62=B_SPLINE_SURFACE_WITH_KNOTS('',3,3,((#7751,#7752,#7753,#7754),(#7755,
#7756,#7757,#7758),(#7759,#7760,#7761,#7762),(#7763,#7764,#7765,#7766)),
 .UNSPECIFIED.,.F.,.F.,.F.,(4,4),(4,4),(0.0294571288952843,0.0872366362070353),
(0.725472441497396,0.75890255850267),.UNSPECIFIED.);
#63=B_SPLINE_SURFACE_WITH_KNOTS('',3,3,((#7787,#7788,#7789,#7790),(#7791,
#7792,#7793,#7794),(#7795,#7796,#7797,#7798),(#7799,#7800,#7801,#7802)),
 .UNSPECIFIED.,.F.,.F.,.F.,(4,4),(4,4),(0.0294571288952843,0.0872366362070355),
(0.764534941497373,0.797965058502681),.UNSPECIFIED.);
#64=B_SPLINE_SURFACE_WITH_KNOTS('',3,3,((#7823,#7824,#7825,#7826),(#7827,
#7828,#7829,#7830),(#7831,#7832,#7833,#7834),(#7835,#7836,#7837,#7838)),
 .UNSPECIFIED.,.F.,.F.,.F.,(4,4),(4,4),(0.0294571288952843,0.087236636207035),
(0.803597441497381,0.837027558502636),.UNSPECIFIED.);
#65=B_SPLINE_SURFACE_WITH_KNOTS('',3,3,((#7859,#7860,#7861,#7862),(#7863,
#7864,#7865,#7866),(#7867,#7868,#7869,#7870),(#7871,#7872,#7873,#7874)),
 .UNSPECIFIED.,.F.,.F.,.F.,(4,4),(4,4),(0.0294571288952843,0.0416133607020953),
(0.842659941497396,0.845536726273279),.UNSPECIFIED.);
#66=B_SPLINE_SURFACE_WITH_KNOTS('',3,3,((#7879,#7880,#7881,#7882),(#7883,
#7884,#7885,#7886),(#7887,#7888,#7889,#7890),(#7891,#7892,#7893,#7894)),
 .UNSPECIFIED.,.F.,.F.,.F.,(4,4),(4,4),(0.0294571288952843,0.0416133606867278),
(0.716963273726722,0.719840058502606),.UNSPECIFIED.);
#67=B_SPLINE_SURFACE_WITH_KNOTS('',3,3,((#7904,#7905,#7906,#7907),(#7908,
#7909,#7910,#7911),(#7912,#7913,#7914,#7915),(#7916,#7917,#7918,#7919)),
 .UNSPECIFIED.,.F.,.F.,.F.,(4,4),(4,4),(0.0294571288952843,0.0872366362070356),
(0.959847441497397,0.993277558502666),.UNSPECIFIED.);
#68=B_SPLINE_SURFACE_WITH_KNOTS('',3,3,((#7940,#7941,#7942,#7943),(#7944,
#7945,#7946,#7947),(#7948,#7949,#7950,#7951),(#7952,#7953,#7954,#7955)),
 .UNSPECIFIED.,.F.,.F.,.F.,(4,4),(4,4),(0.0294571288952843,0.0416133607784907),
(0.998909941497397,1.00178672627328),.UNSPECIFIED.);
#69=B_SPLINE_SURFACE_WITH_KNOTS('',3,3,((#7965,#7966,#7967,#7968),(#7969,
#7970,#7971,#7972),(#7973,#7974,#7975,#7976),(#7977,#7978,#7979,#7980)),
 .UNSPECIFIED.,.F.,.F.,.F.,(4,4),(4,4),(0.0294571288952843,0.0416133606867276),
(0.873213273726723,0.876090058502606),.UNSPECIFIED.);
#70=B_SPLINE_SURFACE_WITH_KNOTS('',3,3,((#7985,#7986,#7987,#7988),(#7989,
#7990,#7991,#7992),(#7993,#7994,#7995,#7996),(#7997,#7998,#7999,#8000)),
 .UNSPECIFIED.,.F.,.F.,.F.,(4,4),(4,4),(0.0294571288952843,0.0872366362070346),
(0.881722441497396,0.915152558502691),.UNSPECIFIED.);
#71=B_SPLINE_SURFACE_WITH_KNOTS('',3,3,((#8021,#8022,#8023,#8024),(#8025,
#8026,#8027,#8028),(#8029,#8030,#8031,#8032),(#8033,#8034,#8035,#8036)),
 .UNSPECIFIED.,.F.,.F.,.F.,(4,4),(4,4),(0.0294571288952843,0.0872366362070349),
(0.920784941497394,0.954215058502695),.UNSPECIFIED.);
#72=B_SPLINE_SURFACE_WITH_KNOTS('',3,3,((#8057,#8058,#8059,#8060),(#8061,
#8062,#8063,#8064),(#8065,#8066,#8067,#8068),(#8069,#8070,#8071,#8072)),
 .UNSPECIFIED.,.F.,.F.,.F.,(4,4),(4,4),(-0.0577795072009566,1.4920496516432E-13),
(0.803597441497357,0.837027558502612),.UNSPECIFIED.);
#73=B_SPLINE_SURFACE_WITH_KNOTS('',3,3,((#8099,#8100,#8101,#8102),(#8103,
#8104,#8105,#8106),(#8107,#8108,#8109,#8110),(#8111,#8112,#8113,#8114)),
 .UNSPECIFIED.,.F.,.F.,.F.,(4,4),(4,4),(-0.0577795072009574,1.4920496516432E-13),
(0.764534941497348,0.797965058502656),.UNSPECIFIED.);
#74=B_SPLINE_SURFACE_WITH_KNOTS('',3,3,((#8141,#8142,#8143,#8144),(#8145,
#8146,#8147,#8148),(#8149,#8150,#8151,#8152),(#8153,#8154,#8155,#8156)),
 .UNSPECIFIED.,.F.,.F.,.F.,(4,4),(4,4),(-0.0121562318597948,1.4920496516432E-13),
(0.716963273726721,0.719840058502609),.UNSPECIFIED.);
#75=B_SPLINE_SURFACE_WITH_KNOTS('',3,3,((#8172,#8173,#8174,#8175),(#8176,
#8177,#8178,#8179),(#8180,#8181,#8182,#8183),(#8184,#8185,#8186,#8187)),
 .UNSPECIFIED.,.F.,.F.,.F.,(4,4),(4,4),(-0.012156231768032,1.4920496516432E-13),
(0.842659941497394,0.845536726273281),.UNSPECIFIED.);
#76=B_SPLINE_SURFACE_WITH_KNOTS('',3,3,((#8197,#8198,#8199,#8200),(#8201,
#8202,#8203,#8204),(#8205,#8206,#8207,#8208),(#8209,#8210,#8211,#8212)),
 .UNSPECIFIED.,.F.,.F.,.F.,(4,4),(4,4),(-0.0577795072009565,1.4920496516432E-13),
(0.920784941497374,0.954215058502678),.UNSPECIFIED.);
#77=B_SPLINE_SURFACE_WITH_KNOTS('',3,3,((#8239,#8240,#8241,#8242),(#8243,
#8244,#8245,#8246),(#8247,#8248,#8249,#8250),(#8251,#8252,#8253,#8254)),
 .UNSPECIFIED.,.F.,.F.,.F.,(4,4),(4,4),(-0.0577795072009566,1.4920496516432E-13),
(0.881722441497394,0.915152558502673),.UNSPECIFIED.);
#78=B_SPLINE_SURFACE_WITH_KNOTS('',3,3,((#8281,#8282,#8283,#8284),(#8285,
#8286,#8287,#8288),(#8289,#8290,#8291,#8292),(#8293,#8294,#8295,#8296)),
 .UNSPECIFIED.,.F.,.F.,.F.,(4,4),(4,4),(-0.0121562318597944,1.4920496516432E-13),
(0.873213273726721,0.876090058502609),.UNSPECIFIED.);
#79=B_SPLINE_SURFACE_WITH_KNOTS('',3,3,((#8306,#8307,#8308,#8309),(#8310,
#8311,#8312,#8313),(#8314,#8315,#8316,#8317),(#8318,#8319,#8320,#8321)),
 .UNSPECIFIED.,.F.,.F.,.F.,(4,4),(4,4),(-0.0121562328870961,1.4920496516432E-13),
(0.998909941497394,1.00178672627328),.UNSPECIFIED.);
#80=B_SPLINE_SURFACE_WITH_KNOTS('',3,3,((#8405,#8406,#8407,#8408),(#8409,
#8410,#8411,#8412),(#8413,#8414,#8415,#8416),(#8417,#8418,#8419,#8420)),
 .UNSPECIFIED.,.F.,.F.,.F.,(4,4),(4,4),(0.0294571288952843,0.0872366362070894),
(1.0379724414974,1.07140255850269),.UNSPECIFIED.);
#81=B_SPLINE_SURFACE_WITH_KNOTS('',3,3,((#8441,#8442,#8443,#8444),(#8445,
#8446,#8447,#8448),(#8449,#8450,#8451,#8452),(#8453,#8454,#8455,#8456)),
 .UNSPECIFIED.,.F.,.F.,.F.,(4,4),(4,4),(0.0294571288952843,0.0872366362070904),
(1.0770349414974,1.1104650585027),.UNSPECIFIED.);
#82=B_SPLINE_SURFACE_WITH_KNOTS('',3,3,((#8477,#8478,#8479,#8480),(#8481,
#8482,#8483,#8484),(#8485,#8486,#8487,#8488),(#8489,#8490,#8491,#8492)),
 .UNSPECIFIED.,.F.,.F.,.F.,(4,4),(4,4),(0.0294571288952843,0.0872366362070902),
(1.1160974414974,1.14952755850268),.UNSPECIFIED.);
#83=B_SPLINE_SURFACE_WITH_KNOTS('',3,3,((#8513,#8514,#8515,#8516),(#8517,
#8518,#8519,#8520),(#8521,#8522,#8523,#8524),(#8525,#8526,#8527,#8528)),
 .UNSPECIFIED.,.F.,.F.,.F.,(4,4),(4,4),(0.0294571288952843,0.0416133606986476),
(1.1551599414974,1.15803672619455),.UNSPECIFIED.);
#84=B_SPLINE_SURFACE_WITH_KNOTS('',3,3,((#8533,#8534,#8535,#8536),(#8537,
#8538,#8539,#8540),(#8541,#8542,#8543,#8544),(#8545,#8546,#8547,#8548)),
 .UNSPECIFIED.,.F.,.F.,.F.,(4,4),(4,4),(0.0294571288952843,0.0416133606867278),
(1.02946327372672,1.03234005850261),.UNSPECIFIED.);
#85=B_SPLINE_SURFACE_WITH_KNOTS('',3,3,((#8558,#8559,#8560,#8561),(#8562,
#8563,#8564,#8565),(#8566,#8567,#8568,#8569),(#8570,#8571,#8572,#8573)),
 .UNSPECIFIED.,.F.,.F.,.F.,(4,4),(4,4),(0.0294571288952843,0.0872366362070354),
(1.2723474414974,1.30577755850268),.UNSPECIFIED.);
#86=B_SPLINE_SURFACE_WITH_KNOTS('',3,3,((#8594,#8595,#8596,#8597),(#8598,
#8599,#8600,#8601),(#8602,#8603,#8604,#8605),(#8606,#8607,#8608,#8609)),
 .UNSPECIFIED.,.F.,.F.,.F.,(4,4),(4,4),(0.0294571288952843,0.0416133607784906),
(1.3114099414974,1.31428672627328),.UNSPECIFIED.);
#87=B_SPLINE_SURFACE_WITH_KNOTS('',3,3,((#8619,#8620,#8621,#8622),(#8623,
#8624,#8625,#8626),(#8627,#8628,#8629,#8630),(#8631,#8632,#8633,#8634)),
 .UNSPECIFIED.,.F.,.F.,.F.,(4,4),(4,4),(0.0294571288952843,0.0416133606867274),
(1.18571327372671,1.18859005850261),.UNSPECIFIED.);
#88=B_SPLINE_SURFACE_WITH_KNOTS('',3,3,((#8639,#8640,#8641,#8642),(#8643,
#8644,#8645,#8646),(#8647,#8648,#8649,#8650),(#8651,#8652,#8653,#8654)),
 .UNSPECIFIED.,.F.,.F.,.F.,(4,4),(4,4),(0.0294571288952843,0.0872366362070355),
(1.19422244144119,1.22765255850269),.UNSPECIFIED.);
#89=B_SPLINE_SURFACE_WITH_KNOTS('',3,3,((#8675,#8676,#8677,#8678),(#8679,
#8680,#8681,#8682),(#8683,#8684,#8685,#8686),(#8687,#8688,#8689,#8690)),
 .UNSPECIFIED.,.F.,.F.,.F.,(4,4),(4,4),(0.0294571288952843,0.087236636207035),
(1.2332849414974,1.26671505850269),.UNSPECIFIED.);
#90=B_SPLINE_SURFACE_WITH_KNOTS('',3,3,((#8711,#8712,#8713,#8714),(#8715,
#8716,#8717,#8718),(#8719,#8720,#8721,#8722),(#8723,#8724,#8725,#8726)),
 .UNSPECIFIED.,.F.,.F.,.F.,(4,4),(4,4),(-0.0577795072009569,1.4920496516432E-13),
(1.11609744149739,1.14952755850266),.UNSPECIFIED.);
#91=B_SPLINE_SURFACE_WITH_KNOTS('',3,3,((#8753,#8754,#8755,#8756),(#8757,
#8758,#8759,#8760),(#8761,#8762,#8763,#8764),(#8765,#8766,#8767,#8768)),
 .UNSPECIFIED.,.F.,.F.,.F.,(4,4),(4,4),(-0.0577795072009568,1.4920496516432E-13),
(1.07703494149739,1.11046505850269),.UNSPECIFIED.);
#92=B_SPLINE_SURFACE_WITH_KNOTS('',3,3,((#8795,#8796,#8797,#8798),(#8799,
#8800,#8801,#8802),(#8803,#8804,#8805,#8806),(#8807,#8808,#8809,#8810)),
 .UNSPECIFIED.,.F.,.F.,.F.,(4,4),(4,4),(-0.0121562318597947,1.4920496516432E-13),
(1.02946327372672,1.03234005850261),.UNSPECIFIED.);
#93=B_SPLINE_SURFACE_WITH_KNOTS('',3,3,((#8826,#8827,#8828,#8829),(#8830,
#8831,#8832,#8833),(#8834,#8835,#8836,#8837),(#8838,#8839,#8840,#8841)),
 .UNSPECIFIED.,.F.,.F.,.F.,(4,4),(4,4),(-0.0121562317680314,1.4920496516432E-13),
(1.15515994149739,1.15803672627328),.UNSPECIFIED.);
#94=B_SPLINE_SURFACE_WITH_KNOTS('',3,3,((#8851,#8852,#8853,#8854),(#8855,
#8856,#8857,#8858),(#8859,#8860,#8861,#8862),(#8863,#8864,#8865,#8866)),
 .UNSPECIFIED.,.F.,.F.,.F.,(4,4),(4,4),(-0.0577795072010404,1.4920496516432E-13),
(1.23328494149739,1.2667150585027),.UNSPECIFIED.);
#95=B_SPLINE_SURFACE_WITH_KNOTS('',3,3,((#8893,#8894,#8895,#8896),(#8897,
#8898,#8899,#8900),(#8901,#8902,#8903,#8904),(#8905,#8906,#8907,#8908)),
 .UNSPECIFIED.,.F.,.F.,.F.,(4,4),(4,4),(-0.0577795072010405,1.4920496516432E-13),
(1.19422244130455,1.2276525585027),.UNSPECIFIED.);
#96=B_SPLINE_SURFACE_WITH_KNOTS('',3,3,((#8935,#8936,#8937,#8938),(#8939,
#8940,#8941,#8942),(#8943,#8944,#8945,#8946),(#8947,#8948,#8949,#8950)),
 .UNSPECIFIED.,.F.,.F.,.F.,(4,4),(4,4),(-0.0121562318597948,1.4920496516432E-13),
(1.18571327372672,1.18859005850261),.UNSPECIFIED.);
#97=B_SPLINE_SURFACE_WITH_KNOTS('',3,3,((#8960,#8961,#8962,#8963),(#8964,
#8965,#8966,#8967),(#8968,#8969,#8970,#8971),(#8972,#8973,#8974,#8975)),
 .UNSPECIFIED.,.F.,.F.,.F.,(4,4),(4,4),(-0.0121562329086021,1.4920496516432E-13),
(1.31140994149739,1.31428672615254),.UNSPECIFIED.);
#98=B_SPLINE_SURFACE_WITH_KNOTS('',3,3,((#9059,#9060,#9061,#9062),(#9063,
#9064,#9065,#9066),(#9067,#9068,#9069,#9070),(#9071,#9072,#9073,#9074)),
 .UNSPECIFIED.,.F.,.F.,.F.,(4,4),(4,4),(0.0294571288952843,0.0872366362071995),
(1.3504724414974,1.38390255850267),.UNSPECIFIED.);
#99=B_SPLINE_SURFACE_WITH_KNOTS('',3,3,((#9095,#9096,#9097,#9098),(#9099,
#9100,#9101,#9102),(#9103,#9104,#9105,#9106),(#9107,#9108,#9109,#9110)),
 .UNSPECIFIED.,.F.,.F.,.F.,(4,4),(4,4),(0.0294571288952843,0.0872366362071995),
(1.3895349414974,1.42296505850267),.UNSPECIFIED.);
#100=B_SPLINE_SURFACE_WITH_KNOTS('',3,3,((#9131,#9132,#9133,#9134),(#9135,
#9136,#9137,#9138),(#9139,#9140,#9141,#9142),(#9143,#9144,#9145,#9146)),
 .UNSPECIFIED.,.F.,.F.,.F.,(4,4),(4,4),(0.0294571288952843,0.0872366362071996),
(1.4285974414974,1.46202755850266),.UNSPECIFIED.);
#101=B_SPLINE_SURFACE_WITH_KNOTS('',3,3,((#9167,#9168,#9169,#9170),(#9171,
#9172,#9173,#9174),(#9175,#9176,#9177,#9178),(#9179,#9180,#9181,#9182)),
 .UNSPECIFIED.,.F.,.F.,.F.,(4,4),(4,4),(0.0294571288952843,0.0416133606864973),
(1.4676599414974,1.47053672603796),.UNSPECIFIED.);
#102=B_SPLINE_SURFACE_WITH_KNOTS('',3,3,((#9187,#9188,#9189,#9190),(#9191,
#9192,#9193,#9194),(#9195,#9196,#9197,#9198),(#9199,#9200,#9201,#9202)),
 .UNSPECIFIED.,.F.,.F.,.F.,(4,4),(4,4),(0.0294571288952843,0.0416133606867283),
(1.34196327372671,1.34484005850261),.UNSPECIFIED.);
#103=B_SPLINE_SURFACE_WITH_KNOTS('',3,3,((#9212,#9213,#9214,#9215),(#9216,
#9217,#9218,#9219),(#9220,#9221,#9222,#9223),(#9224,#9225,#9226,#9227)),
 .UNSPECIFIED.,.F.,.F.,.F.,(4,4),(4,4),(0.0294571288952843,0.0872366362070351),
(1.58484744187068,1.61827755850264),.UNSPECIFIED.);
#104=B_SPLINE_SURFACE_WITH_KNOTS('',3,3,((#9248,#9249,#9250,#9251),(#9252,
#9253,#9254,#9255),(#9256,#9257,#9258,#9259),(#9260,#9261,#9262,#9263)),
 .UNSPECIFIED.,.F.,.F.,.F.,(4,4),(4,4),(0.0294571288952843,0.0416133607784912),
(1.62390994167436,1.62678672627328),.UNSPECIFIED.);
#105=B_SPLINE_SURFACE_WITH_KNOTS('',3,3,((#9273,#9274,#9275,#9276),(#9277,
#9278,#9279,#9280),(#9281,#9282,#9283,#9284),(#9285,#9286,#9287,#9288)),
 .UNSPECIFIED.,.F.,.F.,.F.,(4,4),(4,4),(0.0294571288952843,0.041613360686728),
(1.49821327372671,1.50109005850261),.UNSPECIFIED.);
#106=B_SPLINE_SURFACE_WITH_KNOTS('',3,3,((#9293,#9294,#9295,#9296),(#9297,
#9298,#9299,#9300),(#9301,#9302,#9303,#9304),(#9305,#9306,#9307,#9308)),
 .UNSPECIFIED.,.F.,.F.,.F.,(4,4),(4,4),(0.0294571288952843,0.0872366362070349),
(1.5067224414974,1.54015255850265),.UNSPECIFIED.);
#107=B_SPLINE_SURFACE_WITH_KNOTS('',3,3,((#9329,#9330,#9331,#9332),(#9333,
#9334,#9335,#9336),(#9337,#9338,#9339,#9340),(#9341,#9342,#9343,#9344)),
 .UNSPECIFIED.,.F.,.F.,.F.,(4,4),(4,4),(0.0294571288952843,0.0872366362070353),
(1.5457849414974,1.57921505850265),.UNSPECIFIED.);
#108=B_SPLINE_SURFACE_WITH_KNOTS('',3,3,((#9365,#9366,#9367,#9368),(#9369,
#9370,#9371,#9372),(#9373,#9374,#9375,#9376),(#9377,#9378,#9379,#9380)),
 .UNSPECIFIED.,.F.,.F.,.F.,(4,4),(4,4),(-0.0577795072009187,1.4920496516432E-13),
(1.42859744149739,1.46202755850268),.UNSPECIFIED.);
#109=B_SPLINE_SURFACE_WITH_KNOTS('',3,3,((#9407,#9408,#9409,#9410),(#9411,
#9412,#9413,#9414),(#9415,#9416,#9417,#9418),(#9419,#9420,#9421,#9422)),
 .UNSPECIFIED.,.F.,.F.,.F.,(4,4),(4,4),(-0.0577795072009204,1.4920496516432E-13),
(1.38953494149739,1.42296505850269),.UNSPECIFIED.);
#110=B_SPLINE_SURFACE_WITH_KNOTS('',3,3,((#9449,#9450,#9451,#9452),(#9453,
#9454,#9455,#9456),(#9457,#9458,#9459,#9460),(#9461,#9462,#9463,#9464)),
 .UNSPECIFIED.,.F.,.F.,.F.,(4,4),(4,4),(-0.0121562318597944,1.4920496516432E-13),
(1.34196327372671,1.34484005850261),.UNSPECIFIED.);
#111=B_SPLINE_SURFACE_WITH_KNOTS('',3,3,((#9480,#9481,#9482,#9483),(#9484,
#9485,#9486,#9487),(#9488,#9489,#9490,#9491),(#9492,#9493,#9494,#9495)),
 .UNSPECIFIED.,.F.,.F.,.F.,(4,4),(4,4),(-0.0121562317680312,1.4920496516432E-13),
(1.46765994149739,1.47053672632686),.UNSPECIFIED.);
#112=B_SPLINE_SURFACE_WITH_KNOTS('',3,3,((#9507,#9508,#9509,#9510),(#9511,
#9512,#9513,#9514),(#9515,#9516,#9517,#9518),(#9519,#9520,#9521,#9522)),
 .UNSPECIFIED.,.F.,.F.,.F.,(4,4),(4,4),(-0.0577795072010716,1.4920496516432E-13),
(1.54578494149739,1.57921505850268),.UNSPECIFIED.);
#113=B_SPLINE_SURFACE_WITH_KNOTS('',3,3,((#9549,#9550,#9551,#9552),(#9553,
#9554,#9555,#9556),(#9557,#9558,#9559,#9560),(#9561,#9562,#9563,#9564)),
 .UNSPECIFIED.,.F.,.F.,.F.,(4,4),(4,4),(-0.0577795072010703,1.4920496516432E-13),
(1.50672244149739,1.54015255850268),.UNSPECIFIED.);
#114=B_SPLINE_SURFACE_WITH_KNOTS('',3,3,((#9591,#9592,#9593,#9594),(#9595,
#9596,#9597,#9598),(#9599,#9600,#9601,#9602),(#9603,#9604,#9605,#9606)),
 .UNSPECIFIED.,.F.,.F.,.F.,(4,4),(4,4),(-0.0121562318597943,1.4920496516432E-13),
(1.49821327372671,1.50109005850261),.UNSPECIFIED.);
#115=B_SPLINE_SURFACE_WITH_KNOTS('',3,3,((#9616,#9617,#9618,#9619),(#9620,
#9621,#9622,#9623),(#9624,#9625,#9626,#9627),(#9628,#9629,#9630,#9631)),
 .UNSPECIFIED.,.F.,.F.,.F.,(4,4),(4,4),(-0.0121562329363944,1.4920496516432E-13),
(1.62390994149739,1.62678672610928),.UNSPECIFIED.);
#116=B_SPLINE_SURFACE_WITH_KNOTS('',3,3,((#9715,#9716,#9717,#9718),(#9719,
#9720,#9721,#9722),(#9723,#9724,#9725,#9726),(#9727,#9728,#9729,#9730)),
 .UNSPECIFIED.,.F.,.F.,.F.,(4,4),(4,4),(0.0294571288952843,0.0872366362070343),
(1.6629724409908,1.69640255852245),.UNSPECIFIED.);
#117=B_SPLINE_SURFACE_WITH_KNOTS('',3,3,((#9751,#9752,#9753,#9754),(#9755,
#9756,#9757,#9758),(#9759,#9760,#9761,#9762),(#9763,#9764,#9765,#9766)),
 .UNSPECIFIED.,.F.,.F.,.F.,(4,4),(4,4),(0.0294571288952843,0.0872366362070355),
(1.7020349414974,1.73546505850263),.UNSPECIFIED.);
#118=B_SPLINE_SURFACE_WITH_KNOTS('',3,3,((#9787,#9788,#9789,#9790),(#9791,
#9792,#9793,#9794),(#9795,#9796,#9797,#9798),(#9799,#9800,#9801,#9802)),
 .UNSPECIFIED.,.F.,.F.,.F.,(4,4),(4,4),(0.0294571288952843,0.0872366362070362),
(1.74109744149705,1.77452755850262),.UNSPECIFIED.);
#119=B_SPLINE_SURFACE_WITH_KNOTS('',3,3,((#9823,#9824,#9825,#9826),(#9827,
#9828,#9829,#9830),(#9831,#9832,#9833,#9834),(#9835,#9836,#9837,#9838)),
 .UNSPECIFIED.,.F.,.F.,.F.,(4,4),(4,4),(0.0294571288952843,0.0416133606930369),
(1.78015994148959,1.78303672627328),.UNSPECIFIED.);
#120=B_SPLINE_SURFACE_WITH_KNOTS('',3,3,((#9843,#9844,#9845,#9846),(#9847,
#9848,#9849,#9850),(#9851,#9852,#9853,#9854),(#9855,#9856,#9857,#9858)),
 .UNSPECIFIED.,.F.,.F.,.F.,(4,4),(4,4),(0.0294571288952843,0.0416133606867271),
(1.65446327372671,1.65734005850261),.UNSPECIFIED.);
#121=B_SPLINE_SURFACE_WITH_KNOTS('',3,3,((#9868,#9869,#9870,#9871),(#9872,
#9873,#9874,#9875),(#9876,#9877,#9878,#9879),(#9880,#9881,#9882,#9883)),
 .UNSPECIFIED.,.F.,.F.,.F.,(4,4),(4,4),(0.0294571288952843,0.0872366362070347),
(1.89734744172221,1.93077755850261),.UNSPECIFIED.);
#122=B_SPLINE_SURFACE_WITH_KNOTS('',3,3,((#9904,#9905,#9906,#9907),(#9908,
#9909,#9910,#9911),(#9912,#9913,#9914,#9915),(#9916,#9917,#9918,#9919)),
 .UNSPECIFIED.,.F.,.F.,.F.,(4,4),(4,4),(0.0294571288952843,0.0416133607784917),
(1.93640994105116,1.93928672627328),.UNSPECIFIED.);
#123=B_SPLINE_SURFACE_WITH_KNOTS('',3,3,((#9929,#9930,#9931,#9932),(#9933,
#9934,#9935,#9936),(#9937,#9938,#9939,#9940),(#9941,#9942,#9943,#9944)),
 .UNSPECIFIED.,.F.,.F.,.F.,(4,4),(4,4),(0.0294571288952843,0.0416133606867276),
(1.81071327372671,1.81359005850261),.UNSPECIFIED.);
#124=B_SPLINE_SURFACE_WITH_KNOTS('',3,3,((#9949,#9950,#9951,#9952),(#9953,
#9954,#9955,#9956),(#9957,#9958,#9959,#9960),(#9961,#9962,#9963,#9964)),
 .UNSPECIFIED.,.F.,.F.,.F.,(4,4),(4,4),(0.0294571288952843,0.0872366362070354),
(1.8192224414974,1.85265255850261),.UNSPECIFIED.);
#125=B_SPLINE_SURFACE_WITH_KNOTS('',3,3,((#9985,#9986,#9987,#9988),(#9989,
#9990,#9991,#9992),(#9993,#9994,#9995,#9996),(#9997,#9998,#9999,#10000)),
 .UNSPECIFIED.,.F.,.F.,.F.,(4,4),(4,4),(0.0294571288952843,0.0872366362070352),
(1.8582849415864,1.89171505850261),.UNSPECIFIED.);
#126=B_SPLINE_SURFACE_WITH_KNOTS('',3,3,((#10021,#10022,#10023,#10024),
(#10025,#10026,#10027,#10028),(#10029,#10030,#10031,#10032),(#10033,#10034,
#10035,#10036)),.UNSPECIFIED.,.F.,.F.,.F.,(4,4),(4,4),(-0.057779507200956,
1.4920496516432E-13),(1.74109744203351,1.77452755850264),.UNSPECIFIED.);
#127=B_SPLINE_SURFACE_WITH_KNOTS('',3,3,((#10063,#10064,#10065,#10066),
(#10067,#10068,#10069,#10070),(#10071,#10072,#10073,#10074),(#10075,#10076,
#10077,#10078)),.UNSPECIFIED.,.F.,.F.,.F.,(4,4),(4,4),(-0.057779507200957,
1.4920496516432E-13),(1.70203494149739,1.73546505850265),.UNSPECIFIED.);
#128=B_SPLINE_SURFACE_WITH_KNOTS('',3,3,((#10105,#10106,#10107,#10108),
(#10109,#10110,#10111,#10112),(#10113,#10114,#10115,#10116),(#10117,#10118,
#10119,#10120)),.UNSPECIFIED.,.F.,.F.,.F.,(4,4),(4,4),(-0.0121562318597951,
1.4920496516432E-13),(1.65446327372671,1.65734005850261),.UNSPECIFIED.);
#129=B_SPLINE_SURFACE_WITH_KNOTS('',3,3,((#10136,#10137,#10138,#10139),
(#10140,#10141,#10142,#10143),(#10144,#10145,#10146,#10147),(#10148,#10149,
#10150,#10151)),.UNSPECIFIED.,.F.,.F.,.F.,(4,4),(4,4),(-0.0121562317680311,
1.4920496516432E-13),(1.78015994177774,1.78303672627328),.UNSPECIFIED.);
#130=B_SPLINE_SURFACE_WITH_KNOTS('',3,3,((#10161,#10162,#10163,#10164),
(#10165,#10166,#10167,#10168),(#10169,#10170,#10171,#10172),(#10173,#10174,
#10175,#10176)),.UNSPECIFIED.,.F.,.F.,.F.,(4,4),(4,4),(-0.0577795072009562,
1.4920496516432E-13),(1.85828494149739,1.89171505850263),.UNSPECIFIED.);
#131=B_SPLINE_SURFACE_WITH_KNOTS('',3,3,((#10203,#10204,#10205,#10206),
(#10207,#10208,#10209,#10210),(#10211,#10212,#10213,#10214),(#10215,#10216,
#10217,#10218)),.UNSPECIFIED.,.F.,.F.,.F.,(4,4),(4,4),(-0.0577795072009573,
1.4920496516432E-13),(1.81922244149739,1.85265255850263),.UNSPECIFIED.);
#132=B_SPLINE_SURFACE_WITH_KNOTS('',3,3,((#10245,#10246,#10247,#10248),
(#10249,#10250,#10251,#10252),(#10253,#10254,#10255,#10256),(#10257,#10258,
#10259,#10260)),.UNSPECIFIED.,.F.,.F.,.F.,(4,4),(4,4),(-0.0121562318597949,
1.4920496516432E-13),(1.81071327372671,1.81359005850261),.UNSPECIFIED.);
#133=B_SPLINE_SURFACE_WITH_KNOTS('',3,3,((#10270,#10271,#10272,#10273),
(#10274,#10275,#10276,#10277),(#10278,#10279,#10280,#10281),(#10282,#10283,
#10284,#10285)),.UNSPECIFIED.,.F.,.F.,.F.,(4,4),(4,4),(-0.0121562329706241,
1.4920496516432E-13),(1.93640994147976,1.93928672627328),.UNSPECIFIED.);
#134=B_SPLINE_SURFACE_WITH_KNOTS('',3,3,((#10369,#10370,#10371,#10372),
(#10373,#10374,#10375,#10376),(#10377,#10378,#10379,#10380),(#10381,#10382,
#10383,#10384)),.UNSPECIFIED.,.F.,.F.,.F.,(4,4),(4,4),(0.0294571288952843,
0.0872366362070351),(1.9754724414974,2.00890255850261),.UNSPECIFIED.);
#135=B_SPLINE_SURFACE_WITH_KNOTS('',3,3,((#10405,#10406,#10407,#10408),
(#10409,#10410,#10411,#10412),(#10413,#10414,#10415,#10416),(#10417,#10418,
#10419,#10420)),.UNSPECIFIED.,.F.,.F.,.F.,(4,4),(4,4),(0.0294571288952843,
0.0872366362070348),(2.0145349414974,2.04796505850261),.UNSPECIFIED.);
#136=B_SPLINE_SURFACE_WITH_KNOTS('',3,3,((#10441,#10442,#10443,#10444),
(#10445,#10446,#10447,#10448),(#10449,#10450,#10451,#10452),(#10453,#10454,
#10455,#10456)),.UNSPECIFIED.,.F.,.F.,.F.,(4,4),(4,4),(0.0294571288952843,
0.0872366362070351),(2.0535974414974,2.08702755850261),.UNSPECIFIED.);
#137=B_SPLINE_SURFACE_WITH_KNOTS('',3,3,((#10477,#10478,#10479,#10480),
(#10481,#10482,#10483,#10484),(#10485,#10486,#10487,#10488),(#10489,#10490,
#10491,#10492)),.UNSPECIFIED.,.F.,.F.,.F.,(4,4),(4,4),(0.0294571288952843,
0.0416133613929419),(2.0926599414974,2.09553672627328),.UNSPECIFIED.);
#138=B_SPLINE_SURFACE_WITH_KNOTS('',3,3,((#10497,#10498,#10499,#10500),
(#10501,#10502,#10503,#10504),(#10505,#10506,#10507,#10508),(#10509,#10510,
#10511,#10512)),.UNSPECIFIED.,.F.,.F.,.F.,(4,4),(4,4),(0.0294571288952843,
0.0416133606867283),(1.96696327372672,1.96984005850261),.UNSPECIFIED.);
#139=B_SPLINE_SURFACE_WITH_KNOTS('',3,3,((#10522,#10523,#10524,#10525),
(#10526,#10527,#10528,#10529),(#10530,#10531,#10532,#10533),(#10534,#10535,
#10536,#10537)),.UNSPECIFIED.,.F.,.F.,.F.,(4,4),(4,4),(0.0294571288952843,
0.0872366362070351),(2.2098474414974,2.24327755850261),.UNSPECIFIED.);
#140=B_SPLINE_SURFACE_WITH_KNOTS('',3,3,((#10558,#10559,#10560,#10561),
(#10562,#10563,#10564,#10565),(#10566,#10567,#10568,#10569),(#10570,#10571,
#10572,#10573)),.UNSPECIFIED.,.F.,.F.,.F.,(4,4),(4,4),(0.0294571288952843,
0.0416133607784921),(2.2489099414974,2.25178672627328),.UNSPECIFIED.);
#141=B_SPLINE_SURFACE_WITH_KNOTS('',3,3,((#10583,#10584,#10585,#10586),
(#10587,#10588,#10589,#10590),(#10591,#10592,#10593,#10594),(#10595,#10596,
#10597,#10598)),.UNSPECIFIED.,.F.,.F.,.F.,(4,4),(4,4),(0.0294571288952843,
0.0416133606867281),(2.12321327372672,2.12609005850261),.UNSPECIFIED.);
#142=B_SPLINE_SURFACE_WITH_KNOTS('',3,3,((#10603,#10604,#10605,#10606),
(#10607,#10608,#10609,#10610),(#10611,#10612,#10613,#10614),(#10615,#10616,
#10617,#10618)),.UNSPECIFIED.,.F.,.F.,.F.,(4,4),(4,4),(0.0294571288952843,
0.0872366362070359),(2.1317224414974,2.16515255850261),.UNSPECIFIED.);
#143=B_SPLINE_SURFACE_WITH_KNOTS('',3,3,((#10639,#10640,#10641,#10642),
(#10643,#10644,#10645,#10646),(#10647,#10648,#10649,#10650),(#10651,#10652,
#10653,#10654)),.UNSPECIFIED.,.F.,.F.,.F.,(4,4),(4,4),(0.0294571288952843,
0.0872366362070349),(2.1707849414974,2.20421505850261),.UNSPECIFIED.);
#144=B_SPLINE_SURFACE_WITH_KNOTS('',3,3,((#10675,#10676,#10677,#10678),
(#10679,#10680,#10681,#10682),(#10683,#10684,#10685,#10686),(#10687,#10688,
#10689,#10690)),.UNSPECIFIED.,.F.,.F.,.F.,(4,4),(4,4),(-0.0577795072009566,
1.4920496516432E-13),(2.05359744164311,2.08702755850261),.UNSPECIFIED.);
#145=B_SPLINE_SURFACE_WITH_KNOTS('',3,3,((#10717,#10718,#10719,#10720),
(#10721,#10722,#10723,#10724),(#10725,#10726,#10727,#10728),(#10729,#10730,
#10731,#10732)),.UNSPECIFIED.,.F.,.F.,.F.,(4,4),(4,4),(-0.0577795072009571,
1.4920496516432E-13),(2.01453494149739,2.04796505850261),.UNSPECIFIED.);
#146=B_SPLINE_SURFACE_WITH_KNOTS('',3,3,((#10759,#10760,#10761,#10762),
(#10763,#10764,#10765,#10766),(#10767,#10768,#10769,#10770),(#10771,#10772,
#10773,#10774)),.UNSPECIFIED.,.F.,.F.,.F.,(4,4),(4,4),(-0.0121562318597944,
1.4920496516432E-13),(1.96696327372671,1.96984005850261),.UNSPECIFIED.);
#147=B_SPLINE_SURFACE_WITH_KNOTS('',3,3,((#10790,#10791,#10792,#10793),
(#10794,#10795,#10796,#10797),(#10798,#10799,#10800,#10801),(#10802,#10803,
#10804,#10805)),.UNSPECIFIED.,.F.,.F.,.F.,(4,4),(4,4),(-0.0121562317680313,
1.4920496516432E-13),(2.09265994114203,2.09553672627328),.UNSPECIFIED.);
#148=B_SPLINE_SURFACE_WITH_KNOTS('',3,3,((#10815,#10816,#10817,#10818),
(#10819,#10820,#10821,#10822),(#10823,#10824,#10825,#10826),(#10827,#10828,
#10829,#10830)),.UNSPECIFIED.,.F.,.F.,.F.,(4,4),(4,4),(-0.0577795072009549,
1.4920496516432E-13),(2.17078494149739,2.20421505850261),.UNSPECIFIED.);
#149=B_SPLINE_SURFACE_WITH_KNOTS('',3,3,((#10857,#10858,#10859,#10860),
(#10861,#10862,#10863,#10864),(#10865,#10866,#10867,#10868),(#10869,#10870,
#10871,#10872)),.UNSPECIFIED.,.F.,.F.,.F.,(4,4),(4,4),(-0.0577795072009557,
1.4920496516432E-13),(2.13172244149739,2.16515255850261),.UNSPECIFIED.);
#150=B_SPLINE_SURFACE_WITH_KNOTS('',3,3,((#10899,#10900,#10901,#10902),
(#10903,#10904,#10905,#10906),(#10907,#10908,#10909,#10910),(#10911,#10912,
#10913,#10914)),.UNSPECIFIED.,.F.,.F.,.F.,(4,4),(4,4),(-0.0121562324742436,
1.4920496516432E-13),(2.12321327372672,2.12609005850261),.UNSPECIFIED.);
#151=B_SPLINE_SURFACE_WITH_KNOTS('',3,3,((#10924,#10925,#10926,#10927),
(#10928,#10929,#10930,#10931),(#10932,#10933,#10934,#10935),(#10936,#10937,
#10938,#10939)),.UNSPECIFIED.,.F.,.F.,.F.,(4,4),(4,4),(-0.0121562330114875,
1.4920496516432E-13),(2.24890994149739,2.25178672627328),.UNSPECIFIED.);
#152=B_SPLINE_SURFACE_WITH_KNOTS('',3,3,((#11023,#11024,#11025,#11026),
(#11027,#11028,#11029,#11030),(#11031,#11032,#11033,#11034),(#11035,#11036,
#11037,#11038)),.UNSPECIFIED.,.F.,.F.,.F.,(4,4),(4,4),(0.0294571288952843,
0.0872366362070343),(2.2879724414974,2.32140255850261),.UNSPECIFIED.);
#153=B_SPLINE_SURFACE_WITH_KNOTS('',3,3,((#11059,#11060,#11061,#11062),
(#11063,#11064,#11065,#11066),(#11067,#11068,#11069,#11070),(#11071,#11072,
#11073,#11074)),.UNSPECIFIED.,.F.,.F.,.F.,(4,4),(4,4),(0.0294571288952843,
0.0872366362070357),(2.3270349414974,2.36046505850261),.UNSPECIFIED.);
#154=B_SPLINE_SURFACE_WITH_KNOTS('',3,3,((#11095,#11096,#11097,#11098),
(#11099,#11100,#11101,#11102),(#11103,#11104,#11105,#11106),(#11107,#11108,
#11109,#11110)),.UNSPECIFIED.,.F.,.F.,.F.,(4,4),(4,4),(0.0294571288952843,
0.0872366362070353),(2.3660974414974,2.39952755850261),.UNSPECIFIED.);
#155=B_SPLINE_SURFACE_WITH_KNOTS('',3,3,((#11131,#11132,#11133,#11134),
(#11135,#11136,#11137,#11138),(#11139,#11140,#11141,#11142),(#11143,#11144,
#11145,#11146)),.UNSPECIFIED.,.F.,.F.,.F.,(4,4),(4,4),(0.0294571288952843,
0.0416133613929422),(2.4051599414974,2.40803672627328),.UNSPECIFIED.);
#156=B_SPLINE_SURFACE_WITH_KNOTS('',3,3,((#11151,#11152,#11153,#11154),
(#11155,#11156,#11157,#11158),(#11159,#11160,#11161,#11162),(#11163,#11164,
#11165,#11166)),.UNSPECIFIED.,.F.,.F.,.F.,(4,4),(4,4),(0.0294571288952843,
0.0416133606867289),(2.27946327372672,2.28234005850261),.UNSPECIFIED.);
#157=B_SPLINE_SURFACE_WITH_KNOTS('',3,3,((#11176,#11177,#11178,#11179),
(#11180,#11181,#11182,#11183),(#11184,#11185,#11186,#11187),(#11188,#11189,
#11190,#11191)),.UNSPECIFIED.,.F.,.F.,.F.,(4,4),(4,4),(0.0294571288952843,
0.0872366362070343),(2.5223474414974,2.55577755825182),.UNSPECIFIED.);
#158=B_SPLINE_SURFACE_WITH_KNOTS('',3,3,((#11212,#11213,#11214,#11215),
(#11216,#11217,#11218,#11219),(#11220,#11221,#11222,#11223),(#11224,#11225,
#11226,#11227)),.UNSPECIFIED.,.F.,.F.,.F.,(4,4),(4,4),(0.0294571288952843,
0.0416133607784911),(2.5614099414974,2.56428672627329),.UNSPECIFIED.);
#159=B_SPLINE_SURFACE_WITH_KNOTS('',3,3,((#11237,#11238,#11239,#11240),
(#11241,#11242,#11243,#11244),(#11245,#11246,#11247,#11248),(#11249,#11250,
#11251,#11252)),.UNSPECIFIED.,.F.,.F.,.F.,(4,4),(4,4),(0.0294571288952843,
0.0416133606867277),(2.43571327372672,2.43859005850261),.UNSPECIFIED.);
#160=B_SPLINE_SURFACE_WITH_KNOTS('',3,3,((#11257,#11258,#11259,#11260),
(#11261,#11262,#11263,#11264),(#11265,#11266,#11267,#11268),(#11269,#11270,
#11271,#11272)),.UNSPECIFIED.,.F.,.F.,.F.,(4,4),(4,4),(0.0294571288952843,
0.0872366362070349),(2.4442224414974,2.47765255850261),.UNSPECIFIED.);
#161=B_SPLINE_SURFACE_WITH_KNOTS('',3,3,((#11293,#11294,#11295,#11296),
(#11297,#11298,#11299,#11300),(#11301,#11302,#11303,#11304),(#11305,#11306,
#11307,#11308)),.UNSPECIFIED.,.F.,.F.,.F.,(4,4),(4,4),(0.0294571288952843,
0.0872366362070347),(2.4832849414974,2.51671505801118),.UNSPECIFIED.);
#162=B_SPLINE_SURFACE_WITH_KNOTS('',3,3,((#11329,#11330,#11331,#11332),
(#11333,#11334,#11335,#11336),(#11337,#11338,#11339,#11340),(#11341,#11342,
#11343,#11344)),.UNSPECIFIED.,.F.,.F.,.F.,(4,4),(4,4),(-0.0577795072009565,
1.4920496516432E-13),(2.36609744149739,2.39952755850261),.UNSPECIFIED.);
#163=B_SPLINE_SURFACE_WITH_KNOTS('',3,3,((#11371,#11372,#11373,#11374),
(#11375,#11376,#11377,#11378),(#11379,#11380,#11381,#11382),(#11383,#11384,
#11385,#11386)),.UNSPECIFIED.,.F.,.F.,.F.,(4,4),(4,4),(-0.0577795072009574,
1.4920496516432E-13),(2.32703494149739,2.36046505850261),.UNSPECIFIED.);
#164=B_SPLINE_SURFACE_WITH_KNOTS('',3,3,((#11413,#11414,#11415,#11416),
(#11417,#11418,#11419,#11420),(#11421,#11422,#11423,#11424),(#11425,#11426,
#11427,#11428)),.UNSPECIFIED.,.F.,.F.,.F.,(4,4),(4,4),(-0.0121562318597945,
1.4920496516432E-13),(2.27946327372672,2.28234005850261),.UNSPECIFIED.);
#165=B_SPLINE_SURFACE_WITH_KNOTS('',3,3,((#11444,#11445,#11446,#11447),
(#11448,#11449,#11450,#11451),(#11452,#11453,#11454,#11455),(#11456,#11457,
#11458,#11459)),.UNSPECIFIED.,.F.,.F.,.F.,(4,4),(4,4),(-0.012156231768032,
1.4920496516432E-13),(2.40515994149739,2.40803672627328),.UNSPECIFIED.);
#166=B_SPLINE_SURFACE_WITH_KNOTS('',3,3,((#11469,#11470,#11471,#11472),
(#11473,#11474,#11475,#11476),(#11477,#11478,#11479,#11480),(#11481,#11482,
#11483,#11484)),.UNSPECIFIED.,.F.,.F.,.F.,(4,4),(4,4),(-0.0577795072009558,
1.4920496516432E-13),(2.48328494149739,2.51671505850261),.UNSPECIFIED.);
#167=B_SPLINE_SURFACE_WITH_KNOTS('',3,3,((#11511,#11512,#11513,#11514),
(#11515,#11516,#11517,#11518),(#11519,#11520,#11521,#11522),(#11523,#11524,
#11525,#11526)),.UNSPECIFIED.,.F.,.F.,.F.,(4,4),(4,4),(-0.0577795072009569,
1.4920496516432E-13),(2.44422244149739,2.47765255850261),.UNSPECIFIED.);
#168=B_SPLINE_SURFACE_WITH_KNOTS('',3,3,((#11553,#11554,#11555,#11556),
(#11557,#11558,#11559,#11560),(#11561,#11562,#11563,#11564),(#11565,#11566,
#11567,#11568)),.UNSPECIFIED.,.F.,.F.,.F.,(4,4),(4,4),(-0.0121562324742451,
1.4920496516432E-13),(2.43571327372672,2.43859005850261),.UNSPECIFIED.);
#169=B_SPLINE_SURFACE_WITH_KNOTS('',3,3,((#11630,#11631,#11632,#11633),
(#11634,#11635,#11636,#11637),(#11638,#11639,#11640,#11641),(#11642,#11643,
#11644,#11645)),.UNSPECIFIED.,.F.,.F.,.F.,(4,4),(4,4),(0.0294571288952843,
0.0872366362070349),(2.60047244149739,2.63390255850261),.UNSPECIFIED.);
#170=B_SPLINE_SURFACE_WITH_KNOTS('',3,3,((#11666,#11667,#11668,#11669),
(#11670,#11671,#11672,#11673),(#11674,#11675,#11676,#11677),(#11678,#11679,
#11680,#11681)),.UNSPECIFIED.,.F.,.F.,.F.,(4,4),(4,4),(0.0294571288952843,
0.0872366362070347),(2.63953494149739,2.67296505850261),.UNSPECIFIED.);
#171=B_SPLINE_SURFACE_WITH_KNOTS('',3,3,((#11702,#11703,#11704,#11705),
(#11706,#11707,#11708,#11709),(#11710,#11711,#11712,#11713),(#11714,#11715,
#11716,#11717)),.UNSPECIFIED.,.F.,.F.,.F.,(4,4),(4,4),(0.0294571288952843,
0.0872366362070342),(2.67859744149738,2.71202755851456),.UNSPECIFIED.);
#172=B_SPLINE_SURFACE_WITH_KNOTS('',3,3,((#11738,#11739,#11740,#11741),
(#11742,#11743,#11744,#11745),(#11746,#11747,#11748,#11749),(#11750,#11751,
#11752,#11753)),.UNSPECIFIED.,.F.,.F.,.F.,(4,4),(4,4),(0.0294571288952843,
0.0416133613929415),(2.7176599414974,2.72053672627329),.UNSPECIFIED.);
#173=B_SPLINE_SURFACE_WITH_KNOTS('',3,3,((#11758,#11759,#11760,#11761),
(#11762,#11763,#11764,#11765),(#11766,#11767,#11768,#11769),(#11770,#11771,
#11772,#11773)),.UNSPECIFIED.,.F.,.F.,.F.,(4,4),(4,4),(0.0294571288952843,
0.0416133606867274),(2.59196327372672,2.59484005866844),.UNSPECIFIED.);
#174=B_SPLINE_SURFACE_WITH_KNOTS('',3,3,((#11783,#11784,#11785,#11786),
(#11787,#11788,#11789,#11790),(#11791,#11792,#11793,#11794),(#11795,#11796,
#11797,#11798)),.UNSPECIFIED.,.F.,.F.,.F.,(4,4),(4,4),(0.0294571288952843,
0.0416133606867283),(2.74821327372672,2.75109005850261),.UNSPECIFIED.);
#175=B_SPLINE_SURFACE_WITH_KNOTS('',3,3,((#11803,#11804,#11805,#11806),
(#11807,#11808,#11809,#11810),(#11811,#11812,#11813,#11814),(#11815,#11816,
#11817,#11818)),.UNSPECIFIED.,.F.,.F.,.F.,(4,4),(4,4),(0.0294571288952843,
0.059890746898697),(2.75672244148016,2.78375000067245),.UNSPECIFIED.);
#176=B_SPLINE_SURFACE_WITH_KNOTS('',3,3,((#11941,#11942,#11943,#11944),
(#11945,#11946,#11947,#11948),(#11949,#11950,#11951,#11952),(#11953,#11954,
#11955,#11956)),.UNSPECIFIED.,.F.,.F.,.F.,(4,4),(4,4),(-0.0577795072009567,
1.4920496516432E-13),(2.52234744149739,2.55178150069481),.UNSPECIFIED.);
#177=CYLINDRICAL_SURFACE('',#4661,7.15);
#178=CYLINDRICAL_SURFACE('',#4662,7.15);
#179=CYLINDRICAL_SURFACE('',#4663,7.15);
#180=CYLINDRICAL_SURFACE('',#4664,7.15);
#181=CYLINDRICAL_SURFACE('',#4665,7.15);
#182=CYLINDRICAL_SURFACE('',#4666,7.15);
#183=CYLINDRICAL_SURFACE('',#4667,7.15);
#184=CYLINDRICAL_SURFACE('',#4668,7.15);
#185=CYLINDRICAL_SURFACE('',#4669,7.15);
#186=CYLINDRICAL_SURFACE('',#4670,7.15);
#187=CYLINDRICAL_SURFACE('',#4671,7.15);
#188=CYLINDRICAL_SURFACE('',#4672,7.15);
#189=CYLINDRICAL_SURFACE('',#4673,7.15);
#190=CYLINDRICAL_SURFACE('',#4674,7.15);
#191=CYLINDRICAL_SURFACE('',#4675,7.15);
#192=CYLINDRICAL_SURFACE('',#4676,7.15);
#193=CYLINDRICAL_SURFACE('',#4680,7.15);
#194=CYLINDRICAL_SURFACE('',#4681,7.15);
#195=CYLINDRICAL_SURFACE('',#4682,7.15);
#196=CYLINDRICAL_SURFACE('',#4683,7.15);
#197=CYLINDRICAL_SURFACE('',#4684,7.15);
#198=CYLINDRICAL_SURFACE('',#4685,7.15);
#199=CYLINDRICAL_SURFACE('',#4686,7.15);
#200=CYLINDRICAL_SURFACE('',#4687,7.15);
#201=CYLINDRICAL_SURFACE('',#4688,7.15);
#202=CYLINDRICAL_SURFACE('',#4689,7.15);
#203=CYLINDRICAL_SURFACE('',#4690,7.15);
#204=CYLINDRICAL_SURFACE('',#4691,7.15);
#205=CYLINDRICAL_SURFACE('',#4692,7.15);
#206=CYLINDRICAL_SURFACE('',#4693,7.15);
#207=CYLINDRICAL_SURFACE('',#4694,7.15);
#208=CYLINDRICAL_SURFACE('',#4695,7.15);
#209=CYLINDRICAL_SURFACE('',#4696,7.15);
#210=CYLINDRICAL_SURFACE('',#4697,7.15);
#211=CYLINDRICAL_SURFACE('',#4698,7.15);
#212=CYLINDRICAL_SURFACE('',#4699,7.15);
#213=CYLINDRICAL_SURFACE('',#4700,7.15);
#214=CYLINDRICAL_SURFACE('',#4701,7.15);
#215=CYLINDRICAL_SURFACE('',#4702,7.15);
#216=CYLINDRICAL_SURFACE('',#4703,7.15);
#217=CYLINDRICAL_SURFACE('',#4704,7.15);
#218=CYLINDRICAL_SURFACE('',#4705,7.15);
#219=CYLINDRICAL_SURFACE('',#4706,7.15);
#220=CYLINDRICAL_SURFACE('',#4707,7.15);
#221=CYLINDRICAL_SURFACE('',#4708,7.15);
#222=CYLINDRICAL_SURFACE('',#4709,7.15);
#223=CYLINDRICAL_SURFACE('',#4710,7.15);
#224=CYLINDRICAL_SURFACE('',#4711,7.15);
#225=CYLINDRICAL_SURFACE('',#4712,7.15);
#226=CYLINDRICAL_SURFACE('',#4713,7.15);
#227=CYLINDRICAL_SURFACE('',#4714,7.15);
#228=CYLINDRICAL_SURFACE('',#4715,7.15);
#229=CYLINDRICAL_SURFACE('',#4716,7.15);
#230=CYLINDRICAL_SURFACE('',#4717,7.15);
#231=CYLINDRICAL_SURFACE('',#4718,7.15);
#232=CYLINDRICAL_SURFACE('',#4719,7.15);
#233=CYLINDRICAL_SURFACE('',#4720,7.15);
#234=CYLINDRICAL_SURFACE('',#4721,7.15);
#235=CYLINDRICAL_SURFACE('',#4722,7.15);
#236=CYLINDRICAL_SURFACE('',#4723,7.15);
#237=CYLINDRICAL_SURFACE('',#4724,7.15);
#238=CYLINDRICAL_SURFACE('',#4725,7.15);
#239=CYLINDRICAL_SURFACE('',#4726,7.15);
#240=CYLINDRICAL_SURFACE('',#4727,7.15);
#241=CYLINDRICAL_SURFACE('',#4728,7.15);
#242=CYLINDRICAL_SURFACE('',#4729,7.15);
#243=CYLINDRICAL_SURFACE('',#4730,7.15);
#244=CYLINDRICAL_SURFACE('',#4731,7.15);
#245=CYLINDRICAL_SURFACE('',#4732,7.15);
#246=CYLINDRICAL_SURFACE('',#4733,7.15);
#247=CYLINDRICAL_SURFACE('',#4734,7.15);
#248=CYLINDRICAL_SURFACE('',#4735,7.15);
#249=CYLINDRICAL_SURFACE('',#4736,7.15);
#250=CYLINDRICAL_SURFACE('',#4737,7.15);
#251=CYLINDRICAL_SURFACE('',#4738,7.15);
#252=CYLINDRICAL_SURFACE('',#4739,7.15);
#253=CYLINDRICAL_SURFACE('',#4740,7.15);
#254=CYLINDRICAL_SURFACE('',#4741,7.15);
#255=CYLINDRICAL_SURFACE('',#4742,7.15);
#256=CYLINDRICAL_SURFACE('',#4743,7.15);
#257=CYLINDRICAL_SURFACE('',#4745,7.15);
#258=CYLINDRICAL_SURFACE('',#4753,7.15);
#259=CYLINDRICAL_SURFACE('',#4756,7.15);
#260=(
BOUNDED_CURVE()
B_SPLINE_CURVE(2,(#5395,#5396,#5397),.UNSPECIFIED.,.F.,.F.)
B_SPLINE_CURVE_WITH_KNOTS((3,3),(0.00163833345783343,0.0194063713046864),
 .UNSPECIFIED.)
CURVE()
GEOMETRIC_REPRESENTATION_ITEM()
RATIONAL_B_SPLINE_CURVE((1.,1.,1.))
REPRESENTATION_ITEM('')
);
#261=(
BOUNDED_CURVE()
B_SPLINE_CURVE(2,(#5398,#5399,#5400),.UNSPECIFIED.,.F.,.F.)
B_SPLINE_CURVE_WITH_KNOTS((3,3),(0.00163833345783348,0.0194063713046865),
 .UNSPECIFIED.)
CURVE()
GEOMETRIC_REPRESENTATION_ITEM()
RATIONAL_B_SPLINE_CURVE((1.,1.,1.))
REPRESENTATION_ITEM('')
);
#262=(
BOUNDED_CURVE()
B_SPLINE_CURVE(2,(#5412,#5413,#5414),.UNSPECIFIED.,.F.,.F.)
B_SPLINE_CURVE_WITH_KNOTS((3,3),(0.00163833345783341,0.0194063713046864),
 .UNSPECIFIED.)
CURVE()
GEOMETRIC_REPRESENTATION_ITEM()
RATIONAL_B_SPLINE_CURVE((1.,1.,1.))
REPRESENTATION_ITEM('')
);
#263=(
BOUNDED_CURVE()
B_SPLINE_CURVE(2,(#5415,#5416,#5417),.UNSPECIFIED.,.F.,.F.)
B_SPLINE_CURVE_WITH_KNOTS((3,3),(0.00163833345783345,0.0194063713046864),
 .UNSPECIFIED.)
CURVE()
GEOMETRIC_REPRESENTATION_ITEM()
RATIONAL_B_SPLINE_CURVE((1.,1.,1.))
REPRESENTATION_ITEM('')
);
#264=CONICAL_SURFACE('',#4649,0.75,0.785398163397448);
#265=CONICAL_SURFACE('',#4654,0.75,0.785398163397448);
#266=FACE_BOUND('',#589,.T.);
#267=FACE_BOUND('',#590,.T.);
#268=FACE_BOUND('',#849,.T.);
#269=FACE_BOUND('',#850,.T.);
#270=FACE_BOUND('',#851,.T.);
#271=FACE_BOUND('',#852,.T.);
#272=FACE_BOUND('',#853,.T.);
#273=FACE_BOUND('',#854,.T.);
#274=FACE_BOUND('',#855,.T.);
#275=FACE_BOUND('',#856,.T.);
#276=FACE_BOUND('',#858,.T.);
#277=FACE_BOUND('',#859,.T.);
#278=FACE_BOUND('',#860,.T.);
#279=FACE_BOUND('',#861,.T.);
#280=FACE_BOUND('',#862,.T.);
#281=FACE_BOUND('',#863,.T.);
#282=FACE_BOUND('',#864,.T.);
#283=FACE_BOUND('',#865,.T.);
#284=FACE_BOUND('',#867,.T.);
#285=FACE_BOUND('',#868,.T.);
#286=FACE_BOUND('',#869,.T.);
#287=FACE_BOUND('',#870,.T.);
#288=FACE_BOUND('',#871,.T.);
#289=FACE_BOUND('',#872,.T.);
#290=FACE_BOUND('',#873,.T.);
#291=FACE_BOUND('',#875,.T.);
#292=FACE_BOUND('',#876,.T.);
#293=FACE_BOUND('',#877,.T.);
#294=FACE_BOUND('',#878,.T.);
#295=FACE_BOUND('',#879,.T.);
#296=FACE_BOUND('',#880,.T.);
#297=FACE_BOUND('',#881,.T.);
#298=FACE_BOUND('',#882,.T.);
#299=FACE_BOUND('',#886,.T.);
#300=FACE_BOUND('',#887,.T.);
#301=FACE_BOUND('',#888,.T.);
#302=FACE_BOUND('',#889,.T.);
#303=FACE_BOUND('',#890,.T.);
#304=FACE_BOUND('',#891,.T.);
#305=FACE_BOUND('',#892,.T.);
#306=FACE_BOUND('',#895,.T.);
#307=FACE_BOUND('',#896,.T.);
#308=FACE_BOUND('',#897,.T.);
#309=FACE_BOUND('',#898,.T.);
#310=FACE_BOUND('',#899,.T.);
#311=FACE_BOUND('',#900,.T.);
#312=FACE_BOUND('',#901,.T.);
#313=FACE_OUTER_BOUND('',#588,.T.);
#314=FACE_OUTER_BOUND('',#591,.T.);
#315=FACE_OUTER_BOUND('',#592,.T.);
#316=FACE_OUTER_BOUND('',#593,.T.);
#317=FACE_OUTER_BOUND('',#594,.T.);
#318=FACE_OUTER_BOUND('',#595,.T.);
#319=FACE_OUTER_BOUND('',#596,.T.);
#320=FACE_OUTER_BOUND('',#597,.T.);
#321=FACE_OUTER_BOUND('',#598,.T.);
#322=FACE_OUTER_BOUND('',#599,.T.);
#323=FACE_OUTER_BOUND('',#600,.T.);
#324=FACE_OUTER_BOUND('',#601,.T.);
#325=FACE_OUTER_BOUND('',#602,.T.);
#326=FACE_OUTER_BOUND('',#603,.T.);
#327=FACE_OUTER_BOUND('',#604,.T.);
#328=FACE_OUTER_BOUND('',#605,.T.);
#329=FACE_OUTER_BOUND('',#606,.T.);
#330=FACE_OUTER_BOUND('',#607,.T.);
#331=FACE_OUTER_BOUND('',#608,.T.);
#332=FACE_OUTER_BOUND('',#609,.T.);
#333=FACE_OUTER_BOUND('',#610,.T.);
#334=FACE_OUTER_BOUND('',#611,.T.);
#335=FACE_OUTER_BOUND('',#612,.T.);
#336=FACE_OUTER_BOUND('',#613,.T.);
#337=FACE_OUTER_BOUND('',#614,.T.);
#338=FACE_OUTER_BOUND('',#615,.T.);
#339=FACE_OUTER_BOUND('',#616,.T.);
#340=FACE_OUTER_BOUND('',#617,.T.);
#341=FACE_OUTER_BOUND('',#618,.T.);
#342=FACE_OUTER_BOUND('',#619,.T.);
#343=FACE_OUTER_BOUND('',#620,.T.);
#344=FACE_OUTER_BOUND('',#621,.T.);
#345=FACE_OUTER_BOUND('',#622,.T.);
#346=FACE_OUTER_BOUND('',#623,.T.);
#347=FACE_OUTER_BOUND('',#624,.T.);
#348=FACE_OUTER_BOUND('',#625,.T.);
#349=FACE_OUTER_BOUND('',#626,.T.);
#350=FACE_OUTER_BOUND('',#627,.T.);
#351=FACE_OUTER_BOUND('',#628,.T.);
#352=FACE_OUTER_BOUND('',#629,.T.);
#353=FACE_OUTER_BOUND('',#630,.T.);
#354=FACE_OUTER_BOUND('',#631,.T.);
#355=FACE_OUTER_BOUND('',#632,.T.);
#356=FACE_OUTER_BOUND('',#633,.T.);
#357=FACE_OUTER_BOUND('',#634,.T.);
#358=FACE_OUTER_BOUND('',#635,.T.);
#359=FACE_OUTER_BOUND('',#636,.T.);
#360=FACE_OUTER_BOUND('',#637,.T.);
#361=FACE_OUTER_BOUND('',#638,.T.);
#362=FACE_OUTER_BOUND('',#639,.T.);
#363=FACE_OUTER_BOUND('',#640,.T.);
#364=FACE_OUTER_BOUND('',#641,.T.);
#365=FACE_OUTER_BOUND('',#642,.T.);
#366=FACE_OUTER_BOUND('',#643,.T.);
#367=FACE_OUTER_BOUND('',#644,.T.);
#368=FACE_OUTER_BOUND('',#645,.T.);
#369=FACE_OUTER_BOUND('',#646,.T.);
#370=FACE_OUTER_BOUND('',#647,.T.);
#371=FACE_OUTER_BOUND('',#648,.T.);
#372=FACE_OUTER_BOUND('',#649,.T.);
#373=FACE_OUTER_BOUND('',#650,.T.);
#374=FACE_OUTER_BOUND('',#651,.T.);
#375=FACE_OUTER_BOUND('',#652,.T.);
#376=FACE_OUTER_BOUND('',#653,.T.);
#377=FACE_OUTER_BOUND('',#654,.T.);
#378=FACE_OUTER_BOUND('',#655,.T.);
#379=FACE_OUTER_BOUND('',#656,.T.);
#380=FACE_OUTER_BOUND('',#657,.T.);
#381=FACE_OUTER_BOUND('',#658,.T.);
#382=FACE_OUTER_BOUND('',#659,.T.);
#383=FACE_OUTER_BOUND('',#660,.T.);
#384=FACE_OUTER_BOUND('',#661,.T.);
#385=FACE_OUTER_BOUND('',#662,.T.);
#386=FACE_OUTER_BOUND('',#663,.T.);
#387=FACE_OUTER_BOUND('',#664,.T.);
#388=FACE_OUTER_BOUND('',#665,.T.);
#389=FACE_OUTER_BOUND('',#666,.T.);
#390=FACE_OUTER_BOUND('',#667,.T.);
#391=FACE_OUTER_BOUND('',#668,.T.);
#392=FACE_OUTER_BOUND('',#669,.T.);
#393=FACE_OUTER_BOUND('',#670,.T.);
#394=FACE_OUTER_BOUND('',#671,.T.);
#395=FACE_OUTER_BOUND('',#672,.T.);
#396=FACE_OUTER_BOUND('',#673,.T.);
#397=FACE_OUTER_BOUND('',#674,.T.);
#398=FACE_OUTER_BOUND('',#675,.T.);
#399=FACE_OUTER_BOUND('',#676,.T.);
#400=FACE_OUTER_BOUND('',#677,.T.);
#401=FACE_OUTER_BOUND('',#678,.T.);
#402=FACE_OUTER_BOUND('',#679,.T.);
#403=FACE_OUTER_BOUND('',#680,.T.);
#404=FACE_OUTER_BOUND('',#681,.T.);
#405=FACE_OUTER_BOUND('',#682,.T.);
#406=FACE_OUTER_BOUND('',#683,.T.);
#407=FACE_OUTER_BOUND('',#684,.T.);
#408=FACE_OUTER_BOUND('',#685,.T.);
#409=FACE_OUTER_BOUND('',#686,.T.);
#410=FACE_OUTER_BOUND('',#687,.T.);
#411=FACE_OUTER_BOUND('',#688,.T.);
#412=FACE_OUTER_BOUND('',#689,.T.);
#413=FACE_OUTER_BOUND('',#690,.T.);
#414=FACE_OUTER_BOUND('',#691,.T.);
#415=FACE_OUTER_BOUND('',#692,.T.);
#416=FACE_OUTER_BOUND('',#693,.T.);
#417=FACE_OUTER_BOUND('',#694,.T.);
#418=FACE_OUTER_BOUND('',#695,.T.);
#419=FACE_OUTER_BOUND('',#696,.T.);
#420=FACE_OUTER_BOUND('',#697,.T.);
#421=FACE_OUTER_BOUND('',#698,.T.);
#422=FACE_OUTER_BOUND('',#699,.T.);
#423=FACE_OUTER_BOUND('',#700,.T.);
#424=FACE_OUTER_BOUND('',#701,.T.);
#425=FACE_OUTER_BOUND('',#702,.T.);
#426=FACE_OUTER_BOUND('',#703,.T.);
#427=FACE_OUTER_BOUND('',#704,.T.);
#428=FACE_OUTER_BOUND('',#705,.T.);
#429=FACE_OUTER_BOUND('',#706,.T.);
#430=FACE_OUTER_BOUND('',#707,.T.);
#431=FACE_OUTER_BOUND('',#708,.T.);
#432=FACE_OUTER_BOUND('',#709,.T.);
#433=FACE_OUTER_BOUND('',#710,.T.);
#434=FACE_OUTER_BOUND('',#711,.T.);
#435=FACE_OUTER_BOUND('',#712,.T.);
#436=FACE_OUTER_BOUND('',#713,.T.);
#437=FACE_OUTER_BOUND('',#714,.T.);
#438=FACE_OUTER_BOUND('',#715,.T.);
#439=FACE_OUTER_BOUND('',#716,.T.);
#440=FACE_OUTER_BOUND('',#717,.T.);
#441=FACE_OUTER_BOUND('',#718,.T.);
#442=FACE_OUTER_BOUND('',#719,.T.);
#443=FACE_OUTER_BOUND('',#720,.T.);
#444=FACE_OUTER_BOUND('',#721,.T.);
#445=FACE_OUTER_BOUND('',#722,.T.);
#446=FACE_OUTER_BOUND('',#723,.T.);
#447=FACE_OUTER_BOUND('',#724,.T.);
#448=FACE_OUTER_BOUND('',#725,.T.);
#449=FACE_OUTER_BOUND('',#726,.T.);
#450=FACE_OUTER_BOUND('',#727,.T.);
#451=FACE_OUTER_BOUND('',#728,.T.);
#452=FACE_OUTER_BOUND('',#729,.T.);
#453=FACE_OUTER_BOUND('',#730,.T.);
#454=FACE_OUTER_BOUND('',#731,.T.);
#455=FACE_OUTER_BOUND('',#732,.T.);
#456=FACE_OUTER_BOUND('',#733,.T.);
#457=FACE_OUTER_BOUND('',#734,.T.);
#458=FACE_OUTER_BOUND('',#735,.T.);
#459=FACE_OUTER_BOUND('',#736,.T.);
#460=FACE_OUTER_BOUND('',#737,.T.);
#461=FACE_OUTER_BOUND('',#738,.T.);
#462=FACE_OUTER_BOUND('',#739,.T.);
#463=FACE_OUTER_BOUND('',#740,.T.);
#464=FACE_OUTER_BOUND('',#741,.T.);
#465=FACE_OUTER_BOUND('',#742,.T.);
#466=FACE_OUTER_BOUND('',#743,.T.);
#467=FACE_OUTER_BOUND('',#744,.T.);
#468=FACE_OUTER_BOUND('',#745,.T.);
#469=FACE_OUTER_BOUND('',#746,.T.);
#470=FACE_OUTER_BOUND('',#747,.T.);
#471=FACE_OUTER_BOUND('',#748,.T.);
#472=FACE_OUTER_BOUND('',#749,.T.);
#473=FACE_OUTER_BOUND('',#750,.T.);
#474=FACE_OUTER_BOUND('',#751,.T.);
#475=FACE_OUTER_BOUND('',#752,.T.);
#476=FACE_OUTER_BOUND('',#753,.T.);
#477=FACE_OUTER_BOUND('',#754,.T.);
#478=FACE_OUTER_BOUND('',#755,.T.);
#479=FACE_OUTER_BOUND('',#756,.T.);
#480=FACE_OUTER_BOUND('',#757,.T.);
#481=FACE_OUTER_BOUND('',#758,.T.);
#482=FACE_OUTER_BOUND('',#759,.T.);
#483=FACE_OUTER_BOUND('',#760,.T.);
#484=FACE_OUTER_BOUND('',#761,.T.);
#485=FACE_OUTER_BOUND('',#762,.T.);
#486=FACE_OUTER_BOUND('',#763,.T.);
#487=FACE_OUTER_BOUND('',#764,.T.);
#488=FACE_OUTER_BOUND('',#765,.T.);
#489=FACE_OUTER_BOUND('',#766,.T.);
#490=FACE_OUTER_BOUND('',#767,.T.);
#491=FACE_OUTER_BOUND('',#768,.T.);
#492=FACE_OUTER_BOUND('',#769,.T.);
#493=FACE_OUTER_BOUND('',#770,.T.);
#494=FACE_OUTER_BOUND('',#771,.T.);
#495=FACE_OUTER_BOUND('',#772,.T.);
#496=FACE_OUTER_BOUND('',#773,.T.);
#497=FACE_OUTER_BOUND('',#774,.T.);
#498=FACE_OUTER_BOUND('',#775,.T.);
#499=FACE_OUTER_BOUND('',#776,.T.);
#500=FACE_OUTER_BOUND('',#777,.T.);
#501=FACE_OUTER_BOUND('',#778,.T.);
#502=FACE_OUTER_BOUND('',#779,.T.);
#503=FACE_OUTER_BOUND('',#780,.T.);
#504=FACE_OUTER_BOUND('',#781,.T.);
#505=FACE_OUTER_BOUND('',#782,.T.);
#506=FACE_OUTER_BOUND('',#783,.T.);
#507=FACE_OUTER_BOUND('',#784,.T.);
#508=FACE_OUTER_BOUND('',#785,.T.);
#509=FACE_OUTER_BOUND('',#786,.T.);
#510=FACE_OUTER_BOUND('',#787,.T.);
#511=FACE_OUTER_BOUND('',#788,.T.);
#512=FACE_OUTER_BOUND('',#789,.T.);
#513=FACE_OUTER_BOUND('',#790,.T.);
#514=FACE_OUTER_BOUND('',#791,.T.);
#515=FACE_OUTER_BOUND('',#792,.T.);
#516=FACE_OUTER_BOUND('',#793,.T.);
#517=FACE_OUTER_BOUND('',#794,.T.);
#518=FACE_OUTER_BOUND('',#795,.T.);
#519=FACE_OUTER_BOUND('',#796,.T.);
#520=FACE_OUTER_BOUND('',#797,.T.);
#521=FACE_OUTER_BOUND('',#798,.T.);
#522=FACE_OUTER_BOUND('',#799,.T.);
#523=FACE_OUTER_BOUND('',#800,.T.);
#524=FACE_OUTER_BOUND('',#801,.T.);
#525=FACE_OUTER_BOUND('',#802,.T.);
#526=FACE_OUTER_BOUND('',#803,.T.);
#527=FACE_OUTER_BOUND('',#804,.T.);
#528=FACE_OUTER_BOUND('',#805,.T.);
#529=FACE_OUTER_BOUND('',#806,.T.);
#530=FACE_OUTER_BOUND('',#807,.T.);
#531=FACE_OUTER_BOUND('',#808,.T.);
#532=FACE_OUTER_BOUND('',#809,.T.);
#533=FACE_OUTER_BOUND('',#810,.T.);
#534=FACE_OUTER_BOUND('',#811,.T.);
#535=FACE_OUTER_BOUND('',#812,.T.);
#536=FACE_OUTER_BOUND('',#813,.T.);
#537=FACE_OUTER_BOUND('',#814,.T.);
#538=FACE_OUTER_BOUND('',#815,.T.);
#539=FACE_OUTER_BOUND('',#816,.T.);
#540=FACE_OUTER_BOUND('',#817,.T.);
#541=FACE_OUTER_BOUND('',#818,.T.);
#542=FACE_OUTER_BOUND('',#819,.T.);
#543=FACE_OUTER_BOUND('',#820,.T.);
#544=FACE_OUTER_BOUND('',#821,.T.);
#545=FACE_OUTER_BOUND('',#822,.T.);
#546=FACE_OUTER_BOUND('',#823,.T.);
#547=FACE_OUTER_BOUND('',#824,.T.);
#548=FACE_OUTER_BOUND('',#825,.T.);
#549=FACE_OUTER_BOUND('',#826,.T.);
#550=FACE_OUTER_BOUND('',#827,.T.);
#551=FACE_OUTER_BOUND('',#828,.T.);
#552=FACE_OUTER_BOUND('',#829,.T.);
#553=FACE_OUTER_BOUND('',#830,.T.);
#554=FACE_OUTER_BOUND('',#831,.T.);
#555=FACE_OUTER_BOUND('',#832,.T.);
#556=FACE_OUTER_BOUND('',#833,.T.);
#557=FACE_OUTER_BOUND('',#834,.T.);
#558=FACE_OUTER_BOUND('',#835,.T.);
#559=FACE_OUTER_BOUND('',#836,.T.);
#560=FACE_OUTER_BOUND('',#837,.T.);
#561=FACE_OUTER_BOUND('',#838,.T.);
#562=FACE_OUTER_BOUND('',#839,.T.);
#563=FACE_OUTER_BOUND('',#840,.T.);
#564=FACE_OUTER_BOUND('',#841,.T.);
#565=FACE_OUTER_BOUND('',#842,.T.);
#566=FACE_OUTER_BOUND('',#843,.T.);
#567=FACE_OUTER_BOUND('',#844,.T.);
#568=FACE_OUTER_BOUND('',#845,.T.);
#569=FACE_OUTER_BOUND('',#846,.T.);
#570=FACE_OUTER_BOUND('',#847,.T.);
#571=FACE_OUTER_BOUND('',#848,.T.);
#572=FACE_OUTER_BOUND('',#857,.T.);
#573=FACE_OUTER_BOUND('',#866,.T.);
#574=FACE_OUTER_BOUND('',#874,.T.);
#575=FACE_OUTER_BOUND('',#883,.T.);
#576=FACE_OUTER_BOUND('',#884,.T.);
#577=FACE_OUTER_BOUND('',#885,.T.);
#578=FACE_OUTER_BOUND('',#893,.T.);
#579=FACE_OUTER_BOUND('',#894,.T.);
#580=FACE_OUTER_BOUND('',#902,.T.);
#581=FACE_OUTER_BOUND('',#903,.T.);
#582=FACE_OUTER_BOUND('',#904,.T.);
#583=FACE_OUTER_BOUND('',#905,.T.);
#584=FACE_OUTER_BOUND('',#906,.T.);
#585=FACE_OUTER_BOUND('',#907,.T.);
#586=FACE_OUTER_BOUND('',#908,.T.);
#587=FACE_OUTER_BOUND('',#909,.T.);
#588=EDGE_LOOP('',(#2974,#2975,#2976,#2977,#2978,#2979,#2980,#2981,#2982,
#2983,#2984,#2985,#2986,#2987,#2988,#2989,#2990,#2991,#2992,#2993,#2994,
#2995,#2996,#2997));
#589=EDGE_LOOP('',(#2998,#2999,#3000,#3001,#3002,#3003));
#590=EDGE_LOOP('',(#3004,#3005,#3006));
#591=EDGE_LOOP('',(#3007,#3008,#3009));
#592=EDGE_LOOP('',(#3010,#3011,#3012,#3013));
#593=EDGE_LOOP('',(#3014,#3015,#3016,#3017));
#594=EDGE_LOOP('',(#3018,#3019,#3020,#3021));
#595=EDGE_LOOP('',(#3022,#3023,#3024));
#596=EDGE_LOOP('',(#3025,#3026,#3027,#3028));
#597=EDGE_LOOP('',(#3029,#3030,#3031,#3032));
#598=EDGE_LOOP('',(#3033,#3034,#3035,#3036));
#599=EDGE_LOOP('',(#3037,#3038,#3039));
#600=EDGE_LOOP('',(#3040,#3041,#3042,#3043));
#601=EDGE_LOOP('',(#3044,#3045,#3046,#3047));
#602=EDGE_LOOP('',(#3048,#3049,#3050,#3051));
#603=EDGE_LOOP('',(#3052,#3053,#3054,#3055));
#604=EDGE_LOOP('',(#3056,#3057,#3058,#3059));
#605=EDGE_LOOP('',(#3060,#3061,#3062,#3063));
#606=EDGE_LOOP('',(#3064,#3065,#3066,#3067));
#607=EDGE_LOOP('',(#3068,#3069,#3070,#3071));
#608=EDGE_LOOP('',(#3072,#3073,#3074,#3075));
#609=EDGE_LOOP('',(#3076,#3077,#3078,#3079));
#610=EDGE_LOOP('',(#3080,#3081,#3082,#3083));
#611=EDGE_LOOP('',(#3084,#3085,#3086,#3087));
#612=EDGE_LOOP('',(#3088,#3089,#3090,#3091));
#613=EDGE_LOOP('',(#3092,#3093,#3094,#3095));
#614=EDGE_LOOP('',(#3096,#3097,#3098,#3099));
#615=EDGE_LOOP('',(#3100,#3101,#3102,#3103));
#616=EDGE_LOOP('',(#3104,#3105,#3106,#3107));
#617=EDGE_LOOP('',(#3108,#3109,#3110,#3111));
#618=EDGE_LOOP('',(#3112,#3113,#3114,#3115));
#619=EDGE_LOOP('',(#3116,#3117,#3118));
#620=EDGE_LOOP('',(#3119,#3120));
#621=EDGE_LOOP('',(#3121,#3122));
#622=EDGE_LOOP('',(#3123,#3124));
#623=EDGE_LOOP('',(#3125,#3126));
#624=EDGE_LOOP('',(#3127,#3128));
#625=EDGE_LOOP('',(#3129,#3130));
#626=EDGE_LOOP('',(#3131,#3132));
#627=EDGE_LOOP('',(#3133,#3134));
#628=EDGE_LOOP('',(#3135,#3136));
#629=EDGE_LOOP('',(#3137,#3138));
#630=EDGE_LOOP('',(#3139,#3140));
#631=EDGE_LOOP('',(#3141,#3142));
#632=EDGE_LOOP('',(#3143,#3144));
#633=EDGE_LOOP('',(#3145,#3146));
#634=EDGE_LOOP('',(#3147,#3148));
#635=EDGE_LOOP('',(#3149,#3150,#3151,#3152));
#636=EDGE_LOOP('',(#3153,#3154,#3155,#3156,#3157,#3158,#3159,#3160,#3161,
#3162,#3163,#3164,#3165,#3166,#3167,#3168,#3169,#3170,#3171,#3172,#3173,
#3174,#3175,#3176,#3177,#3178,#3179,#3180,#3181,#3182,#3183,#3184,#3185,
#3186,#3187,#3188));
#637=EDGE_LOOP('',(#3189,#3190,#3191,#3192,#3193,#3194,#3195,#3196,#3197,
#3198,#3199,#3200,#3201,#3202,#3203,#3204,#3205,#3206,#3207,#3208,#3209,
#3210,#3211,#3212,#3213,#3214,#3215,#3216,#3217,#3218,#3219,#3220,#3221,
#3222,#3223,#3224));
#638=EDGE_LOOP('',(#3225,#3226));
#639=EDGE_LOOP('',(#3227,#3228));
#640=EDGE_LOOP('',(#3229,#3230,#3231));
#641=EDGE_LOOP('',(#3232,#3233,#3234));
#642=EDGE_LOOP('',(#3235,#3236));
#643=EDGE_LOOP('',(#3237,#3238));
#644=EDGE_LOOP('',(#3239,#3240,#3241));
#645=EDGE_LOOP('',(#3242,#3243,#3244));
#646=EDGE_LOOP('',(#3245,#3246,#3247,#3248));
#647=EDGE_LOOP('',(#3249,#3250,#3251,#3252));
#648=EDGE_LOOP('',(#3253,#3254,#3255,#3256));
#649=EDGE_LOOP('',(#3257,#3258,#3259,#3260));
#650=EDGE_LOOP('',(#3261,#3262,#3263));
#651=EDGE_LOOP('',(#3264,#3265,#3266,#3267));
#652=EDGE_LOOP('',(#3268,#3269,#3270,#3271));
#653=EDGE_LOOP('',(#3272,#3273,#3274,#3275));
#654=EDGE_LOOP('',(#3276,#3277,#3278,#3279));
#655=EDGE_LOOP('',(#3280,#3281));
#656=EDGE_LOOP('',(#3282,#3283));
#657=EDGE_LOOP('',(#3284,#3285,#3286));
#658=EDGE_LOOP('',(#3287,#3288,#3289));
#659=EDGE_LOOP('',(#3290,#3291,#3292,#3293,#3294));
#660=EDGE_LOOP('',(#3295,#3296,#3297));
#661=EDGE_LOOP('',(#3298,#3299,#3300,#3301));
#662=EDGE_LOOP('',(#3302,#3303));
#663=EDGE_LOOP('',(#3304,#3305));
#664=EDGE_LOOP('',(#3306,#3307));
#665=EDGE_LOOP('',(#3308,#3309,#3310));
#666=EDGE_LOOP('',(#3311,#3312,#3313));
#667=EDGE_LOOP('',(#3314,#3315));
#668=EDGE_LOOP('',(#3316,#3317,#3318));
#669=EDGE_LOOP('',(#3319,#3320,#3321));
#670=EDGE_LOOP('',(#3322,#3323));
#671=EDGE_LOOP('',(#3324,#3325));
#672=EDGE_LOOP('',(#3326,#3327));
#673=EDGE_LOOP('',(#3328,#3329));
#674=EDGE_LOOP('',(#3330,#3331,#3332));
#675=EDGE_LOOP('',(#3333,#3334,#3335));
#676=EDGE_LOOP('',(#3336,#3337));
#677=EDGE_LOOP('',(#3338,#3339));
#678=EDGE_LOOP('',(#3340,#3341,#3342));
#679=EDGE_LOOP('',(#3343,#3344,#3345));
#680=EDGE_LOOP('',(#3346,#3347,#3348,#3349));
#681=EDGE_LOOP('',(#3350,#3351,#3352,#3353));
#682=EDGE_LOOP('',(#3354,#3355,#3356,#3357));
#683=EDGE_LOOP('',(#3358,#3359,#3360,#3361));
#684=EDGE_LOOP('',(#3362,#3363,#3364,#3365));
#685=EDGE_LOOP('',(#3366,#3367,#3368,#3369));
#686=EDGE_LOOP('',(#3370,#3371,#3372,#3373));
#687=EDGE_LOOP('',(#3374,#3375,#3376,#3377));
#688=EDGE_LOOP('',(#3378,#3379));
#689=EDGE_LOOP('',(#3380,#3381));
#690=EDGE_LOOP('',(#3382,#3383));
#691=EDGE_LOOP('',(#3384,#3385,#3386));
#692=EDGE_LOOP('',(#3387,#3388,#3389));
#693=EDGE_LOOP('',(#3390,#3391));
#694=EDGE_LOOP('',(#3392,#3393,#3394));
#695=EDGE_LOOP('',(#3395,#3396,#3397));
#696=EDGE_LOOP('',(#3398,#3399));
#697=EDGE_LOOP('',(#3400,#3401));
#698=EDGE_LOOP('',(#3402,#3403));
#699=EDGE_LOOP('',(#3404,#3405));
#700=EDGE_LOOP('',(#3406,#3407,#3408));
#701=EDGE_LOOP('',(#3409,#3410,#3411));
#702=EDGE_LOOP('',(#3412,#3413));
#703=EDGE_LOOP('',(#3414,#3415));
#704=EDGE_LOOP('',(#3416,#3417,#3418));
#705=EDGE_LOOP('',(#3419,#3420,#3421));
#706=EDGE_LOOP('',(#3422,#3423,#3424,#3425));
#707=EDGE_LOOP('',(#3426,#3427,#3428,#3429));
#708=EDGE_LOOP('',(#3430,#3431,#3432,#3433));
#709=EDGE_LOOP('',(#3434,#3435,#3436,#3437));
#710=EDGE_LOOP('',(#3438,#3439,#3440,#3441));
#711=EDGE_LOOP('',(#3442,#3443,#3444,#3445));
#712=EDGE_LOOP('',(#3446,#3447,#3448,#3449));
#713=EDGE_LOOP('',(#3450,#3451,#3452,#3453));
#714=EDGE_LOOP('',(#3454,#3455));
#715=EDGE_LOOP('',(#3456,#3457));
#716=EDGE_LOOP('',(#3458,#3459));
#717=EDGE_LOOP('',(#3460,#3461,#3462));
#718=EDGE_LOOP('',(#3463,#3464,#3465));
#719=EDGE_LOOP('',(#3466,#3467));
#720=EDGE_LOOP('',(#3468,#3469,#3470));
#721=EDGE_LOOP('',(#3471,#3472,#3473));
#722=EDGE_LOOP('',(#3474,#3475));
#723=EDGE_LOOP('',(#3476,#3477));
#724=EDGE_LOOP('',(#3478,#3479));
#725=EDGE_LOOP('',(#3480,#3481));
#726=EDGE_LOOP('',(#3482,#3483,#3484));
#727=EDGE_LOOP('',(#3485,#3486,#3487));
#728=EDGE_LOOP('',(#3488,#3489));
#729=EDGE_LOOP('',(#3490,#3491));
#730=EDGE_LOOP('',(#3492,#3493,#3494));
#731=EDGE_LOOP('',(#3495,#3496,#3497));
#732=EDGE_LOOP('',(#3498,#3499,#3500,#3501));
#733=EDGE_LOOP('',(#3502,#3503,#3504,#3505));
#734=EDGE_LOOP('',(#3506,#3507,#3508,#3509));
#735=EDGE_LOOP('',(#3510,#3511,#3512,#3513));
#736=EDGE_LOOP('',(#3514,#3515,#3516,#3517));
#737=EDGE_LOOP('',(#3518,#3519,#3520,#3521));
#738=EDGE_LOOP('',(#3522,#3523,#3524,#3525));
#739=EDGE_LOOP('',(#3526,#3527,#3528,#3529));
#740=EDGE_LOOP('',(#3530,#3531));
#741=EDGE_LOOP('',(#3532,#3533));
#742=EDGE_LOOP('',(#3534,#3535));
#743=EDGE_LOOP('',(#3536,#3537,#3538));
#744=EDGE_LOOP('',(#3539,#3540,#3541));
#745=EDGE_LOOP('',(#3542,#3543));
#746=EDGE_LOOP('',(#3544,#3545,#3546));
#747=EDGE_LOOP('',(#3547,#3548,#3549));
#748=EDGE_LOOP('',(#3550,#3551));
#749=EDGE_LOOP('',(#3552,#3553));
#750=EDGE_LOOP('',(#3554,#3555));
#751=EDGE_LOOP('',(#3556,#3557));
#752=EDGE_LOOP('',(#3558,#3559,#3560));
#753=EDGE_LOOP('',(#3561,#3562,#3563));
#754=EDGE_LOOP('',(#3564,#3565));
#755=EDGE_LOOP('',(#3566,#3567));
#756=EDGE_LOOP('',(#3568,#3569,#3570));
#757=EDGE_LOOP('',(#3571,#3572,#3573));
#758=EDGE_LOOP('',(#3574,#3575,#3576,#3577));
#759=EDGE_LOOP('',(#3578,#3579,#3580,#3581));
#760=EDGE_LOOP('',(#3582,#3583,#3584,#3585));
#761=EDGE_LOOP('',(#3586,#3587,#3588,#3589));
#762=EDGE_LOOP('',(#3590,#3591,#3592,#3593));
#763=EDGE_LOOP('',(#3594,#3595,#3596,#3597));
#764=EDGE_LOOP('',(#3598,#3599,#3600,#3601));
#765=EDGE_LOOP('',(#3602,#3603,#3604,#3605));
#766=EDGE_LOOP('',(#3606,#3607));
#767=EDGE_LOOP('',(#3608,#3609));
#768=EDGE_LOOP('',(#3610,#3611));
#769=EDGE_LOOP('',(#3612,#3613,#3614));
#770=EDGE_LOOP('',(#3615,#3616,#3617));
#771=EDGE_LOOP('',(#3618,#3619));
#772=EDGE_LOOP('',(#3620,#3621,#3622));
#773=EDGE_LOOP('',(#3623,#3624,#3625));
#774=EDGE_LOOP('',(#3626,#3627));
#775=EDGE_LOOP('',(#3628,#3629));
#776=EDGE_LOOP('',(#3630,#3631));
#777=EDGE_LOOP('',(#3632,#3633));
#778=EDGE_LOOP('',(#3634,#3635,#3636));
#779=EDGE_LOOP('',(#3637,#3638,#3639));
#780=EDGE_LOOP('',(#3640,#3641));
#781=EDGE_LOOP('',(#3642,#3643));
#782=EDGE_LOOP('',(#3644,#3645,#3646));
#783=EDGE_LOOP('',(#3647,#3648,#3649));
#784=EDGE_LOOP('',(#3650,#3651,#3652,#3653));
#785=EDGE_LOOP('',(#3654,#3655,#3656,#3657));
#786=EDGE_LOOP('',(#3658,#3659,#3660,#3661));
#787=EDGE_LOOP('',(#3662,#3663,#3664,#3665));
#788=EDGE_LOOP('',(#3666,#3667,#3668,#3669));
#789=EDGE_LOOP('',(#3670,#3671,#3672,#3673));
#790=EDGE_LOOP('',(#3674,#3675,#3676,#3677));
#791=EDGE_LOOP('',(#3678,#3679,#3680,#3681));
#792=EDGE_LOOP('',(#3682,#3683));
#793=EDGE_LOOP('',(#3684,#3685));
#794=EDGE_LOOP('',(#3686,#3687));
#795=EDGE_LOOP('',(#3688,#3689,#3690));
#796=EDGE_LOOP('',(#3691,#3692,#3693));
#797=EDGE_LOOP('',(#3694,#3695));
#798=EDGE_LOOP('',(#3696,#3697,#3698));
#799=EDGE_LOOP('',(#3699,#3700,#3701));
#800=EDGE_LOOP('',(#3702,#3703));
#801=EDGE_LOOP('',(#3704,#3705));
#802=EDGE_LOOP('',(#3706,#3707));
#803=EDGE_LOOP('',(#3708,#3709));
#804=EDGE_LOOP('',(#3710,#3711,#3712));
#805=EDGE_LOOP('',(#3713,#3714,#3715));
#806=EDGE_LOOP('',(#3716,#3717));
#807=EDGE_LOOP('',(#3718,#3719));
#808=EDGE_LOOP('',(#3720,#3721,#3722));
#809=EDGE_LOOP('',(#3723,#3724,#3725));
#810=EDGE_LOOP('',(#3726,#3727,#3728,#3729));
#811=EDGE_LOOP('',(#3730,#3731,#3732,#3733));
#812=EDGE_LOOP('',(#3734,#3735,#3736,#3737));
#813=EDGE_LOOP('',(#3738,#3739,#3740,#3741));
#814=EDGE_LOOP('',(#3742,#3743,#3744,#3745));
#815=EDGE_LOOP('',(#3746,#3747,#3748,#3749));
#816=EDGE_LOOP('',(#3750,#3751,#3752,#3753));
#817=EDGE_LOOP('',(#3754,#3755,#3756,#3757));
#818=EDGE_LOOP('',(#3758,#3759));
#819=EDGE_LOOP('',(#3760,#3761));
#820=EDGE_LOOP('',(#3762,#3763));
#821=EDGE_LOOP('',(#3764,#3765,#3766));
#822=EDGE_LOOP('',(#3767,#3768,#3769));
#823=EDGE_LOOP('',(#3770,#3771));
#824=EDGE_LOOP('',(#3772,#3773,#3774));
#825=EDGE_LOOP('',(#3775,#3776,#3777));
#826=EDGE_LOOP('',(#3778,#3779));
#827=EDGE_LOOP('',(#3780,#3781));
#828=EDGE_LOOP('',(#3782,#3783));
#829=EDGE_LOOP('',(#3784,#3785));
#830=EDGE_LOOP('',(#3786,#3787,#3788));
#831=EDGE_LOOP('',(#3789,#3790,#3791));
#832=EDGE_LOOP('',(#3792,#3793));
#833=EDGE_LOOP('',(#3794,#3795));
#834=EDGE_LOOP('',(#3796,#3797,#3798));
#835=EDGE_LOOP('',(#3799,#3800,#3801,#3802));
#836=EDGE_LOOP('',(#3803,#3804,#3805,#3806));
#837=EDGE_LOOP('',(#3807,#3808,#3809,#3810));
#838=EDGE_LOOP('',(#3811,#3812,#3813,#3814));
#839=EDGE_LOOP('',(#3815,#3816,#3817,#3818,#3819));
#840=EDGE_LOOP('',(#3820,#3821,#3822,#3823));
#841=EDGE_LOOP('',(#3824,#3825));
#842=EDGE_LOOP('',(#3826,#3827));
#843=EDGE_LOOP('',(#3828,#3829));
#844=EDGE_LOOP('',(#3830,#3831,#3832));
#845=EDGE_LOOP('',(#3833,#3834,#3835));
#846=EDGE_LOOP('',(#3836,#3837,#3838));
#847=EDGE_LOOP('',(#3839,#3840,#3841));
#848=EDGE_LOOP('',(#3842,#3843,#3844,#3845));
#849=EDGE_LOOP('',(#3846,#3847,#3848,#3849));
#850=EDGE_LOOP('',(#3850,#3851,#3852,#3853));
#851=EDGE_LOOP('',(#3854,#3855,#3856,#3857));
#852=EDGE_LOOP('',(#3858,#3859,#3860,#3861));
#853=EDGE_LOOP('',(#3862,#3863,#3864,#3865));
#854=EDGE_LOOP('',(#3866,#3867,#3868,#3869));
#855=EDGE_LOOP('',(#3870,#3871,#3872,#3873));
#856=EDGE_LOOP('',(#3874,#3875,#3876,#3877));
#857=EDGE_LOOP('',(#3878,#3879,#3880,#3881));
#858=EDGE_LOOP('',(#3882,#3883,#3884,#3885));
#859=EDGE_LOOP('',(#3886,#3887,#3888,#3889));
#860=EDGE_LOOP('',(#3890,#3891,#3892,#3893));
#861=EDGE_LOOP('',(#3894,#3895,#3896,#3897));
#862=EDGE_LOOP('',(#3898,#3899,#3900,#3901));
#863=EDGE_LOOP('',(#3902,#3903,#3904,#3905));
#864=EDGE_LOOP('',(#3906,#3907,#3908,#3909));
#865=EDGE_LOOP('',(#3910,#3911,#3912,#3913));
#866=EDGE_LOOP('',(#3914,#3915,#3916,#3917,#3918,#3919,#3920,#3921,#3922,
#3923,#3924,#3925));
#867=EDGE_LOOP('',(#3926,#3927,#3928,#3929));
#868=EDGE_LOOP('',(#3930,#3931,#3932,#3933));
#869=EDGE_LOOP('',(#3934,#3935,#3936,#3937));
#870=EDGE_LOOP('',(#3938,#3939,#3940,#3941));
#871=EDGE_LOOP('',(#3942,#3943,#3944,#3945));
#872=EDGE_LOOP('',(#3946,#3947,#3948,#3949));
#873=EDGE_LOOP('',(#3950,#3951,#3952,#3953));
#874=EDGE_LOOP('',(#3954,#3955,#3956,#3957));
#875=EDGE_LOOP('',(#3958,#3959,#3960,#3961));
#876=EDGE_LOOP('',(#3962,#3963,#3964,#3965));
#877=EDGE_LOOP('',(#3966,#3967,#3968,#3969));
#878=EDGE_LOOP('',(#3970,#3971,#3972,#3973));
#879=EDGE_LOOP('',(#3974,#3975,#3976,#3977));
#880=EDGE_LOOP('',(#3978,#3979,#3980,#3981));
#881=EDGE_LOOP('',(#3982,#3983,#3984,#3985));
#882=EDGE_LOOP('',(#3986,#3987,#3988,#3989));
#883=EDGE_LOOP('',(#3990,#3991,#3992,#3993,#3994,#3995,#3996,#3997,#3998,
#3999,#4000,#4001,#4002,#4003,#4004,#4005,#4006,#4007,#4008,#4009,#4010,
#4011,#4012,#4013,#4014,#4015,#4016,#4017,#4018,#4019,#4020,#4021,#4022,
#4023,#4024,#4025));
#884=EDGE_LOOP('',(#4026,#4027,#4028,#4029,#4030,#4031,#4032,#4033,#4034,
#4035,#4036,#4037,#4038,#4039,#4040,#4041,#4042,#4043,#4044,#4045,#4046,
#4047,#4048,#4049,#4050,#4051,#4052,#4053,#4054,#4055,#4056,#4057,#4058,
#4059,#4060,#4061));
#885=EDGE_LOOP('',(#4062,#4063,#4064,#4065,#4066,#4067,#4068,#4069,#4070,
#4071,#4072,#4073));
#886=EDGE_LOOP('',(#4074,#4075,#4076,#4077));
#887=EDGE_LOOP('',(#4078,#4079,#4080,#4081));
#888=EDGE_LOOP('',(#4082,#4083,#4084,#4085));
#889=EDGE_LOOP('',(#4086,#4087,#4088,#4089));
#890=EDGE_LOOP('',(#4090,#4091,#4092,#4093));
#891=EDGE_LOOP('',(#4094,#4095,#4096,#4097));
#892=EDGE_LOOP('',(#4098,#4099,#4100,#4101));
#893=EDGE_LOOP('',(#4102,#4103,#4104,#4105));
#894=EDGE_LOOP('',(#4106,#4107,#4108,#4109,#4110,#4111,#4112,#4113,#4114,
#4115,#4116,#4117));
#895=EDGE_LOOP('',(#4118,#4119,#4120,#4121));
#896=EDGE_LOOP('',(#4122,#4123,#4124,#4125));
#897=EDGE_LOOP('',(#4126,#4127,#4128,#4129));
#898=EDGE_LOOP('',(#4130,#4131,#4132,#4133));
#899=EDGE_LOOP('',(#4134,#4135,#4136,#4137));
#900=EDGE_LOOP('',(#4138,#4139,#4140,#4141));
#901=EDGE_LOOP('',(#4142,#4143,#4144,#4145));
#902=EDGE_LOOP('',(#4146,#4147,#4148));
#903=EDGE_LOOP('',(#4149,#4150,#4151));
#904=EDGE_LOOP('',(#4152,#4153,#4154,#4155,#4156,#4157,#4158,#4159,#4160,
#4161,#4162,#4163,#4164,#4165,#4166,#4167,#4168,#4169,#4170,#4171,#4172,
#4173,#4174,#4175,#4176,#4177,#4178,#4179,#4180,#4181,#4182,#4183,#4184,
#4185,#4186,#4187));
#905=EDGE_LOOP('',(#4188,#4189,#4190,#4191,#4192,#4193,#4194,#4195,#4196,
#4197,#4198,#4199,#4200,#4201,#4202,#4203,#4204,#4205,#4206,#4207,#4208,
#4209,#4210,#4211,#4212,#4213,#4214,#4215,#4216,#4217,#4218,#4219,#4220,
#4221,#4222,#4223));
#906=EDGE_LOOP('',(#4224,#4225,#4226,#4227));
#907=EDGE_LOOP('',(#4228,#4229,#4230,#4231,#4232,#4233,#4234,#4235,#4236,
#4237,#4238,#4239,#4240,#4241,#4242,#4243,#4244,#4245,#4246,#4247,#4248,
#4249,#4250,#4251,#4252,#4253,#4254,#4255,#4256,#4257,#4258,#4259,#4260,
#4261,#4262,#4263));
#908=EDGE_LOOP('',(#4264,#4265,#4266,#4267,#4268,#4269,#4270,#4271,#4272,
#4273,#4274,#4275,#4276,#4277,#4278,#4279,#4280,#4281,#4282,#4283,#4284,
#4285,#4286,#4287,#4288,#4289,#4290,#4291,#4292,#4293,#4294,#4295,#4296,
#4297,#4298,#4299));
#909=EDGE_LOOP('',(#4300,#4301,#4302,#4303,#4304,#4305,#4306,#4307,#4308,
#4309,#4310,#4311,#4312,#4313,#4314,#4315,#4316,#4317,#4318,#4319,#4320,
#4321,#4322,#4323));
#910=B_SPLINE_CURVE_WITH_KNOTS('',3,(#5293,#5294,#5295,#5296,#5297,#5298,
#5299,#5300,#5301,#5302,#5303,#5304,#5305,#5306,#5307,#5308,#5309,#5310,
#5311,#5312,#5313,#5314),.UNSPECIFIED.,.F.,.F.,(4,3,3,3,3,3,3,4),(0.311539061086841,
0.36905978276516,0.426731098083196,0.484009426600018,0.54025018683475,0.559263224321657,
0.615652655384029,0.624482329744159),.UNSPECIFIED.);
#911=B_SPLINE_CURVE_WITH_KNOTS('',3,(#5346,#5347,#5348,#5349,#5350,#5351,
#5352,#5353,#5354,#5355,#5356,#5357,#5358,#5359,#5360,#5361,#5362,#5363,
#5364),.UNSPECIFIED.,.F.,.F.,(4,3,3,3,3,3,4),(1.01150615295698,1.0303664051428,
1.08660647538319,1.14389640781539,1.20140602021229,1.25860998858234,1.26834777979996),
 .UNSPECIFIED.);
#912=B_SPLINE_CURVE_WITH_KNOTS('',3,(#5438,#5439,#5440,#5441),
 .UNSPECIFIED.,.F.,.F.,(4,4),(143.905413706931,144.388337515539),
 .UNSPECIFIED.);
#913=B_SPLINE_CURVE_WITH_KNOTS('',3,(#5448,#5449,#5450,#5451),
 .UNSPECIFIED.,.F.,.F.,(4,4),(142.211313334118,142.694478811451),
 .UNSPECIFIED.);
#914=B_SPLINE_CURVE_WITH_KNOTS('',3,(#5454,#5455,#5456,#5457),
 .UNSPECIFIED.,.F.,.F.,(4,4),(0.964529499745991,1.44775094789956),
 .UNSPECIFIED.);
#915=B_SPLINE_CURVE_WITH_KNOTS('',3,(#5463,#5464,#5465,#5466),
 .UNSPECIFIED.,.F.,.F.,(4,4),(138.823105289376,139.306267387751),
 .UNSPECIFIED.);
#916=B_SPLINE_CURVE_WITH_KNOTS('',3,(#5469,#5470,#5471,#5472),
 .UNSPECIFIED.,.F.,.F.,(4,4),(4.35274635639516,4.83593274885601),
 .UNSPECIFIED.);
#917=B_SPLINE_CURVE_WITH_KNOTS('',3,(#5478,#5479,#5480,#5481),
 .UNSPECIFIED.,.F.,.F.,(4,4),(137.69370096796,138.176865296709),
 .UNSPECIFIED.);
#918=B_SPLINE_CURVE_WITH_KNOTS('',3,(#5484,#5485,#5486,#5487),
 .UNSPECIFIED.,.F.,.F.,(4,4),(5.48215206637116,5.9653301581029),
 .UNSPECIFIED.);
#919=B_SPLINE_CURVE_WITH_KNOTS('',3,(#5493,#5494,#5495,#5496),
 .UNSPECIFIED.,.F.,.F.,(4,4),(134.305485157981,134.788666268532),
 .UNSPECIFIED.);
#920=B_SPLINE_CURVE_WITH_KNOTS('',3,(#5499,#5500,#5501,#5502),
 .UNSPECIFIED.,.F.,.F.,(4,4),(8.87036742802411,9.35353069289853),
 .UNSPECIFIED.);
#921=B_SPLINE_CURVE_WITH_KNOTS('',3,(#5508,#5509,#5510,#5511),
 .UNSPECIFIED.,.F.,.F.,(4,4),(133.176079411078,133.659269476638),
 .UNSPECIFIED.);
#922=B_SPLINE_CURVE_WITH_KNOTS('',3,(#5514,#5515,#5516,#5517),
 .UNSPECIFIED.,.F.,.F.,(4,4),(9.99977148828962,10.4829331730123),
 .UNSPECIFIED.);
#923=B_SPLINE_CURVE_WITH_KNOTS('',3,(#5523,#5524,#5525,#5526),
 .UNSPECIFIED.,.F.,.F.,(4,4),(129.787862778274,130.271089864855),
 .UNSPECIFIED.);
#924=B_SPLINE_CURVE_WITH_KNOTS('',3,(#5529,#5530,#5531,#5532),
 .UNSPECIFIED.,.F.,.F.,(4,4),(13.3879784110648,13.8711454270847),
 .UNSPECIFIED.);
#925=B_SPLINE_CURVE_WITH_KNOTS('',3,(#5538,#5539,#5540,#5541),
 .UNSPECIFIED.,.F.,.F.,(4,4),(128.658457916084,129.14170073033),
 .UNSPECIFIED.);
#926=B_SPLINE_CURVE_WITH_KNOTS('',3,(#5544,#5545,#5546,#5547),
 .UNSPECIFIED.,.F.,.F.,(4,4),(14.5173784992359,15.0005506485797),
 .UNSPECIFIED.);
#927=B_SPLINE_CURVE_WITH_KNOTS('',3,(#5553,#5554,#5555,#5556),
 .UNSPECIFIED.,.F.,.F.,(4,4),(125.270247403394,125.753547649407),
 .UNSPECIFIED.);
#928=B_SPLINE_CURVE_WITH_KNOTS('',3,(#5559,#5560,#5561,#5562),
 .UNSPECIFIED.,.F.,.F.,(4,4),(17.9055700017463,18.388767665565),
 .UNSPECIFIED.);
#929=B_SPLINE_CURVE_WITH_KNOTS('',3,(#5568,#5569,#5570,#5571),
 .UNSPECIFIED.,.F.,.F.,(4,4),(124.140845741168,124.624168579182),
 .UNSPECIFIED.);
#930=B_SPLINE_CURVE_WITH_KNOTS('',3,(#5574,#5575,#5576,#5577),
 .UNSPECIFIED.,.F.,.F.,(4,4),(19.0349637741528,19.5181733132328),
 .UNSPECIFIED.);
#931=B_SPLINE_CURVE_WITH_KNOTS('',3,(#5583,#5584,#5585,#5586),
 .UNSPECIFIED.,.F.,.F.,(4,4),(120.752648322647,121.236039583016),
 .UNSPECIFIED.);
#932=B_SPLINE_CURVE_WITH_KNOTS('',3,(#5589,#5590,#5591,#5592),
 .UNSPECIFIED.,.F.,.F.,(4,4),(22.4231327980476,22.9063881537545),
 .UNSPECIFIED.);
#933=B_SPLINE_CURVE_WITH_KNOTS('',3,(#5598,#5599,#5600,#5601),
 .UNSPECIFIED.,.F.,.F.,(4,4),(119.623252192837,120.106658979983),
 .UNSPECIFIED.);
#934=B_SPLINE_CURVE_WITH_KNOTS('',3,(#5604,#5605,#5606,#5607),
 .UNSPECIFIED.,.F.,.F.,(4,4),(23.5525178846626,24.0357919179397),
 .UNSPECIFIED.);
#935=B_SPLINE_CURVE_WITH_KNOTS('',3,(#5613,#5614,#5615,#5616),
 .UNSPECIFIED.,.F.,.F.,(4,4),(116.235074897905,116.718501827435),
 .UNSPECIFIED.);
#936=B_SPLINE_CURVE_WITH_KNOTS('',3,(#5619,#5620,#5621,#5622),
 .UNSPECIFIED.,.F.,.F.,(4,4),(26.9406572535815,27.4239976292703),
 .UNSPECIFIED.);
#937=B_SPLINE_CURVE_WITH_KNOTS('',3,(#5628,#5629,#5630,#5631),
 .UNSPECIFIED.,.F.,.F.,(4,4),(115.105686659974,115.589111501866),
 .UNSPECIFIED.);
#938=B_SPLINE_CURVE_WITH_KNOTS('',3,(#5634,#5635,#5636,#5637),
 .UNSPECIFIED.,.F.,.F.,(4,4),(28.070032021609,28.5533971870481),
 .UNSPECIFIED.);
#939=B_SPLINE_CURVE_WITH_KNOTS('',3,(#5643,#5644,#5645,#5646),
 .UNSPECIFIED.,.F.,.F.,(4,4),(111.717536631287,112.200928791667),
 .UNSPECIFIED.);
#940=B_SPLINE_CURVE_WITH_KNOTS('',3,(#5649,#5650,#5651,#5652),
 .UNSPECIFIED.,.F.,.F.,(4,4),(31.4581714516649,31.9415867764214),
 .UNSPECIFIED.);
#941=B_SPLINE_CURVE_WITH_KNOTS('',3,(#5658,#5659,#5660,#5661),
 .UNSPECIFIED.,.F.,.F.,(4,4),(110.588158681092,111.071531137445),
 .UNSPECIFIED.);
#942=B_SPLINE_CURVE_WITH_KNOTS('',3,(#5664,#5665,#5666,#5667),
 .UNSPECIFIED.,.F.,.F.,(4,4),(32.5875565552712,33.070979786966),
 .UNSPECIFIED.);
#943=B_SPLINE_CURVE_WITH_KNOTS('',3,(#5685,#5686,#5687,#5688,#5689,#5690,
#5691,#5692,#5693,#5694),.UNSPECIFIED.,.F.,.F.,(4,3,3,4),(-0.0632817667176061,
-0.0442157016594517,-0.00785597420413766,0.),.UNSPECIFIED.);
#944=B_SPLINE_CURVE_WITH_KNOTS('',3,(#5695,#5696,#5697,#5698),
 .UNSPECIFIED.,.F.,.F.,(4,4),(0.,0.318360967632293),.UNSPECIFIED.);
#945=B_SPLINE_CURVE_WITH_KNOTS('',3,(#5715,#5716,#5717,#5718,#5719,#5720,
#5721,#5722,#5723,#5724,#5725,#5726,#5727,#5728,#5729,#5730,#5731,#5732,
#5733,#5734),.UNSPECIFIED.,.F.,.F.,(4,2,2,2,2,2,2,2,2,4),(-0.482582582087347,
-0.366592799060658,-0.300294869789679,-0.268792728617859,-0.251759627653939,
-0.237745980248543,-0.221243104174269,-0.192915715314938,-0.0887133608056376,
0.),.UNSPECIFIED.);
#946=B_SPLINE_CURVE_WITH_KNOTS('',3,(#5751,#5752,#5753,#5754,#5755,#5756,
#5757,#5758,#5759,#5760,#5761,#5762,#5763,#5764,#5765,#5766,#5767,#5768,
#5769,#5770),.UNSPECIFIED.,.F.,.F.,(4,2,2,2,2,2,2,2,2,4),(-0.482582582084557,
-0.366592799652759,-0.300294870389504,-0.26879272922944,-0.251759628282602,
-0.237745980896943,-0.221243104852511,-0.192915716060601,-0.0887133619600882,
-1.26134086508856E-9),.UNSPECIFIED.);
#947=B_SPLINE_CURVE_WITH_KNOTS('',3,(#5787,#5788,#5789,#5790,#5791,#5792,
#5793,#5794,#5795,#5796,#5797,#5798,#5799,#5800,#5801,#5802,#5803,#5804,
#5805,#5806),.UNSPECIFIED.,.F.,.F.,(4,2,2,2,2,2,2,2,2,4),(-0.482582582086411,
-0.366592799074062,-0.300294869795432,-0.26879272862037,-0.251759627655212,
-0.237745980249067,-0.221243104174193,-0.192915715314518,-0.0887133608116488,
0.),.UNSPECIFIED.);
#948=B_SPLINE_CURVE_WITH_KNOTS('',3,(#5823,#5824,#5825,#5826,#5827,#5828,
#5829,#5830,#5831,#5832,#5833,#5834,#5835,#5836,#5837,#5838,#5839,#5840,
#5841,#5842),.UNSPECIFIED.,.F.,.F.,(4,2,2,2,2,2,2,2,2,4),(-0.482582582086226,
-0.366592799073907,-0.300294869795305,-0.268792728620269,-0.251759627655118,
-0.237745980248978,-0.221243104174143,-0.192915715314467,-0.0887133608116182,
0.),.UNSPECIFIED.);
#949=B_SPLINE_CURVE_WITH_KNOTS('',3,(#5859,#5860,#5861,#5862,#5863,#5864,
#5865,#5866,#5867,#5868,#5869,#5870,#5871,#5872,#5873,#5874,#5875,#5876,
#5877,#5878),.UNSPECIFIED.,.F.,.F.,(4,2,2,2,2,2,2,2,2,4),(-0.482582582087082,
-0.366592799074256,-0.300294869795346,-0.268792728620191,-0.251759627655013,
-0.237745980248879,-0.221243104173999,-0.192915715314385,-0.0887133608116003,
0.),.UNSPECIFIED.);
#950=B_SPLINE_CURVE_WITH_KNOTS('',3,(#5895,#5896,#5897,#5898,#5899,#5900,
#5901,#5902,#5903,#5904,#5905,#5906,#5907,#5908,#5909,#5910,#5911,#5912,
#5913,#5914),.UNSPECIFIED.,.F.,.F.,(4,2,2,2,2,2,2,2,2,4),(-0.482582582088012,
-0.366592799074914,-0.300294869795841,-0.268792728620579,-0.251759627655343,
-0.237745980249186,-0.221243104174308,-0.192915715314603,-0.0887133608116874,
0.),.UNSPECIFIED.);
#951=B_SPLINE_CURVE_WITH_KNOTS('',3,(#5931,#5932,#5933,#5934,#5935,#5936,
#5937,#5938,#5939,#5940,#5941,#5942,#5943,#5944,#5945,#5946,#5947,#5948,
#5949,#5950),.UNSPECIFIED.,.F.,.F.,(4,2,2,2,2,2,2,2,2,4),(-0.482582582084042,
-0.366592799072627,-0.300294869794528,-0.268792728619706,-0.251759627654697,
-0.23774598024867,-0.221243104173821,-0.192915715314167,-0.0887133608114865,
0.),.UNSPECIFIED.);
#952=B_SPLINE_CURVE_WITH_KNOTS('',3,(#5967,#5968,#5969,#5970,#5971,#5972,
#5973,#5974,#5975,#5976,#5977,#5978,#5979,#5980,#5981,#5982,#5983,#5984,
#5985,#5986),.UNSPECIFIED.,.F.,.F.,(4,2,2,2,2,2,2,2,2,4),(-0.482582582083131,
-0.366592799301241,-0.300294869892342,-0.268792728661773,-0.251759627675039,
-0.237745980255616,-0.221243104170366,-0.192915715305539,-0.0887133609102389,
0.),.UNSPECIFIED.);
#953=B_SPLINE_CURVE_WITH_KNOTS('',3,(#6003,#6004,#6005,#6006,#6007,#6008,
#6009,#6010,#6011,#6012,#6013,#6014,#6015,#6016,#6017,#6018,#6019,#6020,
#6021,#6022),.UNSPECIFIED.,.F.,.F.,(4,2,2,2,2,2,2,2,2,4),(-0.482582582084961,
-0.366592798971419,-0.300294869751326,-0.268792728601282,-0.251759627645934,
-0.237745980245901,-0.221243104175801,-0.192915715318474,-0.0887133607678574,
0.),.UNSPECIFIED.);
#954=B_SPLINE_CURVE_WITH_KNOTS('',3,(#6039,#6040,#6041,#6042,#6043,#6044,
#6045,#6046,#6047,#6048,#6049,#6050,#6051,#6052,#6053,#6054,#6055,#6056,
#6057,#6058),.UNSPECIFIED.,.F.,.F.,(4,2,2,2,2,2,2,2,2,4),(-0.482582582080137,
-0.366592799381977,-0.300294869926878,-0.268792728676645,-0.251759627682273,
-0.23774598025806,-0.221243104168959,-0.192915715302247,-0.088713360945522,
0.),.UNSPECIFIED.);
#955=B_SPLINE_CURVE_WITH_KNOTS('',3,(#6075,#6076,#6077,#6078,#6079,#6080,
#6081,#6082,#6083,#6084,#6085,#6086,#6087,#6088,#6089,#6090,#6091,#6092,
#6093,#6094),.UNSPECIFIED.,.F.,.F.,(4,2,2,2,2,2,2,2,2,4),(-0.482582582088986,
-0.366592799075246,-0.300294869795973,-0.268792728620619,-0.251759627655357,
-0.237745980249216,-0.221243104174362,-0.192915715314727,-0.0887133608116927,
0.),.UNSPECIFIED.);
#956=B_SPLINE_CURVE_WITH_KNOTS('',3,(#6111,#6112,#6113,#6114,#6115,#6116,
#6117,#6118,#6119,#6120,#6121,#6122,#6123,#6124,#6125,#6126,#6127,#6128,
#6129,#6130),.UNSPECIFIED.,.F.,.F.,(4,2,2,2,2,2,2,2,2,4),(-0.482582582087318,
-0.366592799074618,-0.30029486979587,-0.268792728620734,-0.251759627655563,
-0.237745980249385,-0.221243104174346,-0.19291571531475,-0.0887133608117359,
0.),.UNSPECIFIED.);
#957=B_SPLINE_CURVE_WITH_KNOTS('',3,(#6147,#6148,#6149,#6150,#6151,#6152,
#6153,#6154,#6155,#6156,#6157,#6158,#6159,#6160,#6161,#6162,#6163,#6164,
#6165,#6166),.UNSPECIFIED.,.F.,.F.,(4,2,2,2,2,2,2,2,2,4),(-0.48258258208511,
-0.366592799072793,-0.300294869794219,-0.268792728619172,-0.251759627654013,
-0.237745980247857,-0.221243104173019,-0.192915715313592,-0.0887133608112567,
0.),.UNSPECIFIED.);
#958=B_SPLINE_CURVE_WITH_KNOTS('',3,(#6183,#6184,#6185,#6186,#6187,#6188,
#6189,#6190,#6191,#6192,#6193,#6194,#6195,#6196,#6197,#6198,#6199,#6200,
#6201,#6202),.UNSPECIFIED.,.F.,.F.,(4,2,2,2,2,2,2,2,2,4),(-0.482582582088181,
-0.366592799074664,-0.30029486979539,-0.268792728620065,-0.251759627654747,
-0.237745980248453,-0.221243104173538,-0.192915715313997,-0.0887133608114078,
0.),.UNSPECIFIED.);
#959=B_SPLINE_CURVE_WITH_KNOTS('',3,(#6219,#6220,#6221,#6222,#6223,#6224,
#6225,#6226,#6227,#6228,#6229,#6230,#6231,#6232,#6233,#6234,#6235,#6236,
#6237,#6238),.UNSPECIFIED.,.F.,.F.,(4,2,2,2,2,2,2,2,2,4),(-0.482582582088184,
-0.366592799075061,-0.300294869795913,-0.26879272862061,-0.251759627655288,
-0.237745980249086,-0.221243104174381,-0.192915715314707,-0.0887133608117355,
0.),.UNSPECIFIED.);
#960=B_SPLINE_CURVE_WITH_KNOTS('',3,(#6251,#6252,#6253,#6254),
 .UNSPECIFIED.,.F.,.F.,(4,4),(-0.409617009621571,-0.390227136176207),
 .UNSPECIFIED.);
#961=B_SPLINE_CURVE_WITH_KNOTS('',3,(#6258,#6259,#6260,#6261),
 .UNSPECIFIED.,.F.,.F.,(4,4),(-0.0202178647232742,0.),.UNSPECIFIED.);
#962=B_SPLINE_CURVE_WITH_KNOTS('',3,(#6265,#6266,#6267,#6268),
 .UNSPECIFIED.,.F.,.F.,(4,4),(-0.409617010086757,-0.390227134118726),
 .UNSPECIFIED.);
#963=B_SPLINE_CURVE_WITH_KNOTS('',3,(#6272,#6273,#6274,#6275),
 .UNSPECIFIED.,.F.,.F.,(4,4),(-0.0202178647232682,0.),.UNSPECIFIED.);
#964=B_SPLINE_CURVE_WITH_KNOTS('',3,(#6279,#6280,#6281,#6282),
 .UNSPECIFIED.,.F.,.F.,(4,4),(-0.40961701555837,-0.390227139295618),
 .UNSPECIFIED.);
#965=B_SPLINE_CURVE_WITH_KNOTS('',3,(#6286,#6287,#6288,#6289),
 .UNSPECIFIED.,.F.,.F.,(4,4),(-0.0202178647232773,0.),.UNSPECIFIED.);
#966=B_SPLINE_CURVE_WITH_KNOTS('',3,(#6293,#6294,#6295,#6296),
 .UNSPECIFIED.,.F.,.F.,(4,4),(-0.409617023592334,-0.390227146895507),
 .UNSPECIFIED.);
#967=B_SPLINE_CURVE_WITH_KNOTS('',3,(#6300,#6301,#6302,#6303),
 .UNSPECIFIED.,.F.,.F.,(4,4),(-0.020217864723257,0.),.UNSPECIFIED.);
#968=B_SPLINE_CURVE_WITH_KNOTS('',3,(#6307,#6308,#6309,#6310),
 .UNSPECIFIED.,.F.,.F.,(4,4),(-0.409617031708426,-0.390227154573204),
 .UNSPECIFIED.);
#969=B_SPLINE_CURVE_WITH_KNOTS('',3,(#6314,#6315,#6316,#6317),
 .UNSPECIFIED.,.F.,.F.,(4,4),(-0.0202178647233052,0.),.UNSPECIFIED.);
#970=B_SPLINE_CURVE_WITH_KNOTS('',3,(#6321,#6322,#6323,#6324),
 .UNSPECIFIED.,.F.,.F.,(4,4),(-0.409617047914076,-0.39022716990427),
 .UNSPECIFIED.);
#971=B_SPLINE_CURVE_WITH_KNOTS('',3,(#6328,#6329,#6330,#6331),
 .UNSPECIFIED.,.F.,.F.,(4,4),(-0.0202178647232435,0.),.UNSPECIFIED.);
#972=B_SPLINE_CURVE_WITH_KNOTS('',3,(#6335,#6336,#6337,#6338),
 .UNSPECIFIED.,.F.,.F.,(4,4),(-0.408748076117439,-0.389462614726535),
 .UNSPECIFIED.);
#973=B_SPLINE_CURVE_WITH_KNOTS('',3,(#6342,#6343,#6344,#6345),
 .UNSPECIFIED.,.F.,.F.,(4,4),(-0.0202178647232801,0.),.UNSPECIFIED.);
#974=B_SPLINE_CURVE_WITH_KNOTS('',3,(#6349,#6350,#6351,#6352),
 .UNSPECIFIED.,.F.,.F.,(4,4),(-0.408748040729544,-0.389462581244563),
 .UNSPECIFIED.);
#975=B_SPLINE_CURVE_WITH_KNOTS('',3,(#6356,#6357,#6358,#6359),
 .UNSPECIFIED.,.F.,.F.,(4,4),(-0.0202178647232799,0.),.UNSPECIFIED.);
#976=B_SPLINE_CURVE_WITH_KNOTS('',3,(#6367,#6368,#6369,#6370),
 .UNSPECIFIED.,.F.,.F.,(4,4),(-0.40874809646764,-0.389462633975795),
 .UNSPECIFIED.);
#977=B_SPLINE_CURVE_WITH_KNOTS('',3,(#6374,#6375,#6376,#6377),
 .UNSPECIFIED.,.F.,.F.,(4,4),(-0.0202178647077513,0.),.UNSPECIFIED.);
#978=B_SPLINE_CURVE_WITH_KNOTS('',3,(#6381,#6382,#6383,#6384),
 .UNSPECIFIED.,.F.,.F.,(4,4),(-0.408748068889361,-0.389462607879985),
 .UNSPECIFIED.);
#979=B_SPLINE_CURVE_WITH_KNOTS('',3,(#6388,#6389,#6390,#6391),
 .UNSPECIFIED.,.F.,.F.,(4,4),(-0.020217864707757,0.),.UNSPECIFIED.);
#980=B_SPLINE_CURVE_WITH_KNOTS('',3,(#6395,#6396,#6397,#6398),
 .UNSPECIFIED.,.F.,.F.,(4,4),(-0.408748092254759,-0.389462629987481),
 .UNSPECIFIED.);
#981=B_SPLINE_CURVE_WITH_KNOTS('',3,(#6402,#6403,#6404,#6405),
 .UNSPECIFIED.,.F.,.F.,(4,4),(-0.0202178647077559,0.),.UNSPECIFIED.);
#982=B_SPLINE_CURVE_WITH_KNOTS('',3,(#6409,#6410,#6411,#6412),
 .UNSPECIFIED.,.F.,.F.,(4,4),(-0.408936575339087,-0.389637789925596),
 .UNSPECIFIED.);
#983=B_SPLINE_CURVE_WITH_KNOTS('',3,(#6416,#6417,#6418,#6419),
 .UNSPECIFIED.,.F.,.F.,(4,4),(-0.0202178647077638,0.),.UNSPECIFIED.);
#984=B_SPLINE_CURVE_WITH_KNOTS('',3,(#6423,#6424,#6425,#6426),
 .UNSPECIFIED.,.F.,.F.,(4,4),(-0.408936902416957,-0.389643121144871),
 .UNSPECIFIED.);
#985=B_SPLINE_CURVE_WITH_KNOTS('',3,(#6430,#6431,#6432,#6433),
 .UNSPECIFIED.,.F.,.F.,(4,4),(-0.0202178647077532,0.),.UNSPECIFIED.);
#986=B_SPLINE_CURVE_WITH_KNOTS('',3,(#6437,#6438,#6439,#6440),
 .UNSPECIFIED.,.F.,.F.,(4,4),(-0.40893264618553,-0.389639705456767),
 .UNSPECIFIED.);
#987=B_SPLINE_CURVE_WITH_KNOTS('',3,(#6444,#6445,#6446,#6447),
 .UNSPECIFIED.,.F.,.F.,(4,4),(-0.0202178647077644,0.),.UNSPECIFIED.);
#988=B_SPLINE_CURVE_WITH_KNOTS('',3,(#6451,#6452,#6453,#6454),
 .UNSPECIFIED.,.F.,.F.,(4,4),(-0.40893198785894,-0.389639904131388),
 .UNSPECIFIED.);
#989=B_SPLINE_CURVE_WITH_KNOTS('',3,(#6458,#6459,#6460,#6461),
 .UNSPECIFIED.,.F.,.F.,(4,4),(-0.0202178647077688,0.),.UNSPECIFIED.);
#990=B_SPLINE_CURVE_WITH_KNOTS('',3,(#6465,#6466,#6467,#6468),
 .UNSPECIFIED.,.F.,.F.,(4,4),(-0.408929993370771,-0.389638351195584),
 .UNSPECIFIED.);
#991=B_SPLINE_CURVE_WITH_KNOTS('',3,(#6472,#6473,#6474,#6475),
 .UNSPECIFIED.,.F.,.F.,(4,4),(-0.020217864707768,0.),.UNSPECIFIED.);
#992=B_SPLINE_CURVE_WITH_KNOTS('',3,(#6495,#6496,#6497,#6498,#6499,#6500,
#6501,#6502,#6503,#6504,#6505,#6506,#6507,#6508,#6509,#6510,#6511,#6512,
#6513,#6514),.UNSPECIFIED.,.F.,.F.,(4,2,2,2,2,2,2,2,2,4),(-0.482582582086809,
-0.366592799060392,-0.300294869789579,-0.268792728617847,-0.251759627653984,
-0.237745980248624,-0.221243104174336,-0.192915715314971,-0.0887133608056584,
0.),.UNSPECIFIED.);
#993=B_SPLINE_CURVE_WITH_KNOTS('',3,(#6515,#6516,#6517,#6518),
 .UNSPECIFIED.,.F.,.F.,(4,4),(2.09393492999711,2.5771429988037),
 .UNSPECIFIED.);
#994=B_SPLINE_CURVE_WITH_KNOTS('',3,(#6537,#6538,#6539,#6540,#6541,#6542,
#6543,#6544,#6545,#6546,#6547,#6548,#6549,#6550,#6551,#6552,#6553,#6554,
#6555,#6556),.UNSPECIFIED.,.F.,.F.,(4,2,2,2,2,2,2,2,2,4),(-0.48258258208692,
-0.366592799060461,-0.300294869789621,-0.268792728617867,-0.251759627653994,
-0.237745980248636,-0.221243104174351,-0.192915715314991,-0.0887133608056616,
0.),.UNSPECIFIED.);
#995=B_SPLINE_CURVE_WITH_KNOTS('',3,(#6557,#6558,#6559,#6560),
 .UNSPECIFIED.,.F.,.F.,(4,4),(1.52923216217443,2.0124467345978),
 .UNSPECIFIED.);
#996=B_SPLINE_CURVE_WITH_KNOTS('',3,(#6579,#6580,#6581,#6582),
 .UNSPECIFIED.,.F.,.F.,(4,4),(-0.0289084439941846,0.),.UNSPECIFIED.);
#997=B_SPLINE_CURVE_WITH_KNOTS('',3,(#6584,#6585,#6586,#6587,#6588,#6589),
 .UNSPECIFIED.,.F.,.F.,(4,2,4),(0.841547572510579,0.841999637633447,0.883055697193935),
 .UNSPECIFIED.);
#998=B_SPLINE_CURVE_WITH_KNOTS('',3,(#6590,#6591,#6592,#6593),
 .UNSPECIFIED.,.F.,.F.,(4,4),(-0.409617017031486,-0.390227234519565),
 .UNSPECIFIED.);
#999=B_SPLINE_CURVE_WITH_KNOTS('',3,(#6611,#6612,#6613,#6614),
 .UNSPECIFIED.,.F.,.F.,(4,4),(-0.0443063158841378,-0.0164943593636572),
 .UNSPECIFIED.);
#1000=B_SPLINE_CURVE_WITH_KNOTS('',3,(#6615,#6616,#6617,#6618),
 .UNSPECIFIED.,.F.,.F.,(4,4),(2.65863770933573,2.7002872851134),
 .UNSPECIFIED.);
#1001=B_SPLINE_CURVE_WITH_KNOTS('',3,(#6637,#6638,#6639,#6640,#6641,#6642,
#6643,#6644,#6645,#6646,#6647,#6648,#6649,#6650,#6651,#6652,#6653,#6654,
#6655,#6656),.UNSPECIFIED.,.F.,.F.,(4,2,2,2,2,2,2,2,2,4),(-0.482582582083957,
-0.366592799349318,-0.300294869912979,-0.268792728670689,-0.251759627679365,
-0.237745980257059,-0.221243104169477,-0.192915715303536,-0.088713360930636,
0.),.UNSPECIFIED.);
#1002=B_SPLINE_CURVE_WITH_KNOTS('',3,(#6657,#6658,#6659,#6660),
 .UNSPECIFIED.,.F.,.F.,(4,4),(3.78804347420779,4.27123467362056),
 .UNSPECIFIED.);
#1003=B_SPLINE_CURVE_WITH_KNOTS('',3,(#6679,#6680,#6681,#6682,#6683,#6684,
#6685,#6686,#6687,#6688,#6689,#6690,#6691,#6692,#6693,#6694,#6695,#6696,
#6697,#6698),.UNSPECIFIED.,.F.,.F.,(4,2,2,2,2,2,2,2,2,4),(-0.482582582083962,
-0.366592799349265,-0.300294869912927,-0.26879272867062,-0.251759627679281,
-0.237745980256975,-0.221243104169415,-0.192915715303471,-0.0887133609306119,
0.),.UNSPECIFIED.);
#1004=B_SPLINE_CURVE_WITH_KNOTS('',3,(#6699,#6700,#6701,#6702),
 .UNSPECIFIED.,.F.,.F.,(4,4),(3.22334059787723,3.70653700221461),
 .UNSPECIFIED.);
#1005=B_SPLINE_CURVE_WITH_KNOTS('',3,(#6720,#6721,#6722,#6723),
 .UNSPECIFIED.,.F.,.F.,(4,4),(-0.0289084439943525,0.),.UNSPECIFIED.);
#1006=B_SPLINE_CURVE_WITH_KNOTS('',3,(#6724,#6725,#6726,#6727),
 .UNSPECIFIED.,.F.,.F.,(4,4),(3.1003011588319,3.14183977696888),
 .UNSPECIFIED.);
#1007=B_SPLINE_CURVE_WITH_KNOTS('',3,(#6746,#6747,#6748,#6749),
 .UNSPECIFIED.,.F.,.F.,(4,4),(-0.0443063158840604,-0.0164943567154004),
 .UNSPECIFIED.);
#1008=B_SPLINE_CURVE_WITH_KNOTS('',3,(#6751,#6752,#6753,#6754),
 .UNSPECIFIED.,.F.,.F.,(4,4),(-0.0202260572554746,0.),.UNSPECIFIED.);
#1009=B_SPLINE_CURVE_WITH_KNOTS('',3,(#6755,#6756,#6757,#6758),
 .UNSPECIFIED.,.F.,.F.,(4,4),(4.91744918809916,4.95909349701748),
 .UNSPECIFIED.);
#1010=B_SPLINE_CURVE_WITH_KNOTS('',3,(#6763,#6764,#6765,#6766),
 .UNSPECIFIED.,.F.,.F.,(4,4),(141.081911618652,141.565074289071),
 .UNSPECIFIED.);
#1011=B_SPLINE_CURVE_WITH_KNOTS('',3,(#6772,#6773,#6774,#6775),
 .UNSPECIFIED.,.F.,.F.,(4,4),(141.646612585068,142.129776503162),
 .UNSPECIFIED.);
#1012=B_SPLINE_CURVE_WITH_KNOTS('',3,(#6781,#6782,#6783,#6784),
 .UNSPECIFIED.,.F.,.F.,(4,4),(142.776013744038,142.817605134869),
 .UNSPECIFIED.);
#1013=B_SPLINE_CURVE_WITH_KNOTS('',3,(#6789,#6790,#6791,#6792),
 .UNSPECIFIED.,.F.,.F.,(4,4),(140.958751246655,141.000372303662),
 .UNSPECIFIED.);
#1014=B_SPLINE_CURVE_WITH_KNOTS('',3,(#6811,#6812,#6813,#6814),
 .UNSPECIFIED.,.F.,.F.,(4,4),(-0.0443063158842023,-0.0164943593637255),
 .UNSPECIFIED.);
#1015=B_SPLINE_CURVE_WITH_KNOTS('',3,(#6816,#6817,#6818,#6819),
 .UNSPECIFIED.,.F.,.F.,(4,4),(-0.0202026784725506,0.),.UNSPECIFIED.);
#1016=B_SPLINE_CURVE_WITH_KNOTS('',3,(#6820,#6821,#6822,#6823),
 .UNSPECIFIED.,.F.,.F.,(4,4),(0.399826890921038,0.44147815964867),
 .UNSPECIFIED.);
#1017=B_SPLINE_CURVE_WITH_KNOTS('',3,(#6828,#6829,#6830,#6831),
 .UNSPECIFIED.,.F.,.F.,(4,4),(139.387807155319,139.870968798566),
 .UNSPECIFIED.);
#1018=B_SPLINE_CURVE_WITH_KNOTS('',3,(#6837,#6838,#6839,#6840),
 .UNSPECIFIED.,.F.,.F.,(4,4),(139.952508854755,140.435670424487),
 .UNSPECIFIED.);
#1019=B_SPLINE_CURVE_WITH_KNOTS('',3,(#6845,#6846,#6847,#6848),
 .UNSPECIFIED.,.F.,.F.,(4,4),(140.517210329042,140.558820693003),
 .UNSPECIFIED.);
#1020=B_SPLINE_CURVE_WITH_KNOTS('',3,(#6854,#6855,#6856,#6857),
 .UNSPECIFIED.,.F.,.F.,(4,4),(138.699961731121,138.741566248482),
 .UNSPECIFIED.);
#1021=B_SPLINE_CURVE_WITH_KNOTS('',3,(#6874,#6875,#6876,#6877,#6878,#6879,
#6880,#6881,#6882,#6883,#6884,#6885,#6886,#6887,#6888,#6889,#6890,#6891,
#6892,#6893,#6894,#6895,#6896,#6897,#6898,#6899,#6900,#6901,#6902,#6903,
#6904,#6905,#6906,#6907,#6908,#6909,#6910,#6911,#6912,#6913,#6914,#6915,
#6916,#6917,#6918,#6919,#6920,#6921,#6922),.UNSPECIFIED.,.F.,.F.,(4,3,3,
3,3,3,3,3,3,3,3,3,3,3,3,3,4),(-0.482505175753761,-0.445653081259536,-0.408839313942713,
-0.378919065667442,-0.337750910688722,-0.305403413270949,-0.270937661471533,
-0.25291622120123,-0.238264251854738,-0.221472933233291,-0.192638409564645,
-0.154166748251192,-0.116234023925529,-0.0923345183432728,-0.0562734637051092,
-0.0201968248754087,-2.97166038379508E-9),.UNSPECIFIED.);
#1022=B_SPLINE_CURVE_WITH_KNOTS('',3,(#6941,#6942,#6943,#6944,#6945,#6946,
#6947,#6948,#6949,#6950,#6951,#6952,#6953,#6954,#6955,#6956,#6957,#6958,
#6959,#6960,#6961,#6962,#6963,#6964,#6965,#6966,#6967,#6968,#6969,#6970,
#6971,#6972,#6973,#6974,#6975,#6976,#6977,#6978,#6979,#6980,#6981,#6982,
#6983,#6984,#6985,#6986,#6987,#6988,#6989),.UNSPECIFIED.,.F.,.F.,(4,3,3,
3,3,3,3,3,3,3,3,3,3,3,3,3,4),(-0.48250517575396,-0.445653081267918,-0.408839313952026,
-0.378919065667555,-0.337750910688244,-0.305403413271023,-0.27093766147162,
-0.252916221201322,-0.238264251854824,-0.221472933233375,-0.19263840956471,
-0.154166748267088,-0.116234023949658,-0.0923345183432988,-0.0562734636855074,
-0.0201968248257903,0.),.UNSPECIFIED.);
#1023=B_SPLINE_CURVE_WITH_KNOTS('',3,(#6990,#6991,#6992,#6993),
 .UNSPECIFIED.,.F.,.F.,(4,4),(143.340713909158,143.823883892868),
 .UNSPECIFIED.);
#1024=B_SPLINE_CURVE_WITH_KNOTS('',3,(#7012,#7013,#7014,#7015),
 .UNSPECIFIED.,.F.,.F.,(4,4),(-0.0289084440058879,0.),.UNSPECIFIED.);
#1025=B_SPLINE_CURVE_WITH_KNOTS('',3,(#7017,#7018,#7019,#7020),
 .UNSPECIFIED.,.F.,.F.,(4,4),(143.217547339117,143.259181324612),
 .UNSPECIFIED.);
#1026=B_SPLINE_CURVE_WITH_KNOTS('',3,(#7021,#7022,#7023,#7024),
 .UNSPECIFIED.,.F.,.F.,(4,4),(-0.409617016872671,-0.390227140529808),
 .UNSPECIFIED.);
#1027=B_SPLINE_CURVE_WITH_KNOTS('',3,(#7042,#7043,#7044,#7045,#7046,#7047,
#7048,#7049,#7050,#7051,#7052,#7053,#7054,#7055,#7056,#7057,#7058,#7059,
#7060,#7061,#7062,#7063,#7064,#7065,#7066,#7067,#7068,#7069,#7070,#7071,
#7072,#7073,#7074,#7075,#7076,#7077,#7078,#7079,#7080,#7081,#7082,#7083,
#7084),.UNSPECIFIED.,.F.,.F.,(4,3,3,3,3,3,3,3,3,3,3,3,3,3,4),(-0.482505175754157,
-0.445579655539936,-0.40874136830289,-0.378919065667707,-0.337771070074898,
-0.305403413271112,-0.27093766147166,-0.252916221201348,-0.238264251854845,
-0.221472933233367,-0.192638409564689,-0.154156427167111,-0.116270321321752,
-0.0923345183432978,-0.079588855468721),.UNSPECIFIED.);
#1028=B_SPLINE_CURVE_WITH_KNOTS('',3,(#7085,#7086,#7087,#7088),
 .UNSPECIFIED.,.F.,.F.,(4,4),(144.469557587969,144.561913765695),
 .UNSPECIFIED.);
#1029=B_SPLINE_CURVE_WITH_KNOTS('',3,(#7113,#7114,#7115,#7116,#7117,#7118,
#7119,#7120,#7121,#7122,#7123,#7124,#7125,#7126,#7127,#7128,#7129,#7130,
#7131,#7132),.UNSPECIFIED.,.F.,.F.,(4,2,2,2,2,2,2,2,2,4),(-0.482582582154844,
-0.366592799119824,-0.300294869838673,-0.268792728663694,-0.251759627698668,
-0.237745980292626,-0.221243104217718,-0.192915715357384,-0.088713360840894,
0.),.UNSPECIFIED.);
#1030=B_SPLINE_CURVE_WITH_KNOTS('',3,(#7149,#7150,#7151,#7152,#7153,#7154,
#7155,#7156,#7157,#7158,#7159,#7160,#7161,#7162,#7163,#7164,#7165,#7166,
#7167,#7168),.UNSPECIFIED.,.F.,.F.,(4,2,2,2,2,2,2,2,2,4),(-0.482582582153808,
-0.366592799119496,-0.300294869838719,-0.268792728663889,-0.251759627698914,
-0.237745980292858,-0.2212431042179,-0.192915715357513,-0.0887133608409535,
0.),.UNSPECIFIED.);
#1031=B_SPLINE_CURVE_WITH_KNOTS('',3,(#7185,#7186,#7187,#7188,#7189,#7190,
#7191,#7192,#7193,#7194,#7195,#7196,#7197,#7198,#7199,#7200,#7201,#7202,
#7203,#7204),.UNSPECIFIED.,.F.,.F.,(4,2,2,2,2,2,2,2,2,4),(-0.482582582154793,
-0.366592799119915,-0.300294869838817,-0.268792728663871,-0.251759627698868,
-0.237745980292825,-0.221243104217867,-0.192915715357449,-0.0887133608409314,
0.),.UNSPECIFIED.);
#1032=B_SPLINE_CURVE_WITH_KNOTS('',3,(#7221,#7222,#7223,#7224),
 .UNSPECIFIED.,.F.,.F.,(4,4),(-0.028908444080114,0.),.UNSPECIFIED.);
#1033=B_SPLINE_CURVE_WITH_KNOTS('',3,(#7242,#7243,#7244,#7245),
 .UNSPECIFIED.,.F.,.F.,(4,4),(-0.0443063158960013,-0.0164943593674531),
 .UNSPECIFIED.);
#1034=B_SPLINE_CURVE_WITH_KNOTS('',3,(#7246,#7247,#7248,#7249),
 .UNSPECIFIED.,.F.,.F.,(4,4),(-0.0202178647232685,0.),.UNSPECIFIED.);
#1035=B_SPLINE_CURVE_WITH_KNOTS('',3,(#7266,#7267,#7268,#7269,#7270,#7271,
#7272,#7273,#7274,#7275,#7276,#7277,#7278,#7279,#7280,#7281,#7282,#7283,
#7284,#7285),.UNSPECIFIED.,.F.,.F.,(4,2,2,2,2,2,2,2,2,4),(-0.482582582155802,
-0.36659279912052,-0.300294869839272,-0.268792728664222,-0.251759627699139,
-0.237745980293012,-0.22124310421802,-0.192915715357663,-0.0887133608410018,
0.),.UNSPECIFIED.);
#1036=B_SPLINE_CURVE_WITH_KNOTS('',3,(#7303,#7304,#7305,#7306),
 .UNSPECIFIED.,.F.,.F.,(4,4),(-0.028908444005963,0.),.UNSPECIFIED.);
#1037=B_SPLINE_CURVE_WITH_KNOTS('',3,(#7307,#7308,#7309,#7310),
 .UNSPECIFIED.,.F.,.F.,(4,4),(-0.409617017417658,-0.390227141045611),
 .UNSPECIFIED.);
#1038=B_SPLINE_CURVE_WITH_KNOTS('',3,(#7327,#7328,#7329,#7330),
 .UNSPECIFIED.,.F.,.F.,(4,4),(-0.044306315896009,-0.0164943593674562),
 .UNSPECIFIED.);
#1039=B_SPLINE_CURVE_WITH_KNOTS('',3,(#7347,#7348,#7349,#7350,#7351,#7352,
#7353,#7354,#7355,#7356,#7357,#7358,#7359,#7360,#7361,#7362,#7363,#7364,
#7365,#7366),.UNSPECIFIED.,.F.,.F.,(4,2,2,2,2,2,2,2,2,4),(-0.482582582155092,
-0.366592799120198,-0.300294869839082,-0.26879272866413,-0.251759627699098,
-0.237745980292981,-0.221243104217972,-0.192915715357596,-0.0887133608409905,
0.),.UNSPECIFIED.);
#1040=B_SPLINE_CURVE_WITH_KNOTS('',3,(#7383,#7384,#7385,#7386,#7387,#7388,
#7389,#7390,#7391,#7392,#7393,#7394,#7395,#7396,#7397,#7398,#7399,#7400,
#7401,#7402),.UNSPECIFIED.,.F.,.F.,(4,2,2,2,2,2,2,2,2,4),(-0.482582582155918,
-0.366592799120516,-0.300294869839154,-0.268792728664083,-0.251759627699006,
-0.237745980292896,-0.221243104217903,-0.192915715357509,-0.0887133608409619,
0.),.UNSPECIFIED.);
#1041=B_SPLINE_CURVE_WITH_KNOTS('',3,(#7421,#7422,#7423,#7424,#7425,#7426,
#7427,#7428,#7429,#7430,#7431,#7432,#7433,#7434,#7435,#7436,#7437,#7438,
#7439,#7440),.UNSPECIFIED.,.F.,.F.,(4,2,2,2,2,2,2,2,2,4),(-0.482582582086972,
-0.366592799074429,-0.300294869795677,-0.268792728620523,-0.251759627655313,
-0.237745980249115,-0.22124310417418,-0.192915715314492,-0.088713360811649,
0.),.UNSPECIFIED.);
#1042=B_SPLINE_CURVE_WITH_KNOTS('',3,(#7441,#7442,#7443,#7444),
 .UNSPECIFIED.,.F.,.F.,(4,4),(6.61155757430223,7.09472903956258),
 .UNSPECIFIED.);
#1043=B_SPLINE_CURVE_WITH_KNOTS('',3,(#7463,#7464,#7465,#7466,#7467,#7468,
#7469,#7470,#7471,#7472,#7473,#7474,#7475,#7476,#7477,#7478,#7479,#7480,
#7481,#7482),.UNSPECIFIED.,.F.,.F.,(4,2,2,2,2,2,2,2,2,4),(-0.482582582086817,
-0.366592799074302,-0.300294869795579,-0.268792728620429,-0.251759627655243,
-0.23774598024911,-0.221243104174223,-0.192915715314548,-0.0887133608116656,
0.),.UNSPECIFIED.);
#1044=B_SPLINE_CURVE_WITH_KNOTS('',3,(#7483,#7484,#7485,#7486),
 .UNSPECIFIED.,.F.,.F.,(4,4),(6.04685482949244,6.53002944459939),
 .UNSPECIFIED.);
#1045=B_SPLINE_CURVE_WITH_KNOTS('',3,(#7505,#7506,#7507,#7508),
 .UNSPECIFIED.,.F.,.F.,(4,4),(-0.0289084439941981,0.),.UNSPECIFIED.);
#1046=B_SPLINE_CURVE_WITH_KNOTS('',3,(#7510,#7511,#7512,#7513),
 .UNSPECIFIED.,.F.,.F.,(4,4),(5.35906586142881,5.40063128163117),
 .UNSPECIFIED.);
#1047=B_SPLINE_CURVE_WITH_KNOTS('',3,(#7514,#7515,#7516,#7517),
 .UNSPECIFIED.,.F.,.F.,(4,4),(-0.409617021099092,-0.390227144536449),
 .UNSPECIFIED.);
#1048=B_SPLINE_CURVE_WITH_KNOTS('',3,(#7535,#7536,#7537,#7538),
 .UNSPECIFIED.,.F.,.F.,(4,4),(-0.0443063158840208,-0.0164943593635534),
 .UNSPECIFIED.);
#1049=B_SPLINE_CURVE_WITH_KNOTS('',3,(#7539,#7540,#7541,#7542),
 .UNSPECIFIED.,.F.,.F.,(4,4),(7.17626017224116,7.21789563337061),
 .UNSPECIFIED.);
#1050=B_SPLINE_CURVE_WITH_KNOTS('',3,(#7561,#7562,#7563,#7564,#7565,#7566,
#7567,#7568,#7569,#7570,#7571,#7572,#7573,#7574,#7575,#7576,#7577,#7578,
#7579,#7580),.UNSPECIFIED.,.F.,.F.,(4,2,2,2,2,2,2,2,2,4),(-0.482582582086801,
-0.366592799074402,-0.300294869795668,-0.268792728620539,-0.251759627655352,
-0.237745980249189,-0.221243104174289,-0.192915715314586,-0.088713360811683,
0.),.UNSPECIFIED.);
#1051=B_SPLINE_CURVE_WITH_KNOTS('',3,(#7581,#7582,#7583,#7584),
 .UNSPECIFIED.,.F.,.F.,(4,4),(8.30566515572956,8.78882987059343),
 .UNSPECIFIED.);
#1052=B_SPLINE_CURVE_WITH_KNOTS('',3,(#7603,#7604,#7605,#7606,#7607,#7608,
#7609,#7610,#7611,#7612,#7613,#7614,#7615,#7616,#7617,#7618,#7619,#7620,
#7621,#7622),.UNSPECIFIED.,.F.,.F.,(4,2,2,2,2,2,2,2,2,4),(-0.482582582087237,
-0.366592799074385,-0.300294869795482,-0.268792728620299,-0.251759627655086,
-0.237745980248908,-0.221243104174007,-0.192915715314335,-0.0887133608115729,
0.),.UNSPECIFIED.);
#1053=B_SPLINE_CURVE_WITH_KNOTS('',3,(#7623,#7624,#7625,#7626),
 .UNSPECIFIED.,.F.,.F.,(4,4),(7.74096274879946,8.22412929801314),
 .UNSPECIFIED.);
#1054=B_SPLINE_CURVE_WITH_KNOTS('',3,(#7644,#7645,#7646,#7647),
 .UNSPECIFIED.,.F.,.F.,(4,4),(-0.0289084439941503,0.),.UNSPECIFIED.);
#1055=B_SPLINE_CURVE_WITH_KNOTS('',3,(#7648,#7649,#7650,#7651),
 .UNSPECIFIED.,.F.,.F.,(4,4),(7.61784049107457,7.65942902960763),
 .UNSPECIFIED.);
#1056=B_SPLINE_CURVE_WITH_KNOTS('',3,(#7670,#7671,#7672,#7673),
 .UNSPECIFIED.,.F.,.F.,(4,4),(-0.0443063158840414,-0.0164943566930627),
 .UNSPECIFIED.);
#1057=B_SPLINE_CURVE_WITH_KNOTS('',3,(#7675,#7676,#7677,#7678),
 .UNSPECIFIED.,.F.,.F.,(4,4),(-0.020225996786539,0.),.UNSPECIFIED.);
#1058=B_SPLINE_CURVE_WITH_KNOTS('',3,(#7679,#7680,#7681,#7682),
 .UNSPECIFIED.,.F.,.F.,(4,4),(9.43506950599214,9.47669252678874),
 .UNSPECIFIED.);
#1059=B_SPLINE_CURVE_WITH_KNOTS('',3,(#7687,#7688,#7689,#7690),
 .UNSPECIFIED.,.F.,.F.,(4,4),(136.564296083025,137.047464325688),
 .UNSPECIFIED.);
#1060=B_SPLINE_CURVE_WITH_KNOTS('',3,(#7696,#7697,#7698,#7699),
 .UNSPECIFIED.,.F.,.F.,(4,4),(137.128998561281,137.612164689578),
 .UNSPECIFIED.);
#1061=B_SPLINE_CURVE_WITH_KNOTS('',3,(#7705,#7706,#7707,#7708),
 .UNSPECIFIED.,.F.,.F.,(4,4),(138.258403169054,138.300028881373),
 .UNSPECIFIED.);
#1062=B_SPLINE_CURVE_WITH_KNOTS('',3,(#7713,#7714,#7715,#7716),
 .UNSPECIFIED.,.F.,.F.,(4,4),(136.441179976125,136.48276432169),
 .UNSPECIFIED.);
#1063=B_SPLINE_CURVE_WITH_KNOTS('',3,(#7721,#7722,#7723,#7724),
 .UNSPECIFIED.,.F.,.F.,(4,4),(134.870187961758,135.353365249639),
 .UNSPECIFIED.);
#1064=B_SPLINE_CURVE_WITH_KNOTS('',3,(#7730,#7731,#7732,#7733),
 .UNSPECIFIED.,.F.,.F.,(4,4),(135.434890736397,135.918064591246),
 .UNSPECIFIED.);
#1065=B_SPLINE_CURVE_WITH_KNOTS('',3,(#7738,#7739,#7740,#7741),
 .UNSPECIFIED.,.F.,.F.,(4,4),(135.999593425192,136.041230880691),
 .UNSPECIFIED.);
#1066=B_SPLINE_CURVE_WITH_KNOTS('',3,(#7747,#7748,#7749,#7750),
 .UNSPECIFIED.,.F.,.F.,(4,4),(134.182407174905,134.223967691424),
 .UNSPECIFIED.);
#1067=B_SPLINE_CURVE_WITH_KNOTS('',3,(#7767,#7768,#7769,#7770,#7771,#7772,
#7773,#7774,#7775,#7776,#7777,#7778,#7779,#7780,#7781,#7782,#7783,#7784,
#7785,#7786),.UNSPECIFIED.,.F.,.F.,(4,2,2,2,2,2,2,2,2,4),(-0.482582582155213,
-0.366592799120105,-0.300294869838904,-0.268792728663912,-0.251759627698866,
-0.237745980292779,-0.221243104217821,-0.192915715357419,-0.0887133608409023,
0.),.UNSPECIFIED.);
#1068=B_SPLINE_CURVE_WITH_KNOTS('',3,(#7803,#7804,#7805,#7806,#7807,#7808,
#7809,#7810,#7811,#7812,#7813,#7814,#7815,#7816,#7817,#7818,#7819,#7820,
#7821,#7822),.UNSPECIFIED.,.F.,.F.,(4,2,2,2,2,2,2,2,2,4),(-0.482582582155536,
-0.36659279912038,-0.300294869839125,-0.268792728664098,-0.251759627699016,
-0.237745980292871,-0.221243104217848,-0.192915715357435,-0.0887133608409345,
0.),.UNSPECIFIED.);
#1069=B_SPLINE_CURVE_WITH_KNOTS('',3,(#7839,#7840,#7841,#7842,#7843,#7844,
#7845,#7846,#7847,#7848,#7849,#7850,#7851,#7852,#7853,#7854,#7855,#7856,
#7857,#7858),.UNSPECIFIED.,.F.,.F.,(4,2,2,2,2,2,2,2,2,4),(-0.482582582153737,
-0.366592799119288,-0.300294869838504,-0.268792728663705,-0.251759627698765,
-0.237745980292759,-0.221243104217821,-0.192915715357376,-0.0887133608409061,
0.),.UNSPECIFIED.);
#1070=B_SPLINE_CURVE_WITH_KNOTS('',3,(#7875,#7876,#7877,#7878),
 .UNSPECIFIED.,.F.,.F.,(4,4),(-0.0289084440550119,0.),.UNSPECIFIED.);
#1071=B_SPLINE_CURVE_WITH_KNOTS('',3,(#7896,#7897,#7898,#7899),
 .UNSPECIFIED.,.F.,.F.,(4,4),(-0.0443063158959547,-0.016494359367455),
 .UNSPECIFIED.);
#1072=B_SPLINE_CURVE_WITH_KNOTS('',3,(#7900,#7901,#7902,#7903),
 .UNSPECIFIED.,.F.,.F.,(4,4),(-0.0202178647232766,0.),.UNSPECIFIED.);
#1073=B_SPLINE_CURVE_WITH_KNOTS('',3,(#7920,#7921,#7922,#7923,#7924,#7925,
#7926,#7927,#7928,#7929,#7930,#7931,#7932,#7933,#7934,#7935,#7936,#7937,
#7938,#7939),.UNSPECIFIED.,.F.,.F.,(4,2,2,2,2,2,2,2,2,4),(-0.482582582154331,
-0.366592799119767,-0.30029486983874,-0.268792728663828,-0.251759627698796,
-0.237745980292713,-0.221243104217837,-0.192915715357416,-0.0887133608409119,
0.),.UNSPECIFIED.);
#1074=B_SPLINE_CURVE_WITH_KNOTS('',3,(#7957,#7958,#7959,#7960),
 .UNSPECIFIED.,.F.,.F.,(4,4),(-0.028908444005858,0.),.UNSPECIFIED.);
#1075=B_SPLINE_CURVE_WITH_KNOTS('',3,(#7961,#7962,#7963,#7964),
 .UNSPECIFIED.,.F.,.F.,(4,4),(-0.409617026517044,-0.39022714965378),
 .UNSPECIFIED.);
#1076=B_SPLINE_CURVE_WITH_KNOTS('',3,(#7981,#7982,#7983,#7984),
 .UNSPECIFIED.,.F.,.F.,(4,4),(-0.0443063158959845,-0.01649435936745),
 .UNSPECIFIED.);
#1077=B_SPLINE_CURVE_WITH_KNOTS('',3,(#8001,#8002,#8003,#8004,#8005,#8006,
#8007,#8008,#8009,#8010,#8011,#8012,#8013,#8014,#8015,#8016,#8017,#8018,
#8019,#8020),.UNSPECIFIED.,.F.,.F.,(4,2,2,2,2,2,2,2,2,4),(-0.482582582153651,
-0.366592799119292,-0.300294869838563,-0.268792728663791,-0.251759627698852,
-0.237745980292788,-0.221243104217807,-0.192915715357508,-0.0887133608409406,
0.),.UNSPECIFIED.);
#1078=B_SPLINE_CURVE_WITH_KNOTS('',3,(#8037,#8038,#8039,#8040,#8041,#8042,
#8043,#8044,#8045,#8046,#8047,#8048,#8049,#8050,#8051,#8052,#8053,#8054,
#8055,#8056),.UNSPECIFIED.,.F.,.F.,(4,2,2,2,2,2,2,2,2,4),(-0.482582582156611,
-0.366592799121066,-0.300294869839566,-0.268792728664454,-0.251759627699346,
-0.237745980293196,-0.221243104218157,-0.192915715357686,-0.0887133608410446,
0.),.UNSPECIFIED.);
#1079=B_SPLINE_CURVE_WITH_KNOTS('',3,(#8075,#8076,#8077,#8078,#8079,#8080,
#8081,#8082,#8083,#8084,#8085,#8086,#8087,#8088,#8089,#8090,#8091,#8092,
#8093,#8094),.UNSPECIFIED.,.F.,.F.,(4,2,2,2,2,2,2,2,2,4),(-0.482582582085068,
-0.366592799073178,-0.300294869794811,-0.268792728619875,-0.251759627654773,
-0.237745980248645,-0.221243104173794,-0.192915715314216,-0.0887133608115187,
0.),.UNSPECIFIED.);
#1080=B_SPLINE_CURVE_WITH_KNOTS('',3,(#8095,#8096,#8097,#8098),
 .UNSPECIFIED.,.F.,.F.,(4,4),(11.1291747603675,11.6123365428274),
 .UNSPECIFIED.);
#1081=B_SPLINE_CURVE_WITH_KNOTS('',3,(#8117,#8118,#8119,#8120,#8121,#8122,
#8123,#8124,#8125,#8126,#8127,#8128,#8129,#8130,#8131,#8132,#8133,#8134,
#8135,#8136),.UNSPECIFIED.,.F.,.F.,(4,2,2,2,2,2,2,2,2,4),(-0.48258258208666,
-0.366592799074106,-0.300294869795302,-0.268792728620163,-0.251759627654959,
-0.237745980248795,-0.221243104173948,-0.192915715314233,-0.0887133608115273,
0.),.UNSPECIFIED.);
#1082=B_SPLINE_CURVE_WITH_KNOTS('',3,(#8137,#8138,#8139,#8140),
 .UNSPECIFIED.,.F.,.F.,(4,4),(10.5644732024164,11.0476347819775),
 .UNSPECIFIED.);
#1083=B_SPLINE_CURVE_WITH_KNOTS('',3,(#8159,#8160,#8161,#8162),
 .UNSPECIFIED.,.F.,.F.,(4,4),(-0.0289084439942382,0.),.UNSPECIFIED.);
#1084=B_SPLINE_CURVE_WITH_KNOTS('',3,(#8164,#8165,#8166,#8167),
 .UNSPECIFIED.,.F.,.F.,(4,4),(9.87662384250659,9.91823184729338),
 .UNSPECIFIED.);
#1085=B_SPLINE_CURVE_WITH_KNOTS('',3,(#8168,#8169,#8170,#8171),
 .UNSPECIFIED.,.F.,.F.,(4,4),(-0.409617020958681,-0.390227144403599),
 .UNSPECIFIED.);
#1086=B_SPLINE_CURVE_WITH_KNOTS('',3,(#8189,#8190,#8191,#8192),
 .UNSPECIFIED.,.F.,.F.,(4,4),(-0.0443063158840127,-0.016494359363554),
 .UNSPECIFIED.);
#1087=B_SPLINE_CURVE_WITH_KNOTS('',3,(#8193,#8194,#8195,#8196),
 .UNSPECIFIED.,.F.,.F.,(4,4),(11.6938760312346,11.7354830030599),
 .UNSPECIFIED.);
#1088=B_SPLINE_CURVE_WITH_KNOTS('',3,(#8215,#8216,#8217,#8218,#8219,#8220,
#8221,#8222,#8223,#8224,#8225,#8226,#8227,#8228,#8229,#8230,#8231,#8232,
#8233,#8234),.UNSPECIFIED.,.F.,.F.,(4,2,2,2,2,2,2,2,2,4),(-0.48258258208756,
-0.366592799074675,-0.300294869795799,-0.268792728620622,-0.251759627655452,
-0.237745980249364,-0.221243104174475,-0.19291571531466,-0.088713360811712,
0.),.UNSPECIFIED.);
#1089=B_SPLINE_CURVE_WITH_KNOTS('',3,(#8235,#8236,#8237,#8238),
 .UNSPECIFIED.,.F.,.F.,(4,4),(12.8232779071567,13.3064430150319),
 .UNSPECIFIED.);
#1090=B_SPLINE_CURVE_WITH_KNOTS('',3,(#8257,#8258,#8259,#8260,#8261,#8262,
#8263,#8264,#8265,#8266,#8267,#8268,#8269,#8270,#8271,#8272,#8273,#8274,
#8275,#8276),.UNSPECIFIED.,.F.,.F.,(4,2,2,2,2,2,2,2,2,4),(-0.482582582086712,
-0.366592799074198,-0.300294869795469,-0.268792728620331,-0.251759627655137,
-0.23774598024899,-0.221243104174118,-0.192915715314441,-0.0887133608116347,
0.),.UNSPECIFIED.);
#1091=B_SPLINE_CURVE_WITH_KNOTS('',3,(#8277,#8278,#8279,#8280),
 .UNSPECIFIED.,.F.,.F.,(4,4),(12.2585771259412,12.7417407088218),
 .UNSPECIFIED.);
#1092=B_SPLINE_CURVE_WITH_KNOTS('',3,(#8298,#8299,#8300,#8301),
 .UNSPECIFIED.,.F.,.F.,(4,4),(-0.0289084439942176,0.),.UNSPECIFIED.);
#1093=B_SPLINE_CURVE_WITH_KNOTS('',3,(#8302,#8303,#8304,#8305),
 .UNSPECIFIED.,.F.,.F.,(4,4),(12.1354147244457,12.1770385677301),
 .UNSPECIFIED.);
#1094=B_SPLINE_CURVE_WITH_KNOTS('',3,(#8324,#8325,#8326,#8327),
 .UNSPECIFIED.,.F.,.F.,(4,4),(-0.0443063158840187,-0.0164943566560898),
 .UNSPECIFIED.);
#1095=B_SPLINE_CURVE_WITH_KNOTS('',3,(#8329,#8330,#8331,#8332),
 .UNSPECIFIED.,.F.,.F.,(4,4),(-0.0202258972845404,0.),.UNSPECIFIED.);
#1096=B_SPLINE_CURVE_WITH_KNOTS('',3,(#8333,#8334,#8335,#8336),
 .UNSPECIFIED.,.F.,.F.,(4,4),(13.9526785859885,13.994265879783),
 .UNSPECIFIED.);
#1097=B_SPLINE_CURVE_WITH_KNOTS('',3,(#8341,#8342,#8343,#8344),
 .UNSPECIFIED.,.F.,.F.,(4,4),(132.046673670908,132.529874388301),
 .UNSPECIFIED.);
#1098=B_SPLINE_CURVE_WITH_KNOTS('',3,(#8350,#8351,#8352,#8353),
 .UNSPECIFIED.,.F.,.F.,(4,4),(132.611376512848,133.094571728144),
 .UNSPECIFIED.);
#1099=B_SPLINE_CURVE_WITH_KNOTS('',3,(#8359,#8360,#8361,#8362),
 .UNSPECIFIED.,.F.,.F.,(4,4),(133.740782254997,133.782427863736),
 .UNSPECIFIED.);
#1100=B_SPLINE_CURVE_WITH_KNOTS('',3,(#8367,#8368,#8369,#8370),
 .UNSPECIFIED.,.F.,.F.,(4,4),(131.923644533325,131.965177532733),
 .UNSPECIFIED.);
#1101=B_SPLINE_CURVE_WITH_KNOTS('',3,(#8375,#8376,#8377,#8378),
 .UNSPECIFIED.,.F.,.F.,(4,4),(130.352565369499,130.835785241159),
 .UNSPECIFIED.);
#1102=B_SPLINE_CURVE_WITH_KNOTS('',3,(#8384,#8385,#8386,#8387),
 .UNSPECIFIED.,.F.,.F.,(4,4),(130.917268063528,131.40048112919),
 .UNSPECIFIED.);
#1103=B_SPLINE_CURVE_WITH_KNOTS('',3,(#8392,#8393,#8394,#8395),
 .UNSPECIFIED.,.F.,.F.,(4,4),(131.481970813963,131.523620996735),
 .UNSPECIFIED.);
#1104=B_SPLINE_CURVE_WITH_KNOTS('',3,(#8401,#8402,#8403,#8404),
 .UNSPECIFIED.,.F.,.F.,(4,4),(129.664892624375,129.706395028836),
 .UNSPECIFIED.);
#1105=B_SPLINE_CURVE_WITH_KNOTS('',3,(#8421,#8422,#8423,#8424,#8425,#8426,
#8427,#8428,#8429,#8430,#8431,#8432,#8433,#8434,#8435,#8436,#8437,#8438,
#8439,#8440),.UNSPECIFIED.,.F.,.F.,(4,2,2,2,2,2,2,2,2,4),(-0.482582582152288,
-0.366592799268081,-0.300294869902207,-0.268792728691091,-0.251759627712017,
-0.237745980297249,-0.221243104215358,-0.192915715351588,-0.0887133609052153,
0.),.UNSPECIFIED.);
#1106=B_SPLINE_CURVE_WITH_KNOTS('',3,(#8457,#8458,#8459,#8460,#8461,#8462,
#8463,#8464,#8465,#8466,#8467,#8468,#8469,#8470,#8471,#8472,#8473,#8474,
#8475,#8476),.UNSPECIFIED.,.F.,.F.,(4,2,2,2,2,2,2,2,2,4),(-0.482582582154548,
-0.366592799269106,-0.300294869902584,-0.268792728691188,-0.251759627711945,
-0.237745980297068,-0.221243104215184,-0.192915715351371,-0.0887133609051502,
0.),.UNSPECIFIED.);
#1107=B_SPLINE_CURVE_WITH_KNOTS('',3,(#8493,#8494,#8495,#8496,#8497,#8498,
#8499,#8500,#8501,#8502,#8503,#8504,#8505,#8506,#8507,#8508,#8509,#8510,
#8511,#8512),.UNSPECIFIED.,.F.,.F.,(4,2,2,2,2,2,2,2,2,4),(-0.482582582153039,
-0.366592799268447,-0.300294869902392,-0.268792728691192,-0.251759627712043,
-0.237745980297229,-0.221243104215367,-0.192915715351486,-0.0887133609051658,
0.),.UNSPECIFIED.);
#1108=B_SPLINE_CURVE_WITH_KNOTS('',3,(#8529,#8530,#8531,#8532),
 .UNSPECIFIED.,.F.,.F.,(4,4),(-0.0289084440464175,0.),.UNSPECIFIED.);
#1109=B_SPLINE_CURVE_WITH_KNOTS('',3,(#8550,#8551,#8552,#8553),
 .UNSPECIFIED.,.F.,.F.,(4,4),(-0.044306315896018,-0.0164943593675205),
 .UNSPECIFIED.);
#1110=B_SPLINE_CURVE_WITH_KNOTS('',3,(#8554,#8555,#8556,#8557),
 .UNSPECIFIED.,.F.,.F.,(4,4),(-0.0202178647232726,0.),.UNSPECIFIED.);
#1111=B_SPLINE_CURVE_WITH_KNOTS('',3,(#8574,#8575,#8576,#8577,#8578,#8579,
#8580,#8581,#8582,#8583,#8584,#8585,#8586,#8587,#8588,#8589,#8590,#8591,
#8592,#8593),.UNSPECIFIED.,.F.,.F.,(4,2,2,2,2,2,2,2,2,4),(-0.482582582156225,
-0.366592799120658,-0.300294869839335,-0.268792728664263,-0.251759627699177,
-0.237745980293097,-0.221243104218166,-0.192915715357721,-0.0887133608410299,
0.),.UNSPECIFIED.);
#1112=B_SPLINE_CURVE_WITH_KNOTS('',3,(#8611,#8612,#8613,#8614),
 .UNSPECIFIED.,.F.,.F.,(4,4),(-0.0289084440057528,0.),.UNSPECIFIED.);
#1113=B_SPLINE_CURVE_WITH_KNOTS('',3,(#8615,#8616,#8617,#8618),
 .UNSPECIFIED.,.F.,.F.,(4,4),(-0.409617015190245,-0.390227138938378),
 .UNSPECIFIED.);
#1114=B_SPLINE_CURVE_WITH_KNOTS('',3,(#8635,#8636,#8637,#8638),
 .UNSPECIFIED.,.F.,.F.,(4,4),(-0.0443063158961651,-0.0164943593675898),
 .UNSPECIFIED.);
#1115=B_SPLINE_CURVE_WITH_KNOTS('',3,(#8655,#8656,#8657,#8658,#8659,#8660,
#8661,#8662,#8663,#8664,#8665,#8666,#8667,#8668,#8669,#8670,#8671,#8672,
#8673,#8674),.UNSPECIFIED.,.F.,.F.,(4,2,2,2,2,2,2,2,2,4),(-0.482582582156233,
-0.366592799120768,-0.30029486983949,-0.268792728664426,-0.251759627699298,
-0.237745980293134,-0.221243104218197,-0.192915715357799,-0.0887133608410586,
0.),.UNSPECIFIED.);
#1116=B_SPLINE_CURVE_WITH_KNOTS('',3,(#8691,#8692,#8693,#8694,#8695,#8696,
#8697,#8698,#8699,#8700,#8701,#8702,#8703,#8704,#8705,#8706,#8707,#8708,
#8709,#8710),.UNSPECIFIED.,.F.,.F.,(4,2,2,2,2,2,2,2,2,4),(-0.482582582156277,
-0.366592799121027,-0.30029486983965,-0.268792728664615,-0.251759627699532,
-0.237745980293361,-0.221243104218322,-0.192915715357919,-0.088713360841124,
0.),.UNSPECIFIED.);
#1117=B_SPLINE_CURVE_WITH_KNOTS('',3,(#8729,#8730,#8731,#8732,#8733,#8734,
#8735,#8736,#8737,#8738,#8739,#8740,#8741,#8742,#8743,#8744,#8745,#8746,
#8747,#8748),.UNSPECIFIED.,.F.,.F.,(4,2,2,2,2,2,2,2,2,4),(-0.482582582086997,
-0.366592799074516,-0.300294869795742,-0.268792728620604,-0.251759627655383,
-0.237745980249168,-0.221243104174266,-0.192915715314525,-0.0887133608116509,
0.),.UNSPECIFIED.);
#1118=B_SPLINE_CURVE_WITH_KNOTS('',3,(#8749,#8750,#8751,#8752),
 .UNSPECIFIED.,.F.,.F.,(4,4),(15.6467772152134,16.1299561869317),
 .UNSPECIFIED.);
#1119=B_SPLINE_CURVE_WITH_KNOTS('',3,(#8771,#8772,#8773,#8774,#8775,#8776,
#8777,#8778,#8779,#8780,#8781,#8782,#8783,#8784,#8785,#8786,#8787,#8788,
#8789,#8790),.UNSPECIFIED.,.F.,.F.,(4,2,2,2,2,2,2,2,2,4),(-0.482582582085777,
-0.366592799074046,-0.300294869795711,-0.268792728620771,-0.251759627655679,
-0.237745980249575,-0.221243104174712,-0.19291571531504,-0.0887133608118497,
0.),.UNSPECIFIED.);
#1120=B_SPLINE_CURVE_WITH_KNOTS('',3,(#8791,#8792,#8793,#8794),
 .UNSPECIFIED.,.F.,.F.,(4,4),(15.0820780138567,15.5652534104691),
 .UNSPECIFIED.);
#1121=B_SPLINE_CURVE_WITH_KNOTS('',3,(#8813,#8814,#8815,#8816),
 .UNSPECIFIED.,.F.,.F.,(4,4),(-0.0289084439942157,0.),.UNSPECIFIED.);
#1122=B_SPLINE_CURVE_WITH_KNOTS('',3,(#8818,#8819,#8820,#8821),
 .UNSPECIFIED.,.F.,.F.,(4,4),(14.394211955003,14.4358480292033),
 .UNSPECIFIED.);
#1123=B_SPLINE_CURVE_WITH_KNOTS('',3,(#8822,#8823,#8824,#8825),
 .UNSPECIFIED.,.F.,.F.,(4,4),(-0.409617019377108,-0.390227142907823),
 .UNSPECIFIED.);
#1124=B_SPLINE_CURVE_WITH_KNOTS('',3,(#8843,#8844,#8845,#8846),
 .UNSPECIFIED.,.F.,.F.,(4,4),(-0.0443063158840329,-0.016494359363546),
 .UNSPECIFIED.);
#1125=B_SPLINE_CURVE_WITH_KNOTS('',3,(#8847,#8848,#8849,#8850),
 .UNSPECIFIED.,.F.,.F.,(4,4),(16.2114760029467,16.2530399650953),
 .UNSPECIFIED.);
#1126=B_SPLINE_CURVE_WITH_KNOTS('',3,(#8869,#8870,#8871,#8872,#8873,#8874,
#8875,#8876,#8877,#8878,#8879,#8880,#8881,#8882,#8883,#8884,#8885,#8886,
#8887,#8888),.UNSPECIFIED.,.F.,.F.,(4,2,2,2,2,2,2,2,2,4),(-0.482582582084733,
-0.366592799302319,-0.30029486989296,-0.268792728662153,-0.251759627675308,
-0.237745980255752,-0.221243104170273,-0.192915715305441,-0.0887133609102028,
0.),.UNSPECIFIED.);
#1127=B_SPLINE_CURVE_WITH_KNOTS('',3,(#8889,#8890,#8891,#8892),
 .UNSPECIFIED.,.F.,.F.,(4,4),(17.3408724335812,17.8240648119147),
 .UNSPECIFIED.);
#1128=B_SPLINE_CURVE_WITH_KNOTS('',3,(#8911,#8912,#8913,#8914,#8915,#8916,
#8917,#8918,#8919,#8920,#8921,#8922,#8923,#8924,#8925,#8926,#8927,#8928,
#8929,#8930),.UNSPECIFIED.,.F.,.F.,(4,2,2,2,2,2,2,2,2,4),(-0.482582582082478,
-0.366592799301153,-0.300294869892351,-0.268792728661806,-0.251759627675084,
-0.237745980255608,-0.221243104170223,-0.19291571530545,-0.0887133609101974,
0.),.UNSPECIFIED.);
#1129=B_SPLINE_CURVE_WITH_KNOTS('',3,(#8931,#8932,#8933,#8934),
 .UNSPECIFIED.,.F.,.F.,(4,4),(16.7761744376707,17.2593619304133),
 .UNSPECIFIED.);
#1130=B_SPLINE_CURVE_WITH_KNOTS('',3,(#8952,#8953,#8954,#8955),
 .UNSPECIFIED.,.F.,.F.,(4,4),(-0.0289084439943057,0.),.UNSPECIFIED.);
#1131=B_SPLINE_CURVE_WITH_KNOTS('',3,(#8956,#8957,#8958,#8959),
 .UNSPECIFIED.,.F.,.F.,(4,4),(16.6530143604019,16.6946590737738),
 .UNSPECIFIED.);
#1132=B_SPLINE_CURVE_WITH_KNOTS('',3,(#8978,#8979,#8980,#8981),
 .UNSPECIFIED.,.F.,.F.,(4,4),(-0.0443063140685814,-0.0164943547894099),
 .UNSPECIFIED.);
#1133=B_SPLINE_CURVE_WITH_KNOTS('',3,(#8983,#8984,#8985,#8986),
 .UNSPECIFIED.,.F.,.F.,(4,4),(-0.0202257591817979,-2.28255148667555E-9),
 .UNSPECIFIED.);
#1134=B_SPLINE_CURVE_WITH_KNOTS('',3,(#8987,#8988,#8989,#8990),
 .UNSPECIFIED.,.F.,.F.,(4,4),(18.4702671080758,18.5118040536224),
 .UNSPECIFIED.);
#1135=B_SPLINE_CURVE_WITH_KNOTS('',3,(#8995,#8996,#8997,#8998),
 .UNSPECIFIED.,.F.,.F.,(4,4),(127.529053636147,128.012313887306),
 .UNSPECIFIED.);
#1136=B_SPLINE_CURVE_WITH_KNOTS('',3,(#9004,#9005,#9006,#9007),
 .UNSPECIFIED.,.F.,.F.,(4,4),(128.093755687074,128.577007019369),
 .UNSPECIFIED.);
#1137=B_SPLINE_CURVE_WITH_KNOTS('',3,(#9013,#9014,#9015,#9016),
 .UNSPECIFIED.,.F.,.F.,(4,4),(129.223160257085,129.264811440803),
 .UNSPECIFIED.);
#1138=B_SPLINE_CURVE_WITH_KNOTS('',3,(#9021,#9022,#9023,#9024),
 .UNSPECIFIED.,.F.,.F.,(4,4),(127.406136034901,127.447621371195),
 .UNSPECIFIED.);
#1139=B_SPLINE_CURVE_WITH_KNOTS('',3,(#9029,#9030,#9031,#9032),
 .UNSPECIFIED.,.F.,.F.,(4,4),(125.834948622908,126.318238233643),
 .UNSPECIFIED.);
#1140=B_SPLINE_CURVE_WITH_KNOTS('',3,(#9038,#9039,#9040,#9041),
 .UNSPECIFIED.,.F.,.F.,(4,4),(126.399650080078,126.882929476293),
 .UNSPECIFIED.);
#1141=B_SPLINE_CURVE_WITH_KNOTS('',3,(#9046,#9047,#9048,#9049),
 .UNSPECIFIED.,.F.,.F.,(4,4),(126.964351740432,127.006000353448),
 .UNSPECIFIED.);
#1142=B_SPLINE_CURVE_WITH_KNOTS('',3,(#9055,#9056,#9057,#9058),
 .UNSPECIFIED.,.F.,.F.,(4,4),(125.147368615369,125.188857759087),
 .UNSPECIFIED.);
#1143=B_SPLINE_CURVE_WITH_KNOTS('',3,(#9075,#9076,#9077,#9078,#9079,#9080,
#9081,#9082,#9083,#9084,#9085,#9086,#9087,#9088,#9089,#9090,#9091,#9092,
#9093,#9094),.UNSPECIFIED.,.F.,.F.,(4,2,2,2,2,2,2,2,2,4),(-0.482582582150814,
-0.366592799564091,-0.300294870028502,-0.268792728745062,-0.251759627737791,
-0.237745980305598,-0.221243104210109,-0.192915715339596,-0.0887133610329356,
0.),.UNSPECIFIED.);
#1144=B_SPLINE_CURVE_WITH_KNOTS('',3,(#9111,#9112,#9113,#9114,#9115,#9116,
#9117,#9118,#9119,#9120,#9121,#9122,#9123,#9124,#9125,#9126,#9127,#9128,
#9129,#9130),.UNSPECIFIED.,.F.,.F.,(4,2,2,2,2,2,2,2,2,4),(-0.482582582151365,
-0.366592799564892,-0.300294870029185,-0.268792728745739,-0.251759627738489,
-0.237745980306281,-0.221243104210735,-0.192915715340225,-0.0887133610332046,
0.),.UNSPECIFIED.);
#1145=B_SPLINE_CURVE_WITH_KNOTS('',3,(#9147,#9148,#9149,#9150,#9151,#9152,
#9153,#9154,#9155,#9156,#9157,#9158,#9159,#9160,#9161,#9162,#9163,#9164,
#9165,#9166),.UNSPECIFIED.,.F.,.F.,(4,2,2,2,2,2,2,2,2,4),(-0.482582582152725,
-0.366592799565649,-0.300294870029568,-0.268792728745911,-0.251759627738544,
-0.237745980306295,-0.221243104210785,-0.192915715340227,-0.0887133610332036,
0.),.UNSPECIFIED.);
#1146=B_SPLINE_CURVE_WITH_KNOTS('',3,(#9183,#9184,#9185,#9186),
 .UNSPECIFIED.,.F.,.F.,(4,4),(-0.0289084440162839,0.),.UNSPECIFIED.);
#1147=B_SPLINE_CURVE_WITH_KNOTS('',3,(#9204,#9205,#9206,#9207),
 .UNSPECIFIED.,.F.,.F.,(4,4),(-0.0443063158962093,-0.01649435936765),
 .UNSPECIFIED.);
#1148=B_SPLINE_CURVE_WITH_KNOTS('',3,(#9208,#9209,#9210,#9211),
 .UNSPECIFIED.,.F.,.F.,(4,4),(-0.0202178647232791,0.),.UNSPECIFIED.);
#1149=B_SPLINE_CURVE_WITH_KNOTS('',3,(#9228,#9229,#9230,#9231,#9232,#9233,
#9234,#9235,#9236,#9237,#9238,#9239,#9240,#9241,#9242,#9243,#9244,#9245,
#9246,#9247),.UNSPECIFIED.,.F.,.F.,(4,2,2,2,2,2,2,2,2,4),(-0.482582582153437,
-0.366592800595804,-0.300294872158953,-0.268792731385119,-0.251759630636932,
-0.237745983409189,-0.221243107544242,-0.192915719044329,-0.0887133658537757,
-6.14178935487431E-9),.UNSPECIFIED.);
#1150=B_SPLINE_CURVE_WITH_KNOTS('',3,(#9265,#9266,#9267,#9268),
 .UNSPECIFIED.,.F.,.F.,(4,4),(-0.0289084440057438,-2.91173609957788E-9),
 .UNSPECIFIED.);
#1151=B_SPLINE_CURVE_WITH_KNOTS('',3,(#9269,#9270,#9271,#9272),
 .UNSPECIFIED.,.F.,.F.,(4,4),(-0.409617025913775,-0.390227149083072),
 .UNSPECIFIED.);
#1152=B_SPLINE_CURVE_WITH_KNOTS('',3,(#9289,#9290,#9291,#9292),
 .UNSPECIFIED.,.F.,.F.,(4,4),(-0.0443063158963729,-0.0164943593676919),
 .UNSPECIFIED.);
#1153=B_SPLINE_CURVE_WITH_KNOTS('',3,(#9309,#9310,#9311,#9312,#9313,#9314,
#9315,#9316,#9317,#9318,#9319,#9320,#9321,#9322,#9323,#9324,#9325,#9326,
#9327,#9328),.UNSPECIFIED.,.F.,.F.,(4,2,2,2,2,2,2,2,2,4),(-0.482582582155692,
-0.366592799120595,-0.300294869839345,-0.268792728664295,-0.251759627699189,
-0.237745980292983,-0.221243104217946,-0.192915715357646,-0.0887133608409475,
0.),.UNSPECIFIED.);
#1154=B_SPLINE_CURVE_WITH_KNOTS('',3,(#9345,#9346,#9347,#9348,#9349,#9350,
#9351,#9352,#9353,#9354,#9355,#9356,#9357,#9358,#9359,#9360,#9361,#9362,
#9363,#9364),.UNSPECIFIED.,.F.,.F.,(4,2,2,2,2,2,2,2,2,4),(-0.482582582154855,
-0.366592799120034,-0.300294869838937,-0.268792728664035,-0.251759627699053,
-0.237745980293058,-0.221243104218192,-0.192915715357689,-0.0887133608409935,
0.),.UNSPECIFIED.);
#1155=B_SPLINE_CURVE_WITH_KNOTS('',3,(#9383,#9384,#9385,#9386,#9387,#9388,
#9389,#9390,#9391,#9392,#9393,#9394,#9395,#9396,#9397,#9398,#9399,#9400,
#9401,#9402),.UNSPECIFIED.,.F.,.F.,(4,2,2,2,2,2,2,2,2,4),(-0.482582582088857,
-0.366592798973575,-0.300294869752459,-0.268792728601954,-0.251759627646321,
-0.237745980245939,-0.221243104175514,-0.192915715318225,-0.0887133607677884,
0.),.UNSPECIFIED.);
#1156=B_SPLINE_CURVE_WITH_KNOTS('',3,(#9403,#9404,#9405,#9406),
 .UNSPECIFIED.,.F.,.F.,(4,4),(20.1643555919502,20.6475787065413),
 .UNSPECIFIED.);
#1157=B_SPLINE_CURVE_WITH_KNOTS('',3,(#9425,#9426,#9427,#9428,#9429,#9430,
#9431,#9432,#9433,#9434,#9435,#9436,#9437,#9438,#9439,#9440,#9441,#9442,
#9443,#9444),.UNSPECIFIED.,.F.,.F.,(4,2,2,2,2,2,2,2,2,4),(-0.48258258208716,
-0.366592798972744,-0.300294869751968,-0.268792728601587,-0.251759627646036,
-0.237745980245884,-0.221243104175846,-0.192915715318468,-0.0887133607678684,
0.),.UNSPECIFIED.);
#1158=B_SPLINE_CURVE_WITH_KNOTS('',3,(#9445,#9446,#9447,#9448),
 .UNSPECIFIED.,.F.,.F.,(4,4),(19.5996599247919,20.0828760643564),
 .UNSPECIFIED.);
#1159=B_SPLINE_CURVE_WITH_KNOTS('',3,(#9467,#9468,#9469,#9470),
 .UNSPECIFIED.,.F.,.F.,(4,4),(-0.0289084439941069,0.),.UNSPECIFIED.);
#1160=B_SPLINE_CURVE_WITH_KNOTS('',3,(#9472,#9473,#9474,#9475),
 .UNSPECIFIED.,.F.,.F.,(4,4),(18.9118207736122,18.9534705457614),
 .UNSPECIFIED.);
#1161=B_SPLINE_CURVE_WITH_KNOTS('',3,(#9476,#9477,#9478,#9479),
 .UNSPECIFIED.,.F.,.F.,(4,4),(-0.409617014532441,-0.390227138324452),
 .UNSPECIFIED.);
#1162=B_SPLINE_CURVE_WITH_KNOTS('',3,(#9497,#9498,#9499,#9500),
 .UNSPECIFIED.,.F.,.F.,(4,4),(-0.0443063166895511,-0.0164943601688133),
 .UNSPECIFIED.);
#1163=B_SPLINE_CURVE_WITH_KNOTS('',3,(#9501,#9502,#9503,#9504,#9505,#9506),
 .UNSPECIFIED.,.F.,.F.,(4,2,4),(20.7290507193064,20.7693243949584,20.7705570438358),
 .UNSPECIFIED.);
#1164=B_SPLINE_CURVE_WITH_KNOTS('',3,(#9525,#9526,#9527,#9528,#9529,#9530,
#9531,#9532,#9533,#9534,#9535,#9536,#9537,#9538,#9539,#9540,#9541,#9542,
#9543,#9544),.UNSPECIFIED.,.F.,.F.,(4,2,2,2,2,2,2,2,2,4),(-0.482582582085667,
-0.366592799384668,-0.300294869928051,-0.268792728677082,-0.251759627682343,
-0.237745980257964,-0.221243104168853,-0.192915715302179,-0.0887133609455048,
0.),.UNSPECIFIED.);
#1165=B_SPLINE_CURVE_WITH_KNOTS('',3,(#9545,#9546,#9547,#9548),
 .UNSPECIFIED.,.F.,.F.,(4,4),(21.8584393478689,22.34168601258),
 .UNSPECIFIED.);
#1166=B_SPLINE_CURVE_WITH_KNOTS('',3,(#9567,#9568,#9569,#9570,#9571,#9572,
#9573,#9574,#9575,#9576,#9577,#9578,#9579,#9580,#9581,#9582,#9583,#9584,
#9585,#9586),.UNSPECIFIED.,.F.,.F.,(4,2,2,2,2,2,2,2,2,4),(-0.48258258208251,
-0.366592799383103,-0.300294869927311,-0.268792728676761,-0.251759627682275,
-0.237745980258001,-0.221243104168783,-0.192915715302183,-0.0887133609454755,
0.),.UNSPECIFIED.);
#1167=B_SPLINE_CURVE_WITH_KNOTS('',3,(#9587,#9588,#9589,#9590),
 .UNSPECIFIED.,.F.,.F.,(4,4),(21.2937453206006,21.7769837110221),
 .UNSPECIFIED.);
#1168=B_SPLINE_CURVE_WITH_KNOTS('',3,(#9608,#9609,#9610,#9611),
 .UNSPECIFIED.,.F.,.F.,(4,4),(-0.0289084439942316,0.),.UNSPECIFIED.);
#1169=B_SPLINE_CURVE_WITH_KNOTS('',3,(#9612,#9613,#9614,#9615),
 .UNSPECIFIED.,.F.,.F.,(4,4),(21.1706300329118,21.2122812901941),
 .UNSPECIFIED.);
#1170=B_SPLINE_CURVE_WITH_KNOTS('',3,(#9634,#9635,#9636,#9637),
 .UNSPECIFIED.,.F.,.F.,(4,4),(-0.0443063134182931,-0.016494354072293),
 .UNSPECIFIED.);
#1171=B_SPLINE_CURVE_WITH_KNOTS('',3,(#9639,#9640,#9641,#9642),
 .UNSPECIFIED.,.F.,.F.,(4,4),(-0.0202255830652296,-3.10020898311964E-9),
 .UNSPECIFIED.);
#1172=B_SPLINE_CURVE_WITH_KNOTS('',3,(#9643,#9644,#9645,#9646),
 .UNSPECIFIED.,.F.,.F.,(4,4),(22.9878256463424,23.0293120744103),
 .UNSPECIFIED.);
#1173=B_SPLINE_CURVE_WITH_KNOTS('',3,(#9651,#9652,#9653,#9654),
 .UNSPECIFIED.,.F.,.F.,(4,4),(123.011445243574,123.494792380461),
 .UNSPECIFIED.);
#1174=B_SPLINE_CURVE_WITH_KNOTS('',3,(#9660,#9661,#9662,#9663),
 .UNSPECIFIED.,.F.,.F.,(4,4),(123.576145337856,124.059480105085),
 .UNSPECIFIED.);
#1175=B_SPLINE_CURVE_WITH_KNOTS('',3,(#9669,#9670,#9671,#9672),
 .UNSPECIFIED.,.F.,.F.,(4,4),(124.705546422705,124.747188890108),
 .UNSPECIFIED.);
#1176=B_SPLINE_CURVE_WITH_KNOTS('',3,(#9677,#9678,#9679,#9680),
 .UNSPECIFIED.,.F.,.F.,(4,4),(122.888591592651,122.930105184878),
 .UNSPECIFIED.);
#1177=B_SPLINE_CURVE_WITH_KNOTS('',3,(#9685,#9686,#9687,#9688),
 .UNSPECIFIED.,.F.,.F.,(4,4),(121.317346997788,121.800728845558),
 .UNSPECIFIED.);
#1178=B_SPLINE_CURVE_WITH_KNOTS('',3,(#9694,#9695,#9696,#9697),
 .UNSPECIFIED.,.F.,.F.,(4,4),(121.882046055224,122.365417385709),
 .UNSPECIFIED.);
#1179=B_SPLINE_CURVE_WITH_KNOTS('',3,(#9702,#9703,#9704,#9705),
 .UNSPECIFIED.,.F.,.F.,(4,4),(122.446745466792,122.488378205712),
 .UNSPECIFIED.);
#1180=B_SPLINE_CURVE_WITH_KNOTS('',3,(#9711,#9712,#9713,#9714),
 .UNSPECIFIED.,.F.,.F.,(4,4),(120.629806160206,120.671349631779),
 .UNSPECIFIED.);
#1181=B_SPLINE_CURVE_WITH_KNOTS('',3,(#9731,#9732,#9733,#9734,#9735,#9736,
#9737,#9738,#9739,#9740,#9741,#9742,#9743,#9744,#9745,#9746,#9747,#9748,
#9749,#9750),.UNSPECIFIED.,.F.,.F.,(4,2,2,2,2,2,2,2,2,4),(-0.482582582153467,
-0.366592799119279,-0.300294869838592,-0.268792728663837,-0.251759627698922,
-0.237745980292883,-0.221243104217838,-0.192915715357498,-0.088713360840921,
0.),.UNSPECIFIED.);
#1182=B_SPLINE_CURVE_WITH_KNOTS('',3,(#9767,#9768,#9769,#9770,#9771,#9772,
#9773,#9774,#9775,#9776,#9777,#9778,#9779,#9780,#9781,#9782,#9783,#9784,
#9785,#9786),.UNSPECIFIED.,.F.,.F.,(4,2,2,2,2,2,2,2,2,4),(-0.482582582154377,
-0.366592799119726,-0.300294869838727,-0.268792728663908,-0.251759627698951,
-0.237745980292911,-0.221243104217982,-0.192915715357507,-0.088713360840933,
0.),.UNSPECIFIED.);
#1183=B_SPLINE_CURVE_WITH_KNOTS('',3,(#9803,#9804,#9805,#9806,#9807,#9808,
#9809,#9810,#9811,#9812,#9813,#9814,#9815,#9816,#9817,#9818,#9819,#9820,
#9821,#9822),.UNSPECIFIED.,.F.,.F.,(4,2,2,2,2,2,2,2,2,4),(-0.482582582158448,
-0.366592799121794,-0.300294869839781,-0.268792728664391,-0.251759627699119,
-0.23774598029291,-0.221243104218032,-0.19291571535773,-0.0887133608410217,
0.),.UNSPECIFIED.);
#1184=B_SPLINE_CURVE_WITH_KNOTS('',3,(#9839,#9840,#9841,#9842),
 .UNSPECIFIED.,.F.,.F.,(4,4),(-0.0289084440324397,0.),.UNSPECIFIED.);
#1185=B_SPLINE_CURVE_WITH_KNOTS('',3,(#9860,#9861,#9862,#9863),
 .UNSPECIFIED.,.F.,.F.,(4,4),(-0.0443063158963174,-0.0164943593676895),
 .UNSPECIFIED.);
#1186=B_SPLINE_CURVE_WITH_KNOTS('',3,(#9864,#9865,#9866,#9867),
 .UNSPECIFIED.,.F.,.F.,(4,4),(-0.0202178647232913,0.),.UNSPECIFIED.);
#1187=B_SPLINE_CURVE_WITH_KNOTS('',3,(#9884,#9885,#9886,#9887,#9888,#9889,
#9890,#9891,#9892,#9893,#9894,#9895,#9896,#9897,#9898,#9899,#9900,#9901,
#9902,#9903),.UNSPECIFIED.,.F.,.F.,(4,2,2,2,2,2,2,2,2,4),(-0.482582582153615,
-0.366592800008546,-0.300294871235941,-0.268792730302681,-0.25175962946836,
-0.23774598216977,-0.221243106221306,-0.192915717578051,-0.0887133638600178,
-3.69900571284276E-9),.UNSPECIFIED.);
#1188=B_SPLINE_CURVE_WITH_KNOTS('',3,(#9921,#9922,#9923,#9924),
 .UNSPECIFIED.,.F.,.F.,(4,4),(-0.0289084440059933,0.),.UNSPECIFIED.);
#1189=B_SPLINE_CURVE_WITH_KNOTS('',3,(#9925,#9926,#9927,#9928),
 .UNSPECIFIED.,.F.,.F.,(4,4),(-0.409616972146128,-0.39022709821718),
 .UNSPECIFIED.);
#1190=B_SPLINE_CURVE_WITH_KNOTS('',3,(#9945,#9946,#9947,#9948),
 .UNSPECIFIED.,.F.,.F.,(4,4),(-0.0443063158960804,-0.0164943593676289),
 .UNSPECIFIED.);
#1191=B_SPLINE_CURVE_WITH_KNOTS('',3,(#9965,#9966,#9967,#9968,#9969,#9970,
#9971,#9972,#9973,#9974,#9975,#9976,#9977,#9978,#9979,#9980,#9981,#9982,
#9983,#9984),.UNSPECIFIED.,.F.,.F.,(4,2,2,2,2,2,2,2,2,4),(-0.482582582155506,
-0.366592799120397,-0.300294869839152,-0.268792728664108,-0.251759627698998,
-0.237745980292848,-0.221243104217969,-0.192915715357787,-0.0887133608410434,
0.),.UNSPECIFIED.);
#1192=B_SPLINE_CURVE_WITH_KNOTS('',3,(#10001,#10002,#10003,#10004,#10005,
#10006,#10007,#10008,#10009,#10010,#10011,#10012,#10013,#10014,#10015,#10016,
#10017,#10018,#10019,#10020),.UNSPECIFIED.,.F.,.F.,(4,2,2,2,2,2,2,2,2,4),
(-0.482582582156099,-0.366592799472628,-0.300294870392411,-0.268792729312905,
-0.251759628399475,-0.237745981035852,-0.221243105010955,-0.192915716236552,
-0.088713362036157,-1.46443712711886E-9),.UNSPECIFIED.);
#1193=B_SPLINE_CURVE_WITH_KNOTS('',3,(#10039,#10040,#10041,#10042,#10043,
#10044,#10045,#10046,#10047,#10048,#10049,#10050,#10051,#10052,#10053,#10054,
#10055,#10056,#10057,#10058),.UNSPECIFIED.,.F.,.F.,(4,2,2,2,2,2,2,2,2,4),
(-0.482582573615454,-0.366592792638529,-0.300294864523498,-0.268792723901366,
-0.251759623235259,-0.237745976075215,-0.22124310028999,-0.192915711927617,
-0.0887133592541672,0.),.UNSPECIFIED.);
#1194=B_SPLINE_CURVE_WITH_KNOTS('',3,(#10059,#10060,#10061,#10062),
 .UNSPECIFIED.,.F.,.F.,(4,4),(24.6819004302433,25.1651948489803),
 .UNSPECIFIED.);
#1195=B_SPLINE_CURVE_WITH_KNOTS('',3,(#10081,#10082,#10083,#10084,#10085,
#10086,#10087,#10088,#10089,#10090,#10091,#10092,#10093,#10094,#10095,#10096,
#10097,#10098,#10099,#10100),.UNSPECIFIED.,.F.,.F.,(4,2,2,2,2,2,2,2,2,4),
(-0.482582582086583,-0.366592799074287,-0.30029486979577,-0.268792728620747,
-0.251759627655604,-0.237745980249463,-0.221243104174571,-0.19291571531488,
-0.0887133608117899,0.),.UNSPECIFIED.);
#1196=B_SPLINE_CURVE_WITH_KNOTS('',3,(#10101,#10102,#10103,#10104),
 .UNSPECIFIED.,.F.,.F.,(4,4),(24.1172094785079,24.600493499607),
 .UNSPECIFIED.);
#1197=B_SPLINE_CURVE_WITH_KNOTS('',3,(#10123,#10124,#10125,#10126),
 .UNSPECIFIED.,.F.,.F.,(4,4),(-0.0289084439942336,0.),.UNSPECIFIED.);
#1198=B_SPLINE_CURVE_WITH_KNOTS('',3,(#10128,#10129,#10130,#10131),
 .UNSPECIFIED.,.F.,.F.,(4,4),(23.4294409803931,23.4710901512424),
 .UNSPECIFIED.);
#1199=B_SPLINE_CURVE_WITH_KNOTS('',3,(#10132,#10133,#10134,#10135),
 .UNSPECIFIED.,.F.,.F.,(4,4),(-0.409617014517798,-0.390227138310325),
 .UNSPECIFIED.);
#1200=B_SPLINE_CURVE_WITH_KNOTS('',3,(#10153,#10154,#10155,#10156),
 .UNSPECIFIED.,.F.,.F.,(4,4),(-0.0443063114530779,-0.0164943593635384),
 .UNSPECIFIED.);
#1201=B_SPLINE_CURVE_WITH_KNOTS('',3,(#10157,#10158,#10159,#10160),
 .UNSPECIFIED.,.F.,.F.,(4,4),(25.2465906933356,25.2880780968616),
 .UNSPECIFIED.);
#1202=B_SPLINE_CURVE_WITH_KNOTS('',3,(#10179,#10180,#10181,#10182,#10183,
#10184,#10185,#10186,#10187,#10188,#10189,#10190,#10191,#10192,#10193,#10194,
#10195,#10196,#10197,#10198),.UNSPECIFIED.,.F.,.F.,(4,2,2,2,2,2,2,2,2,4),
(-0.482582582085784,-0.366592799073657,-0.300294869795104,-0.268792728620128,
-0.25175962765503,-0.237745980248903,-0.221243104173987,-0.192915715314381,
-0.0887133608115731,0.),.UNSPECIFIED.);
#1203=B_SPLINE_CURVE_WITH_KNOTS('',3,(#10199,#10200,#10201,#10202),
 .UNSPECIFIED.,.F.,.F.,(4,4),(26.3759691244684,26.8592973651502),
 .UNSPECIFIED.);
#1204=B_SPLINE_CURVE_WITH_KNOTS('',3,(#10221,#10222,#10223,#10224,#10225,
#10226,#10227,#10228,#10229,#10230,#10231,#10232,#10233,#10234,#10235,#10236,
#10237,#10238,#10239,#10240),.UNSPECIFIED.,.F.,.F.,(4,2,2,2,2,2,2,2,2,4),
(-0.482582582088046,-0.366592799074494,-0.30029486979536,-0.268792728620085,
-0.25175962765477,-0.237745980248512,-0.221243104173726,-0.192915715314218,
-0.0887133608115132,0.),.UNSPECIFIED.);
#1205=B_SPLINE_CURVE_WITH_KNOTS('',3,(#10241,#10242,#10243,#10244),
 .UNSPECIFIED.,.F.,.F.,(4,4),(25.8112802631886,26.2945968018989),
 .UNSPECIFIED.);
#1206=B_SPLINE_CURVE_WITH_KNOTS('',3,(#10262,#10263,#10264,#10265),
 .UNSPECIFIED.,.F.,.F.,(4,4),(-0.0289084439941483,0.),.UNSPECIFIED.);
#1207=B_SPLINE_CURVE_WITH_KNOTS('',3,(#10266,#10267,#10268,#10269),
 .UNSPECIFIED.,.F.,.F.,(4,4),(25.6882524604288,25.7298959706515),
 .UNSPECIFIED.);
#1208=B_SPLINE_CURVE_WITH_KNOTS('',3,(#10288,#10289,#10290,#10291),
 .UNSPECIFIED.,.F.,.F.,(4,4),(-0.0443063158841049,-0.0164943564547798),
 .UNSPECIFIED.);
#1209=B_SPLINE_CURVE_WITH_KNOTS('',3,(#10293,#10294,#10295,#10296),
 .UNSPECIFIED.,.F.,.F.,(4,4),(-0.0202253696623788,0.),.UNSPECIFIED.);
#1210=B_SPLINE_CURVE_WITH_KNOTS('',3,(#10297,#10298,#10299,#10300),
 .UNSPECIFIED.,.F.,.F.,(4,4),(27.5053446322738,27.5468538874926),
 .UNSPECIFIED.);
#1211=B_SPLINE_CURVE_WITH_KNOTS('',3,(#10305,#10306,#10307,#10308),
 .UNSPECIFIED.,.F.,.F.,(4,4),(118.493857813304,118.977275716827),
 .UNSPECIFIED.);
#1212=B_SPLINE_CURVE_WITH_KNOTS('',3,(#10314,#10315,#10316,#10317),
 .UNSPECIFIED.,.F.,.F.,(4,4),(119.058554775045,119.541967670924),
 .UNSPECIFIED.);
#1213=B_SPLINE_CURVE_WITH_KNOTS('',3,(#10323,#10324,#10325,#10326),
 .UNSPECIFIED.,.F.,.F.,(4,4),(120.187950041276,120.229569456242),
 .UNSPECIFIED.);
#1214=B_SPLINE_CURVE_WITH_KNOTS('',3,(#10331,#10332,#10333,#10334),
 .UNSPECIFIED.,.F.,.F.,(4,4),(118.371013506744,118.41258313786),
 .UNSPECIFIED.);
#1215=B_SPLINE_CURVE_WITH_KNOTS('',3,(#10339,#10340,#10341,#10342),
 .UNSPECIFIED.,.F.,.F.,(4,4),(116.799769849818,117.283196173107),
 .UNSPECIFIED.);
#1216=B_SPLINE_CURVE_WITH_KNOTS('',3,(#10348,#10349,#10350,#10351),
 .UNSPECIFIED.,.F.,.F.,(4,4),(117.364465332109,117.847889949083),
 .UNSPECIFIED.);
#1217=B_SPLINE_CURVE_WITH_KNOTS('',3,(#10356,#10357,#10358,#10359),
 .UNSPECIFIED.,.F.,.F.,(4,4),(117.929161321897,117.970763800294),
 .UNSPECIFIED.);
#1218=B_SPLINE_CURVE_WITH_KNOTS('',3,(#10365,#10366,#10367,#10368),
 .UNSPECIFIED.,.F.,.F.,(4,4),(116.112214811908,116.153806933826),
 .UNSPECIFIED.);
#1219=B_SPLINE_CURVE_WITH_KNOTS('',3,(#10385,#10386,#10387,#10388,#10389,
#10390,#10391,#10392,#10393,#10394,#10395,#10396,#10397,#10398,#10399,#10400,
#10401,#10402,#10403,#10404),.UNSPECIFIED.,.F.,.F.,(4,2,2,2,2,2,2,2,2,4),
(-0.482582582156063,-0.366592799120418,-0.300294869839054,-0.268792728663874,
-0.251759627698718,-0.237745980292588,-0.221243104217648,-0.19291571535741,
-0.0887133608408843,0.),.UNSPECIFIED.);
#1220=B_SPLINE_CURVE_WITH_KNOTS('',3,(#10421,#10422,#10423,#10424,#10425,
#10426,#10427,#10428,#10429,#10430,#10431,#10432,#10433,#10434,#10435,#10436,
#10437,#10438,#10439,#10440),.UNSPECIFIED.,.F.,.F.,(4,2,2,2,2,2,2,2,2,4),
(-0.482582582150822,-0.366592799117225,-0.300294869837081,-0.268792728662563,
-0.251759627697788,-0.237745980291906,-0.221243104216999,-0.192915715356665,
-0.0887133608406144,0.),.UNSPECIFIED.);
#1221=B_SPLINE_CURVE_WITH_KNOTS('',3,(#10457,#10458,#10459,#10460,#10461,
#10462,#10463,#10464,#10465,#10466,#10467,#10468,#10469,#10470,#10471,#10472,
#10473,#10474,#10475,#10476),.UNSPECIFIED.,.F.,.F.,(4,2,2,2,2,2,2,2,2,4),
(-0.482582582153185,-0.366592799119108,-0.300294869838543,-0.268792728663809,
-0.251759627698899,-0.237745980292923,-0.221243104217964,-0.192915715357385,
-0.0887133608409127,0.),.UNSPECIFIED.);
#1222=B_SPLINE_CURVE_WITH_KNOTS('',3,(#10493,#10494,#10495,#10496),
 .UNSPECIFIED.,.F.,.F.,(4,4),(-0.028908445783486,0.),.UNSPECIFIED.);
#1223=B_SPLINE_CURVE_WITH_KNOTS('',3,(#10514,#10515,#10516,#10517),
 .UNSPECIFIED.,.F.,.F.,(4,4),(-0.0443063158961452,-0.0164943593675575),
 .UNSPECIFIED.);
#1224=B_SPLINE_CURVE_WITH_KNOTS('',3,(#10518,#10519,#10520,#10521),
 .UNSPECIFIED.,.F.,.F.,(4,4),(-0.0202178647232778,0.),.UNSPECIFIED.);
#1225=B_SPLINE_CURVE_WITH_KNOTS('',3,(#10538,#10539,#10540,#10541,#10542,
#10543,#10544,#10545,#10546,#10547,#10548,#10549,#10550,#10551,#10552,#10553,
#10554,#10555,#10556,#10557),.UNSPECIFIED.,.F.,.F.,(4,2,2,2,2,2,2,2,2,4),
(-0.482582582156836,-0.366592799121639,-0.300294869840127,-0.268792728665026,
-0.251759627699862,-0.237745980293574,-0.22124310421844,-0.192915715357877,
-0.0887133608411216,0.),.UNSPECIFIED.);
#1226=B_SPLINE_CURVE_WITH_KNOTS('',3,(#10575,#10576,#10577,#10578),
 .UNSPECIFIED.,.F.,.F.,(4,4),(-0.0289084440057261,0.),.UNSPECIFIED.);
#1227=B_SPLINE_CURVE_WITH_KNOTS('',3,(#10579,#10580,#10581,#10582),
 .UNSPECIFIED.,.F.,.F.,(4,4),(-0.409617013734573,-0.390227137561695),
 .UNSPECIFIED.);
#1228=B_SPLINE_CURVE_WITH_KNOTS('',3,(#10599,#10600,#10601,#10602),
 .UNSPECIFIED.,.F.,.F.,(4,4),(-0.044306315895994,-0.0164943593674757),
 .UNSPECIFIED.);
#1229=B_SPLINE_CURVE_WITH_KNOTS('',3,(#10619,#10620,#10621,#10622,#10623,
#10624,#10625,#10626,#10627,#10628,#10629,#10630,#10631,#10632,#10633,#10634,
#10635,#10636,#10637,#10638),.UNSPECIFIED.,.F.,.F.,(4,2,2,2,2,2,2,2,2,4),
(-0.482582582154283,-0.366592799119507,-0.30029486983857,-0.268792728663685,
-0.251759627698677,-0.237745980292669,-0.221243104217913,-0.192915715357477,
-0.0887133608409452,0.),.UNSPECIFIED.);
#1230=B_SPLINE_CURVE_WITH_KNOTS('',3,(#10655,#10656,#10657,#10658,#10659,
#10660,#10661,#10662,#10663,#10664,#10665,#10666,#10667,#10668,#10669,#10670,
#10671,#10672,#10673,#10674),.UNSPECIFIED.,.F.,.F.,(4,2,2,2,2,2,2,2,2,4),
(-0.482582582154653,-0.36659279912011,-0.300294869839043,-0.26879272866404,
-0.251759627698988,-0.237745980292909,-0.221243104217935,-0.192915715357495,
-0.0887133608409461,0.),.UNSPECIFIED.);
#1231=B_SPLINE_CURVE_WITH_KNOTS('',3,(#10693,#10694,#10695,#10696,#10697,
#10698,#10699,#10700,#10701,#10702,#10703,#10704,#10705,#10706,#10707,#10708,
#10709,#10710,#10711,#10712),.UNSPECIFIED.,.F.,.F.,(4,2,2,2,2,2,2,2,2,4),
(-0.482582579784355,-0.366592797325485,-0.300294868363123,-0.268792727338404,
-0.2517596264545,-0.237745979115111,-0.221243103118868,-0.192915714394328,
-0.0887133603884428,0.),.UNSPECIFIED.);
#1232=B_SPLINE_CURVE_WITH_KNOTS('',3,(#10713,#10714,#10715,#10716),
 .UNSPECIFIED.,.F.,.F.,(4,4),(29.1994090353607,29.6827953288259),
 .UNSPECIFIED.);
#1233=B_SPLINE_CURVE_WITH_KNOTS('',3,(#10735,#10736,#10737,#10738,#10739,
#10740,#10741,#10742,#10743,#10744,#10745,#10746,#10747,#10748,#10749,#10750,
#10751,#10752,#10753,#10754),.UNSPECIFIED.,.F.,.F.,(4,2,2,2,2,2,2,2,2,4),
(-0.482582582089068,-0.366592799076007,-0.300294869796881,-0.268792728621667,
-0.251759627656439,-0.237745980250214,-0.221243104175253,-0.192915715315397,
-0.0887133608119879,0.),.UNSPECIFIED.);
#1234=B_SPLINE_CURVE_WITH_KNOTS('',3,(#10755,#10756,#10757,#10758),
 .UNSPECIFIED.,.F.,.F.,(4,4),(28.6347201622098,29.1180964441048),
 .UNSPECIFIED.);
#1235=B_SPLINE_CURVE_WITH_KNOTS('',3,(#10777,#10778,#10779,#10780),
 .UNSPECIFIED.,.F.,.F.,(4,4),(-0.0289084439940964,0.),.UNSPECIFIED.);
#1236=B_SPLINE_CURVE_WITH_KNOTS('',3,(#10782,#10783,#10784,#10785),
 .UNSPECIFIED.,.F.,.F.,(4,4),(27.9470633181133,27.9886975861914),
 .UNSPECIFIED.);
#1237=B_SPLINE_CURVE_WITH_KNOTS('',3,(#10786,#10787,#10788,#10789),
 .UNSPECIFIED.,.F.,.F.,(4,4),(-0.4096170152544,-0.390227139007784),
 .UNSPECIFIED.);
#1238=B_SPLINE_CURVE_WITH_KNOTS('',3,(#10807,#10808,#10809,#10810),
 .UNSPECIFIED.,.F.,.F.,(4,4),(-0.0443063158839773,-0.0164943593635448),
 .UNSPECIFIED.);
#1239=B_SPLINE_CURVE_WITH_KNOTS('',3,(#10811,#10812,#10813,#10814),
 .UNSPECIFIED.,.F.,.F.,(4,4),(29.7640986112029,29.8056382497592),
 .UNSPECIFIED.);
#1240=B_SPLINE_CURVE_WITH_KNOTS('',3,(#10833,#10834,#10835,#10836,#10837,
#10838,#10839,#10840,#10841,#10842,#10843,#10844,#10845,#10846,#10847,#10848,
#10849,#10850,#10851,#10852),.UNSPECIFIED.,.F.,.F.,(4,2,2,2,2,2,2,2,2,4),
(-0.48258258207976,-0.366592799070485,-0.300294869793642,-0.268792728619446,
-0.251759627654782,-0.237745980248937,-0.221243104174016,-0.19291571531434,
-0.0887133608115621,0.),.UNSPECIFIED.);
#1241=B_SPLINE_CURVE_WITH_KNOTS('',3,(#10853,#10854,#10855,#10856),
 .UNSPECIFIED.,.F.,.F.,(4,4),(30.8934798449904,31.37688956509),
 .UNSPECIFIED.);
#1242=B_SPLINE_CURVE_WITH_KNOTS('',3,(#10875,#10876,#10877,#10878,#10879,
#10880,#10881,#10882,#10883,#10884,#10885,#10886,#10887,#10888,#10889,#10890,
#10891,#10892,#10893,#10894),.UNSPECIFIED.,.F.,.F.,(4,2,2,2,2,2,2,2,2,4),
(-0.482582582080753,-0.366592799071487,-0.300294869794481,-0.268792728620138,
-0.251759627655349,-0.237745980249412,-0.221243104174564,-0.192915715314861,
-0.0887133608118185,0.),.UNSPECIFIED.);
#1243=B_SPLINE_CURVE_WITH_KNOTS('',3,(#10895,#10896,#10897,#10898),
 .UNSPECIFIED.,.F.,.F.,(4,4),(30.3287888936242,30.8121919077389),
 .UNSPECIFIED.);
#1244=B_SPLINE_CURVE_WITH_KNOTS('',3,(#10916,#10917,#10918,#10919),
 .UNSPECIFIED.,.F.,.F.,(4,4),(-0.0289084457716358,0.),.UNSPECIFIED.);
#1245=B_SPLINE_CURVE_WITH_KNOTS('',3,(#10920,#10921,#10922,#10923),
 .UNSPECIFIED.,.F.,.F.,(4,4),(30.2058723976974,30.2474938301381),
 .UNSPECIFIED.);
#1246=B_SPLINE_CURVE_WITH_KNOTS('',3,(#10942,#10943,#10944,#10945),
 .UNSPECIFIED.,.F.,.F.,(4,4),(-0.0443063158841651,-0.0164943563562614),
 .UNSPECIFIED.);
#1247=B_SPLINE_CURVE_WITH_KNOTS('',3,(#10947,#10948,#10949,#10950),
 .UNSPECIFIED.,.F.,.F.,(4,4),(-0.0202251198236142,0.),.UNSPECIFIED.);
#1248=B_SPLINE_CURVE_WITH_KNOTS('',3,(#10951,#10952,#10953,#10954),
 .UNSPECIFIED.,.F.,.F.,(4,4),(32.022863693632,32.0644299936284),
 .UNSPECIFIED.);
#1249=B_SPLINE_CURVE_WITH_KNOTS('',3,(#10959,#10960,#10961,#10962),
 .UNSPECIFIED.,.F.,.F.,(4,4),(113.976300768265,114.459719121691),
 .UNSPECIFIED.);
#1250=B_SPLINE_CURVE_WITH_KNOTS('',3,(#10968,#10969,#10970,#10971),
 .UNSPECIFIED.,.F.,.F.,(4,4),(114.540993411443,115.024415559297),
 .UNSPECIFIED.);
#1251=B_SPLINE_CURVE_WITH_KNOTS('',3,(#10977,#10978,#10979,#10980),
 .UNSPECIFIED.,.F.,.F.,(4,4),(115.670380492949,115.711962400596),
 .UNSPECIFIED.);
#1252=B_SPLINE_CURVE_WITH_KNOTS('',3,(#10985,#10986,#10987,#10988),
 .UNSPECIFIED.,.F.,.F.,(4,4),(113.853411247579,113.895022213073),
 .UNSPECIFIED.);
#1253=B_SPLINE_CURVE_WITH_KNOTS('',3,(#10993,#10994,#10995,#10996),
 .UNSPECIFIED.,.F.,.F.,(4,4),(112.282226668349,112.765627024126),
 .UNSPECIFIED.);
#1254=B_SPLINE_CURVE_WITH_KNOTS('',3,(#11002,#11003,#11004,#11005),
 .UNSPECIFIED.,.F.,.F.,(4,4),(112.846917373422,113.330324835595),
 .UNSPECIFIED.);
#1255=B_SPLINE_CURVE_WITH_KNOTS('',3,(#11010,#11011,#11012,#11013),
 .UNSPECIFIED.,.F.,.F.,(4,4),(113.411608748588,113.453166425501),
 .UNSPECIFIED.);
#1256=B_SPLINE_CURVE_WITH_KNOTS('',3,(#11019,#11020,#11021,#11022),
 .UNSPECIFIED.,.F.,.F.,(4,4),(111.594603979258,111.636230164921),
 .UNSPECIFIED.);
#1257=B_SPLINE_CURVE_WITH_KNOTS('',3,(#11039,#11040,#11041,#11042,#11043,
#11044,#11045,#11046,#11047,#11048,#11049,#11050,#11051,#11052,#11053,#11054,
#11055,#11056,#11057,#11058),.UNSPECIFIED.,.F.,.F.,(4,2,2,2,2,2,2,2,2,4),
(-0.482582582151514,-0.366592799117776,-0.300294869837621,-0.268792728663121,
-0.251759627698351,-0.237745980292433,-0.221243104217464,-0.192915715357147,
-0.0887133608408541,0.),.UNSPECIFIED.);
#1258=B_SPLINE_CURVE_WITH_KNOTS('',3,(#11075,#11076,#11077,#11078,#11079,
#11080,#11081,#11082,#11083,#11084,#11085,#11086,#11087,#11088,#11089,#11090,
#11091,#11092,#11093,#11094),.UNSPECIFIED.,.F.,.F.,(4,2,2,2,2,2,2,2,2,4),
(-0.482582582149366,-0.366592799117498,-0.300294869837903,-0.268792728663661,
-0.251759627698936,-0.237745980292993,-0.221243104218175,-0.192915715357701,
-0.08871336084103,0.),.UNSPECIFIED.);
#1259=B_SPLINE_CURVE_WITH_KNOTS('',3,(#11111,#11112,#11113,#11114,#11115,
#11116,#11117,#11118,#11119,#11120,#11121,#11122,#11123,#11124,#11125,#11126,
#11127,#11128,#11129,#11130),.UNSPECIFIED.,.F.,.F.,(4,2,2,2,2,2,2,2,2,4),
(-0.482582582156457,-0.366592799121074,-0.300294869839847,-0.268792728664863,
-0.251759627699805,-0.237745980293686,-0.221243104218616,-0.192915715357813,
-0.0887133608411839,0.),.UNSPECIFIED.);
#1260=B_SPLINE_CURVE_WITH_KNOTS('',3,(#11147,#11148,#11149,#11150),
 .UNSPECIFIED.,.F.,.F.,(4,4),(-0.0289084457831876,0.),.UNSPECIFIED.);
#1261=B_SPLINE_CURVE_WITH_KNOTS('',3,(#11168,#11169,#11170,#11171),
 .UNSPECIFIED.,.F.,.F.,(4,4),(-0.0443063158959372,-0.0164943593674634),
 .UNSPECIFIED.);
#1262=B_SPLINE_CURVE_WITH_KNOTS('',3,(#11172,#11173,#11174,#11175),
 .UNSPECIFIED.,.F.,.F.,(4,4),(-0.0202178647233024,0.),.UNSPECIFIED.);
#1263=B_SPLINE_CURVE_WITH_KNOTS('',3,(#11192,#11193,#11194,#11195,#11196,
#11197,#11198,#11199,#11200,#11201,#11202,#11203,#11204,#11205,#11206,#11207,
#11208,#11209,#11210,#11211),.UNSPECIFIED.,.F.,.F.,(4,2,2,2,2,2,2,2,2,4),
(-0.482582578195336,-0.366592796111388,-0.300294867374041,-0.268792726457413,
-0.251759625632128,-0.237745978341092,-0.22124310240143,-0.192915713773391,
-0.0887133601124876,0.),.UNSPECIFIED.);
#1264=B_SPLINE_CURVE_WITH_KNOTS('',3,(#11229,#11230,#11231,#11232),
 .UNSPECIFIED.,.F.,.F.,(4,4),(-0.0289084440057901,0.),.UNSPECIFIED.);
#1265=B_SPLINE_CURVE_WITH_KNOTS('',3,(#11233,#11234,#11235,#11236),
 .UNSPECIFIED.,.F.,.F.,(4,4),(-0.409617007162202,-0.390227131344325),
 .UNSPECIFIED.);
#1266=B_SPLINE_CURVE_WITH_KNOTS('',3,(#11253,#11254,#11255,#11256),
 .UNSPECIFIED.,.F.,.F.,(4,4),(-0.0443063158959769,-0.0164943593674552),
 .UNSPECIFIED.);
#1267=B_SPLINE_CURVE_WITH_KNOTS('',3,(#11273,#11274,#11275,#11276,#11277,
#11278,#11279,#11280,#11281,#11282,#11283,#11284,#11285,#11286,#11287,#11288,
#11289,#11290,#11291,#11292),.UNSPECIFIED.,.F.,.F.,(4,2,2,2,2,2,2,2,2,4),
(-0.482582582156258,-0.36659279912101,-0.300294869839682,-0.268792728664606,
-0.251759627699493,-0.237745980293308,-0.221243104218265,-0.192915715357842,
-0.0887133608411087,0.),.UNSPECIFIED.);
#1268=B_SPLINE_CURVE_WITH_KNOTS('',3,(#11309,#11310,#11311,#11312,#11313,
#11314,#11315,#11316,#11317,#11318,#11319,#11320,#11321,#11322,#11323,#11324,
#11325,#11326,#11327,#11328),.UNSPECIFIED.,.F.,.F.,(4,2,2,2,2,2,2,2,2,4),
(-0.482582574386131,-0.366592793219071,-0.300294865005423,-0.268792724337655,
-0.251759623646846,-0.237745976466324,-0.221243100656948,-0.192915712252527,
-0.0887133594131504,0.),.UNSPECIFIED.);
#1269=B_SPLINE_CURVE_WITH_KNOTS('',3,(#11347,#11348,#11349,#11350,#11351,
#11352,#11353,#11354,#11355,#11356,#11357,#11358,#11359,#11360,#11361,#11362,
#11363,#11364,#11365,#11366),.UNSPECIFIED.,.F.,.F.,(4,2,2,2,2,2,2,2,2,4),
(-0.482582582088976,-0.366592799075549,-0.300294869796085,-0.268792728620567,
-0.251759627655167,-0.237745980248831,-0.221243104173876,-0.192915715314594,
-0.0887133608116724,0.),.UNSPECIFIED.);
#1270=B_SPLINE_CURVE_WITH_KNOTS('',3,(#11367,#11368,#11369,#11370),
 .UNSPECIFIED.,.F.,.F.,(4,4),(33.7169440535647,34.2003707908837),
 .UNSPECIFIED.);
#1271=B_SPLINE_CURVE_WITH_KNOTS('',3,(#11389,#11390,#11391,#11392,#11393,
#11394,#11395,#11396,#11397,#11398,#11399,#11400,#11401,#11402,#11403,#11404,
#11405,#11406,#11407,#11408),.UNSPECIFIED.,.F.,.F.,(4,2,2,2,2,2,2,2,2,4),
(-0.482582582080715,-0.366592799071355,-0.300294869794194,-0.268792728619888,
-0.251759627655121,-0.237745980249267,-0.221243104174599,-0.192915715314652,
-0.0887133608117465,0.),.UNSPECIFIED.);
#1272=B_SPLINE_CURVE_WITH_KNOTS('',3,(#11409,#11410,#11411,#11412),
 .UNSPECIFIED.,.F.,.F.,(4,4),(33.1522500144839,33.6356755490575),
 .UNSPECIFIED.);
#1273=B_SPLINE_CURVE_WITH_KNOTS('',3,(#11431,#11432,#11433,#11434),
 .UNSPECIFIED.,.F.,.F.,(4,4),(-0.0289084439945349,0.),.UNSPECIFIED.);
#1274=B_SPLINE_CURVE_WITH_KNOTS('',3,(#11436,#11437,#11438,#11439),
 .UNSPECIFIED.,.F.,.F.,(4,4),(32.4646785410315,32.5062835278047),
 .UNSPECIFIED.);
#1275=B_SPLINE_CURVE_WITH_KNOTS('',3,(#11440,#11441,#11442,#11443),
 .UNSPECIFIED.,.F.,.F.,(4,4),(-0.409617011874041,-0.390227135808888),
 .UNSPECIFIED.);
#1276=B_SPLINE_CURVE_WITH_KNOTS('',3,(#11461,#11462,#11463,#11464),
 .UNSPECIFIED.,.F.,.F.,(4,4),(-0.0443063158839766,-0.0164943593635451),
 .UNSPECIFIED.);
#1277=B_SPLINE_CURVE_WITH_KNOTS('',3,(#11465,#11466,#11467,#11468),
 .UNSPECIFIED.,.F.,.F.,(4,4),(34.2816386510147,34.3232279383021),
 .UNSPECIFIED.);
#1278=B_SPLINE_CURVE_WITH_KNOTS('',3,(#11487,#11488,#11489,#11490,#11491,
#11492,#11493,#11494,#11495,#11496,#11497,#11498,#11499,#11500,#11501,#11502,
#11503,#11504,#11505,#11506),.UNSPECIFIED.,.F.,.F.,(4,2,2,2,2,2,2,2,2,4),
(-0.482582582085256,-0.366592799073201,-0.300294869794841,-0.268792728619882,
-0.25175962765487,-0.237745980248946,-0.221243104174166,-0.192915715314667,
-0.0887133608117156,0.),.UNSPECIFIED.);
#1279=B_SPLINE_CURVE_WITH_KNOTS('',3,(#11507,#11508,#11509,#11510),
 .UNSPECIFIED.,.F.,.F.,(4,4),(35.4110294627345,35.8944532079824),
 .UNSPECIFIED.);
#1280=B_SPLINE_CURVE_WITH_KNOTS('',3,(#11529,#11530,#11531,#11532,#11533,
#11534,#11535,#11536,#11537,#11538,#11539,#11540,#11541,#11542,#11543,#11544,
#11545,#11546,#11547,#11548),.UNSPECIFIED.,.F.,.F.,(4,2,2,2,2,2,2,2,2,4),
(-0.482582582087446,-0.366592799075086,-0.300294869796199,-0.26879272862095,
-0.251759627655671,-0.237745980249418,-0.221243104174499,-0.19291571531477,
-0.0887133608117922,0.),.UNSPECIFIED.);
#1281=B_SPLINE_CURVE_WITH_KNOTS('',3,(#11549,#11550,#11551,#11552),
 .UNSPECIFIED.,.F.,.F.,(4,4),(34.8463337963763,35.3297596390664),
 .UNSPECIFIED.);
#1282=B_SPLINE_CURVE_WITH_KNOTS('',3,(#11570,#11571,#11572,#11573),
 .UNSPECIFIED.,.F.,.F.,(4,4),(-0.0289084457717562,0.),.UNSPECIFIED.);
#1283=B_SPLINE_CURVE_WITH_KNOTS('',3,(#11574,#11575,#11576,#11577),
 .UNSPECIFIED.,.F.,.F.,(4,4),(34.7234805860341,34.7650654961365),
 .UNSPECIFIED.);
#1284=B_SPLINE_CURVE_WITH_KNOTS('',3,(#11582,#11583,#11584,#11585),
 .UNSPECIFIED.,.F.,.F.,(4,4),(109.458783593949,109.942132019949),
 .UNSPECIFIED.);
#1285=B_SPLINE_CURVE_WITH_KNOTS('',3,(#11591,#11592,#11593,#11594),
 .UNSPECIFIED.,.F.,.F.,(4,4),(110.02347080544,110.506831752436),
 .UNSPECIFIED.);
#1286=B_SPLINE_CURVE_WITH_KNOTS('',3,(#11600,#11601,#11602,#11603),
 .UNSPECIFIED.,.F.,.F.,(4,4),(111.152847291656,111.194377050403),
 .UNSPECIFIED.);
#1287=B_SPLINE_CURVE_WITH_KNOTS('',3,(#11608,#11609,#11610,#11611),
 .UNSPECIFIED.,.F.,.F.,(4,4),(109.335794167526,109.377431969436),
 .UNSPECIFIED.);
#1288=B_SPLINE_CURVE_WITH_KNOTS('',3,(#11617,#11618,#11619,#11620),
 .UNSPECIFIED.,.F.,.F.,(4,4),(108.421868197743,108.812731585729),
 .UNSPECIFIED.);
#1289=B_SPLINE_CURVE_WITH_KNOTS('',3,(#11626,#11627,#11628,#11629),
 .UNSPECIFIED.,.F.,.F.,(4,4),(108.894095946396,108.93559545909),
 .UNSPECIFIED.);
#1290=B_SPLINE_CURVE_WITH_KNOTS('',3,(#11646,#11647,#11648,#11649,#11650,
#11651,#11652,#11653,#11654,#11655,#11656,#11657,#11658,#11659,#11660,#11661,
#11662,#11663,#11664,#11665),.UNSPECIFIED.,.F.,.F.,(4,2,2,2,2,2,2,2,2,4),
(-0.482582582154268,-0.366592799119896,-0.300294869839082,-0.268792728664258,
-0.251759627699323,-0.237745980293348,-0.221243104218364,-0.19291571535779,
-0.0887133608410455,0.),.UNSPECIFIED.);
#1291=B_SPLINE_CURVE_WITH_KNOTS('',3,(#11682,#11683,#11684,#11685,#11686,
#11687,#11688,#11689,#11690,#11691,#11692,#11693,#11694,#11695,#11696,#11697,
#11698,#11699,#11700,#11701),.UNSPECIFIED.,.F.,.F.,(4,2,2,2,2,2,2,2,2,4),
(-0.482582582150995,-0.366592799117836,-0.300294869837966,-0.268792728663568,
-0.251759627698812,-0.23774598029287,-0.221243104217856,-0.192915715357324,
-0.0887133608408474,0.),.UNSPECIFIED.);
#1292=B_SPLINE_CURVE_WITH_KNOTS('',3,(#11718,#11719,#11720,#11721,#11722,
#11723,#11724,#11725,#11726,#11727,#11728,#11729,#11730,#11731,#11732,#11733,
#11734,#11735,#11736,#11737),.UNSPECIFIED.,.F.,.F.,(4,2,2,2,2,2,2,2,2,4),
(-0.482582582154031,-0.366592799119917,-0.300294869839104,-0.268792728664262,
-0.251759627699283,-0.237745980293152,-0.221243104217985,-0.192915715357603,
-0.0887133608409905,0.),.UNSPECIFIED.);
#1293=B_SPLINE_CURVE_WITH_KNOTS('',3,(#11754,#11755,#11756,#11757),
 .UNSPECIFIED.,.F.,.F.,(4,4),(-0.0289084457832502,0.),.UNSPECIFIED.);
#1294=B_SPLINE_CURVE_WITH_KNOTS('',3,(#11775,#11776,#11777,#11778),
 .UNSPECIFIED.,.F.,.F.,(4,4),(-0.044306315895777,-0.0164943593674497),
 .UNSPECIFIED.);
#1295=B_SPLINE_CURVE_WITH_KNOTS('',3,(#11779,#11780,#11781,#11782),
 .UNSPECIFIED.,.F.,.F.,(4,4),(-0.0202178647232866,0.),.UNSPECIFIED.);
#1296=B_SPLINE_CURVE_WITH_KNOTS('',3,(#11799,#11800,#11801,#11802),
 .UNSPECIFIED.,.F.,.F.,(4,4),(-0.0443063158960973,-0.016494359367455),
 .UNSPECIFIED.);
#1297=B_SPLINE_CURVE_WITH_KNOTS('',3,(#11820,#11821,#11822,#11823,#11824,
#11825,#11826,#11827,#11828,#11829,#11830,#11831,#11832,#11833,#11834,#11835,
#11836,#11837,#11838),.UNSPECIFIED.,.F.,.F.,(4,3,3,3,3,3,4),(-0.312297776817688,
-0.255682912655263,-0.198681685846111,-0.14569335524764,-0.0879251875279756,
-0.0302293230404825,0.),.UNSPECIFIED.);
#1298=B_SPLINE_CURVE_WITH_KNOTS('',3,(#11839,#11840,#11841,#11842),
 .UNSPECIFIED.,.F.,.F.,(4,4),(-0.0795881283223973,0.),.UNSPECIFIED.);
#1299=B_SPLINE_CURVE_WITH_KNOTS('',3,(#11884,#11885,#11886,#11887,#11888,
#11889,#11890,#11891,#11892,#11893,#11894,#11895,#11896,#11897,#11898,#11899,
#11900,#11901,#11902,#11903,#11904,#11905,#11906,#11907,#11908,#11909,#11910,
#11911,#11912,#11913,#11914,#11915,#11916,#11917,#11918,#11919,#11920,#11921,
#11922,#11923,#11924,#11925,#11926,#11927,#11928,#11929),.UNSPECIFIED.,
 .F.,.F.,(4,3,3,3,3,3,3,3,3,3,3,3,3,3,3,4),(-0.482582582085398,-0.445556148774726,
-0.408531273842983,-0.371639795762402,-0.366592799073545,-0.324538537846916,
-0.300294869795261,-0.268792728620361,-0.251759627655231,-0.23774598024903,
-0.221243104174132,-0.192915715314442,-0.154504889918794,-0.116673807199522,
-0.0887133608115863,-0.0632750562108474),.UNSPECIFIED.);
#1300=B_SPLINE_CURVE_WITH_KNOTS('',3,(#11937,#11938,#11939,#11940),
 .UNSPECIFIED.,.F.,.F.,(4,4),(35.9757256342132,36.1407313352867),
 .UNSPECIFIED.);
#1301=B_SPLINE_CURVE_WITH_KNOTS('',3,(#11957,#11958,#11959,#11960,#11961,
#11962,#11963,#11964,#11965,#11966,#11967,#11968,#11969,#11970,#11971,#11972,
#11973,#11974,#11975,#11976,#11977,#11978),.UNSPECIFIED.,.F.,.F.,(4,3,3,
3,3,3,3,4),(-0.312997373032726,-0.255213669511299,-0.19788463107893,-0.162432495350155,
-0.149526182006165,-0.136991500198884,-0.0804747973839129,-0.0560760881638278),
 .UNSPECIFIED.);
#1302=LINE('',#5287,#1571);
#1303=LINE('',#5289,#1572);
#1304=LINE('',#5316,#1573);
#1305=LINE('',#5318,#1574);
#1306=LINE('',#5320,#1575);
#1307=LINE('',#5322,#1576);
#1308=LINE('',#5324,#1577);
#1309=LINE('',#5326,#1578);
#1310=LINE('',#5328,#1579);
#1311=LINE('',#5330,#1580);
#1312=LINE('',#5332,#1581);
#1313=LINE('',#5334,#1582);
#1314=LINE('',#5336,#1583);
#1315=LINE('',#5338,#1584);
#1316=LINE('',#5340,#1585);
#1317=LINE('',#5342,#1586);
#1318=LINE('',#5344,#1587);
#1319=LINE('',#5368,#1588);
#1320=LINE('',#5369,#1589);
#1321=LINE('',#5374,#1590);
#1322=LINE('',#5376,#1591);
#1323=LINE('',#5379,#1592);
#1324=LINE('',#5380,#1593);
#1325=LINE('',#5383,#1594);
#1326=LINE('',#5385,#1595);
#1327=LINE('',#5386,#1596);
#1328=LINE('',#5390,#1597);
#1329=LINE('',#5393,#1598);
#1330=LINE('',#5402,#1599);
#1331=LINE('',#5407,#1600);
#1332=LINE('',#5410,#1601);
#1333=LINE('',#5419,#1602);
#1334=LINE('',#5424,#1603);
#1335=LINE('',#5426,#1604);
#1336=LINE('',#5427,#1605);
#1337=LINE('',#5429,#1606);
#1338=LINE('',#5430,#1607);
#1339=LINE('',#5432,#1608);
#1340=LINE('',#5436,#1609);
#1341=LINE('',#5442,#1610);
#1342=LINE('',#5446,#1611);
#1343=LINE('',#5453,#1612);
#1344=LINE('',#5461,#1613);
#1345=LINE('',#5468,#1614);
#1346=LINE('',#5476,#1615);
#1347=LINE('',#5483,#1616);
#1348=LINE('',#5491,#1617);
#1349=LINE('',#5498,#1618);
#1350=LINE('',#5506,#1619);
#1351=LINE('',#5513,#1620);
#1352=LINE('',#5521,#1621);
#1353=LINE('',#5528,#1622);
#1354=LINE('',#5536,#1623);
#1355=LINE('',#5543,#1624);
#1356=LINE('',#5551,#1625);
#1357=LINE('',#5558,#1626);
#1358=LINE('',#5566,#1627);
#1359=LINE('',#5573,#1628);
#1360=LINE('',#5581,#1629);
#1361=LINE('',#5588,#1630);
#1362=LINE('',#5596,#1631);
#1363=LINE('',#5603,#1632);
#1364=LINE('',#5611,#1633);
#1365=LINE('',#5618,#1634);
#1366=LINE('',#5626,#1635);
#1367=LINE('',#5633,#1636);
#1368=LINE('',#5641,#1637);
#1369=LINE('',#5648,#1638);
#1370=LINE('',#5656,#1639);
#1371=LINE('',#5663,#1640);
#1372=LINE('',#6242,#1641);
#1373=LINE('',#6243,#1642);
#1374=LINE('',#6244,#1643);
#1375=LINE('',#6247,#1644);
#1376=LINE('',#6249,#1645);
#1377=LINE('',#6256,#1646);
#1378=LINE('',#6263,#1647);
#1379=LINE('',#6270,#1648);
#1380=LINE('',#6277,#1649);
#1381=LINE('',#6284,#1650);
#1382=LINE('',#6291,#1651);
#1383=LINE('',#6298,#1652);
#1384=LINE('',#6305,#1653);
#1385=LINE('',#6312,#1654);
#1386=LINE('',#6319,#1655);
#1387=LINE('',#6326,#1656);
#1388=LINE('',#6333,#1657);
#1389=LINE('',#6340,#1658);
#1390=LINE('',#6347,#1659);
#1391=LINE('',#6354,#1660);
#1392=LINE('',#6360,#1661);
#1393=LINE('',#6363,#1662);
#1394=LINE('',#6365,#1663);
#1395=LINE('',#6372,#1664);
#1396=LINE('',#6379,#1665);
#1397=LINE('',#6386,#1666);
#1398=LINE('',#6393,#1667);
#1399=LINE('',#6400,#1668);
#1400=LINE('',#6407,#1669);
#1401=LINE('',#6414,#1670);
#1402=LINE('',#6421,#1671);
#1403=LINE('',#6428,#1672);
#1404=LINE('',#6435,#1673);
#1405=LINE('',#6442,#1674);
#1406=LINE('',#6449,#1675);
#1407=LINE('',#6456,#1676);
#1408=LINE('',#6463,#1677);
#1409=LINE('',#6470,#1678);
#1410=LINE('',#6476,#1679);
#1411=LINE('',#6761,#1680);
#1412=LINE('',#6767,#1681);
#1413=LINE('',#6770,#1682);
#1414=LINE('',#6776,#1683);
#1415=LINE('',#6779,#1684);
#1416=LINE('',#6785,#1685);
#1417=LINE('',#6788,#1686);
#1418=LINE('',#6826,#1687);
#1419=LINE('',#6832,#1688);
#1420=LINE('',#6835,#1689);
#1421=LINE('',#6841,#1690);
#1422=LINE('',#6844,#1691);
#1423=LINE('',#6851,#1692);
#1424=LINE('',#6853,#1693);
#1425=LINE('',#7090,#1694);
#1426=LINE('',#7091,#1695);
#1427=LINE('',#7093,#1696);
#1428=LINE('',#7095,#1697);
#1429=LINE('',#7096,#1698);
#1430=LINE('',#7685,#1699);
#1431=LINE('',#7691,#1700);
#1432=LINE('',#7694,#1701);
#1433=LINE('',#7700,#1702);
#1434=LINE('',#7703,#1703);
#1435=LINE('',#7709,#1704);
#1436=LINE('',#7712,#1705);
#1437=LINE('',#7719,#1706);
#1438=LINE('',#7725,#1707);
#1439=LINE('',#7728,#1708);
#1440=LINE('',#7734,#1709);
#1441=LINE('',#7737,#1710);
#1442=LINE('',#7744,#1711);
#1443=LINE('',#7746,#1712);
#1444=LINE('',#8339,#1713);
#1445=LINE('',#8345,#1714);
#1446=LINE('',#8348,#1715);
#1447=LINE('',#8354,#1716);
#1448=LINE('',#8357,#1717);
#1449=LINE('',#8363,#1718);
#1450=LINE('',#8366,#1719);
#1451=LINE('',#8373,#1720);
#1452=LINE('',#8379,#1721);
#1453=LINE('',#8382,#1722);
#1454=LINE('',#8388,#1723);
#1455=LINE('',#8391,#1724);
#1456=LINE('',#8398,#1725);
#1457=LINE('',#8400,#1726);
#1458=LINE('',#8993,#1727);
#1459=LINE('',#8999,#1728);
#1460=LINE('',#9002,#1729);
#1461=LINE('',#9008,#1730);
#1462=LINE('',#9011,#1731);
#1463=LINE('',#9017,#1732);
#1464=LINE('',#9020,#1733);
#1465=LINE('',#9027,#1734);
#1466=LINE('',#9033,#1735);
#1467=LINE('',#9036,#1736);
#1468=LINE('',#9042,#1737);
#1469=LINE('',#9045,#1738);
#1470=LINE('',#9052,#1739);
#1471=LINE('',#9054,#1740);
#1472=LINE('',#9649,#1741);
#1473=LINE('',#9655,#1742);
#1474=LINE('',#9658,#1743);
#1475=LINE('',#9664,#1744);
#1476=LINE('',#9667,#1745);
#1477=LINE('',#9673,#1746);
#1478=LINE('',#9676,#1747);
#1479=LINE('',#9683,#1748);
#1480=LINE('',#9689,#1749);
#1481=LINE('',#9692,#1750);
#1482=LINE('',#9698,#1751);
#1483=LINE('',#9701,#1752);
#1484=LINE('',#9708,#1753);
#1485=LINE('',#9710,#1754);
#1486=LINE('',#10303,#1755);
#1487=LINE('',#10309,#1756);
#1488=LINE('',#10312,#1757);
#1489=LINE('',#10318,#1758);
#1490=LINE('',#10321,#1759);
#1491=LINE('',#10327,#1760);
#1492=LINE('',#10330,#1761);
#1493=LINE('',#10337,#1762);
#1494=LINE('',#10343,#1763);
#1495=LINE('',#10346,#1764);
#1496=LINE('',#10352,#1765);
#1497=LINE('',#10355,#1766);
#1498=LINE('',#10362,#1767);
#1499=LINE('',#10364,#1768);
#1500=LINE('',#10957,#1769);
#1501=LINE('',#10963,#1770);
#1502=LINE('',#10966,#1771);
#1503=LINE('',#10972,#1772);
#1504=LINE('',#10975,#1773);
#1505=LINE('',#10981,#1774);
#1506=LINE('',#10984,#1775);
#1507=LINE('',#10991,#1776);
#1508=LINE('',#10997,#1777);
#1509=LINE('',#11000,#1778);
#1510=LINE('',#11006,#1779);
#1511=LINE('',#11009,#1780);
#1512=LINE('',#11016,#1781);
#1513=LINE('',#11018,#1782);
#1514=LINE('',#11580,#1783);
#1515=LINE('',#11586,#1784);
#1516=LINE('',#11589,#1785);
#1517=LINE('',#11595,#1786);
#1518=LINE('',#11598,#1787);
#1519=LINE('',#11604,#1788);
#1520=LINE('',#11607,#1789);
#1521=LINE('',#11621,#1790);
#1522=LINE('',#11622,#1791);
#1523=LINE('',#11625,#1792);
#1524=LINE('',#11846,#1793);
#1525=LINE('',#11847,#1794);
#1526=LINE('',#11848,#1795);
#1527=LINE('',#11851,#1796);
#1528=LINE('',#11852,#1797);
#1529=LINE('',#11855,#1798);
#1530=LINE('',#11856,#1799);
#1531=LINE('',#11858,#1800);
#1532=LINE('',#11859,#1801);
#1533=LINE('',#11862,#1802);
#1534=LINE('',#11863,#1803);
#1535=LINE('',#11865,#1804);
#1536=LINE('',#11867,#1805);
#1537=LINE('',#11871,#1806);
#1538=LINE('',#11872,#1807);
#1539=LINE('',#11874,#1808);
#1540=LINE('',#11875,#1809);
#1541=LINE('',#11876,#1810);
#1542=LINE('',#11882,#1811);
#1543=LINE('',#11931,#1812);
#1544=LINE('',#11932,#1813);
#1545=LINE('',#11933,#1814);
#1546=LINE('',#11981,#1815);
#1547=LINE('',#11982,#1816);
#1548=LINE('',#11983,#1817);
#1549=LINE('',#11984,#1818);
#1550=LINE('',#11985,#1819);
#1551=LINE('',#11986,#1820);
#1552=LINE('',#11987,#1821);
#1553=LINE('',#11988,#1822);
#1554=LINE('',#11989,#1823);
#1555=LINE('',#11990,#1824);
#1556=LINE('',#11993,#1825);
#1557=LINE('',#11994,#1826);
#1558=LINE('',#11997,#1827);
#1559=LINE('',#11998,#1828);
#1560=LINE('',#12001,#1829);
#1561=LINE('',#12002,#1830);
#1562=LINE('',#12003,#1831);
#1563=LINE('',#12004,#1832);
#1564=LINE('',#12005,#1833);
#1565=LINE('',#12006,#1834);
#1566=LINE('',#12007,#1835);
#1567=LINE('',#12008,#1836);
#1568=LINE('',#12009,#1837);
#1569=LINE('',#12010,#1838);
#1570=LINE('',#12012,#1839);
#1571=VECTOR('',#4770,10.);
#1572=VECTOR('',#4771,10.);
#1573=VECTOR('',#4774,10.);
#1574=VECTOR('',#4775,10.);
#1575=VECTOR('',#4776,10.);
#1576=VECTOR('',#4777,10.);
#1577=VECTOR('',#4778,10.);
#1578=VECTOR('',#4779,10.);
#1579=VECTOR('',#4780,10.);
#1580=VECTOR('',#4781,10.);
#1581=VECTOR('',#4782,10.);
#1582=VECTOR('',#4783,10.);
#1583=VECTOR('',#4784,10.);
#1584=VECTOR('',#4785,10.);
#1585=VECTOR('',#4786,10.);
#1586=VECTOR('',#4787,10.);
#1587=VECTOR('',#4788,10.);
#1588=VECTOR('',#4791,10.);
#1589=VECTOR('',#4792,10.);
#1590=VECTOR('',#4795,10.);
#1591=VECTOR('',#4796,10.);
#1592=VECTOR('',#4799,10.);
#1593=VECTOR('',#4800,10.);
#1594=VECTOR('',#4801,10.);
#1595=VECTOR('',#4802,10.);
#1596=VECTOR('',#4803,10.);
#1597=VECTOR('',#4806,10.);
#1598=VECTOR('',#4809,10.);
#1599=VECTOR('',#4814,10.);
#1600=VECTOR('',#4819,10.);
#1601=VECTOR('',#4822,10.);
#1602=VECTOR('',#4827,10.);
#1603=VECTOR('',#4832,10.);
#1604=VECTOR('',#4833,10.);
#1605=VECTOR('',#4834,10.);
#1606=VECTOR('',#4837,10.);
#1607=VECTOR('',#4838,10.);
#1608=VECTOR('',#4841,10.);
#1609=VECTOR('',#4846,10.);
#1610=VECTOR('',#4847,10.);
#1611=VECTOR('',#4850,10.);
#1612=VECTOR('',#4851,10.);
#1613=VECTOR('',#4854,10.);
#1614=VECTOR('',#4855,10.);
#1615=VECTOR('',#4858,10.);
#1616=VECTOR('',#4859,10.);
#1617=VECTOR('',#4862,10.);
#1618=VECTOR('',#4863,10.);
#1619=VECTOR('',#4866,10.);
#1620=VECTOR('',#4867,10.);
#1621=VECTOR('',#4870,10.);
#1622=VECTOR('',#4871,10.);
#1623=VECTOR('',#4874,10.);
#1624=VECTOR('',#4875,10.);
#1625=VECTOR('',#4878,10.);
#1626=VECTOR('',#4879,10.);
#1627=VECTOR('',#4882,10.);
#1628=VECTOR('',#4883,10.);
#1629=VECTOR('',#4886,10.);
#1630=VECTOR('',#4887,10.);
#1631=VECTOR('',#4890,10.);
#1632=VECTOR('',#4891,10.);
#1633=VECTOR('',#4894,10.);
#1634=VECTOR('',#4895,10.);
#1635=VECTOR('',#4898,10.);
#1636=VECTOR('',#4899,10.);
#1637=VECTOR('',#4902,10.);
#1638=VECTOR('',#4903,10.);
#1639=VECTOR('',#4906,10.);
#1640=VECTOR('',#4907,10.);
#1641=VECTOR('',#4910,10.);
#1642=VECTOR('',#4911,10.);
#1643=VECTOR('',#4912,10.);
#1644=VECTOR('',#4915,10.);
#1645=VECTOR('',#4916,10.);
#1646=VECTOR('',#4917,10.);
#1647=VECTOR('',#4918,10.);
#1648=VECTOR('',#4919,10.);
#1649=VECTOR('',#4920,10.);
#1650=VECTOR('',#4921,10.);
#1651=VECTOR('',#4922,10.);
#1652=VECTOR('',#4923,10.);
#1653=VECTOR('',#4924,10.);
#1654=VECTOR('',#4925,10.);
#1655=VECTOR('',#4926,10.);
#1656=VECTOR('',#4927,10.);
#1657=VECTOR('',#4928,10.);
#1658=VECTOR('',#4929,10.);
#1659=VECTOR('',#4930,10.);
#1660=VECTOR('',#4931,10.);
#1661=VECTOR('',#4932,10.);
#1662=VECTOR('',#4935,10.);
#1663=VECTOR('',#4936,10.);
#1664=VECTOR('',#4937,10.);
#1665=VECTOR('',#4938,10.);
#1666=VECTOR('',#4939,10.);
#1667=VECTOR('',#4940,10.);
#1668=VECTOR('',#4941,10.);
#1669=VECTOR('',#4942,10.);
#1670=VECTOR('',#4943,10.);
#1671=VECTOR('',#4944,10.);
#1672=VECTOR('',#4945,10.);
#1673=VECTOR('',#4946,10.);
#1674=VECTOR('',#4947,10.);
#1675=VECTOR('',#4948,10.);
#1676=VECTOR('',#4949,10.);
#1677=VECTOR('',#4950,10.);
#1678=VECTOR('',#4951,10.);
#1679=VECTOR('',#4952,10.);
#1680=VECTOR('',#4955,10.);
#1681=VECTOR('',#4956,10.);
#1682=VECTOR('',#4959,10.);
#1683=VECTOR('',#4960,10.);
#1684=VECTOR('',#4963,10.);
#1685=VECTOR('',#4964,10.);
#1686=VECTOR('',#4967,10.);
#1687=VECTOR('',#4970,10.);
#1688=VECTOR('',#4971,10.);
#1689=VECTOR('',#4974,10.);
#1690=VECTOR('',#4975,10.);
#1691=VECTOR('',#4978,10.);
#1692=VECTOR('',#4981,10.);
#1693=VECTOR('',#4982,10.);
#1694=VECTOR('',#4985,10.);
#1695=VECTOR('',#4986,10.);
#1696=VECTOR('',#4989,10.);
#1697=VECTOR('',#4992,10.);
#1698=VECTOR('',#4993,10.);
#1699=VECTOR('',#4996,10.);
#1700=VECTOR('',#4997,10.);
#1701=VECTOR('',#5000,10.);
#1702=VECTOR('',#5001,10.);
#1703=VECTOR('',#5004,10.);
#1704=VECTOR('',#5005,10.);
#1705=VECTOR('',#5008,10.);
#1706=VECTOR('',#5011,10.);
#1707=VECTOR('',#5012,10.);
#1708=VECTOR('',#5015,10.);
#1709=VECTOR('',#5016,10.);
#1710=VECTOR('',#5019,10.);
#1711=VECTOR('',#5022,10.);
#1712=VECTOR('',#5023,10.);
#1713=VECTOR('',#5026,10.);
#1714=VECTOR('',#5027,10.);
#1715=VECTOR('',#5030,10.);
#1716=VECTOR('',#5031,10.);
#1717=VECTOR('',#5034,10.);
#1718=VECTOR('',#5035,10.);
#1719=VECTOR('',#5038,10.);
#1720=VECTOR('',#5041,10.);
#1721=VECTOR('',#5042,10.);
#1722=VECTOR('',#5045,10.);
#1723=VECTOR('',#5046,10.);
#1724=VECTOR('',#5049,10.);
#1725=VECTOR('',#5052,10.);
#1726=VECTOR('',#5053,10.);
#1727=VECTOR('',#5056,10.);
#1728=VECTOR('',#5057,10.);
#1729=VECTOR('',#5060,10.);
#1730=VECTOR('',#5061,10.);
#1731=VECTOR('',#5064,10.);
#1732=VECTOR('',#5065,10.);
#1733=VECTOR('',#5068,10.);
#1734=VECTOR('',#5071,10.);
#1735=VECTOR('',#5072,10.);
#1736=VECTOR('',#5075,10.);
#1737=VECTOR('',#5076,10.);
#1738=VECTOR('',#5079,10.);
#1739=VECTOR('',#5082,10.);
#1740=VECTOR('',#5083,10.);
#1741=VECTOR('',#5086,10.);
#1742=VECTOR('',#5087,10.);
#1743=VECTOR('',#5090,10.);
#1744=VECTOR('',#5091,10.);
#1745=VECTOR('',#5094,10.);
#1746=VECTOR('',#5095,10.);
#1747=VECTOR('',#5098,10.);
#1748=VECTOR('',#5101,10.);
#1749=VECTOR('',#5102,10.);
#1750=VECTOR('',#5105,10.);
#1751=VECTOR('',#5106,10.);
#1752=VECTOR('',#5109,10.);
#1753=VECTOR('',#5112,10.);
#1754=VECTOR('',#5113,10.);
#1755=VECTOR('',#5116,10.);
#1756=VECTOR('',#5117,10.);
#1757=VECTOR('',#5120,10.);
#1758=VECTOR('',#5121,10.);
#1759=VECTOR('',#5124,10.);
#1760=VECTOR('',#5125,10.);
#1761=VECTOR('',#5128,10.);
#1762=VECTOR('',#5131,10.);
#1763=VECTOR('',#5132,10.);
#1764=VECTOR('',#5135,10.);
#1765=VECTOR('',#5136,10.);
#1766=VECTOR('',#5139,10.);
#1767=VECTOR('',#5142,10.);
#1768=VECTOR('',#5143,10.);
#1769=VECTOR('',#5146,10.);
#1770=VECTOR('',#5147,10.);
#1771=VECTOR('',#5150,10.);
#1772=VECTOR('',#5151,10.);
#1773=VECTOR('',#5154,10.);
#1774=VECTOR('',#5155,10.);
#1775=VECTOR('',#5158,10.);
#1776=VECTOR('',#5161,10.);
#1777=VECTOR('',#5162,10.);
#1778=VECTOR('',#5165,10.);
#1779=VECTOR('',#5166,10.);
#1780=VECTOR('',#5169,10.);
#1781=VECTOR('',#5172,10.);
#1782=VECTOR('',#5173,10.);
#1783=VECTOR('',#5176,10.);
#1784=VECTOR('',#5177,10.);
#1785=VECTOR('',#5180,10.);
#1786=VECTOR('',#5181,10.);
#1787=VECTOR('',#5184,10.);
#1788=VECTOR('',#5185,10.);
#1789=VECTOR('',#5188,10.);
#1790=VECTOR('',#5193,10.);
#1791=VECTOR('',#5194,10.);
#1792=VECTOR('',#5197,10.);
#1793=VECTOR('',#5200,10.);
#1794=VECTOR('',#5201,10.);
#1795=VECTOR('',#5202,10.);
#1796=VECTOR('',#5205,10.);
#1797=VECTOR('',#5206,10.);
#1798=VECTOR('',#5209,10.);
#1799=VECTOR('',#5210,10.);
#1800=VECTOR('',#5211,10.);
#1801=VECTOR('',#5212,10.);
#1802=VECTOR('',#5215,10.);
#1803=VECTOR('',#5216,10.);
#1804=VECTOR('',#5219,10.);
#1805=VECTOR('',#5222,10.);
#1806=VECTOR('',#5225,10.);
#1807=VECTOR('',#5226,10.);
#1808=VECTOR('',#5227,10.);
#1809=VECTOR('',#5228,10.);
#1810=VECTOR('',#5229,10.);
#1811=VECTOR('',#5236,10.);
#1812=VECTOR('',#5237,10.);
#1813=VECTOR('',#5238,10.);
#1814=VECTOR('',#5239,10.);
#1815=VECTOR('',#5246,10.);
#1816=VECTOR('',#5247,10.);
#1817=VECTOR('',#5248,10.);
#1818=VECTOR('',#5249,10.);
#1819=VECTOR('',#5250,10.);
#1820=VECTOR('',#5251,10.);
#1821=VECTOR('',#5252,10.);
#1822=VECTOR('',#5253,10.);
#1823=VECTOR('',#5254,10.);
#1824=VECTOR('',#5255,10.);
#1825=VECTOR('',#5258,10.);
#1826=VECTOR('',#5259,10.);
#1827=VECTOR('',#5262,10.);
#1828=VECTOR('',#5263,10.);
#1829=VECTOR('',#5266,10.);
#1830=VECTOR('',#5267,10.);
#1831=VECTOR('',#5268,10.);
#1832=VECTOR('',#5269,10.);
#1833=VECTOR('',#5270,10.);
#1834=VECTOR('',#5271,10.);
#1835=VECTOR('',#5272,10.);
#1836=VECTOR('',#5273,10.);
#1837=VECTOR('',#5274,10.);
#1838=VECTOR('',#5275,10.);
#1839=VECTOR('',#5278,10.);
#1840=CIRCLE('',#4642,7.15);
#1841=CIRCLE('',#4643,7.15);
#1842=CIRCLE('',#4644,7.15);
#1843=CIRCLE('',#4645,0.75);
#1844=CIRCLE('',#4646,0.75);
#1845=CIRCLE('',#4648,0.65);
#1846=CIRCLE('',#4653,0.65);
#1847=CIRCLE('',#4744,7.15);
#1848=CIRCLE('',#4754,7.15);
#1849=CIRCLE('',#4757,7.15);
#1850=VERTEX_POINT('',#5283);
#1851=VERTEX_POINT('',#5284);
#1852=VERTEX_POINT('',#5286);
#1853=VERTEX_POINT('',#5288);
#1854=VERTEX_POINT('',#5290);
#1855=VERTEX_POINT('',#5292);
#1856=VERTEX_POINT('',#5315);
#1857=VERTEX_POINT('',#5317);
#1858=VERTEX_POINT('',#5319);
#1859=VERTEX_POINT('',#5321);
#1860=VERTEX_POINT('',#5323);
#1861=VERTEX_POINT('',#5325);
#1862=VERTEX_POINT('',#5327);
#1863=VERTEX_POINT('',#5329);
#1864=VERTEX_POINT('',#5331);
#1865=VERTEX_POINT('',#5333);
#1866=VERTEX_POINT('',#5335);
#1867=VERTEX_POINT('',#5337);
#1868=VERTEX_POINT('',#5339);
#1869=VERTEX_POINT('',#5341);
#1870=VERTEX_POINT('',#5343);
#1871=VERTEX_POINT('',#5345);
#1872=VERTEX_POINT('',#5365);
#1873=VERTEX_POINT('',#5367);
#1874=VERTEX_POINT('',#5370);
#1875=VERTEX_POINT('',#5371);
#1876=VERTEX_POINT('',#5373);
#1877=VERTEX_POINT('',#5375);
#1878=VERTEX_POINT('',#5377);
#1879=VERTEX_POINT('',#5381);
#1880=VERTEX_POINT('',#5382);
#1881=VERTEX_POINT('',#5384);
#1882=VERTEX_POINT('',#5388);
#1883=VERTEX_POINT('',#5389);
#1884=VERTEX_POINT('',#5391);
#1885=VERTEX_POINT('',#5405);
#1886=VERTEX_POINT('',#5406);
#1887=VERTEX_POINT('',#5408);
#1888=VERTEX_POINT('',#5422);
#1889=VERTEX_POINT('',#5423);
#1890=VERTEX_POINT('',#5425);
#1891=VERTEX_POINT('',#5435);
#1892=VERTEX_POINT('',#5437);
#1893=VERTEX_POINT('',#5444);
#1894=VERTEX_POINT('',#5445);
#1895=VERTEX_POINT('',#5447);
#1896=VERTEX_POINT('',#5452);
#1897=VERTEX_POINT('',#5459);
#1898=VERTEX_POINT('',#5460);
#1899=VERTEX_POINT('',#5462);
#1900=VERTEX_POINT('',#5467);
#1901=VERTEX_POINT('',#5474);
#1902=VERTEX_POINT('',#5475);
#1903=VERTEX_POINT('',#5477);
#1904=VERTEX_POINT('',#5482);
#1905=VERTEX_POINT('',#5489);
#1906=VERTEX_POINT('',#5490);
#1907=VERTEX_POINT('',#5492);
#1908=VERTEX_POINT('',#5497);
#1909=VERTEX_POINT('',#5504);
#1910=VERTEX_POINT('',#5505);
#1911=VERTEX_POINT('',#5507);
#1912=VERTEX_POINT('',#5512);
#1913=VERTEX_POINT('',#5519);
#1914=VERTEX_POINT('',#5520);
#1915=VERTEX_POINT('',#5522);
#1916=VERTEX_POINT('',#5527);
#1917=VERTEX_POINT('',#5534);
#1918=VERTEX_POINT('',#5535);
#1919=VERTEX_POINT('',#5537);
#1920=VERTEX_POINT('',#5542);
#1921=VERTEX_POINT('',#5549);
#1922=VERTEX_POINT('',#5550);
#1923=VERTEX_POINT('',#5552);
#1924=VERTEX_POINT('',#5557);
#1925=VERTEX_POINT('',#5564);
#1926=VERTEX_POINT('',#5565);
#1927=VERTEX_POINT('',#5567);
#1928=VERTEX_POINT('',#5572);
#1929=VERTEX_POINT('',#5579);
#1930=VERTEX_POINT('',#5580);
#1931=VERTEX_POINT('',#5582);
#1932=VERTEX_POINT('',#5587);
#1933=VERTEX_POINT('',#5594);
#1934=VERTEX_POINT('',#5595);
#1935=VERTEX_POINT('',#5597);
#1936=VERTEX_POINT('',#5602);
#1937=VERTEX_POINT('',#5609);
#1938=VERTEX_POINT('',#5610);
#1939=VERTEX_POINT('',#5612);
#1940=VERTEX_POINT('',#5617);
#1941=VERTEX_POINT('',#5624);
#1942=VERTEX_POINT('',#5625);
#1943=VERTEX_POINT('',#5627);
#1944=VERTEX_POINT('',#5632);
#1945=VERTEX_POINT('',#5639);
#1946=VERTEX_POINT('',#5640);
#1947=VERTEX_POINT('',#5642);
#1948=VERTEX_POINT('',#5647);
#1949=VERTEX_POINT('',#5654);
#1950=VERTEX_POINT('',#5655);
#1951=VERTEX_POINT('',#5657);
#1952=VERTEX_POINT('',#5662);
#1953=VERTEX_POINT('',#5684);
#1954=VERTEX_POINT('',#6240);
#1955=VERTEX_POINT('',#6241);
#1956=VERTEX_POINT('',#6246);
#1957=VERTEX_POINT('',#6248);
#1958=VERTEX_POINT('',#6250);
#1959=VERTEX_POINT('',#6255);
#1960=VERTEX_POINT('',#6257);
#1961=VERTEX_POINT('',#6262);
#1962=VERTEX_POINT('',#6264);
#1963=VERTEX_POINT('',#6269);
#1964=VERTEX_POINT('',#6271);
#1965=VERTEX_POINT('',#6276);
#1966=VERTEX_POINT('',#6278);
#1967=VERTEX_POINT('',#6283);
#1968=VERTEX_POINT('',#6285);
#1969=VERTEX_POINT('',#6290);
#1970=VERTEX_POINT('',#6292);
#1971=VERTEX_POINT('',#6297);
#1972=VERTEX_POINT('',#6299);
#1973=VERTEX_POINT('',#6304);
#1974=VERTEX_POINT('',#6306);
#1975=VERTEX_POINT('',#6311);
#1976=VERTEX_POINT('',#6313);
#1977=VERTEX_POINT('',#6318);
#1978=VERTEX_POINT('',#6320);
#1979=VERTEX_POINT('',#6325);
#1980=VERTEX_POINT('',#6327);
#1981=VERTEX_POINT('',#6332);
#1982=VERTEX_POINT('',#6334);
#1983=VERTEX_POINT('',#6339);
#1984=VERTEX_POINT('',#6341);
#1985=VERTEX_POINT('',#6346);
#1986=VERTEX_POINT('',#6348);
#1987=VERTEX_POINT('',#6353);
#1988=VERTEX_POINT('',#6355);
#1989=VERTEX_POINT('',#6362);
#1990=VERTEX_POINT('',#6364);
#1991=VERTEX_POINT('',#6366);
#1992=VERTEX_POINT('',#6371);
#1993=VERTEX_POINT('',#6373);
#1994=VERTEX_POINT('',#6378);
#1995=VERTEX_POINT('',#6380);
#1996=VERTEX_POINT('',#6385);
#1997=VERTEX_POINT('',#6387);
#1998=VERTEX_POINT('',#6392);
#1999=VERTEX_POINT('',#6394);
#2000=VERTEX_POINT('',#6399);
#2001=VERTEX_POINT('',#6401);
#2002=VERTEX_POINT('',#6406);
#2003=VERTEX_POINT('',#6408);
#2004=VERTEX_POINT('',#6413);
#2005=VERTEX_POINT('',#6415);
#2006=VERTEX_POINT('',#6420);
#2007=VERTEX_POINT('',#6422);
#2008=VERTEX_POINT('',#6427);
#2009=VERTEX_POINT('',#6429);
#2010=VERTEX_POINT('',#6434);
#2011=VERTEX_POINT('',#6436);
#2012=VERTEX_POINT('',#6441);
#2013=VERTEX_POINT('',#6443);
#2014=VERTEX_POINT('',#6448);
#2015=VERTEX_POINT('',#6450);
#2016=VERTEX_POINT('',#6455);
#2017=VERTEX_POINT('',#6457);
#2018=VERTEX_POINT('',#6462);
#2019=VERTEX_POINT('',#6464);
#2020=VERTEX_POINT('',#6469);
#2021=VERTEX_POINT('',#6471);
#2022=VERTEX_POINT('',#6493);
#2023=VERTEX_POINT('',#6494);
#2024=VERTEX_POINT('',#6535);
#2025=VERTEX_POINT('',#6536);
#2026=VERTEX_POINT('',#6577);
#2027=VERTEX_POINT('',#6578);
#2028=VERTEX_POINT('',#6583);
#2029=VERTEX_POINT('',#6610);
#2030=VERTEX_POINT('',#6635);
#2031=VERTEX_POINT('',#6636);
#2032=VERTEX_POINT('',#6677);
#2033=VERTEX_POINT('',#6678);
#2034=VERTEX_POINT('',#6719);
#2035=VERTEX_POINT('',#6744);
#2036=VERTEX_POINT('',#6745);
#2037=VERTEX_POINT('',#6750);
#2038=VERTEX_POINT('',#6760);
#2039=VERTEX_POINT('',#6762);
#2040=VERTEX_POINT('',#6769);
#2041=VERTEX_POINT('',#6771);
#2042=VERTEX_POINT('',#6778);
#2043=VERTEX_POINT('',#6780);
#2044=VERTEX_POINT('',#6787);
#2045=VERTEX_POINT('',#6809);
#2046=VERTEX_POINT('',#6810);
#2047=VERTEX_POINT('',#6815);
#2048=VERTEX_POINT('',#6825);
#2049=VERTEX_POINT('',#6827);
#2050=VERTEX_POINT('',#6834);
#2051=VERTEX_POINT('',#6836);
#2052=VERTEX_POINT('',#6843);
#2053=VERTEX_POINT('',#6850);
#2054=VERTEX_POINT('',#6852);
#2055=VERTEX_POINT('',#6939);
#2056=VERTEX_POINT('',#6940);
#2057=VERTEX_POINT('',#7010);
#2058=VERTEX_POINT('',#7011);
#2059=VERTEX_POINT('',#7016);
#2060=VERTEX_POINT('',#7041);
#2061=VERTEX_POINT('',#7241);
#2062=VERTEX_POINT('',#7302);
#2063=VERTEX_POINT('',#7419);
#2064=VERTEX_POINT('',#7420);
#2065=VERTEX_POINT('',#7461);
#2066=VERTEX_POINT('',#7462);
#2067=VERTEX_POINT('',#7503);
#2068=VERTEX_POINT('',#7504);
#2069=VERTEX_POINT('',#7509);
#2070=VERTEX_POINT('',#7534);
#2071=VERTEX_POINT('',#7559);
#2072=VERTEX_POINT('',#7560);
#2073=VERTEX_POINT('',#7601);
#2074=VERTEX_POINT('',#7602);
#2075=VERTEX_POINT('',#7643);
#2076=VERTEX_POINT('',#7668);
#2077=VERTEX_POINT('',#7669);
#2078=VERTEX_POINT('',#7674);
#2079=VERTEX_POINT('',#7684);
#2080=VERTEX_POINT('',#7686);
#2081=VERTEX_POINT('',#7693);
#2082=VERTEX_POINT('',#7695);
#2083=VERTEX_POINT('',#7702);
#2084=VERTEX_POINT('',#7704);
#2085=VERTEX_POINT('',#7711);
#2086=VERTEX_POINT('',#7718);
#2087=VERTEX_POINT('',#7720);
#2088=VERTEX_POINT('',#7727);
#2089=VERTEX_POINT('',#7729);
#2090=VERTEX_POINT('',#7736);
#2091=VERTEX_POINT('',#7743);
#2092=VERTEX_POINT('',#7745);
#2093=VERTEX_POINT('',#7895);
#2094=VERTEX_POINT('',#7956);
#2095=VERTEX_POINT('',#8073);
#2096=VERTEX_POINT('',#8074);
#2097=VERTEX_POINT('',#8115);
#2098=VERTEX_POINT('',#8116);
#2099=VERTEX_POINT('',#8157);
#2100=VERTEX_POINT('',#8158);
#2101=VERTEX_POINT('',#8163);
#2102=VERTEX_POINT('',#8188);
#2103=VERTEX_POINT('',#8213);
#2104=VERTEX_POINT('',#8214);
#2105=VERTEX_POINT('',#8255);
#2106=VERTEX_POINT('',#8256);
#2107=VERTEX_POINT('',#8297);
#2108=VERTEX_POINT('',#8322);
#2109=VERTEX_POINT('',#8323);
#2110=VERTEX_POINT('',#8328);
#2111=VERTEX_POINT('',#8338);
#2112=VERTEX_POINT('',#8340);
#2113=VERTEX_POINT('',#8347);
#2114=VERTEX_POINT('',#8349);
#2115=VERTEX_POINT('',#8356);
#2116=VERTEX_POINT('',#8358);
#2117=VERTEX_POINT('',#8365);
#2118=VERTEX_POINT('',#8372);
#2119=VERTEX_POINT('',#8374);
#2120=VERTEX_POINT('',#8381);
#2121=VERTEX_POINT('',#8383);
#2122=VERTEX_POINT('',#8390);
#2123=VERTEX_POINT('',#8397);
#2124=VERTEX_POINT('',#8399);
#2125=VERTEX_POINT('',#8549);
#2126=VERTEX_POINT('',#8610);
#2127=VERTEX_POINT('',#8727);
#2128=VERTEX_POINT('',#8728);
#2129=VERTEX_POINT('',#8769);
#2130=VERTEX_POINT('',#8770);
#2131=VERTEX_POINT('',#8811);
#2132=VERTEX_POINT('',#8812);
#2133=VERTEX_POINT('',#8817);
#2134=VERTEX_POINT('',#8842);
#2135=VERTEX_POINT('',#8867);
#2136=VERTEX_POINT('',#8868);
#2137=VERTEX_POINT('',#8909);
#2138=VERTEX_POINT('',#8910);
#2139=VERTEX_POINT('',#8951);
#2140=VERTEX_POINT('',#8976);
#2141=VERTEX_POINT('',#8977);
#2142=VERTEX_POINT('',#8982);
#2143=VERTEX_POINT('',#8992);
#2144=VERTEX_POINT('',#8994);
#2145=VERTEX_POINT('',#9001);
#2146=VERTEX_POINT('',#9003);
#2147=VERTEX_POINT('',#9010);
#2148=VERTEX_POINT('',#9012);
#2149=VERTEX_POINT('',#9019);
#2150=VERTEX_POINT('',#9026);
#2151=VERTEX_POINT('',#9028);
#2152=VERTEX_POINT('',#9035);
#2153=VERTEX_POINT('',#9037);
#2154=VERTEX_POINT('',#9044);
#2155=VERTEX_POINT('',#9051);
#2156=VERTEX_POINT('',#9053);
#2157=VERTEX_POINT('',#9203);
#2158=VERTEX_POINT('',#9264);
#2159=VERTEX_POINT('',#9381);
#2160=VERTEX_POINT('',#9382);
#2161=VERTEX_POINT('',#9423);
#2162=VERTEX_POINT('',#9424);
#2163=VERTEX_POINT('',#9465);
#2164=VERTEX_POINT('',#9466);
#2165=VERTEX_POINT('',#9471);
#2166=VERTEX_POINT('',#9496);
#2167=VERTEX_POINT('',#9523);
#2168=VERTEX_POINT('',#9524);
#2169=VERTEX_POINT('',#9565);
#2170=VERTEX_POINT('',#9566);
#2171=VERTEX_POINT('',#9607);
#2172=VERTEX_POINT('',#9632);
#2173=VERTEX_POINT('',#9633);
#2174=VERTEX_POINT('',#9638);
#2175=VERTEX_POINT('',#9648);
#2176=VERTEX_POINT('',#9650);
#2177=VERTEX_POINT('',#9657);
#2178=VERTEX_POINT('',#9659);
#2179=VERTEX_POINT('',#9666);
#2180=VERTEX_POINT('',#9668);
#2181=VERTEX_POINT('',#9675);
#2182=VERTEX_POINT('',#9682);
#2183=VERTEX_POINT('',#9684);
#2184=VERTEX_POINT('',#9691);
#2185=VERTEX_POINT('',#9693);
#2186=VERTEX_POINT('',#9700);
#2187=VERTEX_POINT('',#9707);
#2188=VERTEX_POINT('',#9709);
#2189=VERTEX_POINT('',#9859);
#2190=VERTEX_POINT('',#9920);
#2191=VERTEX_POINT('',#10037);
#2192=VERTEX_POINT('',#10038);
#2193=VERTEX_POINT('',#10079);
#2194=VERTEX_POINT('',#10080);
#2195=VERTEX_POINT('',#10121);
#2196=VERTEX_POINT('',#10122);
#2197=VERTEX_POINT('',#10127);
#2198=VERTEX_POINT('',#10152);
#2199=VERTEX_POINT('',#10177);
#2200=VERTEX_POINT('',#10178);
#2201=VERTEX_POINT('',#10219);
#2202=VERTEX_POINT('',#10220);
#2203=VERTEX_POINT('',#10261);
#2204=VERTEX_POINT('',#10286);
#2205=VERTEX_POINT('',#10287);
#2206=VERTEX_POINT('',#10292);
#2207=VERTEX_POINT('',#10302);
#2208=VERTEX_POINT('',#10304);
#2209=VERTEX_POINT('',#10311);
#2210=VERTEX_POINT('',#10313);
#2211=VERTEX_POINT('',#10320);
#2212=VERTEX_POINT('',#10322);
#2213=VERTEX_POINT('',#10329);
#2214=VERTEX_POINT('',#10336);
#2215=VERTEX_POINT('',#10338);
#2216=VERTEX_POINT('',#10345);
#2217=VERTEX_POINT('',#10347);
#2218=VERTEX_POINT('',#10354);
#2219=VERTEX_POINT('',#10361);
#2220=VERTEX_POINT('',#10363);
#2221=VERTEX_POINT('',#10513);
#2222=VERTEX_POINT('',#10574);
#2223=VERTEX_POINT('',#10691);
#2224=VERTEX_POINT('',#10692);
#2225=VERTEX_POINT('',#10733);
#2226=VERTEX_POINT('',#10734);
#2227=VERTEX_POINT('',#10775);
#2228=VERTEX_POINT('',#10776);
#2229=VERTEX_POINT('',#10781);
#2230=VERTEX_POINT('',#10806);
#2231=VERTEX_POINT('',#10831);
#2232=VERTEX_POINT('',#10832);
#2233=VERTEX_POINT('',#10873);
#2234=VERTEX_POINT('',#10874);
#2235=VERTEX_POINT('',#10915);
#2236=VERTEX_POINT('',#10940);
#2237=VERTEX_POINT('',#10941);
#2238=VERTEX_POINT('',#10946);
#2239=VERTEX_POINT('',#10956);
#2240=VERTEX_POINT('',#10958);
#2241=VERTEX_POINT('',#10965);
#2242=VERTEX_POINT('',#10967);
#2243=VERTEX_POINT('',#10974);
#2244=VERTEX_POINT('',#10976);
#2245=VERTEX_POINT('',#10983);
#2246=VERTEX_POINT('',#10990);
#2247=VERTEX_POINT('',#10992);
#2248=VERTEX_POINT('',#10999);
#2249=VERTEX_POINT('',#11001);
#2250=VERTEX_POINT('',#11008);
#2251=VERTEX_POINT('',#11015);
#2252=VERTEX_POINT('',#11017);
#2253=VERTEX_POINT('',#11167);
#2254=VERTEX_POINT('',#11228);
#2255=VERTEX_POINT('',#11345);
#2256=VERTEX_POINT('',#11346);
#2257=VERTEX_POINT('',#11387);
#2258=VERTEX_POINT('',#11388);
#2259=VERTEX_POINT('',#11429);
#2260=VERTEX_POINT('',#11430);
#2261=VERTEX_POINT('',#11435);
#2262=VERTEX_POINT('',#11460);
#2263=VERTEX_POINT('',#11485);
#2264=VERTEX_POINT('',#11486);
#2265=VERTEX_POINT('',#11527);
#2266=VERTEX_POINT('',#11528);
#2267=VERTEX_POINT('',#11569);
#2268=VERTEX_POINT('',#11579);
#2269=VERTEX_POINT('',#11581);
#2270=VERTEX_POINT('',#11588);
#2271=VERTEX_POINT('',#11590);
#2272=VERTEX_POINT('',#11597);
#2273=VERTEX_POINT('',#11599);
#2274=VERTEX_POINT('',#11606);
#2275=VERTEX_POINT('',#11613);
#2276=VERTEX_POINT('',#11614);
#2277=VERTEX_POINT('',#11616);
#2278=VERTEX_POINT('',#11624);
#2279=VERTEX_POINT('',#11774);
#2280=VERTEX_POINT('',#11819);
#2281=VERTEX_POINT('',#11844);
#2282=VERTEX_POINT('',#11845);
#2283=VERTEX_POINT('',#11850);
#2284=VERTEX_POINT('',#11854);
#2285=VERTEX_POINT('',#11857);
#2286=VERTEX_POINT('',#11861);
#2287=VERTEX_POINT('',#11869);
#2288=VERTEX_POINT('',#11870);
#2289=VERTEX_POINT('',#11873);
#2290=VERTEX_POINT('',#11880);
#2291=VERTEX_POINT('',#11881);
#2292=VERTEX_POINT('',#11883);
#2293=VERTEX_POINT('',#11930);
#2294=VERTEX_POINT('',#11935);
#2295=VERTEX_POINT('',#11980);
#2296=VERTEX_POINT('',#11992);
#2297=VERTEX_POINT('',#11996);
#2298=VERTEX_POINT('',#12000);
#2299=EDGE_CURVE('',#1850,#1851,#1840,.T.);
#2300=EDGE_CURVE('',#1852,#1850,#1302,.T.);
#2301=EDGE_CURVE('',#1853,#1852,#1303,.T.);
#2302=EDGE_CURVE('',#1854,#1853,#1841,.T.);
#2303=EDGE_CURVE('',#1854,#1855,#910,.T.);
#2304=EDGE_CURVE('',#1856,#1855,#1304,.T.);
#2305=EDGE_CURVE('',#1857,#1856,#1305,.T.);
#2306=EDGE_CURVE('',#1857,#1858,#1306,.T.);
#2307=EDGE_CURVE('',#1858,#1859,#1307,.T.);
#2308=EDGE_CURVE('',#1860,#1859,#1308,.T.);
#2309=EDGE_CURVE('',#1861,#1860,#1309,.T.);
#2310=EDGE_CURVE('',#1862,#1861,#1310,.T.);
#2311=EDGE_CURVE('',#1863,#1862,#1311,.T.);
#2312=EDGE_CURVE('',#1864,#1863,#1312,.T.);
#2313=EDGE_CURVE('',#1865,#1864,#1313,.T.);
#2314=EDGE_CURVE('',#1865,#1866,#1314,.T.);
#2315=EDGE_CURVE('',#1866,#1867,#1315,.T.);
#2316=EDGE_CURVE('',#1868,#1867,#1316,.T.);
#2317=EDGE_CURVE('',#1869,#1868,#1317,.T.);
#2318=EDGE_CURVE('',#1870,#1869,#1318,.T.);
#2319=EDGE_CURVE('',#1870,#1871,#911,.T.);
#2320=EDGE_CURVE('',#1872,#1871,#1842,.T.);
#2321=EDGE_CURVE('',#1873,#1872,#1319,.T.);
#2322=EDGE_CURVE('',#1851,#1873,#1320,.T.);
#2323=EDGE_CURVE('',#1874,#1875,#1843,.T.);
#2324=EDGE_CURVE('',#1875,#1876,#1321,.T.);
#2325=EDGE_CURVE('',#1876,#1877,#1322,.T.);
#2326=EDGE_CURVE('',#1877,#1878,#1844,.T.);
#2327=EDGE_CURVE('',#1878,#1876,#1323,.T.);
#2328=EDGE_CURVE('',#1876,#1874,#1324,.T.);
#2329=EDGE_CURVE('',#1879,#1880,#1325,.T.);
#2330=EDGE_CURVE('',#1880,#1881,#1326,.T.);
#2331=EDGE_CURVE('',#1881,#1879,#1327,.T.);
#2332=EDGE_CURVE('',#1882,#1883,#1328,.T.);
#2333=EDGE_CURVE('',#1884,#1882,#1845,.T.);
#2334=EDGE_CURVE('',#1883,#1884,#1329,.T.);
#2335=EDGE_CURVE('',#1875,#1882,#260,.T.);
#2336=EDGE_CURVE('',#1874,#1884,#261,.T.);
#2337=EDGE_CURVE('',#1876,#1883,#1330,.T.);
#2338=EDGE_CURVE('',#1885,#1886,#1331,.T.);
#2339=EDGE_CURVE('',#1887,#1885,#1846,.T.);
#2340=EDGE_CURVE('',#1886,#1887,#1332,.T.);
#2341=EDGE_CURVE('',#1878,#1885,#262,.T.);
#2342=EDGE_CURVE('',#1877,#1887,#263,.T.);
#2343=EDGE_CURVE('',#1876,#1886,#1333,.T.);
#2344=EDGE_CURVE('',#1888,#1889,#1334,.T.);
#2345=EDGE_CURVE('',#1890,#1888,#1335,.T.);
#2346=EDGE_CURVE('',#1889,#1890,#1336,.T.);
#2347=EDGE_CURVE('',#1879,#1888,#1337,.T.);
#2348=EDGE_CURVE('',#1881,#1890,#1338,.T.);
#2349=EDGE_CURVE('',#1880,#1889,#1339,.T.);
#2350=EDGE_CURVE('',#1851,#1891,#1340,.T.);
#2351=EDGE_CURVE('',#1891,#1892,#912,.T.);
#2352=EDGE_CURVE('',#1892,#1850,#1341,.T.);
#2353=EDGE_CURVE('',#1893,#1894,#1342,.T.);
#2354=EDGE_CURVE('',#1894,#1895,#913,.T.);
#2355=EDGE_CURVE('',#1895,#1896,#1343,.T.);
#2356=EDGE_CURVE('',#1896,#1893,#914,.T.);
#2357=EDGE_CURVE('',#1897,#1898,#1344,.T.);
#2358=EDGE_CURVE('',#1898,#1899,#915,.T.);
#2359=EDGE_CURVE('',#1899,#1900,#1345,.T.);
#2360=EDGE_CURVE('',#1900,#1897,#916,.T.);
#2361=EDGE_CURVE('',#1901,#1902,#1346,.T.);
#2362=EDGE_CURVE('',#1902,#1903,#917,.T.);
#2363=EDGE_CURVE('',#1903,#1904,#1347,.T.);
#2364=EDGE_CURVE('',#1904,#1901,#918,.T.);
#2365=EDGE_CURVE('',#1905,#1906,#1348,.T.);
#2366=EDGE_CURVE('',#1906,#1907,#919,.T.);
#2367=EDGE_CURVE('',#1907,#1908,#1349,.T.);
#2368=EDGE_CURVE('',#1908,#1905,#920,.T.);
#2369=EDGE_CURVE('',#1909,#1910,#1350,.T.);
#2370=EDGE_CURVE('',#1910,#1911,#921,.T.);
#2371=EDGE_CURVE('',#1911,#1912,#1351,.T.);
#2372=EDGE_CURVE('',#1912,#1909,#922,.T.);
#2373=EDGE_CURVE('',#1913,#1914,#1352,.T.);
#2374=EDGE_CURVE('',#1914,#1915,#923,.T.);
#2375=EDGE_CURVE('',#1915,#1916,#1353,.T.);
#2376=EDGE_CURVE('',#1916,#1913,#924,.T.);
#2377=EDGE_CURVE('',#1917,#1918,#1354,.T.);
#2378=EDGE_CURVE('',#1918,#1919,#925,.T.);
#2379=EDGE_CURVE('',#1919,#1920,#1355,.T.);
#2380=EDGE_CURVE('',#1920,#1917,#926,.T.);
#2381=EDGE_CURVE('',#1921,#1922,#1356,.T.);
#2382=EDGE_CURVE('',#1922,#1923,#927,.T.);
#2383=EDGE_CURVE('',#1923,#1924,#1357,.T.);
#2384=EDGE_CURVE('',#1924,#1921,#928,.T.);
#2385=EDGE_CURVE('',#1925,#1926,#1358,.T.);
#2386=EDGE_CURVE('',#1926,#1927,#929,.T.);
#2387=EDGE_CURVE('',#1927,#1928,#1359,.T.);
#2388=EDGE_CURVE('',#1928,#1925,#930,.T.);
#2389=EDGE_CURVE('',#1929,#1930,#1360,.T.);
#2390=EDGE_CURVE('',#1930,#1931,#931,.T.);
#2391=EDGE_CURVE('',#1931,#1932,#1361,.T.);
#2392=EDGE_CURVE('',#1932,#1929,#932,.T.);
#2393=EDGE_CURVE('',#1933,#1934,#1362,.T.);
#2394=EDGE_CURVE('',#1934,#1935,#933,.T.);
#2395=EDGE_CURVE('',#1935,#1936,#1363,.T.);
#2396=EDGE_CURVE('',#1936,#1933,#934,.T.);
#2397=EDGE_CURVE('',#1937,#1938,#1364,.T.);
#2398=EDGE_CURVE('',#1938,#1939,#935,.T.);
#2399=EDGE_CURVE('',#1939,#1940,#1365,.T.);
#2400=EDGE_CURVE('',#1940,#1937,#936,.T.);
#2401=EDGE_CURVE('',#1941,#1942,#1366,.T.);
#2402=EDGE_CURVE('',#1942,#1943,#937,.T.);
#2403=EDGE_CURVE('',#1943,#1944,#1367,.T.);
#2404=EDGE_CURVE('',#1944,#1941,#938,.T.);
#2405=EDGE_CURVE('',#1945,#1946,#1368,.T.);
#2406=EDGE_CURVE('',#1946,#1947,#939,.T.);
#2407=EDGE_CURVE('',#1947,#1948,#1369,.T.);
#2408=EDGE_CURVE('',#1948,#1945,#940,.T.);
#2409=EDGE_CURVE('',#1949,#1950,#1370,.T.);
#2410=EDGE_CURVE('',#1950,#1951,#941,.T.);
#2411=EDGE_CURVE('',#1951,#1952,#1371,.T.);
#2412=EDGE_CURVE('',#1952,#1949,#942,.T.);
#2413=EDGE_CURVE('',#1870,#1953,#943,.T.);
#2414=EDGE_CURVE('',#1871,#1953,#944,.T.);
#2415=EDGE_CURVE('',#1896,#1893,#945,.T.);
#2416=EDGE_CURVE('',#1900,#1897,#946,.T.);
#2417=EDGE_CURVE('',#1904,#1901,#947,.T.);
#2418=EDGE_CURVE('',#1908,#1905,#948,.T.);
#2419=EDGE_CURVE('',#1912,#1909,#949,.T.);
#2420=EDGE_CURVE('',#1916,#1913,#950,.T.);
#2421=EDGE_CURVE('',#1920,#1917,#951,.T.);
#2422=EDGE_CURVE('',#1924,#1921,#952,.T.);
#2423=EDGE_CURVE('',#1928,#1925,#953,.T.);
#2424=EDGE_CURVE('',#1932,#1929,#954,.T.);
#2425=EDGE_CURVE('',#1936,#1933,#955,.T.);
#2426=EDGE_CURVE('',#1940,#1937,#956,.T.);
#2427=EDGE_CURVE('',#1944,#1941,#957,.T.);
#2428=EDGE_CURVE('',#1948,#1945,#958,.T.);
#2429=EDGE_CURVE('',#1952,#1949,#959,.T.);
#2430=EDGE_CURVE('',#1954,#1955,#1372,.T.);
#2431=EDGE_CURVE('',#1859,#1954,#1373,.T.);
#2432=EDGE_CURVE('',#1858,#1955,#1374,.T.);
#2433=EDGE_CURVE('',#1955,#1956,#1375,.T.);
#2434=EDGE_CURVE('',#1857,#1957,#1376,.T.);
#2435=EDGE_CURVE('',#1958,#1957,#960,.T.);
#2436=EDGE_CURVE('',#1959,#1958,#1377,.T.);
#2437=EDGE_CURVE('',#1960,#1959,#961,.T.);
#2438=EDGE_CURVE('',#1960,#1961,#1378,.T.);
#2439=EDGE_CURVE('',#1962,#1961,#962,.T.);
#2440=EDGE_CURVE('',#1963,#1962,#1379,.T.);
#2441=EDGE_CURVE('',#1964,#1963,#963,.T.);
#2442=EDGE_CURVE('',#1964,#1965,#1380,.T.);
#2443=EDGE_CURVE('',#1966,#1965,#964,.T.);
#2444=EDGE_CURVE('',#1967,#1966,#1381,.T.);
#2445=EDGE_CURVE('',#1968,#1967,#965,.T.);
#2446=EDGE_CURVE('',#1968,#1969,#1382,.T.);
#2447=EDGE_CURVE('',#1970,#1969,#966,.T.);
#2448=EDGE_CURVE('',#1971,#1970,#1383,.T.);
#2449=EDGE_CURVE('',#1972,#1971,#967,.T.);
#2450=EDGE_CURVE('',#1972,#1973,#1384,.T.);
#2451=EDGE_CURVE('',#1974,#1973,#968,.T.);
#2452=EDGE_CURVE('',#1975,#1974,#1385,.T.);
#2453=EDGE_CURVE('',#1976,#1975,#969,.T.);
#2454=EDGE_CURVE('',#1976,#1977,#1386,.T.);
#2455=EDGE_CURVE('',#1978,#1977,#970,.T.);
#2456=EDGE_CURVE('',#1979,#1978,#1387,.T.);
#2457=EDGE_CURVE('',#1980,#1979,#971,.T.);
#2458=EDGE_CURVE('',#1980,#1981,#1388,.T.);
#2459=EDGE_CURVE('',#1982,#1981,#972,.T.);
#2460=EDGE_CURVE('',#1983,#1982,#1389,.T.);
#2461=EDGE_CURVE('',#1984,#1983,#973,.T.);
#2462=EDGE_CURVE('',#1984,#1985,#1390,.T.);
#2463=EDGE_CURVE('',#1986,#1985,#974,.T.);
#2464=EDGE_CURVE('',#1987,#1986,#1391,.T.);
#2465=EDGE_CURVE('',#1988,#1987,#975,.T.);
#2466=EDGE_CURVE('',#1988,#1956,#1392,.T.);
#2467=EDGE_CURVE('',#1989,#1954,#1393,.T.);
#2468=EDGE_CURVE('',#1989,#1990,#1394,.T.);
#2469=EDGE_CURVE('',#1991,#1990,#976,.T.);
#2470=EDGE_CURVE('',#1992,#1991,#1395,.T.);
#2471=EDGE_CURVE('',#1993,#1992,#977,.T.);
#2472=EDGE_CURVE('',#1993,#1994,#1396,.T.);
#2473=EDGE_CURVE('',#1995,#1994,#978,.T.);
#2474=EDGE_CURVE('',#1996,#1995,#1397,.T.);
#2475=EDGE_CURVE('',#1997,#1996,#979,.T.);
#2476=EDGE_CURVE('',#1997,#1998,#1398,.T.);
#2477=EDGE_CURVE('',#1999,#1998,#980,.T.);
#2478=EDGE_CURVE('',#2000,#1999,#1399,.T.);
#2479=EDGE_CURVE('',#2001,#2000,#981,.T.);
#2480=EDGE_CURVE('',#2001,#2002,#1400,.T.);
#2481=EDGE_CURVE('',#2003,#2002,#982,.T.);
#2482=EDGE_CURVE('',#2004,#2003,#1401,.T.);
#2483=EDGE_CURVE('',#2005,#2004,#983,.T.);
#2484=EDGE_CURVE('',#2005,#2006,#1402,.T.);
#2485=EDGE_CURVE('',#2007,#2006,#984,.T.);
#2486=EDGE_CURVE('',#2008,#2007,#1403,.T.);
#2487=EDGE_CURVE('',#2009,#2008,#985,.T.);
#2488=EDGE_CURVE('',#2009,#2010,#1404,.T.);
#2489=EDGE_CURVE('',#2011,#2010,#986,.T.);
#2490=EDGE_CURVE('',#2012,#2011,#1405,.T.);
#2491=EDGE_CURVE('',#2013,#2012,#987,.T.);
#2492=EDGE_CURVE('',#2013,#2014,#1406,.T.);
#2493=EDGE_CURVE('',#2015,#2014,#988,.T.);
#2494=EDGE_CURVE('',#2016,#2015,#1407,.T.);
#2495=EDGE_CURVE('',#2017,#2016,#989,.T.);
#2496=EDGE_CURVE('',#2017,#2018,#1408,.T.);
#2497=EDGE_CURVE('',#2019,#2018,#990,.T.);
#2498=EDGE_CURVE('',#2020,#2019,#1409,.T.);
#2499=EDGE_CURVE('',#2021,#2020,#991,.T.);
#2500=EDGE_CURVE('',#2021,#1860,#1410,.T.);
#2501=EDGE_CURVE('',#2022,#2023,#992,.T.);
#2502=EDGE_CURVE('',#2022,#2023,#993,.T.);
#2503=EDGE_CURVE('',#2024,#2025,#994,.T.);
#2504=EDGE_CURVE('',#2024,#2025,#995,.T.);
#2505=EDGE_CURVE('',#2026,#2027,#996,.T.);
#2506=EDGE_CURVE('',#2028,#2027,#997,.T.);
#2507=EDGE_CURVE('',#2028,#2026,#998,.T.);
#2508=EDGE_CURVE('',#2029,#2021,#999,.T.);
#2509=EDGE_CURVE('',#2029,#2020,#1000,.T.);
#2510=EDGE_CURVE('',#2030,#2031,#1001,.T.);
#2511=EDGE_CURVE('',#2030,#2031,#1002,.T.);
#2512=EDGE_CURVE('',#2032,#2033,#1003,.T.);
#2513=EDGE_CURVE('',#2032,#2033,#1004,.T.);
#2514=EDGE_CURVE('',#1957,#2034,#1005,.T.);
#2515=EDGE_CURVE('',#1958,#2034,#1006,.T.);
#2516=EDGE_CURVE('',#2035,#2036,#1007,.T.);
#2517=EDGE_CURVE('',#2036,#2037,#1008,.T.);
#2518=EDGE_CURVE('',#2035,#2037,#1009,.T.);
#2519=EDGE_CURVE('',#2023,#2038,#1411,.T.);
#2520=EDGE_CURVE('',#2038,#2039,#1010,.T.);
#2521=EDGE_CURVE('',#2039,#2022,#1412,.T.);
#2522=EDGE_CURVE('',#2025,#2040,#1413,.T.);
#2523=EDGE_CURVE('',#2040,#2041,#1011,.T.);
#2524=EDGE_CURVE('',#2041,#2024,#1414,.T.);
#2525=EDGE_CURVE('',#2027,#2042,#1415,.T.);
#2526=EDGE_CURVE('',#2042,#2043,#1012,.T.);
#2527=EDGE_CURVE('',#2043,#2028,#1416,.T.);
#2528=EDGE_CURVE('',#2044,#2029,#1417,.T.);
#2529=EDGE_CURVE('',#2019,#2044,#1013,.T.);
#2530=EDGE_CURVE('',#2045,#2046,#1014,.T.);
#2531=EDGE_CURVE('',#2046,#2047,#1015,.T.);
#2532=EDGE_CURVE('',#2045,#2047,#1016,.T.);
#2533=EDGE_CURVE('',#2031,#2048,#1418,.T.);
#2534=EDGE_CURVE('',#2048,#2049,#1017,.T.);
#2535=EDGE_CURVE('',#2049,#2030,#1419,.T.);
#2536=EDGE_CURVE('',#2033,#2050,#1420,.T.);
#2537=EDGE_CURVE('',#2050,#2051,#1018,.T.);
#2538=EDGE_CURVE('',#2051,#2032,#1421,.T.);
#2539=EDGE_CURVE('',#2034,#2052,#1422,.T.);
#2540=EDGE_CURVE('',#2052,#1959,#1019,.T.);
#2541=EDGE_CURVE('',#2053,#2035,#1423,.T.);
#2542=EDGE_CURVE('',#2037,#2054,#1424,.T.);
#2543=EDGE_CURVE('',#2054,#2053,#1020,.T.);
#2544=EDGE_CURVE('',#1891,#1892,#1021,.T.);
#2545=EDGE_CURVE('',#2055,#2056,#1022,.T.);
#2546=EDGE_CURVE('',#2055,#2056,#1023,.T.);
#2547=EDGE_CURVE('',#2057,#2058,#1024,.T.);
#2548=EDGE_CURVE('',#2059,#2058,#1025,.T.);
#2549=EDGE_CURVE('',#2059,#2057,#1026,.T.);
#2550=EDGE_CURVE('',#2060,#1855,#1027,.T.);
#2551=EDGE_CURVE('',#2060,#1854,#1028,.T.);
#2552=EDGE_CURVE('',#1953,#2055,#1425,.T.);
#2553=EDGE_CURVE('',#2056,#1872,#1426,.T.);
#2554=EDGE_CURVE('',#1853,#2060,#1427,.T.);
#2555=EDGE_CURVE('',#2058,#2045,#1428,.T.);
#2556=EDGE_CURVE('',#2047,#2059,#1429,.T.);
#2557=EDGE_CURVE('',#1894,#1895,#1029,.T.);
#2558=EDGE_CURVE('',#2040,#2041,#1030,.T.);
#2559=EDGE_CURVE('',#2038,#2039,#1031,.T.);
#2560=EDGE_CURVE('',#2018,#2044,#1032,.T.);
#2561=EDGE_CURVE('',#2042,#2061,#1033,.T.);
#2562=EDGE_CURVE('',#2061,#2043,#1034,.T.);
#2563=EDGE_CURVE('',#1898,#1899,#1035,.T.);
#2564=EDGE_CURVE('',#2062,#2053,#1036,.T.);
#2565=EDGE_CURVE('',#2054,#2062,#1037,.T.);
#2566=EDGE_CURVE('',#2052,#1960,#1038,.T.);
#2567=EDGE_CURVE('',#2050,#2051,#1039,.T.);
#2568=EDGE_CURVE('',#2048,#2049,#1040,.T.);
#2569=EDGE_CURVE('',#2063,#2064,#1041,.T.);
#2570=EDGE_CURVE('',#2063,#2064,#1042,.T.);
#2571=EDGE_CURVE('',#2065,#2066,#1043,.T.);
#2572=EDGE_CURVE('',#2065,#2066,#1044,.T.);
#2573=EDGE_CURVE('',#2067,#2068,#1045,.T.);
#2574=EDGE_CURVE('',#2069,#2068,#1046,.T.);
#2575=EDGE_CURVE('',#2069,#2067,#1047,.T.);
#2576=EDGE_CURVE('',#2070,#2017,#1048,.T.);
#2577=EDGE_CURVE('',#2070,#2016,#1049,.T.);
#2578=EDGE_CURVE('',#2071,#2072,#1050,.T.);
#2579=EDGE_CURVE('',#2071,#2072,#1051,.T.);
#2580=EDGE_CURVE('',#2073,#2074,#1052,.T.);
#2581=EDGE_CURVE('',#2073,#2074,#1053,.T.);
#2582=EDGE_CURVE('',#1961,#2075,#1054,.T.);
#2583=EDGE_CURVE('',#1962,#2075,#1055,.T.);
#2584=EDGE_CURVE('',#2076,#2077,#1056,.T.);
#2585=EDGE_CURVE('',#2077,#2078,#1057,.T.);
#2586=EDGE_CURVE('',#2076,#2078,#1058,.T.);
#2587=EDGE_CURVE('',#2064,#2079,#1430,.T.);
#2588=EDGE_CURVE('',#2079,#2080,#1059,.T.);
#2589=EDGE_CURVE('',#2080,#2063,#1431,.T.);
#2590=EDGE_CURVE('',#2066,#2081,#1432,.T.);
#2591=EDGE_CURVE('',#2081,#2082,#1060,.T.);
#2592=EDGE_CURVE('',#2082,#2065,#1433,.T.);
#2593=EDGE_CURVE('',#2068,#2083,#1434,.T.);
#2594=EDGE_CURVE('',#2083,#2084,#1061,.T.);
#2595=EDGE_CURVE('',#2084,#2069,#1435,.T.);
#2596=EDGE_CURVE('',#2085,#2070,#1436,.T.);
#2597=EDGE_CURVE('',#2015,#2085,#1062,.T.);
#2598=EDGE_CURVE('',#2072,#2086,#1437,.T.);
#2599=EDGE_CURVE('',#2086,#2087,#1063,.T.);
#2600=EDGE_CURVE('',#2087,#2071,#1438,.T.);
#2601=EDGE_CURVE('',#2074,#2088,#1439,.T.);
#2602=EDGE_CURVE('',#2088,#2089,#1064,.T.);
#2603=EDGE_CURVE('',#2089,#2073,#1440,.T.);
#2604=EDGE_CURVE('',#2075,#2090,#1441,.T.);
#2605=EDGE_CURVE('',#2090,#1963,#1065,.T.);
#2606=EDGE_CURVE('',#2091,#2076,#1442,.T.);
#2607=EDGE_CURVE('',#2078,#2092,#1443,.T.);
#2608=EDGE_CURVE('',#2092,#2091,#1066,.T.);
#2609=EDGE_CURVE('',#1902,#1903,#1067,.T.);
#2610=EDGE_CURVE('',#2081,#2082,#1068,.T.);
#2611=EDGE_CURVE('',#2079,#2080,#1069,.T.);
#2612=EDGE_CURVE('',#2014,#2085,#1070,.T.);
#2613=EDGE_CURVE('',#2083,#2093,#1071,.T.);
#2614=EDGE_CURVE('',#2093,#2084,#1072,.T.);
#2615=EDGE_CURVE('',#1906,#1907,#1073,.T.);
#2616=EDGE_CURVE('',#2094,#2091,#1074,.T.);
#2617=EDGE_CURVE('',#2092,#2094,#1075,.T.);
#2618=EDGE_CURVE('',#2090,#1964,#1076,.T.);
#2619=EDGE_CURVE('',#2088,#2089,#1077,.T.);
#2620=EDGE_CURVE('',#2086,#2087,#1078,.T.);
#2621=EDGE_CURVE('',#2095,#2096,#1079,.T.);
#2622=EDGE_CURVE('',#2095,#2096,#1080,.T.);
#2623=EDGE_CURVE('',#2097,#2098,#1081,.T.);
#2624=EDGE_CURVE('',#2097,#2098,#1082,.T.);
#2625=EDGE_CURVE('',#2099,#2100,#1083,.T.);
#2626=EDGE_CURVE('',#2101,#2100,#1084,.T.);
#2627=EDGE_CURVE('',#2101,#2099,#1085,.T.);
#2628=EDGE_CURVE('',#2102,#2013,#1086,.T.);
#2629=EDGE_CURVE('',#2102,#2012,#1087,.T.);
#2630=EDGE_CURVE('',#2103,#2104,#1088,.T.);
#2631=EDGE_CURVE('',#2103,#2104,#1089,.T.);
#2632=EDGE_CURVE('',#2105,#2106,#1090,.T.);
#2633=EDGE_CURVE('',#2105,#2106,#1091,.T.);
#2634=EDGE_CURVE('',#1965,#2107,#1092,.T.);
#2635=EDGE_CURVE('',#1966,#2107,#1093,.T.);
#2636=EDGE_CURVE('',#2108,#2109,#1094,.T.);
#2637=EDGE_CURVE('',#2109,#2110,#1095,.T.);
#2638=EDGE_CURVE('',#2108,#2110,#1096,.T.);
#2639=EDGE_CURVE('',#2096,#2111,#1444,.T.);
#2640=EDGE_CURVE('',#2111,#2112,#1097,.T.);
#2641=EDGE_CURVE('',#2112,#2095,#1445,.T.);
#2642=EDGE_CURVE('',#2098,#2113,#1446,.T.);
#2643=EDGE_CURVE('',#2113,#2114,#1098,.T.);
#2644=EDGE_CURVE('',#2114,#2097,#1447,.T.);
#2645=EDGE_CURVE('',#2100,#2115,#1448,.T.);
#2646=EDGE_CURVE('',#2115,#2116,#1099,.T.);
#2647=EDGE_CURVE('',#2116,#2101,#1449,.T.);
#2648=EDGE_CURVE('',#2117,#2102,#1450,.T.);
#2649=EDGE_CURVE('',#2011,#2117,#1100,.T.);
#2650=EDGE_CURVE('',#2104,#2118,#1451,.T.);
#2651=EDGE_CURVE('',#2118,#2119,#1101,.T.);
#2652=EDGE_CURVE('',#2119,#2103,#1452,.T.);
#2653=EDGE_CURVE('',#2106,#2120,#1453,.T.);
#2654=EDGE_CURVE('',#2120,#2121,#1102,.T.);
#2655=EDGE_CURVE('',#2121,#2105,#1454,.T.);
#2656=EDGE_CURVE('',#2107,#2122,#1455,.T.);
#2657=EDGE_CURVE('',#2122,#1967,#1103,.T.);
#2658=EDGE_CURVE('',#2123,#2108,#1456,.T.);
#2659=EDGE_CURVE('',#2110,#2124,#1457,.T.);
#2660=EDGE_CURVE('',#2124,#2123,#1104,.T.);
#2661=EDGE_CURVE('',#1910,#1911,#1105,.T.);
#2662=EDGE_CURVE('',#2113,#2114,#1106,.T.);
#2663=EDGE_CURVE('',#2111,#2112,#1107,.T.);
#2664=EDGE_CURVE('',#2010,#2117,#1108,.T.);
#2665=EDGE_CURVE('',#2115,#2125,#1109,.T.);
#2666=EDGE_CURVE('',#2125,#2116,#1110,.T.);
#2667=EDGE_CURVE('',#1914,#1915,#1111,.T.);
#2668=EDGE_CURVE('',#2126,#2123,#1112,.T.);
#2669=EDGE_CURVE('',#2124,#2126,#1113,.T.);
#2670=EDGE_CURVE('',#2122,#1968,#1114,.T.);
#2671=EDGE_CURVE('',#2120,#2121,#1115,.T.);
#2672=EDGE_CURVE('',#2118,#2119,#1116,.T.);
#2673=EDGE_CURVE('',#2127,#2128,#1117,.T.);
#2674=EDGE_CURVE('',#2127,#2128,#1118,.T.);
#2675=EDGE_CURVE('',#2129,#2130,#1119,.T.);
#2676=EDGE_CURVE('',#2129,#2130,#1120,.T.);
#2677=EDGE_CURVE('',#2131,#2132,#1121,.T.);
#2678=EDGE_CURVE('',#2133,#2132,#1122,.T.);
#2679=EDGE_CURVE('',#2133,#2131,#1123,.T.);
#2680=EDGE_CURVE('',#2134,#2009,#1124,.T.);
#2681=EDGE_CURVE('',#2134,#2008,#1125,.T.);
#2682=EDGE_CURVE('',#2135,#2136,#1126,.T.);
#2683=EDGE_CURVE('',#2135,#2136,#1127,.T.);
#2684=EDGE_CURVE('',#2137,#2138,#1128,.T.);
#2685=EDGE_CURVE('',#2137,#2138,#1129,.T.);
#2686=EDGE_CURVE('',#1969,#2139,#1130,.T.);
#2687=EDGE_CURVE('',#1970,#2139,#1131,.T.);
#2688=EDGE_CURVE('',#2140,#2141,#1132,.T.);
#2689=EDGE_CURVE('',#2141,#2142,#1133,.T.);
#2690=EDGE_CURVE('',#2140,#2142,#1134,.T.);
#2691=EDGE_CURVE('',#2128,#2143,#1458,.T.);
#2692=EDGE_CURVE('',#2143,#2144,#1135,.T.);
#2693=EDGE_CURVE('',#2144,#2127,#1459,.T.);
#2694=EDGE_CURVE('',#2130,#2145,#1460,.T.);
#2695=EDGE_CURVE('',#2145,#2146,#1136,.T.);
#2696=EDGE_CURVE('',#2146,#2129,#1461,.T.);
#2697=EDGE_CURVE('',#2132,#2147,#1462,.T.);
#2698=EDGE_CURVE('',#2147,#2148,#1137,.T.);
#2699=EDGE_CURVE('',#2148,#2133,#1463,.T.);
#2700=EDGE_CURVE('',#2149,#2134,#1464,.T.);
#2701=EDGE_CURVE('',#2007,#2149,#1138,.T.);
#2702=EDGE_CURVE('',#2136,#2150,#1465,.T.);
#2703=EDGE_CURVE('',#2150,#2151,#1139,.T.);
#2704=EDGE_CURVE('',#2151,#2135,#1466,.T.);
#2705=EDGE_CURVE('',#2138,#2152,#1467,.T.);
#2706=EDGE_CURVE('',#2152,#2153,#1140,.T.);
#2707=EDGE_CURVE('',#2153,#2137,#1468,.T.);
#2708=EDGE_CURVE('',#2139,#2154,#1469,.T.);
#2709=EDGE_CURVE('',#2154,#1971,#1141,.T.);
#2710=EDGE_CURVE('',#2155,#2140,#1470,.T.);
#2711=EDGE_CURVE('',#2142,#2156,#1471,.T.);
#2712=EDGE_CURVE('',#2156,#2155,#1142,.T.);
#2713=EDGE_CURVE('',#1918,#1919,#1143,.T.);
#2714=EDGE_CURVE('',#2145,#2146,#1144,.T.);
#2715=EDGE_CURVE('',#2143,#2144,#1145,.T.);
#2716=EDGE_CURVE('',#2006,#2149,#1146,.T.);
#2717=EDGE_CURVE('',#2147,#2157,#1147,.T.);
#2718=EDGE_CURVE('',#2157,#2148,#1148,.T.);
#2719=EDGE_CURVE('',#1922,#1923,#1149,.T.);
#2720=EDGE_CURVE('',#2158,#2155,#1150,.T.);
#2721=EDGE_CURVE('',#2156,#2158,#1151,.T.);
#2722=EDGE_CURVE('',#2154,#1972,#1152,.T.);
#2723=EDGE_CURVE('',#2152,#2153,#1153,.T.);
#2724=EDGE_CURVE('',#2150,#2151,#1154,.T.);
#2725=EDGE_CURVE('',#2159,#2160,#1155,.T.);
#2726=EDGE_CURVE('',#2159,#2160,#1156,.T.);
#2727=EDGE_CURVE('',#2161,#2162,#1157,.T.);
#2728=EDGE_CURVE('',#2161,#2162,#1158,.T.);
#2729=EDGE_CURVE('',#2163,#2164,#1159,.T.);
#2730=EDGE_CURVE('',#2165,#2164,#1160,.T.);
#2731=EDGE_CURVE('',#2165,#2163,#1161,.T.);
#2732=EDGE_CURVE('',#2166,#2005,#1162,.T.);
#2733=EDGE_CURVE('',#2166,#2004,#1163,.T.);
#2734=EDGE_CURVE('',#2167,#2168,#1164,.T.);
#2735=EDGE_CURVE('',#2167,#2168,#1165,.T.);
#2736=EDGE_CURVE('',#2169,#2170,#1166,.T.);
#2737=EDGE_CURVE('',#2169,#2170,#1167,.T.);
#2738=EDGE_CURVE('',#1973,#2171,#1168,.T.);
#2739=EDGE_CURVE('',#1974,#2171,#1169,.T.);
#2740=EDGE_CURVE('',#2172,#2173,#1170,.T.);
#2741=EDGE_CURVE('',#2173,#2174,#1171,.T.);
#2742=EDGE_CURVE('',#2172,#2174,#1172,.T.);
#2743=EDGE_CURVE('',#2160,#2175,#1472,.T.);
#2744=EDGE_CURVE('',#2175,#2176,#1173,.T.);
#2745=EDGE_CURVE('',#2176,#2159,#1473,.T.);
#2746=EDGE_CURVE('',#2162,#2177,#1474,.T.);
#2747=EDGE_CURVE('',#2177,#2178,#1174,.T.);
#2748=EDGE_CURVE('',#2178,#2161,#1475,.T.);
#2749=EDGE_CURVE('',#2164,#2179,#1476,.T.);
#2750=EDGE_CURVE('',#2179,#2180,#1175,.T.);
#2751=EDGE_CURVE('',#2180,#2165,#1477,.T.);
#2752=EDGE_CURVE('',#2181,#2166,#1478,.T.);
#2753=EDGE_CURVE('',#2003,#2181,#1176,.T.);
#2754=EDGE_CURVE('',#2168,#2182,#1479,.T.);
#2755=EDGE_CURVE('',#2182,#2183,#1177,.T.);
#2756=EDGE_CURVE('',#2183,#2167,#1480,.T.);
#2757=EDGE_CURVE('',#2170,#2184,#1481,.T.);
#2758=EDGE_CURVE('',#2184,#2185,#1178,.T.);
#2759=EDGE_CURVE('',#2185,#2169,#1482,.T.);
#2760=EDGE_CURVE('',#2171,#2186,#1483,.T.);
#2761=EDGE_CURVE('',#2186,#1975,#1179,.T.);
#2762=EDGE_CURVE('',#2187,#2172,#1484,.T.);
#2763=EDGE_CURVE('',#2174,#2188,#1485,.T.);
#2764=EDGE_CURVE('',#2188,#2187,#1180,.T.);
#2765=EDGE_CURVE('',#1926,#1927,#1181,.T.);
#2766=EDGE_CURVE('',#2177,#2178,#1182,.T.);
#2767=EDGE_CURVE('',#2175,#2176,#1183,.T.);
#2768=EDGE_CURVE('',#2002,#2181,#1184,.T.);
#2769=EDGE_CURVE('',#2179,#2189,#1185,.T.);
#2770=EDGE_CURVE('',#2189,#2180,#1186,.T.);
#2771=EDGE_CURVE('',#1930,#1931,#1187,.T.);
#2772=EDGE_CURVE('',#2190,#2187,#1188,.T.);
#2773=EDGE_CURVE('',#2188,#2190,#1189,.T.);
#2774=EDGE_CURVE('',#2186,#1976,#1190,.T.);
#2775=EDGE_CURVE('',#2184,#2185,#1191,.T.);
#2776=EDGE_CURVE('',#2182,#2183,#1192,.T.);
#2777=EDGE_CURVE('',#2191,#2192,#1193,.T.);
#2778=EDGE_CURVE('',#2191,#2192,#1194,.T.);
#2779=EDGE_CURVE('',#2193,#2194,#1195,.T.);
#2780=EDGE_CURVE('',#2193,#2194,#1196,.T.);
#2781=EDGE_CURVE('',#2195,#2196,#1197,.T.);
#2782=EDGE_CURVE('',#2197,#2196,#1198,.T.);
#2783=EDGE_CURVE('',#2197,#2195,#1199,.T.);
#2784=EDGE_CURVE('',#2198,#2001,#1200,.T.);
#2785=EDGE_CURVE('',#2198,#2000,#1201,.T.);
#2786=EDGE_CURVE('',#2199,#2200,#1202,.T.);
#2787=EDGE_CURVE('',#2199,#2200,#1203,.T.);
#2788=EDGE_CURVE('',#2201,#2202,#1204,.T.);
#2789=EDGE_CURVE('',#2201,#2202,#1205,.T.);
#2790=EDGE_CURVE('',#1977,#2203,#1206,.T.);
#2791=EDGE_CURVE('',#1978,#2203,#1207,.T.);
#2792=EDGE_CURVE('',#2204,#2205,#1208,.T.);
#2793=EDGE_CURVE('',#2205,#2206,#1209,.T.);
#2794=EDGE_CURVE('',#2204,#2206,#1210,.T.);
#2795=EDGE_CURVE('',#2192,#2207,#1486,.T.);
#2796=EDGE_CURVE('',#2207,#2208,#1211,.T.);
#2797=EDGE_CURVE('',#2208,#2191,#1487,.T.);
#2798=EDGE_CURVE('',#2194,#2209,#1488,.T.);
#2799=EDGE_CURVE('',#2209,#2210,#1212,.T.);
#2800=EDGE_CURVE('',#2210,#2193,#1489,.T.);
#2801=EDGE_CURVE('',#2196,#2211,#1490,.T.);
#2802=EDGE_CURVE('',#2211,#2212,#1213,.T.);
#2803=EDGE_CURVE('',#2212,#2197,#1491,.T.);
#2804=EDGE_CURVE('',#2213,#2198,#1492,.T.);
#2805=EDGE_CURVE('',#1999,#2213,#1214,.T.);
#2806=EDGE_CURVE('',#2200,#2214,#1493,.T.);
#2807=EDGE_CURVE('',#2214,#2215,#1215,.T.);
#2808=EDGE_CURVE('',#2215,#2199,#1494,.T.);
#2809=EDGE_CURVE('',#2202,#2216,#1495,.T.);
#2810=EDGE_CURVE('',#2216,#2217,#1216,.T.);
#2811=EDGE_CURVE('',#2217,#2201,#1496,.T.);
#2812=EDGE_CURVE('',#2203,#2218,#1497,.T.);
#2813=EDGE_CURVE('',#2218,#1979,#1217,.T.);
#2814=EDGE_CURVE('',#2219,#2204,#1498,.T.);
#2815=EDGE_CURVE('',#2206,#2220,#1499,.T.);
#2816=EDGE_CURVE('',#2220,#2219,#1218,.T.);
#2817=EDGE_CURVE('',#1934,#1935,#1219,.T.);
#2818=EDGE_CURVE('',#2209,#2210,#1220,.T.);
#2819=EDGE_CURVE('',#2207,#2208,#1221,.T.);
#2820=EDGE_CURVE('',#1998,#2213,#1222,.T.);
#2821=EDGE_CURVE('',#2211,#2221,#1223,.T.);
#2822=EDGE_CURVE('',#2221,#2212,#1224,.T.);
#2823=EDGE_CURVE('',#1938,#1939,#1225,.T.);
#2824=EDGE_CURVE('',#2222,#2219,#1226,.T.);
#2825=EDGE_CURVE('',#2220,#2222,#1227,.T.);
#2826=EDGE_CURVE('',#2218,#1980,#1228,.T.);
#2827=EDGE_CURVE('',#2216,#2217,#1229,.T.);
#2828=EDGE_CURVE('',#2214,#2215,#1230,.T.);
#2829=EDGE_CURVE('',#2223,#2224,#1231,.T.);
#2830=EDGE_CURVE('',#2223,#2224,#1232,.T.);
#2831=EDGE_CURVE('',#2225,#2226,#1233,.T.);
#2832=EDGE_CURVE('',#2225,#2226,#1234,.T.);
#2833=EDGE_CURVE('',#2227,#2228,#1235,.T.);
#2834=EDGE_CURVE('',#2229,#2228,#1236,.T.);
#2835=EDGE_CURVE('',#2229,#2227,#1237,.T.);
#2836=EDGE_CURVE('',#2230,#1997,#1238,.T.);
#2837=EDGE_CURVE('',#2230,#1996,#1239,.T.);
#2838=EDGE_CURVE('',#2231,#2232,#1240,.T.);
#2839=EDGE_CURVE('',#2231,#2232,#1241,.T.);
#2840=EDGE_CURVE('',#2233,#2234,#1242,.T.);
#2841=EDGE_CURVE('',#2233,#2234,#1243,.T.);
#2842=EDGE_CURVE('',#1981,#2235,#1244,.T.);
#2843=EDGE_CURVE('',#1982,#2235,#1245,.T.);
#2844=EDGE_CURVE('',#2236,#2237,#1246,.T.);
#2845=EDGE_CURVE('',#2237,#2238,#1247,.T.);
#2846=EDGE_CURVE('',#2236,#2238,#1248,.T.);
#2847=EDGE_CURVE('',#2224,#2239,#1500,.T.);
#2848=EDGE_CURVE('',#2239,#2240,#1249,.T.);
#2849=EDGE_CURVE('',#2240,#2223,#1501,.T.);
#2850=EDGE_CURVE('',#2226,#2241,#1502,.T.);
#2851=EDGE_CURVE('',#2241,#2242,#1250,.T.);
#2852=EDGE_CURVE('',#2242,#2225,#1503,.T.);
#2853=EDGE_CURVE('',#2228,#2243,#1504,.T.);
#2854=EDGE_CURVE('',#2243,#2244,#1251,.T.);
#2855=EDGE_CURVE('',#2244,#2229,#1505,.T.);
#2856=EDGE_CURVE('',#2245,#2230,#1506,.T.);
#2857=EDGE_CURVE('',#1995,#2245,#1252,.T.);
#2858=EDGE_CURVE('',#2232,#2246,#1507,.T.);
#2859=EDGE_CURVE('',#2246,#2247,#1253,.T.);
#2860=EDGE_CURVE('',#2247,#2231,#1508,.T.);
#2861=EDGE_CURVE('',#2234,#2248,#1509,.T.);
#2862=EDGE_CURVE('',#2248,#2249,#1254,.T.);
#2863=EDGE_CURVE('',#2249,#2233,#1510,.T.);
#2864=EDGE_CURVE('',#2235,#2250,#1511,.T.);
#2865=EDGE_CURVE('',#2250,#1983,#1255,.T.);
#2866=EDGE_CURVE('',#2251,#2236,#1512,.T.);
#2867=EDGE_CURVE('',#2238,#2252,#1513,.T.);
#2868=EDGE_CURVE('',#2252,#2251,#1256,.T.);
#2869=EDGE_CURVE('',#1942,#1943,#1257,.T.);
#2870=EDGE_CURVE('',#2241,#2242,#1258,.T.);
#2871=EDGE_CURVE('',#2239,#2240,#1259,.T.);
#2872=EDGE_CURVE('',#1994,#2245,#1260,.T.);
#2873=EDGE_CURVE('',#2243,#2253,#1261,.T.);
#2874=EDGE_CURVE('',#2253,#2244,#1262,.T.);
#2875=EDGE_CURVE('',#1946,#1947,#1263,.T.);
#2876=EDGE_CURVE('',#2254,#2251,#1264,.T.);
#2877=EDGE_CURVE('',#2252,#2254,#1265,.T.);
#2878=EDGE_CURVE('',#2250,#1984,#1266,.T.);
#2879=EDGE_CURVE('',#2248,#2249,#1267,.T.);
#2880=EDGE_CURVE('',#2246,#2247,#1268,.T.);
#2881=EDGE_CURVE('',#2255,#2256,#1269,.T.);
#2882=EDGE_CURVE('',#2255,#2256,#1270,.T.);
#2883=EDGE_CURVE('',#2257,#2258,#1271,.T.);
#2884=EDGE_CURVE('',#2257,#2258,#1272,.T.);
#2885=EDGE_CURVE('',#2259,#2260,#1273,.T.);
#2886=EDGE_CURVE('',#2261,#2260,#1274,.T.);
#2887=EDGE_CURVE('',#2261,#2259,#1275,.T.);
#2888=EDGE_CURVE('',#2262,#1993,#1276,.T.);
#2889=EDGE_CURVE('',#2262,#1992,#1277,.T.);
#2890=EDGE_CURVE('',#2263,#2264,#1278,.T.);
#2891=EDGE_CURVE('',#2263,#2264,#1279,.T.);
#2892=EDGE_CURVE('',#2265,#2266,#1280,.T.);
#2893=EDGE_CURVE('',#2265,#2266,#1281,.T.);
#2894=EDGE_CURVE('',#1985,#2267,#1282,.T.);
#2895=EDGE_CURVE('',#1986,#2267,#1283,.T.);
#2896=EDGE_CURVE('',#2256,#2268,#1514,.T.);
#2897=EDGE_CURVE('',#2268,#2269,#1284,.T.);
#2898=EDGE_CURVE('',#2269,#2255,#1515,.T.);
#2899=EDGE_CURVE('',#2258,#2270,#1516,.T.);
#2900=EDGE_CURVE('',#2270,#2271,#1285,.T.);
#2901=EDGE_CURVE('',#2271,#2257,#1517,.T.);
#2902=EDGE_CURVE('',#2260,#2272,#1518,.T.);
#2903=EDGE_CURVE('',#2272,#2273,#1286,.T.);
#2904=EDGE_CURVE('',#2273,#2261,#1519,.T.);
#2905=EDGE_CURVE('',#2274,#2262,#1520,.T.);
#2906=EDGE_CURVE('',#1991,#2274,#1287,.T.);
#2907=EDGE_CURVE('',#2275,#2276,#1847,.T.);
#2908=EDGE_CURVE('',#2275,#2277,#1288,.T.);
#2909=EDGE_CURVE('',#2277,#2265,#1521,.T.);
#2910=EDGE_CURVE('',#2266,#2276,#1522,.T.);
#2911=EDGE_CURVE('',#2267,#2278,#1523,.T.);
#2912=EDGE_CURVE('',#2278,#1987,#1289,.T.);
#2913=EDGE_CURVE('',#1950,#1951,#1290,.T.);
#2914=EDGE_CURVE('',#2270,#2271,#1291,.T.);
#2915=EDGE_CURVE('',#2268,#2269,#1292,.T.);
#2916=EDGE_CURVE('',#1990,#2274,#1293,.T.);
#2917=EDGE_CURVE('',#2272,#2279,#1294,.T.);
#2918=EDGE_CURVE('',#2279,#2273,#1295,.T.);
#2919=EDGE_CURVE('',#2278,#1988,#1296,.T.);
#2920=EDGE_CURVE('',#2280,#2275,#1297,.T.);
#2921=EDGE_CURVE('',#2280,#2277,#1298,.T.);
#2922=EDGE_CURVE('',#2281,#2282,#1524,.T.);
#2923=EDGE_CURVE('',#1863,#2281,#1525,.T.);
#2924=EDGE_CURVE('',#1862,#2282,#1526,.T.);
#2925=EDGE_CURVE('',#2282,#2283,#1527,.T.);
#2926=EDGE_CURVE('',#1861,#2283,#1528,.T.);
#2927=EDGE_CURVE('',#2284,#2280,#1529,.T.);
#2928=EDGE_CURVE('',#1856,#2284,#1530,.T.);
#2929=EDGE_CURVE('',#1852,#2285,#1531,.T.);
#2930=EDGE_CURVE('',#2276,#2285,#1532,.T.);
#2931=EDGE_CURVE('',#2286,#2281,#1533,.T.);
#2932=EDGE_CURVE('',#1864,#2286,#1534,.T.);
#2933=EDGE_CURVE('',#1956,#2284,#1535,.T.);
#2934=EDGE_CURVE('',#2283,#1989,#1536,.T.);
#2935=EDGE_CURVE('',#2287,#2288,#1537,.T.);
#2936=EDGE_CURVE('',#2264,#2287,#1538,.T.);
#2937=EDGE_CURVE('',#2289,#2263,#1539,.T.);
#2938=EDGE_CURVE('',#2285,#2289,#1540,.T.);
#2939=EDGE_CURVE('',#1873,#2288,#1541,.T.);
#2940=EDGE_CURVE('',#2289,#2287,#1848,.T.);
#2941=EDGE_CURVE('',#2290,#2291,#1542,.T.);
#2942=EDGE_CURVE('',#2292,#2290,#1299,.T.);
#2943=EDGE_CURVE('',#2293,#2292,#1543,.T.);
#2944=EDGE_CURVE('',#2288,#2293,#1544,.T.);
#2945=EDGE_CURVE('',#1869,#2291,#1545,.T.);
#2946=EDGE_CURVE('',#2293,#2294,#1849,.T.);
#2947=EDGE_CURVE('',#2292,#2294,#1300,.T.);
#2948=EDGE_CURVE('',#2294,#2290,#1301,.T.);
#2949=EDGE_CURVE('',#2291,#2295,#1546,.T.);
#2950=EDGE_CURVE('',#2046,#1868,#1547,.T.);
#2951=EDGE_CURVE('',#2036,#2057,#1548,.T.);
#2952=EDGE_CURVE('',#2077,#2062,#1549,.T.);
#2953=EDGE_CURVE('',#2109,#2094,#1550,.T.);
#2954=EDGE_CURVE('',#2141,#2126,#1551,.T.);
#2955=EDGE_CURVE('',#2173,#2158,#1552,.T.);
#2956=EDGE_CURVE('',#2205,#2190,#1553,.T.);
#2957=EDGE_CURVE('',#2237,#2222,#1554,.T.);
#2958=EDGE_CURVE('',#2295,#2254,#1555,.T.);
#2959=EDGE_CURVE('',#2295,#2296,#1556,.T.);
#2960=EDGE_CURVE('',#1867,#2296,#1557,.T.);
#2961=EDGE_CURVE('',#2296,#2297,#1558,.T.);
#2962=EDGE_CURVE('',#1866,#2297,#1559,.T.);
#2963=EDGE_CURVE('',#2297,#2298,#1560,.T.);
#2964=EDGE_CURVE('',#1865,#2026,#1561,.T.);
#2965=EDGE_CURVE('',#2061,#2067,#1562,.T.);
#2966=EDGE_CURVE('',#2093,#2099,#1563,.T.);
#2967=EDGE_CURVE('',#2125,#2131,#1564,.T.);
#2968=EDGE_CURVE('',#2157,#2163,#1565,.T.);
#2969=EDGE_CURVE('',#2189,#2195,#1566,.T.);
#2970=EDGE_CURVE('',#2221,#2227,#1567,.T.);
#2971=EDGE_CURVE('',#2253,#2259,#1568,.T.);
#2972=EDGE_CURVE('',#2279,#2298,#1569,.T.);
#2973=EDGE_CURVE('',#2298,#2286,#1570,.T.);
#2974=ORIENTED_EDGE('',*,*,#2299,.F.);
#2975=ORIENTED_EDGE('',*,*,#2300,.F.);
#2976=ORIENTED_EDGE('',*,*,#2301,.F.);
#2977=ORIENTED_EDGE('',*,*,#2302,.F.);
#2978=ORIENTED_EDGE('',*,*,#2303,.T.);
#2979=ORIENTED_EDGE('',*,*,#2304,.F.);
#2980=ORIENTED_EDGE('',*,*,#2305,.F.);
#2981=ORIENTED_EDGE('',*,*,#2306,.T.);
#2982=ORIENTED_EDGE('',*,*,#2307,.T.);
#2983=ORIENTED_EDGE('',*,*,#2308,.F.);
#2984=ORIENTED_EDGE('',*,*,#2309,.F.);
#2985=ORIENTED_EDGE('',*,*,#2310,.F.);
#2986=ORIENTED_EDGE('',*,*,#2311,.F.);
#2987=ORIENTED_EDGE('',*,*,#2312,.F.);
#2988=ORIENTED_EDGE('',*,*,#2313,.F.);
#2989=ORIENTED_EDGE('',*,*,#2314,.T.);
#2990=ORIENTED_EDGE('',*,*,#2315,.T.);
#2991=ORIENTED_EDGE('',*,*,#2316,.F.);
#2992=ORIENTED_EDGE('',*,*,#2317,.F.);
#2993=ORIENTED_EDGE('',*,*,#2318,.F.);
#2994=ORIENTED_EDGE('',*,*,#2319,.T.);
#2995=ORIENTED_EDGE('',*,*,#2320,.F.);
#2996=ORIENTED_EDGE('',*,*,#2321,.F.);
#2997=ORIENTED_EDGE('',*,*,#2322,.F.);
#2998=ORIENTED_EDGE('',*,*,#2323,.T.);
#2999=ORIENTED_EDGE('',*,*,#2324,.T.);
#3000=ORIENTED_EDGE('',*,*,#2325,.T.);
#3001=ORIENTED_EDGE('',*,*,#2326,.T.);
#3002=ORIENTED_EDGE('',*,*,#2327,.T.);
#3003=ORIENTED_EDGE('',*,*,#2328,.T.);
#3004=ORIENTED_EDGE('',*,*,#2329,.T.);
#3005=ORIENTED_EDGE('',*,*,#2330,.T.);
#3006=ORIENTED_EDGE('',*,*,#2331,.T.);
#3007=ORIENTED_EDGE('',*,*,#2332,.F.);
#3008=ORIENTED_EDGE('',*,*,#2333,.F.);
#3009=ORIENTED_EDGE('',*,*,#2334,.F.);
#3010=ORIENTED_EDGE('',*,*,#2333,.T.);
#3011=ORIENTED_EDGE('',*,*,#2335,.F.);
#3012=ORIENTED_EDGE('',*,*,#2323,.F.);
#3013=ORIENTED_EDGE('',*,*,#2336,.T.);
#3014=ORIENTED_EDGE('',*,*,#2334,.T.);
#3015=ORIENTED_EDGE('',*,*,#2336,.F.);
#3016=ORIENTED_EDGE('',*,*,#2328,.F.);
#3017=ORIENTED_EDGE('',*,*,#2337,.T.);
#3018=ORIENTED_EDGE('',*,*,#2332,.T.);
#3019=ORIENTED_EDGE('',*,*,#2337,.F.);
#3020=ORIENTED_EDGE('',*,*,#2324,.F.);
#3021=ORIENTED_EDGE('',*,*,#2335,.T.);
#3022=ORIENTED_EDGE('',*,*,#2338,.F.);
#3023=ORIENTED_EDGE('',*,*,#2339,.F.);
#3024=ORIENTED_EDGE('',*,*,#2340,.F.);
#3025=ORIENTED_EDGE('',*,*,#2339,.T.);
#3026=ORIENTED_EDGE('',*,*,#2341,.F.);
#3027=ORIENTED_EDGE('',*,*,#2326,.F.);
#3028=ORIENTED_EDGE('',*,*,#2342,.T.);
#3029=ORIENTED_EDGE('',*,*,#2340,.T.);
#3030=ORIENTED_EDGE('',*,*,#2342,.F.);
#3031=ORIENTED_EDGE('',*,*,#2325,.F.);
#3032=ORIENTED_EDGE('',*,*,#2343,.T.);
#3033=ORIENTED_EDGE('',*,*,#2338,.T.);
#3034=ORIENTED_EDGE('',*,*,#2343,.F.);
#3035=ORIENTED_EDGE('',*,*,#2327,.F.);
#3036=ORIENTED_EDGE('',*,*,#2341,.T.);
#3037=ORIENTED_EDGE('',*,*,#2344,.F.);
#3038=ORIENTED_EDGE('',*,*,#2345,.F.);
#3039=ORIENTED_EDGE('',*,*,#2346,.F.);
#3040=ORIENTED_EDGE('',*,*,#2345,.T.);
#3041=ORIENTED_EDGE('',*,*,#2347,.F.);
#3042=ORIENTED_EDGE('',*,*,#2331,.F.);
#3043=ORIENTED_EDGE('',*,*,#2348,.T.);
#3044=ORIENTED_EDGE('',*,*,#2346,.T.);
#3045=ORIENTED_EDGE('',*,*,#2348,.F.);
#3046=ORIENTED_EDGE('',*,*,#2330,.F.);
#3047=ORIENTED_EDGE('',*,*,#2349,.T.);
#3048=ORIENTED_EDGE('',*,*,#2344,.T.);
#3049=ORIENTED_EDGE('',*,*,#2349,.F.);
#3050=ORIENTED_EDGE('',*,*,#2329,.F.);
#3051=ORIENTED_EDGE('',*,*,#2347,.T.);
#3052=ORIENTED_EDGE('',*,*,#2350,.T.);
#3053=ORIENTED_EDGE('',*,*,#2351,.T.);
#3054=ORIENTED_EDGE('',*,*,#2352,.T.);
#3055=ORIENTED_EDGE('',*,*,#2299,.T.);
#3056=ORIENTED_EDGE('',*,*,#2353,.T.);
#3057=ORIENTED_EDGE('',*,*,#2354,.T.);
#3058=ORIENTED_EDGE('',*,*,#2355,.T.);
#3059=ORIENTED_EDGE('',*,*,#2356,.T.);
#3060=ORIENTED_EDGE('',*,*,#2357,.T.);
#3061=ORIENTED_EDGE('',*,*,#2358,.T.);
#3062=ORIENTED_EDGE('',*,*,#2359,.T.);
#3063=ORIENTED_EDGE('',*,*,#2360,.T.);
#3064=ORIENTED_EDGE('',*,*,#2361,.T.);
#3065=ORIENTED_EDGE('',*,*,#2362,.T.);
#3066=ORIENTED_EDGE('',*,*,#2363,.T.);
#3067=ORIENTED_EDGE('',*,*,#2364,.T.);
#3068=ORIENTED_EDGE('',*,*,#2365,.T.);
#3069=ORIENTED_EDGE('',*,*,#2366,.T.);
#3070=ORIENTED_EDGE('',*,*,#2367,.T.);
#3071=ORIENTED_EDGE('',*,*,#2368,.T.);
#3072=ORIENTED_EDGE('',*,*,#2369,.T.);
#3073=ORIENTED_EDGE('',*,*,#2370,.T.);
#3074=ORIENTED_EDGE('',*,*,#2371,.T.);
#3075=ORIENTED_EDGE('',*,*,#2372,.T.);
#3076=ORIENTED_EDGE('',*,*,#2373,.T.);
#3077=ORIENTED_EDGE('',*,*,#2374,.T.);
#3078=ORIENTED_EDGE('',*,*,#2375,.T.);
#3079=ORIENTED_EDGE('',*,*,#2376,.T.);
#3080=ORIENTED_EDGE('',*,*,#2377,.T.);
#3081=ORIENTED_EDGE('',*,*,#2378,.T.);
#3082=ORIENTED_EDGE('',*,*,#2379,.T.);
#3083=ORIENTED_EDGE('',*,*,#2380,.T.);
#3084=ORIENTED_EDGE('',*,*,#2381,.T.);
#3085=ORIENTED_EDGE('',*,*,#2382,.T.);
#3086=ORIENTED_EDGE('',*,*,#2383,.T.);
#3087=ORIENTED_EDGE('',*,*,#2384,.T.);
#3088=ORIENTED_EDGE('',*,*,#2385,.T.);
#3089=ORIENTED_EDGE('',*,*,#2386,.T.);
#3090=ORIENTED_EDGE('',*,*,#2387,.T.);
#3091=ORIENTED_EDGE('',*,*,#2388,.T.);
#3092=ORIENTED_EDGE('',*,*,#2389,.T.);
#3093=ORIENTED_EDGE('',*,*,#2390,.T.);
#3094=ORIENTED_EDGE('',*,*,#2391,.T.);
#3095=ORIENTED_EDGE('',*,*,#2392,.T.);
#3096=ORIENTED_EDGE('',*,*,#2393,.T.);
#3097=ORIENTED_EDGE('',*,*,#2394,.T.);
#3098=ORIENTED_EDGE('',*,*,#2395,.T.);
#3099=ORIENTED_EDGE('',*,*,#2396,.T.);
#3100=ORIENTED_EDGE('',*,*,#2397,.T.);
#3101=ORIENTED_EDGE('',*,*,#2398,.T.);
#3102=ORIENTED_EDGE('',*,*,#2399,.T.);
#3103=ORIENTED_EDGE('',*,*,#2400,.T.);
#3104=ORIENTED_EDGE('',*,*,#2401,.T.);
#3105=ORIENTED_EDGE('',*,*,#2402,.T.);
#3106=ORIENTED_EDGE('',*,*,#2403,.T.);
#3107=ORIENTED_EDGE('',*,*,#2404,.T.);
#3108=ORIENTED_EDGE('',*,*,#2405,.T.);
#3109=ORIENTED_EDGE('',*,*,#2406,.T.);
#3110=ORIENTED_EDGE('',*,*,#2407,.T.);
#3111=ORIENTED_EDGE('',*,*,#2408,.T.);
#3112=ORIENTED_EDGE('',*,*,#2409,.T.);
#3113=ORIENTED_EDGE('',*,*,#2410,.T.);
#3114=ORIENTED_EDGE('',*,*,#2411,.T.);
#3115=ORIENTED_EDGE('',*,*,#2412,.T.);
#3116=ORIENTED_EDGE('',*,*,#2413,.T.);
#3117=ORIENTED_EDGE('',*,*,#2414,.F.);
#3118=ORIENTED_EDGE('',*,*,#2319,.F.);
#3119=ORIENTED_EDGE('',*,*,#2415,.T.);
#3120=ORIENTED_EDGE('',*,*,#2356,.F.);
#3121=ORIENTED_EDGE('',*,*,#2416,.T.);
#3122=ORIENTED_EDGE('',*,*,#2360,.F.);
#3123=ORIENTED_EDGE('',*,*,#2417,.T.);
#3124=ORIENTED_EDGE('',*,*,#2364,.F.);
#3125=ORIENTED_EDGE('',*,*,#2418,.T.);
#3126=ORIENTED_EDGE('',*,*,#2368,.F.);
#3127=ORIENTED_EDGE('',*,*,#2419,.T.);
#3128=ORIENTED_EDGE('',*,*,#2372,.F.);
#3129=ORIENTED_EDGE('',*,*,#2420,.T.);
#3130=ORIENTED_EDGE('',*,*,#2376,.F.);
#3131=ORIENTED_EDGE('',*,*,#2421,.T.);
#3132=ORIENTED_EDGE('',*,*,#2380,.F.);
#3133=ORIENTED_EDGE('',*,*,#2422,.T.);
#3134=ORIENTED_EDGE('',*,*,#2384,.F.);
#3135=ORIENTED_EDGE('',*,*,#2423,.T.);
#3136=ORIENTED_EDGE('',*,*,#2388,.F.);
#3137=ORIENTED_EDGE('',*,*,#2424,.T.);
#3138=ORIENTED_EDGE('',*,*,#2392,.F.);
#3139=ORIENTED_EDGE('',*,*,#2425,.T.);
#3140=ORIENTED_EDGE('',*,*,#2396,.F.);
#3141=ORIENTED_EDGE('',*,*,#2426,.T.);
#3142=ORIENTED_EDGE('',*,*,#2400,.F.);
#3143=ORIENTED_EDGE('',*,*,#2427,.T.);
#3144=ORIENTED_EDGE('',*,*,#2404,.F.);
#3145=ORIENTED_EDGE('',*,*,#2428,.T.);
#3146=ORIENTED_EDGE('',*,*,#2408,.F.);
#3147=ORIENTED_EDGE('',*,*,#2429,.T.);
#3148=ORIENTED_EDGE('',*,*,#2412,.F.);
#3149=ORIENTED_EDGE('',*,*,#2430,.F.);
#3150=ORIENTED_EDGE('',*,*,#2431,.F.);
#3151=ORIENTED_EDGE('',*,*,#2307,.F.);
#3152=ORIENTED_EDGE('',*,*,#2432,.T.);
#3153=ORIENTED_EDGE('',*,*,#2433,.F.);
#3154=ORIENTED_EDGE('',*,*,#2432,.F.);
#3155=ORIENTED_EDGE('',*,*,#2306,.F.);
#3156=ORIENTED_EDGE('',*,*,#2434,.T.);
#3157=ORIENTED_EDGE('',*,*,#2435,.F.);
#3158=ORIENTED_EDGE('',*,*,#2436,.F.);
#3159=ORIENTED_EDGE('',*,*,#2437,.F.);
#3160=ORIENTED_EDGE('',*,*,#2438,.T.);
#3161=ORIENTED_EDGE('',*,*,#2439,.F.);
#3162=ORIENTED_EDGE('',*,*,#2440,.F.);
#3163=ORIENTED_EDGE('',*,*,#2441,.F.);
#3164=ORIENTED_EDGE('',*,*,#2442,.T.);
#3165=ORIENTED_EDGE('',*,*,#2443,.F.);
#3166=ORIENTED_EDGE('',*,*,#2444,.F.);
#3167=ORIENTED_EDGE('',*,*,#2445,.F.);
#3168=ORIENTED_EDGE('',*,*,#2446,.T.);
#3169=ORIENTED_EDGE('',*,*,#2447,.F.);
#3170=ORIENTED_EDGE('',*,*,#2448,.F.);
#3171=ORIENTED_EDGE('',*,*,#2449,.F.);
#3172=ORIENTED_EDGE('',*,*,#2450,.T.);
#3173=ORIENTED_EDGE('',*,*,#2451,.F.);
#3174=ORIENTED_EDGE('',*,*,#2452,.F.);
#3175=ORIENTED_EDGE('',*,*,#2453,.F.);
#3176=ORIENTED_EDGE('',*,*,#2454,.T.);
#3177=ORIENTED_EDGE('',*,*,#2455,.F.);
#3178=ORIENTED_EDGE('',*,*,#2456,.F.);
#3179=ORIENTED_EDGE('',*,*,#2457,.F.);
#3180=ORIENTED_EDGE('',*,*,#2458,.T.);
#3181=ORIENTED_EDGE('',*,*,#2459,.F.);
#3182=ORIENTED_EDGE('',*,*,#2460,.F.);
#3183=ORIENTED_EDGE('',*,*,#2461,.F.);
#3184=ORIENTED_EDGE('',*,*,#2462,.T.);
#3185=ORIENTED_EDGE('',*,*,#2463,.F.);
#3186=ORIENTED_EDGE('',*,*,#2464,.F.);
#3187=ORIENTED_EDGE('',*,*,#2465,.F.);
#3188=ORIENTED_EDGE('',*,*,#2466,.T.);
#3189=ORIENTED_EDGE('',*,*,#2467,.F.);
#3190=ORIENTED_EDGE('',*,*,#2468,.T.);
#3191=ORIENTED_EDGE('',*,*,#2469,.F.);
#3192=ORIENTED_EDGE('',*,*,#2470,.F.);
#3193=ORIENTED_EDGE('',*,*,#2471,.F.);
#3194=ORIENTED_EDGE('',*,*,#2472,.T.);
#3195=ORIENTED_EDGE('',*,*,#2473,.F.);
#3196=ORIENTED_EDGE('',*,*,#2474,.F.);
#3197=ORIENTED_EDGE('',*,*,#2475,.F.);
#3198=ORIENTED_EDGE('',*,*,#2476,.T.);
#3199=ORIENTED_EDGE('',*,*,#2477,.F.);
#3200=ORIENTED_EDGE('',*,*,#2478,.F.);
#3201=ORIENTED_EDGE('',*,*,#2479,.F.);
#3202=ORIENTED_EDGE('',*,*,#2480,.T.);
#3203=ORIENTED_EDGE('',*,*,#2481,.F.);
#3204=ORIENTED_EDGE('',*,*,#2482,.F.);
#3205=ORIENTED_EDGE('',*,*,#2483,.F.);
#3206=ORIENTED_EDGE('',*,*,#2484,.T.);
#3207=ORIENTED_EDGE('',*,*,#2485,.F.);
#3208=ORIENTED_EDGE('',*,*,#2486,.F.);
#3209=ORIENTED_EDGE('',*,*,#2487,.F.);
#3210=ORIENTED_EDGE('',*,*,#2488,.T.);
#3211=ORIENTED_EDGE('',*,*,#2489,.F.);
#3212=ORIENTED_EDGE('',*,*,#2490,.F.);
#3213=ORIENTED_EDGE('',*,*,#2491,.F.);
#3214=ORIENTED_EDGE('',*,*,#2492,.T.);
#3215=ORIENTED_EDGE('',*,*,#2493,.F.);
#3216=ORIENTED_EDGE('',*,*,#2494,.F.);
#3217=ORIENTED_EDGE('',*,*,#2495,.F.);
#3218=ORIENTED_EDGE('',*,*,#2496,.T.);
#3219=ORIENTED_EDGE('',*,*,#2497,.F.);
#3220=ORIENTED_EDGE('',*,*,#2498,.F.);
#3221=ORIENTED_EDGE('',*,*,#2499,.F.);
#3222=ORIENTED_EDGE('',*,*,#2500,.T.);
#3223=ORIENTED_EDGE('',*,*,#2308,.T.);
#3224=ORIENTED_EDGE('',*,*,#2431,.T.);
#3225=ORIENTED_EDGE('',*,*,#2501,.T.);
#3226=ORIENTED_EDGE('',*,*,#2502,.F.);
#3227=ORIENTED_EDGE('',*,*,#2503,.T.);
#3228=ORIENTED_EDGE('',*,*,#2504,.F.);
#3229=ORIENTED_EDGE('',*,*,#2505,.T.);
#3230=ORIENTED_EDGE('',*,*,#2506,.F.);
#3231=ORIENTED_EDGE('',*,*,#2507,.T.);
#3232=ORIENTED_EDGE('',*,*,#2508,.T.);
#3233=ORIENTED_EDGE('',*,*,#2499,.T.);
#3234=ORIENTED_EDGE('',*,*,#2509,.F.);
#3235=ORIENTED_EDGE('',*,*,#2510,.T.);
#3236=ORIENTED_EDGE('',*,*,#2511,.F.);
#3237=ORIENTED_EDGE('',*,*,#2512,.T.);
#3238=ORIENTED_EDGE('',*,*,#2513,.F.);
#3239=ORIENTED_EDGE('',*,*,#2514,.T.);
#3240=ORIENTED_EDGE('',*,*,#2515,.F.);
#3241=ORIENTED_EDGE('',*,*,#2435,.T.);
#3242=ORIENTED_EDGE('',*,*,#2516,.T.);
#3243=ORIENTED_EDGE('',*,*,#2517,.T.);
#3244=ORIENTED_EDGE('',*,*,#2518,.F.);
#3245=ORIENTED_EDGE('',*,*,#2519,.T.);
#3246=ORIENTED_EDGE('',*,*,#2520,.T.);
#3247=ORIENTED_EDGE('',*,*,#2521,.T.);
#3248=ORIENTED_EDGE('',*,*,#2502,.T.);
#3249=ORIENTED_EDGE('',*,*,#2522,.T.);
#3250=ORIENTED_EDGE('',*,*,#2523,.T.);
#3251=ORIENTED_EDGE('',*,*,#2524,.T.);
#3252=ORIENTED_EDGE('',*,*,#2504,.T.);
#3253=ORIENTED_EDGE('',*,*,#2525,.T.);
#3254=ORIENTED_EDGE('',*,*,#2526,.T.);
#3255=ORIENTED_EDGE('',*,*,#2527,.T.);
#3256=ORIENTED_EDGE('',*,*,#2506,.T.);
#3257=ORIENTED_EDGE('',*,*,#2528,.T.);
#3258=ORIENTED_EDGE('',*,*,#2509,.T.);
#3259=ORIENTED_EDGE('',*,*,#2498,.T.);
#3260=ORIENTED_EDGE('',*,*,#2529,.T.);
#3261=ORIENTED_EDGE('',*,*,#2530,.T.);
#3262=ORIENTED_EDGE('',*,*,#2531,.T.);
#3263=ORIENTED_EDGE('',*,*,#2532,.F.);
#3264=ORIENTED_EDGE('',*,*,#2533,.T.);
#3265=ORIENTED_EDGE('',*,*,#2534,.T.);
#3266=ORIENTED_EDGE('',*,*,#2535,.T.);
#3267=ORIENTED_EDGE('',*,*,#2511,.T.);
#3268=ORIENTED_EDGE('',*,*,#2536,.T.);
#3269=ORIENTED_EDGE('',*,*,#2537,.T.);
#3270=ORIENTED_EDGE('',*,*,#2538,.T.);
#3271=ORIENTED_EDGE('',*,*,#2513,.T.);
#3272=ORIENTED_EDGE('',*,*,#2539,.T.);
#3273=ORIENTED_EDGE('',*,*,#2540,.T.);
#3274=ORIENTED_EDGE('',*,*,#2436,.T.);
#3275=ORIENTED_EDGE('',*,*,#2515,.T.);
#3276=ORIENTED_EDGE('',*,*,#2541,.T.);
#3277=ORIENTED_EDGE('',*,*,#2518,.T.);
#3278=ORIENTED_EDGE('',*,*,#2542,.T.);
#3279=ORIENTED_EDGE('',*,*,#2543,.T.);
#3280=ORIENTED_EDGE('',*,*,#2544,.T.);
#3281=ORIENTED_EDGE('',*,*,#2351,.F.);
#3282=ORIENTED_EDGE('',*,*,#2545,.T.);
#3283=ORIENTED_EDGE('',*,*,#2546,.F.);
#3284=ORIENTED_EDGE('',*,*,#2547,.T.);
#3285=ORIENTED_EDGE('',*,*,#2548,.F.);
#3286=ORIENTED_EDGE('',*,*,#2549,.T.);
#3287=ORIENTED_EDGE('',*,*,#2550,.T.);
#3288=ORIENTED_EDGE('',*,*,#2303,.F.);
#3289=ORIENTED_EDGE('',*,*,#2551,.F.);
#3290=ORIENTED_EDGE('',*,*,#2552,.T.);
#3291=ORIENTED_EDGE('',*,*,#2546,.T.);
#3292=ORIENTED_EDGE('',*,*,#2553,.T.);
#3293=ORIENTED_EDGE('',*,*,#2320,.T.);
#3294=ORIENTED_EDGE('',*,*,#2414,.T.);
#3295=ORIENTED_EDGE('',*,*,#2554,.T.);
#3296=ORIENTED_EDGE('',*,*,#2551,.T.);
#3297=ORIENTED_EDGE('',*,*,#2302,.T.);
#3298=ORIENTED_EDGE('',*,*,#2555,.T.);
#3299=ORIENTED_EDGE('',*,*,#2532,.T.);
#3300=ORIENTED_EDGE('',*,*,#2556,.T.);
#3301=ORIENTED_EDGE('',*,*,#2548,.T.);
#3302=ORIENTED_EDGE('',*,*,#2557,.T.);
#3303=ORIENTED_EDGE('',*,*,#2354,.F.);
#3304=ORIENTED_EDGE('',*,*,#2558,.T.);
#3305=ORIENTED_EDGE('',*,*,#2523,.F.);
#3306=ORIENTED_EDGE('',*,*,#2559,.T.);
#3307=ORIENTED_EDGE('',*,*,#2520,.F.);
#3308=ORIENTED_EDGE('',*,*,#2560,.T.);
#3309=ORIENTED_EDGE('',*,*,#2529,.F.);
#3310=ORIENTED_EDGE('',*,*,#2497,.T.);
#3311=ORIENTED_EDGE('',*,*,#2561,.T.);
#3312=ORIENTED_EDGE('',*,*,#2562,.T.);
#3313=ORIENTED_EDGE('',*,*,#2526,.F.);
#3314=ORIENTED_EDGE('',*,*,#2563,.T.);
#3315=ORIENTED_EDGE('',*,*,#2358,.F.);
#3316=ORIENTED_EDGE('',*,*,#2564,.T.);
#3317=ORIENTED_EDGE('',*,*,#2543,.F.);
#3318=ORIENTED_EDGE('',*,*,#2565,.T.);
#3319=ORIENTED_EDGE('',*,*,#2566,.T.);
#3320=ORIENTED_EDGE('',*,*,#2437,.T.);
#3321=ORIENTED_EDGE('',*,*,#2540,.F.);
#3322=ORIENTED_EDGE('',*,*,#2567,.T.);
#3323=ORIENTED_EDGE('',*,*,#2537,.F.);
#3324=ORIENTED_EDGE('',*,*,#2568,.T.);
#3325=ORIENTED_EDGE('',*,*,#2534,.F.);
#3326=ORIENTED_EDGE('',*,*,#2569,.T.);
#3327=ORIENTED_EDGE('',*,*,#2570,.F.);
#3328=ORIENTED_EDGE('',*,*,#2571,.T.);
#3329=ORIENTED_EDGE('',*,*,#2572,.F.);
#3330=ORIENTED_EDGE('',*,*,#2573,.T.);
#3331=ORIENTED_EDGE('',*,*,#2574,.F.);
#3332=ORIENTED_EDGE('',*,*,#2575,.T.);
#3333=ORIENTED_EDGE('',*,*,#2576,.T.);
#3334=ORIENTED_EDGE('',*,*,#2495,.T.);
#3335=ORIENTED_EDGE('',*,*,#2577,.F.);
#3336=ORIENTED_EDGE('',*,*,#2578,.T.);
#3337=ORIENTED_EDGE('',*,*,#2579,.F.);
#3338=ORIENTED_EDGE('',*,*,#2580,.T.);
#3339=ORIENTED_EDGE('',*,*,#2581,.F.);
#3340=ORIENTED_EDGE('',*,*,#2582,.T.);
#3341=ORIENTED_EDGE('',*,*,#2583,.F.);
#3342=ORIENTED_EDGE('',*,*,#2439,.T.);
#3343=ORIENTED_EDGE('',*,*,#2584,.T.);
#3344=ORIENTED_EDGE('',*,*,#2585,.T.);
#3345=ORIENTED_EDGE('',*,*,#2586,.F.);
#3346=ORIENTED_EDGE('',*,*,#2587,.T.);
#3347=ORIENTED_EDGE('',*,*,#2588,.T.);
#3348=ORIENTED_EDGE('',*,*,#2589,.T.);
#3349=ORIENTED_EDGE('',*,*,#2570,.T.);
#3350=ORIENTED_EDGE('',*,*,#2590,.T.);
#3351=ORIENTED_EDGE('',*,*,#2591,.T.);
#3352=ORIENTED_EDGE('',*,*,#2592,.T.);
#3353=ORIENTED_EDGE('',*,*,#2572,.T.);
#3354=ORIENTED_EDGE('',*,*,#2593,.T.);
#3355=ORIENTED_EDGE('',*,*,#2594,.T.);
#3356=ORIENTED_EDGE('',*,*,#2595,.T.);
#3357=ORIENTED_EDGE('',*,*,#2574,.T.);
#3358=ORIENTED_EDGE('',*,*,#2596,.T.);
#3359=ORIENTED_EDGE('',*,*,#2577,.T.);
#3360=ORIENTED_EDGE('',*,*,#2494,.T.);
#3361=ORIENTED_EDGE('',*,*,#2597,.T.);
#3362=ORIENTED_EDGE('',*,*,#2598,.T.);
#3363=ORIENTED_EDGE('',*,*,#2599,.T.);
#3364=ORIENTED_EDGE('',*,*,#2600,.T.);
#3365=ORIENTED_EDGE('',*,*,#2579,.T.);
#3366=ORIENTED_EDGE('',*,*,#2601,.T.);
#3367=ORIENTED_EDGE('',*,*,#2602,.T.);
#3368=ORIENTED_EDGE('',*,*,#2603,.T.);
#3369=ORIENTED_EDGE('',*,*,#2581,.T.);
#3370=ORIENTED_EDGE('',*,*,#2604,.T.);
#3371=ORIENTED_EDGE('',*,*,#2605,.T.);
#3372=ORIENTED_EDGE('',*,*,#2440,.T.);
#3373=ORIENTED_EDGE('',*,*,#2583,.T.);
#3374=ORIENTED_EDGE('',*,*,#2606,.T.);
#3375=ORIENTED_EDGE('',*,*,#2586,.T.);
#3376=ORIENTED_EDGE('',*,*,#2607,.T.);
#3377=ORIENTED_EDGE('',*,*,#2608,.T.);
#3378=ORIENTED_EDGE('',*,*,#2609,.T.);
#3379=ORIENTED_EDGE('',*,*,#2362,.F.);
#3380=ORIENTED_EDGE('',*,*,#2610,.T.);
#3381=ORIENTED_EDGE('',*,*,#2591,.F.);
#3382=ORIENTED_EDGE('',*,*,#2611,.T.);
#3383=ORIENTED_EDGE('',*,*,#2588,.F.);
#3384=ORIENTED_EDGE('',*,*,#2612,.T.);
#3385=ORIENTED_EDGE('',*,*,#2597,.F.);
#3386=ORIENTED_EDGE('',*,*,#2493,.T.);
#3387=ORIENTED_EDGE('',*,*,#2613,.T.);
#3388=ORIENTED_EDGE('',*,*,#2614,.T.);
#3389=ORIENTED_EDGE('',*,*,#2594,.F.);
#3390=ORIENTED_EDGE('',*,*,#2615,.T.);
#3391=ORIENTED_EDGE('',*,*,#2366,.F.);
#3392=ORIENTED_EDGE('',*,*,#2616,.T.);
#3393=ORIENTED_EDGE('',*,*,#2608,.F.);
#3394=ORIENTED_EDGE('',*,*,#2617,.T.);
#3395=ORIENTED_EDGE('',*,*,#2618,.T.);
#3396=ORIENTED_EDGE('',*,*,#2441,.T.);
#3397=ORIENTED_EDGE('',*,*,#2605,.F.);
#3398=ORIENTED_EDGE('',*,*,#2619,.T.);
#3399=ORIENTED_EDGE('',*,*,#2602,.F.);
#3400=ORIENTED_EDGE('',*,*,#2620,.T.);
#3401=ORIENTED_EDGE('',*,*,#2599,.F.);
#3402=ORIENTED_EDGE('',*,*,#2621,.T.);
#3403=ORIENTED_EDGE('',*,*,#2622,.F.);
#3404=ORIENTED_EDGE('',*,*,#2623,.T.);
#3405=ORIENTED_EDGE('',*,*,#2624,.F.);
#3406=ORIENTED_EDGE('',*,*,#2625,.T.);
#3407=ORIENTED_EDGE('',*,*,#2626,.F.);
#3408=ORIENTED_EDGE('',*,*,#2627,.T.);
#3409=ORIENTED_EDGE('',*,*,#2628,.T.);
#3410=ORIENTED_EDGE('',*,*,#2491,.T.);
#3411=ORIENTED_EDGE('',*,*,#2629,.F.);
#3412=ORIENTED_EDGE('',*,*,#2630,.T.);
#3413=ORIENTED_EDGE('',*,*,#2631,.F.);
#3414=ORIENTED_EDGE('',*,*,#2632,.T.);
#3415=ORIENTED_EDGE('',*,*,#2633,.F.);
#3416=ORIENTED_EDGE('',*,*,#2634,.T.);
#3417=ORIENTED_EDGE('',*,*,#2635,.F.);
#3418=ORIENTED_EDGE('',*,*,#2443,.T.);
#3419=ORIENTED_EDGE('',*,*,#2636,.T.);
#3420=ORIENTED_EDGE('',*,*,#2637,.T.);
#3421=ORIENTED_EDGE('',*,*,#2638,.F.);
#3422=ORIENTED_EDGE('',*,*,#2639,.T.);
#3423=ORIENTED_EDGE('',*,*,#2640,.T.);
#3424=ORIENTED_EDGE('',*,*,#2641,.T.);
#3425=ORIENTED_EDGE('',*,*,#2622,.T.);
#3426=ORIENTED_EDGE('',*,*,#2642,.T.);
#3427=ORIENTED_EDGE('',*,*,#2643,.T.);
#3428=ORIENTED_EDGE('',*,*,#2644,.T.);
#3429=ORIENTED_EDGE('',*,*,#2624,.T.);
#3430=ORIENTED_EDGE('',*,*,#2645,.T.);
#3431=ORIENTED_EDGE('',*,*,#2646,.T.);
#3432=ORIENTED_EDGE('',*,*,#2647,.T.);
#3433=ORIENTED_EDGE('',*,*,#2626,.T.);
#3434=ORIENTED_EDGE('',*,*,#2648,.T.);
#3435=ORIENTED_EDGE('',*,*,#2629,.T.);
#3436=ORIENTED_EDGE('',*,*,#2490,.T.);
#3437=ORIENTED_EDGE('',*,*,#2649,.T.);
#3438=ORIENTED_EDGE('',*,*,#2650,.T.);
#3439=ORIENTED_EDGE('',*,*,#2651,.T.);
#3440=ORIENTED_EDGE('',*,*,#2652,.T.);
#3441=ORIENTED_EDGE('',*,*,#2631,.T.);
#3442=ORIENTED_EDGE('',*,*,#2653,.T.);
#3443=ORIENTED_EDGE('',*,*,#2654,.T.);
#3444=ORIENTED_EDGE('',*,*,#2655,.T.);
#3445=ORIENTED_EDGE('',*,*,#2633,.T.);
#3446=ORIENTED_EDGE('',*,*,#2656,.T.);
#3447=ORIENTED_EDGE('',*,*,#2657,.T.);
#3448=ORIENTED_EDGE('',*,*,#2444,.T.);
#3449=ORIENTED_EDGE('',*,*,#2635,.T.);
#3450=ORIENTED_EDGE('',*,*,#2658,.T.);
#3451=ORIENTED_EDGE('',*,*,#2638,.T.);
#3452=ORIENTED_EDGE('',*,*,#2659,.T.);
#3453=ORIENTED_EDGE('',*,*,#2660,.T.);
#3454=ORIENTED_EDGE('',*,*,#2661,.T.);
#3455=ORIENTED_EDGE('',*,*,#2370,.F.);
#3456=ORIENTED_EDGE('',*,*,#2662,.T.);
#3457=ORIENTED_EDGE('',*,*,#2643,.F.);
#3458=ORIENTED_EDGE('',*,*,#2663,.T.);
#3459=ORIENTED_EDGE('',*,*,#2640,.F.);
#3460=ORIENTED_EDGE('',*,*,#2664,.T.);
#3461=ORIENTED_EDGE('',*,*,#2649,.F.);
#3462=ORIENTED_EDGE('',*,*,#2489,.T.);
#3463=ORIENTED_EDGE('',*,*,#2665,.T.);
#3464=ORIENTED_EDGE('',*,*,#2666,.T.);
#3465=ORIENTED_EDGE('',*,*,#2646,.F.);
#3466=ORIENTED_EDGE('',*,*,#2667,.T.);
#3467=ORIENTED_EDGE('',*,*,#2374,.F.);
#3468=ORIENTED_EDGE('',*,*,#2668,.T.);
#3469=ORIENTED_EDGE('',*,*,#2660,.F.);
#3470=ORIENTED_EDGE('',*,*,#2669,.T.);
#3471=ORIENTED_EDGE('',*,*,#2670,.T.);
#3472=ORIENTED_EDGE('',*,*,#2445,.T.);
#3473=ORIENTED_EDGE('',*,*,#2657,.F.);
#3474=ORIENTED_EDGE('',*,*,#2671,.T.);
#3475=ORIENTED_EDGE('',*,*,#2654,.F.);
#3476=ORIENTED_EDGE('',*,*,#2672,.T.);
#3477=ORIENTED_EDGE('',*,*,#2651,.F.);
#3478=ORIENTED_EDGE('',*,*,#2673,.T.);
#3479=ORIENTED_EDGE('',*,*,#2674,.F.);
#3480=ORIENTED_EDGE('',*,*,#2675,.T.);
#3481=ORIENTED_EDGE('',*,*,#2676,.F.);
#3482=ORIENTED_EDGE('',*,*,#2677,.T.);
#3483=ORIENTED_EDGE('',*,*,#2678,.F.);
#3484=ORIENTED_EDGE('',*,*,#2679,.T.);
#3485=ORIENTED_EDGE('',*,*,#2680,.T.);
#3486=ORIENTED_EDGE('',*,*,#2487,.T.);
#3487=ORIENTED_EDGE('',*,*,#2681,.F.);
#3488=ORIENTED_EDGE('',*,*,#2682,.T.);
#3489=ORIENTED_EDGE('',*,*,#2683,.F.);
#3490=ORIENTED_EDGE('',*,*,#2684,.T.);
#3491=ORIENTED_EDGE('',*,*,#2685,.F.);
#3492=ORIENTED_EDGE('',*,*,#2686,.T.);
#3493=ORIENTED_EDGE('',*,*,#2687,.F.);
#3494=ORIENTED_EDGE('',*,*,#2447,.T.);
#3495=ORIENTED_EDGE('',*,*,#2688,.T.);
#3496=ORIENTED_EDGE('',*,*,#2689,.T.);
#3497=ORIENTED_EDGE('',*,*,#2690,.F.);
#3498=ORIENTED_EDGE('',*,*,#2691,.T.);
#3499=ORIENTED_EDGE('',*,*,#2692,.T.);
#3500=ORIENTED_EDGE('',*,*,#2693,.T.);
#3501=ORIENTED_EDGE('',*,*,#2674,.T.);
#3502=ORIENTED_EDGE('',*,*,#2694,.T.);
#3503=ORIENTED_EDGE('',*,*,#2695,.T.);
#3504=ORIENTED_EDGE('',*,*,#2696,.T.);
#3505=ORIENTED_EDGE('',*,*,#2676,.T.);
#3506=ORIENTED_EDGE('',*,*,#2697,.T.);
#3507=ORIENTED_EDGE('',*,*,#2698,.T.);
#3508=ORIENTED_EDGE('',*,*,#2699,.T.);
#3509=ORIENTED_EDGE('',*,*,#2678,.T.);
#3510=ORIENTED_EDGE('',*,*,#2700,.T.);
#3511=ORIENTED_EDGE('',*,*,#2681,.T.);
#3512=ORIENTED_EDGE('',*,*,#2486,.T.);
#3513=ORIENTED_EDGE('',*,*,#2701,.T.);
#3514=ORIENTED_EDGE('',*,*,#2702,.T.);
#3515=ORIENTED_EDGE('',*,*,#2703,.T.);
#3516=ORIENTED_EDGE('',*,*,#2704,.T.);
#3517=ORIENTED_EDGE('',*,*,#2683,.T.);
#3518=ORIENTED_EDGE('',*,*,#2705,.T.);
#3519=ORIENTED_EDGE('',*,*,#2706,.T.);
#3520=ORIENTED_EDGE('',*,*,#2707,.T.);
#3521=ORIENTED_EDGE('',*,*,#2685,.T.);
#3522=ORIENTED_EDGE('',*,*,#2708,.T.);
#3523=ORIENTED_EDGE('',*,*,#2709,.T.);
#3524=ORIENTED_EDGE('',*,*,#2448,.T.);
#3525=ORIENTED_EDGE('',*,*,#2687,.T.);
#3526=ORIENTED_EDGE('',*,*,#2710,.T.);
#3527=ORIENTED_EDGE('',*,*,#2690,.T.);
#3528=ORIENTED_EDGE('',*,*,#2711,.T.);
#3529=ORIENTED_EDGE('',*,*,#2712,.T.);
#3530=ORIENTED_EDGE('',*,*,#2713,.T.);
#3531=ORIENTED_EDGE('',*,*,#2378,.F.);
#3532=ORIENTED_EDGE('',*,*,#2714,.T.);
#3533=ORIENTED_EDGE('',*,*,#2695,.F.);
#3534=ORIENTED_EDGE('',*,*,#2715,.T.);
#3535=ORIENTED_EDGE('',*,*,#2692,.F.);
#3536=ORIENTED_EDGE('',*,*,#2716,.T.);
#3537=ORIENTED_EDGE('',*,*,#2701,.F.);
#3538=ORIENTED_EDGE('',*,*,#2485,.T.);
#3539=ORIENTED_EDGE('',*,*,#2717,.T.);
#3540=ORIENTED_EDGE('',*,*,#2718,.T.);
#3541=ORIENTED_EDGE('',*,*,#2698,.F.);
#3542=ORIENTED_EDGE('',*,*,#2719,.T.);
#3543=ORIENTED_EDGE('',*,*,#2382,.F.);
#3544=ORIENTED_EDGE('',*,*,#2720,.T.);
#3545=ORIENTED_EDGE('',*,*,#2712,.F.);
#3546=ORIENTED_EDGE('',*,*,#2721,.T.);
#3547=ORIENTED_EDGE('',*,*,#2722,.T.);
#3548=ORIENTED_EDGE('',*,*,#2449,.T.);
#3549=ORIENTED_EDGE('',*,*,#2709,.F.);
#3550=ORIENTED_EDGE('',*,*,#2723,.T.);
#3551=ORIENTED_EDGE('',*,*,#2706,.F.);
#3552=ORIENTED_EDGE('',*,*,#2724,.T.);
#3553=ORIENTED_EDGE('',*,*,#2703,.F.);
#3554=ORIENTED_EDGE('',*,*,#2725,.T.);
#3555=ORIENTED_EDGE('',*,*,#2726,.F.);
#3556=ORIENTED_EDGE('',*,*,#2727,.T.);
#3557=ORIENTED_EDGE('',*,*,#2728,.F.);
#3558=ORIENTED_EDGE('',*,*,#2729,.T.);
#3559=ORIENTED_EDGE('',*,*,#2730,.F.);
#3560=ORIENTED_EDGE('',*,*,#2731,.T.);
#3561=ORIENTED_EDGE('',*,*,#2732,.T.);
#3562=ORIENTED_EDGE('',*,*,#2483,.T.);
#3563=ORIENTED_EDGE('',*,*,#2733,.F.);
#3564=ORIENTED_EDGE('',*,*,#2734,.T.);
#3565=ORIENTED_EDGE('',*,*,#2735,.F.);
#3566=ORIENTED_EDGE('',*,*,#2736,.T.);
#3567=ORIENTED_EDGE('',*,*,#2737,.F.);
#3568=ORIENTED_EDGE('',*,*,#2738,.T.);
#3569=ORIENTED_EDGE('',*,*,#2739,.F.);
#3570=ORIENTED_EDGE('',*,*,#2451,.T.);
#3571=ORIENTED_EDGE('',*,*,#2740,.T.);
#3572=ORIENTED_EDGE('',*,*,#2741,.T.);
#3573=ORIENTED_EDGE('',*,*,#2742,.F.);
#3574=ORIENTED_EDGE('',*,*,#2743,.T.);
#3575=ORIENTED_EDGE('',*,*,#2744,.T.);
#3576=ORIENTED_EDGE('',*,*,#2745,.T.);
#3577=ORIENTED_EDGE('',*,*,#2726,.T.);
#3578=ORIENTED_EDGE('',*,*,#2746,.T.);
#3579=ORIENTED_EDGE('',*,*,#2747,.T.);
#3580=ORIENTED_EDGE('',*,*,#2748,.T.);
#3581=ORIENTED_EDGE('',*,*,#2728,.T.);
#3582=ORIENTED_EDGE('',*,*,#2749,.T.);
#3583=ORIENTED_EDGE('',*,*,#2750,.T.);
#3584=ORIENTED_EDGE('',*,*,#2751,.T.);
#3585=ORIENTED_EDGE('',*,*,#2730,.T.);
#3586=ORIENTED_EDGE('',*,*,#2752,.T.);
#3587=ORIENTED_EDGE('',*,*,#2733,.T.);
#3588=ORIENTED_EDGE('',*,*,#2482,.T.);
#3589=ORIENTED_EDGE('',*,*,#2753,.T.);
#3590=ORIENTED_EDGE('',*,*,#2754,.T.);
#3591=ORIENTED_EDGE('',*,*,#2755,.T.);
#3592=ORIENTED_EDGE('',*,*,#2756,.T.);
#3593=ORIENTED_EDGE('',*,*,#2735,.T.);
#3594=ORIENTED_EDGE('',*,*,#2757,.T.);
#3595=ORIENTED_EDGE('',*,*,#2758,.T.);
#3596=ORIENTED_EDGE('',*,*,#2759,.T.);
#3597=ORIENTED_EDGE('',*,*,#2737,.T.);
#3598=ORIENTED_EDGE('',*,*,#2760,.T.);
#3599=ORIENTED_EDGE('',*,*,#2761,.T.);
#3600=ORIENTED_EDGE('',*,*,#2452,.T.);
#3601=ORIENTED_EDGE('',*,*,#2739,.T.);
#3602=ORIENTED_EDGE('',*,*,#2762,.T.);
#3603=ORIENTED_EDGE('',*,*,#2742,.T.);
#3604=ORIENTED_EDGE('',*,*,#2763,.T.);
#3605=ORIENTED_EDGE('',*,*,#2764,.T.);
#3606=ORIENTED_EDGE('',*,*,#2765,.T.);
#3607=ORIENTED_EDGE('',*,*,#2386,.F.);
#3608=ORIENTED_EDGE('',*,*,#2766,.T.);
#3609=ORIENTED_EDGE('',*,*,#2747,.F.);
#3610=ORIENTED_EDGE('',*,*,#2767,.T.);
#3611=ORIENTED_EDGE('',*,*,#2744,.F.);
#3612=ORIENTED_EDGE('',*,*,#2768,.T.);
#3613=ORIENTED_EDGE('',*,*,#2753,.F.);
#3614=ORIENTED_EDGE('',*,*,#2481,.T.);
#3615=ORIENTED_EDGE('',*,*,#2769,.T.);
#3616=ORIENTED_EDGE('',*,*,#2770,.T.);
#3617=ORIENTED_EDGE('',*,*,#2750,.F.);
#3618=ORIENTED_EDGE('',*,*,#2771,.T.);
#3619=ORIENTED_EDGE('',*,*,#2390,.F.);
#3620=ORIENTED_EDGE('',*,*,#2772,.T.);
#3621=ORIENTED_EDGE('',*,*,#2764,.F.);
#3622=ORIENTED_EDGE('',*,*,#2773,.T.);
#3623=ORIENTED_EDGE('',*,*,#2774,.T.);
#3624=ORIENTED_EDGE('',*,*,#2453,.T.);
#3625=ORIENTED_EDGE('',*,*,#2761,.F.);
#3626=ORIENTED_EDGE('',*,*,#2775,.T.);
#3627=ORIENTED_EDGE('',*,*,#2758,.F.);
#3628=ORIENTED_EDGE('',*,*,#2776,.T.);
#3629=ORIENTED_EDGE('',*,*,#2755,.F.);
#3630=ORIENTED_EDGE('',*,*,#2777,.T.);
#3631=ORIENTED_EDGE('',*,*,#2778,.F.);
#3632=ORIENTED_EDGE('',*,*,#2779,.T.);
#3633=ORIENTED_EDGE('',*,*,#2780,.F.);
#3634=ORIENTED_EDGE('',*,*,#2781,.T.);
#3635=ORIENTED_EDGE('',*,*,#2782,.F.);
#3636=ORIENTED_EDGE('',*,*,#2783,.T.);
#3637=ORIENTED_EDGE('',*,*,#2784,.T.);
#3638=ORIENTED_EDGE('',*,*,#2479,.T.);
#3639=ORIENTED_EDGE('',*,*,#2785,.F.);
#3640=ORIENTED_EDGE('',*,*,#2786,.T.);
#3641=ORIENTED_EDGE('',*,*,#2787,.F.);
#3642=ORIENTED_EDGE('',*,*,#2788,.T.);
#3643=ORIENTED_EDGE('',*,*,#2789,.F.);
#3644=ORIENTED_EDGE('',*,*,#2790,.T.);
#3645=ORIENTED_EDGE('',*,*,#2791,.F.);
#3646=ORIENTED_EDGE('',*,*,#2455,.T.);
#3647=ORIENTED_EDGE('',*,*,#2792,.T.);
#3648=ORIENTED_EDGE('',*,*,#2793,.T.);
#3649=ORIENTED_EDGE('',*,*,#2794,.F.);
#3650=ORIENTED_EDGE('',*,*,#2795,.T.);
#3651=ORIENTED_EDGE('',*,*,#2796,.T.);
#3652=ORIENTED_EDGE('',*,*,#2797,.T.);
#3653=ORIENTED_EDGE('',*,*,#2778,.T.);
#3654=ORIENTED_EDGE('',*,*,#2798,.T.);
#3655=ORIENTED_EDGE('',*,*,#2799,.T.);
#3656=ORIENTED_EDGE('',*,*,#2800,.T.);
#3657=ORIENTED_EDGE('',*,*,#2780,.T.);
#3658=ORIENTED_EDGE('',*,*,#2801,.T.);
#3659=ORIENTED_EDGE('',*,*,#2802,.T.);
#3660=ORIENTED_EDGE('',*,*,#2803,.T.);
#3661=ORIENTED_EDGE('',*,*,#2782,.T.);
#3662=ORIENTED_EDGE('',*,*,#2804,.T.);
#3663=ORIENTED_EDGE('',*,*,#2785,.T.);
#3664=ORIENTED_EDGE('',*,*,#2478,.T.);
#3665=ORIENTED_EDGE('',*,*,#2805,.T.);
#3666=ORIENTED_EDGE('',*,*,#2806,.T.);
#3667=ORIENTED_EDGE('',*,*,#2807,.T.);
#3668=ORIENTED_EDGE('',*,*,#2808,.T.);
#3669=ORIENTED_EDGE('',*,*,#2787,.T.);
#3670=ORIENTED_EDGE('',*,*,#2809,.T.);
#3671=ORIENTED_EDGE('',*,*,#2810,.T.);
#3672=ORIENTED_EDGE('',*,*,#2811,.T.);
#3673=ORIENTED_EDGE('',*,*,#2789,.T.);
#3674=ORIENTED_EDGE('',*,*,#2812,.T.);
#3675=ORIENTED_EDGE('',*,*,#2813,.T.);
#3676=ORIENTED_EDGE('',*,*,#2456,.T.);
#3677=ORIENTED_EDGE('',*,*,#2791,.T.);
#3678=ORIENTED_EDGE('',*,*,#2814,.T.);
#3679=ORIENTED_EDGE('',*,*,#2794,.T.);
#3680=ORIENTED_EDGE('',*,*,#2815,.T.);
#3681=ORIENTED_EDGE('',*,*,#2816,.T.);
#3682=ORIENTED_EDGE('',*,*,#2817,.T.);
#3683=ORIENTED_EDGE('',*,*,#2394,.F.);
#3684=ORIENTED_EDGE('',*,*,#2818,.T.);
#3685=ORIENTED_EDGE('',*,*,#2799,.F.);
#3686=ORIENTED_EDGE('',*,*,#2819,.T.);
#3687=ORIENTED_EDGE('',*,*,#2796,.F.);
#3688=ORIENTED_EDGE('',*,*,#2820,.T.);
#3689=ORIENTED_EDGE('',*,*,#2805,.F.);
#3690=ORIENTED_EDGE('',*,*,#2477,.T.);
#3691=ORIENTED_EDGE('',*,*,#2821,.T.);
#3692=ORIENTED_EDGE('',*,*,#2822,.T.);
#3693=ORIENTED_EDGE('',*,*,#2802,.F.);
#3694=ORIENTED_EDGE('',*,*,#2823,.T.);
#3695=ORIENTED_EDGE('',*,*,#2398,.F.);
#3696=ORIENTED_EDGE('',*,*,#2824,.T.);
#3697=ORIENTED_EDGE('',*,*,#2816,.F.);
#3698=ORIENTED_EDGE('',*,*,#2825,.T.);
#3699=ORIENTED_EDGE('',*,*,#2826,.T.);
#3700=ORIENTED_EDGE('',*,*,#2457,.T.);
#3701=ORIENTED_EDGE('',*,*,#2813,.F.);
#3702=ORIENTED_EDGE('',*,*,#2827,.T.);
#3703=ORIENTED_EDGE('',*,*,#2810,.F.);
#3704=ORIENTED_EDGE('',*,*,#2828,.T.);
#3705=ORIENTED_EDGE('',*,*,#2807,.F.);
#3706=ORIENTED_EDGE('',*,*,#2829,.T.);
#3707=ORIENTED_EDGE('',*,*,#2830,.F.);
#3708=ORIENTED_EDGE('',*,*,#2831,.T.);
#3709=ORIENTED_EDGE('',*,*,#2832,.F.);
#3710=ORIENTED_EDGE('',*,*,#2833,.T.);
#3711=ORIENTED_EDGE('',*,*,#2834,.F.);
#3712=ORIENTED_EDGE('',*,*,#2835,.T.);
#3713=ORIENTED_EDGE('',*,*,#2836,.T.);
#3714=ORIENTED_EDGE('',*,*,#2475,.T.);
#3715=ORIENTED_EDGE('',*,*,#2837,.F.);
#3716=ORIENTED_EDGE('',*,*,#2838,.T.);
#3717=ORIENTED_EDGE('',*,*,#2839,.F.);
#3718=ORIENTED_EDGE('',*,*,#2840,.T.);
#3719=ORIENTED_EDGE('',*,*,#2841,.F.);
#3720=ORIENTED_EDGE('',*,*,#2842,.T.);
#3721=ORIENTED_EDGE('',*,*,#2843,.F.);
#3722=ORIENTED_EDGE('',*,*,#2459,.T.);
#3723=ORIENTED_EDGE('',*,*,#2844,.T.);
#3724=ORIENTED_EDGE('',*,*,#2845,.T.);
#3725=ORIENTED_EDGE('',*,*,#2846,.F.);
#3726=ORIENTED_EDGE('',*,*,#2847,.T.);
#3727=ORIENTED_EDGE('',*,*,#2848,.T.);
#3728=ORIENTED_EDGE('',*,*,#2849,.T.);
#3729=ORIENTED_EDGE('',*,*,#2830,.T.);
#3730=ORIENTED_EDGE('',*,*,#2850,.T.);
#3731=ORIENTED_EDGE('',*,*,#2851,.T.);
#3732=ORIENTED_EDGE('',*,*,#2852,.T.);
#3733=ORIENTED_EDGE('',*,*,#2832,.T.);
#3734=ORIENTED_EDGE('',*,*,#2853,.T.);
#3735=ORIENTED_EDGE('',*,*,#2854,.T.);
#3736=ORIENTED_EDGE('',*,*,#2855,.T.);
#3737=ORIENTED_EDGE('',*,*,#2834,.T.);
#3738=ORIENTED_EDGE('',*,*,#2856,.T.);
#3739=ORIENTED_EDGE('',*,*,#2837,.T.);
#3740=ORIENTED_EDGE('',*,*,#2474,.T.);
#3741=ORIENTED_EDGE('',*,*,#2857,.T.);
#3742=ORIENTED_EDGE('',*,*,#2858,.T.);
#3743=ORIENTED_EDGE('',*,*,#2859,.T.);
#3744=ORIENTED_EDGE('',*,*,#2860,.T.);
#3745=ORIENTED_EDGE('',*,*,#2839,.T.);
#3746=ORIENTED_EDGE('',*,*,#2861,.T.);
#3747=ORIENTED_EDGE('',*,*,#2862,.T.);
#3748=ORIENTED_EDGE('',*,*,#2863,.T.);
#3749=ORIENTED_EDGE('',*,*,#2841,.T.);
#3750=ORIENTED_EDGE('',*,*,#2864,.T.);
#3751=ORIENTED_EDGE('',*,*,#2865,.T.);
#3752=ORIENTED_EDGE('',*,*,#2460,.T.);
#3753=ORIENTED_EDGE('',*,*,#2843,.T.);
#3754=ORIENTED_EDGE('',*,*,#2866,.T.);
#3755=ORIENTED_EDGE('',*,*,#2846,.T.);
#3756=ORIENTED_EDGE('',*,*,#2867,.T.);
#3757=ORIENTED_EDGE('',*,*,#2868,.T.);
#3758=ORIENTED_EDGE('',*,*,#2869,.T.);
#3759=ORIENTED_EDGE('',*,*,#2402,.F.);
#3760=ORIENTED_EDGE('',*,*,#2870,.T.);
#3761=ORIENTED_EDGE('',*,*,#2851,.F.);
#3762=ORIENTED_EDGE('',*,*,#2871,.T.);
#3763=ORIENTED_EDGE('',*,*,#2848,.F.);
#3764=ORIENTED_EDGE('',*,*,#2872,.T.);
#3765=ORIENTED_EDGE('',*,*,#2857,.F.);
#3766=ORIENTED_EDGE('',*,*,#2473,.T.);
#3767=ORIENTED_EDGE('',*,*,#2873,.T.);
#3768=ORIENTED_EDGE('',*,*,#2874,.T.);
#3769=ORIENTED_EDGE('',*,*,#2854,.F.);
#3770=ORIENTED_EDGE('',*,*,#2875,.T.);
#3771=ORIENTED_EDGE('',*,*,#2406,.F.);
#3772=ORIENTED_EDGE('',*,*,#2876,.T.);
#3773=ORIENTED_EDGE('',*,*,#2868,.F.);
#3774=ORIENTED_EDGE('',*,*,#2877,.T.);
#3775=ORIENTED_EDGE('',*,*,#2878,.T.);
#3776=ORIENTED_EDGE('',*,*,#2461,.T.);
#3777=ORIENTED_EDGE('',*,*,#2865,.F.);
#3778=ORIENTED_EDGE('',*,*,#2879,.T.);
#3779=ORIENTED_EDGE('',*,*,#2862,.F.);
#3780=ORIENTED_EDGE('',*,*,#2880,.T.);
#3781=ORIENTED_EDGE('',*,*,#2859,.F.);
#3782=ORIENTED_EDGE('',*,*,#2881,.T.);
#3783=ORIENTED_EDGE('',*,*,#2882,.F.);
#3784=ORIENTED_EDGE('',*,*,#2883,.T.);
#3785=ORIENTED_EDGE('',*,*,#2884,.F.);
#3786=ORIENTED_EDGE('',*,*,#2885,.T.);
#3787=ORIENTED_EDGE('',*,*,#2886,.F.);
#3788=ORIENTED_EDGE('',*,*,#2887,.T.);
#3789=ORIENTED_EDGE('',*,*,#2888,.T.);
#3790=ORIENTED_EDGE('',*,*,#2471,.T.);
#3791=ORIENTED_EDGE('',*,*,#2889,.F.);
#3792=ORIENTED_EDGE('',*,*,#2890,.T.);
#3793=ORIENTED_EDGE('',*,*,#2891,.F.);
#3794=ORIENTED_EDGE('',*,*,#2892,.T.);
#3795=ORIENTED_EDGE('',*,*,#2893,.F.);
#3796=ORIENTED_EDGE('',*,*,#2894,.T.);
#3797=ORIENTED_EDGE('',*,*,#2895,.F.);
#3798=ORIENTED_EDGE('',*,*,#2463,.T.);
#3799=ORIENTED_EDGE('',*,*,#2896,.T.);
#3800=ORIENTED_EDGE('',*,*,#2897,.T.);
#3801=ORIENTED_EDGE('',*,*,#2898,.T.);
#3802=ORIENTED_EDGE('',*,*,#2882,.T.);
#3803=ORIENTED_EDGE('',*,*,#2899,.T.);
#3804=ORIENTED_EDGE('',*,*,#2900,.T.);
#3805=ORIENTED_EDGE('',*,*,#2901,.T.);
#3806=ORIENTED_EDGE('',*,*,#2884,.T.);
#3807=ORIENTED_EDGE('',*,*,#2902,.T.);
#3808=ORIENTED_EDGE('',*,*,#2903,.T.);
#3809=ORIENTED_EDGE('',*,*,#2904,.T.);
#3810=ORIENTED_EDGE('',*,*,#2886,.T.);
#3811=ORIENTED_EDGE('',*,*,#2905,.T.);
#3812=ORIENTED_EDGE('',*,*,#2889,.T.);
#3813=ORIENTED_EDGE('',*,*,#2470,.T.);
#3814=ORIENTED_EDGE('',*,*,#2906,.T.);
#3815=ORIENTED_EDGE('',*,*,#2907,.F.);
#3816=ORIENTED_EDGE('',*,*,#2908,.T.);
#3817=ORIENTED_EDGE('',*,*,#2909,.T.);
#3818=ORIENTED_EDGE('',*,*,#2893,.T.);
#3819=ORIENTED_EDGE('',*,*,#2910,.T.);
#3820=ORIENTED_EDGE('',*,*,#2911,.T.);
#3821=ORIENTED_EDGE('',*,*,#2912,.T.);
#3822=ORIENTED_EDGE('',*,*,#2464,.T.);
#3823=ORIENTED_EDGE('',*,*,#2895,.T.);
#3824=ORIENTED_EDGE('',*,*,#2913,.T.);
#3825=ORIENTED_EDGE('',*,*,#2410,.F.);
#3826=ORIENTED_EDGE('',*,*,#2914,.T.);
#3827=ORIENTED_EDGE('',*,*,#2900,.F.);
#3828=ORIENTED_EDGE('',*,*,#2915,.T.);
#3829=ORIENTED_EDGE('',*,*,#2897,.F.);
#3830=ORIENTED_EDGE('',*,*,#2916,.T.);
#3831=ORIENTED_EDGE('',*,*,#2906,.F.);
#3832=ORIENTED_EDGE('',*,*,#2469,.T.);
#3833=ORIENTED_EDGE('',*,*,#2917,.T.);
#3834=ORIENTED_EDGE('',*,*,#2918,.T.);
#3835=ORIENTED_EDGE('',*,*,#2903,.F.);
#3836=ORIENTED_EDGE('',*,*,#2919,.T.);
#3837=ORIENTED_EDGE('',*,*,#2465,.T.);
#3838=ORIENTED_EDGE('',*,*,#2912,.F.);
#3839=ORIENTED_EDGE('',*,*,#2920,.F.);
#3840=ORIENTED_EDGE('',*,*,#2921,.T.);
#3841=ORIENTED_EDGE('',*,*,#2908,.F.);
#3842=ORIENTED_EDGE('',*,*,#2922,.F.);
#3843=ORIENTED_EDGE('',*,*,#2923,.F.);
#3844=ORIENTED_EDGE('',*,*,#2311,.T.);
#3845=ORIENTED_EDGE('',*,*,#2924,.T.);
#3846=ORIENTED_EDGE('',*,*,#2883,.F.);
#3847=ORIENTED_EDGE('',*,*,#2901,.F.);
#3848=ORIENTED_EDGE('',*,*,#2914,.F.);
#3849=ORIENTED_EDGE('',*,*,#2899,.F.);
#3850=ORIENTED_EDGE('',*,*,#2831,.F.);
#3851=ORIENTED_EDGE('',*,*,#2852,.F.);
#3852=ORIENTED_EDGE('',*,*,#2870,.F.);
#3853=ORIENTED_EDGE('',*,*,#2850,.F.);
#3854=ORIENTED_EDGE('',*,*,#2779,.F.);
#3855=ORIENTED_EDGE('',*,*,#2800,.F.);
#3856=ORIENTED_EDGE('',*,*,#2818,.F.);
#3857=ORIENTED_EDGE('',*,*,#2798,.F.);
#3858=ORIENTED_EDGE('',*,*,#2727,.F.);
#3859=ORIENTED_EDGE('',*,*,#2748,.F.);
#3860=ORIENTED_EDGE('',*,*,#2766,.F.);
#3861=ORIENTED_EDGE('',*,*,#2746,.F.);
#3862=ORIENTED_EDGE('',*,*,#2675,.F.);
#3863=ORIENTED_EDGE('',*,*,#2696,.F.);
#3864=ORIENTED_EDGE('',*,*,#2714,.F.);
#3865=ORIENTED_EDGE('',*,*,#2694,.F.);
#3866=ORIENTED_EDGE('',*,*,#2623,.F.);
#3867=ORIENTED_EDGE('',*,*,#2644,.F.);
#3868=ORIENTED_EDGE('',*,*,#2662,.F.);
#3869=ORIENTED_EDGE('',*,*,#2642,.F.);
#3870=ORIENTED_EDGE('',*,*,#2571,.F.);
#3871=ORIENTED_EDGE('',*,*,#2592,.F.);
#3872=ORIENTED_EDGE('',*,*,#2610,.F.);
#3873=ORIENTED_EDGE('',*,*,#2590,.F.);
#3874=ORIENTED_EDGE('',*,*,#2503,.F.);
#3875=ORIENTED_EDGE('',*,*,#2524,.F.);
#3876=ORIENTED_EDGE('',*,*,#2558,.F.);
#3877=ORIENTED_EDGE('',*,*,#2522,.F.);
#3878=ORIENTED_EDGE('',*,*,#2925,.F.);
#3879=ORIENTED_EDGE('',*,*,#2924,.F.);
#3880=ORIENTED_EDGE('',*,*,#2310,.T.);
#3881=ORIENTED_EDGE('',*,*,#2926,.T.);
#3882=ORIENTED_EDGE('',*,*,#2881,.F.);
#3883=ORIENTED_EDGE('',*,*,#2898,.F.);
#3884=ORIENTED_EDGE('',*,*,#2915,.F.);
#3885=ORIENTED_EDGE('',*,*,#2896,.F.);
#3886=ORIENTED_EDGE('',*,*,#2829,.F.);
#3887=ORIENTED_EDGE('',*,*,#2849,.F.);
#3888=ORIENTED_EDGE('',*,*,#2871,.F.);
#3889=ORIENTED_EDGE('',*,*,#2847,.F.);
#3890=ORIENTED_EDGE('',*,*,#2777,.F.);
#3891=ORIENTED_EDGE('',*,*,#2797,.F.);
#3892=ORIENTED_EDGE('',*,*,#2819,.F.);
#3893=ORIENTED_EDGE('',*,*,#2795,.F.);
#3894=ORIENTED_EDGE('',*,*,#2725,.F.);
#3895=ORIENTED_EDGE('',*,*,#2745,.F.);
#3896=ORIENTED_EDGE('',*,*,#2767,.F.);
#3897=ORIENTED_EDGE('',*,*,#2743,.F.);
#3898=ORIENTED_EDGE('',*,*,#2673,.F.);
#3899=ORIENTED_EDGE('',*,*,#2693,.F.);
#3900=ORIENTED_EDGE('',*,*,#2715,.F.);
#3901=ORIENTED_EDGE('',*,*,#2691,.F.);
#3902=ORIENTED_EDGE('',*,*,#2621,.F.);
#3903=ORIENTED_EDGE('',*,*,#2641,.F.);
#3904=ORIENTED_EDGE('',*,*,#2663,.F.);
#3905=ORIENTED_EDGE('',*,*,#2639,.F.);
#3906=ORIENTED_EDGE('',*,*,#2569,.F.);
#3907=ORIENTED_EDGE('',*,*,#2589,.F.);
#3908=ORIENTED_EDGE('',*,*,#2611,.F.);
#3909=ORIENTED_EDGE('',*,*,#2587,.F.);
#3910=ORIENTED_EDGE('',*,*,#2501,.F.);
#3911=ORIENTED_EDGE('',*,*,#2521,.F.);
#3912=ORIENTED_EDGE('',*,*,#2559,.F.);
#3913=ORIENTED_EDGE('',*,*,#2519,.F.);
#3914=ORIENTED_EDGE('',*,*,#2927,.F.);
#3915=ORIENTED_EDGE('',*,*,#2928,.F.);
#3916=ORIENTED_EDGE('',*,*,#2304,.T.);
#3917=ORIENTED_EDGE('',*,*,#2550,.F.);
#3918=ORIENTED_EDGE('',*,*,#2554,.F.);
#3919=ORIENTED_EDGE('',*,*,#2301,.T.);
#3920=ORIENTED_EDGE('',*,*,#2929,.T.);
#3921=ORIENTED_EDGE('',*,*,#2930,.F.);
#3922=ORIENTED_EDGE('',*,*,#2910,.F.);
#3923=ORIENTED_EDGE('',*,*,#2892,.F.);
#3924=ORIENTED_EDGE('',*,*,#2909,.F.);
#3925=ORIENTED_EDGE('',*,*,#2921,.F.);
#3926=ORIENTED_EDGE('',*,*,#2840,.F.);
#3927=ORIENTED_EDGE('',*,*,#2863,.F.);
#3928=ORIENTED_EDGE('',*,*,#2879,.F.);
#3929=ORIENTED_EDGE('',*,*,#2861,.F.);
#3930=ORIENTED_EDGE('',*,*,#2788,.F.);
#3931=ORIENTED_EDGE('',*,*,#2811,.F.);
#3932=ORIENTED_EDGE('',*,*,#2827,.F.);
#3933=ORIENTED_EDGE('',*,*,#2809,.F.);
#3934=ORIENTED_EDGE('',*,*,#2736,.F.);
#3935=ORIENTED_EDGE('',*,*,#2759,.F.);
#3936=ORIENTED_EDGE('',*,*,#2775,.F.);
#3937=ORIENTED_EDGE('',*,*,#2757,.F.);
#3938=ORIENTED_EDGE('',*,*,#2684,.F.);
#3939=ORIENTED_EDGE('',*,*,#2707,.F.);
#3940=ORIENTED_EDGE('',*,*,#2723,.F.);
#3941=ORIENTED_EDGE('',*,*,#2705,.F.);
#3942=ORIENTED_EDGE('',*,*,#2632,.F.);
#3943=ORIENTED_EDGE('',*,*,#2655,.F.);
#3944=ORIENTED_EDGE('',*,*,#2671,.F.);
#3945=ORIENTED_EDGE('',*,*,#2653,.F.);
#3946=ORIENTED_EDGE('',*,*,#2580,.F.);
#3947=ORIENTED_EDGE('',*,*,#2603,.F.);
#3948=ORIENTED_EDGE('',*,*,#2619,.F.);
#3949=ORIENTED_EDGE('',*,*,#2601,.F.);
#3950=ORIENTED_EDGE('',*,*,#2512,.F.);
#3951=ORIENTED_EDGE('',*,*,#2538,.F.);
#3952=ORIENTED_EDGE('',*,*,#2567,.F.);
#3953=ORIENTED_EDGE('',*,*,#2536,.F.);
#3954=ORIENTED_EDGE('',*,*,#2931,.F.);
#3955=ORIENTED_EDGE('',*,*,#2932,.F.);
#3956=ORIENTED_EDGE('',*,*,#2312,.T.);
#3957=ORIENTED_EDGE('',*,*,#2923,.T.);
#3958=ORIENTED_EDGE('',*,*,#2429,.F.);
#3959=ORIENTED_EDGE('',*,*,#2411,.F.);
#3960=ORIENTED_EDGE('',*,*,#2913,.F.);
#3961=ORIENTED_EDGE('',*,*,#2409,.F.);
#3962=ORIENTED_EDGE('',*,*,#2427,.F.);
#3963=ORIENTED_EDGE('',*,*,#2403,.F.);
#3964=ORIENTED_EDGE('',*,*,#2869,.F.);
#3965=ORIENTED_EDGE('',*,*,#2401,.F.);
#3966=ORIENTED_EDGE('',*,*,#2425,.F.);
#3967=ORIENTED_EDGE('',*,*,#2395,.F.);
#3968=ORIENTED_EDGE('',*,*,#2817,.F.);
#3969=ORIENTED_EDGE('',*,*,#2393,.F.);
#3970=ORIENTED_EDGE('',*,*,#2423,.F.);
#3971=ORIENTED_EDGE('',*,*,#2387,.F.);
#3972=ORIENTED_EDGE('',*,*,#2765,.F.);
#3973=ORIENTED_EDGE('',*,*,#2385,.F.);
#3974=ORIENTED_EDGE('',*,*,#2421,.F.);
#3975=ORIENTED_EDGE('',*,*,#2379,.F.);
#3976=ORIENTED_EDGE('',*,*,#2713,.F.);
#3977=ORIENTED_EDGE('',*,*,#2377,.F.);
#3978=ORIENTED_EDGE('',*,*,#2419,.F.);
#3979=ORIENTED_EDGE('',*,*,#2371,.F.);
#3980=ORIENTED_EDGE('',*,*,#2661,.F.);
#3981=ORIENTED_EDGE('',*,*,#2369,.F.);
#3982=ORIENTED_EDGE('',*,*,#2417,.F.);
#3983=ORIENTED_EDGE('',*,*,#2363,.F.);
#3984=ORIENTED_EDGE('',*,*,#2609,.F.);
#3985=ORIENTED_EDGE('',*,*,#2361,.F.);
#3986=ORIENTED_EDGE('',*,*,#2415,.F.);
#3987=ORIENTED_EDGE('',*,*,#2355,.F.);
#3988=ORIENTED_EDGE('',*,*,#2557,.F.);
#3989=ORIENTED_EDGE('',*,*,#2353,.F.);
#3990=ORIENTED_EDGE('',*,*,#2933,.F.);
#3991=ORIENTED_EDGE('',*,*,#2466,.F.);
#3992=ORIENTED_EDGE('',*,*,#2919,.F.);
#3993=ORIENTED_EDGE('',*,*,#2911,.F.);
#3994=ORIENTED_EDGE('',*,*,#2894,.F.);
#3995=ORIENTED_EDGE('',*,*,#2462,.F.);
#3996=ORIENTED_EDGE('',*,*,#2878,.F.);
#3997=ORIENTED_EDGE('',*,*,#2864,.F.);
#3998=ORIENTED_EDGE('',*,*,#2842,.F.);
#3999=ORIENTED_EDGE('',*,*,#2458,.F.);
#4000=ORIENTED_EDGE('',*,*,#2826,.F.);
#4001=ORIENTED_EDGE('',*,*,#2812,.F.);
#4002=ORIENTED_EDGE('',*,*,#2790,.F.);
#4003=ORIENTED_EDGE('',*,*,#2454,.F.);
#4004=ORIENTED_EDGE('',*,*,#2774,.F.);
#4005=ORIENTED_EDGE('',*,*,#2760,.F.);
#4006=ORIENTED_EDGE('',*,*,#2738,.F.);
#4007=ORIENTED_EDGE('',*,*,#2450,.F.);
#4008=ORIENTED_EDGE('',*,*,#2722,.F.);
#4009=ORIENTED_EDGE('',*,*,#2708,.F.);
#4010=ORIENTED_EDGE('',*,*,#2686,.F.);
#4011=ORIENTED_EDGE('',*,*,#2446,.F.);
#4012=ORIENTED_EDGE('',*,*,#2670,.F.);
#4013=ORIENTED_EDGE('',*,*,#2656,.F.);
#4014=ORIENTED_EDGE('',*,*,#2634,.F.);
#4015=ORIENTED_EDGE('',*,*,#2442,.F.);
#4016=ORIENTED_EDGE('',*,*,#2618,.F.);
#4017=ORIENTED_EDGE('',*,*,#2604,.F.);
#4018=ORIENTED_EDGE('',*,*,#2582,.F.);
#4019=ORIENTED_EDGE('',*,*,#2438,.F.);
#4020=ORIENTED_EDGE('',*,*,#2566,.F.);
#4021=ORIENTED_EDGE('',*,*,#2539,.F.);
#4022=ORIENTED_EDGE('',*,*,#2514,.F.);
#4023=ORIENTED_EDGE('',*,*,#2434,.F.);
#4024=ORIENTED_EDGE('',*,*,#2305,.T.);
#4025=ORIENTED_EDGE('',*,*,#2928,.T.);
#4026=ORIENTED_EDGE('',*,*,#2934,.F.);
#4027=ORIENTED_EDGE('',*,*,#2926,.F.);
#4028=ORIENTED_EDGE('',*,*,#2309,.T.);
#4029=ORIENTED_EDGE('',*,*,#2500,.F.);
#4030=ORIENTED_EDGE('',*,*,#2508,.F.);
#4031=ORIENTED_EDGE('',*,*,#2528,.F.);
#4032=ORIENTED_EDGE('',*,*,#2560,.F.);
#4033=ORIENTED_EDGE('',*,*,#2496,.F.);
#4034=ORIENTED_EDGE('',*,*,#2576,.F.);
#4035=ORIENTED_EDGE('',*,*,#2596,.F.);
#4036=ORIENTED_EDGE('',*,*,#2612,.F.);
#4037=ORIENTED_EDGE('',*,*,#2492,.F.);
#4038=ORIENTED_EDGE('',*,*,#2628,.F.);
#4039=ORIENTED_EDGE('',*,*,#2648,.F.);
#4040=ORIENTED_EDGE('',*,*,#2664,.F.);
#4041=ORIENTED_EDGE('',*,*,#2488,.F.);
#4042=ORIENTED_EDGE('',*,*,#2680,.F.);
#4043=ORIENTED_EDGE('',*,*,#2700,.F.);
#4044=ORIENTED_EDGE('',*,*,#2716,.F.);
#4045=ORIENTED_EDGE('',*,*,#2484,.F.);
#4046=ORIENTED_EDGE('',*,*,#2732,.F.);
#4047=ORIENTED_EDGE('',*,*,#2752,.F.);
#4048=ORIENTED_EDGE('',*,*,#2768,.F.);
#4049=ORIENTED_EDGE('',*,*,#2480,.F.);
#4050=ORIENTED_EDGE('',*,*,#2784,.F.);
#4051=ORIENTED_EDGE('',*,*,#2804,.F.);
#4052=ORIENTED_EDGE('',*,*,#2820,.F.);
#4053=ORIENTED_EDGE('',*,*,#2476,.F.);
#4054=ORIENTED_EDGE('',*,*,#2836,.F.);
#4055=ORIENTED_EDGE('',*,*,#2856,.F.);
#4056=ORIENTED_EDGE('',*,*,#2872,.F.);
#4057=ORIENTED_EDGE('',*,*,#2472,.F.);
#4058=ORIENTED_EDGE('',*,*,#2888,.F.);
#4059=ORIENTED_EDGE('',*,*,#2905,.F.);
#4060=ORIENTED_EDGE('',*,*,#2916,.F.);
#4061=ORIENTED_EDGE('',*,*,#2468,.F.);
#4062=ORIENTED_EDGE('',*,*,#2935,.F.);
#4063=ORIENTED_EDGE('',*,*,#2936,.F.);
#4064=ORIENTED_EDGE('',*,*,#2890,.F.);
#4065=ORIENTED_EDGE('',*,*,#2937,.F.);
#4066=ORIENTED_EDGE('',*,*,#2938,.F.);
#4067=ORIENTED_EDGE('',*,*,#2929,.F.);
#4068=ORIENTED_EDGE('',*,*,#2300,.T.);
#4069=ORIENTED_EDGE('',*,*,#2352,.F.);
#4070=ORIENTED_EDGE('',*,*,#2544,.F.);
#4071=ORIENTED_EDGE('',*,*,#2350,.F.);
#4072=ORIENTED_EDGE('',*,*,#2322,.T.);
#4073=ORIENTED_EDGE('',*,*,#2939,.T.);
#4074=ORIENTED_EDGE('',*,*,#2510,.F.);
#4075=ORIENTED_EDGE('',*,*,#2535,.F.);
#4076=ORIENTED_EDGE('',*,*,#2568,.F.);
#4077=ORIENTED_EDGE('',*,*,#2533,.F.);
#4078=ORIENTED_EDGE('',*,*,#2578,.F.);
#4079=ORIENTED_EDGE('',*,*,#2600,.F.);
#4080=ORIENTED_EDGE('',*,*,#2620,.F.);
#4081=ORIENTED_EDGE('',*,*,#2598,.F.);
#4082=ORIENTED_EDGE('',*,*,#2630,.F.);
#4083=ORIENTED_EDGE('',*,*,#2652,.F.);
#4084=ORIENTED_EDGE('',*,*,#2672,.F.);
#4085=ORIENTED_EDGE('',*,*,#2650,.F.);
#4086=ORIENTED_EDGE('',*,*,#2682,.F.);
#4087=ORIENTED_EDGE('',*,*,#2704,.F.);
#4088=ORIENTED_EDGE('',*,*,#2724,.F.);
#4089=ORIENTED_EDGE('',*,*,#2702,.F.);
#4090=ORIENTED_EDGE('',*,*,#2734,.F.);
#4091=ORIENTED_EDGE('',*,*,#2756,.F.);
#4092=ORIENTED_EDGE('',*,*,#2776,.F.);
#4093=ORIENTED_EDGE('',*,*,#2754,.F.);
#4094=ORIENTED_EDGE('',*,*,#2786,.F.);
#4095=ORIENTED_EDGE('',*,*,#2808,.F.);
#4096=ORIENTED_EDGE('',*,*,#2828,.F.);
#4097=ORIENTED_EDGE('',*,*,#2806,.F.);
#4098=ORIENTED_EDGE('',*,*,#2838,.F.);
#4099=ORIENTED_EDGE('',*,*,#2860,.F.);
#4100=ORIENTED_EDGE('',*,*,#2880,.F.);
#4101=ORIENTED_EDGE('',*,*,#2858,.F.);
#4102=ORIENTED_EDGE('',*,*,#2940,.F.);
#4103=ORIENTED_EDGE('',*,*,#2937,.T.);
#4104=ORIENTED_EDGE('',*,*,#2891,.T.);
#4105=ORIENTED_EDGE('',*,*,#2936,.T.);
#4106=ORIENTED_EDGE('',*,*,#2941,.F.);
#4107=ORIENTED_EDGE('',*,*,#2942,.F.);
#4108=ORIENTED_EDGE('',*,*,#2943,.F.);
#4109=ORIENTED_EDGE('',*,*,#2944,.F.);
#4110=ORIENTED_EDGE('',*,*,#2939,.F.);
#4111=ORIENTED_EDGE('',*,*,#2321,.T.);
#4112=ORIENTED_EDGE('',*,*,#2553,.F.);
#4113=ORIENTED_EDGE('',*,*,#2545,.F.);
#4114=ORIENTED_EDGE('',*,*,#2552,.F.);
#4115=ORIENTED_EDGE('',*,*,#2413,.F.);
#4116=ORIENTED_EDGE('',*,*,#2318,.T.);
#4117=ORIENTED_EDGE('',*,*,#2945,.T.);
#4118=ORIENTED_EDGE('',*,*,#2428,.F.);
#4119=ORIENTED_EDGE('',*,*,#2407,.F.);
#4120=ORIENTED_EDGE('',*,*,#2875,.F.);
#4121=ORIENTED_EDGE('',*,*,#2405,.F.);
#4122=ORIENTED_EDGE('',*,*,#2426,.F.);
#4123=ORIENTED_EDGE('',*,*,#2399,.F.);
#4124=ORIENTED_EDGE('',*,*,#2823,.F.);
#4125=ORIENTED_EDGE('',*,*,#2397,.F.);
#4126=ORIENTED_EDGE('',*,*,#2424,.F.);
#4127=ORIENTED_EDGE('',*,*,#2391,.F.);
#4128=ORIENTED_EDGE('',*,*,#2771,.F.);
#4129=ORIENTED_EDGE('',*,*,#2389,.F.);
#4130=ORIENTED_EDGE('',*,*,#2422,.F.);
#4131=ORIENTED_EDGE('',*,*,#2383,.F.);
#4132=ORIENTED_EDGE('',*,*,#2719,.F.);
#4133=ORIENTED_EDGE('',*,*,#2381,.F.);
#4134=ORIENTED_EDGE('',*,*,#2420,.F.);
#4135=ORIENTED_EDGE('',*,*,#2375,.F.);
#4136=ORIENTED_EDGE('',*,*,#2667,.F.);
#4137=ORIENTED_EDGE('',*,*,#2373,.F.);
#4138=ORIENTED_EDGE('',*,*,#2418,.F.);
#4139=ORIENTED_EDGE('',*,*,#2367,.F.);
#4140=ORIENTED_EDGE('',*,*,#2615,.F.);
#4141=ORIENTED_EDGE('',*,*,#2365,.F.);
#4142=ORIENTED_EDGE('',*,*,#2416,.F.);
#4143=ORIENTED_EDGE('',*,*,#2359,.F.);
#4144=ORIENTED_EDGE('',*,*,#2563,.F.);
#4145=ORIENTED_EDGE('',*,*,#2357,.F.);
#4146=ORIENTED_EDGE('',*,*,#2946,.F.);
#4147=ORIENTED_EDGE('',*,*,#2943,.T.);
#4148=ORIENTED_EDGE('',*,*,#2947,.T.);
#4149=ORIENTED_EDGE('',*,*,#2948,.F.);
#4150=ORIENTED_EDGE('',*,*,#2947,.F.);
#4151=ORIENTED_EDGE('',*,*,#2942,.T.);
#4152=ORIENTED_EDGE('',*,*,#2949,.F.);
#4153=ORIENTED_EDGE('',*,*,#2945,.F.);
#4154=ORIENTED_EDGE('',*,*,#2317,.T.);
#4155=ORIENTED_EDGE('',*,*,#2950,.F.);
#4156=ORIENTED_EDGE('',*,*,#2530,.F.);
#4157=ORIENTED_EDGE('',*,*,#2555,.F.);
#4158=ORIENTED_EDGE('',*,*,#2547,.F.);
#4159=ORIENTED_EDGE('',*,*,#2951,.F.);
#4160=ORIENTED_EDGE('',*,*,#2516,.F.);
#4161=ORIENTED_EDGE('',*,*,#2541,.F.);
#4162=ORIENTED_EDGE('',*,*,#2564,.F.);
#4163=ORIENTED_EDGE('',*,*,#2952,.F.);
#4164=ORIENTED_EDGE('',*,*,#2584,.F.);
#4165=ORIENTED_EDGE('',*,*,#2606,.F.);
#4166=ORIENTED_EDGE('',*,*,#2616,.F.);
#4167=ORIENTED_EDGE('',*,*,#2953,.F.);
#4168=ORIENTED_EDGE('',*,*,#2636,.F.);
#4169=ORIENTED_EDGE('',*,*,#2658,.F.);
#4170=ORIENTED_EDGE('',*,*,#2668,.F.);
#4171=ORIENTED_EDGE('',*,*,#2954,.F.);
#4172=ORIENTED_EDGE('',*,*,#2688,.F.);
#4173=ORIENTED_EDGE('',*,*,#2710,.F.);
#4174=ORIENTED_EDGE('',*,*,#2720,.F.);
#4175=ORIENTED_EDGE('',*,*,#2955,.F.);
#4176=ORIENTED_EDGE('',*,*,#2740,.F.);
#4177=ORIENTED_EDGE('',*,*,#2762,.F.);
#4178=ORIENTED_EDGE('',*,*,#2772,.F.);
#4179=ORIENTED_EDGE('',*,*,#2956,.F.);
#4180=ORIENTED_EDGE('',*,*,#2792,.F.);
#4181=ORIENTED_EDGE('',*,*,#2814,.F.);
#4182=ORIENTED_EDGE('',*,*,#2824,.F.);
#4183=ORIENTED_EDGE('',*,*,#2957,.F.);
#4184=ORIENTED_EDGE('',*,*,#2844,.F.);
#4185=ORIENTED_EDGE('',*,*,#2866,.F.);
#4186=ORIENTED_EDGE('',*,*,#2876,.F.);
#4187=ORIENTED_EDGE('',*,*,#2958,.F.);
#4188=ORIENTED_EDGE('',*,*,#2959,.F.);
#4189=ORIENTED_EDGE('',*,*,#2958,.T.);
#4190=ORIENTED_EDGE('',*,*,#2877,.F.);
#4191=ORIENTED_EDGE('',*,*,#2867,.F.);
#4192=ORIENTED_EDGE('',*,*,#2845,.F.);
#4193=ORIENTED_EDGE('',*,*,#2957,.T.);
#4194=ORIENTED_EDGE('',*,*,#2825,.F.);
#4195=ORIENTED_EDGE('',*,*,#2815,.F.);
#4196=ORIENTED_EDGE('',*,*,#2793,.F.);
#4197=ORIENTED_EDGE('',*,*,#2956,.T.);
#4198=ORIENTED_EDGE('',*,*,#2773,.F.);
#4199=ORIENTED_EDGE('',*,*,#2763,.F.);
#4200=ORIENTED_EDGE('',*,*,#2741,.F.);
#4201=ORIENTED_EDGE('',*,*,#2955,.T.);
#4202=ORIENTED_EDGE('',*,*,#2721,.F.);
#4203=ORIENTED_EDGE('',*,*,#2711,.F.);
#4204=ORIENTED_EDGE('',*,*,#2689,.F.);
#4205=ORIENTED_EDGE('',*,*,#2954,.T.);
#4206=ORIENTED_EDGE('',*,*,#2669,.F.);
#4207=ORIENTED_EDGE('',*,*,#2659,.F.);
#4208=ORIENTED_EDGE('',*,*,#2637,.F.);
#4209=ORIENTED_EDGE('',*,*,#2953,.T.);
#4210=ORIENTED_EDGE('',*,*,#2617,.F.);
#4211=ORIENTED_EDGE('',*,*,#2607,.F.);
#4212=ORIENTED_EDGE('',*,*,#2585,.F.);
#4213=ORIENTED_EDGE('',*,*,#2952,.T.);
#4214=ORIENTED_EDGE('',*,*,#2565,.F.);
#4215=ORIENTED_EDGE('',*,*,#2542,.F.);
#4216=ORIENTED_EDGE('',*,*,#2517,.F.);
#4217=ORIENTED_EDGE('',*,*,#2951,.T.);
#4218=ORIENTED_EDGE('',*,*,#2549,.F.);
#4219=ORIENTED_EDGE('',*,*,#2556,.F.);
#4220=ORIENTED_EDGE('',*,*,#2531,.F.);
#4221=ORIENTED_EDGE('',*,*,#2950,.T.);
#4222=ORIENTED_EDGE('',*,*,#2316,.T.);
#4223=ORIENTED_EDGE('',*,*,#2960,.T.);
#4224=ORIENTED_EDGE('',*,*,#2961,.F.);
#4225=ORIENTED_EDGE('',*,*,#2960,.F.);
#4226=ORIENTED_EDGE('',*,*,#2315,.F.);
#4227=ORIENTED_EDGE('',*,*,#2962,.T.);
#4228=ORIENTED_EDGE('',*,*,#2963,.F.);
#4229=ORIENTED_EDGE('',*,*,#2962,.F.);
#4230=ORIENTED_EDGE('',*,*,#2314,.F.);
#4231=ORIENTED_EDGE('',*,*,#2964,.T.);
#4232=ORIENTED_EDGE('',*,*,#2507,.F.);
#4233=ORIENTED_EDGE('',*,*,#2527,.F.);
#4234=ORIENTED_EDGE('',*,*,#2562,.F.);
#4235=ORIENTED_EDGE('',*,*,#2965,.T.);
#4236=ORIENTED_EDGE('',*,*,#2575,.F.);
#4237=ORIENTED_EDGE('',*,*,#2595,.F.);
#4238=ORIENTED_EDGE('',*,*,#2614,.F.);
#4239=ORIENTED_EDGE('',*,*,#2966,.T.);
#4240=ORIENTED_EDGE('',*,*,#2627,.F.);
#4241=ORIENTED_EDGE('',*,*,#2647,.F.);
#4242=ORIENTED_EDGE('',*,*,#2666,.F.);
#4243=ORIENTED_EDGE('',*,*,#2967,.T.);
#4244=ORIENTED_EDGE('',*,*,#2679,.F.);
#4245=ORIENTED_EDGE('',*,*,#2699,.F.);
#4246=ORIENTED_EDGE('',*,*,#2718,.F.);
#4247=ORIENTED_EDGE('',*,*,#2968,.T.);
#4248=ORIENTED_EDGE('',*,*,#2731,.F.);
#4249=ORIENTED_EDGE('',*,*,#2751,.F.);
#4250=ORIENTED_EDGE('',*,*,#2770,.F.);
#4251=ORIENTED_EDGE('',*,*,#2969,.T.);
#4252=ORIENTED_EDGE('',*,*,#2783,.F.);
#4253=ORIENTED_EDGE('',*,*,#2803,.F.);
#4254=ORIENTED_EDGE('',*,*,#2822,.F.);
#4255=ORIENTED_EDGE('',*,*,#2970,.T.);
#4256=ORIENTED_EDGE('',*,*,#2835,.F.);
#4257=ORIENTED_EDGE('',*,*,#2855,.F.);
#4258=ORIENTED_EDGE('',*,*,#2874,.F.);
#4259=ORIENTED_EDGE('',*,*,#2971,.T.);
#4260=ORIENTED_EDGE('',*,*,#2887,.F.);
#4261=ORIENTED_EDGE('',*,*,#2904,.F.);
#4262=ORIENTED_EDGE('',*,*,#2918,.F.);
#4263=ORIENTED_EDGE('',*,*,#2972,.T.);
#4264=ORIENTED_EDGE('',*,*,#2973,.F.);
#4265=ORIENTED_EDGE('',*,*,#2972,.F.);
#4266=ORIENTED_EDGE('',*,*,#2917,.F.);
#4267=ORIENTED_EDGE('',*,*,#2902,.F.);
#4268=ORIENTED_EDGE('',*,*,#2885,.F.);
#4269=ORIENTED_EDGE('',*,*,#2971,.F.);
#4270=ORIENTED_EDGE('',*,*,#2873,.F.);
#4271=ORIENTED_EDGE('',*,*,#2853,.F.);
#4272=ORIENTED_EDGE('',*,*,#2833,.F.);
#4273=ORIENTED_EDGE('',*,*,#2970,.F.);
#4274=ORIENTED_EDGE('',*,*,#2821,.F.);
#4275=ORIENTED_EDGE('',*,*,#2801,.F.);
#4276=ORIENTED_EDGE('',*,*,#2781,.F.);
#4277=ORIENTED_EDGE('',*,*,#2969,.F.);
#4278=ORIENTED_EDGE('',*,*,#2769,.F.);
#4279=ORIENTED_EDGE('',*,*,#2749,.F.);
#4280=ORIENTED_EDGE('',*,*,#2729,.F.);
#4281=ORIENTED_EDGE('',*,*,#2968,.F.);
#4282=ORIENTED_EDGE('',*,*,#2717,.F.);
#4283=ORIENTED_EDGE('',*,*,#2697,.F.);
#4284=ORIENTED_EDGE('',*,*,#2677,.F.);
#4285=ORIENTED_EDGE('',*,*,#2967,.F.);
#4286=ORIENTED_EDGE('',*,*,#2665,.F.);
#4287=ORIENTED_EDGE('',*,*,#2645,.F.);
#4288=ORIENTED_EDGE('',*,*,#2625,.F.);
#4289=ORIENTED_EDGE('',*,*,#2966,.F.);
#4290=ORIENTED_EDGE('',*,*,#2613,.F.);
#4291=ORIENTED_EDGE('',*,*,#2593,.F.);
#4292=ORIENTED_EDGE('',*,*,#2573,.F.);
#4293=ORIENTED_EDGE('',*,*,#2965,.F.);
#4294=ORIENTED_EDGE('',*,*,#2561,.F.);
#4295=ORIENTED_EDGE('',*,*,#2525,.F.);
#4296=ORIENTED_EDGE('',*,*,#2505,.F.);
#4297=ORIENTED_EDGE('',*,*,#2964,.F.);
#4298=ORIENTED_EDGE('',*,*,#2313,.T.);
#4299=ORIENTED_EDGE('',*,*,#2932,.T.);
#4300=ORIENTED_EDGE('',*,*,#2938,.T.);
#4301=ORIENTED_EDGE('',*,*,#2940,.T.);
#4302=ORIENTED_EDGE('',*,*,#2935,.T.);
#4303=ORIENTED_EDGE('',*,*,#2944,.T.);
#4304=ORIENTED_EDGE('',*,*,#2946,.T.);
#4305=ORIENTED_EDGE('',*,*,#2948,.T.);
#4306=ORIENTED_EDGE('',*,*,#2941,.T.);
#4307=ORIENTED_EDGE('',*,*,#2949,.T.);
#4308=ORIENTED_EDGE('',*,*,#2959,.T.);
#4309=ORIENTED_EDGE('',*,*,#2961,.T.);
#4310=ORIENTED_EDGE('',*,*,#2963,.T.);
#4311=ORIENTED_EDGE('',*,*,#2973,.T.);
#4312=ORIENTED_EDGE('',*,*,#2931,.T.);
#4313=ORIENTED_EDGE('',*,*,#2922,.T.);
#4314=ORIENTED_EDGE('',*,*,#2925,.T.);
#4315=ORIENTED_EDGE('',*,*,#2934,.T.);
#4316=ORIENTED_EDGE('',*,*,#2467,.T.);
#4317=ORIENTED_EDGE('',*,*,#2430,.T.);
#4318=ORIENTED_EDGE('',*,*,#2433,.T.);
#4319=ORIENTED_EDGE('',*,*,#2933,.T.);
#4320=ORIENTED_EDGE('',*,*,#2927,.T.);
#4321=ORIENTED_EDGE('',*,*,#2920,.T.);
#4322=ORIENTED_EDGE('',*,*,#2907,.T.);
#4323=ORIENTED_EDGE('',*,*,#2930,.T.);
#4324=PLANE('',#4641);
#4325=PLANE('',#4647);
#4326=PLANE('',#4650);
#4327=PLANE('',#4651);
#4328=PLANE('',#4652);
#4329=PLANE('',#4655);
#4330=PLANE('',#4656);
#4331=PLANE('',#4657);
#4332=PLANE('',#4658);
#4333=PLANE('',#4659);
#4334=PLANE('',#4660);
#4335=PLANE('',#4677);
#4336=PLANE('',#4678);
#4337=PLANE('',#4679);
#4338=PLANE('',#4746);
#4339=PLANE('',#4747);
#4340=PLANE('',#4748);
#4341=PLANE('',#4749);
#4342=PLANE('',#4750);
#4343=PLANE('',#4751);
#4344=PLANE('',#4752);
#4345=PLANE('',#4755);
#4346=PLANE('',#4758);
#4347=PLANE('',#4759);
#4348=PLANE('',#4760);
#4349=PLANE('',#4761);
#4350=PLANE('',#4762);
#4351=PLANE('',#4763);
#4352=ADVANCED_FACE('',(#313,#266,#267),#4324,.F.);
#4353=ADVANCED_FACE('',(#314),#4325,.F.);
#4354=ADVANCED_FACE('',(#315),#264,.T.);
#4355=ADVANCED_FACE('',(#316),#4326,.T.);
#4356=ADVANCED_FACE('',(#317),#4327,.T.);
#4357=ADVANCED_FACE('',(#318),#4328,.F.);
#4358=ADVANCED_FACE('',(#319),#265,.T.);
#4359=ADVANCED_FACE('',(#320),#4329,.T.);
#4360=ADVANCED_FACE('',(#321),#4330,.T.);
#4361=ADVANCED_FACE('',(#322),#4331,.F.);
#4362=ADVANCED_FACE('',(#323),#4332,.T.);
#4363=ADVANCED_FACE('',(#324),#4333,.T.);
#4364=ADVANCED_FACE('',(#325),#4334,.T.);
#4365=ADVANCED_FACE('',(#326),#177,.T.);
#4366=ADVANCED_FACE('',(#327),#178,.T.);
#4367=ADVANCED_FACE('',(#328),#179,.T.);
#4368=ADVANCED_FACE('',(#329),#180,.T.);
#4369=ADVANCED_FACE('',(#330),#181,.T.);
#4370=ADVANCED_FACE('',(#331),#182,.T.);
#4371=ADVANCED_FACE('',(#332),#183,.T.);
#4372=ADVANCED_FACE('',(#333),#184,.T.);
#4373=ADVANCED_FACE('',(#334),#185,.T.);
#4374=ADVANCED_FACE('',(#335),#186,.T.);
#4375=ADVANCED_FACE('',(#336),#187,.T.);
#4376=ADVANCED_FACE('',(#337),#188,.T.);
#4377=ADVANCED_FACE('',(#338),#189,.T.);
#4378=ADVANCED_FACE('',(#339),#190,.T.);
#4379=ADVANCED_FACE('',(#340),#191,.T.);
#4380=ADVANCED_FACE('',(#341),#192,.T.);
#4381=ADVANCED_FACE('',(#342),#15,.F.);
#4382=ADVANCED_FACE('',(#343),#16,.F.);
#4383=ADVANCED_FACE('',(#344),#17,.F.);
#4384=ADVANCED_FACE('',(#345),#18,.F.);
#4385=ADVANCED_FACE('',(#346),#19,.F.);
#4386=ADVANCED_FACE('',(#347),#20,.F.);
#4387=ADVANCED_FACE('',(#348),#21,.F.);
#4388=ADVANCED_FACE('',(#349),#22,.F.);
#4389=ADVANCED_FACE('',(#350),#23,.F.);
#4390=ADVANCED_FACE('',(#351),#24,.F.);
#4391=ADVANCED_FACE('',(#352),#25,.F.);
#4392=ADVANCED_FACE('',(#353),#26,.F.);
#4393=ADVANCED_FACE('',(#354),#27,.F.);
#4394=ADVANCED_FACE('',(#355),#28,.F.);
#4395=ADVANCED_FACE('',(#356),#29,.F.);
#4396=ADVANCED_FACE('',(#357),#30,.F.);
#4397=ADVANCED_FACE('',(#358),#4335,.T.);
#4398=ADVANCED_FACE('',(#359),#4336,.T.);
#4399=ADVANCED_FACE('',(#360),#4337,.T.);
#4400=ADVANCED_FACE('',(#361),#31,.F.);
#4401=ADVANCED_FACE('',(#362),#32,.F.);
#4402=ADVANCED_FACE('',(#363),#33,.F.);
#4403=ADVANCED_FACE('',(#364),#34,.F.);
#4404=ADVANCED_FACE('',(#365),#35,.F.);
#4405=ADVANCED_FACE('',(#366),#36,.F.);
#4406=ADVANCED_FACE('',(#367),#37,.F.);
#4407=ADVANCED_FACE('',(#368),#38,.F.);
#4408=ADVANCED_FACE('',(#369),#193,.T.);
#4409=ADVANCED_FACE('',(#370),#194,.T.);
#4410=ADVANCED_FACE('',(#371),#195,.T.);
#4411=ADVANCED_FACE('',(#372),#196,.T.);
#4412=ADVANCED_FACE('',(#373),#39,.F.);
#4413=ADVANCED_FACE('',(#374),#197,.T.);
#4414=ADVANCED_FACE('',(#375),#198,.T.);
#4415=ADVANCED_FACE('',(#376),#199,.T.);
#4416=ADVANCED_FACE('',(#377),#200,.T.);
#4417=ADVANCED_FACE('',(#378),#40,.F.);
#4418=ADVANCED_FACE('',(#379),#41,.F.);
#4419=ADVANCED_FACE('',(#380),#42,.F.);
#4420=ADVANCED_FACE('',(#381),#43,.F.);
#4421=ADVANCED_FACE('',(#382),#201,.T.);
#4422=ADVANCED_FACE('',(#383),#202,.T.);
#4423=ADVANCED_FACE('',(#384),#203,.T.);
#4424=ADVANCED_FACE('',(#385),#44,.F.);
#4425=ADVANCED_FACE('',(#386),#45,.F.);
#4426=ADVANCED_FACE('',(#387),#46,.F.);
#4427=ADVANCED_FACE('',(#388),#47,.F.);
#4428=ADVANCED_FACE('',(#389),#48,.F.);
#4429=ADVANCED_FACE('',(#390),#49,.F.);
#4430=ADVANCED_FACE('',(#391),#50,.F.);
#4431=ADVANCED_FACE('',(#392),#51,.F.);
#4432=ADVANCED_FACE('',(#393),#52,.F.);
#4433=ADVANCED_FACE('',(#394),#53,.F.);
#4434=ADVANCED_FACE('',(#395),#54,.F.);
#4435=ADVANCED_FACE('',(#396),#55,.F.);
#4436=ADVANCED_FACE('',(#397),#56,.F.);
#4437=ADVANCED_FACE('',(#398),#57,.F.);
#4438=ADVANCED_FACE('',(#399),#58,.F.);
#4439=ADVANCED_FACE('',(#400),#59,.F.);
#4440=ADVANCED_FACE('',(#401),#60,.F.);
#4441=ADVANCED_FACE('',(#402),#61,.F.);
#4442=ADVANCED_FACE('',(#403),#204,.T.);
#4443=ADVANCED_FACE('',(#404),#205,.T.);
#4444=ADVANCED_FACE('',(#405),#206,.T.);
#4445=ADVANCED_FACE('',(#406),#207,.T.);
#4446=ADVANCED_FACE('',(#407),#208,.T.);
#4447=ADVANCED_FACE('',(#408),#209,.T.);
#4448=ADVANCED_FACE('',(#409),#210,.T.);
#4449=ADVANCED_FACE('',(#410),#211,.T.);
#4450=ADVANCED_FACE('',(#411),#62,.F.);
#4451=ADVANCED_FACE('',(#412),#63,.F.);
#4452=ADVANCED_FACE('',(#413),#64,.F.);
#4453=ADVANCED_FACE('',(#414),#65,.F.);
#4454=ADVANCED_FACE('',(#415),#66,.F.);
#4455=ADVANCED_FACE('',(#416),#67,.F.);
#4456=ADVANCED_FACE('',(#417),#68,.F.);
#4457=ADVANCED_FACE('',(#418),#69,.F.);
#4458=ADVANCED_FACE('',(#419),#70,.F.);
#4459=ADVANCED_FACE('',(#420),#71,.F.);
#4460=ADVANCED_FACE('',(#421),#72,.F.);
#4461=ADVANCED_FACE('',(#422),#73,.F.);
#4462=ADVANCED_FACE('',(#423),#74,.F.);
#4463=ADVANCED_FACE('',(#424),#75,.F.);
#4464=ADVANCED_FACE('',(#425),#76,.F.);
#4465=ADVANCED_FACE('',(#426),#77,.F.);
#4466=ADVANCED_FACE('',(#427),#78,.F.);
#4467=ADVANCED_FACE('',(#428),#79,.F.);
#4468=ADVANCED_FACE('',(#429),#212,.T.);
#4469=ADVANCED_FACE('',(#430),#213,.T.);
#4470=ADVANCED_FACE('',(#431),#214,.T.);
#4471=ADVANCED_FACE('',(#432),#215,.T.);
#4472=ADVANCED_FACE('',(#433),#216,.T.);
#4473=ADVANCED_FACE('',(#434),#217,.T.);
#4474=ADVANCED_FACE('',(#435),#218,.T.);
#4475=ADVANCED_FACE('',(#436),#219,.T.);
#4476=ADVANCED_FACE('',(#437),#80,.F.);
#4477=ADVANCED_FACE('',(#438),#81,.F.);
#4478=ADVANCED_FACE('',(#439),#82,.F.);
#4479=ADVANCED_FACE('',(#440),#83,.F.);
#4480=ADVANCED_FACE('',(#441),#84,.F.);
#4481=ADVANCED_FACE('',(#442),#85,.F.);
#4482=ADVANCED_FACE('',(#443),#86,.F.);
#4483=ADVANCED_FACE('',(#444),#87,.F.);
#4484=ADVANCED_FACE('',(#445),#88,.F.);
#4485=ADVANCED_FACE('',(#446),#89,.F.);
#4486=ADVANCED_FACE('',(#447),#90,.F.);
#4487=ADVANCED_FACE('',(#448),#91,.F.);
#4488=ADVANCED_FACE('',(#449),#92,.F.);
#4489=ADVANCED_FACE('',(#450),#93,.F.);
#4490=ADVANCED_FACE('',(#451),#94,.F.);
#4491=ADVANCED_FACE('',(#452),#95,.F.);
#4492=ADVANCED_FACE('',(#453),#96,.F.);
#4493=ADVANCED_FACE('',(#454),#97,.F.);
#4494=ADVANCED_FACE('',(#455),#220,.T.);
#4495=ADVANCED_FACE('',(#456),#221,.T.);
#4496=ADVANCED_FACE('',(#457),#222,.T.);
#4497=ADVANCED_FACE('',(#458),#223,.T.);
#4498=ADVANCED_FACE('',(#459),#224,.T.);
#4499=ADVANCED_FACE('',(#460),#225,.T.);
#4500=ADVANCED_FACE('',(#461),#226,.T.);
#4501=ADVANCED_FACE('',(#462),#227,.T.);
#4502=ADVANCED_FACE('',(#463),#98,.F.);
#4503=ADVANCED_FACE('',(#464),#99,.F.);
#4504=ADVANCED_FACE('',(#465),#100,.F.);
#4505=ADVANCED_FACE('',(#466),#101,.F.);
#4506=ADVANCED_FACE('',(#467),#102,.F.);
#4507=ADVANCED_FACE('',(#468),#103,.F.);
#4508=ADVANCED_FACE('',(#469),#104,.F.);
#4509=ADVANCED_FACE('',(#470),#105,.F.);
#4510=ADVANCED_FACE('',(#471),#106,.F.);
#4511=ADVANCED_FACE('',(#472),#107,.F.);
#4512=ADVANCED_FACE('',(#473),#108,.F.);
#4513=ADVANCED_FACE('',(#474),#109,.F.);
#4514=ADVANCED_FACE('',(#475),#110,.F.);
#4515=ADVANCED_FACE('',(#476),#111,.F.);
#4516=ADVANCED_FACE('',(#477),#112,.F.);
#4517=ADVANCED_FACE('',(#478),#113,.F.);
#4518=ADVANCED_FACE('',(#479),#114,.F.);
#4519=ADVANCED_FACE('',(#480),#115,.F.);
#4520=ADVANCED_FACE('',(#481),#228,.T.);
#4521=ADVANCED_FACE('',(#482),#229,.T.);
#4522=ADVANCED_FACE('',(#483),#230,.T.);
#4523=ADVANCED_FACE('',(#484),#231,.T.);
#4524=ADVANCED_FACE('',(#485),#232,.T.);
#4525=ADVANCED_FACE('',(#486),#233,.T.);
#4526=ADVANCED_FACE('',(#487),#234,.T.);
#4527=ADVANCED_FACE('',(#488),#235,.T.);
#4528=ADVANCED_FACE('',(#489),#116,.F.);
#4529=ADVANCED_FACE('',(#490),#117,.F.);
#4530=ADVANCED_FACE('',(#491),#118,.F.);
#4531=ADVANCED_FACE('',(#492),#119,.F.);
#4532=ADVANCED_FACE('',(#493),#120,.F.);
#4533=ADVANCED_FACE('',(#494),#121,.F.);
#4534=ADVANCED_FACE('',(#495),#122,.F.);
#4535=ADVANCED_FACE('',(#496),#123,.F.);
#4536=ADVANCED_FACE('',(#497),#124,.F.);
#4537=ADVANCED_FACE('',(#498),#125,.F.);
#4538=ADVANCED_FACE('',(#499),#126,.F.);
#4539=ADVANCED_FACE('',(#500),#127,.F.);
#4540=ADVANCED_FACE('',(#501),#128,.F.);
#4541=ADVANCED_FACE('',(#502),#129,.F.);
#4542=ADVANCED_FACE('',(#503),#130,.F.);
#4543=ADVANCED_FACE('',(#504),#131,.F.);
#4544=ADVANCED_FACE('',(#505),#132,.F.);
#4545=ADVANCED_FACE('',(#506),#133,.F.);
#4546=ADVANCED_FACE('',(#507),#236,.T.);
#4547=ADVANCED_FACE('',(#508),#237,.T.);
#4548=ADVANCED_FACE('',(#509),#238,.T.);
#4549=ADVANCED_FACE('',(#510),#239,.T.);
#4550=ADVANCED_FACE('',(#511),#240,.T.);
#4551=ADVANCED_FACE('',(#512),#241,.T.);
#4552=ADVANCED_FACE('',(#513),#242,.T.);
#4553=ADVANCED_FACE('',(#514),#243,.T.);
#4554=ADVANCED_FACE('',(#515),#134,.F.);
#4555=ADVANCED_FACE('',(#516),#135,.F.);
#4556=ADVANCED_FACE('',(#517),#136,.F.);
#4557=ADVANCED_FACE('',(#518),#137,.F.);
#4558=ADVANCED_FACE('',(#519),#138,.F.);
#4559=ADVANCED_FACE('',(#520),#139,.F.);
#4560=ADVANCED_FACE('',(#521),#140,.F.);
#4561=ADVANCED_FACE('',(#522),#141,.F.);
#4562=ADVANCED_FACE('',(#523),#142,.F.);
#4563=ADVANCED_FACE('',(#524),#143,.F.);
#4564=ADVANCED_FACE('',(#525),#144,.F.);
#4565=ADVANCED_FACE('',(#526),#145,.F.);
#4566=ADVANCED_FACE('',(#527),#146,.F.);
#4567=ADVANCED_FACE('',(#528),#147,.F.);
#4568=ADVANCED_FACE('',(#529),#148,.F.);
#4569=ADVANCED_FACE('',(#530),#149,.F.);
#4570=ADVANCED_FACE('',(#531),#150,.F.);
#4571=ADVANCED_FACE('',(#532),#151,.F.);
#4572=ADVANCED_FACE('',(#533),#244,.T.);
#4573=ADVANCED_FACE('',(#534),#245,.T.);
#4574=ADVANCED_FACE('',(#535),#246,.T.);
#4575=ADVANCED_FACE('',(#536),#247,.T.);
#4576=ADVANCED_FACE('',(#537),#248,.T.);
#4577=ADVANCED_FACE('',(#538),#249,.T.);
#4578=ADVANCED_FACE('',(#539),#250,.T.);
#4579=ADVANCED_FACE('',(#540),#251,.T.);
#4580=ADVANCED_FACE('',(#541),#152,.F.);
#4581=ADVANCED_FACE('',(#542),#153,.F.);
#4582=ADVANCED_FACE('',(#543),#154,.F.);
#4583=ADVANCED_FACE('',(#544),#155,.F.);
#4584=ADVANCED_FACE('',(#545),#156,.F.);
#4585=ADVANCED_FACE('',(#546),#157,.F.);
#4586=ADVANCED_FACE('',(#547),#158,.F.);
#4587=ADVANCED_FACE('',(#548),#159,.F.);
#4588=ADVANCED_FACE('',(#549),#160,.F.);
#4589=ADVANCED_FACE('',(#550),#161,.F.);
#4590=ADVANCED_FACE('',(#551),#162,.F.);
#4591=ADVANCED_FACE('',(#552),#163,.F.);
#4592=ADVANCED_FACE('',(#553),#164,.F.);
#4593=ADVANCED_FACE('',(#554),#165,.F.);
#4594=ADVANCED_FACE('',(#555),#166,.F.);
#4595=ADVANCED_FACE('',(#556),#167,.F.);
#4596=ADVANCED_FACE('',(#557),#168,.F.);
#4597=ADVANCED_FACE('',(#558),#252,.T.);
#4598=ADVANCED_FACE('',(#559),#253,.T.);
#4599=ADVANCED_FACE('',(#560),#254,.T.);
#4600=ADVANCED_FACE('',(#561),#255,.T.);
#4601=ADVANCED_FACE('',(#562),#256,.T.);
#4602=ADVANCED_FACE('',(#563),#257,.T.);
#4603=ADVANCED_FACE('',(#564),#169,.F.);
#4604=ADVANCED_FACE('',(#565),#170,.F.);
#4605=ADVANCED_FACE('',(#566),#171,.F.);
#4606=ADVANCED_FACE('',(#567),#172,.F.);
#4607=ADVANCED_FACE('',(#568),#173,.F.);
#4608=ADVANCED_FACE('',(#569),#174,.F.);
#4609=ADVANCED_FACE('',(#570),#175,.F.);
#4610=ADVANCED_FACE('',(#571,#268,#269,#270,#271,#272,#273,#274,#275),#4338,
 .T.);
#4611=ADVANCED_FACE('',(#572,#276,#277,#278,#279,#280,#281,#282,#283),#4339,
 .T.);
#4612=ADVANCED_FACE('',(#573,#284,#285,#286,#287,#288,#289,#290),#4340,
 .T.);
#4613=ADVANCED_FACE('',(#574,#291,#292,#293,#294,#295,#296,#297,#298),#4341,
 .T.);
#4614=ADVANCED_FACE('',(#575),#4342,.T.);
#4615=ADVANCED_FACE('',(#576),#4343,.T.);
#4616=ADVANCED_FACE('',(#577,#299,#300,#301,#302,#303,#304,#305),#4344,
 .T.);
#4617=ADVANCED_FACE('',(#578),#258,.T.);
#4618=ADVANCED_FACE('',(#579,#306,#307,#308,#309,#310,#311,#312),#4345,
 .T.);
#4619=ADVANCED_FACE('',(#580),#259,.T.);
#4620=ADVANCED_FACE('',(#581),#176,.F.);
#4621=ADVANCED_FACE('',(#582),#4346,.T.);
#4622=ADVANCED_FACE('',(#583),#4347,.T.);
#4623=ADVANCED_FACE('',(#584),#4348,.T.);
#4624=ADVANCED_FACE('',(#585),#4349,.T.);
#4625=ADVANCED_FACE('',(#586),#4350,.T.);
#4626=ADVANCED_FACE('',(#587),#4351,.T.);
#4627=CLOSED_SHELL('',(#4352,#4353,#4354,#4355,#4356,#4357,#4358,#4359,
#4360,#4361,#4362,#4363,#4364,#4365,#4366,#4367,#4368,#4369,#4370,#4371,
#4372,#4373,#4374,#4375,#4376,#4377,#4378,#4379,#4380,#4381,#4382,#4383,
#4384,#4385,#4386,#4387,#4388,#4389,#4390,#4391,#4392,#4393,#4394,#4395,
#4396,#4397,#4398,#4399,#4400,#4401,#4402,#4403,#4404,#4405,#4406,#4407,
#4408,#4409,#4410,#4411,#4412,#4413,#4414,#4415,#4416,#4417,#4418,#4419,
#4420,#4421,#4422,#4423,#4424,#4425,#4426,#4427,#4428,#4429,#4430,#4431,
#4432,#4433,#4434,#4435,#4436,#4437,#4438,#4439,#4440,#4441,#4442,#4443,
#4444,#4445,#4446,#4447,#4448,#4449,#4450,#4451,#4452,#4453,#4454,#4455,
#4456,#4457,#4458,#4459,#4460,#4461,#4462,#4463,#4464,#4465,#4466,#4467,
#4468,#4469,#4470,#4471,#4472,#4473,#4474,#4475,#4476,#4477,#4478,#4479,
#4480,#4481,#4482,#4483,#4484,#4485,#4486,#4487,#4488,#4489,#4490,#4491,
#4492,#4493,#4494,#4495,#4496,#4497,#4498,#4499,#4500,#4501,#4502,#4503,
#4504,#4505,#4506,#4507,#4508,#4509,#4510,#4511,#4512,#4513,#4514,#4515,
#4516,#4517,#4518,#4519,#4520,#4521,#4522,#4523,#4524,#4525,#4526,#4527,
#4528,#4529,#4530,#4531,#4532,#4533,#4534,#4535,#4536,#4537,#4538,#4539,
#4540,#4541,#4542,#4543,#4544,#4545,#4546,#4547,#4548,#4549,#4550,#4551,
#4552,#4553,#4554,#4555,#4556,#4557,#4558,#4559,#4560,#4561,#4562,#4563,
#4564,#4565,#4566,#4567,#4568,#4569,#4570,#4571,#4572,#4573,#4574,#4575,
#4576,#4577,#4578,#4579,#4580,#4581,#4582,#4583,#4584,#4585,#4586,#4587,
#4588,#4589,#4590,#4591,#4592,#4593,#4594,#4595,#4596,#4597,#4598,#4599,
#4600,#4601,#4602,#4603,#4604,#4605,#4606,#4607,#4608,#4609,#4610,#4611,
#4612,#4613,#4614,#4615,#4616,#4617,#4618,#4619,#4620,#4621,#4622,#4623,
#4624,#4625,#4626));
#4628=DERIVED_UNIT_ELEMENT(#4630,1.);
#4629=DERIVED_UNIT_ELEMENT(#12019,-3.);
#4630=(
MASS_UNIT()
NAMED_UNIT(*)
SI_UNIT(.KILO.,.GRAM.)
);
#4631=DERIVED_UNIT((#4628,#4629));
#4632=MEASURE_REPRESENTATION_ITEM('density measure',
POSITIVE_RATIO_MEASURE(1541.),#4631);
#4633=PROPERTY_DEFINITION_REPRESENTATION(#4638,#4635);
#4634=PROPERTY_DEFINITION_REPRESENTATION(#4639,#4636);
#4635=REPRESENTATION('material name',(#4637),#12016);
#4636=REPRESENTATION('density',(#4632),#12016);
#4637=DESCRIPTIVE_REPRESENTATION_ITEM('PET Plastic','PET Plastic');
#4638=PROPERTY_DEFINITION('material property','material name',#12026);
#4639=PROPERTY_DEFINITION('material property','density of part',#12026);
#4640=AXIS2_PLACEMENT_3D('',#5281,#4764,#4765);
#4641=AXIS2_PLACEMENT_3D('',#5282,#4766,#4767);
#4642=AXIS2_PLACEMENT_3D('',#5285,#4768,#4769);
#4643=AXIS2_PLACEMENT_3D('',#5291,#4772,#4773);
#4644=AXIS2_PLACEMENT_3D('',#5366,#4789,#4790);
#4645=AXIS2_PLACEMENT_3D('',#5372,#4793,#4794);
#4646=AXIS2_PLACEMENT_3D('',#5378,#4797,#4798);
#4647=AXIS2_PLACEMENT_3D('',#5387,#4804,#4805);
#4648=AXIS2_PLACEMENT_3D('',#5392,#4807,#4808);
#4649=AXIS2_PLACEMENT_3D('',#5394,#4810,#4811);
#4650=AXIS2_PLACEMENT_3D('',#5401,#4812,#4813);
#4651=AXIS2_PLACEMENT_3D('',#5403,#4815,#4816);
#4652=AXIS2_PLACEMENT_3D('',#5404,#4817,#4818);
#4653=AXIS2_PLACEMENT_3D('',#5409,#4820,#4821);
#4654=AXIS2_PLACEMENT_3D('',#5411,#4823,#4824);
#4655=AXIS2_PLACEMENT_3D('',#5418,#4825,#4826);
#4656=AXIS2_PLACEMENT_3D('',#5420,#4828,#4829);
#4657=AXIS2_PLACEMENT_3D('',#5421,#4830,#4831);
#4658=AXIS2_PLACEMENT_3D('',#5428,#4835,#4836);
#4659=AXIS2_PLACEMENT_3D('',#5431,#4839,#4840);
#4660=AXIS2_PLACEMENT_3D('',#5433,#4842,#4843);
#4661=AXIS2_PLACEMENT_3D('',#5434,#4844,#4845);
#4662=AXIS2_PLACEMENT_3D('',#5443,#4848,#4849);
#4663=AXIS2_PLACEMENT_3D('',#5458,#4852,#4853);
#4664=AXIS2_PLACEMENT_3D('',#5473,#4856,#4857);
#4665=AXIS2_PLACEMENT_3D('',#5488,#4860,#4861);
#4666=AXIS2_PLACEMENT_3D('',#5503,#4864,#4865);
#4667=AXIS2_PLACEMENT_3D('',#5518,#4868,#4869);
#4668=AXIS2_PLACEMENT_3D('',#5533,#4872,#4873);
#4669=AXIS2_PLACEMENT_3D('',#5548,#4876,#4877);
#4670=AXIS2_PLACEMENT_3D('',#5563,#4880,#4881);
#4671=AXIS2_PLACEMENT_3D('',#5578,#4884,#4885);
#4672=AXIS2_PLACEMENT_3D('',#5593,#4888,#4889);
#4673=AXIS2_PLACEMENT_3D('',#5608,#4892,#4893);
#4674=AXIS2_PLACEMENT_3D('',#5623,#4896,#4897);
#4675=AXIS2_PLACEMENT_3D('',#5638,#4900,#4901);
#4676=AXIS2_PLACEMENT_3D('',#5653,#4904,#4905);
#4677=AXIS2_PLACEMENT_3D('',#6239,#4908,#4909);
#4678=AXIS2_PLACEMENT_3D('',#6245,#4913,#4914);
#4679=AXIS2_PLACEMENT_3D('',#6361,#4933,#4934);
#4680=AXIS2_PLACEMENT_3D('',#6759,#4953,#4954);
#4681=AXIS2_PLACEMENT_3D('',#6768,#4957,#4958);
#4682=AXIS2_PLACEMENT_3D('',#6777,#4961,#4962);
#4683=AXIS2_PLACEMENT_3D('',#6786,#4965,#4966);
#4684=AXIS2_PLACEMENT_3D('',#6824,#4968,#4969);
#4685=AXIS2_PLACEMENT_3D('',#6833,#4972,#4973);
#4686=AXIS2_PLACEMENT_3D('',#6842,#4976,#4977);
#4687=AXIS2_PLACEMENT_3D('',#6849,#4979,#4980);
#4688=AXIS2_PLACEMENT_3D('',#7089,#4983,#4984);
#4689=AXIS2_PLACEMENT_3D('',#7092,#4987,#4988);
#4690=AXIS2_PLACEMENT_3D('',#7094,#4990,#4991);
#4691=AXIS2_PLACEMENT_3D('',#7683,#4994,#4995);
#4692=AXIS2_PLACEMENT_3D('',#7692,#4998,#4999);
#4693=AXIS2_PLACEMENT_3D('',#7701,#5002,#5003);
#4694=AXIS2_PLACEMENT_3D('',#7710,#5006,#5007);
#4695=AXIS2_PLACEMENT_3D('',#7717,#5009,#5010);
#4696=AXIS2_PLACEMENT_3D('',#7726,#5013,#5014);
#4697=AXIS2_PLACEMENT_3D('',#7735,#5017,#5018);
#4698=AXIS2_PLACEMENT_3D('',#7742,#5020,#5021);
#4699=AXIS2_PLACEMENT_3D('',#8337,#5024,#5025);
#4700=AXIS2_PLACEMENT_3D('',#8346,#5028,#5029);
#4701=AXIS2_PLACEMENT_3D('',#8355,#5032,#5033);
#4702=AXIS2_PLACEMENT_3D('',#8364,#5036,#5037);
#4703=AXIS2_PLACEMENT_3D('',#8371,#5039,#5040);
#4704=AXIS2_PLACEMENT_3D('',#8380,#5043,#5044);
#4705=AXIS2_PLACEMENT_3D('',#8389,#5047,#5048);
#4706=AXIS2_PLACEMENT_3D('',#8396,#5050,#5051);
#4707=AXIS2_PLACEMENT_3D('',#8991,#5054,#5055);
#4708=AXIS2_PLACEMENT_3D('',#9000,#5058,#5059);
#4709=AXIS2_PLACEMENT_3D('',#9009,#5062,#5063);
#4710=AXIS2_PLACEMENT_3D('',#9018,#5066,#5067);
#4711=AXIS2_PLACEMENT_3D('',#9025,#5069,#5070);
#4712=AXIS2_PLACEMENT_3D('',#9034,#5073,#5074);
#4713=AXIS2_PLACEMENT_3D('',#9043,#5077,#5078);
#4714=AXIS2_PLACEMENT_3D('',#9050,#5080,#5081);
#4715=AXIS2_PLACEMENT_3D('',#9647,#5084,#5085);
#4716=AXIS2_PLACEMENT_3D('',#9656,#5088,#5089);
#4717=AXIS2_PLACEMENT_3D('',#9665,#5092,#5093);
#4718=AXIS2_PLACEMENT_3D('',#9674,#5096,#5097);
#4719=AXIS2_PLACEMENT_3D('',#9681,#5099,#5100);
#4720=AXIS2_PLACEMENT_3D('',#9690,#5103,#5104);
#4721=AXIS2_PLACEMENT_3D('',#9699,#5107,#5108);
#4722=AXIS2_PLACEMENT_3D('',#9706,#5110,#5111);
#4723=AXIS2_PLACEMENT_3D('',#10301,#5114,#5115);
#4724=AXIS2_PLACEMENT_3D('',#10310,#5118,#5119);
#4725=AXIS2_PLACEMENT_3D('',#10319,#5122,#5123);
#4726=AXIS2_PLACEMENT_3D('',#10328,#5126,#5127);
#4727=AXIS2_PLACEMENT_3D('',#10335,#5129,#5130);
#4728=AXIS2_PLACEMENT_3D('',#10344,#5133,#5134);
#4729=AXIS2_PLACEMENT_3D('',#10353,#5137,#5138);
#4730=AXIS2_PLACEMENT_3D('',#10360,#5140,#5141);
#4731=AXIS2_PLACEMENT_3D('',#10955,#5144,#5145);
#4732=AXIS2_PLACEMENT_3D('',#10964,#5148,#5149);
#4733=AXIS2_PLACEMENT_3D('',#10973,#5152,#5153);
#4734=AXIS2_PLACEMENT_3D('',#10982,#5156,#5157);
#4735=AXIS2_PLACEMENT_3D('',#10989,#5159,#5160);
#4736=AXIS2_PLACEMENT_3D('',#10998,#5163,#5164);
#4737=AXIS2_PLACEMENT_3D('',#11007,#5167,#5168);
#4738=AXIS2_PLACEMENT_3D('',#11014,#5170,#5171);
#4739=AXIS2_PLACEMENT_3D('',#11578,#5174,#5175);
#4740=AXIS2_PLACEMENT_3D('',#11587,#5178,#5179);
#4741=AXIS2_PLACEMENT_3D('',#11596,#5182,#5183);
#4742=AXIS2_PLACEMENT_3D('',#11605,#5186,#5187);
#4743=AXIS2_PLACEMENT_3D('',#11612,#5189,#5190);
#4744=AXIS2_PLACEMENT_3D('',#11615,#5191,#5192);
#4745=AXIS2_PLACEMENT_3D('',#11623,#5195,#5196);
#4746=AXIS2_PLACEMENT_3D('',#11843,#5198,#5199);
#4747=AXIS2_PLACEMENT_3D('',#11849,#5203,#5204);
#4748=AXIS2_PLACEMENT_3D('',#11853,#5207,#5208);
#4749=AXIS2_PLACEMENT_3D('',#11860,#5213,#5214);
#4750=AXIS2_PLACEMENT_3D('',#11864,#5217,#5218);
#4751=AXIS2_PLACEMENT_3D('',#11866,#5220,#5221);
#4752=AXIS2_PLACEMENT_3D('',#11868,#5223,#5224);
#4753=AXIS2_PLACEMENT_3D('',#11877,#5230,#5231);
#4754=AXIS2_PLACEMENT_3D('',#11878,#5232,#5233);
#4755=AXIS2_PLACEMENT_3D('',#11879,#5234,#5235);
#4756=AXIS2_PLACEMENT_3D('',#11934,#5240,#5241);
#4757=AXIS2_PLACEMENT_3D('',#11936,#5242,#5243);
#4758=AXIS2_PLACEMENT_3D('',#11979,#5244,#5245);
#4759=AXIS2_PLACEMENT_3D('',#11991,#5256,#5257);
#4760=AXIS2_PLACEMENT_3D('',#11995,#5260,#5261);
#4761=AXIS2_PLACEMENT_3D('',#11999,#5264,#5265);
#4762=AXIS2_PLACEMENT_3D('',#12011,#5276,#5277);
#4763=AXIS2_PLACEMENT_3D('',#12013,#5279,#5280);
#4764=DIRECTION('axis',(0.,0.,1.));
#4765=DIRECTION('refdir',(1.,0.,0.));
#4766=DIRECTION('center_axis',(0.,0.,-1.));
#4767=DIRECTION('ref_axis',(-2.22044604925031E-16,1.,0.));
#4768=DIRECTION('center_axis',(0.,0.,-1.));
#4769=DIRECTION('ref_axis',(-2.22044604925031E-16,1.,0.));
#4770=DIRECTION('',(1.,2.22044604925031E-16,0.));
#4771=DIRECTION('',(0.707106781186547,0.707106781186548,0.));
#4772=DIRECTION('center_axis',(0.,0.,-1.));
#4773=DIRECTION('ref_axis',(-2.22044604925031E-16,1.,0.));
#4774=DIRECTION('',(0.707106781186547,0.707106781186548,0.));
#4775=DIRECTION('',(-4.20586492577545E-16,1.,0.));
#4776=DIRECTION('',(-0.707106781186547,-0.707106781186548,0.));
#4777=DIRECTION('',(2.22044604925031E-16,-1.,0.));
#4778=DIRECTION('',(-0.707106781186548,0.707106781186547,0.));
#4779=DIRECTION('',(-4.20586492577545E-16,1.,0.));
#4780=DIRECTION('',(-0.707106781186548,0.707106781186547,0.));
#4781=DIRECTION('',(-1.,-2.35027172725178E-17,0.));
#4782=DIRECTION('',(-0.707106781186547,-0.707106781186548,0.));
#4783=DIRECTION('',(4.20586492577545E-16,-1.,0.));
#4784=DIRECTION('',(0.707106781186547,0.707106781186548,0.));
#4785=DIRECTION('',(-1.0834607111006E-15,1.,0.));
#4786=DIRECTION('',(0.707106781186548,-0.707106781186547,0.));
#4787=DIRECTION('',(4.20586492577545E-16,-1.,0.));
#4788=DIRECTION('',(0.707106781186548,-0.707106781186547,0.));
#4789=DIRECTION('center_axis',(0.,0.,-1.));
#4790=DIRECTION('ref_axis',(-2.22044604925031E-16,1.,0.));
#4791=DIRECTION('',(0.707106781186548,-0.707106781186547,0.));
#4792=DIRECTION('',(1.,2.22044604925031E-16,0.));
#4793=DIRECTION('center_axis',(0.,0.,-1.));
#4794=DIRECTION('ref_axis',(-2.22044604925031E-16,1.,0.));
#4795=DIRECTION('',(-1.,-1.87350135405495E-16,0.));
#4796=DIRECTION('',(1.87350135405495E-16,-1.,0.));
#4797=DIRECTION('center_axis',(0.,0.,-1.));
#4798=DIRECTION('ref_axis',(-2.22044604925031E-16,1.,0.));
#4799=DIRECTION('',(1.,1.87350135405495E-16,0.));
#4800=DIRECTION('',(-1.87350135405495E-16,1.,0.));
#4801=DIRECTION('',(0.447213595497817,0.894427191000986,0.));
#4802=DIRECTION('',(0.44721359550141,-0.89442719099919,0.));
#4803=DIRECTION('',(-1.,3.81783493709314E-12,0.));
#4804=DIRECTION('center_axis',(0.,0.,-1.));
#4805=DIRECTION('ref_axis',(-2.22044604925031E-16,1.,0.));
#4806=DIRECTION('',(-1.,-1.87350135405495E-16,0.));
#4807=DIRECTION('center_axis',(0.,0.,-1.));
#4808=DIRECTION('ref_axis',(-2.22044604925031E-16,1.,0.));
#4809=DIRECTION('',(-1.87350135405495E-16,1.,0.));
#4810=DIRECTION('center_axis',(0.,0.,-1.));
#4811=DIRECTION('ref_axis',(-2.22044604925031E-16,1.,0.));
#4812=DIRECTION('center_axis',(-0.707106781186548,-1.32476551201444E-16,
0.707106781186548));
#4813=DIRECTION('ref_axis',(1.87350135405495E-16,-1.,0.));
#4814=DIRECTION('',(0.577350269189626,0.577350269189626,0.577350269189626));
#4815=DIRECTION('center_axis',(1.32476551201444E-16,-0.707106781186548,
0.707106781186547));
#4816=DIRECTION('ref_axis',(1.,1.87350135405495E-16,0.));
#4817=DIRECTION('center_axis',(0.,0.,-1.));
#4818=DIRECTION('ref_axis',(-2.22044604925031E-16,1.,0.));
#4819=DIRECTION('',(1.,1.87350135405495E-16,0.));
#4820=DIRECTION('center_axis',(0.,0.,-1.));
#4821=DIRECTION('ref_axis',(-2.22044604925031E-16,1.,0.));
#4822=DIRECTION('',(1.87350135405495E-16,-1.,0.));
#4823=DIRECTION('center_axis',(0.,0.,-1.));
#4824=DIRECTION('ref_axis',(-2.22044604925031E-16,1.,0.));
#4825=DIRECTION('center_axis',(0.707106781186548,1.32476551201444E-16,0.707106781186547));
#4826=DIRECTION('ref_axis',(-1.87350135405495E-16,1.,0.));
#4827=DIRECTION('',(-0.577350269189626,-0.577350269189626,0.577350269189626));
#4828=DIRECTION('center_axis',(-1.32476551201443E-16,0.707106781186547,
0.707106781186548));
#4829=DIRECTION('ref_axis',(-1.,-1.87350135405495E-16,0.));
#4830=DIRECTION('center_axis',(0.,0.,-1.));
#4831=DIRECTION('ref_axis',(-2.22044604925031E-16,1.,0.));
#4832=DIRECTION('',(0.447213595497817,0.894427191000986,0.));
#4833=DIRECTION('',(-1.,3.81783493709314E-12,0.));
#4834=DIRECTION('',(0.44721359550141,-0.89442719099919,0.));
#4835=DIRECTION('center_axis',(-2.69961697346947E-12,-0.707106781186547,
0.707106781186548));
#4836=DIRECTION('ref_axis',(1.,-3.81783493709314E-12,0.));
#4837=DIRECTION('',(0.752937760164188,0.465341127193944,0.465341127196818));
#4838=DIRECTION('',(-0.752937760164883,0.465341127196256,0.465341127193381));
#4839=DIRECTION('center_axis',(0.632455532033162,0.316227766017865,0.707106781186548));
#4840=DIRECTION('ref_axis',(-0.44721359550141,0.89442719099919,0.));
#4841=DIRECTION('',(1.83401032348081E-12,-0.912870929175394,0.408248290463601));
#4842=DIRECTION('center_axis',(-0.632455532034432,0.316227766015324,0.707106781186548));
#4843=DIRECTION('ref_axis',(-0.447213595497817,-0.894427191000986,0.));
#4844=DIRECTION('center_axis',(0.,0.,-1.));
#4845=DIRECTION('ref_axis',(-2.22044604925031E-16,1.,0.));
#4846=DIRECTION('',(0.,0.,-1.));
#4847=DIRECTION('',(0.,0.,1.));
#4848=DIRECTION('center_axis',(0.,0.,-1.));
#4849=DIRECTION('ref_axis',(-2.22044604925031E-16,1.,0.));
#4850=DIRECTION('',(0.,0.,-1.));
#4851=DIRECTION('',(0.,0.,1.));
#4852=DIRECTION('center_axis',(0.,0.,-1.));
#4853=DIRECTION('ref_axis',(-2.22044604925031E-16,1.,0.));
#4854=DIRECTION('',(0.,0.,-1.));
#4855=DIRECTION('',(0.,0.,1.));
#4856=DIRECTION('center_axis',(0.,0.,-1.));
#4857=DIRECTION('ref_axis',(-2.22044604925031E-16,1.,0.));
#4858=DIRECTION('',(0.,0.,-1.));
#4859=DIRECTION('',(0.,0.,1.));
#4860=DIRECTION('center_axis',(0.,0.,-1.));
#4861=DIRECTION('ref_axis',(-2.22044604925031E-16,1.,0.));
#4862=DIRECTION('',(0.,0.,-1.));
#4863=DIRECTION('',(0.,0.,1.));
#4864=DIRECTION('center_axis',(0.,0.,-1.));
#4865=DIRECTION('ref_axis',(-2.22044604925031E-16,1.,0.));
#4866=DIRECTION('',(0.,0.,-1.));
#4867=DIRECTION('',(0.,0.,1.));
#4868=DIRECTION('center_axis',(0.,0.,-1.));
#4869=DIRECTION('ref_axis',(-2.22044604925031E-16,1.,0.));
#4870=DIRECTION('',(0.,0.,-1.));
#4871=DIRECTION('',(0.,0.,1.));
#4872=DIRECTION('center_axis',(0.,0.,-1.));
#4873=DIRECTION('ref_axis',(-2.22044604925031E-16,1.,0.));
#4874=DIRECTION('',(0.,0.,-1.));
#4875=DIRECTION('',(0.,0.,1.));
#4876=DIRECTION('center_axis',(0.,0.,-1.));
#4877=DIRECTION('ref_axis',(-2.22044604925031E-16,1.,0.));
#4878=DIRECTION('',(0.,0.,-1.));
#4879=DIRECTION('',(0.,0.,1.));
#4880=DIRECTION('center_axis',(0.,0.,-1.));
#4881=DIRECTION('ref_axis',(-2.22044604925031E-16,1.,0.));
#4882=DIRECTION('',(0.,0.,-1.));
#4883=DIRECTION('',(0.,0.,1.));
#4884=DIRECTION('center_axis',(0.,0.,-1.));
#4885=DIRECTION('ref_axis',(-2.22044604925031E-16,1.,0.));
#4886=DIRECTION('',(0.,0.,-1.));
#4887=DIRECTION('',(0.,0.,1.));
#4888=DIRECTION('center_axis',(0.,0.,-1.));
#4889=DIRECTION('ref_axis',(-2.22044604925031E-16,1.,0.));
#4890=DIRECTION('',(0.,0.,-1.));
#4891=DIRECTION('',(0.,0.,1.));
#4892=DIRECTION('center_axis',(0.,0.,-1.));
#4893=DIRECTION('ref_axis',(-2.22044604925031E-16,1.,0.));
#4894=DIRECTION('',(0.,0.,-1.));
#4895=DIRECTION('',(0.,0.,1.));
#4896=DIRECTION('center_axis',(0.,0.,-1.));
#4897=DIRECTION('ref_axis',(-2.22044604925031E-16,1.,0.));
#4898=DIRECTION('',(0.,0.,-1.));
#4899=DIRECTION('',(0.,0.,1.));
#4900=DIRECTION('center_axis',(0.,0.,-1.));
#4901=DIRECTION('ref_axis',(-2.22044604925031E-16,1.,0.));
#4902=DIRECTION('',(0.,0.,-1.));
#4903=DIRECTION('',(0.,0.,1.));
#4904=DIRECTION('center_axis',(0.,0.,-1.));
#4905=DIRECTION('ref_axis',(-2.22044604925031E-16,1.,0.));
#4906=DIRECTION('',(0.,0.,-1.));
#4907=DIRECTION('',(0.,0.,1.));
#4908=DIRECTION('center_axis',(-1.,-2.22044604925031E-16,0.));
#4909=DIRECTION('ref_axis',(-2.22044604925031E-16,1.,0.));
#4910=DIRECTION('',(-2.22044604925031E-16,1.,0.));
#4911=DIRECTION('',(0.,0.,-1.));
#4912=DIRECTION('',(0.,0.,-1.));
#4913=DIRECTION('center_axis',(-0.707106781186548,0.707106781186547,0.));
#4914=DIRECTION('ref_axis',(0.707106781186547,0.707106781186548,0.));
#4915=DIRECTION('',(0.707106781186547,0.707106781186548,0.));
#4916=DIRECTION('',(0.,0.,-1.));
#4917=DIRECTION('',(0.,0.,1.));
#4918=DIRECTION('',(0.,0.,-1.));
#4919=DIRECTION('',(0.,0.,1.));
#4920=DIRECTION('',(0.,0.,-1.));
#4921=DIRECTION('',(0.,0.,1.));
#4922=DIRECTION('',(0.,0.,-1.));
#4923=DIRECTION('',(0.,0.,1.));
#4924=DIRECTION('',(0.,0.,-1.));
#4925=DIRECTION('',(0.,0.,1.));
#4926=DIRECTION('',(0.,0.,-1.));
#4927=DIRECTION('',(0.,0.,1.));
#4928=DIRECTION('',(0.,0.,-1.));
#4929=DIRECTION('',(0.,0.,1.));
#4930=DIRECTION('',(0.,0.,-1.));
#4931=DIRECTION('',(0.,0.,1.));
#4932=DIRECTION('',(0.,0.,-1.));
#4933=DIRECTION('center_axis',(-0.707106781186547,-0.707106781186548,0.));
#4934=DIRECTION('ref_axis',(-0.707106781186548,0.707106781186547,0.));
#4935=DIRECTION('',(-0.707106781186548,0.707106781186547,0.));
#4936=DIRECTION('',(0.,0.,1.));
#4937=DIRECTION('',(0.,0.,-1.));
#4938=DIRECTION('',(0.,0.,1.));
#4939=DIRECTION('',(0.,0.,-1.));
#4940=DIRECTION('',(0.,0.,1.));
#4941=DIRECTION('',(0.,0.,-1.));
#4942=DIRECTION('',(0.,0.,1.));
#4943=DIRECTION('',(0.,0.,-1.));
#4944=DIRECTION('',(0.,0.,1.));
#4945=DIRECTION('',(0.,0.,-1.));
#4946=DIRECTION('',(0.,0.,1.));
#4947=DIRECTION('',(0.,0.,-1.));
#4948=DIRECTION('',(0.,0.,1.));
#4949=DIRECTION('',(0.,0.,-1.));
#4950=DIRECTION('',(0.,0.,1.));
#4951=DIRECTION('',(0.,0.,-1.));
#4952=DIRECTION('',(0.,0.,1.));
#4953=DIRECTION('center_axis',(0.,0.,-1.));
#4954=DIRECTION('ref_axis',(-2.22044604925031E-16,1.,0.));
#4955=DIRECTION('',(0.,0.,-1.));
#4956=DIRECTION('',(0.,0.,1.));
#4957=DIRECTION('center_axis',(0.,0.,-1.));
#4958=DIRECTION('ref_axis',(5.72974660631591E-13,-1.,0.));
#4959=DIRECTION('',(0.,0.,-1.));
#4960=DIRECTION('',(0.,0.,1.));
#4961=DIRECTION('center_axis',(0.,0.,-1.));
#4962=DIRECTION('ref_axis',(-2.22044604925031E-16,1.,0.));
#4963=DIRECTION('',(0.,0.,-1.));
#4964=DIRECTION('',(0.,0.,1.));
#4965=DIRECTION('center_axis',(0.,0.,-1.));
#4966=DIRECTION('ref_axis',(-2.22044604925031E-16,1.,0.));
#4967=DIRECTION('',(0.,0.,1.));
#4968=DIRECTION('center_axis',(0.,0.,-1.));
#4969=DIRECTION('ref_axis',(-2.22044604925031E-16,1.,0.));
#4970=DIRECTION('',(0.,0.,-1.));
#4971=DIRECTION('',(0.,0.,1.));
#4972=DIRECTION('center_axis',(0.,0.,-1.));
#4973=DIRECTION('ref_axis',(-2.22044604925031E-16,1.,0.));
#4974=DIRECTION('',(0.,0.,-1.));
#4975=DIRECTION('',(0.,0.,1.));
#4976=DIRECTION('center_axis',(0.,0.,-1.));
#4977=DIRECTION('ref_axis',(-2.22044604925031E-16,1.,0.));
#4978=DIRECTION('',(0.,0.,-1.));
#4979=DIRECTION('center_axis',(0.,0.,-1.));
#4980=DIRECTION('ref_axis',(-2.22044604925031E-16,1.,0.));
#4981=DIRECTION('',(0.,0.,1.));
#4982=DIRECTION('',(0.,0.,-1.));
#4983=DIRECTION('center_axis',(0.,0.,-1.));
#4984=DIRECTION('ref_axis',(-2.22044604925031E-16,1.,0.));
#4985=DIRECTION('',(0.,0.,-1.));
#4986=DIRECTION('',(0.,0.,1.));
#4987=DIRECTION('center_axis',(0.,0.,-1.));
#4988=DIRECTION('ref_axis',(-2.22044604925031E-16,1.,0.));
#4989=DIRECTION('',(0.,0.,-1.));
#4990=DIRECTION('center_axis',(0.,0.,-1.));
#4991=DIRECTION('ref_axis',(-2.22044604925031E-16,1.,0.));
#4992=DIRECTION('',(0.,0.,1.));
#4993=DIRECTION('',(0.,0.,-1.));
#4994=DIRECTION('center_axis',(0.,0.,-1.));
#4995=DIRECTION('ref_axis',(-2.22044604925031E-16,1.,0.));
#4996=DIRECTION('',(0.,0.,-1.));
#4997=DIRECTION('',(0.,0.,1.));
#4998=DIRECTION('center_axis',(0.,0.,-1.));
#4999=DIRECTION('ref_axis',(1.12898239226926E-13,-1.,0.));
#5000=DIRECTION('',(0.,0.,-1.));
#5001=DIRECTION('',(0.,0.,1.));
#5002=DIRECTION('center_axis',(0.,0.,-1.));
#5003=DIRECTION('ref_axis',(-2.22044604925031E-16,1.,0.));
#5004=DIRECTION('',(0.,0.,-1.));
#5005=DIRECTION('',(0.,0.,1.));
#5006=DIRECTION('center_axis',(0.,0.,-1.));
#5007=DIRECTION('ref_axis',(-2.22044604925031E-16,1.,0.));
#5008=DIRECTION('',(0.,0.,1.));
#5009=DIRECTION('center_axis',(0.,0.,-1.));
#5010=DIRECTION('ref_axis',(-2.22044604925031E-16,1.,0.));
#5011=DIRECTION('',(0.,0.,-1.));
#5012=DIRECTION('',(0.,0.,1.));
#5013=DIRECTION('center_axis',(0.,0.,-1.));
#5014=DIRECTION('ref_axis',(-2.22044604925031E-16,1.,0.));
#5015=DIRECTION('',(0.,0.,-1.));
#5016=DIRECTION('',(0.,0.,1.));
#5017=DIRECTION('center_axis',(0.,0.,-1.));
#5018=DIRECTION('ref_axis',(-2.22044604925031E-16,1.,0.));
#5019=DIRECTION('',(0.,0.,-1.));
#5020=DIRECTION('center_axis',(0.,0.,-1.));
#5021=DIRECTION('ref_axis',(-2.22044604925031E-16,1.,0.));
#5022=DIRECTION('',(0.,0.,1.));
#5023=DIRECTION('',(0.,0.,-1.));
#5024=DIRECTION('center_axis',(0.,0.,-1.));
#5025=DIRECTION('ref_axis',(-2.22044604925031E-16,1.,0.));
#5026=DIRECTION('',(0.,0.,-1.));
#5027=DIRECTION('',(0.,0.,1.));
#5028=DIRECTION('center_axis',(0.,0.,-1.));
#5029=DIRECTION('ref_axis',(-4.44877808344753E-13,-1.,0.));
#5030=DIRECTION('',(0.,0.,-1.));
#5031=DIRECTION('',(0.,0.,1.));
#5032=DIRECTION('center_axis',(0.,0.,-1.));
#5033=DIRECTION('ref_axis',(-2.22044604925031E-16,1.,0.));
#5034=DIRECTION('',(0.,0.,-1.));
#5035=DIRECTION('',(0.,0.,1.));
#5036=DIRECTION('center_axis',(0.,0.,-1.));
#5037=DIRECTION('ref_axis',(-2.22044604925031E-16,1.,0.));
#5038=DIRECTION('',(0.,0.,1.));
#5039=DIRECTION('center_axis',(0.,0.,-1.));
#5040=DIRECTION('ref_axis',(-2.22044604925031E-16,1.,0.));
#5041=DIRECTION('',(0.,0.,-1.));
#5042=DIRECTION('',(0.,0.,1.));
#5043=DIRECTION('center_axis',(0.,0.,-1.));
#5044=DIRECTION('ref_axis',(-2.22044604925031E-16,1.,0.));
#5045=DIRECTION('',(0.,0.,-1.));
#5046=DIRECTION('',(0.,0.,1.));
#5047=DIRECTION('center_axis',(0.,0.,-1.));
#5048=DIRECTION('ref_axis',(-2.22044604925031E-16,1.,0.));
#5049=DIRECTION('',(0.,0.,-1.));
#5050=DIRECTION('center_axis',(0.,0.,-1.));
#5051=DIRECTION('ref_axis',(-2.22044604925031E-16,1.,0.));
#5052=DIRECTION('',(0.,0.,1.));
#5053=DIRECTION('',(0.,0.,-1.));
#5054=DIRECTION('center_axis',(0.,0.,-1.));
#5055=DIRECTION('ref_axis',(-2.22044604925031E-16,1.,0.));
#5056=DIRECTION('',(0.,0.,-1.));
#5057=DIRECTION('',(0.,0.,1.));
#5058=DIRECTION('center_axis',(0.,0.,-1.));
#5059=DIRECTION('ref_axis',(-8.20577279877905E-13,-1.,0.));
#5060=DIRECTION('',(0.,0.,-1.));
#5061=DIRECTION('',(0.,0.,1.));
#5062=DIRECTION('center_axis',(0.,0.,-1.));
#5063=DIRECTION('ref_axis',(-2.22044604925031E-16,1.,0.));
#5064=DIRECTION('',(0.,0.,-1.));
#5065=DIRECTION('',(0.,0.,1.));
#5066=DIRECTION('center_axis',(0.,0.,-1.));
#5067=DIRECTION('ref_axis',(-2.22044604925031E-16,1.,0.));
#5068=DIRECTION('',(0.,0.,1.));
#5069=DIRECTION('center_axis',(0.,0.,-1.));
#5070=DIRECTION('ref_axis',(-2.22044604925031E-16,1.,0.));
#5071=DIRECTION('',(0.,0.,-1.));
#5072=DIRECTION('',(0.,0.,1.));
#5073=DIRECTION('center_axis',(0.,0.,-1.));
#5074=DIRECTION('ref_axis',(-2.22044604925031E-16,1.,0.));
#5075=DIRECTION('',(0.,0.,-1.));
#5076=DIRECTION('',(0.,0.,1.));
#5077=DIRECTION('center_axis',(0.,0.,-1.));
#5078=DIRECTION('ref_axis',(-2.22044604925031E-16,1.,0.));
#5079=DIRECTION('',(0.,0.,-1.));
#5080=DIRECTION('center_axis',(0.,0.,-1.));
#5081=DIRECTION('ref_axis',(-2.22044604925031E-16,1.,0.));
#5082=DIRECTION('',(0.,0.,1.));
#5083=DIRECTION('',(0.,0.,-1.));
#5084=DIRECTION('center_axis',(0.,0.,-1.));
#5085=DIRECTION('ref_axis',(-2.22044604925031E-16,1.,0.));
#5086=DIRECTION('',(0.,0.,-1.));
#5087=DIRECTION('',(0.,0.,1.));
#5088=DIRECTION('center_axis',(0.,0.,-1.));
#5089=DIRECTION('ref_axis',(-9.97324785398231E-13,-1.,0.));
#5090=DIRECTION('',(0.,0.,-1.));
#5091=DIRECTION('',(0.,0.,1.));
#5092=DIRECTION('center_axis',(0.,0.,-1.));
#5093=DIRECTION('ref_axis',(-2.22044604925031E-16,1.,0.));
#5094=DIRECTION('',(0.,0.,-1.));
#5095=DIRECTION('',(0.,0.,1.));
#5096=DIRECTION('center_axis',(0.,0.,-1.));
#5097=DIRECTION('ref_axis',(-2.22044604925031E-16,1.,0.));
#5098=DIRECTION('',(0.,0.,1.));
#5099=DIRECTION('center_axis',(0.,0.,-1.));
#5100=DIRECTION('ref_axis',(-2.22044604925031E-16,1.,0.));
#5101=DIRECTION('',(0.,0.,-1.));
#5102=DIRECTION('',(0.,0.,1.));
#5103=DIRECTION('center_axis',(0.,0.,-1.));
#5104=DIRECTION('ref_axis',(-2.22044604925031E-16,1.,0.));
#5105=DIRECTION('',(0.,0.,-1.));
#5106=DIRECTION('',(0.,0.,1.));
#5107=DIRECTION('center_axis',(0.,0.,-1.));
#5108=DIRECTION('ref_axis',(-2.22044604925031E-16,1.,0.));
#5109=DIRECTION('',(0.,0.,-1.));
#5110=DIRECTION('center_axis',(0.,0.,-1.));
#5111=DIRECTION('ref_axis',(-2.22044604925031E-16,1.,0.));
#5112=DIRECTION('',(0.,0.,1.));
#5113=DIRECTION('',(0.,0.,-1.));
#5114=DIRECTION('center_axis',(0.,0.,-1.));
#5115=DIRECTION('ref_axis',(-2.22044604925031E-16,1.,0.));
#5116=DIRECTION('',(0.,0.,-1.));
#5117=DIRECTION('',(0.,0.,1.));
#5118=DIRECTION('center_axis',(0.,0.,-1.));
#5119=DIRECTION('ref_axis',(-6.33171633321179E-13,-1.,0.));
#5120=DIRECTION('',(0.,0.,-1.));
#5121=DIRECTION('',(0.,0.,1.));
#5122=DIRECTION('center_axis',(0.,0.,-1.));
#5123=DIRECTION('ref_axis',(-2.22044604925031E-16,1.,0.));
#5124=DIRECTION('',(0.,0.,-1.));
#5125=DIRECTION('',(0.,0.,1.));
#5126=DIRECTION('center_axis',(0.,0.,-1.));
#5127=DIRECTION('ref_axis',(-2.22044604925031E-16,1.,0.));
#5128=DIRECTION('',(0.,0.,1.));
#5129=DIRECTION('center_axis',(0.,0.,-1.));
#5130=DIRECTION('ref_axis',(-2.22044604925031E-16,1.,0.));
#5131=DIRECTION('',(0.,0.,-1.));
#5132=DIRECTION('',(0.,0.,1.));
#5133=DIRECTION('center_axis',(0.,0.,-1.));
#5134=DIRECTION('ref_axis',(-2.22044604925031E-16,1.,0.));
#5135=DIRECTION('',(0.,0.,-1.));
#5136=DIRECTION('',(0.,0.,1.));
#5137=DIRECTION('center_axis',(0.,0.,-1.));
#5138=DIRECTION('ref_axis',(-2.22044604925031E-16,1.,0.));
#5139=DIRECTION('',(0.,0.,-1.));
#5140=DIRECTION('center_axis',(0.,0.,-1.));
#5141=DIRECTION('ref_axis',(-2.22044604925031E-16,1.,0.));
#5142=DIRECTION('',(0.,0.,1.));
#5143=DIRECTION('',(0.,0.,-1.));
#5144=DIRECTION('center_axis',(0.,0.,-1.));
#5145=DIRECTION('ref_axis',(-2.22044604925031E-16,1.,0.));
#5146=DIRECTION('',(0.,0.,-1.));
#5147=DIRECTION('',(0.,0.,1.));
#5148=DIRECTION('center_axis',(0.,0.,-1.));
#5149=DIRECTION('ref_axis',(-1.79312460854415E-13,-1.,0.));
#5150=DIRECTION('',(0.,0.,-1.));
#5151=DIRECTION('',(0.,0.,1.));
#5152=DIRECTION('center_axis',(0.,0.,-1.));
#5153=DIRECTION('ref_axis',(-2.22044604925031E-16,1.,0.));
#5154=DIRECTION('',(0.,0.,-1.));
#5155=DIRECTION('',(0.,0.,1.));
#5156=DIRECTION('center_axis',(0.,0.,-1.));
#5157=DIRECTION('ref_axis',(-2.22044604925031E-16,1.,0.));
#5158=DIRECTION('',(0.,0.,1.));
#5159=DIRECTION('center_axis',(0.,0.,-1.));
#5160=DIRECTION('ref_axis',(-2.22044604925031E-16,1.,0.));
#5161=DIRECTION('',(0.,0.,-1.));
#5162=DIRECTION('',(0.,0.,1.));
#5163=DIRECTION('center_axis',(0.,0.,-1.));
#5164=DIRECTION('ref_axis',(-2.22044604925031E-16,1.,0.));
#5165=DIRECTION('',(0.,0.,-1.));
#5166=DIRECTION('',(0.,0.,1.));
#5167=DIRECTION('center_axis',(0.,0.,-1.));
#5168=DIRECTION('ref_axis',(-2.22044604925031E-16,1.,0.));
#5169=DIRECTION('',(0.,0.,-1.));
#5170=DIRECTION('center_axis',(0.,0.,-1.));
#5171=DIRECTION('ref_axis',(-2.22044604925031E-16,1.,0.));
#5172=DIRECTION('',(0.,0.,1.));
#5173=DIRECTION('',(0.,0.,-1.));
#5174=DIRECTION('center_axis',(0.,0.,-1.));
#5175=DIRECTION('ref_axis',(-2.22044604925031E-16,1.,0.));
#5176=DIRECTION('',(0.,0.,-1.));
#5177=DIRECTION('',(0.,0.,1.));
#5178=DIRECTION('center_axis',(0.,0.,-1.));
#5179=DIRECTION('ref_axis',(2.50565894280446E-13,-1.,0.));
#5180=DIRECTION('',(0.,0.,-1.));
#5181=DIRECTION('',(0.,0.,1.));
#5182=DIRECTION('center_axis',(0.,0.,-1.));
#5183=DIRECTION('ref_axis',(-2.22044604925031E-16,1.,0.));
#5184=DIRECTION('',(0.,0.,-1.));
#5185=DIRECTION('',(0.,0.,1.));
#5186=DIRECTION('center_axis',(0.,0.,-1.));
#5187=DIRECTION('ref_axis',(-2.22044604925031E-16,1.,0.));
#5188=DIRECTION('',(0.,0.,1.));
#5189=DIRECTION('center_axis',(0.,0.,-1.));
#5190=DIRECTION('ref_axis',(-2.22044604925031E-16,1.,0.));
#5191=DIRECTION('center_axis',(0.,0.,-1.));
#5192=DIRECTION('ref_axis',(-2.22044604925031E-16,1.,0.));
#5193=DIRECTION('',(0.,0.,1.));
#5194=DIRECTION('',(0.,0.,-1.));
#5195=DIRECTION('center_axis',(0.,0.,-1.));
#5196=DIRECTION('ref_axis',(-2.22044604925031E-16,1.,0.));
#5197=DIRECTION('',(0.,0.,-1.));
#5198=DIRECTION('center_axis',(2.35027172725178E-17,-1.,0.));
#5199=DIRECTION('ref_axis',(-1.,-2.35027172725178E-17,0.));
#5200=DIRECTION('',(-1.,-2.35027172725178E-17,0.));
#5201=DIRECTION('',(0.,0.,-1.));
#5202=DIRECTION('',(0.,0.,-1.));
#5203=DIRECTION('center_axis',(-0.707106781186547,-0.707106781186548,0.));
#5204=DIRECTION('ref_axis',(-0.707106781186548,0.707106781186547,0.));
#5205=DIRECTION('',(-0.707106781186548,0.707106781186547,0.));
#5206=DIRECTION('',(0.,0.,-1.));
#5207=DIRECTION('center_axis',(-0.707106781186548,0.707106781186547,0.));
#5208=DIRECTION('ref_axis',(0.707106781186547,0.707106781186548,0.));
#5209=DIRECTION('',(0.707106781186547,0.707106781186548,0.));
#5210=DIRECTION('',(0.,0.,-1.));
#5211=DIRECTION('',(0.,0.,-1.));
#5212=DIRECTION('',(0.707106781186547,0.707106781186548,0.));
#5213=DIRECTION('center_axis',(0.707106781186548,-0.707106781186547,0.));
#5214=DIRECTION('ref_axis',(-0.707106781186547,-0.707106781186548,0.));
#5215=DIRECTION('',(-0.707106781186547,-0.707106781186548,0.));
#5216=DIRECTION('',(0.,0.,-1.));
#5217=DIRECTION('center_axis',(-1.,-4.20586492577545E-16,0.));
#5218=DIRECTION('ref_axis',(-4.20586492577545E-16,1.,0.));
#5219=DIRECTION('',(-4.20586492577545E-16,1.,0.));
#5220=DIRECTION('center_axis',(-1.,-4.20586492577545E-16,0.));
#5221=DIRECTION('ref_axis',(-4.20586492577545E-16,1.,0.));
#5222=DIRECTION('',(-4.20586492577545E-16,1.,0.));
#5223=DIRECTION('center_axis',(-2.22044604925031E-16,1.,0.));
#5224=DIRECTION('ref_axis',(1.,2.22044604925031E-16,0.));
#5225=DIRECTION('',(1.,2.22044604925031E-16,0.));
#5226=DIRECTION('',(0.,0.,-1.));
#5227=DIRECTION('',(0.,0.,1.));
#5228=DIRECTION('',(1.,2.22044604925031E-16,0.));
#5229=DIRECTION('',(0.,0.,-1.));
#5230=DIRECTION('center_axis',(0.,0.,-1.));
#5231=DIRECTION('ref_axis',(-2.22044604925031E-16,1.,0.));
#5232=DIRECTION('center_axis',(0.,0.,-1.));
#5233=DIRECTION('ref_axis',(-2.22044604925031E-16,1.,0.));
#5234=DIRECTION('center_axis',(0.707106781186547,0.707106781186548,0.));
#5235=DIRECTION('ref_axis',(0.707106781186548,-0.707106781186547,0.));
#5236=DIRECTION('',(0.707106781186548,-0.707106781186547,0.));
#5237=DIRECTION('',(0.,0.,1.));
#5238=DIRECTION('',(0.707106781186548,-0.707106781186547,0.));
#5239=DIRECTION('',(0.,0.,-1.));
#5240=DIRECTION('center_axis',(0.,0.,-1.));
#5241=DIRECTION('ref_axis',(-2.22044604925031E-16,1.,0.));
#5242=DIRECTION('center_axis',(0.,0.,-1.));
#5243=DIRECTION('ref_axis',(-2.22044604925031E-16,1.,0.));
#5244=DIRECTION('center_axis',(1.,4.20586492577545E-16,0.));
#5245=DIRECTION('ref_axis',(4.20586492577545E-16,-1.,0.));
#5246=DIRECTION('',(4.20586492577545E-16,-1.,0.));
#5247=DIRECTION('',(0.,0.,1.));
#5248=DIRECTION('',(0.,0.,1.));
#5249=DIRECTION('',(0.,0.,1.));
#5250=DIRECTION('',(0.,0.,1.));
#5251=DIRECTION('',(0.,0.,1.));
#5252=DIRECTION('',(0.,0.,1.));
#5253=DIRECTION('',(0.,0.,1.));
#5254=DIRECTION('',(0.,0.,1.));
#5255=DIRECTION('',(0.,0.,1.));
#5256=DIRECTION('center_axis',(0.707106781186547,0.707106781186548,0.));
#5257=DIRECTION('ref_axis',(0.707106781186548,-0.707106781186547,0.));
#5258=DIRECTION('',(0.707106781186548,-0.707106781186547,0.));
#5259=DIRECTION('',(0.,0.,-1.));
#5260=DIRECTION('center_axis',(1.,1.0834607111006E-15,0.));
#5261=DIRECTION('ref_axis',(1.0834607111006E-15,-1.,0.));
#5262=DIRECTION('',(1.0834607111006E-15,-1.,0.));
#5263=DIRECTION('',(0.,0.,-1.));
#5264=DIRECTION('center_axis',(0.707106781186548,-0.707106781186547,0.));
#5265=DIRECTION('ref_axis',(-0.707106781186547,-0.707106781186548,0.));
#5266=DIRECTION('',(-0.707106781186547,-0.707106781186548,0.));
#5267=DIRECTION('',(0.,0.,-1.));
#5268=DIRECTION('',(0.,0.,-1.));
#5269=DIRECTION('',(0.,0.,-1.));
#5270=DIRECTION('',(0.,0.,-1.));
#5271=DIRECTION('',(0.,0.,-1.));
#5272=DIRECTION('',(0.,0.,-1.));
#5273=DIRECTION('',(0.,0.,-1.));
#5274=DIRECTION('',(0.,0.,-1.));
#5275=DIRECTION('',(0.,0.,-1.));
#5276=DIRECTION('center_axis',(1.,4.20586492577545E-16,0.));
#5277=DIRECTION('ref_axis',(4.20586492577545E-16,-1.,0.));
#5278=DIRECTION('',(4.20586492577545E-16,-1.,0.));
#5279=DIRECTION('center_axis',(0.,0.,-1.));
#5280=DIRECTION('ref_axis',(-2.22044604925031E-16,1.,0.));
#5281=CARTESIAN_POINT('',(0.,0.,0.));
#5282=CARTESIAN_POINT('Origin',(0.,0.,0.));
#5283=CARTESIAN_POINT('',(-2.35796522451032,6.75,0.));
#5284=CARTESIAN_POINT('',(2.35796522451032,6.75,0.));
#5285=CARTESIAN_POINT('Origin',(0.,0.,0.));
#5286=CARTESIAN_POINT('',(-2.79594154601839,6.75,0.));
#5287=CARTESIAN_POINT('',(-2.79594154601839,6.75,0.));
#5288=CARTESIAN_POINT('',(-3.10563757295589,6.4403039730625,0.));
#5289=CARTESIAN_POINT('',(-6.75,2.79594154601839,0.));
#5290=CARTESIAN_POINT('',(-3.90671949819685,5.9883255391143,0.));
#5291=CARTESIAN_POINT('Origin',(0.,0.,0.));
#5292=CARTESIAN_POINT('',(-5.91106505947485,3.63487648654355,0.));
#5293=CARTESIAN_POINT('Ctrl Pts',(-3.90610107363696,5.98759589689921,-5.5269472585214E-12));
#5294=CARTESIAN_POINT('Ctrl Pts',(-4.05879603146386,5.87243207982038,-5.09935855915514E-12));
#5295=CARTESIAN_POINT('Ctrl Pts',(-4.20662053693291,5.7513258660898,-4.57297935645597E-12));
#5296=CARTESIAN_POINT('Ctrl Pts',(-4.34927960327923,5.62462898019904,-4.01580851905337E-12));
#5297=CARTESIAN_POINT('Ctrl Pts',(-4.49231216194994,5.49760039219068,-3.45717896587148E-12));
#5298=CARTESIAN_POINT('Ctrl Pts',(-4.63015266823342,5.36495127517705,-2.86695625367369E-12));
#5299=CARTESIAN_POINT('Ctrl Pts',(-4.76246612314872,5.2270003561219,-2.3173823970879E-12));
#5300=CARTESIAN_POINT('Ctrl Pts',(-4.89387796101025,5.08998946921454,-1.77155347454321E-12));
#5301=CARTESIAN_POINT('Ctrl Pts',(-5.01983821053979,4.94774822496172,-1.26422002403638E-12));
#5302=CARTESIAN_POINT('Ctrl Pts',(-5.13997519292727,4.80056200796911,-8.6446128033657E-13));
#5303=CARTESIAN_POINT('Ctrl Pts',(-5.25793595394694,4.65604199570466,-4.71943966400707E-13));
#5304=CARTESIAN_POINT('Ctrl Pts',(-5.37028278030445,4.50675399752698,-1.83926732682853E-13));
#5305=CARTESIAN_POINT('Ctrl Pts',(-5.47661699074389,4.35295039118645,-6.29496454962464E-14));
#5306=CARTESIAN_POINT('Ctrl Pts',(-5.5125648748192,4.30095476166848,-2.2051516023322E-14));
#5307=CARTESIAN_POINT('Ctrl Pts',(-5.54782517001041,4.24844293584525,-2.09768751432488E-16));
#5308=CARTESIAN_POINT('Ctrl Pts',(-5.582381145545,4.1954243572916,-1.94289029309402E-16));
#5309=CARTESIAN_POINT('Ctrl Pts',(-5.68487721168491,4.03816658493791,1.54211272914936E-16));
#5310=CARTESIAN_POINT('Ctrl Pts',(-5.78077346902458,3.87707659729384,-4.94337264390497E-12));
#5311=CARTESIAN_POINT('Ctrl Pts',(-5.86976859838355,3.71246248081017,-1.8963525194593E-11));
#5312=CARTESIAN_POINT('Ctrl Pts',(-5.88370379859879,3.6866865682633,-2.1158854694637E-11));
#5313=CARTESIAN_POINT('Ctrl Pts',(-5.89746970486694,3.66082419508981,-2.35772116181093E-11));
#5314=CARTESIAN_POINT('Ctrl Pts',(-5.91106505945455,3.63487648652815,-2.62335431155947E-11));
#5315=CARTESIAN_POINT('',(-6.75,2.79594154601839,0.));
#5316=CARTESIAN_POINT('',(-6.75,2.79594154601839,0.));
#5317=CARTESIAN_POINT('',(-6.75,2.08883476483184,0.));
#5318=CARTESIAN_POINT('',(-6.75,-2.79594154601839,0.));
#5319=CARTESIAN_POINT('',(-7.55,1.28883476483184,0.));
#5320=CARTESIAN_POINT('',(-4.41941738241592,4.41941738241592,0.));
#5321=CARTESIAN_POINT('',(-7.55,-1.28883476483185,0.));
#5322=CARTESIAN_POINT('',(-7.55,1.28883476483184,0.));
#5323=CARTESIAN_POINT('',(-6.75,-2.08883476483185,0.));
#5324=CARTESIAN_POINT('',(-4.41941738241592,-4.41941738241592,0.));
#5325=CARTESIAN_POINT('',(-6.75,-2.79594154601839,0.));
#5326=CARTESIAN_POINT('',(-6.75,-2.79594154601839,0.));
#5327=CARTESIAN_POINT('',(-2.79594154601839,-6.75,0.));
#5328=CARTESIAN_POINT('',(-2.79594154601839,-6.75,0.));
#5329=CARTESIAN_POINT('',(2.79594154601839,-6.75,0.));
#5330=CARTESIAN_POINT('',(2.79594154601839,-6.75,0.));
#5331=CARTESIAN_POINT('',(6.75,-2.79594154601839,0.));
#5332=CARTESIAN_POINT('',(6.75,-2.79594154601839,0.));
#5333=CARTESIAN_POINT('',(6.75,-2.08883476483184,0.));
#5334=CARTESIAN_POINT('',(6.75,2.79594154601839,0.));
#5335=CARTESIAN_POINT('',(7.55,-1.28883476483184,0.));
#5336=CARTESIAN_POINT('',(4.41941738241592,-4.41941738241592,0.));
#5337=CARTESIAN_POINT('',(7.55,1.28883476483185,0.));
#5338=CARTESIAN_POINT('',(7.55,-1.28883476483185,0.));
#5339=CARTESIAN_POINT('',(6.75,2.08883476483184,0.));
#5340=CARTESIAN_POINT('',(4.41941738241592,4.41941738241592,0.));
#5341=CARTESIAN_POINT('',(6.75,2.79594154601839,0.));
#5342=CARTESIAN_POINT('',(6.75,2.79594154601839,0.));
#5343=CARTESIAN_POINT('',(6.02088905793437,3.52505248808402,0.));
#5344=CARTESIAN_POINT('',(2.79594154601839,6.75,0.));
#5345=CARTESIAN_POINT('',(4.48799328838323,5.56600541173175,0.));
#5346=CARTESIAN_POINT('Ctrl Pts',(6.02069228273251,3.52490520720732,2.79160028426872E-12));
#5347=CARTESIAN_POINT('Ctrl Pts',(5.99264151229583,3.58123717468289,-2.76109570037468E-12));
#5348=CARTESIAN_POINT('Ctrl Pts',(5.9638083048089,3.63722225310643,4.40382982266606E-16));
#5349=CARTESIAN_POINT('Ctrl Pts',(5.93420112394966,3.69284636344514,4.21537804662364E-16));
#5350=CARTESIAN_POINT('Ctrl Pts',(5.84591803838848,3.85870707526511,4.34025608839847E-16));
#5351=CARTESIAN_POINT('Ctrl Pts',(5.75110736323682,4.02070093503859,5.55682934561057E-13));
#5352=CARTESIAN_POINT('Ctrl Pts',(5.65013079716939,4.17851012043489,1.46944262313653E-12));
#5353=CARTESIAN_POINT('Ctrl Pts',(5.5472692498329,4.33926521070934,2.40025993175651E-12));
#5354=CARTESIAN_POINT('Ctrl Pts',(5.43800926439646,4.49567855045978,3.7029263415328E-12));
#5355=CARTESIAN_POINT('Ctrl Pts',(5.32268053049729,4.64740319120754,5.16958698071335E-12));
#5356=CARTESIAN_POINT('Ctrl Pts',(5.20690956510792,4.79970962464224,6.64187157411709E-12));
#5357=CARTESIAN_POINT('Ctrl Pts',(5.08502288712828,4.94729196020644,8.27938548718273E-12));
#5358=CARTESIAN_POINT('Ctrl Pts',(4.95730562712812,5.08977887297891,9.87146475672773E-12));
#5359=CARTESIAN_POINT('Ctrl Pts',(4.83026714091933,5.23150851627974,1.14550826665323E-11));
#5360=CARTESIAN_POINT('Ctrl Pts',(4.69745948948396,5.36819734866639,1.29937900533375E-11));
#5361=CARTESIAN_POINT('Ctrl Pts',(4.55912106603022,5.49945072381693,1.42805767211485E-11));
#5362=CARTESIAN_POINT('Ctrl Pts',(4.53557181370818,5.52179389335994,1.4499625508668E-11));
#5363=CARTESIAN_POINT('Ctrl Pts',(4.51186219917247,5.54397947303151,1.47114204160244E-11));
#5364=CARTESIAN_POINT('Ctrl Pts',(4.48799328837208,5.56600541172259,1.49148471351168E-11));
#5365=CARTESIAN_POINT('',(3.10563757295588,6.44030397306251,0.));
#5366=CARTESIAN_POINT('Origin',(0.,0.,0.));
#5367=CARTESIAN_POINT('',(2.79594154601839,6.75,0.));
#5368=CARTESIAN_POINT('',(2.79594154601839,6.75,0.));
#5369=CARTESIAN_POINT('',(-2.79594154601839,6.75,0.));
#5370=CARTESIAN_POINT('',(-1.40512601554121E-16,0.75,0.));
#5371=CARTESIAN_POINT('',(0.75,1.40512601554121E-16,0.));
#5372=CARTESIAN_POINT('Origin',(0.,0.,0.));
#5373=CARTESIAN_POINT('',(0.,0.,0.));
#5374=CARTESIAN_POINT('',(0.375,7.02563007770607E-17,0.));
#5375=CARTESIAN_POINT('',(1.40512601554121E-16,-0.75,0.));
#5376=CARTESIAN_POINT('',(0.,0.,0.));
#5377=CARTESIAN_POINT('',(-0.75,-1.40512601554121E-16,0.));
#5378=CARTESIAN_POINT('Origin',(0.,0.,0.));
#5379=CARTESIAN_POINT('',(-0.375,-7.02563007770607E-17,0.));
#5380=CARTESIAN_POINT('',(0.,0.,0.));
#5381=CARTESIAN_POINT('',(-0.499999999994945,4.32500000000413,0.));
#5382=CARTESIAN_POINT('',(-1.18238752122579E-15,5.325,0.));
#5383=CARTESIAN_POINT('',(-1.31499999999365,2.69499999999697,0.));
#5384=CARTESIAN_POINT('',(0.500000000001873,4.32500000000031,0.));
#5385=CARTESIAN_POINT('',(1.06500000000259,3.19500000000346,0.));
#5386=CARTESIAN_POINT('',(0.250000000009193,4.32500000000126,0.));
#5387=CARTESIAN_POINT('Origin',(0.375,0.375,0.1));
#5388=CARTESIAN_POINT('',(0.642261628933257,0.1,0.1));
#5389=CARTESIAN_POINT('',(0.0999999999999999,0.1,0.1));
#5390=CARTESIAN_POINT('',(-0.75,0.0999999999999999,0.1));
#5391=CARTESIAN_POINT('',(0.0999999999999999,0.642261628933257,0.1));
#5392=CARTESIAN_POINT('Origin',(0.,0.,0.1));
#5393=CARTESIAN_POINT('',(0.0999999999999999,0.75,0.1));
#5394=CARTESIAN_POINT('Origin',(0.,0.,0.));
#5395=CARTESIAN_POINT('Ctrl Pts',(0.749999999999964,3.59831522217524E-14,
3.58410133169396E-14));
#5396=CARTESIAN_POINT('Ctrl Pts',(0.696130814466534,0.0538691855334639,
0.0538691855334638));
#5397=CARTESIAN_POINT('Ctrl Pts',(0.642261628933104,0.100000000000131,0.100000000000131));
#5398=CARTESIAN_POINT('Ctrl Pts',(3.57118848381966E-14,0.749999999999964,
3.58534816419231E-14));
#5399=CARTESIAN_POINT('Ctrl Pts',(0.0538691855334623,0.696130814466535,
0.0538691855334624));
#5400=CARTESIAN_POINT('Ctrl Pts',(0.100000000000131,0.642261628933104,0.100000000000131));
#5401=CARTESIAN_POINT('Origin',(0.,0.,0.));
#5402=CARTESIAN_POINT('',(0.125,0.125,0.125));
#5403=CARTESIAN_POINT('Origin',(0.75,1.40512601554121E-16,0.));
#5404=CARTESIAN_POINT('Origin',(-0.375,-0.375,0.1));
#5405=CARTESIAN_POINT('',(-0.642261628933257,-0.1,0.1));
#5406=CARTESIAN_POINT('',(-0.1,-0.1,0.1));
#5407=CARTESIAN_POINT('',(-0.75,-0.1,0.1));
#5408=CARTESIAN_POINT('',(-0.0999999999999999,-0.642261628933257,0.1));
#5409=CARTESIAN_POINT('Origin',(0.,0.,0.1));
#5410=CARTESIAN_POINT('',(-0.1,0.75,0.1));
#5411=CARTESIAN_POINT('Origin',(0.,0.,0.));
#5412=CARTESIAN_POINT('Ctrl Pts',(-0.749999999999964,-3.59766470087175E-14,
3.58372186093359E-14));
#5413=CARTESIAN_POINT('Ctrl Pts',(-0.696130814466533,-0.0538691855334646,
0.0538691855334644));
#5414=CARTESIAN_POINT('Ctrl Pts',(-0.642261628933104,-0.100000000000131,
0.100000000000131));
#5415=CARTESIAN_POINT('Ctrl Pts',(-3.57037533219029E-14,-0.749999999999964,
3.58431817212845E-14));
#5416=CARTESIAN_POINT('Ctrl Pts',(-0.053869185533463,-0.696130814466535,
0.0538691855334631));
#5417=CARTESIAN_POINT('Ctrl Pts',(-0.100000000000131,-0.642261628933104,
0.100000000000131));
#5418=CARTESIAN_POINT('Origin',(0.,0.,0.));
#5419=CARTESIAN_POINT('',(-0.125,-0.125,0.125));
#5420=CARTESIAN_POINT('Origin',(-0.75,-1.40512601554121E-16,0.));
#5421=CARTESIAN_POINT('Origin',(3.46400408357539E-12,4.82500000000015,0.1));
#5422=CARTESIAN_POINT('',(-0.338196601120697,4.42500000000351,0.1));
#5423=CARTESIAN_POINT('',(4.48158558749367E-13,5.10139320224985,0.1));
#5424=CARTESIAN_POINT('',(-0.410557280894847,4.28027864045435,0.1));
#5425=CARTESIAN_POINT('',(0.338196601126281,4.42500000000093,0.1));
#5426=CARTESIAN_POINT('',(-0.499999999994563,4.42500000000413,0.1));
#5427=CARTESIAN_POINT('',(0.410557280901954,4.28027864045017,0.1));
#5428=CARTESIAN_POINT('Origin',(0.500000000001873,4.32500000000031,0.));
#5429=CARTESIAN_POINT('',(-0.216542364655983,4.500186453014,0.175186453010955));
#5430=CARTESIAN_POINT('',(0.183084729318993,4.52086440883668,0.195864408835164));
#5431=CARTESIAN_POINT('Origin',(-1.18238752122579E-15,5.325,0.));
#5432=CARTESIAN_POINT('',(8.36026965248907E-13,4.90833333333537,0.18633899812393));
#5433=CARTESIAN_POINT('Origin',(-0.499999999994945,4.32500000000413,0.));
#5434=CARTESIAN_POINT('Origin',(0.,0.,0.));
#5435=CARTESIAN_POINT('',(2.35796522451395,6.74999999999937,-0.454650578302589));
#5436=CARTESIAN_POINT('',(2.35796522451032,6.75,0.));
#5437=CARTESIAN_POINT('',(-2.35796519334489,6.75000000544348,-0.12034941054694));
#5438=CARTESIAN_POINT('Ctrl Pts',(2.35796522451272,6.74999999999652,-0.454650578305161));
#5439=CARTESIAN_POINT('Ctrl Pts',(0.845622371014639,7.27830397867661,-0.343216855719955));
#5440=CARTESIAN_POINT('Ctrl Pts',(-0.845622337402536,7.27830398252254,-0.231783133134748));
#5441=CARTESIAN_POINT('Ctrl Pts',(-2.35796519334407,6.75000001088461,-0.120349410549541));
#5442=CARTESIAN_POINT('',(-2.35796522451032,6.75,0.));
#5443=CARTESIAN_POINT('Origin',(0.,0.,0.));
#5444=CARTESIAN_POINT('',(3.10563757295562,-6.44030397306269,-1.00152558009746));
#5445=CARTESIAN_POINT('',(3.10563757295115,-6.44030397306584,-1.62652557830274));
#5446=CARTESIAN_POINT('',(3.10563757295589,-6.4403039730625,0.));
#5447=CARTESIAN_POINT('',(6.44030397306593,-3.105637572951,-1.29222440825015));
#5448=CARTESIAN_POINT('Ctrl Pts',(3.10563757294957,-6.44030397306232,-1.62652557830574));
#5449=CARTESIAN_POINT('Ctrl Pts',(4.54859279590403,-5.74448340694696,-1.5150918549549));
#5450=CARTESIAN_POINT('Ctrl Pts',(5.74448340694719,-4.54859279590375,-1.40365813160405));
#5451=CARTESIAN_POINT('Ctrl Pts',(6.44030397306247,-3.10563757294925,-1.2922244082532));
#5452=CARTESIAN_POINT('',(6.44030397307045,-3.10563757294458,-0.667224410044693));
#5453=CARTESIAN_POINT('',(6.44030397306251,-3.10563757295589,0.));
#5454=CARTESIAN_POINT('Ctrl Pts',(6.44030397306842,-3.1056375729436,-0.667224410044743));
#5455=CARTESIAN_POINT('Ctrl Pts',(5.74448340695406,-4.54859279590016,-0.778658133395648));
#5456=CARTESIAN_POINT('Ctrl Pts',(4.54859279591081,-5.74448340694559,-0.890091856746553));
#5457=CARTESIAN_POINT('Ctrl Pts',(3.10563757295556,-6.44030397306266,-1.00152558009746));
#5458=CARTESIAN_POINT('Origin',(0.,0.,0.));
#5459=CARTESIAN_POINT('',(6.44030396534372,3.10563758394169,-3.3452755791229));
#5460=CARTESIAN_POINT('',(6.44030397306452,3.10563757295302,-3.97027557830258));
#5461=CARTESIAN_POINT('',(6.4403039730625,3.10563757295589,0.));
#5462=CARTESIAN_POINT('',(3.10563757294951,6.44030397306698,-3.63597440825002));
#5463=CARTESIAN_POINT('Ctrl Pts',(6.4403039730615,3.10563757295166,-3.97027557830541));
#5464=CARTESIAN_POINT('Ctrl Pts',(5.74448340694571,4.54859279590588,-3.85884185495457));
#5465=CARTESIAN_POINT('Ctrl Pts',(4.54859279590217,5.74448340694865,-3.74740813160372));
#5466=CARTESIAN_POINT('Ctrl Pts',(3.1056375729475,6.44030397306351,-3.63597440825288));
#5467=CARTESIAN_POINT('',(3.10563757294353,6.44030397307119,-3.0109744100446));
#5468=CARTESIAN_POINT('',(3.10563757295588,6.44030397306251,0.));
#5469=CARTESIAN_POINT('Ctrl Pts',(3.1056375729422,6.44030397306837,-3.01097441004397));
#5470=CARTESIAN_POINT('Ctrl Pts',(4.54859279192024,5.74448340887282,-3.12240813308763));
#5471=CARTESIAN_POINT('Ctrl Pts',(5.74448340041906,4.54859280256657,-3.23384185613129));
#5472=CARTESIAN_POINT('Ctrl Pts',(6.44030396730601,3.10563758489187,-3.34527557917496));
#5473=CARTESIAN_POINT('Origin',(0.,0.,0.));
#5474=CARTESIAN_POINT('',(3.1056375729536,-6.44030397306411,-4.12652558009764));
#5475=CARTESIAN_POINT('',(3.10563757294607,-6.4403039730694,-4.7515255783032));
#5476=CARTESIAN_POINT('',(3.10563757295589,-6.4403039730625,0.));
#5477=CARTESIAN_POINT('',(6.44030397306305,-3.10563757295511,-4.41722440825052));
#5478=CARTESIAN_POINT('Ctrl Pts',(3.10563757294435,-6.44030397306541,-4.75152557830563));
#5479=CARTESIAN_POINT('Ctrl Pts',(4.54859279589989,-5.74448340695104,-4.64009185495475));
#5480=CARTESIAN_POINT('Ctrl Pts',(5.74448340694438,-4.54859279590828,-4.52865813160388));
#5481=CARTESIAN_POINT('Ctrl Pts',(6.44030397306087,-3.10563757295377,-4.417224408253));
#5482=CARTESIAN_POINT('',(6.44030397306851,-3.10563757294734,-3.79222441004494));
#5483=CARTESIAN_POINT('',(6.44030397306251,-3.10563757295589,0.));
#5484=CARTESIAN_POINT('Ctrl Pts',(6.44030397306593,-3.10563757294619,-3.79222441004381));
#5485=CARTESIAN_POINT('Ctrl Pts',(5.7444834069511,-4.54859279590193,-3.9036581333947));
#5486=CARTESIAN_POINT('Ctrl Pts',(4.5485927959078,-5.74448340694646,-4.01509185674558));
#5487=CARTESIAN_POINT('Ctrl Pts',(3.10563757295277,-6.44030397306276,-4.12652558009647));
#5488=CARTESIAN_POINT('Origin',(0.,0.,0.));
#5489=CARTESIAN_POINT('',(6.44030397306313,3.10563757295499,-6.47027558009752));
#5490=CARTESIAN_POINT('',(6.44030397306899,3.10563757294665,-7.09527557830315));
#5491=CARTESIAN_POINT('',(6.4403039730625,3.10563757295589,0.));
#5492=CARTESIAN_POINT('',(3.10563757295396,6.44030397306386,-6.76097440825042));
#5493=CARTESIAN_POINT('Ctrl Pts',(6.44030397306649,3.10563757294545,-7.09527557830408));
#5494=CARTESIAN_POINT('Ctrl Pts',(5.74448340695178,4.54859279590143,-6.98384185495319));
#5495=CARTESIAN_POINT('Ctrl Pts',(4.54859279590843,5.74448340694624,-6.87240813160229));
#5496=CARTESIAN_POINT('Ctrl Pts',(3.1056375729533,6.44030397306271,-6.7609744082514));
#5497=CARTESIAN_POINT('',(3.10563757294652,6.44030397306909,-6.13597441004487));
#5498=CARTESIAN_POINT('',(3.10563757295588,6.44030397306251,0.));
#5499=CARTESIAN_POINT('Ctrl Pts',(3.10563757294476,6.44030397306504,-6.13597441004228));
#5500=CARTESIAN_POINT('Ctrl Pts',(4.54859279590008,5.74448340695064,-6.24740813339315));
#5501=CARTESIAN_POINT('Ctrl Pts',(5.74448340694438,4.54859279590797,-6.35884185674401));
#5502=CARTESIAN_POINT('Ctrl Pts',(6.44030397306078,3.1056375729536,-6.47027558009488));
#5503=CARTESIAN_POINT('Origin',(0.,0.,0.));
#5504=CARTESIAN_POINT('',(3.10563757294895,-6.44030397306738,-7.25152558009806));
#5505=CARTESIAN_POINT('',(3.10563757294342,-6.44030397307127,-7.87652557830344));
#5506=CARTESIAN_POINT('',(3.10563757295589,-6.4403039730625,0.));
#5507=CARTESIAN_POINT('',(6.44030397306258,-3.10563757295579,-7.54222440825058));
#5508=CARTESIAN_POINT('Ctrl Pts',(3.10563757294223,-6.44030397306853,-7.87652557830389));
#5509=CARTESIAN_POINT('Ctrl Pts',(4.54859279589914,-5.74448340695431,-7.76509185495296));
#5510=CARTESIAN_POINT('Ctrl Pts',(5.74448340694491,-4.54859279591097,-7.65365813160203));
#5511=CARTESIAN_POINT('Ctrl Pts',(6.44030397306212,-3.10563757295552,-7.5422244082511));
#5512=CARTESIAN_POINT('',(6.44030397306426,-3.10563757295339,-6.91722441004548));
#5513=CARTESIAN_POINT('',(6.44030397306251,-3.10563757295589,0.));
#5514=CARTESIAN_POINT('Ctrl Pts',(6.44030397306117,-3.10563757295212,-6.91722441004255));
#5515=CARTESIAN_POINT('Ctrl Pts',(5.74448340694527,-4.54859279590626,-7.0286581333934));
#5516=CARTESIAN_POINT('Ctrl Pts',(4.54859279590163,-5.74448340694894,-7.14009185674424));
#5517=CARTESIAN_POINT('Ctrl Pts',(3.10563757294693,-6.44030397306368,-7.25152558009508));
#5518=CARTESIAN_POINT('Origin',(0.,0.,0.));
#5519=CARTESIAN_POINT('',(6.44030397306631,3.10563757295047,-9.59527558009793));
#5520=CARTESIAN_POINT('',(6.44030397307019,3.10563757294496,-10.2202755783033));
#5521=CARTESIAN_POINT('',(6.4403039730625,3.10563757295589,0.));
#5522=CARTESIAN_POINT('',(3.10563757295575,6.4403039730626,-9.88597440825058));
#5523=CARTESIAN_POINT('Ctrl Pts',(6.44030397306823,3.10563757294395,-10.2202755783033));
#5524=CARTESIAN_POINT('Ctrl Pts',(5.74448340695385,4.54859279590032,-10.1088418549524));
#5525=CARTESIAN_POINT('Ctrl Pts',(4.54859279591072,5.74448340694558,-9.9974081316015));
#5526=CARTESIAN_POINT('Ctrl Pts',(3.10563757295563,6.44030397306259,-9.88597440825061));
#5527=CARTESIAN_POINT('',(3.10563757295165,6.44030397306548,-9.26097441004533));
#5528=CARTESIAN_POINT('',(3.10563757295588,6.44030397306251,0.));
#5529=CARTESIAN_POINT('Ctrl Pts',(3.10563757295023,6.44030397306209,-9.26097441004241));
#5530=CARTESIAN_POINT('Ctrl Pts',(4.54859279590464,5.74448340694658,-9.37240813339326));
#5531=CARTESIAN_POINT('Ctrl Pts',(5.74448340694771,4.54859279590322,-9.48384185674411));
#5532=CARTESIAN_POINT('Ctrl Pts',(6.44030397306286,3.10563757294863,-9.59527558009496));
#5533=CARTESIAN_POINT('Origin',(0.,0.,0.));
#5534=CARTESIAN_POINT('',(3.10563757294439,-6.44030397307058,-10.3765255800985));
#5535=CARTESIAN_POINT('',(3.10563757294601,-6.44030397306945,-11.0015255783032));
#5536=CARTESIAN_POINT('',(3.10563757295589,-6.4403039730625,0.));
#5537=CARTESIAN_POINT('',(6.4403039730626,-3.10563757295575,-10.6672244082506));
#5538=CARTESIAN_POINT('Ctrl Pts',(3.10563757294513,-6.44030397306745,-11.0015255783034));
#5539=CARTESIAN_POINT('Ctrl Pts',(4.54859279567498,-5.74448340706196,-10.89009185497));
#5540=CARTESIAN_POINT('Ctrl Pts',(5.74448340657119,-4.54859279628463,-10.7786581316366));
#5541=CARTESIAN_POINT('Ctrl Pts',(6.44030397273561,-3.10563757363328,-10.6672244083031));
#5542=CARTESIAN_POINT('',(6.4403039730626,-3.10563757295575,-10.0422244100457));
#5543=CARTESIAN_POINT('',(6.44030397306251,-3.10563757295589,0.));
#5544=CARTESIAN_POINT('Ctrl Pts',(6.44030397306021,-3.10563757295481,-10.0422244100431));
#5545=CARTESIAN_POINT('Ctrl Pts',(5.7444834069433,-4.54859279590952,-10.153658133394));
#5546=CARTESIAN_POINT('Ctrl Pts',(4.54859279589819,-5.7444834069523,-10.2650918567449));
#5547=CARTESIAN_POINT('Ctrl Pts',(3.10563757294209,-6.44030397306634,-10.3765255800958));
#5548=CARTESIAN_POINT('Origin',(0.,0.,0.));
#5549=CARTESIAN_POINT('',(6.44030397307041,3.10563757294463,-12.7202755800984));
#5550=CARTESIAN_POINT('',(6.44030397306678,3.1056375729498,-13.3452755783029));
#5551=CARTESIAN_POINT('',(6.4403039730625,3.10563757295589,0.));
#5552=CARTESIAN_POINT('',(3.10563762646027,6.44030393546956,-13.0109744129969));
#5553=CARTESIAN_POINT('Ctrl Pts',(6.44030397306445,3.10563757294872,-13.3452755783043));
#5554=CARTESIAN_POINT('Ctrl Pts',(5.74448341551268,4.54859277814533,-13.2338418563248));
#5555=CARTESIAN_POINT('Ctrl Pts',(4.54859282563665,5.74448337784976,-13.1224081343454));
#5556=CARTESIAN_POINT('Ctrl Pts',(3.10563762622639,6.44030394737293,-13.0109744123659));
#5557=CARTESIAN_POINT('',(3.10563757295501,6.44030397306313,-12.3859744100456));
#5558=CARTESIAN_POINT('',(3.10563757295588,6.44030397306251,0.));
#5559=CARTESIAN_POINT('Ctrl Pts',(3.10563757295447,6.4403039730618,-12.3859744100443));
#5560=CARTESIAN_POINT('Ctrl Pts',(4.54859279590969,5.74448340694491,-12.4974081333953));
#5561=CARTESIAN_POINT('Ctrl Pts',(5.74448340695293,4.54859279589958,-12.6088418567462));
#5562=CARTESIAN_POINT('Ctrl Pts',(6.44030397306727,3.10563757294312,-12.7202755800971));
#5563=CARTESIAN_POINT('Origin',(0.,0.,0.));
#5564=CARTESIAN_POINT('',(3.10563757294398,-6.44030397307087,-13.5015255800985));
#5565=CARTESIAN_POINT('',(3.10563757295114,-6.44030397306584,-14.1265255783028));
#5566=CARTESIAN_POINT('',(3.10563757295589,-6.4403039730625,0.));
#5567=CARTESIAN_POINT('',(6.44030401360685,-3.10563751525092,-13.7922244031316));
#5568=CARTESIAN_POINT('Ctrl Pts',(3.10563757038401,-6.44030397430085,-14.1265255785026));
#5569=CARTESIAN_POINT('Ctrl Pts',(4.54859281633669,-5.74448339780395,-14.0150918533972));
#5570=CARTESIAN_POINT('Ctrl Pts',(5.74448344232036,-4.54859276011626,-13.9036581282917));
#5571=CARTESIAN_POINT('Ctrl Pts',(6.44030400469528,-3.1056375073537,-13.7922244031862));
#5572=CARTESIAN_POINT('',(6.44030397306253,-3.10563757295585,-13.1672244100457));
#5573=CARTESIAN_POINT('',(6.44030397306251,-3.10563757295589,0.));
#5574=CARTESIAN_POINT('Ctrl Pts',(6.44030397737349,-3.10563756401407,-13.1672244093543));
#5575=CARTESIAN_POINT('Ctrl Pts',(5.74448341182249,-4.54859279091577,-13.2786581329354));
#5576=CARTESIAN_POINT('Ctrl Pts',(4.54859279887969,-5.7444834055165,-13.3900918565165));
#5577=CARTESIAN_POINT('Ctrl Pts',(3.10563757294264,-6.44030397306796,-13.5015255800976));
#5578=CARTESIAN_POINT('Origin',(0.,0.,0.));
#5579=CARTESIAN_POINT('',(6.44030397306887,3.10563757294683,-15.8452755800983));
#5580=CARTESIAN_POINT('',(6.44030397306375,3.10563757295412,-16.4702755783025));
#5581=CARTESIAN_POINT('',(6.4403039730625,3.10563757295589,0.));
#5582=CARTESIAN_POINT('',(3.10563760517883,6.4403039504222,-16.1359744111091));
#5583=CARTESIAN_POINT('Ctrl Pts',(6.44030397306193,3.10563757295329,-16.4702755783042));
#5584=CARTESIAN_POINT('Ctrl Pts',(5.74448341289676,4.54859278356674,-16.3588418559064));
#5585=CARTESIAN_POINT('Ctrl Pts',(4.54859281653535,5.74448338669812,-16.2474081335086));
#5586=CARTESIAN_POINT('Ctrl Pts',(3.10563760996945,6.44030395521203,-16.1359744111108));
#5587=CARTESIAN_POINT('',(3.10563757295586,6.44030397306252,-15.5109744100457));
#5588=CARTESIAN_POINT('',(3.10563757295588,6.44030397306251,0.));
#5589=CARTESIAN_POINT('Ctrl Pts',(3.10563757295586,6.44030397306242,-15.5109744100456));
#5590=CARTESIAN_POINT('Ctrl Pts',(4.54859279591012,5.74448340694573,-15.6224081333965));
#5591=CARTESIAN_POINT('Ctrl Pts',(5.7444834069527,4.54859279590136,-15.7338418567473));
#5592=CARTESIAN_POINT('Ctrl Pts',(6.44030397306716,3.10563757294603,-15.8452755800981));
#5593=CARTESIAN_POINT('Origin',(0.,0.,0.));
#5594=CARTESIAN_POINT('',(3.10563757294811,-6.44030397306797,-16.6265255800981));
#5595=CARTESIAN_POINT('',(3.10563757295478,-6.44030397306328,-17.2515255783024));
#5596=CARTESIAN_POINT('',(3.10563757295589,-6.4403039730625,0.));
#5597=CARTESIAN_POINT('',(6.44030397306252,-3.10563757295586,-16.9172244082506));
#5598=CARTESIAN_POINT('Ctrl Pts',(3.10563757295409,-6.44030397306178,-17.2515255783039));
#5599=CARTESIAN_POINT('Ctrl Pts',(4.54859279590532,-5.7444834069469,-17.1400918549533));
#5600=CARTESIAN_POINT('Ctrl Pts',(5.74448340694599,-4.54859279590645,-17.0286581316027));
#5601=CARTESIAN_POINT('Ctrl Pts',(6.44030397306116,-3.10563757295537,-16.9172244082521));
#5602=CARTESIAN_POINT('',(6.44030397306252,-3.10563757295587,-16.2922244100457));
#5603=CARTESIAN_POINT('',(6.44030397306251,-3.10563757295589,0.));
#5604=CARTESIAN_POINT('Ctrl Pts',(6.44030397191717,-3.10563757533098,-16.2922244102291));
#5605=CARTESIAN_POINT('Ctrl Pts',(5.74448340563372,-4.54859279722202,-16.4036581335188));
#5606=CARTESIAN_POINT('Ctrl Pts',(4.54859279511042,-5.74448340733383,-16.5150918568084));
#5607=CARTESIAN_POINT('Ctrl Pts',(3.10563757294733,-6.44030397306661,-16.6265255800981));
#5608=CARTESIAN_POINT('Origin',(0.,0.,0.));
#5609=CARTESIAN_POINT('',(6.44030397306526,3.10563757295197,-18.9702755800978));
#5610=CARTESIAN_POINT('',(6.4403039730626,3.10563757295574,-19.5952755783023));
#5611=CARTESIAN_POINT('',(6.4403039730625,3.10563757295589,0.));
#5612=CARTESIAN_POINT('',(3.10563757295569,6.44030397306264,-19.2609744082506));
#5613=CARTESIAN_POINT('Ctrl Pts',(6.44030397306204,3.10563757295547,-19.595275578303));
#5614=CARTESIAN_POINT('Ctrl Pts',(5.74448340694696,4.5485927959065,-19.4838418549524));
#5615=CARTESIAN_POINT('Ctrl Pts',(4.54859279590637,5.74448340694706,-19.3724081316018));
#5616=CARTESIAN_POINT('Ctrl Pts',(3.10563757295533,6.44030397306211,-19.2609744082512));
#5617=CARTESIAN_POINT('',(3.10563757346793,6.44030397270274,-18.6359744100911));
#5618=CARTESIAN_POINT('',(3.10563757295588,6.44030397306251,0.));
#5619=CARTESIAN_POINT('Ctrl Pts',(3.10563757317049,6.44030397295902,-18.6359744100623));
#5620=CARTESIAN_POINT('Ctrl Pts',(4.54859279602701,5.74448340682807,-18.7474081334075));
#5621=CARTESIAN_POINT('Ctrl Pts',(5.74448340698444,4.54859279583278,-18.8588418567526));
#5622=CARTESIAN_POINT('Ctrl Pts',(6.44030397306474,3.10563757295124,-18.9702755800978));
#5623=CARTESIAN_POINT('Origin',(0.,0.,0.));
#5624=CARTESIAN_POINT('',(3.10563757295302,-6.44030397306452,-19.7515255800977));
#5625=CARTESIAN_POINT('',(3.10563757295588,-6.44030397306251,-20.3765255783023));
#5626=CARTESIAN_POINT('',(3.10563757295589,-6.4403039730625,0.));
#5627=CARTESIAN_POINT('',(6.44030397306271,-3.10563757295559,-20.0422244082506));
#5628=CARTESIAN_POINT('Ctrl Pts',(3.10563757295577,-6.44030397306216,-20.3765255783027));
#5629=CARTESIAN_POINT('Ctrl Pts',(4.54859279590686,-5.744483406947,-20.2650918549521));
#5630=CARTESIAN_POINT('Ctrl Pts',(5.74448340694734,-4.54859279590644,-20.1536581316015));
#5631=CARTESIAN_POINT('Ctrl Pts',(6.44030397306239,-3.10563757295529,-20.0422244082509));
#5632=CARTESIAN_POINT('',(6.44030397238685,-3.10563757391752,-19.417224410131));
#5633=CARTESIAN_POINT('',(6.44030397306251,-3.10563757295589,0.));
#5634=CARTESIAN_POINT('Ctrl Pts',(6.44030397252979,-3.1056375740606,-19.417224410131));
#5635=CARTESIAN_POINT('Ctrl Pts',(5.74448340633646,-4.54859279651842,-19.5286581334532));
#5636=CARTESIAN_POINT('Ctrl Pts',(4.54859279553677,-5.74448340712684,-19.6400918567755));
#5637=CARTESIAN_POINT('Ctrl Pts',(3.10563757295247,-6.44030397306415,-19.7515255800977));
#5638=CARTESIAN_POINT('Origin',(0.,0.,0.));
#5639=CARTESIAN_POINT('',(6.44030397306304,3.10563757295512,-22.0952755800975));
#5640=CARTESIAN_POINT('',(6.44030394855452,3.10563760783702,-22.7202755752081));
#5641=CARTESIAN_POINT('',(6.4403039730625,3.10563757295589,0.));
#5642=CARTESIAN_POINT('',(3.1056375729542,6.44030397306369,-22.3859744082504));
#5643=CARTESIAN_POINT('Ctrl Pts',(6.44030395374114,3.10563761302345,-22.7202755752081));
#5644=CARTESIAN_POINT('Ctrl Pts',(5.74448338503594,4.5485928182439,-22.6088418528889));
#5645=CARTESIAN_POINT('Ctrl Pts',(4.54859278254987,5.74448341338897,-22.4974081305697));
#5646=CARTESIAN_POINT('Ctrl Pts',(3.10563757295386,6.44030397306347,-22.3859744082505));
#5647=CARTESIAN_POINT('',(3.10563757295587,6.44030397306251,-21.7609744100457));
#5648=CARTESIAN_POINT('',(3.10563757295588,6.44030397306251,0.));
#5649=CARTESIAN_POINT('Ctrl Pts',(3.10563757295578,6.44030397306241,-21.7609744100456));
#5650=CARTESIAN_POINT('Ctrl Pts',(4.54859279590711,5.74448340694716,-21.8724081333962));
#5651=CARTESIAN_POINT('Ctrl Pts',(5.74448340694777,4.54859279590634,-21.9838418567468));
#5652=CARTESIAN_POINT('Ctrl Pts',(6.44030397306282,3.10563757295492,-22.0952755800974));
#5653=CARTESIAN_POINT('Origin',(0.,0.,0.));
#5654=CARTESIAN_POINT('',(3.10563757295546,-6.4403039730628,-22.8765255800975));
#5655=CARTESIAN_POINT('',(3.10563757673769,-6.44030397040536,-23.5015255779669));
#5656=CARTESIAN_POINT('',(3.10563757295589,-6.4403039730625,0.));
#5657=CARTESIAN_POINT('',(6.4403039730643,-3.10563757295334,-23.1672244082504));
#5658=CARTESIAN_POINT('Ctrl Pts',(3.10563757729992,-6.44030397096773,-23.5015255779669));
#5659=CARTESIAN_POINT('Ctrl Pts',(4.54859279830806,-5.74448340454675,-23.390091854728));
#5660=CARTESIAN_POINT('Ctrl Pts',(5.74448340764734,-4.54859279445718,-23.2786581314892));
#5661=CARTESIAN_POINT('Ctrl Pts',(6.44030397306397,-3.10563757295284,-23.1672244082504));
#5662=CARTESIAN_POINT('',(6.44030397306256,-3.10563757295581,-22.5422244100457));
#5663=CARTESIAN_POINT('',(6.44030397306251,-3.10563757295589,0.));
#5664=CARTESIAN_POINT('Ctrl Pts',(6.44030397306226,-3.10563757295573,-22.5422244100454));
#5665=CARTESIAN_POINT('Ctrl Pts',(5.74448340694708,-4.54859279590688,-22.653658133396));
#5666=CARTESIAN_POINT('Ctrl Pts',(4.54859279590647,-5.74448340694742,-22.7650918567466));
#5667=CARTESIAN_POINT('Ctrl Pts',(3.10563757295526,-6.44030397306249,-22.8765255800972));
#5668=CARTESIAN_POINT('Ctrl Pts',(4.37933840463253,5.43125171846922,0.180315002022557));
#5669=CARTESIAN_POINT('Ctrl Pts',(5.18115469749572,4.78472950465705,0.10688980864883));
#5670=CARTESIAN_POINT('Ctrl Pts',(5.83699777725507,3.95821391292045,0.0334646152751035));
#5671=CARTESIAN_POINT('Ctrl Pts',(6.28438340146418,3.03044969518811,-0.0399605780986233));
#5672=CARTESIAN_POINT('Ctrl Pts',(4.41555669921555,5.47616961622428,0.12021000134808));
#5673=CARTESIAN_POINT('Ctrl Pts',(5.22400422630026,4.82430049157061,0.0467848079743534));
#5674=CARTESIAN_POINT('Ctrl Pts',(5.88527130294413,3.99094939583475,-0.0266403853993736));
#5675=CARTESIAN_POINT('Ctrl Pts',(6.3363569253796,3.05551232100923,-0.1000655787731));
#5676=CARTESIAN_POINT('Ctrl Pts',(4.45177499379857,5.52108751397934,0.060105000673603));
#5677=CARTESIAN_POINT('Ctrl Pts',(5.26685375510479,4.86387147848417,-0.0133201927001238));
#5678=CARTESIAN_POINT('Ctrl Pts',(5.93354482863318,4.02368487874904,-0.0867453860738505));
#5679=CARTESIAN_POINT('Ctrl Pts',(6.38833044929503,3.08057494683035,-0.160170579447577));
#5680=CARTESIAN_POINT('Ctrl Pts',(4.4879932883816,5.56600541173439,-8.74023076136154E-13));
#5681=CARTESIAN_POINT('Ctrl Pts',(5.30970328390933,4.90344246539773,-0.0734251933746008));
#5682=CARTESIAN_POINT('Ctrl Pts',(5.98181835432223,4.05642036166334,-0.146850386748328));
#5683=CARTESIAN_POINT('Ctrl Pts',(6.44030397321045,3.10563757265147,-0.220275580122054));
#5684=CARTESIAN_POINT('',(6.44030397306254,3.10563757295583,-0.220275580097439));
#5685=CARTESIAN_POINT('Ctrl Pts',(6.02069228273444,3.52490520720809,6.29164881160604E-13));
#5686=CARTESIAN_POINT('Ctrl Pts',(6.06336206156017,3.48229047182418,-0.0200473529463782));
#5687=CARTESIAN_POINT('Ctrl Pts',(6.10587704596192,3.43982853670356,-0.0407573711480886));
#5688=CARTESIAN_POINT('Ctrl Pts',(6.14823619386446,3.39751667947089,-0.0620976260072863));
#5689=CARTESIAN_POINT('Ctrl Pts',(6.22901628712966,3.31682677085087,-0.102794095676483));
#5690=CARTESIAN_POINT('Ctrl Pts',(6.30921801990434,3.23669557559567,-0.145777379814735));
#5691=CARTESIAN_POINT('Ctrl Pts',(6.3888041680327,3.15713048883561,-0.190805208975239));
#5692=CARTESIAN_POINT('Ctrl Pts',(6.40599975145592,3.13993945598463,-0.200534035044906));
#5693=CARTESIAN_POINT('Ctrl Pts',(6.42316651854654,3.12277502747183,-0.210358306632189));
#5694=CARTESIAN_POINT('Ctrl Pts',(6.44030397306472,3.10563757295368,-0.220275580098716));
#5695=CARTESIAN_POINT('Ctrl Pts',(4.48799328838323,5.56600541173175,4.85722573273506E-16));
#5696=CARTESIAN_POINT('Ctrl Pts',(5.30970328390981,4.90344246539545,-0.0734251933736585));
#5697=CARTESIAN_POINT('Ctrl Pts',(5.98181835432179,4.05642036166188,-0.146850386747318));
#5698=CARTESIAN_POINT('Ctrl Pts',(6.44030397320952,3.10563757265102,-0.220275580120976));
#5699=CARTESIAN_POINT('Ctrl Pts',(6.07987981240284,-2.93183415927858,-0.250410371119263));
#5700=CARTESIAN_POINT('Ctrl Pts',(5.42300003923273,-4.29403606262752,-0.361844094470228));
#5701=CARTESIAN_POINT('Ctrl Pts',(4.29403606263562,-5.42300003922631,-0.473277817821193));
#5702=CARTESIAN_POINT('Ctrl Pts',(2.93183415928767,-6.07987981239846,-0.584711541172157));
#5703=CARTESIAN_POINT('Ctrl Pts',(6.20002119929168,-2.98976863050041,-0.389348384094784));
#5704=CARTESIAN_POINT('Ctrl Pts',(5.53016116180666,-4.37888830705221,-0.500782107445748));
#5705=CARTESIAN_POINT('Ctrl Pts',(4.37888830706048,-5.53016116180011,-0.612215830796713));
#5706=CARTESIAN_POINT('Ctrl Pts',(2.98976863050967,-6.20002119928721,-0.723649554147677));
#5707=CARTESIAN_POINT('Ctrl Pts',(6.32016258618052,-3.04770310172223,-0.528286397070304));
#5708=CARTESIAN_POINT('Ctrl Pts',(5.63732228438059,-4.4637405514769,-0.639720120421268));
#5709=CARTESIAN_POINT('Ctrl Pts',(4.46374055148533,-5.63732228437391,-0.751153843772233));
#5710=CARTESIAN_POINT('Ctrl Pts',(3.04770310173168,-6.32016258617596,-0.862587567123198));
#5711=CARTESIAN_POINT('Ctrl Pts',(6.44030397306936,-3.10563757294406,-0.667224410045824));
#5712=CARTESIAN_POINT('Ctrl Pts',(5.74448340695451,-4.5485927959016,-0.778658133396788));
#5713=CARTESIAN_POINT('Ctrl Pts',(4.54859279591018,-5.74448340694772,-0.890091856747753));
#5714=CARTESIAN_POINT('Ctrl Pts',(3.10563757295368,-6.44030397306472,-1.00152558009872));
#5715=CARTESIAN_POINT('Ctrl Pts',(6.44030397306472,-3.10563757295367,-0.667224410046567));
#5716=CARTESIAN_POINT('Ctrl Pts',(6.17685674823789,-3.3690847977805,-0.563702981571325));
#5717=CARTESIAN_POINT('Ctrl Pts',(5.90980834450014,-3.63613320151825,-0.487062813263023));
#5718=CARTESIAN_POINT('Ctrl Pts',(5.4826587847221,-4.06328276129629,-0.417941819847779));
#5719=CARTESIAN_POINT('Ctrl Pts',(5.32705332643314,-4.21888821958525,-0.40367522194925));
#5720=CARTESIAN_POINT('Ctrl Pts',(5.09639619363608,-4.44954535238231,-0.399328498218775));
#5721=CARTESIAN_POINT('Ctrl Pts',(5.02215021264077,-4.52379133337614,-0.400488195246129));
#5722=CARTESIAN_POINT('Ctrl Pts',(4.90774356329489,-4.63819798272202,-0.406221243783049));
#5723=CARTESIAN_POINT('Ctrl Pts',(4.86762373906277,-4.67831780695563,-0.408980366875103));
#5724=CARTESIAN_POINT('Ctrl Pts',(4.79453412839332,-4.75140741762508,-0.415364971932501));
#5725=CARTESIAN_POINT('Ctrl Pts',(4.76157175113208,-4.78436979488631,-0.4187489348608));
#5726=CARTESIAN_POINT('Ctrl Pts',(4.68984223106689,-4.8560993149515,-0.42720429272982));
#5727=CARTESIAN_POINT('Ctrl Pts',(4.6511025769521,-4.8948389690665,-0.432466467037398));
#5728=CARTESIAN_POINT('Ctrl Pts',(4.54598138202224,-4.99996016399635,-0.448614623981081));
#5729=CARTESIAN_POINT('Ctrl Pts',(4.47975718560866,-5.0661843604054,-0.46081714737074));
#5730=CARTESIAN_POINT('Ctrl Pts',(4.17069018134381,-5.37525136467025,-0.527016402293212));
#5731=CARTESIAN_POINT('Ctrl Pts',(3.93197690888152,-5.61396463713687,-0.604980099758848));
#5732=CARTESIAN_POINT('Ctrl Pts',(3.4962223908785,-6.04971915513989,-0.789405906925639));
#5733=CARTESIAN_POINT('Ctrl Pts',(3.29916178095825,-6.24677976506014,-0.88953505716894));
#5734=CARTESIAN_POINT('Ctrl Pts',(3.10563757295368,-6.44030397306472,-1.00152558009872));
#5735=CARTESIAN_POINT('Ctrl Pts',(2.93183415927716,6.07987981240271,-2.59416037111841));
#5736=CARTESIAN_POINT('Ctrl Pts',(4.29403605950265,5.42300004073908,-2.70559409421386));
#5737=CARTESIAN_POINT('Ctrl Pts',(5.4230000341132,4.29403606787058,-2.81702781730932));
#5738=CARTESIAN_POINT('Ctrl Pts',(6.07987980787876,2.93183416865868,-2.92846154040478));
#5739=CARTESIAN_POINT('Ctrl Pts',(2.98976863049907,6.20002119929178,-2.73309838409418));
#5740=CARTESIAN_POINT('Ctrl Pts',(4.37888830386576,5.53016116334299,-2.84453210718964));
#5741=CARTESIAN_POINT('Ctrl Pts',(5.53016115658617,4.37888831239904,-2.9559658302851));
#5742=CARTESIAN_POINT('Ctrl Pts',(6.20002119467843,2.98976864006598,-3.06739955338055));
#5743=CARTESIAN_POINT('Ctrl Pts',(3.04770310172098,6.32016258618085,-2.87203639706996));
#5744=CARTESIAN_POINT('Ctrl Pts',(4.46374054822887,5.63732228594689,-2.98347012016542));
#5745=CARTESIAN_POINT('Ctrl Pts',(5.63732227905914,4.46374055692751,-3.09490384326087));
#5746=CARTESIAN_POINT('Ctrl Pts',(6.32016258147811,3.04770311147327,-3.20633756635633));
#5747=CARTESIAN_POINT('Ctrl Pts',(3.10563757294289,6.44030397306992,-3.01097441004574));
#5748=CARTESIAN_POINT('Ctrl Pts',(4.54859279259198,5.74448340855079,-3.12240813314119));
#5749=CARTESIAN_POINT('Ctrl Pts',(5.74448340153211,4.54859280145597,-3.23384185623665));
#5750=CARTESIAN_POINT('Ctrl Pts',(6.44030396827778,3.10563758288056,-3.34527557933211));
#5751=CARTESIAN_POINT('Ctrl Pts',(3.10563757295367,6.44030397306472,-3.01097441004657));
#5752=CARTESIAN_POINT('Ctrl Pts',(3.36908479711892,6.17685674889947,-2.90745298183129));
#5753=CARTESIAN_POINT('Ctrl Pts',(3.63613320018303,5.90980834583536,-2.83081281364558));
#5754=CARTESIAN_POINT('Ctrl Pts',(4.06328275964468,5.48265878637371,-2.76169182001988));
#5755=CARTESIAN_POINT('Ctrl Pts',(4.21888821831728,5.32705332770112,-2.74742522201557));
#5756=CARTESIAN_POINT('Ctrl Pts',(4.44954535167085,5.09639619434754,-2.74307849821203));
#5757=CARTESIAN_POINT('Ctrl Pts',(4.52379133283097,5.02215021318593,-2.74423819522752));
#5758=CARTESIAN_POINT('Ctrl Pts',(4.63819798240836,4.90774356360855,-2.74997124376263));
#5759=CARTESIAN_POINT('Ctrl Pts',(4.67831780670672,4.86762373931167,-2.75273036685564));
#5760=CARTESIAN_POINT('Ctrl Pts',(4.75140741748113,4.79453412853727,-2.75911497191805));
#5761=CARTESIAN_POINT('Ctrl Pts',(4.78436979478233,4.76157175123606,-2.7624989348492));
#5762=CARTESIAN_POINT('Ctrl Pts',(4.85609931491881,4.68984223109958,-2.7709542927252));
#5763=CARTESIAN_POINT('Ctrl Pts',(4.89483896906516,4.65110257695343,-2.77621646703684));
#5764=CARTESIAN_POINT('Ctrl Pts',(4.99996016404149,4.54598138197711,-2.79236462398863));
#5765=CARTESIAN_POINT('Ctrl Pts',(5.0661843604658,4.47975718554827,-2.80456714738217));
#5766=CARTESIAN_POINT('Ctrl Pts',(5.37525136442711,4.17069018158695,-2.8707664022467));
#5767=CARTESIAN_POINT('Ctrl Pts',(5.61396463658719,3.93197690943121,-2.94873009958153));
#5768=CARTESIAN_POINT('Ctrl Pts',(6.04971915458481,3.49622239143359,-3.13315590664361));
#5769=CARTESIAN_POINT('Ctrl Pts',(6.2467797564348,3.2991617895836,-3.23328505257303));
#5770=CARTESIAN_POINT('Ctrl Pts',(6.44030396481004,3.10563758120836,-3.34527557532182));
#5771=CARTESIAN_POINT('Ctrl Pts',(6.07987981240144,-2.93183415928141,-3.37541037111946));
#5772=CARTESIAN_POINT('Ctrl Pts',(5.42300003923115,-4.29403606262909,-3.48684409447035));
#5773=CARTESIAN_POINT('Ctrl Pts',(4.29403606263465,-5.42300003922675,-3.59827781782124));
#5774=CARTESIAN_POINT('Ctrl Pts',(2.93183415928764,-6.07987981239844,-3.70971154117213));
#5775=CARTESIAN_POINT('Ctrl Pts',(6.20002119929026,-2.9897686305033,-3.51434838409499));
#5776=CARTESIAN_POINT('Ctrl Pts',(5.53016116180505,-4.37888830705382,-3.62578210744588));
#5777=CARTESIAN_POINT('Ctrl Pts',(4.37888830705949,-5.53016116180057,-3.73721583079677));
#5778=CARTESIAN_POINT('Ctrl Pts',(2.98976863050965,-6.2000211992872,-3.84864955414766));
#5779=CARTESIAN_POINT('Ctrl Pts',(6.32016258617908,-3.04770310172518,-3.65328639707053));
#5780=CARTESIAN_POINT('Ctrl Pts',(5.63732228437896,-4.46374055147855,-3.76472012042142));
#5781=CARTESIAN_POINT('Ctrl Pts',(4.46374055148433,-5.63732228437439,-3.8761538437723));
#5782=CARTESIAN_POINT('Ctrl Pts',(3.04770310173165,-6.32016258617596,-3.98758756712319));
#5783=CARTESIAN_POINT('Ctrl Pts',(6.44030397306791,-3.10563757294707,-3.79222441004606));
#5784=CARTESIAN_POINT('Ctrl Pts',(5.74448340695287,-4.54859279590329,-3.90365813339695));
#5785=CARTESIAN_POINT('Ctrl Pts',(4.54859279590917,-5.74448340694821,-4.01509185674784));
#5786=CARTESIAN_POINT('Ctrl Pts',(3.10563757295366,-6.44030397306472,-4.12652558009872));
#5787=CARTESIAN_POINT('Ctrl Pts',(6.44030397306472,-3.10563757295367,-3.79222441004657));
#5788=CARTESIAN_POINT('Ctrl Pts',(6.17685674826944,-3.36908479774895,-3.68870298158373));
#5789=CARTESIAN_POINT('Ctrl Pts',(5.90980834456382,-3.63613320145457,-3.61206281328127));
#5790=CARTESIAN_POINT('Ctrl Pts',(5.48265878480087,-4.06328276121752,-3.54294181985599));
#5791=CARTESIAN_POINT('Ctrl Pts',(5.32705332649361,-4.21888821952478,-3.52867522195242));
#5792=CARTESIAN_POINT('Ctrl Pts',(5.09639619367002,-4.44954535234837,-3.52432849821846));
#5793=CARTESIAN_POINT('Ctrl Pts',(5.02215021266678,-4.52379133335013,-3.52548819524525));
#5794=CARTESIAN_POINT('Ctrl Pts',(4.90774356330985,-4.63819798270706,-3.53122124378208));
#5795=CARTESIAN_POINT('Ctrl Pts',(4.86762373907464,-4.67831780694375,-3.53398036687418));
#5796=CARTESIAN_POINT('Ctrl Pts',(4.79453412840018,-4.75140741761821,-3.54036497193182));
#5797=CARTESIAN_POINT('Ctrl Pts',(4.76157175113704,-4.78436979488135,-3.54374893486025));
#5798=CARTESIAN_POINT('Ctrl Pts',(4.68984223106841,-4.85609931494998,-3.55220429272961));
#5799=CARTESIAN_POINT('Ctrl Pts',(4.65110257695206,-4.89483896906653,-3.55746646703739));
#5800=CARTESIAN_POINT('Ctrl Pts',(4.5459813820201,-4.99996016399849,-3.57361462398144));
#5801=CARTESIAN_POINT('Ctrl Pts',(4.4797571856058,-5.06618436040826,-3.58581714737129));
#5802=CARTESIAN_POINT('Ctrl Pts',(4.1706901813554,-5.37525136465866,-3.652016402291));
#5803=CARTESIAN_POINT('Ctrl Pts',(3.93197690890773,-5.61396463711067,-3.7299800997504));
#5804=CARTESIAN_POINT('Ctrl Pts',(3.49622239090502,-6.04971915511338,-3.91440590691218));
#5805=CARTESIAN_POINT('Ctrl Pts',(3.29916178097135,-6.24677976504704,-4.01453505716136));
#5806=CARTESIAN_POINT('Ctrl Pts',(3.10563757295366,-6.44030397306473,-4.12652558009873));
#5807=CARTESIAN_POINT('Ctrl Pts',(2.93183415928052,6.07987981240186,-5.71916037111939));
#5808=CARTESIAN_POINT('Ctrl Pts',(4.29403606262859,5.42300003923163,-5.8305940944703));
#5809=CARTESIAN_POINT('Ctrl Pts',(5.42300003922661,4.29403606263494,-5.94202781782122));
#5810=CARTESIAN_POINT('Ctrl Pts',(6.07987981239843,2.93183415928764,-6.05346154117213));
#5811=CARTESIAN_POINT('Ctrl Pts',(2.98976863050239,6.2000211992907,-5.85809838409492));
#5812=CARTESIAN_POINT('Ctrl Pts',(4.37888830705331,5.53016116180555,-5.96953210744584));
#5813=CARTESIAN_POINT('Ctrl Pts',(5.53016116180042,4.37888830705978,-6.08096583079675));
#5814=CARTESIAN_POINT('Ctrl Pts',(6.2000211992872,2.98976863050965,-6.19239955414766));
#5815=CARTESIAN_POINT('Ctrl Pts',(3.04770310172426,6.32016258617953,-5.99703639707046));
#5816=CARTESIAN_POINT('Ctrl Pts',(4.46374055147803,5.63732228437946,-6.10847012042137));
#5817=CARTESIAN_POINT('Ctrl Pts',(5.63732228437424,4.46374055148464,-6.21990384377228));
#5818=CARTESIAN_POINT('Ctrl Pts',(6.32016258617596,3.04770310173165,-6.33133756712319));
#5819=CARTESIAN_POINT('Ctrl Pts',(3.10563757294613,6.44030397306836,-6.13597441004599));
#5820=CARTESIAN_POINT('Ctrl Pts',(4.54859279590276,5.74448340695338,-6.2474081333969));
#5821=CARTESIAN_POINT('Ctrl Pts',(5.74448340694806,4.54859279590948,-6.35884185674781));
#5822=CARTESIAN_POINT('Ctrl Pts',(6.44030397306472,3.10563757295366,-6.47027558009873));
#5823=CARTESIAN_POINT('Ctrl Pts',(3.10563757295368,6.44030397306471,-6.13597441004657));
#5824=CARTESIAN_POINT('Ctrl Pts',(3.36908479774892,6.17685674826947,-6.03245298158374));
#5825=CARTESIAN_POINT('Ctrl Pts',(3.63613320145455,5.90980834456384,-5.95581281328128));
#5826=CARTESIAN_POINT('Ctrl Pts',(4.06328276121749,5.4826587848009,-5.886691819856));
#5827=CARTESIAN_POINT('Ctrl Pts',(4.21888821952476,5.32705332649363,-5.87242522195242));
#5828=CARTESIAN_POINT('Ctrl Pts',(4.44954535234833,5.09639619367006,-5.86807849821846));
#5829=CARTESIAN_POINT('Ctrl Pts',(4.52379133335011,5.0221502126668,-5.86923819524525));
#5830=CARTESIAN_POINT('Ctrl Pts',(4.63819798270708,4.90774356330982,-5.87497124378208));
#5831=CARTESIAN_POINT('Ctrl Pts',(4.6783178069438,4.86762373907459,-5.87773036687419));
#5832=CARTESIAN_POINT('Ctrl Pts',(4.75140741761817,4.79453412840022,-5.88411497193182));
#5833=CARTESIAN_POINT('Ctrl Pts',(4.78436979488127,4.76157175113712,-5.88749893486024));
#5834=CARTESIAN_POINT('Ctrl Pts',(4.85609931495003,4.68984223106836,-5.89595429272962));
#5835=CARTESIAN_POINT('Ctrl Pts',(4.89483896906662,4.65110257695197,-5.90121646703741));
#5836=CARTESIAN_POINT('Ctrl Pts',(4.99996016399847,4.54598138202012,-5.91736462398145));
#5837=CARTESIAN_POINT('Ctrl Pts',(5.06618436040824,4.47975718560583,-5.92956714737129));
#5838=CARTESIAN_POINT('Ctrl Pts',(5.37525136465863,4.17069018135544,-5.99576640229099));
#5839=CARTESIAN_POINT('Ctrl Pts',(5.61396463711061,3.93197690890778,-6.07373009975037));
#5840=CARTESIAN_POINT('Ctrl Pts',(6.04971915511341,3.49622239090498,-6.25815590691219));
#5841=CARTESIAN_POINT('Ctrl Pts',(6.24677976504711,3.29916178097129,-6.3582850571614));
#5842=CARTESIAN_POINT('Ctrl Pts',(6.44030397306473,3.10563757295367,-6.47027558009873));
#5843=CARTESIAN_POINT('Ctrl Pts',(6.07987981239844,-2.93183415928763,-6.50041037111998));
#5844=CARTESIAN_POINT('Ctrl Pts',(5.42300003922699,-4.29403606263415,-6.61184409447082));
#5845=CARTESIAN_POINT('Ctrl Pts',(4.2940360626299,-5.42300003923036,-6.72327781782167));
#5846=CARTESIAN_POINT('Ctrl Pts',(2.93183415928286,-6.07987981240074,-6.83471154117252));
#5847=CARTESIAN_POINT('Ctrl Pts',(6.2000211992872,-2.98976863050964,-6.63934838409551));
#5848=CARTESIAN_POINT('Ctrl Pts',(5.53016116180082,-4.37888830705898,-6.75078210744636));
#5849=CARTESIAN_POINT('Ctrl Pts',(4.37888830705465,-5.53016116180425,-6.8622158307972));
#5850=CARTESIAN_POINT('Ctrl Pts',(2.98976863050478,-6.20002119928955,-6.97364955414805));
#5851=CARTESIAN_POINT('Ctrl Pts',(6.32016258617597,-3.04770310173165,-6.77828639707104));
#5852=CARTESIAN_POINT('Ctrl Pts',(5.63732228437464,-4.46374055148381,-6.88972012042189));
#5853=CARTESIAN_POINT('Ctrl Pts',(4.4637405514794,-5.63732228437814,-7.00115384377273));
#5854=CARTESIAN_POINT('Ctrl Pts',(3.04770310172669,-6.32016258617836,-7.11258756712358));
#5855=CARTESIAN_POINT('Ctrl Pts',(6.44030397306473,-3.10563757295365,-6.91722441004657));
#5856=CARTESIAN_POINT('Ctrl Pts',(5.74448340694846,-4.54859279590864,-7.02865813339742));
#5857=CARTESIAN_POINT('Ctrl Pts',(4.54859279590414,-5.74448340695203,-7.14009185674827));
#5858=CARTESIAN_POINT('Ctrl Pts',(3.10563757294861,-6.44030397306716,-7.25152558009912));
#5859=CARTESIAN_POINT('Ctrl Pts',(6.44030397306472,-3.10563757295367,-6.91722441004657));
#5860=CARTESIAN_POINT('Ctrl Pts',(6.17685674826942,-3.36908479774898,-6.81370298158372));
#5861=CARTESIAN_POINT('Ctrl Pts',(5.90980834456375,-3.63613320145464,-6.73706281328126));
#5862=CARTESIAN_POINT('Ctrl Pts',(5.48265878480072,-4.06328276121768,-6.66794181985598));
#5863=CARTESIAN_POINT('Ctrl Pts',(5.32705332649351,-4.21888821952488,-6.65367522195242));
#5864=CARTESIAN_POINT('Ctrl Pts',(5.09639619367009,-4.4495453523483,-6.64932849821847));
#5865=CARTESIAN_POINT('Ctrl Pts',(5.02215021266681,-4.5237913333501,-6.65048819524525));
#5866=CARTESIAN_POINT('Ctrl Pts',(4.9077435633099,-4.63819798270701,-6.65622124378208));
#5867=CARTESIAN_POINT('Ctrl Pts',(4.86762373907475,-4.67831780694365,-6.65898036687417));
#5868=CARTESIAN_POINT('Ctrl Pts',(4.79453412840012,-4.75140741761827,-6.66536497193182));
#5869=CARTESIAN_POINT('Ctrl Pts',(4.76157175113694,-4.78436979488145,-6.66874893486027));
#5870=CARTESIAN_POINT('Ctrl Pts',(4.68984223106846,-4.85609931494993,-6.67720429272961));
#5871=CARTESIAN_POINT('Ctrl Pts',(4.65110257695217,-4.89483896906643,-6.68246646703738));
#5872=CARTESIAN_POINT('Ctrl Pts',(4.54598138202007,-4.99996016399852,-6.69861462398145));
#5873=CARTESIAN_POINT('Ctrl Pts',(4.47975718560574,-5.06618436040833,-6.7108171473713));
#5874=CARTESIAN_POINT('Ctrl Pts',(4.17069018135541,-5.37525136465865,-6.777016402291));
#5875=CARTESIAN_POINT('Ctrl Pts',(3.93197690890773,-5.61396463711067,-6.85498009975041));
#5876=CARTESIAN_POINT('Ctrl Pts',(3.49622239090499,-6.04971915511341,-7.03940590691219));
#5877=CARTESIAN_POINT('Ctrl Pts',(3.29916178097127,-6.24677976504713,-7.13953505716142));
#5878=CARTESIAN_POINT('Ctrl Pts',(3.10563757295368,-6.44030397306471,-7.25152558009872));
#5879=CARTESIAN_POINT('Ctrl Pts',(2.93183415928584,6.07987981239931,-8.84416037111983));
#5880=CARTESIAN_POINT('Ctrl Pts',(4.29403606263261,5.42300003922823,-8.95559409447068));
#5881=CARTESIAN_POINT('Ctrl Pts',(5.42300003922919,4.2940360626314,-9.06702781782154));
#5882=CARTESIAN_POINT('Ctrl Pts',(6.07987981239996,2.93183415928448,-9.17846154117239));
#5883=CARTESIAN_POINT('Ctrl Pts',(2.98976863050781,6.20002119928809,-8.98309838409536));
#5884=CARTESIAN_POINT('Ctrl Pts',(4.37888830705741,5.53016116180208,-9.09453210744621));
#5885=CARTESIAN_POINT('Ctrl Pts',(5.53016116180306,4.37888830705617,-9.20596583079707));
#5886=CARTESIAN_POINT('Ctrl Pts',(6.20002119928875,2.98976863050642,-9.31739955414792));
#5887=CARTESIAN_POINT('Ctrl Pts',(3.04770310172978,6.32016258617687,-9.12203639707089));
#5888=CARTESIAN_POINT('Ctrl Pts',(4.46374055148221,5.63732228437592,-9.23347012042175));
#5889=CARTESIAN_POINT('Ctrl Pts',(5.63732228437692,4.46374055148096,-9.3449038437726));
#5890=CARTESIAN_POINT('Ctrl Pts',(6.32016258617755,3.04770310172837,-9.45633756712345));
#5891=CARTESIAN_POINT('Ctrl Pts',(3.10563757295175,6.44030397306565,-9.26097441004643));
#5892=CARTESIAN_POINT('Ctrl Pts',(4.54859279590702,5.74448340694977,-9.37240813339728));
#5893=CARTESIAN_POINT('Ctrl Pts',(5.74448340695079,4.54859279590573,-9.48384185674813));
#5894=CARTESIAN_POINT('Ctrl Pts',(6.44030397306634,3.10563757295031,-9.59527558009898));
#5895=CARTESIAN_POINT('Ctrl Pts',(3.10563757295365,6.44030397306474,-9.26097441004659));
#5896=CARTESIAN_POINT('Ctrl Pts',(3.36908479774908,6.17685674826931,-9.15745298158368));
#5897=CARTESIAN_POINT('Ctrl Pts',(3.63613320145467,5.90980834456372,-9.08081281328125));
#5898=CARTESIAN_POINT('Ctrl Pts',(4.06328276121765,5.48265878480074,-9.01169181985598));
#5899=CARTESIAN_POINT('Ctrl Pts',(4.21888821952487,5.32705332649353,-8.99742522195242));
#5900=CARTESIAN_POINT('Ctrl Pts',(4.44954535234836,5.09639619367003,-8.99307849821847));
#5901=CARTESIAN_POINT('Ctrl Pts',(4.52379133335013,5.02215021266678,-8.99423819524525));
#5902=CARTESIAN_POINT('Ctrl Pts',(4.63819798270699,4.90774356330991,-8.99997124378208));
#5903=CARTESIAN_POINT('Ctrl Pts',(4.67831780694362,4.86762373907477,-9.00273036687417));
#5904=CARTESIAN_POINT('Ctrl Pts',(4.75140741761821,4.79453412840018,-9.00911497193182));
#5905=CARTESIAN_POINT('Ctrl Pts',(4.78436979488134,4.76157175113705,-9.01249893486025));
#5906=CARTESIAN_POINT('Ctrl Pts',(4.85609931495003,4.68984223106836,-9.02095429272962));
#5907=CARTESIAN_POINT('Ctrl Pts',(4.8948389690666,4.65110257695199,-9.02621646703741));
#5908=CARTESIAN_POINT('Ctrl Pts',(4.99996016399847,4.54598138202013,-9.04236462398145));
#5909=CARTESIAN_POINT('Ctrl Pts',(5.06618436040821,4.47975718560586,-9.05456714737128));
#5910=CARTESIAN_POINT('Ctrl Pts',(5.37525136465866,4.1706901813554,-9.12076640229101));
#5911=CARTESIAN_POINT('Ctrl Pts',(5.61396463711069,3.93197690890771,-9.19873009975042));
#5912=CARTESIAN_POINT('Ctrl Pts',(6.04971915511334,3.49622239090506,-9.38315590691217));
#5913=CARTESIAN_POINT('Ctrl Pts',(6.24677976504696,3.29916178097143,-9.48328505716132));
#5914=CARTESIAN_POINT('Ctrl Pts',(6.44030397306473,3.10563757295366,-9.59527558009874));
#5915=CARTESIAN_POINT('Ctrl Pts',(6.07987981239843,-2.93183415928766,-9.62541037111998));
#5916=CARTESIAN_POINT('Ctrl Pts',(5.42300003922623,-4.29403606263573,-9.73684409447096));
#5917=CARTESIAN_POINT('Ctrl Pts',(4.29403606262727,-5.42300003923292,-9.84827781782193));
#5918=CARTESIAN_POINT('Ctrl Pts',(2.93183415927818,-6.079879812403,-9.95971154117291));
#5919=CARTESIAN_POINT('Ctrl Pts',(6.20002119928719,-2.98976863050967,-9.76434838409552));
#5920=CARTESIAN_POINT('Ctrl Pts',(5.53016116180003,-4.37888830706059,-9.87578210744649));
#5921=CARTESIAN_POINT('Ctrl Pts',(4.37888830705196,-5.53016116180686,-9.98721583079746));
#5922=CARTESIAN_POINT('Ctrl Pts',(2.9897686305,-6.20002119929185,-10.0986495541484));
#5923=CARTESIAN_POINT('Ctrl Pts',(6.32016258617595,-3.04770310173168,-9.90328639707105));
#5924=CARTESIAN_POINT('Ctrl Pts',(5.63732228437384,-4.46374055148545,-10.014720120422));
#5925=CARTESIAN_POINT('Ctrl Pts',(4.46374055147666,-5.6373222843808,-10.126153843773));
#5926=CARTESIAN_POINT('Ctrl Pts',(3.04770310172182,-6.3201625861807,-10.237587567124));
#5927=CARTESIAN_POINT('Ctrl Pts',(6.44030397306471,-3.10563757295369,-10.0422244100466));
#5928=CARTESIAN_POINT('Ctrl Pts',(5.74448340694765,-4.54859279591031,-10.1536581333976));
#5929=CARTESIAN_POINT('Ctrl Pts',(4.54859279590135,-5.74448340695474,-10.2650918567485));
#5930=CARTESIAN_POINT('Ctrl Pts',(3.10563757294364,-6.44030397306956,-10.3765255800995));
#5931=CARTESIAN_POINT('Ctrl Pts',(6.44030397306471,-3.10563757295368,-10.0422244100466));
#5932=CARTESIAN_POINT('Ctrl Pts',(6.17685674826952,-3.36908479774887,-9.93870298158376));
#5933=CARTESIAN_POINT('Ctrl Pts',(5.90980834456393,-3.63613320145447,-9.86206281328131));
#5934=CARTESIAN_POINT('Ctrl Pts',(5.48265878480104,-4.06328276121736,-9.79294181985602));
#5935=CARTESIAN_POINT('Ctrl Pts',(5.32705332649372,-4.21888821952466,-9.77867522195243));
#5936=CARTESIAN_POINT('Ctrl Pts',(5.09639619367004,-4.44954535234835,-9.77432849821846));
#5937=CARTESIAN_POINT('Ctrl Pts',(5.0221502126668,-4.52379133335011,-9.77548819524525));
#5938=CARTESIAN_POINT('Ctrl Pts',(4.90774356330991,-4.63819798270699,-9.78122124378208));
#5939=CARTESIAN_POINT('Ctrl Pts',(4.86762373907475,-4.67831780694364,-9.78398036687418));
#5940=CARTESIAN_POINT('Ctrl Pts',(4.79453412840008,-4.75140741761831,-9.79036497193183));
#5941=CARTESIAN_POINT('Ctrl Pts',(4.76157175113684,-4.78436979488155,-9.79374893486028));
#5942=CARTESIAN_POINT('Ctrl Pts',(4.68984223106837,-4.85609931495002,-9.80220429272962));
#5943=CARTESIAN_POINT('Ctrl Pts',(4.65110257695199,-4.89483896906661,-9.80746646703741));
#5944=CARTESIAN_POINT('Ctrl Pts',(4.54598138202012,-4.99996016399847,-9.82361462398145));
#5945=CARTESIAN_POINT('Ctrl Pts',(4.47975718560586,-5.06618436040821,-9.83581714737128));
#5946=CARTESIAN_POINT('Ctrl Pts',(4.17069018135546,-5.37525136465861,-9.90201640229099));
#5947=CARTESIAN_POINT('Ctrl Pts',(3.93197690890784,-5.61396463711053,-9.97998009975034));
#5948=CARTESIAN_POINT('Ctrl Pts',(3.49622239090485,-6.04971915511353,-10.1644059069122));
#5949=CARTESIAN_POINT('Ctrl Pts',(3.29916178097103,-6.24677976504737,-10.2645350571616));
#5950=CARTESIAN_POINT('Ctrl Pts',(3.10563757295369,-6.4403039730647,-10.3765255800987));
#5951=CARTESIAN_POINT('Ctrl Pts',(2.93183415928737,6.07987981239791,-11.9691603711194));
#5952=CARTESIAN_POINT('Ctrl Pts',(4.29403606263519,5.42300003922584,-12.0805940944703));
#5953=CARTESIAN_POINT('Ctrl Pts',(5.4230000392322,4.29403606262716,-12.1920278178213));
#5954=CARTESIAN_POINT('Ctrl Pts',(6.07987981240225,2.93183415927837,-12.3034615411723));
#5955=CARTESIAN_POINT('Ctrl Pts',(2.98976863050946,6.20002119928685,-12.1080983840951));
#5956=CARTESIAN_POINT('Ctrl Pts',(4.37888830706018,5.53016116179981,-12.2195321074461));
#5957=CARTESIAN_POINT('Ctrl Pts',(5.53016116180629,4.37888830705199,-12.330965830797));
#5958=CARTESIAN_POINT('Ctrl Pts',(6.20002119929128,2.98976863050028,-12.442399554148));
#5959=CARTESIAN_POINT('Ctrl Pts',(3.04770310173156,6.32016258617579,-12.2470363970708));
#5960=CARTESIAN_POINT('Ctrl Pts',(4.46374055148516,5.63732228437377,-12.3584701204218));
#5961=CARTESIAN_POINT('Ctrl Pts',(5.63732228438038,4.46374055147682,-12.4699038437728));
#5962=CARTESIAN_POINT('Ctrl Pts',(6.3201625861803,3.0477031017222,-12.5813375671237));
#5963=CARTESIAN_POINT('Ctrl Pts',(3.10563757295365,6.44030397306473,-12.3859744100466));
#5964=CARTESIAN_POINT('Ctrl Pts',(4.54859279591015,5.74448340694774,-12.4974081333975));
#5965=CARTESIAN_POINT('Ctrl Pts',(5.74448340695448,4.54859279590164,-12.6088418567485));
#5966=CARTESIAN_POINT('Ctrl Pts',(6.44030397306933,3.10563757294411,-12.7202755800995));
#5967=CARTESIAN_POINT('Ctrl Pts',(3.10563757295365,6.44030397306474,-12.3859744100466));
#5968=CARTESIAN_POINT('Ctrl Pts',(3.36908479722738,6.17685674879101,-12.2824529817887));
#5969=CARTESIAN_POINT('Ctrl Pts',(3.63613320040175,5.90980834561665,-12.2058128135829));
#5970=CARTESIAN_POINT('Ctrl Pts',(4.06328275991506,5.48265878610335,-12.1366918199917));
#5971=CARTESIAN_POINT('Ctrl Pts',(4.21888821852486,5.32705332749353,-12.1224252220047));
#5972=CARTESIAN_POINT('Ctrl Pts',(4.4495453517873,5.09639619423108,-12.1180784982131));
#5973=CARTESIAN_POINT('Ctrl Pts',(4.52379133292022,5.02215021309669,-12.1192381952306));
#5974=CARTESIAN_POINT('Ctrl Pts',(4.63819798245977,4.90774356355713,-12.124971243766));
#5975=CARTESIAN_POINT('Ctrl Pts',(4.67831780674759,4.8676237392708,-12.1277303668589));
#5976=CARTESIAN_POINT('Ctrl Pts',(4.75140741750466,4.79453412851374,-12.1341149719204));
#5977=CARTESIAN_POINT('Ctrl Pts',(4.78436979479926,4.76157175121913,-12.1374989348511));
#5978=CARTESIAN_POINT('Ctrl Pts',(4.85609931492434,4.68984223109405,-12.145954292726));
#5979=CARTESIAN_POINT('Ctrl Pts',(4.89483896906567,4.65110257695292,-12.151216467037));
#5980=CARTESIAN_POINT('Ctrl Pts',(4.9999601640342,4.5459813819844,-12.1673646239874));
#5981=CARTESIAN_POINT('Ctrl Pts',(5.06618436045607,4.479757185558,-12.1795671473803));
#5982=CARTESIAN_POINT('Ctrl Pts',(5.3752513644668,4.17069018154727,-12.2457664022543));
#5983=CARTESIAN_POINT('Ctrl Pts',(5.61396463667695,3.93197690934144,-12.3237300996105));
#5984=CARTESIAN_POINT('Ctrl Pts',(6.04971915467552,3.49622239134287,-12.5081559066897));
#5985=CARTESIAN_POINT('Ctrl Pts',(6.24677976483197,3.29916178118642,-12.6082850570369));
#5986=CARTESIAN_POINT('Ctrl Pts',(6.44030397306473,3.10563757295366,-12.7202755800987));
#5987=CARTESIAN_POINT('Ctrl Pts',(6.07987981646792,-2.93183415084916,-12.7504103704299));
#5988=CARTESIAN_POINT('Ctrl Pts',(5.42300004382989,-4.29403605792198,-12.861844094011));
#5989=CARTESIAN_POINT('Ctrl Pts',(4.29403606544019,-5.42300003787684,-12.9732778175921));
#5990=CARTESIAN_POINT('Ctrl Pts',(2.93183415927804,-6.07987981240336,-13.0847115411732));
#5991=CARTESIAN_POINT('Ctrl Pts',(6.20002120343701,-2.98976862190438,-12.8893483834054));
#5992=CARTESIAN_POINT('Ctrl Pts',(5.5301611664946,-4.37888830225364,-13.0007821069865));
#5993=CARTESIAN_POINT('Ctrl Pts',(4.37888830992041,-5.53016116042391,-13.1122158305676));
#5994=CARTESIAN_POINT('Ctrl Pts',(2.98976863049981,-6.20002119929213,-13.2236495541486));
#5995=CARTESIAN_POINT('Ctrl Pts',(6.32016259040611,-3.0477030929596,-13.0282863963808));
#5996=CARTESIAN_POINT('Ctrl Pts',(5.63732228915931,-4.4637405465853,-13.1397201199619));
#5997=CARTESIAN_POINT('Ctrl Pts',(4.46374055440063,-5.63732228297098,-13.251153843543));
#5998=CARTESIAN_POINT('Ctrl Pts',(3.04770310172159,-6.32016258618091,-13.3625875671241));
#5999=CARTESIAN_POINT('Ctrl Pts',(6.4403039773752,-3.10563756401482,-13.1672244093563));
#6000=CARTESIAN_POINT('Ctrl Pts',(5.74448341182401,-4.54859279091696,-13.2786581329374));
#6001=CARTESIAN_POINT('Ctrl Pts',(4.54859279888085,-5.74448340551805,-13.3900918565184));
#6002=CARTESIAN_POINT('Ctrl Pts',(3.10563757294337,-6.44030397306969,-13.5015255800995));
#6003=CARTESIAN_POINT('Ctrl Pts',(6.4403039730647,-3.10563757295369,-13.1672244100466));
#6004=CARTESIAN_POINT('Ctrl Pts',(6.17685674803782,-3.36908479798057,-13.0637029814927));
#6005=CARTESIAN_POINT('Ctrl Pts',(5.90980834409622,-3.63613320192217,-12.9870628131473));
#6006=CARTESIAN_POINT('Ctrl Pts',(5.48265878422239,-4.063282761796,-12.9179418197957));
#6007=CARTESIAN_POINT('Ctrl Pts',(5.32705332604951,-4.21888821996889,-12.9036752219292));
#6008=CARTESIAN_POINT('Ctrl Pts',(5.09639619342095,-4.44954535259745,-12.8993284982208));
#6009=CARTESIAN_POINT('Ctrl Pts',(5.0221502124759,-4.523791333541,-12.9004881952518));
#6010=CARTESIAN_POINT('Ctrl Pts',(4.90774356320009,-4.63819798281682,-12.9062212437892));
#6011=CARTESIAN_POINT('Ctrl Pts',(4.86762373898763,-4.67831780703076,-12.908980366881));
#6012=CARTESIAN_POINT('Ctrl Pts',(4.79453412834969,-4.7514074176687,-12.9153649719369));
#6013=CARTESIAN_POINT('Ctrl Pts',(4.76157175110048,-4.78436979491791,-12.9187489348643));
#6014=CARTESIAN_POINT('Ctrl Pts',(4.68984223105683,-4.85609931496156,-12.9272042927312));
#6015=CARTESIAN_POINT('Ctrl Pts',(4.65110257695135,-4.89483896906725,-12.9324664670376));
#6016=CARTESIAN_POINT('Ctrl Pts',(4.54598138203588,-4.99996016398272,-12.9486146239788));
#6017=CARTESIAN_POINT('Ctrl Pts',(4.47975718562691,-5.06618436038716,-12.9608171473673));
#6018=CARTESIAN_POINT('Ctrl Pts',(4.17069018127036,-5.37525136474371,-13.0270164023073));
#6019=CARTESIAN_POINT('Ctrl Pts',(3.93197690871541,-5.61396463730298,-13.1049800998124));
#6020=CARTESIAN_POINT('Ctrl Pts',(3.49622239071066,-6.04971915530773,-13.2894059070109));
#6021=CARTESIAN_POINT('Ctrl Pts',(3.29916178087583,-6.24677976514256,-13.3895350572167));
#6022=CARTESIAN_POINT('Ctrl Pts',(3.10563757295367,-6.44030397306472,-13.5015255800987));
#6023=CARTESIAN_POINT('Ctrl Pts',(2.93183415928728,6.07987981239773,-15.0941603711192));
#6024=CARTESIAN_POINT('Ctrl Pts',(4.2940360626343,5.42300003922604,-15.2055940944701));
#6025=CARTESIAN_POINT('Ctrl Pts',(5.4230000392308,4.2940360626283,-15.317027817821));
#6026=CARTESIAN_POINT('Ctrl Pts',(6.07987981240098,2.93183415928055,-15.4284615411719));
#6027=CARTESIAN_POINT('Ctrl Pts',(2.9897686305094,6.20002119928673,-15.233098384095));
#6028=CARTESIAN_POINT('Ctrl Pts',(4.37888830705932,5.53016116180007,-15.3445321074459));
#6029=CARTESIAN_POINT('Ctrl Pts',(5.53016116180492,4.37888830705319,-15.4559658307968));
#6030=CARTESIAN_POINT('Ctrl Pts',(6.20002119929004,2.98976863050254,-15.5673995541477));
#6031=CARTESIAN_POINT('Ctrl Pts',(3.04770310173153,6.32016258617573,-15.3720363970708));
#6032=CARTESIAN_POINT('Ctrl Pts',(4.46374055148433,5.6373222843741,-15.4834701204217));
#6033=CARTESIAN_POINT('Ctrl Pts',(5.63732228437904,4.46374055147809,-15.5949038437726));
#6034=CARTESIAN_POINT('Ctrl Pts',(6.32016258617911,3.04770310172453,-15.7063375671235));
#6035=CARTESIAN_POINT('Ctrl Pts',(3.10563757295365,6.44030397306473,-15.5109744100466));
#6036=CARTESIAN_POINT('Ctrl Pts',(4.54859279590934,5.74448340694813,-15.6224081333975));
#6037=CARTESIAN_POINT('Ctrl Pts',(5.74448340695317,4.54859279590298,-15.7338418567484));
#6038=CARTESIAN_POINT('Ctrl Pts',(6.44030397306817,3.10563757294652,-15.8452755800993));
#6039=CARTESIAN_POINT('Ctrl Pts',(3.10563757295366,6.44030397306473,-15.5109744100466));
#6040=CARTESIAN_POINT('Ctrl Pts',(3.36908479704009,6.1768567489783,-15.4074529818623));
#6041=CARTESIAN_POINT('Ctrl Pts',(3.63613320002385,5.90980834599455,-15.3308128136912));
#6042=CARTESIAN_POINT('Ctrl Pts',(4.06328275944769,5.48265878657071,-15.2616918200404));
#6043=CARTESIAN_POINT('Ctrl Pts',(4.21888821816605,5.32705332785233,-15.2474252220235));
#6044=CARTESIAN_POINT('Ctrl Pts',(4.44954535158598,5.0963961944324,-15.2430784982112));
#6045=CARTESIAN_POINT('Ctrl Pts',(4.52379133276596,5.02215021325094,-15.2442381952253));
#6046=CARTESIAN_POINT('Ctrl Pts',(4.63819798237112,4.90774356364578,-15.2499712437602));
#6047=CARTESIAN_POINT('Ctrl Pts',(4.67831780667737,4.86762373934103,-15.2527303668534));
#6048=CARTESIAN_POINT('Ctrl Pts',(4.75140741746401,4.79453412855438,-15.2591149719163));
#6049=CARTESIAN_POINT('Ctrl Pts',(4.78436979477002,4.76157175124837,-15.2624989348478));
#6050=CARTESIAN_POINT('Ctrl Pts',(4.8560993149149,4.68984223110349,-15.2709542927247));
#6051=CARTESIAN_POINT('Ctrl Pts',(4.894838969065,4.6511025769536,-15.2762164670368));
#6052=CARTESIAN_POINT('Ctrl Pts',(4.99996016404687,4.54598138197173,-15.2923646239895));
#6053=CARTESIAN_POINT('Ctrl Pts',(5.06618436047307,4.479757185541,-15.3045671473836));
#6054=CARTESIAN_POINT('Ctrl Pts',(5.3752513643981,4.17069018161597,-15.3707664022412));
#6055=CARTESIAN_POINT('Ctrl Pts',(5.61396463652164,3.93197690949675,-15.4487300995604));
#6056=CARTESIAN_POINT('Ctrl Pts',(6.04971915451873,3.49622239149966,-15.63315590661));
#6057=CARTESIAN_POINT('Ctrl Pts',(6.246779764755,3.29916178126339,-15.7332850569924));
#6058=CARTESIAN_POINT('Ctrl Pts',(6.44030397306473,3.10563757295367,-15.8452755800987));
#6059=CARTESIAN_POINT('Ctrl Pts',(6.07987981239844,-2.93183415928763,-15.87541037112));
#6060=CARTESIAN_POINT('Ctrl Pts',(5.42300003922687,-4.29403606263441,-15.9868440944709));
#6061=CARTESIAN_POINT('Ctrl Pts',(4.29403606262946,-5.42300003923078,-16.0982778178217));
#6062=CARTESIAN_POINT('Ctrl Pts',(2.93183415928209,-6.07987981240111,-16.2097115411726));
#6063=CARTESIAN_POINT('Ctrl Pts',(6.2000211992872,-2.98976863050964,-16.0143483840955));
#6064=CARTESIAN_POINT('Ctrl Pts',(5.53016116180069,-4.37888830705924,-16.1257821074464));
#6065=CARTESIAN_POINT('Ctrl Pts',(4.3788883070542,-5.53016116180468,-16.2372158307973));
#6066=CARTESIAN_POINT('Ctrl Pts',(2.98976863050399,-6.20002119928992,-16.3486495541481));
#6067=CARTESIAN_POINT('Ctrl Pts',(6.32016258617596,-3.04770310173165,-16.153286397071));
#6068=CARTESIAN_POINT('Ctrl Pts',(5.63732228437451,-4.46374055148408,-16.2647201204219));
#6069=CARTESIAN_POINT('Ctrl Pts',(4.46374055147894,-5.63732228437858,-16.3761538437728));
#6070=CARTESIAN_POINT('Ctrl Pts',(3.04770310172589,-6.32016258617874,-16.4875875671237));
#6071=CARTESIAN_POINT('Ctrl Pts',(6.44030397306473,-3.10563757295366,-16.2922244100466));
#6072=CARTESIAN_POINT('Ctrl Pts',(5.74448340694833,-4.54859279590892,-16.4036581333974));
#6073=CARTESIAN_POINT('Ctrl Pts',(4.54859279590368,-5.74448340695248,-16.5150918567483));
#6074=CARTESIAN_POINT('Ctrl Pts',(3.10563757294779,-6.44030397306756,-16.6265255800992));
#6075=CARTESIAN_POINT('Ctrl Pts',(6.44030397306473,-3.10563757295366,-16.2922244100466));
#6076=CARTESIAN_POINT('Ctrl Pts',(6.1768567482691,-3.36908479774929,-16.1887029815836));
#6077=CARTESIAN_POINT('Ctrl Pts',(5.90980834456328,-3.63613320145512,-16.1120628132811));
#6078=CARTESIAN_POINT('Ctrl Pts',(5.48265878480034,-4.06328276121806,-16.042941819856));
#6079=CARTESIAN_POINT('Ctrl Pts',(5.32705332649319,-4.2188882195252,-16.0286752219524));
#6080=CARTESIAN_POINT('Ctrl Pts',(5.09639619366981,-4.44954535234858,-16.0243284982185));
#6081=CARTESIAN_POINT('Ctrl Pts',(5.02215021266661,-4.5237913333503,-16.0254881952453));
#6082=CARTESIAN_POINT('Ctrl Pts',(4.90774356330987,-4.63819798270704,-16.0312212437821));
#6083=CARTESIAN_POINT('Ctrl Pts',(4.86762373907481,-4.67831780694358,-16.0339803668742));
#6084=CARTESIAN_POINT('Ctrl Pts',(4.79453412840011,-4.75140741761828,-16.0403649719318));
#6085=CARTESIAN_POINT('Ctrl Pts',(4.76157175113697,-4.78436979488142,-16.0437489348603));
#6086=CARTESIAN_POINT('Ctrl Pts',(4.68984223106841,-4.85609931494998,-16.0522042927296));
#6087=CARTESIAN_POINT('Ctrl Pts',(4.65110257695212,-4.89483896906648,-16.0574664670374));
#6088=CARTESIAN_POINT('Ctrl Pts',(4.54598138202001,-4.99996016399858,-16.0736146239815));
#6089=CARTESIAN_POINT('Ctrl Pts',(4.47975718560562,-5.06618436040845,-16.0858171473713));
#6090=CARTESIAN_POINT('Ctrl Pts',(4.17069018135545,-5.37525136465862,-16.152016402291));
#6091=CARTESIAN_POINT('Ctrl Pts',(3.9319769089078,-5.61396463711058,-16.2299800997504));
#6092=CARTESIAN_POINT('Ctrl Pts',(3.49622239090497,-6.0497191551134,-16.4144059069122));
#6093=CARTESIAN_POINT('Ctrl Pts',(3.2991617809714,-6.24677976504699,-16.5145350571613));
#6094=CARTESIAN_POINT('Ctrl Pts',(3.10563757295362,-6.44030397306477,-16.6265255800988));
#6095=CARTESIAN_POINT('Ctrl Pts',(2.93183415928771,6.07987981239841,-18.21916037112));
#6096=CARTESIAN_POINT('Ctrl Pts',(4.29403606263323,5.42300003922742,-18.3305940944708));
#6097=CARTESIAN_POINT('Ctrl Pts',(5.42300003922878,4.29403606263151,-18.4420278178215));
#6098=CARTESIAN_POINT('Ctrl Pts',(6.07987981239934,2.93183415928578,-18.5534615411723));
#6099=CARTESIAN_POINT('Ctrl Pts',(2.98976863050972,6.20002119928717,-18.3580983840955));
#6100=CARTESIAN_POINT('Ctrl Pts',(4.37888830705804,5.53016116180125,-18.4695321074463));
#6101=CARTESIAN_POINT('Ctrl Pts',(5.53016116180264,4.37888830705629,-18.5809658307971));
#6102=CARTESIAN_POINT('Ctrl Pts',(6.20002119928812,2.98976863050775,-18.6923995541478));
#6103=CARTESIAN_POINT('Ctrl Pts',(3.04770310173173,6.32016258617593,-18.4970363970711));
#6104=CARTESIAN_POINT('Ctrl Pts',(4.46374055148285,5.63732228437508,-18.6084701204218));
#6105=CARTESIAN_POINT('Ctrl Pts',(5.6373222843765,4.46374055148106,-18.7199038437726));
#6106=CARTESIAN_POINT('Ctrl Pts',(6.3201625861769,3.04770310172972,-18.8313375671234));
#6107=CARTESIAN_POINT('Ctrl Pts',(3.10563757295374,6.44030397306469,-18.6359744100466));
#6108=CARTESIAN_POINT('Ctrl Pts',(4.54859279590767,5.74448340694891,-18.7474081333974));
#6109=CARTESIAN_POINT('Ctrl Pts',(5.74448340695036,4.54859279590584,-18.8588418567481));
#6110=CARTESIAN_POINT('Ctrl Pts',(6.44030397306568,3.10563757295169,-18.9702755800989));
#6111=CARTESIAN_POINT('Ctrl Pts',(3.10563757295371,6.44030397306467,-18.6359744100466));
#6112=CARTESIAN_POINT('Ctrl Pts',(3.36908479774889,6.1768567482695,-18.5324529815838));
#6113=CARTESIAN_POINT('Ctrl Pts',(3.6361332014547,5.90980834456369,-18.4558128132812));
#6114=CARTESIAN_POINT('Ctrl Pts',(4.06328276121773,5.48265878480067,-18.386691819856));
#6115=CARTESIAN_POINT('Ctrl Pts',(4.21888821952494,5.32705332649345,-18.3724252219524));
#6116=CARTESIAN_POINT('Ctrl Pts',(4.44954535234851,5.09639619366988,-18.3680784982185));
#6117=CARTESIAN_POINT('Ctrl Pts',(4.52379133335023,5.02215021266668,-18.3692381952453));
#6118=CARTESIAN_POINT('Ctrl Pts',(4.63819798270702,4.90774356330988,-18.3749712437821));
#6119=CARTESIAN_POINT('Ctrl Pts',(4.67831780694363,4.86762373907477,-18.3777303668742));
#6120=CARTESIAN_POINT('Ctrl Pts',(4.7514074176185,4.79453412839989,-18.3841149719319));
#6121=CARTESIAN_POINT('Ctrl Pts',(4.78436979488186,4.76157175113654,-18.3874989348603));
#6122=CARTESIAN_POINT('Ctrl Pts',(4.85609931494977,4.68984223106862,-18.3959542927296));
#6123=CARTESIAN_POINT('Ctrl Pts',(4.89483896906607,4.65110257695252,-18.4012164670373));
#6124=CARTESIAN_POINT('Ctrl Pts',(4.99996016399861,4.54598138201998,-18.4173646239815));
#6125=CARTESIAN_POINT('Ctrl Pts',(5.06618436040845,4.47975718560562,-18.4295671473713));
#6126=CARTESIAN_POINT('Ctrl Pts',(5.37525136465867,4.1706901813554,-18.495766402291));
#6127=CARTESIAN_POINT('Ctrl Pts',(5.61396463711076,3.93197690890765,-18.5737300997505));
#6128=CARTESIAN_POINT('Ctrl Pts',(6.04971915511334,3.49622239090507,-18.7581559069122));
#6129=CARTESIAN_POINT('Ctrl Pts',(6.24677976504685,3.29916178097155,-18.8582850571613));
#6130=CARTESIAN_POINT('Ctrl Pts',(6.44030397306473,3.10563757295367,-18.9702755800987));
#6131=CARTESIAN_POINT('Ctrl Pts',(6.07987981239842,-2.93183415928768,-19.00041037112));
#6132=CARTESIAN_POINT('Ctrl Pts',(5.42300003922761,-4.29403606263284,-19.1118440944707));
#6133=CARTESIAN_POINT('Ctrl Pts',(4.29403606263217,-5.42300003922814,-19.2232778178215));
#6134=CARTESIAN_POINT('Ctrl Pts',(2.93183415928693,-6.07987981239878,-19.3347115411722));
#6135=CARTESIAN_POINT('Ctrl Pts',(6.20002119928718,-2.98976863050969,-19.1393483840955));
#6136=CARTESIAN_POINT('Ctrl Pts',(5.53016116180145,-4.37888830705764,-19.2507821074463));
#6137=CARTESIAN_POINT('Ctrl Pts',(4.37888830705696,-5.53016116180198,-19.362215830797));
#6138=CARTESIAN_POINT('Ctrl Pts',(2.98976863050893,-6.20002119928755,-19.4736495541477));
#6139=CARTESIAN_POINT('Ctrl Pts',(6.32016258617594,-3.0477031017317,-19.2782863970711));
#6140=CARTESIAN_POINT('Ctrl Pts',(5.63732228437529,-4.46374055148245,-19.3897201204218));
#6141=CARTESIAN_POINT('Ctrl Pts',(4.46374055148176,-5.63732228437583,-19.5011538437725));
#6142=CARTESIAN_POINT('Ctrl Pts',(3.04770310173092,-6.32016258617632,-19.6125875671233));
#6143=CARTESIAN_POINT('Ctrl Pts',(6.4403039730647,-3.10563757295371,-19.4172244100466));
#6144=CARTESIAN_POINT('Ctrl Pts',(5.74448340694912,-4.54859279590725,-19.5286581333973));
#6145=CARTESIAN_POINT('Ctrl Pts',(4.54859279590655,-5.74448340694968,-19.6400918567481));
#6146=CARTESIAN_POINT('Ctrl Pts',(3.10563757295292,-6.44030397306508,-19.7515255800988));
#6147=CARTESIAN_POINT('Ctrl Pts',(6.44030397306469,-3.1056375729537,-19.4172244100466));
#6148=CARTESIAN_POINT('Ctrl Pts',(6.17685674826944,-3.36908479774896,-19.3137029815837));
#6149=CARTESIAN_POINT('Ctrl Pts',(5.90980834456354,-3.63613320145483,-19.2370628132812));
#6150=CARTESIAN_POINT('Ctrl Pts',(5.48265878480028,-4.06328276121809,-19.1679418198559));
#6151=CARTESIAN_POINT('Ctrl Pts',(5.32705332649321,-4.21888821952518,-19.1536752219524));
#6152=CARTESIAN_POINT('Ctrl Pts',(5.09639619366984,-4.44954535234855,-19.1493284982185));
#6153=CARTESIAN_POINT('Ctrl Pts',(5.02215021266664,-4.52379133335026,-19.1504881952453));
#6154=CARTESIAN_POINT('Ctrl Pts',(4.90774356330975,-4.63819798270715,-19.1562212437821));
#6155=CARTESIAN_POINT('Ctrl Pts',(4.86762373907455,-4.67831780694384,-19.1589803668742));
#6156=CARTESIAN_POINT('Ctrl Pts',(4.79453412840008,-4.75140741761831,-19.1653649719318));
#6157=CARTESIAN_POINT('Ctrl Pts',(4.76157175113692,-4.78436979488147,-19.1687489348603));
#6158=CARTESIAN_POINT('Ctrl Pts',(4.68984223106848,-4.85609931494991,-19.1772042927296));
#6159=CARTESIAN_POINT('Ctrl Pts',(4.6511025769523,-4.8948389690663,-19.1824664670374));
#6160=CARTESIAN_POINT('Ctrl Pts',(4.54598138201994,-4.99996016399865,-19.1986146239815));
#6161=CARTESIAN_POINT('Ctrl Pts',(4.47975718560554,-5.06618436040852,-19.2108171473714));
#6162=CARTESIAN_POINT('Ctrl Pts',(4.17069018135542,-5.37525136465865,-19.277016402291));
#6163=CARTESIAN_POINT('Ctrl Pts',(3.93197690890778,-5.6139646371106,-19.3549800997504));
#6164=CARTESIAN_POINT('Ctrl Pts',(3.49622239090463,-6.04971915511374,-19.5394059069123));
#6165=CARTESIAN_POINT('Ctrl Pts',(3.29916178097058,-6.24677976504781,-19.6395350571618));
#6166=CARTESIAN_POINT('Ctrl Pts',(3.10563757295375,-6.44030397306465,-19.7515255800987));
#6167=CARTESIAN_POINT('Ctrl Pts',(2.93183415928762,6.07987981239844,-21.34416037112));
#6168=CARTESIAN_POINT('Ctrl Pts',(4.29403606263256,5.42300003922776,-21.4555940944707));
#6169=CARTESIAN_POINT('Ctrl Pts',(5.42300003922772,4.29403606263261,-21.5670278178214));
#6170=CARTESIAN_POINT('Ctrl Pts',(6.07987981239842,2.93183415928768,-21.6784615411721));
#6171=CARTESIAN_POINT('Ctrl Pts',(2.98976863050963,6.20002119928721,-21.4830983840955));
#6172=CARTESIAN_POINT('Ctrl Pts',(4.37888830705736,5.5301611618016,-21.5945321074462));
#6173=CARTESIAN_POINT('Ctrl Pts',(5.53016116180156,4.37888830705741,-21.7059658307969));
#6174=CARTESIAN_POINT('Ctrl Pts',(6.20002119928718,2.98976863050969,-21.8173995541477));
#6175=CARTESIAN_POINT('Ctrl Pts',(3.04770310173164,6.32016258617597,-21.622036397071));
#6176=CARTESIAN_POINT('Ctrl Pts',(4.46374055148216,5.63732228437544,-21.7334701204218));
#6177=CARTESIAN_POINT('Ctrl Pts',(5.6373222843754,4.46374055148221,-21.8449038437725));
#6178=CARTESIAN_POINT('Ctrl Pts',(6.32016258617594,3.0477031017317,-21.9563375671232));
#6179=CARTESIAN_POINT('Ctrl Pts',(3.10563757295365,6.44030397306473,-21.7609744100466));
#6180=CARTESIAN_POINT('Ctrl Pts',(4.54859279590696,5.74448340694928,-21.8724081333973));
#6181=CARTESIAN_POINT('Ctrl Pts',(5.74448340694924,4.54859279590701,-21.983841856748));
#6182=CARTESIAN_POINT('Ctrl Pts',(6.4403039730647,3.10563757295371,-22.0952755800987));
#6183=CARTESIAN_POINT('Ctrl Pts',(3.10563757295366,6.44030397306473,-21.7609744100466));
#6184=CARTESIAN_POINT('Ctrl Pts',(3.36908479774915,6.17685674826924,-21.6574529815837));
#6185=CARTESIAN_POINT('Ctrl Pts',(3.63613320145488,5.90980834456351,-21.5808128132812));
#6186=CARTESIAN_POINT('Ctrl Pts',(4.06328276121798,5.48265878480041,-21.5116918198559));
#6187=CARTESIAN_POINT('Ctrl Pts',(4.21888821952511,5.32705332649329,-21.4974252219524));
#6188=CARTESIAN_POINT('Ctrl Pts',(4.4495453523484,5.09639619367,-21.4930784982185));
#6189=CARTESIAN_POINT('Ctrl Pts',(4.52379133335017,5.02215021266674,-21.4942381952453));
#6190=CARTESIAN_POINT('Ctrl Pts',(4.63819798270716,4.90774356330975,-21.4999712437821));
#6191=CARTESIAN_POINT('Ctrl Pts',(4.6783178069439,4.86762373907449,-21.5027303668742));
#6192=CARTESIAN_POINT('Ctrl Pts',(4.75140741761814,4.79453412840026,-21.5091149719318));
#6193=CARTESIAN_POINT('Ctrl Pts',(4.7843697948812,4.76157175113719,-21.5124989348602));
#6194=CARTESIAN_POINT('Ctrl Pts',(4.85609931494978,4.68984223106861,-21.5209542927296));
#6195=CARTESIAN_POINT('Ctrl Pts',(4.89483896906616,4.65110257695244,-21.5262164670373));
#6196=CARTESIAN_POINT('Ctrl Pts',(4.99996016399855,4.54598138202005,-21.5423646239815));
#6197=CARTESIAN_POINT('Ctrl Pts',(5.06618436040842,4.47975718560564,-21.5545671473713));
#6198=CARTESIAN_POINT('Ctrl Pts',(5.37525136465859,4.17069018135548,-21.620766402291));
#6199=CARTESIAN_POINT('Ctrl Pts',(5.61396463711049,3.93197690890789,-21.6987300997503));
#6200=CARTESIAN_POINT('Ctrl Pts',(6.04971915511361,3.49622239090477,-21.8831559069123));
#6201=CARTESIAN_POINT('Ctrl Pts',(6.24677976504754,3.29916178097085,-21.9832850571617));
#6202=CARTESIAN_POINT('Ctrl Pts',(6.4403039730647,3.10563757295369,-22.0952755800987));
#6203=CARTESIAN_POINT('Ctrl Pts',(6.07987981239843,-2.93183415928763,-22.12541037112));
#6204=CARTESIAN_POINT('Ctrl Pts',(5.42300003922774,-4.29403606263258,-22.2368440944707));
#6205=CARTESIAN_POINT('Ctrl Pts',(4.29403606263258,-5.42300003922774,-22.3482778178214));
#6206=CARTESIAN_POINT('Ctrl Pts',(2.93183415928762,-6.07987981239844,-22.4597115411721));
#6207=CARTESIAN_POINT('Ctrl Pts',(6.2000211992872,-2.98976863050964,-22.2643483840955));
#6208=CARTESIAN_POINT('Ctrl Pts',(5.53016116180158,-4.37888830705738,-22.3757821074462));
#6209=CARTESIAN_POINT('Ctrl Pts',(4.37888830705738,-5.53016116180159,-22.4872158307969));
#6210=CARTESIAN_POINT('Ctrl Pts',(2.98976863050963,-6.2000211992872,-22.5986495541477));
#6211=CARTESIAN_POINT('Ctrl Pts',(6.32016258617596,-3.04770310173165,-22.403286397071));
#6212=CARTESIAN_POINT('Ctrl Pts',(5.63732228437542,-4.46374055148219,-22.5147201204218));
#6213=CARTESIAN_POINT('Ctrl Pts',(4.46374055148218,-5.63732228437543,-22.6261538437725));
#6214=CARTESIAN_POINT('Ctrl Pts',(3.04770310173164,-6.32016258617597,-22.7375875671232));
#6215=CARTESIAN_POINT('Ctrl Pts',(6.44030397306473,-3.10563757295366,-22.5422244100466));
#6216=CARTESIAN_POINT('Ctrl Pts',(5.74448340694926,-4.54859279590699,-22.6536581333973));
#6217=CARTESIAN_POINT('Ctrl Pts',(4.54859279590698,-5.74448340694927,-22.765091856748));
#6218=CARTESIAN_POINT('Ctrl Pts',(3.10563757295365,-6.44030397306473,-22.8765255800987));
#6219=CARTESIAN_POINT('Ctrl Pts',(6.44030397306473,-3.10563757295365,-22.5422244100466));
#6220=CARTESIAN_POINT('Ctrl Pts',(6.1768567482695,-3.36908479774889,-22.4387029815838));
#6221=CARTESIAN_POINT('Ctrl Pts',(5.90980834456404,-3.63613320145436,-22.3620628132814));
#6222=CARTESIAN_POINT('Ctrl Pts',(5.48265878480114,-4.06328276121726,-22.292941819856));
#6223=CARTESIAN_POINT('Ctrl Pts',(5.32705332649382,-4.21888821952458,-22.2786752219524));
#6224=CARTESIAN_POINT('Ctrl Pts',(5.09639619367015,-4.44954535234824,-22.2743284982185));
#6225=CARTESIAN_POINT('Ctrl Pts',(5.02215021266688,-4.52379133335003,-22.2754881952453));
#6226=CARTESIAN_POINT('Ctrl Pts',(4.90774356330983,-4.63819798270707,-22.2812212437821));
#6227=CARTESIAN_POINT('Ctrl Pts',(4.86762373907453,-4.67831780694386,-22.2839803668742));
#6228=CARTESIAN_POINT('Ctrl Pts',(4.79453412840049,-4.7514074176179,-22.2903649719318));
#6229=CARTESIAN_POINT('Ctrl Pts',(4.76157175113764,-4.78436979488075,-22.2937489348602));
#6230=CARTESIAN_POINT('Ctrl Pts',(4.68984223106823,-4.85609931495017,-22.3022042927296));
#6231=CARTESIAN_POINT('Ctrl Pts',(4.6511025769517,-4.89483896906689,-22.3074664670375));
#6232=CARTESIAN_POINT('Ctrl Pts',(4.54598138202012,-4.99996016399847,-22.3236146239815));
#6233=CARTESIAN_POINT('Ctrl Pts',(4.47975718560581,-5.06618436040826,-22.3358171473713));
#6234=CARTESIAN_POINT('Ctrl Pts',(4.17069018135543,-5.37525136465864,-22.402016402291));
#6235=CARTESIAN_POINT('Ctrl Pts',(3.93197690890771,-5.61396463711069,-22.4799800997504));
#6236=CARTESIAN_POINT('Ctrl Pts',(3.49622239090512,-6.04971915511329,-22.6644059069122));
#6237=CARTESIAN_POINT('Ctrl Pts',(3.2991617809715,-6.24677976504687,-22.7645350571613));
#6238=CARTESIAN_POINT('Ctrl Pts',(3.10563757295363,-6.44030397306475,-22.8765255800987));
#6239=CARTESIAN_POINT('Origin',(-7.55,-1.28883476483185,0.));
#6240=CARTESIAN_POINT('',(-7.55,-1.28883476483185,-25.));
#6241=CARTESIAN_POINT('',(-7.55,1.28883476483184,-25.));
#6242=CARTESIAN_POINT('',(-7.55,-0.644441808869763,-25.));
#6243=CARTESIAN_POINT('',(-7.55,-1.28883476483185,0.));
#6244=CARTESIAN_POINT('',(-7.55,1.28883476483184,0.));
#6245=CARTESIAN_POINT('Origin',(-7.55,1.28883476483184,0.));
#6246=CARTESIAN_POINT('',(-6.75,2.08883476483184,-25.));
#6247=CARTESIAN_POINT('',(-5.98472090443488,2.85411386039696,-25.));
#6248=CARTESIAN_POINT('',(-6.75,2.08883476483185,-2.06781905019423));
#6249=CARTESIAN_POINT('',(-6.75,2.08883476483184,0.));
#6250=CARTESIAN_POINT('',(-6.87502319877209,1.96381157775881,-2.14463273470843));
#6251=CARTESIAN_POINT('Ctrl Pts',(-6.87502319702703,1.96381156780482,-2.14463272166828));
#6252=CARTESIAN_POINT('Ctrl Pts',(-6.8335228409558,2.00531192387605,-2.11850775602985));
#6253=CARTESIAN_POINT('Ctrl Pts',(-6.79184736769771,2.04698722846181,-2.09289041757272));
#6254=CARTESIAN_POINT('Ctrl Pts',(-6.74999982622353,2.08883470998036,-2.06781905019423));
#6255=CARTESIAN_POINT('',(-6.87502321397782,1.96381155085391,-2.76963273054376));
#6256=CARTESIAN_POINT('',(-6.87502321397766,1.96381155085418,0.));
#6257=CARTESIAN_POINT('',(-6.75,2.08883476483185,-2.86820607796584));
#6258=CARTESIAN_POINT('Ctrl Pts',(-6.74999982619332,2.08883470997835,-2.86820607799696));
#6259=CARTESIAN_POINT('Ctrl Pts',(-6.79188688304992,2.04694309687578,-2.83573565152588));
#6260=CARTESIAN_POINT('Ctrl Pts',(-6.83356354339379,2.00527122143803,-2.80286240293268));
#6261=CARTESIAN_POINT('Ctrl Pts',(-6.87502321397897,1.96381155085285,-2.76963273054274));
#6262=CARTESIAN_POINT('',(-6.75,2.08883476483185,-5.19281905019423));
#6263=CARTESIAN_POINT('',(-6.75,2.08883476483184,0.));
#6264=CARTESIAN_POINT('',(-6.87502321397768,1.96381155085414,-5.2696327323389));
#6265=CARTESIAN_POINT('Ctrl Pts',(-6.87502321397916,1.9638115508527,-5.26963273233985));
#6266=CARTESIAN_POINT('Ctrl Pts',(-6.83352285230488,2.00531191252698,-5.24350776300598));
#6267=CARTESIAN_POINT('Ctrl Pts',(-6.79184750181605,2.04698726301579,-5.21789042098645));
#6268=CARTESIAN_POINT('Ctrl Pts',(-6.75,2.08883476483184,-5.19281905019423));
#6269=CARTESIAN_POINT('',(-6.8750232139782,1.96381155085322,-5.8946327305437));
#6270=CARTESIAN_POINT('',(-6.87502321397766,1.96381155085418,0.));
#6271=CARTESIAN_POINT('',(-6.75,2.08883476483184,-5.99320607796584));
#6272=CARTESIAN_POINT('Ctrl Pts',(-6.74999982619332,2.08883470997838,-5.99320607799697));
#6273=CARTESIAN_POINT('Ctrl Pts',(-6.79188688304991,2.04694309687582,-5.96073565152588));
#6274=CARTESIAN_POINT('Ctrl Pts',(-6.83356354339379,2.00527122143807,-5.92786240293268));
#6275=CARTESIAN_POINT('Ctrl Pts',(-6.87502321397896,1.96381155085289,-5.89463273054275));
#6276=CARTESIAN_POINT('',(-6.75,2.08883476483185,-8.31781905019423));
#6277=CARTESIAN_POINT('',(-6.75,2.08883476483184,0.));
#6278=CARTESIAN_POINT('',(-6.87502321397793,1.96381155085371,-8.39463273233886));
#6279=CARTESIAN_POINT('Ctrl Pts',(-6.87502321397917,1.96381155085266,-8.39463273233986));
#6280=CARTESIAN_POINT('Ctrl Pts',(-6.83352285230489,2.00531191252695,-8.36850776300598));
#6281=CARTESIAN_POINT('Ctrl Pts',(-6.79184750181606,2.04698726301578,-8.34289042098646));
#6282=CARTESIAN_POINT('Ctrl Pts',(-6.75,2.08883476483184,-8.31781905019424));
#6283=CARTESIAN_POINT('',(-6.87502321397893,1.96381155085194,-9.01963273054359));
#6284=CARTESIAN_POINT('',(-6.87502321397766,1.96381155085418,0.));
#6285=CARTESIAN_POINT('',(-6.75,2.08883476483184,-9.11820607796585));
#6286=CARTESIAN_POINT('Ctrl Pts',(-6.74999982619331,2.0888347099784,-9.11820607799697));
#6287=CARTESIAN_POINT('Ctrl Pts',(-6.79188688304991,2.04694309687582,-9.08573565152589));
#6288=CARTESIAN_POINT('Ctrl Pts',(-6.83356354339378,2.00527122143807,-9.05286240293269));
#6289=CARTESIAN_POINT('Ctrl Pts',(-6.87502321397896,1.96381155085288,-9.01963273054274));
#6290=CARTESIAN_POINT('',(-6.75,2.08883476483184,-11.4428190501942));
#6291=CARTESIAN_POINT('',(-6.75,2.08883476483184,0.));
#6292=CARTESIAN_POINT('',(-6.87502321397854,1.96381155085262,-11.5196327323388));
#6293=CARTESIAN_POINT('Ctrl Pts',(-6.87502321397918,1.96381155085267,-11.5196327323399));
#6294=CARTESIAN_POINT('Ctrl Pts',(-6.83352285230489,2.00531191252696,-11.493507763006));
#6295=CARTESIAN_POINT('Ctrl Pts',(-6.79184750181606,2.04698726301578,-11.4678904209865));
#6296=CARTESIAN_POINT('Ctrl Pts',(-6.75,2.08883476483183,-11.4428190501942));
#6297=CARTESIAN_POINT('',(-6.87502321397941,1.96381155085109,-12.1446327305435));
#6298=CARTESIAN_POINT('',(-6.87502321397766,1.96381155085418,0.));
#6299=CARTESIAN_POINT('',(-6.75,2.08883476483184,-12.2432060779659));
#6300=CARTESIAN_POINT('Ctrl Pts',(-6.74999982619333,2.08883470997834,-12.243206077997));
#6301=CARTESIAN_POINT('Ctrl Pts',(-6.79188688304995,2.04694309687574,-12.2107356515259));
#6302=CARTESIAN_POINT('Ctrl Pts',(-6.8335635433938,2.00527122143809,-12.1778624029327));
#6303=CARTESIAN_POINT('Ctrl Pts',(-6.87502321397895,1.96381155085293,-12.1446327305427));
#6304=CARTESIAN_POINT('',(-6.75,2.08883476483185,-14.5678190501942));
#6305=CARTESIAN_POINT('',(-6.75,2.08883476483184,0.));
#6306=CARTESIAN_POINT('',(-6.87502321397924,1.96381155085139,-14.6446327323387));
#6307=CARTESIAN_POINT('Ctrl Pts',(-6.87502321397918,1.96381155085264,-14.6446327323399));
#6308=CARTESIAN_POINT('Ctrl Pts',(-6.83352285230488,2.00531191252693,-14.618507763006));
#6309=CARTESIAN_POINT('Ctrl Pts',(-6.79184750181604,2.04698726301582,-14.5928904209865));
#6310=CARTESIAN_POINT('Ctrl Pts',(-6.74999999999998,2.08883476483188,-14.5678190501942));
#6311=CARTESIAN_POINT('',(-6.87502321397912,1.9638115508516,-15.2696327305436));
#6312=CARTESIAN_POINT('',(-6.87502321397766,1.96381155085418,0.));
#6313=CARTESIAN_POINT('',(-6.75,2.08883476483184,-15.3682060779659));
#6314=CARTESIAN_POINT('Ctrl Pts',(-6.74999982619331,2.08883470997839,-15.368206077997));
#6315=CARTESIAN_POINT('Ctrl Pts',(-6.79188688304988,2.04694309687583,-15.3357356515259));
#6316=CARTESIAN_POINT('Ctrl Pts',(-6.83356354339378,2.00527122143797,-15.3028624029327));
#6317=CARTESIAN_POINT('Ctrl Pts',(-6.87502321397899,1.96381155085279,-15.2696327305427));
#6318=CARTESIAN_POINT('',(-6.75,2.08883476483184,-17.6928190501942));
#6319=CARTESIAN_POINT('',(-6.75,2.08883476483184,0.));
#6320=CARTESIAN_POINT('',(-6.87502321397938,1.96381155085113,-17.7696327323386));
#6321=CARTESIAN_POINT('Ctrl Pts',(-6.87502321397919,1.96381155085259,-17.7696327323399));
#6322=CARTESIAN_POINT('Ctrl Pts',(-6.83352285230489,2.00531191252689,-17.743507763006));
#6323=CARTESIAN_POINT('Ctrl Pts',(-6.79184750181608,2.04698726301576,-17.7178904209865));
#6324=CARTESIAN_POINT('Ctrl Pts',(-6.75000000000001,2.08883476483183,-17.6928190501942));
#6325=CARTESIAN_POINT('',(-6.87502321397844,1.9638115508528,-18.3946327305437));
#6326=CARTESIAN_POINT('',(-6.87502321397766,1.96381155085418,0.));
#6327=CARTESIAN_POINT('',(-6.75,2.08883476483183,-18.4932060779659));
#6328=CARTESIAN_POINT('Ctrl Pts',(-6.74999982619333,2.08883470997832,-18.493206077997));
#6329=CARTESIAN_POINT('Ctrl Pts',(-6.79188688304998,2.04694309687569,-18.4607356515259));
#6330=CARTESIAN_POINT('Ctrl Pts',(-6.83356354339385,2.00527122143796,-18.4278624029327));
#6331=CARTESIAN_POINT('Ctrl Pts',(-6.87502321397896,1.96381155085289,-18.3946327305427));
#6332=CARTESIAN_POINT('',(-6.75000001224552,2.08883474034082,-20.8178190648671));
#6333=CARTESIAN_POINT('',(-6.75,2.08883476483184,0.));
#6334=CARTESIAN_POINT('',(-6.87502321397884,1.96381155085209,-20.8946327323387));
#6335=CARTESIAN_POINT('Ctrl Pts',(-6.87502321397916,1.96381155085269,-20.8946327323399));
#6336=CARTESIAN_POINT('Ctrl Pts',(-6.83352908165393,2.00530568317793,-20.868511684455));
#6337=CARTESIAN_POINT('Ctrl Pts',(-6.79185203036117,2.04698189121306,-20.8428929581856));
#6338=CARTESIAN_POINT('Ctrl Pts',(-6.74999985071205,2.08883468548799,-20.8178190648642));
#6339=CARTESIAN_POINT('',(-6.87502321397789,1.96381155085378,-21.5196327305438));
#6340=CARTESIAN_POINT('',(-6.87502321397766,1.96381155085418,0.));
#6341=CARTESIAN_POINT('',(-6.75,2.08883476483184,-21.6182060779659));
#6342=CARTESIAN_POINT('Ctrl Pts',(-6.74999982619333,2.08883470997835,-21.618206077997));
#6343=CARTESIAN_POINT('Ctrl Pts',(-6.79188688304991,2.04694309687582,-21.5857356515259));
#6344=CARTESIAN_POINT('Ctrl Pts',(-6.83356354339379,2.00527122143802,-21.5528624029327));
#6345=CARTESIAN_POINT('Ctrl Pts',(-6.87502321397897,1.96381155085284,-21.5196327305427));
#6346=CARTESIAN_POINT('',(-6.75000001224555,2.08883474034076,-23.9428190648672));
#6347=CARTESIAN_POINT('',(-6.75,2.08883476483184,0.));
#6348=CARTESIAN_POINT('',(-6.87502321397812,1.96381155085336,-24.0196327323388));
#6349=CARTESIAN_POINT('Ctrl Pts',(-6.87502321397916,1.96381155085268,-24.0196327323399));
#6350=CARTESIAN_POINT('Ctrl Pts',(-6.83352908165404,2.00530568317782,-23.9935116844551));
#6351=CARTESIAN_POINT('Ctrl Pts',(-6.79185203036129,2.04698189121295,-23.9678929581856));
#6352=CARTESIAN_POINT('Ctrl Pts',(-6.74999985071209,2.088834685488,-23.9428190648642));
#6353=CARTESIAN_POINT('',(-6.87502321397766,1.96381155085418,-24.6446327305438));
#6354=CARTESIAN_POINT('',(-6.87502321397766,1.96381155085418,0.));
#6355=CARTESIAN_POINT('',(-6.75,2.08883476483184,-24.7432060779659));
#6356=CARTESIAN_POINT('Ctrl Pts',(-6.74999982619331,2.0888347099784,-24.743206077997));
#6357=CARTESIAN_POINT('Ctrl Pts',(-6.79188688304991,2.04694309687579,-24.7107356515259));
#6358=CARTESIAN_POINT('Ctrl Pts',(-6.83356354339379,2.00527122143802,-24.6778624029327));
#6359=CARTESIAN_POINT('Ctrl Pts',(-6.87502321397897,1.96381155085284,-24.6446327305427));
#6360=CARTESIAN_POINT('',(-6.75,2.08883476483184,0.));
#6361=CARTESIAN_POINT('Origin',(-4.41941738241592,-4.41941738241592,0.));
#6362=CARTESIAN_POINT('',(-6.75,-2.08883476483185,-25.));
#6363=CARTESIAN_POINT('',(-4.419405169189,-4.41942959564284,-25.));
#6364=CARTESIAN_POINT('',(-6.75000001224554,-2.08883474034077,-24.4446809238036));
#6365=CARTESIAN_POINT('',(-6.75,-2.08883476483185,0.));
#6366=CARTESIAN_POINT('',(-6.87502321397924,-1.96381155085139,-24.3678672560094));
#6367=CARTESIAN_POINT('Ctrl Pts',(-6.87502321397901,-1.96381155085272,-24.3678672560083));
#6368=CARTESIAN_POINT('Ctrl Pts',(-6.83352908165521,-2.00530568317658,-24.3939883040015));
#6369=CARTESIAN_POINT('Ctrl Pts',(-6.79185203036249,-2.0469818912117,-24.4196070303786));
#6370=CARTESIAN_POINT('Ctrl Pts',(-6.74999985071206,-2.08883468548802,-24.4446809238066));
#6371=CARTESIAN_POINT('',(-6.8750232139782,-1.96381155085322,-23.7428672578043));
#6372=CARTESIAN_POINT('',(-6.87502321397766,-1.96381155085419,0.));
#6373=CARTESIAN_POINT('',(-6.75,-2.08883476483184,-23.6442939107049));
#6374=CARTESIAN_POINT('Ctrl Pts',(-6.74999982619332,-2.08883470997836,-23.6442939106738));
#6375=CARTESIAN_POINT('Ctrl Pts',(-6.79188688304875,-2.04694309687701,-23.6767643370381));
#6376=CARTESIAN_POINT('Ctrl Pts',(-6.83356354339263,-2.00527122143933,-23.7096375855236));
#6377=CARTESIAN_POINT('Ctrl Pts',(-6.87502321397913,-1.96381155085279,-23.7428672578055));
#6378=CARTESIAN_POINT('',(-6.75000001224555,-2.08883474034075,-21.3196809238036));
#6379=CARTESIAN_POINT('',(-6.75,-2.08883476483185,0.));
#6380=CARTESIAN_POINT('',(-6.87502321397857,-1.96381155085257,-21.2428672560093));
#6381=CARTESIAN_POINT('Ctrl Pts',(-6.87502321397896,-1.96381155085288,-21.2428672560083));
#6382=CARTESIAN_POINT('Ctrl Pts',(-6.83352908165511,-2.00530568317672,-21.2689883040016));
#6383=CARTESIAN_POINT('Ctrl Pts',(-6.79185203036241,-2.04698189121183,-21.2946070303786));
#6384=CARTESIAN_POINT('Ctrl Pts',(-6.74999985071208,-2.08883468548804,-21.3196809238066));
#6385=CARTESIAN_POINT('',(-6.87502321397776,-1.963811550854,-20.6178672578043));
#6386=CARTESIAN_POINT('',(-6.87502321397766,-1.96381155085419,0.));
#6387=CARTESIAN_POINT('',(-6.75,-2.08883476483184,-20.5192939107049));
#6388=CARTESIAN_POINT('Ctrl Pts',(-6.74999982619324,-2.0888347099784,-20.5192939106738));
#6389=CARTESIAN_POINT('Ctrl Pts',(-6.79188688304871,-2.046943096877,-20.5517643370381));
#6390=CARTESIAN_POINT('Ctrl Pts',(-6.83356354339267,-2.00527122143921,-20.5846375855236));
#6391=CARTESIAN_POINT('Ctrl Pts',(-6.87502321397915,-1.96381155085273,-20.6178672578055));
#6392=CARTESIAN_POINT('',(-6.75000001224554,-2.08883474034076,-18.1946809238036));
#6393=CARTESIAN_POINT('',(-6.75,-2.08883476483185,0.));
#6394=CARTESIAN_POINT('',(-6.87502321397796,-1.96381155085365,-18.1178672560092));
#6395=CARTESIAN_POINT('Ctrl Pts',(-6.87502321397897,-1.96381155085284,-18.1178672560083));
#6396=CARTESIAN_POINT('Ctrl Pts',(-6.83352908165521,-2.00530568317657,-18.1439883040015));
#6397=CARTESIAN_POINT('Ctrl Pts',(-6.7918520303625,-2.04698189121165,-18.1696070303786));
#6398=CARTESIAN_POINT('Ctrl Pts',(-6.74999985071211,-2.08883468548787,-18.1946809238066));
#6399=CARTESIAN_POINT('',(-6.87502321397767,-1.96381155085417,-17.4928672578043));
#6400=CARTESIAN_POINT('',(-6.87502321397766,-1.96381155085419,0.));
#6401=CARTESIAN_POINT('',(-6.75,-2.08883476483185,-17.3942939107049));
#6402=CARTESIAN_POINT('Ctrl Pts',(-6.74999982619335,-2.08883470997849,-17.3942939106738));
#6403=CARTESIAN_POINT('Ctrl Pts',(-6.79188688304877,-2.04694309687704,-17.4267643370381));
#6404=CARTESIAN_POINT('Ctrl Pts',(-6.83356354339266,-2.00527122143924,-17.4596375855236));
#6405=CARTESIAN_POINT('Ctrl Pts',(-6.87502321397915,-1.96381155085273,-17.4928672578055));
#6406=CARTESIAN_POINT('',(-6.75000000018192,-2.08883476446801,-15.0696809382586));
#6407=CARTESIAN_POINT('',(-6.75,-2.08883476483185,0.));
#6408=CARTESIAN_POINT('',(-6.8750232139777,-1.96381155085412,-14.9928672560091));
#6409=CARTESIAN_POINT('Ctrl Pts',(-6.87502321397897,-1.96381155085284,-14.9928672560083));
#6410=CARTESIAN_POINT('Ctrl Pts',(-6.8335161596445,-2.00531860518732,-15.0189964385604));
#6411=CARTESIAN_POINT('Ctrl Pts',(-6.79183861390042,-2.04699609032224,-15.0446147749454));
#6412=CARTESIAN_POINT('Ctrl Pts',(-6.74999982658736,-2.08883470961639,-15.0696809382586));
#6413=CARTESIAN_POINT('',(-6.87502321398098,-1.96381155084831,-14.3678672578048));
#6414=CARTESIAN_POINT('',(-6.87502321397766,-1.96381155085419,0.));
#6415=CARTESIAN_POINT('',(-6.75,-2.08883476483185,-14.2692939107049));
#6416=CARTESIAN_POINT('Ctrl Pts',(-6.74999982619331,-2.08883470997836,-14.2692939106738));
#6417=CARTESIAN_POINT('Ctrl Pts',(-6.79188688304874,-2.04694309687696,-14.3017643370381));
#6418=CARTESIAN_POINT('Ctrl Pts',(-6.83356354339265,-2.00527122143918,-14.3346375855236));
#6419=CARTESIAN_POINT('Ctrl Pts',(-6.87502321397916,-1.96381155085268,-14.3678672578055));
#6420=CARTESIAN_POINT('',(-6.75000000006921,-2.08883476469343,-11.9446809383936));
#6421=CARTESIAN_POINT('',(-6.75,-2.08883476483185,0.));
#6422=CARTESIAN_POINT('',(-6.87502318942997,-1.96381159428869,-11.8678672521838));
#6423=CARTESIAN_POINT('Ctrl Pts',(-6.87502318661275,-1.9638115782191,-11.8678672732357));
#6424=CARTESIAN_POINT('Ctrl Pts',(-6.83351560206878,-2.00531916276307,-11.8939967892892));
#6425=CARTESIAN_POINT('Ctrl Pts',(-6.79183812613121,-2.04699647001505,-11.9196151077249));
#6426=CARTESIAN_POINT('Ctrl Pts',(-6.74999982636201,-2.08883470984185,-11.9446809383936));
#6427=CARTESIAN_POINT('',(-6.87502321397766,-1.96381155085418,-11.2428672578042));
#6428=CARTESIAN_POINT('',(-6.87502321397766,-1.96381155085419,0.));
#6429=CARTESIAN_POINT('',(-6.75,-2.08883476483185,-11.1442939107049));
#6430=CARTESIAN_POINT('Ctrl Pts',(-6.74999982619331,-2.08883470997841,-11.1442939106738));
#6431=CARTESIAN_POINT('Ctrl Pts',(-6.79188688304875,-2.046943096877,-11.1767643370381));
#6432=CARTESIAN_POINT('Ctrl Pts',(-6.83356354339266,-2.00527122143923,-11.2096375855236));
#6433=CARTESIAN_POINT('Ctrl Pts',(-6.87502321397914,-1.96381155085275,-11.2428672578055));
#6434=CARTESIAN_POINT('',(-6.7500000002786,-2.08883476427461,-8.81968093814274));
#6435=CARTESIAN_POINT('',(-6.75,-2.08883476483185,0.));
#6436=CARTESIAN_POINT('',(-6.87502320576541,-1.9638115653849,-8.74286725472939));
#6437=CARTESIAN_POINT('Ctrl Pts',(-6.87502320482292,-1.96381156000893,-8.74286726177214));
#6438=CARTESIAN_POINT('Ctrl Pts',(-6.83351671734212,-2.00531804748973,-8.7689960873922));
#6439=CARTESIAN_POINT('Ctrl Pts',(-6.79183925616501,-2.04699533998287,-8.79461443070366));
#6440=CARTESIAN_POINT('Ctrl Pts',(-6.74999982678072,-2.08883470942316,-8.81968093814272));
#6441=CARTESIAN_POINT('',(-6.87502321397775,-1.96381155085402,-8.11786725780426));
#6442=CARTESIAN_POINT('',(-6.87502321397766,-1.96381155085419,0.));
#6443=CARTESIAN_POINT('',(-6.75,-2.08883476483184,-8.01929391070494));
#6444=CARTESIAN_POINT('Ctrl Pts',(-6.74999982619333,-2.08883470997834,-8.01929391067382));
#6445=CARTESIAN_POINT('Ctrl Pts',(-6.79188688304876,-2.04694309687695,-8.05176433703807));
#6446=CARTESIAN_POINT('Ctrl Pts',(-6.83356354339266,-2.00527122143919,-8.08463758552362));
#6447=CARTESIAN_POINT('Ctrl Pts',(-6.87502321397916,-1.9638115508527,-8.11786725780545));
#6448=CARTESIAN_POINT('',(-6.75000000033804,-2.08883476415576,-5.69468093807151));
#6449=CARTESIAN_POINT('',(-6.75,-2.08883476483185,0.));
#6450=CARTESIAN_POINT('',(-6.87502321397773,-1.96381155085407,-5.61786725600914));
#6451=CARTESIAN_POINT('Ctrl Pts',(-6.87502321397896,-1.96381155085288,-5.61786725600831));
#6452=CARTESIAN_POINT('Ctrl Pts',(-6.83351691127947,-2.00531785355237,-5.64399596539723));
#6453=CARTESIAN_POINT('Ctrl Pts',(-6.79183936075692,-2.04699537011499,-5.6696143174934));
#6454=CARTESIAN_POINT('Ctrl Pts',(-6.74999982689957,-2.08883470930422,-5.69468093807152));
#6455=CARTESIAN_POINT('',(-6.87502321397818,-1.96381155085327,-4.99286725780432));
#6456=CARTESIAN_POINT('',(-6.87502321397766,-1.96381155085419,0.));
#6457=CARTESIAN_POINT('',(-6.75,-2.08883476483185,-4.89429391070494));
#6458=CARTESIAN_POINT('Ctrl Pts',(-6.74999982619333,-2.08883470997834,-4.89429391067382));
#6459=CARTESIAN_POINT('Ctrl Pts',(-6.79188688304876,-2.04694309687694,-4.92676433703806));
#6460=CARTESIAN_POINT('Ctrl Pts',(-6.83356354339266,-2.00527122143918,-4.95963758552362));
#6461=CARTESIAN_POINT('Ctrl Pts',(-6.87502321397917,-1.96381155085267,-4.99286725780545));
#6462=CARTESIAN_POINT('',(-6.75000000051168,-2.08883476380849,-2.56968093786344));
#6463=CARTESIAN_POINT('',(-6.75,-2.08883476483185,0.));
#6464=CARTESIAN_POINT('',(-6.87502321397786,-1.96381155085384,-2.49286725600916));
#6465=CARTESIAN_POINT('Ctrl Pts',(-6.87502321397895,-1.96381155085291,-2.4928672560083));
#6466=CARTESIAN_POINT('Ctrl Pts',(-6.83351755305559,-2.00531721177626,-2.51899556139155));
#6467=CARTESIAN_POINT('Ctrl Pts',(-6.79184000084341,-2.04699474760108,-2.54461392741359));
#6468=CARTESIAN_POINT('Ctrl Pts',(-6.74999982724683,-2.088834708957,-2.56968093786345));
#6469=CARTESIAN_POINT('',(-6.8750232139789,-1.96381155085199,-1.86786725780443));
#6470=CARTESIAN_POINT('',(-6.87502321397766,-1.96381155085419,0.));
#6471=CARTESIAN_POINT('',(-6.75,-2.08883476483185,-1.76929391070493));
#6472=CARTESIAN_POINT('Ctrl Pts',(-6.74999982619332,-2.08883470997837,-1.76929391067381));
#6473=CARTESIAN_POINT('Ctrl Pts',(-6.79188688304875,-2.04694309687697,-1.80176433703806));
#6474=CARTESIAN_POINT('Ctrl Pts',(-6.83356354339266,-2.00527122143919,-1.83463758552361));
#6475=CARTESIAN_POINT('Ctrl Pts',(-6.87502321397916,-1.96381155085269,-1.86786725780544));
#6476=CARTESIAN_POINT('',(-6.75,-2.08883476483185,0.));
#6477=CARTESIAN_POINT('Ctrl Pts',(-2.93183415927789,-6.07987981240318,-1.03166037111921));
#6478=CARTESIAN_POINT('Ctrl Pts',(-4.29403606262713,-5.42300003923311,-1.14309409447019));
#6479=CARTESIAN_POINT('Ctrl Pts',(-5.4230000392262,-4.29403606263586,-1.25452781782118));
#6480=CARTESIAN_POINT('Ctrl Pts',(-6.07987981239846,-2.93183415928767,-1.36596154117216));
#6481=CARTESIAN_POINT('Ctrl Pts',(-2.9897686304997,-6.20002119929202,-1.17059838409473));
#6482=CARTESIAN_POINT('Ctrl Pts',(-4.37888830705182,-5.53016116180705,-1.28203210744571));
#6483=CARTESIAN_POINT('Ctrl Pts',(-5.5301611618,-4.37888830706071,-1.3934658307967));
#6484=CARTESIAN_POINT('Ctrl Pts',(-6.20002119928721,-2.98976863050967,-1.50489955414768));
#6485=CARTESIAN_POINT('Ctrl Pts',(-3.04770310172151,-6.32016258618087,-1.30953639707025));
#6486=CARTESIAN_POINT('Ctrl Pts',(-4.4637405514765,-5.63732228438098,-1.42097012042123));
#6487=CARTESIAN_POINT('Ctrl Pts',(-5.6373222843738,-4.46374055148557,-1.53240384377222));
#6488=CARTESIAN_POINT('Ctrl Pts',(-6.32016258617597,-3.04770310173168,-1.6438375671232));
#6489=CARTESIAN_POINT('Ctrl Pts',(-3.10563757294332,-6.44030397306971,-1.44847441004577));
#6490=CARTESIAN_POINT('Ctrl Pts',(-4.54859279590119,-5.74448340695491,-1.55990813339675));
#6491=CARTESIAN_POINT('Ctrl Pts',(-5.7444834069476,-4.54859279591043,-1.67134185674773));
#6492=CARTESIAN_POINT('Ctrl Pts',(-6.44030397306472,-3.10563757295368,-1.78277558009872));
#6493=CARTESIAN_POINT('',(-3.10563757294391,-6.44030397307092,-1.44847441004463));
#6494=CARTESIAN_POINT('',(-6.44030397306253,-3.10563757295585,-1.78277558009744));
#6495=CARTESIAN_POINT('Ctrl Pts',(-3.10563757295367,-6.44030397306472,-1.44847441004657));
#6496=CARTESIAN_POINT('Ctrl Pts',(-3.36908479778049,-6.1768567482379,-1.34495298157133));
#6497=CARTESIAN_POINT('Ctrl Pts',(-3.63613320151824,-5.90980834450015,-1.26831281326303));
#6498=CARTESIAN_POINT('Ctrl Pts',(-4.06328276129627,-5.48265878472212,-1.19919181984778));
#6499=CARTESIAN_POINT('Ctrl Pts',(-4.21888821958524,-5.32705332643315,-1.18492522194925));
#6500=CARTESIAN_POINT('Ctrl Pts',(-4.44954535238229,-5.0963961936361,-1.18057849821878));
#6501=CARTESIAN_POINT('Ctrl Pts',(-4.52379133337612,-5.02215021264078,-1.18173819524613));
#6502=CARTESIAN_POINT('Ctrl Pts',(-4.638197982722,-4.90774356329491,-1.18747124378305));
#6503=CARTESIAN_POINT('Ctrl Pts',(-4.67831780695558,-4.86762373906281,-1.1902303668751));
#6504=CARTESIAN_POINT('Ctrl Pts',(-4.75140741762513,-4.79453412839327,-1.1966149719325));
#6505=CARTESIAN_POINT('Ctrl Pts',(-4.78436979488641,-4.76157175113198,-1.19999893486081));
#6506=CARTESIAN_POINT('Ctrl Pts',(-4.85609931495151,-4.68984223106688,-1.20845429272982));
#6507=CARTESIAN_POINT('Ctrl Pts',(-4.89483896906653,-4.65110257695207,-1.2137164670374));
#6508=CARTESIAN_POINT('Ctrl Pts',(-4.99996016399632,-4.54598138202227,-1.22986462398108));
#6509=CARTESIAN_POINT('Ctrl Pts',(-5.06618436040533,-4.47975718560873,-1.24206714737072));
#6510=CARTESIAN_POINT('Ctrl Pts',(-5.37525136467027,-4.1706901813438,-1.30826640229322));
#6511=CARTESIAN_POINT('Ctrl Pts',(-5.61396463713691,-3.93197690888149,-1.38623009975887));
#6512=CARTESIAN_POINT('Ctrl Pts',(-6.04971915513987,-3.49622239087853,-1.57065590692563));
#6513=CARTESIAN_POINT('Ctrl Pts',(-6.2467797650601,-3.2991617809583,-1.67078505716891));
#6514=CARTESIAN_POINT('Ctrl Pts',(-6.44030397306472,-3.10563757295368,-1.78277558009872));
#6515=CARTESIAN_POINT('Ctrl Pts',(-3.10563757294286,-6.44030397306872,-1.44847441004463));
#6516=CARTESIAN_POINT('Ctrl Pts',(-4.54859279589964,-5.74448340695444,-1.55990813339555));
#6517=CARTESIAN_POINT('Ctrl Pts',(-5.74448340694531,-4.54859279591114,-1.67134185674646));
#6518=CARTESIAN_POINT('Ctrl Pts',(-6.4403039730625,-3.10563757295577,-1.78277558009738));
#6519=CARTESIAN_POINT('Ctrl Pts',(2.22600442881012,-6.3722440594891,-0.641035371119176));
#6520=CARTESIAN_POINT('Ctrl Pts',(0.798298083573708,-6.87098212065987,-0.75246909447017));
#6521=CARTESIAN_POINT('Ctrl Pts',(-0.798298083562245,-6.8709821206612,-0.863902817821164));
#6522=CARTESIAN_POINT('Ctrl Pts',(-2.22600442879949,-6.37224405949281,-0.975336541172158));
#6523=CARTESIAN_POINT('Ctrl Pts',(2.26999136071499,-6.49816270632475,-0.779973384094696));
#6524=CARTESIAN_POINT('Ctrl Pts',(0.814072842593713,-7.00675607454305,-0.891407107445691));
#6525=CARTESIAN_POINT('Ctrl Pts',(-0.814072842582024,-7.00675607454441,
-1.00284083079668));
#6526=CARTESIAN_POINT('Ctrl Pts',(-2.26999136070415,-6.49816270632854,-1.11427455414768));
#6527=CARTESIAN_POINT('Ctrl Pts',(2.31397829261986,-6.62408135316041,-0.918911397070217));
#6528=CARTESIAN_POINT('Ctrl Pts',(0.829847601613717,-7.14253002842624,-1.03034512042121));
#6529=CARTESIAN_POINT('Ctrl Pts',(-0.829847601601801,-7.14253002842763,
-1.1417788437722));
#6530=CARTESIAN_POINT('Ctrl Pts',(-2.31397829260881,-6.62408135316427,-1.2532125671232));
#6531=CARTESIAN_POINT('Ctrl Pts',(2.35796522452472,-6.74999999999606,-1.05784941004574));
#6532=CARTESIAN_POINT('Ctrl Pts',(0.845622360633722,-7.27830398230943,-1.16928313339673));
#6533=CARTESIAN_POINT('Ctrl Pts',(-0.84562236062158,-7.27830398231084,-1.28071685674773));
#6534=CARTESIAN_POINT('Ctrl Pts',(-2.35796522451346,-6.75,-1.39215058009872));
#6535=CARTESIAN_POINT('',(2.35796522452438,-6.74999999999755,-1.05784941004466));
#6536=CARTESIAN_POINT('',(-2.35796522451079,-6.74999999999992,-1.39215058009747));
#6537=CARTESIAN_POINT('Ctrl Pts',(2.35796522451346,-6.75,-1.05784941004657));
#6538=CARTESIAN_POINT('Ctrl Pts',(1.98539458619378,-6.75,-0.954327981571317));
#6539=CARTESIAN_POINT('Ctrl Pts',(1.60773111181775,-6.75,-0.877687813263012));
#6540=CARTESIAN_POINT('Ctrl Pts',(1.00365041121792,-6.75,-0.808566819847772));
#6541=CARTESIAN_POINT('Ctrl Pts',(0.783591061726407,-6.75,-0.794300221949246));
#6542=CARTESIAN_POINT('Ctrl Pts',(0.457392616266735,-6.75,-0.789953498218773));
#6543=CARTESIAN_POINT('Ctrl Pts',(0.352392942992534,-6.74999999999895,-0.791113195246128));
#6544=CARTESIAN_POINT('Ctrl Pts',(0.190597507861972,-6.74999999999895,-0.796846243783046));
#6545=CARTESIAN_POINT('Ctrl Pts',(0.133859508311874,-6.75,-0.799605366875096));
#6546=CARTESIAN_POINT('Ctrl Pts',(0.0304951896344145,-6.75,-0.805989971932503));
#6547=CARTESIAN_POINT('Ctrl Pts',(-0.0161206513365498,-6.75,-0.809373934860811));
#6548=CARTESIAN_POINT('Ctrl Pts',(-0.117561511435137,-6.75,-0.817829292729821));
#6549=CARTESIAN_POINT('Ctrl Pts',(-0.172347655686091,-6.75000000000014,
-0.823091467037402));
#6550=CARTESIAN_POINT('Ctrl Pts',(-0.321011475248673,-6.75000000000014,
-0.839239623981077));
#6551=CARTESIAN_POINT('Ctrl Pts',(-0.414666631970763,-6.74999999999694,
-0.851442147370726));
#6552=CARTESIAN_POINT('Ctrl Pts',(-0.851753381084229,-6.74999999999694,
-0.917641402293211));
#6553=CARTESIAN_POINT('Ctrl Pts',(-1.18934492852195,-6.75,-0.995605099758856));
#6554=CARTESIAN_POINT('Ctrl Pts',(-1.80559487774712,-6.75,-1.18003090692563));
#6555=CARTESIAN_POINT('Ctrl Pts',(-2.08428066490581,-6.75,-1.28016005716891));
#6556=CARTESIAN_POINT('Ctrl Pts',(-2.35796522451346,-6.75,-1.39215058009872));
#6557=CARTESIAN_POINT('Ctrl Pts',(2.35796522452429,-6.74999999999488,-1.05784941004443));
#6558=CARTESIAN_POINT('Ctrl Pts',(0.845622360634317,-7.27830398230788,-1.16928313339537));
#6559=CARTESIAN_POINT('Ctrl Pts',(-0.84562236061975,-7.27830398230955,-1.28071685674631));
#6560=CARTESIAN_POINT('Ctrl Pts',(-2.35796522451079,-6.7499999999996,-1.39215058009724));
#6561=CARTESIAN_POINT('Ctrl Pts',(6.79407508067771,-1.94068917269368,-0.49443921706346));
#6562=CARTESIAN_POINT('Ctrl Pts',(6.75665782360782,-2.07168163528008,-0.504028499674062));
#6563=CARTESIAN_POINT('Ctrl Pts',(6.7154511377091,-2.20159164249844,-0.513617782284664));
#6564=CARTESIAN_POINT('Ctrl Pts',(6.67052391901825,-2.33020198967854,-0.523207064895266));
#6565=CARTESIAN_POINT('Ctrl Pts',(6.82105779187418,-1.94839663174397,-0.523670388797944));
#6566=CARTESIAN_POINT('Ctrl Pts',(6.78349193193645,-2.07990933170557,-0.533259671408546));
#6567=CARTESIAN_POINT('Ctrl Pts',(6.74212159342988,-2.21033527732094,-0.542848954019148));
#6568=CARTESIAN_POINT('Ctrl Pts',(6.69701594601216,-2.33945640129018,-0.552438236629749));
#6569=CARTESIAN_POINT('Ctrl Pts',(6.84804050307066,-1.95610409079426,-0.552901560532428));
#6570=CARTESIAN_POINT('Ctrl Pts',(6.81032604026509,-2.08813702813106,-0.562490843143029));
#6571=CARTESIAN_POINT('Ctrl Pts',(6.76879204915065,-2.21907891214344,-0.572080125753631));
#6572=CARTESIAN_POINT('Ctrl Pts',(6.72350797300608,-2.34871081290181,-0.581669408364233));
#6573=CARTESIAN_POINT('Ctrl Pts',(6.87502321426713,-1.96381154984455,-0.582132732266911));
#6574=CARTESIAN_POINT('Ctrl Pts',(6.83716014859372,-2.09636472455655,-0.591722014877513));
#6575=CARTESIAN_POINT('Ctrl Pts',(6.79546250487142,-2.22782254696594,-0.601311297488115));
#6576=CARTESIAN_POINT('Ctrl Pts',(6.75,-2.35796522451345,-0.610900580098717));
#6577=CARTESIAN_POINT('',(6.74999999999999,-2.08883476483187,-0.505319050194211));
#6578=CARTESIAN_POINT('',(6.74999999999996,-2.35796522451054,-0.61090058009745));
#6579=CARTESIAN_POINT('Ctrl Pts',(6.74999982622337,-2.08883470998031,-0.5053190501941));
#6580=CARTESIAN_POINT('Ctrl Pts',(6.75000027281638,-2.17906440036013,-0.539172538734909));
#6581=CARTESIAN_POINT('Ctrl Pts',(6.75,-2.26878129246242,-0.574406905769228));
#6582=CARTESIAN_POINT('Ctrl Pts',(6.75,-2.35796522451345,-0.610900580098717));
#6583=CARTESIAN_POINT('',(6.87502321397925,-1.96381155085136,-0.582132732338645));
#6584=CARTESIAN_POINT('Ctrl Pts',(6.87502321397864,-1.96381155085075,-0.582132732338645));
#6585=CARTESIAN_POINT('Ctrl Pts',(6.87461034531284,-1.96525694496733,-0.582237296357563));
#6586=CARTESIAN_POINT('Ctrl Pts',(6.87419701446453,-1.96670223117055,-0.582341861988855));
#6587=CARTESIAN_POINT('Ctrl Pts',(6.83620299301179,-2.09939689923833,-0.591943112341344));
#6588=CARTESIAN_POINT('Ctrl Pts',(6.79491647780187,-2.22938562460313,-0.601426469492802));
#6589=CARTESIAN_POINT('Ctrl Pts',(6.74999999999993,-2.35796522451054,-0.610900580097451));
#6590=CARTESIAN_POINT('Ctrl Pts',(6.87502321397916,-1.96381155085268,-0.582132732339841));
#6591=CARTESIAN_POINT('Ctrl Pts',(6.83352305313167,-2.00531171170017,-0.556007889428817));
#6592=CARTESIAN_POINT('Ctrl Pts',(6.79184768392551,-2.04698708090634,-0.53039053009054));
#6593=CARTESIAN_POINT('Ctrl Pts',(6.74999999999998,-2.08883476483187,-0.505319050194212));
#6594=CARTESIAN_POINT('Ctrl Pts',(-6.67052391951649,-2.3302019898526,-1.75140589539288));
#6595=CARTESIAN_POINT('Ctrl Pts',(-6.71545113809691,-2.20159164298863,-1.76099517797919));
#6596=CARTESIAN_POINT('Ctrl Pts',(-6.75665782390377,-2.07168163609289,-1.77058446056551));
#6597=CARTESIAN_POINT('Ctrl Pts',(-6.79407508090088,-1.94068917383396,-1.78017374315182));
#6598=CARTESIAN_POINT('Ctrl Pts',(-6.69701594634433,-2.33945640140622,-1.78063706694411));
#6599=CARTESIAN_POINT('Ctrl Pts',(-6.74212159365003,-2.21033527775761,-1.79022634953042));
#6600=CARTESIAN_POINT('Ctrl Pts',(-6.78349193206335,-2.07990933246941,-1.79981563211674));
#6601=CARTESIAN_POINT('Ctrl Pts',(-6.82105779192707,-1.94839663283988,-1.80940491470305));
#6602=CARTESIAN_POINT('Ctrl Pts',(-6.72350797317216,-2.34871081295984,-1.80986823849534));
#6603=CARTESIAN_POINT('Ctrl Pts',(-6.76879204920315,-2.21907891252659,-1.81945752108165));
#6604=CARTESIAN_POINT('Ctrl Pts',(-6.81032604022293,-2.08813702884593,-1.82904680366797));
#6605=CARTESIAN_POINT('Ctrl Pts',(-6.84804050295325,-1.9561040918458,-1.83863608625428));
#6606=CARTESIAN_POINT('Ctrl Pts',(-6.75,-2.35796522451345,-1.83909941004657));
#6607=CARTESIAN_POINT('Ctrl Pts',(-6.79546250475628,-2.22782254729557,-1.84868869263288));
#6608=CARTESIAN_POINT('Ctrl Pts',(-6.83716014838251,-2.09636472522245,-1.8582779752192));
#6609=CARTESIAN_POINT('Ctrl Pts',(-6.87502321397944,-1.96381155085173,-1.86786725780551));
#6610=CARTESIAN_POINT('',(-6.74999999999999,-2.35796522451037,-1.83909941004569));
#6611=CARTESIAN_POINT('Ctrl Pts',(-6.75,-2.35796522451345,-1.83909941004657));
#6612=CARTESIAN_POINT('Ctrl Pts',(-6.75,-2.26864577505908,-1.81428135932781));
#6613=CARTESIAN_POINT('Ctrl Pts',(-6.75000003067749,-2.17893779934005,-1.79098200111461));
#6614=CARTESIAN_POINT('Ctrl Pts',(-6.74999982622341,-2.08883470998033,-1.76929391070485));
#6615=CARTESIAN_POINT('Ctrl Pts',(-6.74999999999908,-2.35796522450999,-1.83909941004468));
#6616=CARTESIAN_POINT('Ctrl Pts',(-6.79546250475496,-2.22782254729306,-1.84868869263093));
#6617=CARTESIAN_POINT('Ctrl Pts',(-6.83716014838086,-2.09636472522091,-1.85827797521717));
#6618=CARTESIAN_POINT('Ctrl Pts',(-6.8750232139775,-1.96381155085117,-1.86786725780342));
#6619=CARTESIAN_POINT('Ctrl Pts',(-2.22600442880991,6.37224405948839,-2.20353537111841));
#6620=CARTESIAN_POINT('Ctrl Pts',(-0.798298083573643,6.87098212065912,-2.3149690944694));
#6621=CARTESIAN_POINT('Ctrl Pts',(0.79829808356214,6.87098212066045,-2.4264028178204));
#6622=CARTESIAN_POINT('Ctrl Pts',(2.22600442879924,6.37224405949212,-2.53783654117139));
#6623=CARTESIAN_POINT('Ctrl Pts',(-2.26999136071486,6.49816270632428,-2.34247338409418));
#6624=CARTESIAN_POINT('Ctrl Pts',(-0.814072842593679,7.00675607454255,-2.45390710744518));
#6625=CARTESIAN_POINT('Ctrl Pts',(0.814072842581949,7.00675607454392,-2.56534083079617));
#6626=CARTESIAN_POINT('Ctrl Pts',(2.26999136070398,6.49816270632808,-2.67677455414717));
#6627=CARTESIAN_POINT('Ctrl Pts',(-2.31397829261981,6.62408135316017,-2.48141139706996));
#6628=CARTESIAN_POINT('Ctrl Pts',(-0.829847601613712,7.14253002842599,-2.59284512042096));
#6629=CARTESIAN_POINT('Ctrl Pts',(0.829847601601752,7.14253002842738,-2.70427884377195));
#6630=CARTESIAN_POINT('Ctrl Pts',(2.31397829260871,6.62408135316404,-2.81571256712294));
#6631=CARTESIAN_POINT('Ctrl Pts',(-2.35796522452476,6.74999999999605,-2.62034941004574));
#6632=CARTESIAN_POINT('Ctrl Pts',(-0.845622360633747,7.27830398230943,-2.73178313339673));
#6633=CARTESIAN_POINT('Ctrl Pts',(0.845622360621561,7.27830398231084,-2.84321685674773));
#6634=CARTESIAN_POINT('Ctrl Pts',(2.35796522451345,6.75,-2.95465058009872));
#6635=CARTESIAN_POINT('',(-2.35796522452523,6.7499999999974,-2.6203494100446));
#6636=CARTESIAN_POINT('',(2.35796522451177,6.74999999999975,-2.95465058009755));
#6637=CARTESIAN_POINT('Ctrl Pts',(-2.35796522451345,6.75,-2.62034941004657));
#6638=CARTESIAN_POINT('Ctrl Pts',(-1.98539458712938,6.75,-2.51682798183129));
#6639=CARTESIAN_POINT('Ctrl Pts',(-1.60773111370596,6.75,-2.44018781364555));
#6640=CARTESIAN_POINT('Ctrl Pts',(-1.0036504135535,6.75,-2.37106682001986));
#6641=CARTESIAN_POINT('Ctrl Pts',(-0.783591063519495,6.75,-2.35680022201556));
#6642=CARTESIAN_POINT('Ctrl Pts',(-0.457392617272912,6.75,-2.35245349821203));
#6643=CARTESIAN_POINT('Ctrl Pts',(-0.352392943763505,6.74999999999895,-2.35361319522752));
#6644=CARTESIAN_POINT('Ctrl Pts',(-0.190597508305397,6.74999999999895,-2.35934624376263));
#6645=CARTESIAN_POINT('Ctrl Pts',(-0.133859508663577,6.75,-2.36210536685566));
#6646=CARTESIAN_POINT('Ctrl Pts',(-0.0304951898380383,6.75,-2.36848997191806));
#6647=CARTESIAN_POINT('Ctrl Pts',(0.0161206511893805,6.75,-2.3718739348492));
#6648=CARTESIAN_POINT('Ctrl Pts',(0.11756151138886,6.75,-2.3803292927252));
#6649=CARTESIAN_POINT('Ctrl Pts',(0.172347655684088,6.75000000000014,-2.38559146703684));
#6650=CARTESIAN_POINT('Ctrl Pts',(0.321011475312564,6.75000000000014,-2.40173962398863));
#6651=CARTESIAN_POINT('Ctrl Pts',(0.414666632056307,6.74999999999694,-2.41394214738217));
#6652=CARTESIAN_POINT('Ctrl Pts',(0.851753380740353,6.74999999999694,-2.4801414022467));
#6653=CARTESIAN_POINT('Ctrl Pts',(1.18934492774452,6.75,-2.55810509958153));
#6654=CARTESIAN_POINT('Ctrl Pts',(1.80559487696211,6.75,-2.7425309066436));
#6655=CARTESIAN_POINT('Ctrl Pts',(2.08428066452025,6.75,-2.84266005701115));
#6656=CARTESIAN_POINT('Ctrl Pts',(2.35796522451345,6.75,-2.95465058009872));
#6657=CARTESIAN_POINT('Ctrl Pts',(-2.35796522452423,6.74999999999465,-2.62034941004418));
#6658=CARTESIAN_POINT('Ctrl Pts',(-0.845622360633959,7.27830398230776,-2.73178313339514));
#6659=CARTESIAN_POINT('Ctrl Pts',(0.845622360620473,7.27830398230932,-2.84321685674611));
#6660=CARTESIAN_POINT('Ctrl Pts',(2.35796522451172,6.74999999999902,-2.95465058009707));
#6661=CARTESIAN_POINT('Ctrl Pts',(-6.0798798124021,2.93183415927842,-1.81291037111851));
#6662=CARTESIAN_POINT('Ctrl Pts',(-5.42300003923205,4.29403606262713,-1.92434409446947));
#6663=CARTESIAN_POINT('Ctrl Pts',(-4.29403606263511,5.42300003922574,-2.03577781782043));
#6664=CARTESIAN_POINT('Ctrl Pts',(-2.93183415928735,6.07987981239779,-2.14721154117139));
#6665=CARTESIAN_POINT('Ctrl Pts',(-6.20002119929116,2.98976863050035,-1.95184838409428));
#6666=CARTESIAN_POINT('Ctrl Pts',(-5.53016116180618,4.37888830705199,-2.06328210744524));
#6667=CARTESIAN_POINT('Ctrl Pts',(-4.37888830706011,5.53016116179974,-2.17471583079621));
#6668=CARTESIAN_POINT('Ctrl Pts',(-2.98976863050946,6.20002119928677,-2.28614955414717));
#6669=CARTESIAN_POINT('Ctrl Pts',(-6.32016258618022,3.04770310172228,-2.09078639707006));
#6670=CARTESIAN_POINT('Ctrl Pts',(-5.6373222843803,4.46374055147684,-2.20222012042102));
#6671=CARTESIAN_POINT('Ctrl Pts',(-4.46374055148513,5.63732228437374,-2.31365384377198));
#6672=CARTESIAN_POINT('Ctrl Pts',(-3.04770310173157,6.32016258617574,-2.42508756712294));
#6673=CARTESIAN_POINT('Ctrl Pts',(-6.44030397306928,3.10563757294422,-2.22972441004584));
#6674=CARTESIAN_POINT('Ctrl Pts',(-5.74448340695442,4.54859279590169,-2.3411581333968));
#6675=CARTESIAN_POINT('Ctrl Pts',(-4.54859279591013,5.74448340694774,-2.45259185674776));
#6676=CARTESIAN_POINT('Ctrl Pts',(-3.10563757295369,6.44030397306472,-2.56402558009872));
#6677=CARTESIAN_POINT('',(-6.44030397307034,3.10563757294474,-2.22972441004471));
#6678=CARTESIAN_POINT('',(-3.10563757295495,6.44030397306316,-2.56402558009752));
#6679=CARTESIAN_POINT('Ctrl Pts',(-6.44030397306472,3.10563757295367,-2.22972441004657));
#6680=CARTESIAN_POINT('Ctrl Pts',(-6.17685674889938,3.36908479711902,-2.12620298183126));
#6681=CARTESIAN_POINT('Ctrl Pts',(-5.90980834583517,3.63613320018322,-2.04956281364552));
#6682=CARTESIAN_POINT('Ctrl Pts',(-5.48265878637345,4.06328275964494,-1.98044182001985));
#6683=CARTESIAN_POINT('Ctrl Pts',(-5.32705332770093,4.21888821831746,-1.96617522201555));
#6684=CARTESIAN_POINT('Ctrl Pts',(-5.09639619434744,4.44954535167095,-1.96182849821203));
#6685=CARTESIAN_POINT('Ctrl Pts',(-5.02215021318586,4.52379133283105,-1.96298819522752));
#6686=CARTESIAN_POINT('Ctrl Pts',(-4.90774356360843,4.63819798240847,-1.96872124376263));
#6687=CARTESIAN_POINT('Ctrl Pts',(-4.86762373931149,4.6783178067069,-1.97148036685566));
#6688=CARTESIAN_POINT('Ctrl Pts',(-4.79453412853726,4.75140741748114,-1.97786497191805));
#6689=CARTESIAN_POINT('Ctrl Pts',(-4.76157175123608,4.78436979478231,-1.98124893484919));
#6690=CARTESIAN_POINT('Ctrl Pts',(-4.68984223109954,4.85609931491885,-1.98970429272521));
#6691=CARTESIAN_POINT('Ctrl Pts',(-4.65110257695339,4.89483896906521,-1.99496646703685));
#6692=CARTESIAN_POINT('Ctrl Pts',(-4.54598138197709,4.99996016404151,-2.01111462398863));
#6693=CARTESIAN_POINT('Ctrl Pts',(-4.47975718554826,5.06618436046581,-2.02331714738217));
#6694=CARTESIAN_POINT('Ctrl Pts',(-4.17069018158695,5.37525136442711,-2.0895164022467));
#6695=CARTESIAN_POINT('Ctrl Pts',(-3.93197690943121,5.61396463658718,-2.16748009958153));
#6696=CARTESIAN_POINT('Ctrl Pts',(-3.49622239143358,6.04971915458481,-2.35190590664361));
#6697=CARTESIAN_POINT('Ctrl Pts',(-3.29916178123088,6.24677976478751,-2.45203505701118));
#6698=CARTESIAN_POINT('Ctrl Pts',(-3.10563757295368,6.44030397306471,-2.56402558009872));
#6699=CARTESIAN_POINT('Ctrl Pts',(-6.44030397306808,3.10563757294367,-2.22972441004446));
#6700=CARTESIAN_POINT('Ctrl Pts',(-5.74448340695359,4.54859279590037,-2.34115813339538));
#6701=CARTESIAN_POINT('Ctrl Pts',(-4.5485927959101,5.74448340694587,-2.45259185674631));
#6702=CARTESIAN_POINT('Ctrl Pts',(-3.10563757295458,6.44030397306281,-2.56402558009723));
#6703=CARTESIAN_POINT('Ctrl Pts',(-6.79407507460151,1.9406891935734,-2.05693921848192));
#6704=CARTESIAN_POINT('Ctrl Pts',(-6.75665781911992,2.07168164907288,-2.0665285005823));
#6705=CARTESIAN_POINT('Ctrl Pts',(-6.71545113521626,2.2015916493079,-2.07611778268268));
#6706=CARTESIAN_POINT('Ctrl Pts',(-6.67052391891655,2.33020198964303,-2.08570706478306));
#6707=CARTESIAN_POINT('Ctrl Pts',(-6.82105778580879,1.94839665271659,-2.0861703902538));
#6708=CARTESIAN_POINT('Ctrl Pts',(-6.78349192746548,2.0799093455638,-2.09575967235418));
#6709=CARTESIAN_POINT('Ctrl Pts',(-6.74212159096167,2.21033528416877,-2.10534895445457));
#6710=CARTESIAN_POINT('Ctrl Pts',(-6.69701594594437,2.3394564012665,-2.11493823655495));
#6711=CARTESIAN_POINT('Ctrl Pts',(-6.84804049701607,1.95610411185978,-2.11540156202569));
#6712=CARTESIAN_POINT('Ctrl Pts',(-6.81032603581103,2.08813704205472,-2.12499084412607));
#6713=CARTESIAN_POINT('Ctrl Pts',(-6.76879204670708,2.21907891902964,-2.13458012622645));
#6714=CARTESIAN_POINT('Ctrl Pts',(-6.72350797297218,2.34871081288998,-2.14416940832683));
#6715=CARTESIAN_POINT('Ctrl Pts',(-6.87502320822334,1.96381157100298,-2.14463273379758));
#6716=CARTESIAN_POINT('Ctrl Pts',(-6.83716014415659,2.09636473854564,-2.15422201589796));
#6717=CARTESIAN_POINT('Ctrl Pts',(-6.79546250245248,2.2278225538905,-2.16381129799834));
#6718=CARTESIAN_POINT('Ctrl Pts',(-6.75,2.35796522451345,-2.17340058009872));
#6719=CARTESIAN_POINT('',(-6.7499999999999,2.35796522451092,-2.17340058009748));
#6720=CARTESIAN_POINT('Ctrl Pts',(-6.74999982622343,2.0888347099803,-2.06781905019411));
#6721=CARTESIAN_POINT('Ctrl Pts',(-6.75000027281639,2.17906440035964,-2.10167253873469));
#6722=CARTESIAN_POINT('Ctrl Pts',(-6.75,2.26878129246196,-2.13690690576904));
#6723=CARTESIAN_POINT('Ctrl Pts',(-6.75,2.35796522451345,-2.17340058009872));
#6724=CARTESIAN_POINT('Ctrl Pts',(-6.87502320462161,1.96381158360833,-2.14463273470841));
#6725=CARTESIAN_POINT('Ctrl Pts',(-6.8371601415122,2.09636474687893,-2.15422201650476));
#6726=CARTESIAN_POINT('Ctrl Pts',(-6.79546250101079,2.22782255801422,-2.16381129830112));
#6727=CARTESIAN_POINT('Ctrl Pts',(-6.74999999999975,2.357965224511,-2.17340058009747));
#6728=CARTESIAN_POINT('Ctrl Pts',(6.67052391236099,2.33020198735298,-3.31390588749754));
#6729=CARTESIAN_POINT('Ctrl Pts',(6.71545113089314,2.20159164062721,-3.32349517008384));
#6730=CARTESIAN_POINT('Ctrl Pts',(6.75665781665572,2.07168163387109,-3.33308445267014));
#6731=CARTESIAN_POINT('Ctrl Pts',(6.79407507361263,1.94068917175293,-3.34267373525643));
#6732=CARTESIAN_POINT('Ctrl Pts',(6.697015941574,2.3394563997398,-3.34313706168055));
#6733=CARTESIAN_POINT('Ctrl Pts',(6.74212158884749,2.21033527618341,-3.35272634426685));
#6734=CARTESIAN_POINT('Ctrl Pts',(6.78349192723126,2.07990933098838,-3.36231562685314));
#6735=CARTESIAN_POINT('Ctrl Pts',(6.82105778706816,1.94839663145279,-3.37190490943944));
#6736=CARTESIAN_POINT('Ctrl Pts',(6.723507970787,2.34871081212663,-3.37236823586356));
#6737=CARTESIAN_POINT('Ctrl Pts',(6.76879204680184,2.21907891173961,-3.38195751844986));
#6738=CARTESIAN_POINT('Ctrl Pts',(6.8103260378068,2.08813702810567,-3.39154680103615));
#6739=CARTESIAN_POINT('Ctrl Pts',(6.84804050052369,1.95610409115264,-3.40113608362245));
#6740=CARTESIAN_POINT('Ctrl Pts',(6.75,2.35796522451345,-3.40159941004657));
#6741=CARTESIAN_POINT('Ctrl Pts',(6.79546250475619,2.22782254729581,-3.41118869263287));
#6742=CARTESIAN_POINT('Ctrl Pts',(6.83716014838235,2.09636472522296,-3.42077797521916));
#6743=CARTESIAN_POINT('Ctrl Pts',(6.87502321397922,1.9638115508525,-3.43036725780546));
#6744=CARTESIAN_POINT('',(6.74999999999997,2.35796522451048,-3.40159941004569));
#6745=CARTESIAN_POINT('',(6.75000001673802,2.08883473135581,-3.33179393665614));
#6746=CARTESIAN_POINT('Ctrl Pts',(6.75,2.35796522451345,-3.40159941004657));
#6747=CARTESIAN_POINT('Ctrl Pts',(6.75,2.26864578846596,-3.37678136305301));
#6748=CARTESIAN_POINT('Ctrl Pts',(6.75000004743134,2.1789377786618,-3.35348201268458));
#6749=CARTESIAN_POINT('Ctrl Pts',(6.74999985122697,2.08883467846264,-3.33179392852006));
#6750=CARTESIAN_POINT('',(6.87502321397853,1.96381155085265,-3.43036725780437));
#6751=CARTESIAN_POINT('Ctrl Pts',(6.74999985325947,2.08883468293934,-3.33179393166246));
#6752=CARTESIAN_POINT('Ctrl Pts',(6.79186903919729,2.04696437497399,-3.3642513310643));
#6753=CARTESIAN_POINT('Ctrl Pts',(6.83354734656404,2.00528741826781,-3.39712460386459));
#6754=CARTESIAN_POINT('Ctrl Pts',(6.87502321397916,1.96381155085269,-3.43036725780545));
#6755=CARTESIAN_POINT('Ctrl Pts',(6.74999999999943,2.35796522451027,-3.40159941004511));
#6756=CARTESIAN_POINT('Ctrl Pts',(6.79546250475525,2.22782254729353,-3.41118869263134));
#6757=CARTESIAN_POINT('Ctrl Pts',(6.83716014838109,2.0963647252216,-3.42077797521758));
#6758=CARTESIAN_POINT('Ctrl Pts',(6.87502321397769,1.96381155085206,-3.43036725780381));
#6759=CARTESIAN_POINT('Origin',(0.,0.,0.));
#6760=CARTESIAN_POINT('',(-6.44030397306319,-3.10563757295491,-2.40777557830241));
#6761=CARTESIAN_POINT('',(-6.4403039730625,-3.10563757295589,0.));
#6762=CARTESIAN_POINT('',(-3.10563757294687,-6.44030397306884,-2.07347440824978));
#6763=CARTESIAN_POINT('Ctrl Pts',(-6.44030397306022,-3.10563757295371,-2.40777557830552));
#6764=CARTESIAN_POINT('Ctrl Pts',(-5.74448340694385,-4.54859279590784,-2.29634185495466));
#6765=CARTESIAN_POINT('Ctrl Pts',(-4.54859279589969,-5.74448340695032,-2.1849081316038));
#6766=CARTESIAN_POINT('Ctrl Pts',(-3.10563757294457,-6.44030397306463,-2.07347440825294));
#6767=CARTESIAN_POINT('',(-3.10563757295588,-6.44030397306251,0.));
#6768=CARTESIAN_POINT('Origin',(0.,0.,0.));
#6769=CARTESIAN_POINT('',(-2.35796522451667,-6.74999999999889,-2.01715057830279));
#6770=CARTESIAN_POINT('',(-2.35796522451033,-6.75,0.));
#6771=CARTESIAN_POINT('',(2.35796522452187,-6.74999999999798,-1.68284940824973));
#6772=CARTESIAN_POINT('Ctrl Pts',(-2.35796522451601,-6.74999999999629,-2.01715057830448));
#6773=CARTESIAN_POINT('Ctrl Pts',(-0.845622360624644,-7.27830398230781,
-1.90571685495346));
#6774=CARTESIAN_POINT('Ctrl Pts',(0.845622360630434,-7.27830398230714,-1.79428313160244));
#6775=CARTESIAN_POINT('Ctrl Pts',(2.35796522452138,-6.74999999999442,-1.68284940825142));
#6776=CARTESIAN_POINT('',(2.35796522451033,-6.75,0.));
#6777=CARTESIAN_POINT('Origin',(0.,0.,0.));
#6778=CARTESIAN_POINT('',(6.74999999999983,-2.35796522451129,-1.23590057830239));
#6779=CARTESIAN_POINT('',(6.75,-2.35796522451032,0.));
#6780=CARTESIAN_POINT('',(6.8750232139777,-1.96381155085411,-1.20713273054378));
#6781=CARTESIAN_POINT('Ctrl Pts',(6.74999999999928,-2.35796522451111,-1.23590057830282));
#6782=CARTESIAN_POINT('Ctrl Pts',(6.795462504755,-2.22782254729471,-1.22631129571662));
#6783=CARTESIAN_POINT('Ctrl Pts',(6.83716014838076,-2.09636472522312,-1.21672201313041));
#6784=CARTESIAN_POINT('Ctrl Pts',(6.8750232139773,-1.96381155085393,-1.20713273054421));
#6785=CARTESIAN_POINT('',(6.87502321397766,-1.96381155085418,0.));
#6786=CARTESIAN_POINT('Origin',(0.,0.,0.));
#6787=CARTESIAN_POINT('',(-6.74999999999988,-2.35796522451096,-2.46409940825054));
#6788=CARTESIAN_POINT('',(-6.75,-2.35796522451032,0.));
#6789=CARTESIAN_POINT('Ctrl Pts',(-6.8750232139762,-1.96381155085348,-2.49286725601081));
#6790=CARTESIAN_POINT('Ctrl Pts',(-6.83716014837968,-2.0963647252226,-2.4832779734246));
#6791=CARTESIAN_POINT('Ctrl Pts',(-6.79546250475395,-2.2278225472941,-2.4736886908384));
#6792=CARTESIAN_POINT('Ctrl Pts',(-6.74999999999827,-2.35796522451044,-2.4640994082522));
#6793=CARTESIAN_POINT('Ctrl Pts',(6.67052391953495,2.33020198985905,-0.188905895413252));
#6794=CARTESIAN_POINT('Ctrl Pts',(6.71545113811557,2.20159164299452,-0.198495177999582));
#6795=CARTESIAN_POINT('Ctrl Pts',(6.7566578239226,2.07168163609821,-0.208084460585912));
#6796=CARTESIAN_POINT('Ctrl Pts',(6.79407508091987,1.94068917383871,-0.217673743172242));
#6797=CARTESIAN_POINT('Ctrl Pts',(6.69701594635664,2.33945640141052,-0.21813706695769));
#6798=CARTESIAN_POINT('Ctrl Pts',(6.7421215936625,2.21033527776147,-0.22772634954402));
#6799=CARTESIAN_POINT('Ctrl Pts',(6.78349193207595,2.07990933247282,-0.23731563213035));
#6800=CARTESIAN_POINT('Ctrl Pts',(6.82105779193978,1.94839663284284,-0.24690491471668));
#6801=CARTESIAN_POINT('Ctrl Pts',(6.72350797317832,2.34871081296199,-0.247368238502128));
#6802=CARTESIAN_POINT('Ctrl Pts',(6.76879204920942,2.21907891252841,-0.256957521088458));
#6803=CARTESIAN_POINT('Ctrl Pts',(6.81032604022929,2.08813702884743,-0.266546803674788));
#6804=CARTESIAN_POINT('Ctrl Pts',(6.8480405029597,1.95610409184697,-0.276136086261118));
#6805=CARTESIAN_POINT('Ctrl Pts',(6.75,2.35796522451346,-0.276599410046566));
#6806=CARTESIAN_POINT('Ctrl Pts',(6.79546250475635,2.22782254729536,-0.286188692632896));
#6807=CARTESIAN_POINT('Ctrl Pts',(6.83716014838264,2.09636472522204,-0.295777975219226));
#6808=CARTESIAN_POINT('Ctrl Pts',(6.87502321397962,1.9638115508511,-0.305367257805556));
#6809=CARTESIAN_POINT('',(6.75,2.35796522451033,-0.276599410045695));
#6810=CARTESIAN_POINT('',(6.75,2.08883476483185,-0.206793910704926));
#6811=CARTESIAN_POINT('Ctrl Pts',(6.75,2.35796522451346,-0.276599410046566));
#6812=CARTESIAN_POINT('Ctrl Pts',(6.75,2.26864577505907,-0.251781359327799));
#6813=CARTESIAN_POINT('Ctrl Pts',(6.75000003067749,2.17893779934005,-0.228482001114599));
#6814=CARTESIAN_POINT('Ctrl Pts',(6.74999982622341,2.08883470998034,-0.206793910704846));
#6815=CARTESIAN_POINT('',(6.87502321397921,1.96381155085143,-0.305367257804477));
#6816=CARTESIAN_POINT('Ctrl Pts',(6.74999982622007,2.08883470995811,-0.206793910696103));
#6817=CARTESIAN_POINT('Ctrl Pts',(6.79191390524517,2.04692079253977,-0.239286420673725));
#6818=CARTESIAN_POINT('Ctrl Pts',(6.83359232350555,2.0052424413263,-0.272160652607985));
#6819=CARTESIAN_POINT('Ctrl Pts',(6.87502321397916,1.96381155085268,-0.305367257805441));
#6820=CARTESIAN_POINT('Ctrl Pts',(6.74999999999882,2.35796522450982,-0.276599410044371));
#6821=CARTESIAN_POINT('Ctrl Pts',(6.79546250475477,2.2278225472927,-0.28618869263063));
#6822=CARTESIAN_POINT('Ctrl Pts',(6.83716014838071,2.09636472522038,-0.295777975216889));
#6823=CARTESIAN_POINT('Ctrl Pts',(6.87502321397739,1.96381155085046,-0.305367257803148));
#6824=CARTESIAN_POINT('Origin',(0.,0.,0.));
#6825=CARTESIAN_POINT('',(2.35796522451979,6.74999999999835,-3.57965057830302));
#6826=CARTESIAN_POINT('',(2.35796522451032,6.75,0.));
#6827=CARTESIAN_POINT('',(-2.35796522451884,6.74999999999851,-3.24534940824996));
#6828=CARTESIAN_POINT('Ctrl Pts',(2.35796522451933,6.74999999999565,-3.5796505783042));
#6829=CARTESIAN_POINT('Ctrl Pts',(0.845622360628156,7.27830398230789,-3.46821685495319));
#6830=CARTESIAN_POINT('Ctrl Pts',(-0.845622360626951,7.27830398230803,-3.35678313160217));
#6831=CARTESIAN_POINT('Ctrl Pts',(-2.35796522451821,6.74999999999604,-3.24534940825116));
#6832=CARTESIAN_POINT('',(-2.35796522451032,6.75,0.));
#6833=CARTESIAN_POINT('Origin',(0.,0.,0.));
#6834=CARTESIAN_POINT('',(-3.10563757294849,6.4403039730677,-3.18902557830298));
#6835=CARTESIAN_POINT('',(-3.10563757295589,6.4403039730625,0.));
#6836=CARTESIAN_POINT('',(-6.44030397306409,3.10563757295363,-2.85472440825039));
#6837=CARTESIAN_POINT('Ctrl Pts',(-3.10563757294692,6.44030397306541,-3.18902557830431));
#6838=CARTESIAN_POINT('Ctrl Pts',(-4.54859279590227,5.74448340695055,-3.07759185495344));
#6839=CARTESIAN_POINT('Ctrl Pts',(-5.74448340694645,4.54859279590745,-2.96615813160258));
#6840=CARTESIAN_POINT('Ctrl Pts',(-6.44030397306261,3.10563757295273,-2.85472440825172));
#6841=CARTESIAN_POINT('',(-6.4403039730625,3.10563757295589,0.));
#6842=CARTESIAN_POINT('Origin',(0.,0.,0.));
#6843=CARTESIAN_POINT('',(-6.74999999999986,2.3579652245111,-2.79840057830238));
#6844=CARTESIAN_POINT('',(-6.75,2.35796522451032,0.));
#6845=CARTESIAN_POINT('Ctrl Pts',(-6.74999999999966,2.35796522451104,-2.79840057830246));
#6846=CARTESIAN_POINT('Ctrl Pts',(-6.79546250475539,2.22782254729459,-2.78881129571625));
#6847=CARTESIAN_POINT('Ctrl Pts',(-6.83716014838117,2.09636472522294,-2.77922201313004));
#6848=CARTESIAN_POINT('Ctrl Pts',(-6.87502321397771,1.9638115508537,-2.76963273054383));
#6849=CARTESIAN_POINT('Origin',(0.,0.,0.));
#6850=CARTESIAN_POINT('',(6.74999999999987,2.35796522451106,-4.02659940825053));
#6851=CARTESIAN_POINT('',(6.75,2.35796522451032,0.));
#6852=CARTESIAN_POINT('',(6.87502321397779,1.96381155085396,-4.05536725600915));
#6853=CARTESIAN_POINT('',(6.87502321397766,1.96381155085419,0.));
#6854=CARTESIAN_POINT('Ctrl Pts',(6.87502321397667,1.96381155085366,-4.05536725601028));
#6855=CARTESIAN_POINT('Ctrl Pts',(6.83716014838014,2.09636472522281,-4.04577797342408));
#6856=CARTESIAN_POINT('Ctrl Pts',(6.7954625047544,2.22782254729435,-4.03618869083787));
#6857=CARTESIAN_POINT('Ctrl Pts',(6.74999999999871,2.35796522451071,-4.02659940825167));
#6858=CARTESIAN_POINT('Ctrl Pts',(-2.35796520000112,6.7500000085627,-0.120349410055579));
#6859=CARTESIAN_POINT('Ctrl Pts',(-0.845622342365076,7.27830398252601,-0.231783132804266));
#6860=CARTESIAN_POINT('Ctrl Pts',(0.845622368796524,7.2783039794551,-0.343216855552952));
#6861=CARTESIAN_POINT('Ctrl Pts',(2.35796522451401,6.74999999999966,-0.454650578301639));
#6862=CARTESIAN_POINT('Ctrl Pts',(-2.31397511377311,6.62407233057338,-0.259297388296489));
#6863=CARTESIAN_POINT('Ctrl Pts',(-0.82984645230658,7.14252029081383,-0.370731111045176));
#6864=CARTESIAN_POINT('Ctrl Pts',(0.829846478244923,7.14252028780021,-0.482164833793863));
#6865=CARTESIAN_POINT('Ctrl Pts',(2.31397513782869,6.62407232217009,-0.59359855654255));
#6866=CARTESIAN_POINT('Ctrl Pts',(-2.2699850275451,6.49814465258406,-0.3982453665374));
#6867=CARTESIAN_POINT('Ctrl Pts',(-0.814070562248088,7.00673659910164,-0.509679089286087));
#6868=CARTESIAN_POINT('Ctrl Pts',(0.81407058769333,7.00673659614532,-0.621112812034774));
#6869=CARTESIAN_POINT('Ctrl Pts',(2.26998505114336,6.49814464434052,-0.732546534783461));
#6870=CARTESIAN_POINT('Ctrl Pts',(-2.22599494131708,6.37221697459474,-0.537193344778311));
#6871=CARTESIAN_POINT('Ctrl Pts',(-0.798294672189592,6.87095290738946,-0.648627067526998));
#6872=CARTESIAN_POINT('Ctrl Pts',(0.798294697141729,6.87095290449042,-0.760060790275685));
#6873=CARTESIAN_POINT('Ctrl Pts',(2.22599496445804,6.37221696651095,-0.871494513024372));
#6874=CARTESIAN_POINT('Ctrl Pts',(2.35796522451303,6.75,-0.454650578301567));
#6875=CARTESIAN_POINT('Ctrl Pts',(2.23958001380573,6.75,-0.487544759748065));
#6876=CARTESIAN_POINT('Ctrl Pts',(2.1206104416901,6.74990964543095,-0.517734649139179));
#6877=CARTESIAN_POINT('Ctrl Pts',(2.00105821418014,6.74975044356216,-0.545028821000728));
#6878=CARTESIAN_POINT('Ctrl Pts',(1.88163032422808,6.74959140726763,-0.572294606183545));
#6879=CARTESIAN_POINT('Ctrl Pts',(1.76162117410378,6.74936432901657,-0.596670693954105));
#6880=CARTESIAN_POINT('Ctrl Pts',(1.64098271214906,6.74910533376296,-0.61796625548032));
#6881=CARTESIAN_POINT('Ctrl Pts',(1.5429342646167,6.74889483636334,-0.635274141482374));
#6882=CARTESIAN_POINT('Ctrl Pts',(1.44446920927396,6.74866370237235,-0.650547166368503));
#6883=CARTESIAN_POINT('Ctrl Pts',(1.34553646386073,6.74843371244865,-0.663682880889012));
#6884=CARTESIAN_POINT('Ctrl Pts',(1.20941197190561,6.74811726250693,-0.681756699199653));
#6885=CARTESIAN_POINT('Ctrl Pts',(1.07309982189324,6.74779888903384,-0.695697448363519));
#6886=CARTESIAN_POINT('Ctrl Pts',(0.936456863644252,6.74751527530951,-0.705380770000819));
#6887=CARTESIAN_POINT('Ctrl Pts',(0.829090921658249,6.74729242844594,-0.712989350512137));
#6888=CARTESIAN_POINT('Ctrl Pts',(0.72151958217151,6.74709131333297,-0.717969444044464));
#6889=CARTESIAN_POINT('Ctrl Pts',(0.613651050528647,6.74692674838889,-0.720260723434498));
#6890=CARTESIAN_POINT('Ctrl Pts',(0.498718819742613,6.74675140701877,-0.72270204573341));
#6891=CARTESIAN_POINT('Ctrl Pts',(0.38386197264176,6.74661782147524,-0.722082541277432));
#6892=CARTESIAN_POINT('Ctrl Pts',(0.268966745785815,6.74653577555737,-0.71839548821712));
#6893=CARTESIAN_POINT('Ctrl Pts',(0.208890369672571,6.74649287541647,-0.716467603199943));
#6894=CARTESIAN_POINT('Ctrl Pts',(0.148860760312808,6.74646399010593,-0.713702879660472));
#6895=CARTESIAN_POINT('Ctrl Pts',(0.0888616930898393,6.74644964224484,-0.710105163111667));
#6896=CARTESIAN_POINT('Ctrl Pts',(0.0400806589114703,6.74643797700512,-0.707180112072471));
#6897=CARTESIAN_POINT('Ctrl Pts',(-0.00865712246884948,6.74643591631108,
-0.703705820820229));
#6898=CARTESIAN_POINT('Ctrl Pts',(-0.0573601336759489,6.74644344140049,
-0.699685937370571));
#6899=CARTESIAN_POINT('Ctrl Pts',(-0.113174322176009,6.74645206523603,-0.695079106559773));
#6900=CARTESIAN_POINT('Ctrl Pts',(-0.168914810339297,6.74647328178176,-0.689758040424642));
#6901=CARTESIAN_POINT('Ctrl Pts',(-0.22459379449385,6.74650663574055,-0.683730451713746));
#6902=CARTESIAN_POINT('Ctrl Pts',(-0.320207308991758,6.74656391209482,-0.673379707185131));
#6903=CARTESIAN_POINT('Ctrl Pts',(-0.415528243545034,6.74665709098775,-0.660957545764842));
#6904=CARTESIAN_POINT('Ctrl Pts',(-0.510612243430861,6.74678089926288,-0.646518458967651));
#6905=CARTESIAN_POINT('Ctrl Pts',(-0.637475425981489,6.74694608701086,-0.627253508961173));
#6906=CARTESIAN_POINT('Ctrl Pts',(-0.7634948786466,6.74717094674473,-0.604456825007746));
#6907=CARTESIAN_POINT('Ctrl Pts',(-0.888782445033028,6.74742514394467,-0.578341223246785));
#6908=CARTESIAN_POINT('Ctrl Pts',(-1.01231489866033,6.74767578017873,-0.552591466455001));
#6909=CARTESIAN_POINT('Ctrl Pts',(-1.13513582663208,6.74795418733726,-0.523615127821127));
#6910=CARTESIAN_POINT('Ctrl Pts',(-1.25730216306084,6.74823394907545,-0.491616204374345));
#6911=CARTESIAN_POINT('Ctrl Pts',(-1.33427303956252,6.74841021290418,-0.471455288881513));
#6912=CARTESIAN_POINT('Ctrl Pts',(-1.41098305735426,6.74858710580243,-0.450094519786964));
#6913=CARTESIAN_POINT('Ctrl Pts',(-1.48743609406848,6.74876059479674,-0.42758491803452));
#6914=CARTESIAN_POINT('Ctrl Pts',(-1.60279317226058,6.74902236573929,-0.393621036401722));
#6915=CARTESIAN_POINT('Ctrl Pts',(-1.71735407489512,6.74927693243161,-0.357103186202829));
#6916=CARTESIAN_POINT('Ctrl Pts',(-1.8311348482932,6.74948302128314,-0.318263179502022));
#6917=CARTESIAN_POINT('Ctrl Pts',(-1.94496479333596,6.74968919919828,-0.279406387654197));
#6918=CARTESIAN_POINT('Ctrl Pts',(-2.05801373068616,6.74984626778385,-0.238225431778512));
#6919=CARTESIAN_POINT('Ctrl Pts',(-2.17024835701877,6.74992954027028,-0.194952424609647));
#6920=CARTESIAN_POINT('Ctrl Pts',(-2.23308078356975,6.74997615879219,-0.170726852400584));
#6921=CARTESIAN_POINT('Ctrl Pts',(-2.29565712681272,6.75,-0.145845608757557));
#6922=CARTESIAN_POINT('Ctrl Pts',(-2.35796519700992,6.75,-0.120349419503626));
#6923=CARTESIAN_POINT('Ctrl Pts',(3.10563757294342,6.44030397306951,-0.510974408248658));
#6924=CARTESIAN_POINT('Ctrl Pts',(4.54859279590107,5.74448340695477,-0.622408131599628));
#6925=CARTESIAN_POINT('Ctrl Pts',(5.74448340694732,4.54859279591048,-0.733841854950598));
#6926=CARTESIAN_POINT('Ctrl Pts',(6.44030397306442,3.10563757295397,-0.845275578301568));
#6927=CARTESIAN_POINT('Ctrl Pts',(3.04769894661142,6.32015396953688,-0.649922386489568));
#6928=CARTESIAN_POINT('Ctrl Pts',(4.46373446580031,5.63731459869279,-0.761356109840538));
#6929=CARTESIAN_POINT('Ctrl Pts',(5.63731459868549,4.46373446580954,-0.872789833191509));
#6930=CARTESIAN_POINT('Ctrl Pts',(6.32015396953189,3.04769894662177,-0.984223556542479));
#6931=CARTESIAN_POINT('Ctrl Pts',(2.98976032027941,6.20000396600426,-0.788870364730479));
#6932=CARTESIAN_POINT('Ctrl Pts',(4.37887613569955,5.53014579043082,-0.900304088081449));
#6933=CARTESIAN_POINT('Ctrl Pts',(5.53014579042365,4.3788761357086,-1.01173781143242));
#6934=CARTESIAN_POINT('Ctrl Pts',(6.20000396599936,2.98976032028956,-1.12317153478339));
#6935=CARTESIAN_POINT('Ctrl Pts',(2.93182169394741,6.07985396247163,-0.92781834297139));
#6936=CARTESIAN_POINT('Ctrl Pts',(4.29401780559878,5.42297698216884,-1.03925206632236));
#6937=CARTESIAN_POINT('Ctrl Pts',(5.42297698216181,4.29401780560766,-1.15068578967333));
#6938=CARTESIAN_POINT('Ctrl Pts',(6.07985396246683,2.93182169395736,-1.2621195130243));
#6939=CARTESIAN_POINT('',(6.44030397306262,3.10563757295573,-0.845275578302337));
#6940=CARTESIAN_POINT('',(3.10563757294472,6.44030397307035,-0.510974408249592));
#6941=CARTESIAN_POINT('Ctrl Pts',(6.44030397306442,3.10563757295397,-0.845275578301568));
#6942=CARTESIAN_POINT('Ctrl Pts',(6.35659298779974,3.18934855821865,-0.878169759740741));
#6943=CARTESIAN_POINT('Ctrl Pts',(6.27240490629157,3.27340885906842,-0.908359649125734));
#6944=CARTESIAN_POINT('Ctrl Pts',(6.18775614281008,3.35783247710523,-0.935653820982497));
#6945=CARTESIAN_POINT('Ctrl Pts',(6.10319541632096,3.442168292307,-0.962919606165899));
#6946=CARTESIAN_POINT('Ctrl Pts',(6.01817556389297,3.52686700758863,-0.987295693937235));
#6947=CARTESIAN_POINT('Ctrl Pts',(5.93268815207285,3.61198814480351,-1.00859125546443));
#6948=CARTESIAN_POINT('Ctrl Pts',(5.86320858577617,3.68117002281865,-1.02589914147305));
#6949=CARTESIAN_POINT('Ctrl Pts',(5.79341984099747,3.75063189476772,-1.04117216636452));
#6950=CARTESIAN_POINT('Ctrl Pts',(5.72330119837576,3.82042528251481,-1.05430788088906));
#6951=CARTESIAN_POINT('Ctrl Pts',(5.62682288312434,3.91645606995966,-1.07238169919994));
#6952=CARTESIAN_POINT('Ctrl Pts',(5.53021051344564,4.01261819154676,-1.08632244836393));
#6953=CARTESIAN_POINT('Ctrl Pts',(5.43338880587347,4.10903880873513,-1.09600577000124));
#6954=CARTESIAN_POINT('Ctrl Pts',(5.35731204369659,4.18480041784866,-1.10361435051233));
#6955=CARTESIAN_POINT('Ctrl Pts',(5.28110541022222,4.26072263159591,-1.10859444404451));
#6956=CARTESIAN_POINT('Ctrl Pts',(5.20471447503127,4.33688083680437,-1.1108857234345));
#6957=CARTESIAN_POINT('Ctrl Pts',(5.12332113019051,4.41802621149433,-1.11332704573341));
#6958=CARTESIAN_POINT('Ctrl Pts',(5.04201061549183,4.49914780769669,-1.11270754127888));
#6959=CARTESIAN_POINT('Ctrl Pts',(4.96070940622805,4.58033298650417,-1.10902048821856));
#6960=CARTESIAN_POINT('Ctrl Pts',(4.91819865830711,4.62278306446062,-1.10709260320138));
#6961=CARTESIAN_POINT('Ctrl Pts',(4.87573088945726,4.66520998331104,-1.10432787966062));
#6962=CARTESIAN_POINT('Ctrl Pts',(4.83329499668776,4.70762558513773,-1.10073016311182));
#6963=CARTESIAN_POINT('Ctrl Pts',(4.79879334805568,4.7421107366271,-1.09780511207262));
#6964=CARTESIAN_POINT('Ctrl Pts',(4.76432907520995,4.7765720952092,-1.09433082082023));
#6965=CARTESIAN_POINT('Ctrl Pts',(4.72989616676192,4.81101564573853,-1.09031093737057));
#6966=CARTESIAN_POINT('Ctrl Pts',(4.6904356735585,4.85048833488459,-1.08570410655977));
#6967=CARTESIAN_POINT('Ctrl Pts',(4.65103619875355,4.88991781441337,-1.08038304042504));
#6968=CARTESIAN_POINT('Ctrl Pts',(4.61168879629778,4.92931238648793,-1.07435545171415));
#6969=CARTESIAN_POINT('Ctrl Pts',(4.54412033232008,4.99696185145907,-1.06400470718553));
#6970=CARTESIAN_POINT('Ctrl Pts',(4.47678414053239,5.06442981809495,-1.05158254576743));
#6971=CARTESIAN_POINT('Ctrl Pts',(4.40963714510075,5.13175190486648,-1.03714345897022));
#6972=CARTESIAN_POINT('Ctrl Pts',(4.32004813384872,5.22157452686935,-1.01787850897165));
#6973=CARTESIAN_POINT('Ctrl Pts',(4.23109792418668,5.31084273621606,-0.995081825028685));
#6974=CARTESIAN_POINT('Ctrl Pts',(4.14268598099718,5.39961416853478,-0.968966223280752));
#6975=CARTESIAN_POINT('Ctrl Pts',(4.0555125719408,5.48714203075418,-0.943216466496806));
#6976=CARTESIAN_POINT('Ctrl Pts',(3.96886192451028,5.57418640536786,-0.91424012787201));
#6977=CARTESIAN_POINT('Ctrl Pts',(3.88267510103191,5.66076887169637,-0.882241204435681));
#6978=CARTESIAN_POINT('Ctrl Pts',(3.8283731095989,5.71532013783044,-0.862080288924726));
#6979=CARTESIAN_POINT('Ctrl Pts',(3.77425601794868,5.76968739382119,-0.840719519809658));
#6980=CARTESIAN_POINT('Ctrl Pts',(3.72031823243816,5.82387052982587,-0.818209918034522));
#6981=CARTESIAN_POINT('Ctrl Pts',(3.63893356015868,5.90562540213066,-0.78424603638325));
#6982=CARTESIAN_POINT('Ctrl Pts',(3.55810677484392,5.98681219912526,-0.747728186163105));
#6983=CARTESIAN_POINT('Ctrl Pts',(3.47779734519397,6.0674130824374,-0.708888179438645));
#6984=CARTESIAN_POINT('Ctrl Pts',(3.39745320889498,6.14804879835366,-0.670031387555976));
#6985=CARTESIAN_POINT('Ctrl Pts',(3.31762660289333,6.22809753289486,-0.628850431641706));
#6986=CARTESIAN_POINT('Ctrl Pts',(3.23832362001194,6.30751828087255,-0.585577424431088));
#6987=CARTESIAN_POINT('Ctrl Pts',(3.19392734297387,6.35198048647535,-0.561351848713892));
#6988=CARTESIAN_POINT('Ctrl Pts',(3.14969603823349,6.39624550778489,-0.536470601373107));
#6989=CARTESIAN_POINT('Ctrl Pts',(3.10563757295396,6.44030397306443,-0.510974408249471));
#6990=CARTESIAN_POINT('Ctrl Pts',(6.4403039730601,3.10563757295474,-0.845275578305096));
#6991=CARTESIAN_POINT('Ctrl Pts',(5.74448340694318,4.54859279590949,-0.733841854954186));
#6992=CARTESIAN_POINT('Ctrl Pts',(4.54859279589803,5.74448340695228,-0.622408131603275));
#6993=CARTESIAN_POINT('Ctrl Pts',(3.10563757294188,6.4403039730663,-0.510974408252365));
#6994=CARTESIAN_POINT('Ctrl Pts',(6.75,2.35796522451302,-0.901599408249473));
#6995=CARTESIAN_POINT('Ctrl Pts',(6.79546250475609,2.22782254729566,-0.911188690835749));
#6996=CARTESIAN_POINT('Ctrl Pts',(6.83716014838216,2.09636472522307,-0.920777973422025));
#6997=CARTESIAN_POINT('Ctrl Pts',(6.87502321397896,1.96381155085289,-0.930367256008301));
#6998=CARTESIAN_POINT('Ctrl Pts',(6.72350797297223,2.34871081288957,-0.930830580128895));
#6999=CARTESIAN_POINT('Ctrl Pts',(6.76879204900168,2.21907891246069,-0.940419862715171));
#7000=CARTESIAN_POINT('Ctrl Pts',(6.81032604002007,2.08813702878445,-0.950009145301447));
#7001=CARTESIAN_POINT('Ctrl Pts',(6.84804050274914,1.95610409178879,-0.959598427887723));
#7002=CARTESIAN_POINT('Ctrl Pts',(6.69701594594445,2.33945640126611,-0.960061752008317));
#7003=CARTESIAN_POINT('Ctrl Pts',(6.74212159324728,2.21033527762572,-0.969651034594593));
#7004=CARTESIAN_POINT('Ctrl Pts',(6.78349193165797,2.07990933234583,-0.979240317180869));
#7005=CARTESIAN_POINT('Ctrl Pts',(6.82105779151931,1.94839663272469,-0.988829599767145));
#7006=CARTESIAN_POINT('Ctrl Pts',(6.67052391891668,2.33020198964265,-0.989292923887739));
#7007=CARTESIAN_POINT('Ctrl Pts',(6.71545113749288,2.20159164279075,-0.998882206474015));
#7008=CARTESIAN_POINT('Ctrl Pts',(6.75665782329587,2.07168163590721,-1.00847148906029));
#7009=CARTESIAN_POINT('Ctrl Pts',(6.79407508028949,1.9406891736606,-1.01806077164657));
#7010=CARTESIAN_POINT('',(6.75,2.08883476483185,-1.00718093847654));
#7011=CARTESIAN_POINT('',(6.74999999999995,2.3579652245106,-0.901599408250563));
#7012=CARTESIAN_POINT('Ctrl Pts',(6.74999982622338,2.08883470998029,-1.00718093847666));
#7013=CARTESIAN_POINT('Ctrl Pts',(6.75000027281639,2.17906440036318,-0.973327449832443));
#7014=CARTESIAN_POINT('Ctrl Pts',(6.75000000000001,2.26878129246542,-0.938093082690312));
#7015=CARTESIAN_POINT('Ctrl Pts',(6.75,2.35796522451302,-0.901599408249473));
#7016=CARTESIAN_POINT('',(6.8750232139781,1.9638115508534,-0.930367256009192));
#7017=CARTESIAN_POINT('Ctrl Pts',(6.87502321397617,1.96381155085285,-0.930367256011052));
#7018=CARTESIAN_POINT('Ctrl Pts',(6.83716014837965,2.09636472522203,-0.920777973424845));
#7019=CARTESIAN_POINT('Ctrl Pts',(6.7954625047539,2.22782254729364,-0.911188690838637));
#7020=CARTESIAN_POINT('Ctrl Pts',(6.7499999999982,2.35796522451004,-0.90159940825243));
#7021=CARTESIAN_POINT('Ctrl Pts',(6.87502321397896,1.96381155085289,-0.930367256008302));
#7022=CARTESIAN_POINT('Ctrl Pts',(6.83352285230628,2.00531191252556,-0.956492225450444));
#7023=CARTESIAN_POINT('Ctrl Pts',(6.7918475018175,2.04698726301434,-0.982109567577616));
#7024=CARTESIAN_POINT('Ctrl Pts',(6.75,2.08883476483185,-1.00718093847654));
#7025=CARTESIAN_POINT('Ctrl Pts',(-6.09059930848976,3.74527703427088,0.219544261814554));
#7026=CARTESIAN_POINT('Ctrl Pts',(-5.37880816849905,4.9027974487415,0.125020981775847));
#7027=CARTESIAN_POINT('Ctrl Pts',(-4.32961947467372,5.85007652440756,0.0304977017371405));
#7028=CARTESIAN_POINT('Ctrl Pts',(-3.10563757295397,6.44030397306442,-0.0640255783015664));
#7029=CARTESIAN_POINT('Ctrl Pts',(-5.97697337848849,3.67540532467767,0.0805962835736438));
#7030=CARTESIAN_POINT('Ctrl Pts',(-5.27846138003241,4.81133109354316,-0.0139269964650631));
#7031=CARTESIAN_POINT('Ctrl Pts',(-4.2488463004024,5.74093777598623,-0.10845027650377));
#7032=CARTESIAN_POINT('Ctrl Pts',(-3.04769894662176,6.32015396953189,-0.202973556542477));
#7033=CARTESIAN_POINT('Ctrl Pts',(-5.86334744848723,3.60553361508446,-0.0583516946672667));
#7034=CARTESIAN_POINT('Ctrl Pts',(-5.17811459156577,4.71986473834483,-0.152874974705974));
#7035=CARTESIAN_POINT('Ctrl Pts',(-4.16807312613109,5.6317990275649,-0.247398254744681));
#7036=CARTESIAN_POINT('Ctrl Pts',(-2.98976032028956,6.20000396599936,-0.341921534783387));
#7037=CARTESIAN_POINT('Ctrl Pts',(-5.74972151848597,3.53566190549125,-0.197299672908177));
#7038=CARTESIAN_POINT('Ctrl Pts',(-5.07776780309913,4.62839838314649,-0.291822952946884));
#7039=CARTESIAN_POINT('Ctrl Pts',(-4.08729995185978,5.52266027914358,-0.386346232985591));
#7040=CARTESIAN_POINT('Ctrl Pts',(-2.93182169395736,6.07985396246683,-0.480869513024298));
#7041=CARTESIAN_POINT('',(-3.10563757295595,6.44030397306246,-0.0640255783023154));
#7042=CARTESIAN_POINT('Ctrl Pts',(-3.10563757295397,6.44030397306442,-0.0640255783015664));
#7043=CARTESIAN_POINT('Ctrl Pts',(-3.18951534765445,6.35642619836394,-0.0969852995494764));
#7044=CARTESIAN_POINT('Ctrl Pts',(-3.27376409336752,6.2720882417728,-0.127229941707604));
#7045=CARTESIAN_POINT('Ctrl Pts',(-3.35839452776922,6.18730341838688,-0.15456693280709));
#7046=CARTESIAN_POINT('Ctrl Pts',(-3.44282503093881,6.10271889096212,-0.181839342903877));
#7047=CARTESIAN_POINT('Ctrl Pts',(-3.52763576936932,6.017690199348,-0.206217823804481));
#7048=CARTESIAN_POINT('Ctrl Pts',(-3.61288226973409,5.93220490627718,-0.22751116511644));
#7049=CARTESIAN_POINT('Ctrl Pts',(-3.68189326680108,5.86300059543583,-0.244749112815618));
#7050=CARTESIAN_POINT('Ctrl Pts',(-3.75119079775671,5.79349669115758,-0.259965166879575));
#7051=CARTESIAN_POINT('Ctrl Pts',(-3.8208232841512,5.72367021252935,-0.273057880889013));
#7052=CARTESIAN_POINT('Ctrl Pts',(-3.91690027989251,5.62732555162224,-0.291122848740378));
#7053=CARTESIAN_POINT('Ctrl Pts',(-4.01311867535035,5.53085638657421,-0.305058794249391));
#7054=CARTESIAN_POINT('Ctrl Pts',(-4.10959733534899,5.43418002392316,-0.314741541635737));
#7055=CARTESIAN_POINT('Ctrl Pts',(-4.18548895803281,5.35813288524128,-0.3223581421482));
#7056=CARTESIAN_POINT('Ctrl Pts',(-4.26154261751567,5.28195689932381,-0.327343016089003));
#7057=CARTESIAN_POINT('Ctrl Pts',(-4.33782955017356,5.2055935529989,-0.329635723434497));
#7058=CARTESIAN_POINT('Ctrl Pts',(-4.41906145714993,5.12428027916617,-0.332077045733408));
#7059=CARTESIAN_POINT('Ctrl Pts',(-4.50026584355325,5.04304632282372,-0.331457541278873));
#7060=CARTESIAN_POINT('Ctrl Pts',(-4.58152470565406,4.96181317321311,-0.327770488218558));
#7061=CARTESIAN_POINT('Ctrl Pts',(-4.62401331110519,4.91933801229988,-0.32584260320138));
#7062=CARTESIAN_POINT('Ctrl Pts',(-4.66647622751222,4.87690346984337,-0.323077879660626));
#7063=CARTESIAN_POINT('Ctrl Pts',(-4.70892453337025,4.83449773322265,-0.319480163111819));
#7064=CARTESIAN_POINT('Ctrl Pts',(-4.74343627421415,4.80002060244048,-0.316555112072621));
#7065=CARTESIAN_POINT('Ctrl Pts',(-4.77792203225162,4.765578806135,-0.313080820820222));
#7066=CARTESIAN_POINT('Ctrl Pts',(-4.81238738922985,4.73116595831083,-0.309060937370569));
#7067=CARTESIAN_POINT('Ctrl Pts',(-4.85188506880716,4.69172845480377,-0.304454106559772));
#7068=CARTESIAN_POINT('Ctrl Pts',(-4.8913361202217,4.65234878476891,-0.299133040425045));
#7069=CARTESIAN_POINT('Ctrl Pts',(-4.93074825575056,4.61301745400035,-0.293105451714146));
#7070=CARTESIAN_POINT('Ctrl Pts',(-4.99842788117833,4.54547658877516,-0.282754707185533));
#7071=CARTESIAN_POINT('Ctrl Pts',(-5.06591414341485,4.47815694649954,-0.270332545767433));
#7072=CARTESIAN_POINT('Ctrl Pts',(-5.13323984919273,4.41101283868809,-0.255893458970212));
#7073=CARTESIAN_POINT('Ctrl Pts',(-5.22309139848199,4.32140364643679,-0.236623340609584));
#7074=CARTESIAN_POINT('Ctrl Pts',(-5.31236204047432,4.2324092116787,-0.213819593077397));
#7075=CARTESIAN_POINT('Ctrl Pts',(-5.40110384875686,4.14392371753517,-0.187695203840699));
#7076=CARTESIAN_POINT('Ctrl Pts',(-5.48847152921483,4.05680838230462,-0.161975339267682));
#7077=CARTESIAN_POINT('Ctrl Pts',(-5.5753260819629,3.97018582367255,-0.133036874143778));
#7078=CARTESIAN_POINT('Ctrl Pts',(-5.66168447984029,3.88399309195755,-0.101083054298872));
#7079=CARTESIAN_POINT('Ctrl Pts',(-5.71624425976503,3.82953797712137,-0.0808951696073569));
#7080=CARTESIAN_POINT('Ctrl Pts',(-5.77060536740374,3.77525521872577,-0.059503706265425));
#7081=CARTESIAN_POINT('Ctrl Pts',(-5.82476674372682,3.72113830805403,-0.0369599180345193));
#7082=CARTESIAN_POINT('Ctrl Pts',(-5.85360658575853,3.69232214308607,-0.0249558048543542));
#7083=CARTESIAN_POINT('Ctrl Pts',(-5.88237477040209,3.66356597412998,-0.0126322025590843));
#7084=CARTESIAN_POINT('Ctrl Pts',(-5.91106505947269,3.6348764865431,-2.20906626324791E-12));
#7085=CARTESIAN_POINT('Ctrl Pts',(-3.10563757295596,6.44030397306247,-0.0640255783023178));
#7086=CARTESIAN_POINT('Ctrl Pts',(-3.38199329913988,6.30703996404548,-0.0426837188682131));
#7087=CARTESIAN_POINT('Ctrl Pts',(-3.64943833202188,6.15557400325043,-0.0213418594341084));
#7088=CARTESIAN_POINT('Ctrl Pts',(-3.90610107364073,5.987595896903,-3.72475223644482E-15));
#7089=CARTESIAN_POINT('Origin',(0.,0.,0.));
#7090=CARTESIAN_POINT('',(6.4403039730625,3.10563757295589,0.));
#7091=CARTESIAN_POINT('',(3.10563757295588,6.44030397306251,0.));
#7092=CARTESIAN_POINT('Origin',(0.,0.,0.));
#7093=CARTESIAN_POINT('',(-3.10563757295589,6.4403039730625,0.));
#7094=CARTESIAN_POINT('Origin',(0.,0.,0.));
#7095=CARTESIAN_POINT('',(6.75,2.35796522451032,0.));
#7096=CARTESIAN_POINT('',(6.87502321397766,1.96381155085419,0.));
#7097=CARTESIAN_POINT('Ctrl Pts',(6.4403039730659,-3.10563757295091,-1.29222440824924));
#7098=CARTESIAN_POINT('Ctrl Pts',(5.74448340695022,-4.54859279590623,-1.40365813160009));
#7099=CARTESIAN_POINT('Ctrl Pts',(4.54859279590635,-5.74448340695012,-1.51509185495094));
#7100=CARTESIAN_POINT('Ctrl Pts',(3.10563757295104,-6.44030397306584,-1.62652557830179));
#7101=CARTESIAN_POINT('Ctrl Pts',(6.32016258617715,-3.04770310172897,-1.43116242173607));
#7102=CARTESIAN_POINT('Ctrl Pts',(5.6373222843764,-4.46374055148147,-1.54259614508693));
#7103=CARTESIAN_POINT('Ctrl Pts',(4.46374055148159,-5.6373222843763,-1.65402986843778));
#7104=CARTESIAN_POINT('Ctrl Pts',(3.0477031017291,-6.32016258617709,-1.76546359178863));
#7105=CARTESIAN_POINT('Ctrl Pts',(6.20002119928841,-2.98976863050703,-1.57010043522291));
#7106=CARTESIAN_POINT('Ctrl Pts',(5.53016116180257,-4.37888830705671,-1.68153415857376));
#7107=CARTESIAN_POINT('Ctrl Pts',(4.37888830705683,-5.53016116180248,-1.79296788192462));
#7108=CARTESIAN_POINT('Ctrl Pts',(2.98976863050716,-6.20002119928835,-1.90440160527547));
#7109=CARTESIAN_POINT('Ctrl Pts',(6.07987981239966,-2.93183415928509,-1.70903844870975));
#7110=CARTESIAN_POINT('Ctrl Pts',(5.42300003922875,-4.29403606263195,-1.8204721720606));
#7111=CARTESIAN_POINT('Ctrl Pts',(4.29403606263207,-5.42300003922866,-1.93190589541145));
#7112=CARTESIAN_POINT('Ctrl Pts',(2.93183415928522,-6.0798798123996,-2.04333961876231));
#7113=CARTESIAN_POINT('Ctrl Pts',(3.10563757295397,-6.44030397306442,-1.62652557830157));
#7114=CARTESIAN_POINT('Ctrl Pts',(3.36908479771447,-6.17685674830392,-1.73004700722178));
#7115=CARTESIAN_POINT('Ctrl Pts',(3.63613320142326,-5.90980834459513,-1.80668717591092));
#7116=CARTESIAN_POINT('Ctrl Pts',(4.06328276121262,-5.48265878480577,-1.87580816975334));
#7117=CARTESIAN_POINT('Ctrl Pts',(4.21888821951982,-5.32705332649857,-1.89007476776897));
#7118=CARTESIAN_POINT('Ctrl Pts',(4.44954535234838,-5.09639619367001,-1.89442149160683));
#7119=CARTESIAN_POINT('Ctrl Pts',(4.52379133335006,-5.02215021266684,-1.89326179460419));
#7120=CARTESIAN_POINT('Ctrl Pts',(4.63819798270718,-4.90774356330973,-1.88752874609005));
#7121=CARTESIAN_POINT('Ctrl Pts',(4.67831780694376,-4.86762373907463,-1.88476962300319));
#7122=CARTESIAN_POINT('Ctrl Pts',(4.75140741761839,-4.7945341284,-1.87838501795007));
#7123=CARTESIAN_POINT('Ctrl Pts',(4.78436979488152,-4.76157175113687,-1.87500105502181));
#7124=CARTESIAN_POINT('Ctrl Pts',(4.85609931495022,-4.68984223106817,-1.86654569714884));
#7125=CARTESIAN_POINT('Ctrl Pts',(4.89483896906676,-4.65110257695183,-1.86128352283653));
#7126=CARTESIAN_POINT('Ctrl Pts',(4.99996016399943,-4.54598138201917,-1.84513536587321));
#7127=CARTESIAN_POINT('Ctrl Pts',(5.06618436040923,-4.47975718560484,-1.83293284246372));
#7128=CARTESIAN_POINT('Ctrl Pts',(5.37525136468078,-4.17069018133328,-1.76673358741371));
#7129=CARTESIAN_POINT('Ctrl Pts',(5.61396463713398,-3.93197690888441,-1.68876988975216));
#7130=CARTESIAN_POINT('Ctrl Pts',(6.04971915513368,-3.49622239088471,-1.5043440820719));
#7131=CARTESIAN_POINT('Ctrl Pts',(6.24677976506868,-3.29916178094971,-1.40421493152015));
#7132=CARTESIAN_POINT('Ctrl Pts',(6.44030397306441,-3.10563757295398,-1.29222440824948));
#7133=CARTESIAN_POINT('Ctrl Pts',(2.35796522452221,-6.7499999999968,-1.6828494082488));
#7134=CARTESIAN_POINT('Ctrl Pts',(0.845622360630692,-7.27830398230972,-1.79428313159982));
#7135=CARTESIAN_POINT('Ctrl Pts',(-0.845622360625032,-7.27830398231037,
-1.90571685495084));
#7136=CARTESIAN_POINT('Ctrl Pts',(-2.35796522451696,-6.74999999999863,-2.01715057830186));
#7137=CARTESIAN_POINT('Ctrl Pts',(2.3139782926174,-6.62408135316116,-1.82178742173563));
#7138=CARTESIAN_POINT('Ctrl Pts',(0.829847601610749,-7.14253002842656,-1.93322114508665));
#7139=CARTESIAN_POINT('Ctrl Pts',(-0.829847601605191,-7.1425300284272,-2.04465486843768));
#7140=CARTESIAN_POINT('Ctrl Pts',(-2.31397829261225,-6.62408135316296,-2.1560885917887));
#7141=CARTESIAN_POINT('Ctrl Pts',(2.26999136071259,-6.49816270632552,-1.96072543522247));
#7142=CARTESIAN_POINT('Ctrl Pts',(0.814072842590801,-7.0067560745434,-2.07215915857349));
#7143=CARTESIAN_POINT('Ctrl Pts',(-0.814072842585357,-7.00675607454404,
-2.18359288192451));
#7144=CARTESIAN_POINT('Ctrl Pts',(-2.26999136070754,-6.49816270632728,-2.29502660527553));
#7145=CARTESIAN_POINT('Ctrl Pts',(2.22600442880778,-6.37224405948988,-2.09966344870931));
#7146=CARTESIAN_POINT('Ctrl Pts',(0.798298083570858,-6.87098212066024,-2.21109717206033));
#7147=CARTESIAN_POINT('Ctrl Pts',(-0.798298083565515,-6.87098212066086,
-2.32253089541135));
#7148=CARTESIAN_POINT('Ctrl Pts',(-2.22600442880282,-6.37224405949161,-2.43396461876237));
#7149=CARTESIAN_POINT('Ctrl Pts',(-2.35796522451303,-6.75,-2.01715057830157));
#7150=CARTESIAN_POINT('Ctrl Pts',(-1.98539458628738,-6.75,-2.12067200722173));
#7151=CARTESIAN_POINT('Ctrl Pts',(-1.60773111195245,-6.75,-2.19731217591085));
#7152=CARTESIAN_POINT('Ctrl Pts',(-1.00365041133678,-6.75,-2.2664331697533));
#7153=CARTESIAN_POINT('Ctrl Pts',(-0.783591061819323,-6.74999999999999,
-2.28069976776896));
#7154=CARTESIAN_POINT('Ctrl Pts',(-0.457392616314789,-6.74999999999999,
-2.28504649160684));
#7155=CARTESIAN_POINT('Ctrl Pts',(-0.35239294302948,-6.74999999999894,-2.28388679460419));
#7156=CARTESIAN_POINT('Ctrl Pts',(-0.190597507882894,-6.74999999999894,
-2.27815374609006));
#7157=CARTESIAN_POINT('Ctrl Pts',(-0.133859508328454,-6.75,-2.27539462300318));
#7158=CARTESIAN_POINT('Ctrl Pts',(-0.0304951896439268,-6.75,-2.26901001795007));
#7159=CARTESIAN_POINT('Ctrl Pts',(0.0161206513297111,-6.75,-2.26562605502181));
#7160=CARTESIAN_POINT('Ctrl Pts',(0.117561511433251,-6.75,-2.25717069714884));
#7161=CARTESIAN_POINT('Ctrl Pts',(0.172347655686351,-6.75000000000014,-2.25190852283654));
#7162=CARTESIAN_POINT('Ctrl Pts',(0.321011475252966,-6.75000000000014,-2.23576036587322));
#7163=CARTESIAN_POINT('Ctrl Pts',(0.414666631976108,-6.74999999999694,-2.22355784246375));
#7164=CARTESIAN_POINT('Ctrl Pts',(0.851753381099126,-6.74999999999694,-2.15735858741371));
#7165=CARTESIAN_POINT('Ctrl Pts',(1.18934492851788,-6.75,-2.07939488975214));
#7166=CARTESIAN_POINT('Ctrl Pts',(1.80559487773828,-6.75,-1.89496908207192));
#7167=CARTESIAN_POINT('Ctrl Pts',(2.08428066491778,-6.75,-1.79483993152022));
#7168=CARTESIAN_POINT('Ctrl Pts',(2.35796522451304,-6.75,-1.68284940824948));
#7169=CARTESIAN_POINT('Ctrl Pts',(-3.10563757294626,-6.44030397306814,-2.07347440824888));
#7170=CARTESIAN_POINT('Ctrl Pts',(-4.54859279590265,-5.74448340695322,-2.18490813159978));
#7171=CARTESIAN_POINT('Ctrl Pts',(-5.74448340694778,-4.54859279590953,-2.29634185495067));
#7172=CARTESIAN_POINT('Ctrl Pts',(-6.44030397306442,-3.10563757295397,-2.40777557830157));
#7173=CARTESIAN_POINT('Ctrl Pts',(-3.04770310172441,-6.32016258617935,-2.21241242173572));
#7174=CARTESIAN_POINT('Ctrl Pts',(-4.46374055147796,-5.63732228437935,-2.32384614508661));
#7175=CARTESIAN_POINT('Ctrl Pts',(-5.637322284374,-4.46374055148471,-2.43527986843751));
#7176=CARTESIAN_POINT('Ctrl Pts',(-6.32016258617571,-3.04770310173197,-2.54671359178841));
#7177=CARTESIAN_POINT('Ctrl Pts',(-2.98976863050256,-6.20002119929057,-2.35135043522255));
#7178=CARTESIAN_POINT('Ctrl Pts',(-4.37888830705327,-5.53016116180547,-2.46278415857345));
#7179=CARTESIAN_POINT('Ctrl Pts',(-5.53016116180023,-4.37888830705989,-2.57421788192435));
#7180=CARTESIAN_POINT('Ctrl Pts',(-6.20002119928699,-2.98976863050998,-2.68565160527524));
#7181=CARTESIAN_POINT('Ctrl Pts',(-2.93183415928071,-6.07987981240178,-2.49028844870939));
#7182=CARTESIAN_POINT('Ctrl Pts',(-4.29403606262858,-5.42300003923159,-2.60172217206029));
#7183=CARTESIAN_POINT('Ctrl Pts',(-5.42300003922645,-4.29403606263507,-2.71315589541118));
#7184=CARTESIAN_POINT('Ctrl Pts',(-6.07987981239827,-2.93183415928798,-2.82458961876208));
#7185=CARTESIAN_POINT('Ctrl Pts',(-6.44030397306443,-3.10563757295397,-2.40777557830157));
#7186=CARTESIAN_POINT('Ctrl Pts',(-6.17685674830395,-3.36908479771445,-2.51129700722177));
#7187=CARTESIAN_POINT('Ctrl Pts',(-5.90980834459515,-3.63613320142324,-2.58793717591091));
#7188=CARTESIAN_POINT('Ctrl Pts',(-5.48265878480575,-4.06328276121264,-2.65705816975335));
#7189=CARTESIAN_POINT('Ctrl Pts',(-5.32705332649857,-4.21888821951983,-2.67132476776897));
#7190=CARTESIAN_POINT('Ctrl Pts',(-5.09639619367005,-4.44954535234835,-2.67567149160683));
#7191=CARTESIAN_POINT('Ctrl Pts',(-5.02215021266686,-4.52379133335004,-2.67451179460419));
#7192=CARTESIAN_POINT('Ctrl Pts',(-4.90774356330972,-4.63819798270718,-2.66877874609005));
#7193=CARTESIAN_POINT('Ctrl Pts',(-4.86762373907463,-4.67831780694376,-2.66601962300319));
#7194=CARTESIAN_POINT('Ctrl Pts',(-4.79453412839996,-4.75140741761843,-2.65963501795006));
#7195=CARTESIAN_POINT('Ctrl Pts',(-4.76157175113679,-4.7843697948816,-2.65625105502181));
#7196=CARTESIAN_POINT('Ctrl Pts',(-4.68984223106814,-4.85609931495025,-2.64779569714883));
#7197=CARTESIAN_POINT('Ctrl Pts',(-4.65110257695178,-4.89483896906682,-2.64253352283652));
#7198=CARTESIAN_POINT('Ctrl Pts',(-4.54598138201924,-4.99996016399935,-2.62638536587322));
#7199=CARTESIAN_POINT('Ctrl Pts',(-4.47975718560501,-5.06618436040906,-2.61418284246376));
#7200=CARTESIAN_POINT('Ctrl Pts',(-4.17069018133325,-5.37525136468082,-2.5479835874137));
#7201=CARTESIAN_POINT('Ctrl Pts',(-3.93197690888435,-5.61396463713404,-2.47001988975213));
#7202=CARTESIAN_POINT('Ctrl Pts',(-3.49622239088474,-6.04971915513365,-2.28559408207191));
#7203=CARTESIAN_POINT('Ctrl Pts',(-3.29916178094978,-6.24677976506861,-2.18546493152019));
#7204=CARTESIAN_POINT('Ctrl Pts',(-3.10563757295397,-6.44030397306442,-2.07347440824948));
#7205=CARTESIAN_POINT('Ctrl Pts',(-6.75000000000001,-2.35796522451301,-2.46409940824948));
#7206=CARTESIAN_POINT('Ctrl Pts',(-6.79546250475609,-2.22782254729565,-2.47368869083575));
#7207=CARTESIAN_POINT('Ctrl Pts',(-6.83716014838216,-2.09636472522309,-2.48327797342203));
#7208=CARTESIAN_POINT('Ctrl Pts',(-6.87502321397895,-1.96381155085291,-2.4928672560083));
#7209=CARTESIAN_POINT('Ctrl Pts',(-6.72350797311677,-2.34871081294004,-2.49333057996942));
#7210=CARTESIAN_POINT('Ctrl Pts',(-6.7687920491472,-2.21907891250838,-2.50291986255569));
#7211=CARTESIAN_POINT('Ctrl Pts',(-6.81032604016646,-2.08813702882936,-2.51250914514197));
#7212=CARTESIAN_POINT('Ctrl Pts',(-6.84804050289634,-1.95610409183086,-2.52209842772825));
#7213=CARTESIAN_POINT('Ctrl Pts',(-6.69701594623353,-2.33945640136708,-2.52256175168936));
#7214=CARTESIAN_POINT('Ctrl Pts',(-6.7421215935383,-2.21033527772112,-2.53215103427564));
#7215=CARTESIAN_POINT('Ctrl Pts',(-6.78349193195077,-2.07990933243563,-2.54174031686191));
#7216=CARTESIAN_POINT('Ctrl Pts',(-6.82105779181374,-1.94839663280881,-2.55132959944819));
#7217=CARTESIAN_POINT('Ctrl Pts',(-6.67052391935029,-2.33020198979411,-2.5517929234093));
#7218=CARTESIAN_POINT('Ctrl Pts',(-6.71545113792941,-2.20159164293385,-2.56138220599558));
#7219=CARTESIAN_POINT('Ctrl Pts',(-6.75665782373507,-2.0716816360419,-2.57097148858185));
#7220=CARTESIAN_POINT('Ctrl Pts',(-6.79407508073113,-1.94068917378677,-2.58056077116813));
#7221=CARTESIAN_POINT('Ctrl Pts',(-6.74999982696746,-2.08883470904643,-2.56968093810208));
#7222=CARTESIAN_POINT('Ctrl Pts',(-6.75000027331586,-2.1790643997508,-2.53582744958978));
#7223=CARTESIAN_POINT('Ctrl Pts',(-6.75000000000001,-2.26878129286859,-2.50059308252534));
#7224=CARTESIAN_POINT('Ctrl Pts',(-6.75000000000001,-2.35796522451301,-2.46409940824948));
#7225=CARTESIAN_POINT('Ctrl Pts',(6.87502321397896,-1.96381155085287,-1.20713273054274));
#7226=CARTESIAN_POINT('Ctrl Pts',(6.83716014838217,-2.09636472522307,-1.21672201312901));
#7227=CARTESIAN_POINT('Ctrl Pts',(6.79546250475609,-2.22782254729564,-1.22631129571529));
#7228=CARTESIAN_POINT('Ctrl Pts',(6.75000000000001,-2.35796522451302,-1.23590057830157));
#7229=CARTESIAN_POINT('Ctrl Pts',(6.84804050295283,-1.95610409184696,-1.2363639022015));
#7230=CARTESIAN_POINT('Ctrl Pts',(6.81032604022263,-2.08813702884655,-1.24595318478778));
#7231=CARTESIAN_POINT('Ctrl Pts',(6.76879204920302,-2.21907891252668,-1.25554246737406));
#7232=CARTESIAN_POINT('Ctrl Pts',(6.72350797317221,-2.34871081295942,-1.26513174996033));
#7233=CARTESIAN_POINT('Ctrl Pts',(6.82105779192669,-1.94839663284104,-1.26559507386027));
#7234=CARTESIAN_POINT('Ctrl Pts',(6.78349193206309,-2.07990933247004,-1.27518435644654));
#7235=CARTESIAN_POINT('Ctrl Pts',(6.74212159364994,-2.21033527775771,-1.28477363903282));
#7236=CARTESIAN_POINT('Ctrl Pts',(6.69701594634442,-2.33945640140582,-1.2943629216191));
#7237=CARTESIAN_POINT('Ctrl Pts',(6.79407508090055,-1.94068917383513,-1.29482624551903));
#7238=CARTESIAN_POINT('Ctrl Pts',(6.75665782390356,-2.07168163609353,-1.30441552810531));
#7239=CARTESIAN_POINT('Ctrl Pts',(6.71545113809686,-2.20159164298875,-1.31400481069159));
#7240=CARTESIAN_POINT('Ctrl Pts',(6.67052391951662,-2.33020198985222,-1.32359409327786));
#7241=CARTESIAN_POINT('',(6.75,-2.08883476483184,-1.30570607796584));
#7242=CARTESIAN_POINT('Ctrl Pts',(6.75000000000001,-2.35796522451302,-1.23590057830157));
#7243=CARTESIAN_POINT('Ctrl Pts',(6.75,-2.26864577506198,-1.26071862913233));
#7244=CARTESIAN_POINT('Ctrl Pts',(6.7500000306775,-2.178937799343,-1.28401798745333));
#7245=CARTESIAN_POINT('Ctrl Pts',(6.74999982622341,-2.08883470998032,-1.30570607796592));
#7246=CARTESIAN_POINT('Ctrl Pts',(6.74999982619332,-2.08883470997839,-1.30570607799696));
#7247=CARTESIAN_POINT('Ctrl Pts',(6.79188688304992,-2.0469430968758,-1.27323565152587));
#7248=CARTESIAN_POINT('Ctrl Pts',(6.83356354339379,-2.00527122143804,-1.24036240293268));
#7249=CARTESIAN_POINT('Ctrl Pts',(6.87502321397896,-1.96381155085287,-1.20713273054274));
#7250=CARTESIAN_POINT('Ctrl Pts',(3.10563757294907,6.44030397306678,-3.6359744082491));
#7251=CARTESIAN_POINT('Ctrl Pts',(4.54859279590454,5.74448340695154,-3.74740813159995));
#7252=CARTESIAN_POINT('Ctrl Pts',(5.74448340694873,4.54859279590809,-3.85884185495079));
#7253=CARTESIAN_POINT('Ctrl Pts',(6.44030397306486,3.10563757295305,-3.97027557830164));
#7254=CARTESIAN_POINT('Ctrl Pts',(3.04770310172717,6.32016258617802,-3.77491242173593));
#7255=CARTESIAN_POINT('Ctrl Pts',(4.46374055147981,5.63732228437769,-3.88634614508678));
#7256=CARTESIAN_POINT('Ctrl Pts',(5.63732228437493,4.4637405514833,-3.99777986843763));
#7257=CARTESIAN_POINT('Ctrl Pts',(6.32016258617614,3.04770310173108,-4.10921359178848));
#7258=CARTESIAN_POINT('Ctrl Pts',(2.98976863050527,6.20002119928926,-3.91385043522277));
#7259=CARTESIAN_POINT('Ctrl Pts',(4.37888830705509,5.53016116180385,-4.02528415857362));
#7260=CARTESIAN_POINT('Ctrl Pts',(5.53016116180114,4.3788883070585,-4.13671788192447));
#7261=CARTESIAN_POINT('Ctrl Pts',(6.20002119928741,2.9897686305091,-4.24815160527532));
#7262=CARTESIAN_POINT('Ctrl Pts',(2.93183415928336,6.0798798124005,-4.05278844870961));
#7263=CARTESIAN_POINT('Ctrl Pts',(4.29403606263036,5.42300003923,-4.16422217206046));
#7264=CARTESIAN_POINT('Ctrl Pts',(5.42300003922735,4.29403606263371,-4.27565589541131));
#7265=CARTESIAN_POINT('Ctrl Pts',(6.07987981239869,2.93183415928712,-4.38708961876215));
#7266=CARTESIAN_POINT('Ctrl Pts',(6.44030397306442,3.10563757295397,-3.97027557830157));
#7267=CARTESIAN_POINT('Ctrl Pts',(6.17685674830382,3.36908479771457,-4.07379700722182));
#7268=CARTESIAN_POINT('Ctrl Pts',(5.909808344595,3.6361332014234,-4.15043717591095));
#7269=CARTESIAN_POINT('Ctrl Pts',(5.4826587848057,4.06328276121269,-4.21955816975334));
#7270=CARTESIAN_POINT('Ctrl Pts',(5.3270533264985,4.21888821951989,-4.23382476776897));
#7271=CARTESIAN_POINT('Ctrl Pts',(5.09639619366989,4.4495453523485,-4.23817149160684));
#7272=CARTESIAN_POINT('Ctrl Pts',(5.02215021266676,4.52379133335014,-4.23701179460418));
#7273=CARTESIAN_POINT('Ctrl Pts',(4.90774356330966,4.63819798270725,-4.23127874609005));
#7274=CARTESIAN_POINT('Ctrl Pts',(4.86762373907454,4.67831780694385,-4.22851962300318));
#7275=CARTESIAN_POINT('Ctrl Pts',(4.79453412839996,4.75140741761843,-4.22213501795006));
#7276=CARTESIAN_POINT('Ctrl Pts',(4.7615717511368,4.78436979488159,-4.21875105502181));
#7277=CARTESIAN_POINT('Ctrl Pts',(4.68984223106823,4.85609931495016,-4.21029569714884));
#7278=CARTESIAN_POINT('Ctrl Pts',(4.65110257695198,4.89483896906662,-4.20503352283656));
#7279=CARTESIAN_POINT('Ctrl Pts',(4.54598138201913,4.99996016399946,-4.18888536587321));
#7280=CARTESIAN_POINT('Ctrl Pts',(4.47975718560479,5.06618436040927,-4.17668284246371));
#7281=CARTESIAN_POINT('Ctrl Pts',(4.17069018133329,5.37525136468077,-4.11048358741371));
#7282=CARTESIAN_POINT('Ctrl Pts',(3.93197690888443,5.61396463713396,-4.03251988975217));
#7283=CARTESIAN_POINT('Ctrl Pts',(3.4962223908848,6.04971915513359,-3.84809408207194));
#7284=CARTESIAN_POINT('Ctrl Pts',(3.29916178094991,6.24677976506848,-3.74796493152027));
#7285=CARTESIAN_POINT('Ctrl Pts',(3.10563757295395,6.44030397306444,-3.63597440824947));
#7286=CARTESIAN_POINT('Ctrl Pts',(6.75,2.35796522451304,-4.02659940824948));
#7287=CARTESIAN_POINT('Ctrl Pts',(6.79546250475608,2.22782254729567,-4.03618869083575));
#7288=CARTESIAN_POINT('Ctrl Pts',(6.83716014838215,2.09636472522311,-4.04577797342203));
#7289=CARTESIAN_POINT('Ctrl Pts',(6.87502321397895,1.96381155085292,-4.0553672560083));
#7290=CARTESIAN_POINT('Ctrl Pts',(6.72350797297222,2.34871081288958,-4.0558305801289));
#7291=CARTESIAN_POINT('Ctrl Pts',(6.76879204900168,2.2190789124607,-4.06541986271517));
#7292=CARTESIAN_POINT('Ctrl Pts',(6.81032604002005,2.08813702878449,-4.07500914530145));
#7293=CARTESIAN_POINT('Ctrl Pts',(6.84804050274913,1.95610409178882,-4.08459842788773));
#7294=CARTESIAN_POINT('Ctrl Pts',(6.69701594594445,2.33945640126612,-4.08506175200832));
#7295=CARTESIAN_POINT('Ctrl Pts',(6.74212159324728,2.21033527762573,-4.0946510345946));
#7296=CARTESIAN_POINT('Ctrl Pts',(6.78349193165796,2.07990933234587,-4.10424031718087));
#7297=CARTESIAN_POINT('Ctrl Pts',(6.8210577915193,1.94839663272472,-4.11382959976715));
#7298=CARTESIAN_POINT('Ctrl Pts',(6.67052391891667,2.33020198964266,-4.11429292388774));
#7299=CARTESIAN_POINT('Ctrl Pts',(6.71545113749287,2.20159164279076,-4.12388220647402));
#7300=CARTESIAN_POINT('Ctrl Pts',(6.75665782329586,2.07168163590725,-4.1334714890603));
#7301=CARTESIAN_POINT('Ctrl Pts',(6.79407508028948,1.94068917366063,-4.14306077164657));
#7302=CARTESIAN_POINT('',(6.75,2.08883476483185,-4.13218093847655));
#7303=CARTESIAN_POINT('Ctrl Pts',(6.74999982622338,2.08883470998031,-4.13218093847666));
#7304=CARTESIAN_POINT('Ctrl Pts',(6.75000027281638,2.17906440036304,-4.09832744983251));
#7305=CARTESIAN_POINT('Ctrl Pts',(6.75,2.26878129246521,-4.06309308269041));
#7306=CARTESIAN_POINT('Ctrl Pts',(6.75,2.35796522451304,-4.02659940824948));
#7307=CARTESIAN_POINT('Ctrl Pts',(6.87502321397895,1.96381155085292,-4.0553672560083));
#7308=CARTESIAN_POINT('Ctrl Pts',(6.83352285230628,2.00531191252559,-4.08149222545044));
#7309=CARTESIAN_POINT('Ctrl Pts',(6.7918475018175,2.04698726301435,-4.10710956757763));
#7310=CARTESIAN_POINT('Ctrl Pts',(6.75,2.08883476483185,-4.13218093847655));
#7311=CARTESIAN_POINT('Ctrl Pts',(-6.87502321397897,1.96381155085285,-2.76963273054274));
#7312=CARTESIAN_POINT('Ctrl Pts',(-6.83716014838217,2.09636472522305,-2.77922201312902));
#7313=CARTESIAN_POINT('Ctrl Pts',(-6.79546250475609,2.22782254729564,-2.78881129571529));
#7314=CARTESIAN_POINT('Ctrl Pts',(-6.75000000000001,2.35796522451302,-2.79840057830157));
#7315=CARTESIAN_POINT('Ctrl Pts',(-6.84804050295283,1.95610409184693,-2.7988639022015));
#7316=CARTESIAN_POINT('Ctrl Pts',(-6.81032604022264,2.08813702884653,-2.80845318478778));
#7317=CARTESIAN_POINT('Ctrl Pts',(-6.76879204920302,2.21907891252667,-2.81804246737406));
#7318=CARTESIAN_POINT('Ctrl Pts',(-6.72350797317221,2.34871081295942,-2.82763174996034));
#7319=CARTESIAN_POINT('Ctrl Pts',(-6.82105779192669,1.94839663284102,-2.82809507386027));
#7320=CARTESIAN_POINT('Ctrl Pts',(-6.7834919320631,2.07990933247002,-2.83768435644655));
#7321=CARTESIAN_POINT('Ctrl Pts',(-6.74212159364994,2.21033527775771,-2.84727363903282));
#7322=CARTESIAN_POINT('Ctrl Pts',(-6.69701594634442,2.33945640140582,-2.8568629216191));
#7323=CARTESIAN_POINT('Ctrl Pts',(-6.79407508090055,1.9406891738351,-2.85732624551903));
#7324=CARTESIAN_POINT('Ctrl Pts',(-6.75665782390356,2.07168163609351,-2.86691552810531));
#7325=CARTESIAN_POINT('Ctrl Pts',(-6.71545113809687,2.20159164298874,-2.87650481069159));
#7326=CARTESIAN_POINT('Ctrl Pts',(-6.67052391951662,2.33020198985221,-2.88609409327787));
#7327=CARTESIAN_POINT('Ctrl Pts',(-6.75000000000001,2.35796522451302,-2.79840057830157));
#7328=CARTESIAN_POINT('Ctrl Pts',(-6.75,2.268645775062,-2.82321862913233));
#7329=CARTESIAN_POINT('Ctrl Pts',(-6.7500000306775,2.17893779934302,-2.84651798745333));
#7330=CARTESIAN_POINT('Ctrl Pts',(-6.74999982622341,2.08883470998033,-2.86820607796592));
#7331=CARTESIAN_POINT('Ctrl Pts',(-6.44030397306457,3.10563757295367,-2.85472440824945));
#7332=CARTESIAN_POINT('Ctrl Pts',(-5.74448340694818,4.54859279590886,-2.96615813160032));
#7333=CARTESIAN_POINT('Ctrl Pts',(-4.54859279590361,5.74448340695234,-3.07759185495118));
#7334=CARTESIAN_POINT('Ctrl Pts',(-3.10563757294779,6.4403039730674,-3.18902557830205));
#7335=CARTESIAN_POINT('Ctrl Pts',(-6.32016258617585,3.04770310173168,-2.99366242173629));
#7336=CARTESIAN_POINT('Ctrl Pts',(-5.6373222843744,4.46374055148405,-3.10509614508715));
#7337=CARTESIAN_POINT('Ctrl Pts',(-4.4637405514789,5.63732228437848,-3.21652986843802));
#7338=CARTESIAN_POINT('Ctrl Pts',(-3.04770310172591,6.32016258617863,-3.32796359178888));
#7339=CARTESIAN_POINT('Ctrl Pts',(-6.20002119928713,2.9897686305097,-3.13260043522312));
#7340=CARTESIAN_POINT('Ctrl Pts',(-5.53016116180062,4.37888830705925,-3.24403415857399));
#7341=CARTESIAN_POINT('Ctrl Pts',(-4.3788883070542,5.53016116180462,-3.35546788192485));
#7342=CARTESIAN_POINT('Ctrl Pts',(-2.98976863050403,6.20002119928986,-3.46690160527572));
#7343=CARTESIAN_POINT('Ctrl Pts',(-6.07987981239841,2.93183415928771,-3.27153844870996));
#7344=CARTESIAN_POINT('Ctrl Pts',(-5.42300003922684,4.29403606263444,-3.38297217206083));
#7345=CARTESIAN_POINT('Ctrl Pts',(-4.29403606262949,5.42300003923076,-3.49440589541169));
#7346=CARTESIAN_POINT('Ctrl Pts',(-2.93183415928215,6.07987981240109,-3.60583961876256));
#7347=CARTESIAN_POINT('Ctrl Pts',(-3.10563757295396,6.44030397306443,-3.18902557830157));
#7348=CARTESIAN_POINT('Ctrl Pts',(-3.36908479771447,6.17685674830392,-3.29254700722178));
#7349=CARTESIAN_POINT('Ctrl Pts',(-3.63613320142326,5.90980834459513,-3.36918717591092));
#7350=CARTESIAN_POINT('Ctrl Pts',(-4.06328276121268,5.48265878480571,-3.43830816975336));
#7351=CARTESIAN_POINT('Ctrl Pts',(-4.21888821951985,5.32705332649855,-3.45257476776897));
#7352=CARTESIAN_POINT('Ctrl Pts',(-4.44954535234834,5.09639619367005,-3.45692149160683));
#7353=CARTESIAN_POINT('Ctrl Pts',(-4.52379133335004,5.02215021266687,-3.45576179460419));
#7354=CARTESIAN_POINT('Ctrl Pts',(-4.63819798270724,4.90774356330966,-3.45002874609005));
#7355=CARTESIAN_POINT('Ctrl Pts',(-4.67831780694388,4.86762373907451,-3.44726962300318));
#7356=CARTESIAN_POINT('Ctrl Pts',(-4.75140741761843,4.79453412839996,-3.44088501795006));
#7357=CARTESIAN_POINT('Ctrl Pts',(-4.78436979488162,4.76157175113677,-3.4375010550218));
#7358=CARTESIAN_POINT('Ctrl Pts',(-4.85609931495014,4.68984223106825,-3.42904569714884));
#7359=CARTESIAN_POINT('Ctrl Pts',(-4.8948389690666,4.65110257695199,-3.42378352283656));
#7360=CARTESIAN_POINT('Ctrl Pts',(-4.99996016399942,4.54598138201918,-3.40763536587321));
#7361=CARTESIAN_POINT('Ctrl Pts',(-5.0661843604092,4.47975718560487,-3.39543284246373));
#7362=CARTESIAN_POINT('Ctrl Pts',(-5.37525136468081,4.17069018133326,-3.3292335874137));
#7363=CARTESIAN_POINT('Ctrl Pts',(-5.61396463713403,3.93197690888436,-3.25126988975213));
#7364=CARTESIAN_POINT('Ctrl Pts',(-6.04971915513359,3.49622239088481,-3.06684408207193));
#7365=CARTESIAN_POINT('Ctrl Pts',(-6.24677976506849,3.2991617809499,-2.96671493152026));
#7366=CARTESIAN_POINT('Ctrl Pts',(-6.44030397306443,3.10563757295396,-2.85472440824947));
#7367=CARTESIAN_POINT('Ctrl Pts',(-2.35796522451888,6.74999999999796,-3.24534940824904));
#7368=CARTESIAN_POINT('Ctrl Pts',(-0.845622360627171,7.27830398231011,-3.35678313160006));
#7369=CARTESIAN_POINT('Ctrl Pts',(0.84562236062844,7.27830398230996,-3.46821685495107));
#7370=CARTESIAN_POINT('Ctrl Pts',(2.35796522452005,6.74999999999755,-3.57965057830209));
#7371=CARTESIAN_POINT('Ctrl Pts',(-2.31397829261413,6.6240813531623,-3.38428742173588));
#7372=CARTESIAN_POINT('Ctrl Pts',(-0.829847601607291,7.14253002842694,-3.4957211450869));
#7373=CARTESIAN_POINT('Ctrl Pts',(0.829847601608535,7.1425300284268,-3.60715486843791));
#7374=CARTESIAN_POINT('Ctrl Pts',(2.31397829261528,6.6240813531619,-3.71858859178892));
#7375=CARTESIAN_POINT('Ctrl Pts',(-2.26999136070938,6.49816270632664,-3.52322543522272));
#7376=CARTESIAN_POINT('Ctrl Pts',(-0.814072842587414,7.00675607454378,-3.63465915857373));
#7377=CARTESIAN_POINT('Ctrl Pts',(0.814072842588638,7.00675607454364,-3.74609288192475));
#7378=CARTESIAN_POINT('Ctrl Pts',(2.26999136071052,6.49816270632624,-3.85752660527576));
#7379=CARTESIAN_POINT('Ctrl Pts',(-2.22600442880463,6.37224405949098,-3.66216344870955));
#7380=CARTESIAN_POINT('Ctrl Pts',(-0.798298083567534,6.87098212066062,-3.77359717206057));
#7381=CARTESIAN_POINT('Ctrl Pts',(0.798298083568733,6.87098212066048,-3.88503089541158));
#7382=CARTESIAN_POINT('Ctrl Pts',(2.22600442880575,6.37224405949059,-3.9964646187626));
#7383=CARTESIAN_POINT('Ctrl Pts',(2.357965224513,6.75,-3.57965057830158));
#7384=CARTESIAN_POINT('Ctrl Pts',(1.98539458628725,6.75,-3.68317200722176));
#7385=CARTESIAN_POINT('Ctrl Pts',(1.60773111195212,6.75,-3.75981217591092));
#7386=CARTESIAN_POINT('Ctrl Pts',(1.00365041133627,6.75,-3.82893316975334));
#7387=CARTESIAN_POINT('Ctrl Pts',(0.783591061818962,6.75,-3.84319976776897));
#7388=CARTESIAN_POINT('Ctrl Pts',(0.457392616314763,6.75,-3.84754649160684));
#7389=CARTESIAN_POINT('Ctrl Pts',(0.35239294302943,6.74999999999895,-3.84638679460419));
#7390=CARTESIAN_POINT('Ctrl Pts',(0.190597507882901,6.74999999999895,-3.84065374609005));
#7391=CARTESIAN_POINT('Ctrl Pts',(0.133859508328541,6.75,-3.83789462300319));
#7392=CARTESIAN_POINT('Ctrl Pts',(0.0304951896439161,6.75,-3.83151001795006));
#7393=CARTESIAN_POINT('Ctrl Pts',(-0.0161206513297076,6.75,-3.82812605502181));
#7394=CARTESIAN_POINT('Ctrl Pts',(-0.117561511433249,6.75,-3.81967069714884));
#7395=CARTESIAN_POINT('Ctrl Pts',(-0.172347655686309,6.75000000000014,-3.81440852283654));
#7396=CARTESIAN_POINT('Ctrl Pts',(-0.321011475252987,6.75000000000014,-3.79826036587322));
#7397=CARTESIAN_POINT('Ctrl Pts',(-0.414666631976098,6.74999999999694,-3.78605784246375));
#7398=CARTESIAN_POINT('Ctrl Pts',(-0.85175338109917,6.74999999999694,-3.7198585874137));
#7399=CARTESIAN_POINT('Ctrl Pts',(-1.18934492851795,6.75000000000001,-3.64189488975211));
#7400=CARTESIAN_POINT('Ctrl Pts',(-1.80559487773825,6.75000000000001,-3.45746908207192));
#7401=CARTESIAN_POINT('Ctrl Pts',(-2.08428066491776,6.75,-3.35733993152023));
#7402=CARTESIAN_POINT('Ctrl Pts',(-2.35796522451304,6.75,-3.24534940824948));
#7403=CARTESIAN_POINT('Ctrl Pts',(-2.93183415927846,-6.07987981240286,-4.15666037111922));
#7404=CARTESIAN_POINT('Ctrl Pts',(-4.29403606262744,-5.42300003923276,-4.26809409447019));
#7405=CARTESIAN_POINT('Ctrl Pts',(-5.42300003922627,-4.29403606263563,-4.37952781782116));
#7406=CARTESIAN_POINT('Ctrl Pts',(-6.07987981239843,-2.93183415928765,-4.49096154117213));
#7407=CARTESIAN_POINT('Ctrl Pts',(-2.98976863050029,-6.20002119929171,-4.29559838409476));
#7408=CARTESIAN_POINT('Ctrl Pts',(-4.37888830705214,-5.5301611618067,-4.40703210744572));
#7409=CARTESIAN_POINT('Ctrl Pts',(-5.53016116180008,-4.37888830706049,-4.51846583079669));
#7410=CARTESIAN_POINT('Ctrl Pts',(-6.20002119928719,-2.98976863050966,-4.62989955414766));
#7411=CARTESIAN_POINT('Ctrl Pts',(-3.04770310172211,-6.32016258618056,-4.43453639707029));
#7412=CARTESIAN_POINT('Ctrl Pts',(-4.46374055147683,-5.63732228438064,-4.54597012042126));
#7413=CARTESIAN_POINT('Ctrl Pts',(-5.63732228437389,-4.46374055148535,-4.65740384377222));
#7414=CARTESIAN_POINT('Ctrl Pts',(-6.32016258617596,-3.04770310173167,-4.76883756712319));
#7415=CARTESIAN_POINT('Ctrl Pts',(-3.10563757294394,-6.44030397306941,-4.57347441004582));
#7416=CARTESIAN_POINT('Ctrl Pts',(-4.54859279590153,-5.74448340695457,-4.68490813339679));
#7417=CARTESIAN_POINT('Ctrl Pts',(-5.7444834069477,-4.54859279591021,-4.79634185674776));
#7418=CARTESIAN_POINT('Ctrl Pts',(-6.44030397306472,-3.10563757295367,-4.90777558009872));
#7419=CARTESIAN_POINT('',(-3.10563757294448,-6.44030397307052,-4.57347441004469));
#7420=CARTESIAN_POINT('',(-6.44030397306261,-3.10563757295574,-4.90777558009745));
#7421=CARTESIAN_POINT('Ctrl Pts',(-3.10563757295366,-6.44030397306472,-4.57347441004657));
#7422=CARTESIAN_POINT('Ctrl Pts',(-3.3690847977489,-6.17685674826949,-4.46995298158375));
#7423=CARTESIAN_POINT('Ctrl Pts',(-3.63613320145449,-5.90980834456389,-4.39331281328129));
#7424=CARTESIAN_POINT('Ctrl Pts',(-4.06328276121743,-5.48265878480095,-4.324191819856));
#7425=CARTESIAN_POINT('Ctrl Pts',(-4.21888821952471,-5.32705332649367,-4.30992522195242));
#7426=CARTESIAN_POINT('Ctrl Pts',(-4.44954535234841,-5.09639619366997,-4.30557849821845));
#7427=CARTESIAN_POINT('Ctrl Pts',(-4.52379133335015,-5.02215021266676,-4.30673819524525));
#7428=CARTESIAN_POINT('Ctrl Pts',(-4.63819798270704,-4.90774356330987,-4.31247124378208));
#7429=CARTESIAN_POINT('Ctrl Pts',(-4.67831780694372,-4.86762373907467,-4.31523036687418));
#7430=CARTESIAN_POINT('Ctrl Pts',(-4.75140741761824,-4.79453412840015,-4.32161497193182));
#7431=CARTESIAN_POINT('Ctrl Pts',(-4.78436979488142,-4.76157175113697,-4.32499893486026));
#7432=CARTESIAN_POINT('Ctrl Pts',(-4.85609931494996,-4.68984223106843,-4.33345429272961));
#7433=CARTESIAN_POINT('Ctrl Pts',(-4.89483896906647,-4.65110257695213,-4.33871646703738));
#7434=CARTESIAN_POINT('Ctrl Pts',(-4.99996016399848,-4.54598138202012,-4.35486462398144));
#7435=CARTESIAN_POINT('Ctrl Pts',(-5.06618436040821,-4.47975718560585,-4.36706714737127));
#7436=CARTESIAN_POINT('Ctrl Pts',(-5.37525136465868,-4.17069018135538,-4.433266402291));
#7437=CARTESIAN_POINT('Ctrl Pts',(-5.61396463711072,-3.93197690890768,-4.51123009975043));
#7438=CARTESIAN_POINT('Ctrl Pts',(-6.04971915511337,-3.49622239090503,-4.69565590691218));
#7439=CARTESIAN_POINT('Ctrl Pts',(-6.24677976504703,-3.29916178097136,-4.79578505716136));
#7440=CARTESIAN_POINT('Ctrl Pts',(-6.44030397306472,-3.10563757295368,-4.90777558009872));
#7441=CARTESIAN_POINT('Ctrl Pts',(-3.1056375729429,-6.44030397306695,-4.57347441004304));
#7442=CARTESIAN_POINT('Ctrl Pts',(-4.54859279589912,-5.74448340695273,-4.68490813339395));
#7443=CARTESIAN_POINT('Ctrl Pts',(-5.74448340694429,-4.54859279590975,-4.79634185674485));
#7444=CARTESIAN_POINT('Ctrl Pts',(-6.44030397306119,-3.10563757295483,-4.90777558009576));
#7445=CARTESIAN_POINT('Ctrl Pts',(2.22600442881022,-6.37224405948902,-3.76603537111913));
#7446=CARTESIAN_POINT('Ctrl Pts',(0.798298083573591,-6.8709821206599,-3.87746909447015));
#7447=CARTESIAN_POINT('Ctrl Pts',(-0.798298083562671,-6.87098212066117,
-3.98890281782116));
#7448=CARTESIAN_POINT('Ctrl Pts',(-2.2260044288001,-6.37224405949256,-4.10033654117217));
#7449=CARTESIAN_POINT('Ctrl Pts',(2.2699913607151,-6.49816270632469,-3.90497338409467));
#7450=CARTESIAN_POINT('Ctrl Pts',(0.814072842593595,-7.0067560745431,-4.01640710744568));
#7451=CARTESIAN_POINT('Ctrl Pts',(-0.814072842582457,-7.00675607454439,
-4.12784083079669));
#7452=CARTESIAN_POINT('Ctrl Pts',(-2.26999136070477,-6.4981627063283,-4.23927455414771));
#7453=CARTESIAN_POINT('Ctrl Pts',(2.31397829261997,-6.62408135316035,-4.0439113970702));
#7454=CARTESIAN_POINT('Ctrl Pts',(0.829847601613599,-7.1425300284263,-4.15534512042121));
#7455=CARTESIAN_POINT('Ctrl Pts',(-0.829847601602249,-7.14253002842762,
-4.26677884377223));
#7456=CARTESIAN_POINT('Ctrl Pts',(-2.31397829260944,-6.62408135316403,-4.37821256712324));
#7457=CARTESIAN_POINT('Ctrl Pts',(2.35796522452485,-6.74999999999602,-4.18284941004573));
#7458=CARTESIAN_POINT('Ctrl Pts',(0.845622360633603,-7.2783039823095,-4.29428313339675));
#7459=CARTESIAN_POINT('Ctrl Pts',(-0.845622360622036,-7.27830398231084,
-4.40571685674776));
#7460=CARTESIAN_POINT('Ctrl Pts',(-2.35796522451412,-6.74999999999977,-4.51715058009877));
#7461=CARTESIAN_POINT('',(2.35796522452448,-6.74999999999753,-4.18284941004466));
#7462=CARTESIAN_POINT('',(-2.35796522451364,-6.74999999999942,-4.51715058009769));
#7463=CARTESIAN_POINT('Ctrl Pts',(2.35796522451347,-6.75,-4.18284941004657));
#7464=CARTESIAN_POINT('Ctrl Pts',(1.98539458623842,-6.75,-4.07932798158372));
#7465=CARTESIAN_POINT('Ctrl Pts',(1.60773111190789,-6.75,-4.00268781328128));
#7466=CARTESIAN_POINT('Ctrl Pts',(1.00365041132949,-6.75,-3.933566819856));
#7467=CARTESIAN_POINT('Ctrl Pts',(0.783591061812052,-6.74999999999999,-3.91930022195242));
#7468=CARTESIAN_POINT('Ctrl Pts',(0.457392616314647,-6.74999999999999,-3.91495349821845));
#7469=CARTESIAN_POINT('Ctrl Pts',(0.352392943029275,-6.74999999999895,-3.91611319524525));
#7470=CARTESIAN_POINT('Ctrl Pts',(0.190597507883204,-6.74999999999895,-3.92184624378208));
#7471=CARTESIAN_POINT('Ctrl Pts',(0.133859508328798,-6.75,-3.92460536687416));
#7472=CARTESIAN_POINT('Ctrl Pts',(0.030495189644155,-6.75,-3.93098997193182));
#7473=CARTESIAN_POINT('Ctrl Pts',(-0.0161206513294898,-6.75,-3.93437393486026));
#7474=CARTESIAN_POINT('Ctrl Pts',(-0.117561511432958,-6.75,-3.94282929272961));
#7475=CARTESIAN_POINT('Ctrl Pts',(-0.17234765568607,-6.75000000000014,-3.94809146703739));
#7476=CARTESIAN_POINT('Ctrl Pts',(-0.321011475251728,-6.75000000000014,
-3.96423962398144));
#7477=CARTESIAN_POINT('Ctrl Pts',(-0.414666631974879,-6.74999999999694,
-3.97644214737128));
#7478=CARTESIAN_POINT('Ctrl Pts',(-0.851753381067829,-6.74999999999694,
-4.042641402291));
#7479=CARTESIAN_POINT('Ctrl Pts',(-1.18934492848488,-6.75,-4.12060509975041));
#7480=CARTESIAN_POINT('Ctrl Pts',(-1.80559487770962,-6.75,-4.30503090691217));
#7481=CARTESIAN_POINT('Ctrl Pts',(-2.08428066488729,-6.75,-4.40516005716134));
#7482=CARTESIAN_POINT('Ctrl Pts',(-2.35796522451347,-6.75,-4.51715058009873));
#7483=CARTESIAN_POINT('Ctrl Pts',(2.35796522452445,-6.74999999999489,-4.18284941004448));
#7484=CARTESIAN_POINT('Ctrl Pts',(0.845622360633461,-7.27830398230827,-4.29428313339549));
#7485=CARTESIAN_POINT('Ctrl Pts',(-0.845622360621894,-7.27830398230962,
-4.40571685674651));
#7486=CARTESIAN_POINT('Ctrl Pts',(-2.35796522451372,-6.74999999999863,-4.51715058009752));
#7487=CARTESIAN_POINT('Ctrl Pts',(6.79407508028957,-1.94068917366034,-3.61943921702419));
#7488=CARTESIAN_POINT('Ctrl Pts',(6.75665782329589,-2.07168163590717,-3.62902849961048));
#7489=CARTESIAN_POINT('Ctrl Pts',(6.71545113749283,-2.20159164279092,-3.63861778219677));
#7490=CARTESIAN_POINT('Ctrl Pts',(6.67052391891655,-2.33020198964302,-3.64820706478306));
#7491=CARTESIAN_POINT('Ctrl Pts',(6.82105779151943,-1.94839663272445,-3.64867038879607));
#7492=CARTESIAN_POINT('Ctrl Pts',(6.78349193165803,-2.0799093323458,-3.65825967138236));
#7493=CARTESIAN_POINT('Ctrl Pts',(6.74212159324727,-2.21033527762591,-3.66784895396866));
#7494=CARTESIAN_POINT('Ctrl Pts',(6.69701594594437,-2.3394564012665,-3.67743823655495));
#7495=CARTESIAN_POINT('Ctrl Pts',(6.8480405027493,-1.95610409178856,-3.67790156056796));
#7496=CARTESIAN_POINT('Ctrl Pts',(6.81032604002017,-2.08813702878444,-3.68749084315425));
#7497=CARTESIAN_POINT('Ctrl Pts',(6.76879204900172,-2.21907891246089,-3.69708012574054));
#7498=CARTESIAN_POINT('Ctrl Pts',(6.72350797297219,-2.34871081288997,-3.70666940832684));
#7499=CARTESIAN_POINT('Ctrl Pts',(6.87502321397917,-1.96381155085267,-3.70713273233985));
#7500=CARTESIAN_POINT('Ctrl Pts',(6.83716014838231,-2.09636472522307,-3.71672201492614));
#7501=CARTESIAN_POINT('Ctrl Pts',(6.79546250475617,-2.22782254729587,-3.72631129751243));
#7502=CARTESIAN_POINT('Ctrl Pts',(6.75,-2.35796522451345,-3.73590058009872));
#7503=CARTESIAN_POINT('',(6.75,-2.08883476483185,-3.63031905019423));
#7504=CARTESIAN_POINT('',(6.74999999999985,-2.35796522451118,-3.7359005800975));
#7505=CARTESIAN_POINT('Ctrl Pts',(6.74999982622339,-2.08883470998029,-3.63031905019411));
#7506=CARTESIAN_POINT('Ctrl Pts',(6.75000027281639,-2.1790644003601,-3.66417253873491));
#7507=CARTESIAN_POINT('Ctrl Pts',(6.75000000000001,-2.26878129246239,-3.69940690576922));
#7508=CARTESIAN_POINT('Ctrl Pts',(6.75,-2.35796522451345,-3.73590058009872));
#7509=CARTESIAN_POINT('',(6.87502321397766,-1.96381155085418,-3.7071327323389));
#7510=CARTESIAN_POINT('Ctrl Pts',(6.87502321397747,-1.96381155085412,-3.7071327323387));
#7511=CARTESIAN_POINT('Ctrl Pts',(6.83716014838095,-2.09636472522326,-3.7167220149249));
#7512=CARTESIAN_POINT('Ctrl Pts',(6.7954625047552,-2.22782254729482,-3.7263112975111));
#7513=CARTESIAN_POINT('Ctrl Pts',(6.7499999999995,-2.35796522451117,-3.73590058009731));
#7514=CARTESIAN_POINT('Ctrl Pts',(6.87502321397917,-1.96381155085268,-3.70713273233985));
#7515=CARTESIAN_POINT('Ctrl Pts',(6.83352285230488,-2.00531191252697,-3.68100776300598));
#7516=CARTESIAN_POINT('Ctrl Pts',(6.79184750181606,-2.04698726301578,-3.65539042098646));
#7517=CARTESIAN_POINT('Ctrl Pts',(6.75,-2.08883476483184,-3.63031905019423));
#7518=CARTESIAN_POINT('Ctrl Pts',(-6.67052391951648,-2.33020198985261,-4.87640589539288));
#7519=CARTESIAN_POINT('Ctrl Pts',(-6.7154511380968,-2.20159164298895,-4.88599517797917));
#7520=CARTESIAN_POINT('Ctrl Pts',(-6.75665782390357,-2.0716816360935,-4.89558446056546));
#7521=CARTESIAN_POINT('Ctrl Pts',(-6.79407508090061,-1.94068917383489,-4.90517374315176));
#7522=CARTESIAN_POINT('Ctrl Pts',(-6.69701594634432,-2.33945640140623,-4.90563706694411));
#7523=CARTESIAN_POINT('Ctrl Pts',(-6.74212159364992,-2.21033527775793,-4.9152263495304));
#7524=CARTESIAN_POINT('Ctrl Pts',(-6.78349193206315,-2.07990933247003,-4.9248156321167));
#7525=CARTESIAN_POINT('Ctrl Pts',(-6.8210577919268,-1.94839663284082,-4.93440491470299));
#7526=CARTESIAN_POINT('Ctrl Pts',(-6.72350797317216,-2.34871081295985,-4.93486823849534));
#7527=CARTESIAN_POINT('Ctrl Pts',(-6.76879204920304,-2.21907891252691,-4.94445752108163));
#7528=CARTESIAN_POINT('Ctrl Pts',(-6.81032604022273,-2.08813702884655,-4.95404680366793));
#7529=CARTESIAN_POINT('Ctrl Pts',(-6.84804050295298,-1.95610409184675,-4.96363608625422));
#7530=CARTESIAN_POINT('Ctrl Pts',(-6.75,-2.35796522451347,-4.96409941004657));
#7531=CARTESIAN_POINT('Ctrl Pts',(-6.79546250475616,-2.22782254729589,-4.97368869263286));
#7532=CARTESIAN_POINT('Ctrl Pts',(-6.83716014838231,-2.09636472522308,-4.98327797521916));
#7533=CARTESIAN_POINT('Ctrl Pts',(-6.87502321397917,-1.96381155085267,-4.99286725780545));
#7534=CARTESIAN_POINT('',(-6.74999999999994,-2.35796522451066,-4.96409941004568));
#7535=CARTESIAN_POINT('Ctrl Pts',(-6.75,-2.35796522451347,-4.96409941004657));
#7536=CARTESIAN_POINT('Ctrl Pts',(-6.75,-2.26864577505903,-4.9392813593278));
#7537=CARTESIAN_POINT('Ctrl Pts',(-6.7500000306775,-2.17893779934001,-4.9159820011146));
#7538=CARTESIAN_POINT('Ctrl Pts',(-6.74999982622341,-2.08883470998033,-4.89429391070486));
#7539=CARTESIAN_POINT('Ctrl Pts',(-6.74999999999972,-2.3579652245106,-4.9640994100455));
#7540=CARTESIAN_POINT('Ctrl Pts',(-6.79546250475548,-2.22782254729403,-4.97368869263171));
#7541=CARTESIAN_POINT('Ctrl Pts',(-6.83716014838128,-2.09636472522225,-4.98327797521793));
#7542=CARTESIAN_POINT('Ctrl Pts',(-6.87502321397785,-1.9638115508529,-4.99286725780415));
#7543=CARTESIAN_POINT('Ctrl Pts',(-2.22600442880754,6.37224405948996,-5.32853537111935));
#7544=CARTESIAN_POINT('Ctrl Pts',(-0.798298083570751,6.87098212066022,-5.43996909447036));
#7545=CARTESIAN_POINT('Ctrl Pts',(0.798298083565408,6.87098212066084,-5.55140281782136));
#7546=CARTESIAN_POINT('Ctrl Pts',(2.22600442880259,6.37224405949169,-5.66283654117237));
#7547=CARTESIAN_POINT('Ctrl Pts',(-2.26999136071236,6.49816270632565,-5.46747338409488));
#7548=CARTESIAN_POINT('Ctrl Pts',(-0.814072842590702,7.00675607454342,-5.57890710744589));
#7549=CARTESIAN_POINT('Ctrl Pts',(0.814072842585251,7.00675607454406,-5.6903408307969));
#7550=CARTESIAN_POINT('Ctrl Pts',(2.26999136070731,6.49816270632741,-5.8017745541479));
#7551=CARTESIAN_POINT('Ctrl Pts',(-2.31397829261718,6.62408135316133,-5.60641139707041));
#7552=CARTESIAN_POINT('Ctrl Pts',(-0.829847601610646,7.14253002842663,-5.71784512042142));
#7553=CARTESIAN_POINT('Ctrl Pts',(0.829847601605091,7.14253002842728,-5.82927884377243));
#7554=CARTESIAN_POINT('Ctrl Pts',(2.31397829261203,6.62408135316313,-5.94071256712344));
#7555=CARTESIAN_POINT('Ctrl Pts',(-2.35796522452201,6.74999999999701,-5.74534941004594));
#7556=CARTESIAN_POINT('Ctrl Pts',(-0.845622360630595,7.27830398230983,-5.85678313339695));
#7557=CARTESIAN_POINT('Ctrl Pts',(0.845622360624935,7.27830398231049,-5.96821685674796));
#7558=CARTESIAN_POINT('Ctrl Pts',(2.35796522451676,6.74999999999885,-6.07965058009897));
#7559=CARTESIAN_POINT('',(-2.35796522452232,6.74999999999791,-5.74534941004482));
#7560=CARTESIAN_POINT('',(2.35796522451632,6.74999999999895,-6.07965058009789));
#7561=CARTESIAN_POINT('Ctrl Pts',(-2.35796522451344,6.75,-5.74534941004657));
#7562=CARTESIAN_POINT('Ctrl Pts',(-1.98539458623866,6.75,-5.6418279815838));
#7563=CARTESIAN_POINT('Ctrl Pts',(-1.60773111190828,6.75,-5.56518781328136));
#7564=CARTESIAN_POINT('Ctrl Pts',(-1.00365041132989,6.75,-5.49606681985603));
#7565=CARTESIAN_POINT('Ctrl Pts',(-0.783591061812361,6.75,-5.48180022195243));
#7566=CARTESIAN_POINT('Ctrl Pts',(-0.457392616314909,6.75,-5.47745349821846));
#7567=CARTESIAN_POINT('Ctrl Pts',(-0.352392943029455,6.74999999999895,-5.47861319524525));
#7568=CARTESIAN_POINT('Ctrl Pts',(-0.190597507883215,6.74999999999895,-5.48434624378208));
#7569=CARTESIAN_POINT('Ctrl Pts',(-0.133859508328722,6.75,-5.48710536687417));
#7570=CARTESIAN_POINT('Ctrl Pts',(-0.0304951896442317,6.75,-5.49348997193182));
#7571=CARTESIAN_POINT('Ctrl Pts',(0.0161206513293968,6.75,-5.49687393486025));
#7572=CARTESIAN_POINT('Ctrl Pts',(0.117561511432938,6.75,-5.50532929272961));
#7573=CARTESIAN_POINT('Ctrl Pts',(0.172347655686055,6.75000000000014,-5.51059146703739));
#7574=CARTESIAN_POINT('Ctrl Pts',(0.321011475251678,6.75000000000014,-5.52673962398144));
#7575=CARTESIAN_POINT('Ctrl Pts',(0.414666631974813,6.74999999999694,-5.53894214737128));
#7576=CARTESIAN_POINT('Ctrl Pts',(0.851753381067838,6.74999999999694,-5.605141402291));
#7577=CARTESIAN_POINT('Ctrl Pts',(1.18934492848489,6.75000000000001,-5.68310509975042));
#7578=CARTESIAN_POINT('Ctrl Pts',(1.80559487770959,6.75000000000001,-5.86753090691217));
#7579=CARTESIAN_POINT('Ctrl Pts',(2.08428066488724,6.75,-5.96766005716132));
#7580=CARTESIAN_POINT('Ctrl Pts',(2.35796522451347,6.75,-6.07965058009873));
#7581=CARTESIAN_POINT('Ctrl Pts',(-2.35796522452072,6.74999999999388,-5.74534941004243));
#7582=CARTESIAN_POINT('Ctrl Pts',(-0.845622360630072,7.27830398230639,-5.85678313339344));
#7583=CARTESIAN_POINT('Ctrl Pts',(0.84562236062459,7.27830398230703,-5.96821685674444));
#7584=CARTESIAN_POINT('Ctrl Pts',(2.35796522451564,6.74999999999565,-6.07965058009544));
#7585=CARTESIAN_POINT('Ctrl Pts',(-6.0798798123998,2.9318341592848,-4.93791037111974));
#7586=CARTESIAN_POINT('Ctrl Pts',(-5.42300003922892,4.29403606263176,-5.0493440944706));
#7587=CARTESIAN_POINT('Ctrl Pts',(-4.29403606263222,5.42300003922856,-5.16077781782146));
#7588=CARTESIAN_POINT('Ctrl Pts',(-2.93183415928532,6.07987981239956,-5.27221154117232));
#7589=CARTESIAN_POINT('Ctrl Pts',(-6.20002119928859,2.98976863050675,-5.07684838409528));
#7590=CARTESIAN_POINT('Ctrl Pts',(-5.53016116180279,4.37888830705655,-5.18828210744613));
#7591=CARTESIAN_POINT('Ctrl Pts',(-4.37888830705701,5.53016116180242,-5.29971583079699));
#7592=CARTESIAN_POINT('Ctrl Pts',(-2.98976863050728,6.20002119928834,-5.41114955414785));
#7593=CARTESIAN_POINT('Ctrl Pts',(-6.32016258617738,3.0477031017287,-5.21578639707081));
#7594=CARTESIAN_POINT('Ctrl Pts',(-5.63732228437665,4.46374055148133,-5.32722012042167));
#7595=CARTESIAN_POINT('Ctrl Pts',(-4.46374055148181,5.63732228437627,-5.43865384377253));
#7596=CARTESIAN_POINT('Ctrl Pts',(-3.04770310172924,6.32016258617713,-5.55008756712338));
#7597=CARTESIAN_POINT('Ctrl Pts',(-6.44030397306617,3.10563757295066,-5.35472441004634));
#7598=CARTESIAN_POINT('Ctrl Pts',(-5.74448340695051,4.54859279590611,-5.4661581333972));
#7599=CARTESIAN_POINT('Ctrl Pts',(-4.5485927959066,5.74448340695012,-5.57759185674806));
#7600=CARTESIAN_POINT('Ctrl Pts',(-3.1056375729512,6.44030397306591,-5.68902558009892));
#7601=CARTESIAN_POINT('',(-6.44030397306619,3.10563757295064,-5.35472441004524));
#7602=CARTESIAN_POINT('',(-3.10563757295152,6.44030397306557,-5.68902558009783));
#7603=CARTESIAN_POINT('Ctrl Pts',(-6.44030397306469,3.1056375729537,-5.35472441004656));
#7604=CARTESIAN_POINT('Ctrl Pts',(-6.17685674826952,3.36908479774887,-5.25120298158376));
#7605=CARTESIAN_POINT('Ctrl Pts',(-5.90980834456387,3.63613320145453,-5.17456281328129));
#7606=CARTESIAN_POINT('Ctrl Pts',(-5.4826587848009,4.06328276121749,-5.105441819856));
#7607=CARTESIAN_POINT('Ctrl Pts',(-5.32705332649363,4.21888821952476,-5.09117522195242));
#7608=CARTESIAN_POINT('Ctrl Pts',(-5.09639619367005,4.44954535234835,-5.08682849821846));
#7609=CARTESIAN_POINT('Ctrl Pts',(-5.0221502126668,4.52379133335011,-5.08798819524525));
#7610=CARTESIAN_POINT('Ctrl Pts',(-4.90774356330988,4.63819798270703,-5.09372124378208));
#7611=CARTESIAN_POINT('Ctrl Pts',(-4.86762373907469,4.6783178069437,-5.09648036687418));
#7612=CARTESIAN_POINT('Ctrl Pts',(-4.79453412840018,4.75140741761821,-5.10286497193182));
#7613=CARTESIAN_POINT('Ctrl Pts',(-4.76157175113703,4.78436979488136,-5.10624893486026));
#7614=CARTESIAN_POINT('Ctrl Pts',(-4.68984223106843,4.85609931494997,-5.11470429272961));
#7615=CARTESIAN_POINT('Ctrl Pts',(-4.65110257695211,4.89483896906649,-5.11996646703739));
#7616=CARTESIAN_POINT('Ctrl Pts',(-4.54598138202012,4.99996016399847,-5.13611462398144));
#7617=CARTESIAN_POINT('Ctrl Pts',(-4.47975718560584,5.06618436040822,-5.14831714737128));
#7618=CARTESIAN_POINT('Ctrl Pts',(-4.1706901813554,5.37525136465867,-5.214516402291));
#7619=CARTESIAN_POINT('Ctrl Pts',(-3.93197690890773,5.61396463711066,-5.2924800997504));
#7620=CARTESIAN_POINT('Ctrl Pts',(-3.49622239090494,6.04971915511345,-5.47690590691221));
#7621=CARTESIAN_POINT('Ctrl Pts',(-3.2991617809712,6.24677976504719,-5.57703505716145));
#7622=CARTESIAN_POINT('Ctrl Pts',(-3.10563757295368,6.44030397306471,-5.68902558009872));
#7623=CARTESIAN_POINT('Ctrl Pts',(-6.44030397306326,3.10563757294943,-5.35472441004306));
#7624=CARTESIAN_POINT('Ctrl Pts',(-5.7444834069479,4.54859279590418,-5.46615813339392));
#7625=CARTESIAN_POINT('Ctrl Pts',(-4.54859279590455,5.74448340694761,-5.57759185674477));
#7626=CARTESIAN_POINT('Ctrl Pts',(-3.10563757294983,6.44030397306307,-5.68902558009563));
#7627=CARTESIAN_POINT('Ctrl Pts',(-6.79407508028955,1.94068917366038,-5.18193921702419));
#7628=CARTESIAN_POINT('Ctrl Pts',(-6.75665782329588,2.0716816359072,-5.19152849961048));
#7629=CARTESIAN_POINT('Ctrl Pts',(-6.71545113749283,2.20159164279091,-5.20111778219677));
#7630=CARTESIAN_POINT('Ctrl Pts',(-6.67052391891656,2.33020198964301,-5.21070706478307));
#7631=CARTESIAN_POINT('Ctrl Pts',(-6.82105779151942,1.94839663272449,-5.21117038879608));
#7632=CARTESIAN_POINT('Ctrl Pts',(-6.78349193165802,2.07990933234584,-5.22075967138237));
#7633=CARTESIAN_POINT('Ctrl Pts',(-6.74212159324728,2.21033527762589,-5.23034895396866));
#7634=CARTESIAN_POINT('Ctrl Pts',(-6.69701594594437,2.33945640126648,-5.23993823655495));
#7635=CARTESIAN_POINT('Ctrl Pts',(-6.84804050274929,1.95610409178859,-5.24040156056796));
#7636=CARTESIAN_POINT('Ctrl Pts',(-6.81032604002016,2.08813702878447,-5.24999084315425));
#7637=CARTESIAN_POINT('Ctrl Pts',(-6.76879204900173,2.21907891246088,-5.25958012574054));
#7638=CARTESIAN_POINT('Ctrl Pts',(-6.72350797297219,2.34871081288996,-5.26916940832684));
#7639=CARTESIAN_POINT('Ctrl Pts',(-6.87502321397916,1.9638115508527,-5.26963273233985));
#7640=CARTESIAN_POINT('Ctrl Pts',(-6.8371601483823,2.0963647252231,-5.27922201492614));
#7641=CARTESIAN_POINT('Ctrl Pts',(-6.79546250475617,2.22782254729586,-5.28881129751243));
#7642=CARTESIAN_POINT('Ctrl Pts',(-6.75000000000001,2.35796522451343,-5.29840058009872));
#7643=CARTESIAN_POINT('',(-6.74999999999985,2.35796522451121,-5.29840058009751));
#7644=CARTESIAN_POINT('Ctrl Pts',(-6.74999982622339,2.0888347099803,-5.19281905019412));
#7645=CARTESIAN_POINT('Ctrl Pts',(-6.7500002728164,2.1790644003602,-5.22667253873495));
#7646=CARTESIAN_POINT('Ctrl Pts',(-6.75000000000001,2.26878129246253,-5.26190690576928));
#7647=CARTESIAN_POINT('Ctrl Pts',(-6.75000000000001,2.35796522451343,-5.29840058009872));
#7648=CARTESIAN_POINT('Ctrl Pts',(-6.87502321397705,1.96381155085402,-5.26963273233824));
#7649=CARTESIAN_POINT('Ctrl Pts',(-6.83716014838052,2.09636472522316,-5.27922201492445));
#7650=CARTESIAN_POINT('Ctrl Pts',(-6.79546250475479,2.22782254729467,-5.28881129751065));
#7651=CARTESIAN_POINT('Ctrl Pts',(-6.74999999999909,2.35796522451102,-5.29840058009685));
#7652=CARTESIAN_POINT('Ctrl Pts',(6.67052391230046,2.33020198733183,-6.43890588743075));
#7653=CARTESIAN_POINT('Ctrl Pts',(6.71545113083217,2.2015916406073,-6.44849517001704));
#7654=CARTESIAN_POINT('Ctrl Pts',(6.75665781659436,2.07168163385241,-6.45808445260334));
#7655=CARTESIAN_POINT('Ctrl Pts',(6.79407507355092,1.94068917173551,-6.46767373518963));
#7656=CARTESIAN_POINT('Ctrl Pts',(6.69701594153364,2.3394563997257,-6.46813706163603));
#7657=CARTESIAN_POINT('Ctrl Pts',(6.74212158880684,2.21033527617016,-6.47772634422232));
#7658=CARTESIAN_POINT('Ctrl Pts',(6.78349192719034,2.07990933097597,-6.48731562680861));
#7659=CARTESIAN_POINT('Ctrl Pts',(6.821057787027,1.94839663144124,-6.4969049093949));
#7660=CARTESIAN_POINT('Ctrl Pts',(6.72350797076682,2.34871081211957,-6.4973682358413));
#7661=CARTESIAN_POINT('Ctrl Pts',(6.7687920467815,2.21907891173302,-6.50695751842759));
#7662=CARTESIAN_POINT('Ctrl Pts',(6.81032603778633,2.08813702809953,-6.51654680101388));
#7663=CARTESIAN_POINT('Ctrl Pts',(6.84804050050308,1.95610409114696,-6.52613608360017));
#7664=CARTESIAN_POINT('Ctrl Pts',(6.75,2.35796522451344,-6.52659941004658));
#7665=CARTESIAN_POINT('Ctrl Pts',(6.79546250475617,2.22782254729588,-6.53618869263287));
#7666=CARTESIAN_POINT('Ctrl Pts',(6.83716014838231,2.09636472522309,-6.54577797521916));
#7667=CARTESIAN_POINT('Ctrl Pts',(6.87502321397916,1.96381155085269,-6.55536725780545));
#7668=CARTESIAN_POINT('',(6.7499999999999,2.35796522451089,-6.52659941004566));
#7669=CARTESIAN_POINT('',(6.75000001687908,2.0888347310737,-6.45679393687485));
#7670=CARTESIAN_POINT('Ctrl Pts',(6.75,2.35796522451344,-6.52659941004658));
#7671=CARTESIAN_POINT('Ctrl Pts',(6.75,2.26864578857897,-6.50178136308441));
#7672=CARTESIAN_POINT('Ctrl Pts',(6.75000004757254,2.17893777848753,-6.47848201278209));
#7673=CARTESIAN_POINT('Ctrl Pts',(6.74999985143768,2.08883467819704,-6.4567939286702));
#7674=CARTESIAN_POINT('',(6.87502321397792,1.96381155085373,-6.55536725780428));
#7675=CARTESIAN_POINT('Ctrl Pts',(6.74999985348727,2.08883468271147,-6.45679393183904));
#7676=CARTESIAN_POINT('Ctrl Pts',(6.79186916856521,2.04696422851727,-6.48925142724116));
#7677=CARTESIAN_POINT('Ctrl Pts',(6.83354746727295,2.0052872975589,-6.52212470061205));
#7678=CARTESIAN_POINT('Ctrl Pts',(6.87502321397916,1.96381155085269,-6.55536725780545));
#7679=CARTESIAN_POINT('Ctrl Pts',(6.74999999999981,2.35796522451087,-6.52659941004566));
#7680=CARTESIAN_POINT('Ctrl Pts',(6.79546250475554,2.22782254729441,-6.53618869263187));
#7681=CARTESIAN_POINT('Ctrl Pts',(6.83716014838131,2.09636472522275,-6.54577797521808));
#7682=CARTESIAN_POINT('Ctrl Pts',(6.87502321397786,1.96381155085349,-6.55536725780429));
#7683=CARTESIAN_POINT('Origin',(0.,0.,0.));
#7684=CARTESIAN_POINT('',(-6.44030397306658,-3.10563757295008,-5.53277557830284));
#7685=CARTESIAN_POINT('',(-6.4403039730625,-3.10563757295589,0.));
#7686=CARTESIAN_POINT('',(-3.10563757295203,-6.44030397306522,-5.19847440825025));
#7687=CARTESIAN_POINT('Ctrl Pts',(-6.4403039730637,-3.10563757294894,-5.53277557830482));
#7688=CARTESIAN_POINT('Ctrl Pts',(-5.74448340694849,-4.5485927959037,-5.42134185495397));
#7689=CARTESIAN_POINT('Ctrl Pts',(-4.5485927959053,-5.74448340694722,-5.30990813160312));
#7690=CARTESIAN_POINT('Ctrl Pts',(-3.10563757295074,-6.44030397306284,-5.19847440825227));
#7691=CARTESIAN_POINT('',(-3.10563757295588,-6.44030397306251,0.));
#7692=CARTESIAN_POINT('Origin',(0.,0.,0.));
#7693=CARTESIAN_POINT('',(-2.35796522452295,-6.7499999999978,-5.14215057830326));
#7694=CARTESIAN_POINT('',(-2.35796522451033,-6.75,0.));
#7695=CARTESIAN_POINT('',(2.35796522451578,-6.74999999999905,-4.80784940825019));
#7696=CARTESIAN_POINT('Ctrl Pts',(-2.35796522452275,-6.74999999999508,-5.14215057830382));
#7697=CARTESIAN_POINT('Ctrl Pts',(-0.845622360631533,-7.27830398230815,
-5.0307168549528));
#7698=CARTESIAN_POINT('Ctrl Pts',(0.845622360623936,-7.27830398230904,-4.91928313160177));
#7699=CARTESIAN_POINT('Ctrl Pts',(2.35796522451571,-6.74999999999754,-4.80784940825074));
#7700=CARTESIAN_POINT('',(2.35796522451033,-6.75,0.));
#7701=CARTESIAN_POINT('Origin',(0.,0.,0.));
#7702=CARTESIAN_POINT('',(6.74999999999992,-2.3579652245108,-4.36090057830236));
#7703=CARTESIAN_POINT('',(6.75,-2.35796522451032,0.));
#7704=CARTESIAN_POINT('',(6.87502321397797,-1.96381155085363,-4.33213273054374));
#7705=CARTESIAN_POINT('Ctrl Pts',(6.74999999999982,-2.35796522451081,-4.36090057830237));
#7706=CARTESIAN_POINT('Ctrl Pts',(6.79546250475555,-2.22782254729433,-4.35131129571616));
#7707=CARTESIAN_POINT('Ctrl Pts',(6.83716014838132,-2.09636472522266,-4.34172201312995));
#7708=CARTESIAN_POINT('Ctrl Pts',(6.87502321397787,-1.9638115508534,-4.33213273054374));
#7709=CARTESIAN_POINT('',(6.87502321397766,-1.96381155085418,0.));
#7710=CARTESIAN_POINT('Origin',(0.,0.,0.));
#7711=CARTESIAN_POINT('',(-6.74999999999983,-2.35796522451128,-5.58909940825052));
#7712=CARTESIAN_POINT('',(-6.75,-2.35796522451032,0.));
#7713=CARTESIAN_POINT('Ctrl Pts',(-6.87502321397718,-1.96381155085393,-5.61786725600968));
#7714=CARTESIAN_POINT('Ctrl Pts',(-6.83716014838064,-2.09636472522312,-5.60827797342348));
#7715=CARTESIAN_POINT('Ctrl Pts',(-6.79546250475488,-2.22782254729472,-5.59868869083727));
#7716=CARTESIAN_POINT('Ctrl Pts',(-6.74999999999916,-2.35796522451112,-5.58909940825106));
#7717=CARTESIAN_POINT('Origin',(0.,0.,0.));
#7718=CARTESIAN_POINT('',(2.35796522452477,6.74999999999748,-6.70465057830339));
#7719=CARTESIAN_POINT('',(2.35796522451032,6.75,0.));
#7720=CARTESIAN_POINT('',(-2.3579652245131,6.74999999999951,-6.37034940825038));
#7721=CARTESIAN_POINT('Ctrl Pts',(2.35796522452472,6.74999999999485,-6.70465057830351));
#7722=CARTESIAN_POINT('Ctrl Pts',(0.845622360633896,7.27830398230825,-6.59321685495251));
#7723=CARTESIAN_POINT('Ctrl Pts',(-0.84562236062124,7.27830398230972,-6.4817831316015));
#7724=CARTESIAN_POINT('Ctrl Pts',(-2.35796522451299,6.74999999999895,-6.3703494082505));
#7725=CARTESIAN_POINT('',(-2.35796522451032,6.75,0.));
#7726=CARTESIAN_POINT('Origin',(0.,0.,0.));
#7727=CARTESIAN_POINT('',(-3.10563757294429,6.44030397307065,-6.31402557830336));
#7728=CARTESIAN_POINT('',(-3.10563757295589,6.4403039730625,0.));
#7729=CARTESIAN_POINT('',(-6.44030397306262,3.10563757295572,-5.97972440825057));
#7730=CARTESIAN_POINT('Ctrl Pts',(-3.10563757294251,6.44030397306875,-6.31402557830355));
#7731=CARTESIAN_POINT('Ctrl Pts',(-4.54859279589951,5.74448340695444,-6.20259185495262));
#7732=CARTESIAN_POINT('Ctrl Pts',(-5.74448340694533,4.54859279591099,-6.09115813160169));
#7733=CARTESIAN_POINT('Ctrl Pts',(-6.44030397306254,3.10563757295538,-5.97972440825075));
#7734=CARTESIAN_POINT('',(-6.4403039730625,3.10563757295589,0.));
#7735=CARTESIAN_POINT('Origin',(0.,0.,0.));
#7736=CARTESIAN_POINT('',(-6.74999999999996,2.35796522451059,-5.92340057830235));
#7737=CARTESIAN_POINT('',(-6.75,2.35796522451032,0.));
#7738=CARTESIAN_POINT('Ctrl Pts',(-6.7499999999997,2.35796522451047,-5.92340057830259));
#7739=CARTESIAN_POINT('Ctrl Pts',(-6.79546250475545,2.22782254729391,-5.91381129571637));
#7740=CARTESIAN_POINT('Ctrl Pts',(-6.83716014838124,2.09636472522216,-5.90422201313016));
#7741=CARTESIAN_POINT('Ctrl Pts',(-6.87502321397781,1.96381155085281,-5.89463273054394));
#7742=CARTESIAN_POINT('Origin',(0.,0.,0.));
#7743=CARTESIAN_POINT('',(6.74999999999988,2.35796522451102,-7.15159940825054));
#7744=CARTESIAN_POINT('',(6.75,2.35796522451032,0.));
#7745=CARTESIAN_POINT('',(6.87502321397767,1.96381155085416,-7.18036725600913));
#7746=CARTESIAN_POINT('',(6.87502321397766,1.96381155085419,0.));
#7747=CARTESIAN_POINT('Ctrl Pts',(6.87502321397752,1.96381155085416,-7.18036725600928));
#7748=CARTESIAN_POINT('Ctrl Pts',(6.83716014838101,2.09636472522323,-7.17077797342308));
#7749=CARTESIAN_POINT('Ctrl Pts',(6.79546250475529,2.22782254729471,-7.16118869083688));
#7750=CARTESIAN_POINT('Ctrl Pts',(6.74999999999961,2.357965224511,-7.15159940825068));
#7751=CARTESIAN_POINT('Ctrl Pts',(6.44030397306443,-3.10563757295396,-4.41722440824948));
#7752=CARTESIAN_POINT('Ctrl Pts',(5.74448340694768,-4.54859279590975,-4.52865813160039));
#7753=CARTESIAN_POINT('Ctrl Pts',(4.5485927959023,-5.74448340695358,-4.6400918549513));
#7754=CARTESIAN_POINT('Ctrl Pts',(3.10563757294561,-6.44030397306846,-4.75152557830222));
#7755=CARTESIAN_POINT('Ctrl Pts',(6.32016258617571,-3.04770310173196,-4.55616242173631));
#7756=CARTESIAN_POINT('Ctrl Pts',(5.6373222843739,-4.46374055148492,-4.66759614508723));
#7757=CARTESIAN_POINT('Ctrl Pts',(4.46374055147761,-5.63732228437969,-4.77902986843814));
#7758=CARTESIAN_POINT('Ctrl Pts',(3.04770310172377,-6.32016258617966,-4.89046359178906));
#7759=CARTESIAN_POINT('Ctrl Pts',(6.20002119928699,-2.98976863050997,-4.69510043522315));
#7760=CARTESIAN_POINT('Ctrl Pts',(5.53016116180013,-4.3788883070601,-4.80653415857406));
#7761=CARTESIAN_POINT('Ctrl Pts',(4.37888830705293,-5.53016116180581,-4.91796788192498));
#7762=CARTESIAN_POINT('Ctrl Pts',(2.98976863050193,-6.20002119929087,-5.02940160527589));
#7763=CARTESIAN_POINT('Ctrl Pts',(6.07987981239827,-2.93183415928798,-4.83403844870999));
#7764=CARTESIAN_POINT('Ctrl Pts',(5.42300003922635,-4.29403606263528,-4.9454721720609));
#7765=CARTESIAN_POINT('Ctrl Pts',(4.29403606262824,-5.42300003923192,-5.05690589541182));
#7766=CARTESIAN_POINT('Ctrl Pts',(2.93183415928009,-6.07987981240208,-5.16833961876273));
#7767=CARTESIAN_POINT('Ctrl Pts',(3.10563757295395,-6.44030397306444,-4.75152557830157));
#7768=CARTESIAN_POINT('Ctrl Pts',(3.36908479771454,-6.17685674830385,-4.85504700722181));
#7769=CARTESIAN_POINT('Ctrl Pts',(3.63613320142334,-5.90980834459505,-4.93168717591094));
#7770=CARTESIAN_POINT('Ctrl Pts',(4.06328276121271,-5.48265878480568,-5.00080816975335));
#7771=CARTESIAN_POINT('Ctrl Pts',(4.21888821951988,-5.32705332649851,-5.01507476776897));
#7772=CARTESIAN_POINT('Ctrl Pts',(4.44954535234838,-5.09639619367002,-5.01942149160684));
#7773=CARTESIAN_POINT('Ctrl Pts',(4.52379133335007,-5.02215021266684,-5.01826179460419));
#7774=CARTESIAN_POINT('Ctrl Pts',(4.63819798270724,-4.90774356330966,-5.01252874609006));
#7775=CARTESIAN_POINT('Ctrl Pts',(4.67831780694386,-4.86762373907453,-5.00976962300319));
#7776=CARTESIAN_POINT('Ctrl Pts',(4.7514074176184,-4.79453412839999,-5.00338501795007));
#7777=CARTESIAN_POINT('Ctrl Pts',(4.78436979488152,-4.76157175113687,-5.00000105502182));
#7778=CARTESIAN_POINT('Ctrl Pts',(4.85609931495023,-4.68984223106816,-4.99154569714884));
#7779=CARTESIAN_POINT('Ctrl Pts',(4.89483896906679,-4.65110257695181,-4.98628352283653));
#7780=CARTESIAN_POINT('Ctrl Pts',(4.99996016399937,-4.54598138201922,-4.97013536587322));
#7781=CARTESIAN_POINT('Ctrl Pts',(5.06618436040911,-4.47975718560496,-4.95793284246376));
#7782=CARTESIAN_POINT('Ctrl Pts',(5.37525136468078,-4.17069018133328,-4.89173358741371));
#7783=CARTESIAN_POINT('Ctrl Pts',(5.61396463713395,-3.93197690888443,-4.81376988975218));
#7784=CARTESIAN_POINT('Ctrl Pts',(6.04971915513368,-3.4962223908847,-4.62934408207191));
#7785=CARTESIAN_POINT('Ctrl Pts',(6.24677976506868,-3.29916178094971,-4.52921493152015));
#7786=CARTESIAN_POINT('Ctrl Pts',(6.44030397306443,-3.10563757295396,-4.41722440824948));
#7787=CARTESIAN_POINT('Ctrl Pts',(2.35796522451618,-6.7499999999989,-4.80784940824925));
#7788=CARTESIAN_POINT('Ctrl Pts',(0.845622360624096,-7.2783039823105,-4.91928313160027));
#7789=CARTESIAN_POINT('Ctrl Pts',(-0.845622360631725,-7.27830398230962,
-5.0307168549513));
#7790=CARTESIAN_POINT('Ctrl Pts',(-2.35796522452326,-6.74999999999643,-5.14215057830233));
#7791=CARTESIAN_POINT('Ctrl Pts',(2.31397829261148,-6.62408135316322,-4.94678742173608));
#7792=CARTESIAN_POINT('Ctrl Pts',(0.829847601604277,-7.14253002842733,-5.05822114508711));
#7793=CARTESIAN_POINT('Ctrl Pts',(-0.829847601611763,-7.14253002842646,
-5.16965486843814));
#7794=CARTESIAN_POINT('Ctrl Pts',(-2.31397829261843,-6.6240813531608,-5.28108859178916));
#7795=CARTESIAN_POINT('Ctrl Pts',(2.26999136070678,-6.49816270632754,-5.08572543522292));
#7796=CARTESIAN_POINT('Ctrl Pts',(0.814072842584451,-7.00675607454416,-5.19715915857395));
#7797=CARTESIAN_POINT('Ctrl Pts',(-0.814072842591797,-7.00675607454331,
-5.30859288192498));
#7798=CARTESIAN_POINT('Ctrl Pts',(-2.2699913607136,-6.49816270632516,-5.420026605276));
#7799=CARTESIAN_POINT('Ctrl Pts',(2.22600442880209,-6.37224405949187,-5.22466344870976));
#7800=CARTESIAN_POINT('Ctrl Pts',(0.798298083564632,-6.87098212066099,-5.33609717206079));
#7801=CARTESIAN_POINT('Ctrl Pts',(-0.798298083571834,-6.87098212066015,
-5.44753089541181));
#7802=CARTESIAN_POINT('Ctrl Pts',(-2.22600442880877,-6.37224405948953,-5.55896461876284));
#7803=CARTESIAN_POINT('Ctrl Pts',(-2.35796522451304,-6.75,-5.14215057830158));
#7804=CARTESIAN_POINT('Ctrl Pts',(-1.9853945862873,-6.75,-5.24567200722175));
#7805=CARTESIAN_POINT('Ctrl Pts',(-1.60773111195237,-6.75,-5.32231217591087));
#7806=CARTESIAN_POINT('Ctrl Pts',(-1.00365041133668,-6.75,-5.39143316975332));
#7807=CARTESIAN_POINT('Ctrl Pts',(-0.783591061819255,-6.75,-5.40569976776897));
#7808=CARTESIAN_POINT('Ctrl Pts',(-0.457392616314866,-6.75,-5.41004649160684));
#7809=CARTESIAN_POINT('Ctrl Pts',(-0.352392943029518,-6.74999999999894,
-5.4088867946042));
#7810=CARTESIAN_POINT('Ctrl Pts',(-0.190597507882873,-6.74999999999894,
-5.40315374609006));
#7811=CARTESIAN_POINT('Ctrl Pts',(-0.133859508328413,-6.75,-5.40039462300319));
#7812=CARTESIAN_POINT('Ctrl Pts',(-0.0304951896439523,-6.75,-5.39401001795007));
#7813=CARTESIAN_POINT('Ctrl Pts',(0.0161206513296583,-6.75,-5.39062605502182));
#7814=CARTESIAN_POINT('Ctrl Pts',(0.117561511433186,-6.75,-5.38217069714885));
#7815=CARTESIAN_POINT('Ctrl Pts',(0.172347655686218,-6.75000000000014,-5.37690852283656));
#7816=CARTESIAN_POINT('Ctrl Pts',(0.32101147525291,-6.75000000000014,-5.36076036587323));
#7817=CARTESIAN_POINT('Ctrl Pts',(0.414666631975991,-6.74999999999694,-5.34855784246377));
#7818=CARTESIAN_POINT('Ctrl Pts',(0.851753381099181,-6.74999999999694,-5.28235858741371));
#7819=CARTESIAN_POINT('Ctrl Pts',(1.18934492851797,-6.75,-5.20439488975211));
#7820=CARTESIAN_POINT('Ctrl Pts',(1.8055948777383,-6.75,-5.01996908207192));
#7821=CARTESIAN_POINT('Ctrl Pts',(2.08428066491784,-6.75,-4.9198399315202));
#7822=CARTESIAN_POINT('Ctrl Pts',(2.35796522451303,-6.75,-4.80784940824948));
#7823=CARTESIAN_POINT('Ctrl Pts',(-3.10563757295197,-6.44030397306539,-5.19847440824932));
#7824=CARTESIAN_POINT('Ctrl Pts',(-4.54859279590715,-5.74448340694948,-5.30990813160017));
#7825=CARTESIAN_POINT('Ctrl Pts',(-5.74448340695084,-4.54859279590543,-5.42134185495102));
#7826=CARTESIAN_POINT('Ctrl Pts',(-6.44030397306631,-3.10563757295005,-5.53277557830187));
#7827=CARTESIAN_POINT('Ctrl Pts',(-3.04770310173001,-6.32016258617665,-5.33741242173616));
#7828=CARTESIAN_POINT('Ctrl Pts',(-4.46374055148237,-5.63732228437567,-5.44884614508701));
#7829=CARTESIAN_POINT('Ctrl Pts',(-5.637322284377,-4.46374055148069,-5.56027986843786));
#7830=CARTESIAN_POINT('Ctrl Pts',(-6.32016258617756,-3.04770310172812,-5.67171359178871));
#7831=CARTESIAN_POINT('Ctrl Pts',(-2.98976863050805,-6.20002119928792,-5.476350435223));
#7832=CARTESIAN_POINT('Ctrl Pts',(-4.3788883070576,-5.53016116180187,-5.58778415857385));
#7833=CARTESIAN_POINT('Ctrl Pts',(-5.53016116180317,-4.37888830705595,-5.6992178819247));
#7834=CARTESIAN_POINT('Ctrl Pts',(-6.20002119928881,-2.9897686305062,-5.81065160527555));
#7835=CARTESIAN_POINT('Ctrl Pts',(-2.9318341592861,-6.07987981239918,-5.61528844870983));
#7836=CARTESIAN_POINT('Ctrl Pts',(-4.29403606263282,-5.42300003922806,-5.72672217206068));
#7837=CARTESIAN_POINT('Ctrl Pts',(-5.42300003922934,-4.29403606263121,-5.83815589541153));
#7838=CARTESIAN_POINT('Ctrl Pts',(-6.07987981240006,-2.93183415928428,-5.94958961876238));
#7839=CARTESIAN_POINT('Ctrl Pts',(-6.44030397306441,-3.10563757295398,-5.53277557830158));
#7840=CARTESIAN_POINT('Ctrl Pts',(-6.17685674830388,-3.36908479771451,-5.6362970072218));
#7841=CARTESIAN_POINT('Ctrl Pts',(-5.90980834459501,-3.63613320142338,-5.71293717591096));
#7842=CARTESIAN_POINT('Ctrl Pts',(-5.48265878480563,-4.06328276121276,-5.78205816975336));
#7843=CARTESIAN_POINT('Ctrl Pts',(-5.32705332649846,-4.21888821951993,-5.79632476776898));
#7844=CARTESIAN_POINT('Ctrl Pts',(-5.09639619366996,-4.44954535234843,-5.80067149160684));
#7845=CARTESIAN_POINT('Ctrl Pts',(-5.0221502126668,-4.5237913333501,-5.79951179460419));
#7846=CARTESIAN_POINT('Ctrl Pts',(-4.90774356330966,-4.63819798270724,-5.79377874609006));
#7847=CARTESIAN_POINT('Ctrl Pts',(-4.86762373907454,-4.67831780694385,-5.79101962300319));
#7848=CARTESIAN_POINT('Ctrl Pts',(-4.79453412839993,-4.75140741761846,-5.78463501795006));
#7849=CARTESIAN_POINT('Ctrl Pts',(-4.76157175113676,-4.78436979488163,-5.78125105502181));
#7850=CARTESIAN_POINT('Ctrl Pts',(-4.68984223106806,-4.85609931495033,-5.77279569714883));
#7851=CARTESIAN_POINT('Ctrl Pts',(-4.65110257695164,-4.89483896906695,-5.7675335228365));
#7852=CARTESIAN_POINT('Ctrl Pts',(-4.54598138201928,-4.99996016399931,-5.75138536587323));
#7853=CARTESIAN_POINT('Ctrl Pts',(-4.4797571856051,-5.06618436040896,-5.73918284246379));
#7854=CARTESIAN_POINT('Ctrl Pts',(-4.17069018133324,-5.37525136468083,-5.6729835874137));
#7855=CARTESIAN_POINT('Ctrl Pts',(-3.93197690888433,-5.61396463713406,-5.59501988975212));
#7856=CARTESIAN_POINT('Ctrl Pts',(-3.49622239088472,-6.04971915513367,-5.41059408207191));
#7857=CARTESIAN_POINT('Ctrl Pts',(-3.29916178094973,-6.24677976506866,-5.31046493152017));
#7858=CARTESIAN_POINT('Ctrl Pts',(-3.10563757295398,-6.44030397306441,-5.19847440824948));
#7859=CARTESIAN_POINT('Ctrl Pts',(-6.75,-2.35796522451304,-5.58909940824948));
#7860=CARTESIAN_POINT('Ctrl Pts',(-6.79546250475609,-2.22782254729567,-5.59868869083575));
#7861=CARTESIAN_POINT('Ctrl Pts',(-6.83716014838216,-2.09636472522308,-5.60827797342203));
#7862=CARTESIAN_POINT('Ctrl Pts',(-6.87502321397896,-1.96381155085288,-5.61786725600831));
#7863=CARTESIAN_POINT('Ctrl Pts',(-6.72350797313871,-2.34871081294774,-5.61833057994519));
#7864=CARTESIAN_POINT('Ctrl Pts',(-6.76879204916929,-2.21907891251565,-5.62791986253147));
#7865=CARTESIAN_POINT('Ctrl Pts',(-6.8103260401887,-2.08813702883616,-5.63750914511775));
#7866=CARTESIAN_POINT('Ctrl Pts',(-6.84804050291871,-1.95610409183722,-5.64709842770402));
#7867=CARTESIAN_POINT('Ctrl Pts',(-6.69701594627743,-2.33945640138244,-5.64756175164091));
#7868=CARTESIAN_POINT('Ctrl Pts',(-6.7421215935825,-2.21033527773563,-5.65715103422719));
#7869=CARTESIAN_POINT('Ctrl Pts',(-6.78349193199525,-2.07990933244925,-5.66674031681347));
#7870=CARTESIAN_POINT('Ctrl Pts',(-6.82105779185846,-1.94839663282157,-5.67632959939974));
#7871=CARTESIAN_POINT('Ctrl Pts',(-6.67052391941614,-2.33020198981714,-5.67679292333663));
#7872=CARTESIAN_POINT('Ctrl Pts',(-6.71545113799571,-2.20159164295561,-5.68638220592291));
#7873=CARTESIAN_POINT('Ctrl Pts',(-6.75665782380179,-2.07168163606234,-5.69597148850919));
#7874=CARTESIAN_POINT('Ctrl Pts',(-6.79407508079821,-1.94068917380591,-5.70556077109546));
#7875=CARTESIAN_POINT('Ctrl Pts',(-6.74999982671496,-2.08883470936331,-5.69468093822921));
#7876=CARTESIAN_POINT('Ctrl Pts',(-6.75000027314636,-2.17906439995842,-5.66082744967221));
#7877=CARTESIAN_POINT('Ctrl Pts',(-6.75,-2.26878129273152,-5.62559308258143));
#7878=CARTESIAN_POINT('Ctrl Pts',(-6.75,-2.35796522451304,-5.58909940824948));
#7879=CARTESIAN_POINT('Ctrl Pts',(6.87502321397898,-1.96381155085283,-4.33213273054274));
#7880=CARTESIAN_POINT('Ctrl Pts',(6.83716014838217,-2.09636472522305,-4.34172201312902));
#7881=CARTESIAN_POINT('Ctrl Pts',(6.79546250475609,-2.22782254729566,-4.35131129571529));
#7882=CARTESIAN_POINT('Ctrl Pts',(6.74999999999999,-2.35796522451305,-4.36090057830157));
#7883=CARTESIAN_POINT('Ctrl Pts',(6.84804050295284,-1.95610409184692,-4.3613639022015));
#7884=CARTESIAN_POINT('Ctrl Pts',(6.81032604022263,-2.08813702884654,-4.37095318478778));
#7885=CARTESIAN_POINT('Ctrl Pts',(6.76879204920301,-2.21907891252669,-4.38054246737406));
#7886=CARTESIAN_POINT('Ctrl Pts',(6.7235079731722,-2.34871081295945,-4.39013174996034));
#7887=CARTESIAN_POINT('Ctrl Pts',(6.8210577919267,-1.948396632841,-4.39059507386027));
#7888=CARTESIAN_POINT('Ctrl Pts',(6.7834919320631,-2.07990933247003,-4.40018435644655));
#7889=CARTESIAN_POINT('Ctrl Pts',(6.74212159364994,-2.21033527775773,-4.40977363903283));
#7890=CARTESIAN_POINT('Ctrl Pts',(6.69701594634441,-2.33945640140585,-4.41936292161911));
#7891=CARTESIAN_POINT('Ctrl Pts',(6.79407508090056,-1.94068917383509,-4.41982624551903));
#7892=CARTESIAN_POINT('Ctrl Pts',(6.75665782390356,-2.07168163609351,-4.42941552810531));
#7893=CARTESIAN_POINT('Ctrl Pts',(6.71545113809686,-2.20159164298876,-4.43900481069159));
#7894=CARTESIAN_POINT('Ctrl Pts',(6.67052391951661,-2.33020198985225,-4.44859409327787));
#7895=CARTESIAN_POINT('',(6.75,-2.08883476483184,-4.43070607796584));
#7896=CARTESIAN_POINT('Ctrl Pts',(6.74999999999999,-2.35796522451305,-4.36090057830157));
#7897=CARTESIAN_POINT('Ctrl Pts',(6.74999999999999,-2.26864577506183,-4.38571862913239));
#7898=CARTESIAN_POINT('Ctrl Pts',(6.75000003067749,-2.17893779934289,-4.40901798745337));
#7899=CARTESIAN_POINT('Ctrl Pts',(6.74999982622341,-2.08883470998032,-4.43070607796592));
#7900=CARTESIAN_POINT('Ctrl Pts',(6.74999982619331,-2.08883470997839,-4.43070607799697));
#7901=CARTESIAN_POINT('Ctrl Pts',(6.79188688304992,-2.04694309687578,-4.39823565152588));
#7902=CARTESIAN_POINT('Ctrl Pts',(6.8335635433938,-2.005271221438,-4.36536240293268));
#7903=CARTESIAN_POINT('Ctrl Pts',(6.87502321397898,-1.96381155085283,-4.33213273054274));
#7904=CARTESIAN_POINT('Ctrl Pts',(3.10563757295398,6.44030397306442,-6.76097440824948));
#7905=CARTESIAN_POINT('Ctrl Pts',(4.54859279590953,5.74448340694777,-6.87240813160038));
#7906=CARTESIAN_POINT('Ctrl Pts',(5.74448340695323,4.54859279590264,-6.98384185495127));
#7907=CARTESIAN_POINT('Ctrl Pts',(6.44030397306815,3.10563757294625,-7.09527557830217));
#7908=CARTESIAN_POINT('Ctrl Pts',(3.04770310173199,6.3201625861757,-6.89991242173632));
#7909=CARTESIAN_POINT('Ctrl Pts',(4.46374055148471,5.637322284374,-7.01134614508721));
#7910=CARTESIAN_POINT('Ctrl Pts',(5.63732228437936,4.46374055147794,-7.12277986843811));
#7911=CARTESIAN_POINT('Ctrl Pts',(6.32016258617936,3.0477031017244,-7.23421359178901));
#7912=CARTESIAN_POINT('Ctrl Pts',(2.98976863050999,6.20002119928698,-7.03885043522316));
#7913=CARTESIAN_POINT('Ctrl Pts',(4.37888830705989,5.53016116180022,-7.15028415857406));
#7914=CARTESIAN_POINT('Ctrl Pts',(5.53016116180548,4.37888830705325,-7.26171788192495));
#7915=CARTESIAN_POINT('Ctrl Pts',(6.20002119929057,2.98976863050255,-7.37315160527585));
#7916=CARTESIAN_POINT('Ctrl Pts',(2.93183415928799,6.07987981239826,-7.17778844871));
#7917=CARTESIAN_POINT('Ctrl Pts',(4.29403606263507,5.42300003922645,-7.28922217206089));
#7918=CARTESIAN_POINT('Ctrl Pts',(5.4230000392316,4.29403606262856,-7.40065589541179));
#7919=CARTESIAN_POINT('Ctrl Pts',(6.07987981240178,2.9318341592807,-7.51208961876269));
#7920=CARTESIAN_POINT('Ctrl Pts',(6.44030397306442,3.10563757295398,-7.09527557830158));
#7921=CARTESIAN_POINT('Ctrl Pts',(6.17685674830419,3.3690847977142,-7.19879700722167));
#7922=CARTESIAN_POINT('Ctrl Pts',(5.90980834459554,3.63613320142284,-7.27543717591081));
#7923=CARTESIAN_POINT('Ctrl Pts',(5.48265878480614,4.06328276121224,-7.34455816975332));
#7924=CARTESIAN_POINT('Ctrl Pts',(5.32705332649888,4.21888821951952,-7.35882476776896));
#7925=CARTESIAN_POINT('Ctrl Pts',(5.09639619367022,4.44954535234817,-7.36317149160684));
#7926=CARTESIAN_POINT('Ctrl Pts',(5.02215021266699,4.52379133334991,-7.3620117946042));
#7927=CARTESIAN_POINT('Ctrl Pts',(4.90774356330967,4.63819798270723,-7.35627874609006));
#7928=CARTESIAN_POINT('Ctrl Pts',(4.86762373907444,4.67831780694395,-7.35351962300317));
#7929=CARTESIAN_POINT('Ctrl Pts',(4.79453412840016,4.75140741761823,-7.34713501795008));
#7930=CARTESIAN_POINT('Ctrl Pts',(4.76157175113714,4.78436979488125,-7.34375105502185));
#7931=CARTESIAN_POINT('Ctrl Pts',(4.68984223106809,4.85609931495031,-7.33529569714883));
#7932=CARTESIAN_POINT('Ctrl Pts',(4.65110257695163,4.89483896906696,-7.3300335228365));
#7933=CARTESIAN_POINT('Ctrl Pts',(4.54598138201928,4.99996016399931,-7.31388536587323));
#7934=CARTESIAN_POINT('Ctrl Pts',(4.47975718560503,5.06618436040903,-7.30168284246377));
#7935=CARTESIAN_POINT('Ctrl Pts',(4.17069018133327,5.3752513646808,-7.23548358741371));
#7936=CARTESIAN_POINT('Ctrl Pts',(3.93197690888439,5.613964637134,-7.15751988975215));
#7937=CARTESIAN_POINT('Ctrl Pts',(3.49622239088473,6.04971915513366,-6.97309408207191));
#7938=CARTESIAN_POINT('Ctrl Pts',(3.29916178094975,6.24677976506864,-6.87296493152018));
#7939=CARTESIAN_POINT('Ctrl Pts',(3.10563757295398,6.44030397306441,-6.76097440824949));
#7940=CARTESIAN_POINT('Ctrl Pts',(6.75000000000001,2.35796522451302,-7.15159940824948));
#7941=CARTESIAN_POINT('Ctrl Pts',(6.79546250475609,2.22782254729565,-7.16118869083576));
#7942=CARTESIAN_POINT('Ctrl Pts',(6.83716014838216,2.09636472522309,-7.17077797342203));
#7943=CARTESIAN_POINT('Ctrl Pts',(6.87502321397895,1.96381155085291,-7.18036725600831));
#7944=CARTESIAN_POINT('Ctrl Pts',(6.72350797297223,2.34871081288956,-7.1808305801289));
#7945=CARTESIAN_POINT('Ctrl Pts',(6.76879204900169,2.21907891246068,-7.19041986271518));
#7946=CARTESIAN_POINT('Ctrl Pts',(6.81032604002006,2.08813702878447,-7.20000914530145));
#7947=CARTESIAN_POINT('Ctrl Pts',(6.84804050274913,1.95610409178881,-7.20959842788773));
#7948=CARTESIAN_POINT('Ctrl Pts',(6.69701594594446,2.3394564012661,-7.21006175200832));
#7949=CARTESIAN_POINT('Ctrl Pts',(6.74212159324729,2.21033527762572,-7.2196510345946));
#7950=CARTESIAN_POINT('Ctrl Pts',(6.78349193165796,2.07990933234585,-7.22924031718087));
#7951=CARTESIAN_POINT('Ctrl Pts',(6.82105779151931,1.94839663272472,-7.23882959976715));
#7952=CARTESIAN_POINT('Ctrl Pts',(6.67052391891669,2.33020198964264,-7.23929292388774));
#7953=CARTESIAN_POINT('Ctrl Pts',(6.71545113749288,2.20159164279075,-7.24888220647402));
#7954=CARTESIAN_POINT('Ctrl Pts',(6.75665782329587,2.07168163590723,-7.25847148906029));
#7955=CARTESIAN_POINT('Ctrl Pts',(6.79407508028949,1.94068917366062,-7.26806077164657));
#7956=CARTESIAN_POINT('',(6.75,2.08883476483186,-7.25718093847655));
#7957=CARTESIAN_POINT('Ctrl Pts',(6.74999982622338,2.0888347099803,-7.25718093847667));
#7958=CARTESIAN_POINT('Ctrl Pts',(6.7500002728164,2.17906440036323,-7.22332744983242));
#7959=CARTESIAN_POINT('Ctrl Pts',(6.75000000000001,2.2687812924655,-7.18809308269028));
#7960=CARTESIAN_POINT('Ctrl Pts',(6.75000000000001,2.35796522451302,-7.15159940824948));
#7961=CARTESIAN_POINT('Ctrl Pts',(6.87502321397895,1.96381155085291,-7.18036725600832));
#7962=CARTESIAN_POINT('Ctrl Pts',(6.83352285230628,2.00531191252558,-7.20649222545045));
#7963=CARTESIAN_POINT('Ctrl Pts',(6.7918475018175,2.04698726301435,-7.23210956757763));
#7964=CARTESIAN_POINT('Ctrl Pts',(6.75,2.08883476483185,-7.25718093847655));
#7965=CARTESIAN_POINT('Ctrl Pts',(-6.87502321397896,1.96381155085289,-5.89463273054275));
#7966=CARTESIAN_POINT('Ctrl Pts',(-6.83716014838216,2.09636472522308,-5.90422201312902));
#7967=CARTESIAN_POINT('Ctrl Pts',(-6.79546250475609,2.22782254729566,-5.9138112957153));
#7968=CARTESIAN_POINT('Ctrl Pts',(-6.75,2.35796522451303,-5.92340057830157));
#7969=CARTESIAN_POINT('Ctrl Pts',(-6.84804050295282,1.95610409184698,-5.92386390220151));
#7970=CARTESIAN_POINT('Ctrl Pts',(-6.81032604022262,2.08813702884657,-5.93345318478779));
#7971=CARTESIAN_POINT('Ctrl Pts',(-6.76879204920301,2.21907891252669,-5.94304246737406));
#7972=CARTESIAN_POINT('Ctrl Pts',(-6.72350797317221,2.34871081295943,-5.95263174996034));
#7973=CARTESIAN_POINT('Ctrl Pts',(-6.82105779192668,1.94839663284106,-5.95309507386028));
#7974=CARTESIAN_POINT('Ctrl Pts',(-6.78349193206309,2.07990933247006,-5.96268435644655));
#7975=CARTESIAN_POINT('Ctrl Pts',(-6.74212159364994,2.21033527775773,-5.97227363903283));
#7976=CARTESIAN_POINT('Ctrl Pts',(-6.69701594634442,2.33945640140583,-5.9818629216191));
#7977=CARTESIAN_POINT('Ctrl Pts',(-6.79407508090054,1.94068917383515,-5.98232624551904));
#7978=CARTESIAN_POINT('Ctrl Pts',(-6.75665782390355,2.07168163609355,-5.99191552810532));
#7979=CARTESIAN_POINT('Ctrl Pts',(-6.71545113809686,2.20159164298876,-6.00150481069159));
#7980=CARTESIAN_POINT('Ctrl Pts',(-6.67052391951662,2.33020198985223,-6.01109409327787));
#7981=CARTESIAN_POINT('Ctrl Pts',(-6.75,2.35796522451303,-5.92340057830157));
#7982=CARTESIAN_POINT('Ctrl Pts',(-6.75000000000001,2.26864577506193,-5.94821862913235));
#7983=CARTESIAN_POINT('Ctrl Pts',(-6.7500000306775,2.17893779934295,-5.97151798745334));
#7984=CARTESIAN_POINT('Ctrl Pts',(-6.74999982622342,2.0888347099803,-5.99320607796592));
#7985=CARTESIAN_POINT('Ctrl Pts',(-6.44030397306442,3.10563757295397,-5.97972440824948));
#7986=CARTESIAN_POINT('Ctrl Pts',(-5.74448340694723,4.54859279591065,-6.09115813160046));
#7987=CARTESIAN_POINT('Ctrl Pts',(-4.5485927959008,5.74448340695504,-6.20259185495144));
#7988=CARTESIAN_POINT('Ctrl Pts',(-3.10563757294292,6.44030397306975,-6.31402557830243));
#7989=CARTESIAN_POINT('Ctrl Pts',(-6.32016258617571,3.04770310173198,-6.11866242173631));
#7990=CARTESIAN_POINT('Ctrl Pts',(-5.63732228437347,4.46374055148581,-6.2300961450873));
#7991=CARTESIAN_POINT('Ctrl Pts',(-4.46374055147614,5.63732228438113,-6.34152986843828));
#7992=CARTESIAN_POINT('Ctrl Pts',(-3.04770310172113,6.32016258618094,-6.45296359178926));
#7993=CARTESIAN_POINT('Ctrl Pts',(-6.20002119928699,2.98976863050998,-6.25760043522315));
#7994=CARTESIAN_POINT('Ctrl Pts',(-5.5301611617997,4.37888830706098,-6.36903415857413));
#7995=CARTESIAN_POINT('Ctrl Pts',(-4.37888830705149,5.53016116180722,-6.48046788192512));
#7996=CARTESIAN_POINT('Ctrl Pts',(-2.98976863049934,6.20002119929212,-6.5919016052761));
#7997=CARTESIAN_POINT('Ctrl Pts',(-6.07987981239827,2.93183415928799,-6.39653844870999));
#7998=CARTESIAN_POINT('Ctrl Pts',(-5.42300003922594,4.29403606263613,-6.50797217206097));
#7999=CARTESIAN_POINT('Ctrl Pts',(-4.29403606262683,5.42300003923331,-6.61940589541195));
#8000=CARTESIAN_POINT('Ctrl Pts',(-2.93183415927756,6.0798798124033,-6.73083961876294));
#8001=CARTESIAN_POINT('Ctrl Pts',(-3.10563757295399,6.4403039730644,-6.31402557830158));
#8002=CARTESIAN_POINT('Ctrl Pts',(-3.36908479771449,6.1768567483039,-6.41754700722179));
#8003=CARTESIAN_POINT('Ctrl Pts',(-3.63613320142334,5.90980834459506,-6.49418717591094));
#8004=CARTESIAN_POINT('Ctrl Pts',(-4.06328276121266,5.48265878480574,-6.56330816975334));
#8005=CARTESIAN_POINT('Ctrl Pts',(-4.21888821951986,5.32705332649854,-6.57757476776897));
#8006=CARTESIAN_POINT('Ctrl Pts',(-4.4495453523484,5.09639619366999,-6.58192149160684));
#8007=CARTESIAN_POINT('Ctrl Pts',(-4.52379133335008,5.02215021266682,-6.58076179460419));
#8008=CARTESIAN_POINT('Ctrl Pts',(-4.63819798270727,4.90774356330963,-6.57502874609005));
#8009=CARTESIAN_POINT('Ctrl Pts',(-4.67831780694392,4.86762373907447,-6.57226962300318));
#8010=CARTESIAN_POINT('Ctrl Pts',(-4.75140741761849,4.7945341283999,-6.56588501795006));
#8011=CARTESIAN_POINT('Ctrl Pts',(-4.78436979488172,4.76157175113667,-6.56250105502179));
#8012=CARTESIAN_POINT('Ctrl Pts',(-4.85609931495011,4.68984223106829,-6.55404569714885));
#8013=CARTESIAN_POINT('Ctrl Pts',(-4.89483896906654,4.65110257695206,-6.54878352283657));
#8014=CARTESIAN_POINT('Ctrl Pts',(-4.99996016399949,4.54598138201911,-6.5326353658732));
#8015=CARTESIAN_POINT('Ctrl Pts',(-5.06618436040934,4.47975718560474,-6.5204328424637));
#8016=CARTESIAN_POINT('Ctrl Pts',(-5.37525136468076,4.17069018133331,-6.45423358741371));
#8017=CARTESIAN_POINT('Ctrl Pts',(-5.61396463713395,3.93197690888444,-6.37626988975217));
#8018=CARTESIAN_POINT('Ctrl Pts',(-6.04971915513364,3.49622239088476,-6.19184408207192));
#8019=CARTESIAN_POINT('Ctrl Pts',(-6.24677976506859,3.2991617809498,-6.09171493152021));
#8020=CARTESIAN_POINT('Ctrl Pts',(-6.44030397306442,3.10563757295397,-5.97972440824948));
#8021=CARTESIAN_POINT('Ctrl Pts',(-2.35796522451332,6.7499999999999,-6.37034940824946));
#8022=CARTESIAN_POINT('Ctrl Pts',(-0.845622360621359,7.27830398231074,-6.48178313160046));
#8023=CARTESIAN_POINT('Ctrl Pts',(0.845622360634015,7.27830398230927,-6.59321685495146));
#8024=CARTESIAN_POINT('Ctrl Pts',(2.35796522452505,6.7499999999958,-6.70465057830246));
#8025=CARTESIAN_POINT('Ctrl Pts',(-2.31397829260867,6.62408135316421,-6.50928742173629));
#8026=CARTESIAN_POINT('Ctrl Pts',(-0.829847601601589,7.14253002842757,-6.62072114508729));
#8027=CARTESIAN_POINT('Ctrl Pts',(0.829847601614008,7.14253002842612,-6.7321548684383));
#8028=CARTESIAN_POINT('Ctrl Pts',(2.31397829262019,6.62408135316018,-6.8435885917893));
#8029=CARTESIAN_POINT('Ctrl Pts',(-2.26999136070403,6.49816270632851,-6.64822543522313));
#8030=CARTESIAN_POINT('Ctrl Pts',(-0.814072842581818,7.00675607454439,-6.75965915857413));
#8031=CARTESIAN_POINT('Ctrl Pts',(0.814072842594003,7.00675607454297,-6.87109288192513));
#8032=CARTESIAN_POINT('Ctrl Pts',(2.26999136071533,6.49816270632456,-6.98252660527613));
#8033=CARTESIAN_POINT('Ctrl Pts',(-2.22600442879938,6.37224405949282,-6.78716344870997));
#8034=CARTESIAN_POINT('Ctrl Pts',(-0.798298083562048,6.87098212066121,-6.89859717206097));
#8035=CARTESIAN_POINT('Ctrl Pts',(0.798298083573996,6.87098212065982,-7.01003089541197));
#8036=CARTESIAN_POINT('Ctrl Pts',(2.22600442881046,6.37224405948894,-7.12146461876297));
#8037=CARTESIAN_POINT('Ctrl Pts',(2.35796522451299,6.75,-6.70465057830159));
#8038=CARTESIAN_POINT('Ctrl Pts',(1.9853945862874,6.75,-6.80817200722172));
#8039=CARTESIAN_POINT('Ctrl Pts',(1.6077311119523,6.75,-6.8848121759109));
#8040=CARTESIAN_POINT('Ctrl Pts',(1.00365041133631,6.75,-6.95393316975335));
#8041=CARTESIAN_POINT('Ctrl Pts',(0.783591061819019,6.75000000000001,-6.96819976776897));
#8042=CARTESIAN_POINT('Ctrl Pts',(0.457392616314924,6.75000000000001,-6.97254649160683));
#8043=CARTESIAN_POINT('Ctrl Pts',(0.352392943029534,6.74999999999895,-6.97138679460419));
#8044=CARTESIAN_POINT('Ctrl Pts',(0.190597507882889,6.74999999999895,-6.96565374609006));
#8045=CARTESIAN_POINT('Ctrl Pts',(0.13385950832847,6.75,-6.96289462300319));
#8046=CARTESIAN_POINT('Ctrl Pts',(0.0304951896439416,6.75,-6.95651001795007));
#8047=CARTESIAN_POINT('Ctrl Pts',(-0.0161206513296667,6.75,-6.95312605502181));
#8048=CARTESIAN_POINT('Ctrl Pts',(-0.117561511433267,6.75,-6.94467069714884));
#8049=CARTESIAN_POINT('Ctrl Pts',(-0.172347655686357,6.75000000000014,-6.93940852283654));
#8050=CARTESIAN_POINT('Ctrl Pts',(-0.321011475252911,6.75000000000014,-6.92326036587323));
#8051=CARTESIAN_POINT('Ctrl Pts',(-0.414666631975943,6.74999999999694,-6.91105784246378));
#8052=CARTESIAN_POINT('Ctrl Pts',(-0.851753381099221,6.74999999999694,-6.8448585874137));
#8053=CARTESIAN_POINT('Ctrl Pts',(-1.18934492851804,6.75000000000001,-6.76689488975208));
#8054=CARTESIAN_POINT('Ctrl Pts',(-1.80559487773815,6.75000000000001,-6.58246908207196));
#8055=CARTESIAN_POINT('Ctrl Pts',(-2.08428066491751,6.75,-6.48233993152033));
#8056=CARTESIAN_POINT('Ctrl Pts',(-2.35796522451304,6.75,-6.37034940824947));
#8057=CARTESIAN_POINT('Ctrl Pts',(-2.93183415928324,-6.07987981240055,-7.28166037111962));
#8058=CARTESIAN_POINT('Ctrl Pts',(-4.29403606263025,-5.42300003923009,-7.39309409447047));
#8059=CARTESIAN_POINT('Ctrl Pts',(-5.42300003922728,-4.29403606263379,-7.50452781782132));
#8060=CARTESIAN_POINT('Ctrl Pts',(-6.07987981239864,-2.93183415928722,-7.61596154117216));
#8061=CARTESIAN_POINT('Ctrl Pts',(-2.98976863050517,-6.20002119928936,-7.42059838409515));
#8062=CARTESIAN_POINT('Ctrl Pts',(-4.378888307055,-5.53016116180397,-7.532032107446));
#8063=CARTESIAN_POINT('Ctrl Pts',(-5.53016116180111,-4.37888830705862,-7.64346583079685));
#8064=CARTESIAN_POINT('Ctrl Pts',(-6.20002119928741,-2.98976863050922,-7.75489955414769));
#8065=CARTESIAN_POINT('Ctrl Pts',(-3.04770310172709,-6.32016258617816,-7.55953639707068));
#8066=CARTESIAN_POINT('Ctrl Pts',(-4.46374055147975,-5.63732228437785,-7.67097012042153));
#8067=CARTESIAN_POINT('Ctrl Pts',(-5.63732228437494,-4.46374055148344,-7.78240384377238));
#8068=CARTESIAN_POINT('Ctrl Pts',(-6.32016258617617,-3.04770310173122,-7.89383756712323));
#8069=CARTESIAN_POINT('Ctrl Pts',(-3.10563757294901,-6.44030397306697,-7.69847441004621));
#8070=CARTESIAN_POINT('Ctrl Pts',(-4.54859279590451,-5.74448340695174,-7.80990813339706));
#8071=CARTESIAN_POINT('Ctrl Pts',(-5.74448340694877,-4.54859279590826,-7.92134185674791));
#8072=CARTESIAN_POINT('Ctrl Pts',(-6.44030397306494,-3.10563757295322,-8.03277558009876));
#8073=CARTESIAN_POINT('',(-3.10563757294909,-6.44030397306728,-7.6984744100451));
#8074=CARTESIAN_POINT('',(-6.44030397306436,-3.10563757295325,-8.03277558009768));
#8075=CARTESIAN_POINT('Ctrl Pts',(-3.10563757295365,-6.44030397306473,-7.69847441004658));
#8076=CARTESIAN_POINT('Ctrl Pts',(-3.36908479774897,-6.17685674826942,-7.59495298158372));
#8077=CARTESIAN_POINT('Ctrl Pts',(-3.63613320145454,-5.90980834456386,-7.51831281328129));
#8078=CARTESIAN_POINT('Ctrl Pts',(-4.06328276121741,-5.48265878480098,-7.44919181985601));
#8079=CARTESIAN_POINT('Ctrl Pts',(-4.2188882195247,-5.32705332649368,-7.43492522195242));
#8080=CARTESIAN_POINT('Ctrl Pts',(-4.44954535234834,-5.09639619367005,-7.43057849821846));
#8081=CARTESIAN_POINT('Ctrl Pts',(-4.52379133335011,-5.0221502126668,-7.43173819524525));
#8082=CARTESIAN_POINT('Ctrl Pts',(-4.63819798270708,-4.90774356330982,-7.43747124378208));
#8083=CARTESIAN_POINT('Ctrl Pts',(-4.67831780694381,-4.86762373907458,-7.44023036687419));
#8084=CARTESIAN_POINT('Ctrl Pts',(-4.75140741761825,-4.79453412840014,-7.44661497193182));
#8085=CARTESIAN_POINT('Ctrl Pts',(-4.78436979488142,-4.76157175113697,-7.44999893486026));
#8086=CARTESIAN_POINT('Ctrl Pts',(-4.85609931494996,-4.68984223106843,-7.45845429272961));
#8087=CARTESIAN_POINT('Ctrl Pts',(-4.89483896906647,-4.65110257695213,-7.46371646703738));
#8088=CARTESIAN_POINT('Ctrl Pts',(-4.99996016399856,-4.54598138202003,-7.47986462398146));
#8089=CARTESIAN_POINT('Ctrl Pts',(-5.06618436040838,-4.47975718560569,-7.49206714737132));
#8090=CARTESIAN_POINT('Ctrl Pts',(-5.37525136465862,-4.17069018135544,-7.558266402291));
#8091=CARTESIAN_POINT('Ctrl Pts',(-5.61396463711059,-3.9319769089078,-7.63623009975037));
#8092=CARTESIAN_POINT('Ctrl Pts',(-6.04971915511349,-3.4962223909049,-7.82065590691222));
#8093=CARTESIAN_POINT('Ctrl Pts',(-6.2467797650473,-3.2991617809711,-7.92078505716152));
#8094=CARTESIAN_POINT('Ctrl Pts',(-6.4403039730647,-3.10563757295369,-8.03277558009872));
#8095=CARTESIAN_POINT('Ctrl Pts',(-3.10563757294742,-6.44030397306326,-7.69847441004203));
#8096=CARTESIAN_POINT('Ctrl Pts',(-4.54859279590203,-5.74448340694841,-7.80990813339287));
#8097=CARTESIAN_POINT('Ctrl Pts',(-5.74448340694555,-4.54859279590565,-7.92134185674372));
#8098=CARTESIAN_POINT('Ctrl Pts',(-6.44030397306131,-3.10563757295147,-8.03277558009456));
#8099=CARTESIAN_POINT('Ctrl Pts',(2.22600442880532,-6.37224405949073,-6.89103537111952));
#8100=CARTESIAN_POINT('Ctrl Pts',(0.798298083568103,-6.87098212066058,-7.00246909447054));
#8101=CARTESIAN_POINT('Ctrl Pts',(-0.798298083568372,-6.87098212066055,
-7.11390281782157));
#8102=CARTESIAN_POINT('Ctrl Pts',(-2.22600442880557,-6.37224405949064,-7.2253365411726));
#8103=CARTESIAN_POINT('Ctrl Pts',(2.2699913607101,-6.49816270632643,-7.02997338409505));
#8104=CARTESIAN_POINT('Ctrl Pts',(0.814072842588,-7.0067560745438,-7.14140710744608));
#8105=CARTESIAN_POINT('Ctrl Pts',(-0.814072842588274,-7.00675607454376,
-7.25284083079711));
#8106=CARTESIAN_POINT('Ctrl Pts',(-2.26999136071035,-6.49816270632634,-7.36427455414813));
#8107=CARTESIAN_POINT('Ctrl Pts',(2.31397829261488,-6.62408135316213,-7.16891139707058));
#8108=CARTESIAN_POINT('Ctrl Pts',(0.829847601607893,-7.14253002842701,-7.28034512042161));
#8109=CARTESIAN_POINT('Ctrl Pts',(-0.829847601608174,-7.14253002842698,
-7.39177884377264));
#8110=CARTESIAN_POINT('Ctrl Pts',(-2.31397829261514,-6.62408135316204,-7.50321256712367));
#8111=CARTESIAN_POINT('Ctrl Pts',(2.35796522451966,-6.74999999999783,-7.30784941004612));
#8112=CARTESIAN_POINT('Ctrl Pts',(0.84562236062779,-7.27830398231022,-7.41928313339715));
#8113=CARTESIAN_POINT('Ctrl Pts',(-0.845622360628075,-7.27830398231019,
-7.53071685674817));
#8114=CARTESIAN_POINT('Ctrl Pts',(-2.35796522451992,-6.74999999999774,-7.6421505800992));
#8115=CARTESIAN_POINT('',(2.35796522451931,-6.74999999999843,-7.30784941004504));
#8116=CARTESIAN_POINT('',(-2.35796522451949,-6.7499999999984,-7.64215058009812));
#8117=CARTESIAN_POINT('Ctrl Pts',(2.35796522451348,-6.75,-7.30784941004658));
#8118=CARTESIAN_POINT('Ctrl Pts',(1.98539458623847,-6.75,-7.20432798158374));
#8119=CARTESIAN_POINT('Ctrl Pts',(1.60773111190806,-6.75,-7.12768781328132));
#8120=CARTESIAN_POINT('Ctrl Pts',(1.00365041132963,-6.75,-7.05856681985601));
#8121=CARTESIAN_POINT('Ctrl Pts',(0.783591061812172,-6.75,-7.04430022195243));
#8122=CARTESIAN_POINT('Ctrl Pts',(0.457392616314899,-6.75,-7.03995349821846));
#8123=CARTESIAN_POINT('Ctrl Pts',(0.352392943029426,-6.74999999999895,-7.04111319524524));
#8124=CARTESIAN_POINT('Ctrl Pts',(0.190597507883123,-6.74999999999895,-7.04684624378208));
#8125=CARTESIAN_POINT('Ctrl Pts',(0.133859508328585,-6.75,-7.04960536687418));
#8126=CARTESIAN_POINT('Ctrl Pts',(0.0304951896443417,-6.75,-7.05598997193181));
#8127=CARTESIAN_POINT('Ctrl Pts',(-0.0161206513291526,-6.75,-7.05937393486023));
#8128=CARTESIAN_POINT('Ctrl Pts',(-0.11756151143307,-6.75,-7.06782929272962));
#8129=CARTESIAN_POINT('Ctrl Pts',(-0.17234765568631,-6.75000000000014,-7.07309146703742));
#8130=CARTESIAN_POINT('Ctrl Pts',(-0.321011475251604,-6.75000000000014,
-7.08923962398143));
#8131=CARTESIAN_POINT('Ctrl Pts',(-0.414666631974651,-6.74999999999693,
-7.10144214737125));
#8132=CARTESIAN_POINT('Ctrl Pts',(-0.851753381067819,-6.74999999999693,
-7.167641402291));
#8133=CARTESIAN_POINT('Ctrl Pts',(-1.1893449284848,-6.74999999999999,-7.24560509975038));
#8134=CARTESIAN_POINT('Ctrl Pts',(-1.80559487770981,-6.74999999999999,-7.43003090691222));
#8135=CARTESIAN_POINT('Ctrl Pts',(-2.0842806648877,-6.75,-7.53016005716151));
#8136=CARTESIAN_POINT('Ctrl Pts',(-2.35796522451345,-6.75,-7.64215058009872));
#8137=CARTESIAN_POINT('Ctrl Pts',(2.35796522451884,-6.7499999999957,-7.30784941004375));
#8138=CARTESIAN_POINT('Ctrl Pts',(0.845622360627476,-7.2783039823079,-7.41928313339478));
#8139=CARTESIAN_POINT('Ctrl Pts',(-0.845622360627826,-7.27830398230786,
-7.5307168567458));
#8140=CARTESIAN_POINT('Ctrl Pts',(-2.35796522451917,-6.74999999999559,-7.64215058009683));
#8141=CARTESIAN_POINT('Ctrl Pts',(6.79407508028955,-1.94068917366038,-6.74443921702419));
#8142=CARTESIAN_POINT('Ctrl Pts',(6.75665782329588,-2.0716816359072,-6.75402849961048));
#8143=CARTESIAN_POINT('Ctrl Pts',(6.71545113749282,-2.20159164279094,-6.76361778219678));
#8144=CARTESIAN_POINT('Ctrl Pts',(6.67052391891654,-2.33020198964304,-6.77320706478307));
#8145=CARTESIAN_POINT('Ctrl Pts',(6.82105779151942,-1.94839663272448,-6.77367038879608));
#8146=CARTESIAN_POINT('Ctrl Pts',(6.78349193165802,-2.07990933234584,-6.78325967138237));
#8147=CARTESIAN_POINT('Ctrl Pts',(6.74212159324727,-2.21033527762593,-6.79284895396866));
#8148=CARTESIAN_POINT('Ctrl Pts',(6.69701594594436,-2.33945640126652,-6.80243823655495));
#8149=CARTESIAN_POINT('Ctrl Pts',(6.84804050274929,-1.95610409178859,-6.80290156056797));
#8150=CARTESIAN_POINT('Ctrl Pts',(6.81032604002016,-2.08813702878447,-6.81249084315426));
#8151=CARTESIAN_POINT('Ctrl Pts',(6.76879204900172,-2.21907891246091,-6.82208012574055));
#8152=CARTESIAN_POINT('Ctrl Pts',(6.72350797297218,-2.34871081288999,-6.83166940832684));
#8153=CARTESIAN_POINT('Ctrl Pts',(6.87502321397916,-1.9638115508527,-6.83213273233985));
#8154=CARTESIAN_POINT('Ctrl Pts',(6.8371601483823,-2.0963647252231,-6.84172201492614));
#8155=CARTESIAN_POINT('Ctrl Pts',(6.79546250475616,-2.2278225472959,-6.85131129751244));
#8156=CARTESIAN_POINT('Ctrl Pts',(6.75,-2.35796522451347,-6.86090058009873));
#8157=CARTESIAN_POINT('',(6.75,-2.08883476483184,-6.75531905019423));
#8158=CARTESIAN_POINT('',(6.74999999999987,-2.35796522451108,-6.8609005800975));
#8159=CARTESIAN_POINT('Ctrl Pts',(6.74999982622339,-2.08883470998029,-6.75531905019412));
#8160=CARTESIAN_POINT('Ctrl Pts',(6.75000027281639,-2.17906440036002,-6.78917253873488));
#8161=CARTESIAN_POINT('Ctrl Pts',(6.74999999999999,-2.26878129246231,-6.82440690576918));
#8162=CARTESIAN_POINT('Ctrl Pts',(6.75,-2.35796522451347,-6.86090058009873));
#8163=CARTESIAN_POINT('',(6.87502321397776,-1.96381155085401,-6.83213273233889));
#8164=CARTESIAN_POINT('Ctrl Pts',(6.87502321397654,-1.96381155085373,-6.83213273233764));
#8165=CARTESIAN_POINT('Ctrl Pts',(6.83716014838002,-2.09636472522284,-6.84172201492384));
#8166=CARTESIAN_POINT('Ctrl Pts',(6.79546250475428,-2.22782254729437,-6.85131129751004));
#8167=CARTESIAN_POINT('Ctrl Pts',(6.74999999999859,-2.3579652245107,-6.86090058009625));
#8168=CARTESIAN_POINT('Ctrl Pts',(6.87502321397916,-1.9638115508527,-6.83213273233985));
#8169=CARTESIAN_POINT('Ctrl Pts',(6.83352285230488,-2.00531191252698,-6.80600776300598));
#8170=CARTESIAN_POINT('Ctrl Pts',(6.79184750181605,-2.0469872630158,-6.78039042098645));
#8171=CARTESIAN_POINT('Ctrl Pts',(6.74999999999999,-2.08883476483185,-6.75531905019423));
#8172=CARTESIAN_POINT('Ctrl Pts',(-6.67052391951648,-2.33020198985261,-8.00140589539288));
#8173=CARTESIAN_POINT('Ctrl Pts',(-6.7154511380968,-2.20159164298895,-8.01099517797917));
#8174=CARTESIAN_POINT('Ctrl Pts',(-6.75665782390356,-2.07168163609353,-8.02058446056546));
#8175=CARTESIAN_POINT('Ctrl Pts',(-6.7940750809006,-1.94068917383492,-8.03017374315176));
#8176=CARTESIAN_POINT('Ctrl Pts',(-6.69701594634432,-2.33945640140623,-8.03063706694411));
#8177=CARTESIAN_POINT('Ctrl Pts',(-6.74212159364992,-2.21033527775793,-8.04022634953041));
#8178=CARTESIAN_POINT('Ctrl Pts',(-6.78349193206314,-2.07990933247005,-8.0498156321167));
#8179=CARTESIAN_POINT('Ctrl Pts',(-6.82105779192679,-1.94839663284085,-8.05940491470299));
#8180=CARTESIAN_POINT('Ctrl Pts',(-6.72350797317216,-2.34871081295985,-8.05986823849534));
#8181=CARTESIAN_POINT('Ctrl Pts',(-6.76879204920304,-2.21907891252691,-8.06945752108163));
#8182=CARTESIAN_POINT('Ctrl Pts',(-6.81032604022272,-2.08813702884658,-8.07904680366793));
#8183=CARTESIAN_POINT('Ctrl Pts',(-6.84804050295297,-1.95610409184677,-8.08863608625422));
#8184=CARTESIAN_POINT('Ctrl Pts',(-6.75,-2.35796522451347,-8.08909941004658));
#8185=CARTESIAN_POINT('Ctrl Pts',(-6.79546250475616,-2.2278225472959,-8.09868869263287));
#8186=CARTESIAN_POINT('Ctrl Pts',(-6.8371601483823,-2.0963647252231,-8.10827797521916));
#8187=CARTESIAN_POINT('Ctrl Pts',(-6.87502321397916,-1.9638115508527,-8.11786725780545));
#8188=CARTESIAN_POINT('',(-6.74999999999986,-2.35796522451109,-8.08909941004565));
#8189=CARTESIAN_POINT('Ctrl Pts',(-6.75,-2.35796522451347,-8.08909941004658));
#8190=CARTESIAN_POINT('Ctrl Pts',(-6.74999999999999,-2.26864577505903,-8.06428135932779));
#8191=CARTESIAN_POINT('Ctrl Pts',(-6.75000003067749,-2.17893779934002,-8.0409820011146));
#8192=CARTESIAN_POINT('Ctrl Pts',(-6.7499998262234,-2.08883470998036,-8.01929391070485));
#8193=CARTESIAN_POINT('Ctrl Pts',(-6.74999999999962,-2.35796522451104,-8.08909941004552));
#8194=CARTESIAN_POINT('Ctrl Pts',(-6.79546250475533,-2.22782254729464,-8.09868869263172));
#8195=CARTESIAN_POINT('Ctrl Pts',(-6.83716014838108,-2.09636472522305,-8.10827797521793));
#8196=CARTESIAN_POINT('Ctrl Pts',(-6.87502321397762,-1.96381155085387,-8.11786725780413));
#8197=CARTESIAN_POINT('Ctrl Pts',(-2.22600442880203,6.37224405949189,-8.45353537111978));
#8198=CARTESIAN_POINT('Ctrl Pts',(-0.798298083564728,6.87098212066094,-8.5649690944708));
#8199=CARTESIAN_POINT('Ctrl Pts',(0.798298083571501,6.87098212066015,-8.67640281782181));
#8200=CARTESIAN_POINT('Ctrl Pts',(2.22600442880831,6.37224405948969,-8.78783654117282));
#8201=CARTESIAN_POINT('Ctrl Pts',(-2.26999136070674,6.49816270632761,-8.59247338409531));
#8202=CARTESIAN_POINT('Ctrl Pts',(-0.814072842584556,7.00675607454416,-8.70390710744633));
#8203=CARTESIAN_POINT('Ctrl Pts',(0.814072842591463,7.00675607454336,-8.81534083079734));
#8204=CARTESIAN_POINT('Ctrl Pts',(2.26999136071315,6.49816270632537,-8.92677455414836));
#8205=CARTESIAN_POINT('Ctrl Pts',(-2.31397829261146,6.62408135316333,-8.73141139707084));
#8206=CARTESIAN_POINT('Ctrl Pts',(-0.829847601604388,7.14253002842738,-8.84284512042186));
#8207=CARTESIAN_POINT('Ctrl Pts',(0.829847601611428,7.14253002842656,-8.95427884377287));
#8208=CARTESIAN_POINT('Ctrl Pts',(2.31397829261798,6.62408135316105,-9.06571256712389));
#8209=CARTESIAN_POINT('Ctrl Pts',(-2.35796522451617,6.74999999999905,-8.87034941004637));
#8210=CARTESIAN_POINT('Ctrl Pts',(-0.845622360624214,7.2783039823106,-8.98178313339739));
#8211=CARTESIAN_POINT('Ctrl Pts',(0.845622360631389,7.27830398230976,-9.09321685674841));
#8212=CARTESIAN_POINT('Ctrl Pts',(2.35796522452282,6.74999999999673,-9.20465058009942));
#8213=CARTESIAN_POINT('',(-2.35796522451614,6.74999999999898,-8.87034941004528));
#8214=CARTESIAN_POINT('',(2.35796522452247,6.74999999999788,-9.20465058009834));
#8215=CARTESIAN_POINT('Ctrl Pts',(-2.35796522451349,6.75,-8.87034941004658));
#8216=CARTESIAN_POINT('Ctrl Pts',(-1.98539458623811,6.75,-8.76682798158364));
#8217=CARTESIAN_POINT('Ctrl Pts',(-1.60773111190732,6.75,-8.69018781328117));
#8218=CARTESIAN_POINT('Ctrl Pts',(-1.00365041132867,6.75,-8.62106681985594));
#8219=CARTESIAN_POINT('Ctrl Pts',(-0.783591061811464,6.75,-8.60680022195241));
#8220=CARTESIAN_POINT('Ctrl Pts',(-0.457392616314546,6.75,-8.60245349821847));
#8221=CARTESIAN_POINT('Ctrl Pts',(-0.35239294302916,6.74999999999895,-8.60361319524526));
#8222=CARTESIAN_POINT('Ctrl Pts',(-0.190597507883172,6.74999999999895,-8.60934624378208));
#8223=CARTESIAN_POINT('Ctrl Pts',(-0.133859508328862,6.75,-8.61210536687416));
#8224=CARTESIAN_POINT('Ctrl Pts',(-0.0304951896440626,6.75,-8.61848997193183));
#8225=CARTESIAN_POINT('Ctrl Pts',(0.0161206513295932,6.75,-8.62187393486027));
#8226=CARTESIAN_POINT('Ctrl Pts',(0.117561511433174,6.75,-8.63032929272963));
#8227=CARTESIAN_POINT('Ctrl Pts',(0.172347655686436,6.75000000000015,-8.63559146703744));
#8228=CARTESIAN_POINT('Ctrl Pts',(0.32101147525155,6.75000000000015,-8.65173962398143));
#8229=CARTESIAN_POINT('Ctrl Pts',(0.414666631974518,6.74999999999694,-8.66394214737123));
#8230=CARTESIAN_POINT('Ctrl Pts',(0.851753381067872,6.74999999999694,-8.73014140229101));
#8231=CARTESIAN_POINT('Ctrl Pts',(1.18934492848493,6.75,-8.80810509975043));
#8232=CARTESIAN_POINT('Ctrl Pts',(1.80559487770957,6.75,-8.99253090691216));
#8233=CARTESIAN_POINT('Ctrl Pts',(2.08428066488717,6.75,-9.0926600571613));
#8234=CARTESIAN_POINT('Ctrl Pts',(2.35796522451349,6.75,-9.20465058009874));
#8235=CARTESIAN_POINT('Ctrl Pts',(-2.35796522451463,6.74999999999539,-8.87034941004226));
#8236=CARTESIAN_POINT('Ctrl Pts',(-0.845622360623577,7.27830398230656,-8.98178313339327));
#8237=CARTESIAN_POINT('Ctrl Pts',(0.845622360630996,7.2783039823057,-9.09321685674428));
#8238=CARTESIAN_POINT('Ctrl Pts',(2.35796522452151,6.74999999999299,-9.20465058009529));
#8239=CARTESIAN_POINT('Ctrl Pts',(-6.07987981239842,2.93183415928768,-8.06291037111998));
#8240=CARTESIAN_POINT('Ctrl Pts',(-5.42300003922646,4.29403606263523,-8.17434409447091));
#8241=CARTESIAN_POINT('Ctrl Pts',(-4.29403606262819,5.42300003923203,-8.28577781782184));
#8242=CARTESIAN_POINT('Ctrl Pts',(-2.9318341592798,6.07987981240222,-8.39721154117277));
#8243=CARTESIAN_POINT('Ctrl Pts',(-6.20002119928718,2.98976863050969,-8.20184838409551));
#8244=CARTESIAN_POINT('Ctrl Pts',(-5.53016116180027,4.37888830706008,-8.31328210744644));
#8245=CARTESIAN_POINT('Ctrl Pts',(-4.3788883070529,5.53016116180595,-8.42471583079737));
#8246=CARTESIAN_POINT('Ctrl Pts',(-2.98976863050165,6.20002119929105,-8.53614955414831));
#8247=CARTESIAN_POINT('Ctrl Pts',(-6.32016258617594,3.0477031017317,-8.34078639707104));
#8248=CARTESIAN_POINT('Ctrl Pts',(-5.63732228437409,4.46374055148493,-8.45222012042198));
#8249=CARTESIAN_POINT('Ctrl Pts',(-4.46374055147762,5.63732228437987,-8.56365384377291));
#8250=CARTESIAN_POINT('Ctrl Pts',(-3.04770310172351,6.32016258617989,-8.67508756712384));
#8251=CARTESIAN_POINT('Ctrl Pts',(-6.4403039730647,3.10563757295371,-8.47972441004658));
#8252=CARTESIAN_POINT('Ctrl Pts',(-5.7444834069479,4.54859279590978,-8.59115813339751));
#8253=CARTESIAN_POINT('Ctrl Pts',(-4.54859279590233,5.7444834069538,-8.70259185674844));
#8254=CARTESIAN_POINT('Ctrl Pts',(-3.10563757294536,6.44030397306873,-8.81402558009937));
#8255=CARTESIAN_POINT('',(-6.44030397306309,3.10563757295505,-8.47972441004563));
#8256=CARTESIAN_POINT('',(-3.10563757294638,6.44030397306918,-8.81402558009829));
#8257=CARTESIAN_POINT('Ctrl Pts',(-6.4403039730647,3.10563757295369,-8.47972441004657));
#8258=CARTESIAN_POINT('Ctrl Pts',(-6.17685674826955,3.36908479774884,-8.37620298158378));
#8259=CARTESIAN_POINT('Ctrl Pts',(-5.90980834456379,3.63613320145459,-8.29956281328126));
#8260=CARTESIAN_POINT('Ctrl Pts',(-5.48265878480065,4.06328276121773,-8.23044181985596));
#8261=CARTESIAN_POINT('Ctrl Pts',(-5.32705332649347,4.21888821952492,-8.21617522195242));
#8262=CARTESIAN_POINT('Ctrl Pts',(-5.09639619366992,4.44954535234847,-8.21182849821846));
#8263=CARTESIAN_POINT('Ctrl Pts',(-5.02215021266671,4.52379133335019,-8.21298819524526));
#8264=CARTESIAN_POINT('Ctrl Pts',(-4.90774356330985,4.63819798270706,-8.21872124378209));
#8265=CARTESIAN_POINT('Ctrl Pts',(-4.86762373907468,4.67831780694372,-8.22148036687418));
#8266=CARTESIAN_POINT('Ctrl Pts',(-4.79453412840016,4.75140741761824,-8.22786497193183));
#8267=CARTESIAN_POINT('Ctrl Pts',(-4.76157175113702,4.78436979488137,-8.23124893486026));
#8268=CARTESIAN_POINT('Ctrl Pts',(-4.68984223106836,4.85609931495003,-8.23970429272962));
#8269=CARTESIAN_POINT('Ctrl Pts',(-4.65110257695201,4.89483896906659,-8.24496646703741));
#8270=CARTESIAN_POINT('Ctrl Pts',(-4.54598138202012,4.99996016399847,-8.26111462398145));
#8271=CARTESIAN_POINT('Ctrl Pts',(-4.47975718560586,5.06618436040821,-8.27331714737128));
#8272=CARTESIAN_POINT('Ctrl Pts',(-4.17069018135537,5.37525136465869,-8.33951640229101));
#8273=CARTESIAN_POINT('Ctrl Pts',(-3.93197690890766,5.61396463711074,-8.41748009975045));
#8274=CARTESIAN_POINT('Ctrl Pts',(-3.49622239090503,6.04971915511338,-8.60190590691219));
#8275=CARTESIAN_POINT('Ctrl Pts',(-3.29916178097134,6.24677976504706,-8.70203505716138));
#8276=CARTESIAN_POINT('Ctrl Pts',(-3.10563757295368,6.44030397306471,-8.81402558009872));
#8277=CARTESIAN_POINT('Ctrl Pts',(-6.44030397306012,3.10563757295395,-8.47972441004254));
#8278=CARTESIAN_POINT('Ctrl Pts',(-5.74448340694357,4.54859279590832,-8.59115813339342));
#8279=CARTESIAN_POINT('Ctrl Pts',(-4.54859279589911,5.74448340695089,-8.7025918567443));
#8280=CARTESIAN_POINT('Ctrl Pts',(-3.10563757294361,6.44030397306511,-8.81402558009518));
#8281=CARTESIAN_POINT('Ctrl Pts',(-6.79407508028957,1.94068917366034,-8.30693921702419));
#8282=CARTESIAN_POINT('Ctrl Pts',(-6.75665782329589,2.07168163590717,-8.31652849961049));
#8283=CARTESIAN_POINT('Ctrl Pts',(-6.71545113749283,2.20159164279093,-8.32611778219678));
#8284=CARTESIAN_POINT('Ctrl Pts',(-6.67052391891655,2.33020198964303,-8.33570706478307));
#8285=CARTESIAN_POINT('Ctrl Pts',(-6.82105779151943,1.94839663272445,-8.33617038879608));
#8286=CARTESIAN_POINT('Ctrl Pts',(-6.78349193165803,2.07990933234581,-8.34575967138237));
#8287=CARTESIAN_POINT('Ctrl Pts',(-6.74212159324728,2.21033527762591,-8.35534895396867));
#8288=CARTESIAN_POINT('Ctrl Pts',(-6.69701594594437,2.33945640126651,-8.36493823655496));
#8289=CARTESIAN_POINT('Ctrl Pts',(-6.8480405027493,1.95610409178856,-8.36540156056797));
#8290=CARTESIAN_POINT('Ctrl Pts',(-6.81032604002017,2.08813702878444,-8.37499084315426));
#8291=CARTESIAN_POINT('Ctrl Pts',(-6.76879204900172,2.21907891246089,-8.38458012574055));
#8292=CARTESIAN_POINT('Ctrl Pts',(-6.72350797297218,2.34871081288998,-8.39416940832684));
#8293=CARTESIAN_POINT('Ctrl Pts',(-6.87502321397917,1.96381155085266,-8.39463273233985));
#8294=CARTESIAN_POINT('Ctrl Pts',(-6.83716014838231,2.09636472522307,-8.40422201492614));
#8295=CARTESIAN_POINT('Ctrl Pts',(-6.79546250475617,2.22782254729588,-8.41381129751244));
#8296=CARTESIAN_POINT('Ctrl Pts',(-6.75,2.35796522451346,-8.42340058009873));
#8297=CARTESIAN_POINT('',(-6.7499999999999,2.35796522451087,-8.42340058009749));
#8298=CARTESIAN_POINT('Ctrl Pts',(-6.74999982622338,2.0888347099803,-8.31781905019412));
#8299=CARTESIAN_POINT('Ctrl Pts',(-6.75000027281638,2.17906440036008,-8.3516725387349));
#8300=CARTESIAN_POINT('Ctrl Pts',(-6.75,2.26878129246233,-8.38690690576921));
#8301=CARTESIAN_POINT('Ctrl Pts',(-6.75,2.35796522451346,-8.42340058009873));
#8302=CARTESIAN_POINT('Ctrl Pts',(-6.8750232139762,1.96381155085326,-8.39463273233714));
#8303=CARTESIAN_POINT('Ctrl Pts',(-6.83716014837968,2.0963647252224,-8.40422201492334));
#8304=CARTESIAN_POINT('Ctrl Pts',(-6.79546250475393,2.22782254729396,-8.41381129750955));
#8305=CARTESIAN_POINT('Ctrl Pts',(-6.74999999999824,2.35796522451032,-8.42340058009576));
#8306=CARTESIAN_POINT('Ctrl Pts',(6.67052391220016,2.33020198729682,-9.5639058873201));
#8307=CARTESIAN_POINT('Ctrl Pts',(6.71545113073121,2.2015916405742,-9.57349516990639));
#8308=CARTESIAN_POINT('Ctrl Pts',(6.75665781649279,2.07168163382122,-9.58308445249268));
#8309=CARTESIAN_POINT('Ctrl Pts',(6.79407507344879,1.94068917170627,-9.59267373507898));
#8310=CARTESIAN_POINT('Ctrl Pts',(6.69701594146677,2.33945639970237,-9.59313706156226));
#8311=CARTESIAN_POINT('Ctrl Pts',(6.74212158873953,2.2103352761481,-9.60272634414855));
#8312=CARTESIAN_POINT('Ctrl Pts',(6.78349192712263,2.07990933095516,-9.61231562673484));
#8313=CARTESIAN_POINT('Ctrl Pts',(6.82105778695892,1.94839663142173,-9.62190490932113));
#8314=CARTESIAN_POINT('Ctrl Pts',(6.72350797073339,2.34871081210792,-9.62236823580442));
#8315=CARTESIAN_POINT('Ctrl Pts',(6.76879204674785,2.21907891172199,-9.63195751839071));
#8316=CARTESIAN_POINT('Ctrl Pts',(6.81032603775248,2.08813702808911,-9.641546800977));
#8317=CARTESIAN_POINT('Ctrl Pts',(6.84804050046905,1.95610409113718,-9.6511360835633));
#8318=CARTESIAN_POINT('Ctrl Pts',(6.75,2.35796522451347,-9.65159941004658));
#8319=CARTESIAN_POINT('Ctrl Pts',(6.79546250475617,2.22782254729588,-9.66118869263287));
#8320=CARTESIAN_POINT('Ctrl Pts',(6.83716014838232,2.09636472522305,-9.67077797521916));
#8321=CARTESIAN_POINT('Ctrl Pts',(6.87502321397918,1.96381155085263,-9.68036725780546));
#8322=CARTESIAN_POINT('',(6.74999999999985,2.35796522451121,-9.65159941004564));
#8323=CARTESIAN_POINT('',(6.75000001711277,2.08883473060632,-9.58179393723717));
#8324=CARTESIAN_POINT('Ctrl Pts',(6.75,2.35796522451347,-9.65159941004658));
#8325=CARTESIAN_POINT('Ctrl Pts',(6.75,2.26864578876605,-9.62678136313639));
#8326=CARTESIAN_POINT('Ctrl Pts',(6.75000004780645,2.17893777819875,-9.60348201294361));
#8327=CARTESIAN_POINT('Ctrl Pts',(6.74999985178677,2.08883467775698,-9.58179392891893));
#8328=CARTESIAN_POINT('',(6.87502321397768,1.96381155085414,-9.68036725780425));
#8329=CARTESIAN_POINT('Ctrl Pts',(6.74999985386469,2.08883468233386,-9.58179393213158));
#8330=CARTESIAN_POINT('Ctrl Pts',(6.79186938151302,2.04696398720967,-9.61425158549891));
#8331=CARTESIAN_POINT('Ctrl Pts',(6.83354766586668,2.00528709896513,-9.6471248597837));
#8332=CARTESIAN_POINT('Ctrl Pts',(6.87502321397918,1.96381155085263,-9.68036725780546));
#8333=CARTESIAN_POINT('Ctrl Pts',(6.74999999999924,2.35796522451101,-9.65159941004513));
#8334=CARTESIAN_POINT('Ctrl Pts',(6.79546250475493,2.22782254729467,-9.66118869263133));
#8335=CARTESIAN_POINT('Ctrl Pts',(6.83716014838067,2.09636472522311,-9.67077797521753));
#8336=CARTESIAN_POINT('Ctrl Pts',(6.8750232139772,1.96381155085399,-9.68036725780373));
#8337=CARTESIAN_POINT('Origin',(0.,0.,0.));
#8338=CARTESIAN_POINT('',(-6.44030397307051,-3.1056375729445,-8.65777557830334));
#8339=CARTESIAN_POINT('',(-6.4403039730625,-3.10563757295589,0.));
#8340=CARTESIAN_POINT('',(-3.10563757295513,-6.44030397306304,-8.32347440825052));
#8341=CARTESIAN_POINT('Ctrl Pts',(-6.44030397306836,-3.10563757294333,-8.65777557830348));
#8342=CARTESIAN_POINT('Ctrl Pts',(-5.74448340695394,-4.5485927959001,-8.54634185495256));
#8343=CARTESIAN_POINT('Ctrl Pts',(-4.5485927959105,-5.74448340694568,-8.43490813160164));
#8344=CARTESIAN_POINT('Ctrl Pts',(-3.10563757295501,-6.44030397306273,-8.32347440825072));
#8345=CARTESIAN_POINT('',(-3.10563757295588,-6.44030397306251,0.));
#8346=CARTESIAN_POINT('Origin',(0.,0.,0.));
#8347=CARTESIAN_POINT('',(-2.35796522452528,-6.74999999999739,-8.26715057830343));
#8348=CARTESIAN_POINT('',(-2.35796522451033,-6.75,0.));
#8349=CARTESIAN_POINT('',(2.35796522451158,-6.74999999999978,-7.9328494082505));
#8350=CARTESIAN_POINT('Ctrl Pts',(-2.3579652245253,-6.74999999999475,-8.26715057830345));
#8351=CARTESIAN_POINT('Ctrl Pts',(-0.845622360634757,-7.27830398230819,
-8.15571685495247));
#8352=CARTESIAN_POINT('Ctrl Pts',(0.845622360620066,-7.27830398230988,-8.04428313160149));
#8353=CARTESIAN_POINT('Ctrl Pts',(2.35796522451168,-6.74999999999951,-7.9328494082505));
#8354=CARTESIAN_POINT('',(2.35796522451033,-6.75,0.));
#8355=CARTESIAN_POINT('Origin',(0.,0.,0.));
#8356=CARTESIAN_POINT('',(6.75,-2.35796522451035,-7.48590057830233));
#8357=CARTESIAN_POINT('',(6.75,-2.35796522451032,0.));
#8358=CARTESIAN_POINT('',(6.87502321397866,-1.96381155085241,-7.45713273054363));
#8359=CARTESIAN_POINT('Ctrl Pts',(6.74999999999941,-2.35796522451007,-7.48590057830299));
#8360=CARTESIAN_POINT('Ctrl Pts',(6.79546250475523,-2.22782254729331,-7.47631129571676));
#8361=CARTESIAN_POINT('Ctrl Pts',(6.83716014838107,-2.09636472522137,-7.46672201313053));
#8362=CARTESIAN_POINT('Ctrl Pts',(6.87502321397767,-1.96381155085181,-7.4571327305443));
#8363=CARTESIAN_POINT('',(6.87502321397766,-1.96381155085418,0.));
#8364=CARTESIAN_POINT('Origin',(0.,0.,0.));
#8365=CARTESIAN_POINT('',(-6.74999999999989,-2.35796522451093,-8.71409940825055));
#8366=CARTESIAN_POINT('',(-6.75,-2.35796522451032,0.));
#8367=CARTESIAN_POINT('Ctrl Pts',(-6.87502320892461,-1.96381156854417,-8.74286725472939));
#8368=CARTESIAN_POINT('Ctrl Pts',(-6.83716014467134,-2.09636473691913,-8.73327797256978));
#8369=CARTESIAN_POINT('Ctrl Pts',(-6.79546250273302,-2.22782255308414,-8.72368869041016));
#8370=CARTESIAN_POINT('Ctrl Pts',(-6.74999999999976,-2.357965224511,-8.71409940825055));
#8371=CARTESIAN_POINT('Origin',(0.,0.,0.));
#8372=CARTESIAN_POINT('',(2.35796522452417,6.74999999999758,-9.82965057830335));
#8373=CARTESIAN_POINT('',(2.35796522451032,6.75,0.));
#8374=CARTESIAN_POINT('',(-2.35796522451082,6.74999999999992,-9.49534940825056));
#8375=CARTESIAN_POINT('Ctrl Pts',(2.35796522452403,6.74999999999489,-9.82965057830366));
#8376=CARTESIAN_POINT('Ctrl Pts',(0.845622360634102,7.27830398230781,-9.71821685495273));
#8377=CARTESIAN_POINT('Ctrl Pts',(-0.845622360619918,7.27830398230944,-9.60678313160179));
#8378=CARTESIAN_POINT('Ctrl Pts',(-2.35796522451087,6.74999999999948,-9.49534940825086));
#8379=CARTESIAN_POINT('',(-2.35796522451032,6.75,0.));
#8380=CARTESIAN_POINT('Origin',(0.,0.,0.));
#8381=CARTESIAN_POINT('',(-3.10563757294408,6.4403039730708,-9.43902557830338));
#8382=CARTESIAN_POINT('',(-3.10563757295589,6.4403039730625,0.));
#8383=CARTESIAN_POINT('',(-6.44030397306248,3.10563757295593,-9.1047244082506));
#8384=CARTESIAN_POINT('Ctrl Pts',(-3.10563757294226,6.44030397306885,-9.43902557830359));
#8385=CARTESIAN_POINT('Ctrl Pts',(-4.54859279832623,5.74448340578428,-9.32759185476523));
#8386=CARTESIAN_POINT('Ctrl Pts',(-5.74448341091709,4.54859279184394,-9.21615813122687));
#8387=CARTESIAN_POINT('Ctrl Pts',(-6.44030397657337,3.10563756567478,-9.10472440768851));
#8388=CARTESIAN_POINT('',(-6.4403039730625,3.10563757295589,0.));
#8389=CARTESIAN_POINT('Origin',(0.,0.,0.));
#8390=CARTESIAN_POINT('',(-6.75,2.35796522451034,-9.04840057830233));
#8391=CARTESIAN_POINT('',(-6.75,2.35796522451032,0.));
#8392=CARTESIAN_POINT('Ctrl Pts',(-6.74999999999901,2.35796522450998,-9.04840057830342));
#8393=CARTESIAN_POINT('Ctrl Pts',(-6.7954625047549,2.22782254729302,-9.03881129571717));
#8394=CARTESIAN_POINT('Ctrl Pts',(-6.8371601483808,2.09636472522085,-9.02922201313093));
#8395=CARTESIAN_POINT('Ctrl Pts',(-6.87502321397745,1.96381155085109,-9.01963273054468));
#8396=CARTESIAN_POINT('Origin',(0.,0.,0.));
#8397=CARTESIAN_POINT('',(6.74999999999996,2.35796522451055,-10.2765994082506));
#8398=CARTESIAN_POINT('',(6.75,2.35796522451032,0.));
#8399=CARTESIAN_POINT('',(6.87502321387906,1.96381155102864,-10.3053672559938));
#8400=CARTESIAN_POINT('',(6.87502321397766,1.96381155085419,0.));
#8401=CARTESIAN_POINT('Ctrl Pts',(6.87502321391698,1.96381155106659,-10.3053672559938));
#8402=CARTESIAN_POINT('Ctrl Pts',(6.83716014833665,2.09636472536353,-10.2957779734127));
#8403=CARTESIAN_POINT('Ctrl Pts',(6.79546250473123,2.22782254736397,-10.2861886908316));
#8404=CARTESIAN_POINT('Ctrl Pts',(6.7499999999999,2.35796522451059,-10.2765994082506));
#8405=CARTESIAN_POINT('Ctrl Pts',(6.44030397306442,-3.10563757295397,-7.54222440824948));
#8406=CARTESIAN_POINT('Ctrl Pts',(5.74448340694722,-4.54859279591069,-7.65365813160047));
#8407=CARTESIAN_POINT('Ctrl Pts',(4.54859279590071,-5.74448340695512,-7.76509185495145));
#8408=CARTESIAN_POINT('Ctrl Pts',(3.10563757294278,-6.44030397306982,-7.87652557830244));
#8409=CARTESIAN_POINT('Ctrl Pts',(6.32016258617559,-3.04770310173192,-7.68116242173645));
#8410=CARTESIAN_POINT('Ctrl Pts',(5.63732228437335,-4.46374055148577,-7.79259614508743));
#8411=CARTESIAN_POINT('Ctrl Pts',(4.46374055147598,-5.6373222843811,-7.90402986843842));
#8412=CARTESIAN_POINT('Ctrl Pts',(3.04770310172094,-6.32016258618089,-8.01546359178941));
#8413=CARTESIAN_POINT('Ctrl Pts',(6.20002119928676,-2.98976863050987,-7.82010043522341));
#8414=CARTESIAN_POINT('Ctrl Pts',(5.53016116179949,-4.37888830706085,-7.9315341585744));
#8415=CARTESIAN_POINT('Ctrl Pts',(4.37888830705124,-5.53016116180709,-8.04296788192539));
#8416=CARTESIAN_POINT('Ctrl Pts',(2.9897686304991,-6.20002119929195,-8.15440160527637));
#8417=CARTESIAN_POINT('Ctrl Pts',(6.07987981239793,-2.93183415928782,-7.95903844871038));
#8418=CARTESIAN_POINT('Ctrl Pts',(5.42300003922562,-4.29403606263593,-8.07047217206137));
#8419=CARTESIAN_POINT('Ctrl Pts',(4.29403606262651,-5.42300003923308,-8.18190589541236));
#8420=CARTESIAN_POINT('Ctrl Pts',(2.93183415927726,-6.07987981240302,-8.29333961876334));
#8421=CARTESIAN_POINT('Ctrl Pts',(3.10563757295396,-6.44030397306444,-7.87652557830157));
#8422=CARTESIAN_POINT('Ctrl Pts',(3.3690847973742,-6.1768567486442,-7.98004700708808));
#8423=CARTESIAN_POINT('Ctrl Pts',(3.63613320073648,-5.90980834528191,-8.05668717571416));
#8424=CARTESIAN_POINT('Ctrl Pts',(4.06328276036309,-5.4826587856553,-8.12580816966483));
#8425=CARTESIAN_POINT('Ctrl Pts',(4.21888821886761,-5.32705332715077,-8.14007476773487));
#8426=CARTESIAN_POINT('Ctrl Pts',(4.44954535198252,-5.09639619403587,-8.14442149161032));
#8427=CARTESIAN_POINT('Ctrl Pts',(4.52379133306971,-5.0221502129472,-8.14326179461377));
#8428=CARTESIAN_POINT('Ctrl Pts',(4.63819798254591,-4.907743563471,-8.13752874610056));
#8429=CARTESIAN_POINT('Ctrl Pts',(4.67831780681584,-4.86762373920255,-8.1347696230132));
#8430=CARTESIAN_POINT('Ctrl Pts',(4.75140741754452,-4.79453412847387,-8.12838501795749));
#8431=CARTESIAN_POINT('Ctrl Pts',(4.78436979482837,-4.76157175119003,-8.12500105502775));
#8432=CARTESIAN_POINT('Ctrl Pts',(4.8560993149333,-4.68984223108509,-8.11654569715123));
#8433=CARTESIAN_POINT('Ctrl Pts',(4.89483896906584,-4.65110257695275,-8.11128352283686));
#8434=CARTESIAN_POINT('Ctrl Pts',(4.99996016402265,-4.54598138199595,-8.09513536586933));
#8435=CARTESIAN_POINT('Ctrl Pts',(5.06618436044026,-4.47975718557381,-8.08293284245786));
#8436=CARTESIAN_POINT('Ctrl Pts',(5.37525136455574,-4.17069018145832,-8.01673358743763));
#8437=CARTESIAN_POINT('Ctrl Pts',(5.61396463685127,-3.93197690916712,-7.93876988984336));
#8438=CARTESIAN_POINT('Ctrl Pts',(6.04971915484815,-3.49622239117024,-7.75434408221698));
#8439=CARTESIAN_POINT('Ctrl Pts',(6.24677976492838,-3.29916178109001,-7.65421493160135));
#8440=CARTESIAN_POINT('Ctrl Pts',(6.44030397306442,-3.10563757295397,-7.54222440824948));
#8441=CARTESIAN_POINT('Ctrl Pts',(2.357965224513,-6.75000000000001,-7.93284940824948));
#8442=CARTESIAN_POINT('Ctrl Pts',(0.845622360620937,-7.27830398231081,-8.04428313160049));
#8443=CARTESIAN_POINT('Ctrl Pts',(-0.845622360634523,-7.27830398230923,
-8.15571685495149));
#8444=CARTESIAN_POINT('Ctrl Pts',(-2.3579652245256,-6.74999999999561,-8.2671505783025));
#8445=CARTESIAN_POINT('Ctrl Pts',(2.31397829260832,-6.62408135316419,-8.07178742173645));
#8446=CARTESIAN_POINT('Ctrl Pts',(0.829847601601161,-7.1425300284275,-8.18322114508746));
#8447=CARTESIAN_POINT('Ctrl Pts',(-0.829847601614495,-7.14253002842595,
-8.29465486843846));
#8448=CARTESIAN_POINT('Ctrl Pts',(-2.31397829262069,-6.62408135315987,-8.40608859178947));
#8449=CARTESIAN_POINT('Ctrl Pts',(2.26999136070364,-6.49816270632837,-8.21072543522342));
#8450=CARTESIAN_POINT('Ctrl Pts',(0.814072842581382,-7.0067560745442,-8.32215915857443));
#8451=CARTESIAN_POINT('Ctrl Pts',(-0.814072842594459,-7.00675607454268,
-8.43359288192543));
#8452=CARTESIAN_POINT('Ctrl Pts',(-2.26999136071577,-6.49816270632414,-8.54502660527644));
#8453=CARTESIAN_POINT('Ctrl Pts',(2.22600442879896,-6.37224405949255,-8.34966344871039));
#8454=CARTESIAN_POINT('Ctrl Pts',(0.798298083561605,-6.87098212066089,-8.4610971720614));
#8455=CARTESIAN_POINT('Ctrl Pts',(-0.79829808357443,-6.8709821206594,-8.5725308954124));
#8456=CARTESIAN_POINT('Ctrl Pts',(-2.22600442881086,-6.3722440594884,-8.68396461876341));
#8457=CARTESIAN_POINT('Ctrl Pts',(-2.35796522451303,-6.75,-8.26715057830158));
#8458=CARTESIAN_POINT('Ctrl Pts',(-1.98539458676828,-6.75,-8.37067200708811));
#8459=CARTESIAN_POINT('Ctrl Pts',(-1.60773111292298,-6.74999999999999,-8.44731217571425));
#8460=CARTESIAN_POINT('Ctrl Pts',(-1.00365041253711,-6.74999999999999,-8.51643316966488));
#8461=CARTESIAN_POINT('Ctrl Pts',(-0.783591062740891,-6.75,-8.53069976773488));
#8462=CARTESIAN_POINT('Ctrl Pts',(-0.457392616832037,-6.75,-8.53504649161031));
#8463=CARTESIAN_POINT('Ctrl Pts',(-0.352392943425805,-6.74999999999895,
-8.53388679461377));
#8464=CARTESIAN_POINT('Ctrl Pts',(-0.190597508110855,-6.74999999999895,
-8.52815374610056));
#8465=CARTESIAN_POINT('Ctrl Pts',(-0.133859508509291,-6.75,-8.52539462301319));
#8466=CARTESIAN_POINT('Ctrl Pts',(-0.0304951897486375,-6.75,-8.5190100179575));
#8467=CARTESIAN_POINT('Ctrl Pts',(0.0161206512539872,-6.75,-8.51562605502779));
#8468=CARTESIAN_POINT('Ctrl Pts',(0.11756151140945,-6.75,-8.50717069715122));
#8469=CARTESIAN_POINT('Ctrl Pts',(0.172347655685285,-6.75000000000014,-8.50190852283684));
#8470=CARTESIAN_POINT('Ctrl Pts',(0.321011475285766,-6.75000000000014,-8.48576036586935));
#8471=CARTESIAN_POINT('Ctrl Pts',(0.41466663201989,-6.74999999999694,-8.47355784245791));
#8472=CARTESIAN_POINT('Ctrl Pts',(0.851753380922363,-6.74999999999694,-8.40735858743763));
#8473=CARTESIAN_POINT('Ctrl Pts',(1.18934492811817,-6.75,-8.32939488984331));
#8474=CARTESIAN_POINT('Ctrl Pts',(1.80559487733463,-6.75,-8.14496908221695));
#8475=CARTESIAN_POINT('Ctrl Pts',(2.0842806647197,-6.75,-8.04483993160128));
#8476=CARTESIAN_POINT('Ctrl Pts',(2.357965224513,-6.75,-7.93284940824949));
#8477=CARTESIAN_POINT('Ctrl Pts',(-3.10563757295396,-6.44030397306443,-8.32347440824948));
#8478=CARTESIAN_POINT('Ctrl Pts',(-4.54859279591035,-5.74448340694739,-8.43490813160044));
#8479=CARTESIAN_POINT('Ctrl Pts',(-5.74448340695456,-4.54859279590129,-8.5463418549514));
#8480=CARTESIAN_POINT('Ctrl Pts',(-6.44030397306933,-3.1056375729438,-8.65777557830236));
#8481=CARTESIAN_POINT('Ctrl Pts',(-3.04770310173191,-6.3201625861756,-8.46241242173645));
#8482=CARTESIAN_POINT('Ctrl Pts',(-4.46374055148543,-5.63732228437352,-8.57384614508741));
#8483=CARTESIAN_POINT('Ctrl Pts',(-5.63732228438056,-4.46374055147654,-8.68527986843837));
#8484=CARTESIAN_POINT('Ctrl Pts',(-6.3201625861804,-3.04770310172194,-8.79671359178933));
#8485=CARTESIAN_POINT('Ctrl Pts',(-2.98976863050986,-6.20002119928676,-8.60135043522342));
#8486=CARTESIAN_POINT('Ctrl Pts',(-4.37888830706051,-5.53016116179965,-8.71278415857438));
#8487=CARTESIAN_POINT('Ctrl Pts',(-5.53016116180655,-4.3788883070518,-8.82421788192534));
#8488=CARTESIAN_POINT('Ctrl Pts',(-6.20002119929148,-2.98976863050008,-8.9356516052763));
#8489=CARTESIAN_POINT('Ctrl Pts',(-2.93183415928781,-6.07987981239793,-8.74028844871039));
#8490=CARTESIAN_POINT('Ctrl Pts',(-4.2940360626356,-5.42300003922578,-8.85172217206135));
#8491=CARTESIAN_POINT('Ctrl Pts',(-5.42300003923255,-4.29403606262705,-8.96315589541231));
#8492=CARTESIAN_POINT('Ctrl Pts',(-6.07987981240256,-2.93183415927822,-9.07458961876327));
#8493=CARTESIAN_POINT('Ctrl Pts',(-6.44030397306442,-3.10563757295398,-8.65777557830158));
#8494=CARTESIAN_POINT('Ctrl Pts',(-6.17685674864419,-3.3690847973742,-8.76129700708807));
#8495=CARTESIAN_POINT('Ctrl Pts',(-5.90980834528183,-3.63613320073657,-8.83793717571418));
#8496=CARTESIAN_POINT('Ctrl Pts',(-5.4826587856552,-4.06328276036319,-8.90705816966484));
#8497=CARTESIAN_POINT('Ctrl Pts',(-5.32705332715069,-4.21888821886769,-8.92132476773487));
#8498=CARTESIAN_POINT('Ctrl Pts',(-5.09639619403582,-4.44954535198257,-8.92567149161032));
#8499=CARTESIAN_POINT('Ctrl Pts',(-5.02215021294716,-4.52379133306974,-8.92451179461377));
#8500=CARTESIAN_POINT('Ctrl Pts',(-4.9077435634709,-4.638197982546,-8.91877874610056));
#8501=CARTESIAN_POINT('Ctrl Pts',(-4.8676237392024,-4.678317806816,-8.91601962301318));
#8502=CARTESIAN_POINT('Ctrl Pts',(-4.79453412847399,-4.7514074175444,-8.9096350179575));
#8503=CARTESIAN_POINT('Ctrl Pts',(-4.76157175119029,-4.7843697948281,-8.90625105502778));
#8504=CARTESIAN_POINT('Ctrl Pts',(-4.68984223108496,-4.85609931493343,-8.89779569715121));
#8505=CARTESIAN_POINT('Ctrl Pts',(-4.65110257695249,-4.89483896906611,-8.89253352283682));
#8506=CARTESIAN_POINT('Ctrl Pts',(-4.54598138199609,-4.99996016402251,-8.87638536586936));
#8507=CARTESIAN_POINT('Ctrl Pts',(-4.47975718557406,-5.06618436044,-8.86418284245792));
#8508=CARTESIAN_POINT('Ctrl Pts',(-4.17069018145832,-5.37525136455574,-8.79798358743764));
#8509=CARTESIAN_POINT('Ctrl Pts',(-3.93197690916714,-5.61396463685123,-8.72001988984338));
#8510=CARTESIAN_POINT('Ctrl Pts',(-3.49622239117017,-6.04971915484821,-8.53559408221696));
#8511=CARTESIAN_POINT('Ctrl Pts',(-3.29916178108989,-6.24677976492849,-8.43546493160128));
#8512=CARTESIAN_POINT('Ctrl Pts',(-3.10563757295396,-6.44030397306443,-8.32347440824948));
#8513=CARTESIAN_POINT('Ctrl Pts',(-6.75,-2.35796522451304,-8.71409940824948));
#8514=CARTESIAN_POINT('Ctrl Pts',(-6.79546250351184,-2.2278225508575,-8.72368869057331));
#8515=CARTESIAN_POINT('Ctrl Pts',(-6.8371601460998,-2.09636473241875,-8.73327797289714));
#8516=CARTESIAN_POINT('Ctrl Pts',(-6.87502321087018,-1.96381156173629,-8.74286725522097));
#8517=CARTESIAN_POINT('Ctrl Pts',(-6.72350797314623,-2.34871081295037,-8.74333057993691));
#8518=CARTESIAN_POINT('Ctrl Pts',(-6.76879204793749,-2.21907891606598,-8.75291986226074));
#8519=CARTESIAN_POINT('Ctrl Pts',(-6.81032603792291,-2.08813703600593,-8.76250914458457));
#8520=CARTESIAN_POINT('Ctrl Pts',(-6.84804049982978,-1.9561041026801,-8.7720984269084));
#8521=CARTESIAN_POINT('Ctrl Pts',(-6.69701594629246,-2.33945640138769,-8.77256175162434));
#8522=CARTESIAN_POINT('Ctrl Pts',(-6.74212159236315,-2.21033528127446,-8.78215103394817));
#8523=CARTESIAN_POINT('Ctrl Pts',(-6.78349192974602,-2.07990933959311,-8.791740316272));
#8524=CARTESIAN_POINT('Ctrl Pts',(-6.82105778878939,-1.94839664362392,-8.80132959859583));
#8525=CARTESIAN_POINT('Ctrl Pts',(-6.67052391943868,-2.33020198982502,-8.80179292331176));
#8526=CARTESIAN_POINT('Ctrl Pts',(-6.7154511367888,-2.20159164648294,-8.8113822056356));
#8527=CARTESIAN_POINT('Ctrl Pts',(-6.75665782156913,-2.07168164318029,-8.82097148795943));
#8528=CARTESIAN_POINT('Ctrl Pts',(-6.79407507774899,-1.94068918456773,-8.83056077028326));
#8529=CARTESIAN_POINT('Ctrl Pts',(-6.74999982662856,-2.08883470947177,-8.81968093827273));
#8530=CARTESIAN_POINT('Ctrl Pts',(-6.75000027308835,-2.1790644000294,-8.78582744970047));
#8531=CARTESIAN_POINT('Ctrl Pts',(-6.75,-2.26878129268462,-8.75059308260063));
#8532=CARTESIAN_POINT('Ctrl Pts',(-6.75,-2.35796522451304,-8.71409940824948));
#8533=CARTESIAN_POINT('Ctrl Pts',(6.87502321397915,-1.96381155085223,-7.4571327305427));
#8534=CARTESIAN_POINT('Ctrl Pts',(6.8371601483823,-2.09636472522266,-7.46672201312899));
#8535=CARTESIAN_POINT('Ctrl Pts',(6.79546250475616,-2.22782254729546,-7.47631129571528));
#8536=CARTESIAN_POINT('Ctrl Pts',(6.74999999999999,-2.35796522451305,-7.48590057830158));
#8537=CARTESIAN_POINT('Ctrl Pts',(6.84804050295301,-1.95610409184632,-7.48636390220146));
#8538=CARTESIAN_POINT('Ctrl Pts',(6.81032604022276,-2.08813702884615,-7.49595318478776));
#8539=CARTESIAN_POINT('Ctrl Pts',(6.76879204920308,-2.21907891252649,-7.50554246737405));
#8540=CARTESIAN_POINT('Ctrl Pts',(6.7235079731722,-2.34871081295945,-7.51513174996034));
#8541=CARTESIAN_POINT('Ctrl Pts',(6.82105779192687,-1.94839663284041,-7.51559507386023));
#8542=CARTESIAN_POINT('Ctrl Pts',(6.78349193206322,-2.07990933246964,-7.52518435644652));
#8543=CARTESIAN_POINT('Ctrl Pts',(6.74212159365,-2.21033527775753,-7.53477363903282));
#8544=CARTESIAN_POINT('Ctrl Pts',(6.69701594634441,-2.33945640140585,-7.54436292161911));
#8545=CARTESIAN_POINT('Ctrl Pts',(6.79407508090073,-1.9406891738345,-7.54482624551899));
#8546=CARTESIAN_POINT('Ctrl Pts',(6.75665782390369,-2.07168163609313,-7.55441552810529));
#8547=CARTESIAN_POINT('Ctrl Pts',(6.71545113809693,-2.20159164298856,-7.56400481069158));
#8548=CARTESIAN_POINT('Ctrl Pts',(6.67052391951661,-2.33020198985225,-7.57359409327787));
#8549=CARTESIAN_POINT('',(6.75,-2.08883476483184,-7.55570607796584));
#8550=CARTESIAN_POINT('Ctrl Pts',(6.74999999999999,-2.35796522451305,-7.48590057830158));
#8551=CARTESIAN_POINT('Ctrl Pts',(6.74999999999999,-2.26864577506184,-7.51071862913239));
#8552=CARTESIAN_POINT('Ctrl Pts',(6.75000003067749,-2.17893779934289,-7.53401798745337));
#8553=CARTESIAN_POINT('Ctrl Pts',(6.74999982622341,-2.08883470998035,-7.55570607796593));
#8554=CARTESIAN_POINT('Ctrl Pts',(6.74999982619334,-2.08883470997831,-7.55570607799696));
#8555=CARTESIAN_POINT('Ctrl Pts',(6.79188688304993,-2.04694309687576,-7.52323565152588));
#8556=CARTESIAN_POINT('Ctrl Pts',(6.83356354339379,-2.00527122143803,-7.49036240293269));
#8557=CARTESIAN_POINT('Ctrl Pts',(6.87502321397896,-1.96381155085288,-7.45713273054275));
#8558=CARTESIAN_POINT('Ctrl Pts',(3.10563757295393,6.44030397306444,-9.88597440824948));
#8559=CARTESIAN_POINT('Ctrl Pts',(4.54859279591015,5.74448340694749,-9.99740813160043));
#8560=CARTESIAN_POINT('Ctrl Pts',(5.74448340695425,4.54859279590161,-10.1088418549514));
#8561=CARTESIAN_POINT('Ctrl Pts',(6.44030397306906,3.10563757294435,-10.2202755783023));
#8562=CARTESIAN_POINT('Ctrl Pts',(3.04770310173194,6.32016258617572,-10.0249124217363));
#8563=CARTESIAN_POINT('Ctrl Pts',(4.46374055148532,5.63732228437372,-10.1363461450873));
#8564=CARTESIAN_POINT('Ctrl Pts',(5.63732228438036,4.46374055147693,-10.2477798684382));
#8565=CARTESIAN_POINT('Ctrl Pts',(6.32016258618026,3.04770310172254,-10.3592135917892));
#8566=CARTESIAN_POINT('Ctrl Pts',(2.98976863050994,6.200021199287,-10.1638504352232));
#8567=CARTESIAN_POINT('Ctrl Pts',(4.37888830706049,5.53016116179995,-10.2752841585741));
#8568=CARTESIAN_POINT('Ctrl Pts',(5.53016116180646,4.37888830705226,-10.3867178819251));
#8569=CARTESIAN_POINT('Ctrl Pts',(6.20002119929145,2.98976863050072,-10.498151605276));
#8570=CARTESIAN_POINT('Ctrl Pts',(2.93183415928795,6.07987981239829,-10.30278844871));
#8571=CARTESIAN_POINT('Ctrl Pts',(4.29403606263566,5.42300003922618,-10.4142221720609));
#8572=CARTESIAN_POINT('Ctrl Pts',(5.42300003923256,4.29403606262759,-10.5256558954119));
#8573=CARTESIAN_POINT('Ctrl Pts',(6.07987981240265,2.9318341592789,-10.6370896187628));
#8574=CARTESIAN_POINT('Ctrl Pts',(6.44030397306445,3.10563757295394,-10.2202755783016));
#8575=CARTESIAN_POINT('Ctrl Pts',(6.1768567483036,3.36908479771479,-10.3237970072219));
#8576=CARTESIAN_POINT('Ctrl Pts',(5.90980834459478,3.63613320142363,-10.400437175911));
#8577=CARTESIAN_POINT('Ctrl Pts',(5.48265878480566,4.06328276121276,-10.4695581697533));
#8578=CARTESIAN_POINT('Ctrl Pts',(5.32705332649843,4.21888821951996,-10.483824767769));
#8579=CARTESIAN_POINT('Ctrl Pts',(5.09639619366983,4.44954535234856,-10.4881714916068));
#8580=CARTESIAN_POINT('Ctrl Pts',(5.02215021266672,4.52379133335019,-10.4870117946042));
#8581=CARTESIAN_POINT('Ctrl Pts',(4.90774356330966,4.63819798270725,-10.4812787460901));
#8582=CARTESIAN_POINT('Ctrl Pts',(4.86762373907457,4.67831780694383,-10.4785196230032));
#8583=CARTESIAN_POINT('Ctrl Pts',(4.79453412840002,4.75140741761837,-10.4721350179501));
#8584=CARTESIAN_POINT('Ctrl Pts',(4.76157175113694,4.78436979488145,-10.4687510550218));
#8585=CARTESIAN_POINT('Ctrl Pts',(4.68984223106811,4.85609931495028,-10.4602956971488));
#8586=CARTESIAN_POINT('Ctrl Pts',(4.65110257695172,4.89483896906687,-10.4550335228365));
#8587=CARTESIAN_POINT('Ctrl Pts',(4.54598138201925,4.99996016399935,-10.4388853658732));
#8588=CARTESIAN_POINT('Ctrl Pts',(4.47975718560498,5.06618436040909,-10.4266828424638));
#8589=CARTESIAN_POINT('Ctrl Pts',(4.17069018133324,5.37525136468082,-10.3604835874137));
#8590=CARTESIAN_POINT('Ctrl Pts',(3.93197690888433,5.61396463713406,-10.2825198897521));
#8591=CARTESIAN_POINT('Ctrl Pts',(3.4962223908848,6.04971915513359,-10.0980940820719));
#8592=CARTESIAN_POINT('Ctrl Pts',(3.29916178094997,6.24677976506842,-9.99796493152031));
#8593=CARTESIAN_POINT('Ctrl Pts',(3.10563757295394,6.44030397306445,-9.88597440824947));
#8594=CARTESIAN_POINT('Ctrl Pts',(6.75000000000002,2.35796522451299,-10.2765994082495));
#8595=CARTESIAN_POINT('Ctrl Pts',(6.79546250475609,2.22782254729566,-10.2861886908358));
#8596=CARTESIAN_POINT('Ctrl Pts',(6.83716014838217,2.09636472522306,-10.295777973422));
#8597=CARTESIAN_POINT('Ctrl Pts',(6.87502321397895,1.96381155085291,-10.3053672560083));
#8598=CARTESIAN_POINT('Ctrl Pts',(6.72350797297224,2.34871081288953,-10.3058305801289));
#8599=CARTESIAN_POINT('Ctrl Pts',(6.76879204900169,2.21907891246069,-10.3154198627152));
#8600=CARTESIAN_POINT('Ctrl Pts',(6.81032604002007,2.08813702878444,-10.3250091453015));
#8601=CARTESIAN_POINT('Ctrl Pts',(6.84804050274913,1.95610409178881,-10.3345984278877));
#8602=CARTESIAN_POINT('Ctrl Pts',(6.69701594594447,2.33945640126608,-10.3350617520083));
#8603=CARTESIAN_POINT('Ctrl Pts',(6.74212159324728,2.21033527762572,-10.3446510345946));
#8604=CARTESIAN_POINT('Ctrl Pts',(6.78349193165797,2.07990933234582,-10.3542403171809));
#8605=CARTESIAN_POINT('Ctrl Pts',(6.82105779151931,1.94839663272472,-10.3638295997671));
#8606=CARTESIAN_POINT('Ctrl Pts',(6.67052391891669,2.33020198964262,-10.3642929238877));
#8607=CARTESIAN_POINT('Ctrl Pts',(6.71545113749288,2.20159164279075,-10.373882206474));
#8608=CARTESIAN_POINT('Ctrl Pts',(6.75665782329587,2.0716816359072,-10.3834714890603));
#8609=CARTESIAN_POINT('Ctrl Pts',(6.79407508028949,1.94068917366062,-10.3930607716466));
#8610=CARTESIAN_POINT('',(6.75,2.08883476483185,-10.3821809384766));
#8611=CARTESIAN_POINT('Ctrl Pts',(6.74999982622339,2.08883470998026,-10.3821809384767));
#8612=CARTESIAN_POINT('Ctrl Pts',(6.7500002728164,2.17906440036348,-10.3483274498323));
#8613=CARTESIAN_POINT('Ctrl Pts',(6.75000000000002,2.26878129246581,-10.3130930826901));
#8614=CARTESIAN_POINT('Ctrl Pts',(6.75000000000002,2.35796522451299,-10.2765994082495));
#8615=CARTESIAN_POINT('Ctrl Pts',(6.87502321397894,1.96381155085291,-10.3053672560083));
#8616=CARTESIAN_POINT('Ctrl Pts',(6.83352285230627,2.00531191252558,-10.3314922254505));
#8617=CARTESIAN_POINT('Ctrl Pts',(6.79184750181744,2.04698726301446,-10.3571095675776));
#8618=CARTESIAN_POINT('Ctrl Pts',(6.74999999999994,2.08883476483197,-10.3821809384766));
#8619=CARTESIAN_POINT('Ctrl Pts',(-6.87502321397932,1.96381155085162,-9.01963273054265));
#8620=CARTESIAN_POINT('Ctrl Pts',(-6.83716014838243,2.09636472522223,-9.02922201312896));
#8621=CARTESIAN_POINT('Ctrl Pts',(-6.79546250475624,2.22782254729523,-9.03881129571527));
#8622=CARTESIAN_POINT('Ctrl Pts',(-6.75000000000001,2.357965224513,-9.04840057830157));
#8623=CARTESIAN_POINT('Ctrl Pts',(-6.84804050295318,1.95610409184571,-9.04886390220142));
#8624=CARTESIAN_POINT('Ctrl Pts',(-6.81032604022289,2.08813702884572,-9.05845318478772));
#8625=CARTESIAN_POINT('Ctrl Pts',(-6.76879204920316,2.21907891252626,-9.06804246737403));
#8626=CARTESIAN_POINT('Ctrl Pts',(-6.72350797317222,2.3487108129594,-9.07763174996034));
#8627=CARTESIAN_POINT('Ctrl Pts',(-6.82105779192704,1.9483966328398,-9.07809507386018));
#8628=CARTESIAN_POINT('Ctrl Pts',(-6.78349193206336,2.07990933246922,-9.08768435644649));
#8629=CARTESIAN_POINT('Ctrl Pts',(-6.74212159365009,2.2103352777573,-9.0972736390328));
#8630=CARTESIAN_POINT('Ctrl Pts',(-6.69701594634442,2.3394564014058,-9.1068629216191));
#8631=CARTESIAN_POINT('Ctrl Pts',(-6.7940750809009,1.94068917383389,-9.10732624551895));
#8632=CARTESIAN_POINT('Ctrl Pts',(-6.75665782390382,2.07168163609271,-9.11691552810525));
#8633=CARTESIAN_POINT('Ctrl Pts',(-6.71545113809701,2.20159164298833,-9.12650481069156));
#8634=CARTESIAN_POINT('Ctrl Pts',(-6.67052391951663,2.3302019898522,-9.13609409327787));
#8635=CARTESIAN_POINT('Ctrl Pts',(-6.75000000000001,2.357965224513,-9.04840057830157));
#8636=CARTESIAN_POINT('Ctrl Pts',(-6.75000000000002,2.26864577506204,-9.0732186291323));
#8637=CARTESIAN_POINT('Ctrl Pts',(-6.7500000306775,2.17893779934307,-9.09651798745332));
#8638=CARTESIAN_POINT('Ctrl Pts',(-6.74999982622341,2.08883470998035,-9.11820607796593));
#8639=CARTESIAN_POINT('Ctrl Pts',(-6.44030397657436,3.10563756567525,-9.10472440768737));
#8640=CARTESIAN_POINT('Ctrl Pts',(-5.74448341091797,4.54859279184463,-9.21615813122573));
#8641=CARTESIAN_POINT('Ctrl Pts',(-4.54859279832693,5.74448340578516,-9.32759185476409));
#8642=CARTESIAN_POINT('Ctrl Pts',(-3.10563757294274,6.44030397306984,-9.43902557830244));
#8643=CARTESIAN_POINT('Ctrl Pts',(-6.32016258962016,3.04770309458904,-9.24366242117421));
#8644=CARTESIAN_POINT('Ctrl Pts',(-5.63732228827013,4.46374054749564,-9.35509614471257));
#8645=CARTESIAN_POINT('Ctrl Pts',(-4.46374055385702,5.63732228323308,-9.46652986825092));
#8646=CARTESIAN_POINT('Ctrl Pts',(-3.04770310172095,6.32016258618102,-9.57796359178928));
#8647=CARTESIAN_POINT('Ctrl Pts',(-6.20002120266597,2.98976862350282,-9.38260043466105));
#8648=CARTESIAN_POINT('Ctrl Pts',(-5.53016116562229,4.37888830314665,-9.49403415819941));
#8649=CARTESIAN_POINT('Ctrl Pts',(-4.3788883093871,5.53016116068099,-9.60546788173776));
#8650=CARTESIAN_POINT('Ctrl Pts',(-2.98976863049917,6.2000211992922,-9.71690160527612));
#8651=CARTESIAN_POINT('Ctrl Pts',(-6.07987981571178,2.93183415241661,-9.52153844814789));
#8652=CARTESIAN_POINT('Ctrl Pts',(-5.42300004297445,4.29403605879766,-9.63297217168624));
#8653=CARTESIAN_POINT('Ctrl Pts',(-4.29403606491718,5.4230000381289,-9.7444058952246));
#8654=CARTESIAN_POINT('Ctrl Pts',(-2.93183415927738,6.07987981240338,-9.85583961876296));
#8655=CARTESIAN_POINT('Ctrl Pts',(-3.10563757295396,6.44030397306443,-9.43902557830157));
#8656=CARTESIAN_POINT('Ctrl Pts',(-3.36908479771477,6.17685674830363,-9.5425470072219));
#8657=CARTESIAN_POINT('Ctrl Pts',(-3.63613320142377,5.90980834459463,-9.61918717591107));
#8658=CARTESIAN_POINT('Ctrl Pts',(-4.06328276121318,5.48265878480521,-9.6883081697534));
#8659=CARTESIAN_POINT('Ctrl Pts',(-4.21888821952025,5.32705332649815,-9.702574767769));
#8660=CARTESIAN_POINT('Ctrl Pts',(-4.44954535234867,5.09639619366972,-9.70692149160684));
#8661=CARTESIAN_POINT('Ctrl Pts',(-4.52379133335027,5.02215021266664,-9.70576179460419));
#8662=CARTESIAN_POINT('Ctrl Pts',(-4.6381979827074,4.9077435633095,-9.70002874609005));
#8663=CARTESIAN_POINT('Ctrl Pts',(-4.67831780694407,4.86762373907432,-9.69726962300317));
#8664=CARTESIAN_POINT('Ctrl Pts',(-4.75140741761836,4.79453412840003,-9.69088501795007));
#8665=CARTESIAN_POINT('Ctrl Pts',(-4.78436979488138,4.76157175113701,-9.68750105502184));
#8666=CARTESIAN_POINT('Ctrl Pts',(-4.85609931495031,4.68984223106808,-9.67904569714883));
#8667=CARTESIAN_POINT('Ctrl Pts',(-4.89483896906686,4.65110257695174,-9.67378352283652));
#8668=CARTESIAN_POINT('Ctrl Pts',(-4.99996016399945,4.54598138201914,-9.65763536587321));
#8669=CARTESIAN_POINT('Ctrl Pts',(-5.06618436040922,4.47975718560485,-9.64543284246373));
#8670=CARTESIAN_POINT('Ctrl Pts',(-5.37525136468081,4.17069018133326,-9.57923358741371));
#8671=CARTESIAN_POINT('Ctrl Pts',(-5.61396463713404,3.93197690888436,-9.50126988975214));
#8672=CARTESIAN_POINT('Ctrl Pts',(-6.04971915513356,3.49622239088483,-9.31684408207195));
#8673=CARTESIAN_POINT('Ctrl Pts',(-6.24677976506837,3.29916178095002,-9.21671493152034));
#8674=CARTESIAN_POINT('Ctrl Pts',(-6.44030397306445,3.10563757295394,-9.10472440824946));
#8675=CARTESIAN_POINT('Ctrl Pts',(-2.35796522451308,6.74999999999998,-9.49534940824948));
#8676=CARTESIAN_POINT('Ctrl Pts',(-0.845622360621398,7.27830398231067,-9.60678313160046));
#8677=CARTESIAN_POINT('Ctrl Pts',(0.845622360633663,7.27830398230924,-9.71821685495144));
#8678=CARTESIAN_POINT('Ctrl Pts',(2.35796522452445,6.74999999999601,-9.82965057830242));
#8679=CARTESIAN_POINT('Ctrl Pts',(-2.31397829260844,6.62408135316429,-9.63428742173632));
#8680=CARTESIAN_POINT('Ctrl Pts',(-0.829847601601628,7.14253002842749,-9.74572114508729));
#8681=CARTESIAN_POINT('Ctrl Pts',(0.829847601613667,7.14253002842609,-9.85715486843828));
#8682=CARTESIAN_POINT('Ctrl Pts',(2.3139782926196,6.62408135316039,-9.96858859178925));
#8683=CARTESIAN_POINT('Ctrl Pts',(-2.2699913607038,6.49816270632859,-9.77322543522315));
#8684=CARTESIAN_POINT('Ctrl Pts',(-0.814072842581855,7.00675607454432,-9.88465915857413));
#8685=CARTESIAN_POINT('Ctrl Pts',(0.814072842593659,7.00675607454295,-9.99609288192511));
#8686=CARTESIAN_POINT('Ctrl Pts',(2.26999136071475,6.49816270632476,-10.1075266052761));
#8687=CARTESIAN_POINT('Ctrl Pts',(-2.22600442879916,6.37224405949289,-9.91216344870999));
#8688=CARTESIAN_POINT('Ctrl Pts',(-0.798298083562085,6.87098212066114,-10.023597172061));
#8689=CARTESIAN_POINT('Ctrl Pts',(0.798298083573664,6.8709821206598,-10.1350308954119));
#8690=CARTESIAN_POINT('Ctrl Pts',(2.2260044288099,6.37224405948914,-10.2464646187629));
#8691=CARTESIAN_POINT('Ctrl Pts',(2.35796522451305,6.75,-9.82965057830157));
#8692=CARTESIAN_POINT('Ctrl Pts',(1.98539458628727,6.75,-9.93317200722176));
#8693=CARTESIAN_POINT('Ctrl Pts',(1.6077311119524,6.75,-10.0098121759109));
#8694=CARTESIAN_POINT('Ctrl Pts',(1.00365041133657,6.75,-10.0789331697533));
#8695=CARTESIAN_POINT('Ctrl Pts',(0.783591061819208,6.75000000000001,-10.093199767769));
#8696=CARTESIAN_POINT('Ctrl Pts',(0.457392616315068,6.75000000000001,-10.0975464916068));
#8697=CARTESIAN_POINT('Ctrl Pts',(0.352392943029629,6.74999999999895,-10.0963867946042));
#8698=CARTESIAN_POINT('Ctrl Pts',(0.190597507882854,6.74999999999895,-10.0906537460901));
#8699=CARTESIAN_POINT('Ctrl Pts',(0.133859508328352,6.75,-10.0878946230032));
#8700=CARTESIAN_POINT('Ctrl Pts',(0.0304951896439415,6.75,-10.0815100179501));
#8701=CARTESIAN_POINT('Ctrl Pts',(-0.0161206513296894,6.75,-10.0781260550218));
#8702=CARTESIAN_POINT('Ctrl Pts',(-0.117561511433107,6.75,-10.0696706971489));
#8703=CARTESIAN_POINT('Ctrl Pts',(-0.172347655686058,6.75000000000014,-10.0644085228366));
#8704=CARTESIAN_POINT('Ctrl Pts',(-0.321011475253012,6.75000000000014,-10.0482603658732));
#8705=CARTESIAN_POINT('Ctrl Pts',(-0.414666631976222,6.74999999999694,-10.0360578424637));
#8706=CARTESIAN_POINT('Ctrl Pts',(-0.851753381099188,6.74999999999694,-9.9698585874137));
#8707=CARTESIAN_POINT('Ctrl Pts',(-1.18934492851804,6.75000000000001,-9.89189488975208));
#8708=CARTESIAN_POINT('Ctrl Pts',(-1.80559487773808,6.75000000000001,-9.70746908207197));
#8709=CARTESIAN_POINT('Ctrl Pts',(-2.08428066491732,6.74999999999999,-9.60733993152042));
#8710=CARTESIAN_POINT('Ctrl Pts',(-2.3579652245131,6.74999999999999,-9.49534940824947));
#8711=CARTESIAN_POINT('Ctrl Pts',(-2.93183415928763,-6.07987981239844,-10.40666037112));
#8712=CARTESIAN_POINT('Ctrl Pts',(-4.29403606263473,-5.42300003922671,-10.5180940944709));
#8713=CARTESIAN_POINT('Ctrl Pts',(-5.42300003923129,-4.29403606262895,-10.6295278178218));
#8714=CARTESIAN_POINT('Ctrl Pts',(-6.07987981240156,-2.93183415928115,-10.7409615411727));
#8715=CARTESIAN_POINT('Ctrl Pts',(-2.98976863050963,-6.2000211992872,-10.5455983840955));
#8716=CARTESIAN_POINT('Ctrl Pts',(-4.37888830705957,-5.53016116180053,-10.6570321074464));
#8717=CARTESIAN_POINT('Ctrl Pts',(-5.5301611618052,-4.37888830705368,-10.7684658307973));
#8718=CARTESIAN_POINT('Ctrl Pts',(-6.20002119929039,-2.98976863050303,-10.8798995541482));
#8719=CARTESIAN_POINT('Ctrl Pts',(-3.04770310173164,-6.32016258617597,-10.684536397071));
#8720=CARTESIAN_POINT('Ctrl Pts',(-4.46374055148441,-5.63732228437435,-10.7959701204219));
#8721=CARTESIAN_POINT('Ctrl Pts',(-5.63732228437911,-4.46374055147841,-10.9074038437728));
#8722=CARTESIAN_POINT('Ctrl Pts',(-6.32016258617921,-3.04770310172491,-11.0188375671237));
#8723=CARTESIAN_POINT('Ctrl Pts',(-3.10563757295365,-6.44030397306473,-10.8234744100466));
#8724=CARTESIAN_POINT('Ctrl Pts',(-4.54859279590926,-5.74448340694817,-10.9349081333975));
#8725=CARTESIAN_POINT('Ctrl Pts',(-5.74448340695302,-4.54859279590313,-11.0463418567484));
#8726=CARTESIAN_POINT('Ctrl Pts',(-6.44030397306804,-3.10563757294679,-11.1577755800993));
#8727=CARTESIAN_POINT('',(-3.10563757295369,-6.44030397306405,-10.8234744100455));
#8728=CARTESIAN_POINT('',(-6.44030397306864,-3.10563757294716,-11.1577755800982));
#8729=CARTESIAN_POINT('Ctrl Pts',(-3.10563757295366,-6.44030397306473,-10.8234744100466));
#8730=CARTESIAN_POINT('Ctrl Pts',(-3.36908479774886,-6.17685674826953,-10.7199529815838));
#8731=CARTESIAN_POINT('Ctrl Pts',(-3.63613320145428,-5.90980834456411,-10.6433128132814));
#8732=CARTESIAN_POINT('Ctrl Pts',(-4.06328276121711,-5.48265878480128,-10.574191819856));
#8733=CARTESIAN_POINT('Ctrl Pts',(-4.21888821952447,-5.32705332649391,-10.5599252219524));
#8734=CARTESIAN_POINT('Ctrl Pts',(-4.44954535234823,-5.09639619367015,-10.5555784982185));
#8735=CARTESIAN_POINT('Ctrl Pts',(-4.52379133335002,-5.02215021266688,-10.5567381952452));
#8736=CARTESIAN_POINT('Ctrl Pts',(-4.63819798270704,-4.90774356330986,-10.5624712437821));
#8737=CARTESIAN_POINT('Ctrl Pts',(-4.67831780694381,-4.86762373907459,-10.5652303668742));
#8738=CARTESIAN_POINT('Ctrl Pts',(-4.75140741761813,-4.79453412840026,-10.5716149719318));
#8739=CARTESIAN_POINT('Ctrl Pts',(-4.78436979488123,-4.76157175113716,-10.5749989348602));
#8740=CARTESIAN_POINT('Ctrl Pts',(-4.85609931495002,-4.68984223106837,-10.5834542927296));
#8741=CARTESIAN_POINT('Ctrl Pts',(-4.89483896906661,-4.65110257695198,-10.5887164670374));
#8742=CARTESIAN_POINT('Ctrl Pts',(-4.99996016399844,-4.54598138202016,-10.6048646239814));
#8743=CARTESIAN_POINT('Ctrl Pts',(-5.06618436040814,-4.47975718560592,-10.6170671473713));
#8744=CARTESIAN_POINT('Ctrl Pts',(-5.37525136465867,-4.17069018135539,-10.683266402291));
#8745=CARTESIAN_POINT('Ctrl Pts',(-5.61396463711066,-3.93197690890772,-10.7612300997504));
#8746=CARTESIAN_POINT('Ctrl Pts',(-6.04971915511338,-3.49622239090501,-10.9456559069122));
#8747=CARTESIAN_POINT('Ctrl Pts',(-6.24677976504704,-3.29916178097135,-11.0457850571614));
#8748=CARTESIAN_POINT('Ctrl Pts',(-6.44030397306473,-3.10563757295366,-11.1577755800987));
#8749=CARTESIAN_POINT('Ctrl Pts',(-3.10563757295276,-6.44030397306163,-10.8234744100433));
#8750=CARTESIAN_POINT('Ctrl Pts',(-4.5485927959075,-5.74448340694534,-10.9349081333942));
#8751=CARTESIAN_POINT('Ctrl Pts',(-5.74448340695054,-4.54859279590095,-11.0463418567451));
#8752=CARTESIAN_POINT('Ctrl Pts',(-6.44030397306517,-3.10563757294541,-11.1577755800959));
#8753=CARTESIAN_POINT('Ctrl Pts',(2.22600442879984,-6.37224405949265,-10.01603537112));
#8754=CARTESIAN_POINT('Ctrl Pts',(0.798298083562427,-6.87098212066119,-10.127469094471));
#8755=CARTESIAN_POINT('Ctrl Pts',(-0.798298083573763,-6.87098212065987,
-10.238902817822));
#8756=CARTESIAN_POINT('Ctrl Pts',(-2.22600442881035,-6.37224405948898,-10.350336541173));
#8757=CARTESIAN_POINT('Ctrl Pts',(2.2699913607045,-6.49816270632839,-10.1549733840955));
#8758=CARTESIAN_POINT('Ctrl Pts',(0.814072842582211,-7.00675607454441,-10.2664071074465));
#8759=CARTESIAN_POINT('Ctrl Pts',(-0.814072842593773,-7.00675607454307,
-10.3778408307975));
#8760=CARTESIAN_POINT('Ctrl Pts',(-2.26999136071523,-6.49816270632465,-10.4892745541485));
#8761=CARTESIAN_POINT('Ctrl Pts',(2.31397829260917,-6.62408135316413,-10.293911397071));
#8762=CARTESIAN_POINT('Ctrl Pts',(0.829847601601992,-7.14253002842764,-10.405345120422));
#8763=CARTESIAN_POINT('Ctrl Pts',(-0.829847601613777,-7.14253002842627,
-10.516778843773));
#8764=CARTESIAN_POINT('Ctrl Pts',(-2.3139782926201,-6.62408135316031,-10.628212567124));
#8765=CARTESIAN_POINT('Ctrl Pts',(2.35796522451384,-6.74999999999986,-10.4328494100466));
#8766=CARTESIAN_POINT('Ctrl Pts',(0.845622360621777,-7.27830398231086,-10.5442831333976));
#8767=CARTESIAN_POINT('Ctrl Pts',(-0.845622360633786,-7.27830398230947,
-10.6557168567486));
#8768=CARTESIAN_POINT('Ctrl Pts',(-2.35796522452498,-6.74999999999598,-10.7671505800996));
#8769=CARTESIAN_POINT('',(2.35796522451349,-6.74999999999944,-10.4328494100455));
#8770=CARTESIAN_POINT('',(-2.35796522452456,-6.74999999999751,-10.7671505800985));
#8771=CARTESIAN_POINT('Ctrl Pts',(2.35796522451348,-6.75,-10.4328494100466));
#8772=CARTESIAN_POINT('Ctrl Pts',(1.98539458623851,-6.75,-10.3293279815838));
#8773=CARTESIAN_POINT('Ctrl Pts',(1.60773111190808,-6.74999999999999,-10.2526878132813));
#8774=CARTESIAN_POINT('Ctrl Pts',(1.00365041132963,-6.74999999999999,-10.183566819856));
#8775=CARTESIAN_POINT('Ctrl Pts',(0.783591061812173,-6.74999999999999,-10.1693002219524));
#8776=CARTESIAN_POINT('Ctrl Pts',(0.457392616314819,-6.74999999999999,-10.1649534982185));
#8777=CARTESIAN_POINT('Ctrl Pts',(0.352392943029381,-6.74999999999895,-10.1661131952452));
#8778=CARTESIAN_POINT('Ctrl Pts',(0.190597507883147,-6.74999999999895,-10.1718462437821));
#8779=CARTESIAN_POINT('Ctrl Pts',(0.133859508328644,-6.75,-10.1746053668742));
#8780=CARTESIAN_POINT('Ctrl Pts',(0.0304951896441459,-6.75,-10.1809899719318));
#8781=CARTESIAN_POINT('Ctrl Pts',(-0.0161206513295235,-6.75,-10.1843739348603));
#8782=CARTESIAN_POINT('Ctrl Pts',(-0.117561511432943,-6.75,-10.1928292927296));
#8783=CARTESIAN_POINT('Ctrl Pts',(-0.172347655686044,-6.75000000000014,
-10.1980914670374));
#8784=CARTESIAN_POINT('Ctrl Pts',(-0.321011475251829,-6.75000000000014,
-10.2142396239815));
#8785=CARTESIAN_POINT('Ctrl Pts',(-0.414666631975112,-6.74999999999694,
-10.2264421473713));
#8786=CARTESIAN_POINT('Ctrl Pts',(-0.851753381067771,-6.74999999999694,
-10.292641402291));
#8787=CARTESIAN_POINT('Ctrl Pts',(-1.18934492848482,-6.75,-10.3706050997504));
#8788=CARTESIAN_POINT('Ctrl Pts',(-1.8055948777094,-6.75,-10.5550309069121));
#8789=CARTESIAN_POINT('Ctrl Pts',(-2.08428066488678,-6.75,-10.6551600571611));
#8790=CARTESIAN_POINT('Ctrl Pts',(-2.35796522451352,-6.75,-10.7671505800988));
#8791=CARTESIAN_POINT('Ctrl Pts',(2.35796522451276,-6.74999999999726,-10.4328494100436));
#8792=CARTESIAN_POINT('Ctrl Pts',(0.845622360621333,-7.278303982308,-10.5442831333946));
#8793=CARTESIAN_POINT('Ctrl Pts',(-0.845622360633504,-7.27830398230659,
-10.6557168567456));
#8794=CARTESIAN_POINT('Ctrl Pts',(-2.35796522452405,-6.74999999999332,-10.7671505800967));
#8795=CARTESIAN_POINT('Ctrl Pts',(6.79407508028956,-1.94068917366036,-9.8694392170242));
#8796=CARTESIAN_POINT('Ctrl Pts',(6.75665782329588,-2.07168163590719,-9.87902849961049));
#8797=CARTESIAN_POINT('Ctrl Pts',(6.71545113749282,-2.20159164279093,-9.88861778219678));
#8798=CARTESIAN_POINT('Ctrl Pts',(6.67052391891655,-2.33020198964303,-9.89820706478307));
#8799=CARTESIAN_POINT('Ctrl Pts',(6.82105779151943,-1.94839663272447,-9.89867038879608));
#8800=CARTESIAN_POINT('Ctrl Pts',(6.78349193165802,-2.07990933234582,-9.90825967138237));
#8801=CARTESIAN_POINT('Ctrl Pts',(6.74212159324727,-2.21033527762591,-9.91784895396867));
#8802=CARTESIAN_POINT('Ctrl Pts',(6.69701594594437,-2.3394564012665,-9.92743823655496));
#8803=CARTESIAN_POINT('Ctrl Pts',(6.84804050274929,-1.95610409178858,-9.92790156056797));
#8804=CARTESIAN_POINT('Ctrl Pts',(6.81032604002017,-2.08813702878446,-9.93749084315426));
#8805=CARTESIAN_POINT('Ctrl Pts',(6.76879204900172,-2.2190789124609,-9.94708012574055));
#8806=CARTESIAN_POINT('Ctrl Pts',(6.72350797297218,-2.34871081288998,-9.95666940832684));
#8807=CARTESIAN_POINT('Ctrl Pts',(6.87502321397916,-1.96381155085269,-9.95713273233985));
#8808=CARTESIAN_POINT('Ctrl Pts',(6.83716014838231,-2.09636472522309,-9.96672201492615));
#8809=CARTESIAN_POINT('Ctrl Pts',(6.79546250475617,-2.22782254729588,-9.97631129751244));
#8810=CARTESIAN_POINT('Ctrl Pts',(6.75,-2.35796522451346,-9.98590058009873));
#8811=CARTESIAN_POINT('',(6.75,-2.08883476483184,-9.88031905019423));
#8812=CARTESIAN_POINT('',(6.74999999999994,-2.35796522451064,-9.98590058009747));
#8813=CARTESIAN_POINT('Ctrl Pts',(6.7499998262234,-2.08883470998023,-9.88031905019412));
#8814=CARTESIAN_POINT('Ctrl Pts',(6.7500002728164,-2.17906440036002,-9.9141725387349));
#8815=CARTESIAN_POINT('Ctrl Pts',(6.75,-2.26878129246235,-9.94940690576921));
#8816=CARTESIAN_POINT('Ctrl Pts',(6.75,-2.35796522451346,-9.98590058009873));
#8817=CARTESIAN_POINT('',(6.8750232139782,-1.96381155085323,-9.95713273233882));
#8818=CARTESIAN_POINT('Ctrl Pts',(6.87502321397625,-1.96381155085262,-9.95713273233697));
#8819=CARTESIAN_POINT('Ctrl Pts',(6.8371601483797,-2.09636472522189,-9.96672201492318));
#8820=CARTESIAN_POINT('Ctrl Pts',(6.79546250475393,-2.22782254729357,-9.9763112975094));
#8821=CARTESIAN_POINT('Ctrl Pts',(6.7499999999982,-2.35796522451006,-9.98590058009561));
#8822=CARTESIAN_POINT('Ctrl Pts',(6.87502321397916,-1.96381155085269,-9.95713273233985));
#8823=CARTESIAN_POINT('Ctrl Pts',(6.83352285230488,-2.00531191252697,-9.93100776300598));
#8824=CARTESIAN_POINT('Ctrl Pts',(6.79184750181606,-2.04698726301578,-9.90539042098646));
#8825=CARTESIAN_POINT('Ctrl Pts',(6.75,-2.08883476483184,-9.88031905019424));
#8826=CARTESIAN_POINT('Ctrl Pts',(-6.67052391951649,-2.33020198985259,-11.1264058953929));
#8827=CARTESIAN_POINT('Ctrl Pts',(-6.7154511380968,-2.20159164298895,-11.1359951779792));
#8828=CARTESIAN_POINT('Ctrl Pts',(-6.75665782390355,-2.07168163609356,-11.1455844605655));
#8829=CARTESIAN_POINT('Ctrl Pts',(-6.79407508090059,-1.94068917383497,-11.1551737431518));
#8830=CARTESIAN_POINT('Ctrl Pts',(-6.69701594634433,-2.33945640140621,-11.1556370669441));
#8831=CARTESIAN_POINT('Ctrl Pts',(-6.74212159364992,-2.21033527775793,-11.1652263495304));
#8832=CARTESIAN_POINT('Ctrl Pts',(-6.78349193206313,-2.07990933247008,-11.1748156321167));
#8833=CARTESIAN_POINT('Ctrl Pts',(-6.82105779192678,-1.9483966328409,-11.184404914703));
#8834=CARTESIAN_POINT('Ctrl Pts',(-6.72350797317217,-2.34871081295983,-11.1848682384954));
#8835=CARTESIAN_POINT('Ctrl Pts',(-6.76879204920304,-2.21907891252691,-11.1944575210816));
#8836=CARTESIAN_POINT('Ctrl Pts',(-6.81032604022271,-2.08813702884661,-11.2040468036679));
#8837=CARTESIAN_POINT('Ctrl Pts',(-6.84804050295296,-1.95610409184682,-11.2136360862542));
#8838=CARTESIAN_POINT('Ctrl Pts',(-6.75,-2.35796522451345,-11.2140994100466));
#8839=CARTESIAN_POINT('Ctrl Pts',(-6.79546250475616,-2.22782254729589,-11.2236886926329));
#8840=CARTESIAN_POINT('Ctrl Pts',(-6.83716014838229,-2.09636472522313,-11.2332779752192));
#8841=CARTESIAN_POINT('Ctrl Pts',(-6.87502321397914,-1.96381155085275,-11.2428672578055));
#8842=CARTESIAN_POINT('',(-6.74999999999985,-2.35796522451116,-11.2140994100456));
#8843=CARTESIAN_POINT('Ctrl Pts',(-6.75,-2.35796522451345,-11.2140994100466));
#8844=CARTESIAN_POINT('Ctrl Pts',(-6.75,-2.2686457750591,-11.1892813593278));
#8845=CARTESIAN_POINT('Ctrl Pts',(-6.7500000306775,-2.17893779934004,-11.1659820011146));
#8846=CARTESIAN_POINT('Ctrl Pts',(-6.74999982622341,-2.0888347099803,-11.1442939107049));
#8847=CARTESIAN_POINT('Ctrl Pts',(-6.74999999999886,-2.35796522451088,-11.2140994100447));
#8848=CARTESIAN_POINT('Ctrl Pts',(-6.79546250475454,-2.22782254729457,-11.2236886926309));
#8849=CARTESIAN_POINT('Ctrl Pts',(-6.83716014838026,-2.09636472522309,-11.2332779752171));
#8850=CARTESIAN_POINT('Ctrl Pts',(-6.87502321397678,-1.963811550854,-11.2428672578033));
#8851=CARTESIAN_POINT('Ctrl Pts',(-2.22600442879931,6.37224405949222,-11.5785353711194));
#8852=CARTESIAN_POINT('Ctrl Pts',(-0.798298083561917,6.87098212066067,-11.6899690944704));
#8853=CARTESIAN_POINT('Ctrl Pts',(0.798298083574228,6.87098212065924,-11.8014028178214));
#8854=CARTESIAN_POINT('Ctrl Pts',(2.22600442881072,6.37224405948824,-11.9128365411724));
#8855=CARTESIAN_POINT('Ctrl Pts',(-2.26999136070403,6.49816270632815,-11.7174733840951));
#8856=CARTESIAN_POINT('Ctrl Pts',(-0.814072842581717,7.00675607454409,-11.8289071074461));
#8857=CARTESIAN_POINT('Ctrl Pts',(0.814072842594268,7.00675607454263,-11.9403408307971));
#8858=CARTESIAN_POINT('Ctrl Pts',(2.26999136071567,6.49816270632408,-12.0517745541482));
#8859=CARTESIAN_POINT('Ctrl Pts',(-2.31397829260876,6.62408135316407,-11.8564113970708));
#8860=CARTESIAN_POINT('Ctrl Pts',(-0.829847601601511,7.14253002842751,-11.9678451204219));
#8861=CARTESIAN_POINT('Ctrl Pts',(0.829847601614311,7.14253002842603,-12.0792788437729));
#8862=CARTESIAN_POINT('Ctrl Pts',(2.31397829262063,6.62408135315992,-12.1907125671239));
#8863=CARTESIAN_POINT('Ctrl Pts',(-2.35796522451348,6.74999999999999,-11.9953494100466));
#8864=CARTESIAN_POINT('Ctrl Pts',(-0.84562236062131,7.27830398231094,-12.1067831333976));
#8865=CARTESIAN_POINT('Ctrl Pts',(0.84562236063435,7.27830398230942,-12.2182168567486));
#8866=CARTESIAN_POINT('Ctrl Pts',(2.35796522452558,6.74999999999577,-12.3296505800996));
#8867=CARTESIAN_POINT('',(-2.3579652245117,6.74999999999976,-11.9953494100456));
#8868=CARTESIAN_POINT('',(2.35796522452522,6.7499999999974,-12.3296505800985));
#8869=CARTESIAN_POINT('Ctrl Pts',(-2.35796522451348,6.75,-11.9953494100466));
#8870=CARTESIAN_POINT('Ctrl Pts',(-1.98539458697638,6.75,-11.8918279817888));
#8871=CARTESIAN_POINT('Ctrl Pts',(-1.60773111339714,6.74999999999999,-11.815187813583));
#8872=CARTESIAN_POINT('Ctrl Pts',(-1.00365041317128,6.74999999999999,-11.7460668199917));
#8873=CARTESIAN_POINT('Ctrl Pts',(-0.783591063226108,6.75,-11.7318002220047));
#8874=CARTESIAN_POINT('Ctrl Pts',(-0.457392617108335,6.75,-11.7274534982131));
#8875=CARTESIAN_POINT('Ctrl Pts',(-0.352392943637404,6.74999999999895,-11.7286131952306));
#8876=CARTESIAN_POINT('Ctrl Pts',(-0.19059750823294,6.74999999999895,-11.734346243766));
#8877=CARTESIAN_POINT('Ctrl Pts',(-0.133859508606187,6.75,-11.7371053668588));
#8878=CARTESIAN_POINT('Ctrl Pts',(-0.0304951898046001,6.75,-11.7434899719204));
#8879=CARTESIAN_POINT('Ctrl Pts',(0.0161206512137301,6.75,-11.7468739348511));
#8880=CARTESIAN_POINT('Ctrl Pts',(0.117561511396251,6.75,-11.755329292726));
#8881=CARTESIAN_POINT('Ctrl Pts',(0.172347655684058,6.75000000000014,-11.7605914670369));
#8882=CARTESIAN_POINT('Ctrl Pts',(0.321011475302179,6.75000000000014,-11.7767396239874));
#8883=CARTESIAN_POINT('Ctrl Pts',(0.41466663204246,6.74999999999694,-11.7889421473803));
#8884=CARTESIAN_POINT('Ctrl Pts',(0.85175338079653,6.74999999999694,-11.8551414022543));
#8885=CARTESIAN_POINT('Ctrl Pts',(1.18934492787153,6.75,-11.9331050996105));
#8886=CARTESIAN_POINT('Ctrl Pts',(1.80559487709047,6.75,-12.1175309066897));
#8887=CARTESIAN_POINT('Ctrl Pts',(2.0842806645833,6.75,-12.217660057037));
#8888=CARTESIAN_POINT('Ctrl Pts',(2.35796522451347,6.75,-12.3296505800987));
#8889=CARTESIAN_POINT('Ctrl Pts',(-2.35796522451109,6.74999999999817,-11.9953494100441));
#8890=CARTESIAN_POINT('Ctrl Pts',(-0.845622360619865,7.27830398230838,-12.1067831333951));
#8891=CARTESIAN_POINT('Ctrl Pts',(0.845622360634531,7.27830398230669,-12.218216856746));
#8892=CARTESIAN_POINT('Ctrl Pts',(2.35796522452469,6.74999999999342,-12.329650580097));
#8893=CARTESIAN_POINT('Ctrl Pts',(-6.07987982376556,2.93183413571378,-11.187910369191));
#8894=CARTESIAN_POINT('Ctrl Pts',(-5.42300005208565,4.29403604946701,-11.2993440931848));
#8895=CARTESIAN_POINT('Ctrl Pts',(-4.294036070484,5.423000035444,-11.4107778171786));
#8896=CARTESIAN_POINT('Ctrl Pts',(-2.93183415927652,6.07987981240315,-11.5222115411724));
#8897=CARTESIAN_POINT('Ctrl Pts',(-6.20002121087912,2.98976860647005,-11.3268483821667));
#8898=CARTESIAN_POINT('Ctrl Pts',(-5.53016117491373,4.37888829363179,-11.4382821061605));
#8899=CARTESIAN_POINT('Ctrl Pts',(-4.37888831506408,5.53016115794323,-11.5497158301543));
#8900=CARTESIAN_POINT('Ctrl Pts',(-2.9897686304984,6.20002119929219,-11.6611495541482));
#8901=CARTESIAN_POINT('Ctrl Pts',(-6.32016259799269,3.04770307722631,-11.4657863951424));
#8902=CARTESIAN_POINT('Ctrl Pts',(-5.63732229774182,4.46374053779656,-11.5772201191362));
#8903=CARTESIAN_POINT('Ctrl Pts',(-4.46374055964416,5.63732228044247,-11.6886538431301));
#8904=CARTESIAN_POINT('Ctrl Pts',(-3.04770310172028,6.32016258618123,-11.8000875671239));
#8905=CARTESIAN_POINT('Ctrl Pts',(-6.44030398510626,3.10563754798258,-11.6047244081182));
#8906=CARTESIAN_POINT('Ctrl Pts',(-5.7444834205699,4.54859278196133,-11.716158132112));
#8907=CARTESIAN_POINT('Ctrl Pts',(-4.54859280422424,5.7444834029417,-11.8275918561058));
#8908=CARTESIAN_POINT('Ctrl Pts',(-3.10563757294216,6.44030397307027,-11.9390255800996));
#8909=CARTESIAN_POINT('',(-6.44030398921201,3.10563754997101,-11.6047244080067));
#8910=CARTESIAN_POINT('',(-3.10563757294353,6.44030397307119,-11.9390255800985));
#8911=CARTESIAN_POINT('Ctrl Pts',(-6.44030397306472,3.10563757295367,-11.6047244100466));
#8912=CARTESIAN_POINT('Ctrl Pts',(-6.17685674879151,3.36908479722687,-11.5012029817889));
#8913=CARTESIAN_POINT('Ctrl Pts',(-5.90980834561726,3.63613320040111,-11.4245628135831));
#8914=CARTESIAN_POINT('Ctrl Pts',(-5.48265878610369,4.06328275991468,-11.3554418199917));
#8915=CARTESIAN_POINT('Ctrl Pts',(-5.32705332749386,4.21888821852454,-11.3411752220047));
#8916=CARTESIAN_POINT('Ctrl Pts',(-5.0963961942313,4.4495453517871,-11.3368284982131));
#8917=CARTESIAN_POINT('Ctrl Pts',(-5.02215021309685,4.52379133292005,-11.3379881952306));
#8918=CARTESIAN_POINT('Ctrl Pts',(-4.90774356355723,4.63819798245967,-11.343721243766));
#8919=CARTESIAN_POINT('Ctrl Pts',(-4.86762373927088,4.67831780674752,-11.3464803668588));
#8920=CARTESIAN_POINT('Ctrl Pts',(-4.79453412851366,4.75140741750473,-11.3528649719204));
#8921=CARTESIAN_POINT('Ctrl Pts',(-4.76157175121891,4.78436979479948,-11.3562489348511));
#8922=CARTESIAN_POINT('Ctrl Pts',(-4.68984223109432,4.85609931492407,-11.364704292726));
#8923=CARTESIAN_POINT('Ctrl Pts',(-4.65110257695337,4.89483896906522,-11.3699664670369));
#8924=CARTESIAN_POINT('Ctrl Pts',(-4.54598138198436,4.99996016403424,-11.3861146239874));
#8925=CARTESIAN_POINT('Ctrl Pts',(-4.4797571855579,5.06618436045617,-11.3983171473804));
#8926=CARTESIAN_POINT('Ctrl Pts',(-4.17069018154728,5.37525136446679,-11.4645164022543));
#8927=CARTESIAN_POINT('Ctrl Pts',(-3.93197690934147,5.61396463667692,-11.5424800996105));
#8928=CARTESIAN_POINT('Ctrl Pts',(-3.49622239134283,6.04971915467556,-11.7269059066897));
#8929=CARTESIAN_POINT('Ctrl Pts',(-3.29916178118633,6.24677976483206,-11.827035057037));
#8930=CARTESIAN_POINT('Ctrl Pts',(-3.10563757295366,6.44030397306473,-11.9390255800987));
#8931=CARTESIAN_POINT('Ctrl Pts',(-6.44030398510374,3.1056375479815,-11.6047244081153));
#8932=CARTESIAN_POINT('Ctrl Pts',(-5.74448342056764,4.54859278195965,-11.7161581321091));
#8933=CARTESIAN_POINT('Ctrl Pts',(-4.54859280422246,5.74448340293952,-11.827591856103));
#8934=CARTESIAN_POINT('Ctrl Pts',(-3.10563757294097,6.44030397306781,-11.9390255800968));
#8935=CARTESIAN_POINT('Ctrl Pts',(-6.79407508028957,1.94068917366031,-11.4319392170242));
#8936=CARTESIAN_POINT('Ctrl Pts',(-6.75665782329588,2.07168163590718,-11.4415284996105));
#8937=CARTESIAN_POINT('Ctrl Pts',(-6.71545113749282,2.20159164279094,-11.4511177821968));
#8938=CARTESIAN_POINT('Ctrl Pts',(-6.67052391891653,2.33020198964307,-11.4607070647831));
#8939=CARTESIAN_POINT('Ctrl Pts',(-6.82105779151944,1.94839663272442,-11.4611703887961));
#8940=CARTESIAN_POINT('Ctrl Pts',(-6.78349193165803,2.07990933234582,-11.4707596713824));
#8941=CARTESIAN_POINT('Ctrl Pts',(-6.74212159324727,2.21033527762592,-11.4803489539687));
#8942=CARTESIAN_POINT('Ctrl Pts',(-6.69701594594435,2.33945640126655,-11.489938236555));
#8943=CARTESIAN_POINT('Ctrl Pts',(-6.84804050274931,1.95610409178853,-11.490401560568));
#8944=CARTESIAN_POINT('Ctrl Pts',(-6.81032604002017,2.08813702878445,-11.4999908431543));
#8945=CARTESIAN_POINT('Ctrl Pts',(-6.76879204900172,2.2190789124609,-11.5095801257406));
#8946=CARTESIAN_POINT('Ctrl Pts',(-6.72350797297217,2.34871081289003,-11.5191694083268));
#8947=CARTESIAN_POINT('Ctrl Pts',(-6.87502321397918,1.96381155085264,-11.5196327323398));
#8948=CARTESIAN_POINT('Ctrl Pts',(-6.83716014838231,2.09636472522308,-11.5292220149261));
#8949=CARTESIAN_POINT('Ctrl Pts',(-6.79546250475616,2.22782254729589,-11.5388112975124));
#8950=CARTESIAN_POINT('Ctrl Pts',(-6.74999999999998,2.3579652245135,-11.5484005800987));
#8951=CARTESIAN_POINT('',(-6.74999999999998,2.35796522451047,-11.5484005800975));
#8952=CARTESIAN_POINT('Ctrl Pts',(-6.74999982622337,2.08883470998033,-11.4428190501941));
#8953=CARTESIAN_POINT('Ctrl Pts',(-6.75000027281637,2.17906440035991,-11.4766725387348));
#8954=CARTESIAN_POINT('Ctrl Pts',(-6.75,2.26878129246209,-11.5119069057691));
#8955=CARTESIAN_POINT('Ctrl Pts',(-6.74999999999998,2.3579652245135,-11.5484005800987));
#8956=CARTESIAN_POINT('Ctrl Pts',(-6.87502321397671,1.963811550852,-11.5196327323372));
#8957=CARTESIAN_POINT('Ctrl Pts',(-6.83716014838011,2.09636472522148,-11.5292220149234));
#8958=CARTESIAN_POINT('Ctrl Pts',(-6.79546250475429,2.22782254729335,-11.5388112975097));
#8959=CARTESIAN_POINT('Ctrl Pts',(-6.74999999999849,2.35796522451004,-11.5484005800959));
#8960=CARTESIAN_POINT('Ctrl Pts',(6.67052391205957,2.33020198724768,-12.688905887165));
#8961=CARTESIAN_POINT('Ctrl Pts',(6.71545112870394,2.20159164592591,-12.6984951693488));
#8962=CARTESIAN_POINT('Ctrl Pts',(6.75665781289133,2.07168164468297,-12.7080844515326));
#8963=CARTESIAN_POINT('Ctrl Pts',(6.79407506859406,1.94068918815974,-12.7176737337164));
#8964=CARTESIAN_POINT('Ctrl Pts',(6.69701594137304,2.3394563996696,-12.7181370614588));
#8965=CARTESIAN_POINT('Ctrl Pts',(6.74212158675196,2.21033528153671,-12.7277263436426));
#8966=CARTESIAN_POINT('Ctrl Pts',(6.78349192355491,2.07990934187478,-12.7373156258264));
#8967=CARTESIAN_POINT('Ctrl Pts',(6.82105778213321,1.94839664795433,-12.7469049080102));
#8968=CARTESIAN_POINT('Ctrl Pts',(6.72350797068653,2.34871081209153,-12.7473682357527));
#8969=CARTESIAN_POINT('Ctrl Pts',(6.76879204479997,2.21907891714751,-12.7569575179365));
#8970=CARTESIAN_POINT('Ctrl Pts',(6.81032603421849,2.08813703906658,-12.7665468001203));
#8971=CARTESIAN_POINT('Ctrl Pts',(6.84804049567237,1.95610410774893,-12.7761360823041));
#8972=CARTESIAN_POINT('Ctrl Pts',(6.75,2.35796522451345,-12.7765994100466));
#8973=CARTESIAN_POINT('Ctrl Pts',(6.79546250284799,2.22782255275831,-12.7861886922304));
#8974=CARTESIAN_POINT('Ctrl Pts',(6.83716014488207,2.09636473625839,-12.7957779744142));
#8975=CARTESIAN_POINT('Ctrl Pts',(6.87502320921152,1.96381156754352,-12.805367256598));
#8976=CARTESIAN_POINT('',(6.7499999999999,2.35796522451092,-12.7765994100457));
#8977=CARTESIAN_POINT('',(6.75000001744039,2.08883472995106,-12.7067939377451));
#8978=CARTESIAN_POINT('Ctrl Pts',(6.75,2.35796522451345,-12.7765994100466));
#8979=CARTESIAN_POINT('Ctrl Pts',(6.75000000000001,2.26864578903012,-12.7517813632098));
#8980=CARTESIAN_POINT('Ctrl Pts',(6.75000004813441,2.17893777779563,-12.7284820131705));
#8981=CARTESIAN_POINT('Ctrl Pts',(6.74999985227622,2.08883467714009,-12.7067939292676));
#8982=CARTESIAN_POINT('',(6.87502320115939,1.96381157353475,-12.8053672558067));
#8983=CARTESIAN_POINT('Ctrl Pts',(6.74999985439897,2.08883468180492,-12.706793932547));
#8984=CARTESIAN_POINT('Ctrl Pts',(6.79186933252227,2.04696526366872,-12.7392518429778));
#8985=CARTESIAN_POINT('Ctrl Pts',(6.83354834558542,2.00528641924636,-12.7721254046941));
#8986=CARTESIAN_POINT('Ctrl Pts',(6.87502319993742,1.96381156489442,-12.8053672465511));
#8987=CARTESIAN_POINT('Ctrl Pts',(6.74999999999885,2.35796522451054,-12.7765994100446));
#8988=CARTESIAN_POINT('Ctrl Pts',(6.79546250159779,2.22782255633082,-12.786188691965));
#8989=CARTESIAN_POINT('Ctrl Pts',(6.8371601425897,2.09636474347859,-12.7957779738853));
#8990=CARTESIAN_POINT('Ctrl Pts',(6.87502320608957,1.96381157846555,-12.8053672558057));
#8991=CARTESIAN_POINT('Origin',(0.,0.,0.));
#8992=CARTESIAN_POINT('',(-6.44030397306867,-3.10563757294712,-11.7827755783031));
#8993=CARTESIAN_POINT('',(-6.4403039730625,-3.10563757295589,0.));
#8994=CARTESIAN_POINT('',(-3.10563757295582,-6.44030397306255,-11.4484744082506));
#8995=CARTESIAN_POINT('Ctrl Pts',(-6.44030397306656,-3.10563757294622,-11.7827755783036));
#8996=CARTESIAN_POINT('Ctrl Pts',(-5.7444834069521,-4.54859279590131,-11.6713418549528));
#8997=CARTESIAN_POINT('Ctrl Pts',(-4.54859279590967,-5.74448340694546,-11.559908131602));
#8998=CARTESIAN_POINT('Ctrl Pts',(-3.10563757295561,-6.44030397306203,-11.4484744082512));
#8999=CARTESIAN_POINT('',(-3.10563757295588,-6.44030397306251,0.));
#9000=CARTESIAN_POINT('Origin',(0.,0.,0.));
#9001=CARTESIAN_POINT('',(-2.35796522452148,-6.74999999999805,-11.3921505783032));
#9002=CARTESIAN_POINT('',(-2.35796522451033,-6.75,0.));
#9003=CARTESIAN_POINT('',(2.35796522451026,-6.75000000000001,-11.0578494082506));
#9004=CARTESIAN_POINT('Ctrl Pts',(-2.35796522452114,-6.74999999999532,-11.392150578304));
#9005=CARTESIAN_POINT('Ctrl Pts',(-0.845622360632226,-7.27830398230721,
-11.2807168549532));
#9006=CARTESIAN_POINT('Ctrl Pts',(0.845622360620309,-7.27830398230857,-11.1692831316023));
#9007=CARTESIAN_POINT('Ctrl Pts',(2.35796522451009,-6.74999999999918,-11.0578494082515));
#9008=CARTESIAN_POINT('',(2.35796522451033,-6.75,0.));
#9009=CARTESIAN_POINT('Origin',(0.,0.,0.));
#9010=CARTESIAN_POINT('',(6.74999999999998,-2.35796522451043,-10.6109005783023));
#9011=CARTESIAN_POINT('',(6.75,-2.35796522451032,0.));
#9012=CARTESIAN_POINT('',(6.87502321397924,-1.96381155085139,-10.5821327305435));
#9013=CARTESIAN_POINT('Ctrl Pts',(6.74999999999877,-2.35796522450986,-10.6109005783037));
#9014=CARTESIAN_POINT('Ctrl Pts',(6.79546250475472,-2.22782254729272,-10.6013112957174));
#9015=CARTESIAN_POINT('Ctrl Pts',(6.83716014838067,-2.0963647252204,-10.5917220131312));
#9016=CARTESIAN_POINT('Ctrl Pts',(6.87502321397736,-1.96381155085045,-10.5821327305449));
#9017=CARTESIAN_POINT('',(6.87502321397766,-1.96381155085418,0.));
#9018=CARTESIAN_POINT('Origin',(0.,0.,0.));
#9019=CARTESIAN_POINT('',(-6.75000000000001,-2.35796522451029,-11.8390994082506));
#9020=CARTESIAN_POINT('',(-6.75,-2.35796522451032,0.));
#9021=CARTESIAN_POINT('Ctrl Pts',(-6.87502319887336,-1.96381160373201,-11.8678672521838));
#9022=CARTESIAN_POINT('Ctrl Pts',(-6.83716013729207,-2.09636476018362,-11.8582779708728));
#9023=CARTESIAN_POINT('Ctrl Pts',(-6.79546249871026,-2.22782256459968,-11.8486886895617));
#9024=CARTESIAN_POINT('Ctrl Pts',(-6.74999999999996,-2.3579652245103,-11.8390994082506));
#9025=CARTESIAN_POINT('Origin',(0.,0.,0.));
#9026=CARTESIAN_POINT('',(2.35796522451841,6.74999999999859,-12.9546505783029));
#9027=CARTESIAN_POINT('',(2.35796522451032,6.75,0.));
#9028=CARTESIAN_POINT('',(-2.35796522451031,6.75,-12.6203494082506));
#9029=CARTESIAN_POINT('Ctrl Pts',(2.35796522451778,6.74999999999588,-12.9546505783044));
#9030=CARTESIAN_POINT('Ctrl Pts',(0.845622360629797,7.27830398230665,-12.8432168549536));
#9031=CARTESIAN_POINT('Ctrl Pts',(-0.845622360621231,7.27830398230762,-12.7317831316029));
#9032=CARTESIAN_POINT('Ctrl Pts',(-2.35796522450984,6.74999999999866,-12.6203494082521));
#9033=CARTESIAN_POINT('',(-2.35796522451032,6.75,0.));
#9034=CARTESIAN_POINT('Origin',(0.,0.,0.));
#9035=CARTESIAN_POINT('',(-3.10563757294843,6.44030397306774,-12.564025578303));
#9036=CARTESIAN_POINT('',(-3.10563757295589,6.4403039730625,0.));
#9037=CARTESIAN_POINT('',(-6.44030397306251,3.10563757295587,-12.2297244082506));
#9038=CARTESIAN_POINT('Ctrl Pts',(-3.10563757294684,6.44030397306543,-12.5640255783043));
#9039=CARTESIAN_POINT('Ctrl Pts',(-4.54859279512752,5.74448340732415,-12.4525918550133));
#9040=CARTESIAN_POINT('Ctrl Pts',(-5.74448340566235,4.54859279719154,-12.3411581317223));
#9041=CARTESIAN_POINT('Ctrl Pts',(-6.44030397194189,3.10563757527678,-12.2297244084312));
#9042=CARTESIAN_POINT('',(-6.4403039730625,3.10563757295589,0.));
#9043=CARTESIAN_POINT('Origin',(0.,0.,0.));
#9044=CARTESIAN_POINT('',(-6.75,2.35796522451032,-12.1734005783023));
#9045=CARTESIAN_POINT('',(-6.75,2.35796522451032,0.));
#9046=CARTESIAN_POINT('Ctrl Pts',(-6.7499999999988,2.35796522450972,-12.1734005783037));
#9047=CARTESIAN_POINT('Ctrl Pts',(-6.79546250475478,2.22782254729251,-12.1638112957174));
#9048=CARTESIAN_POINT('Ctrl Pts',(-6.83716014838073,2.09636472522016,-12.1542220131312));
#9049=CARTESIAN_POINT('Ctrl Pts',(-6.87502321397743,1.96381155085014,-12.1446327305449));
#9050=CARTESIAN_POINT('Origin',(0.,0.,0.));
#9051=CARTESIAN_POINT('',(6.7500000053337,2.3579651939734,-13.4015994105006));
#9052=CARTESIAN_POINT('',(6.75,2.35796522451032,0.));
#9053=CARTESIAN_POINT('',(6.87502321397765,1.96381155085419,-13.4303672560091));
#9054=CARTESIAN_POINT('',(6.87502321397766,1.96381155085419,0.));
#9055=CARTESIAN_POINT('Ctrl Pts',(6.87502321397737,1.96381155085415,-13.4303672560094));
#9056=CARTESIAN_POINT('Ctrl Pts',(6.83716015134235,2.09636471485549,-13.4207779741733));
#9057=CARTESIAN_POINT('Ctrl Pts',(6.7954625112781,2.22782252673057,-13.4111886923371));
#9058=CARTESIAN_POINT('Ctrl Pts',(6.75000001066712,2.35796519397336,-13.4015994105009));
#9059=CARTESIAN_POINT('Ctrl Pts',(6.44030397306441,-3.10563757295399,-10.6672244082495));
#9060=CARTESIAN_POINT('Ctrl Pts',(5.74448340694766,-4.54859279590977,-10.7786581316004));
#9061=CARTESIAN_POINT('Ctrl Pts',(4.54859279590225,-5.74448340695362,-10.8900918549513));
#9062=CARTESIAN_POINT('Ctrl Pts',(3.10563757294555,-6.44030397306848,-11.0015255783022));
#9063=CARTESIAN_POINT('Ctrl Pts',(6.32016258617535,-3.04770310173183,-10.8061624217367));
#9064=CARTESIAN_POINT('Ctrl Pts',(5.63732228437358,-4.46374055148471,-10.9175961450876));
#9065=CARTESIAN_POINT('Ctrl Pts',(4.46374055147732,-5.63732228437943,-11.0290298684385));
#9066=CARTESIAN_POINT('Ctrl Pts',(3.04770310172355,-6.32016258617935,-11.1404635917895));
#9067=CARTESIAN_POINT('Ctrl Pts',(6.20002119928629,-2.98976863050967,-10.9451004352239));
#9068=CARTESIAN_POINT('Ctrl Pts',(5.5301611617995,-4.37888830705964,-11.0565341585749));
#9069=CARTESIAN_POINT('Ctrl Pts',(4.3788883070524,-5.53016116180524,-11.1679678819258));
#9070=CARTESIAN_POINT('Ctrl Pts',(2.98976863050155,-6.20002119929021,-11.2794016052767));
#9071=CARTESIAN_POINT('Ctrl Pts',(6.07987981239724,-2.93183415928751,-11.0840384487112));
#9072=CARTESIAN_POINT('Ctrl Pts',(5.42300003922542,-4.29403606263458,-11.1954721720621));
#9073=CARTESIAN_POINT('Ctrl Pts',(4.29403606262747,-5.42300003923105,-11.306905895413));
#9074=CARTESIAN_POINT('Ctrl Pts',(2.93183415927955,-6.07987981240108,-11.4183396187639));
#9075=CARTESIAN_POINT('Ctrl Pts',(3.10563757295395,-6.44030397306444,-11.0015255783016));
#9076=CARTESIAN_POINT('Ctrl Pts',(3.36908479669777,-6.17685674932062,-11.1050470068223));
#9077=CARTESIAN_POINT('Ctrl Pts',(3.6361331993713,-5.90980834664709,-11.181687175323));
#9078=CARTESIAN_POINT('Ctrl Pts',(4.0632827586744,-5.482658787344,-11.2508081694889));
#9079=CARTESIAN_POINT('Ctrl Pts',(4.21888821757116,-5.32705332844723,-11.2650747676671));
#9080=CARTESIAN_POINT('Ctrl Pts',(4.44954535125495,-5.09639619476344,-11.2694214916172));
#9081=CARTESIAN_POINT('Ctrl Pts',(4.52379133251223,-5.02215021350468,-11.2682617946328));
#9082=CARTESIAN_POINT('Ctrl Pts',(4.63819798222534,-4.90774356379156,-11.2625287461214));
#9083=CARTESIAN_POINT('Ctrl Pts',(4.67831780656166,-4.86762373945674,-11.2597696230331));
#9084=CARTESIAN_POINT('Ctrl Pts',(4.75140741739719,-4.79453412862121,-11.2533850179723));
#9085=CARTESIAN_POINT('Ctrl Pts',(4.78436979472174,-4.76157175129666,-11.2500010550397));
#9086=CARTESIAN_POINT('Ctrl Pts',(4.85609931489994,-4.68984223111845,-11.2415456971559));
#9087=CARTESIAN_POINT('Ctrl Pts',(4.89483896906455,-4.65110257695404,-11.2362835228374));
#9088=CARTESIAN_POINT('Ctrl Pts',(4.99996016406887,-4.54598138194972,-11.2201353658616));
#9089=CARTESIAN_POINT('Ctrl Pts',(5.06618436050207,-4.479757185512,-11.2079328424462));
#9090=CARTESIAN_POINT('Ctrl Pts',(5.37525136430702,-4.17069018170704,-11.1417335874852));
#9091=CARTESIAN_POINT('Ctrl Pts',(5.61396463628891,-3.93197690972947,-11.0637698900248));
#9092=CARTESIAN_POINT('Ctrl Pts',(6.04971915428046,-3.49622239173791,-10.8793440825054));
#9093=CARTESIAN_POINT('Ctrl Pts',(6.24677976464975,-3.29916178136864,-10.7792149317626));
#9094=CARTESIAN_POINT('Ctrl Pts',(6.44030397306441,-3.10563757295398,-10.6672244082495));
#9095=CARTESIAN_POINT('Ctrl Pts',(2.35796522451308,-6.74999999999998,-11.0578494082495));
#9096=CARTESIAN_POINT('Ctrl Pts',(0.845622360622313,-7.27830398231035,-11.1692831316004));
#9097=CARTESIAN_POINT('Ctrl Pts',(-0.845622360631628,-7.27830398230927,
-11.2807168549513));
#9098=CARTESIAN_POINT('Ctrl Pts',(-2.35796522452172,-6.74999999999697,-11.3921505783022));
#9099=CARTESIAN_POINT('Ctrl Pts',(2.31397829260831,-6.62408135316393,-11.1967874217367));
#9100=CARTESIAN_POINT('Ctrl Pts',(0.829847601602481,-7.14253002842679,-11.3082211450876));
#9101=CARTESIAN_POINT('Ctrl Pts',(-0.829847601611621,-7.14253002842573,
-11.4196548684385));
#9102=CARTESIAN_POINT('Ctrl Pts',(-2.31397829261679,-6.62408135316097,-11.5310885917894));
#9103=CARTESIAN_POINT('Ctrl Pts',(2.26999136070355,-6.49816270632787,-11.3357254352239));
#9104=CARTESIAN_POINT('Ctrl Pts',(0.814072842582646,-7.00675607454324,-11.4471591585749));
#9105=CARTESIAN_POINT('Ctrl Pts',(-0.814072842591615,-7.00675607454219,
-11.5585928819258));
#9106=CARTESIAN_POINT('Ctrl Pts',(-2.26999136071186,-6.49816270632497,-11.6700266052767));
#9107=CARTESIAN_POINT('Ctrl Pts',(2.22600442879878,-6.37224405949182,-11.4746634487112));
#9108=CARTESIAN_POINT('Ctrl Pts',(0.798298083562814,-6.87098212065968,-11.5860971720621));
#9109=CARTESIAN_POINT('Ctrl Pts',(-0.798298083571607,-6.87098212065866,
-11.697530895413));
#9110=CARTESIAN_POINT('Ctrl Pts',(-2.22600442880694,-6.37224405948897,-11.8089646187639));
#9111=CARTESIAN_POINT('Ctrl Pts',(-2.35796522451298,-6.75,-11.3921505783016));
#9112=CARTESIAN_POINT('Ctrl Pts',(-1.98539458772594,-6.75,-11.495672006822));
#9113=CARTESIAN_POINT('Ctrl Pts',(-1.60773111485558,-6.75,-11.5723121753227));
#9114=CARTESIAN_POINT('Ctrl Pts',(-1.00365041492767,-6.75,-11.6414331694887));
#9115=CARTESIAN_POINT('Ctrl Pts',(-0.783591064576146,-6.75,-11.655699767667));
#9116=CARTESIAN_POINT('Ctrl Pts',(-0.457392617861952,-6.75,-11.6600464916172));
#9117=CARTESIAN_POINT('Ctrl Pts',(-0.352392944214928,-6.74999999999894,
-11.6588867946328));
#9118=CARTESIAN_POINT('Ctrl Pts',(-0.190597508564683,-6.74999999999894,
-11.6531537461215));
#9119=CARTESIAN_POINT('Ctrl Pts',(-0.133859508869246,-6.75,-11.6503946230331));
#9120=CARTESIAN_POINT('Ctrl Pts',(-0.0304951899568478,-6.75,-11.6440100179723));
#9121=CARTESIAN_POINT('Ctrl Pts',(0.0161206511037458,-6.75,-11.6406260550396));
#9122=CARTESIAN_POINT('Ctrl Pts',(0.117561511361848,-6.75,-11.632170697156));
#9123=CARTESIAN_POINT('Ctrl Pts',(0.17234765568277,-6.75000000000014,-11.6269085228375));
#9124=CARTESIAN_POINT('Ctrl Pts',(0.32101147535126,-6.75000000000014,-11.6107603658616));
#9125=CARTESIAN_POINT('Ctrl Pts',(0.414666632107752,-6.74999999999694,-11.5985578424461));
#9126=CARTESIAN_POINT('Ctrl Pts',(0.851753380570529,-6.74999999999694,-11.5323585874852));
#9127=CARTESIAN_POINT('Ctrl Pts',(1.18934492732284,-6.75,-11.4543948900247));
#9128=CARTESIAN_POINT('Ctrl Pts',(1.80559487653137,-6.75,-11.2699690825055));
#9129=CARTESIAN_POINT('Ctrl Pts',(2.08428066432473,-6.74999999999999,-11.1698399317629));
#9130=CARTESIAN_POINT('Ctrl Pts',(2.35796522451308,-6.74999999999999,-11.0578494082495));
#9131=CARTESIAN_POINT('Ctrl Pts',(-3.10563757295393,-6.44030397306444,-11.4484744082495));
#9132=CARTESIAN_POINT('Ctrl Pts',(-4.54859279590936,-5.74448340694787,-11.5599081316004));
#9133=CARTESIAN_POINT('Ctrl Pts',(-5.74448340695296,-4.54859279590293,-11.6713418549513));
#9134=CARTESIAN_POINT('Ctrl Pts',(-6.44030397306791,-3.10563757294673,-11.7827755783021));
#9135=CARTESIAN_POINT('Ctrl Pts',(-3.04770310173177,-6.32016258617538,-11.5874124217367));
#9136=CARTESIAN_POINT('Ctrl Pts',(-4.4637405514843,-5.63732228437379,-11.6988461450876));
#9137=CARTESIAN_POINT('Ctrl Pts',(-5.63732228437878,-4.463740551478,-11.8102798684385));
#9138=CARTESIAN_POINT('Ctrl Pts',(-6.32016258617879,-3.04770310172471,-11.9217135917894));
#9139=CARTESIAN_POINT('Ctrl Pts',(-2.98976863050961,-6.20002119928632,-11.7263504352239));
#9140=CARTESIAN_POINT('Ctrl Pts',(-4.37888830705924,-5.53016116179971,-11.8377841585748));
#9141=CARTESIAN_POINT('Ctrl Pts',(-5.5301611618046,-4.37888830705306,-11.9492178819257));
#9142=CARTESIAN_POINT('Ctrl Pts',(-6.20002119928967,-2.98976863050268,-12.0606516052766));
#9143=CARTESIAN_POINT('Ctrl Pts',(-2.93183415928746,-6.07987981239726,-11.8652884487112));
#9144=CARTESIAN_POINT('Ctrl Pts',(-4.29403606263418,-5.42300003922563,-11.9767221720621));
#9145=CARTESIAN_POINT('Ctrl Pts',(-5.42300003923043,-4.29403606262812,-12.088155895413));
#9146=CARTESIAN_POINT('Ctrl Pts',(-6.07987981240054,-2.93183415928066,-12.1995896187638));
#9147=CARTESIAN_POINT('Ctrl Pts',(-6.44030397306441,-3.10563757295399,-11.7827755783016));
#9148=CARTESIAN_POINT('Ctrl Pts',(-6.17685674932121,-3.36908479669719,-11.886297006822));
#9149=CARTESIAN_POINT('Ctrl Pts',(-5.90980834664818,-3.63613319937021,-11.9629371753227));
#9150=CARTESIAN_POINT('Ctrl Pts',(-5.48265878734524,-4.06328275867315,-12.0320581694887));
#9151=CARTESIAN_POINT('Ctrl Pts',(-5.32705332844818,-4.21888821757022,-12.046324767667));
#9152=CARTESIAN_POINT('Ctrl Pts',(-5.09639619476398,-4.44954535125442,-12.0506714916172));
#9153=CARTESIAN_POINT('Ctrl Pts',(-5.02215021350508,-4.52379133251182,-12.0495117946328));
#9154=CARTESIAN_POINT('Ctrl Pts',(-4.90774356379182,-4.63819798222508,-12.0437787461215));
#9155=CARTESIAN_POINT('Ctrl Pts',(-4.86762373945698,-4.67831780656141,-12.0410196230331));
#9156=CARTESIAN_POINT('Ctrl Pts',(-4.79453412862139,-4.75140741739701,-12.0346350179723));
#9157=CARTESIAN_POINT('Ctrl Pts',(-4.76157175129684,-4.78436979472156,-12.0312510550397));
#9158=CARTESIAN_POINT('Ctrl Pts',(-4.68984223111862,-4.85609931489977,-12.022795697156));
#9159=CARTESIAN_POINT('Ctrl Pts',(-4.65110257695426,-4.89483896906434,-12.0175335228375));
#9160=CARTESIAN_POINT('Ctrl Pts',(-4.54598138194977,-4.99996016406882,-12.0013853658616));
#9161=CARTESIAN_POINT('Ctrl Pts',(-4.47975718551193,-5.06618436050213,-11.9891828424462));
#9162=CARTESIAN_POINT('Ctrl Pts',(-4.17069018170702,-5.37525136430704,-11.9229835874852));
#9163=CARTESIAN_POINT('Ctrl Pts',(-3.93197690972938,-5.61396463628901,-11.8450198900247));
#9164=CARTESIAN_POINT('Ctrl Pts',(-3.49622239173817,-6.04971915428022,-11.6605940825055));
#9165=CARTESIAN_POINT('Ctrl Pts',(-3.29916178136917,-6.24677976464921,-11.5604649317629));
#9166=CARTESIAN_POINT('Ctrl Pts',(-3.10563757295393,-6.44030397306445,-11.4484744082495));
#9167=CARTESIAN_POINT('Ctrl Pts',(-6.75000000000001,-2.35796522451302,-11.8390994082495));
#9168=CARTESIAN_POINT('Ctrl Pts',(-6.7954625010372,-2.22782255794148,-11.8486886900513));
#9169=CARTESIAN_POINT('Ctrl Pts',(-6.83716014156052,-2.09636474672987,-11.8582779718532));
#9170=CARTESIAN_POINT('Ctrl Pts',(-6.87502320468725,-1.96381158338184,-11.8678672536551));
#9171=CARTESIAN_POINT('Ctrl Pts',(-6.72350797317271,-2.34871081295959,-11.8683305799077));
#9172=CARTESIAN_POINT('Ctrl Pts',(-6.76879204549923,-2.2190789231309,-11.8779198617096));
#9173=CARTESIAN_POINT('Ctrl Pts',(-6.81032603342827,-2.08813705026911,-11.8875091435114));
#9174=CARTESIAN_POINT('Ctrl Pts',(-6.84804049369809,-1.95610412424841,-11.8970984253133));
#9175=CARTESIAN_POINT('Ctrl Pts',(-6.69701594634542,-2.33945640140617,-11.8975617515659));
#9176=CARTESIAN_POINT('Ctrl Pts',(-6.74212158996125,-2.21033528832032,-11.9071510333678));
#9177=CARTESIAN_POINT('Ctrl Pts',(-6.78349192529602,-2.07990935380834,-11.9167403151696));
#9178=CARTESIAN_POINT('Ctrl Pts',(-6.82105778270893,-1.94839666511497,-11.9263295969715));
#9179=CARTESIAN_POINT('Ctrl Pts',(-6.67052391951813,-2.33020198985274,-11.9267929232241));
#9180=CARTESIAN_POINT('Ctrl Pts',(-6.71545113442328,-2.20159165350973,-11.936382205026));
#9181=CARTESIAN_POINT('Ctrl Pts',(-6.75665781716376,-2.07168165734758,-11.9459714868278));
#9182=CARTESIAN_POINT('Ctrl Pts',(-6.79407507171977,-1.94068920598153,-11.9555607686297));
#9183=CARTESIAN_POINT('Ctrl Pts',(-6.74999982632412,-2.08883470985397,-11.944680938426));
#9184=CARTESIAN_POINT('Ctrl Pts',(-6.75000027288396,-2.17906440027935,-11.9108274498001));
#9185=CARTESIAN_POINT('Ctrl Pts',(-6.75000000000001,-2.26878129251889,-11.8755930826684));
#9186=CARTESIAN_POINT('Ctrl Pts',(-6.75000000000001,-2.35796522451302,-11.8390994082495));
#9187=CARTESIAN_POINT('Ctrl Pts',(6.87502321397948,-1.96381155085106,-10.5821327305426));
#9188=CARTESIAN_POINT('Ctrl Pts',(6.83716014838255,-2.09636472522187,-10.5917220131289));
#9189=CARTESIAN_POINT('Ctrl Pts',(6.79546250475631,-2.22782254729503,-10.6013112957153));
#9190=CARTESIAN_POINT('Ctrl Pts',(6.75000000000001,-2.357965224513,-10.6109005783016));
#9191=CARTESIAN_POINT('Ctrl Pts',(6.84804050295334,-1.95610409184515,-10.6113639022014));
#9192=CARTESIAN_POINT('Ctrl Pts',(6.81032604022301,-2.08813702884536,-10.6209531847877));
#9193=CARTESIAN_POINT('Ctrl Pts',(6.76879204920323,-2.21907891252607,-10.630542467374));
#9194=CARTESIAN_POINT('Ctrl Pts',(6.72350797317222,-2.3487108129594,-10.6401317499603));
#9195=CARTESIAN_POINT('Ctrl Pts',(6.8210577919272,-1.94839663283924,-10.6405950738601));
#9196=CARTESIAN_POINT('Ctrl Pts',(6.78349193206347,-2.07990933246885,-10.6501843564465));
#9197=CARTESIAN_POINT('Ctrl Pts',(6.74212159365015,-2.21033527775711,-10.6597736390328));
#9198=CARTESIAN_POINT('Ctrl Pts',(6.69701594634442,-2.3394564014058,-10.6693629216191));
#9199=CARTESIAN_POINT('Ctrl Pts',(6.79407508090106,-1.94068917383333,-10.6698262455189));
#9200=CARTESIAN_POINT('Ctrl Pts',(6.75665782390393,-2.07168163609235,-10.6794155281052));
#9201=CARTESIAN_POINT('Ctrl Pts',(6.71545113809707,-2.20159164298814,-10.6890048106916));
#9202=CARTESIAN_POINT('Ctrl Pts',(6.67052391951663,-2.3302019898522,-10.6985940932779));
#9203=CARTESIAN_POINT('',(6.75,-2.08883476483184,-10.6807060779658));
#9204=CARTESIAN_POINT('Ctrl Pts',(6.75000000000001,-2.357965224513,-10.6109005783016));
#9205=CARTESIAN_POINT('Ctrl Pts',(6.75000000000001,-2.268645775062,-10.6357186291323));
#9206=CARTESIAN_POINT('Ctrl Pts',(6.75000003067751,-2.17893779934301,-10.6590179874533));
#9207=CARTESIAN_POINT('Ctrl Pts',(6.74999982622341,-2.08883470998033,-10.6807060779659));
#9208=CARTESIAN_POINT('Ctrl Pts',(6.74999982619333,-2.08883470997832,-10.680706077997));
#9209=CARTESIAN_POINT('Ctrl Pts',(6.79188688304992,-2.04694309687578,-10.6482356515259));
#9210=CARTESIAN_POINT('Ctrl Pts',(6.83356354339377,-2.00527122143809,-10.6153624029327));
#9211=CARTESIAN_POINT('Ctrl Pts',(6.87502321397896,-1.9638115508529,-10.5821327305427));
#9212=CARTESIAN_POINT('Ctrl Pts',(3.10563762129039,6.44030394975568,-13.0109744119823));
#9213=CARTESIAN_POINT('Ctrl Pts',(4.54859282291034,5.74448338057934,-13.1224081340889));
#9214=CARTESIAN_POINT('Ctrl Pts',(5.74448341472098,4.54859277979238,-13.2338418561954));
#9215=CARTESIAN_POINT('Ctrl Pts',(6.44030397306652,3.10563757294962,-13.3452755783019));
#9216=CARTESIAN_POINT('Ctrl Pts',(3.0477031491667,6.32016256330178,-13.1499124254692));
#9217=CARTESIAN_POINT('Ctrl Pts',(4.46374057798183,5.63732225849746,-13.2613461475757));
#9218=CARTESIAN_POINT('Ctrl Pts',(5.6373222920022,4.46374053566822,-13.3727798696822));
#9219=CARTESIAN_POINT('Ctrl Pts',(6.32016258617777,3.0477031017277,-13.4842135917888));
#9220=CARTESIAN_POINT('Ctrl Pts',(2.989768677043,6.20002117684788,-13.288850438956));
#9221=CARTESIAN_POINT('Ctrl Pts',(4.37888833305332,5.53016113641558,-13.4002841610625));
#9222=CARTESIAN_POINT('Ctrl Pts',(5.53016116928341,4.37888829154406,-13.5117178831691));
#9223=CARTESIAN_POINT('Ctrl Pts',(6.20002119928901,2.98976863050579,-13.6231516052756));
#9224=CARTESIAN_POINT('Ctrl Pts',(2.93183420491931,6.07987979039397,-13.4277884524428));
#9225=CARTESIAN_POINT('Ctrl Pts',(4.29403608812481,5.4230000143337,-13.5392221745494));
#9226=CARTESIAN_POINT('Ctrl Pts',(5.42300004656463,4.2940360474199,-13.6506558966559));
#9227=CARTESIAN_POINT('Ctrl Pts',(6.07987981240025,2.93183415928388,-13.7620896187624));
#9228=CARTESIAN_POINT('Ctrl Pts',(6.44030397306443,3.10563757295396,-13.3452755783016));
#9229=CARTESIAN_POINT('Ctrl Pts',(6.1768567483042,3.36908479771419,-13.4487970072217));
#9230=CARTESIAN_POINT('Ctrl Pts',(5.90980834459569,3.6361332014227,-13.5254371759108));
#9231=CARTESIAN_POINT('Ctrl Pts',(5.48265878480644,4.06328276121195,-13.5945581697533));
#9232=CARTESIAN_POINT('Ctrl Pts',(5.32705332649907,4.21888821951932,-13.608824767769));
#9233=CARTESIAN_POINT('Ctrl Pts',(5.09639619367018,4.44954535234821,-13.6131714916069));
#9234=CARTESIAN_POINT('Ctrl Pts',(5.022150212667,4.52379133334991,-13.6120117946042));
#9235=CARTESIAN_POINT('Ctrl Pts',(4.90774356330971,4.6381979827072,-13.6062787460901));
#9236=CARTESIAN_POINT('Ctrl Pts',(4.86762373907446,4.67831780694393,-13.6035196230032));
#9237=CARTESIAN_POINT('Ctrl Pts',(4.79453412840006,4.75140741761834,-13.5971350179501));
#9238=CARTESIAN_POINT('Ctrl Pts',(4.76157175113689,4.7843697948815,-13.5937510550218));
#9239=CARTESIAN_POINT('Ctrl Pts',(4.68984223106824,4.85609931495015,-13.5852956971489));
#9240=CARTESIAN_POINT('Ctrl Pts',(4.65110257695192,4.89483896906668,-13.5800335228365));
#9241=CARTESIAN_POINT('Ctrl Pts',(4.54598138201927,4.99996016399933,-13.5638853658732));
#9242=CARTESIAN_POINT('Ctrl Pts',(4.47975718560497,5.0661843604091,-13.5516828424638));
#9243=CARTESIAN_POINT('Ctrl Pts',(4.17069018133327,5.37525136468081,-13.4854835874137));
#9244=CARTESIAN_POINT('Ctrl Pts',(3.93197690888434,5.61396463713405,-13.4075198897521));
#9245=CARTESIAN_POINT('Ctrl Pts',(3.49622239088479,6.04971915513361,-13.2230940820719));
#9246=CARTESIAN_POINT('Ctrl Pts',(3.29916182162136,6.24677972439702,-13.1229649531307));
#9247=CARTESIAN_POINT('Ctrl Pts',(3.10563761314805,6.44030393287034,-13.0109744315094));
#9248=CARTESIAN_POINT('Ctrl Pts',(6.75000000839,2.35796520049551,-13.4015994100192));
#9249=CARTESIAN_POINT('Ctrl Pts',(6.79546250988636,2.22782253112221,-13.4111886920155));
#9250=CARTESIAN_POINT('Ctrl Pts',(6.83716015071133,2.09636471706899,-13.4207779740119));
#9251=CARTESIAN_POINT('Ctrl Pts',(6.87502321397895,1.96381155085291,-13.4303672560083));
#9252=CARTESIAN_POINT('Ctrl Pts',(6.72350798132929,2.34871078896631,-13.4308305818986));
#9253=CARTESIAN_POINT('Ctrl Pts',(6.76879205411182,2.21907889635072,-13.440419863895));
#9254=CARTESIAN_POINT('Ctrl Pts',(6.81032604234009,2.08813702066237,-13.4500091458914));
#9255=CARTESIAN_POINT('Ctrl Pts',(6.84804050274913,1.95610409178881,-13.4595984278877));
#9256=CARTESIAN_POINT('Ctrl Pts',(6.69701595426859,2.33945637743712,-13.460061753778));
#9257=CARTESIAN_POINT('Ctrl Pts',(6.74212159833728,2.21033526157922,-13.4696510357744));
#9258=CARTESIAN_POINT('Ctrl Pts',(6.78349193396885,2.07990932425575,-13.4792403177708));
#9259=CARTESIAN_POINT('Ctrl Pts',(6.82105779151931,1.94839663272472,-13.4888295997672));
#9260=CARTESIAN_POINT('Ctrl Pts',(6.67052392720789,2.33020196590792,-13.4892929256574));
#9261=CARTESIAN_POINT('Ctrl Pts',(6.71545114256274,2.20159162680773,-13.4988822076538));
#9262=CARTESIAN_POINT('Ctrl Pts',(6.75665782559761,2.07168162784914,-13.5084714896502));
#9263=CARTESIAN_POINT('Ctrl Pts',(6.79407508028948,1.94068917366062,-13.5180607716466));
#9264=CARTESIAN_POINT('',(6.75,2.08883476483185,-13.5071809384766));
#9265=CARTESIAN_POINT('Ctrl Pts',(6.7499998262235,2.08883470998043,-13.5071809384765));
#9266=CARTESIAN_POINT('Ctrl Pts',(6.74999974976495,2.17906572314836,-13.4733274631486));
#9267=CARTESIAN_POINT('Ctrl Pts',(6.74999999999998,2.26878140491031,-13.4380930363809));
#9268=CARTESIAN_POINT('Ctrl Pts',(6.74999999999998,2.35796519756458,-13.4015994192767));
#9269=CARTESIAN_POINT('Ctrl Pts',(6.87502321397894,1.96381155085291,-13.4303672560083));
#9270=CARTESIAN_POINT('Ctrl Pts',(6.83352285230627,2.00531191252558,-13.4564922254505));
#9271=CARTESIAN_POINT('Ctrl Pts',(6.79184750181748,2.0469872630144,-13.4821095675776));
#9272=CARTESIAN_POINT('Ctrl Pts',(6.74999999999998,2.0888347648319,-13.5071809384766));
#9273=CARTESIAN_POINT('Ctrl Pts',(-6.87502321397958,1.96381155085072,-12.1446327305426));
#9274=CARTESIAN_POINT('Ctrl Pts',(-6.83716014838262,2.09636472522163,-12.1542220131289));
#9275=CARTESIAN_POINT('Ctrl Pts',(-6.79546250475636,2.22782254729486,-12.1638112957152));
#9276=CARTESIAN_POINT('Ctrl Pts',(-6.75000000000004,2.35796522451293,-12.1734005783016));
#9277=CARTESIAN_POINT('Ctrl Pts',(-6.84804050295344,1.95610409184481,-12.1738639022014));
#9278=CARTESIAN_POINT('Ctrl Pts',(-6.81032604022308,2.08813702884512,-12.1834531847877));
#9279=CARTESIAN_POINT('Ctrl Pts',(-6.76879204920328,2.2190789125259,-12.193042467374));
#9280=CARTESIAN_POINT('Ctrl Pts',(-6.72350797317224,2.34871081295933,-12.2026317499603));
#9281=CARTESIAN_POINT('Ctrl Pts',(-6.82105779192729,1.9483966328389,-12.2030950738601));
#9282=CARTESIAN_POINT('Ctrl Pts',(-6.78349193206354,2.07990933246862,-12.2126843564465));
#9283=CARTESIAN_POINT('Ctrl Pts',(-6.74212159365021,2.21033527775693,-12.2222736390328));
#9284=CARTESIAN_POINT('Ctrl Pts',(-6.69701594634445,2.33945640140573,-12.2318629216191));
#9285=CARTESIAN_POINT('Ctrl Pts',(-6.79407508090115,1.940689173833,-12.2323262455189));
#9286=CARTESIAN_POINT('Ctrl Pts',(-6.75665782390401,2.07168163609211,-12.2419155281052));
#9287=CARTESIAN_POINT('Ctrl Pts',(-6.71545113809713,2.20159164298797,-12.2515048106915));
#9288=CARTESIAN_POINT('Ctrl Pts',(-6.67052391951665,2.33020198985213,-12.2610940932779));
#9289=CARTESIAN_POINT('Ctrl Pts',(-6.75000000000004,2.35796522451293,-12.1734005783016));
#9290=CARTESIAN_POINT('Ctrl Pts',(-6.75000000000003,2.2686457750624,-12.1982186291322));
#9291=CARTESIAN_POINT('Ctrl Pts',(-6.75000003067752,2.17893779934331,-12.2215179874532));
#9292=CARTESIAN_POINT('Ctrl Pts',(-6.7499998262234,2.08883470998035,-12.2432060779659));
#9293=CARTESIAN_POINT('Ctrl Pts',(-6.44030397306445,3.10563757295392,-12.2297244082495));
#9294=CARTESIAN_POINT('Ctrl Pts',(-5.74448340694806,4.54859279590898,-12.3411581316003));
#9295=CARTESIAN_POINT('Ctrl Pts',(-4.54859279590352,5.74448340695238,-12.4525918549512));
#9296=CARTESIAN_POINT('Ctrl Pts',(-3.1056375729478,6.4403039730674,-12.5640255783021));
#9297=CARTESIAN_POINT('Ctrl Pts',(-6.32016258617573,3.04770310173193,-12.3686624217363));
#9298=CARTESIAN_POINT('Ctrl Pts',(-5.63732228437428,4.46374055148417,-12.4800961450872));
#9299=CARTESIAN_POINT('Ctrl Pts',(-4.46374055147881,5.63732228437852,-12.591529868438));
#9300=CARTESIAN_POINT('Ctrl Pts',(-3.04770310172592,6.32016258617863,-12.7029635917889));
#9301=CARTESIAN_POINT('Ctrl Pts',(-6.20002119928701,2.98976863050993,-12.5076004352232));
#9302=CARTESIAN_POINT('Ctrl Pts',(-5.5301611618005,4.37888830705936,-12.619034158574));
#9303=CARTESIAN_POINT('Ctrl Pts',(-4.3788883070541,5.53016116180466,-12.7304678819249));
#9304=CARTESIAN_POINT('Ctrl Pts',(-2.98976863050404,6.20002119928985,-12.8419016052757));
#9305=CARTESIAN_POINT('Ctrl Pts',(-6.07987981239829,2.93183415928794,-12.64653844871));
#9306=CARTESIAN_POINT('Ctrl Pts',(-5.42300003922672,4.29403606263455,-12.7579721720608));
#9307=CARTESIAN_POINT('Ctrl Pts',(-4.2940360626294,5.4230000392308,-12.8694058954117));
#9308=CARTESIAN_POINT('Ctrl Pts',(-2.93183415928216,6.07987981240108,-12.9808396187626));
#9309=CARTESIAN_POINT('Ctrl Pts',(-3.10563757295404,6.44030397306436,-12.5640255783016));
#9310=CARTESIAN_POINT('Ctrl Pts',(-3.36908479771404,6.17685674830436,-12.6675470072216));
#9311=CARTESIAN_POINT('Ctrl Pts',(-3.63613320142282,5.90980834459558,-12.7441871759108));
#9312=CARTESIAN_POINT('Ctrl Pts',(-4.06328276121219,5.4826587848062,-12.8133081697533));
#9313=CARTESIAN_POINT('Ctrl Pts',(-4.21888821951951,5.32705332649889,-12.827574767769));
#9314=CARTESIAN_POINT('Ctrl Pts',(-4.44954535234829,5.0963961936701,-12.8319214916068));
#9315=CARTESIAN_POINT('Ctrl Pts',(-4.52379133334998,5.02215021266693,-12.8307617946042));
#9316=CARTESIAN_POINT('Ctrl Pts',(-4.63819798270722,4.90774356330969,-12.8250287460901));
#9317=CARTESIAN_POINT('Ctrl Pts',(-4.6783178069439,4.86762373907449,-12.8222696230032));
#9318=CARTESIAN_POINT('Ctrl Pts',(-4.75140741761834,4.79453412840006,-12.8158850179501));
#9319=CARTESIAN_POINT('Ctrl Pts',(-4.78436979488151,4.76157175113689,-12.8125010550218));
#9320=CARTESIAN_POINT('Ctrl Pts',(-4.85609931494995,4.68984223106844,-12.8040456971489));
#9321=CARTESIAN_POINT('Ctrl Pts',(-4.89483896906629,4.6511025769523,-12.7987835228366));
#9322=CARTESIAN_POINT('Ctrl Pts',(-4.99996016399951,4.54598138201908,-12.7826353658732));
#9323=CARTESIAN_POINT('Ctrl Pts',(-5.06618436040944,4.47975718560463,-12.7704328424637));
#9324=CARTESIAN_POINT('Ctrl Pts',(-5.37525136468075,4.17069018133332,-12.7042335874137));
#9325=CARTESIAN_POINT('Ctrl Pts',(-5.61396463713387,3.9319769088845,-12.6262698897522));
#9326=CARTESIAN_POINT('Ctrl Pts',(-6.04971915513371,3.49622239088466,-12.4418440820719));
#9327=CARTESIAN_POINT('Ctrl Pts',(-6.2467797650686,3.29916178094979,-12.3417149315202));
#9328=CARTESIAN_POINT('Ctrl Pts',(-6.44030397306445,3.10563757295395,-12.2297244082495));
#9329=CARTESIAN_POINT('Ctrl Pts',(-2.35796522451308,6.74999999999998,-12.6203494082495));
#9330=CARTESIAN_POINT('Ctrl Pts',(-0.845622360623308,7.27830398231,-12.7317831316003));
#9331=CARTESIAN_POINT('Ctrl Pts',(0.845622360629338,7.2783039823093,-12.8432168549512));
#9332=CARTESIAN_POINT('Ctrl Pts',(2.35796522451867,6.74999999999803,-12.954650578302));
#9333=CARTESIAN_POINT('Ctrl Pts',(-2.31397829260844,6.62408135316428,-12.7592874217363));
#9334=CARTESIAN_POINT('Ctrl Pts',(-0.8298476016035,7.14253002842684,-12.8707211450872));
#9335=CARTESIAN_POINT('Ctrl Pts',(0.829847601609416,7.14253002842615,-12.982154868438));
#9336=CARTESIAN_POINT('Ctrl Pts',(2.31397829261393,6.62408135316237,-13.0935885917888));
#9337=CARTESIAN_POINT('Ctrl Pts',(-2.2699913607038,6.49816270632859,-12.8982254352232));
#9338=CARTESIAN_POINT('Ctrl Pts',(-0.814072842583696,7.00675607454368,-13.009659158574));
#9339=CARTESIAN_POINT('Ctrl Pts',(0.814072842589499,7.006756074543,-13.1210928819248));
#9340=CARTESIAN_POINT('Ctrl Pts',(2.26999136070918,6.49816270632671,-13.2325266052757));
#9341=CARTESIAN_POINT('Ctrl Pts',(-2.22600442879916,6.37224405949289,-13.03716344871));
#9342=CARTESIAN_POINT('Ctrl Pts',(-0.798298083563887,6.87098212066051,-13.1485971720608));
#9343=CARTESIAN_POINT('Ctrl Pts',(0.798298083569579,6.87098212065985,-13.2600308954117));
#9344=CARTESIAN_POINT('Ctrl Pts',(2.22600442880444,6.37224405949105,-13.3714646187625));
#9345=CARTESIAN_POINT('Ctrl Pts',(2.35796522451306,6.75,-12.9546505783016));
#9346=CARTESIAN_POINT('Ctrl Pts',(1.98539458628713,6.75,-13.0581720072218));
#9347=CARTESIAN_POINT('Ctrl Pts',(1.60773111195225,6.75,-13.1348121759109));
#9348=CARTESIAN_POINT('Ctrl Pts',(1.0036504113365,6.75,-13.2039331697533));
#9349=CARTESIAN_POINT('Ctrl Pts',(0.783591061819133,6.75000000000001,-13.218199767769));
#9350=CARTESIAN_POINT('Ctrl Pts',(0.457392616314996,6.75000000000001,-13.2225464916068));
#9351=CARTESIAN_POINT('Ctrl Pts',(0.352392943029581,6.74999999999895,-13.2213867946042));
#9352=CARTESIAN_POINT('Ctrl Pts',(0.190597507882937,6.74999999999895,-13.2156537460901));
#9353=CARTESIAN_POINT('Ctrl Pts',(0.133859508328546,6.75,-13.2128946230032));
#9354=CARTESIAN_POINT('Ctrl Pts',(0.0304951896440438,6.75,-13.2065100179501));
#9355=CARTESIAN_POINT('Ctrl Pts',(-0.0161206513294582,6.75,-13.2031260550218));
#9356=CARTESIAN_POINT('Ctrl Pts',(-0.117561511433551,6.75,-13.1946706971488));
#9357=CARTESIAN_POINT('Ctrl Pts',(-0.172347655686925,6.75000000000015,-13.1894085228365));
#9358=CARTESIAN_POINT('Ctrl Pts',(-0.321011475252835,6.75000000000015,-13.1732603658732));
#9359=CARTESIAN_POINT('Ctrl Pts',(-0.414666631975859,6.74999999999694,-13.1610578424638));
#9360=CARTESIAN_POINT('Ctrl Pts',(-0.851753381099125,6.74999999999694,-13.0948585874137));
#9361=CARTESIAN_POINT('Ctrl Pts',(-1.18934492851786,6.74999999999999,-13.0168948897522));
#9362=CARTESIAN_POINT('Ctrl Pts',(-1.80559487773832,6.74999999999999,-12.8324690820719));
#9363=CARTESIAN_POINT('Ctrl Pts',(-2.08428066491769,6.75,-12.7323399315203));
#9364=CARTESIAN_POINT('Ctrl Pts',(-2.35796522451307,6.75,-12.6203494082495));
#9365=CARTESIAN_POINT('Ctrl Pts',(-2.93183415928774,-6.07987981239868,-13.5316603711203));
#9366=CARTESIAN_POINT('Ctrl Pts',(-4.29403606263571,-5.42300003922653,-13.6430940944712));
#9367=CARTESIAN_POINT('Ctrl Pts',(-5.42300003923284,-4.29403606262774,-13.7545278178222));
#9368=CARTESIAN_POINT('Ctrl Pts',(-6.07987981240299,-2.9318341592788,-13.8659615411731));
#9369=CARTESIAN_POINT('Ctrl Pts',(-2.98976863050971,-6.20002119928736,-13.6705983840957));
#9370=CARTESIAN_POINT('Ctrl Pts',(-4.37888830706051,-5.53016116180027,-13.7820321074467));
#9371=CARTESIAN_POINT('Ctrl Pts',(-5.53016116180671,-4.37888830705238,-13.8934658307976));
#9372=CARTESIAN_POINT('Ctrl Pts',(-6.20002119929176,-2.9897686305006,-14.0048995541486));
#9373=CARTESIAN_POINT('Ctrl Pts',(-3.04770310173168,-6.32016258617605,-13.8095363970711));
#9374=CARTESIAN_POINT('Ctrl Pts',(-4.46374055148532,-5.63732228437402,-13.9209701204221));
#9375=CARTESIAN_POINT('Ctrl Pts',(-5.63732228438058,-4.46374055147703,-14.0324038437731));
#9376=CARTESIAN_POINT('Ctrl Pts',(-6.32016258618053,-3.04770310172239,-14.143837567124));
#9377=CARTESIAN_POINT('Ctrl Pts',(-3.10563757295365,-6.44030397306473,-13.9484744100466));
#9378=CARTESIAN_POINT('Ctrl Pts',(-4.54859279591012,-5.74448340694776,-14.0599081333975));
#9379=CARTESIAN_POINT('Ctrl Pts',(-5.74448340695444,-4.54859279590167,-14.1713418567485));
#9380=CARTESIAN_POINT('Ctrl Pts',(-6.4403039730693,-3.10563757294418,-14.2827755800995));
#9381=CARTESIAN_POINT('',(-3.10563757295564,-6.44030397306268,-13.9484744100457));
#9382=CARTESIAN_POINT('',(-6.44030397307038,-3.10563757294468,-14.2827755800984));
#9383=CARTESIAN_POINT('Ctrl Pts',(-3.10563757295366,-6.44030397306473,-13.9484744100466));
#9384=CARTESIAN_POINT('Ctrl Pts',(-3.36908479798066,-6.17685674803773,-13.8449529814927));
#9385=CARTESIAN_POINT('Ctrl Pts',(-3.6361332019222,-5.90980834409619,-13.7683128131473));
#9386=CARTESIAN_POINT('Ctrl Pts',(-4.06328276179604,-5.48265878422235,-13.6991918197957));
#9387=CARTESIAN_POINT('Ctrl Pts',(-4.21888821996889,-5.3270533260495,-13.6849252219292));
#9388=CARTESIAN_POINT('Ctrl Pts',(-4.44954535259737,-5.09639619342102,-13.6805784982208));
#9389=CARTESIAN_POINT('Ctrl Pts',(-4.52379133354096,-5.02215021247594,-13.6817381952518));
#9390=CARTESIAN_POINT('Ctrl Pts',(-4.63819798281694,-4.90774356319997,-13.6874712437892));
#9391=CARTESIAN_POINT('Ctrl Pts',(-4.67831780703099,-4.86762373898741,-13.690230366881));
#9392=CARTESIAN_POINT('Ctrl Pts',(-4.7514074176688,-4.7945341283496,-13.6966149719369));
#9393=CARTESIAN_POINT('Ctrl Pts',(-4.78436979491809,-4.7615717511003,-13.6999989348644));
#9394=CARTESIAN_POINT('Ctrl Pts',(-4.85609931496123,-4.68984223105716,-13.7084542927312));
#9395=CARTESIAN_POINT('Ctrl Pts',(-4.89483896906655,-4.65110257695204,-13.7137164670375));
#9396=CARTESIAN_POINT('Ctrl Pts',(-4.99996016398276,-4.54598138203583,-13.7298646239788));
#9397=CARTESIAN_POINT('Ctrl Pts',(-5.06618436038716,-4.4797571856269,-13.7420671473673));
#9398=CARTESIAN_POINT('Ctrl Pts',(-5.37525136474379,-4.17069018127027,-13.8082664023073));
#9399=CARTESIAN_POINT('Ctrl Pts',(-5.61396463730313,-3.93197690871527,-13.8862300998125));
#9400=CARTESIAN_POINT('Ctrl Pts',(-6.04971915530778,-3.49622239071062,-14.0706559070109));
#9401=CARTESIAN_POINT('Ctrl Pts',(-6.24677976514269,-3.2991617808757,-14.1707850572167));
#9402=CARTESIAN_POINT('Ctrl Pts',(-6.4403039730647,-3.10563757295369,-14.2827755800987));
#9403=CARTESIAN_POINT('Ctrl Pts',(-3.10563757295537,-6.44030397306221,-13.9484744100452));
#9404=CARTESIAN_POINT('Ctrl Pts',(-4.54859279591045,-5.74448340694522,-14.0599081333961));
#9405=CARTESIAN_POINT('Ctrl Pts',(-5.74448340695358,-4.54859279589992,-14.171341856747));
#9406=CARTESIAN_POINT('Ctrl Pts',(-6.44030397306791,-3.10563757294355,-14.2827755800979));
#9407=CARTESIAN_POINT('Ctrl Pts',(2.22600442879958,-6.37224405949301,-13.1410353711202));
#9408=CARTESIAN_POINT('Ctrl Pts',(0.79829808356232,-6.87098212066141,-13.2524690944712));
#9409=CARTESIAN_POINT('Ctrl Pts',(-0.798298083573652,-6.87098212066009,
-13.3639028178222));
#9410=CARTESIAN_POINT('Ctrl Pts',(-2.22600442881009,-6.37224405948934,-13.4753365411732));
#9411=CARTESIAN_POINT('Ctrl Pts',(2.26999136070422,-6.49816270632867,-13.2799733840957));
#9412=CARTESIAN_POINT('Ctrl Pts',(0.81407284258209,-7.00675607454455,-13.3914071074467));
#9413=CARTESIAN_POINT('Ctrl Pts',(-0.814072842593647,-7.0067560745432,-13.5028408307977));
#9414=CARTESIAN_POINT('Ctrl Pts',(-2.26999136071493,-6.49816270632492,-13.6142745541487));
#9415=CARTESIAN_POINT('Ctrl Pts',(2.31397829260885,-6.62408135316433,-13.4189113970711));
#9416=CARTESIAN_POINT('Ctrl Pts',(0.829847601601862,-7.14253002842768,-13.5303451204221));
#9417=CARTESIAN_POINT('Ctrl Pts',(-0.829847601613642,-7.14253002842632,
-13.6417788437731));
#9418=CARTESIAN_POINT('Ctrl Pts',(-2.31397829261977,-6.62408135316051,-13.7532125671241));
#9419=CARTESIAN_POINT('Ctrl Pts',(2.35796522451348,-6.74999999999999,-13.5578494100466));
#9420=CARTESIAN_POINT('Ctrl Pts',(0.845622360621632,-7.27830398231082,-13.6692831333976));
#9421=CARTESIAN_POINT('Ctrl Pts',(-0.845622360633637,-7.27830398230943,
-13.7807168567486));
#9422=CARTESIAN_POINT('Ctrl Pts',(-2.35796522452462,-6.7499999999961,-13.8921505800996));
#9423=CARTESIAN_POINT('',(2.35796522451074,-6.74999999999993,-13.5578494100457));
#9424=CARTESIAN_POINT('',(-2.35796522452429,-6.74999999999756,-13.8921505800985));
#9425=CARTESIAN_POINT('Ctrl Pts',(2.3579652245135,-6.74999999999999,-13.5578494100466));
#9426=CARTESIAN_POINT('Ctrl Pts',(1.98539458591113,-6.74999999999999,-13.4543279814928));
#9427=CARTESIAN_POINT('Ctrl Pts',(1.60773111124735,-6.74999999999999,-13.3776878131475));
#9428=CARTESIAN_POINT('Ctrl Pts',(1.00365041051228,-6.74999999999999,-13.3085668197958));
#9429=CARTESIAN_POINT('Ctrl Pts',(0.783591061184684,-6.75,-13.2943002219292));
#9430=CARTESIAN_POINT('Ctrl Pts',(0.457392615962885,-6.75,-13.2899534982208));
#9431=CARTESIAN_POINT('Ctrl Pts',(0.352392942759686,-6.74999999999895,-13.2911131952518));
#9432=CARTESIAN_POINT('Ctrl Pts',(0.190597507727968,-6.74999999999895,-13.2968462437892));
#9433=CARTESIAN_POINT('Ctrl Pts',(0.133859508205524,-6.75,-13.299605366881));
#9434=CARTESIAN_POINT('Ctrl Pts',(0.0304951895732743,-6.75,-13.3059899719369));
#9435=CARTESIAN_POINT('Ctrl Pts',(-0.0161206513803013,-6.75,-13.3093739348643));
#9436=CARTESIAN_POINT('Ctrl Pts',(-0.117561511449349,-6.75,-13.3178292927312));
#9437=CARTESIAN_POINT('Ctrl Pts',(-0.172347655687246,-6.75000000000014,
-13.3230914670377));
#9438=CARTESIAN_POINT('Ctrl Pts',(-0.321011475229245,-6.75000000000014,
-13.3392396239788));
#9439=CARTESIAN_POINT('Ctrl Pts',(-0.414666631944856,-6.74999999999694,
-13.3514421473673));
#9440=CARTESIAN_POINT('Ctrl Pts',(-0.851753381188136,-6.74999999999694,
-13.4176414023073));
#9441=CARTESIAN_POINT('Ctrl Pts',(-1.1893449287569,-6.75,-13.4956050998125));
#9442=CARTESIAN_POINT('Ctrl Pts',(-1.80559487798447,-6.75,-13.6800309070109));
#9443=CARTESIAN_POINT('Ctrl Pts',(-2.08428066502242,-6.74999999999999,-13.7801600572166));
#9444=CARTESIAN_POINT('Ctrl Pts',(-2.35796522451348,-6.74999999999999,-13.8921505800987));
#9445=CARTESIAN_POINT('Ctrl Pts',(2.35796522451043,-6.74999999999898,-13.5578494100447));
#9446=CARTESIAN_POINT('Ctrl Pts',(0.845622360619612,-7.27830398230882,-13.6692831333956));
#9447=CARTESIAN_POINT('Ctrl Pts',(-0.845622360634186,-7.27830398230715,
-13.7807168567466));
#9448=CARTESIAN_POINT('Ctrl Pts',(-2.35796522452394,-6.74999999999426,-13.8921505800975));
#9449=CARTESIAN_POINT('Ctrl Pts',(6.79407508028982,-1.94068917365947,-12.9944392170241));
#9450=CARTESIAN_POINT('Ctrl Pts',(6.75665782329607,-2.07168163590659,-13.0040284996104));
#9451=CARTESIAN_POINT('Ctrl Pts',(6.71545113749294,-2.20159164279059,-13.0136177821968));
#9452=CARTESIAN_POINT('Ctrl Pts',(6.67052391891657,-2.33020198964298,-13.0232070647831));
#9453=CARTESIAN_POINT('Ctrl Pts',(6.82105779151969,-1.94839663272357,-13.023670388796));
#9454=CARTESIAN_POINT('Ctrl Pts',(6.78349193165822,-2.07990933234522,-13.0332596713823));
#9455=CARTESIAN_POINT('Ctrl Pts',(6.74212159324739,-2.21033527762558,-13.0428489539686));
#9456=CARTESIAN_POINT('Ctrl Pts',(6.69701594594438,-2.33945640126645,-13.052438236555));
#9457=CARTESIAN_POINT('Ctrl Pts',(6.84804050274955,-1.95610409178768,-13.0529015605679));
#9458=CARTESIAN_POINT('Ctrl Pts',(6.81032604002036,-2.08813702878386,-13.0624908431542));
#9459=CARTESIAN_POINT('Ctrl Pts',(6.76879204900184,-2.21907891246056,-13.0720801257405));
#9460=CARTESIAN_POINT('Ctrl Pts',(6.7235079729722,-2.34871081288993,-13.0816694083268));
#9461=CARTESIAN_POINT('Ctrl Pts',(6.87502321397942,-1.96381155085178,-13.0821327323398));
#9462=CARTESIAN_POINT('Ctrl Pts',(6.8371601483825,-2.09636472522249,-13.0917220149261));
#9463=CARTESIAN_POINT('Ctrl Pts',(6.79546250475628,-2.22782254729554,-13.1013112975124));
#9464=CARTESIAN_POINT('Ctrl Pts',(6.75000000000002,-2.35796522451341,-13.1109005800987));
#9465=CARTESIAN_POINT('',(6.75,-2.08883476483184,-13.0053190501942));
#9466=CARTESIAN_POINT('',(6.74999999999999,-2.35796522451037,-13.1109005800975));
#9467=CARTESIAN_POINT('Ctrl Pts',(6.74999982622338,-2.0888347099803,-13.0053190501941));
#9468=CARTESIAN_POINT('Ctrl Pts',(6.7500002728164,-2.17906440036028,-13.039172538735));
#9469=CARTESIAN_POINT('Ctrl Pts',(6.75000000000003,-2.2687812924626,-13.0744069057693));
#9470=CARTESIAN_POINT('Ctrl Pts',(6.75000000000002,-2.35796522451341,-13.1109005800987));
#9471=CARTESIAN_POINT('',(6.87502321397892,-1.96381155085194,-13.0821327323387));
#9472=CARTESIAN_POINT('Ctrl Pts',(6.87502321397747,-1.96381155085129,-13.0821327323377));
#9473=CARTESIAN_POINT('Ctrl Pts',(6.83716014838082,-2.09636472522104,-13.0917220149239));
#9474=CARTESIAN_POINT('Ctrl Pts',(6.79546250475494,-2.22782254729315,-13.1013112975102));
#9475=CARTESIAN_POINT('Ctrl Pts',(6.74999999999905,-2.35796522451009,-13.1109005800964));
#9476=CARTESIAN_POINT('Ctrl Pts',(6.87502321397918,-1.96381155085264,-13.0821327323399));
#9477=CARTESIAN_POINT('Ctrl Pts',(6.83352285230488,-2.00531191252693,-13.056007763006));
#9478=CARTESIAN_POINT('Ctrl Pts',(6.79184750181607,-2.04698726301577,-13.0303904209865));
#9479=CARTESIAN_POINT('Ctrl Pts',(6.75000000000001,-2.08883476483183,-13.0053190501942));
#9480=CARTESIAN_POINT('Ctrl Pts',(-6.67052391951648,-2.33020198985262,-14.2514058953929));
#9481=CARTESIAN_POINT('Ctrl Pts',(-6.71545113893351,-2.20159164059377,-14.2609951781578));
#9482=CARTESIAN_POINT('Ctrl Pts',(-6.75665782543837,-2.07168163125469,-14.2705844609226));
#9483=CARTESIAN_POINT('Ctrl Pts',(-6.79407508299115,-1.94068916651622,-14.2801737436875));
#9484=CARTESIAN_POINT('Ctrl Pts',(-6.69701594634432,-2.33945640140624,-14.2806370669441));
#9485=CARTESIAN_POINT('Ctrl Pts',(-6.74212159448995,-2.21033527535324,-14.290226349709));
#9486=CARTESIAN_POINT('Ctrl Pts',(-6.78349193360405,-2.07990932761199,-14.2998156324739));
#9487=CARTESIAN_POINT('Ctrl Pts',(-6.82105779402564,-1.94839662549308,-14.3094049152388));
#9488=CARTESIAN_POINT('Ctrl Pts',(-6.72350797317216,-2.34871081295986,-14.3098682384954));
#9489=CARTESIAN_POINT('Ctrl Pts',(-6.76879205004639,-2.21907891011271,-14.3194575212602));
#9490=CARTESIAN_POINT('Ctrl Pts',(-6.81032604176972,-2.0881370239693,-14.3290468040251));
#9491=CARTESIAN_POINT('Ctrl Pts',(-6.84804050506012,-1.95610408446994,-14.33863608679));
#9492=CARTESIAN_POINT('Ctrl Pts',(-6.74999999999999,-2.35796522451347,-14.3390994100466));
#9493=CARTESIAN_POINT('Ctrl Pts',(-6.79546250560284,-2.22782254487218,-14.3486886928115));
#9494=CARTESIAN_POINT('Ctrl Pts',(-6.8371601499354,-2.09636472032661,-14.3582779755763));
#9495=CARTESIAN_POINT('Ctrl Pts',(-6.87502321609461,-1.9638115434468,-14.3678672583412));
#9496=CARTESIAN_POINT('',(-6.74999999999997,-2.35796522451052,-14.3390994100457));
#9497=CARTESIAN_POINT('Ctrl Pts',(-6.74999999999999,-2.35796522451347,-14.3390994100466));
#9498=CARTESIAN_POINT('Ctrl Pts',(-6.75,-2.26864577505831,-14.3142813593276));
#9499=CARTESIAN_POINT('Ctrl Pts',(-6.75000003067748,-2.17893779933931,-14.2909820011144));
#9500=CARTESIAN_POINT('Ctrl Pts',(-6.74999982622339,-2.08883470998034,-14.2692939107049));
#9501=CARTESIAN_POINT('Ctrl Pts',(-6.74999999999992,-2.35796522451054,-14.3390994100457));
#9502=CARTESIAN_POINT('Ctrl Pts',(-6.79406217662172,-2.23183117931534,-14.3483933252239));
#9503=CARTESIAN_POINT('Ctrl Pts',(-6.83463150106319,-2.10434011971794,-14.3576962114393));
#9504=CARTESIAN_POINT('Ctrl Pts',(-6.87276835457662,-1.97169266000441,-14.3672970453979));
#9505=CARTESIAN_POINT('Ctrl Pts',(-6.87389750210321,-1.96775250703492,-14.3675821575593));
#9506=CARTESIAN_POINT('Ctrl Pts',(-6.87502321397968,-1.96381155084712,-14.3678672578048));
#9507=CARTESIAN_POINT('Ctrl Pts',(-2.22600442879924,6.37224405949202,-14.7035353711192));
#9508=CARTESIAN_POINT('Ctrl Pts',(-0.798298083562861,6.87098212066011,-14.8149690944701));
#9509=CARTESIAN_POINT('Ctrl Pts',(0.798298083572018,6.87098212065905,-14.926402817821));
#9510=CARTESIAN_POINT('Ctrl Pts',(2.22600442880773,6.37224405948905,-15.037836541172));
#9511=CARTESIAN_POINT('Ctrl Pts',(-2.26999136070399,6.49816270632801,-14.842473384095));
#9512=CARTESIAN_POINT('Ctrl Pts',(-0.814072842582686,7.0067560745436,-14.9539071074459));
#9513=CARTESIAN_POINT('Ctrl Pts',(0.814072842592027,7.00675607454252,-15.0653408307968));
#9514=CARTESIAN_POINT('Ctrl Pts',(2.26999136071265,6.49816270632498,-15.1767745541478));
#9515=CARTESIAN_POINT('Ctrl Pts',(-2.31397829260874,6.624081353164,-14.9814113970708));
#9516=CARTESIAN_POINT('Ctrl Pts',(-0.829847601602511,7.14253002842709,-15.0928451204217));
#9517=CARTESIAN_POINT('Ctrl Pts',(0.829847601612029,7.14253002842598,-15.2042788437726));
#9518=CARTESIAN_POINT('Ctrl Pts',(2.31397829261756,6.62408135316092,-15.3157125671236));
#9519=CARTESIAN_POINT('Ctrl Pts',(-2.35796522451348,6.74999999999999,-15.1203494100466));
#9520=CARTESIAN_POINT('Ctrl Pts',(-0.845622360622336,7.27830398231058,-15.2317831333975));
#9521=CARTESIAN_POINT('Ctrl Pts',(0.845622360632037,7.27830398230945,-15.3432168567485));
#9522=CARTESIAN_POINT('Ctrl Pts',(2.35796522452248,6.74999999999685,-15.4546505800994));
#9523=CARTESIAN_POINT('',(-2.3579652245104,6.74999999999999,-15.1203494100457));
#9524=CARTESIAN_POINT('',(2.35796522452196,6.74999999999797,-15.4546505800983));
#9525=CARTESIAN_POINT('Ctrl Pts',(-2.35796522451348,6.75,-15.1203494100466));
#9526=CARTESIAN_POINT('Ctrl Pts',(-1.98539458724046,6.75,-15.0168279818622));
#9527=CARTESIAN_POINT('Ctrl Pts',(-1.60773111393062,6.75000000000001,-14.9401878136911));
#9528=CARTESIAN_POINT('Ctrl Pts',(-1.00365041383179,6.75000000000001,-14.8710668200404));
#9529=CARTESIAN_POINT('Ctrl Pts',(-0.783591063733089,6.75000000000001,-14.8568002220235));
#9530=CARTESIAN_POINT('Ctrl Pts',(-0.457392617392632,6.75000000000001,-14.8524534982112));
#9531=CARTESIAN_POINT('Ctrl Pts',(-0.352392943855267,6.74999999999895,-14.8536131952253));
#9532=CARTESIAN_POINT('Ctrl Pts',(-0.190597508358248,6.74999999999895,-14.8593462437602));
#9533=CARTESIAN_POINT('Ctrl Pts',(-0.133859508705548,6.75,-14.8621053668533));
#9534=CARTESIAN_POINT('Ctrl Pts',(-0.0304951898624535,6.75,-14.8684899719163));
#9535=CARTESIAN_POINT('Ctrl Pts',(0.0161206511715319,6.75,-14.8718739348478));
#9536=CARTESIAN_POINT('Ctrl Pts',(0.117561511383354,6.75,-14.8803292927247));
#9537=CARTESIAN_POINT('Ctrl Pts',(0.172347655683849,6.75000000000014,-14.8855914670368));
#9538=CARTESIAN_POINT('Ctrl Pts',(0.321011475320251,6.75000000000014,-14.9017396239895));
#9539=CARTESIAN_POINT('Ctrl Pts',(0.414666632066679,6.74999999999694,-14.9139421473836));
#9540=CARTESIAN_POINT('Ctrl Pts',(0.851753380699394,6.74999999999694,-14.9801414022412));
#9541=CARTESIAN_POINT('Ctrl Pts',(1.18934492765192,6.75,-15.0581050995604));
#9542=CARTESIAN_POINT('Ctrl Pts',(1.80559487686869,6.75,-15.24253090661));
#9543=CARTESIAN_POINT('Ctrl Pts',(2.08428066447438,6.75,-15.3426600569924));
#9544=CARTESIAN_POINT('Ctrl Pts',(2.35796522451345,6.75,-15.4546505800987));
#9545=CARTESIAN_POINT('Ctrl Pts',(-2.35796522451032,6.74999999999984,-15.1203494100455));
#9546=CARTESIAN_POINT('Ctrl Pts',(-0.845622360620129,7.27830398230937,-15.2317831333964));
#9547=CARTESIAN_POINT('Ctrl Pts',(0.845622360632821,7.27830398230792,-15.3432168567473));
#9548=CARTESIAN_POINT('Ctrl Pts',(2.35796522452209,6.74999999999573,-15.4546505800982));
#9549=CARTESIAN_POINT('Ctrl Pts',(-6.07987981239775,2.93183415928725,-14.3129103711192));
#9550=CARTESIAN_POINT('Ctrl Pts',(-5.42300003922575,4.29403606263493,-14.4243440944701));
#9551=CARTESIAN_POINT('Ctrl Pts',(-4.29403606262723,5.42300003923185,-14.5357778178211));
#9552=CARTESIAN_POINT('Ctrl Pts',(-2.93183415927862,6.07987981240191,-14.647211541172));
#9553=CARTESIAN_POINT('Ctrl Pts',(-6.20002119928675,2.98976863050937,-14.451848384095));
#9554=CARTESIAN_POINT('Ctrl Pts',(-5.53016116179978,4.37888830705995,-14.5632821074459));
#9555=CARTESIAN_POINT('Ctrl Pts',(-4.3788883070521,5.53016116180599,-14.6747158307969));
#9556=CARTESIAN_POINT('Ctrl Pts',(-2.98976863050057,6.20002119929099,-14.7861495541478));
#9557=CARTESIAN_POINT('Ctrl Pts',(-6.32016258617575,3.04770310173149,-14.5907863970708));
#9558=CARTESIAN_POINT('Ctrl Pts',(-5.6373222843738,4.46374055148497,-14.7022201204217));
#9559=CARTESIAN_POINT('Ctrl Pts',(-4.46374055147697,5.63732228438013,-14.8136538437727));
#9560=CARTESIAN_POINT('Ctrl Pts',(-3.04770310172252,6.32016258618007,-14.9250875671236));
#9561=CARTESIAN_POINT('Ctrl Pts',(-6.44030397306475,3.10563757295361,-14.7297244100466));
#9562=CARTESIAN_POINT('Ctrl Pts',(-5.74448340694782,4.54859279591,-14.8411581333975));
#9563=CARTESIAN_POINT('Ctrl Pts',(-4.54859279590184,5.74448340695428,-14.9525918567485));
#9564=CARTESIAN_POINT('Ctrl Pts',(-3.10563757294447,6.44030397306916,-15.0640255800994));
#9565=CARTESIAN_POINT('',(-6.44030397306254,3.10563757295584,-14.7297244100457));
#9566=CARTESIAN_POINT('',(-3.10563757294565,6.4403039730697,-15.0640255800984));
#9567=CARTESIAN_POINT('Ctrl Pts',(-6.44030397306476,3.10563757295363,-14.7297244100466));
#9568=CARTESIAN_POINT('Ctrl Pts',(-6.17685674897803,3.36908479704036,-14.6262029818622));
#9569=CARTESIAN_POINT('Ctrl Pts',(-5.90980834599412,3.63613320002427,-14.5495628136911));
#9570=CARTESIAN_POINT('Ctrl Pts',(-5.48265878657005,4.06328275944834,-14.4804418200403));
#9571=CARTESIAN_POINT('Ctrl Pts',(-5.32705332785188,4.21888821816652,-14.4661752220235));
#9572=CARTESIAN_POINT('Ctrl Pts',(-5.09639619443227,4.44954535158613,-14.4618284982112));
#9573=CARTESIAN_POINT('Ctrl Pts',(-5.02215021325083,4.52379133276607,-14.4629881952253));
#9574=CARTESIAN_POINT('Ctrl Pts',(-4.90774356364586,4.63819798237105,-14.4687212437602));
#9575=CARTESIAN_POINT('Ctrl Pts',(-4.86762373934125,4.67831780667714,-14.4714803668533));
#9576=CARTESIAN_POINT('Ctrl Pts',(-4.79453412855422,4.75140741746417,-14.4778649719164));
#9577=CARTESIAN_POINT('Ctrl Pts',(-4.76157175124808,4.78436979477031,-14.4812489348479));
#9578=CARTESIAN_POINT('Ctrl Pts',(-4.68984223110364,4.85609931491476,-14.4897042927247));
#9579=CARTESIAN_POINT('Ctrl Pts',(-4.65110257695394,4.89483896906465,-14.4949664670367));
#9580=CARTESIAN_POINT('Ctrl Pts',(-4.54598138197153,4.99996016404707,-14.5111146239896));
#9581=CARTESIAN_POINT('Ctrl Pts',(-4.47975718554073,5.06618436047334,-14.5233171473836));
#9582=CARTESIAN_POINT('Ctrl Pts',(-4.17069018161601,5.37525136439807,-14.5895164022412));
#9583=CARTESIAN_POINT('Ctrl Pts',(-3.93197690949683,5.61396463652155,-14.6674800995603));
#9584=CARTESIAN_POINT('Ctrl Pts',(-3.49622239149961,6.04971915451877,-14.8519059066101));
#9585=CARTESIAN_POINT('Ctrl Pts',(-3.2991617812633,6.2467797647551,-14.9520350569924));
#9586=CARTESIAN_POINT('Ctrl Pts',(-3.10563757295367,6.44030397306472,-15.0640255800987));
#9587=CARTESIAN_POINT('Ctrl Pts',(-6.44030397305432,3.1056375729723,-14.7297244100467));
#9588=CARTESIAN_POINT('Ctrl Pts',(-5.74448340693617,4.54859279591981,-14.8411581333972));
#9589=CARTESIAN_POINT('Ctrl Pts',(-4.54859279589462,5.74448340695634,-14.9525918567477));
#9590=CARTESIAN_POINT('Ctrl Pts',(-3.10563757294392,6.44030397306801,-15.0640255800981));
#9591=CARTESIAN_POINT('Ctrl Pts',(-6.79407508029001,1.94068917365879,-14.5569392170241));
#9592=CARTESIAN_POINT('Ctrl Pts',(-6.75665782329622,2.07168163590614,-14.5665284996104));
#9593=CARTESIAN_POINT('Ctrl Pts',(-6.71545113749301,2.20159164279042,-14.5761177821967));
#9594=CARTESIAN_POINT('Ctrl Pts',(-6.67052391891655,2.33020198964303,-14.5857070647831));
#9595=CARTESIAN_POINT('Ctrl Pts',(-6.82105779151988,1.94839663272289,-14.586170388796));
#9596=CARTESIAN_POINT('Ctrl Pts',(-6.78349193165836,2.07990933234477,-14.5957596713823));
#9597=CARTESIAN_POINT('Ctrl Pts',(-6.74212159324745,2.2103352776254,-14.6053489539686));
#9598=CARTESIAN_POINT('Ctrl Pts',(-6.69701594594437,2.3394564012665,-14.614938236555));
#9599=CARTESIAN_POINT('Ctrl Pts',(-6.84804050274975,1.956104091787,-14.6154015605679));
#9600=CARTESIAN_POINT('Ctrl Pts',(-6.8103260400205,2.0881370287834,-14.6249908431542));
#9601=CARTESIAN_POINT('Ctrl Pts',(-6.7687920490019,2.21907891246039,-14.6345801257405));
#9602=CARTESIAN_POINT('Ctrl Pts',(-6.72350797297219,2.34871081288998,-14.6441694083268));
#9603=CARTESIAN_POINT('Ctrl Pts',(-6.87502321397962,1.9638115508511,-14.6446327323397));
#9604=CARTESIAN_POINT('Ctrl Pts',(-6.83716014838264,2.09636472522203,-14.6542220149261));
#9605=CARTESIAN_POINT('Ctrl Pts',(-6.79546250475635,2.22782254729537,-14.6638112975124));
#9606=CARTESIAN_POINT('Ctrl Pts',(-6.75,2.35796522451345,-14.6734005800987));
#9607=CARTESIAN_POINT('',(-6.75,2.3579652245103,-14.6734005800974));
#9608=CARTESIAN_POINT('Ctrl Pts',(-6.74999982622339,2.08883470998028,-14.5678190501941));
#9609=CARTESIAN_POINT('Ctrl Pts',(-6.75000027281639,2.17906440036001,-14.6016725387349));
#9610=CARTESIAN_POINT('Ctrl Pts',(-6.75,2.26878129246231,-14.6369069057692));
#9611=CARTESIAN_POINT('Ctrl Pts',(-6.75,2.35796522451345,-14.6734005800987));
#9612=CARTESIAN_POINT('Ctrl Pts',(-6.87502321397824,1.9638115508507,-14.6446327323383));
#9613=CARTESIAN_POINT('Ctrl Pts',(-6.83716014838153,2.0963647252207,-14.6542220149245));
#9614=CARTESIAN_POINT('Ctrl Pts',(-6.79546250475556,2.22782254729311,-14.6638112975108));
#9615=CARTESIAN_POINT('Ctrl Pts',(-6.74999999999959,2.3579652245103,-14.673400580097));
#9616=CARTESIAN_POINT('Ctrl Pts',(6.67052391187788,2.33020198718416,-15.8139058869645));
#9617=CARTESIAN_POINT('Ctrl Pts',(6.71545112784551,2.20159164779968,-15.8234951690041));
#9618=CARTESIAN_POINT('Ctrl Pts',(6.75665781146815,2.07168164853318,-15.8330844510437));
#9619=CARTESIAN_POINT('Ctrl Pts',(6.79407506672118,1.94068919401566,-15.8426737330833));
#9620=CARTESIAN_POINT('Ctrl Pts',(6.69701594125193,2.33945639962724,-15.8431370613252));
#9621=CARTESIAN_POINT('Ctrl Pts',(6.74212158595181,2.21033528343815,-15.8527263433648));
#9622=CARTESIAN_POINT('Ctrl Pts',(6.78349192218816,2.07990934575931,-15.8623156254044));
#9623=CARTESIAN_POINT('Ctrl Pts',(6.82105778031532,1.94839665385134,-15.871904907444));
#9624=CARTESIAN_POINT('Ctrl Pts',(6.72350797062597,2.34871081207032,-15.8723682356859));
#9625=CARTESIAN_POINT('Ctrl Pts',(6.76879204405812,2.21907891907662,-15.8819575177255));
#9626=CARTESIAN_POINT('Ctrl Pts',(6.81032603290817,2.08813704298545,-15.8915467997651));
#9627=CARTESIAN_POINT('Ctrl Pts',(6.84804049390946,1.95610411368703,-15.9011360818047));
#9628=CARTESIAN_POINT('Ctrl Pts',(6.75000000000002,2.3579652245134,-15.9015994100466));
#9629=CARTESIAN_POINT('Ctrl Pts',(6.79546250216443,2.22782255471509,-15.9111886920862));
#9630=CARTESIAN_POINT('Ctrl Pts',(6.83716014362818,2.09636474021158,-15.9207779741258));
#9631=CARTESIAN_POINT('Ctrl Pts',(6.8750232075036,1.96381157352271,-15.9303672561654));
#9632=CARTESIAN_POINT('',(6.75,2.35796522451034,-15.9015994100457));
#9633=CARTESIAN_POINT('',(6.75000001786378,2.08883472910428,-15.8317939384016));
#9634=CARTESIAN_POINT('Ctrl Pts',(6.75000000000002,2.3579652245134,-15.9015994100466));
#9635=CARTESIAN_POINT('Ctrl Pts',(6.75000000000001,2.26864578937005,-15.8767813633042));
#9636=CARTESIAN_POINT('Ctrl Pts',(6.7500000485582,2.17893777727332,-15.8534820134633));
#9637=CARTESIAN_POINT('Ctrl Pts',(6.7499998529087,2.08883467634284,-15.8317939297183));
#9638=CARTESIAN_POINT('',(6.87502319656701,1.96381158166046,-15.9303672550911));
#9639=CARTESIAN_POINT('Ctrl Pts',(6.74999985508299,2.08883468112096,-15.8317939330773));
#9640=CARTESIAN_POINT('Ctrl Pts',(6.79186969366937,2.0469649025222,-15.8642521229511));
#9641=CARTESIAN_POINT('Ctrl Pts',(6.83354870335921,2.00528606147265,-15.8971256914907));
#9642=CARTESIAN_POINT('Ctrl Pts',(6.87502319490724,1.96381156992463,-15.9303672425194));
#9643=CARTESIAN_POINT('Ctrl Pts',(6.74999999999982,2.35796522451022,-15.9015994100455));
#9644=CARTESIAN_POINT('Ctrl Pts',(6.79546250046773,2.22782255956819,-15.9111886917273));
#9645=CARTESIAN_POINT('Ctrl Pts',(6.83716014051596,2.09636475001911,-15.9207779734091));
#9646=CARTESIAN_POINT('Ctrl Pts',(6.87502320326463,1.96381158835821,-15.9303672550909));
#9647=CARTESIAN_POINT('Origin',(0.,0.,0.));
#9648=CARTESIAN_POINT('',(-6.44030397306502,-3.10563757295231,-14.9077755783027));
#9649=CARTESIAN_POINT('',(-6.4403039730625,-3.10563757295589,0.));
#9650=CARTESIAN_POINT('',(-3.10563757298007,-6.44030397304551,-14.5734744082527));
#9651=CARTESIAN_POINT('Ctrl Pts',(-6.44030397306285,-3.10563757295105,-14.9077755783045));
#9652=CARTESIAN_POINT('Ctrl Pts',(-5.74448340694053,-4.54859279591939,-14.7963418549526));
#9653=CARTESIAN_POINT('Ctrl Pts',(-4.54859279588047,-5.74448340697134,-14.6849081316007));
#9654=CARTESIAN_POINT('Ctrl Pts',(-3.10563757290742,-6.44030397308389,-14.5734744082488));
#9655=CARTESIAN_POINT('',(-3.10563757295588,-6.44030397306251,0.));
#9656=CARTESIAN_POINT('Origin',(0.,0.,0.));
#9657=CARTESIAN_POINT('',(-2.35796522451532,-6.74999999999913,-14.5171505783027));
#9658=CARTESIAN_POINT('',(-2.35796522451033,-6.75,0.));
#9659=CARTESIAN_POINT('',(2.35796522237601,-6.75000000037278,-14.1828494084079));
#9660=CARTESIAN_POINT('Ctrl Pts',(-2.3579652245146,-6.74999999999664,-14.5171505783045));
#9661=CARTESIAN_POINT('Ctrl Pts',(-0.845622361338906,-7.27830398205781,
-14.4057168550063));
#9662=CARTESIAN_POINT('Ctrl Pts',(0.845622359031021,-7.27830398230692,-14.294283131708));
#9663=CARTESIAN_POINT('Ctrl Pts',(2.35796522237541,-6.75000000074392,-14.1828494084097));
#9664=CARTESIAN_POINT('',(2.35796522451033,-6.75,0.));
#9665=CARTESIAN_POINT('Origin',(0.,0.,0.));
#9666=CARTESIAN_POINT('',(6.75,-2.35796522451035,-13.7359005783023));
#9667=CARTESIAN_POINT('',(6.75,-2.35796522451032,0.));
#9668=CARTESIAN_POINT('',(6.87502321397939,-1.96381155085113,-13.7071327305435));
#9669=CARTESIAN_POINT('Ctrl Pts',(6.74999999999898,-2.35796522450987,-13.7359005783035));
#9670=CARTESIAN_POINT('Ctrl Pts',(6.79546250475497,-2.22782254729264,-13.7263112957172));
#9671=CARTESIAN_POINT('Ctrl Pts',(6.83716014838096,-2.09636472522016,-13.7167220131309));
#9672=CARTESIAN_POINT('Ctrl Pts',(6.87502321397767,-1.96381155085012,-13.7071327305447));
#9673=CARTESIAN_POINT('',(6.87502321397766,-1.96381155085418,0.));
#9674=CARTESIAN_POINT('Origin',(0.,0.,0.));
#9675=CARTESIAN_POINT('',(-6.74999999981455,-2.35796522557209,-14.9640994081724));
#9676=CARTESIAN_POINT('',(-6.75,-2.35796522451032,0.));
#9677=CARTESIAN_POINT('Ctrl Pts',(-6.87502321397695,-1.96381155085382,-14.9928672560099));
#9678=CARTESIAN_POINT('Ctrl Pts',(-6.83716014827754,-2.09636472558315,-14.9832779733977));
#9679=CARTESIAN_POINT('Ctrl Pts',(-6.79546250452805,-2.22782254800897,-14.9736886907854));
#9680=CARTESIAN_POINT('Ctrl Pts',(-6.74999999962837,-2.35796522557182,-14.9640994081732));
#9681=CARTESIAN_POINT('Origin',(0.,0.,0.));
#9682=CARTESIAN_POINT('',(2.35796522451299,6.74999999999953,-16.0796505783025));
#9683=CARTESIAN_POINT('',(2.35796522451032,6.75,0.));
#9684=CARTESIAN_POINT('',(-2.35796520915358,6.75000000268227,-15.7453494093821));
#9685=CARTESIAN_POINT('Ctrl Pts',(2.35796522451226,6.7499999999975,-16.0796505783043));
#9686=CARTESIAN_POINT('Ctrl Pts',(0.84562236574468,7.2783039805182,-15.9682168553308));
#9687=CARTESIAN_POINT('Ctrl Pts',(-0.845622349181209,7.27830398241341,-15.8567831323574));
#9688=CARTESIAN_POINT('Ctrl Pts',(-2.35796520915288,6.75000000536297,-15.7453494093839));
#9689=CARTESIAN_POINT('',(-2.35796522451032,6.75,0.));
#9690=CARTESIAN_POINT('Origin',(0.,0.,0.));
#9691=CARTESIAN_POINT('',(-3.10563757295329,6.44030397306433,-15.6890255783026));
#9692=CARTESIAN_POINT('',(-3.10563757295589,6.4403039730625,0.));
#9693=CARTESIAN_POINT('',(-6.44030397083912,3.10563757612034,-15.3547244085313));
#9694=CARTESIAN_POINT('Ctrl Pts',(-3.10563757295226,6.44030397306229,-15.6890255783044));
#9695=CARTESIAN_POINT('Ctrl Pts',(-4.54859279469254,5.74448340753183,-15.5775918550473));
#9696=CARTESIAN_POINT('Ctrl Pts',(-5.74448340493711,4.54859279791513,-15.4661581317902));
#9697=CARTESIAN_POINT('Ctrl Pts',(-6.44030397130806,3.1056375765901,-15.3547244085331));
#9698=CARTESIAN_POINT('',(-6.4403039730625,3.10563757295589,0.));
#9699=CARTESIAN_POINT('Origin',(0.,0.,0.));
#9700=CARTESIAN_POINT('',(-6.75000000000001,2.35796522451029,-15.2984005783023));
#9701=CARTESIAN_POINT('',(-6.75,2.35796522451032,0.));
#9702=CARTESIAN_POINT('Ctrl Pts',(-6.74999999999933,2.35796522450999,-15.2984005783031));
#9703=CARTESIAN_POINT('Ctrl Pts',(-6.79546250475525,2.22782254729294,-15.2888112957168));
#9704=CARTESIAN_POINT('Ctrl Pts',(-6.8371601483812,2.09636472522063,-15.2792220131306));
#9705=CARTESIAN_POINT('Ctrl Pts',(-6.87502321397786,1.96381155085078,-15.2696327305443));
#9706=CARTESIAN_POINT('Origin',(0.,0.,0.));
#9707=CARTESIAN_POINT('',(6.7499999894217,2.35796528507402,-16.5265994037881));
#9708=CARTESIAN_POINT('',(6.75,2.35796522451032,0.));
#9709=CARTESIAN_POINT('',(6.87502321397778,1.96381155085396,-16.5553672560092));
#9710=CARTESIAN_POINT('',(6.87502321397766,1.96381155085419,0.));
#9711=CARTESIAN_POINT('Ctrl Pts',(6.87502321397645,1.96381155085353,-16.5553672560106));
#9712=CARTESIAN_POINT('Ctrl Pts',(6.83716014250663,2.09636474578422,-16.5457779719369));
#9713=CARTESIAN_POINT('Ctrl Pts',(6.79546249181762,2.22782258807744,-16.5361886878632));
#9714=CARTESIAN_POINT('Ctrl Pts',(6.74999997884214,2.35796528507353,-16.5265994037895));
#9715=CARTESIAN_POINT('Ctrl Pts',(6.44030400469763,-3.10563750735473,-13.7922244031835));
#9716=CARTESIAN_POINT('Ctrl Pts',(5.74448344232246,-4.54859276011789,-13.903658128289));
#9717=CARTESIAN_POINT('Ctrl Pts',(4.54859281633829,-5.74448339780606,-14.0150918533945));
#9718=CARTESIAN_POINT('Ctrl Pts',(3.10563757038501,-6.44030397430322,-14.1265255785));
#9719=CARTESIAN_POINT('Ctrl Pts',(6.32016261721881,-3.04770303735646,-13.9311624166703));
#9720=CARTESIAN_POINT('Ctrl Pts',(5.63732231908878,-4.46374051636075,-14.0425961417758));
#9721=CARTESIAN_POINT('Ctrl Pts',(4.46374057153238,-5.63732227540282,-14.1540298668813));
#9722=CARTESIAN_POINT('Ctrl Pts',(3.04770309921094,-6.3201625873914,-14.2654635919868));
#9723=CARTESIAN_POINT('Ctrl Pts',(6.20002122973999,-2.98976856735819,-14.0701004301572));
#9724=CARTESIAN_POINT('Ctrl Pts',(5.53016119585511,-4.37888827260361,-14.1815341552627));
#9725=CARTESIAN_POINT('Ctrl Pts',(4.37888832672647,-5.53016115299958,-14.2929678803682));
#9726=CARTESIAN_POINT('Ctrl Pts',(2.98976862803687,-6.20002120047957,-14.4044016054736));
#9727=CARTESIAN_POINT('Ctrl Pts',(6.07987984226117,-2.93183409735993,-14.209038443644));
#9728=CARTESIAN_POINT('Ctrl Pts',(5.42300007262143,-4.29403602884647,-14.3204721687495));
#9729=CARTESIAN_POINT('Ctrl Pts',(4.29403608192056,-5.42300003059634,-14.431905893855));
#9730=CARTESIAN_POINT('Ctrl Pts',(2.9318341568628,-6.07987981356775,-14.5433396189605));
#9731=CARTESIAN_POINT('Ctrl Pts',(3.10563757295397,-6.44030397306443,-14.1265255783016));
#9732=CARTESIAN_POINT('Ctrl Pts',(3.3690847977145,-6.1768567483039,-14.2300470072218));
#9733=CARTESIAN_POINT('Ctrl Pts',(3.63613320142322,-5.90980834459516,-14.3066871759109));
#9734=CARTESIAN_POINT('Ctrl Pts',(4.06328276121252,-5.48265878480587,-14.3758081697533));
#9735=CARTESIAN_POINT('Ctrl Pts',(4.21888821951976,-5.32705332649863,-14.390074767769));
#9736=CARTESIAN_POINT('Ctrl Pts',(4.44954535234836,-5.09639619367003,-14.3944214916068));
#9737=CARTESIAN_POINT('Ctrl Pts',(4.52379133335005,-5.02215021266685,-14.3932617946042));
#9738=CARTESIAN_POINT('Ctrl Pts',(4.6381979827072,-4.9077435633097,-14.3875287460901));
#9739=CARTESIAN_POINT('Ctrl Pts',(4.67831780694381,-4.86762373907458,-14.3847696230032));
#9740=CARTESIAN_POINT('Ctrl Pts',(4.75140741761857,-4.79453412839982,-14.3783850179501));
#9741=CARTESIAN_POINT('Ctrl Pts',(4.78436979488188,-4.76157175113651,-14.3750010550218));
#9742=CARTESIAN_POINT('Ctrl Pts',(4.85609931495006,-4.68984223106833,-14.3665456971489));
#9743=CARTESIAN_POINT('Ctrl Pts',(4.89483896906648,-4.65110257695211,-14.3612835228366));
#9744=CARTESIAN_POINT('Ctrl Pts',(4.99996016399944,-4.54598138201916,-14.3451353658732));
#9745=CARTESIAN_POINT('Ctrl Pts',(5.06618436040922,-4.47975718560485,-14.3329328424637));
#9746=CARTESIAN_POINT('Ctrl Pts',(5.37525136468078,-4.17069018133329,-14.2667335874137));
#9747=CARTESIAN_POINT('Ctrl Pts',(5.61396463713399,-3.93197690888439,-14.1887698897522));
#9748=CARTESIAN_POINT('Ctrl Pts',(6.0497191551337,-3.49622239088469,-14.0043440820719));
#9749=CARTESIAN_POINT('Ctrl Pts',(6.24677976506864,-3.29916178094975,-13.9042149315202));
#9750=CARTESIAN_POINT('Ctrl Pts',(6.44030397306443,-3.10563757295396,-13.7922244082495));
#9751=CARTESIAN_POINT('Ctrl Pts',(2.35796522451306,-6.74999999999999,-14.1828494082495));
#9752=CARTESIAN_POINT('Ctrl Pts',(0.845622360624307,-7.27830398230965,-14.2942831316002));
#9753=CARTESIAN_POINT('Ctrl Pts',(-0.845622360627077,-7.27830398230932,
-14.405716854951));
#9754=CARTESIAN_POINT('Ctrl Pts',(-2.35796522451562,-6.7499999999991,-14.5171505783018));
#9755=CARTESIAN_POINT('Ctrl Pts',(2.31397829260842,-6.62408135316429,-14.3217874217363));
#9756=CARTESIAN_POINT('Ctrl Pts',(0.829847601604483,-7.14253002842649,-14.4332211450871));
#9757=CARTESIAN_POINT('Ctrl Pts',(-0.829847601607199,-7.14253002842617,
-14.5446548684378));
#9758=CARTESIAN_POINT('Ctrl Pts',(-2.31397829261094,-6.62408135316341,-14.6560885917886));
#9759=CARTESIAN_POINT('Ctrl Pts',(2.26999136070378,-6.4981627063286,-14.4607254352232));
#9760=CARTESIAN_POINT('Ctrl Pts',(0.814072842584656,-7.00675607454333,-14.5721591585739));
#9761=CARTESIAN_POINT('Ctrl Pts',(-0.814072842587324,-7.00675607454302,
-14.6835928819247));
#9762=CARTESIAN_POINT('Ctrl Pts',(-2.26999136070625,-6.49816270632773,-14.7950266052754));
#9763=CARTESIAN_POINT('Ctrl Pts',(2.22600442879914,-6.3722440594929,-14.59966344871));
#9764=CARTESIAN_POINT('Ctrl Pts',(0.798298083564831,-6.87098212066017,-14.7110971720608));
#9765=CARTESIAN_POINT('Ctrl Pts',(-0.798298083567446,-6.87098212065987,
-14.8225308954115));
#9766=CARTESIAN_POINT('Ctrl Pts',(-2.22600442880156,-6.37224405949205,-14.9339646187623));
#9767=CARTESIAN_POINT('Ctrl Pts',(-2.35796522451298,-6.75,-14.5171505783016));
#9768=CARTESIAN_POINT('Ctrl Pts',(-1.98539458628751,-6.75,-14.6206720072217));
#9769=CARTESIAN_POINT('Ctrl Pts',(-1.60773111195255,-6.75000000000001,-14.6973121759108));
#9770=CARTESIAN_POINT('Ctrl Pts',(-1.00365041133675,-6.75000000000001,-14.7664331697533));
#9771=CARTESIAN_POINT('Ctrl Pts',(-0.783591061819321,-6.75000000000001,
-14.780699767769));
#9772=CARTESIAN_POINT('Ctrl Pts',(-0.457392616315208,-6.75000000000001,
-14.7850464916068));
#9773=CARTESIAN_POINT('Ctrl Pts',(-0.352392943029722,-6.74999999999894,
-14.7838867946042));
#9774=CARTESIAN_POINT('Ctrl Pts',(-0.190597507882903,-6.74999999999894,
-14.7781537460901));
#9775=CARTESIAN_POINT('Ctrl Pts',(-0.133859508328406,-6.75,-14.7753946230032));
#9776=CARTESIAN_POINT('Ctrl Pts',(-0.0304951896440272,-6.75,-14.7690100179501));
#9777=CARTESIAN_POINT('Ctrl Pts',(0.0161206513295389,-6.75,-14.7656260550218));
#9778=CARTESIAN_POINT('Ctrl Pts',(0.11756151143344,-6.75,-14.7571706971488));
#9779=CARTESIAN_POINT('Ctrl Pts',(0.172347655686725,-6.75000000000014,-14.7519085228365));
#9780=CARTESIAN_POINT('Ctrl Pts',(0.32101147525286,-6.75000000000014,-14.7357603658732));
#9781=CARTESIAN_POINT('Ctrl Pts',(0.414666631975858,-6.74999999999694,-14.7235578424638));
#9782=CARTESIAN_POINT('Ctrl Pts',(0.851753381099174,-6.74999999999694,-14.6573585874137));
#9783=CARTESIAN_POINT('Ctrl Pts',(1.18934492851794,-6.75,-14.5793948897521));
#9784=CARTESIAN_POINT('Ctrl Pts',(1.80559487773839,-6.75,-14.3949690820719));
#9785=CARTESIAN_POINT('Ctrl Pts',(2.08428066491786,-6.75,-14.2948399315202));
#9786=CARTESIAN_POINT('Ctrl Pts',(2.35796522451305,-6.75,-14.1828494082495));
#9787=CARTESIAN_POINT('Ctrl Pts',(-3.10563757290858,-6.44030397308631,-14.573474408246));
#9788=CARTESIAN_POINT('Ctrl Pts',(-4.5485927958822,-5.74448340697349,-14.6849081315979));
#9789=CARTESIAN_POINT('Ctrl Pts',(-5.74448340694272,-4.54859279592107,-14.7963418549498));
#9790=CARTESIAN_POINT('Ctrl Pts',(-6.4403039730653,-3.10563757295216,-14.9077755783017));
#9791=CARTESIAN_POINT('Ctrl Pts',(-3.04770310168743,-6.32016258619718,-14.7124124217328));
#9792=CARTESIAN_POINT('Ctrl Pts',(-4.46374055145789,-5.63732228439923,-14.8238461450847));
#9793=CARTESIAN_POINT('Ctrl Pts',(-5.63732228436903,-4.46374055149603,-14.9352798684366));
#9794=CARTESIAN_POINT('Ctrl Pts',(-6.32016258617656,-3.04770310173019,-15.0467135917886));
#9795=CARTESIAN_POINT('Ctrl Pts',(-2.98976863046628,-6.20002119930805,-14.8513504352197));
#9796=CARTESIAN_POINT('Ctrl Pts',(-4.37888830703358,-5.53016116182498,-14.9627841585716));
#9797=CARTESIAN_POINT('Ctrl Pts',(-5.53016116179535,-4.378888307071,-15.0742178819235));
#9798=CARTESIAN_POINT('Ctrl Pts',(-6.20002119928782,-2.98976863050823,-15.1856516052754));
#9799=CARTESIAN_POINT('Ctrl Pts',(-2.93183415924513,-6.07987981241893,-14.9902884487065));
#9800=CARTESIAN_POINT('Ctrl Pts',(-4.29403606260927,-5.42300003925072,-15.1017221720584));
#9801=CARTESIAN_POINT('Ctrl Pts',(-5.42300003922167,-4.29403606264596,-15.2131558954103));
#9802=CARTESIAN_POINT('Ctrl Pts',(-6.07987981239909,-2.93183415928627,-15.3245896187622));
#9803=CARTESIAN_POINT('Ctrl Pts',(-6.44030397306444,-3.10563757295395,-14.9077755783016));
#9804=CARTESIAN_POINT('Ctrl Pts',(-6.17685674830365,-3.36908479771474,-15.0112970072219));
#9805=CARTESIAN_POINT('Ctrl Pts',(-5.90980834459468,-3.63613320142371,-15.0879371759111));
#9806=CARTESIAN_POINT('Ctrl Pts',(-5.4826587848052,-4.06328276121319,-15.1570581697534));
#9807=CARTESIAN_POINT('Ctrl Pts',(-5.32705332649815,-4.21888821952024,-15.171324767769));
#9808=CARTESIAN_POINT('Ctrl Pts',(-5.09639619366981,-4.44954535234858,-15.1756714916068));
#9809=CARTESIAN_POINT('Ctrl Pts',(-5.02215021266668,-4.52379133335022,-15.1745117946042));
#9810=CARTESIAN_POINT('Ctrl Pts',(-4.90774356330956,-4.63819798270734,-15.1687787460901));
#9811=CARTESIAN_POINT('Ctrl Pts',(-4.86762373907443,-4.67831780694396,-15.1660196230032));
#9812=CARTESIAN_POINT('Ctrl Pts',(-4.79453412840013,-4.75140741761826,-15.1596350179501));
#9813=CARTESIAN_POINT('Ctrl Pts',(-4.76157175113719,-4.7843697948812,-15.1562510550219));
#9814=CARTESIAN_POINT('Ctrl Pts',(-4.68984223106811,-4.85609931495028,-15.1477956971488));
#9815=CARTESIAN_POINT('Ctrl Pts',(-4.6511025769518,-4.89483896906679,-15.1425335228365));
#9816=CARTESIAN_POINT('Ctrl Pts',(-4.54598138201905,-4.99996016399954,-15.1263853658732));
#9817=CARTESIAN_POINT('Ctrl Pts',(-4.47975718560465,-5.06618436040942,-15.1141828424637));
#9818=CARTESIAN_POINT('Ctrl Pts',(-4.17069018133325,-5.37525136468081,-15.0479835874137));
#9819=CARTESIAN_POINT('Ctrl Pts',(-3.93197690888434,-5.61396463713405,-14.9700198897521));
#9820=CARTESIAN_POINT('Ctrl Pts',(-3.49622239088477,-6.04971915513362,-14.7855940820719));
#9821=CARTESIAN_POINT('Ctrl Pts',(-3.29916178094994,-6.24677976506845,-14.6854649315203));
#9822=CARTESIAN_POINT('Ctrl Pts',(-3.10563757295394,-6.44030397306445,-14.5734744082495));
#9823=CARTESIAN_POINT('Ctrl Pts',(-6.74999999962994,-2.35796522557237,-14.9640994081714));
#9824=CARTESIAN_POINT('Ctrl Pts',(-6.79546250452981,-2.22782254800902,-14.9736886907837));
#9825=CARTESIAN_POINT('Ctrl Pts',(-6.83716014827944,-2.09636472558269,-14.983277973396));
#9826=CARTESIAN_POINT('Ctrl Pts',(-6.87502321397897,-1.96381155085284,-14.9928672560083));
#9827=CARTESIAN_POINT('Ctrl Pts',(-6.72350797278985,-2.34871081400981,-14.9933305798454));
#9828=CARTESIAN_POINT('Ctrl Pts',(-6.76879204896378,-2.21907891323272,-15.0029198624577));
#9829=CARTESIAN_POINT('Ctrl Pts',(-6.81032604010638,-2.08813702920049,-15.01250914507));
#9830=CARTESIAN_POINT('Ctrl Pts',(-6.84804050293883,-1.95610409184292,-15.0220984276822));
#9831=CARTESIAN_POINT('Ctrl Pts',(-6.69701594594976,-2.33945640244725,-15.0225617515193));
#9832=CARTESIAN_POINT('Ctrl Pts',(-6.74212159339775,-2.21033527845641,-15.0321510341316));
#9833=CARTESIAN_POINT('Ctrl Pts',(-6.78349193193332,-2.0799093328183,-15.0417403167439));
#9834=CARTESIAN_POINT('Ctrl Pts',(-6.82105779189869,-1.94839663283301,-15.0513295993562));
#9835=CARTESIAN_POINT('Ctrl Pts',(-6.67052391910967,-2.33020199088469,-15.0517929231932));
#9836=CARTESIAN_POINT('Ctrl Pts',(-6.71545113783171,-2.20159164368011,-15.0613822058055));
#9837=CARTESIAN_POINT('Ctrl Pts',(-6.75665782376026,-2.07168163643611,-15.0709714884178));
#9838=CARTESIAN_POINT('Ctrl Pts',(-6.79407508085854,-1.94068917382309,-15.0805607710301));
#9839=CARTESIAN_POINT('Ctrl Pts',(-6.74999982648794,-2.08883470964823,-15.0696809383435));
#9840=CARTESIAN_POINT('Ctrl Pts',(-6.75000027299396,-2.17906440014514,-15.0358274497463));
#9841=CARTESIAN_POINT('Ctrl Pts',(-6.74999999999997,-2.26878129260836,-15.0005930826319));
#9842=CARTESIAN_POINT('Ctrl Pts',(-6.74999999999998,-2.35796522451309,-14.9640994082495));
#9843=CARTESIAN_POINT('Ctrl Pts',(6.87502321397959,-1.96381155085067,-13.7071327305426));
#9844=CARTESIAN_POINT('Ctrl Pts',(6.83716014838264,-2.09636472522158,-13.7167220131289));
#9845=CARTESIAN_POINT('Ctrl Pts',(6.79546250475635,-2.22782254729491,-13.7263112957152));
#9846=CARTESIAN_POINT('Ctrl Pts',(6.75000000000002,-2.35796522451298,-13.7359005783016));
#9847=CARTESIAN_POINT('Ctrl Pts',(6.84804050295345,-1.95610409184476,-13.7363639022014));
#9848=CARTESIAN_POINT('Ctrl Pts',(6.8103260402231,-2.08813702884507,-13.7459531847877));
#9849=CARTESIAN_POINT('Ctrl Pts',(6.76879204920327,-2.21907891252595,-13.755542467374));
#9850=CARTESIAN_POINT('Ctrl Pts',(6.72350797317223,-2.34871081295938,-13.7651317499603));
#9851=CARTESIAN_POINT('Ctrl Pts',(6.82105779192731,-1.94839663283885,-13.7655950738601));
#9852=CARTESIAN_POINT('Ctrl Pts',(6.78349193206356,-2.07990933246857,-13.7751843564464));
#9853=CARTESIAN_POINT('Ctrl Pts',(6.7421215936502,-2.21033527775698,-13.7847736390328));
#9854=CARTESIAN_POINT('Ctrl Pts',(6.69701594634443,-2.33945640140578,-13.7943629216191));
#9855=CARTESIAN_POINT('Ctrl Pts',(6.79407508090117,-1.94068917383295,-13.7948262455189));
#9856=CARTESIAN_POINT('Ctrl Pts',(6.75665782390403,-2.07168163609206,-13.8044155281052));
#9857=CARTESIAN_POINT('Ctrl Pts',(6.71545113809712,-2.20159164298802,-13.8140048106915));
#9858=CARTESIAN_POINT('Ctrl Pts',(6.67052391951664,-2.33020198985217,-13.8235940932779));
#9859=CARTESIAN_POINT('',(6.75,-2.08883476483184,-13.8057060779659));
#9860=CARTESIAN_POINT('Ctrl Pts',(6.75000000000002,-2.35796522451298,-13.7359005783016));
#9861=CARTESIAN_POINT('Ctrl Pts',(6.75000000000002,-2.26864577506221,-13.7607186291323));
#9862=CARTESIAN_POINT('Ctrl Pts',(6.7500000306775,-2.17893779934319,-13.7840179874533));
#9863=CARTESIAN_POINT('Ctrl Pts',(6.74999982622342,-2.0888347099803,-13.8057060779659));
#9864=CARTESIAN_POINT('Ctrl Pts',(6.74999982619332,-2.08883470997838,-13.805706077997));
#9865=CARTESIAN_POINT('Ctrl Pts',(6.7918868830499,-2.04694309687582,-13.7732356515259));
#9866=CARTESIAN_POINT('Ctrl Pts',(6.83356354339378,-2.00527122143803,-13.7403624029327));
#9867=CARTESIAN_POINT('Ctrl Pts',(6.87502321397898,-1.96381155085282,-13.7071327305427));
#9868=CARTESIAN_POINT('Ctrl Pts',(3.10563760206553,6.44030395902627,-16.1359744104977));
#9869=CARTESIAN_POINT('Ctrl Pts',(4.54859281216943,5.74448339106777,-16.247408133099));
#9870=CARTESIAN_POINT('Ctrl Pts',(5.74448341162839,4.54859278620313,-16.3588418557003));
#9871=CARTESIAN_POINT('Ctrl Pts',(6.44030397306443,3.10563757295396,-16.4702755783016));
#9872=CARTESIAN_POINT('Ctrl Pts',(3.04770313030047,6.32016257239943,-16.2749124239845));
#9873=CARTESIAN_POINT('Ctrl Pts',(4.46374056744129,5.63732226879023,-16.3863461465858));
#9874=CARTESIAN_POINT('Ctrl Pts',(5.6373222889673,4.46374054195938,-16.4977798691871));
#9875=CARTESIAN_POINT('Ctrl Pts',(6.32016258617571,3.04770310173197,-16.6092135917884));
#9876=CARTESIAN_POINT('Ctrl Pts',(2.98976865853541,6.20002118577259,-16.4138504374713));
#9877=CARTESIAN_POINT('Ctrl Pts',(4.37888832271314,5.53016114651269,-16.5252841600726));
#9878=CARTESIAN_POINT('Ctrl Pts',(5.53016116630621,4.37888829771563,-16.6367178826739));
#9879=CARTESIAN_POINT('Ctrl Pts',(6.20002119928699,2.98976863050998,-16.7481516052753));
#9880=CARTESIAN_POINT('Ctrl Pts',(2.93183418677035,6.07987979914575,-16.5527884509582));
#9881=CARTESIAN_POINT('Ctrl Pts',(4.29403607798501,5.42300002423516,-16.6642221735595));
#9882=CARTESIAN_POINT('Ctrl Pts',(5.42300004364512,4.29403605347188,-16.7756558961608));
#9883=CARTESIAN_POINT('Ctrl Pts',(6.07987981239828,2.93183415928798,-16.8870896187621));
#9884=CARTESIAN_POINT('Ctrl Pts',(6.44030397306443,3.10563757295396,-16.4702755783016));
#9885=CARTESIAN_POINT('Ctrl Pts',(6.17685674830409,3.3690847977143,-16.5737970072217));
#9886=CARTESIAN_POINT('Ctrl Pts',(5.90980834459554,3.63613320142286,-16.6504371759108));
#9887=CARTESIAN_POINT('Ctrl Pts',(5.48265878480624,4.06328276121216,-16.7195581697533));
#9888=CARTESIAN_POINT('Ctrl Pts',(5.32705332649894,4.21888821951945,-16.733824767769));
#9889=CARTESIAN_POINT('Ctrl Pts',(5.0963961936704,4.44954535234799,-16.7381714916068));
#9890=CARTESIAN_POINT('Ctrl Pts',(5.02215021266709,4.52379133334982,-16.7370117946042));
#9891=CARTESIAN_POINT('Ctrl Pts',(4.90774356330976,4.63819798270715,-16.7312787460901));
#9892=CARTESIAN_POINT('Ctrl Pts',(4.8676237390746,4.67831780694379,-16.7285196230032));
#9893=CARTESIAN_POINT('Ctrl Pts',(4.79453412839998,4.75140741761841,-16.7221350179501));
#9894=CARTESIAN_POINT('Ctrl Pts',(4.76157175113674,4.78436979488165,-16.7187510550218));
#9895=CARTESIAN_POINT('Ctrl Pts',(4.68984223106821,4.85609931495018,-16.7102956971489));
#9896=CARTESIAN_POINT('Ctrl Pts',(4.65110257695186,4.89483896906674,-16.7050335228365));
#9897=CARTESIAN_POINT('Ctrl Pts',(4.54598138201913,4.99996016399947,-16.6888853658732));
#9898=CARTESIAN_POINT('Ctrl Pts',(4.47975718560479,5.06618436040928,-16.6766828424637));
#9899=CARTESIAN_POINT('Ctrl Pts',(4.17069018133331,5.37525136468076,-16.6104835874137));
#9900=CARTESIAN_POINT('Ctrl Pts',(3.93197690888448,5.6139646371339,-16.5325198897522));
#9901=CARTESIAN_POINT('Ctrl Pts',(3.49622239088473,6.04971915513364,-16.3480940820719));
#9902=CARTESIAN_POINT('Ctrl Pts',(3.29916180544499,6.2467797405734,-16.2479649445355));
#9903=CARTESIAN_POINT('Ctrl Pts',(3.10563759716157,6.44030394885681,-16.1359744222582));
#9904=CARTESIAN_POINT('Ctrl Pts',(6.74999997884425,2.35796528507427,-16.5265994037872));
#9905=CARTESIAN_POINT('Ctrl Pts',(6.79546249181989,2.22782258807773,-16.5361886878609));
#9906=CARTESIAN_POINT('Ctrl Pts',(6.83716014250903,2.09636474578407,-16.5457779719346));
#9907=CARTESIAN_POINT('Ctrl Pts',(6.87502321397895,1.96381155085291,-16.5553672560083));
#9908=CARTESIAN_POINT('Ctrl Pts',(6.72350795189951,2.34871087321313,-16.5558305756666));
#9909=CARTESIAN_POINT('Ctrl Pts',(6.76879203611626,2.21907895308271,-16.5654198597403));
#9910=CARTESIAN_POINT('Ctrl Pts',(6.81032603416998,2.08813704926475,-16.575009143814));
#9911=CARTESIAN_POINT('Ctrl Pts',(6.84804050274913,1.95610409178882,-16.5845984278877));
#9912=CARTESIAN_POINT('Ctrl Pts',(6.69701592495476,2.33945646135198,-16.585061747546));
#9913=CARTESIAN_POINT('Ctrl Pts',(6.74212158041263,2.21033531808768,-16.5946510316197));
#9914=CARTESIAN_POINT('Ctrl Pts',(6.78349192583093,2.07990935274543,-16.6042403156934));
#9915=CARTESIAN_POINT('Ctrl Pts',(6.8210577915193,1.94839663272472,-16.6138295997672));
#9916=CARTESIAN_POINT('Ctrl Pts',(6.67052389801002,2.33020204949083,-16.6142929194254));
#9917=CARTESIAN_POINT('Ctrl Pts',(6.71545112470899,2.20159168309265,-16.6238822034991));
#9918=CARTESIAN_POINT('Ctrl Pts',(6.75665781749188,2.07168165622612,-16.6334714875729));
#9919=CARTESIAN_POINT('Ctrl Pts',(6.79407508028948,1.94068917366062,-16.6430607716466));
#9920=CARTESIAN_POINT('',(6.75,2.08883476483185,-16.6321809384766));
#9921=CARTESIAN_POINT('Ctrl Pts',(6.74999982622332,2.0888347099802,-16.6321809384767));
#9922=CARTESIAN_POINT('Ctrl Pts',(6.75000027281624,2.17906440036289,-16.5983274498325));
#9923=CARTESIAN_POINT('Ctrl Pts',(6.74999999999981,2.26878129246502,-16.5630930826905));
#9924=CARTESIAN_POINT('Ctrl Pts',(6.75000000000001,2.35796522451301,-16.5265994082495));
#9925=CARTESIAN_POINT('Ctrl Pts',(6.87502321397893,1.96381155085291,-16.5553672560083));
#9926=CARTESIAN_POINT('Ctrl Pts',(6.83352285230626,2.00531191252557,-16.5814922254505));
#9927=CARTESIAN_POINT('Ctrl Pts',(6.79184750181749,2.04698726301436,-16.6071095675776));
#9928=CARTESIAN_POINT('Ctrl Pts',(6.74999999999999,2.08883476483185,-16.6321809384766));
#9929=CARTESIAN_POINT('Ctrl Pts',(-6.87502321397943,1.96381155085123,-15.2696327305426));
#9930=CARTESIAN_POINT('Ctrl Pts',(-6.83716014838251,2.09636472522198,-15.2792220131289));
#9931=CARTESIAN_POINT('Ctrl Pts',(-6.79546250475626,2.22782254729518,-15.2888112957153));
#9932=CARTESIAN_POINT('Ctrl Pts',(-6.74999999999998,2.35796522451309,-15.2984005783016));
#9933=CARTESIAN_POINT('Ctrl Pts',(-6.84804050295329,1.95610409184532,-15.2988639022014));
#9934=CARTESIAN_POINT('Ctrl Pts',(-6.81032604022297,2.08813702884548,-15.3084531847877));
#9935=CARTESIAN_POINT('Ctrl Pts',(-6.76879204920318,2.21907891252621,-15.318042467374));
#9936=CARTESIAN_POINT('Ctrl Pts',(-6.72350797317218,2.34871081295949,-15.3276317499603));
#9937=CARTESIAN_POINT('Ctrl Pts',(-6.82105779192715,1.94839663283941,-15.3280950738602));
#9938=CARTESIAN_POINT('Ctrl Pts',(-6.78349193206343,2.07990933246897,-15.3376843564465));
#9939=CARTESIAN_POINT('Ctrl Pts',(-6.7421215936501,2.21033527775725,-15.3472736390328));
#9940=CARTESIAN_POINT('Ctrl Pts',(-6.69701594634439,2.33945640140589,-15.3568629216191));
#9941=CARTESIAN_POINT('Ctrl Pts',(-6.79407508090101,1.9406891738335,-15.3573262455189));
#9942=CARTESIAN_POINT('Ctrl Pts',(-6.7566578239039,2.07168163609246,-15.3669155281052));
#9943=CARTESIAN_POINT('Ctrl Pts',(-6.71545113809703,2.20159164298829,-15.3765048106916));
#9944=CARTESIAN_POINT('Ctrl Pts',(-6.6705239195166,2.33020198985229,-15.3860940932779));
#9945=CARTESIAN_POINT('Ctrl Pts',(-6.74999999999998,2.35796522451309,-15.2984005783016));
#9946=CARTESIAN_POINT('Ctrl Pts',(-6.74999999999997,2.26864577506172,-15.3232186291324));
#9947=CARTESIAN_POINT('Ctrl Pts',(-6.7500000306775,2.17893779934275,-15.3465179874534));
#9948=CARTESIAN_POINT('Ctrl Pts',(-6.74999982622344,2.08883470998022,-15.3682060779659));
#9949=CARTESIAN_POINT('Ctrl Pts',(-6.44030397306444,3.10563757295394,-15.3547244082495));
#9950=CARTESIAN_POINT('Ctrl Pts',(-5.74448340694892,4.54859279590717,-15.4661581316002));
#9951=CARTESIAN_POINT('Ctrl Pts',(-4.54859279590663,5.74448340694935,-15.5775918549509));
#9952=CARTESIAN_POINT('Ctrl Pts',(-3.10563757295333,6.44030397306473,-15.6890255783016));
#9953=CARTESIAN_POINT('Ctrl Pts',(-6.32016258617572,3.04770310173195,-15.4936624217363));
#9954=CARTESIAN_POINT('Ctrl Pts',(-5.63732228437513,4.46374055148239,-15.605096145087));
#9955=CARTESIAN_POINT('Ctrl Pts',(-4.46374055148186,5.63732228437555,-15.7165298684378));
#9956=CARTESIAN_POINT('Ctrl Pts',(-3.04770310173135,6.32016258617601,-15.8279635917885));
#9957=CARTESIAN_POINT('Ctrl Pts',(-6.200021199287,2.98976863050995,-15.6326004352232));
#9958=CARTESIAN_POINT('Ctrl Pts',(-5.53016116180133,4.37888830705762,-15.7440341585739));
#9959=CARTESIAN_POINT('Ctrl Pts',(-4.3788883070571,5.53016116180174,-15.8554678819246));
#9960=CARTESIAN_POINT('Ctrl Pts',(-2.98976863050937,6.20002119928728,-15.9669016052753));
#9961=CARTESIAN_POINT('Ctrl Pts',(-6.07987981239828,2.93183415928796,-15.77153844871));
#9962=CARTESIAN_POINT('Ctrl Pts',(-5.42300003922753,4.29403606263284,-15.8829721720607));
#9963=CARTESIAN_POINT('Ctrl Pts',(-4.29403606263233,5.42300003922794,-15.9944058954114));
#9964=CARTESIAN_POINT('Ctrl Pts',(-2.93183415928739,6.07987981239856,-16.1058396187621));
#9965=CARTESIAN_POINT('Ctrl Pts',(-3.10563757295394,6.44030397306445,-15.6890255783016));
#9966=CARTESIAN_POINT('Ctrl Pts',(-3.36908479771449,6.17685674830391,-15.7925470072218));
#9967=CARTESIAN_POINT('Ctrl Pts',(-3.63613320142316,5.90980834459523,-15.8691871759109));
#9968=CARTESIAN_POINT('Ctrl Pts',(-4.06328276121244,5.48265878480595,-15.9383081697533));
#9969=CARTESIAN_POINT('Ctrl Pts',(-4.21888821951969,5.3270533264987,-15.952574767769));
#9970=CARTESIAN_POINT('Ctrl Pts',(-4.44954535234837,5.09639619367002,-15.9569214916069));
#9971=CARTESIAN_POINT('Ctrl Pts',(-4.52379133335005,5.02215021266686,-15.9557617946042));
#9972=CARTESIAN_POINT('Ctrl Pts',(-4.63819798270727,4.90774356330963,-15.9500287460901));
#9973=CARTESIAN_POINT('Ctrl Pts',(-4.67831780694397,4.86762373907443,-15.9472696230032));
#9974=CARTESIAN_POINT('Ctrl Pts',(-4.75140741761824,4.79453412840015,-15.9408850179501));
#9975=CARTESIAN_POINT('Ctrl Pts',(-4.78436979488126,4.76157175113713,-15.9375010550219));
#9976=CARTESIAN_POINT('Ctrl Pts',(-4.85609931495007,4.68984223106832,-15.9290456971489));
#9977=CARTESIAN_POINT('Ctrl Pts',(-4.8948389690665,4.65110257695209,-15.9237835228366));
#9978=CARTESIAN_POINT('Ctrl Pts',(-4.99996016399965,4.54598138201894,-15.9076353658732));
#9979=CARTESIAN_POINT('Ctrl Pts',(-5.06618436040968,4.47975718560439,-15.8954328424636));
#9980=CARTESIAN_POINT('Ctrl Pts',(-5.37525136468077,4.17069018133331,-15.8292335874137));
#9981=CARTESIAN_POINT('Ctrl Pts',(-5.61396463713399,3.93197690888441,-15.7512698897522));
#9982=CARTESIAN_POINT('Ctrl Pts',(-6.04971915513357,3.49622239088482,-15.5668440820719));
#9983=CARTESIAN_POINT('Ctrl Pts',(-6.24677976506838,3.29916178095002,-15.4667149315203));
#9984=CARTESIAN_POINT('Ctrl Pts',(-6.44030397306443,3.10563757295397,-15.3547244082495));
#9985=CARTESIAN_POINT('Ctrl Pts',(-2.35796521243366,6.75000000421967,-15.7453494091395));
#9986=CARTESIAN_POINT('Ctrl Pts',(-0.845622351626701,7.2783039824161,-15.8567831321936));
#9987=CARTESIAN_POINT('Ctrl Pts',(0.845622364651887,7.27830398090278,-15.9682168552476));
#9988=CARTESIAN_POINT('Ctrl Pts',(2.35796522451339,6.74999999999987,-16.0796505783016));
#9989=CARTESIAN_POINT('Ctrl Pts',(-2.31397828075435,6.62408135730525,-15.8842874226264));
#9990=CARTESIAN_POINT('Ctrl Pts',(-0.829847592774721,7.14253002853096,-15.9957211456804));
#9991=CARTESIAN_POINT('Ctrl Pts',(0.829847605556928,7.14253002704587,-16.1071548687344));
#9992=CARTESIAN_POINT('Ctrl Pts',(2.31397829260875,6.62408135316418,-16.2185885917884));
#9993=CARTESIAN_POINT('Ctrl Pts',(-2.26999134907505,6.49816271039084,-16.0232254361132));
#9994=CARTESIAN_POINT('Ctrl Pts',(-0.814072833922745,7.00675607464582,-16.1346591591672));
#9995=CARTESIAN_POINT('Ctrl Pts',(0.81407284646197,7.00675607318896,-16.2460928822213));
#9996=CARTESIAN_POINT('Ctrl Pts',(2.2699913607041,6.49816270632848,-16.3575266052753));
#9997=CARTESIAN_POINT('Ctrl Pts',(-2.22600441739575,6.37224406347642,-16.1621634496));
#9998=CARTESIAN_POINT('Ctrl Pts',(-0.798298075070765,6.87098212076067,-16.2735971726541));
#9999=CARTESIAN_POINT('Ctrl Pts',(0.798298087367012,6.87098211933205,-16.3850308957081));
#10000=CARTESIAN_POINT('Ctrl Pts',(2.22600442879946,6.37224405949279,-16.4964646187621));
#10001=CARTESIAN_POINT('Ctrl Pts',(2.35796522451302,6.75,-16.0796505783016));
#10002=CARTESIAN_POINT('Ctrl Pts',(1.98539458628726,6.75,-16.1831720072218));
#10003=CARTESIAN_POINT('Ctrl Pts',(1.60773111195232,6.75000000000001,-16.2598121759109));
#10004=CARTESIAN_POINT('Ctrl Pts',(1.00365041133671,6.75000000000001,-16.3289331697533));
#10005=CARTESIAN_POINT('Ctrl Pts',(0.783591061819261,6.75,-16.343199767769));
#10006=CARTESIAN_POINT('Ctrl Pts',(0.457392616314821,6.75,-16.3475464916068));
#10007=CARTESIAN_POINT('Ctrl Pts',(0.352392943029492,6.74999999999895,-16.3463867946042));
#10008=CARTESIAN_POINT('Ctrl Pts',(0.190597507882889,6.74999999999895,-16.3406537460901));
#10009=CARTESIAN_POINT('Ctrl Pts',(0.133859508328451,6.75,-16.3378946230032));
#10010=CARTESIAN_POINT('Ctrl Pts',(0.0304951896440257,6.75,-16.3315100179501));
#10011=CARTESIAN_POINT('Ctrl Pts',(-0.0161206513295171,6.75,-16.3281260550218));
#10012=CARTESIAN_POINT('Ctrl Pts',(-0.117561511433253,6.75,-16.3196706971489));
#10013=CARTESIAN_POINT('Ctrl Pts',(-0.172347655686323,6.75000000000014,
-16.3144085228366));
#10014=CARTESIAN_POINT('Ctrl Pts',(-0.321011475253114,6.75000000000014,
-16.2982603658732));
#10015=CARTESIAN_POINT('Ctrl Pts',(-0.414666631976301,6.74999999999694,
-16.2860578424637));
#10016=CARTESIAN_POINT('Ctrl Pts',(-0.851753381099105,6.74999999999694,
-16.2198585874137));
#10017=CARTESIAN_POINT('Ctrl Pts',(-1.18934492851776,6.74999999999998,-16.1418948897522));
#10018=CARTESIAN_POINT('Ctrl Pts',(-1.80559487773839,6.74999999999998,-15.9574690820719));
#10019=CARTESIAN_POINT('Ctrl Pts',(-2.08428065120341,6.75,-15.8573399366729));
#10020=CARTESIAN_POINT('Ctrl Pts',(-2.35796521095953,6.75,-15.7453494137955));
#10021=CARTESIAN_POINT('Ctrl Pts',(-2.93183422482417,-6.07987978079547,
-16.6566603764811));
#10022=CARTESIAN_POINT('Ctrl Pts',(-4.29403609924431,-5.42300000347493,
-16.7680940980449));
#10023=CARTESIAN_POINT('Ctrl Pts',(-5.42300004976436,-4.29403604078473,
-16.8795278196087));
#10024=CARTESIAN_POINT('Ctrl Pts',(-6.07987981240045,-2.93183415928347,
-16.9909615411725));
#10025=CARTESIAN_POINT('Ctrl Pts',(-2.98976869734121,-6.20002116705975,
-16.7955983894567));
#10026=CARTESIAN_POINT('Ctrl Pts',(-4.37888834439257,-5.53016112534228,
-16.9070321110205));
#10027=CARTESIAN_POINT('Ctrl Pts',(-5.5301611725464,-4.3788882847778,-17.0184658325842));
#10028=CARTESIAN_POINT('Ctrl Pts',(-6.20002119928925,-2.98976863050539,
-17.129899554148));
#10029=CARTESIAN_POINT('Ctrl Pts',(-3.04770316985825,-6.32016255332402,
-16.9345364024322));
#10030=CARTESIAN_POINT('Ctrl Pts',(-4.46374058954084,-5.63732224720962,
-17.045970123996));
#10031=CARTESIAN_POINT('Ctrl Pts',(-5.63732229532845,-4.46374052877088,
-17.1574038455598));
#10032=CARTESIAN_POINT('Ctrl Pts',(-6.32016258617806,-3.04770310172732,
-17.2688375671235));
#10033=CARTESIAN_POINT('Ctrl Pts',(-3.10563764237529,-6.44030393958829,
-17.0734744154077));
#10034=CARTESIAN_POINT('Ctrl Pts',(-4.5485928346891,-5.74448336907697,-17.1849081369715));
#10035=CARTESIAN_POINT('Ctrl Pts',(-5.74448341811049,-4.54859277276395,
-17.2963418585353));
#10036=CARTESIAN_POINT('Ctrl Pts',(-6.44030397306686,-3.10563757294924,
-17.4077755800991));
#10037=CARTESIAN_POINT('',(-3.10563764752533,-6.44030392066893,-17.0734744166607));
#10038=CARTESIAN_POINT('',(-6.44030397306703,-3.10563757294944,-17.407775580098));
#10039=CARTESIAN_POINT('Ctrl Pts',(-3.10563763068109,-6.44030391533731,
-17.0734743873626));
#10040=CARTESIAN_POINT('Ctrl Pts',(-3.36908485623054,-6.17685668978786,
-16.969952962737));
#10041=CARTESIAN_POINT('Ctrl Pts',(-3.6361332014552,-5.90980834456321,-16.8933128132811));
#10042=CARTESIAN_POINT('Ctrl Pts',(-4.06328276121829,-5.48265878480012,
-16.8241918198559));
#10043=CARTESIAN_POINT('Ctrl Pts',(-4.21888821952535,-5.32705332649304,
-16.8099252219524));
#10044=CARTESIAN_POINT('Ctrl Pts',(-4.44954535234858,-5.09639619366982,
-16.8055784982185));
#10045=CARTESIAN_POINT('Ctrl Pts',(-4.5237913333503,-5.0221502126666,-16.8067381952453));
#10046=CARTESIAN_POINT('Ctrl Pts',(-4.63819798270698,-4.90774356330993,
-16.8124712437821));
#10047=CARTESIAN_POINT('Ctrl Pts',(-4.67831780694345,-4.86762373907494,
-16.8152303668742));
#10048=CARTESIAN_POINT('Ctrl Pts',(-4.75140741761847,-4.79453412839992,
-16.8216149719318));
#10049=CARTESIAN_POINT('Ctrl Pts',(-4.78436979488179,-4.7615717511366,-16.8249989348603));
#10050=CARTESIAN_POINT('Ctrl Pts',(-4.85609931494991,-4.68984223106848,
-16.8334542927296));
#10051=CARTESIAN_POINT('Ctrl Pts',(-4.89483896906637,-4.65110257695222,
-16.8387164670374));
#10052=CARTESIAN_POINT('Ctrl Pts',(-4.99996016399844,-4.54598138202016,
-16.8548646239814));
#10053=CARTESIAN_POINT('Ctrl Pts',(-5.06618436040818,-4.47975718560588,
-16.8670671473713));
#10054=CARTESIAN_POINT('Ctrl Pts',(-5.37525136465869,-4.17069018135538,
-16.933266402291));
#10055=CARTESIAN_POINT('Ctrl Pts',(-5.61396463711073,-3.93197690890766,
-17.0112300997504));
#10056=CARTESIAN_POINT('Ctrl Pts',(-6.04971915511347,-3.49622239090492,
-17.1956559069122));
#10057=CARTESIAN_POINT('Ctrl Pts',(-6.24677976504718,-3.2991617809712,-17.2957850571615));
#10058=CARTESIAN_POINT('Ctrl Pts',(-6.44030397306472,-3.10563757295366,
-17.4077755800987));
#10059=CARTESIAN_POINT('Ctrl Pts',(-3.10563764821989,-6.44030393676877,
-17.0734744158581));
#10060=CARTESIAN_POINT('Ctrl Pts',(-4.54859283791795,-5.74448336584663,
-17.1849081372714));
#10061=CARTESIAN_POINT('Ctrl Pts',(-5.7444834190492,-4.54859277081495,-17.2963418586847));
#10062=CARTESIAN_POINT('Ctrl Pts',(-6.44030397306593,-3.10563757294879,
-17.407775580098));
#10063=CARTESIAN_POINT('Ctrl Pts',(2.2260044287995,-6.37224405949277,-16.26603537112));
#10064=CARTESIAN_POINT('Ctrl Pts',(0.798298083563941,-6.87098212066058,
-16.3774690944708));
#10065=CARTESIAN_POINT('Ctrl Pts',(-0.798298083569974,-6.87098212065987,
-16.4889028178217));
#10066=CARTESIAN_POINT('Ctrl Pts',(-2.22600442880509,-6.37224405949081,
-16.6003365411726));
#10067=CARTESIAN_POINT('Ctrl Pts',(2.26999136070416,-6.49816270632851,-16.4049733840955));
#10068=CARTESIAN_POINT('Ctrl Pts',(0.814072842583755,-7.00675607454379,
-16.5164071074464));
#10069=CARTESIAN_POINT('Ctrl Pts',(-0.814072842589907,-7.00675607454307,
-16.6278408307972));
#10070=CARTESIAN_POINT('Ctrl Pts',(-2.26999136070987,-6.49816270632652,
-16.7392745541481));
#10071=CARTESIAN_POINT('Ctrl Pts',(2.31397829260882,-6.62408135316425,-16.543911397071));
#10072=CARTESIAN_POINT('Ctrl Pts',(0.829847601603568,-7.142530028427,-16.6553451204219));
#10073=CARTESIAN_POINT('Ctrl Pts',(-0.82984760160984,-7.14253002842627,
-16.7667788437728));
#10074=CARTESIAN_POINT('Ctrl Pts',(-2.31397829261464,-6.62408135316222,
-16.8782125671236));
#10075=CARTESIAN_POINT('Ctrl Pts',(2.35796522451349,-6.74999999999999,-16.6828494100466));
#10076=CARTESIAN_POINT('Ctrl Pts',(0.845622360623381,-7.27830398231021,
-16.7942831333974));
#10077=CARTESIAN_POINT('Ctrl Pts',(-0.845622360629772,-7.27830398230947,
-16.9057168567483));
#10078=CARTESIAN_POINT('Ctrl Pts',(-2.35796522451941,-6.74999999999792,
-17.0171505800992));
#10079=CARTESIAN_POINT('',(2.35796522451032,-6.75,-16.6828494100457));
#10080=CARTESIAN_POINT('',(-2.35796522451888,-6.7499999999985,-17.0171505800981));
#10081=CARTESIAN_POINT('Ctrl Pts',(2.35796522451349,-6.74999999999999,-16.6828494100466));
#10082=CARTESIAN_POINT('Ctrl Pts',(1.98539458623812,-6.74999999999999,-16.5793279815837));
#10083=CARTESIAN_POINT('Ctrl Pts',(1.60773111190727,-6.74999999999999,-16.5026878132812));
#10084=CARTESIAN_POINT('Ctrl Pts',(1.00365041132862,-6.74999999999999,-16.4335668198559));
#10085=CARTESIAN_POINT('Ctrl Pts',(0.783591061811414,-6.74999999999999,
-16.4193002219524));
#10086=CARTESIAN_POINT('Ctrl Pts',(0.45739261631445,-6.74999999999999,-16.4149534982185));
#10087=CARTESIAN_POINT('Ctrl Pts',(0.35239294302909,-6.74999999999895,-16.4161131952453));
#10088=CARTESIAN_POINT('Ctrl Pts',(0.190597507882953,-6.74999999999895,
-16.4218462437821));
#10089=CARTESIAN_POINT('Ctrl Pts',(0.133859508328469,-6.75,-16.4246053668742));
#10090=CARTESIAN_POINT('Ctrl Pts',(0.0304951896440972,-6.75,-16.4309899719318));
#10091=CARTESIAN_POINT('Ctrl Pts',(-0.0161206513295038,-6.75,-16.4343739348603));
#10092=CARTESIAN_POINT('Ctrl Pts',(-0.117561511433017,-6.75,-16.4428292927296));
#10093=CARTESIAN_POINT('Ctrl Pts',(-0.172347655686146,-6.75000000000014,
-16.4480914670374));
#10094=CARTESIAN_POINT('Ctrl Pts',(-0.321011475251802,-6.75000000000014,
-16.4642396239815));
#10095=CARTESIAN_POINT('Ctrl Pts',(-0.414666631974963,-6.74999999999694,
-16.4764421473713));
#10096=CARTESIAN_POINT('Ctrl Pts',(-0.851753381067862,-6.74999999999694,
-16.542641402291));
#10097=CARTESIAN_POINT('Ctrl Pts',(-1.18934492848499,-6.75000000000001,
-16.6206050997505));
#10098=CARTESIAN_POINT('Ctrl Pts',(-1.80559487770951,-6.75000000000001,
-16.8050309069122));
#10099=CARTESIAN_POINT('Ctrl Pts',(-2.08428066488694,-6.75,-16.9051600571612));
#10100=CARTESIAN_POINT('Ctrl Pts',(-2.3579652245135,-6.75,-17.0171505800988));
#10101=CARTESIAN_POINT('Ctrl Pts',(2.35796522451029,-6.74999999999993,-16.6828494100456));
#10102=CARTESIAN_POINT('Ctrl Pts',(0.845622360621138,-7.27830398230908,
-16.7942831333964));
#10103=CARTESIAN_POINT('Ctrl Pts',(-0.845622360630584,-7.27830398230801,
-16.9057168567472));
#10104=CARTESIAN_POINT('Ctrl Pts',(-2.35796522451904,-6.74999999999687,
-17.017150580098));
#10105=CARTESIAN_POINT('Ctrl Pts',(6.79407508029012,-1.9406891736584,-16.1194392170241));
#10106=CARTESIAN_POINT('Ctrl Pts',(6.7566578232963,-2.07168163590587,-16.1290284996104));
#10107=CARTESIAN_POINT('Ctrl Pts',(6.71545113749304,-2.20159164279031,-16.1386177821967));
#10108=CARTESIAN_POINT('Ctrl Pts',(6.67052391891655,-2.33020198964302,-16.1482070647831));
#10109=CARTESIAN_POINT('Ctrl Pts',(6.82105779151999,-1.9483966327225,-16.1486703887959));
#10110=CARTESIAN_POINT('Ctrl Pts',(6.78349193165844,-2.0799093323445,-16.1582596713823));
#10111=CARTESIAN_POINT('Ctrl Pts',(6.74212159324749,-2.21033527762529,-16.1678489539686));
#10112=CARTESIAN_POINT('Ctrl Pts',(6.69701594594437,-2.3394564012665,-16.177438236555));
#10113=CARTESIAN_POINT('Ctrl Pts',(6.84804050274986,-1.9561040917866,-16.1779015605678));
#10114=CARTESIAN_POINT('Ctrl Pts',(6.81032604002059,-2.08813702878312,-16.1874908431542));
#10115=CARTESIAN_POINT('Ctrl Pts',(6.76879204900194,-2.21907891246027,-16.1970801257405));
#10116=CARTESIAN_POINT('Ctrl Pts',(6.72350797297218,-2.34871081288998,-16.2066694083268));
#10117=CARTESIAN_POINT('Ctrl Pts',(6.87502321397973,-1.96381155085071,-16.2071327323397));
#10118=CARTESIAN_POINT('Ctrl Pts',(6.83716014838273,-2.09636472522175,-16.2167220149261));
#10119=CARTESIAN_POINT('Ctrl Pts',(6.79546250475638,-2.22782254729526,-16.2263112975124));
#10120=CARTESIAN_POINT('Ctrl Pts',(6.75,-2.35796522451345,-16.2359005800987));
#10121=CARTESIAN_POINT('',(6.75,-2.08883476483184,-16.1303190501942));
#10122=CARTESIAN_POINT('',(6.75,-2.35796522451031,-16.2359005800975));
#10123=CARTESIAN_POINT('Ctrl Pts',(6.74999982622339,-2.08883470998027,-16.1303190501941));
#10124=CARTESIAN_POINT('Ctrl Pts',(6.7500002728164,-2.17906440035999,-16.1641725387349));
#10125=CARTESIAN_POINT('Ctrl Pts',(6.74999999999999,-2.2687812924623,-16.1994069057692));
#10126=CARTESIAN_POINT('Ctrl Pts',(6.75,-2.35796522451345,-16.2359005800987));
#10127=CARTESIAN_POINT('',(6.87502321397939,-1.96381155085111,-16.2071327323386));
#10128=CARTESIAN_POINT('Ctrl Pts',(6.87502321397869,-1.96381155085041,-16.2071327323386));
#10129=CARTESIAN_POINT('Ctrl Pts',(6.83716014838196,-2.09636472522053,-16.2167220149249));
#10130=CARTESIAN_POINT('Ctrl Pts',(6.79546250475593,-2.22782254729311,-16.2263112975111));
#10131=CARTESIAN_POINT('Ctrl Pts',(6.74999999999992,-2.35796522451041,-16.2359005800974));
#10132=CARTESIAN_POINT('Ctrl Pts',(6.87502321397918,-1.96381155085266,-16.2071327323399));
#10133=CARTESIAN_POINT('Ctrl Pts',(6.83352285230489,-2.00531191252695,-16.181007763006));
#10134=CARTESIAN_POINT('Ctrl Pts',(6.79184750181602,-2.04698726301584,-16.1553904209864));
#10135=CARTESIAN_POINT('Ctrl Pts',(6.74999999999996,-2.0888347648319,-16.1303190501942));
#10136=CARTESIAN_POINT('Ctrl Pts',(-6.67052393265093,-2.33020195225345,
-17.3764058981963));
#10137=CARTESIAN_POINT('Ctrl Pts',(-6.71545114612818,-2.20159161766959,
-17.3859951798481));
#10138=CARTESIAN_POINT('Ctrl Pts',(-6.75665782754986,-2.07168162332837,
-17.3955844615));
#10139=CARTESIAN_POINT('Ctrl Pts',(-6.7940750809006,-1.94068917383495,-17.4051737431518));
#10140=CARTESIAN_POINT('Ctrl Pts',(-6.69701595953093,-2.33945636365774,
-17.4056370697475));
#10141=CARTESIAN_POINT('Ctrl Pts',(-6.74212160171319,-2.21033525233802,
-17.4152263513994));
#10142=CARTESIAN_POINT('Ctrl Pts',(-6.78349193572392,-2.0799093196542,-17.4248156330512));
#10143=CARTESIAN_POINT('Ctrl Pts',(-6.82105779192678,-1.94839663284088,
-17.434404914703));
#10144=CARTESIAN_POINT('Ctrl Pts',(-6.72350798641093,-2.34871077506203,
-17.4348682412988));
#10145=CARTESIAN_POINT('Ctrl Pts',(-6.76879205729821,-2.21907888700644,
-17.4444575229506));
#10146=CARTESIAN_POINT('Ctrl Pts',(-6.81032604389798,-2.08813701598003,
-17.4540468046024));
#10147=CARTESIAN_POINT('Ctrl Pts',(-6.84804050295297,-1.9561040918468,-17.4636360862542));
#10148=CARTESIAN_POINT('Ctrl Pts',(-6.75000001329094,-2.35796518646632,
-17.46409941285));
#10149=CARTESIAN_POINT('Ctrl Pts',(-6.79546251288323,-2.22782252167487,
-17.4736886945018));
#10150=CARTESIAN_POINT('Ctrl Pts',(-6.83716015207204,-2.09636471230586,
-17.4832779761536));
#10151=CARTESIAN_POINT('Ctrl Pts',(-6.87502321397915,-1.96381155085273,
-17.4928672578055));
#10152=CARTESIAN_POINT('',(-6.75000000819937,-2.35796517756667,-17.4640994135047));
#10153=CARTESIAN_POINT('Ctrl Pts',(-6.75,-2.35796518182343,-17.4640993981848));
#10154=CARTESIAN_POINT('Ctrl Pts',(-6.75,-2.26864565372485,-17.4392813261324));
#10155=CARTESIAN_POINT('Ctrl Pts',(-6.74999974987243,-2.17893893456668,
-17.4159819890898));
#10156=CARTESIAN_POINT('Ctrl Pts',(-6.74999982622352,-2.08883470998043,
-17.3942939107049));
#10157=CARTESIAN_POINT('Ctrl Pts',(-6.75000001639872,-2.35796517756667,
-17.4640994135046));
#10158=CARTESIAN_POINT('Ctrl Pts',(-6.79546251478292,-2.22782251568226,
-17.4736886949378));
#10159=CARTESIAN_POINT('Ctrl Pts',(-6.83716015293372,-2.09636470928528,
-17.483277976371));
#10160=CARTESIAN_POINT('Ctrl Pts',(-6.87502321397765,-1.96381155085413,
-17.4928672578042));
#10161=CARTESIAN_POINT('Ctrl Pts',(-2.22600442879957,6.37224405949275,-17.82853537112));
#10162=CARTESIAN_POINT('Ctrl Pts',(-0.798298083564974,6.87098212066024,
-17.9399690944708));
#10163=CARTESIAN_POINT('Ctrl Pts',(0.798298083567782,6.87098212065991,-18.0514028178216));
#10164=CARTESIAN_POINT('Ctrl Pts',(2.22600442880217,6.37224405949184,-18.1628365411723));
#10165=CARTESIAN_POINT('Ctrl Pts',(-2.26999136070423,6.49816270632849,-17.9674733840955));
#10166=CARTESIAN_POINT('Ctrl Pts',(-0.814072842584807,7.00675607454344,
-18.0789071074463));
#10167=CARTESIAN_POINT('Ctrl Pts',(0.814072842587671,7.00675607454311,-18.1903408307971));
#10168=CARTESIAN_POINT('Ctrl Pts',(2.26999136070689,6.49816270632756,-18.3017745541479));
#10169=CARTESIAN_POINT('Ctrl Pts',(-2.3139782926089,6.62408135316423,-18.106411397071));
#10170=CARTESIAN_POINT('Ctrl Pts',(-0.829847601604642,7.14253002842665,
-18.2178451204218));
#10171=CARTESIAN_POINT('Ctrl Pts',(0.829847601607561,7.14253002842631,-18.3292788437726));
#10172=CARTESIAN_POINT('Ctrl Pts',(2.3139782926116,6.62408135316328,-18.4407125671234));
#10173=CARTESIAN_POINT('Ctrl Pts',(-2.35796522451356,6.74999999999996,-18.2453494100466));
#10174=CARTESIAN_POINT('Ctrl Pts',(-0.845622360624474,7.27830398230985,
-18.3567831333974));
#10175=CARTESIAN_POINT('Ctrl Pts',(0.845622360627449,7.2783039823095,-18.4682168567482));
#10176=CARTESIAN_POINT('Ctrl Pts',(2.35796522451632,6.749999999999,-18.5796505800989));
#10177=CARTESIAN_POINT('',(-2.35796521871714,6.75000000101186,-18.2453494104726));
#10178=CARTESIAN_POINT('',(2.35796522451578,6.74999999999905,-18.5796505800979));
#10179=CARTESIAN_POINT('Ctrl Pts',(-2.35796522451354,6.75,-18.2453494100466));
#10180=CARTESIAN_POINT('Ctrl Pts',(-1.98539458623805,6.75,-18.1418279815836));
#10181=CARTESIAN_POINT('Ctrl Pts',(-1.60773111190783,6.75,-18.0651878132813));
#10182=CARTESIAN_POINT('Ctrl Pts',(-1.00365041132962,6.75,-17.996066819856));
#10183=CARTESIAN_POINT('Ctrl Pts',(-0.783591061812145,6.75,-17.9818002219524));
#10184=CARTESIAN_POINT('Ctrl Pts',(-0.457392616314994,6.75,-17.9774534982185));
#10185=CARTESIAN_POINT('Ctrl Pts',(-0.35239294302947,6.74999999999895,-17.9786131952453));
#10186=CARTESIAN_POINT('Ctrl Pts',(-0.190597507883148,6.74999999999895,
-17.9843462437821));
#10187=CARTESIAN_POINT('Ctrl Pts',(-0.133859508328642,6.75,-17.9871053668742));
#10188=CARTESIAN_POINT('Ctrl Pts',(-0.0304951896440992,6.75,-17.9934899719318));
#10189=CARTESIAN_POINT('Ctrl Pts',(0.0161206513296218,6.75,-17.9968739348603));
#10190=CARTESIAN_POINT('Ctrl Pts',(0.117561511432753,6.75,-18.0053292927296));
#10191=CARTESIAN_POINT('Ctrl Pts',(0.172347655685738,6.75000000000014,-18.0105914670374));
#10192=CARTESIAN_POINT('Ctrl Pts',(0.321011475251751,6.75000000000014,-18.0267396239815));
#10193=CARTESIAN_POINT('Ctrl Pts',(0.414666631974984,6.74999999999694,-18.0389421473713));
#10194=CARTESIAN_POINT('Ctrl Pts',(0.851753381067775,6.74999999999694,-18.105141402291));
#10195=CARTESIAN_POINT('Ctrl Pts',(1.18934492848481,6.75,-18.1831050997504));
#10196=CARTESIAN_POINT('Ctrl Pts',(1.80559487770978,6.75,-18.3675309069122));
#10197=CARTESIAN_POINT('Ctrl Pts',(2.08428066488756,6.75,-18.4676600571615));
#10198=CARTESIAN_POINT('Ctrl Pts',(2.35796522451345,6.75,-18.5796505800987));
#10199=CARTESIAN_POINT('Ctrl Pts',(-2.35796522034546,6.7500000014549,-18.2453494103526));
#10200=CARTESIAN_POINT('Ctrl Pts',(-0.845622357517166,7.27830398230879,
-18.356783133601));
#10201=CARTESIAN_POINT('Ctrl Pts',(0.845622362016578,7.27830398182314,-18.4682168568494));
#10202=CARTESIAN_POINT('Ctrl Pts',(2.35796522451597,6.74999999999802,-18.5796505800979));
#10203=CARTESIAN_POINT('Ctrl Pts',(-6.07987981239844,2.93183415928761,-17.43791037112));
#10204=CARTESIAN_POINT('Ctrl Pts',(-5.42300003922727,4.29403606263358,-17.5493440944708));
#10205=CARTESIAN_POINT('Ctrl Pts',(-4.2940360626308,5.42300003922947,-17.6607778178216));
#10206=CARTESIAN_POINT('Ctrl Pts',(-2.93183415928449,6.07987981239995,-17.7722115411724));
#10207=CARTESIAN_POINT('Ctrl Pts',(-6.20002119928721,2.98976863050962,-17.5768483840955));
#10208=CARTESIAN_POINT('Ctrl Pts',(-5.5301611618011,4.3788883070584,-17.6882821074463));
#10209=CARTESIAN_POINT('Ctrl Pts',(-4.37888830705556,5.53016116180335,-17.7997158307971));
#10210=CARTESIAN_POINT('Ctrl Pts',(-2.98976863050644,6.20002119928874,-17.9111495541479));
#10211=CARTESIAN_POINT('Ctrl Pts',(-6.32016258617597,3.04770310173163,-17.715786397071));
#10212=CARTESIAN_POINT('Ctrl Pts',(-5.63732228437493,4.46374055148322,-17.8272201204218));
#10213=CARTESIAN_POINT('Ctrl Pts',(-4.46374055148033,5.63732228437722,-17.9386538437727));
#10214=CARTESIAN_POINT('Ctrl Pts',(-3.04770310172838,6.32016258617754,-18.0500875671235));
#10215=CARTESIAN_POINT('Ctrl Pts',(-6.44030397306474,3.10563757295364,-17.8547244100466));
#10216=CARTESIAN_POINT('Ctrl Pts',(-5.74448340694876,4.54859279590804,-17.9661581333974));
#10217=CARTESIAN_POINT('Ctrl Pts',(-4.54859279590509,5.74448340695109,-18.0775918567482));
#10218=CARTESIAN_POINT('Ctrl Pts',(-3.10563757295033,6.44030397306633,-18.189025580099));
#10219=CARTESIAN_POINT('',(-6.4403039730625,3.10563757295589,-17.8547244100457));
#10220=CARTESIAN_POINT('',(-3.10563757295075,6.44030397306611,-18.1890255800979));
#10221=CARTESIAN_POINT('Ctrl Pts',(-6.44030397306475,3.10563757295363,-17.8547244100466));
#10222=CARTESIAN_POINT('Ctrl Pts',(-6.17685674826894,3.36908479774944,-17.7512029815835));
#10223=CARTESIAN_POINT('Ctrl Pts',(-5.9098083445629,3.6361332014555,-17.674562813281));
#10224=CARTESIAN_POINT('Ctrl Pts',(-5.48265878479967,4.06328276121873,-17.6054418198559));
#10225=CARTESIAN_POINT('Ctrl Pts',(-5.32705332649273,4.21888821952567,-17.5911752219524));
#10226=CARTESIAN_POINT('Ctrl Pts',(-5.09639619366969,4.44954535234871,-17.5868284982185));
#10227=CARTESIAN_POINT('Ctrl Pts',(-5.0221502126665,4.52379133335041,-17.5879881952453));
#10228=CARTESIAN_POINT('Ctrl Pts',(-4.90774356330957,4.63819798270734,-17.5937212437821));
#10229=CARTESIAN_POINT('Ctrl Pts',(-4.8676237390743,4.6783178069441,-17.5964803668742));
#10230=CARTESIAN_POINT('Ctrl Pts',(-4.7945341284002,4.75140741761819,-17.6028649719318));
#10231=CARTESIAN_POINT('Ctrl Pts',(-4.76157175113725,4.78436979488114,-17.6062489348602));
#10232=CARTESIAN_POINT('Ctrl Pts',(-4.68984223106824,4.85609931495015,-17.6147042927296));
#10233=CARTESIAN_POINT('Ctrl Pts',(-4.65110257695192,4.89483896906668,-17.6199664670374));
#10234=CARTESIAN_POINT('Ctrl Pts',(-4.54598138201987,4.99996016399872,-17.6361146239815));
#10235=CARTESIAN_POINT('Ctrl Pts',(-4.47975718560553,5.06618436040854,-17.6483171473714));
#10236=CARTESIAN_POINT('Ctrl Pts',(-4.1706901813554,5.37525136465867,-17.714516402291));
#10237=CARTESIAN_POINT('Ctrl Pts',(-3.93197690890771,5.61396463711068,-17.7924800997504));
#10238=CARTESIAN_POINT('Ctrl Pts',(-3.49622239090487,6.04971915511353,-17.9769059069123));
#10239=CARTESIAN_POINT('Ctrl Pts',(-3.2991617809711,6.24677976504729,-18.0770350571615));
#10240=CARTESIAN_POINT('Ctrl Pts',(-3.10563757295371,6.44030397306469,-18.1890255800987));
#10241=CARTESIAN_POINT('Ctrl Pts',(-6.44030397260678,3.10563757390093,-17.8547244101187));
#10242=CARTESIAN_POINT('Ctrl Pts',(-5.74448340642427,4.54859279643103,-17.9661581334451));
#10243=CARTESIAN_POINT('Ctrl Pts',(-4.54859279558852,5.7444834071026,-18.0775918567715));
#10244=CARTESIAN_POINT('Ctrl Pts',(-3.10563757294988,6.4403039730654,-18.1890255800979));
#10245=CARTESIAN_POINT('Ctrl Pts',(-6.7940750802901,1.94068917365848,-17.6819392170241));
#10246=CARTESIAN_POINT('Ctrl Pts',(-6.75665782329628,2.07168163590594,-17.6915284996104));
#10247=CARTESIAN_POINT('Ctrl Pts',(-6.71545113749305,2.20159164279029,-17.7011177821967));
#10248=CARTESIAN_POINT('Ctrl Pts',(-6.67052391891656,2.330201989643,-17.7107070647831));
#10249=CARTESIAN_POINT('Ctrl Pts',(-6.82105779151997,1.94839663272258,-17.7111703887959));
#10250=CARTESIAN_POINT('Ctrl Pts',(-6.78349193165842,2.07990933234457,-17.7207596713823));
#10251=CARTESIAN_POINT('Ctrl Pts',(-6.7421215932475,2.21033527762527,-17.7303489539686));
#10252=CARTESIAN_POINT('Ctrl Pts',(-6.69701594594437,2.33945640126648,-17.739938236555));
#10253=CARTESIAN_POINT('Ctrl Pts',(-6.84804050274984,1.95610409178668,-17.7404015605678));
#10254=CARTESIAN_POINT('Ctrl Pts',(-6.81032604002056,2.0881370287832,-17.7499908431542));
#10255=CARTESIAN_POINT('Ctrl Pts',(-6.76879204900194,2.21907891246025,-17.7595801257405));
#10256=CARTESIAN_POINT('Ctrl Pts',(-6.72350797297219,2.34871081288995,-17.7691694083268));
#10257=CARTESIAN_POINT('Ctrl Pts',(-6.87502321397971,1.96381155085078,-17.7696327323397));
#10258=CARTESIAN_POINT('Ctrl Pts',(-6.83716014838271,2.09636472522183,-17.7792220149261));
#10259=CARTESIAN_POINT('Ctrl Pts',(-6.79546250475639,2.22782254729523,-17.7888112975124));
#10260=CARTESIAN_POINT('Ctrl Pts',(-6.75000000000001,2.35796522451343,-17.7984005800987));
#10261=CARTESIAN_POINT('',(-6.75,2.35796522451034,-17.7984005800975));
#10262=CARTESIAN_POINT('Ctrl Pts',(-6.74999982622341,2.08883470998022,-17.6928190501941));
#10263=CARTESIAN_POINT('Ctrl Pts',(-6.75000027281641,2.17906440036014,-17.726672538735));
#10264=CARTESIAN_POINT('Ctrl Pts',(-6.75000000000001,2.26878129246252,-17.7619069057693));
#10265=CARTESIAN_POINT('Ctrl Pts',(-6.75000000000001,2.35796522451343,-17.7984005800987));
#10266=CARTESIAN_POINT('Ctrl Pts',(-6.87502321397866,1.96381155085048,-17.7696327323386));
#10267=CARTESIAN_POINT('Ctrl Pts',(-6.83716014838192,2.09636472522062,-17.7792220149249));
#10268=CARTESIAN_POINT('Ctrl Pts',(-6.79546250475591,2.22782254729313,-17.7888112975111));
#10269=CARTESIAN_POINT('Ctrl Pts',(-6.7499999999999,2.35796522451045,-17.7984005800974));
#10270=CARTESIAN_POINT('Ctrl Pts',(6.67052391082797,2.33020198947086,-18.9389058865412));
#10271=CARTESIAN_POINT('Ctrl Pts',(6.7154511296763,2.20159164198642,-18.9484951691863));
#10272=CARTESIAN_POINT('Ctrl Pts',(6.75665781571031,2.07168163445447,-18.9580844518314));
#10273=CARTESIAN_POINT('Ctrl Pts',(6.79407507289259,1.94068917154738,-18.9676737344764));
#10274=CARTESIAN_POINT('Ctrl Pts',(6.69701594027334,2.33945640194939,-18.9681370609842));
#10275=CARTESIAN_POINT('Ctrl Pts',(6.74212158786587,2.21033527762672,-18.9777263436293));
#10276=CARTESIAN_POINT('Ctrl Pts',(6.78349192652363,2.07990933164814,-18.9873156262744));
#10277=CARTESIAN_POINT('Ctrl Pts',(6.82105778658812,1.94839663131579,-18.9969049089194));
#10278=CARTESIAN_POINT('Ctrl Pts',(6.7235079697187,2.34871081442792,-18.9973682354272));
#10279=CARTESIAN_POINT('Ctrl Pts',(6.76879204605545,2.21907891326702,-19.0069575180723));
#10280=CARTESIAN_POINT('Ctrl Pts',(6.81032603733694,2.0881370288418,-19.0165468007174));
#10281=CARTESIAN_POINT('Ctrl Pts',(6.84804050028365,1.9561040910842,-19.0261360833624));
#10282=CARTESIAN_POINT('Ctrl Pts',(6.74999999916406,2.35796522690645,-19.0265994098703));
#10283=CARTESIAN_POINT('Ctrl Pts',(6.79546250424502,2.22782254890731,-19.0361886925153));
#10284=CARTESIAN_POINT('Ctrl Pts',(6.83716014815026,2.09636472603546,-19.0457779751604));
#10285=CARTESIAN_POINT('Ctrl Pts',(6.87502321397918,1.96381155085261,-19.0553672578055));
#10286=CARTESIAN_POINT('',(6.74999999999996,2.35796522451057,-19.0265994100457));
#10287=CARTESIAN_POINT('',(6.75000001838525,2.08883472806134,-18.9567939392101));
#10288=CARTESIAN_POINT('Ctrl Pts',(6.74999999999999,2.35796522451347,-19.0265994100466));
#10289=CARTESIAN_POINT('Ctrl Pts',(6.74999999999998,2.26864578978562,-19.0017813634197));
#10290=CARTESIAN_POINT('Ctrl Pts',(6.75000004908013,2.17893777662694,-18.9784820138233));
#10291=CARTESIAN_POINT('Ctrl Pts',(6.74999985368762,2.08883467536091,-18.9567939302733));
#10292=CARTESIAN_POINT('',(6.87502321397769,1.96381155085413,-19.0553672578043));
#10293=CARTESIAN_POINT('Ctrl Pts',(6.74999985591966,2.08883468027813,-18.9567939337244));
#10294=CARTESIAN_POINT('Ctrl Pts',(6.79187051220545,2.04696270111195,-18.9892524246422));
#10295=CARTESIAN_POINT('Ctrl Pts',(6.83354871823362,2.00528604659827,-19.0221257032494));
#10296=CARTESIAN_POINT('Ctrl Pts',(6.87502321397915,1.96381155085273,-19.0553672578055));
#10297=CARTESIAN_POINT('Ctrl Pts',(6.74999999999991,2.35796522451057,-19.0265994100457));
#10298=CARTESIAN_POINT('Ctrl Pts',(6.79552041127825,2.22765678190299,-19.0362009066974));
#10299=CARTESIAN_POINT('Ctrl Pts',(6.83720282818407,2.0962153093408,-19.045788784398));
#10300=CARTESIAN_POINT('Ctrl Pts',(6.87502321397769,1.96381155085409,-19.0553672578043));
#10301=CARTESIAN_POINT('Origin',(0.,0.,0.));
#10302=CARTESIAN_POINT('',(-6.44030397306298,-3.1056375729552,-18.0327755783024));
#10303=CARTESIAN_POINT('',(-6.4403039730625,-3.10563757295589,0.));
#10304=CARTESIAN_POINT('',(-3.10563757295589,-6.4403039730625,-17.6984744082506));
#10305=CARTESIAN_POINT('Ctrl Pts',(-6.4403039730618,-3.10563757295465,-18.0327755783036));
#10306=CARTESIAN_POINT('Ctrl Pts',(-5.74448340694684,-4.54859279590577,
-17.921341854953));
#10307=CARTESIAN_POINT('Ctrl Pts',(-4.54859279590636,-5.74448340694637,
-17.8099081316024));
#10308=CARTESIAN_POINT('Ctrl Pts',(-3.10563757295532,-6.44030397306148,
-17.6984744082518));
#10309=CARTESIAN_POINT('',(-3.10563757295588,-6.44030397306251,0.));
#10310=CARTESIAN_POINT('Origin',(0.,0.,0.));
#10311=CARTESIAN_POINT('',(-2.35796522451136,-6.74999999999982,-17.6421505783024));
#10312=CARTESIAN_POINT('',(-2.35796522451033,-6.75,0.));
#10313=CARTESIAN_POINT('',(2.35796522451041,-6.74999999999999,-17.3078494082506));
#10314=CARTESIAN_POINT('Ctrl Pts',(-2.35796522451082,-6.74999999999844,
-17.6421505783038));
#10315=CARTESIAN_POINT('Ctrl Pts',(-0.845622360624562,-7.27830398230683,
-17.5307168549532));
#10316=CARTESIAN_POINT('Ctrl Pts',(0.845622360623562,-7.27830398230694,
-17.4192831316026));
#10317=CARTESIAN_POINT('Ctrl Pts',(2.3579652245099,-6.74999999999876,-17.307849408252));
#10318=CARTESIAN_POINT('',(2.35796522451033,-6.75,0.));
#10319=CARTESIAN_POINT('Origin',(0.,0.,0.));
#10320=CARTESIAN_POINT('',(6.74999999999998,-2.35796522451041,-16.8609005783023));
#10321=CARTESIAN_POINT('',(6.75,-2.35796522451032,0.));
#10322=CARTESIAN_POINT('',(6.8750232139788,-1.96381155085217,-16.8321327305436));
#10323=CARTESIAN_POINT('Ctrl Pts',(6.74999999999971,-2.35796522451006,-16.8609005783027));
#10324=CARTESIAN_POINT('Ctrl Pts',(6.79546250475556,-2.22782254729319,-16.8513112957165));
#10325=CARTESIAN_POINT('Ctrl Pts',(6.83716014838141,-2.09636472522121,-16.8417220131302));
#10326=CARTESIAN_POINT('Ctrl Pts',(6.87502321397804,-1.96381155085154,-16.832132730544));
#10327=CARTESIAN_POINT('',(6.87502321397766,-1.96381155085418,0.));
#10328=CARTESIAN_POINT('Origin',(0.,0.,0.));
#10329=CARTESIAN_POINT('',(-6.75000000000001,-2.3579652245103,-18.0890994082506));
#10330=CARTESIAN_POINT('',(-6.75,-2.35796522451032,0.));
#10331=CARTESIAN_POINT('Ctrl Pts',(-6.87502321397618,-1.96381155085304,
-18.117867256011));
#10332=CARTESIAN_POINT('Ctrl Pts',(-6.8371601483797,-2.09636472522205,-18.1082779734248));
#10333=CARTESIAN_POINT('Ctrl Pts',(-6.79546250475396,-2.22782254729364,
-18.0986886908386));
#10334=CARTESIAN_POINT('Ctrl Pts',(-6.74999999999832,-2.35796522450988,
-18.0890994082524));
#10335=CARTESIAN_POINT('Origin',(0.,0.,0.));
#10336=CARTESIAN_POINT('',(2.35796522451055,6.74999999999996,-19.2046505783024));
#10337=CARTESIAN_POINT('',(2.35796522451032,6.75,0.));
#10338=CARTESIAN_POINT('',(-2.35796522451048,6.74999999999997,-18.8703494082506));
#10339=CARTESIAN_POINT('Ctrl Pts',(2.35796522451042,6.74999999999919,-19.2046505783031));
#10340=CARTESIAN_POINT('Ctrl Pts',(0.845622360624173,7.27830398230742,-19.0932168549525));
#10341=CARTESIAN_POINT('Ctrl Pts',(-0.845622360624006,7.27830398230744,
-18.9817831316019));
#10342=CARTESIAN_POINT('Ctrl Pts',(-2.35796522451027,6.74999999999924,-18.8703494082513));
#10343=CARTESIAN_POINT('',(-2.35796522451032,6.75,0.));
#10344=CARTESIAN_POINT('Origin',(0.,0.,0.));
#10345=CARTESIAN_POINT('',(-3.10563757295555,6.44030397306274,-18.8140255783024));
#10346=CARTESIAN_POINT('',(-3.10563757295589,6.4403039730625,0.));
#10347=CARTESIAN_POINT('',(-6.44030397306258,3.10563757295579,-18.4797244082506));
#10348=CARTESIAN_POINT('Ctrl Pts',(-3.10563757295519,6.44030397306186,-18.8140255783033));
#10349=CARTESIAN_POINT('Ctrl Pts',(-4.5485927959062,5.74448340694684,-18.7025918549527));
#10350=CARTESIAN_POINT('Ctrl Pts',(-5.74448340694669,4.54859279590638,-18.5911581316021));
#10351=CARTESIAN_POINT('Ctrl Pts',(-6.44030397306176,3.1056375729554,-18.4797244082515));
#10352=CARTESIAN_POINT('',(-6.4403039730625,3.10563757295589,0.));
#10353=CARTESIAN_POINT('Origin',(0.,0.,0.));
#10354=CARTESIAN_POINT('',(-6.75,2.35796522451032,-18.4234005783023));
#10355=CARTESIAN_POINT('',(-6.75,2.35796522451032,0.));
#10356=CARTESIAN_POINT('Ctrl Pts',(-6.74999999999992,2.35796522451024,-18.4234005783024));
#10357=CARTESIAN_POINT('Ctrl Pts',(-6.79546250475569,2.22782254729362,-18.4138112957162));
#10358=CARTESIAN_POINT('Ctrl Pts',(-6.8371601483815,2.09636472522179,-18.40422201313));
#10359=CARTESIAN_POINT('Ctrl Pts',(-6.87502321397807,1.96381155085237,-18.3946327305438));
#10360=CARTESIAN_POINT('Origin',(0.,0.,0.));
#10361=CARTESIAN_POINT('',(6.75,2.35796522451033,-19.6515994082506));
#10362=CARTESIAN_POINT('',(6.75,2.35796522451032,0.));
#10363=CARTESIAN_POINT('',(6.87502321397826,1.96381155085312,-19.6803672560092));
#10364=CARTESIAN_POINT('',(6.87502321397766,1.96381155085419,0.));
#10365=CARTESIAN_POINT('Ctrl Pts',(6.87502321397629,1.96381155085262,-19.680367256011));
#10366=CARTESIAN_POINT('Ctrl Pts',(6.83716014837976,2.09636472522182,-19.6707779734248));
#10367=CARTESIAN_POINT('Ctrl Pts',(6.79546250475405,2.22782254729334,-19.6611886908386));
#10368=CARTESIAN_POINT('Ctrl Pts',(6.74999999999835,2.35796522450975,-19.6515994082524));
#10369=CARTESIAN_POINT('Ctrl Pts',(6.44030397306443,-3.10563757295396,-16.9172244082495));
#10370=CARTESIAN_POINT('Ctrl Pts',(5.74448340694901,-4.54859279590698,-17.0286581316002));
#10371=CARTESIAN_POINT('Ctrl Pts',(4.54859279590697,-5.74448340694902,-17.1400918549509));
#10372=CARTESIAN_POINT('Ctrl Pts',(3.10563757295395,-6.44030397306443,-17.2515255783016));
#10373=CARTESIAN_POINT('Ctrl Pts',(6.32016258617571,-3.04770310173197,-17.0561624217363));
#10374=CARTESIAN_POINT('Ctrl Pts',(5.63732228437521,-4.46374055148221,-17.167596145087));
#10375=CARTESIAN_POINT('Ctrl Pts',(4.4637405514822,-5.63732228437522,-17.2790298684377));
#10376=CARTESIAN_POINT('Ctrl Pts',(3.04770310173196,-6.32016258617571,-17.3904635917884));
#10377=CARTESIAN_POINT('Ctrl Pts',(6.20002119928699,-2.98976863050997,-17.1951004352232));
#10378=CARTESIAN_POINT('Ctrl Pts',(5.53016116180141,-4.37888830705743,-17.3065341585739));
#10379=CARTESIAN_POINT('Ctrl Pts',(4.37888830705742,-5.53016116180142,-17.4179678819246));
#10380=CARTESIAN_POINT('Ctrl Pts',(2.98976863050996,-6.200021199287,-17.5294016052753));
#10381=CARTESIAN_POINT('Ctrl Pts',(6.07987981239827,-2.93183415928798,-17.33403844871));
#10382=CARTESIAN_POINT('Ctrl Pts',(5.42300003922761,-4.29403606263266,-17.4454721720607));
#10383=CARTESIAN_POINT('Ctrl Pts',(4.29403606263265,-5.42300003922762,-17.5569058954114));
#10384=CARTESIAN_POINT('Ctrl Pts',(2.93183415928797,-6.07987981239828,-17.6683396187621));
#10385=CARTESIAN_POINT('Ctrl Pts',(3.10563757295396,-6.44030397306444,-17.2515255783016));
#10386=CARTESIAN_POINT('Ctrl Pts',(3.36908479771474,-6.17685674830365,-17.3550470072219));
#10387=CARTESIAN_POINT('Ctrl Pts',(3.63613320142372,-5.90980834459468,-17.4316871759111));
#10388=CARTESIAN_POINT('Ctrl Pts',(4.06328276121304,-5.48265878480536,-17.5008081697534));
#10389=CARTESIAN_POINT('Ctrl Pts',(4.21888821952015,-5.32705332649823,-17.515074767769));
#10390=CARTESIAN_POINT('Ctrl Pts',(4.44954535234881,-5.09639619366957,-17.5194214916069));
#10391=CARTESIAN_POINT('Ctrl Pts',(4.52379133335035,-5.02215021266656,-17.5182617946042));
#10392=CARTESIAN_POINT('Ctrl Pts',(4.63819798270728,-4.90774356330962,-17.5125287460901));
#10393=CARTESIAN_POINT('Ctrl Pts',(4.67831780694383,-4.86762373907456,-17.5097696230032));
#10394=CARTESIAN_POINT('Ctrl Pts',(4.75140741761843,-4.79453412839996,-17.5033850179501));
#10395=CARTESIAN_POINT('Ctrl Pts',(4.78436979488152,-4.76157175113687,-17.5000010550218));
#10396=CARTESIAN_POINT('Ctrl Pts',(4.85609931495014,-4.68984223106825,-17.4915456971489));
#10397=CARTESIAN_POINT('Ctrl Pts',(4.89483896906656,-4.65110257695203,-17.4862835228366));
#10398=CARTESIAN_POINT('Ctrl Pts',(4.99996016399958,-4.54598138201902,-17.4701353658732));
#10399=CARTESIAN_POINT('Ctrl Pts',(5.06618436040947,-4.47975718560459,-17.4579328424637));
#10400=CARTESIAN_POINT('Ctrl Pts',(5.37525136468076,-4.17069018133331,-17.3917335874137));
#10401=CARTESIAN_POINT('Ctrl Pts',(5.61396463713391,-3.93197690888447,-17.3137698897522));
#10402=CARTESIAN_POINT('Ctrl Pts',(6.04971915513372,-3.49622239088467,-17.1293440820719));
#10403=CARTESIAN_POINT('Ctrl Pts',(6.24677976506873,-3.29916178094966,-17.0292149315201));
#10404=CARTESIAN_POINT('Ctrl Pts',(6.44030397306443,-3.10563757295395,-16.9172244082495));
#10405=CARTESIAN_POINT('Ctrl Pts',(2.35796522451291,-6.75000000000004,-17.3078494082495));
#10406=CARTESIAN_POINT('Ctrl Pts',(0.845622360625068,-7.27830398230934,
-17.4192831316002));
#10407=CARTESIAN_POINT('Ctrl Pts',(-0.845622360625093,-7.27830398230934,
-17.5307168549509));
#10408=CARTESIAN_POINT('Ctrl Pts',(-2.35796522451294,-6.75000000000003,
-17.6421505783016));
#10409=CARTESIAN_POINT('Ctrl Pts',(2.31397829260828,-6.62408135316435,-17.4467874217363));
#10410=CARTESIAN_POINT('Ctrl Pts',(0.829847601605228,-7.1425300284262,-17.558221145087));
#10411=CARTESIAN_POINT('Ctrl Pts',(-0.829847601605252,-7.14253002842619,
-17.6696548684377));
#10412=CARTESIAN_POINT('Ctrl Pts',(-2.3139782926083,-6.62408135316434,-17.7810885917884));
#10413=CARTESIAN_POINT('Ctrl Pts',(2.26999136070364,-6.49816270632865,-17.5857254352232));
#10414=CARTESIAN_POINT('Ctrl Pts',(0.814072842585389,-7.00675607454305,
-17.6971591585739));
#10415=CARTESIAN_POINT('Ctrl Pts',(-0.814072842585414,-7.00675607454304,
-17.8085928819246));
#10416=CARTESIAN_POINT('Ctrl Pts',(-2.26999136070366,-6.49816270632864,
-17.9200266052753));
#10417=CARTESIAN_POINT('Ctrl Pts',(2.226004428799,-6.37224405949295,-17.72466344871));
#10418=CARTESIAN_POINT('Ctrl Pts',(0.798298083565549,-6.8709821206599,-17.8360971720607));
#10419=CARTESIAN_POINT('Ctrl Pts',(-0.798298083565573,-6.87098212065989,
-17.9475308954114));
#10420=CARTESIAN_POINT('Ctrl Pts',(-2.22600442879903,-6.37224405949294,
-18.0589646187621));
#10421=CARTESIAN_POINT('Ctrl Pts',(-2.35796522451295,-6.74999999999999,
-17.6421505783016));
#10422=CARTESIAN_POINT('Ctrl Pts',(-1.98539458628715,-6.74999999999999,
-17.7456720072218));
#10423=CARTESIAN_POINT('Ctrl Pts',(-1.60773111195149,-6.75,-17.8223121759111));
#10424=CARTESIAN_POINT('Ctrl Pts',(-1.00365041133547,-6.75,-17.8914331697534));
#10425=CARTESIAN_POINT('Ctrl Pts',(-0.783591061818336,-6.75,-17.905699767769));
#10426=CARTESIAN_POINT('Ctrl Pts',(-0.45739261631432,-6.75,-17.9100464916068));
#10427=CARTESIAN_POINT('Ctrl Pts',(-0.352392943029109,-6.74999999999895,
-17.9088867946042));
#10428=CARTESIAN_POINT('Ctrl Pts',(-0.190597507882781,-6.74999999999895,
-17.9031537460901));
#10429=CARTESIAN_POINT('Ctrl Pts',(-0.1338595083285,-6.75,-17.9003946230032));
#10430=CARTESIAN_POINT('Ctrl Pts',(-0.0304951896436234,-6.75,-17.8940100179501));
#10431=CARTESIAN_POINT('Ctrl Pts',(0.0161206513301553,-6.75,-17.8906260550218));
#10432=CARTESIAN_POINT('Ctrl Pts',(0.117561511433367,-6.75,-17.8821706971488));
#10433=CARTESIAN_POINT('Ctrl Pts',(0.172347655686529,-6.75000000000014,
-17.8769085228365));
#10434=CARTESIAN_POINT('Ctrl Pts',(0.32101147525286,-6.75000000000014,-17.8607603658732));
#10435=CARTESIAN_POINT('Ctrl Pts',(0.414666631975857,-6.74999999999694,
-17.8485578424638));
#10436=CARTESIAN_POINT('Ctrl Pts',(0.851753381099168,-6.74999999999694,
-17.7823585874137));
#10437=CARTESIAN_POINT('Ctrl Pts',(1.18934492851793,-6.74999999999999,-17.7043948897521));
#10438=CARTESIAN_POINT('Ctrl Pts',(1.80559487773871,-6.74999999999999,-17.5199690820718));
#10439=CARTESIAN_POINT('Ctrl Pts',(2.08428066491874,-6.74999999999999,-17.4198399315198));
#10440=CARTESIAN_POINT('Ctrl Pts',(2.35796522451295,-6.74999999999999,-17.3078494082495));
#10441=CARTESIAN_POINT('Ctrl Pts',(-3.10563757295398,-6.44030397306442,
-17.6984744082495));
#10442=CARTESIAN_POINT('Ctrl Pts',(-4.54859279590697,-5.74448340694901,
-17.8099081316002));
#10443=CARTESIAN_POINT('Ctrl Pts',(-5.74448340694904,-4.54859279590694,
-17.9213418549509));
#10444=CARTESIAN_POINT('Ctrl Pts',(-6.44030397306444,-3.10563757295394,
-18.0327755783016));
#10445=CARTESIAN_POINT('Ctrl Pts',(-3.04770310173198,-6.3201625861757,-17.8374124217363));
#10446=CARTESIAN_POINT('Ctrl Pts',(-4.4637405514822,-5.63732228437521,-17.948846145087));
#10447=CARTESIAN_POINT('Ctrl Pts',(-5.63732228437524,-4.46374055148217,
-18.0602798684377));
#10448=CARTESIAN_POINT('Ctrl Pts',(-6.32016258617572,-3.04770310173195,
-18.1717135917884));
#10449=CARTESIAN_POINT('Ctrl Pts',(-2.98976863050999,-6.20002119928698,
-17.9763504352232));
#10450=CARTESIAN_POINT('Ctrl Pts',(-4.37888830705743,-5.53016116180141,
-18.0877841585739));
#10451=CARTESIAN_POINT('Ctrl Pts',(-5.53016116180144,-4.3788883070574,-18.1992178819246));
#10452=CARTESIAN_POINT('Ctrl Pts',(-6.200021199287,-2.98976863050995,-18.3106516052753));
#10453=CARTESIAN_POINT('Ctrl Pts',(-2.93183415928799,-6.07987981239827,
-18.11528844871));
#10454=CARTESIAN_POINT('Ctrl Pts',(-4.29403606263265,-5.42300003922762,
-18.2267221720607));
#10455=CARTESIAN_POINT('Ctrl Pts',(-5.42300003922764,-4.29403606263263,
-18.3381558954114));
#10456=CARTESIAN_POINT('Ctrl Pts',(-6.07987981239828,-2.93183415928796,
-18.4495896187621));
#10457=CARTESIAN_POINT('Ctrl Pts',(-6.44030397306443,-3.10563757295397,
-18.0327755783016));
#10458=CARTESIAN_POINT('Ctrl Pts',(-6.17685674830376,-3.36908479771464,
-18.1362970072219));
#10459=CARTESIAN_POINT('Ctrl Pts',(-5.90980834459482,-3.63613320142356,
-18.212937175911));
#10460=CARTESIAN_POINT('Ctrl Pts',(-5.48265878480533,-4.06328276121305,
-18.2820581697534));
#10461=CARTESIAN_POINT('Ctrl Pts',(-5.32705332649825,-4.21888821952014,
-18.296324767769));
#10462=CARTESIAN_POINT('Ctrl Pts',(-5.09639619366978,-4.44954535234861,
-18.3006714916068));
#10463=CARTESIAN_POINT('Ctrl Pts',(-5.02215021266669,-4.52379133335022,
-18.2995117946042));
#10464=CARTESIAN_POINT('Ctrl Pts',(-4.90774356330963,-4.63819798270728,
-18.2937787460901));
#10465=CARTESIAN_POINT('Ctrl Pts',(-4.86762373907453,-4.67831780694386,
-18.2910196230032));
#10466=CARTESIAN_POINT('Ctrl Pts',(-4.79453412839989,-4.7514074176185,-18.2846350179501));
#10467=CARTESIAN_POINT('Ctrl Pts',(-4.76157175113671,-4.78436979488168,
-18.2812510550218));
#10468=CARTESIAN_POINT('Ctrl Pts',(-4.68984223106798,-4.8560993149504,-18.2727956971488));
#10469=CARTESIAN_POINT('Ctrl Pts',(-4.65110257695149,-4.89483896906711,
-18.2675335228365));
#10470=CARTESIAN_POINT('Ctrl Pts',(-4.54598138201944,-4.99996016399915,
-18.2513853658733));
#10471=CARTESIAN_POINT('Ctrl Pts',(-4.47975718560537,-5.06618436040868,
-18.2391828424639));
#10472=CARTESIAN_POINT('Ctrl Pts',(-4.17069018133318,-5.37525136468088,
-18.1729835874137));
#10473=CARTESIAN_POINT('Ctrl Pts',(-3.93197690888425,-5.61396463713413,
-18.0950198897521));
#10474=CARTESIAN_POINT('Ctrl Pts',(-3.4962223908847,-6.04971915513368,-17.9105940820719));
#10475=CARTESIAN_POINT('Ctrl Pts',(-3.29916178094976,-6.24677976506864,
-17.8104649315202));
#10476=CARTESIAN_POINT('Ctrl Pts',(-3.10563757295399,-6.44030397306441,
-17.6984744082495));
#10477=CARTESIAN_POINT('Ctrl Pts',(-6.74999999999998,-2.35796522451309,
-18.0890994082495));
#10478=CARTESIAN_POINT('Ctrl Pts',(-6.79546250475606,-2.22782254729574,
-18.0986886908358));
#10479=CARTESIAN_POINT('Ctrl Pts',(-6.83716014838218,-2.09636472522301,
-18.108277973422));
#10480=CARTESIAN_POINT('Ctrl Pts',(-6.87502321397897,-1.96381155085284,
-18.1178672560083));
#10481=CARTESIAN_POINT('Ctrl Pts',(-6.72350797163313,-2.34871081242186,
-18.1183305816064));
#10482=CARTESIAN_POINT('Ctrl Pts',(-6.76879204765357,-2.21907891201882,
-18.1279198641927));
#10483=CARTESIAN_POINT('Ctrl Pts',(-6.81032603866372,-2.08813702836852,
-18.137509146779));
#10484=CARTESIAN_POINT('Ctrl Pts',(-6.84804050138528,-1.95610409139916,
-18.1470984293653));
#10485=CARTESIAN_POINT('Ctrl Pts',(-6.69701594326629,-2.33945640033062,
-18.1475617549634));
#10486=CARTESIAN_POINT('Ctrl Pts',(-6.74212159055108,-2.21033527674189,
-18.1571510375497));
#10487=CARTESIAN_POINT('Ctrl Pts',(-6.78349192894526,-2.07990933151402,
-18.1667403201359));
#10488=CARTESIAN_POINT('Ctrl Pts',(-6.82105778879158,-1.94839663194548,
-18.1763296027222));
#10489=CARTESIAN_POINT('Ctrl Pts',(-6.67052391489945,-2.33020198823939,
-18.1767929283203));
#10490=CARTESIAN_POINT('Ctrl Pts',(-6.71545113344858,-2.20159164146496,
-18.1863822109066));
#10491=CARTESIAN_POINT('Ctrl Pts',(-6.7566578192268,-2.07168163465952,-18.1959714934929));
#10492=CARTESIAN_POINT('Ctrl Pts',(-6.79407507619789,-1.9406891724918,-18.2055607760791));
#10493=CARTESIAN_POINT('Ctrl Pts',(-6.74999984403071,-2.08883468763091,
-18.1946809295122));
#10494=CARTESIAN_POINT('Ctrl Pts',(-6.75000028476956,-2.17906438570489,
-18.1608274440261));
#10495=CARTESIAN_POINT('Ctrl Pts',(-6.74999999999998,-2.26878130211041,
-18.1255930787437));
#10496=CARTESIAN_POINT('Ctrl Pts',(-6.74999999999998,-2.35796522451309,
-18.0890994082495));
#10497=CARTESIAN_POINT('Ctrl Pts',(6.87502321397925,-1.96381155085189,-16.8321327305427));
#10498=CARTESIAN_POINT('Ctrl Pts',(6.83716014838237,-2.09636472522242,-16.841722013129));
#10499=CARTESIAN_POINT('Ctrl Pts',(6.79546250475622,-2.22782254729527,-16.8513112957153));
#10500=CARTESIAN_POINT('Ctrl Pts',(6.75000000000002,-2.35796522451297,-16.8609005783016));
#10501=CARTESIAN_POINT('Ctrl Pts',(6.8480405029531,-1.95610409184598,-16.8613639022014));
#10502=CARTESIAN_POINT('Ctrl Pts',(6.81032604022283,-2.08813702884591,-16.8709531847877));
#10503=CARTESIAN_POINT('Ctrl Pts',(6.76879204920315,-2.2190789125263,-16.880542467374));
#10504=CARTESIAN_POINT('Ctrl Pts',(6.72350797317223,-2.34871081295937,-16.8901317499604));
#10505=CARTESIAN_POINT('Ctrl Pts',(6.82105779192696,-1.94839663284006,-16.8905950738602));
#10506=CARTESIAN_POINT('Ctrl Pts',(6.78349193206329,-2.07990933246941,-16.9001843564465));
#10507=CARTESIAN_POINT('Ctrl Pts',(6.74212159365007,-2.21033527775734,-16.9097736390328));
#10508=CARTESIAN_POINT('Ctrl Pts',(6.69701594634443,-2.33945640140577,-16.9193629216191));
#10509=CARTESIAN_POINT('Ctrl Pts',(6.79407508090082,-1.94068917383415,-16.919826245519));
#10510=CARTESIAN_POINT('Ctrl Pts',(6.75665782390376,-2.0716816360929,-16.9294155281053));
#10511=CARTESIAN_POINT('Ctrl Pts',(6.71545113809699,-2.20159164298837,-16.9390048106916));
#10512=CARTESIAN_POINT('Ctrl Pts',(6.67052391951663,-2.33020198985217,-16.9485940932779));
#10513=CARTESIAN_POINT('',(6.75,-2.08883476483183,-16.9307060779659));
#10514=CARTESIAN_POINT('Ctrl Pts',(6.75000000000002,-2.35796522451297,-16.8609005783016));
#10515=CARTESIAN_POINT('Ctrl Pts',(6.75000000000002,-2.26864577506208,-16.8857186291323));
#10516=CARTESIAN_POINT('Ctrl Pts',(6.75000003067751,-2.17893779934307,-16.9090179874533));
#10517=CARTESIAN_POINT('Ctrl Pts',(6.74999982622341,-2.08883470998031,-16.9307060779659));
#10518=CARTESIAN_POINT('Ctrl Pts',(6.74999982619332,-2.08883470997836,-16.930706077997));
#10519=CARTESIAN_POINT('Ctrl Pts',(6.79188688304991,-2.0469430968758,-16.8982356515259));
#10520=CARTESIAN_POINT('Ctrl Pts',(6.83356354339378,-2.00527122143806,-16.8653624029327));
#10521=CARTESIAN_POINT('Ctrl Pts',(6.87502321397896,-1.96381155085287,-16.8321327305427));
#10522=CARTESIAN_POINT('Ctrl Pts',(3.10563757295391,6.44030397306445,-19.2609744082495));
#10523=CARTESIAN_POINT('Ctrl Pts',(4.54859279590693,5.74448340694905,-19.3724081316002));
#10524=CARTESIAN_POINT('Ctrl Pts',(5.74448340694907,4.5485927959069,-19.4838418549509));
#10525=CARTESIAN_POINT('Ctrl Pts',(6.44030397306447,3.10563757295387,-19.5952755783016));
#10526=CARTESIAN_POINT('Ctrl Pts',(3.04770310173191,6.32016258617574,-19.3999124217363));
#10527=CARTESIAN_POINT('Ctrl Pts',(4.46374055148216,5.63732228437525,-19.511346145087));
#10528=CARTESIAN_POINT('Ctrl Pts',(5.63732228437527,4.46374055148213,-19.6227798684377));
#10529=CARTESIAN_POINT('Ctrl Pts',(6.32016258617575,3.04770310173188,-19.7342135917884));
#10530=CARTESIAN_POINT('Ctrl Pts',(2.98976863050992,6.20002119928702,-19.5388504352232));
#10531=CARTESIAN_POINT('Ctrl Pts',(4.37888830705739,5.53016116180145,-19.6502841585739));
#10532=CARTESIAN_POINT('Ctrl Pts',(5.53016116180147,4.37888830705736,-19.7617178819246));
#10533=CARTESIAN_POINT('Ctrl Pts',(6.20002119928703,2.98976863050989,-19.8731516052753));
#10534=CARTESIAN_POINT('Ctrl Pts',(2.93183415928792,6.0798798123983,-19.67778844871));
#10535=CARTESIAN_POINT('Ctrl Pts',(4.29403606263261,5.42300003922765,-19.7892221720607));
#10536=CARTESIAN_POINT('Ctrl Pts',(5.42300003922767,4.29403606263259,-19.9006558954114));
#10537=CARTESIAN_POINT('Ctrl Pts',(6.07987981239831,2.9318341592879,-20.0120896187621));
#10538=CARTESIAN_POINT('Ctrl Pts',(6.44030397306448,3.10563757295392,-19.5952755783016));
#10539=CARTESIAN_POINT('Ctrl Pts',(6.1768567483041,3.3690847977143,-19.6987970072217));
#10540=CARTESIAN_POINT('Ctrl Pts',(5.90980834459551,3.63613320142285,-19.7754371759108));
#10541=CARTESIAN_POINT('Ctrl Pts',(5.48265878480587,4.06328276121249,-19.8445581697534));
#10542=CARTESIAN_POINT('Ctrl Pts',(5.32705332649874,4.21888821951967,-19.858824767769));
#10543=CARTESIAN_POINT('Ctrl Pts',(5.09639619367034,4.44954535234807,-19.8631714916068));
#10544=CARTESIAN_POINT('Ctrl Pts',(5.02215021266705,4.52379133334985,-19.8620117946042));
#10545=CARTESIAN_POINT('Ctrl Pts',(4.90774356330959,4.63819798270732,-19.8562787460901));
#10546=CARTESIAN_POINT('Ctrl Pts',(4.86762373907426,4.67831780694413,-19.8535196230032));
#10547=CARTESIAN_POINT('Ctrl Pts',(4.79453412840008,4.75140741761831,-19.8471350179501));
#10548=CARTESIAN_POINT('Ctrl Pts',(4.76157175113698,4.78436979488141,-19.8437510550218));
#10549=CARTESIAN_POINT('Ctrl Pts',(4.6898422310683,4.85609931495009,-19.8352956971489));
#10550=CARTESIAN_POINT('Ctrl Pts',(4.65110257695204,4.89483896906655,-19.8300335228366));
#10551=CARTESIAN_POINT('Ctrl Pts',(4.54598138201937,4.99996016399922,-19.8138853658733));
#10552=CARTESIAN_POINT('Ctrl Pts',(4.47975718560518,5.06618436040888,-19.8016828424638));
#10553=CARTESIAN_POINT('Ctrl Pts',(4.17069018133317,5.37525136468089,-19.7354835874137));
#10554=CARTESIAN_POINT('Ctrl Pts',(3.93197690888422,5.61396463713417,-19.6575198897521));
#10555=CARTESIAN_POINT('Ctrl Pts',(3.49622239088491,6.04971915513349,-19.473094082072));
#10556=CARTESIAN_POINT('Ctrl Pts',(3.29916178095014,6.24677976506824,-19.3729649315204));
#10557=CARTESIAN_POINT('Ctrl Pts',(3.10563757295392,6.44030397306446,-19.2609744082495));
#10558=CARTESIAN_POINT('Ctrl Pts',(6.75000000000002,2.35796522451297,-19.6515994082495));
#10559=CARTESIAN_POINT('Ctrl Pts',(6.79546250475611,2.2278225472956,-19.6611886908358));
#10560=CARTESIAN_POINT('Ctrl Pts',(6.83716014838215,2.09636472522311,-19.670777973422));
#10561=CARTESIAN_POINT('Ctrl Pts',(6.87502321397895,1.96381155085291,-19.6803672560083));
#10562=CARTESIAN_POINT('Ctrl Pts',(6.72350797297224,2.34871081288951,-19.6808305801289));
#10563=CARTESIAN_POINT('Ctrl Pts',(6.7687920490017,2.21907891246063,-19.6904198627152));
#10564=CARTESIAN_POINT('Ctrl Pts',(6.81032604002005,2.08813702878449,-19.7000091453015));
#10565=CARTESIAN_POINT('Ctrl Pts',(6.84804050274913,1.95610409178882,-19.7095984278877));
#10566=CARTESIAN_POINT('Ctrl Pts',(6.69701594594447,2.33945640126606,-19.7100617520083));
#10567=CARTESIAN_POINT('Ctrl Pts',(6.7421215932473,2.21033527762566,-19.7196510345946));
#10568=CARTESIAN_POINT('Ctrl Pts',(6.78349193165795,2.07990933234587,-19.7292403171809));
#10569=CARTESIAN_POINT('Ctrl Pts',(6.8210577915193,1.94839663272472,-19.7388295997672));
#10570=CARTESIAN_POINT('Ctrl Pts',(6.67052391891669,2.3302019896426,-19.7392929238878));
#10571=CARTESIAN_POINT('Ctrl Pts',(6.71545113749289,2.20159164279069,-19.748882206474));
#10572=CARTESIAN_POINT('Ctrl Pts',(6.75665782329585,2.07168163590725,-19.7584714890603));
#10573=CARTESIAN_POINT('Ctrl Pts',(6.79407508028948,1.94068917366062,-19.7680607716466));
#10574=CARTESIAN_POINT('',(6.75,2.08883476483184,-19.7571809384766));
#10575=CARTESIAN_POINT('Ctrl Pts',(6.74999982622339,2.08883470998028,-19.7571809384767));
#10576=CARTESIAN_POINT('Ctrl Pts',(6.7500002728164,2.17906440036352,-19.7233274498323));
#10577=CARTESIAN_POINT('Ctrl Pts',(6.75,2.26878129246592,-19.6880930826901));
#10578=CARTESIAN_POINT('Ctrl Pts',(6.75000000000002,2.35796522451297,-19.6515994082495));
#10579=CARTESIAN_POINT('Ctrl Pts',(6.87502321397894,1.96381155085291,-19.6803672560083));
#10580=CARTESIAN_POINT('Ctrl Pts',(6.83352285230627,2.00531191252558,-19.7064922254505));
#10581=CARTESIAN_POINT('Ctrl Pts',(6.79184750181751,2.0469872630143,-19.7321095675776));
#10582=CARTESIAN_POINT('Ctrl Pts',(6.75000000000001,2.08883476483181,-19.7571809384766));
#10583=CARTESIAN_POINT('Ctrl Pts',(-6.87502321397903,1.96381155085264,-18.3946327305427));
#10584=CARTESIAN_POINT('Ctrl Pts',(-6.83716014838221,2.09636472522292,-18.404222013129));
#10585=CARTESIAN_POINT('Ctrl Pts',(-6.79546250475611,2.22782254729559,-18.4138112957153));
#10586=CARTESIAN_POINT('Ctrl Pts',(-6.75,2.35796522451304,-18.4234005783016));
#10587=CARTESIAN_POINT('Ctrl Pts',(-6.84804050295289,1.95610409184673,-18.4238639022015));
#10588=CARTESIAN_POINT('Ctrl Pts',(-6.81032604022267,2.08813702884641,-18.4334531847878));
#10589=CARTESIAN_POINT('Ctrl Pts',(-6.76879204920303,2.21907891252663,-18.4430424673741));
#10590=CARTESIAN_POINT('Ctrl Pts',(-6.7235079731722,2.34871081295944,-18.4526317499603));
#10591=CARTESIAN_POINT('Ctrl Pts',(-6.82105779192675,1.94839663284081,-18.4530950738603));
#10592=CARTESIAN_POINT('Ctrl Pts',(-6.78349193206314,2.0799093324699,-18.4626843564466));
#10593=CARTESIAN_POINT('Ctrl Pts',(-6.74212159364996,2.21033527775766,-18.4722736390328));
#10594=CARTESIAN_POINT('Ctrl Pts',(-6.69701594634441,2.33945640140584,-18.4818629216191));
#10595=CARTESIAN_POINT('Ctrl Pts',(-6.79407508090061,1.9406891738349,-18.482326245519));
#10596=CARTESIAN_POINT('Ctrl Pts',(-6.7566578239036,2.07168163609339,-18.4919155281053));
#10597=CARTESIAN_POINT('Ctrl Pts',(-6.71545113809688,2.20159164298869,-18.5015048106916));
#10598=CARTESIAN_POINT('Ctrl Pts',(-6.67052391951661,2.33020198985224,-18.5110940932779));
#10599=CARTESIAN_POINT('Ctrl Pts',(-6.75,2.35796522451304,-18.4234005783016));
#10600=CARTESIAN_POINT('Ctrl Pts',(-6.75,2.26864577506188,-18.4482186291324));
#10601=CARTESIAN_POINT('Ctrl Pts',(-6.7500000306775,2.17893779934291,-18.4715179874534));
#10602=CARTESIAN_POINT('Ctrl Pts',(-6.74999982622342,2.0888347099803,-18.4932060779659));
#10603=CARTESIAN_POINT('Ctrl Pts',(-6.44030397306441,3.10563757295399,-18.4797244082495));
#10604=CARTESIAN_POINT('Ctrl Pts',(-5.74448340694902,4.54859279590694,-18.5911581316002));
#10605=CARTESIAN_POINT('Ctrl Pts',(-4.54859279590702,5.74448340694896,-18.7025918549509));
#10606=CARTESIAN_POINT('Ctrl Pts',(-3.10563757295407,6.44030397306437,-18.8140255783016));
#10607=CARTESIAN_POINT('Ctrl Pts',(-6.32016258617569,3.04770310173199,-18.6186624217363));
#10608=CARTESIAN_POINT('Ctrl Pts',(-5.63732228437522,4.46374055148217,-18.730096145087));
#10609=CARTESIAN_POINT('Ctrl Pts',(-4.46374055148224,5.63732228437517,-18.8415298684377));
#10610=CARTESIAN_POINT('Ctrl Pts',(-3.04770310173207,6.32016258617566,-18.9529635917884));
#10611=CARTESIAN_POINT('Ctrl Pts',(-6.20002119928698,2.98976863050999,-18.7576004352232));
#10612=CARTESIAN_POINT('Ctrl Pts',(-5.53016116180142,4.3788883070574,-18.8690341585739));
#10613=CARTESIAN_POINT('Ctrl Pts',(-4.37888830705747,5.53016116180137,-18.9804678819246));
#10614=CARTESIAN_POINT('Ctrl Pts',(-2.98976863051007,6.20002119928694,-19.0919016052753));
#10615=CARTESIAN_POINT('Ctrl Pts',(-6.07987981239826,2.931834159288,-18.89653844871));
#10616=CARTESIAN_POINT('Ctrl Pts',(-5.42300003922762,4.29403606263262,-19.0079721720607));
#10617=CARTESIAN_POINT('Ctrl Pts',(-4.29403606263269,5.42300003922757,-19.1194058954114));
#10618=CARTESIAN_POINT('Ctrl Pts',(-2.93183415928808,6.07987981239822,-19.2308396187621));
#10619=CARTESIAN_POINT('Ctrl Pts',(-3.10563757295404,6.44030397306435,-18.8140255783016));
#10620=CARTESIAN_POINT('Ctrl Pts',(-3.36908479771426,6.17685674830414,-18.9175470072217));
#10621=CARTESIAN_POINT('Ctrl Pts',(-3.6361332014232,5.90980834459521,-18.9941871759109));
#10622=CARTESIAN_POINT('Ctrl Pts',(-4.06328276121254,5.48265878480587,-19.0633081697533));
#10623=CARTESIAN_POINT('Ctrl Pts',(-4.21888821951977,5.32705332649862,-19.077574767769));
#10624=CARTESIAN_POINT('Ctrl Pts',(-4.44954535234841,5.09639619366998,-19.0819214916068));
#10625=CARTESIAN_POINT('Ctrl Pts',(-4.52379133335008,5.02215021266683,-19.0807617946042));
#10626=CARTESIAN_POINT('Ctrl Pts',(-4.63819798270728,4.90774356330963,-19.0750287460901));
#10627=CARTESIAN_POINT('Ctrl Pts',(-4.67831780694393,4.86762373907446,-19.0722696230032));
#10628=CARTESIAN_POINT('Ctrl Pts',(-4.75140741761819,4.7945341284002,-19.0658850179501));
#10629=CARTESIAN_POINT('Ctrl Pts',(-4.78436979488113,4.76157175113726,-19.0625010550219));
#10630=CARTESIAN_POINT('Ctrl Pts',(-4.85609931495048,4.68984223106791,-19.0540456971488));
#10631=CARTESIAN_POINT('Ctrl Pts',(-4.89483896906726,4.65110257695134,-19.0487835228365));
#10632=CARTESIAN_POINT('Ctrl Pts',(-4.99996016399926,4.54598138201934,-19.0326353658732));
#10633=CARTESIAN_POINT('Ctrl Pts',(-5.06618436040895,4.47975718560513,-19.0204328424638));
#10634=CARTESIAN_POINT('Ctrl Pts',(-5.3752513646808,4.17069018133328,-18.9542335874137));
#10635=CARTESIAN_POINT('Ctrl Pts',(-5.61396463713407,3.93197690888433,-18.8762698897521));
#10636=CARTESIAN_POINT('Ctrl Pts',(-6.04971915513363,3.49622239088477,-18.6918440820719));
#10637=CARTESIAN_POINT('Ctrl Pts',(-6.24677976506858,3.29916178094981,-18.5917149315202));
#10638=CARTESIAN_POINT('Ctrl Pts',(-6.44030397306442,3.10563757295397,-18.4797244082495));
#10639=CARTESIAN_POINT('Ctrl Pts',(-2.35796522451303,6.75,-18.8703494082495));
#10640=CARTESIAN_POINT('Ctrl Pts',(-0.845622360625178,7.27830398230934,
-18.9817831316002));
#10641=CARTESIAN_POINT('Ctrl Pts',(0.84562236062515,7.27830398230934,-19.0932168549509));
#10642=CARTESIAN_POINT('Ctrl Pts',(2.35796522451301,6.75000000000001,-19.2046505783016));
#10643=CARTESIAN_POINT('Ctrl Pts',(-2.3139782926084,6.6240813531643,-19.0092874217363));
#10644=CARTESIAN_POINT('Ctrl Pts',(-0.829847601605338,7.14253002842618,
-19.120721145087));
#10645=CARTESIAN_POINT('Ctrl Pts',(0.82984760160531,7.14253002842619,-19.2321548684377));
#10646=CARTESIAN_POINT('Ctrl Pts',(2.31397829260837,6.62408135316431,-19.3435885917884));
#10647=CARTESIAN_POINT('Ctrl Pts',(-2.26999136070376,6.49816270632861,-19.1482254352232));
#10648=CARTESIAN_POINT('Ctrl Pts',(-0.814072842585494,7.00675607454304,
-19.2596591585739));
#10649=CARTESIAN_POINT('Ctrl Pts',(0.814072842585467,7.00675607454304,-19.3710928819246));
#10650=CARTESIAN_POINT('Ctrl Pts',(2.26999136070373,6.49816270632861,-19.4825266052753));
#10651=CARTESIAN_POINT('Ctrl Pts',(-2.22600442879912,6.37224405949291,-19.28716344871));
#10652=CARTESIAN_POINT('Ctrl Pts',(-0.798298083565653,6.87098212065989,
-19.3985971720607));
#10653=CARTESIAN_POINT('Ctrl Pts',(0.798298083565627,6.87098212065989,-19.5100308954114));
#10654=CARTESIAN_POINT('Ctrl Pts',(2.22600442879909,6.37224405949292,-19.6214646187621));
#10655=CARTESIAN_POINT('Ctrl Pts',(2.35796522451301,6.75,-19.2046505783016));
#10656=CARTESIAN_POINT('Ctrl Pts',(1.98539458628788,6.75,-19.3081720072216));
#10657=CARTESIAN_POINT('Ctrl Pts',(1.60773111195318,6.74999999999999,-19.3848121759107));
#10658=CARTESIAN_POINT('Ctrl Pts',(1.0036504113374,6.74999999999999,-19.4539331697533));
#10659=CARTESIAN_POINT('Ctrl Pts',(0.783591061819825,6.74999999999999,-19.468199767769));
#10660=CARTESIAN_POINT('Ctrl Pts',(0.457392616314987,6.74999999999999,-19.4725464916069));
#10661=CARTESIAN_POINT('Ctrl Pts',(0.352392943029646,6.74999999999895,-19.4713867946042));
#10662=CARTESIAN_POINT('Ctrl Pts',(0.19059750788307,6.74999999999895,-19.4656537460901));
#10663=CARTESIAN_POINT('Ctrl Pts',(0.133859508328671,6.75,-19.4628946230032));
#10664=CARTESIAN_POINT('Ctrl Pts',(0.0304951896440625,6.75,-19.4565100179501));
#10665=CARTESIAN_POINT('Ctrl Pts',(-0.0161206513295383,6.75,-19.4531260550218));
#10666=CARTESIAN_POINT('Ctrl Pts',(-0.11756151143318,6.75,-19.4446706971489));
#10667=CARTESIAN_POINT('Ctrl Pts',(-0.17234765568632,6.75000000000014,-19.4394085228365));
#10668=CARTESIAN_POINT('Ctrl Pts',(-0.321011475252864,6.75000000000014,
-19.4232603658732));
#10669=CARTESIAN_POINT('Ctrl Pts',(-0.414666631975987,6.74999999999694,
-19.4110578424638));
#10670=CARTESIAN_POINT('Ctrl Pts',(-0.85175338109917,6.74999999999694,-19.3448585874137));
#10671=CARTESIAN_POINT('Ctrl Pts',(-1.18934492851791,6.75,-19.2668948897521));
#10672=CARTESIAN_POINT('Ctrl Pts',(-1.8055948777383,6.75,-19.0824690820719));
#10673=CARTESIAN_POINT('Ctrl Pts',(-2.0842806649178,6.75,-18.9823399315202));
#10674=CARTESIAN_POINT('Ctrl Pts',(-2.35796522451303,6.75,-18.8703494082495));
#10675=CARTESIAN_POINT('Ctrl Pts',(-2.93183417710066,-6.07987980380866,
-19.7816603725772));
#10676=CARTESIAN_POINT('Ctrl Pts',(-4.29403607258339,-5.4230000295102,-19.8930940954422));
#10677=CARTESIAN_POINT('Ctrl Pts',(-5.42300004209105,-4.29403605669485,
-20.0045278183072));
#10678=CARTESIAN_POINT('Ctrl Pts',(-6.07987981239847,-2.93183415928757,
-20.1159615411721));
#10679=CARTESIAN_POINT('Ctrl Pts',(-2.98976864867466,-6.20002119052768,
-19.9205983855527));
#10680=CARTESIAN_POINT('Ctrl Pts',(-4.37888831720482,-5.53016115189202,
-20.0320321084177));
#10681=CARTESIAN_POINT('Ctrl Pts',(-5.53016116472147,-4.37888830100232,
-20.1434658312827));
#10682=CARTESIAN_POINT('Ctrl Pts',(-6.20002119928723,-2.98976863050958,
-20.2548995541477));
#10683=CARTESIAN_POINT('Ctrl Pts',(-3.04770312024867,-6.3201625772467,-20.0595363985282));
#10684=CARTESIAN_POINT('Ctrl Pts',(-4.46374056182625,-5.63732227427383,
-20.1709701213932));
#10685=CARTESIAN_POINT('Ctrl Pts',(-5.63732228735189,-4.46374054530978,
-20.2824038442582));
#10686=CARTESIAN_POINT('Ctrl Pts',(-6.320162586176,-3.04770310173158,-20.3938375671232));
#10687=CARTESIAN_POINT('Ctrl Pts',(-3.10563759182267,-6.44030396396573,
-20.1984744115038));
#10688=CARTESIAN_POINT('Ctrl Pts',(-4.54859280644768,-5.74448339665565,
-20.3099081343688));
#10689=CARTESIAN_POINT('Ctrl Pts',(-5.74448340998231,-4.54859278961725,
-20.4213418572337));
#10690=CARTESIAN_POINT('Ctrl Pts',(-6.44030397306476,-3.10563757295359,
-20.5327755800987));
#10691=CARTESIAN_POINT('',(-3.10563759322195,-6.44030395882328,-20.1984744118435));
#10692=CARTESIAN_POINT('',(-6.44030397306389,-3.10563757295391,-20.5327755800976));
#10693=CARTESIAN_POINT('Ctrl Pts',(-3.1056375886441,-6.44030395737429,-20.198474403881));
#10694=CARTESIAN_POINT('Ctrl Pts',(-3.36908481364431,-6.17685673237408,
-20.0949529764612));
#10695=CARTESIAN_POINT('Ctrl Pts',(-3.63613320145437,-5.90980834456401,
-20.0183128132813));
#10696=CARTESIAN_POINT('Ctrl Pts',(-4.0632827612173,-5.48265878480109,-19.949191819856));
#10697=CARTESIAN_POINT('Ctrl Pts',(-4.2188882195246,-5.32705332649379,-19.9349252219524));
#10698=CARTESIAN_POINT('Ctrl Pts',(-4.4495453523481,-5.09639619367029,-19.9305784982185));
#10699=CARTESIAN_POINT('Ctrl Pts',(-4.52379133334996,-5.02215021266694,
-19.9317381952452));
#10700=CARTESIAN_POINT('Ctrl Pts',(-4.63819798270713,-4.90774356330977,
-19.9374712437821));
#10701=CARTESIAN_POINT('Ctrl Pts',(-4.67831780694396,-4.86762373907443,
-19.9402303668742));
#10702=CARTESIAN_POINT('Ctrl Pts',(-4.75140741761823,-4.79453412840016,
-19.9466149719318));
#10703=CARTESIAN_POINT('Ctrl Pts',(-4.78436979488141,-4.76157175113698,
-19.9499989348603));
#10704=CARTESIAN_POINT('Ctrl Pts',(-4.85609931494984,-4.68984223106855,
-19.9584542927296));
#10705=CARTESIAN_POINT('Ctrl Pts',(-4.89483896906626,-4.65110257695233,
-19.9637164670374));
#10706=CARTESIAN_POINT('Ctrl Pts',(-4.99996016399851,-4.54598138202009,
-19.9798646239815));
#10707=CARTESIAN_POINT('Ctrl Pts',(-5.06618436040832,-4.47975718560574,
-19.9920671473713));
#10708=CARTESIAN_POINT('Ctrl Pts',(-5.37525136465863,-4.17069018135544,
-20.058266402291));
#10709=CARTESIAN_POINT('Ctrl Pts',(-5.6139646371106,-3.93197690890778,-20.1362300997504));
#10710=CARTESIAN_POINT('Ctrl Pts',(-6.04971915511334,-3.49622239090504,
-20.3206559069122));
#10711=CARTESIAN_POINT('Ctrl Pts',(-6.24677976504686,-3.29916178097153,
-20.4207850571613));
#10712=CARTESIAN_POINT('Ctrl Pts',(-6.44030397306477,-3.10563757295362,
-20.5327755800988));
#10713=CARTESIAN_POINT('Ctrl Pts',(-3.10563759623545,-6.44030396183665,
-20.1984744118435));
#10714=CARTESIAN_POINT('Ctrl Pts',(-4.54859280888532,-5.74448339421647,
-20.3099081345949));
#10715=CARTESIAN_POINT('Ctrl Pts',(-5.7444834106907,-4.54859278814567,-20.4213418573463));
#10716=CARTESIAN_POINT('Ctrl Pts',(-6.44030397306368,-3.10563757295343,
-20.5327755800976));
#10717=CARTESIAN_POINT('Ctrl Pts',(2.22600442879945,-6.37224405949278,-19.39103537112));
#10718=CARTESIAN_POINT('Ctrl Pts',(0.798298083565695,-6.87098212065995,
-19.5024690944707));
#10719=CARTESIAN_POINT('Ctrl Pts',(-0.798298083565963,-6.87098212065992,
-19.6139028178214));
#10720=CARTESIAN_POINT('Ctrl Pts',(-2.2260044287997,-6.3722440594927,-19.7253365411722));
#10721=CARTESIAN_POINT('Ctrl Pts',(2.26999136070412,-6.49816270632852,-19.5299733840955));
#10722=CARTESIAN_POINT('Ctrl Pts',(0.814072842585545,-7.00675607454315,
-19.6414071074462));
#10723=CARTESIAN_POINT('Ctrl Pts',(-0.814072842585819,-7.00675607454312,
-19.752840830797));
#10724=CARTESIAN_POINT('Ctrl Pts',(-2.26999136070437,-6.49816270632844,
-19.8642745541477));
#10725=CARTESIAN_POINT('Ctrl Pts',(2.31397829260878,-6.62408135316427,-19.6689113970711));
#10726=CARTESIAN_POINT('Ctrl Pts',(0.82984760160539,-7.14253002842635,-19.7803451204218));
#10727=CARTESIAN_POINT('Ctrl Pts',(-0.829847601605668,-7.14253002842632,
-19.8917788437725));
#10728=CARTESIAN_POINT('Ctrl Pts',(-2.31397829260904,-6.62408135316418,
-20.0032125671232));
#10729=CARTESIAN_POINT('Ctrl Pts',(2.35796522451344,-6.75000000000001,-19.8078494100466));
#10730=CARTESIAN_POINT('Ctrl Pts',(0.84562236062524,-7.27830398230955,-19.9192831333973));
#10731=CARTESIAN_POINT('Ctrl Pts',(-0.845622360625524,-7.27830398230952,
-20.030716856748));
#10732=CARTESIAN_POINT('Ctrl Pts',(-2.3579652245137,-6.74999999999991,-20.1421505800988));
#10733=CARTESIAN_POINT('',(2.35796521665498,-6.75000000137205,-19.8078494106245));
#10734=CARTESIAN_POINT('',(-2.35796522451322,-6.74999999999949,-20.1421505800977));
#10735=CARTESIAN_POINT('Ctrl Pts',(2.35796522451344,-6.75,-19.8078494100466));
#10736=CARTESIAN_POINT('Ctrl Pts',(1.98539458623875,-6.75,-19.7043279815838));
#10737=CARTESIAN_POINT('Ctrl Pts',(1.60773111190862,-6.75000000000001,-19.6276878132815));
#10738=CARTESIAN_POINT('Ctrl Pts',(1.00365041133056,-6.75000000000001,-19.5585668198561));
#10739=CARTESIAN_POINT('Ctrl Pts',(0.783591061812819,-6.75,-19.5443002219525));
#10740=CARTESIAN_POINT('Ctrl Pts',(0.457392616315398,-6.75,-19.5399534982185));
#10741=CARTESIAN_POINT('Ctrl Pts',(0.352392943029757,-6.74999999999895,
-19.5411131952452));
#10742=CARTESIAN_POINT('Ctrl Pts',(0.190597507883244,-6.74999999999895,
-19.5468462437821));
#10743=CARTESIAN_POINT('Ctrl Pts',(0.133859508328664,-6.75,-19.5496053668742));
#10744=CARTESIAN_POINT('Ctrl Pts',(0.0304951896443327,-6.75,-19.5559899719318));
#10745=CARTESIAN_POINT('Ctrl Pts',(-0.0161206513292742,-6.75,-19.5593739348603));
#10746=CARTESIAN_POINT('Ctrl Pts',(-0.11756151143287,-6.75,-19.5678292927296));
#10747=CARTESIAN_POINT('Ctrl Pts',(-0.172347655685999,-6.75000000000014,
-19.5730914670374));
#10748=CARTESIAN_POINT('Ctrl Pts',(-0.321011475251554,-6.75000000000014,
-19.5892396239814));
#10749=CARTESIAN_POINT('Ctrl Pts',(-0.414666631974705,-6.74999999999694,
-19.6014421473713));
#10750=CARTESIAN_POINT('Ctrl Pts',(-0.851753381067849,-6.74999999999694,
-19.667641402291));
#10751=CARTESIAN_POINT('Ctrl Pts',(-1.18934492848496,-6.75,-19.7456050997504));
#10752=CARTESIAN_POINT('Ctrl Pts',(-1.8055948777093,-6.75,-19.9300309069121));
#10753=CARTESIAN_POINT('Ctrl Pts',(-2.0842806648864,-6.75,-20.030160057161));
#10754=CARTESIAN_POINT('Ctrl Pts',(-2.35796522451357,-6.75,-20.1421505800988));
#10755=CARTESIAN_POINT('Ctrl Pts',(2.35796521665499,-6.75000000274409,-19.8078494106245));
#10756=CARTESIAN_POINT('Ctrl Pts',(0.845622354766663,-7.2783039823085,-19.9192831337822));
#10757=CARTESIAN_POINT('Ctrl Pts',(-0.845622363244771,-7.27830398139345,
-20.03071685694));
#10758=CARTESIAN_POINT('Ctrl Pts',(-2.35796522451336,-6.74999999999894,
-20.1421505800977));
#10759=CARTESIAN_POINT('Ctrl Pts',(6.79407508028998,-1.94068917365889,-19.2444392170241));
#10760=CARTESIAN_POINT('Ctrl Pts',(6.7566578232962,-2.07168163590621,-19.2540284996104));
#10761=CARTESIAN_POINT('Ctrl Pts',(6.71545113749301,-2.2015916427904,-19.2636177821967));
#10762=CARTESIAN_POINT('Ctrl Pts',(6.67052391891657,-2.33020198964298,-19.2732070647831));
#10763=CARTESIAN_POINT('Ctrl Pts',(6.82105779151985,-1.94839663272299,-19.273670388796));
#10764=CARTESIAN_POINT('Ctrl Pts',(6.78349193165834,-2.07990933234484,-19.2832596713823));
#10765=CARTESIAN_POINT('Ctrl Pts',(6.74212159324746,-2.21033527762538,-19.2928489539686));
#10766=CARTESIAN_POINT('Ctrl Pts',(6.69701594594439,-2.33945640126645,-19.302438236555));
#10767=CARTESIAN_POINT('Ctrl Pts',(6.84804050274972,-1.95610409178709,-19.3029015605679));
#10768=CARTESIAN_POINT('Ctrl Pts',(6.81032604002048,-2.08813702878347,-19.3124908431542));
#10769=CARTESIAN_POINT('Ctrl Pts',(6.7687920490019,-2.21907891246036,-19.3220801257405));
#10770=CARTESIAN_POINT('Ctrl Pts',(6.7235079729722,-2.34871081288993,-19.3316694083268));
#10771=CARTESIAN_POINT('Ctrl Pts',(6.87502321397959,-1.96381155085119,-19.3321327323397));
#10772=CARTESIAN_POINT('Ctrl Pts',(6.83716014838262,-2.09636472522209,-19.3417220149261));
#10773=CARTESIAN_POINT('Ctrl Pts',(6.79546250475635,-2.22782254729535,-19.3513112975124));
#10774=CARTESIAN_POINT('Ctrl Pts',(6.75000000000002,-2.3579652245134,-19.3609005800987));
#10775=CARTESIAN_POINT('',(6.75,-2.08883476483185,-19.2553190501942));
#10776=CARTESIAN_POINT('',(6.75,-2.35796522451035,-19.3609005800975));
#10777=CARTESIAN_POINT('Ctrl Pts',(6.74999982622337,-2.08883470998035,-19.2553190501941));
#10778=CARTESIAN_POINT('Ctrl Pts',(6.75000027281639,-2.17906440036034,-19.289172538735));
#10779=CARTESIAN_POINT('Ctrl Pts',(6.75000000000001,-2.26878129246266,-19.3244069057694));
#10780=CARTESIAN_POINT('Ctrl Pts',(6.75000000000002,-2.3579652245134,-19.3609005800987));
#10781=CARTESIAN_POINT('',(6.87502321397918,-1.9638115508515,-19.3321327323387));
#10782=CARTESIAN_POINT('Ctrl Pts',(6.87502321397815,-1.96381155085088,-19.3321327323382));
#10783=CARTESIAN_POINT('Ctrl Pts',(6.83716014838145,-2.09636472522082,-19.3417220149245));
#10784=CARTESIAN_POINT('Ctrl Pts',(6.79546250475551,-2.22782254729313,-19.3513112975107));
#10785=CARTESIAN_POINT('Ctrl Pts',(6.74999999999956,-2.35796522451027,-19.360900580097));
#10786=CARTESIAN_POINT('Ctrl Pts',(6.87502321397918,-1.96381155085266,-19.3321327323399));
#10787=CARTESIAN_POINT('Ctrl Pts',(6.83352285230489,-2.00531191252695,-19.306007763006));
#10788=CARTESIAN_POINT('Ctrl Pts',(6.79184750181605,-2.0469872630158,-19.2803904209865));
#10789=CARTESIAN_POINT('Ctrl Pts',(6.74999999999999,-2.08883476483185,-19.2553190501942));
#10790=CARTESIAN_POINT('Ctrl Pts',(-6.67052390286724,-2.33020203751336,
-20.5014058918393));
#10791=CARTESIAN_POINT('Ctrl Pts',(-6.71545112791622,-2.20159167508378,
-20.5109951756101));
#10792=CARTESIAN_POINT('Ctrl Pts',(-6.75665781928149,-2.07168165227473,
-20.5205844593809));
#10793=CARTESIAN_POINT('Ctrl Pts',(-6.7940750809006,-1.94068917383495,-20.5301737431518));
#10794=CARTESIAN_POINT('Ctrl Pts',(-6.69701592962896,-2.33945644925626,
-20.5306370633905));
#10795=CARTESIAN_POINT('Ctrl Pts',(-6.74212158342891,-2.21033530998023,
-20.5402263471613));
#10796=CARTESIAN_POINT('Ctrl Pts',(-6.78349192742272,-2.07990934871552,
-20.5498156309322));
#10797=CARTESIAN_POINT('Ctrl Pts',(-6.82105779192678,-1.94839663284088,
-20.559404914703));
#10798=CARTESIAN_POINT('Ctrl Pts',(-6.72350795639067,-2.34871086099916,
-20.5598682349417));
#10799=CARTESIAN_POINT('Ctrl Pts',(-6.7687920389416,-2.21907894487668,-20.5694575187126));
#10800=CARTESIAN_POINT('Ctrl Pts',(-6.81032603556394,-2.08813704515631,
-20.5790468024834));
#10801=CARTESIAN_POINT('Ctrl Pts',(-6.84804050295297,-1.95610409184681,
-20.5886360862542));
#10802=CARTESIAN_POINT('Ctrl Pts',(-6.74999998315239,-2.35796527274207,
-20.589099406493));
#10803=CARTESIAN_POINT('Ctrl Pts',(-6.79546249445429,-2.22782257977312,
-20.5986886902638));
#10804=CARTESIAN_POINT('Ctrl Pts',(-6.83716014370517,-2.09636474159709,
-20.6082779740346));
#10805=CARTESIAN_POINT('Ctrl Pts',(-6.87502321397915,-1.96381155085273,
-20.6178672578055));
#10806=CARTESIAN_POINT('',(-6.7499999915757,-2.35796527274174,-20.5890994064919));
#10807=CARTESIAN_POINT('Ctrl Pts',(-6.74999999999999,-2.35796522451348,
-20.5890994100466));
#10808=CARTESIAN_POINT('Ctrl Pts',(-6.74999999999986,-2.26864577505881,
-20.5642813593278));
#10809=CARTESIAN_POINT('Ctrl Pts',(-6.75000003067737,-2.17893779933987,
-20.5409820011146));
#10810=CARTESIAN_POINT('Ctrl Pts',(-6.74999982622334,-2.08883470998032,
-20.5192939107049));
#10811=CARTESIAN_POINT('Ctrl Pts',(-6.7499999831514,-2.35796527274172,-20.5890994064919));
#10812=CARTESIAN_POINT('Ctrl Pts',(-6.79546249445313,-2.22782257977326,
-20.5986886902627));
#10813=CARTESIAN_POINT('Ctrl Pts',(-6.83716014370386,-2.09636474159772,
-20.6082779740335));
#10814=CARTESIAN_POINT('Ctrl Pts',(-6.87502321397773,-1.96381155085386,
-20.6178672578043));
#10815=CARTESIAN_POINT('Ctrl Pts',(-2.22600442879944,6.37224405949281,-20.95353537112));
#10816=CARTESIAN_POINT('Ctrl Pts',(-0.798298083565749,6.87098212065994,
-21.0649690944707));
#10817=CARTESIAN_POINT('Ctrl Pts',(0.798298083565771,6.87098212065994,-21.1764028178214));
#10818=CARTESIAN_POINT('Ctrl Pts',(2.22600442879946,6.3722440594928,-21.2878365411721));
#10819=CARTESIAN_POINT('Ctrl Pts',(-2.2699913607041,6.49816270632854,-21.0924733840955));
#10820=CARTESIAN_POINT('Ctrl Pts',(-0.814072842585596,7.00675607454314,
-21.2039071074462));
#10821=CARTESIAN_POINT('Ctrl Pts',(0.81407284258562,7.00675607454313,-21.315340830797));
#10822=CARTESIAN_POINT('Ctrl Pts',(2.26999136070412,6.49816270632853,-21.4267745541477));
#10823=CARTESIAN_POINT('Ctrl Pts',(-2.31397829260876,6.62408135316428,-21.2314113970711));
#10824=CARTESIAN_POINT('Ctrl Pts',(-0.829847601605448,7.14253002842633,
-21.3428451204218));
#10825=CARTESIAN_POINT('Ctrl Pts',(0.82984760160547,7.14253002842633,-21.4542788437725));
#10826=CARTESIAN_POINT('Ctrl Pts',(2.31397829260878,6.62408135316427,-21.5657125671232));
#10827=CARTESIAN_POINT('Ctrl Pts',(-2.35796522451342,6.75000000000002,-21.3703494100466));
#10828=CARTESIAN_POINT('Ctrl Pts',(-0.845622360625295,7.27830398230953,
-21.4817831333973));
#10829=CARTESIAN_POINT('Ctrl Pts',(0.845622360625319,7.27830398230952,-21.593216856748));
#10830=CARTESIAN_POINT('Ctrl Pts',(2.35796522451344,6.75000000000001,-21.7046505800987));
#10831=CARTESIAN_POINT('',(-2.35796522451036,6.75,-21.3703494100457));
#10832=CARTESIAN_POINT('',(2.35796522451152,6.74999999999979,-21.7046505800975));
#10833=CARTESIAN_POINT('Ctrl Pts',(-2.35796522451342,6.75,-21.3703494100466));
#10834=CARTESIAN_POINT('Ctrl Pts',(-1.98539458623846,6.75,-21.2668279815838));
#10835=CARTESIAN_POINT('Ctrl Pts',(-1.60773111190748,6.74999999999998,-21.1901878132812));
#10836=CARTESIAN_POINT('Ctrl Pts',(-1.00365041132853,6.74999999999998,-21.1210668198559));
#10837=CARTESIAN_POINT('Ctrl Pts',(-0.783591061811384,6.75,-21.1068002219524));
#10838=CARTESIAN_POINT('Ctrl Pts',(-0.457392616314608,6.75,-21.1024534982185));
#10839=CARTESIAN_POINT('Ctrl Pts',(-0.352392943029182,6.74999999999895,
-21.1036131952453));
#10840=CARTESIAN_POINT('Ctrl Pts',(-0.190597507883051,6.74999999999895,
-21.1093462437821));
#10841=CARTESIAN_POINT('Ctrl Pts',(-0.133859508328638,6.75,-21.1121053668742));
#10842=CARTESIAN_POINT('Ctrl Pts',(-0.0304951896435933,6.75,-21.1184899719319));
#10843=CARTESIAN_POINT('Ctrl Pts',(0.016120651330495,6.75,-21.1218739348604));
#10844=CARTESIAN_POINT('Ctrl Pts',(0.11756151143284,6.75,-21.1303292927296));
#10845=CARTESIAN_POINT('Ctrl Pts',(0.172347655685915,6.75000000000015,-21.1355914670374));
#10846=CARTESIAN_POINT('Ctrl Pts',(0.321011475251652,6.75000000000015,-21.1517396239815));
#10847=CARTESIAN_POINT('Ctrl Pts',(0.414666631974783,6.74999999999694,-21.1639421473713));
#10848=CARTESIAN_POINT('Ctrl Pts',(0.851753381067777,6.74999999999694,-21.230141402291));
#10849=CARTESIAN_POINT('Ctrl Pts',(1.18934492848477,6.75,-21.3081050997504));
#10850=CARTESIAN_POINT('Ctrl Pts',(1.80559487770976,6.75,-21.4925309069122));
#10851=CARTESIAN_POINT('Ctrl Pts',(2.0842806648876,6.75,-21.5926600571615));
#10852=CARTESIAN_POINT('Ctrl Pts',(2.35796522451346,6.75,-21.7046505800987));
#10853=CARTESIAN_POINT('Ctrl Pts',(-2.35796522451034,6.74999999999991,-21.3703494100456));
#10854=CARTESIAN_POINT('Ctrl Pts',(-0.845622360623603,7.27830398230823,
-21.4817831333962));
#10855=CARTESIAN_POINT('Ctrl Pts',(0.845622360625057,7.27830398230807,-21.5932168567469));
#10856=CARTESIAN_POINT('Ctrl Pts',(2.35796522451168,6.74999999999944,-21.7046505800975));
#10857=CARTESIAN_POINT('Ctrl Pts',(-6.07987981239843,2.93183415928766,-20.56291037112));
#10858=CARTESIAN_POINT('Ctrl Pts',(-5.42300003922775,4.29403606263258,-20.6743440944707));
#10859=CARTESIAN_POINT('Ctrl Pts',(-4.29403606263257,5.42300003922776,-20.7857778178214));
#10860=CARTESIAN_POINT('Ctrl Pts',(-2.93183415928765,6.07987981239844,-20.8972115411721));
#10861=CARTESIAN_POINT('Ctrl Pts',(-6.20002119928719,2.98976863050966,-20.7018483840955));
#10862=CARTESIAN_POINT('Ctrl Pts',(-5.53016116180159,4.37888830705737,-20.8132821074462));
#10863=CARTESIAN_POINT('Ctrl Pts',(-4.37888830705736,5.53016116180159,-20.924715830797));
#10864=CARTESIAN_POINT('Ctrl Pts',(-2.98976863050966,6.2000211992872,-21.0361495541477));
#10865=CARTESIAN_POINT('Ctrl Pts',(-6.32016258617596,3.04770310173167,-20.8407863970711));
#10866=CARTESIAN_POINT('Ctrl Pts',(-5.63732228437542,4.46374055148218,-20.9522201204218));
#10867=CARTESIAN_POINT('Ctrl Pts',(-4.46374055148217,5.63732228437543,-21.0636538437725));
#10868=CARTESIAN_POINT('Ctrl Pts',(-3.04770310173166,6.32016258617596,-21.1750875671232));
#10869=CARTESIAN_POINT('Ctrl Pts',(-6.44030397306472,3.10563757295368,-20.9797244100466));
#10870=CARTESIAN_POINT('Ctrl Pts',(-5.74448340694926,4.54859279590697,-21.0911581333973));
#10871=CARTESIAN_POINT('Ctrl Pts',(-4.54859279590696,5.74448340694927,-21.202591856748));
#10872=CARTESIAN_POINT('Ctrl Pts',(-3.10563757295367,6.44030397306472,-21.3140255800987));
#10873=CARTESIAN_POINT('',(-6.4403039730625,3.10563757295589,-20.9797244100457));
#10874=CARTESIAN_POINT('',(-3.10563757295461,6.44030397306341,-21.3140255800976));
#10875=CARTESIAN_POINT('Ctrl Pts',(-6.44030397306472,3.10563757295368,-20.9797244100466));
#10876=CARTESIAN_POINT('Ctrl Pts',(-6.17685674826984,3.36908479774855,-20.8762029815839));
#10877=CARTESIAN_POINT('Ctrl Pts',(-5.90980834456454,3.63613320145386,-20.7995628132815));
#10878=CARTESIAN_POINT('Ctrl Pts',(-5.48265878480178,4.06328276121662,-20.7304418198561));
#10879=CARTESIAN_POINT('Ctrl Pts',(-5.32705332649428,4.21888821952411,-20.7161752219525));
#10880=CARTESIAN_POINT('Ctrl Pts',(-5.09639619367022,4.44954535234817,-20.7118284982185));
#10881=CARTESIAN_POINT('Ctrl Pts',(-5.02215021266696,4.52379133334995,-20.7129881952453));
#10882=CARTESIAN_POINT('Ctrl Pts',(-4.90774356330995,4.63819798270695,-20.7187212437821));
#10883=CARTESIAN_POINT('Ctrl Pts',(-4.86762373907469,4.6783178069437,-20.7214803668742));
#10884=CARTESIAN_POINT('Ctrl Pts',(-4.79453412840011,4.75140741761828,-20.7278649719318));
#10885=CARTESIAN_POINT('Ctrl Pts',(-4.76157175113679,4.78436979488161,-20.7312489348603));
#10886=CARTESIAN_POINT('Ctrl Pts',(-4.6898422310685,4.8560993149499,-20.7397042927296));
#10887=CARTESIAN_POINT('Ctrl Pts',(-4.65110257695209,4.8948389690665,-20.7449664670374));
#10888=CARTESIAN_POINT('Ctrl Pts',(-4.5459813820202,4.9999601639984,-20.7611146239814));
#10889=CARTESIAN_POINT('Ctrl Pts',(-4.47975718560586,5.06618436040821,-20.7733171473713));
#10890=CARTESIAN_POINT('Ctrl Pts',(-4.17069018135538,5.37525136465869,-20.839516402291));
#10891=CARTESIAN_POINT('Ctrl Pts',(-3.93197690890759,5.61396463711085,-20.9174800997505));
#10892=CARTESIAN_POINT('Ctrl Pts',(-3.49622239090523,6.04971915511321,-21.1019059069121));
#10893=CARTESIAN_POINT('Ctrl Pts',(-3.29916178097173,6.24677976504666,-21.2020350571612));
#10894=CARTESIAN_POINT('Ctrl Pts',(-3.10563757295367,6.44030397306472,-21.3140255800987));
#10895=CARTESIAN_POINT('Ctrl Pts',(-6.4403039730625,3.1056375729558,-20.9797244100457));
#10896=CARTESIAN_POINT('Ctrl Pts',(-5.74448340694715,4.54859279590736,-21.0911581333963));
#10897=CARTESIAN_POINT('Ctrl Pts',(-4.54859279590602,5.74448340694822,-21.2025918567469));
#10898=CARTESIAN_POINT('Ctrl Pts',(-3.1056375729543,6.44030397306323,-21.3140255800975));
#10899=CARTESIAN_POINT('Ctrl Pts',(-6.79407507619816,1.94068917249089,-20.8069392125916));
#10900=CARTESIAN_POINT('Ctrl Pts',(-6.75665781922696,2.07168163465908,-20.8165284951779));
#10901=CARTESIAN_POINT('Ctrl Pts',(-6.71545113344865,2.20159164146484,-20.8261177777642));
#10902=CARTESIAN_POINT('Ctrl Pts',(-6.67052391489934,2.33020198823973,-20.8357070603505));
#10903=CARTESIAN_POINT('Ctrl Pts',(-6.8210577887919,1.94839663194458,-20.836170385841));
#10904=CARTESIAN_POINT('Ctrl Pts',(-6.78349192894546,2.07990933151358,-20.8457596684273));
#10905=CARTESIAN_POINT('Ctrl Pts',(-6.74212159055118,2.21033527674178,-20.8553489510136));
#10906=CARTESIAN_POINT('Ctrl Pts',(-6.69701594326623,2.33945640033097,-20.8649382335999));
#10907=CARTESIAN_POINT('Ctrl Pts',(-6.84804050138564,1.95610409139826,-20.8654015590904));
#10908=CARTESIAN_POINT('Ctrl Pts',(-6.81032603866396,2.08813702836809,-20.8749908416767));
#10909=CARTESIAN_POINT('Ctrl Pts',(-6.76879204765371,2.21907891201872,-20.884580124263));
#10910=CARTESIAN_POINT('Ctrl Pts',(-6.72350797163311,2.34871081242222,-20.8941694068493));
#10911=CARTESIAN_POINT('Ctrl Pts',(-6.87502321397937,1.96381155085195,-20.8946327323398));
#10912=CARTESIAN_POINT('Ctrl Pts',(-6.83716014838246,2.0963647252226,-20.9042220149261));
#10913=CARTESIAN_POINT('Ctrl Pts',(-6.79546250475624,2.22782254729566,-20.9138112975124));
#10914=CARTESIAN_POINT('Ctrl Pts',(-6.74999999999999,2.35796522451347,-20.9234005800987));
#10915=CARTESIAN_POINT('',(-6.74999999999999,2.35796522451037,-20.9234005800975));
#10916=CARTESIAN_POINT('Ctrl Pts',(-6.74999984403068,2.08883468763097,-20.8178190591586));
#10917=CARTESIAN_POINT('Ctrl Pts',(-6.75000028476953,2.17906438570221,-20.8516725445414));
#10918=CARTESIAN_POINT('Ctrl Pts',(-6.74999999999999,2.26878130210781,-20.8869069097161));
#10919=CARTESIAN_POINT('Ctrl Pts',(-6.74999999999999,2.35796522451347,-20.9234005800987));
#10920=CARTESIAN_POINT('Ctrl Pts',(-6.87502321397738,1.96381155085145,-20.8946327323377));
#10921=CARTESIAN_POINT('Ctrl Pts',(-6.83716014838075,2.0963647252211,-20.9042220149239));
#10922=CARTESIAN_POINT('Ctrl Pts',(-6.79546250475488,2.22782254729317,-20.9138112975102));
#10923=CARTESIAN_POINT('Ctrl Pts',(-6.74999999999902,2.35796522451002,-20.9234005800964));
#10924=CARTESIAN_POINT('Ctrl Pts',(6.67052391138695,2.33020198701261,-22.0639058864228));
#10925=CARTESIAN_POINT('Ctrl Pts',(6.71545112991248,2.20159164030577,-22.073495169009));
#10926=CARTESIAN_POINT('Ctrl Pts',(6.75665781566899,2.07168163356878,-22.0830844515953));
#10927=CARTESIAN_POINT('Ctrl Pts',(6.79407507262041,1.94068917146989,-22.0926737341816));
#10928=CARTESIAN_POINT('Ctrl Pts',(6.69701594092464,2.33945639951286,-22.093137060964));
#10929=CARTESIAN_POINT('Ctrl Pts',(6.74212158819371,2.21033527596913,-22.1027263435503));
#10930=CARTESIAN_POINT('Ctrl Pts',(6.78349192657342,2.07990933078691,-22.1123156261366));
#10931=CARTESIAN_POINT('Ctrl Pts',(6.82105778640664,1.94839663126421,-22.1219049087229));
#10932=CARTESIAN_POINT('Ctrl Pts',(6.72350797046234,2.34871081201311,-22.1223682355053));
#10933=CARTESIAN_POINT('Ctrl Pts',(6.76879204647494,2.2190789116325,-22.1319575180916));
#10934=CARTESIAN_POINT('Ctrl Pts',(6.81032603747785,2.08813702800504,-22.1415468006779));
#10935=CARTESIAN_POINT('Ctrl Pts',(6.84804050019288,1.95610409105853,-22.1511360832642));
#10936=CARTESIAN_POINT('Ctrl Pts',(6.75000000000003,2.35796522451336,-22.1515994100466));
#10937=CARTESIAN_POINT('Ctrl Pts',(6.79546250475617,2.22782254729586,-22.1611886926329));
#10938=CARTESIAN_POINT('Ctrl Pts',(6.83716014838228,2.09636472522317,-22.1707779752192));
#10939=CARTESIAN_POINT('Ctrl Pts',(6.87502321397911,1.96381155085285,-22.1803672578054));
#10940=CARTESIAN_POINT('',(6.75000000000001,2.3579652245103,-22.1515994100457));
#10941=CARTESIAN_POINT('',(6.75000001900776,2.08883472681632,-22.0817939401752));
#10942=CARTESIAN_POINT('Ctrl Pts',(6.75000000000003,2.35796522451336,-22.1515994100466));
#10943=CARTESIAN_POINT('Ctrl Pts',(6.75000000000003,2.26864579028441,-22.1267813635583));
#10944=CARTESIAN_POINT('Ctrl Pts',(6.75000004970327,2.17893777585799,-22.1034820142536));
#10945=CARTESIAN_POINT('Ctrl Pts',(6.74999985461757,2.08883467418865,-22.0817939309359));
#10946=CARTESIAN_POINT('',(6.87502321397792,1.96381155085372,-22.1803672578043));
#10947=CARTESIAN_POINT('Ctrl Pts',(6.74999985692499,2.0888346792723,-22.0817939345037));
#10948=CARTESIAN_POINT('Ctrl Pts',(6.79187104850318,2.046962088252,-22.1142528219693));
#10949=CARTESIAN_POINT('Ctrl Pts',(6.83354921613308,2.00528554869888,-22.1471261023128));
#10950=CARTESIAN_POINT('Ctrl Pts',(6.87502321397911,1.96381155085285,-22.1803672578054));
#10951=CARTESIAN_POINT('Ctrl Pts',(6.75000000000003,2.35796522451024,-22.1515994100457));
#10952=CARTESIAN_POINT('Ctrl Pts',(6.79546250475567,2.22782254729399,-22.1611886926319));
#10953=CARTESIAN_POINT('Ctrl Pts',(6.83716014838135,2.09636472522258,-22.1707779752181));
#10954=CARTESIAN_POINT('Ctrl Pts',(6.87502321397784,1.96381155085355,-22.1803672578043));
#10955=CARTESIAN_POINT('Origin',(0.,0.,0.));
#10956=CARTESIAN_POINT('',(-6.44030397306253,-3.10563757295585,-21.1577755783023));
#10957=CARTESIAN_POINT('',(-6.4403039730625,-3.10563757295589,0.));
#10958=CARTESIAN_POINT('',(-3.10563757295528,-6.44030397306293,-20.8234744082505));
#10959=CARTESIAN_POINT('Ctrl Pts',(-6.44030397306245,-3.10563757295561,
-21.1577755783025));
#10960=CARTESIAN_POINT('Ctrl Pts',(-5.74448340694726,-4.5485927959069,-21.0463418549519));
#10961=CARTESIAN_POINT('Ctrl Pts',(-4.54859279590647,-5.74448340694761,
-20.9349081316013));
#10962=CARTESIAN_POINT('Ctrl Pts',(-3.10563757295512,-6.44030397306268,
-20.8234744082507));
#10963=CARTESIAN_POINT('',(-3.10563757295588,-6.44030397306251,0.));
#10964=CARTESIAN_POINT('Origin',(0.,0.,0.));
#10965=CARTESIAN_POINT('',(-2.35796522451038,-6.74999999999999,-20.7671505783023));
#10966=CARTESIAN_POINT('',(-2.35796522451033,-6.75,0.));
#10967=CARTESIAN_POINT('',(2.35796522451087,-6.7499999999999,-20.4328494082506));
#10968=CARTESIAN_POINT('Ctrl Pts',(-2.35796522451019,-6.74999999999977,
-20.7671505783026));
#10969=CARTESIAN_POINT('Ctrl Pts',(-0.845622360623812,-7.27830398230795,
-20.655716854952));
#10970=CARTESIAN_POINT('Ctrl Pts',(0.845622360624348,-7.27830398230789,
-20.5442831316014));
#10971=CARTESIAN_POINT('Ctrl Pts',(2.35796522451069,-6.74999999999959,-20.4328494082508));
#10972=CARTESIAN_POINT('',(2.35796522451033,-6.75,0.));
#10973=CARTESIAN_POINT('Origin',(0.,0.,0.));
#10974=CARTESIAN_POINT('',(6.75000000000001,-2.35796522451026,-19.9859005783023));
#10975=CARTESIAN_POINT('',(6.75,-2.35796522451032,0.));
#10976=CARTESIAN_POINT('',(6.87502321397812,-1.96381155085338,-19.9571327305437));
#10977=CARTESIAN_POINT('Ctrl Pts',(6.75000000000001,-2.3579652245103,-19.9859005783023));
#10978=CARTESIAN_POINT('Ctrl Pts',(6.7954625047557,-2.22782254729391,-19.9763112957161));
#10979=CARTESIAN_POINT('Ctrl Pts',(6.83716014838144,-2.0963647252223,-19.9667220131299));
#10980=CARTESIAN_POINT('Ctrl Pts',(6.87502321397796,-1.96381155085313,-19.9571327305437));
#10981=CARTESIAN_POINT('',(6.87502321397766,-1.96381155085418,0.));
#10982=CARTESIAN_POINT('Origin',(0.,0.,0.));
#10983=CARTESIAN_POINT('',(-6.75000000000001,-2.35796522451029,-21.2140994082506));
#10984=CARTESIAN_POINT('',(-6.75,-2.35796522451032,0.));
#10985=CARTESIAN_POINT('Ctrl Pts',(-6.87502321397687,-1.96381155085188,
-21.2428672560107));
#10986=CARTESIAN_POINT('Ctrl Pts',(-6.83716014838029,-2.09636472522134,
-21.2332779734245));
#10987=CARTESIAN_POINT('Ctrl Pts',(-6.79546250475448,-2.22782254729317,
-21.2236886908383));
#10988=CARTESIAN_POINT('Ctrl Pts',(-6.74999999999869,-2.35796522450983,
-21.214099408252));
#10989=CARTESIAN_POINT('Origin',(0.,0.,0.));
#10990=CARTESIAN_POINT('',(2.35796514221707,6.75000001437368,-22.3296505722387));
#10991=CARTESIAN_POINT('',(2.35796522451032,6.75,0.));
#10992=CARTESIAN_POINT('',(-2.35796522451195,6.74999999999972,-21.9953494082505));
#10993=CARTESIAN_POINT('Ctrl Pts',(2.35796514221706,6.75000002874732,-22.3296505722388));
#10994=CARTESIAN_POINT('Ctrl Pts',(0.845622299311147,7.27830398289755,-22.2182168509093));
#10995=CARTESIAN_POINT('Ctrl Pts',(-0.845622388056348,7.27830397272568,
-22.1067831295799));
#10996=CARTESIAN_POINT('Ctrl Pts',(-2.35796522451197,6.74999999999939,-21.9953494082505));
#10997=CARTESIAN_POINT('',(-2.35796522451032,6.75,0.));
#10998=CARTESIAN_POINT('Origin',(0.,0.,0.));
#10999=CARTESIAN_POINT('',(-3.10563757295588,6.44030397306251,-21.9390255783023));
#11000=CARTESIAN_POINT('',(-3.10563757295589,6.4403039730625,0.));
#11001=CARTESIAN_POINT('',(-6.4403039730633,3.10563757295476,-21.6047244082505));
#11002=CARTESIAN_POINT('Ctrl Pts',(-3.10563757295593,6.44030397306241,-21.9390255783024));
#11003=CARTESIAN_POINT('Ctrl Pts',(-4.54859279590735,5.74448340694708,-21.8275918549518));
#11004=CARTESIAN_POINT('Ctrl Pts',(-5.7444834069481,4.54859279590608,-21.7161581316012));
#11005=CARTESIAN_POINT('Ctrl Pts',(-6.4403039730631,3.1056375729545,-21.6047244082506));
#11006=CARTESIAN_POINT('',(-6.4403039730625,3.10563757295589,0.));
#11007=CARTESIAN_POINT('Origin',(0.,0.,0.));
#11008=CARTESIAN_POINT('',(-6.75000000000001,2.35796522451029,-21.5484005783023));
#11009=CARTESIAN_POINT('',(-6.75,2.35796522451032,0.));
#11010=CARTESIAN_POINT('Ctrl Pts',(-6.74999999999997,2.35796522451039,-21.5484005783023));
#11011=CARTESIAN_POINT('Ctrl Pts',(-6.79546250475564,2.22782254729407,-21.5388112957162));
#11012=CARTESIAN_POINT('Ctrl Pts',(-6.83716014838137,2.0963647252225,-21.5292220131299));
#11013=CARTESIAN_POINT('Ctrl Pts',(-6.87502321397788,1.96381155085339,-21.5196327305437));
#11014=CARTESIAN_POINT('Origin',(0.,0.,0.));
#11015=CARTESIAN_POINT('',(6.75,2.35796522451032,-22.7765994082506));
#11016=CARTESIAN_POINT('',(6.75,2.35796522451032,0.));
#11017=CARTESIAN_POINT('',(6.87502321397895,1.9638115508519,-22.8053672560093));
#11018=CARTESIAN_POINT('',(6.87502321397766,1.96381155085419,0.));
#11019=CARTESIAN_POINT('Ctrl Pts',(6.87502321397767,1.96381155085118,-22.8053672560102));
#11020=CARTESIAN_POINT('Ctrl Pts',(6.83716014838102,2.09636472522094,-22.7957779734239));
#11021=CARTESIAN_POINT('Ctrl Pts',(6.79546250475512,2.22782254729311,-22.7861886908377));
#11022=CARTESIAN_POINT('Ctrl Pts',(6.74999999999923,2.35796522451006,-22.7765994082514));
#11023=CARTESIAN_POINT('Ctrl Pts',(6.44030397306438,-3.10563757295405,-20.0422244082495));
#11024=CARTESIAN_POINT('Ctrl Pts',(5.74448340694896,-4.54859279590704,-20.1536581316002));
#11025=CARTESIAN_POINT('Ctrl Pts',(4.54859279590695,-5.74448340694903,-20.2650918549509));
#11026=CARTESIAN_POINT('Ctrl Pts',(3.10563757295396,-6.44030397306443,-20.3765255783016));
#11027=CARTESIAN_POINT('Ctrl Pts',(6.32016258617567,-3.04770310173206,-20.1811624217363));
#11028=CARTESIAN_POINT('Ctrl Pts',(5.63732228437516,-4.46374055148227,-20.292596145087));
#11029=CARTESIAN_POINT('Ctrl Pts',(4.46374055148218,-5.63732228437523,-20.4040298684377));
#11030=CARTESIAN_POINT('Ctrl Pts',(3.04770310173196,-6.32016258617571,-20.5154635917884));
#11031=CARTESIAN_POINT('Ctrl Pts',(6.20002119928695,-2.98976863051006,-20.3201004352232));
#11032=CARTESIAN_POINT('Ctrl Pts',(5.53016116180136,-4.3788883070575,-20.4315341585739));
#11033=CARTESIAN_POINT('Ctrl Pts',(4.37888830705741,-5.53016116180143,-20.5429678819246));
#11034=CARTESIAN_POINT('Ctrl Pts',(2.98976863050997,-6.200021199287,-20.6544016052753));
#11035=CARTESIAN_POINT('Ctrl Pts',(6.07987981239824,-2.93183415928807,-20.45903844871));
#11036=CARTESIAN_POINT('Ctrl Pts',(5.42300003922757,-4.29403606263272,-20.5704721720607));
#11037=CARTESIAN_POINT('Ctrl Pts',(4.29403606263264,-5.42300003922763,-20.6819058954114));
#11038=CARTESIAN_POINT('Ctrl Pts',(2.93183415928797,-6.07987981239828,-20.7933396187621));
#11039=CARTESIAN_POINT('Ctrl Pts',(3.10563757295397,-6.44030397306443,-20.3765255783016));
#11040=CARTESIAN_POINT('Ctrl Pts',(3.36908479771501,-6.17685674830338,-20.480047007222));
#11041=CARTESIAN_POINT('Ctrl Pts',(3.6361332014243,-5.90980834459409,-20.5566871759112));
#11042=CARTESIAN_POINT('Ctrl Pts',(4.06328276121385,-5.48265878480453,-20.6258081697535));
#11043=CARTESIAN_POINT('Ctrl Pts',(4.21888821952075,-5.32705332649764,-20.640074767769));
#11044=CARTESIAN_POINT('Ctrl Pts',(4.44954535234884,-5.09639619366955,-20.6444214916068));
#11045=CARTESIAN_POINT('Ctrl Pts',(4.52379133335043,-5.02215021266648,-20.6432617946042));
#11046=CARTESIAN_POINT('Ctrl Pts',(4.63819798270741,-4.90774356330949,-20.6375287460901));
#11047=CARTESIAN_POINT('Ctrl Pts',(4.67831780694395,-4.86762373907444,-20.6347696230032));
#11048=CARTESIAN_POINT('Ctrl Pts',(4.75140741761877,-4.79453412839963,-20.62838501795));
#11049=CARTESIAN_POINT('Ctrl Pts',(4.7843697948821,-4.76157175113629,-20.6250010550218));
#11050=CARTESIAN_POINT('Ctrl Pts',(4.85609931495027,-4.68984223106812,-20.6165456971488));
#11051=CARTESIAN_POINT('Ctrl Pts',(4.89483896906676,-4.65110257695183,-20.6112835228365));
#11052=CARTESIAN_POINT('Ctrl Pts',(4.9999601639994,-4.5459813820192,-20.5951353658732));
#11053=CARTESIAN_POINT('Ctrl Pts',(5.06618436040907,-4.47975718560499,-20.5829328424638));
#11054=CARTESIAN_POINT('Ctrl Pts',(5.37525136468086,-4.1706901813332,-20.5167335874137));
#11055=CARTESIAN_POINT('Ctrl Pts',(5.61396463713423,-3.9319769088842,-20.438769889752));
#11056=CARTESIAN_POINT('Ctrl Pts',(6.04971915513368,-3.49622239088474,-20.2543440820719));
#11057=CARTESIAN_POINT('Ctrl Pts',(6.24677976506873,-3.29916178094966,-20.1542149315201));
#11058=CARTESIAN_POINT('Ctrl Pts',(6.44030397306437,-3.10563757295402,-20.0422244082495));
#11059=CARTESIAN_POINT('Ctrl Pts',(2.35796522451306,-6.74999999999999,-20.4328494082495));
#11060=CARTESIAN_POINT('Ctrl Pts',(0.845622360625164,-7.27830398230935,
-20.5442831316002));
#11061=CARTESIAN_POINT('Ctrl Pts',(-0.845622360625083,-7.27830398230936,
-20.6557168549509));
#11062=CARTESIAN_POINT('Ctrl Pts',(-2.35796522451298,-6.75000000000002,
-20.7671505783016));
#11063=CARTESIAN_POINT('Ctrl Pts',(2.31397829260842,-6.62408135316429,-20.5717874217363));
#11064=CARTESIAN_POINT('Ctrl Pts',(0.82984760160532,-7.1425300284262,-20.683221145087));
#11065=CARTESIAN_POINT('Ctrl Pts',(-0.829847601605242,-7.1425300284262,
-20.7946548684377));
#11066=CARTESIAN_POINT('Ctrl Pts',(-2.31397829260834,-6.62408135316432,
-20.9060885917884));
#11067=CARTESIAN_POINT('Ctrl Pts',(2.26999136070378,-6.49816270632859,-20.7107254352232));
#11068=CARTESIAN_POINT('Ctrl Pts',(0.814072842585484,-7.00675607454304,
-20.8221591585739));
#11069=CARTESIAN_POINT('Ctrl Pts',(-0.814072842585404,-7.00675607454305,
-20.9335928819246));
#11070=CARTESIAN_POINT('Ctrl Pts',(-2.26999136070371,-6.49816270632862,
-21.0450266052753));
#11071=CARTESIAN_POINT('Ctrl Pts',(2.22600442879914,-6.37224405949289,-20.84966344871));
#11072=CARTESIAN_POINT('Ctrl Pts',(0.79829808356564,-6.87098212065989,-20.9610971720607));
#11073=CARTESIAN_POINT('Ctrl Pts',(-0.798298083565563,-6.8709821206599,
-21.0725308954114));
#11074=CARTESIAN_POINT('Ctrl Pts',(-2.22600442879907,-6.37224405949292,
-21.1839646187621));
#11075=CARTESIAN_POINT('Ctrl Pts',(-2.35796522451299,-6.75,-20.7671505783016));
#11076=CARTESIAN_POINT('Ctrl Pts',(-1.98539458628811,-6.75,-20.8706720072215));
#11077=CARTESIAN_POINT('Ctrl Pts',(-1.60773111195334,-6.74999999999998,
-20.9473121759107));
#11078=CARTESIAN_POINT('Ctrl Pts',(-1.00365041133731,-6.74999999999998,
-21.0164331697533));
#11079=CARTESIAN_POINT('Ctrl Pts',(-0.783591061819795,-6.74999999999999,
-21.030699767769));
#11080=CARTESIAN_POINT('Ctrl Pts',(-0.45739261631524,-6.74999999999999,
-21.0350464916069));
#11081=CARTESIAN_POINT('Ctrl Pts',(-0.352392943029784,-6.74999999999894,
-21.0338867946042));
#11082=CARTESIAN_POINT('Ctrl Pts',(-0.190597507882747,-6.74999999999894,
-21.0281537460901));
#11083=CARTESIAN_POINT('Ctrl Pts',(-0.133859508328,-6.75,-21.0253946230032));
#11084=CARTESIAN_POINT('Ctrl Pts',(-0.0304951896441296,-6.75,-21.0190100179501));
#11085=CARTESIAN_POINT('Ctrl Pts',(0.0161206513293782,-6.75,-21.0156260550218));
#11086=CARTESIAN_POINT('Ctrl Pts',(0.117561511433542,-6.75,-21.0071706971488));
#11087=CARTESIAN_POINT('Ctrl Pts',(0.172347655686976,-6.75000000000014,
-21.0019085228365));
#11088=CARTESIAN_POINT('Ctrl Pts',(0.321011475252807,-6.75000000000014,
-20.9857603658732));
#11089=CARTESIAN_POINT('Ctrl Pts',(0.414666631975848,-6.74999999999694,
-20.9735578424638));
#11090=CARTESIAN_POINT('Ctrl Pts',(0.851753381099109,-6.74999999999694,
-20.9073585874137));
#11091=CARTESIAN_POINT('Ctrl Pts',(1.18934492851791,-6.75000000000001,-20.8293948897521));
#11092=CARTESIAN_POINT('Ctrl Pts',(1.80559487773819,-6.75000000000001,-20.644969082072));
#11093=CARTESIAN_POINT('Ctrl Pts',(2.08428066491757,-6.75,-20.5448399315203));
#11094=CARTESIAN_POINT('Ctrl Pts',(2.35796522451306,-6.75,-20.4328494082495));
#11095=CARTESIAN_POINT('Ctrl Pts',(-3.10563757295397,-6.44030397306442,
-20.8234744082495));
#11096=CARTESIAN_POINT('Ctrl Pts',(-4.54859279590697,-5.74448340694901,
-20.9349081316002));
#11097=CARTESIAN_POINT('Ctrl Pts',(-5.74448340694903,-4.54859279590694,
-21.0463418549509));
#11098=CARTESIAN_POINT('Ctrl Pts',(-6.44030397306444,-3.10563757295394,
-21.1577755783016));
#11099=CARTESIAN_POINT('Ctrl Pts',(-3.04770310173198,-6.3201625861757,-20.9624124217363));
#11100=CARTESIAN_POINT('Ctrl Pts',(-4.46374055148219,-5.63732228437521,
-21.073846145087));
#11101=CARTESIAN_POINT('Ctrl Pts',(-5.63732228437524,-4.46374055148217,
-21.1852798684377));
#11102=CARTESIAN_POINT('Ctrl Pts',(-6.32016258617572,-3.04770310173195,
-21.2967135917884));
#11103=CARTESIAN_POINT('Ctrl Pts',(-2.98976863050998,-6.20002119928698,
-21.1013504352232));
#11104=CARTESIAN_POINT('Ctrl Pts',(-4.37888830705743,-5.53016116180141,
-21.2127841585739));
#11105=CARTESIAN_POINT('Ctrl Pts',(-5.53016116180143,-4.3788883070574,-21.3242178819246));
#11106=CARTESIAN_POINT('Ctrl Pts',(-6.200021199287,-2.98976863050995,-21.4356516052753));
#11107=CARTESIAN_POINT('Ctrl Pts',(-2.93183415928799,-6.07987981239827,
-21.24028844871));
#11108=CARTESIAN_POINT('Ctrl Pts',(-4.29403606263265,-5.42300003922761,
-21.3517221720607));
#11109=CARTESIAN_POINT('Ctrl Pts',(-5.42300003922763,-4.29403606263263,
-21.4631558954114));
#11110=CARTESIAN_POINT('Ctrl Pts',(-6.07987981239828,-2.93183415928796,
-21.5745896187621));
#11111=CARTESIAN_POINT('Ctrl Pts',(-6.44030397306445,-3.10563757295394,
-21.1577755783016));
#11112=CARTESIAN_POINT('Ctrl Pts',(-6.17685674830362,-3.36908479771477,
-21.2612970072219));
#11113=CARTESIAN_POINT('Ctrl Pts',(-5.90980834459471,-3.6361332014237,-21.337937175911));
#11114=CARTESIAN_POINT('Ctrl Pts',(-5.48265878480545,-4.06328276121296,
-21.4070581697534));
#11115=CARTESIAN_POINT('Ctrl Pts',(-5.3270533264983,-4.21888821952009,-21.421324767769));
#11116=CARTESIAN_POINT('Ctrl Pts',(-5.09639619366991,-4.44954535234848,
-21.4256714916068));
#11117=CARTESIAN_POINT('Ctrl Pts',(-5.02215021266675,-4.52379133335015,
-21.4245117946042));
#11118=CARTESIAN_POINT('Ctrl Pts',(-4.90774356330956,-4.63819798270734,
-21.4187787460901));
#11119=CARTESIAN_POINT('Ctrl Pts',(-4.8676237390744,-4.678317806944,-21.4160196230032));
#11120=CARTESIAN_POINT('Ctrl Pts',(-4.79453412840001,-4.75140741761838,
-21.4096350179501));
#11121=CARTESIAN_POINT('Ctrl Pts',(-4.76157175113692,-4.78436979488147,
-21.4062510550218));
#11122=CARTESIAN_POINT('Ctrl Pts',(-4.68984223106787,-4.85609931495052,
-21.3977956971488));
#11123=CARTESIAN_POINT('Ctrl Pts',(-4.65110257695126,-4.89483896906734,
-21.3925335228364));
#11124=CARTESIAN_POINT('Ctrl Pts',(-4.54598138201966,-4.99996016399894,
-21.3763853658733));
#11125=CARTESIAN_POINT('Ctrl Pts',(-4.47975718560584,-5.0661843604082,-21.364182842464));
#11126=CARTESIAN_POINT('Ctrl Pts',(-4.17069018133298,-5.37525136468107,
-21.2979835874137));
#11127=CARTESIAN_POINT('Ctrl Pts',(-3.93197690888383,-5.61396463713461,
-21.2200198897519));
#11128=CARTESIAN_POINT('Ctrl Pts',(-3.49622239088506,-6.04971915513339,
-21.035594082072));
#11129=CARTESIAN_POINT('Ctrl Pts',(-3.29916178095032,-6.24677976506806,
-20.9354649315205));
#11130=CARTESIAN_POINT('Ctrl Pts',(-3.10563757295396,-6.44030397306442,
-20.8234744082495));
#11131=CARTESIAN_POINT('Ctrl Pts',(-6.75000000000001,-2.357965224513,-21.2140994082495));
#11132=CARTESIAN_POINT('Ctrl Pts',(-6.79546250475615,-2.22782254729549,
-21.2236886908358));
#11133=CARTESIAN_POINT('Ctrl Pts',(-6.83716014838225,-2.09636472522279,
-21.2332779734221));
#11134=CARTESIAN_POINT('Ctrl Pts',(-6.87502321397908,-1.96381155085245,
-21.2428672560083));
#11135=CARTESIAN_POINT('Ctrl Pts',(-6.72350797163317,-2.34871081242177,
-21.2433305816064));
#11136=CARTESIAN_POINT('Ctrl Pts',(-6.76879204765365,-2.21907891201856,
-21.2529198641927));
#11137=CARTESIAN_POINT('Ctrl Pts',(-6.81032603866379,-2.08813702836829,
-21.262509146779));
#11138=CARTESIAN_POINT('Ctrl Pts',(-6.84804050138539,-1.95610409139877,
-21.2720984293653));
#11139=CARTESIAN_POINT('Ctrl Pts',(-6.69701594326632,-2.33945640033053,
-21.2725617549634));
#11140=CARTESIAN_POINT('Ctrl Pts',(-6.74212159055116,-2.21033527674163,
-21.2821510375497));
#11141=CARTESIAN_POINT('Ctrl Pts',(-6.78349192894533,-2.0799093315138,-21.291740320136));
#11142=CARTESIAN_POINT('Ctrl Pts',(-6.82105778879169,-1.9483966319451,-21.3013296027222));
#11143=CARTESIAN_POINT('Ctrl Pts',(-6.67052391489948,-2.3302019882393,-21.3017929283203));
#11144=CARTESIAN_POINT('Ctrl Pts',(-6.71545113344867,-2.20159164146471,
-21.3113822109066));
#11145=CARTESIAN_POINT('Ctrl Pts',(-6.75665781922687,-2.0716816346593,-21.3209714934929));
#11146=CARTESIAN_POINT('Ctrl Pts',(-6.79407507619799,-1.94068917249142,
-21.3305607760792));
#11147=CARTESIAN_POINT('Ctrl Pts',(-6.74999984403069,-2.08883468763101,
-21.3196809295122));
#11148=CARTESIAN_POINT('Ctrl Pts',(-6.75000028476953,-2.17906438570566,
-21.2858274440259));
#11149=CARTESIAN_POINT('Ctrl Pts',(-6.75000000000002,-2.2687813021112,-21.2505930787433));
#11150=CARTESIAN_POINT('Ctrl Pts',(-6.75000000000001,-2.357965224513,-21.2140994082495));
#11151=CARTESIAN_POINT('Ctrl Pts',(6.875023213979,-1.96381155085276,-19.9571327305427));
#11152=CARTESIAN_POINT('Ctrl Pts',(6.83716014838219,-2.096364725223,-19.966722013129));
#11153=CARTESIAN_POINT('Ctrl Pts',(6.79546250475609,-2.22782254729565,-19.9763112957153));
#11154=CARTESIAN_POINT('Ctrl Pts',(6.74999999999999,-2.35796522451307,-19.9859005783016));
#11155=CARTESIAN_POINT('Ctrl Pts',(6.84804050295285,-1.95610409184685,-19.9863639022015));
#11156=CARTESIAN_POINT('Ctrl Pts',(6.81032604022265,-2.08813702884649,-19.9959531847878));
#11157=CARTESIAN_POINT('Ctrl Pts',(6.76879204920301,-2.21907891252669,-20.0055424673741));
#11158=CARTESIAN_POINT('Ctrl Pts',(6.72350797317219,-2.34871081295947,-20.0151317499604));
#11159=CARTESIAN_POINT('Ctrl Pts',(6.82105779192671,-1.94839663284093,-20.0155950738603));
#11160=CARTESIAN_POINT('Ctrl Pts',(6.78349193206311,-2.07990933246998,-20.0251843564466));
#11161=CARTESIAN_POINT('Ctrl Pts',(6.74212159364993,-2.21033527775772,-20.0347736390328));
#11162=CARTESIAN_POINT('Ctrl Pts',(6.6970159463444,-2.33945640140586,-20.0443629216191));
#11163=CARTESIAN_POINT('Ctrl Pts',(6.79407508090057,-1.94068917383502,-20.044826245519));
#11164=CARTESIAN_POINT('Ctrl Pts',(6.75665782390357,-2.07168163609346,-20.0544155281053));
#11165=CARTESIAN_POINT('Ctrl Pts',(6.71545113809685,-2.20159164298875,-20.0640048106916));
#11166=CARTESIAN_POINT('Ctrl Pts',(6.6705239195166,-2.33020198985226,-20.0735940932779));
#11167=CARTESIAN_POINT('',(6.75,-2.08883476483183,-20.0557060779659));
#11168=CARTESIAN_POINT('Ctrl Pts',(6.74999999999999,-2.35796522451307,-19.9859005783016));
#11169=CARTESIAN_POINT('Ctrl Pts',(6.74999999999998,-2.26864577506176,-20.0107186291324));
#11170=CARTESIAN_POINT('Ctrl Pts',(6.75000003067748,-2.17893779934286,-20.0340179874534));
#11171=CARTESIAN_POINT('Ctrl Pts',(6.74999982622342,-2.08883470998031,-20.0557060779659));
#11172=CARTESIAN_POINT('Ctrl Pts',(6.74999982619333,-2.08883470997832,-20.055706077997));
#11173=CARTESIAN_POINT('Ctrl Pts',(6.79188688304989,-2.04694309687579,-20.0232356515259));
#11174=CARTESIAN_POINT('Ctrl Pts',(6.83356354339377,-2.005271221438,-19.9903624029327));
#11175=CARTESIAN_POINT('Ctrl Pts',(6.875023213979,-1.96381155085276,-19.9571327305427));
#11176=CARTESIAN_POINT('Ctrl Pts',(3.1056375729539,6.44030397306445,-22.3859744082495));
#11177=CARTESIAN_POINT('Ctrl Pts',(4.54859278508224,5.74448341216892,-22.4974081307642));
#11178=CARTESIAN_POINT('Ctrl Pts',(5.74448338923353,4.54859281404768,-22.608841853279));
#11179=CARTESIAN_POINT('Ctrl Pts',(6.44030395740488,3.10563760542788,-22.7202755757937));
#11180=CARTESIAN_POINT('Ctrl Pts',(3.04770310173191,6.32016258617574,-22.5249124217363));
#11181=CARTESIAN_POINT('Ctrl Pts',(4.4637405408594,5.63732228949775,-22.6363461442511));
#11182=CARTESIAN_POINT('Ctrl Pts',(5.63732226699021,4.4637405692845,-22.7477798667658));
#11183=CARTESIAN_POINT('Ctrl Pts',(6.32016257080829,3.0477031336001,-22.8592135892806));
#11184=CARTESIAN_POINT('Ctrl Pts',(2.98976863050992,6.20002119928702,-22.6638504352232));
#11185=CARTESIAN_POINT('Ctrl Pts',(4.37888829663656,5.53016116682658,-22.7752841577379));
#11186=CARTESIAN_POINT('Ctrl Pts',(5.53016114474688,4.37888832452132,-22.8867178802527));
#11187=CARTESIAN_POINT('Ctrl Pts',(6.20002118421169,2.98976866177232,-22.9981516027674));
#11188=CARTESIAN_POINT('Ctrl Pts',(2.93183415928793,6.07987981239831,-22.80278844871));
#11189=CARTESIAN_POINT('Ctrl Pts',(4.29403605241372,5.4230000441554,-22.9142221712247));
#11190=CARTESIAN_POINT('Ctrl Pts',(5.42300002250356,4.29403607975814,-23.0256558937395));
#11191=CARTESIAN_POINT('Ctrl Pts',(6.0798797976151,2.93183418994454,-23.1370896162542));
#11192=CARTESIAN_POINT('Ctrl Pts',(6.44030394606057,3.10563759995782,-22.7202755889127));
#11193=CARTESIAN_POINT('Ctrl Pts',(6.17685672094699,3.3690848250714,-22.8237970160381));
#11194=CARTESIAN_POINT('Ctrl Pts',(5.90980834459444,3.63613320142397,-22.9004371759111));
#11195=CARTESIAN_POINT('Ctrl Pts',(5.48265878480504,4.06328276121337,-22.9695581697534));
#11196=CARTESIAN_POINT('Ctrl Pts',(5.327053326498,4.21888821952039,-22.983824767769));
#11197=CARTESIAN_POINT('Ctrl Pts',(5.0963961936696,4.44954535234879,-22.9881714916068));
#11198=CARTESIAN_POINT('Ctrl Pts',(5.02215021266655,4.52379133335036,-22.9870117946042));
#11199=CARTESIAN_POINT('Ctrl Pts',(4.90774356330973,4.63819798270718,-22.9812787460901));
#11200=CARTESIAN_POINT('Ctrl Pts',(4.86762373907482,4.67831780694357,-22.9785196230032));
#11201=CARTESIAN_POINT('Ctrl Pts',(4.79453412839977,4.75140741761862,-22.9721350179501));
#11202=CARTESIAN_POINT('Ctrl Pts',(4.76157175113649,4.7843697948819,-22.9687510550218));
#11203=CARTESIAN_POINT('Ctrl Pts',(4.68984223106814,4.85609931495025,-22.9602956971488));
#11204=CARTESIAN_POINT('Ctrl Pts',(4.65110257695178,4.89483896906681,-22.9550335228365));
#11205=CARTESIAN_POINT('Ctrl Pts',(4.5459813820194,4.99996016399919,-22.9388853658733));
#11206=CARTESIAN_POINT('Ctrl Pts',(4.47975718560538,5.06618436040866,-22.9266828424639));
#11207=CARTESIAN_POINT('Ctrl Pts',(4.17069018133311,5.37525136468094,-22.8604835874137));
#11208=CARTESIAN_POINT('Ctrl Pts',(3.93197690888421,5.61396463713416,-22.7825198897521));
#11209=CARTESIAN_POINT('Ctrl Pts',(3.49622239088476,6.04971915513361,-22.5980940820719));
#11210=CARTESIAN_POINT('Ctrl Pts',(3.29916178094992,6.24677976506847,-22.4979649315203));
#11211=CARTESIAN_POINT('Ctrl Pts',(3.10563757295392,6.44030397306447,-22.3859744082495));
#11212=CARTESIAN_POINT('Ctrl Pts',(6.75000000000002,2.35796522451298,-22.7765994082495));
#11213=CARTESIAN_POINT('Ctrl Pts',(6.79546250475624,2.22782254729522,-22.7861886908358));
#11214=CARTESIAN_POINT('Ctrl Pts',(6.83716014838243,2.09636472522224,-22.7957779734221));
#11215=CARTESIAN_POINT('Ctrl Pts',(6.87502321397931,1.96381155085165,-22.8053672560084));
#11216=CARTESIAN_POINT('Ctrl Pts',(6.72350797297225,2.34871081288952,-22.8058305801289));
#11217=CARTESIAN_POINT('Ctrl Pts',(6.76879204900184,2.21907891246025,-22.8154198627152));
#11218=CARTESIAN_POINT('Ctrl Pts',(6.81032604002033,2.08813702878362,-22.8250091453015));
#11219=CARTESIAN_POINT('Ctrl Pts',(6.84804050274949,1.95610409178755,-22.8345984278878));
#11220=CARTESIAN_POINT('Ctrl Pts',(6.69701594594447,2.33945640126606,-22.8350617520083));
#11221=CARTESIAN_POINT('Ctrl Pts',(6.74212159324743,2.21033527762529,-22.8446510345946));
#11222=CARTESIAN_POINT('Ctrl Pts',(6.78349193165823,2.079909332345,-22.8542403171809));
#11223=CARTESIAN_POINT('Ctrl Pts',(6.82105779151967,1.94839663272346,-22.8638295997673));
#11224=CARTESIAN_POINT('Ctrl Pts',(6.6705239189167,2.3302019896426,-22.8642929238878));
#11225=CARTESIAN_POINT('Ctrl Pts',(6.71545113749303,2.20159164279032,-22.8738822064741));
#11226=CARTESIAN_POINT('Ctrl Pts',(6.75665782329613,2.07168163590639,-22.8834714890604));
#11227=CARTESIAN_POINT('Ctrl Pts',(6.79407508028984,1.94068917365937,-22.8930607716467));
#11228=CARTESIAN_POINT('',(6.75,2.08883476483185,-22.8821809384766));
#11229=CARTESIAN_POINT('Ctrl Pts',(6.74999982622339,2.08883470998028,-22.8821809384767));
#11230=CARTESIAN_POINT('Ctrl Pts',(6.75000027281641,2.17906440036335,-22.8483274498324));
#11231=CARTESIAN_POINT('Ctrl Pts',(6.75000000000003,2.26878129246566,-22.8130930826902));
#11232=CARTESIAN_POINT('Ctrl Pts',(6.75000000000002,2.35796522451298,-22.7765994082495));
#11233=CARTESIAN_POINT('Ctrl Pts',(6.87502321397894,1.96381155085296,-22.8053672560083));
#11234=CARTESIAN_POINT('Ctrl Pts',(6.83352285230628,2.00531191252562,-22.8314922254504));
#11235=CARTESIAN_POINT('Ctrl Pts',(6.79184750181749,2.04698726301436,-22.8571095675776));
#11236=CARTESIAN_POINT('Ctrl Pts',(6.74999999999999,2.08883476483186,-22.8821809384766));
#11237=CARTESIAN_POINT('Ctrl Pts',(-6.87502321397897,1.96381155085284,-21.5196327305427));
#11238=CARTESIAN_POINT('Ctrl Pts',(-6.83716014838218,2.09636472522303,-21.529222013129));
#11239=CARTESIAN_POINT('Ctrl Pts',(-6.79546250475609,2.22782254729567,-21.5388112957153));
#11240=CARTESIAN_POINT('Ctrl Pts',(-6.75,2.35796522451304,-21.5484005783016));
#11241=CARTESIAN_POINT('Ctrl Pts',(-6.84804050295284,1.95610409184692,-21.5488639022015));
#11242=CARTESIAN_POINT('Ctrl Pts',(-6.81032604022264,2.08813702884652,-21.5584531847878));
#11243=CARTESIAN_POINT('Ctrl Pts',(-6.76879204920301,2.2190789125267,-21.5680424673741));
#11244=CARTESIAN_POINT('Ctrl Pts',(-6.7235079731722,2.34871081295944,-21.5776317499603));
#11245=CARTESIAN_POINT('Ctrl Pts',(-6.8210577919267,1.94839663284101,-21.5780950738603));
#11246=CARTESIAN_POINT('Ctrl Pts',(-6.7834919320631,2.07990933247001,-21.5876843564466));
#11247=CARTESIAN_POINT('Ctrl Pts',(-6.74212159364993,2.21033527775774,-21.5972736390328));
#11248=CARTESIAN_POINT('Ctrl Pts',(-6.69701594634441,2.33945640140584,-21.6068629216191));
#11249=CARTESIAN_POINT('Ctrl Pts',(-6.79407508090056,1.94068917383509,-21.607326245519));
#11250=CARTESIAN_POINT('Ctrl Pts',(-6.75665782390357,2.0716816360935,-21.6169155281053));
#11251=CARTESIAN_POINT('Ctrl Pts',(-6.71545113809685,2.20159164298877,-21.6265048106916));
#11252=CARTESIAN_POINT('Ctrl Pts',(-6.67052391951662,2.33020198985224,-21.6360940932779));
#11253=CARTESIAN_POINT('Ctrl Pts',(-6.75,2.35796522451304,-21.5484005783016));
#11254=CARTESIAN_POINT('Ctrl Pts',(-6.75,2.26864577506188,-21.5732186291324));
#11255=CARTESIAN_POINT('Ctrl Pts',(-6.75000003067751,2.17893779934289,-21.5965179874534));
#11256=CARTESIAN_POINT('Ctrl Pts',(-6.74999982622343,2.08883470998026,-21.6182060779659));
#11257=CARTESIAN_POINT('Ctrl Pts',(-6.44030397306444,3.10563757295394,-21.6047244082495));
#11258=CARTESIAN_POINT('Ctrl Pts',(-5.74448340694903,4.54859279590696,-21.7161581316002));
#11259=CARTESIAN_POINT('Ctrl Pts',(-4.54859279590695,5.74448340694903,-21.8275918549509));
#11260=CARTESIAN_POINT('Ctrl Pts',(-3.10563757295393,6.44030397306444,-21.9390255783016));
#11261=CARTESIAN_POINT('Ctrl Pts',(-6.32016258617572,3.04770310173194,-21.7436624217363));
#11262=CARTESIAN_POINT('Ctrl Pts',(-5.63732228437523,4.46374055148219,-21.855096145087));
#11263=CARTESIAN_POINT('Ctrl Pts',(-4.46374055148218,5.63732228437523,-21.9665298684377));
#11264=CARTESIAN_POINT('Ctrl Pts',(-3.04770310173194,6.32016258617572,-22.0779635917884));
#11265=CARTESIAN_POINT('Ctrl Pts',(-6.200021199287,2.98976863050995,-21.8826004352232));
#11266=CARTESIAN_POINT('Ctrl Pts',(-5.53016116180143,4.37888830705741,-21.9940341585739));
#11267=CARTESIAN_POINT('Ctrl Pts',(-4.37888830705741,5.53016116180143,-22.1054678819246));
#11268=CARTESIAN_POINT('Ctrl Pts',(-2.98976863050995,6.20002119928701,-22.2169016052753));
#11269=CARTESIAN_POINT('Ctrl Pts',(-6.07987981239829,2.93183415928796,-22.02153844871));
#11270=CARTESIAN_POINT('Ctrl Pts',(-5.42300003922763,4.29403606263264,-22.1329721720607));
#11271=CARTESIAN_POINT('Ctrl Pts',(-4.29403606263264,5.42300003922764,-22.2444058954114));
#11272=CARTESIAN_POINT('Ctrl Pts',(-2.93183415928795,6.07987981239829,-22.3558396187621));
#11273=CARTESIAN_POINT('Ctrl Pts',(-3.10563757295395,6.44030397306444,-21.9390255783016));
#11274=CARTESIAN_POINT('Ctrl Pts',(-3.36908479771451,6.17685674830389,-22.0425470072218));
#11275=CARTESIAN_POINT('Ctrl Pts',(-3.63613320142329,5.90980834459509,-22.1191871759109));
#11276=CARTESIAN_POINT('Ctrl Pts',(-4.06328276121276,5.48265878480563,-22.1883081697534));
#11277=CARTESIAN_POINT('Ctrl Pts',(-4.2188882195199,5.32705332649849,-22.202574767769));
#11278=CARTESIAN_POINT('Ctrl Pts',(-4.44954535234841,5.09639619366998,-22.2069214916068));
#11279=CARTESIAN_POINT('Ctrl Pts',(-4.52379133335008,5.02215021266682,-22.2057617946042));
#11280=CARTESIAN_POINT('Ctrl Pts',(-4.63819798270728,4.90774356330963,-22.2000287460901));
#11281=CARTESIAN_POINT('Ctrl Pts',(-4.67831780694393,4.86762373907446,-22.1972696230032));
#11282=CARTESIAN_POINT('Ctrl Pts',(-4.75140741761841,4.79453412839998,-22.1908850179501));
#11283=CARTESIAN_POINT('Ctrl Pts',(-4.78436979488156,4.76157175113683,-22.1875010550218));
#11284=CARTESIAN_POINT('Ctrl Pts',(-4.85609931495015,4.68984223106824,-22.1790456971489));
#11285=CARTESIAN_POINT('Ctrl Pts',(-4.89483896906659,4.651102576952,-22.1737835228366));
#11286=CARTESIAN_POINT('Ctrl Pts',(-4.9999601639994,4.54598138201919,-22.1576353658732));
#11287=CARTESIAN_POINT('Ctrl Pts',(-5.06618436040916,4.4797571856049,-22.1454328424637));
#11288=CARTESIAN_POINT('Ctrl Pts',(-5.37525136468089,4.17069018133317,-22.0792335874137));
#11289=CARTESIAN_POINT('Ctrl Pts',(-5.61396463713421,3.9319769088842,-22.0012698897521));
#11290=CARTESIAN_POINT('Ctrl Pts',(-6.0497191551335,3.49622239088491,-21.816844082072));
#11291=CARTESIAN_POINT('Ctrl Pts',(-6.24677976506824,3.29916178095016,-21.7167149315204));
#11292=CARTESIAN_POINT('Ctrl Pts',(-6.44030397306443,3.10563757295397,-21.6047244082495));
#11293=CARTESIAN_POINT('Ctrl Pts',(-2.35796522451294,6.75000000000003,-21.9953494082495));
#11294=CARTESIAN_POINT('Ctrl Pts',(-0.845622382856745,7.2783039745432,-22.1067831299621));
#11295=CARTESIAN_POINT('Ctrl Pts',(0.845622310941763,7.27830398289857,-22.2182168516747));
#11296=CARTESIAN_POINT('Ctrl Pts',(2.35796515781799,6.75000002329846,-22.3296505733873));
#11297=CARTESIAN_POINT('Ctrl Pts',(-2.3139782926083,6.62408135316434,-22.1342874217363));
#11298=CARTESIAN_POINT('Ctrl Pts',(-0.829847623422181,7.14253002080492,
-22.2457211434489));
#11299=CARTESIAN_POINT('Ctrl Pts',(0.829847552848748,7.14253002900443,-22.3571548651615));
#11300=CARTESIAN_POINT('Ctrl Pts',(2.31397822715752,6.62408137602814,-22.4685885868741));
#11301=CARTESIAN_POINT('Ctrl Pts',(-2.26999136070367,6.49816270632864,-22.2732254352232));
#11302=CARTESIAN_POINT('Ctrl Pts',(-0.814072863987621,7.00675606706665,
-22.3846591569358));
#11303=CARTESIAN_POINT('Ctrl Pts',(0.814072794755729,7.00675607511029,-22.4960928786484));
#11304=CARTESIAN_POINT('Ctrl Pts',(2.26999129649705,6.49816272875782,-22.607526600361));
#11305=CARTESIAN_POINT('Ctrl Pts',(-2.22600442879903,6.37224405949294,-22.41216344871));
#11306=CARTESIAN_POINT('Ctrl Pts',(-0.798298104553057,6.87098211332837,
-22.5235971704226));
#11307=CARTESIAN_POINT('Ctrl Pts',(0.798298036662713,6.87098212121614,-22.6350308921352));
#11308=CARTESIAN_POINT('Ctrl Pts',(2.22600436583658,6.3722440814875,-22.7464646138478));
#11309=CARTESIAN_POINT('Ctrl Pts',(2.35796514967921,6.74999999999999,-22.3296505990947));
#11310=CARTESIAN_POINT('Ctrl Pts',(1.98539451047644,6.74999999999999,-22.4331720244973));
#11311=CARTESIAN_POINT('Ctrl Pts',(1.60773111195295,6.75,-22.5098121759108));
#11312=CARTESIAN_POINT('Ctrl Pts',(1.00365041133712,6.75,-22.5789331697533));
#11313=CARTESIAN_POINT('Ctrl Pts',(0.783591061819639,6.75,-22.593199767769));
#11314=CARTESIAN_POINT('Ctrl Pts',(0.457392616315068,6.75,-22.5975464916069));
#11315=CARTESIAN_POINT('Ctrl Pts',(0.352392943029686,6.74999999999895,-22.5963867946042));
#11316=CARTESIAN_POINT('Ctrl Pts',(0.190597507882986,6.74999999999895,-22.5906537460901));
#11317=CARTESIAN_POINT('Ctrl Pts',(0.133859508328504,6.75,-22.5878946230032));
#11318=CARTESIAN_POINT('Ctrl Pts',(0.0304951896439602,6.75,-22.5815100179501));
#11319=CARTESIAN_POINT('Ctrl Pts',(-0.0161206513297425,6.75,-22.5781260550218));
#11320=CARTESIAN_POINT('Ctrl Pts',(-0.11756151143302,6.75,-22.5696706971489));
#11321=CARTESIAN_POINT('Ctrl Pts',(-0.172347655685996,6.75000000000014,
-22.5644085228366));
#11322=CARTESIAN_POINT('Ctrl Pts',(-0.321011475252914,6.75000000000014,
-22.5482603658732));
#11323=CARTESIAN_POINT('Ctrl Pts',(-0.414666631976137,6.74999999999694,
-22.5360578424637));
#11324=CARTESIAN_POINT('Ctrl Pts',(-0.851753381099136,6.74999999999694,
-22.4698585874137));
#11325=CARTESIAN_POINT('Ctrl Pts',(-1.18934492851794,6.75000000000001,-22.3918948897521));
#11326=CARTESIAN_POINT('Ctrl Pts',(-1.80559487773852,6.75000000000001,-22.2074690820719));
#11327=CARTESIAN_POINT('Ctrl Pts',(-2.08428066491833,6.75,-22.10733993152));
#11328=CARTESIAN_POINT('Ctrl Pts',(-2.35796522451294,6.75,-21.9953494082495));
#11329=CARTESIAN_POINT('Ctrl Pts',(-2.9318341592876,-6.07987981239846,-22.90666037112));
#11330=CARTESIAN_POINT('Ctrl Pts',(-4.29403606263254,-5.42300003922778,
-23.0180940944707));
#11331=CARTESIAN_POINT('Ctrl Pts',(-5.42300003922774,-4.29403606263259,
-23.1295278178214));
#11332=CARTESIAN_POINT('Ctrl Pts',(-6.07987981239843,-2.93183415928766,
-23.2409615411721));
#11333=CARTESIAN_POINT('Ctrl Pts',(-2.98976863050961,-6.20002119928722,
-23.0455983840955));
#11334=CARTESIAN_POINT('Ctrl Pts',(-4.37888830705734,-5.53016116180162,
-23.1570321074462));
#11335=CARTESIAN_POINT('Ctrl Pts',(-5.53016116180157,-4.37888830705739,
-23.268465830797));
#11336=CARTESIAN_POINT('Ctrl Pts',(-6.20002119928719,-2.98976863050967,
-23.3798995541477));
#11337=CARTESIAN_POINT('Ctrl Pts',(-3.04770310173161,-6.32016258617598,
-23.184536397071));
#11338=CARTESIAN_POINT('Ctrl Pts',(-4.46374055148214,-5.63732228437545,
-23.2959701204218));
#11339=CARTESIAN_POINT('Ctrl Pts',(-5.63732228437541,-4.46374055148219,
-23.4074038437725));
#11340=CARTESIAN_POINT('Ctrl Pts',(-6.32016258617595,-3.04770310173168,
-23.5188375671232));
#11341=CARTESIAN_POINT('Ctrl Pts',(-3.10563757295362,-6.44030397306474,
-23.3234744100466));
#11342=CARTESIAN_POINT('Ctrl Pts',(-4.54859279590694,-5.74448340694929,
-23.4349081333973));
#11343=CARTESIAN_POINT('Ctrl Pts',(-5.74448340694925,-4.54859279590699,
-23.546341856748));
#11344=CARTESIAN_POINT('Ctrl Pts',(-6.44030397306472,-3.10563757295368,
-23.6577755800987));
#11345=CARTESIAN_POINT('',(-3.10563757295578,-6.44030397306258,-23.3234744100457));
#11346=CARTESIAN_POINT('',(-6.44030397306265,-3.10563757295567,-23.6577755800975));
#11347=CARTESIAN_POINT('Ctrl Pts',(-3.10563757295365,-6.44030397306474,
-23.3234744100466));
#11348=CARTESIAN_POINT('Ctrl Pts',(-3.36908479774868,-6.17685674826972,
-23.2199529815838));
#11349=CARTESIAN_POINT('Ctrl Pts',(-3.63613320145389,-5.90980834456448,
-23.1433128132815));
#11350=CARTESIAN_POINT('Ctrl Pts',(-4.06328276121676,-5.48265878480162,
-23.0741918198561));
#11351=CARTESIAN_POINT('Ctrl Pts',(-4.21888821952419,-5.32705332649419,
-23.0599252219525));
#11352=CARTESIAN_POINT('Ctrl Pts',(-4.44954535234818,-5.09639619367021,
-23.0555784982185));
#11353=CARTESIAN_POINT('Ctrl Pts',(-4.52379133334995,-5.02215021266695,
-23.0567381952453));
#11354=CARTESIAN_POINT('Ctrl Pts',(-4.63819798270688,-4.90774356331002,
-23.0624712437821));
#11355=CARTESIAN_POINT('Ctrl Pts',(-4.67831780694357,-4.86762373907482,
-23.0652303668742));
#11356=CARTESIAN_POINT('Ctrl Pts',(-4.75140741761819,-4.79453412840021,
-23.0716149719318));
#11357=CARTESIAN_POINT('Ctrl Pts',(-4.78436979488139,-4.76157175113701,
-23.0749989348603));
#11358=CARTESIAN_POINT('Ctrl Pts',(-4.85609931494951,-4.68984223106889,
-23.0834542927296));
#11359=CARTESIAN_POINT('Ctrl Pts',(-4.89483896906561,-4.65110257695297,
-23.0887164670373));
#11360=CARTESIAN_POINT('Ctrl Pts',(-4.99996016399893,-4.54598138201966,
-23.1048646239815));
#11361=CARTESIAN_POINT('Ctrl Pts',(-5.06618436040913,-4.47975718560494,
-23.1170671473715));
#11362=CARTESIAN_POINT('Ctrl Pts',(-5.37525136465859,-4.17069018135549,
-23.183266402291));
#11363=CARTESIAN_POINT('Ctrl Pts',(-5.6139646371106,-3.93197690890781,-23.2612300997504));
#11364=CARTESIAN_POINT('Ctrl Pts',(-6.04971915511334,-3.49622239090507,
-23.4456559069122));
#11365=CARTESIAN_POINT('Ctrl Pts',(-6.24677976504697,-3.29916178097143,
-23.5457850571613));
#11366=CARTESIAN_POINT('Ctrl Pts',(-6.44030397306471,-3.10563757295369,
-23.6577755800987));
#11367=CARTESIAN_POINT('Ctrl Pts',(-3.10563757295559,-6.44030397306207,
-23.3234744100452));
#11368=CARTESIAN_POINT('Ctrl Pts',(-4.54859279590665,-5.74448340694696,
-23.4349081333958));
#11369=CARTESIAN_POINT('Ctrl Pts',(-5.74448340694716,-4.5485927959064,-23.5463418567464));
#11370=CARTESIAN_POINT('Ctrl Pts',(-6.44030397306221,-3.10563757295531,
-23.6577755800969));
#11371=CARTESIAN_POINT('Ctrl Pts',(2.22600442879936,-6.37224405949281,-22.51603537112));
#11372=CARTESIAN_POINT('Ctrl Pts',(0.798298083565656,-6.87098212065994,
-22.6274690944707));
#11373=CARTESIAN_POINT('Ctrl Pts',(-0.798298083565774,-6.87098212065993,
-22.7389028178214));
#11374=CARTESIAN_POINT('Ctrl Pts',(-2.22600442879947,-6.37224405949277,
-22.8503365411721));
#11375=CARTESIAN_POINT('Ctrl Pts',(2.26999136070402,-6.49816270632855,-22.6549733840955));
#11376=CARTESIAN_POINT('Ctrl Pts',(0.814072842585505,-7.00675607454314,
-22.7664071074462));
#11377=CARTESIAN_POINT('Ctrl Pts',(-0.814072842585623,-7.00675607454313,
-22.877840830797));
#11378=CARTESIAN_POINT('Ctrl Pts',(-2.26999136070414,-6.49816270632852,
-22.9892745541477));
#11379=CARTESIAN_POINT('Ctrl Pts',(2.31397829260869,-6.6240813531643,-22.793911397071));
#11380=CARTESIAN_POINT('Ctrl Pts',(0.829847601605348,-7.14253002842634,
-22.9053451204218));
#11381=CARTESIAN_POINT('Ctrl Pts',(-0.829847601605475,-7.14253002842633,
-23.0167788437725));
#11382=CARTESIAN_POINT('Ctrl Pts',(-2.3139782926088,-6.62408135316426,-23.1282125671232));
#11383=CARTESIAN_POINT('Ctrl Pts',(2.35796522451335,-6.75000000000004,-22.9328494100466));
#11384=CARTESIAN_POINT('Ctrl Pts',(0.845622360625198,-7.27830398230954,
-23.0442831333973));
#11385=CARTESIAN_POINT('Ctrl Pts',(-0.845622360625323,-7.27830398230953,
-23.155716856748));
#11386=CARTESIAN_POINT('Ctrl Pts',(-2.35796522451346,-6.75,-23.2671505800987));
#11387=CARTESIAN_POINT('',(2.35796522451039,-6.74999999999998,-22.9328494100457));
#11388=CARTESIAN_POINT('',(-2.35796522451071,-6.74999999999993,-23.2671505800975));
#11389=CARTESIAN_POINT('Ctrl Pts',(2.35796522451336,-6.75,-22.9328494100466));
#11390=CARTESIAN_POINT('Ctrl Pts',(1.98539458623952,-6.75,-22.8293279815841));
#11391=CARTESIAN_POINT('Ctrl Pts',(1.60773111190945,-6.75,-22.7526878132816));
#11392=CARTESIAN_POINT('Ctrl Pts',(1.00365041133114,-6.75,-22.6835668198561));
#11393=CARTESIAN_POINT('Ctrl Pts',(0.78359106181331,-6.74999999999999,-22.6693002219525));
#11394=CARTESIAN_POINT('Ctrl Pts',(0.457392616315646,-6.74999999999999,
-22.6649534982185));
#11395=CARTESIAN_POINT('Ctrl Pts',(0.352392943029953,-6.74999999999894,
-22.6661131952452));
#11396=CARTESIAN_POINT('Ctrl Pts',(0.190597507883269,-6.74999999999894,
-22.6718462437821));
#11397=CARTESIAN_POINT('Ctrl Pts',(0.133859508328567,-6.75,-22.6746053668742));
#11398=CARTESIAN_POINT('Ctrl Pts',(0.0304951896444718,-6.75,-22.6809899719318));
#11399=CARTESIAN_POINT('Ctrl Pts',(-0.0161206513290448,-6.75,-22.6843739348602));
#11400=CARTESIAN_POINT('Ctrl Pts',(-0.117561511433407,-6.75,-22.6928292927297));
#11401=CARTESIAN_POINT('Ctrl Pts',(-0.172347655687181,-6.75000000000015,
-22.6980914670375));
#11402=CARTESIAN_POINT('Ctrl Pts',(-0.321011475251101,-6.75000000000015,
-22.7142396239814));
#11403=CARTESIAN_POINT('Ctrl Pts',(-0.41466663197393,-6.74999999999693,
-22.7264421473711));
#11404=CARTESIAN_POINT('Ctrl Pts',(-0.85175338106792,-6.74999999999693,
-22.792641402291));
#11405=CARTESIAN_POINT('Ctrl Pts',(-1.18934492848514,-6.75000000000002,
-22.8706050997505));
#11406=CARTESIAN_POINT('Ctrl Pts',(-1.80559487770947,-6.75000000000002,
-23.0550309069122));
#11407=CARTESIAN_POINT('Ctrl Pts',(-2.08428066488704,-6.74999999999999,
-23.1551600571612));
#11408=CARTESIAN_POINT('Ctrl Pts',(-2.35796522451347,-6.74999999999999,
-23.2671505800987));
#11409=CARTESIAN_POINT('Ctrl Pts',(2.3579652245101,-6.74999999999965,-22.9328494100453));
#11410=CARTESIAN_POINT('Ctrl Pts',(0.845622360623765,-7.2783039823078,-23.0442831333959));
#11411=CARTESIAN_POINT('Ctrl Pts',(-0.845622360624281,-7.27830398230774,
-23.1557168567465));
#11412=CARTESIAN_POINT('Ctrl Pts',(-2.35796522451058,-6.74999999999949,
-23.2671505800971));
#11413=CARTESIAN_POINT('Ctrl Pts',(6.79407508028958,-1.94068917366028,-22.3694392170242));
#11414=CARTESIAN_POINT('Ctrl Pts',(6.7566578232959,-2.07168163590713,-22.3790284996105));
#11415=CARTESIAN_POINT('Ctrl Pts',(6.71545113749279,-2.20159164279105,-22.3886177821968));
#11416=CARTESIAN_POINT('Ctrl Pts',(6.6705239189165,-2.33020198964316,-22.3982070647831));
#11417=CARTESIAN_POINT('Ctrl Pts',(6.82105779151945,-1.94839663272439,-22.3986703887961));
#11418=CARTESIAN_POINT('Ctrl Pts',(6.78349193165804,-2.07990933234577,-22.4082596713824));
#11419=CARTESIAN_POINT('Ctrl Pts',(6.74212159324724,-2.21033527762603,-22.4178489539687));
#11420=CARTESIAN_POINT('Ctrl Pts',(6.69701594594432,-2.33945640126664,-22.427438236555));
#11421=CARTESIAN_POINT('Ctrl Pts',(6.84804050274932,-1.9561040917885,-22.427901560568));
#11422=CARTESIAN_POINT('Ctrl Pts',(6.81032604002018,-2.0881370287844,-22.4374908431543));
#11423=CARTESIAN_POINT('Ctrl Pts',(6.76879204900168,-2.21907891246102,-22.4470801257406));
#11424=CARTESIAN_POINT('Ctrl Pts',(6.72350797297214,-2.34871081289012,-22.4566694083269));
#11425=CARTESIAN_POINT('Ctrl Pts',(6.87502321397918,-1.96381155085261,-22.4571327323399));
#11426=CARTESIAN_POINT('Ctrl Pts',(6.83716014838233,-2.09636472522303,-22.4667220149262));
#11427=CARTESIAN_POINT('Ctrl Pts',(6.79546250475613,-2.227822547296,-22.4763112975124));
#11428=CARTESIAN_POINT('Ctrl Pts',(6.74999999999995,-2.35796522451359,-22.4859005800987));
#11429=CARTESIAN_POINT('',(6.75,-2.08883476483184,-22.3803190501942));
#11430=CARTESIAN_POINT('',(6.75,-2.35796522451034,-22.4859005800975));
#11431=CARTESIAN_POINT('Ctrl Pts',(6.74999982622341,-2.08883470998021,-22.3803190501941));
#11432=CARTESIAN_POINT('Ctrl Pts',(6.75000027281639,-2.17906440035935,-22.4141725387346));
#11433=CARTESIAN_POINT('Ctrl Pts',(6.74999999999994,-2.26878129246153,-22.4494069057688));
#11434=CARTESIAN_POINT('Ctrl Pts',(6.74999999999995,-2.35796522451359,-22.4859005800987));
#11435=CARTESIAN_POINT('',(6.87502321397847,-1.96381155085274,-22.4571327323388));
#11436=CARTESIAN_POINT('Ctrl Pts',(6.87502321397663,-1.96381155085214,-22.4571327323372));
#11437=CARTESIAN_POINT('Ctrl Pts',(6.83716014838008,-2.09636472522147,-22.4667220149234));
#11438=CARTESIAN_POINT('Ctrl Pts',(6.79546250475425,-2.22782254729337,-22.4763112975096));
#11439=CARTESIAN_POINT('Ctrl Pts',(6.74999999999851,-2.35796522450991,-22.4859005800958));
#11440=CARTESIAN_POINT('Ctrl Pts',(6.87502321397915,-1.9638115508527,-22.4571327323399));
#11441=CARTESIAN_POINT('Ctrl Pts',(6.83352285230487,-2.00531191252698,-22.431007763006));
#11442=CARTESIAN_POINT('Ctrl Pts',(6.79184750181608,-2.04698726301576,-22.4053904209865));
#11443=CARTESIAN_POINT('Ctrl Pts',(6.75000000000002,-2.08883476483181,-22.3803190501943));
#11444=CARTESIAN_POINT('Ctrl Pts',(-6.67052391951648,-2.33020198985262,
-23.6264058953929));
#11445=CARTESIAN_POINT('Ctrl Pts',(-6.71545113809679,-2.20159164298896,
-23.6359951779792));
#11446=CARTESIAN_POINT('Ctrl Pts',(-6.75665782390355,-2.07168163609356,
-23.6455844605655));
#11447=CARTESIAN_POINT('Ctrl Pts',(-6.79407508090059,-1.94068917383495,
-23.6551737431518));
#11448=CARTESIAN_POINT('Ctrl Pts',(-6.69701594634431,-2.33945640140624,
-23.6556370669441));
#11449=CARTESIAN_POINT('Ctrl Pts',(-6.74212159364991,-2.21033527775794,
-23.6652263495304));
#11450=CARTESIAN_POINT('Ctrl Pts',(-6.78349193206313,-2.07990933247008,
-23.6748156321167));
#11451=CARTESIAN_POINT('Ctrl Pts',(-6.82105779192678,-1.94839663284088,
-23.684404914703));
#11452=CARTESIAN_POINT('Ctrl Pts',(-6.72350797317215,-2.34871081295986,
-23.6848682384954));
#11453=CARTESIAN_POINT('Ctrl Pts',(-6.76879204920304,-2.21907891252692,
-23.6944575210816));
#11454=CARTESIAN_POINT('Ctrl Pts',(-6.81032604022271,-2.08813702884661,
-23.7040468036679));
#11455=CARTESIAN_POINT('Ctrl Pts',(-6.84804050295296,-1.95610409184681,
-23.7136360862542));
#11456=CARTESIAN_POINT('Ctrl Pts',(-6.74999999999999,-2.35796522451348,
-23.7140994100466));
#11457=CARTESIAN_POINT('Ctrl Pts',(-6.79546250475616,-2.2278225472959,-23.7236886926329));
#11458=CARTESIAN_POINT('Ctrl Pts',(-6.83716014838229,-2.09636472522314,
-23.7332779752192));
#11459=CARTESIAN_POINT('Ctrl Pts',(-6.87502321397915,-1.96381155085273,
-23.7428672578055));
#11460=CARTESIAN_POINT('',(-6.75,-2.35796522451031,-23.7140994100457));
#11461=CARTESIAN_POINT('Ctrl Pts',(-6.74999999999999,-2.35796522451348,
-23.7140994100466));
#11462=CARTESIAN_POINT('Ctrl Pts',(-6.74999999999999,-2.26864577505892,
-23.6892813593278));
#11463=CARTESIAN_POINT('Ctrl Pts',(-6.7500000306775,-2.17893779933991,-23.6659820011146));
#11464=CARTESIAN_POINT('Ctrl Pts',(-6.74999982622344,-2.08883470998022,
-23.6442939107049));
#11465=CARTESIAN_POINT('Ctrl Pts',(-6.74999999999998,-2.3579652245103,-23.7140994100457));
#11466=CARTESIAN_POINT('Ctrl Pts',(-6.79546250475571,-2.22782254729381,
-23.7236886926319));
#11467=CARTESIAN_POINT('Ctrl Pts',(-6.83716014838147,-2.09636472522215,
-23.7332779752181));
#11468=CARTESIAN_POINT('Ctrl Pts',(-6.87502321397801,-1.96381155085287,
-23.7428672578043));
#11469=CARTESIAN_POINT('Ctrl Pts',(-2.22600442879948,6.37224405949278,-24.07853537112));
#11470=CARTESIAN_POINT('Ctrl Pts',(-0.798298083565798,6.87098212065993,
-24.1899690944707));
#11471=CARTESIAN_POINT('Ctrl Pts',(0.798298083565769,6.87098212065993,-24.3014028178214));
#11472=CARTESIAN_POINT('Ctrl Pts',(2.22600442879945,6.37224405949279,-24.4128365411721));
#11473=CARTESIAN_POINT('Ctrl Pts',(-2.26999136070414,6.49816270632852,-24.2174733840955));
#11474=CARTESIAN_POINT('Ctrl Pts',(-0.814072842585648,7.00675607454312,
-24.3289071074462));
#11475=CARTESIAN_POINT('Ctrl Pts',(0.814072842585621,7.00675607454313,-24.440340830797));
#11476=CARTESIAN_POINT('Ctrl Pts',(2.26999136070412,6.49816270632853,-24.5517745541477));
#11477=CARTESIAN_POINT('Ctrl Pts',(-2.3139782926088,6.62408135316426,-24.356411397071));
#11478=CARTESIAN_POINT('Ctrl Pts',(-0.829847601605499,7.14253002842632,
-24.4678451204218));
#11479=CARTESIAN_POINT('Ctrl Pts',(0.829847601605466,7.14253002842633,-24.5792788437725));
#11480=CARTESIAN_POINT('Ctrl Pts',(2.31397829260878,6.62408135316427,-24.6907125671232));
#11481=CARTESIAN_POINT('Ctrl Pts',(-2.35796522451347,6.75,-24.4953494100466));
#11482=CARTESIAN_POINT('Ctrl Pts',(-0.845622360625348,7.27830398230952,
-24.6067831333973));
#11483=CARTESIAN_POINT('Ctrl Pts',(0.845622360625317,7.27830398230952,-24.718216856748));
#11484=CARTESIAN_POINT('Ctrl Pts',(2.35796522451344,6.75000000000001,-24.8296505800987));
#11485=CARTESIAN_POINT('',(-2.35796522451077,6.74999999999992,-24.4953494100457));
#11486=CARTESIAN_POINT('',(2.35796522451038,6.74999999999999,-24.8296505800975));
#11487=CARTESIAN_POINT('Ctrl Pts',(-2.35796522451347,6.75,-24.4953494100466));
#11488=CARTESIAN_POINT('Ctrl Pts',(-1.985394586238,6.75,-24.3918279815836));
#11489=CARTESIAN_POINT('Ctrl Pts',(-1.60773111190698,6.75,-24.3151878132811));
#11490=CARTESIAN_POINT('Ctrl Pts',(-1.00365041132813,6.75,-24.2460668198559));
#11491=CARTESIAN_POINT('Ctrl Pts',(-0.783591061811085,6.75,-24.2318002219524));
#11492=CARTESIAN_POINT('Ctrl Pts',(-0.457392616314327,6.75,-24.2274534982185));
#11493=CARTESIAN_POINT('Ctrl Pts',(-0.352392943028994,6.74999999999895,
-24.2286131952453));
#11494=CARTESIAN_POINT('Ctrl Pts',(-0.190597507883218,6.74999999999895,
-24.2343462437821));
#11495=CARTESIAN_POINT('Ctrl Pts',(-0.133859508329069,6.75,-24.2371053668742));
#11496=CARTESIAN_POINT('Ctrl Pts',(-0.0304951896437611,6.75,-24.2434899719319));
#11497=CARTESIAN_POINT('Ctrl Pts',(0.0161206513300626,6.75,-24.2468739348603));
#11498=CARTESIAN_POINT('Ctrl Pts',(0.117561511432884,6.75,-24.2553292927296));
#11499=CARTESIAN_POINT('Ctrl Pts',(0.17234765568586,6.75000000000014,-24.2605914670374));
#11500=CARTESIAN_POINT('Ctrl Pts',(0.321011475251954,6.75000000000014,-24.2767396239815));
#11501=CARTESIAN_POINT('Ctrl Pts',(0.4146666319754,6.74999999999695,-24.2889421473714));
#11502=CARTESIAN_POINT('Ctrl Pts',(0.85175338106777,6.74999999999695,-24.355141402291));
#11503=CARTESIAN_POINT('Ctrl Pts',(1.18934492848488,6.75000000000002,-24.4331050997504));
#11504=CARTESIAN_POINT('Ctrl Pts',(1.80559487770951,6.75000000000002,-24.6175309069122));
#11505=CARTESIAN_POINT('Ctrl Pts',(2.08428066488711,6.75,-24.7176600571613));
#11506=CARTESIAN_POINT('Ctrl Pts',(2.35796522451344,6.75,-24.8296505800987));
#11507=CARTESIAN_POINT('Ctrl Pts',(-2.35796522451041,6.74999999999898,-24.4953494100447));
#11508=CARTESIAN_POINT('Ctrl Pts',(-0.845622360624201,7.27830398230721,
-24.6067831333953));
#11509=CARTESIAN_POINT('Ctrl Pts',(0.845622360623911,7.27830398230724,-24.7182168567459));
#11510=CARTESIAN_POINT('Ctrl Pts',(2.35796522451014,6.74999999999907,-24.8296505800965));
#11511=CARTESIAN_POINT('Ctrl Pts',(-6.07987981239845,2.93183415928761,-23.68791037112));
#11512=CARTESIAN_POINT('Ctrl Pts',(-5.42300003922778,4.29403606263253,-23.7993440944707));
#11513=CARTESIAN_POINT('Ctrl Pts',(-4.29403606263256,5.42300003922775,-23.9107778178214));
#11514=CARTESIAN_POINT('Ctrl Pts',(-2.93183415928765,6.07987981239843,-24.0222115411721));
#11515=CARTESIAN_POINT('Ctrl Pts',(-6.20002119928721,2.98976863050962,-23.8268483840955));
#11516=CARTESIAN_POINT('Ctrl Pts',(-5.53016116180162,4.37888830705733,-23.9382821074462));
#11517=CARTESIAN_POINT('Ctrl Pts',(-4.37888830705736,5.53016116180159,-24.0497158307969));
#11518=CARTESIAN_POINT('Ctrl Pts',(-2.98976863050966,6.20002119928719,-24.1611495541477));
#11519=CARTESIAN_POINT('Ctrl Pts',(-6.32016258617598,3.04770310173163,-23.9657863970711));
#11520=CARTESIAN_POINT('Ctrl Pts',(-5.63732228437546,4.46374055148213,-24.0772201204218));
#11521=CARTESIAN_POINT('Ctrl Pts',(-4.46374055148217,5.63732228437543,-24.1886538437725));
#11522=CARTESIAN_POINT('Ctrl Pts',(-3.04770310173166,6.32016258617596,-24.3000875671232));
#11523=CARTESIAN_POINT('Ctrl Pts',(-6.44030397306474,3.10563757295363,-24.1047244100466));
#11524=CARTESIAN_POINT('Ctrl Pts',(-5.7444834069493,4.54859279590693,-24.2161581333973));
#11525=CARTESIAN_POINT('Ctrl Pts',(-4.54859279590696,5.74448340694927,-24.327591856748));
#11526=CARTESIAN_POINT('Ctrl Pts',(-3.10563757295367,6.44030397306472,-24.4390255800987));
#11527=CARTESIAN_POINT('',(-6.4403039730627,3.1056375729556,-24.1047244100457));
#11528=CARTESIAN_POINT('',(-3.1056375729558,6.44030397306257,-24.4390255800975));
#11529=CARTESIAN_POINT('Ctrl Pts',(-6.44030397306475,3.10563757295364,-24.1047244100466));
#11530=CARTESIAN_POINT('Ctrl Pts',(-6.17685674826985,3.36908479774854,-24.0012029815839));
#11531=CARTESIAN_POINT('Ctrl Pts',(-5.90980834456453,3.63613320145384,-23.9245628132815));
#11532=CARTESIAN_POINT('Ctrl Pts',(-5.4826587848015,4.06328276121687,-23.855441819856));
#11533=CARTESIAN_POINT('Ctrl Pts',(-5.32705332649413,4.21888821952426,-23.8411752219525));
#11534=CARTESIAN_POINT('Ctrl Pts',(-5.09639619367021,4.44954535234818,-23.8368284982185));
#11535=CARTESIAN_POINT('Ctrl Pts',(-5.02215021266695,4.52379133334995,-23.8379881952453));
#11536=CARTESIAN_POINT('Ctrl Pts',(-4.90774356330995,4.63819798270695,-23.8437212437821));
#11537=CARTESIAN_POINT('Ctrl Pts',(-4.86762373907469,4.6783178069437,-23.8464803668742));
#11538=CARTESIAN_POINT('Ctrl Pts',(-4.79453412840032,4.75140741761807,-23.8528649719318));
#11539=CARTESIAN_POINT('Ctrl Pts',(-4.76157175113722,4.78436979488118,-23.8562489348602));
#11540=CARTESIAN_POINT('Ctrl Pts',(-4.68984223106847,4.85609931494992,-23.8647042927296));
#11541=CARTESIAN_POINT('Ctrl Pts',(-4.65110257695216,4.89483896906644,-23.8699664670374));
#11542=CARTESIAN_POINT('Ctrl Pts',(-4.54598138202023,4.99996016399837,-23.8861146239814));
#11543=CARTESIAN_POINT('Ctrl Pts',(-4.47975718560597,5.0661843604081,-23.8983171473713));
#11544=CARTESIAN_POINT('Ctrl Pts',(-4.17069018135536,5.37525136465871,-23.964516402291));
#11545=CARTESIAN_POINT('Ctrl Pts',(-3.93197690890754,5.61396463711089,-24.0424800997505));
#11546=CARTESIAN_POINT('Ctrl Pts',(-3.4962223909052,6.04971915511323,-24.2269059069121));
#11547=CARTESIAN_POINT('Ctrl Pts',(-3.29916178097167,6.24677976504672,-24.3270350571612));
#11548=CARTESIAN_POINT('Ctrl Pts',(-3.10563757295367,6.44030397306472,-24.4390255800987));
#11549=CARTESIAN_POINT('Ctrl Pts',(-6.44030397306196,3.1056375729552,-24.1047244100449));
#11550=CARTESIAN_POINT('Ctrl Pts',(-5.74448340694692,4.54859279590625,-24.2161581333955));
#11551=CARTESIAN_POINT('Ctrl Pts',(-4.54859279590638,5.74448340694681,-24.3275918567461));
#11552=CARTESIAN_POINT('Ctrl Pts',(-3.10563757295535,6.44030397306188,-24.4390255800966));
#11553=CARTESIAN_POINT('Ctrl Pts',(-6.79407507619795,1.94068917249161,-23.9319392125916));
#11554=CARTESIAN_POINT('Ctrl Pts',(-6.7566578192268,2.07168163465957,-23.9415284951779));
#11555=CARTESIAN_POINT('Ctrl Pts',(-6.71545113344855,2.2015916414651,-23.9511177777642));
#11556=CARTESIAN_POINT('Ctrl Pts',(-6.67052391489932,2.33020198823977,-23.9607070603505));
#11557=CARTESIAN_POINT('Ctrl Pts',(-6.82105778879169,1.9483966319453,-23.961170385841));
#11558=CARTESIAN_POINT('Ctrl Pts',(-6.7834919289453,2.07990933151408,-23.9707596684273));
#11559=CARTESIAN_POINT('Ctrl Pts',(-6.74212159055108,2.21033527674204,-23.9803489510136));
#11560=CARTESIAN_POINT('Ctrl Pts',(-6.69701594326621,2.33945640033102,-23.9899382335999));
#11561=CARTESIAN_POINT('Ctrl Pts',(-6.84804050138542,1.95610409139899,-23.9904015590905));
#11562=CARTESIAN_POINT('Ctrl Pts',(-6.8103260386638,2.08813702836859,-23.9999908416767));
#11563=CARTESIAN_POINT('Ctrl Pts',(-6.76879204765362,2.21907891201899,-24.009580124263));
#11564=CARTESIAN_POINT('Ctrl Pts',(-6.72350797163309,2.34871081242227,-24.0191694068493));
#11565=CARTESIAN_POINT('Ctrl Pts',(-6.87502321397916,1.96381155085268,-24.0196327323399));
#11566=CARTESIAN_POINT('Ctrl Pts',(-6.8371601483823,2.0963647252231,-24.0292220149262));
#11567=CARTESIAN_POINT('Ctrl Pts',(-6.79546250475615,2.22782254729593,-24.0388112975124));
#11568=CARTESIAN_POINT('Ctrl Pts',(-6.74999999999998,2.35796522451352,-24.0484005800987));
#11569=CARTESIAN_POINT('',(-6.74999999999999,2.35796522451036,-24.0484005800975));
#11570=CARTESIAN_POINT('Ctrl Pts',(-6.74999984403073,2.08883468763091,-23.9428190591586));
#11571=CARTESIAN_POINT('Ctrl Pts',(-6.75000028476954,2.179064385702,-23.9766725445413));
#11572=CARTESIAN_POINT('Ctrl Pts',(-6.74999999999998,2.26878130210752,-24.0119069097159));
#11573=CARTESIAN_POINT('Ctrl Pts',(-6.74999999999998,2.35796522451352,-24.0484005800987));
#11574=CARTESIAN_POINT('Ctrl Pts',(-6.8750232139762,1.96381155085276,-24.019632732337));
#11575=CARTESIAN_POINT('Ctrl Pts',(-6.8371601483797,2.09636472522188,-24.0292220149232));
#11576=CARTESIAN_POINT('Ctrl Pts',(-6.79546250475398,2.22782254729342,-24.0388112975094));
#11577=CARTESIAN_POINT('Ctrl Pts',(-6.7499999999983,2.35796522450976,-24.0484005800956));
#11578=CARTESIAN_POINT('Origin',(0.,0.,0.));
#11579=CARTESIAN_POINT('',(-6.44030397402152,-3.10563757159096,-24.2827755784234));
#11580=CARTESIAN_POINT('',(-6.4403039730625,-3.10563757295589,0.));
#11581=CARTESIAN_POINT('',(-3.10563757295229,-6.44030397306503,-23.9484744082503));
#11582=CARTESIAN_POINT('Ctrl Pts',(-6.44030397380989,-3.10563757140601,
-24.282775578422));
#11583=CARTESIAN_POINT('Ctrl Pts',(-5.74448340779224,-4.54859279504252,
-24.1713418550314));
#11584=CARTESIAN_POINT('Ctrl Pts',(-4.54859279642122,-5.74448340670056,
-24.0599081316409));
#11585=CARTESIAN_POINT('Ctrl Pts',(-3.10563757295171,-6.44030397306452,
-23.9484744082503));
#11586=CARTESIAN_POINT('',(-3.10563757295588,-6.44030397306251,0.));
#11587=CARTESIAN_POINT('Origin',(0.,0.,0.));
#11588=CARTESIAN_POINT('',(-2.35796522415527,-6.75000000006201,-23.8921505782762));
#11589=CARTESIAN_POINT('',(-2.35796522451033,-6.75,0.));
#11590=CARTESIAN_POINT('',(2.35796522451405,-6.74999999999935,-23.5578494082503));
#11591=CARTESIAN_POINT('Ctrl Pts',(-2.35796522415523,-6.75000000012404,
-23.8921505782762));
#11592=CARTESIAN_POINT('Ctrl Pts',(-0.845622360357986,-7.27830398230862,
-23.7807168549342));
#11593=CARTESIAN_POINT('Ctrl Pts',(0.845622360745367,-7.27830398226679,
-23.6692831315923));
#11594=CARTESIAN_POINT('Ctrl Pts',(2.3579652245143,-6.74999999999861,-23.5578494082503));
#11595=CARTESIAN_POINT('',(2.35796522451033,-6.75,0.));
#11596=CARTESIAN_POINT('Origin',(0.,0.,0.));
#11597=CARTESIAN_POINT('',(6.74999999606865,-2.35796524701841,-23.1109005799608));
#11598=CARTESIAN_POINT('',(6.75,-2.35796522451032,0.));
#11599=CARTESIAN_POINT('',(6.87502321397773,-1.96381155085406,-23.0821327305438));
#11600=CARTESIAN_POINT('Ctrl Pts',(6.74999999213727,-2.35796524701843,-23.1109005799608));
#11601=CARTESIAN_POINT('Ctrl Pts',(6.79546249994774,-2.2278225624512,-23.1013112968218));
#11602=CARTESIAN_POINT('Ctrl Pts',(6.83716014619846,-2.09636473286449,-23.0917220136828));
#11603=CARTESIAN_POINT('Ctrl Pts',(6.87502321397772,-1.96381155085392,-23.0821327305438));
#11604=CARTESIAN_POINT('',(6.87502321397766,-1.96381155085418,0.));
#11605=CARTESIAN_POINT('Origin',(0.,0.,0.));
#11606=CARTESIAN_POINT('',(-6.75,-2.35796522451035,-24.3390994082506));
#11607=CARTESIAN_POINT('',(-6.75,-2.35796522451032,0.));
#11608=CARTESIAN_POINT('Ctrl Pts',(-6.87502321397835,-1.96381155085074,
-24.3678672560097));
#11609=CARTESIAN_POINT('Ctrl Pts',(-6.83716014838165,-2.09636472522072,
-24.3582779734234));
#11610=CARTESIAN_POINT('Ctrl Pts',(-6.79546250475567,-2.22782254729316,
-24.3486886908371));
#11611=CARTESIAN_POINT('Ctrl Pts',(-6.7499999999997,-2.35796522451032,-24.3390994082509));
#11612=CARTESIAN_POINT('Origin',(0.,0.,0.));
#11613=CARTESIAN_POINT('',(-3.90671949819702,5.98832553911419,-25.));
#11614=CARTESIAN_POINT('',(-3.10563757295589,6.4403039730625,-25.));
#11615=CARTESIAN_POINT('Origin',(0.,0.,-25.));
#11616=CARTESIAN_POINT('',(-6.44030397306584,3.10563757295114,-24.7297244082502));
#11617=CARTESIAN_POINT('Ctrl Pts',(-3.9067194981962,5.98832553911265,-25.0000000000018));
#11618=CARTESIAN_POINT('Ctrl Pts',(-4.99144742316453,5.28066064898043,-24.9099081360278));
#11619=CARTESIAN_POINT('Ctrl Pts',(-5.8777474170861,4.27223706842736,-24.8198162720538));
#11620=CARTESIAN_POINT('Ctrl Pts',(-6.44030397413842,3.1056375707207,-24.7297244080799));
#11621=CARTESIAN_POINT('',(-6.4403039730625,3.10563757295589,0.));
#11622=CARTESIAN_POINT('',(-3.10563757295589,6.4403039730625,0.));
#11623=CARTESIAN_POINT('Origin',(0.,0.,0.));
#11624=CARTESIAN_POINT('',(-6.75000000029482,2.35796522282239,-24.673400578178));
#11625=CARTESIAN_POINT('',(-6.75,2.35796522451032,0.));
#11626=CARTESIAN_POINT('Ctrl Pts',(-6.75000000058966,2.35796522282233,-24.673400578178));
#11627=CARTESIAN_POINT('Ctrl Pts',(-6.79546250511614,2.22782254615754,-24.6638112956332));
#11628=CARTESIAN_POINT('Ctrl Pts',(-6.83716014854489,2.09636472465002,-24.6542220130885));
#11629=CARTESIAN_POINT('Ctrl Pts',(-6.87502321397764,1.96381155085425,-24.6446327305438));
#11630=CARTESIAN_POINT('Ctrl Pts',(6.44030397306478,-3.10563757295323,-23.1672244082494));
#11631=CARTESIAN_POINT('Ctrl Pts',(5.74448340694943,-4.54859279590654,-23.2786581316001));
#11632=CARTESIAN_POINT('Ctrl Pts',(4.54859279590718,-5.74448340694891,-23.3900918549509));
#11633=CARTESIAN_POINT('Ctrl Pts',(3.10563757295396,-6.44030397306443,-23.5015255783016));
#11634=CARTESIAN_POINT('Ctrl Pts',(6.32016258617606,-3.04770310173125,-23.3061624217363));
#11635=CARTESIAN_POINT('Ctrl Pts',(5.63732228437562,-4.46374055148177,-23.417596145087));
#11636=CARTESIAN_POINT('Ctrl Pts',(4.46374055148241,-5.63732228437512,-23.5290298684377));
#11637=CARTESIAN_POINT('Ctrl Pts',(3.04770310173196,-6.32016258617571,-23.6404635917884));
#11638=CARTESIAN_POINT('Ctrl Pts',(6.20002119928733,-2.98976863050927,-23.4451004352231));
#11639=CARTESIAN_POINT('Ctrl Pts',(5.53016116180182,-4.37888830705701,-23.5565341585738));
#11640=CARTESIAN_POINT('Ctrl Pts',(4.37888830705763,-5.53016116180132,-23.6679678819245));
#11641=CARTESIAN_POINT('Ctrl Pts',(2.98976863050997,-6.20002119928699,-23.7794016052752));
#11642=CARTESIAN_POINT('Ctrl Pts',(6.07987981239861,-2.93183415928729,-23.5840384487099));
#11643=CARTESIAN_POINT('Ctrl Pts',(5.42300003922801,-4.29403606263225,-23.6954721720607));
#11644=CARTESIAN_POINT('Ctrl Pts',(4.29403606263286,-5.42300003922752,-23.8069058954114));
#11645=CARTESIAN_POINT('Ctrl Pts',(2.93183415928797,-6.07987981239828,-23.9183396187621));
#11646=CARTESIAN_POINT('Ctrl Pts',(3.10563757295395,-6.44030397306443,-23.5015255783016));
#11647=CARTESIAN_POINT('Ctrl Pts',(3.36908479771437,-6.17685674830402,-23.6050470072217));
#11648=CARTESIAN_POINT('Ctrl Pts',(3.63613320142311,-5.90980834459529,-23.6816871759109));
#11649=CARTESIAN_POINT('Ctrl Pts',(4.06328276121243,-5.48265878480597,-23.7508081697533));
#11650=CARTESIAN_POINT('Ctrl Pts',(4.21888821951968,-5.32705332649872,-23.765074767769));
#11651=CARTESIAN_POINT('Ctrl Pts',(4.44954535234832,-5.09639619367007,-23.7694214916068));
#11652=CARTESIAN_POINT('Ctrl Pts',(4.52379133335001,-5.02215021266689,-23.7682617946042));
#11653=CARTESIAN_POINT('Ctrl Pts',(4.63819798270714,-4.90774356330977,-23.7625287460901));
#11654=CARTESIAN_POINT('Ctrl Pts',(4.67831780694371,-4.86762373907469,-23.7597696230032));
#11655=CARTESIAN_POINT('Ctrl Pts',(4.75140741761848,-4.79453412839992,-23.7533850179501));
#11656=CARTESIAN_POINT('Ctrl Pts',(4.78436979488168,-4.76157175113671,-23.7500010550218));
#11657=CARTESIAN_POINT('Ctrl Pts',(4.85609931495027,-4.68984223106812,-23.7415456971488));
#11658=CARTESIAN_POINT('Ctrl Pts',(4.89483896906693,-4.65110257695167,-23.7362835228365));
#11659=CARTESIAN_POINT('Ctrl Pts',(4.99996016399919,-4.54598138201941,-23.7201353658733));
#11660=CARTESIAN_POINT('Ctrl Pts',(5.06618436040881,-4.47975718560525,-23.7079328424638));
#11661=CARTESIAN_POINT('Ctrl Pts',(5.37525136468082,-4.17069018133324,-23.6417335874137));
#11662=CARTESIAN_POINT('Ctrl Pts',(5.61396463713407,-3.93197690888432,-23.5637698897521));
#11663=CARTESIAN_POINT('Ctrl Pts',(6.04971915513361,-3.49622239088478,-23.3793440820719));
#11664=CARTESIAN_POINT('Ctrl Pts',(6.2467797650684,-3.29916178095,-23.2792149315203));
#11665=CARTESIAN_POINT('Ctrl Pts',(6.44030397306445,-3.10563757295394,-23.1672244082495));
#11666=CARTESIAN_POINT('Ctrl Pts',(2.3579652245146,-6.74999999999946,-23.5578494082494));
#11667=CARTESIAN_POINT('Ctrl Pts',(0.845622360626338,-7.27830398230932,
-23.6692831316001));
#11668=CARTESIAN_POINT('Ctrl Pts',(-0.845622360624547,-7.27830398230953,
-23.7807168549508));
#11669=CARTESIAN_POINT('Ctrl Pts',(-2.35796522451293,-6.75000000000004,
-23.8921505783016));
#11670=CARTESIAN_POINT('Ctrl Pts',(2.31397829260993,-6.62408135316377,-23.6967874217362));
#11671=CARTESIAN_POINT('Ctrl Pts',(0.829847601606476,-7.14253002842618,
-23.8082211450869));
#11672=CARTESIAN_POINT('Ctrl Pts',(-0.829847601604716,-7.14253002842638,
-23.9196548684377));
#11673=CARTESIAN_POINT('Ctrl Pts',(-2.3139782926083,-6.62408135316434,-24.0310885917884));
#11674=CARTESIAN_POINT('Ctrl Pts',(2.26999136070526,-6.49816270632808,-23.835725435223));
#11675=CARTESIAN_POINT('Ctrl Pts',(0.814072842586611,-7.00675607454302,
-23.9471591585738));
#11676=CARTESIAN_POINT('Ctrl Pts',(-0.814072842584889,-7.00675607454323,
-24.0585928819245));
#11677=CARTESIAN_POINT('Ctrl Pts',(-2.26999136070366,-6.49816270632864,
-24.1700266052752));
#11678=CARTESIAN_POINT('Ctrl Pts',(2.22600442880059,-6.37224405949239,-23.9746634487099));
#11679=CARTESIAN_POINT('Ctrl Pts',(0.798298083566749,-6.87098212065988,
-24.0860971720606));
#11680=CARTESIAN_POINT('Ctrl Pts',(-0.798298083565057,-6.87098212066007,
-24.1975308954114));
#11681=CARTESIAN_POINT('Ctrl Pts',(-2.22600442879902,-6.37224405949294,
-24.3089646187621));
#11682=CARTESIAN_POINT('Ctrl Pts',(-2.35796522451293,-6.75,-23.8921505783016));
#11683=CARTESIAN_POINT('Ctrl Pts',(-1.98539458628713,-6.75,-23.9956720072218));
#11684=CARTESIAN_POINT('Ctrl Pts',(-1.60773111195133,-6.74999999999999,
-24.0723121759111));
#11685=CARTESIAN_POINT('Ctrl Pts',(-1.00365041133516,-6.74999999999999,
-24.1414331697534));
#11686=CARTESIAN_POINT('Ctrl Pts',(-0.783591061818107,-6.75,-24.155699767769));
#11687=CARTESIAN_POINT('Ctrl Pts',(-0.457392616314177,-6.75,-24.1600464916069));
#11688=CARTESIAN_POINT('Ctrl Pts',(-0.352392943029012,-6.74999999999895,
-24.1588867946042));
#11689=CARTESIAN_POINT('Ctrl Pts',(-0.1905975078826,-6.74999999999895,-24.1531537460901));
#11690=CARTESIAN_POINT('Ctrl Pts',(-0.133859508328189,-6.75,-24.1503946230032));
#11691=CARTESIAN_POINT('Ctrl Pts',(-0.0304951896436233,-6.75,-24.1440100179501));
#11692=CARTESIAN_POINT('Ctrl Pts',(0.0161206513301524,-6.75,-24.1406260550218));
#11693=CARTESIAN_POINT('Ctrl Pts',(0.117561511433499,-6.75,-24.1321706971488));
#11694=CARTESIAN_POINT('Ctrl Pts',(0.172347655686791,-6.75000000000014,
-24.1269085228365));
#11695=CARTESIAN_POINT('Ctrl Pts',(0.321011475252859,-6.75000000000014,
-24.1107603658732));
#11696=CARTESIAN_POINT('Ctrl Pts',(0.414666631975703,-6.74999999999693,
-24.0985578424638));
#11697=CARTESIAN_POINT('Ctrl Pts',(0.851753381099201,-6.74999999999693,
-24.0323585874137));
#11698=CARTESIAN_POINT('Ctrl Pts',(1.18934492851788,-6.74999999999998,-23.9543948897522));
#11699=CARTESIAN_POINT('Ctrl Pts',(1.80559487773853,-6.74999999999998,-23.7699690820719));
#11700=CARTESIAN_POINT('Ctrl Pts',(2.08428066491813,-6.75,-23.6698399315201));
#11701=CARTESIAN_POINT('Ctrl Pts',(2.35796522451305,-6.75,-23.5578494082495));
#11702=CARTESIAN_POINT('Ctrl Pts',(-3.1056375729521,-6.44030397306533,-23.9484744082493));
#11703=CARTESIAN_POINT('Ctrl Pts',(-4.54859279642179,-5.74448340670128,
-24.0599081316399));
#11704=CARTESIAN_POINT('Ctrl Pts',(-5.74448340779296,-4.54859279504309,
-24.1713418550305));
#11705=CARTESIAN_POINT('Ctrl Pts',(-6.44030397381069,-3.1056375714064,-24.2827755784211));
#11706=CARTESIAN_POINT('Ctrl Pts',(-3.04770310173014,-6.32016258617659,
-24.0874124217362));
#11707=CARTESIAN_POINT('Ctrl Pts',(-4.46374055198741,-5.6373222841321,-24.1988461451268));
#11708=CARTESIAN_POINT('Ctrl Pts',(-5.63732228520342,-4.46374055063443,
-24.3102798685173));
#11709=CARTESIAN_POINT('Ctrl Pts',(-6.32016258690806,-3.04770310021327,
-24.4217135919079));
#11710=CARTESIAN_POINT('Ctrl Pts',(-2.98976863050818,-6.20002119928786,
-24.226350435223));
#11711=CARTESIAN_POINT('Ctrl Pts',(-4.37888830755304,-5.53016116156293,
-24.3377841586136));
#11712=CARTESIAN_POINT('Ctrl Pts',(-5.53016116261388,-4.37888830622578,
-24.4492178820042));
#11713=CARTESIAN_POINT('Ctrl Pts',(-6.20002120000542,-2.98976862902015,
-24.5606516053948));
#11714=CARTESIAN_POINT('Ctrl Pts',(-2.93183415928622,-6.07987981239913,
-24.3652884487098));
#11715=CARTESIAN_POINT('Ctrl Pts',(-4.29403606311866,-5.42300003899375,
-24.4767221721004));
#11716=CARTESIAN_POINT('Ctrl Pts',(-5.42300004002434,-4.29403606181712,
-24.588155895491));
#11717=CARTESIAN_POINT('Ctrl Pts',(-6.07987981310278,-2.93183415782702,
-24.6995896188816));
#11718=CARTESIAN_POINT('Ctrl Pts',(-6.44030397306442,-3.10563757295397,
-24.2827755783016));
#11719=CARTESIAN_POINT('Ctrl Pts',(-6.17685674830439,-3.369084797714,-24.3862970072216));
#11720=CARTESIAN_POINT('Ctrl Pts',(-5.90980834459566,-3.6361332014227,-24.4629371759108));
#11721=CARTESIAN_POINT('Ctrl Pts',(-5.4826587848061,-4.06328276121225,-24.5320581697533));
#11722=CARTESIAN_POINT('Ctrl Pts',(-5.32705332649887,-4.21888821951952,
-24.546324767769));
#11723=CARTESIAN_POINT('Ctrl Pts',(-5.09639619367016,-4.44954535234822,
-24.5506714916069));
#11724=CARTESIAN_POINT('Ctrl Pts',(-5.02215021266696,-4.52379133334994,
-24.5495117946042));
#11725=CARTESIAN_POINT('Ctrl Pts',(-4.90774356330971,-4.63819798270718,
-24.5437787460901));
#11726=CARTESIAN_POINT('Ctrl Pts',(-4.86762373907454,-4.67831780694386,
-24.5410196230032));
#11727=CARTESIAN_POINT('Ctrl Pts',(-4.79453412839977,-4.75140741761862,
-24.5346350179501));
#11728=CARTESIAN_POINT('Ctrl Pts',(-4.76157175113641,-4.78436979488198,
-24.5312510550218));
#11729=CARTESIAN_POINT('Ctrl Pts',(-4.6898422310685,-4.85609931494989,-24.5227956971489));
#11730=CARTESIAN_POINT('Ctrl Pts',(-4.65110257695242,-4.89483896906617,
-24.5175335228366));
#11731=CARTESIAN_POINT('Ctrl Pts',(-4.54598138201922,-4.99996016399937,
-24.5013853658732));
#11732=CARTESIAN_POINT('Ctrl Pts',(-4.47975718560491,-5.06618436040916,
-24.4891828424638));
#11733=CARTESIAN_POINT('Ctrl Pts',(-4.1706901813332,-5.37525136468087,-24.4229835874137));
#11734=CARTESIAN_POINT('Ctrl Pts',(-3.93197690888422,-5.61396463713417,
-24.3450198897521));
#11735=CARTESIAN_POINT('Ctrl Pts',(-3.49622239088476,-6.04971915513364,
-24.1605940820719));
#11736=CARTESIAN_POINT('Ctrl Pts',(-3.29916178094991,-6.24677976506848,
-24.0604649315203));
#11737=CARTESIAN_POINT('Ctrl Pts',(-3.10563757295397,-6.44030397306442,
-23.9484744082495));
#11738=CARTESIAN_POINT('Ctrl Pts',(-6.75000000000001,-2.357965224513,-24.3390994082495));
#11739=CARTESIAN_POINT('Ctrl Pts',(-6.79546250475631,-2.22782254729503,
-24.3486886908358));
#11740=CARTESIAN_POINT('Ctrl Pts',(-6.83716014838258,-2.09636472522176,
-24.3582779734221));
#11741=CARTESIAN_POINT('Ctrl Pts',(-6.87502321397952,-1.96381155085094,
-24.3678672560084));
#11742=CARTESIAN_POINT('Ctrl Pts',(-6.72350797163317,-2.34871081242177,
-24.3683305816064));
#11743=CARTESIAN_POINT('Ctrl Pts',(-6.76879204765382,-2.2190789120181,-24.3779198641927));
#11744=CARTESIAN_POINT('Ctrl Pts',(-6.81032603866412,-2.08813702836726,
-24.3875091467791));
#11745=CARTESIAN_POINT('Ctrl Pts',(-6.84804050138582,-1.95610409139727,
-24.3970984293654));
#11746=CARTESIAN_POINT('Ctrl Pts',(-6.69701594326633,-2.33945640033053,
-24.3975617549634));
#11747=CARTESIAN_POINT('Ctrl Pts',(-6.74212159055133,-2.21033527674118,
-24.4071510375497));
#11748=CARTESIAN_POINT('Ctrl Pts',(-6.78349192894566,-2.07990933151277,
-24.416740320136));
#11749=CARTESIAN_POINT('Ctrl Pts',(-6.82105778879212,-1.9483966319436,-24.4263296027223));
#11750=CARTESIAN_POINT('Ctrl Pts',(-6.67052391489948,-2.3302019882393,-24.4267929283203));
#11751=CARTESIAN_POINT('Ctrl Pts',(-6.71545113344883,-2.20159164146426,
-24.4363822109066));
#11752=CARTESIAN_POINT('Ctrl Pts',(-6.7566578192272,-2.07168163465828,-24.445971493493));
#11753=CARTESIAN_POINT('Ctrl Pts',(-6.79407507619843,-1.94068917248993,
-24.4555607760793));
#11754=CARTESIAN_POINT('Ctrl Pts',(-6.74999984403074,-2.08883468763082,
-24.4446809295122));
#11755=CARTESIAN_POINT('Ctrl Pts',(-6.75000028476958,-2.17906438570537,
-24.4108274440259));
#11756=CARTESIAN_POINT('Ctrl Pts',(-6.75,-2.26878130211106,-24.3755930787434));
#11757=CARTESIAN_POINT('Ctrl Pts',(-6.75000000000001,-2.357965224513,-24.3390994082495));
#11758=CARTESIAN_POINT('Ctrl Pts',(6.875023213979,-1.96381155085276,-23.0821327305427));
#11759=CARTESIAN_POINT('Ctrl Pts',(6.83716014619963,-2.09636473286382,-23.0917220136818));
#11760=CARTESIAN_POINT('Ctrl Pts',(6.79546249994876,-2.22782256245102,-23.1013112968208));
#11761=CARTESIAN_POINT('Ctrl Pts',(6.74999999213813,-2.35796524701873,-23.1109005799599));
#11762=CARTESIAN_POINT('Ctrl Pts',(6.84804050295286,-1.95610409184685,-23.1113639022015));
#11763=CARTESIAN_POINT('Ctrl Pts',(6.81032603804866,-2.08813703645732,-23.1209531853406));
#11764=CARTESIAN_POINT('Ctrl Pts',(6.76879204441455,-2.21907892762257,-23.1305424684796));
#11765=CARTESIAN_POINT('Ctrl Pts',(6.72350796534119,-2.3487108353768,-23.1401317516186));
#11766=CARTESIAN_POINT('Ctrl Pts',(6.82105779192672,-1.94839663284093,-23.1405950738603));
#11767=CARTESIAN_POINT('Ctrl Pts',(6.78349192989769,-2.07990934005082,-23.1501843569993));
#11768=CARTESIAN_POINT('Ctrl Pts',(6.74212158888035,-2.21033529279413,-23.1597736401384));
#11769=CARTESIAN_POINT('Ctrl Pts',(6.69701593854425,-2.33945642373487,-23.1693629232774));
#11770=CARTESIAN_POINT('Ctrl Pts',(6.79407508090058,-1.94068917383502,-23.169826245519));
#11771=CARTESIAN_POINT('Ctrl Pts',(6.75665782174672,-2.07168164364432,-23.1794155286581));
#11772=CARTESIAN_POINT('Ctrl Pts',(6.71545113334614,-2.20159165796568,-23.1890048117971));
#11773=CARTESIAN_POINT('Ctrl Pts',(6.67052391174731,-2.33020201209294,-23.1985940949362));
#11774=CARTESIAN_POINT('',(6.75,-2.08883476483185,-23.1807060779659));
#11775=CARTESIAN_POINT('Ctrl Pts',(6.75,-2.35796522451305,-23.1109005783016));
#11776=CARTESIAN_POINT('Ctrl Pts',(6.74999999999992,-2.26864577506118,-23.1357186291326));
#11777=CARTESIAN_POINT('Ctrl Pts',(6.75000003067743,-2.17893779934241,-23.1590179874535));
#11778=CARTESIAN_POINT('Ctrl Pts',(6.74999982622338,-2.08883470998031,-23.1807060779659));
#11779=CARTESIAN_POINT('Ctrl Pts',(6.74999982619326,-2.08883470997845,-23.180706077997));
#11780=CARTESIAN_POINT('Ctrl Pts',(6.79188688304989,-2.0469430968758,-23.1482356515259));
#11781=CARTESIAN_POINT('Ctrl Pts',(6.83356354339381,-2.00527122143795,-23.1153624029327));
#11782=CARTESIAN_POINT('Ctrl Pts',(6.875023213979,-1.96381155085276,-23.0821327305427));
#11783=CARTESIAN_POINT('Ctrl Pts',(-6.87502321397897,1.96381155085284,-24.6446327305427));
#11784=CARTESIAN_POINT('Ctrl Pts',(-6.83716014838218,2.09636472522303,-24.654222013129));
#11785=CARTESIAN_POINT('Ctrl Pts',(-6.79546250475615,2.22782254729547,-24.6638112957153));
#11786=CARTESIAN_POINT('Ctrl Pts',(-6.75000000000006,2.35796522451285,-24.6734005783016));
#11787=CARTESIAN_POINT('Ctrl Pts',(-6.84804050295283,1.95610409184692,-24.6738639022015));
#11788=CARTESIAN_POINT('Ctrl Pts',(-6.81032604022264,2.08813702884652,-24.6834531847878));
#11789=CARTESIAN_POINT('Ctrl Pts',(-6.76879204920307,2.21907891252651,-24.6930424673741));
#11790=CARTESIAN_POINT('Ctrl Pts',(-6.72350797317227,2.34871081295925,-24.7026317499603));
#11791=CARTESIAN_POINT('Ctrl Pts',(-6.82105779192669,1.948396632841,-24.7030950738603));
#11792=CARTESIAN_POINT('Ctrl Pts',(-6.7834919320631,2.07990933247001,-24.7126843564466));
#11793=CARTESIAN_POINT('Ctrl Pts',(-6.74212159364999,2.21033527775754,-24.7222736390328));
#11794=CARTESIAN_POINT('Ctrl Pts',(-6.69701594634447,2.33945640140565,-24.7318629216191));
#11795=CARTESIAN_POINT('Ctrl Pts',(-6.79407508090055,1.94068917383509,-24.732326245519));
#11796=CARTESIAN_POINT('Ctrl Pts',(-6.75665782390356,2.07168163609349,-24.7419155281053));
#11797=CARTESIAN_POINT('Ctrl Pts',(-6.71545113809691,2.20159164298858,-24.7515048106916));
#11798=CARTESIAN_POINT('Ctrl Pts',(-6.67052391951668,2.33020198985205,-24.7610940932779));
#11799=CARTESIAN_POINT('Ctrl Pts',(-6.75000000000006,2.35796522451285,-24.6734005783016));
#11800=CARTESIAN_POINT('Ctrl Pts',(-6.75000000000007,2.26864577506216,-24.6982186291322));
#11801=CARTESIAN_POINT('Ctrl Pts',(-6.75000003067752,2.17893779934323,-24.7215179874533));
#11802=CARTESIAN_POINT('Ctrl Pts',(-6.74999982622341,2.08883470998032,-24.7432060779659));
#11803=CARTESIAN_POINT('Ctrl Pts',(-6.44030397414079,3.10563757072185,-24.7297244080771));
#11804=CARTESIAN_POINT('Ctrl Pts',(-5.87774741708632,4.27223706843298,-24.8198162720514));
#11805=CARTESIAN_POINT('Ctrl Pts',(-4.99144742316023,5.28066064898937,-24.9099081360257));
#11806=CARTESIAN_POINT('Ctrl Pts',(-3.90671949818636,5.98832553912221,-25.));
#11807=CARTESIAN_POINT('Ctrl Pts',(-6.37702311132806,3.07512233016053,-24.8029058287112));
#11808=CARTESIAN_POINT('Ctrl Pts',(-5.81999409838552,4.23025910451753,-24.8929976926855));
#11809=CARTESIAN_POINT('Ctrl Pts',(-4.94240267296051,5.2287741598685,-24.9830895566598));
#11810=CARTESIAN_POINT('Ctrl Pts',(-3.86833302114968,5.92948570664835,-25.0731814206341));
#11811=CARTESIAN_POINT('Ctrl Pts',(-6.31374224851532,3.04460708959921,-24.8760872493453));
#11812=CARTESIAN_POINT('Ctrl Pts',(-5.76224077968472,4.18828114060208,-24.9661791133196));
#11813=CARTESIAN_POINT('Ctrl Pts',(-4.89335792276079,5.17688767074763,-25.0562709772939));
#11814=CARTESIAN_POINT('Ctrl Pts',(-3.829946544113,5.87064587417448,-25.1463628412682));
#11815=CARTESIAN_POINT('Ctrl Pts',(-6.25046138570258,3.01409184903789,-24.9492686699794));
#11816=CARTESIAN_POINT('Ctrl Pts',(-5.70448746098392,4.14630317668663,-25.0393605339537));
#11817=CARTESIAN_POINT('Ctrl Pts',(-4.84431317256107,5.12500118162677,-25.129452397928));
#11818=CARTESIAN_POINT('Ctrl Pts',(-3.79156006707632,5.81180604170062,-25.2195442619023));
#11819=CARTESIAN_POINT('',(-5.91106505947492,3.63487648654346,-25.));
#11820=CARTESIAN_POINT('Ctrl Pts',(-5.91061428487328,3.6345066787112,-25.0000000000896));
#11821=CARTESIAN_POINT('Ctrl Pts',(-5.82314135033778,3.80095248027974,-25.0000000000794));
#11822=CARTESIAN_POINT('Ctrl Pts',(-5.72893133478046,3.96371796232193,-25.0000000000658));
#11823=CARTESIAN_POINT('Ctrl Pts',(-5.62832333414821,4.12247879534033,-25.0000000000523));
#11824=CARTESIAN_POINT('Ctrl Pts',(-5.52702874397836,4.28232307625795,-25.0000000000387));
#11825=CARTESIAN_POINT('Ctrl Pts',(-5.41924822352304,4.4381084756067,-25.0000000000251));
#11826=CARTESIAN_POINT('Ctrl Pts',(-5.30527888335431,4.58948427131144,-25.0000000000152));
#11827=CARTESIAN_POINT('Ctrl Pts',(-5.19933300441437,4.73020318485808,-25.000000000006));
#11828=CARTESIAN_POINT('Ctrl Pts',(-5.08803829970612,4.86711170891214,-25.));
#11829=CARTESIAN_POINT('Ctrl Pts',(-4.97159967870699,4.99990591759084,-25.));
#11830=CARTESIAN_POINT('Ctrl Pts',(-4.84466151584261,5.14467448959951,-25.));
#11831=CARTESIAN_POINT('Ctrl Pts',(-4.7119753439499,5.28413701869472,-25.));
#11832=CARTESIAN_POINT('Ctrl Pts',(-4.57387744309087,5.41794653058782,-25.));
#11833=CARTESIAN_POINT('Ctrl Pts',(-4.43595238698323,5.5515885651212,-25.));
#11834=CARTESIAN_POINT('Ctrl Pts',(-4.29262873028718,5.67959232215217,-25.));
#11835=CARTESIAN_POINT('Ctrl Pts',(-4.14419781146528,5.80158457266035,-25.));
#11836=CARTESIAN_POINT('Ctrl Pts',(-4.06642852532804,5.86550151335974,-25.));
#11837=CARTESIAN_POINT('Ctrl Pts',(-3.98725652696176,5.92776768788991,-25.));
#11838=CARTESIAN_POINT('Ctrl Pts',(-3.90671949818636,5.98832553912221,-25.));
#11839=CARTESIAN_POINT('Ctrl Pts',(-5.91106505947492,3.63487648654347,-25.));
#11840=CARTESIAN_POINT('Ctrl Pts',(-6.0902220114906,3.45571953452779,-24.9211204418585));
#11841=CARTESIAN_POINT('Ctrl Pts',(-6.26668604952448,3.27925549649391,-24.8301953638357));
#11842=CARTESIAN_POINT('Ctrl Pts',(-6.44030397306452,3.10563757295387,-24.7297244082494));
#11843=CARTESIAN_POINT('Origin',(2.79594154601839,-6.75,0.));
#11844=CARTESIAN_POINT('',(2.79594154601839,-6.75,-25.));
#11845=CARTESIAN_POINT('',(-2.79594154601839,-6.75,-25.));
#11846=CARTESIAN_POINT('',(1.3979707730092,-6.75,-25.));
#11847=CARTESIAN_POINT('',(2.79594154601839,-6.75,0.));
#11848=CARTESIAN_POINT('',(-2.79594154601839,-6.75,0.));
#11849=CARTESIAN_POINT('Origin',(-2.79594154601839,-6.75,0.));
#11850=CARTESIAN_POINT('',(-6.75,-2.79594154601839,-25.));
#11851=CARTESIAN_POINT('',(-3.78444394628687,-5.76149759973152,-25.));
#11852=CARTESIAN_POINT('',(-6.75,-2.79594154601839,0.));
#11853=CARTESIAN_POINT('Origin',(-6.75,2.79594154601839,0.));
#11854=CARTESIAN_POINT('',(-6.75,2.79594154601839,-25.));
#11855=CARTESIAN_POINT('',(-5.76149759973152,3.78444394628687,-25.));
#11856=CARTESIAN_POINT('',(-6.75,2.79594154601839,0.));
#11857=CARTESIAN_POINT('',(-2.79594154601839,6.75,-25.));
#11858=CARTESIAN_POINT('',(-2.79594154601839,6.75,0.));
#11859=CARTESIAN_POINT('',(-5.76149759973152,3.78444394628687,-25.));
#11860=CARTESIAN_POINT('Origin',(6.75,-2.79594154601839,0.));
#11861=CARTESIAN_POINT('',(6.75,-2.79594154601839,-25.));
#11862=CARTESIAN_POINT('',(5.76147317327768,-3.78446837274071,-25.));
#11863=CARTESIAN_POINT('',(6.75,-2.79594154601839,0.));
#11864=CARTESIAN_POINT('Origin',(-6.75,-2.79594154601839,0.));
#11865=CARTESIAN_POINT('',(-6.75,-1.39799519946304,-25.));
#11866=CARTESIAN_POINT('Origin',(-6.75,-2.79594154601839,0.));
#11867=CARTESIAN_POINT('',(-6.75,-1.39799519946304,-25.));
#11868=CARTESIAN_POINT('Origin',(-2.79594154601839,6.75,0.));
#11869=CARTESIAN_POINT('',(2.35796522451032,6.75,-25.));
#11870=CARTESIAN_POINT('',(2.79594154601839,6.75,-25.));
#11871=CARTESIAN_POINT('',(-1.3979707730092,6.75,-25.));
#11872=CARTESIAN_POINT('',(2.35796522451032,6.75,0.));
#11873=CARTESIAN_POINT('',(-2.35796522451032,6.75,-25.));
#11874=CARTESIAN_POINT('',(-2.35796522451032,6.75,0.));
#11875=CARTESIAN_POINT('',(-1.3979707730092,6.75,-25.));
#11876=CARTESIAN_POINT('',(2.79594154601839,6.75,0.));
#11877=CARTESIAN_POINT('Origin',(0.,0.,0.));
#11878=CARTESIAN_POINT('Origin',(0.,0.,-25.));
#11879=CARTESIAN_POINT('Origin',(2.79594154601839,6.75,0.));
#11880=CARTESIAN_POINT('',(6.02088905793468,3.52505248808371,-25.0000000000001));
#11881=CARTESIAN_POINT('',(6.75,2.79594154601839,-25.));
#11882=CARTESIAN_POINT('',(3.78446837274071,5.76147317327768,-25.));
#11883=CARTESIAN_POINT('',(3.10563757295535,6.44030397306288,-24.8859744100457));
#11884=CARTESIAN_POINT('Ctrl Pts',(3.10563757295364,6.44030397306473,-24.8859744100466));
#11885=CARTESIAN_POINT('Ctrl Pts',(3.18973559302473,6.35620595299365,-24.8529281436628));
#11886=CARTESIAN_POINT('Ctrl Pts',(3.27418427652241,6.27166266794989,-24.8226211414094));
#11887=CARTESIAN_POINT('Ctrl Pts',(3.35899170008155,6.18668849623495,-24.7952413315731));
#11888=CARTESIAN_POINT('Ctrl Pts',(3.44379555424202,6.10171790093683,-24.767862674106));
#11889=CARTESIAN_POINT('Ctrl Pts',(3.52895845820371,6.01631705958636,-24.7434109626601));
#11890=CARTESIAN_POINT('Ctrl Pts',(3.6145342890352,5.93047560422008,-24.7220741017945));
#11891=CARTESIAN_POINT('Ctrl Pts',(3.69980179886926,5.84494342686936,-24.7008141154641));
#11892=CARTESIAN_POINT('Ctrl Pts',(3.78547972589775,5.75897437150724,-24.6826465751689));
#11893=CARTESIAN_POINT('Ctrl Pts',(3.87166081234098,5.67252485812383,-24.6677573617738));
#11894=CARTESIAN_POINT('Ctrl Pts',(3.8834509514341,5.66069799646092,-24.6657204195147));
#11895=CARTESIAN_POINT('Ctrl Pts',(3.89525056173478,5.6488620837503,-24.6637448345477));
#11896=CARTESIAN_POINT('Ctrl Pts',(3.90705993045287,5.63701695067112,-24.6618310828166));
#11897=CARTESIAN_POINT('Ctrl Pts',(4.00546187275817,5.53831700068391,-24.6458846853484));
#11898=CARTESIAN_POINT('Ctrl Pts',(4.10398078446861,5.43952883884589,-24.6343130666655));
#11899=CARTESIAN_POINT('Ctrl Pts',(4.20275402574046,5.3405535306857,-24.6272303962548));
#11900=CARTESIAN_POINT('Ctrl Pts',(4.25969535829357,5.28349570951949,-24.6231473400948));
#11901=CARTESIAN_POINT('Ctrl Pts',(4.31672189196567,5.2263749454044,-24.6205561204831));
#11902=CARTESIAN_POINT('Ctrl Pts',(4.37386419325667,5.16916570067984,-24.619478610755));
#11903=CARTESIAN_POINT('Ctrl Pts',(4.44811470842179,5.09482819944107,-24.6180784982185));
#11904=CARTESIAN_POINT('Ctrl Pts',(4.52233637373599,5.02056579953955,-24.6192381952453));
#11905=CARTESIAN_POINT('Ctrl Pts',(4.59659240257148,4.94631874461164,-24.6229592708268));
#11906=CARTESIAN_POINT('Ctrl Pts',(4.63674238569173,4.90617361365281,-24.6249712437821));
#11907=CARTESIAN_POINT('Ctrl Pts',(4.67686891624139,4.86606633853287,-24.6277303668742));
#11908=CARTESIAN_POINT('Ctrl Pts',(4.71698143153327,4.82598706163891,-24.6312331369958));
#11909=CARTESIAN_POINT('Ctrl Pts',(4.74998321124604,4.79301262816155,-24.6341149719318));
#11910=CARTESIAN_POINT('Ctrl Pts',(4.78296134731503,4.76007127959444,-24.6374989348603));
#11911=CARTESIAN_POINT('Ctrl Pts',(4.81592077778131,4.72715750099502,-24.6413817625994));
#11912=CARTESIAN_POINT('Ctrl Pts',(4.85473475537885,4.68839728435488,-24.6459542927296));
#11913=CARTESIAN_POINT('Ctrl Pts',(4.89350423356947,4.64969384581078,-24.6512164670374));
#11914=CARTESIAN_POINT('Ctrl Pts',(4.93223663340751,4.61103828977928,-24.6571609117842));
#11915=CARTESIAN_POINT('Ctrl Pts',(4.99872127200635,4.54468555451533,-24.6673646239815));
#11916=CARTESIAN_POINT('Ctrl Pts',(5.06502216287773,4.47854847295578,-24.6795671473713));
#11917=CARTESIAN_POINT('Ctrl Pts',(5.13117097471728,4.41258425700792,-24.6937168166361));
#11918=CARTESIAN_POINT('Ctrl Pts',(5.22086616244828,4.32313937404732,-24.7129032117617));
#11919=CARTESIAN_POINT('Ctrl Pts',(5.30998302105683,4.23431900048774,-24.735610789455));
#11920=CARTESIAN_POINT('Ctrl Pts',(5.39857483420005,4.14601791679132,-24.761626115786));
#11921=CARTESIAN_POINT('Ctrl Pts',(5.48582951245155,4.05904957994587,-24.7872487873183));
#11922=CARTESIAN_POINT('Ctrl Pts',(5.5725743338478,3.97258445324132,-24.8160801119165));
#11923=CARTESIAN_POINT('Ctrl Pts',(5.6588271382983,3.88655969067934,-24.8479161747302));
#11924=CARTESIAN_POINT('Ctrl Pts',(5.7225754304776,3.8229799412046,-24.8714457822254));
#11925=CARTESIAN_POINT('Ctrl Pts',(5.78605423255631,3.75964148365876,-24.8966167249832));
#11926=CARTESIAN_POINT('Ctrl Pts',(5.84926159076457,3.69653487066337,-24.923346677415));
#11927=CARTESIAN_POINT('Ctrl Pts',(5.90676571203417,3.63912240430711,-24.9476647705887));
#11928=CARTESIAN_POINT('Ctrl Pts',(5.96398157817138,3.58195948490971,-24.9732435908464));
#11929=CARTESIAN_POINT('Ctrl Pts',(6.0208890579213,3.52505248808072,-24.9999999999863));
#11930=CARTESIAN_POINT('',(3.10563757295588,6.44030397306251,-25.));
#11931=CARTESIAN_POINT('',(3.10563757295588,6.44030397306251,0.));
#11932=CARTESIAN_POINT('',(3.78446837274071,5.76147317327768,-25.));
#11933=CARTESIAN_POINT('',(6.75,2.79594154601839,0.));
#11934=CARTESIAN_POINT('Origin',(0.,0.,0.));
#11935=CARTESIAN_POINT('',(4.48799328838312,5.56600541173183,-25.));
#11936=CARTESIAN_POINT('Origin',(0.,0.,-25.));
#11937=CARTESIAN_POINT('Ctrl Pts',(3.10563757295497,6.44030397306174,-24.8859744100445));
#11938=CARTESIAN_POINT('Ctrl Pts',(3.5978100070186,6.20296902583035,-24.9239829400293));
#11939=CARTESIAN_POINT('Ctrl Pts',(4.06162663093061,5.90781113777355,-24.9619914700141));
#11940=CARTESIAN_POINT('Ctrl Pts',(4.48662597065276,5.56448329469481,-24.9999999999989));
#11941=CARTESIAN_POINT('Ctrl Pts',(2.93183415928762,6.07987981239844,-24.46916037112));
#11942=CARTESIAN_POINT('Ctrl Pts',(4.13120571564891,5.50151994228272,-24.567273901778));
#11943=CARTESIAN_POINT('Ctrl Pts',(5.15220540814168,4.55942559678961,-24.6653874324361));
#11944=CARTESIAN_POINT('Ctrl Pts',(5.82495998387254,3.41034180941727,-24.7635009630941));
#11945=CARTESIAN_POINT('Ctrl Pts',(2.98976863050963,6.20002119928721,-24.6080983840955));
#11946=CARTESIAN_POINT('Ctrl Pts',(4.21284035309499,5.61023265639166,-24.7062119147536));
#11947=CARTESIAN_POINT('Ctrl Pts',(5.25401549688844,4.6495220676931,-24.8043254454116));
#11948=CARTESIAN_POINT('Ctrl Pts',(5.94006403076618,3.47773182490945,-24.9024389760697));
#11949=CARTESIAN_POINT('Ctrl Pts',(3.04770310173164,6.32016258617597,-24.747036397071));
#11950=CARTESIAN_POINT('Ctrl Pts',(4.29447499054106,5.71894537050061,-24.8451499277291));
#11951=CARTESIAN_POINT('Ctrl Pts',(5.3558255856352,4.73961853859658,-24.9432634583871));
#11952=CARTESIAN_POINT('Ctrl Pts',(6.05516807765982,3.54512184040163,-25.0413769890452));
#11953=CARTESIAN_POINT('Ctrl Pts',(3.10563757295364,6.44030397306473,-24.8859744100466));
#11954=CARTESIAN_POINT('Ctrl Pts',(4.37610962798713,5.82765808460956,-24.9840879407046));
#11955=CARTESIAN_POINT('Ctrl Pts',(5.45763567438196,4.82971500950006,-25.0822014713627));
#11956=CARTESIAN_POINT('Ctrl Pts',(6.17027212455346,3.61251185589381,-25.1803150020207));
#11957=CARTESIAN_POINT('Ctrl Pts',(4.48662597064172,5.56448329470644,-25.));
#11958=CARTESIAN_POINT('Ctrl Pts',(4.62808554541652,5.43371076577833,-25.));
#11959=CARTESIAN_POINT('Ctrl Pts',(4.76414000336306,5.29744414824729,-25.));
#11960=CARTESIAN_POINT('Ctrl Pts',(4.89446953860705,5.15602140775511,-25.));
#11961=CARTESIAN_POINT('Ctrl Pts',(5.02377358939543,5.0157114374556,-25.));
#11962=CARTESIAN_POINT('Ctrl Pts',(5.14744283467603,4.87032558317581,-25.));
#11963=CARTESIAN_POINT('Ctrl Pts',(5.26512297378546,4.72016523442814,-25.));
#11964=CARTESIAN_POINT('Ctrl Pts',(5.33789608106878,4.62730644575051,-25.));
#11965=CARTESIAN_POINT('Ctrl Pts',(5.4083780128621,4.53262128729131,-25.));
#11966=CARTESIAN_POINT('Ctrl Pts',(5.47647588194699,4.43617692824234,-25.));
#11967=CARTESIAN_POINT('Ctrl Pts',(5.50126684075386,4.40106645908276,-25.));
#11968=CARTESIAN_POINT('Ctrl Pts',(5.5257417652236,4.36572281491415,-25.));
#11969=CARTESIAN_POINT('Ctrl Pts',(5.54989592565237,4.33014915660506,-25.));
#11970=CARTESIAN_POINT('Ctrl Pts',(5.573354577804,4.29559982592163,-25.));
#11971=CARTESIAN_POINT('Ctrl Pts',(5.59651343172112,4.26082914397714,-25.));
#11972=CARTESIAN_POINT('Ctrl Pts',(5.61935135818037,4.2258659996998,-25.));
#11973=CARTESIAN_POINT('Ctrl Pts',(5.72232360130963,4.06822325575301,-24.9999999999998));
#11974=CARTESIAN_POINT('Ctrl Pts',(5.81883560088267,3.90658401776166,-24.9999999999991));
#11975=CARTESIAN_POINT('Ctrl Pts',(5.9085432514748,3.74124110996659,-24.9999999999985));
#11976=CARTESIAN_POINT('Ctrl Pts',(5.94727075631138,3.66986126422253,-24.9999999999982));
#11977=CARTESIAN_POINT('Ctrl Pts',(5.9847295299767,3.59779089081946,-24.9999999999979));
#11978=CARTESIAN_POINT('Ctrl Pts',(6.02088905793245,3.52505248808285,-24.9999999999977));
#11979=CARTESIAN_POINT('Origin',(6.75,2.79594154601839,0.));
#11980=CARTESIAN_POINT('',(6.75,2.08883476483185,-25.));
#11981=CARTESIAN_POINT('',(6.75,1.39794634655536,-25.));
#11982=CARTESIAN_POINT('',(6.75,2.08883476483185,0.));
#11983=CARTESIAN_POINT('',(6.75,2.08883476483185,0.));
#11984=CARTESIAN_POINT('',(6.75,2.08883476483185,0.));
#11985=CARTESIAN_POINT('',(6.75,2.08883476483185,0.));
#11986=CARTESIAN_POINT('',(6.75,2.08883476483185,0.));
#11987=CARTESIAN_POINT('',(6.75,2.08883476483185,0.));
#11988=CARTESIAN_POINT('',(6.75,2.08883476483185,0.));
#11989=CARTESIAN_POINT('',(6.75,2.08883476483185,0.));
#11990=CARTESIAN_POINT('',(6.75,2.08883476483185,0.));
#11991=CARTESIAN_POINT('Origin',(4.41941738241592,4.41941738241592,0.));
#11992=CARTESIAN_POINT('',(7.55,1.28883476483185,-25.));
#11993=CARTESIAN_POINT('',(4.41942959564284,4.419405169189,-25.));
#11994=CARTESIAN_POINT('',(7.55,1.28883476483185,0.));
#11995=CARTESIAN_POINT('Origin',(7.55,1.28883476483184,0.));
#11996=CARTESIAN_POINT('',(7.55,-1.28883476483184,-25.));
#11997=CARTESIAN_POINT('',(7.55,0.644392955962087,-25.));
#11998=CARTESIAN_POINT('',(7.55,-1.28883476483184,0.));
#11999=CARTESIAN_POINT('Origin',(7.55,-1.28883476483184,0.));
#12000=CARTESIAN_POINT('',(6.75,-2.08883476483184,-25.));
#12001=CARTESIAN_POINT('',(5.98469647798104,-2.8541382868508,-25.));
#12002=CARTESIAN_POINT('',(6.75,-2.08883476483184,0.));
#12003=CARTESIAN_POINT('',(6.75,-2.08883476483184,0.));
#12004=CARTESIAN_POINT('',(6.75,-2.08883476483184,0.));
#12005=CARTESIAN_POINT('',(6.75,-2.08883476483184,0.));
#12006=CARTESIAN_POINT('',(6.75,-2.08883476483184,0.));
#12007=CARTESIAN_POINT('',(6.75,-2.08883476483184,0.));
#12008=CARTESIAN_POINT('',(6.75,-2.08883476483184,0.));
#12009=CARTESIAN_POINT('',(6.75,-2.08883476483184,0.));
#12010=CARTESIAN_POINT('',(6.75,-2.08883476483184,0.));
#12011=CARTESIAN_POINT('Origin',(6.75,2.79594154601839,0.));
#12012=CARTESIAN_POINT('',(6.75,1.39794634655536,-25.));
#12013=CARTESIAN_POINT('Origin',(1.11023387214974E-15,-4.88529076786426E-5,
-25.));
#12014=UNCERTAINTY_MEASURE_WITH_UNIT(LENGTH_MEASURE(0.01),#12018,
'DISTANCE_ACCURACY_VALUE',
'Maximum model space distance between geometric entities at asserted c
onnectivities');
#12015=UNCERTAINTY_MEASURE_WITH_UNIT(LENGTH_MEASURE(0.01),#12018,
'DISTANCE_ACCURACY_VALUE',
'Maximum model space distance between geometric entities at asserted c
onnectivities');
#12016=(
GEOMETRIC_REPRESENTATION_CONTEXT(3)
GLOBAL_UNCERTAINTY_ASSIGNED_CONTEXT((#12014))
GLOBAL_UNIT_ASSIGNED_CONTEXT((#12018,#12020,#12021))
REPRESENTATION_CONTEXT('','3D')
);
#12017=(
GEOMETRIC_REPRESENTATION_CONTEXT(3)
GLOBAL_UNCERTAINTY_ASSIGNED_CONTEXT((#12015))
GLOBAL_UNIT_ASSIGNED_CONTEXT((#12018,#12020,#12021))
REPRESENTATION_CONTEXT('','3D')
);
#12018=(
LENGTH_UNIT()
NAMED_UNIT(*)
SI_UNIT(.MILLI.,.METRE.)
);
#12019=(
LENGTH_UNIT()
NAMED_UNIT(*)
SI_UNIT($,.METRE.)
);
#12020=(
NAMED_UNIT(*)
PLANE_ANGLE_UNIT()
SI_UNIT($,.RADIAN.)
);
#12021=(
NAMED_UNIT(*)
SI_UNIT($,.STERADIAN.)
SOLID_ANGLE_UNIT()
);
#12022=SHAPE_DEFINITION_REPRESENTATION(#12023,#12024);
#12023=PRODUCT_DEFINITION_SHAPE('',$,#12026);
#12024=SHAPE_REPRESENTATION('',(#4640),#12016);
#12025=PRODUCT_DEFINITION_CONTEXT('part definition',#12030,'design');
#12026=PRODUCT_DEFINITION('M.Horizontal Multipoint 90deg (Negative)',
'M.Horizontal Multipoint 90deg (Negative) v2',#12027,#12025);
#12027=PRODUCT_DEFINITION_FORMATION('',$,#12032);
#12028=PRODUCT_RELATED_PRODUCT_CATEGORY(
'M.Horizontal Multipoint 90deg (Negative) v2',
'M.Horizontal Multipoint 90deg (Negative) v2',(#12032));
#12029=APPLICATION_PROTOCOL_DEFINITION('international standard',
'automotive_design',2009,#12030);
#12030=APPLICATION_CONTEXT(
'Core Data for Automotive Mechanical Design Process');
#12031=PRODUCT_CONTEXT('part definition',#12030,'mechanical');
#12032=PRODUCT('M.Horizontal Multipoint 90deg (Negative)',
'M.Horizontal Multipoint 90deg (Negative) v2',$,(#12031));
#12033=PRESENTATION_STYLE_ASSIGNMENT((#12035));
#12034=PRESENTATION_STYLE_ASSIGNMENT((#12036));
#12035=SURFACE_STYLE_USAGE(.BOTH.,#12037);
#12036=SURFACE_STYLE_USAGE(.BOTH.,#12038);
#12037=SURFACE_SIDE_STYLE('',(#12039));
#12038=SURFACE_SIDE_STYLE('',(#12040));
#12039=SURFACE_STYLE_FILL_AREA(#12041);
#12040=SURFACE_STYLE_FILL_AREA(#12042);
#12041=FILL_AREA_STYLE('Plastic - Matte (Green)',(#12043));
#12042=FILL_AREA_STYLE('Plastic - Matte (Red)',(#12044));
#12043=FILL_AREA_STYLE_COLOUR('Plastic - Matte (Green)',#12045);
#12044=FILL_AREA_STYLE_COLOUR('Plastic - Matte (Red)',#12046);
#12045=COLOUR_RGB('Plastic - Matte (Green)',0.266666666666667,0.588235294117647,
0.282352941176471);
#12046=COLOUR_RGB('Plastic - Matte (Red)',0.768627450980392,0.207843137254902,
0.152941176470588);
ENDSEC;
END-ISO-10303-21;
