ISO-10303-21;
HEADER;
/* Generated by software containing ST-Developer
 * from STEP Tools, Inc. (www.steptools.com) 
 */

FILE_DESCRIPTION(
/* description */ (''),
/* implementation_level */ '2;1');

FILE_NAME(
/* name */ '25mm.step',
/* time_stamp */ '2025-09-02T22:55:29+08:00',
/* author */ (''),
/* organization */ (''),
/* preprocessor_version */ 'ST-DEVELOPER v20.1',
/* originating_system */ 'Autodesk Translation Framework v14.10.0.0',
/* authorisation */ '');

FILE_SCHEMA (('AUTOMOTIVE_DESIGN { 1 0 10303 214 3 1 1 }'));
ENDSEC;

DATA;
#10=MECHANICAL_DESIGN_GEOMETRIC_PRESENTATION_REPRESENTATION('',(#13),#3145);
#11=SHAPE_REPRESENTATION_RELATIONSHIP('SRR','None',#3152,#12);
#12=ADVANCED_BREP_SHAPE_REPRESENTATION('',(#14),#3144);
#13=STYLED_ITEM('',(#3162),#14);
#14=MANIFOLD_SOLID_BREP('25mm',#443);
#15=FACE_BOUND('',#90,.T.);
#16=FACE_BOUND('',#91,.T.);
#17=CONICAL_SURFACE('',#475,0.75,0.785398163397448);
#18=CONICAL_SURFACE('',#481,0.75,0.785398163397448);
#19=(
BOUNDED_CURVE()
B_SPLINE_CURVE(2,(#2099,#2100,#2101),.UNSPECIFIED.,.F.,.F.)
B_SPLINE_CURVE_WITH_KNOTS((3,3),(0.00163833345783343,0.0194063713046864),
 .UNSPECIFIED.)
CURVE()
GEOMETRIC_REPRESENTATION_ITEM()
RATIONAL_B_SPLINE_CURVE((1.,1.,1.))
REPRESENTATION_ITEM('')
);
#20=(
BOUNDED_CURVE()
B_SPLINE_CURVE(2,(#2106,#2107,#2108),.UNSPECIFIED.,.F.,.F.)
B_SPLINE_CURVE_WITH_KNOTS((3,3),(0.00163833345783348,0.0194063713046865),
 .UNSPECIFIED.)
CURVE()
GEOMETRIC_REPRESENTATION_ITEM()
RATIONAL_B_SPLINE_CURVE((1.,1.,1.))
REPRESENTATION_ITEM('')
);
#21=(
BOUNDED_CURVE()
B_SPLINE_CURVE(2,(#2121,#2122,#2123),.UNSPECIFIED.,.F.,.F.)
B_SPLINE_CURVE_WITH_KNOTS((3,3),(0.00163833345783341,0.0194063713046864),
 .UNSPECIFIED.)
CURVE()
GEOMETRIC_REPRESENTATION_ITEM()
RATIONAL_B_SPLINE_CURVE((1.,1.,1.))
REPRESENTATION_ITEM('')
);
#22=(
BOUNDED_CURVE()
B_SPLINE_CURVE(2,(#2128,#2129,#2130),.UNSPECIFIED.,.F.,.F.)
B_SPLINE_CURVE_WITH_KNOTS((3,3),(0.00163833345783345,0.0194063713046864),
 .UNSPECIFIED.)
CURVE()
GEOMETRIC_REPRESENTATION_ITEM()
RATIONAL_B_SPLINE_CURVE((1.,1.,1.))
REPRESENTATION_ITEM('')
);
#23=B_SPLINE_SURFACE_WITH_KNOTS('',3,3,((#1450,#1451,#1452,#1453,#1454,
#1455,#1456,#1457,#1458,#1459,#1460,#1461,#1462,#1463,#1464,#1465,#1466,
#1467,#1468,#1469,#1470,#1471,#1472,#1473,#1474,#1475,#1476,#1477,#1478,
#1479,#1480,#1481,#1482,#1483,#1484,#1485,#1486,#1487,#1488,#1489,#1490,
#1491,#1492,#1493,#1494,#1495,#1496,#1497,#1498,#1499,#1500,#1501,#1502,
#1503,#1504,#1505,#1506,#1507,#1508,#1509,#1510,#1511,#1512,#1513,#1514,
#1515,#1516,#1517,#1518,#1519,#1520,#1521,#1522,#1523,#1524,#1525,#1526,
#1527,#1528,#1529,#1530,#1531,#1532,#1533,#1534,#1535,#1536,#1537,#1538,
#1539,#1540,#1541,#1542,#1543,#1544,#1545,#1546),(#1547,#1548,#1549,#1550,
#1551,#1552,#1553,#1554,#1555,#1556,#1557,#1558,#1559,#1560,#1561,#1562,
#1563,#1564,#1565,#1566,#1567,#1568,#1569,#1570,#1571,#1572,#1573,#1574,
#1575,#1576,#1577,#1578,#1579,#1580,#1581,#1582,#1583,#1584,#1585,#1586,
#1587,#1588,#1589,#1590,#1591,#1592,#1593,#1594,#1595,#1596,#1597,#1598,
#1599,#1600,#1601,#1602,#1603,#1604,#1605,#1606,#1607,#1608,#1609,#1610,
#1611,#1612,#1613,#1614,#1615,#1616,#1617,#1618,#1619,#1620,#1621,#1622,
#1623,#1624,#1625,#1626,#1627,#1628,#1629,#1630,#1631,#1632,#1633,#1634,
#1635,#1636,#1637,#1638,#1639,#1640,#1641,#1642,#1643),(#1644,#1645,#1646,
#1647,#1648,#1649,#1650,#1651,#1652,#1653,#1654,#1655,#1656,#1657,#1658,
#1659,#1660,#1661,#1662,#1663,#1664,#1665,#1666,#1667,#1668,#1669,#1670,
#1671,#1672,#1673,#1674,#1675,#1676,#1677,#1678,#1679,#1680,#1681,#1682,
#1683,#1684,#1685,#1686,#1687,#1688,#1689,#1690,#1691,#1692,#1693,#1694,
#1695,#1696,#1697,#1698,#1699,#1700,#1701,#1702,#1703,#1704,#1705,#1706,
#1707,#1708,#1709,#1710,#1711,#1712,#1713,#1714,#1715,#1716,#1717,#1718,
#1719,#1720,#1721,#1722,#1723,#1724,#1725,#1726,#1727,#1728,#1729,#1730,
#1731,#1732,#1733,#1734,#1735,#1736,#1737,#1738,#1739,#1740),(#1741,#1742,
#1743,#1744,#1745,#1746,#1747,#1748,#1749,#1750,#1751,#1752,#1753,#1754,
#1755,#1756,#1757,#1758,#1759,#1760,#1761,#1762,#1763,#1764,#1765,#1766,
#1767,#1768,#1769,#1770,#1771,#1772,#1773,#1774,#1775,#1776,#1777,#1778,
#1779,#1780,#1781,#1782,#1783,#1784,#1785,#1786,#1787,#1788,#1789,#1790,
#1791,#1792,#1793,#1794,#1795,#1796,#1797,#1798,#1799,#1800,#1801,#1802,
#1803,#1804,#1805,#1806,#1807,#1808,#1809,#1810,#1811,#1812,#1813,#1814,
#1815,#1816,#1817,#1818,#1819,#1820,#1821,#1822,#1823,#1824,#1825,#1826,
#1827,#1828,#1829,#1830,#1831,#1832,#1833,#1834,#1835,#1836,#1837)),
 .UNSPECIFIED.,.F.,.F.,.F.,(4,4),(4,1,1,1,1,1,1,1,1,1,1,1,1,1,1,1,1,1,1,
1,1,1,1,1,1,1,1,1,1,1,1,1,1,1,1,1,1,1,1,1,1,1,1,1,1,1,1,1,1,1,1,1,1,1,1,
1,1,1,1,1,1,1,1,1,1,1,1,1,1,1,1,1,1,1,1,1,1,1,1,1,1,1,1,1,1,1,1,1,1,1,1,
1,1,1,4),(-0.129957925824054,1.34551609982973E-13),(0.0337500004928238,
0.0569084826349425,0.0800669647770613,0.10322544691918,0.126383929061299,
0.149542411203418,0.172700893345536,0.195859375487655,0.219017857629774,
0.242176339771893,0.265334821914011,0.28849330405613,0.311651786198249,
0.334810268340368,0.357968750482487,0.381127232624605,0.404285714766724,
0.435163690956216,0.466041667145708,0.496919643335199,0.527797619524691,
0.558675595714183,0.589553571903674,0.610138889363335,0.651309524282658,
0.682187500472149,0.713065476661641,0.743943452851133,0.774821429040624,
0.805699405230116,0.836577381419608,0.8674553576091,0.898333333798591,0.929211309988083,
0.960089286177575,0.990967262367066,1.02184523855656,1.05272321474605,1.08360119093554,
1.11447916712503,1.14535714331452,1.16079613140927,1.17623511950402,1.20711309569351,
1.24828373061283,1.26886904807249,1.31003968299181,1.35121031791114,1.39238095283046,
1.42325892901995,1.45413690520944,1.48501488139893,1.51589285758843,1.54677083377792,
1.57764880996741,1.6085267861569,1.63940476234639,1.68057539726571,1.72174603218504,
1.76291666710436,1.79379464329385,1.82467261948334,1.85555059567283,1.88642857186233,
1.90958705400444,1.93274553614656,1.95590401828868,1.9790625004308,2.00222098257292,
2.02537946471504,2.04853794685716,2.07169642899928,2.10257440518877,2.13345238137826,
2.16433035756775,2.18748883970987,2.21064732185199,2.23380580399411,2.25696428613623,
2.28012276827835,2.30328125042046,2.32643973256258,2.3495982147047,2.37275669684682,
2.39591517898894,2.41907366113106,2.44223214327318,2.46539062541529,2.48854910755741,
2.51170758969953,2.53486607184165,2.55802455398377,2.58118303612589,2.60434151826801,
2.62750000041013),.UNSPECIFIED.);
#24=B_SPLINE_SURFACE_WITH_KNOTS('',3,3,((#2136,#2137,#2138,#2139,#2140,
#2141,#2142,#2143,#2144,#2145,#2146,#2147,#2148,#2149,#2150,#2151,#2152,
#2153,#2154,#2155,#2156,#2157,#2158,#2159,#2160,#2161,#2162,#2163,#2164,
#2165,#2166,#2167,#2168,#2169,#2170,#2171,#2172,#2173,#2174,#2175,#2176,
#2177,#2178,#2179,#2180,#2181,#2182,#2183,#2184,#2185,#2186,#2187,#2188,
#2189,#2190,#2191,#2192,#2193,#2194,#2195,#2196,#2197,#2198,#2199,#2200,
#2201,#2202,#2203,#2204,#2205,#2206,#2207,#2208,#2209,#2210,#2211,#2212,
#2213,#2214,#2215,#2216,#2217,#2218,#2219,#2220,#2221,#2222,#2223,#2224,
#2225,#2226,#2227,#2228,#2229,#2230,#2231,#2232,#2233),(#2234,#2235,#2236,
#2237,#2238,#2239,#2240,#2241,#2242,#2243,#2244,#2245,#2246,#2247,#2248,
#2249,#2250,#2251,#2252,#2253,#2254,#2255,#2256,#2257,#2258,#2259,#2260,
#2261,#2262,#2263,#2264,#2265,#2266,#2267,#2268,#2269,#2270,#2271,#2272,
#2273,#2274,#2275,#2276,#2277,#2278,#2279,#2280,#2281,#2282,#2283,#2284,
#2285,#2286,#2287,#2288,#2289,#2290,#2291,#2292,#2293,#2294,#2295,#2296,
#2297,#2298,#2299,#2300,#2301,#2302,#2303,#2304,#2305,#2306,#2307,#2308,
#2309,#2310,#2311,#2312,#2313,#2314,#2315,#2316,#2317,#2318,#2319,#2320,
#2321,#2322,#2323,#2324,#2325,#2326,#2327,#2328,#2329,#2330,#2331),(#2332,
#2333,#2334,#2335,#2336,#2337,#2338,#2339,#2340,#2341,#2342,#2343,#2344,
#2345,#2346,#2347,#2348,#2349,#2350,#2351,#2352,#2353,#2354,#2355,#2356,
#2357,#2358,#2359,#2360,#2361,#2362,#2363,#2364,#2365,#2366,#2367,#2368,
#2369,#2370,#2371,#2372,#2373,#2374,#2375,#2376,#2377,#2378,#2379,#2380,
#2381,#2382,#2383,#2384,#2385,#2386,#2387,#2388,#2389,#2390,#2391,#2392,
#2393,#2394,#2395,#2396,#2397,#2398,#2399,#2400,#2401,#2402,#2403,#2404,
#2405,#2406,#2407,#2408,#2409,#2410,#2411,#2412,#2413,#2414,#2415,#2416,
#2417,#2418,#2419,#2420,#2421,#2422,#2423,#2424,#2425,#2426,#2427,#2428,
#2429),(#2430,#2431,#2432,#2433,#2434,#2435,#2436,#2437,#2438,#2439,#2440,
#2441,#2442,#2443,#2444,#2445,#2446,#2447,#2448,#2449,#2450,#2451,#2452,
#2453,#2454,#2455,#2456,#2457,#2458,#2459,#2460,#2461,#2462,#2463,#2464,
#2465,#2466,#2467,#2468,#2469,#2470,#2471,#2472,#2473,#2474,#2475,#2476,
#2477,#2478,#2479,#2480,#2481,#2482,#2483,#2484,#2485,#2486,#2487,#2488,
#2489,#2490,#2491,#2492,#2493,#2494,#2495,#2496,#2497,#2498,#2499,#2500,
#2501,#2502,#2503,#2504,#2505,#2506,#2507,#2508,#2509,#2510,#2511,#2512,
#2513,#2514,#2515,#2516,#2517,#2518,#2519,#2520,#2521,#2522,#2523,#2524,
#2525,#2526,#2527)),.UNSPECIFIED.,.F.,.F.,.F.,(4,4),(4,1,1,1,1,1,1,1,1,
1,1,1,1,1,1,1,1,1,1,1,1,1,1,1,1,1,1,1,1,1,1,1,1,1,1,1,1,1,1,1,1,1,1,1,1,
1,1,1,1,1,1,1,1,1,1,1,1,1,1,1,1,1,1,1,1,1,1,1,1,1,1,1,1,1,1,1,1,1,1,1,1,
1,1,1,1,1,1,1,1,1,1,1,1,1,1,4),(0.0294571288953012,0.159415054968325),(0.190000000410125,
0.213158482555324,0.236316964700523,0.259475446845722,0.282633928990922,
0.305792411136121,0.32895089328132,0.35210937542652,0.375267857571719,0.398426339716918,
0.421584821862118,0.444743304007317,0.467901786152516,0.491060268297716,
0.514218750442915,0.537377232588114,0.560535714733314,0.591413690926913,
0.622291667120512,0.653169643314111,0.68404761950771,0.714925595701309,
0.745803571894908,0.766388889357308,0.807559524282106,0.838437500475705,
0.869315476669305,0.900193452862904,0.931071429056503,0.961949405250102,
0.992827381443701,1.0237053576373,1.0545833338309,1.0957539687557,1.1369246036805,
1.16437169363036,1.17123346611783,1.1780952386053,1.19868055606769,1.23985119099249,
1.27072916718609,1.30160714337969,1.33248511957329,1.36336309576689,1.39424107196049,
1.42511904815409,1.45599702434769,1.48687500054129,1.51775297673489,1.54863095292848,
1.57950892912208,1.61038690531568,1.64126488150928,1.67214285770288,1.70302083389648,
1.73389881009008,1.76477678628368,1.79565476247728,1.83682539740208,1.87799603232687,
1.91916666725167,1.95004464344527,1.98092261963887,2.01180059583247,2.04267857202607,
2.06583705417127,2.08899553631647,2.11215401846167,2.13531250060687,2.15847098275207,
2.18162946489727,2.20478794704246,2.22794642918766,2.25882440538126,2.28970238157486,
2.32058035776846,2.34373883991366,2.36689732205886,2.39005580420406,2.41321428634926,
2.43637276849446,2.45953125063966,2.48268973278486,2.50584821493006,2.52900669707526,
2.55216517922045,2.57532366136565,2.59848214351085,2.62164062565605,2.64479910780125,
2.66795758994645,2.69111607209165,2.71427455423685,2.73743303638205,2.76059151852725,
2.78375000067245),.UNSPECIFIED.);
#25=B_SPLINE_SURFACE_WITH_KNOTS('',3,3,((#2723,#2724,#2725,#2726,#2727,
#2728,#2729,#2730,#2731,#2732,#2733,#2734,#2735,#2736,#2737,#2738,#2739,
#2740,#2741,#2742,#2743,#2744,#2745,#2746,#2747,#2748,#2749,#2750,#2751,
#2752,#2753,#2754,#2755,#2756,#2757,#2758,#2759,#2760,#2761,#2762,#2763,
#2764,#2765,#2766,#2767,#2768,#2769,#2770,#2771,#2772,#2773,#2774,#2775,
#2776,#2777,#2778,#2779,#2780,#2781,#2782,#2783,#2784,#2785,#2786,#2787,
#2788,#2789,#2790,#2791,#2792,#2793,#2794,#2795,#2796,#2797,#2798,#2799,
#2800,#2801,#2802,#2803,#2804,#2805,#2806,#2807,#2808,#2809),(#2810,#2811,
#2812,#2813,#2814,#2815,#2816,#2817,#2818,#2819,#2820,#2821,#2822,#2823,
#2824,#2825,#2826,#2827,#2828,#2829,#2830,#2831,#2832,#2833,#2834,#2835,
#2836,#2837,#2838,#2839,#2840,#2841,#2842,#2843,#2844,#2845,#2846,#2847,
#2848,#2849,#2850,#2851,#2852,#2853,#2854,#2855,#2856,#2857,#2858,#2859,
#2860,#2861,#2862,#2863,#2864,#2865,#2866,#2867,#2868,#2869,#2870,#2871,
#2872,#2873,#2874,#2875,#2876,#2877,#2878,#2879,#2880,#2881,#2882,#2883,
#2884,#2885,#2886,#2887,#2888,#2889,#2890,#2891,#2892,#2893,#2894,#2895,
#2896),(#2897,#2898,#2899,#2900,#2901,#2902,#2903,#2904,#2905,#2906,#2907,
#2908,#2909,#2910,#2911,#2912,#2913,#2914,#2915,#2916,#2917,#2918,#2919,
#2920,#2921,#2922,#2923,#2924,#2925,#2926,#2927,#2928,#2929,#2930,#2931,
#2932,#2933,#2934,#2935,#2936,#2937,#2938,#2939,#2940,#2941,#2942,#2943,
#2944,#2945,#2946,#2947,#2948,#2949,#2950,#2951,#2952,#2953,#2954,#2955,
#2956,#2957,#2958,#2959,#2960,#2961,#2962,#2963,#2964,#2965,#2966,#2967,
#2968,#2969,#2970,#2971,#2972,#2973,#2974,#2975,#2976,#2977,#2978,#2979,
#2980,#2981,#2982,#2983),(#2984,#2985,#2986,#2987,#2988,#2989,#2990,#2991,
#2992,#2993,#2994,#2995,#2996,#2997,#2998,#2999,#3000,#3001,#3002,#3003,
#3004,#3005,#3006,#3007,#3008,#3009,#3010,#3011,#3012,#3013,#3014,#3015,
#3016,#3017,#3018,#3019,#3020,#3021,#3022,#3023,#3024,#3025,#3026,#3027,
#3028,#3029,#3030,#3031,#3032,#3033,#3034,#3035,#3036,#3037,#3038,#3039,
#3040,#3041,#3042,#3043,#3044,#3045,#3046,#3047,#3048,#3049,#3050,#3051,
#3052,#3053,#3054,#3055,#3056,#3057,#3058,#3059,#3060,#3061,#3062,#3063,
#3064,#3065,#3066,#3067,#3068,#3069,#3070)),.UNSPECIFIED.,.F.,.F.,.F.,(4,
4),(4,1,1,1,1,1,1,1,1,1,1,1,1,1,1,1,1,1,1,1,1,1,1,1,1,1,1,1,1,1,1,1,1,1,
1,1,1,1,1,1,1,1,1,1,1,1,1,1,1,1,1,1,1,1,1,1,1,1,1,1,1,1,1,1,1,1,1,1,1,1,
1,1,1,1,1,1,1,1,1,1,1,1,1,1,4),(-0.0625,0.),(0.127500000410126,0.15037946469584,
0.173258928981554,0.196138393267269,0.219017857552983,0.241897321838697,
0.264776786124411,0.31053571469584,0.356294643267269,0.402053571838697,
0.424933036124411,0.447812500410126,0.47069196469584,0.493571428981554,
0.516450893267269,0.539330357552983,0.562209821838697,0.585089286124411,
0.615595238505364,0.646101190886316,0.676607143267269,0.722366071838697,
0.768125000410126,0.813883928981554,0.836763393267269,0.859642857552983,
0.890148809933935,0.920654762314888,0.95116071469584,0.981666667076793,
1.0223412702514,1.063015873426,1.1036904766006,1.13419642898155,1.16470238136251,
1.19520833374346,1.22571428612441,1.25622023850536,1.28672619088632,1.31723214326727,
1.34773809564822,1.37824404802917,1.40875000041013,1.43925595279108,1.46976190517203,
1.50026785755298,1.53077380993394,1.56127976231489,1.59178571469584,1.62229166707679,
1.65279761945775,1.6833035718387,1.71380952421965,1.7443154766006,1.77482142898155,
1.80532738136251,1.83583333374346,1.86633928612441,1.89684523850536,1.92735119088632,
1.95785714326727,1.98836309564822,2.01886904802917,2.04937500041013,2.07988095279108,
2.12055555596568,2.16123015914028,2.20190476231489,2.23241071469584,2.26291666707679,
2.29342261945775,2.3239285718387,2.34680803612441,2.36968750041013,2.39256696469584,
2.41544642898155,2.46120535755298,2.50696428612441,2.55272321469584,2.57560267898155,
2.59848214326727,2.62136160755298,2.6442410718387,2.66712053612441,2.69000000041013),
 .UNSPECIFIED.);
#26=PLANE('',#466);
#27=PLANE('',#469);
#28=PLANE('',#470);
#29=PLANE('',#471);
#30=PLANE('',#472);
#31=PLANE('',#473);
#32=PLANE('',#474);
#33=PLANE('',#478);
#34=PLANE('',#479);
#35=PLANE('',#480);
#36=PLANE('',#484);
#37=PLANE('',#485);
#38=FACE_OUTER_BOUND('',#64,.T.);
#39=FACE_OUTER_BOUND('',#65,.T.);
#40=FACE_OUTER_BOUND('',#66,.T.);
#41=FACE_OUTER_BOUND('',#67,.T.);
#42=FACE_OUTER_BOUND('',#68,.T.);
#43=FACE_OUTER_BOUND('',#69,.T.);
#44=FACE_OUTER_BOUND('',#70,.T.);
#45=FACE_OUTER_BOUND('',#71,.T.);
#46=FACE_OUTER_BOUND('',#72,.T.);
#47=FACE_OUTER_BOUND('',#73,.T.);
#48=FACE_OUTER_BOUND('',#74,.T.);
#49=FACE_OUTER_BOUND('',#75,.T.);
#50=FACE_OUTER_BOUND('',#76,.T.);
#51=FACE_OUTER_BOUND('',#77,.T.);
#52=FACE_OUTER_BOUND('',#78,.T.);
#53=FACE_OUTER_BOUND('',#79,.T.);
#54=FACE_OUTER_BOUND('',#80,.T.);
#55=FACE_OUTER_BOUND('',#81,.T.);
#56=FACE_OUTER_BOUND('',#82,.T.);
#57=FACE_OUTER_BOUND('',#83,.T.);
#58=FACE_OUTER_BOUND('',#84,.T.);
#59=FACE_OUTER_BOUND('',#85,.T.);
#60=FACE_OUTER_BOUND('',#86,.T.);
#61=FACE_OUTER_BOUND('',#87,.T.);
#62=FACE_OUTER_BOUND('',#88,.T.);
#63=FACE_OUTER_BOUND('',#89,.T.);
#64=EDGE_LOOP('',(#282,#283,#284,#285));
#65=EDGE_LOOP('',(#286,#287,#288,#289));
#66=EDGE_LOOP('',(#290,#291,#292,#293));
#67=EDGE_LOOP('',(#294,#295,#296,#297));
#68=EDGE_LOOP('',(#298,#299,#300,#301));
#69=EDGE_LOOP('',(#302,#303,#304,#305));
#70=EDGE_LOOP('',(#306,#307,#308,#309));
#71=EDGE_LOOP('',(#310,#311,#312,#313));
#72=EDGE_LOOP('',(#314,#315,#316,#317));
#73=EDGE_LOOP('',(#318,#319,#320,#321,#322,#323,#324,#325,#326,#327,#328,
#329));
#74=EDGE_LOOP('',(#330,#331,#332,#333));
#75=EDGE_LOOP('',(#334,#335,#336,#337));
#76=EDGE_LOOP('',(#338,#339,#340,#341));
#77=EDGE_LOOP('',(#342,#343,#344,#345));
#78=EDGE_LOOP('',(#346,#347,#348));
#79=EDGE_LOOP('',(#349,#350,#351,#352));
#80=EDGE_LOOP('',(#353,#354,#355,#356));
#81=EDGE_LOOP('',(#357,#358,#359,#360));
#82=EDGE_LOOP('',(#361,#362,#363));
#83=EDGE_LOOP('',(#364,#365,#366,#367));
#84=EDGE_LOOP('',(#368,#369,#370,#371));
#85=EDGE_LOOP('',(#372,#373,#374,#375));
#86=EDGE_LOOP('',(#376,#377,#378));
#87=EDGE_LOOP('',(#379,#380,#381,#382,#383,#384,#385,#386,#387,#388,#389,
#390));
#88=EDGE_LOOP('',(#391,#392,#393,#394));
#89=EDGE_LOOP('',(#395,#396,#397,#398));
#90=EDGE_LOOP('',(#399,#400,#401));
#91=EDGE_LOOP('',(#402,#403,#404,#405,#406,#407));
#92=CIRCLE('',#458,7.15);
#93=CIRCLE('',#467,7.15);
#94=CIRCLE('',#476,0.65);
#95=CIRCLE('',#477,0.75);
#96=CIRCLE('',#482,0.65);
#97=CIRCLE('',#483,0.75);
#98=B_SPLINE_CURVE_WITH_KNOTS('',3,(#579,#580,#581,#582,#583,#584,#585,
#586,#587,#588,#589,#590,#591,#592,#593,#594,#595,#596,#597,#598,#599,#600,
#601,#602,#603,#604,#605,#606),.UNSPECIFIED.,.F.,.F.,(4,3,3,3,3,3,3,3,3,
4),(141.888198603866,141.900457427726,142.235155725233,142.56985402274,
142.904552320247,143.239250617753,143.57394891526,143.908647212767,144.243345510274,
144.561913765694),.UNSPECIFIED.);
#99=B_SPLINE_CURVE_WITH_KNOTS('',3,(#609,#610,#611,#612,#613,#614,#615,
#616,#617,#618,#619,#620,#621,#622,#623,#624,#625,#626,#627),
 .UNSPECIFIED.,.F.,.F.,(4,3,3,3,3,3,4),(0.,0.33477147245342,0.669542944907135,
1.00431441736085,1.33908588981456,1.67385736226828,1.77082008221291),
 .UNSPECIFIED.);
#100=B_SPLINE_CURVE_WITH_KNOTS('',3,(#632,#633,#634,#635,#636,#637,#638,
#639,#640,#641,#642,#643,#644,#645,#646,#647,#648,#649,#650,#651,#652,#653,
#654,#655,#656,#657,#658,#659,#660,#661,#662,#663,#664,#665,#666,#667,#668),
 .UNSPECIFIED.,.F.,.F.,(4,3,3,3,3,3,3,3,3,3,3,3,4),(137.370575964408,137.585414010801,
137.883003438823,138.329387580855,138.775771722888,139.22215586492,139.668540006953,
140.114924148985,140.561308291018,140.896096397542,141.230884504066,141.565672610591,
141.888198603866),.UNSPECIFIED.);
#101=B_SPLINE_CURVE_WITH_KNOTS('',3,(#669,#670,#671,#672,#673,#674,#675,
#676,#677,#678,#679,#680,#681,#682,#683,#684,#685,#686,#687,#688,#689,#690,
#691,#692,#693,#694,#695,#696,#697,#698,#699,#700,#701,#702,#703,#704,#705,
#706,#707,#708,#709,#710,#711),.UNSPECIFIED.,.F.,.F.,(4,3,3,3,3,3,3,3,3,
3,3,3,3,3,4),(1.77082008221291,2.00864011536078,2.34342746795354,2.6782148205463,
3.01300217313907,3.34778952573183,3.68257687832459,4.01736423091736,4.35215158351012,
4.68693893610288,5.02172628869564,5.35651364128841,5.80289677807876,6.24927991486911,
6.28843255043966),.UNSPECIFIED.);
#102=B_SPLINE_CURVE_WITH_KNOTS('',3,(#716,#717,#718,#719,#720,#721,#722,
#723,#724,#725,#726,#727,#728,#729,#730,#731,#732,#733,#734,#735,#736,#737,
#738,#739,#740,#741,#742,#743,#744,#745,#746),.UNSPECIFIED.,.F.,.F.,(4,
3,3,3,3,3,3,3,3,3,4),(132.852958706229,133.419166727191,133.865550337291,
134.311933947391,134.758317557491,135.204701167591,135.651084777691,136.09746838779,
136.54385199789,136.99023560799,137.370575964408),.UNSPECIFIED.);
#103=B_SPLINE_CURVE_WITH_KNOTS('',3,(#747,#748,#749,#750,#751,#752,#753,
#754,#755,#756,#757,#758,#759,#760,#761,#762,#763,#764,#765,#766,#767,#768,
#769,#770,#771,#772,#773,#774,#775,#776,#777,#778,#779,#780),
 .UNSPECIFIED.,.F.,.F.,(4,3,3,3,3,3,3,3,3,3,3,4),(6.28843255043966,6.69566387334604,
7.14204791082294,7.58843194829984,8.03481598577674,8.33240534409468,8.92758406073054,
9.37396809820744,9.82035213568434,10.2667361731612,10.7131202106381,10.8060541335536),
 .UNSPECIFIED.);
#104=B_SPLINE_CURVE_WITH_KNOTS('',3,(#785,#786,#787,#788,#789,#790,#791,
#792,#793,#794,#795,#796,#797,#798,#799,#800,#801,#802,#803,#804,#805,#806,
#807,#808,#809,#810,#811,#812,#813,#814,#815,#816,#817,#818,#819,#820,#821,
#822,#823,#824),.UNSPECIFIED.,.F.,.F.,(4,3,3,3,3,3,3,3,3,3,3,3,3,4),(128.33535610452,
128.508961109345,128.955343271245,129.401725433145,129.848107595045,130.294489756945,
130.740871918845,131.336048134712,131.633636242645,131.732832278623,131.832028314601,
132.228812458512,132.823988674379,132.852958706229),.UNSPECIFIED.);
#105=B_SPLINE_CURVE_WITH_KNOTS('',3,(#825,#826,#827,#828,#829,#830,#831,
#832,#833,#834,#835,#836,#837,#838,#839,#840,#841,#842,#843,#844,#845,#846,
#847,#848,#849,#850,#851,#852,#853,#854,#855,#856,#857,#858),
 .UNSPECIFIED.,.F.,.F.,(4,3,3,3,3,3,3,3,3,3,3,4),(10.8060541335536,11.1595042375978,
11.6058882617922,12.0522722859866,12.498656310181,12.9450403343754,13.3914243585698,
13.8378083827641,14.2841924069585,14.7305764311529,15.1769604553473,15.3236755822842),
 .UNSPECIFIED.);
#106=B_SPLINE_CURVE_WITH_KNOTS('',3,(#863,#864,#865,#866,#867,#868,#869,
#870,#871,#872,#873,#874,#875,#876,#877,#878,#879,#880,#881,#882,#883,#884,
#885,#886,#887,#888,#889,#890,#891,#892,#893,#894,#895,#896),
 .UNSPECIFIED.,.F.,.F.,(4,3,3,3,3,3,3,3,3,3,3,4),(123.817777509109,124.045162289052,
124.491542078826,124.937921868599,125.384301658373,125.830681448146,126.27706123792,
126.723441027694,127.169820817467,127.616200607241,128.062580397014,128.33535610452),
 .UNSPECIFIED.);
#107=B_SPLINE_CURVE_WITH_KNOTS('',3,(#897,#898,#899,#900,#901,#902,#903,
#904,#905,#906,#907,#908,#909,#910,#911,#912,#913,#914,#915,#916,#917,#918,
#919,#920,#921,#922,#923,#924,#925,#926,#927,#928,#929,#930),
 .UNSPECIFIED.,.F.,.F.,(4,3,3,3,3,3,3,3,3,3,3,4),(15.3236755822842,15.6233438570061,
16.0697269538772,16.2929185023128,16.5161100507483,16.9624931476194,17.5576706101143,
17.8552593413617,18.4504368038565,19.0456142663513,19.6407917288461,19.8412876465288),
 .UNSPECIFIED.);
#108=B_SPLINE_CURVE_WITH_KNOTS('',3,(#935,#936,#937,#938,#939,#940,#941,
#942,#943,#944,#945,#946,#947,#948,#949,#950,#951,#952,#953,#954,#955,#956,
#957,#958,#959,#960,#961,#962,#963,#964,#965),.UNSPECIFIED.,.F.,.F.,(4,
3,3,3,3,3,3,3,3,3,4),(119.300232394072,119.581395787992,120.02777226958,
120.474148751168,120.920525232755,121.515693874873,122.11086251699,122.706031159107,
123.152407640695,123.598784122283,123.817777509109),.UNSPECIFIED.);
#109=B_SPLINE_CURVE_WITH_KNOTS('',3,(#966,#967,#968,#969,#970,#971,#972,
#973,#974,#975,#976,#977,#978,#979,#980,#981,#982,#983,#984,#985,#986,#987,
#988,#989,#990,#991,#992,#993,#994,#995,#996),.UNSPECIFIED.,.F.,.F.,(4,
3,3,3,3,3,3,3,3,3,4),(19.8412876465288,20.0871738086804,20.5335550592249,
20.9799363097694,21.4263175603139,21.8726988108584,22.3190800614029,22.7654613119474,
23.2118425624919,23.8070175632179,24.3588810258278),.UNSPECIFIED.);
#110=B_SPLINE_CURVE_WITH_KNOTS('',3,(#1001,#1002,#1003,#1004,#1005,#1006,
#1007,#1008,#1009,#1010,#1011,#1012,#1013,#1014,#1015,#1016,#1017,#1018,
#1019,#1020,#1021,#1022,#1023,#1024,#1025,#1026,#1027,#1028,#1029,#1030,
#1031,#1032,#1033,#1034,#1035,#1036,#1037,#1038,#1039,#1040),
 .UNSPECIFIED.,.F.,.F.,(4,3,3,3,3,3,3,3,3,3,3,3,3,4),(114.782723698997,
115.117664691929,115.564037574864,116.010410457798,116.456783340733,116.791563002933,
117.126342665134,117.461122327335,117.795901989536,118.130681651737,118.465461313938,
118.800240976139,119.135020638339,119.300232394072),.UNSPECIFIED.);
#111=B_SPLINE_CURVE_WITH_KNOTS('',3,(#1041,#1042,#1043,#1044,#1045,#1046,
#1047,#1048,#1049,#1050,#1051,#1052,#1053,#1054,#1055,#1056,#1057,#1058,
#1059,#1060,#1061,#1062,#1063,#1064,#1065,#1066,#1067,#1068,#1069,#1070,
#1071,#1072,#1073,#1074,#1075,#1076,#1077,#1078,#1079,#1080),
 .UNSPECIFIED.,.F.,.F.,(4,3,3,3,3,3,3,3,3,3,3,3,3,4),(24.3588810258278,
24.4021922946934,24.9973635954533,25.4437420710233,25.8901205465933,26.3364990221633,
26.7828774977333,27.1176613544108,27.4524452110883,27.7872290677658,28.1220129244433,
28.4567967811208,28.7915806377983,28.8764463209168),.UNSPECIFIED.);
#112=B_SPLINE_CURVE_WITH_KNOTS('',3,(#1085,#1086,#1087,#1088,#1089,#1090,
#1091,#1092,#1093,#1094,#1095,#1096,#1097,#1098,#1099,#1100,#1101,#1102,
#1103,#1104,#1105,#1106,#1107,#1108,#1109,#1110,#1111,#1112,#1113,#1114,
#1115,#1116,#1117,#1118,#1119,#1120,#1121,#1122,#1123,#1124,#1125,#1126,
#1127),.UNSPECIFIED.,.F.,.F.,(4,3,3,3,3,3,3,3,3,3,3,3,3,3,4),(110.265188972173,
110.430724344121,110.765505935393,111.100287526665,111.435069117937,111.769850709209,
112.104632300482,112.439413891754,112.774195483026,113.108977074298,113.44375866557,
113.778540256842,114.113321848114,114.448103439386,114.782723698997),
 .UNSPECIFIED.);
#113=B_SPLINE_CURVE_WITH_KNOTS('',3,(#1128,#1129,#1130,#1131,#1132,#1133,
#1134,#1135,#1136,#1137,#1138,#1139,#1140,#1141,#1142,#1143,#1144,#1145,
#1146,#1147,#1148,#1149,#1150,#1151,#1152,#1153,#1154,#1155,#1156,#1157,
#1158,#1159,#1160,#1161,#1162,#1163,#1164,#1165,#1166,#1167),
 .UNSPECIFIED.,.F.,.F.,(4,3,3,3,3,3,3,3,3,3,3,3,3,4),(28.8764463209168,
29.1263624131024,29.4611434816265,29.9075182396586,30.3538929976907,30.8002677557228,
31.1350488242469,31.469829892771,31.8046109612951,32.1393920298192,32.4741730983433,
32.8089541668674,33.1437352353915,33.3939739942202),.UNSPECIFIED.);
#114=B_SPLINE_CURVE_WITH_KNOTS('',3,(#1171,#1172,#1173,#1174,#1175,#1176,
#1177,#1178,#1179,#1180,#1181,#1182,#1183,#1184,#1185,#1186,#1187,#1188,
#1189,#1190,#1191,#1192,#1193,#1194,#1195,#1196,#1197,#1198,#1199,#1200,
#1201,#1202,#1203,#1204,#1205,#1206,#1207,#1208,#1209,#1210,#1211,#1212,
#1213,#1214,#1215,#1216,#1217,#1218,#1219,#1220,#1221,#1222,#1223,#1224,
#1225,#1226,#1227,#1228,#1229,#1230,#1231,#1232,#1233,#1234,#1235,#1236,
#1237,#1238,#1239,#1240,#1241,#1242,#1243,#1244,#1245,#1246,#1247,#1248,
#1249,#1250,#1251,#1252,#1253,#1254,#1255,#1256,#1257,#1258,#1259,#1260,
#1261,#1262,#1263,#1264,#1265,#1266,#1267,#1268,#1269,#1270,#1271,#1272,
#1273,#1274,#1275,#1276),.UNSPECIFIED.,.F.,.F.,(4,3,3,3,3,3,3,3,3,3,3,3,
3,3,3,3,3,3,3,3,3,3,3,3,3,3,3,3,3,3,3,3,3,3,3,4),(-1.26809391138351,-1.21114595255314,
-1.15376794156656,-1.0967082810854,-1.04027270120847,-1.02524250183042,
-1.01340804251846,-1.00715153447187,-0.950962753980195,-0.939544662748311,
-0.88321027415159,-0.826941558866873,-0.775440157658217,-0.76520496918317,
-0.75808418429939,-0.702876682135292,-0.647963255950931,-0.620935954032249,
-0.565708833568993,-0.510959315669691,-0.502810362631909,-0.496342358476577,
-0.442242261365398,-0.388215641276111,-0.334881578658369,-0.312399106293271,
-0.275109820904057,-0.258795758546276,-0.247782222093921,-0.240627022419722,
-0.18783525826252,-0.134904694639529,-0.0823601902108649,-0.0308105042920585,
-0.0140848231795604,0.),.UNSPECIFIED.);
#115=B_SPLINE_CURVE_WITH_KNOTS('',3,(#1280,#1281,#1282,#1283,#1284,#1285,
#1286,#1287,#1288,#1289,#1290,#1291,#1292,#1293,#1294,#1295,#1296,#1297,
#1298,#1299,#1300,#1301,#1302,#1303,#1304,#1305,#1306,#1307,#1308,#1309,
#1310,#1311,#1312,#1313,#1314,#1315,#1316,#1317,#1318,#1319,#1320,#1321,
#1322,#1323,#1324,#1325,#1326,#1327,#1328,#1329,#1330,#1331,#1332,#1333,
#1334,#1335,#1336,#1337,#1338,#1339,#1340,#1341,#1342,#1343,#1344,#1345,
#1346,#1347,#1348,#1349,#1350,#1351,#1352,#1353,#1354,#1355,#1356,#1357,
#1358,#1359,#1360,#1361,#1362,#1363,#1364,#1365,#1366,#1367,#1368,#1369,
#1370,#1371,#1372,#1373,#1374,#1375,#1376,#1377,#1378,#1379,#1380,#1381,
#1382),.UNSPECIFIED.,.F.,.F.,(4,3,3,3,3,3,3,3,3,3,3,3,3,3,3,3,3,3,3,3,3,
3,3,3,3,3,3,3,3,3,3,3,3,3,4),(-1.27170232468595,-1.22004563916983,-1.16755859198445,
-1.11445273945226,-1.06147053028085,-1.04364451747299,-1.03660738201471,
-0.982639314948039,-0.973191142536422,-0.919714190638186,-0.86569620755416,
-0.815350833150317,-0.805614919276502,-0.799619115657604,-0.74488436633588,
-0.689603852548664,-0.664314709938786,-0.609294693820874,-0.576285144227729,
-0.546728092700871,-0.538538306893559,-0.482746934128262,-0.426468363730949,
-0.370112358639419,-0.345218297075719,-0.304075678467161,-0.286075782825917,
-0.276068731903837,-0.26854625011819,-0.21224249192503,-0.15488291297572,
-0.097341177404889,-0.0402223619317652,-0.0160773482072552,0.),
 .UNSPECIFIED.);
#116=B_SPLINE_CURVE_WITH_KNOTS('',3,(#1383,#1384,#1385,#1386,#1387,#1388,
#1389,#1390,#1391,#1392,#1393,#1394,#1395,#1396,#1397,#1398,#1399,#1400,
#1401,#1402,#1403,#1404,#1405,#1406,#1407,#1408,#1409,#1410,#1411,#1412,
#1413,#1414,#1415,#1416,#1417,#1418,#1419,#1420,#1421,#1422,#1423,#1424,
#1425,#1426,#1427,#1428,#1429,#1430,#1431,#1432,#1433,#1434,#1435,#1436,
#1437,#1438,#1439,#1440,#1441,#1442,#1443,#1444,#1445,#1446,#1447,#1448,
#1449),.UNSPECIFIED.,.F.,.F.,(4,3,3,3,3,3,3,3,3,3,3,3,3,3,3,3,3,3,3,3,3,
3,4),(-0.787285454210835,-0.734976304992261,-0.682248378588548,-0.655596787314616,
-0.639975937519952,-0.631842589377151,-0.579087099417464,-0.526663411303242,
-0.499421795143519,-0.489993820173042,-0.482968780756614,-0.430912742368901,
-0.37596018535592,-0.323129469651527,-0.270723734107521,-0.254995294985295,
-0.24429598150305,-0.237975801243935,-0.211102514316978,-0.158326885737733,
-0.105452625592872,-0.0527263127964361,0.),.UNSPECIFIED.);
#117=B_SPLINE_CURVE_WITH_KNOTS('',3,(#1838,#1839,#1840,#1841,#1842,#1843,
#1844,#1845,#1846,#1847,#1848,#1849,#1850,#1851,#1852,#1853,#1854,#1855,
#1856,#1857,#1858,#1859,#1860,#1861,#1862,#1863,#1864,#1865),
 .UNSPECIFIED.,.F.,.F.,(4,3,3,3,3,3,3,3,3,4),(33.3939739942202,33.4785193972418,
33.813312715101,34.1481060329601,34.4828993508193,34.8176926686784,35.1524859865376,
35.4872793043967,35.8220726222559,36.1407313235395),.UNSPECIFIED.);
#118=B_SPLINE_CURVE_WITH_KNOTS('',3,(#1867,#1868,#1869,#1870,#1871,#1872,
#1873,#1874,#1875,#1876,#1877,#1878,#1879,#1880,#1881,#1882,#1883,#1884,
#1885,#1886,#1887,#1888,#1889,#1890,#1891,#1892,#1893,#1894,#1895,#1896,
#1897,#1898,#1899,#1900,#1901,#1902,#1903,#1904,#1905,#1906,#1907,#1908,
#1909,#1910,#1911,#1912,#1913,#1914,#1915,#1916,#1917,#1918,#1919,#1920,
#1921,#1922,#1923,#1924,#1925,#1926,#1927,#1928,#1929,#1930,#1931,#1932,
#1933,#1934,#1935,#1936,#1937,#1938,#1939,#1940,#1941,#1942,#1943,#1944,
#1945,#1946,#1947,#1948,#1949,#1950,#1951,#1952,#1953,#1954,#1955,#1956,
#1957,#1958,#1959,#1960,#1961,#1962,#1963,#1964,#1965,#1966),
 .UNSPECIFIED.,.F.,.F.,(4,3,3,3,3,3,3,3,3,3,3,3,3,3,3,3,3,3,3,3,3,3,3,3,
3,3,3,3,3,3,3,3,3,4),(0.,0.014084818975646,0.0656999748589437,0.118128664730576,
0.171130055494821,0.223975143260792,0.240728960957078,0.247570839728349,
0.301413868820131,0.312399101918888,0.365743906547,0.419680816967148,0.469994600107296,
0.488862268784851,0.499661920361205,0.505491730113541,0.560245855589003,
0.61550694840063,0.620935949527739,0.675837272723061,0.731044725809732,
0.7573238563298,0.766800493222436,0.822607292143227,0.881111472256284,0.939615652369341,
0.99586119352133,1.01644201728494,1.02885679841036,1.03547779884126,1.09369529408091,
1.15105938205021,1.20970358092503,1.26834777979985),.UNSPECIFIED.);
#119=B_SPLINE_CURVE_WITH_KNOTS('',3,(#1967,#1968,#1969,#1970,#1971,#1972,
#1973,#1974,#1975,#1976,#1977,#1978,#1979,#1980,#1981,#1982,#1983,#1984,
#1985,#1986,#1987,#1988,#1989,#1990,#1991,#1992,#1993,#1994,#1995,#1996,
#1997,#1998,#1999,#2000,#2001,#2002,#2003,#2004,#2005,#2006,#2007,#2008,
#2009,#2010,#2011,#2012,#2013,#2014,#2015,#2016,#2017,#2018,#2019,#2020,
#2021,#2022,#2023,#2024,#2025,#2026,#2027,#2028,#2029,#2030,#2031,#2032,
#2033,#2034,#2035,#2036,#2037,#2038,#2039,#2040,#2041,#2042,#2043,#2044,
#2045,#2046,#2047,#2048,#2049,#2050,#2051),.UNSPECIFIED.,.F.,.F.,(4,1,1,
1,1,1,1,1,1,1,1,1,1,1,1,1,1,1,1,1,1,1,1,1,1,1,1,1,1,1,1,1,1,1,1,1,1,1,1,
1,1,1,1,1,1,1,1,1,1,1,1,1,1,1,1,1,1,1,1,1,1,1,1,1,1,1,1,1,1,1,1,1,1,1,1,
1,1,1,1,1,1,1,4),(0.127500000410126,0.15037946469584,0.173258928981554,
0.196138393267269,0.219017857552983,0.241897321838697,0.264776786124411,
0.31053571469584,0.356294643267269,0.402053571838697,0.424933036124411,
0.447812500410126,0.47069196469584,0.493571428981554,0.516450893267269,
0.539330357552983,0.562209821838697,0.585089286124411,0.615595238505364,
0.646101190886316,0.676607143267269,0.722366071838697,0.768125000410126,
0.813883928981554,0.836763393267269,0.859642857552983,0.890148809933935,
0.920654762314888,0.95116071469584,0.981666667076793,1.0223412702514,1.063015873426,
1.1036904766006,1.13419642898155,1.16470238136251,1.19520833374346,1.22571428612441,
1.25622023850536,1.28672619088632,1.31723214326727,1.34773809564822,1.37824404802917,
1.40875000041013,1.43925595279108,1.46976190517203,1.50026785755298,1.53077380993394,
1.56127976231489,1.59178571469584,1.62229166707679,1.65279761945775,1.6833035718387,
1.71380952421965,1.7443154766006,1.77482142898155,1.80532738136251,1.83583333374346,
1.86633928612441,1.89684523850536,1.92735119088632,1.95785714326727,1.98836309564822,
2.01886904802917,2.04937500041013,2.07988095279108,2.12055555596568,2.16123015914028,
2.20190476231489,2.23241071469584,2.26291666707679,2.29342261945775,2.3239285718387,
2.34680803612441,2.36968750041013,2.39256696469584,2.41544642898155,2.46120535755298,
2.50696428612441,2.55272321469584,2.57560267898155,2.59848214326727,2.62136160755298,
2.62749963530351),.UNSPECIFIED.);
#120=B_SPLINE_CURVE_WITH_KNOTS('',3,(#2053,#2054,#2055,#2056,#2057,#2058,
#2059,#2060,#2061,#2062,#2063,#2064,#2065,#2066,#2067,#2068,#2069,#2070,
#2071),.UNSPECIFIED.,.F.,.F.,(4,3,3,3,3,3,4),(108.421868197744,108.756680049203,
109.091491900664,109.426303752125,109.761115603586,110.095927455047,110.265188972173),
 .UNSPECIFIED.);
#121=B_SPLINE_CURVE_WITH_KNOTS('',3,(#2529,#2530,#2531,#2532,#2533,#2534,
#2535,#2536,#2537,#2538,#2539,#2540,#2541,#2542,#2543,#2544,#2545,#2546,
#2547,#2548,#2549,#2550,#2551,#2552,#2553,#2554,#2555,#2556,#2557,#2558,
#2559,#2560,#2561,#2562,#2563,#2564,#2565,#2566,#2567,#2568,#2569,#2570,
#2571,#2572,#2573,#2574,#2575,#2576,#2577,#2578,#2579,#2580,#2581,#2582,
#2583,#2584,#2585,#2586,#2587,#2588,#2589,#2590,#2591,#2592,#2593,#2594,
#2595,#2596,#2597,#2598,#2599,#2600,#2601,#2602,#2603,#2604,#2605,#2606,
#2607,#2608,#2609,#2610,#2611,#2612,#2613,#2614,#2615,#2616,#2617,#2618,
#2619,#2620,#2621,#2622),.UNSPECIFIED.,.F.,.F.,(4,1,1,1,1,1,1,1,1,1,1,1,
1,1,1,1,1,1,1,1,1,1,1,1,1,1,1,1,1,1,1,1,1,1,1,1,1,1,1,1,1,1,1,1,1,1,1,1,
1,1,1,1,1,1,1,1,1,1,1,1,1,1,1,1,1,1,1,1,1,1,1,1,1,1,1,1,1,1,1,1,1,1,1,1,
1,1,1,1,1,1,1,4),(0.190000000410125,0.213158482555324,0.236316964700523,
0.259475446845722,0.282633928990922,0.305792411136121,0.32895089328132,
0.35210937542652,0.375267857571719,0.398426339716918,0.421584821862118,
0.444743304007317,0.467901786152516,0.491060268297716,0.514218750442915,
0.537377232588114,0.560535714733314,0.591413690926913,0.622291667120512,
0.653169643314111,0.68404761950771,0.714925595701309,0.745803571894908,
0.766388889357308,0.807559524282106,0.838437500475705,0.869315476669305,
0.900193452862904,0.931071429056503,0.961949405250102,0.992827381443701,
1.0237053576373,1.0545833338309,1.0957539687557,1.1369246036805,1.16437169363036,
1.17123346611783,1.1780952386053,1.19868055606769,1.23985119099249,1.27072916718609,
1.30160714337969,1.33248511957329,1.36336309576689,1.39424107196049,1.42511904815409,
1.45599702434769,1.48687500054129,1.51775297673489,1.54863095292848,1.57950892912208,
1.61038690531568,1.64126488150928,1.67214285770288,1.70302083389648,1.73389881009008,
1.76477678628368,1.79565476247728,1.83682539740208,1.87799603232687,1.91916666725167,
1.95004464344527,1.98092261963887,2.01180059583247,2.04267857202607,2.06583705417127,
2.08899553631647,2.11215401846167,2.13531250060687,2.15847098275207,2.18162946489727,
2.20478794704246,2.22794642918766,2.25882440538126,2.28970238157486,2.32058035776846,
2.34373883991366,2.36689732205886,2.39005580420406,2.41321428634926,2.43637276849446,
2.45953125063966,2.48268973278486,2.50584821493006,2.52900669707526,2.55216517922045,
2.57532366136565,2.59848214351085,2.62164062565605,2.64479910780125,2.66795758994645,
2.68999983982488),.UNSPECIFIED.);
#122=B_SPLINE_CURVE_WITH_KNOTS('',3,(#2623,#2624,#2625,#2626,#2627,#2628,
#2629,#2630,#2631,#2632,#2633,#2634,#2635,#2636,#2637,#2638,#2639,#2640,
#2641,#2642,#2643,#2644,#2645,#2646,#2647,#2648,#2649,#2650,#2651,#2652,
#2653,#2654,#2655,#2656,#2657,#2658,#2659,#2660,#2661,#2662,#2663,#2664,
#2665,#2666,#2667,#2668,#2669,#2670,#2671,#2672,#2673,#2674,#2675,#2676,
#2677,#2678,#2679,#2680,#2681,#2682,#2683,#2684,#2685,#2686,#2687,#2688,
#2689,#2690,#2691,#2692,#2693,#2694,#2695,#2696,#2697,#2698,#2699,#2700,
#2701,#2702,#2703,#2704,#2705,#2706,#2707,#2708,#2709,#2710,#2711,#2712,
#2713,#2714,#2715,#2716,#2717,#2718,#2719,#2720,#2721,#2722),
 .UNSPECIFIED.,.F.,.F.,(4,3,3,3,3,3,3,3,3,3,3,3,3,3,3,3,3,3,3,3,3,3,3,3,
3,3,3,3,3,3,3,3,3,4),(0.311539061086843,0.327653111425737,0.385128254820054,
0.442818076154673,0.499858464386963,0.539157989358803,0.556402099145455,
0.563768870912296,0.620185181656939,0.657056564274323,0.713620194158089,
0.770013713270292,0.821600721317996,0.828796876819163,0.884156490982928,
0.939237520968412,0.97636174546111,1.03171935758389,1.06343927682349,1.08121947320676,
1.08951959777799,1.09648445156334,1.15074071645289,1.20491634736408,1.25836671297929,
1.28547871150073,1.32282501924695,1.34090070064749,1.34948486441173,1.40243797910996,
1.45553507191704,1.50824476699705,1.55991815467973,1.5842491734705),
 .UNSPECIFIED.);
#123=B_SPLINE_CURVE_WITH_KNOTS('',3,(#3071,#3072,#3073,#3074,#3075,#3076,
#3077,#3078,#3079,#3080,#3081,#3082,#3083,#3084,#3085,#3086,#3087,#3088,
#3089,#3090,#3091,#3092,#3093,#3094,#3095,#3096,#3097,#3098,#3099,#3100,
#3101,#3102,#3103,#3104,#3105,#3106,#3107,#3108,#3109,#3110,#3111,#3112,
#3113,#3114,#3115,#3116,#3117,#3118,#3119,#3120,#3121,#3122,#3123,#3124,
#3125,#3126,#3127,#3128,#3129,#3130,#3131,#3132,#3133,#3134,#3135,#3136,
#3137,#3138,#3139,#3140),.UNSPECIFIED.,.F.,.F.,(4,3,3,3,3,3,3,3,3,3,3,3,
3,3,3,3,3,3,3,3,3,3,3,4),(0.,0.0527756285792392,0.105670966657545,0.158386740487251,
0.211102514316957,0.229122469368615,0.239515396542728,0.248638850885066,
0.300797704003111,0.353698323984974,0.406519048262993,0.45297042170324,
0.476196108423363,0.487771245695015,0.49515077564228,0.499421795143487,
0.551798186128128,0.604540814621613,0.627383894570264,0.636294903055725,
0.644517868273207,0.697272681339121,0.749697512754296,0.787285454210821),
 .UNSPECIFIED.);
#124=LINE('',#577,#151);
#125=LINE('',#631,#152);
#126=LINE('',#715,#153);
#127=LINE('',#784,#154);
#128=LINE('',#862,#155);
#129=LINE('',#934,#156);
#130=LINE('',#1000,#157);
#131=LINE('',#1084,#158);
#132=LINE('',#2075,#159);
#133=LINE('',#2077,#160);
#134=LINE('',#2079,#161);
#135=LINE('',#2080,#162);
#136=LINE('',#2083,#163);
#137=LINE('',#2085,#164);
#138=LINE('',#2086,#165);
#139=LINE('',#2088,#166);
#140=LINE('',#2089,#167);
#141=LINE('',#2094,#168);
#142=LINE('',#2096,#169);
#143=LINE('',#2098,#170);
#144=LINE('',#2104,#171);
#145=LINE('',#2109,#172);
#146=LINE('',#2117,#173);
#147=LINE('',#2118,#174);
#148=LINE('',#2120,#175);
#149=LINE('',#2126,#176);
#150=LINE('',#2131,#177);
#151=VECTOR('',#490,7.15);
#152=VECTOR('',#495,7.15);
#153=VECTOR('',#498,7.15);
#154=VECTOR('',#501,7.15);
#155=VECTOR('',#504,7.15);
#156=VECTOR('',#507,7.15);
#157=VECTOR('',#510,7.15);
#158=VECTOR('',#513,7.15);
#159=VECTOR('',#522,10.);
#160=VECTOR('',#523,10.);
#161=VECTOR('',#524,10.);
#162=VECTOR('',#525,10.);
#163=VECTOR('',#528,10.);
#164=VECTOR('',#529,10.);
#165=VECTOR('',#530,10.);
#166=VECTOR('',#533,10.);
#167=VECTOR('',#534,10.);
#168=VECTOR('',#539,10.);
#169=VECTOR('',#540,10.);
#170=VECTOR('',#541,10.);
#171=VECTOR('',#544,10.);
#172=VECTOR('',#545,10.);
#173=VECTOR('',#556,10.);
#174=VECTOR('',#557,10.);
#175=VECTOR('',#558,10.);
#176=VECTOR('',#561,10.);
#177=VECTOR('',#562,10.);
#178=VERTEX_POINT('',#575);
#179=VERTEX_POINT('',#576);
#180=VERTEX_POINT('',#578);
#181=VERTEX_POINT('',#607);
#182=VERTEX_POINT('',#629);
#183=VERTEX_POINT('',#630);
#184=VERTEX_POINT('',#713);
#185=VERTEX_POINT('',#714);
#186=VERTEX_POINT('',#782);
#187=VERTEX_POINT('',#783);
#188=VERTEX_POINT('',#860);
#189=VERTEX_POINT('',#861);
#190=VERTEX_POINT('',#932);
#191=VERTEX_POINT('',#933);
#192=VERTEX_POINT('',#998);
#193=VERTEX_POINT('',#999);
#194=VERTEX_POINT('',#1082);
#195=VERTEX_POINT('',#1083);
#196=VERTEX_POINT('',#1169);
#197=VERTEX_POINT('',#1170);
#198=VERTEX_POINT('',#1277);
#199=VERTEX_POINT('',#1279);
#200=VERTEX_POINT('',#1866);
#201=VERTEX_POINT('',#2073);
#202=VERTEX_POINT('',#2074);
#203=VERTEX_POINT('',#2076);
#204=VERTEX_POINT('',#2078);
#205=VERTEX_POINT('',#2082);
#206=VERTEX_POINT('',#2084);
#207=VERTEX_POINT('',#2092);
#208=VERTEX_POINT('',#2093);
#209=VERTEX_POINT('',#2095);
#210=VERTEX_POINT('',#2097);
#211=VERTEX_POINT('',#2103);
#212=VERTEX_POINT('',#2105);
#213=VERTEX_POINT('',#2115);
#214=VERTEX_POINT('',#2116);
#215=VERTEX_POINT('',#2119);
#216=VERTEX_POINT('',#2125);
#217=VERTEX_POINT('',#2127);
#218=VERTEX_POINT('',#2528);
#219=EDGE_CURVE('',#178,#179,#124,.T.);
#220=EDGE_CURVE('',#178,#180,#98,.T.);
#221=EDGE_CURVE('',#180,#181,#92,.T.);
#222=EDGE_CURVE('',#181,#179,#99,.T.);
#223=EDGE_CURVE('',#182,#183,#125,.T.);
#224=EDGE_CURVE('',#182,#178,#100,.T.);
#225=EDGE_CURVE('',#179,#183,#101,.T.);
#226=EDGE_CURVE('',#184,#185,#126,.T.);
#227=EDGE_CURVE('',#184,#182,#102,.T.);
#228=EDGE_CURVE('',#183,#185,#103,.T.);
#229=EDGE_CURVE('',#186,#187,#127,.T.);
#230=EDGE_CURVE('',#186,#184,#104,.T.);
#231=EDGE_CURVE('',#185,#187,#105,.T.);
#232=EDGE_CURVE('',#188,#189,#128,.T.);
#233=EDGE_CURVE('',#188,#186,#106,.T.);
#234=EDGE_CURVE('',#187,#189,#107,.T.);
#235=EDGE_CURVE('',#190,#191,#129,.T.);
#236=EDGE_CURVE('',#190,#188,#108,.T.);
#237=EDGE_CURVE('',#189,#191,#109,.T.);
#238=EDGE_CURVE('',#192,#193,#130,.T.);
#239=EDGE_CURVE('',#192,#190,#110,.T.);
#240=EDGE_CURVE('',#191,#193,#111,.T.);
#241=EDGE_CURVE('',#194,#195,#131,.T.);
#242=EDGE_CURVE('',#194,#192,#112,.T.);
#243=EDGE_CURVE('',#193,#195,#113,.T.);
#244=EDGE_CURVE('',#196,#197,#114,.T.);
#245=EDGE_CURVE('',#198,#196,#93,.T.);
#246=EDGE_CURVE('',#199,#198,#115,.T.);
#247=EDGE_CURVE('',#197,#199,#116,.T.);
#248=EDGE_CURVE('',#195,#198,#117,.T.);
#249=EDGE_CURVE('',#200,#181,#118,.T.);
#250=EDGE_CURVE('',#200,#199,#119,.T.);
#251=EDGE_CURVE('',#196,#194,#120,.T.);
#252=EDGE_CURVE('',#201,#202,#132,.T.);
#253=EDGE_CURVE('',#203,#202,#133,.T.);
#254=EDGE_CURVE('',#204,#203,#134,.T.);
#255=EDGE_CURVE('',#204,#201,#135,.T.);
#256=EDGE_CURVE('',#202,#205,#136,.T.);
#257=EDGE_CURVE('',#206,#205,#137,.T.);
#258=EDGE_CURVE('',#203,#206,#138,.T.);
#259=EDGE_CURVE('',#205,#201,#139,.T.);
#260=EDGE_CURVE('',#206,#204,#140,.T.);
#261=EDGE_CURVE('',#207,#208,#141,.T.);
#262=EDGE_CURVE('',#209,#208,#142,.T.);
#263=EDGE_CURVE('',#210,#209,#143,.T.);
#264=EDGE_CURVE('',#210,#207,#19,.T.);
#265=EDGE_CURVE('',#208,#211,#144,.T.);
#266=EDGE_CURVE('',#212,#211,#20,.T.);
#267=EDGE_CURVE('',#209,#212,#145,.T.);
#268=EDGE_CURVE('',#211,#207,#94,.T.);
#269=EDGE_CURVE('',#212,#210,#95,.T.);
#270=EDGE_CURVE('',#213,#214,#146,.T.);
#271=EDGE_CURVE('',#209,#214,#147,.T.);
#272=EDGE_CURVE('',#215,#209,#148,.T.);
#273=EDGE_CURVE('',#215,#213,#21,.T.);
#274=EDGE_CURVE('',#214,#216,#149,.T.);
#275=EDGE_CURVE('',#217,#216,#22,.T.);
#276=EDGE_CURVE('',#209,#217,#150,.T.);
#277=EDGE_CURVE('',#216,#213,#96,.T.);
#278=EDGE_CURVE('',#217,#215,#97,.T.);
#279=EDGE_CURVE('',#218,#197,#121,.T.);
#280=EDGE_CURVE('',#180,#218,#122,.T.);
#281=EDGE_CURVE('',#218,#200,#123,.T.);
#282=ORIENTED_EDGE('',*,*,#219,.F.);
#283=ORIENTED_EDGE('',*,*,#220,.T.);
#284=ORIENTED_EDGE('',*,*,#221,.T.);
#285=ORIENTED_EDGE('',*,*,#222,.T.);
#286=ORIENTED_EDGE('',*,*,#223,.F.);
#287=ORIENTED_EDGE('',*,*,#224,.T.);
#288=ORIENTED_EDGE('',*,*,#219,.T.);
#289=ORIENTED_EDGE('',*,*,#225,.T.);
#290=ORIENTED_EDGE('',*,*,#226,.F.);
#291=ORIENTED_EDGE('',*,*,#227,.T.);
#292=ORIENTED_EDGE('',*,*,#223,.T.);
#293=ORIENTED_EDGE('',*,*,#228,.T.);
#294=ORIENTED_EDGE('',*,*,#229,.F.);
#295=ORIENTED_EDGE('',*,*,#230,.T.);
#296=ORIENTED_EDGE('',*,*,#226,.T.);
#297=ORIENTED_EDGE('',*,*,#231,.T.);
#298=ORIENTED_EDGE('',*,*,#232,.F.);
#299=ORIENTED_EDGE('',*,*,#233,.T.);
#300=ORIENTED_EDGE('',*,*,#229,.T.);
#301=ORIENTED_EDGE('',*,*,#234,.T.);
#302=ORIENTED_EDGE('',*,*,#235,.F.);
#303=ORIENTED_EDGE('',*,*,#236,.T.);
#304=ORIENTED_EDGE('',*,*,#232,.T.);
#305=ORIENTED_EDGE('',*,*,#237,.T.);
#306=ORIENTED_EDGE('',*,*,#238,.F.);
#307=ORIENTED_EDGE('',*,*,#239,.T.);
#308=ORIENTED_EDGE('',*,*,#235,.T.);
#309=ORIENTED_EDGE('',*,*,#240,.T.);
#310=ORIENTED_EDGE('',*,*,#241,.F.);
#311=ORIENTED_EDGE('',*,*,#242,.T.);
#312=ORIENTED_EDGE('',*,*,#238,.T.);
#313=ORIENTED_EDGE('',*,*,#243,.T.);
#314=ORIENTED_EDGE('',*,*,#244,.F.);
#315=ORIENTED_EDGE('',*,*,#245,.F.);
#316=ORIENTED_EDGE('',*,*,#246,.F.);
#317=ORIENTED_EDGE('',*,*,#247,.F.);
#318=ORIENTED_EDGE('',*,*,#246,.T.);
#319=ORIENTED_EDGE('',*,*,#248,.F.);
#320=ORIENTED_EDGE('',*,*,#243,.F.);
#321=ORIENTED_EDGE('',*,*,#240,.F.);
#322=ORIENTED_EDGE('',*,*,#237,.F.);
#323=ORIENTED_EDGE('',*,*,#234,.F.);
#324=ORIENTED_EDGE('',*,*,#231,.F.);
#325=ORIENTED_EDGE('',*,*,#228,.F.);
#326=ORIENTED_EDGE('',*,*,#225,.F.);
#327=ORIENTED_EDGE('',*,*,#222,.F.);
#328=ORIENTED_EDGE('',*,*,#249,.F.);
#329=ORIENTED_EDGE('',*,*,#250,.T.);
#330=ORIENTED_EDGE('',*,*,#241,.T.);
#331=ORIENTED_EDGE('',*,*,#248,.T.);
#332=ORIENTED_EDGE('',*,*,#245,.T.);
#333=ORIENTED_EDGE('',*,*,#251,.T.);
#334=ORIENTED_EDGE('',*,*,#252,.T.);
#335=ORIENTED_EDGE('',*,*,#253,.F.);
#336=ORIENTED_EDGE('',*,*,#254,.F.);
#337=ORIENTED_EDGE('',*,*,#255,.T.);
#338=ORIENTED_EDGE('',*,*,#256,.T.);
#339=ORIENTED_EDGE('',*,*,#257,.F.);
#340=ORIENTED_EDGE('',*,*,#258,.F.);
#341=ORIENTED_EDGE('',*,*,#253,.T.);
#342=ORIENTED_EDGE('',*,*,#259,.T.);
#343=ORIENTED_EDGE('',*,*,#255,.F.);
#344=ORIENTED_EDGE('',*,*,#260,.F.);
#345=ORIENTED_EDGE('',*,*,#257,.T.);
#346=ORIENTED_EDGE('',*,*,#252,.F.);
#347=ORIENTED_EDGE('',*,*,#259,.F.);
#348=ORIENTED_EDGE('',*,*,#256,.F.);
#349=ORIENTED_EDGE('',*,*,#261,.T.);
#350=ORIENTED_EDGE('',*,*,#262,.F.);
#351=ORIENTED_EDGE('',*,*,#263,.F.);
#352=ORIENTED_EDGE('',*,*,#264,.T.);
#353=ORIENTED_EDGE('',*,*,#265,.T.);
#354=ORIENTED_EDGE('',*,*,#266,.F.);
#355=ORIENTED_EDGE('',*,*,#267,.F.);
#356=ORIENTED_EDGE('',*,*,#262,.T.);
#357=ORIENTED_EDGE('',*,*,#268,.T.);
#358=ORIENTED_EDGE('',*,*,#264,.F.);
#359=ORIENTED_EDGE('',*,*,#269,.F.);
#360=ORIENTED_EDGE('',*,*,#266,.T.);
#361=ORIENTED_EDGE('',*,*,#261,.F.);
#362=ORIENTED_EDGE('',*,*,#268,.F.);
#363=ORIENTED_EDGE('',*,*,#265,.F.);
#364=ORIENTED_EDGE('',*,*,#270,.T.);
#365=ORIENTED_EDGE('',*,*,#271,.F.);
#366=ORIENTED_EDGE('',*,*,#272,.F.);
#367=ORIENTED_EDGE('',*,*,#273,.T.);
#368=ORIENTED_EDGE('',*,*,#274,.T.);
#369=ORIENTED_EDGE('',*,*,#275,.F.);
#370=ORIENTED_EDGE('',*,*,#276,.F.);
#371=ORIENTED_EDGE('',*,*,#271,.T.);
#372=ORIENTED_EDGE('',*,*,#277,.T.);
#373=ORIENTED_EDGE('',*,*,#273,.F.);
#374=ORIENTED_EDGE('',*,*,#278,.F.);
#375=ORIENTED_EDGE('',*,*,#275,.T.);
#376=ORIENTED_EDGE('',*,*,#270,.F.);
#377=ORIENTED_EDGE('',*,*,#277,.F.);
#378=ORIENTED_EDGE('',*,*,#274,.F.);
#379=ORIENTED_EDGE('',*,*,#244,.T.);
#380=ORIENTED_EDGE('',*,*,#279,.F.);
#381=ORIENTED_EDGE('',*,*,#280,.F.);
#382=ORIENTED_EDGE('',*,*,#220,.F.);
#383=ORIENTED_EDGE('',*,*,#224,.F.);
#384=ORIENTED_EDGE('',*,*,#227,.F.);
#385=ORIENTED_EDGE('',*,*,#230,.F.);
#386=ORIENTED_EDGE('',*,*,#233,.F.);
#387=ORIENTED_EDGE('',*,*,#236,.F.);
#388=ORIENTED_EDGE('',*,*,#239,.F.);
#389=ORIENTED_EDGE('',*,*,#242,.F.);
#390=ORIENTED_EDGE('',*,*,#251,.F.);
#391=ORIENTED_EDGE('',*,*,#247,.T.);
#392=ORIENTED_EDGE('',*,*,#250,.F.);
#393=ORIENTED_EDGE('',*,*,#281,.F.);
#394=ORIENTED_EDGE('',*,*,#279,.T.);
#395=ORIENTED_EDGE('',*,*,#280,.T.);
#396=ORIENTED_EDGE('',*,*,#281,.T.);
#397=ORIENTED_EDGE('',*,*,#249,.T.);
#398=ORIENTED_EDGE('',*,*,#221,.F.);
#399=ORIENTED_EDGE('',*,*,#254,.T.);
#400=ORIENTED_EDGE('',*,*,#258,.T.);
#401=ORIENTED_EDGE('',*,*,#260,.T.);
#402=ORIENTED_EDGE('',*,*,#263,.T.);
#403=ORIENTED_EDGE('',*,*,#276,.T.);
#404=ORIENTED_EDGE('',*,*,#278,.T.);
#405=ORIENTED_EDGE('',*,*,#272,.T.);
#406=ORIENTED_EDGE('',*,*,#267,.T.);
#407=ORIENTED_EDGE('',*,*,#269,.T.);
#408=CYLINDRICAL_SURFACE('',#457,7.15);
#409=CYLINDRICAL_SURFACE('',#459,7.15);
#410=CYLINDRICAL_SURFACE('',#460,7.15);
#411=CYLINDRICAL_SURFACE('',#461,7.15);
#412=CYLINDRICAL_SURFACE('',#462,7.15);
#413=CYLINDRICAL_SURFACE('',#463,7.15);
#414=CYLINDRICAL_SURFACE('',#464,7.15);
#415=CYLINDRICAL_SURFACE('',#465,7.15);
#416=CYLINDRICAL_SURFACE('',#468,7.15);
#417=ADVANCED_FACE('',(#38),#408,.T.);
#418=ADVANCED_FACE('',(#39),#409,.T.);
#419=ADVANCED_FACE('',(#40),#410,.T.);
#420=ADVANCED_FACE('',(#41),#411,.T.);
#421=ADVANCED_FACE('',(#42),#412,.T.);
#422=ADVANCED_FACE('',(#43),#413,.T.);
#423=ADVANCED_FACE('',(#44),#414,.T.);
#424=ADVANCED_FACE('',(#45),#415,.T.);
#425=ADVANCED_FACE('',(#46),#26,.F.);
#426=ADVANCED_FACE('',(#47),#23,.F.);
#427=ADVANCED_FACE('',(#48),#416,.T.);
#428=ADVANCED_FACE('',(#49),#27,.T.);
#429=ADVANCED_FACE('',(#50),#28,.T.);
#430=ADVANCED_FACE('',(#51),#29,.T.);
#431=ADVANCED_FACE('',(#52),#30,.F.);
#432=ADVANCED_FACE('',(#53),#31,.T.);
#433=ADVANCED_FACE('',(#54),#32,.T.);
#434=ADVANCED_FACE('',(#55),#17,.T.);
#435=ADVANCED_FACE('',(#56),#33,.F.);
#436=ADVANCED_FACE('',(#57),#34,.T.);
#437=ADVANCED_FACE('',(#58),#35,.T.);
#438=ADVANCED_FACE('',(#59),#18,.T.);
#439=ADVANCED_FACE('',(#60),#36,.F.);
#440=ADVANCED_FACE('',(#61),#24,.F.);
#441=ADVANCED_FACE('',(#62),#25,.F.);
#442=ADVANCED_FACE('',(#63,#15,#16),#37,.F.);
#443=CLOSED_SHELL('',(#417,#418,#419,#420,#421,#422,#423,#424,#425,#426,
#427,#428,#429,#430,#431,#432,#433,#434,#435,#436,#437,#438,#439,#440,#441,
#442));
#444=DERIVED_UNIT_ELEMENT(#446,1.);
#445=DERIVED_UNIT_ELEMENT(#3147,-3.);
#446=(
MASS_UNIT()
NAMED_UNIT(*)
SI_UNIT(.KILO.,.GRAM.)
);
#447=DERIVED_UNIT((#444,#445));
#448=MEASURE_REPRESENTATION_ITEM('density measure',
POSITIVE_RATIO_MEASURE(1541.),#447);
#449=PROPERTY_DEFINITION_REPRESENTATION(#454,#451);
#450=PROPERTY_DEFINITION_REPRESENTATION(#455,#452);
#451=REPRESENTATION('material name',(#453),#3144);
#452=REPRESENTATION('density',(#448),#3144);
#453=DESCRIPTIVE_REPRESENTATION_ITEM('PET Plastic','PET Plastic');
#454=PROPERTY_DEFINITION('material property','material name',#3154);
#455=PROPERTY_DEFINITION('material property','density of part',#3154);
#456=AXIS2_PLACEMENT_3D('',#573,#486,#487);
#457=AXIS2_PLACEMENT_3D('',#574,#488,#489);
#458=AXIS2_PLACEMENT_3D('',#608,#491,#492);
#459=AXIS2_PLACEMENT_3D('',#628,#493,#494);
#460=AXIS2_PLACEMENT_3D('',#712,#496,#497);
#461=AXIS2_PLACEMENT_3D('',#781,#499,#500);
#462=AXIS2_PLACEMENT_3D('',#859,#502,#503);
#463=AXIS2_PLACEMENT_3D('',#931,#505,#506);
#464=AXIS2_PLACEMENT_3D('',#997,#508,#509);
#465=AXIS2_PLACEMENT_3D('',#1081,#511,#512);
#466=AXIS2_PLACEMENT_3D('',#1168,#514,#515);
#467=AXIS2_PLACEMENT_3D('',#1278,#516,#517);
#468=AXIS2_PLACEMENT_3D('',#2052,#518,#519);
#469=AXIS2_PLACEMENT_3D('',#2072,#520,#521);
#470=AXIS2_PLACEMENT_3D('',#2081,#526,#527);
#471=AXIS2_PLACEMENT_3D('',#2087,#531,#532);
#472=AXIS2_PLACEMENT_3D('',#2090,#535,#536);
#473=AXIS2_PLACEMENT_3D('',#2091,#537,#538);
#474=AXIS2_PLACEMENT_3D('',#2102,#542,#543);
#475=AXIS2_PLACEMENT_3D('',#2110,#546,#547);
#476=AXIS2_PLACEMENT_3D('',#2111,#548,#549);
#477=AXIS2_PLACEMENT_3D('',#2112,#550,#551);
#478=AXIS2_PLACEMENT_3D('',#2113,#552,#553);
#479=AXIS2_PLACEMENT_3D('',#2114,#554,#555);
#480=AXIS2_PLACEMENT_3D('',#2124,#559,#560);
#481=AXIS2_PLACEMENT_3D('',#2132,#563,#564);
#482=AXIS2_PLACEMENT_3D('',#2133,#565,#566);
#483=AXIS2_PLACEMENT_3D('',#2134,#567,#568);
#484=AXIS2_PLACEMENT_3D('',#2135,#569,#570);
#485=AXIS2_PLACEMENT_3D('',#3141,#571,#572);
#486=DIRECTION('axis',(0.,0.,1.));
#487=DIRECTION('refdir',(1.,0.,0.));
#488=DIRECTION('center_axis',(0.,0.,-1.));
#489=DIRECTION('ref_axis',(-2.22044604925031E-16,1.,0.));
#490=DIRECTION('',(0.,0.,1.));
#491=DIRECTION('center_axis',(0.,0.,-1.));
#492=DIRECTION('ref_axis',(-2.22044604925031E-16,1.,0.));
#493=DIRECTION('center_axis',(0.,0.,-1.));
#494=DIRECTION('ref_axis',(-2.22044604925031E-16,1.,0.));
#495=DIRECTION('',(0.,0.,1.));
#496=DIRECTION('center_axis',(0.,0.,-1.));
#497=DIRECTION('ref_axis',(-2.22044604925031E-16,1.,0.));
#498=DIRECTION('',(0.,0.,1.));
#499=DIRECTION('center_axis',(0.,0.,-1.));
#500=DIRECTION('ref_axis',(-2.22044604925031E-16,1.,0.));
#501=DIRECTION('',(0.,0.,1.));
#502=DIRECTION('center_axis',(0.,0.,-1.));
#503=DIRECTION('ref_axis',(-2.22044604925031E-16,1.,0.));
#504=DIRECTION('',(0.,0.,1.));
#505=DIRECTION('center_axis',(0.,0.,-1.));
#506=DIRECTION('ref_axis',(-2.22044604925031E-16,1.,0.));
#507=DIRECTION('',(0.,0.,1.));
#508=DIRECTION('center_axis',(0.,0.,-1.));
#509=DIRECTION('ref_axis',(-2.22044604925031E-16,1.,0.));
#510=DIRECTION('',(0.,0.,1.));
#511=DIRECTION('center_axis',(0.,0.,-1.));
#512=DIRECTION('ref_axis',(-2.22044604925031E-16,1.,0.));
#513=DIRECTION('',(0.,0.,1.));
#514=DIRECTION('center_axis',(0.,0.,1.));
#515=DIRECTION('ref_axis',(2.22044604925031E-16,-1.,0.));
#516=DIRECTION('center_axis',(0.,0.,1.));
#517=DIRECTION('ref_axis',(-2.22044604925031E-16,1.,0.));
#518=DIRECTION('center_axis',(0.,0.,-1.));
#519=DIRECTION('ref_axis',(-0.942990223697991,0.332820429075519,0.));
#520=DIRECTION('center_axis',(-0.632455532034432,0.316227766015324,0.707106781186548));
#521=DIRECTION('ref_axis',(-0.447213595497817,-0.894427191000986,0.));
#522=DIRECTION('',(0.447213595497817,0.894427191000986,0.));
#523=DIRECTION('',(1.83401032348081E-12,-0.912870929175394,0.408248290463601));
#524=DIRECTION('',(0.447213595497817,0.894427191000986,0.));
#525=DIRECTION('',(0.752937760164188,0.465341127193944,0.465341127196818));
#526=DIRECTION('center_axis',(0.632455532033162,0.316227766017865,0.707106781186548));
#527=DIRECTION('ref_axis',(-0.44721359550141,0.89442719099919,0.));
#528=DIRECTION('',(0.44721359550141,-0.89442719099919,0.));
#529=DIRECTION('',(-0.752937760164883,0.465341127196256,0.465341127193381));
#530=DIRECTION('',(0.44721359550141,-0.89442719099919,0.));
#531=DIRECTION('center_axis',(-2.69961697346947E-12,-0.707106781186547,
0.707106781186548));
#532=DIRECTION('ref_axis',(1.,-3.81783493709314E-12,0.));
#533=DIRECTION('',(-1.,3.81783493709314E-12,0.));
#534=DIRECTION('',(-1.,3.81783493709314E-12,0.));
#535=DIRECTION('center_axis',(0.,0.,-1.));
#536=DIRECTION('ref_axis',(-2.22044604925031E-16,1.,0.));
#537=DIRECTION('center_axis',(1.32476551201444E-16,-0.707106781186548,0.707106781186547));
#538=DIRECTION('ref_axis',(1.,1.87350135405495E-16,0.));
#539=DIRECTION('',(-1.,-1.87350135405495E-16,0.));
#540=DIRECTION('',(0.577350269189626,0.577350269189626,0.577350269189626));
#541=DIRECTION('',(-1.,-1.87350135405495E-16,0.));
#542=DIRECTION('center_axis',(-0.707106781186548,-1.32476551201444E-16,
0.707106781186548));
#543=DIRECTION('ref_axis',(1.87350135405495E-16,-1.,0.));
#544=DIRECTION('',(-1.87350135405495E-16,1.,0.));
#545=DIRECTION('',(-1.87350135405495E-16,1.,0.));
#546=DIRECTION('center_axis',(0.,0.,-1.));
#547=DIRECTION('ref_axis',(-2.22044604925031E-16,1.,0.));
#548=DIRECTION('center_axis',(0.,0.,-1.));
#549=DIRECTION('ref_axis',(-2.22044604925031E-16,1.,0.));
#550=DIRECTION('center_axis',(0.,0.,-1.));
#551=DIRECTION('ref_axis',(-2.22044604925031E-16,1.,0.));
#552=DIRECTION('center_axis',(0.,0.,-1.));
#553=DIRECTION('ref_axis',(-2.22044604925031E-16,1.,0.));
#554=DIRECTION('center_axis',(-1.32476551201443E-16,0.707106781186547,0.707106781186548));
#555=DIRECTION('ref_axis',(-1.,-1.87350135405495E-16,0.));
#556=DIRECTION('',(1.,1.87350135405495E-16,0.));
#557=DIRECTION('',(-0.577350269189626,-0.577350269189626,0.577350269189626));
#558=DIRECTION('',(1.,1.87350135405495E-16,0.));
#559=DIRECTION('center_axis',(0.707106781186548,1.32476551201444E-16,0.707106781186547));
#560=DIRECTION('ref_axis',(-1.87350135405495E-16,1.,0.));
#561=DIRECTION('',(1.87350135405495E-16,-1.,0.));
#562=DIRECTION('',(1.87350135405495E-16,-1.,0.));
#563=DIRECTION('center_axis',(0.,0.,-1.));
#564=DIRECTION('ref_axis',(-2.22044604925031E-16,1.,0.));
#565=DIRECTION('center_axis',(0.,0.,-1.));
#566=DIRECTION('ref_axis',(-2.22044604925031E-16,1.,0.));
#567=DIRECTION('center_axis',(0.,0.,-1.));
#568=DIRECTION('ref_axis',(-2.22044604925031E-16,1.,0.));
#569=DIRECTION('center_axis',(0.,0.,-1.));
#570=DIRECTION('ref_axis',(-2.22044604925031E-16,1.,0.));
#571=DIRECTION('center_axis',(0.,0.,-1.));
#572=DIRECTION('ref_axis',(-2.22044604925031E-16,1.,0.));
#573=CARTESIAN_POINT('',(0.,0.,0.));
#574=CARTESIAN_POINT('Origin',(0.,0.,0.));
#575=CARTESIAN_POINT('',(7.65427898717866E-6,-7.15045747190543,-1.84999999395784));
#576=CARTESIAN_POINT('',(0.000119289712581543,-7.14987201919423,-1.22499999627189));
#577=CARTESIAN_POINT('',(7.11996463823616E-16,-7.15,0.));
#578=CARTESIAN_POINT('',(-3.90671949819679,5.98832553911434,0.));
#579=CARTESIAN_POINT('Ctrl Pts',(7.65427898717879E-6,-7.15045747190555,
-1.84999999395771));
#580=CARTESIAN_POINT('Ctrl Pts',(0.0406448383763121,-7.15046822864478,-1.84717261423905));
#581=CARTESIAN_POINT('Ctrl Pts',(0.0812819219437801,-7.15012743847452,-1.8443452345204));
#582=CARTESIAN_POINT('Ctrl Pts',(0.121913090914635,-7.14943383152981,-1.84151785480174));
#583=CARTESIAN_POINT('Ctrl Pts',(1.2312514121184,-7.13049652839245,-1.76432291431775));
#584=CARTESIAN_POINT('Ctrl Pts',(2.33618078989131,-6.84855748520117,-1.68712797383376));
#585=CARTESIAN_POINT('Ctrl Pts',(3.31896181423917,-6.33356996235509,-1.60993303334976));
#586=CARTESIAN_POINT('Ctrl Pts',(4.30174283858711,-5.81858243950896,-1.53273809286577));
#587=CARTESIAN_POINT('Ctrl Pts',(5.16237550950997,-5.070546437008,-1.45554315238177));
#588=CARTESIAN_POINT('Ctrl Pts',(5.80928561899291,-4.16912680300323,-1.37834821189777));
#589=CARTESIAN_POINT('Ctrl Pts',(6.45619572847584,-3.26770716899845,-1.30115327141377));
#590=CARTESIAN_POINT('Ctrl Pts',(6.88938327651886,-2.21290390348985,-1.22395833092977));
#591=CARTESIAN_POINT('Ctrl Pts',(7.0627085947603,-1.11699901083801,-1.14676339044577));
#592=CARTESIAN_POINT('Ctrl Pts',(7.23603391300174,-0.0210941181861762,-1.06956844996177));
#593=CARTESIAN_POINT('Ctrl Pts',(7.14949700144162,1.1159124016089,-0.992373509477774));
#594=CARTESIAN_POINT('Ctrl Pts',(6.81232112297912,2.17296774410355,-0.915178568993775));
#595=CARTESIAN_POINT('Ctrl Pts',(6.47514524451662,3.2300230865982,-0.837983628509776));
#596=CARTESIAN_POINT('Ctrl Pts',(5.88733039915173,4.20712725179241,-0.760788688025778));
#597=CARTESIAN_POINT('Ctrl Pts',(5.11145043864596,5.00026120337975,-0.683593747541779));
#598=CARTESIAN_POINT('Ctrl Pts',(4.33557047814018,5.79339515496709,-0.60639880705778));
#599=CARTESIAN_POINT('Ctrl Pts',(3.37162540249352,6.40255889294754,-0.529203866573781));
#600=CARTESIAN_POINT('Ctrl Pts',(2.32224152929345,6.76289648643287,-0.452008926089782));
#601=CARTESIAN_POINT('Ctrl Pts',(1.27285765609338,7.1232340799182,-0.374813985605783));
#602=CARTESIAN_POINT('Ctrl Pts',(0.138034985339903,7.23474552890841,-0.297619045121784));
#603=CARTESIAN_POINT('Ctrl Pts',(-0.961417179313975,7.08556707301292,-0.220424104637785));
#604=CARTESIAN_POINT('Ctrl Pts',(-2.00788368547911,6.94357794192124,-0.146949403091905));
#605=CARTESIAN_POINT('Ctrl Pts',(-3.02230674215881,6.56542018561833,-0.0734747015460245));
#606=CARTESIAN_POINT('Ctrl Pts',(-3.90699607841905,5.98870724456957,-1.43958235701526E-13));
#607=CARTESIAN_POINT('',(4.48799328838327,5.56600541173172,0.));
#608=CARTESIAN_POINT('Origin',(0.,0.,0.));
#609=CARTESIAN_POINT('Ctrl Pts',(4.48799328838327,5.56600541173172,1.38777878078145E-16));
#610=CARTESIAN_POINT('Ctrl Pts',(5.35189096814127,4.86942560237117,-0.0771949404736613));
#611=CARTESIAN_POINT('Ctrl Pts',(6.05043515473064,3.96842894300867,-0.154389880947323));
#612=CARTESIAN_POINT('Ctrl Pts',(6.50952852460234,2.95843515639273,-0.231584821420984));
#613=CARTESIAN_POINT('Ctrl Pts',(6.96862189447444,1.94844136977591,-0.308779761894713));
#614=CARTESIAN_POINT('Ctrl Pts',(7.18826444762844,0.82945045590547,-0.385974702368443));
#615=CARTESIAN_POINT('Ctrl Pts',(7.14498354201446,-0.279227626204174,-0.463169642842172));
#616=CARTESIAN_POINT('Ctrl Pts',(7.10170263640047,-1.38790570831382,-0.540364583315901));
#617=CARTESIAN_POINT('Ctrl Pts',(6.7954982720185,-2.48627095866266,-0.61755952378963));
#618=CARTESIAN_POINT('Ctrl Pts',(6.25901917392614,-3.45745648472335,-0.69475446426336));
#619=CARTESIAN_POINT('Ctrl Pts',(5.72254007583377,-4.42864201078404,-0.771949404737089));
#620=CARTESIAN_POINT('Ctrl Pts',(4.95578624403101,-5.27264781255657,-0.849144345210818));
#621=CARTESIAN_POINT('Ctrl Pts',(4.0403684803646,-5.89958487128089,-0.926339285684547));
#622=CARTESIAN_POINT('Ctrl Pts',(3.1249507166982,-6.52652193000522,-1.00353422615828));
#623=CARTESIAN_POINT('Ctrl Pts',(2.06086902116816,-6.93639024568133,-1.08072916663201));
#624=CARTESIAN_POINT('Ctrl Pts',(0.961416814181868,-7.08556858581193,-1.15792410710574));
#625=CARTESIAN_POINT('Ctrl Pts',(0.642973084024258,-7.12877638219275,-1.18028273682838));
#626=CARTESIAN_POINT('Ctrl Pts',(0.321562104581362,-7.15011477064669,-1.20264136655102));
#627=CARTESIAN_POINT('Ctrl Pts',(0.000119289712581571,-7.14987201919593,
-1.22499999627366));
#628=CARTESIAN_POINT('Origin',(0.,0.,0.));
#629=CARTESIAN_POINT('',(0.000170565511788779,-7.14233772995577,-4.97499999233871));
#630=CARTESIAN_POINT('',(0.000111983959319192,-7.15082221860929,-4.34999999582994));
#631=CARTESIAN_POINT('',(7.11996463823616E-16,-7.15,0.));
#632=CARTESIAN_POINT('Ctrl Pts',(0.000170586659190536,-7.14233677995655,
-4.97499999233871));
#633=CARTESIAN_POINT('Ctrl Pts',(0.712265785323234,-7.14407381957056,-4.92546295717574));
#634=CARTESIAN_POINT('Ctrl Pts',(1.42427710763629,-7.04264875667873,-4.87592592201276));
#635=CARTESIAN_POINT('Ctrl Pts',(2.10491255788196,-6.83496906715441,-4.82638888684979));
#636=CARTESIAN_POINT('Ctrl Pts',(3.04771537018696,-6.54729525399718,-4.75777116197512));
#637=CARTESIAN_POINT('Ctrl Pts',(3.93031652981264,-6.05574809145981,-4.68915343710046));
#638=CARTESIAN_POINT('Ctrl Pts',(4.67573955887217,-5.40866554079985,-4.62053571222579));
#639=CARTESIAN_POINT('Ctrl Pts',(5.7938741024614,-4.43804171480997,-4.5176091249138));
#640=CARTESIAN_POINT('Ctrl Pts',(6.60335785227682,-3.11746326554434,-4.4146825376018));
#641=CARTESIAN_POINT('Ctrl Pts',(6.95120340622576,-1.68171505060165,-4.31175595028981));
#642=CARTESIAN_POINT('Ctrl Pts',(7.29904896017472,-0.245966835658869,-4.20882936297781));
#643=CARTESIAN_POINT('Ctrl Pts',(7.18525631825714,1.30495114496099,-4.10590277566581));
#644=CARTESIAN_POINT('Ctrl Pts',(6.63165175014602,2.67661423221439,-4.00297618835381));
#645=CARTESIAN_POINT('Ctrl Pts',(6.07804718203493,4.04827731946769,-3.90004960104181));
#646=CARTESIAN_POINT('Ctrl Pts',(5.08463068773037,5.24068551335457,-3.79712301372982));
#647=CARTESIAN_POINT('Ctrl Pts',(3.83708718444846,6.03421861313736,-3.69419642641783));
#648=CARTESIAN_POINT('Ctrl Pts',(2.58954368116646,6.82775171292021,-3.59126983910583));
#649=CARTESIAN_POINT('Ctrl Pts',(1.08787316890708,7.22240971859891,-3.48834325179382));
#650=CARTESIAN_POINT('Ctrl Pts',(-0.388762958433305,7.14216083990168,-3.38541666448182));
#651=CARTESIAN_POINT('Ctrl Pts',(-1.8653990857736,7.06191196120445,-3.28249007716983));
#652=CARTESIAN_POINT('Ctrl Pts',(-3.3170008281949,6.50675619813134,-3.17956348985784));
#653=CARTESIAN_POINT('Ctrl Pts',(-4.47082858570308,5.58202124610505,-3.07663690254584));
#654=CARTESIAN_POINT('Ctrl Pts',(-5.62465634321133,4.6572862940787,-2.97371031523384));
#655=CARTESIAN_POINT('Ctrl Pts',(-6.48071011580642,3.36297215309913,-2.87078372792184));
#656=CARTESIAN_POINT('Ctrl Pts',(-6.88302564784179,1.93970371878833,-2.76785714060984));
#657=CARTESIAN_POINT('Ctrl Pts',(-7.18476229686828,0.872252393055324,-2.69066220012585));
#658=CARTESIAN_POINT('Ctrl Pts',(-7.23127118557998,-0.2677357226765,-2.61346725964185));
#659=CARTESIAN_POINT('Ctrl Pts',(-7.0203350259097,-1.35729360109061,-2.53627231915786));
#660=CARTESIAN_POINT('Ctrl Pts',(-6.8093988662394,-2.4468514795048,-2.45907737867386));
#661=CARTESIAN_POINT('Ctrl Pts',(-6.3410176581871,-3.48597912060128,-2.38188243818986));
#662=CARTESIAN_POINT('Ctrl Pts',(-5.66387427239823,-4.36473219100554,-2.30468749770586));
#663=CARTESIAN_POINT('Ctrl Pts',(-4.98673088660943,-5.24348526140972,-2.22749255722186));
#664=CARTESIAN_POINT('Ctrl Pts',(-4.10082532308409,-5.96186376112171,-2.15029761673787));
#665=CARTESIAN_POINT('Ctrl Pts',(-3.10099890900412,-6.44308522943603,-2.07310267625388));
#666=CARTESIAN_POINT('Ctrl Pts',(-2.13779262711952,-6.90668124443489,-1.99873511548853));
#667=CARTESIAN_POINT('Ctrl Pts',(-1.06885771168118,-7.15017454122843,-1.92436755472319));
#668=CARTESIAN_POINT('Ctrl Pts',(7.65427898717865E-6,-7.15045747190543,
-1.84999999395784));
#669=CARTESIAN_POINT('Ctrl Pts',(0.000119289712581543,-7.14987201919423,
-1.22499999627189));
#670=CARTESIAN_POINT('Ctrl Pts',(-0.788244679971719,-7.1492766520293,-1.27983630702298));
#671=CARTESIAN_POINT('Ctrl Pts',(-1.57680014435419,-7.0188676022327,-1.33467261777407));
#672=CARTESIAN_POINT('Ctrl Pts',(-2.32224206027461,-6.76289757819215,-1.38950892852515));
#673=CARTESIAN_POINT('Ctrl Pts',(-3.37162600930258,-6.4025598658584,-1.46670386899888));
#674=CARTESIAN_POINT('Ctrl Pts',(-4.33557118891625,-5.7933960766058,-1.54389880947261));
#675=CARTESIAN_POINT('Ctrl Pts',(-5.11145119243932,-5.00026189512883,-1.62109374994634));
#676=CARTESIAN_POINT('Ctrl Pts',(-5.88733119596239,-4.20712771365185,-1.69828869042007));
#677=CARTESIAN_POINT('Ctrl Pts',(-6.47514602339487,-3.23002313995048,-1.7754836308938));
#678=CARTESIAN_POINT('Ctrl Pts',(-6.81232194141338,-2.1729676714803,-1.85267857136753));
#679=CARTESIAN_POINT('Ctrl Pts',(-7.14949785943189,-1.11591220301013,-1.92987351184126));
#680=CARTESIAN_POINT('Ctrl Pts',(-7.23603486803643,0.0210941602288604,-2.00706845231499));
#681=CARTESIAN_POINT('Ctrl Pts',(-7.06270939753119,1.11699966419068,-2.08426339278872));
#682=CARTESIAN_POINT('Ctrl Pts',(-6.88938392702595,2.2129051681525,-2.16145833326244));
#683=CARTESIAN_POINT('Ctrl Pts',(-6.45619597741093,3.26770981283714,-2.23865327373617));
#684=CARTESIAN_POINT('Ctrl Pts',(-5.80928586563792,4.16912944332944,-2.3158482142099));
#685=CARTESIAN_POINT('Ctrl Pts',(-5.16237575386492,5.07054907382174,-2.39304315468363));
#686=CARTESIAN_POINT('Ctrl Pts',(-4.30174347993393,5.81858369012169,-2.47023809515736));
#687=CARTESIAN_POINT('Ctrl Pts',(-3.31896173904883,6.33357357848834,-2.54743303563109));
#688=CARTESIAN_POINT('Ctrl Pts',(-2.33617999816374,6.848563466855,-2.62462797610482));
#689=CARTESIAN_POINT('Ctrl Pts',(-1.23124879032454,7.13050862728836,-2.70182291657855));
#690=CARTESIAN_POINT('Ctrl Pts',(-0.121910808368752,7.14944543719985,-2.77901785705228));
#691=CARTESIAN_POINT('Ctrl Pts',(0.987427173587035,7.16838224711135,-2.85621279752601));
#692=CARTESIAN_POINT('Ctrl Pts',(2.10117192965942,6.92431070650097,-2.93340773799974));
#693=CARTESIAN_POINT('Ctrl Pts',(3.10100133004206,6.44310056575436,-3.01060267847347));
#694=CARTESIAN_POINT('Ctrl Pts',(4.10083073042469,5.96189042500776,-3.0877976189472));
#695=CARTESIAN_POINT('Ctrl Pts',(4.98674477511758,5.24354168412493,-3.16499255942092));
#696=CARTESIAN_POINT('Ctrl Pts',(5.66388555129095,4.36478660401013,-3.24218749989465));
#697=CARTESIAN_POINT('Ctrl Pts',(6.34102632746432,3.48603152389534,-3.31938244036838));
#698=CARTESIAN_POINT('Ctrl Pts',(6.80939383511817,2.44687010454859,-3.39657738084211));
#699=CARTESIAN_POINT('Ctrl Pts',(7.02034362312566,1.35736775278127,-3.47377232131584));
#700=CARTESIAN_POINT('Ctrl Pts',(7.23129341113314,0.267865401013963,-3.55096726178957));
#701=CARTESIAN_POINT('Ctrl Pts',(7.18482547949425,-0.87197788317391,-3.6281622022633));
#702=CARTESIAN_POINT('Ctrl Pts',(6.88307864508991,-1.93941708919582,-3.70535714273703));
#703=CARTESIAN_POINT('Ctrl Pts',(6.48074953255078,-3.36266936389171,-3.80828373003534));
#704=CARTESIAN_POINT('Ctrl Pts',(5.62459125953973,-4.65720327740368,-3.91121031733364));
#705=CARTESIAN_POINT('Ctrl Pts',(4.47086335333194,-5.58144788895257,-4.01413690463195));
#706=CARTESIAN_POINT('Ctrl Pts',(3.31713544712415,-6.50569250050145,-4.11706349193025));
#707=CARTESIAN_POINT('Ctrl Pts',(1.86583790771964,-7.05964781008725,-4.21999007922856));
#708=CARTESIAN_POINT('Ctrl Pts',(0.389090628124226,-7.14043582036047,-4.32291666652687));
#709=CARTESIAN_POINT('Ctrl Pts',(0.259563898052087,-7.14752180382177,-4.33194444296122));
#710=CARTESIAN_POINT('Ctrl Pts',(0.129841378299414,-7.15096762146305,-4.34097221939558));
#711=CARTESIAN_POINT('Ctrl Pts',(0.000111983959319192,-7.15082221860929,
-4.34999999582994));
#712=CARTESIAN_POINT('Origin',(0.,0.,0.));
#713=CARTESIAN_POINT('',(-0.000393639411895172,-7.15273206730435,-8.09999999219679));
#714=CARTESIAN_POINT('',(0.000544815970610281,-7.15005458305748,-7.47499999504683));
#715=CARTESIAN_POINT('',(7.11996463823616E-16,-7.15,0.));
#716=CARTESIAN_POINT('Ctrl Pts',(-0.000393639411895172,-7.15273206730435,
-8.09999999219679));
#717=CARTESIAN_POINT('Ctrl Pts',(1.87061872752134,-7.14786262959528,-7.96944443866015));
#718=CARTESIAN_POINT('Ctrl Pts',(3.74458326640913,-6.37165903074843,-7.83888888512351));
#719=CARTESIAN_POINT('Ctrl Pts',(5.06997631886881,-5.04650565547864,-7.70833333158687));
#720=CARTESIAN_POINT('Ctrl Pts',(6.11488157215946,-4.00178935742231,-7.60540674427487));
#721=CARTESIAN_POINT('Ctrl Pts',(6.81883134477215,-2.61588245883542,-7.50248015696287));
#722=CARTESIAN_POINT('Ctrl Pts',(7.05704715064372,-1.1557892468048,-7.39955356965087));
#723=CARTESIAN_POINT('Ctrl Pts',(7.2952629565153,0.304303965225826,-7.29662698233888));
#724=CARTESIAN_POINT('Ctrl Pts',(7.06774479564576,1.8385834907002,-7.19370039502688));
#725=CARTESIAN_POINT('Ctrl Pts',(6.41378435614375,3.16423973972494,-7.09077380771488));
#726=CARTESIAN_POINT('Ctrl Pts',(5.75982391664175,4.48989598874968,-6.98784722040288));
#727=CARTESIAN_POINT('Ctrl Pts',(4.6794211985073,5.60692896132478,-6.88492063309089));
#728=CARTESIAN_POINT('Ctrl Pts',(3.375614293878,6.30500579103116,-6.78199404577889));
#729=CARTESIAN_POINT('Ctrl Pts',(2.07180738924871,7.00308262073755,-6.67906745846689));
#730=CARTESIAN_POINT('Ctrl Pts',(0.544596298124564,7.2822033075752,-6.57614087115489));
#731=CARTESIAN_POINT('Ctrl Pts',(-0.921721376694475,7.09170436434242,-6.4732142838429));
#732=CARTESIAN_POINT('Ctrl Pts',(-2.38803905151351,6.90120542110964,-6.3702876965309));
#733=CARTESIAN_POINT('Ctrl Pts',(-3.79346331002745,6.24108684780644,-6.2673611092189));
#734=CARTESIAN_POINT('Ctrl Pts',(-4.87535034859963,5.23259175906709,-6.1644345219069));
#735=CARTESIAN_POINT('Ctrl Pts',(-5.95723738717181,4.22409667032774,-6.06150793459491));
#736=CARTESIAN_POINT('Ctrl Pts',(-6.71558720580222,2.86722506615225,-5.95858134728291));
#737=CARTESIAN_POINT('Ctrl Pts',(-7.009209503816,1.41879915680623,-5.85565475997091));
#738=CARTESIAN_POINT('Ctrl Pts',(-7.30283180182978,-0.029626752539795,-5.75272817265892));
#739=CARTESIAN_POINT('Ctrl Pts',(-7.13172657922693,-1.56960696705635,-5.64980158534692));
#740=CARTESIAN_POINT('Ctrl Pts',(-6.52736793621436,-2.92166823615727,-5.54687499803492));
#741=CARTESIAN_POINT('Ctrl Pts',(-5.92300929320182,-4.27372950525811,-5.44394841072293));
#742=CARTESIAN_POINT('Ctrl Pts',(-4.88539722977963,-5.43787182894334,-5.34102182341094));
#743=CARTESIAN_POINT('Ctrl Pts',(-3.60898640361194,-6.18028572607973,-5.23809523609895));
#744=CARTESIAN_POINT('Ctrl Pts',(-2.5214228426395,-6.81285815897681,-5.15039682151259));
#745=CARTESIAN_POINT('Ctrl Pts',(-1.26049468634171,-7.13926159348693,-5.06269840692623));
#746=CARTESIAN_POINT('Ctrl Pts',(0.00017058665919051,-7.14233677995543,
-4.97499999233987));
#747=CARTESIAN_POINT('Ctrl Pts',(0.000111983959319208,-7.15082221861031,
-4.349999995831));
#748=CARTESIAN_POINT('Ctrl Pts',(-1.34921649700263,-7.14930986890117,-4.44389880669495));
#749=CARTESIAN_POINT('Ctrl Pts',(-2.69928869072462,-6.75928889435384,-4.53779761755889));
#750=CARTESIAN_POINT('Ctrl Pts',(-3.83753333706919,-6.03583361028304,-4.63169642842284));
#751=CARTESIAN_POINT('Ctrl Pts',(-5.08521300288056,-5.24282267897077,-4.73462301572115));
#752=CARTESIAN_POINT('Ctrl Pts',(-6.07837531471678,-4.04918010538565,-4.83754960301945));
#753=CARTESIAN_POINT('Ctrl Pts',(-6.63184303917267,-2.67697665090602,-4.94047619031776));
#754=CARTESIAN_POINT('Ctrl Pts',(-7.18531076362857,-1.30477319642638,-5.04340277761607));
#755=CARTESIAN_POINT('Ctrl Pts',(-7.29908390070414,0.245991138947746,-5.14632936491437));
#756=CARTESIAN_POINT('Ctrl Pts',(-6.951211787382,1.68188295476034,-5.24925595221268));
#757=CARTESIAN_POINT('Ctrl Pts',(-6.60333967405985,3.11777477057293,-5.35218253951098));
#758=CARTESIAN_POINT('Ctrl Pts',(-5.79382231033999,4.43879406682398,-5.45510912680929));
#759=CARTESIAN_POINT('Ctrl Pts',(-4.67569983810564,5.4091596556624,-5.55803571410759));
#760=CARTESIAN_POINT('Ctrl Pts',(-3.93028485661607,6.05607004822135,-5.62665343897313));
#761=CARTESIAN_POINT('Ctrl Pts',(-3.04771204912007,6.5471343485969,-5.69527116383867));
#762=CARTESIAN_POINT('Ctrl Pts',(-2.10491646110325,6.83461763329124,-5.7638888887042));
#763=CARTESIAN_POINT('Ctrl Pts',(-0.219325285069616,7.40958420267993,-5.90112433843528));
#764=CARTESIAN_POINT('Ctrl Pts',(1.90715701304725,7.17022670934376,-6.03835978816635));
#765=CARTESIAN_POINT('Ctrl Pts',(3.6090348450783,6.18049715894647,-6.17559523789743));
#766=CARTESIAN_POINT('Ctrl Pts',(4.88544321910158,5.4381999961485,-6.27852182519573));
#767=CARTESIAN_POINT('Ctrl Pts',(5.9230115809516,4.27381855125366,-6.38144841249404));
#768=CARTESIAN_POINT('Ctrl Pts',(6.5273683805502,2.92167203508594,-6.48437499979234));
#769=CARTESIAN_POINT('Ctrl Pts',(7.13172518014881,1.56952551891821,-6.58730158709065));
#770=CARTESIAN_POINT('Ctrl Pts',(7.302870417496,0.0296139314776103,-6.69022817438895));
#771=CARTESIAN_POINT('Ctrl Pts',(7.00923348161105,-1.4187698340036,-6.79315476168726));
#772=CARTESIAN_POINT('Ctrl Pts',(6.71559654572611,-2.86715359948481,-6.89608134898557));
#773=CARTESIAN_POINT('Ctrl Pts',(5.95717743660902,-4.22400954300662,-6.99900793628387));
#774=CARTESIAN_POINT('Ctrl Pts',(4.87532696031101,-5.23256083624607,-7.10193452358218));
#775=CARTESIAN_POINT('Ctrl Pts',(3.793476484013,-6.24111212948552,-7.20486111088048));
#776=CARTESIAN_POINT('Ctrl Pts',(2.38819464053407,-6.90135877244261,-7.30778769817879));
#777=CARTESIAN_POINT('Ctrl Pts',(0.921798741064319,-7.09176318614128,-7.4107142854771));
#778=CARTESIAN_POINT('Ctrl Pts',(0.616505737633455,-7.13140400574912,-7.43214285533368));
#779=CARTESIAN_POINT('Ctrl Pts',(0.308563792896133,-7.15067987872696,-7.45357142519025));
#780=CARTESIAN_POINT('Ctrl Pts',(0.000544815970610281,-7.15005458305748,
-7.47499999504683));
#781=CARTESIAN_POINT('Origin',(0.,0.,0.));
#782=CARTESIAN_POINT('',(8.03667928378198E-5,-7.1481058896515,-11.2249999920619));
#783=CARTESIAN_POINT('',(0.000989728848764472,-7.1499717548256,-10.5999999942925));
#784=CARTESIAN_POINT('',(7.11996463823616E-16,-7.15,0.));
#785=CARTESIAN_POINT('Ctrl Pts',(8.03667928378198E-5,-7.1481058896515,-11.2249999920619));
#786=CARTESIAN_POINT('Ctrl Pts',(0.575842500243604,-7.14875641172904,-11.1849702323356));
#787=CARTESIAN_POINT('Ctrl Pts',(1.15147057803765,-7.0809642868934,-11.1449404726094));
#788=CARTESIAN_POINT('Ctrl Pts',(1.70994681811246,-6.94358504296719,-11.1049107128832));
#789=CARTESIAN_POINT('Ctrl Pts',(3.14592979375002,-6.59034842996896,-11.0019841255712));
#790=CARTESIAN_POINT('Ctrl Pts',(4.46851622009057,-5.77704804365694,-10.8990575382592));
#791=CARTESIAN_POINT('Ctrl Pts',(5.43087205929244,-4.65448675451775,-10.7961309509471));
#792=CARTESIAN_POINT('Ctrl Pts',(6.39322789849424,-3.53192546537862,-10.6932043636352));
#793=CARTESIAN_POINT('Ctrl Pts',(6.99535315055743,-2.10010327341237,-10.5902777763232));
#794=CARTESIAN_POINT('Ctrl Pts',(7.12444607515361,-0.626520949523407,-10.4873511890112));
#795=CARTESIAN_POINT('Ctrl Pts',(7.25353899974979,0.847061374365556,-10.3844246016992));
#796=CARTESIAN_POINT('Ctrl Pts',(6.90959959687892,2.36240383017723,-10.2814980143872));
#797=CARTESIAN_POINT('Ctrl Pts',(6.15864297485847,3.63513911134667,-10.1785714270752));
#798=CARTESIAN_POINT('Ctrl Pts',(5.40768635283797,4.90787439251618,-10.0756448397632));
#799=CARTESIAN_POINT('Ctrl Pts',(4.24971251166785,5.93800249904345,-9.97271825245118));
#800=CARTESIAN_POINT('Ctrl Pts',(2.89641586447592,6.53781354360387,-9.86979166513918));
#801=CARTESIAN_POINT('Ctrl Pts',(1.54311921728408,7.13762458816425,-9.76686507782719));
#802=CARTESIAN_POINT('Ctrl Pts',(-0.00550023592953031,7.30711857075784,
-9.66393849051519));
#803=CARTESIAN_POINT('Ctrl Pts',(-1.45178021025985,7.00576238677323,-9.56101190320319));
#804=CARTESIAN_POINT('Ctrl Pts',(-3.38015350936701,6.60395414146041,-9.42377645345386));
#805=CARTESIAN_POINT('Ctrl Pts',(-5.12658995712612,5.36507893334185,-9.28654100370453));
#806=CARTESIAN_POINT('Ctrl Pts',(-6.14040037125131,3.67400856302903,-9.1493055539552));
#807=CARTESIAN_POINT('Ctrl Pts',(-6.6473055783139,2.82847337787262,-9.08068782908053));
#808=CARTESIAN_POINT('Ctrl Pts',(-6.97105427696801,1.86988940216768,-9.01207010420587));
#809=CARTESIAN_POINT('Ctrl Pts',(-7.0941262897292,0.890701920577831,-8.9434523793312));
#810=CARTESIAN_POINT('Ctrl Pts',(-7.13515029398292,0.564306093381276,-8.92057980437299));
#811=CARTESIAN_POINT('Ctrl Pts',(-7.153876888693,0.235620987753053,-8.89770722941477));
#812=CARTESIAN_POINT('Ctrl Pts',(-7.14980547606266,-0.0928970757631371,
-8.87483465445655));
#813=CARTESIAN_POINT('Ctrl Pts',(-7.14573406343232,-0.421415139279421,-8.85196207949833));
#814=CARTESIAN_POINT('Ctrl Pts',(-7.11886464346155,-0.749766160683707,-8.8290895045401));
#815=CARTESIAN_POINT('Ctrl Pts',(-7.06934095831431,-1.07487533643645,-8.80621692958188));
#816=CARTESIAN_POINT('Ctrl Pts',(-6.87124621772535,-2.37531203944731,-8.71472662974899));
#817=CARTESIAN_POINT('Ctrl Pts',(-6.31068323431287,-3.62387921203377,-8.6232363299161));
#818=CARTESIAN_POINT('Ctrl Pts',(-5.45955465312746,-4.62457138974268,-8.53174603008321));
#819=CARTESIAN_POINT('Ctrl Pts',(-4.18286178134945,-6.12560965630594,-8.39451058033389));
#820=CARTESIAN_POINT('Ctrl Pts',(-2.25239631458248,-7.06892918439481,-8.25727513058456));
#821=CARTESIAN_POINT('Ctrl Pts',(-0.287488540624887,-7.1473919502067,-8.12003968083524));
#822=CARTESIAN_POINT('Ctrl Pts',(-0.19184721747174,-7.15121110286107,-8.11335978462255));
#823=CARTESIAN_POINT('Ctrl Pts',(-0.096124292648819,-7.15298121287941,-8.10667988840986));
#824=CARTESIAN_POINT('Ctrl Pts',(-0.000393639411895152,-7.15273206730398,
-8.09999999219717));
#825=CARTESIAN_POINT('Ctrl Pts',(0.000544815970610332,-7.15005458305816,
-7.47499999504754));
#826=CARTESIAN_POINT('Ctrl Pts',(-1.17092561448157,-7.14767643287271,-7.55649801248927));
#827=CARTESIAN_POINT('Ctrl Pts',(-2.34351028802118,-6.85743498667986,-7.63799602993099));
#828=CARTESIAN_POINT('Ctrl Pts',(-3.37572199272495,-6.30484384185161,-7.71949404737272));
#829=CARTESIAN_POINT('Ctrl Pts',(-4.67933687158372,-5.60695789942234,-7.82242063467103));
#830=CARTESIAN_POINT('Ctrl Pts',(-5.75905667384053,-4.49062383012357,-7.92534722196933));
#831=CARTESIAN_POINT('Ctrl Pts',(-6.41337492175538,-3.16452583649953,-8.02827380926764));
#832=CARTESIAN_POINT('Ctrl Pts',(-7.06769316967023,-1.83842784287548,-8.13120039656594));
#833=CARTESIAN_POINT('Ctrl Pts',(-7.2966098632431,-0.302565924926145,-8.23412698386425));
#834=CARTESIAN_POINT('Ctrl Pts',(-7.05742114816535,1.15661931604724,-8.33705357116255));
#835=CARTESIAN_POINT('Ctrl Pts',(-6.8182324330876,2.61580455702063,-8.43998015846086));
#836=CARTESIAN_POINT('Ctrl Pts',(-6.11093830935923,3.99831312101808,-8.54290674575916));
#837=CARTESIAN_POINT('Ctrl Pts',(-5.06749635673871,5.04592025137194,-8.64583333305747));
#838=CARTESIAN_POINT('Ctrl Pts',(-4.02405440411819,6.0935273817258,-8.74875992035578));
#839=CARTESIAN_POINT('Ctrl Pts',(-2.64446462260552,6.80623307843607,-8.85168650765408));
#840=CARTESIAN_POINT('Ctrl Pts',(-1.18623295288479,7.05192885749008,-8.95461309495239));
#841=CARTESIAN_POINT('Ctrl Pts',(0.271998716835929,7.2976246365441,-9.0575396822507));
#842=CARTESIAN_POINT('Ctrl Pts',(1.8088722747647,7.07631049794187,-9.160466269549));
#843=CARTESIAN_POINT('Ctrl Pts',(3.13763183183745,6.42772545993065,-9.2633928568473));
#844=CARTESIAN_POINT('Ctrl Pts',(4.46639138891021,5.77914042191943,-9.36631944414561));
#845=CARTESIAN_POINT('Ctrl Pts',(5.58703694512695,4.7032844844992,-9.46924603144391));
#846=CARTESIAN_POINT('Ctrl Pts',(6.29047289061597,3.40233695982154,-9.57217261874222));
#847=CARTESIAN_POINT('Ctrl Pts',(6.99390883610499,2.10138943514388,-9.67509920604052));
#848=CARTESIAN_POINT('Ctrl Pts',(7.28013517086629,0.575350323208784,-9.77802579333883));
#849=CARTESIAN_POINT('Ctrl Pts',(7.09550940284591,-0.891610492745025,-9.88095238063714));
#850=CARTESIAN_POINT('Ctrl Pts',(6.91088363482552,-2.35857130869884,-9.98387896793544));
#851=CARTESIAN_POINT('Ctrl Pts',(6.25540576402345,-3.76645382867136,-10.0868055552338));
#852=CARTESIAN_POINT('Ctrl Pts',(5.25220280156941,-4.85291683446164,-10.1897321425321));
#853=CARTESIAN_POINT('Ctrl Pts',(4.24899983911538,-5.93937984025191,-10.2926587298304));
#854=CARTESIAN_POINT('Ctrl Pts',(2.8980717850094,-6.70442333185993,-10.3955853171287));
#855=CARTESIAN_POINT('Ctrl Pts',(1.44999583676182,-7.00412418687188,-10.498511904427));
#856=CARTESIAN_POINT('Ctrl Pts',(0.974049935819462,-7.10262826991012,-10.5323412677155));
#857=CARTESIAN_POINT('Ctrl Pts',(0.487609434828687,-7.15086276244712,-10.566170631004));
#858=CARTESIAN_POINT('Ctrl Pts',(0.000989728848764472,-7.1499717548256,
-10.5999999942925));
#859=CARTESIAN_POINT('Origin',(0.,0.,0.));
#860=CARTESIAN_POINT('',(-0.000454988288044082,-7.14857102864529,-14.3499999924544));
#861=CARTESIAN_POINT('',(0.00238494523682956,-7.15218657135432,-13.7249999938634));
#862=CARTESIAN_POINT('',(7.11996463823616E-16,-7.15,0.));
#863=CARTESIAN_POINT('Ctrl Pts',(-0.000454988288044082,-7.14857102864529,
-14.3499999924544));
#864=CARTESIAN_POINT('Ctrl Pts',(0.753885778306005,-7.14849470083832,-14.2975694390503));
#865=CARTESIAN_POINT('Ctrl Pts',(1.5083457161125,-7.03120863475777,-14.2451388856462));
#866=CARTESIAN_POINT('Ctrl Pts',(2.22436539668982,-6.79693906515838,-14.1927083322421));
#867=CARTESIAN_POINT('Ctrl Pts',(3.62998592489675,-6.33704372275996,-14.0897817449301));
#868=CARTESIAN_POINT('Ctrl Pts',(4.88746638213568,-5.42632037444948,-13.9868551576181));
#869=CARTESIAN_POINT('Ctrl Pts',(5.76296785842308,-4.23471255731736,-13.8839285703061));
#870=CARTESIAN_POINT('Ctrl Pts',(6.6384693347105,-3.0431047401852,-13.7810019829941));
#871=CARTESIAN_POINT('Ctrl Pts',(7.13199183004636,-1.57061245423141,-13.6780753956821));
#872=CARTESIAN_POINT('Ctrl Pts',(7.15106731538037,-0.0920163304808278,-13.5751488083701));
#873=CARTESIAN_POINT('Ctrl Pts',(7.17014280071439,1.38657979326971,-13.4722222210581));
#874=CARTESIAN_POINT('Ctrl Pts',(6.71477127604658,2.87127975481703,-13.3692956337461));
#875=CARTESIAN_POINT('Ctrl Pts',(5.87011496567912,4.08501094740462,-13.2663690464341));
#876=CARTESIAN_POINT('Ctrl Pts',(5.02545865531164,5.29874213999225,-13.1634424591221));
#877=CARTESIAN_POINT('Ctrl Pts',(3.79151755924447,6.24150456362016,-13.0605158718101));
#878=CARTESIAN_POINT('Ctrl Pts',(2.39847322572454,6.73738412193613,-12.9575892844981));
#879=CARTESIAN_POINT('Ctrl Pts',(1.00542889220461,7.23326368025209,-12.8546626971861));
#880=CARTESIAN_POINT('Ctrl Pts',(-0.546718678768082,7.2822603732561,-12.7517361098741));
#881=CARTESIAN_POINT('Ctrl Pts',(-1.96815534941498,6.87511833733134,-12.6488095225621));
#882=CARTESIAN_POINT('Ctrl Pts',(-3.38959202006183,6.46797630140659,-12.5458829352501));
#883=CARTESIAN_POINT('Ctrl Pts',(-4.68031779038287,5.60469553655313,-12.4429563479381));
#884=CARTESIAN_POINT('Ctrl Pts',(-5.60020958013487,4.44685619891377,-12.3400297606261));
#885=CARTESIAN_POINT('Ctrl Pts',(-6.52010136988691,3.28901686127437,-12.2371031733141));
#886=CARTESIAN_POINT('Ctrl Pts',(-7.06915917906987,1.83661895084903,-12.1341765860021));
#887=CARTESIAN_POINT('Ctrl Pts',(-7.14357856301865,0.359877271555281,-12.0312499986901));
#888=CARTESIAN_POINT('Ctrl Pts',(-7.21799794696743,-1.11686440773842,-11.9283234113781));
#889=CARTESIAN_POINT('Ctrl Pts',(-6.81777890568208,-2.61794985590057,-11.8253968240661));
#890=CARTESIAN_POINT('Ctrl Pts',(-6.01887527553902,-3.86251458519375,-11.7224702367541));
#891=CARTESIAN_POINT('Ctrl Pts',(-5.21997164539595,-5.10707931448696,-11.6195436494421));
#892=CARTESIAN_POINT('Ctrl Pts',(-4.02238342639513,-6.09512332491118,-11.5166170621301));
#893=CARTESIAN_POINT('Ctrl Pts',(-2.64889955442734,-6.64255891028103,-11.4136904748181));
#894=CARTESIAN_POINT('Ctrl Pts',(-1.80958504354094,-6.97708823381667,-11.3507936472324));
#895=CARTESIAN_POINT('Ctrl Pts',(-0.904586857935224,-7.14708375573928,-11.2878968196466));
#896=CARTESIAN_POINT('Ctrl Pts',(8.03667928378304E-5,-7.14810588965244,
-11.2249999920609));
#897=CARTESIAN_POINT('Ctrl Pts',(0.000989728848764374,-7.14997175482489,
-10.5999999942917));
#898=CARTESIAN_POINT('Ctrl Pts',(-0.992941801724829,-7.14815185201759,-10.6690972183015));
#899=CARTESIAN_POINT('Ctrl Pts',(-1.98762095701097,-6.94138543455612,-10.7381944423113));
#900=CARTESIAN_POINT('Ctrl Pts',(-2.89514827980558,-6.53942151540025,-10.8072916663211));
#901=CARTESIAN_POINT('Ctrl Pts',(-4.24699260573639,-5.94065977050152,-10.9102182536195));
#902=CARTESIAN_POINT('Ctrl Pts',(-5.40545741520895,-4.9087780622882,-11.0131448409178));
#903=CARTESIAN_POINT('Ctrl Pts',(-6.15836307224628,-3.63519605812184,-11.1160714282161));
#904=CARTESIAN_POINT('Ctrl Pts',(-6.53481590076494,-2.99840505603867,-11.1675347218652));
#905=CARTESIAN_POINT('Ctrl Pts',(-6.80987894117479,-2.30118897996723,-11.2189980155144));
#906=CARTESIAN_POINT('Ctrl Pts',(-6.97326126937043,-1.57993663688489,-11.2704613091635));
#907=CARTESIAN_POINT('Ctrl Pts',(-7.13664359756608,-0.85868429380253,-11.3219246028127));
#908=CARTESIAN_POINT('Ctrl Pts',(-7.18834521354753,-0.113395683709243,-11.3733878964618));
#909=CARTESIAN_POINT('Ctrl Pts',(-7.12301968659383,0.62360257247772,-11.424851190111));
#910=CARTESIAN_POINT('Ctrl Pts',(-6.99236863268645,2.09759908485162,-11.5277777774093));
#911=CARTESIAN_POINT('Ctrl Pts',(-6.39360900703853,3.53843418160024,-11.6307043647076));
#912=CARTESIAN_POINT('Ctrl Pts',(-5.43134833254428,4.65863539753681,-11.7336309520059));
#913=CARTESIAN_POINT('Ctrl Pts',(-4.14833409988529,6.15223701878557,-11.870866401737));
#914=CARTESIAN_POINT('Ctrl Pts',(-2.21909578038839,7.075822851924,-12.008101851468));
#915=CARTESIAN_POINT('Ctrl Pts',(-0.248094055744967,7.15090377747879,-12.1453373011991));
#916=CARTESIAN_POINT('Ctrl Pts',(0.737406806576738,7.18844424025619,-12.2139550260647));
#917=CARTESIAN_POINT('Ctrl Pts',(1.73334852018507,7.01385847613768,-12.2825727509302));
#918=CARTESIAN_POINT('Ctrl Pts',(2.64901687923146,6.64394993378883,-12.3511904757957));
#919=CARTESIAN_POINT('Ctrl Pts',(4.48035359732429,5.9041328490911,-12.4884259255268));
#920=CARTESIAN_POINT('Ctrl Pts',(5.9905968971693,4.38302465147195,-12.6256613752579));
#921=CARTESIAN_POINT('Ctrl Pts',(6.68975540160333,2.54650073653351,-12.762896824989));
#922=CARTESIAN_POINT('Ctrl Pts',(7.38891390603735,0.709976821595103,-12.90013227472));
#923=CARTESIAN_POINT('Ctrl Pts',(7.27698761506041,-1.44196281066256,-13.0373677244511));
#924=CARTESIAN_POINT('Ctrl Pts',(6.39561352557614,-3.20280836259252,-13.1746031741822));
#925=CARTESIAN_POINT('Ctrl Pts',(5.51423943609186,-4.96365391452248,-13.3118386239132));
#926=CARTESIAN_POINT('Ctrl Pts',(3.86341754810019,-6.33340538612475,-13.4490740736443));
#927=CARTESIAN_POINT('Ctrl Pts',(1.97063431286338,-6.87923802674956,-13.5863095233754));
#928=CARTESIAN_POINT('Ctrl Pts',(1.3330172395751,-7.06311127982012,-13.6325396802047));
#929=CARTESIAN_POINT('Ctrl Pts',(0.667942469318101,-7.15348648518433,-13.6787698370341));
#930=CARTESIAN_POINT('Ctrl Pts',(0.00238494523682956,-7.15218657135432,
-13.7249999938634));
#931=CARTESIAN_POINT('Origin',(0.,0.,0.));
#932=CARTESIAN_POINT('',(-4.35710032498036E-5,-7.148186460316,-17.474999992889));
#933=CARTESIAN_POINT('',(-0.00141388080181191,-7.15188794890529,-16.8499999939664));
#934=CARTESIAN_POINT('',(7.11996463823616E-16,-7.15,0.));
#935=CARTESIAN_POINT('Ctrl Pts',(-4.35710032498037E-5,-7.148186460316,-17.474999992889));
#936=CARTESIAN_POINT('Ctrl Pts',(0.932119318675407,-7.14728155848824,-17.410168645793));
#937=CARTESIAN_POINT('Ctrl Pts',(1.86450666312613,-6.96700618430872,-17.3453372986971));
#938=CARTESIAN_POINT('Ctrl Pts',(2.72580061496293,-6.61205632783998,-17.2805059516012));
#939=CARTESIAN_POINT('Ctrl Pts',(4.09319541865036,-6.04853607059227,-17.1775793642892));
#940=CARTESIAN_POINT('Ctrl Pts',(5.28140000559301,-5.04475044985068,-17.0746527769772));
#941=CARTESIAN_POINT('Ctrl Pts',(6.06510393852202,-3.79142802448685,-16.9717261896652));
#942=CARTESIAN_POINT('Ctrl Pts',(6.84880787145104,-2.53810559912302,-16.8687996023532));
#943=CARTESIAN_POINT('Ctrl Pts',(7.22801115036641,-1.03524636913696,-16.7658730150412));
#944=CARTESIAN_POINT('Ctrl Pts',(7.13713193492785,0.442217377688801,-16.6629464277292));
#945=CARTESIAN_POINT('Ctrl Pts',(7.04625271948929,1.91968112451456,-16.5600198404172));
#946=CARTESIAN_POINT('Ctrl Pts',(6.48529100969677,3.37174938818003,-16.4570932531052));
#947=CARTESIAN_POINT('Ctrl Pts',(5.55104901153156,4.51612906734267,-16.3541666657932));
#948=CARTESIAN_POINT('Ctrl Pts',(4.30539301397792,6.04196863955954,-16.2169312160439));
#949=CARTESIAN_POINT('Ctrl Pts',(2.3961276148728,7.02080628377141,-16.0796957662946));
#950=CARTESIAN_POINT('Ctrl Pts',(0.431062903314803,7.139576582089,-15.9424603165452));
#951=CARTESIAN_POINT('Ctrl Pts',(-1.53400180824315,7.25834688040658,-15.8052248667959));
#952=CARTESIAN_POINT('Ctrl Pts',(-3.55486583225399,6.51704983282992,-15.6679894170466));
#953=CARTESIAN_POINT('Ctrl Pts',(-4.97044835144143,5.15115329059659,-15.5307539672973));
#954=CARTESIAN_POINT('Ctrl Pts',(-6.38603087062891,3.78525674836324,-15.3935185175479));
#955=CARTESIAN_POINT('Ctrl Pts',(-7.19633188499297,1.79476071147321,-15.2562830677986));
#956=CARTESIAN_POINT('Ctrl Pts',(-7.15149997333305,-0.175754152099898,-15.1190476180493));
#957=CARTESIAN_POINT('Ctrl Pts',(-7.11787603958811,-1.6536402997797,-15.0161210307373));
#958=CARTESIAN_POINT('Ctrl Pts',(-6.60323983495468,-3.12028703746876,-14.9131944434253));
#959=CARTESIAN_POINT('Ctrl Pts',(-5.71261718256231,-4.30161629054202,-14.8102678561133));
#960=CARTESIAN_POINT('Ctrl Pts',(-4.82199453016994,-5.48294554361527,-14.7073412688013));
#961=CARTESIAN_POINT('Ctrl Pts',(-3.55538543001868,-6.37895731207272,-14.6044146814893));
#962=CARTESIAN_POINT('Ctrl Pts',(-2.14520058035547,-6.82242952805831,-14.5014880941773));
#963=CARTESIAN_POINT('Ctrl Pts',(-1.45336046552537,-7.03999807512127,-14.4509920602694));
#964=CARTESIAN_POINT('Ctrl Pts',(-0.726962996595128,-7.14864454020139,-14.4004960263615));
#965=CARTESIAN_POINT('Ctrl Pts',(-0.00045498828804413,-7.14857102864604,
-14.3499999924536));
#966=CARTESIAN_POINT('Ctrl Pts',(0.00238494523682923,-7.15218657135332,
-13.7249999938624));
#967=CARTESIAN_POINT('Ctrl Pts',(-0.813851435411331,-7.15059236360812,-13.7816964243313));
#968=CARTESIAN_POINT('Ctrl Pts',(-1.63081389931875,-7.01111469229054,-13.8383928548003));
#969=CARTESIAN_POINT('Ctrl Pts',(-2.39874574416628,-6.73711604498177,-13.8950892852693));
#970=CARTESIAN_POINT('Ctrl Pts',(-3.79284769051546,-6.23969944470255,-13.9980158725676));
#971=CARTESIAN_POINT('Ctrl Pts',(-5.02536089896105,-5.29894610610027,-14.1009424598659));
#972=CARTESIAN_POINT('Ctrl Pts',(-5.86965864045223,-4.0857092992983,-14.2038690471642));
#973=CARTESIAN_POINT('Ctrl Pts',(-6.71395638194342,-2.87247249249632,-14.3067956344625));
#974=CARTESIAN_POINT('Ctrl Pts',(-7.17003865648021,-1.38675221749465,-14.4097222217608));
#975=CARTESIAN_POINT('Ctrl Pts',(-7.15116674849305,0.092139444515497,-14.5126488090591));
#976=CARTESIAN_POINT('Ctrl Pts',(-7.1322948405059,1.57103110652565,-14.6155753963574));
#977=CARTESIAN_POINT('Ctrl Pts',(-6.63846874999478,3.04309415554425,-14.7185019836557));
#978=CARTESIAN_POINT('Ctrl Pts',(-5.76288713812358,4.23459139347624,-14.821428570954));
#979=CARTESIAN_POINT('Ctrl Pts',(-4.88730552625238,5.42608863140822,-14.9243551582523));
#980=CARTESIAN_POINT('Ctrl Pts',(-3.62996839302112,6.3370200582536,-15.0272817455506));
#981=CARTESIAN_POINT('Ctrl Pts',(-2.22438796771785,6.79697430153871,-15.1302083328489));
#982=CARTESIAN_POINT('Ctrl Pts',(-0.818807542414585,7.25692854482381,-15.2331349201472));
#983=CARTESIAN_POINT('Ctrl Pts',(0.735016174960689,7.26590560454863,-15.3360615074455));
#984=CARTESIAN_POINT('Ctrl Pts',(2.14522060621041,6.82240825021785,-15.4389880947439));
#985=CARTESIAN_POINT('Ctrl Pts',(3.55542503746012,6.37891089588707,-15.5419146820422));
#986=CARTESIAN_POINT('Ctrl Pts',(4.82201018258429,5.48293912750069,-15.6448412693405));
#987=CARTESIAN_POINT('Ctrl Pts',(5.7126263406867,4.30162144157373,-15.7477678566388));
#988=CARTESIAN_POINT('Ctrl Pts',(6.6032424987891,3.12030375564678,-15.8506944439371));
#989=CARTESIAN_POINT('Ctrl Pts',(7.11788966986974,1.65364015217923,-15.9536210312354));
#990=CARTESIAN_POINT('Ctrl Pts',(7.15151616034998,0.175741758297461,-16.0565476185337));
#991=CARTESIAN_POINT('Ctrl Pts',(7.19635148099028,-1.79478943354492,-16.1937830682648));
#992=CARTESIAN_POINT('Ctrl Pts',(6.38603892500762,-3.78529358612373,-16.3310185179958));
#993=CARTESIAN_POINT('Ctrl Pts',(4.97045641213787,-5.15117138723548,-16.4682539677269));
#994=CARTESIAN_POINT('Ctrl Pts',(3.65788739259014,-6.41765276145985,-16.5955026431401));
#995=CARTESIAN_POINT('Ctrl Pts',(1.82493544711887,-7.14710948298695,-16.7227513185532));
#996=CARTESIAN_POINT('Ctrl Pts',(-0.00141388080181191,-7.15188794890529,
-16.8499999939664));
#997=CARTESIAN_POINT('Origin',(0.,0.,0.));
#998=CARTESIAN_POINT('',(-7.29006770524021E-5,-7.15048343142327,-20.5999999934235));
#999=CARTESIAN_POINT('',(0.000285805347170686,-7.14996646249873,-19.9749999939804));
#1000=CARTESIAN_POINT('',(7.11996463823616E-16,-7.15,0.));
#1001=CARTESIAN_POINT('Ctrl Pts',(-7.29006770524021E-5,-7.15048343142327,
-20.5999999934235));
#1002=CARTESIAN_POINT('Ctrl Pts',(1.11039759825754,-7.15096539306231,-20.5227678526027));
#1003=CARTESIAN_POINT('Ctrl Pts',(2.22182807812532,-6.889181809769,-20.4455357117819));
#1004=CARTESIAN_POINT('Ctrl Pts',(3.21283968023333,-6.38980127792384,-20.3683035709611));
#1005=CARTESIAN_POINT('Ctrl Pts',(4.53355203013721,-5.72428128370123,-20.2653769836491));
#1006=CARTESIAN_POINT('Ctrl Pts',(5.640392553158,-4.63677354618294,-20.1624503963371));
#1007=CARTESIAN_POINT('Ctrl Pts',(6.32880226223064,-3.32807215248944,-20.0595238090251));
#1008=CARTESIAN_POINT('Ctrl Pts',(7.01721197130332,-2.01937075879591,-19.9565972217131));
#1009=CARTESIAN_POINT('Ctrl Pts',(7.28719086642783,-0.489475708927107,-19.8536706344011));
#1010=CARTESIAN_POINT('Ctrl Pts',(7.08563103448898,0.975011037188213,-19.7507440470891));
#1011=CARTESIAN_POINT('Ctrl Pts',(6.88407120255013,2.43949778330348,-19.6478174597771));
#1012=CARTESIAN_POINT('Ctrl Pts',(6.21097264354798,3.83857622566533,-19.5448908724651));
#1013=CARTESIAN_POINT('Ctrl Pts',(5.19529508853957,4.91398940923926,-19.4419642851531));
#1014=CARTESIAN_POINT('Ctrl Pts',(4.43353692228325,5.72054929691972,-19.3647693446691));
#1015=CARTESIAN_POINT('Ctrl Pts',(3.47907807077342,6.34504747653195,-19.2875744041851));
#1016=CARTESIAN_POINT('Ctrl Pts',(2.43564089533639,6.72275953044713,-19.2103794637011));
#1017=CARTESIAN_POINT('Ctrl Pts',(1.39220371989937,7.10047158436231,-19.1331845232171));
#1018=CARTESIAN_POINT('Ctrl Pts',(0.259788220535188,7.23139751258041,-19.0559895827331));
#1019=CARTESIAN_POINT('Ctrl Pts',(-0.841924314178849,7.10083336914084,-18.9787946422491));
#1020=CARTESIAN_POINT('Ctrl Pts',(-1.94363684889289,6.97026922570127,-18.9015997017651));
#1021=CARTESIAN_POINT('Ctrl Pts',(-3.01464641895679,6.57821501060401,-18.8244047612811));
#1022=CARTESIAN_POINT('Ctrl Pts',(-3.94054224922858,5.96671123807437,-18.7472098207971));
#1023=CARTESIAN_POINT('Ctrl Pts',(-4.86643807950037,5.35520746554473,-18.6700148803131));
#1024=CARTESIAN_POINT('Ctrl Pts',(-5.64722016998007,4.52425413558273,-18.5928199398291));
#1025=CARTESIAN_POINT('Ctrl Pts',(-6.19995303317939,3.56226126524026,-18.5156249993451));
#1026=CARTESIAN_POINT('Ctrl Pts',(-6.75268589637868,2.60026839489783,-18.4384300588611));
#1027=CARTESIAN_POINT('Ctrl Pts',(-7.07736953229759,1.50723598417497,-18.3612351183771));
#1028=CARTESIAN_POINT('Ctrl Pts',(-7.1393362082848,0.399362932181341,-18.2840401778931));
#1029=CARTESIAN_POINT('Ctrl Pts',(-7.201302884272,-0.708510119812331,-18.2068452374091));
#1030=CARTESIAN_POINT('Ctrl Pts',(-7.00055260032749,-1.83122381307673,-18.1296502969251));
#1031=CARTESIAN_POINT('Ctrl Pts',(-6.55854268594268,-2.84876397087589,-18.0524553564411));
#1032=CARTESIAN_POINT('Ctrl Pts',(-6.11653277155788,-3.86630412867506,-17.9752604159571));
#1033=CARTESIAN_POINT('Ctrl Pts',(-5.43326322673276,-4.77867075100898,-17.8980654754731));
#1034=CARTESIAN_POINT('Ctrl Pts',(-4.5813470982062,-5.48988935354803,-17.8208705349891));
#1035=CARTESIAN_POINT('Ctrl Pts',(-3.72943096967965,-6.20110795608708,-17.7436755945051));
#1036=CARTESIAN_POINT('Ctrl Pts',(-2.70886825745161,-6.71117853883131,-17.6664806540211));
#1037=CARTESIAN_POINT('Ctrl Pts',(-1.62857295103952,-6.9630297988357,-17.5892857135371));
#1038=CARTESIAN_POINT('Ctrl Pts',(-1.09545369550236,-7.08731688537833,-17.5511904733211));
#1039=CARTESIAN_POINT('Ctrl Pts',(-0.547787383117404,-7.14871818538492,
-17.513095233105));
#1040=CARTESIAN_POINT('Ctrl Pts',(-4.35710032498039E-5,-7.14818646031604,
-17.4749999928889));
#1041=CARTESIAN_POINT('Ctrl Pts',(-0.00141388080181196,-7.15188794890558,
-16.8499999939667));
#1042=CARTESIAN_POINT('Ctrl Pts',(-0.14475005702836,-7.15226297411159,-16.8599867682846));
#1043=CARTESIAN_POINT('Ctrl Pts',(-0.288045564575244,-7.14817435931288,
-16.8699735426025));
#1044=CARTESIAN_POINT('Ctrl Pts',(-0.431045653204681,-7.13953139082561,
-16.8799603169204));
#1045=CARTESIAN_POINT('Ctrl Pts',(-2.39611273592079,-7.02076214365904,-17.0171957666515));
#1046=CARTESIAN_POINT('Ctrl Pts',(-4.30539443159611,-6.04197219968114,-17.1544312163826));
#1047=CARTESIAN_POINT('Ctrl Pts',(-5.55105661429333,-4.51614777117481,-17.2916666661137));
#1048=CARTESIAN_POINT('Ctrl Pts',(-6.48530325131624,-3.37177944979506,-17.394593253412));
#1049=CARTESIAN_POINT('Ctrl Pts',(-7.04626391228896,-1.91970423086809,-17.4975198407103));
#1050=CARTESIAN_POINT('Ctrl Pts',(-7.13714492522101,-0.442235321537636,
-17.6004464280086));
#1051=CARTESIAN_POINT('Ctrl Pts',(-7.22802593815307,1.03523358779281,-17.7033730153069));
#1052=CARTESIAN_POINT('Ctrl Pts',(-6.84882730304445,2.53809618752673,-17.8062996026052));
#1053=CARTESIAN_POINT('Ctrl Pts',(-6.06512427483856,3.79142029770215,-17.9092261899035));
#1054=CARTESIAN_POINT('Ctrl Pts',(-5.28142124663268,5.04474440787757,-18.0121527772018));
#1055=CARTESIAN_POINT('Ctrl Pts',(-4.09321382532951,6.0485300284945,-18.1150793645001));
#1056=CARTESIAN_POINT('Ctrl Pts',(-2.725815591385,6.61205150613559,-18.2180059517984));
#1057=CARTESIAN_POINT('Ctrl Pts',(-1.35841735744049,7.17557298377669,-18.3209325390967));
#1058=CARTESIAN_POINT('Ctrl Pts',(0.188171689145378,7.29883031844194,-18.423859126395));
#1059=CARTESIAN_POINT('Ctrl Pts',(1.62856847470227,6.96302999267583,-18.5267857136933));
#1060=CARTESIAN_POINT('Ctrl Pts',(2.70886606386994,6.71117974835124,-18.603980654167));
#1061=CARTESIAN_POINT('Ctrl Pts',(3.7294305062088,6.20110957003401,-18.6811755946408));
#1062=CARTESIAN_POINT('Ctrl Pts',(4.58134728819108,5.48989115245407,-18.7583705351145));
#1063=CARTESIAN_POINT('Ctrl Pts',(5.43326407017338,4.77867273487412,-18.8355654755882));
#1064=CARTESIAN_POINT('Ctrl Pts',(6.11653319179909,3.86630607803145,-18.912760416062));
#1065=CARTESIAN_POINT('Ctrl Pts',(6.55854610036944,2.84876506547208,-18.9899553565357));
#1066=CARTESIAN_POINT('Ctrl Pts',(7.00055900893978,1.83122405291272,-19.0671502970094));
#1067=CARTESIAN_POINT('Ctrl Pts',(7.20131570445477,0.708508684636673,-19.1443452374832));
#1068=CARTESIAN_POINT('Ctrl Pts',(7.13934938051123,-0.399363653191875,-19.2215401779569));
#1069=CARTESIAN_POINT('Ctrl Pts',(7.07738305656769,-1.50723599102041,-19.2987351184306));
#1070=CARTESIAN_POINT('Ctrl Pts',(6.75269371316562,-2.60026529840145,-19.3759300589043));
#1071=CARTESIAN_POINT('Ctrl Pts',(6.19997352132549,-3.56226096550647,-19.4531249993781));
#1072=CARTESIAN_POINT('Ctrl Pts',(5.64725332948536,-4.5242566326115,-19.5303199398518));
#1073=CARTESIAN_POINT('Ctrl Pts',(4.86650228920718,-5.35521865944052,-19.6075148803255));
#1074=CARTESIAN_POINT('Ctrl Pts',(3.94060787900419,-5.96671820763073,-19.6847098207993));
#1075=CARTESIAN_POINT('Ctrl Pts',(3.0147134688012,-6.57821775582095,-19.761904761273));
#1076=CARTESIAN_POINT('Ctrl Pts',(1.94367568867341,-6.97025482537234,-19.8390997017467));
#1077=CARTESIAN_POINT('Ctrl Pts',(0.842026011010417,-7.10083121676776,-19.9162946422204));
#1078=CARTESIAN_POINT('Ctrl Pts',(0.56276447976449,-7.13393154234767,-19.9358630928071));
#1079=CARTESIAN_POINT('Ctrl Pts',(0.281535852961053,-7.15023061809097,-19.9554315433937));
#1080=CARTESIAN_POINT('Ctrl Pts',(0.000285805347170686,-7.14996646249873,
-19.9749999939804));
#1081=CARTESIAN_POINT('Origin',(0.,0.,0.));
#1082=CARTESIAN_POINT('',(8.43516003351365E-6,-7.14957089325056,-23.724999994588));
#1083=CARTESIAN_POINT('',(-0.000132120252023209,-7.14996580844529,-23.0999999950253));
#1084=CARTESIAN_POINT('',(7.11996463823616E-16,-7.15,0.));
#1085=CARTESIAN_POINT('Ctrl Pts',(8.43516003351365E-6,-7.14957089325056,
-23.724999994588));
#1086=CARTESIAN_POINT('Ctrl Pts',(0.548827299140338,-7.14958406530741,-23.6868303534885));
#1087=CARTESIAN_POINT('Ctrl Pts',(1.09764304305187,-7.08701161626543,-23.648660712389));
#1088=CARTESIAN_POINT('Ctrl Pts',(1.63178078973963,-6.9618148177217,-23.6104910712895));
#1089=CARTESIAN_POINT('Ctrl Pts',(2.71203018109061,-6.70861465303645,-23.5332961308055));
#1090=CARTESIAN_POINT('Ctrl Pts',(3.73224404619253,-6.19927015741686,-23.4561011903215));
#1091=CARTESIAN_POINT('Ctrl Pts',(4.58380754432271,-5.48800914279026,-23.3789062498375));
#1092=CARTESIAN_POINT('Ctrl Pts',(5.43537104245292,-4.77674812816362,-23.3017113093535));
#1093=CARTESIAN_POINT('Ctrl Pts',(6.11828417361135,-3.86357059452999,-23.2245163688695));
#1094=CARTESIAN_POINT('Ctrl Pts',(6.5598442756452,-2.84569236184327,-23.1473214283855));
#1095=CARTESIAN_POINT('Ctrl Pts',(7.00140437767906,-1.82781412915654,-23.0701264879015));
#1096=CARTESIAN_POINT('Ctrl Pts',(7.2016114505883,-0.705235197416714,-22.9929315474175));
#1097=CARTESIAN_POINT('Ctrl Pts',(7.13915131868073,0.402532916142161,-22.9157366069335));
#1098=CARTESIAN_POINT('Ctrl Pts',(7.07669118677317,1.51030102970099,-22.8385416664495));
#1099=CARTESIAN_POINT('Ctrl Pts',(6.75156385004884,2.60325832507889,-22.7613467259655));
#1100=CARTESIAN_POINT('Ctrl Pts',(6.19838173586821,3.56504930817591,-22.6841517854815));
#1101=CARTESIAN_POINT('Ctrl Pts',(5.64519962168755,4.52684029127297,-22.6069568449975));
#1102=CARTESIAN_POINT('Ctrl Pts',(4.86396273005054,5.35746496208914,-22.5297619045135));
#1103=CARTESIAN_POINT('Ctrl Pts',(3.93784423136492,5.96849180027626,-22.4525669640295));
#1104=CARTESIAN_POINT('Ctrl Pts',(3.01172573267931,6.57951863846337,-22.3753720235455));
#1105=CARTESIAN_POINT('Ctrl Pts',(1.9407256269451,6.97094764402147,-22.2981770830615));
#1106=CARTESIAN_POINT('Ctrl Pts',(0.83885831624086,7.10111267100971,-22.2209821425775));
#1107=CARTESIAN_POINT('Ctrl Pts',(-0.263008994463336,7.23127769799795,-22.1437872020935));
#1108=CARTESIAN_POINT('Ctrl Pts',(-1.39574351013753,7.10017874641634,-22.0665922616095));
#1109=CARTESIAN_POINT('Ctrl Pts',(-2.4387423986127,6.72176002693482,-21.9893973211255));
#1110=CARTESIAN_POINT('Ctrl Pts',(-3.48174128708792,6.34334130745329,-21.9122023806415));
#1111=CARTESIAN_POINT('Ctrl Pts',(-4.43500454836414,5.71760282007183,-21.8350074401576));
#1112=CARTESIAN_POINT('Ctrl Pts',(-5.19707149001821,4.91118829996821,-21.7578124996736));
#1113=CARTESIAN_POINT('Ctrl Pts',(-5.95913843167225,4.10477377986462,-21.6806175591896));
#1114=CARTESIAN_POINT('Ctrl Pts',(-6.53000905370413,3.11768322703891,-21.6034226187056));
#1115=CARTESIAN_POINT('Ctrl Pts',(-6.84885326076046,2.05494110588702,-21.5262276782216));
#1116=CARTESIAN_POINT('Ctrl Pts',(-7.1676974678168,0.992198984735092,-21.4490327377376));
#1117=CARTESIAN_POINT('Ctrl Pts',(-7.23451525989755,-0.146194704743,-21.3718377972536));
#1118=CARTESIAN_POINT('Ctrl Pts',(-7.04231192020879,-1.23891302973613,-21.2946428567696));
#1119=CARTESIAN_POINT('Ctrl Pts',(-6.85010858052004,-2.33163135472922,-21.2174479162856));
#1120=CARTESIAN_POINT('Ctrl Pts',(-6.39888410906181,-3.37867431523738,-21.1402529758016));
#1121=CARTESIAN_POINT('Ctrl Pts',(-5.73640801801225,-4.26887526180246,-21.0630580353176));
#1122=CARTESIAN_POINT('Ctrl Pts',(-5.07393192696266,-5.15907620836758,-20.9858630948336));
#1123=CARTESIAN_POINT('Ctrl Pts',(-4.20020421632173,-5.89243514098964,-20.9086681543496));
#1124=CARTESIAN_POINT('Ctrl Pts',(-3.20882242877011,-6.39022977065148,-20.8314732138656));
#1125=CARTESIAN_POINT('Ctrl Pts',(-2.217918389322,-6.88778451246865,-20.7543154737184));
#1126=CARTESIAN_POINT('Ctrl Pts',(-1.10947364092946,-7.1500019340758,-20.6771577335712));
#1127=CARTESIAN_POINT('Ctrl Pts',(-7.2900677052397E-5,-7.15048343142277,
-20.599999993424));
#1128=CARTESIAN_POINT('Ctrl Pts',(0.000285805347170729,-7.14996646249981,
-19.9749999939815));
#1129=CARTESIAN_POINT('Ctrl Pts',(-0.827958257861228,-7.14918855933895,
-20.0326264838686));
#1130=CARTESIAN_POINT('Ctrl Pts',(-1.65638808754971,-7.00477028408437,-20.0902529737557));
#1131=CARTESIAN_POINT('Ctrl Pts',(-2.43531386377731,-6.7227902973547,-20.1478794636428));
#1132=CARTESIAN_POINT('Ctrl Pts',(-3.47874248570369,-6.34505727330571,-20.2250744041165));
#1133=CARTESIAN_POINT('Ctrl Pts',(-4.4333381543581,-5.7204755119683,-20.3022693445902));
#1134=CARTESIAN_POINT('Ctrl Pts',(-5.19476410608446,-4.91396206854509,-20.3794642850639));
#1135=CARTESIAN_POINT('Ctrl Pts',(-6.20999870838623,-3.83861081064753,-20.4823908723623));
#1136=CARTESIAN_POINT('Ctrl Pts',(-6.88182048059374,-2.43982545126412,-20.5853174596606));
#1137=CARTESIAN_POINT('Ctrl Pts',(-7.08382989780227,-0.975274788405486,
-20.6882440469589));
#1138=CARTESIAN_POINT('Ctrl Pts',(-7.2858393150108,0.489275874453183,-20.7911706342572));
#1139=CARTESIAN_POINT('Ctrl Pts',(-7.01803637722031,2.01959184078708,-20.8940972215555));
#1140=CARTESIAN_POINT('Ctrl Pts',(-6.33013566899194,3.32841260505706,-20.9970238088538));
#1141=CARTESIAN_POINT('Ctrl Pts',(-5.64223496076359,4.63723336932701,-21.0999503961521));
#1142=CARTESIAN_POINT('Ctrl Pts',(-4.53423648209738,5.72455893153306,-21.2028769834504));
#1143=CARTESIAN_POINT('Ctrl Pts',(-3.21316565623277,6.38999027076648,-21.3058035707487));
#1144=CARTESIAN_POINT('Ctrl Pts',(-2.2223625368343,6.88906377519154,-21.3829985112224));
#1145=CARTESIAN_POINT('Ctrl Pts',(-1.11170622213673,7.15082177919449,-21.4601934516962));
#1146=CARTESIAN_POINT('Ctrl Pts',(-0.00178608771550094,7.15057513117008,
-21.5373883921699));
#1147=CARTESIAN_POINT('Ctrl Pts',(1.10813404670572,7.15032848314567,-21.6145833326436));
#1148=CARTESIAN_POINT('Ctrl Pts',(2.21731800085062,6.8880771830939,-21.6917782731173));
#1149=CARTESIAN_POINT('Ctrl Pts',(3.20875533846273,6.39027033107701,-21.7689732135911));
#1150=CARTESIAN_POINT('Ctrl Pts',(4.20019267607485,5.89246347906013,-21.8461681540648));
#1151=CARTESIAN_POINT('Ctrl Pts',(5.07388339715421,5.15910107507812,-21.9233630945385));
#1152=CARTESIAN_POINT('Ctrl Pts',(5.73635624646295,4.26889599353974,-22.0005580350123));
#1153=CARTESIAN_POINT('Ctrl Pts',(6.39882909577172,3.37869091200132,-22.077752975486));
#1154=CARTESIAN_POINT('Ctrl Pts',(6.85008407330986,2.33164315290652,-22.1549479159597));
#1155=CARTESIAN_POINT('Ctrl Pts',(7.04229885829189,1.23892198462981,-22.2321428564335));
#1156=CARTESIAN_POINT('Ctrl Pts',(7.2345136432739,0.146200816353152,-22.3093377969072));
#1157=CARTESIAN_POINT('Ctrl Pts',(7.16768823569983,-0.992193761105415,-22.3865327373809));
#1158=CARTESIAN_POINT('Ctrl Pts',(6.84884331833194,-2.05493690484377,-22.4637276778546));
#1159=CARTESIAN_POINT('Ctrl Pts',(6.52999840096404,-3.11768004858212,-22.5409226183284));
#1160=CARTESIAN_POINT('Ctrl Pts',(5.95913397380234,-4.10477175860028,-22.6181175588021));
#1161=CARTESIAN_POINT('Ctrl Pts',(5.19706928969502,-4.9111869789693,-22.6953124992758));
#1162=CARTESIAN_POINT('Ctrl Pts',(4.4350046055877,-5.71760219933832,-22.7725074397496));
#1163=CARTESIAN_POINT('Ctrl Pts',(3.48173966453476,-6.34334093005822,-22.8497023802233));
#1164=CARTESIAN_POINT('Ctrl Pts',(2.43874050898045,-6.72175989440079,-22.926897320697));
#1165=CARTESIAN_POINT('Ctrl Pts',(1.65913007492597,-7.00461666516084,-22.9845982121398));
#1166=CARTESIAN_POINT('Ctrl Pts',(0.829384130795777,-7.14929311408892,-23.0422991035825));
#1167=CARTESIAN_POINT('Ctrl Pts',(-0.000132120252023209,-7.14996580844529,
-23.0999999950253));
#1168=CARTESIAN_POINT('Origin',(-0.000203161294794475,0.00365450997355188,
-25.));
#1169=CARTESIAN_POINT('',(-3.90671949819691,5.98832553911426,-25.));
#1170=CARTESIAN_POINT('',(-3.92307104818692,-4.86538935244424,-25.));
#1171=CARTESIAN_POINT('Ctrl Pts',(-3.90671949818635,5.9883255391222,-25.));
#1172=CARTESIAN_POINT('Ctrl Pts',(-4.05885771628541,5.8739289228268,-25.));
#1173=CARTESIAN_POINT('Ctrl Pts',(-4.20604350468701,5.75356284907913,-25.));
#1174=CARTESIAN_POINT('Ctrl Pts',(-4.34802235119289,5.62762158201613,-25.));
#1175=CARTESIAN_POINT('Ctrl Pts',(-4.49107337500467,5.50072924814461,-25.));
#1176=CARTESIAN_POINT('Ctrl Pts',(-4.62883897979262,5.36817664045045,-25.));
#1177=CARTESIAN_POINT('Ctrl Pts',(-4.76102212227855,5.2303290675685,-25.));
#1178=CARTESIAN_POINT('Ctrl Pts',(-4.89247187283448,5.09324631458433,-25.));
#1179=CARTESIAN_POINT('Ctrl Pts',(-5.01840130859283,4.9509265802519,-25.));
#1180=CARTESIAN_POINT('Ctrl Pts',(-5.13847599439246,4.80370059970036,-25.));
#1181=CARTESIAN_POINT('Ctrl Pts',(-5.25723738316518,4.65808487897383,-25.));
#1182=CARTESIAN_POINT('Ctrl Pts',(-5.37027170335831,4.50766906724002,-25.));
#1183=CARTESIAN_POINT('Ctrl Pts',(-5.47720886152379,4.35275403227655,-25.));
#1184=CARTESIAN_POINT('Ctrl Pts',(-5.50568888798324,4.31149630324752,-25.));
#1185=CARTESIAN_POINT('Ctrl Pts',(-5.53373617696133,4.26991936944446,-25.));
#1186=CARTESIAN_POINT('Ctrl Pts',(-5.5613431289822,4.22802876174818,-25.));
#1187=CARTESIAN_POINT('Ctrl Pts',(-5.58308025582931,4.19504498822228,-25.));
#1188=CARTESIAN_POINT('Ctrl Pts',(-5.60454438399408,4.16186674657282,-25.));
#1189=CARTESIAN_POINT('Ctrl Pts',(-5.62573168605405,4.12849671690167,-25.));
#1190=CARTESIAN_POINT('Ctrl Pts',(-5.63693274918077,4.11085502718445,-25.));
#1191=CARTESIAN_POINT('Ctrl Pts',(-5.64805512102797,4.09316176341849,-25.));
#1192=CARTESIAN_POINT('Ctrl Pts',(-5.65909376791716,4.07542475201369,-25.));
#1193=CARTESIAN_POINT('Ctrl Pts',(-5.75823023547417,3.9161312558685,-25.));
#1194=CARTESIAN_POINT('Ctrl Pts',(-5.85072598592766,3.75314109180206,-25.));
#1195=CARTESIAN_POINT('Ctrl Pts',(-5.93629387648524,3.58679346378572,-25.));
#1196=CARTESIAN_POINT('Ctrl Pts',(-5.9536820805423,3.55299005363376,-25.));
#1197=CARTESIAN_POINT('Ctrl Pts',(-5.97078405393264,3.51904791805265,-25.));
#1198=CARTESIAN_POINT('Ctrl Pts',(-5.9875971506971,3.48496978589711,-25.));
#1199=CARTESIAN_POINT('Ctrl Pts',(-6.07054932785249,3.3168356643077,-25.));
#1200=CARTESIAN_POINT('Ctrl Pts',(-6.14647363024155,3.14539226560008,-25.));
#1201=CARTESIAN_POINT('Ctrl Pts',(-6.2152670611387,2.97110450176405,-25.));
#1202=CARTESIAN_POINT('Ctrl Pts',(-6.28398029426388,2.79701991852477,-25.));
#1203=CARTESIAN_POINT('Ctrl Pts',(-6.34557937613696,2.62009686321793,-25.));
#1204=CARTESIAN_POINT('Ctrl Pts',(-6.39991055859992,2.44079029619983,-25.));
#1205=CARTESIAN_POINT('Ctrl Pts',(-6.44963858263614,2.27667530973497,-25.));
#1206=CARTESIAN_POINT('Ctrl Pts',(-6.49327756034676,2.11056307742777,-25.));
#1207=CARTESIAN_POINT('Ctrl Pts',(-6.53067083404398,1.9428041437491,-25.));
#1208=CARTESIAN_POINT('Ctrl Pts',(-6.53810222804508,1.90946438474686,-25.));
#1209=CARTESIAN_POINT('Ctrl Pts',(-6.54528682201629,1.87605960609477,-25.));
#1210=CARTESIAN_POINT('Ctrl Pts',(-6.55222320753835,1.84259259278334,-25.));
#1211=CARTESIAN_POINT('Ctrl Pts',(-6.55704896226616,1.81930905451979,-25.));
#1212=CARTESIAN_POINT('Ctrl Pts',(-6.56175491085378,1.7959934877321,-25.));
#1213=CARTESIAN_POINT('Ctrl Pts',(-6.56633731913606,1.77266397322702,-25.));
#1214=CARTESIAN_POINT('Ctrl Pts',(-6.60186476720385,1.59179006065312,-25.));
#1215=CARTESIAN_POINT('Ctrl Pts',(-6.63001634016342,1.40986423410922,-25.));
#1216=CARTESIAN_POINT('Ctrl Pts',(-6.65070891465558,1.22732844575479,-25.));
#1217=CARTESIAN_POINT('Ctrl Pts',(-6.67129126519486,1.04576497798532,-25.));
#1218=CARTESIAN_POINT('Ctrl Pts',(-6.68449390834628,0.863597321922922,-25.));
#1219=CARTESIAN_POINT('Ctrl Pts',(-6.69018393466946,0.681257083060056,-25.));
#1220=CARTESIAN_POINT('Ctrl Pts',(-6.6929844530499,0.591512825050625,-25.));
#1221=CARTESIAN_POINT('Ctrl Pts',(-6.69396431739657,0.501726775587304,-25.));
#1222=CARTESIAN_POINT('Ctrl Pts',(-6.69310304942388,0.411950883481891,-25.));
#1223=CARTESIAN_POINT('Ctrl Pts',(-6.69134314937087,0.228504381018582,-25.));
#1224=CARTESIAN_POINT('Ctrl Pts',(-6.68189877800589,0.0450990872556454,
-25.));
#1225=CARTESIAN_POINT('Ctrl Pts',(-6.6648433612455,-0.137794880735191,-25.));
#1226=CARTESIAN_POINT('Ctrl Pts',(-6.64793543924321,-0.319107186902785,
-25.));
#1227=CARTESIAN_POINT('Ctrl Pts',(-6.62354726160171,-0.499917633492496,
-25.));
#1228=CARTESIAN_POINT('Ctrl Pts',(-6.59170467794688,-0.679745579508506,
-25.));
#1229=CARTESIAN_POINT('Ctrl Pts',(-6.58696520755954,-0.706511285275279,
-25.));
#1230=CARTESIAN_POINT('Ctrl Pts',(-6.58206051698213,-0.733255173554461,
-25.));
#1231=CARTESIAN_POINT('Ctrl Pts',(-6.57699060973705,-0.759975602317711,
-25.));
#1232=CARTESIAN_POINT('Ctrl Pts',(-6.57296651228842,-0.781184197271152,
-25.));
#1233=CARTESIAN_POINT('Ctrl Pts',(-6.56883852701556,-0.802376751258486,
-25.));
#1234=CARTESIAN_POINT('Ctrl Pts',(-6.56460924064251,-0.823540262495044,
-25.));
#1235=CARTESIAN_POINT('Ctrl Pts',(-6.52923437105389,-1.00055746681573,-25.));
#1236=CARTESIAN_POINT('Ctrl Pts',(-6.48673324417597,-1.17577518213437,-25.));
#1237=CARTESIAN_POINT('Ctrl Pts',(-6.43724126752399,-1.34876347087674,-25.));
#1238=CARTESIAN_POINT('Ctrl Pts',(-6.38781650929204,-1.52151681245712,-25.));
#1239=CARTESIAN_POINT('Ctrl Pts',(-6.33141961532172,-1.69204746499546,-25.));
#1240=CARTESIAN_POINT('Ctrl Pts',(-6.26813648516189,-1.85991023337521,-25.));
#1241=CARTESIAN_POINT('Ctrl Pts',(-6.20566457000204,-2.02562119928716,-25.));
#1242=CARTESIAN_POINT('Ctrl Pts',(-6.13648151381774,-2.18873283228359,-25.));
#1243=CARTESIAN_POINT('Ctrl Pts',(-6.06062667256056,-2.34879084334747,-25.));
#1244=CARTESIAN_POINT('Ctrl Pts',(-6.02865077782053,-2.41626179219206,-25.));
#1245=CARTESIAN_POINT('Ctrl Pts',(-5.995488826216,-2.48318975294544,-25.));
#1246=CARTESIAN_POINT('Ctrl Pts',(-5.96114162082181,-2.54953890136292,-25.));
#1247=CARTESIAN_POINT('Ctrl Pts',(-5.90417356484169,-2.65958517610055,-25.));
#1248=CARTESIAN_POINT('Ctrl Pts',(-5.84394528179742,-2.76803968090859,-25.));
#1249=CARTESIAN_POINT('Ctrl Pts',(-5.78054036531969,-2.87476846976501,-25.));
#1250=CARTESIAN_POINT('Ctrl Pts',(-5.75280071436069,-2.9214623148897,-25.));
#1251=CARTESIAN_POINT('Ctrl Pts',(-5.72445294278473,-2.96782572585042,-25.));
#1252=CARTESIAN_POINT('Ctrl Pts',(-5.6955036432744,-3.01384689128016,-25.));
#1253=CARTESIAN_POINT('Ctrl Pts',(-5.67596012563699,-3.04491553451104,-25.));
#1254=CARTESIAN_POINT('Ctrl Pts',(-5.65614245500188,-3.0758281907182,-25.));
#1255=CARTESIAN_POINT('Ctrl Pts',(-5.63605260238037,-3.10658112568975,-25.));
#1256=CARTESIAN_POINT('Ctrl Pts',(-5.62300076316832,-3.1265604839314,-25.));
#1257=CARTESIAN_POINT('Ctrl Pts',(-5.60983818638557,-3.14646602835326,-25.));
#1258=CARTESIAN_POINT('Ctrl Pts',(-5.59657005493073,-3.1662903804873,-25.));
#1259=CARTESIAN_POINT('Ctrl Pts',(-5.49867648124102,-3.31255639262993,-25.));
#1260=CARTESIAN_POINT('Ctrl Pts',(-5.39496696932446,-3.45451766400491,-25.));
#1261=CARTESIAN_POINT('Ctrl Pts',(-5.28576059815188,-3.59185816937186,-25.));
#1262=CARTESIAN_POINT('Ctrl Pts',(-5.17626710291324,-3.72955976872914,-25.));
#1263=CARTESIAN_POINT('Ctrl Pts',(-5.0612472782034,-3.8626168002119,-25.));
#1264=CARTESIAN_POINT('Ctrl Pts',(-4.94098426480296,-3.99067585006665,-25.));
#1265=CARTESIAN_POINT('Ctrl Pts',(-4.82159841270372,-4.11780087673652,-25.));
#1266=CARTESIAN_POINT('Ctrl Pts',(-4.69704502592222,-4.24000101005106,-25.));
#1267=CARTESIAN_POINT('Ctrl Pts',(-4.56757138626958,-4.35688899563252,-25.));
#1268=CARTESIAN_POINT('Ctrl Pts',(-4.44054905479209,-4.4715639556483,-25.));
#1269=CARTESIAN_POINT('Ctrl Pts',(-4.30879048336719,-4.58112632665522,-25.));
#1270=CARTESIAN_POINT('Ctrl Pts',(-4.17250852620557,-4.68516486437021,-25.));
#1271=CARTESIAN_POINT('Ctrl Pts',(-4.12829082601506,-4.71892094598771,-25.));
#1272=CARTESIAN_POINT('Ctrl Pts',(-4.08359680538657,-4.75209513603936,-25.));
#1273=CARTESIAN_POINT('Ctrl Pts',(-4.0384333949141,-4.78467224451676,-25.));
#1274=CARTESIAN_POINT('Ctrl Pts',(-4.00040094371453,-4.81210567515072,-25.));
#1275=CARTESIAN_POINT('Ctrl Pts',(-3.96203562110657,-4.8391156756007,-25.));
#1276=CARTESIAN_POINT('Ctrl Pts',(-3.9233450419639,-4.86569704819071,-25.));
#1277=CARTESIAN_POINT('',(4.48830658557399,5.56635926394297,-25.));
#1278=CARTESIAN_POINT('Origin',(0.,0.,-25.));
#1279=CARTESIAN_POINT('',(3.41496462392505,-5.23455027842321,-25.));
#1280=CARTESIAN_POINT('Ctrl Pts',(3.414964623925,-5.23455027842323,-25.));
#1281=CARTESIAN_POINT('Ctrl Pts',(3.56551286850056,-5.15195186410656,-25.));
#1282=CARTESIAN_POINT('Ctrl Pts',(3.71230447102843,-5.06318378784103,-25.));
#1283=CARTESIAN_POINT('Ctrl Pts',(3.85508241206831,-4.9686475679638,-25.));
#1284=CARTESIAN_POINT('Ctrl Pts',(4.00015545447351,-4.87259171413099,-25.));
#1285=CARTESIAN_POINT('Ctrl Pts',(4.14108532541002,-4.77058051137421,-25.));
#1286=CARTESIAN_POINT('Ctrl Pts',(4.27758992779215,-4.66298273630415,-25.));
#1287=CARTESIAN_POINT('Ctrl Pts',(4.41570387538129,-4.55411641819178,-25.));
#1288=CARTESIAN_POINT('Ctrl Pts',(4.54928821090828,-4.43953068212155,-25.));
#1289=CARTESIAN_POINT('Ctrl Pts',(4.67802909518635,-4.3195590027974,-25.));
#1290=CARTESIAN_POINT('Ctrl Pts',(4.80647023932576,-4.19986664676669,-25.));
#1291=CARTESIAN_POINT('Ctrl Pts',(4.93009104304783,-4.07481294186895,-25.));
#1292=CARTESIAN_POINT('Ctrl Pts',(5.04854948608065,-3.9446872152507,-25.));
#1293=CARTESIAN_POINT('Ctrl Pts',(5.08840516132951,-3.90090604973106,-25.));
#1294=CARTESIAN_POINT('Ctrl Pts',(5.12767616125143,-3.8565504087,-25.));
#1295=CARTESIAN_POINT('Ctrl Pts',(5.16634850359856,-3.8116303829218,-25.));
#1296=CARTESIAN_POINT('Ctrl Pts',(5.18161509823858,-3.79389740417902,-25.));
#1297=CARTESIAN_POINT('Ctrl Pts',(5.1967888413429,-3.77607585163878,-25.));
#1298=CARTESIAN_POINT('Ctrl Pts',(5.21185841358477,-3.75817896185246,-25.));
#1299=CARTESIAN_POINT('Ctrl Pts',(5.32742755251038,-3.62092701409615,-25.));
#1300=CARTESIAN_POINT('Ctrl Pts',(5.43702091961155,-3.47907647396676,-25.));
#1301=CARTESIAN_POINT('Ctrl Pts',(5.54034314254862,-3.33300451704665,-25.));
#1302=CARTESIAN_POINT('Ctrl Pts',(5.55843173139978,-3.30743174580438,-25.));
#1303=CARTESIAN_POINT('Ctrl Pts',(5.57632805157426,-3.28172947744371,-25.));
#1304=CARTESIAN_POINT('Ctrl Pts',(5.59403043474626,-3.25589959530962,-25.));
#1305=CARTESIAN_POINT('Ctrl Pts',(5.6942264781852,-3.1097016530787,-25.));
#1306=CARTESIAN_POINT('Ctrl Pts',(5.78821247202889,-2.95941866334831,-25.));
#1307=CARTESIAN_POINT('Ctrl Pts',(5.87590245853859,-2.80551075278439,-25.));
#1308=CARTESIAN_POINT('Ctrl Pts',(5.96447961261674,-2.65004574189221,-25.));
#1309=CARTESIAN_POINT('Ctrl Pts',(6.04663309705452,-2.49088152017089,-25.));
#1310=CARTESIAN_POINT('Ctrl Pts',(6.12223447436805,-2.32845715679107,-25.));
#1311=CARTESIAN_POINT('Ctrl Pts',(6.19269581759102,-2.17707580340098,-25.));
#1312=CARTESIAN_POINT('Ctrl Pts',(6.25746553629203,-2.02286179056417,-25.));
#1313=CARTESIAN_POINT('Ctrl Pts',(6.3164046483314,-1.86615031007723,-25.));
#1314=CARTESIAN_POINT('Ctrl Pts',(6.32780244058956,-1.83584505373292,-25.));
#1315=CARTESIAN_POINT('Ctrl Pts',(6.33898207924794,-1.80544635384049,-25.));
#1316=CARTESIAN_POINT('Ctrl Pts',(6.34994240162328,-1.77495657316689,-25.));
#1317=CARTESIAN_POINT('Ctrl Pts',(6.35669224980539,-1.75617962632126,-25.));
#1318=CARTESIAN_POINT('Ctrl Pts',(6.36335812193973,-1.73737027221032,-25.));
#1319=CARTESIAN_POINT('Ctrl Pts',(6.36993695627315,-1.71853744675525,-25.));
#1320=CARTESIAN_POINT('Ctrl Pts',(6.42999410139602,-1.54661554173264,-25.));
#1321=CARTESIAN_POINT('Ctrl Pts',(6.48287241845946,-1.37254301748832,-25.));
#1322=CARTESIAN_POINT('Ctrl Pts',(6.52849420368538,-1.19680020958399,-25.));
#1323=CARTESIAN_POINT('Ctrl Pts',(6.5745708872992,-1.01930505639977,-25.));
#1324=CARTESIAN_POINT('Ctrl Pts',(6.61324598086019,-0.840105521666199,-25.));
#1325=CARTESIAN_POINT('Ctrl Pts',(6.64439676842579,-0.659665151071413,-25.));
#1326=CARTESIAN_POINT('Ctrl Pts',(6.65864730003606,-0.577119205819979,-25.));
#1327=CARTESIAN_POINT('Ctrl Pts',(6.67132253866355,-0.494313209454435,-25.));
#1328=CARTESIAN_POINT('Ctrl Pts',(6.68240747168876,-0.411289943904528,-25.));
#1329=CARTESIAN_POINT('Ctrl Pts',(6.70652427165787,-0.230661384084019,-25.));
#1330=CARTESIAN_POINT('Ctrl Pts',(6.72311695657979,-0.0490050999199971,
-25.));
#1331=CARTESIAN_POINT('Ctrl Pts',(6.73227543775227,0.133232930612382,-25.));
#1332=CARTESIAN_POINT('Ctrl Pts',(6.73777011695798,0.242567600629991,-25.));
#1333=CARTESIAN_POINT('Ctrl Pts',(6.74058789549359,0.352111934709273,-25.));
#1334=CARTESIAN_POINT('Ctrl Pts',(6.74073931274332,0.461770858992435,-25.));
#1335=CARTESIAN_POINT('Ctrl Pts',(6.74087489312862,0.559960459134403,-25.));
#1336=CARTESIAN_POINT('Ctrl Pts',(6.73887261061131,0.658241970218226,-25.));
#1337=CARTESIAN_POINT('Ctrl Pts',(6.73473549713737,0.756547113833548,-25.));
#1338=CARTESIAN_POINT('Ctrl Pts',(6.73358916922366,0.783785895389109,-25.));
#1339=CARTESIAN_POINT('Ctrl Pts',(6.73227871641222,0.811028912009968,-25.));
#1340=CARTESIAN_POINT('Ctrl Pts',(6.73080562164041,0.838251058259792,-25.));
#1341=CARTESIAN_POINT('Ctrl Pts',(6.720770441055,1.02369680063065,-25.));
#1342=CARTESIAN_POINT('Ctrl Pts',(6.7031833339179,1.20840577122949,-25.));
#1343=CARTESIAN_POINT('Ctrl Pts',(6.67820258214991,1.39191017653391,-25.));
#1344=CARTESIAN_POINT('Ctrl Pts',(6.65300368620471,1.57701703231226,-25.));
#1345=CARTESIAN_POINT('Ctrl Pts',(6.62028149412415,1.76089889323659,-25.));
#1346=CARTESIAN_POINT('Ctrl Pts',(6.58014660476177,1.94308794509964,-25.));
#1347=CARTESIAN_POINT('Ctrl Pts',(6.5399564930854,2.12552767414623,-25.));
#1348=CARTESIAN_POINT('Ctrl Pts',(6.49233325917547,2.30627066793074,-25.));
#1349=CARTESIAN_POINT('Ctrl Pts',(6.43733604743505,2.48484866686995,-25.));
#1350=CARTESIAN_POINT('Ctrl Pts',(6.41304220381228,2.56373168372494,-25.));
#1351=CARTESIAN_POINT('Ctrl Pts',(6.3873088410311,2.64219221068528,-25.));
#1352=CARTESIAN_POINT('Ctrl Pts',(6.36013784530197,2.72018940514524,-25.));
#1353=CARTESIAN_POINT('Ctrl Pts',(6.31523211902513,2.84909600465661,-25.));
#1354=CARTESIAN_POINT('Ctrl Pts',(6.26640031191166,2.97673733647297,-25.));
#1355=CARTESIAN_POINT('Ctrl Pts',(6.2137409717937,3.10296886794684,-25.));
#1356=CARTESIAN_POINT('Ctrl Pts',(6.19070251049209,3.15819516296666,-25.));
#1357=CARTESIAN_POINT('Ctrl Pts',(6.16693125354491,3.21315154854863,-25.));
#1358=CARTESIAN_POINT('Ctrl Pts',(6.14243462598334,3.26782557484871,-25.));
#1359=CARTESIAN_POINT('Ctrl Pts',(6.12881571372331,3.29822162692617,-25.));
#1360=CARTESIAN_POINT('Ctrl Pts',(6.11497259445499,3.32853040297038,-25.));
#1361=CARTESIAN_POINT('Ctrl Pts',(6.1009064793333,3.35874973009026,-25.));
#1362=CARTESIAN_POINT('Ctrl Pts',(6.0903327253251,3.38146614670529,-25.));
#1363=CARTESIAN_POINT('Ctrl Pts',(6.07963616446325,3.40412506212424,-25.));
#1364=CARTESIAN_POINT('Ctrl Pts',(6.06882115951347,3.4267182500173,-25.));
#1365=CARTESIAN_POINT('Ctrl Pts',(5.98787374868528,3.59582220057401,-25.));
#1366=CARTESIAN_POINT('Ctrl Pts',(5.90023509373534,3.7613738368148,-25.));
#1367=CARTESIAN_POINT('Ctrl Pts',(5.80625806608927,3.9230352929802,-25.));
#1368=CARTESIAN_POINT('Ctrl Pts',(5.71051876005229,4.0877282611861,-25.));
#1369=CARTESIAN_POINT('Ctrl Pts',(5.60820095744174,4.24838441624042,-25.));
#1370=CARTESIAN_POINT('Ctrl Pts',(5.49962464874562,4.40463728041843,-25.));
#1371=CARTESIAN_POINT('Ctrl Pts',(5.39070353463197,4.56138635629052,-25.));
#1372=CARTESIAN_POINT('Ctrl Pts',(5.27548377902915,4.7137047770161,-25.));
#1373=CARTESIAN_POINT('Ctrl Pts',(5.15423947153124,4.86120367513805,-25.));
#1374=CARTESIAN_POINT('Ctrl Pts',(5.0338862851277,5.00761848624409,-25.));
#1375=CARTESIAN_POINT('Ctrl Pts',(4.90759638992193,5.1492849633844,-25.));
#1376=CARTESIAN_POINT('Ctrl Pts',(4.7755951539699,5.28579488531391,-25.));
#1377=CARTESIAN_POINT('Ctrl Pts',(4.71979617376847,5.34349975736383,-25.));
#1378=CARTESIAN_POINT('Ctrl Pts',(4.66297615151389,5.40028281746027,-25.));
#1379=CARTESIAN_POINT('Ctrl Pts',(4.60515004575289,5.45611131233039,-25.));
#1380=CARTESIAN_POINT('Ctrl Pts',(4.56664559724038,5.49328561929724,-25.));
#1381=CARTESIAN_POINT('Ctrl Pts',(4.52769504781055,5.5300366670168,-25.));
#1382=CARTESIAN_POINT('Ctrl Pts',(4.48830658556349,5.56635926395263,-25.));
#1383=CARTESIAN_POINT('Ctrl Pts',(-3.92307104818708,-4.86538935244409,-25.));
#1384=CARTESIAN_POINT('Ctrl Pts',(-3.78733538011057,-4.97483602383325,-25.));
#1385=CARTESIAN_POINT('Ctrl Pts',(-3.64712448686271,-5.07836700743999,-25.));
#1386=CARTESIAN_POINT('Ctrl Pts',(-3.50288684125881,-5.17583446176719,-25.));
#1387=CARTESIAN_POINT('Ctrl Pts',(-3.35749445626191,-5.27408222215509,-25.));
#1388=CARTESIAN_POINT('Ctrl Pts',(-3.20800996771993,-5.36616934699105,-25.));
#1389=CARTESIAN_POINT('Ctrl Pts',(-3.05486085764894,-5.45190231423215,-25.));
#1390=CARTESIAN_POINT('Ctrl Pts',(-2.97745088225323,-5.49523646669088,-25.));
#1391=CARTESIAN_POINT('Ctrl Pts',(-2.89910420742251,-5.53694652975293,-25.));
#1392=CARTESIAN_POINT('Ctrl Pts',(-2.81987375137882,-5.57700300498109,-25.));
#1393=CARTESIAN_POINT('Ctrl Pts',(-2.77343573421502,-5.60048063438084,-25.));
#1394=CARTESIAN_POINT('Ctrl Pts',(-2.72669408745741,-5.62339015031383,-25.));
#1395=CARTESIAN_POINT('Ctrl Pts',(-2.67965928202556,-5.64572509932414,-25.));
#1396=CARTESIAN_POINT('Ctrl Pts',(-2.65516954859655,-5.65735429481864,-25.));
#1397=CARTESIAN_POINT('Ctrl Pts',(-2.63060167455633,-5.66882702531174,-25.));
#1398=CARTESIAN_POINT('Ctrl Pts',(-2.60596844864135,-5.68013737844288,-25.));
#1399=CARTESIAN_POINT('Ctrl Pts',(-2.44618948927353,-5.75349993597443,-25.));
#1400=CARTESIAN_POINT('Ctrl Pts',(-2.28353536760654,-5.82009571647045,-25.));
#1401=CARTESIAN_POINT('Ctrl Pts',(-2.11843707127743,-5.87973936202732,-25.));
#1402=CARTESIAN_POINT('Ctrl Pts',(-1.95437714876397,-5.93900788318137,-25.));
#1403=CARTESIAN_POINT('Ctrl Pts',(-1.78790302647254,-5.99141170640084,-25.));
#1404=CARTESIAN_POINT('Ctrl Pts',(-1.61941849784875,-6.03672158847629,-25.));
#1405=CARTESIAN_POINT('Ctrl Pts',(-1.53186664824174,-6.06026656327951,-25.));
#1406=CARTESIAN_POINT('Ctrl Pts',(-1.44377167751928,-6.08189516346956,-25.));
#1407=CARTESIAN_POINT('Ctrl Pts',(-1.35518909908154,-6.10156975660816,-25.));
#1408=CARTESIAN_POINT('Ctrl Pts',(-1.32453180153228,-6.10837888168273,-25.));
#1409=CARTESIAN_POINT('Ctrl Pts',(-1.29381609571816,-6.11495392843195,-25.));
#1410=CARTESIAN_POINT('Ctrl Pts',(-1.26304467443868,-6.12129484476919,-25.));
#1411=CARTESIAN_POINT('Ctrl Pts',(-1.24011605529567,-6.12601963321472,-25.));
#1412=CARTESIAN_POINT('Ctrl Pts',(-1.21715862345405,-6.13061394733776,-25.));
#1413=CARTESIAN_POINT('Ctrl Pts',(-1.19418456453107,-6.13507580195692,-25.));
#1414=CARTESIAN_POINT('Ctrl Pts',(-1.02394516481762,-6.16813845991044,-25.));
#1415=CARTESIAN_POINT('Ctrl Pts',(-0.852624887403266,-6.19396722957624,
-25.));
#1416=CARTESIAN_POINT('Ctrl Pts',(-0.680693859555767,-6.21265705522543,
-25.));
#1417=CARTESIAN_POINT('Ctrl Pts',(-0.499196190837277,-6.23238682609083,
-25.));
#1418=CARTESIAN_POINT('Ctrl Pts',(-0.317017208556789,-6.24416158498891,
-25.));
#1419=CARTESIAN_POINT('Ctrl Pts',(-0.134694175001303,-6.24803357511347,
-25.));
#1420=CARTESIAN_POINT('Ctrl Pts',(0.0405889578628724,-6.25175605902688,
-25.));
#1421=CARTESIAN_POINT('Ctrl Pts',(0.216006039589494,-6.24817391067852,-25.));
#1422=CARTESIAN_POINT('Ctrl Pts',(0.391082241000805,-6.23728067643135,-25.));
#1423=CARTESIAN_POINT('Ctrl Pts',(0.56475009669573,-6.22647506939832,-25.));
#1424=CARTESIAN_POINT('Ctrl Pts',(0.738083248826398,-6.20847546060133,-25.));
#1425=CARTESIAN_POINT('Ctrl Pts',(0.910609717654427,-6.18322524806724,-25.));
#1426=CARTESIAN_POINT('Ctrl Pts',(0.962389776340097,-6.17564694720869,-25.));
#1427=CARTESIAN_POINT('Ctrl Pts',(1.01409707296202,-6.16741519174829,-25.));
#1428=CARTESIAN_POINT('Ctrl Pts',(1.06571854810645,-6.15852756959508,-25.));
#1429=CARTESIAN_POINT('Ctrl Pts',(1.10083419694446,-6.15248174045782,-25.));
#1430=CARTESIAN_POINT('Ctrl Pts',(1.13591012916926,-6.14613240465861,-25.));
#1431=CARTESIAN_POINT('Ctrl Pts',(1.17094218603902,-6.13947869499313,-25.));
#1432=CARTESIAN_POINT('Ctrl Pts',(1.191635935655,-6.13554828912668,-25.));
#1433=CARTESIAN_POINT('Ctrl Pts',(1.21230518373431,-6.13151341514733,-25.));
#1434=CARTESIAN_POINT('Ctrl Pts',(1.23294778843301,-6.12737444219189,-25.));
#1435=CARTESIAN_POINT('Ctrl Pts',(1.32071975319429,-6.10977560746657,-25.));
#1436=CARTESIAN_POINT('Ctrl Pts',(1.40801799763016,-6.0902934916735,-25.));
#1437=CARTESIAN_POINT('Ctrl Pts',(1.49478102168185,-6.06893475196196,-25.));
#1438=CARTESIAN_POINT('Ctrl Pts',(1.66517227840492,-6.02698897446922,-25.));
#1439=CARTESIAN_POINT('Ctrl Pts',(1.83349989066086,-5.97780889197625,-25.));
#1440=CARTESIAN_POINT('Ctrl Pts',(1.99937348075678,-5.92167627949556,-25.));
#1441=CARTESIAN_POINT('Ctrl Pts',(2.16555706946997,-5.86543876163336,-25.));
#1442=CARTESIAN_POINT('Ctrl Pts',(2.32927810945289,-5.80222237662134,-25.));
#1443=CARTESIAN_POINT('Ctrl Pts',(2.49013129768052,-5.73225863871297,-25.));
#1444=CARTESIAN_POINT('Ctrl Pts',(2.65053440296385,-5.66249066618233,-25.));
#1445=CARTESIAN_POINT('Ctrl Pts',(2.80808632292392,-5.58601270098898,-25.));
#1446=CARTESIAN_POINT('Ctrl Pts',(2.96236282604589,-5.50300790592797,-25.));
#1447=CARTESIAN_POINT('Ctrl Pts',(3.11663932916786,-5.42000311086696,-25.));
#1448=CARTESIAN_POINT('Ctrl Pts',(3.26764107515752,-5.33047117335297,-25.));
#1449=CARTESIAN_POINT('Ctrl Pts',(3.41491173774809,-5.23455367754167,-25.));
#1450=CARTESIAN_POINT('Ctrl Pts',(3.92307105627709,4.86538934592093,0.937499999173012));
#1451=CARTESIAN_POINT('Ctrl Pts',(4.67822637075178,4.25649091116499,0.860305058699283));
#1452=CARTESIAN_POINT('Ctrl Pts',(5.89945746618919,2.68132192626429,0.705915177751825));
#1453=CARTESIAN_POINT('Ctrl Pts',(6.47544318250213,-0.253094805913435,0.474330356330637));
#1454=CARTESIAN_POINT('Ctrl Pts',(5.67245970947249,-3.13342325962544,0.242745534909449));
#1455=CARTESIAN_POINT('Ctrl Pts',(3.66174161908063,-5.34672518735061,0.0111607134882614));
#1456=CARTESIAN_POINT('Ctrl Pts',(0.871317592341004,-6.42155468650126,-0.220424107932926));
#1457=CARTESIAN_POINT('Ctrl Pts',(-2.10461610986842,-6.12912906915442,-0.452008929354114));
#1458=CARTESIAN_POINT('Ctrl Pts',(-4.63244437808669,-4.53167157985527,-0.683593750775302));
#1459=CARTESIAN_POINT('Ctrl Pts',(-6.17391682764774,-1.96933441105738,-0.915178572196489));
#1460=CARTESIAN_POINT('Ctrl Pts',(-6.40084954251985,1.0123256324022,-1.14676339361768));
#1461=CARTESIAN_POINT('Ctrl Pts',(-5.2648671571655,3.77842172860386,-1.37834821503886));
#1462=CARTESIAN_POINT('Ctrl Pts',(-3.00796434091237,5.74005096715314,-1.60993303646005));
#1463=CARTESIAN_POINT('Ctrl Pts',(-0.110417467207495,6.47941764661143,-1.84151785788124));
#1464=CARTESIAN_POINT('Ctrl Pts',(2.81024185815783,5.8393699002554,-2.07310267930243));
#1465=CARTESIAN_POINT('Ctrl Pts',(5.13344302431106,3.95558823710067,-2.30468750072362));
#1466=CARTESIAN_POINT('Ctrl Pts',(6.3616794954316,1.23051458496692,-2.5362723221448));
#1467=CARTESIAN_POINT('Ctrl Pts',(6.22628342422269,-2.09070710555795,-2.79358879039057));
#1468=CARTESIAN_POINT('Ctrl Pts',(4.16821065256102,-5.20256747457785,-3.07663690546091));
#1469=CARTESIAN_POINT('Ctrl Pts',(0.362360461814003,-6.65524748223327,-3.38541666735583));
#1470=CARTESIAN_POINT('Ctrl Pts',(-3.57696738727686,-5.62628081517177,-3.69419642925074));
#1471=CARTESIAN_POINT('Ctrl Pts',(-6.18141400922523,-2.4960992410846,-4.00297619114566));
#1472=CARTESIAN_POINT('Ctrl Pts',(-6.47977013791994,1.57059044958221,-4.31175595304057));
#1473=CARTESIAN_POINT('Ctrl Pts',(-4.59278327610191,4.64988950844275,-4.58622685250273));
#1474=CARTESIAN_POINT('Ctrl Pts',(-1.12112450535679,6.58152355712301,-4.89500661439764));
#1475=CARTESIAN_POINT('Ctrl Pts',(3.06120518936646,6.11075925641808,-5.20378637629256));
#1476=CARTESIAN_POINT('Ctrl Pts',(6.08442302692506,2.71803942863558,-5.54687500062025));
#1477=CARTESIAN_POINT('Ctrl Pts',(6.53323046752088,-1.32019025870904,-5.85565476251516));
#1478=CARTESIAN_POINT('Ctrl Pts',(4.54436916738849,-4.87837892179105,-6.16443452441008));
#1479=CARTESIAN_POINT('Ctrl Pts',(0.859189507915406,-6.60979494353183,-6.473214286305));
#1480=CARTESIAN_POINT('Ctrl Pts',(-3.14651841724379,-5.87700346916179,-6.78199404819991));
#1481=CARTESIAN_POINT('Ctrl Pts',(-5.97795146512006,-2.94955398673497,-7.09077381009483));
#1482=CARTESIAN_POINT('Ctrl Pts',(-6.57825747973423,1.07805593795733,-7.39955357198975));
#1483=CARTESIAN_POINT('Ctrl Pts',(-4.72346519722976,4.70351545892966,-7.70833333388466));
#1484=CARTESIAN_POINT('Ctrl Pts',(-1.10565982613012,6.57249892932371,-8.01711309577958));
#1485=CARTESIAN_POINT('Ctrl Pts',(2.9246030006062,5.99212968473744,-8.3258928576745));
#1486=CARTESIAN_POINT('Ctrl Pts',(5.86335882984588,3.17082914954455,-8.63467261956941));
#1487=CARTESIAN_POINT('Ctrl Pts',(6.61395236505908,-0.831021668467054,-8.94345238146433));
#1488=CARTESIAN_POINT('Ctrl Pts',(4.89504186470399,-4.52302128377962,-9.25223214335925));
#1489=CARTESIAN_POINT('Ctrl Pts',(1.35239836617431,-6.52925421631813,-9.56101190525416));
#1490=CARTESIAN_POINT('Ctrl Pts',(-2.69976205967142,-6.09487891496115,-9.86979166714909));
#1491=CARTESIAN_POINT('Ctrl Pts',(-5.23137222023238,-3.83989266449472,-10.1271081353948));
#1492=CARTESIAN_POINT('Ctrl Pts',(-6.19313110278438,-1.40207421669228,-10.3329613099915));
#1493=CARTESIAN_POINT('Ctrl Pts',(-6.37390598383841,1.20383001440333,-10.5388144845881));
#1494=CARTESIAN_POINT('Ctrl Pts',(-4.89096402054941,4.77233185658416,-10.8304398152666));
#1495=CARTESIAN_POINT('Ctrl Pts',(-1.09657047258748,6.58882497245976,-11.1392195771615));
#1496=CARTESIAN_POINT('Ctrl Pts',(3.25632163234455,5.82577530410954,-11.4823082014892));
#1497=CARTESIAN_POINT('Ctrl Pts',(6.55667849389424,2.50167522189957,-11.8253968258169));
#1498=CARTESIAN_POINT('Ctrl Pts',(6.26316549308059,-3.1415231144411,-12.2371031750101));
#1499=CARTESIAN_POINT('Ctrl Pts',(2.29484364694645,-6.43419492117758,-12.6145006617706));
#1500=CARTESIAN_POINT('Ctrl Pts',(-2.23805461719451,-6.27661956582738,-12.9575892860982));
#1501=CARTESIAN_POINT('Ctrl Pts',(-5.47016967430779,-3.80960906249918,-13.2663690479932));
#1502=CARTESIAN_POINT('Ctrl Pts',(-6.66618962501646,0.0865105397789442,
-13.5751488098881));
#1503=CARTESIAN_POINT('Ctrl Pts',(-5.37119113591356,3.94681573825517,-13.883928571783));
#1504=CARTESIAN_POINT('Ctrl Pts',(-2.07397837394268,6.33562192753559,-14.1927083336779));
#1505=CARTESIAN_POINT('Ctrl Pts',(2.00073417162282,6.35916316807272,-14.5014880955728));
#1506=CARTESIAN_POINT('Ctrl Pts',(5.32219871303313,4.00958685237362,-14.8102678574678));
#1507=CARTESIAN_POINT('Ctrl Pts',(6.82175340732443,-0.263908495726314,-15.1533564817954));
#1508=CARTESIAN_POINT('Ctrl Pts',(4.87388668621179,-5.0487742471188,-15.5307539685559));
#1509=CARTESIAN_POINT('Ctrl Pts',(-0.425551608606305,-6.99261546122248,
-15.9424603177491));
#1510=CARTESIAN_POINT('Ctrl Pts',(-5.01517106936517,-4.63975501896744,-16.3198578045096));
#1511=CARTESIAN_POINT('Ctrl Pts',(-6.64967182977552,-0.408766618829707,
-16.6629464288373));
#1512=CARTESIAN_POINT('Ctrl Pts',(-5.65526981463035,3.53230663222154,-16.9717261907322));
#1513=CARTESIAN_POINT('Ctrl Pts',(-2.5393412622613,6.16461158139234,-17.2805059526271));
#1514=CARTESIAN_POINT('Ctrl Pts',(1.17842086895545,6.4609032512608,-17.5635540676974));
#1515=CARTESIAN_POINT('Ctrl Pts',(4.15209348649355,4.97468478297019,-17.8208705359432));
#1516=CARTESIAN_POINT('Ctrl Pts',(5.94388314110676,2.58211487866207,-18.0524553573644));
#1517=CARTESIAN_POINT('Ctrl Pts',(6.47034300696787,-0.362068779405126,-18.2840401787856));
#1518=CARTESIAN_POINT('Ctrl Pts',(5.61888493860562,-3.22840437568462,-18.5156250002068));
#1519=CARTESIAN_POINT('Ctrl Pts',(3.57146088193166,-5.40750059988704,-18.7472098216279));
#1520=CARTESIAN_POINT('Ctrl Pts',(0.762795374602954,-6.43556983822133,-18.9787946430491));
#1521=CARTESIAN_POINT('Ctrl Pts',(-2.20642204287539,-6.0923418134995,-19.2103794644703));
#1522=CARTESIAN_POINT('Ctrl Pts',(-4.9878779538731,-4.2724648865257,-19.4676959327161));
#1523=CARTESIAN_POINT('Ctrl Pts',(-6.60283413706437,-0.910000080315345,
-19.7507440477864));
#1524=CARTESIAN_POINT('Ctrl Pts',(-5.90055370579561,3.10306626496598,-20.0595238096813));
#1525=CARTESIAN_POINT('Ctrl Pts',(-3.23709582438629,5.71682963565378,-20.3425719247517));
#1526=CARTESIAN_POINT('Ctrl Pts',(-0.000917751258007018,6.47952778251557,
-20.5998883929975));
#1527=CARTESIAN_POINT('Ctrl Pts',(2.90778142919202,5.79180584182033,-20.8314732144186));
#1528=CARTESIAN_POINT('Ctrl Pts',(5.19892842502961,3.86865268452475,-21.0630580358398));
#1529=CARTESIAN_POINT('Ctrl Pts',(6.38228938011218,1.12289807151385,-21.294642857261));
#1530=CARTESIAN_POINT('Ctrl Pts',(6.20704792668366,-1.86240239384971,-21.5262276786822));
#1531=CARTESIAN_POINT('Ctrl Pts',(4.7100258274833,-4.4509296054359,-21.7578125001034));
#1532=CARTESIAN_POINT('Ctrl Pts',(2.21020517786884,-6.09185285033083,-21.9893973215246));
#1533=CARTESIAN_POINT('Ctrl Pts',(-0.76024946388575,-6.43564445338651,-22.2209821429458));
#1534=CARTESIAN_POINT('Ctrl Pts',(-3.56881737631212,-5.4091697572007,-22.452566964367));
#1535=CARTESIAN_POINT('Ctrl Pts',(-5.61751509742417,-3.23095806475203,-22.6841517857881));
#1536=CARTESIAN_POINT('Ctrl Pts',(-6.47012205518897,-0.364810951849624,
-22.9157366072093));
#1537=CARTESIAN_POINT('Ctrl Pts',(-5.94510333554113,2.57901529299219,-23.1473214286305));
#1538=CARTESIAN_POINT('Ctrl Pts',(-4.15424709347334,4.9737120184229,-23.3789062500517));
#1539=CARTESIAN_POINT('Ctrl Pts',(-1.47886080574559,6.30940590997101,-23.6104910714729));
#1540=CARTESIAN_POINT('Ctrl Pts',(1.5113970338953,6.30168554008837,-23.8420758928941));
#1541=CARTESIAN_POINT('Ctrl Pts',(4.17985996543981,4.95223087754617,-24.0736607143153));
#1542=CARTESIAN_POINT('Ctrl Pts',(5.95829540813888,2.54830479334889,-24.3052455357365));
#1543=CARTESIAN_POINT('Ctrl Pts',(6.46814976392251,-0.398069773836752,-24.5368303571576));
#1544=CARTESIAN_POINT('Ctrl Pts',(5.60056909913129,-3.25986374054847,-24.7684151785788));
#1545=CARTESIAN_POINT('Ctrl Pts',(4.22741727274533,-4.70451485861422,-24.9228050595263));
#1546=CARTESIAN_POINT('Ctrl Pts',(3.41496462392486,-5.23455027842332,-25.));
#1547=CARTESIAN_POINT('Ctrl Pts',(4.11137846697858,5.09892803452538,0.624999999448419));
#1548=CARTESIAN_POINT('Ctrl Pts',(4.9027812365481,4.46080247490112,0.54780505897469));
#1549=CARTESIAN_POINT('Ctrl Pts',(6.18263142456656,2.81002537872511,0.393415178027232));
#1550=CARTESIAN_POINT('Ctrl Pts',(6.78626445526255,-0.265243356597295,0.161830356606044));
#1551=CARTESIAN_POINT('Ctrl Pts',(5.94473777552745,-3.28382757608762,-0.0697544648151441));
#1552=CARTESIAN_POINT('Ctrl Pts',(3.83750521679668,-5.6033679963437,-0.301339286236332));
#1553=CARTESIAN_POINT('Ctrl Pts',(0.913140836773419,-6.72978931145364,-0.53292410765752));
#1554=CARTESIAN_POINT('Ctrl Pts',(-2.20563768314222,-6.42332726447414,-0.764508929078707));
#1555=CARTESIAN_POINT('Ctrl Pts',(-4.85480170823509,-4.74919181568855,-0.996093750499895));
#1556=CARTESIAN_POINT('Ctrl Pts',(-6.47026483537514,-2.06386246278824,-1.22767857192108));
#1557=CARTESIAN_POINT('Ctrl Pts',(-6.70809032056113,1.06091726275756,-1.45926339334227));
#1558=CARTESIAN_POINT('Ctrl Pts',(-5.51758078070971,3.95978597157703,-1.69084821476346));
#1559=CARTESIAN_POINT('Ctrl Pts',(-3.15234662927631,6.01557341357678,-1.92243303618465));
#1560=CARTESIAN_POINT('Ctrl Pts',(-0.11571750563346,6.7904296936491,-2.15401785760583));
#1561=CARTESIAN_POINT('Ctrl Pts',(2.94513346734955,6.11965965546795,-2.38560267902702));
#1562=CARTESIAN_POINT('Ctrl Pts',(5.37984828947825,4.1454564724817,-2.61718750044821));
#1563=CARTESIAN_POINT('Ctrl Pts',(6.66704011121263,1.2895792850454,-2.8487723218694));
#1564=CARTESIAN_POINT('Ctrl Pts',(6.52514502858569,-2.19106104662484,-3.10608879011516));
#1565=CARTESIAN_POINT('Ctrl Pts',(4.36828476388416,-5.45229071335784,-3.3891369051855));
#1566=CARTESIAN_POINT('Ctrl Pts',(0.37975376398109,-6.97469936138079,-3.69791666708042));
#1567=CARTESIAN_POINT('Ctrl Pts',(-3.74866182186633,-5.89634229430029,-4.00669642897533));
#1568=CARTESIAN_POINT('Ctrl Pts',(-6.47812188166834,-2.61591200465679,-4.31547619087025));
#1569=CARTESIAN_POINT('Ctrl Pts',(-6.79079910454042,1.64597879116223,-4.62425595276517));
#1570=CARTESIAN_POINT('Ctrl Pts',(-4.81323687335503,4.87308420484824,-4.89872685222732));
#1571=CARTESIAN_POINT('Ctrl Pts',(-1.17493848161397,6.89743668786524,-5.20750661412223));
#1572=CARTESIAN_POINT('Ctrl Pts',(3.2081430384562,6.40407570072646,-5.51628637601715));
#1573=CARTESIAN_POINT('Ctrl Pts',(6.37647533221776,2.84850532121022,-5.85937500034484));
#1574=CARTESIAN_POINT('Ctrl Pts',(6.84682552996222,-1.38355939112714,-6.16815476223975));
#1575=CARTESIAN_POINT('Ctrl Pts',(4.76249888742336,-5.11254111003726,-6.47693452413467));
#1576=CARTESIAN_POINT('Ctrl Pts',(0.90043060429539,-6.92706510082169,-6.78571428602959));
#1577=CARTESIAN_POINT('Ctrl Pts',(-3.29755130127166,-6.15909963568185,-7.09449404792451));
#1578=CARTESIAN_POINT('Ctrl Pts',(-6.26489313544612,-3.0911325780984,-7.40327380981943));
#1579=CARTESIAN_POINT('Ctrl Pts',(-6.89401383876181,1.12980262297934,-7.71205357171434));
#1580=CARTESIAN_POINT('Ctrl Pts',(-4.95019152669703,4.92928420095851,-8.02083333360926));
#1581=CARTESIAN_POINT('Ctrl Pts',(-1.15873149778442,6.88797887793157,-8.32961309550417));
#1582=CARTESIAN_POINT('Ctrl Pts',(3.06498394463544,6.27975190960514,-8.63839285739909));
#1583=CARTESIAN_POINT('Ctrl Pts',(6.14480005367877,3.32302894872285,-8.94717261929401));
#1584=CARTESIAN_POINT('Ctrl Pts',(6.93142207858225,-0.870910708553513,-9.25595238118893));
#1585=CARTESIAN_POINT('Ctrl Pts',(5.13000387421002,-4.74012630540127,-9.56473214308384));
#1586=CARTESIAN_POINT('Ctrl Pts',(1.41731348775075,-6.84265841870173,-9.87351190497876));
#1587=CARTESIAN_POINT('Ctrl Pts',(-2.82935063853578,-6.38743310287959,-10.1822916668737));
#1588=CARTESIAN_POINT('Ctrl Pts',(-5.48247808680379,-4.02420751239065,-10.4396081351194));
#1589=CARTESIAN_POINT('Ctrl Pts',(-6.49040139571834,-1.46937377909358,-10.6454613097161));
#1590=CARTESIAN_POINT('Ctrl Pts',(-6.67985347106297,1.26161385509475,-10.8513144843127));
#1591=CARTESIAN_POINT('Ctrl Pts',(-5.12573029353603,5.00140378570044,-11.1429398149912));
#1592=CARTESIAN_POINT('Ctrl Pts',(-1.14920585527173,6.90508857113815,-11.4517195768861));
#1593=CARTESIAN_POINT('Ctrl Pts',(3.41262507069725,6.10541251870708,-11.7948082012138));
#1594=CARTESIAN_POINT('Ctrl Pts',(6.87139906160149,2.62175563255088,-12.1378968255415));
#1595=CARTESIAN_POINT('Ctrl Pts',(6.56379743674878,-3.29231622393443,-12.5496031747347));
#1596=CARTESIAN_POINT('Ctrl Pts',(2.404996142,-6.74303627739442,-12.9270006614952));
#1597=CARTESIAN_POINT('Ctrl Pts',(-2.34548123881996,-6.57789730498741,-13.2700892858228));
#1598=CARTESIAN_POINT('Ctrl Pts',(-5.73273781867483,-3.99247029749933,-13.5788690477178));
#1599=CARTESIAN_POINT('Ctrl Pts',(-6.98616672701759,0.0906630456883432,
-13.8876488096127));
#1600=CARTESIAN_POINT('Ctrl Pts',(-5.62900831043768,4.13626289369161,-14.1964285715076));
#1601=CARTESIAN_POINT('Ctrl Pts',(-2.17352933589203,6.63973178005762,-14.5052083334025));
#1602=CARTESIAN_POINT('Ctrl Pts',(2.09676941186082,6.66440300014052,-14.8139880952974));
#1603=CARTESIAN_POINT('Ctrl Pts',(5.57766425125899,4.20204702128775,-15.1227678571923));
#1604=CARTESIAN_POINT('Ctrl Pts',(7.14919757087634,-0.276576103521191,-15.46585648152));
#1605=CARTESIAN_POINT('Ctrl Pts',(5.1078332471502,-5.29111541098075,-15.8432539682805));
#1606=CARTESIAN_POINT('Ctrl Pts',(-0.445978085819428,-7.32826100336151,
-16.2549603174737));
#1607=CARTESIAN_POINT('Ctrl Pts',(-5.25589928069496,-4.86246325987811,-16.6323578042342));
#1608=CARTESIAN_POINT('Ctrl Pts',(-6.96885607760508,-0.428387416533552,
-16.9754464285619));
#1609=CARTESIAN_POINT('Ctrl Pts',(-5.92672276573289,3.70185735056835,-17.2842261904568));
#1610=CARTESIAN_POINT('Ctrl Pts',(-2.66122964284997,6.46051293729948,-17.5930059523517));
#1611=CARTESIAN_POINT('Ctrl Pts',(1.23498507066537,6.77102660732165,-17.876054067422));
#1612=CARTESIAN_POINT('Ctrl Pts',(4.35139397384545,5.21346965255301,-18.1333705356678));
#1613=CARTESIAN_POINT('Ctrl Pts',(6.22918953188018,2.70605639283798,-18.364955357089));
#1614=CARTESIAN_POINT('Ctrl Pts',(6.78091947130265,-0.379448080816588,-18.5965401785102));
#1615=CARTESIAN_POINT('Ctrl Pts',(5.88859141565897,-3.38336778571764,-18.8281249999313));
#1616=CARTESIAN_POINT('Ctrl Pts',(3.74289100426456,-5.6670606286819,-19.0597098213525));
#1617=CARTESIAN_POINT('Ctrl Pts',(0.799409552583934,-6.74447719045628,-19.2912946427737));
#1618=CARTESIAN_POINT('Ctrl Pts',(-2.31233030093352,-6.38477422054778,-19.5228794641949));
#1619=CARTESIAN_POINT('Ctrl Pts',(-5.22729609565927,-4.47754320107915,-19.7801959324407));
#1620=CARTESIAN_POINT('Ctrl Pts',(-6.91977017564379,-0.953680084170526,
-20.063244047511));
#1621=CARTESIAN_POINT('Ctrl Pts',(-6.18378028367409,3.2520134456845,-20.3720238094059));
#1622=CARTESIAN_POINT('Ctrl Pts',(-3.39247642395699,5.99123745816545,-20.6550719244763));
#1623=CARTESIAN_POINT('Ctrl Pts',(-0.000961803318388799,6.79054511607664,
-20.912388392722));
#1624=CARTESIAN_POINT('Ctrl Pts',(3.04735493779338,6.06981252222799,-21.1439732141432));
#1625=CARTESIAN_POINT('Ctrl Pts',(5.44847698943128,4.05434801338213,-21.3755580355644));
#1626=CARTESIAN_POINT('Ctrl Pts',(6.68863927035789,1.17679717894657,-21.6071428569856));
#1627=CARTESIAN_POINT('Ctrl Pts',(6.50498622716479,-1.95179770875458,-21.8387276784068));
#1628=CARTESIAN_POINT('Ctrl Pts',(4.93610706720273,-4.66457422649705,-22.070312499828));
#1629=CARTESIAN_POINT('Ctrl Pts',(2.31629502640666,-6.38426178714701,-22.3018973212492));
#1630=CARTESIAN_POINT('Ctrl Pts',(-0.796741438152303,-6.74455538714938,
-22.5334821426704));
#1631=CARTESIAN_POINT('Ctrl Pts',(-3.74012061037528,-5.6688099055466,-22.7650669640916));
#1632=CARTESIAN_POINT('Ctrl Pts',(-5.88715582210081,-3.38604405186029,-22.9966517855127));
#1633=CARTESIAN_POINT('Ctrl Pts',(-6.78068791383836,-0.382321877538425,
-23.2282366069339));
#1634=CARTESIAN_POINT('Ctrl Pts',(-6.2304682956474,2.70280802705594,-23.4598214283551));
#1635=CARTESIAN_POINT('Ctrl Pts',(-4.35365095396027,5.21245019530745,-23.6914062497763));
#1636=CARTESIAN_POINT('Ctrl Pts',(-1.54984612442145,6.61225739364994,-23.9229910711975));
#1637=CARTESIAN_POINT('Ctrl Pts',(1.58394409152235,6.60416644601292,-24.1545758926187));
#1638=CARTESIAN_POINT('Ctrl Pts',(4.38049324378113,5.18993795966863,-24.3861607140399));
#1639=CARTESIAN_POINT('Ctrl Pts',(6.24429358772985,2.67062342342977,-24.617745535461));
#1640=CARTESIAN_POINT('Ctrl Pts',(6.77862095259111,-0.417177122980936,-24.8493303568822));
#1641=CARTESIAN_POINT('Ctrl Pts',(5.86939641588988,-3.41633720009496,-25.0809151783034));
#1642=CARTESIAN_POINT('Ctrl Pts',(4.43033330183731,-4.93033157182794,-25.2353050592509));
#1643=CARTESIAN_POINT('Ctrl Pts',(3.57888292587342,-5.48580869178791,-25.3124999997246));
#1644=CARTESIAN_POINT('Ctrl Pts',(4.29968587768008,5.33246672312983,0.312499999723826));
#1645=CARTESIAN_POINT('Ctrl Pts',(5.12733610234442,4.66511403863726,0.235305059250097));
#1646=CARTESIAN_POINT('Ctrl Pts',(6.46580538294394,2.93872883118593,0.0809151783026384));
#1647=CARTESIAN_POINT('Ctrl Pts',(7.09708572802298,-0.277391907281149,-0.150669643118549));
#1648=CARTESIAN_POINT('Ctrl Pts',(6.21701584158241,-3.4342318925498,-0.382254464539737));
#1649=CARTESIAN_POINT('Ctrl Pts',(4.01326881451274,-5.8600108053368,-0.613839285960925));
#1650=CARTESIAN_POINT('Ctrl Pts',(0.954964081205824,-7.03802393640603,-0.845424107382113));
#1651=CARTESIAN_POINT('Ctrl Pts',(-2.306659256416,-6.71752545979386,-1.0770089288033));
#1652=CARTESIAN_POINT('Ctrl Pts',(-5.07715903838348,-4.96671205152184,-1.30859375022449));
#1653=CARTESIAN_POINT('Ctrl Pts',(-6.76661284310254,-2.15839051451909,-1.54017857164568));
#1654=CARTESIAN_POINT('Ctrl Pts',(-7.0153310986024,1.10950889311292,-1.77176339306686));
#1655=CARTESIAN_POINT('Ctrl Pts',(-5.77029440425391,4.14115021455021,-2.00334821448805));
#1656=CARTESIAN_POINT('Ctrl Pts',(-3.29672891764026,6.29109586000042,-2.23493303590924));
#1657=CARTESIAN_POINT('Ctrl Pts',(-0.121017544059426,7.10144174068678,-2.46651785733043));
#1658=CARTESIAN_POINT('Ctrl Pts',(3.08002507654126,6.3999494106805,-2.69810267875161));
#1659=CARTESIAN_POINT('Ctrl Pts',(5.62625355464544,4.33532470786273,-2.9296875001728));
#1660=CARTESIAN_POINT('Ctrl Pts',(6.97240072699367,1.34864398512387,-3.16127232159399));
#1661=CARTESIAN_POINT('Ctrl Pts',(6.82400663294869,-2.29141498769173,-3.41858878983976));
#1662=CARTESIAN_POINT('Ctrl Pts',(4.56835887520729,-5.70201395213784,-3.70163690491009));
#1663=CARTESIAN_POINT('Ctrl Pts',(0.397147066148185,-7.29415124052833,-4.01041666680501));
#1664=CARTESIAN_POINT('Ctrl Pts',(-3.9203562564558,-6.16640377342882,-4.31919642869993));
#1665=CARTESIAN_POINT('Ctrl Pts',(-6.77482975411147,-2.73572476822898,-4.62797619059485));
#1666=CARTESIAN_POINT('Ctrl Pts',(-7.1018280711609,1.72136713274226,-4.93675595248976));
#1667=CARTESIAN_POINT('Ctrl Pts',(-5.03369047060815,5.09627890125372,-5.21122685195191));
#1668=CARTESIAN_POINT('Ctrl Pts',(-1.22875245787115,7.21334981860748,-5.52000661384683));
#1669=CARTESIAN_POINT('Ctrl Pts',(3.35508088754594,6.69739214503483,-5.82878637574174));
#1670=CARTESIAN_POINT('Ctrl Pts',(6.66852763751048,2.97897121378487,-6.17187500006943));
#1671=CARTESIAN_POINT('Ctrl Pts',(7.16042059240354,-1.44692852354524,-6.48065476196435));
#1672=CARTESIAN_POINT('Ctrl Pts',(4.98062860745824,-5.34670329828347,-6.78943452385926));
#1673=CARTESIAN_POINT('Ctrl Pts',(0.941671700675368,-7.24433525811155,-7.09821428575418));
#1674=CARTESIAN_POINT('Ctrl Pts',(-3.44858418529951,-6.44119580220192,-7.40699404764909));
#1675=CARTESIAN_POINT('Ctrl Pts',(-6.55183480577219,-3.23271116946182,-7.71577380954402));
#1676=CARTESIAN_POINT('Ctrl Pts',(-7.20977019778938,1.18154930800134,-8.02455357143893));
#1677=CARTESIAN_POINT('Ctrl Pts',(-5.1769178561643,5.15505294298738,-8.33333333333385));
#1678=CARTESIAN_POINT('Ctrl Pts',(-1.21180316943872,7.20345882653944,-8.64211309522877));
#1679=CARTESIAN_POINT('Ctrl Pts',(3.20536488866469,6.56737413447284,-8.95089285712368));
#1680=CARTESIAN_POINT('Ctrl Pts',(6.42624127751167,3.47522874790115,-9.2596726190186));
#1681=CARTESIAN_POINT('Ctrl Pts',(7.24889179210542,-0.910799748639977,-9.56845238091352));
#1682=CARTESIAN_POINT('Ctrl Pts',(5.36496588371606,-4.95723132702292,-9.87723214280843));
#1683=CARTESIAN_POINT('Ctrl Pts',(1.48222860932718,-7.15606262108533,-10.1860119047034));
#1684=CARTESIAN_POINT('Ctrl Pts',(-2.95893921740014,-6.67998729079803,-10.4947916665983));
#1685=CARTESIAN_POINT('Ctrl Pts',(-5.73358395337521,-4.2085223602866,-10.752108134844));
#1686=CARTESIAN_POINT('Ctrl Pts',(-6.7876716886523,-1.53667334149488,-10.9579613094406));
#1687=CARTESIAN_POINT('Ctrl Pts',(-6.98580095828754,1.31939769578617,-11.1638144840373));
#1688=CARTESIAN_POINT('Ctrl Pts',(-5.36049656652264,5.23047571481672,-11.4554398147158));
#1689=CARTESIAN_POINT('Ctrl Pts',(-1.20184123795598,7.22135216981655,-11.7642195766107));
#1690=CARTESIAN_POINT('Ctrl Pts',(3.56892850904996,6.38504973330464,-12.1073082009384));
#1691=CARTESIAN_POINT('Ctrl Pts',(7.18611962930875,2.74183604320218,-12.4503968252661));
#1692=CARTESIAN_POINT('Ctrl Pts',(6.86442938041695,-3.44310933342775,-12.8621031744593));
#1693=CARTESIAN_POINT('Ctrl Pts',(2.51514863705354,-7.05187763361127,-13.2395006612197));
#1694=CARTESIAN_POINT('Ctrl Pts',(-2.4529078604454,-6.87917504414744,-13.5825892855474));
#1695=CARTESIAN_POINT('Ctrl Pts',(-5.99530596304189,-4.17533153249948,-13.8913690474424));
#1696=CARTESIAN_POINT('Ctrl Pts',(-7.30614382901871,0.0948155515977281,
-14.2001488093373));
#1697=CARTESIAN_POINT('Ctrl Pts',(-5.88682548496181,4.32571004912807,-14.5089285712322));
#1698=CARTESIAN_POINT('Ctrl Pts',(-2.27308029784138,6.94384163257964,-14.8177083331271));
#1699=CARTESIAN_POINT('Ctrl Pts',(2.19280465209881,6.96964283220833,-15.126488095022));
#1700=CARTESIAN_POINT('Ctrl Pts',(5.83312978948485,4.39450719020188,-15.4352678569169));
#1701=CARTESIAN_POINT('Ctrl Pts',(7.47664173442825,-0.289243711316065,-15.7783564812446));
#1702=CARTESIAN_POINT('Ctrl Pts',(5.34177980808861,-5.53345657484271,-16.1557539680051));
#1703=CARTESIAN_POINT('Ctrl Pts',(-0.46640456303255,-7.66390654550054,-16.5674603171983));
#1704=CARTESIAN_POINT('Ctrl Pts',(-5.49662749202474,-5.08517150078878,-16.9448578039587));
#1705=CARTESIAN_POINT('Ctrl Pts',(-7.28804032543464,-0.4480082142374,-17.2879464282864));
#1706=CARTESIAN_POINT('Ctrl Pts',(-6.19817571683543,3.87140806891516,-17.5967261901814));
#1707=CARTESIAN_POINT('Ctrl Pts',(-2.78311802343865,6.75641429320662,-17.9055059520763));
#1708=CARTESIAN_POINT('Ctrl Pts',(1.29154927237529,7.08114996338249,-18.1885540671466));
#1709=CARTESIAN_POINT('Ctrl Pts',(4.55069446119735,5.45225452213583,-18.4458705353924));
#1710=CARTESIAN_POINT('Ctrl Pts',(6.51449592265361,2.82999790701389,-18.6774553568136));
#1711=CARTESIAN_POINT('Ctrl Pts',(7.09149593563744,-0.396827382228057,-18.9090401782348));
#1712=CARTESIAN_POINT('Ctrl Pts',(6.15829789271232,-3.53833119575066,-19.140624999656));
#1713=CARTESIAN_POINT('Ctrl Pts',(3.91432112659745,-5.92662065747674,-19.3722098210771));
#1714=CARTESIAN_POINT('Ctrl Pts',(0.836023730564912,-7.05338454269122,-19.6037946424983));
#1715=CARTESIAN_POINT('Ctrl Pts',(-2.41823855899165,-6.67720662759606,-19.8353794639195));
#1716=CARTESIAN_POINT('Ctrl Pts',(-5.46671423744542,-4.68262151563259,-20.0926959321653));
#1717=CARTESIAN_POINT('Ctrl Pts',(-7.23670621422321,-0.997360088025712,
-20.3757440472356));
#1718=CARTESIAN_POINT('Ctrl Pts',(-6.46700686155258,3.40096062640302,-20.6845238091305));
#1719=CARTESIAN_POINT('Ctrl Pts',(-3.54785702352769,6.26564528067712,-20.9675719242009));
#1720=CARTESIAN_POINT('Ctrl Pts',(-0.00100585537877931,7.10156244963771,
-21.2248883924466));
#1721=CARTESIAN_POINT('Ctrl Pts',(3.18692844639474,6.34781920263566,-21.4564732138678));
#1722=CARTESIAN_POINT('Ctrl Pts',(5.69802555383297,4.24004334223952,-21.688058035289));
#1723=CARTESIAN_POINT('Ctrl Pts',(6.99498916060359,1.23069628637929,-21.9196428567102));
#1724=CARTESIAN_POINT('Ctrl Pts',(6.80292452764592,-2.04119302365947,-22.1512276781314));
#1725=CARTESIAN_POINT('Ctrl Pts',(5.16218830692217,-4.87821884755819,-22.3828124995526));
#1726=CARTESIAN_POINT('Ctrl Pts',(2.42238487494447,-6.6766707239632,-22.6143973209738));
#1727=CARTESIAN_POINT('Ctrl Pts',(-0.833233412418858,-7.05346632091226,
-22.845982142395));
#1728=CARTESIAN_POINT('Ctrl Pts',(-3.91142384443844,-5.92845005389251,-23.0775669638161));
#1729=CARTESIAN_POINT('Ctrl Pts',(-6.15679654677746,-3.54113003896855,-23.3091517852373));
#1730=CARTESIAN_POINT('Ctrl Pts',(-7.09125377248776,-0.399832803227224,
-23.5407366066585));
#1731=CARTESIAN_POINT('Ctrl Pts',(-6.51583325575368,2.8266007611197,-23.7723214280797));
#1732=CARTESIAN_POINT('Ctrl Pts',(-4.55305481444719,5.45118837219199,-24.0039062495009));
#1733=CARTESIAN_POINT('Ctrl Pts',(-1.62083144309732,6.91510887732886,-24.2354910709221));
#1734=CARTESIAN_POINT('Ctrl Pts',(1.6564911491494,6.90664735193748,-24.4670758923433));
#1735=CARTESIAN_POINT('Ctrl Pts',(4.58112652212245,5.4276450417911,-24.6986607137645));
#1736=CARTESIAN_POINT('Ctrl Pts',(6.53029176732081,2.79294205351064,-24.9302455351856));
#1737=CARTESIAN_POINT('Ctrl Pts',(7.08909214125971,-0.43628447212512,-25.1618303566068));
#1738=CARTESIAN_POINT('Ctrl Pts',(6.13822373264846,-3.57281065964146,-25.393415178028));
#1739=CARTESIAN_POINT('Ctrl Pts',(4.6332493309293,-5.15614828504166,-25.5478050589755));
#1740=CARTESIAN_POINT('Ctrl Pts',(3.74280122782199,-5.73706710515249,-25.6249999994492));
#1741=CARTESIAN_POINT('Ctrl Pts',(4.48799328838158,5.56600541173428,-7.66886554259827E-13));
#1742=CARTESIAN_POINT('Ctrl Pts',(5.35189096814074,4.86942560237339,-0.0771949404744961));
#1743=CARTESIAN_POINT('Ctrl Pts',(6.74897934132132,3.06743228364675,-0.231584821421955));
#1744=CARTESIAN_POINT('Ctrl Pts',(7.40790700078341,-0.289540457965009,-0.463169642843142));
#1745=CARTESIAN_POINT('Ctrl Pts',(6.48929390763738,-3.58463620901198,-0.69475446426433));
#1746=CARTESIAN_POINT('Ctrl Pts',(4.18903241222879,-6.1166536143299,-0.926339285685517));
#1747=CARTESIAN_POINT('Ctrl Pts',(0.99678732563824,-7.34625856135841,-1.15792410710671));
#1748=CARTESIAN_POINT('Ctrl Pts',(-2.40768082968979,-7.01172365511358,-1.38950892852789));
#1749=CARTESIAN_POINT('Ctrl Pts',(-5.29951636853187,-5.18423228735511,-1.62109374994908));
#1750=CARTESIAN_POINT('Ctrl Pts',(-7.06296085082994,-2.25291856624994,-1.85267857137027));
#1751=CARTESIAN_POINT('Ctrl Pts',(-7.32257187664367,1.15810052346827,-2.08426339279146));
#1752=CARTESIAN_POINT('Ctrl Pts',(-6.02300802779812,4.32251445752338,-2.31584821421264));
#1753=CARTESIAN_POINT('Ctrl Pts',(-3.4411112060042,6.56661830642405,-2.54743303563383));
#1754=CARTESIAN_POINT('Ctrl Pts',(-0.126317582485391,7.41245378772445,-2.77901785705502));
#1755=CARTESIAN_POINT('Ctrl Pts',(3.21491668573298,6.68023916589305,-3.01060267847621));
#1756=CARTESIAN_POINT('Ctrl Pts',(5.87265881981263,4.52519294324376,-3.2421874998974));
#1757=CARTESIAN_POINT('Ctrl Pts',(7.2777613427747,1.40770868520234,-3.47377232131858));
#1758=CARTESIAN_POINT('Ctrl Pts',(7.12286823731169,-2.39176892875861,-3.73108878956435));
#1759=CARTESIAN_POINT('Ctrl Pts',(4.76843298653043,-5.95173719091784,-4.01413690463469));
#1760=CARTESIAN_POINT('Ctrl Pts',(0.414540368315272,-7.61360311967586,-4.32291666652961));
#1761=CARTESIAN_POINT('Ctrl Pts',(-4.09205069104526,-6.43646525255734,-4.63169642842452));
#1762=CARTESIAN_POINT('Ctrl Pts',(-7.07153762655459,-2.85553753180116,-4.94047619031944));
#1763=CARTESIAN_POINT('Ctrl Pts',(-7.41285703778138,1.79675547432228,-5.24925595221436));
#1764=CARTESIAN_POINT('Ctrl Pts',(-5.25414406786127,5.31947359765921,-5.5237268516765));
#1765=CARTESIAN_POINT('Ctrl Pts',(-1.28256643412833,7.52926294934971,-5.83250661357142));
#1766=CARTESIAN_POINT('Ctrl Pts',(3.50201873663569,6.9907085893432,-6.14128637546634));
#1767=CARTESIAN_POINT('Ctrl Pts',(6.96057994280318,3.10943710635952,-6.48437499979402));
#1768=CARTESIAN_POINT('Ctrl Pts',(7.47401565484487,-1.51029765596334,-6.79315476168894));
#1769=CARTESIAN_POINT('Ctrl Pts',(5.19875832749312,-5.58086548652969,-7.10193452358385));
#1770=CARTESIAN_POINT('Ctrl Pts',(0.982912797055354,-7.5616054154014,-7.41071428547878));
#1771=CARTESIAN_POINT('Ctrl Pts',(-3.59961706932737,-6.72329196872197,-7.71949404737369));
#1772=CARTESIAN_POINT('Ctrl Pts',(-6.83877647609824,-3.37428976082525,-8.02827380926861));
#1773=CARTESIAN_POINT('Ctrl Pts',(-7.52552655681695,1.23329599302335,-8.33705357116352));
#1774=CARTESIAN_POINT('Ctrl Pts',(-5.40364418563156,5.38082168501623,-8.64583333305844));
#1775=CARTESIAN_POINT('Ctrl Pts',(-1.26487484109302,7.51893877514731,-8.95461309495336));
#1776=CARTESIAN_POINT('Ctrl Pts',(3.34574583269393,6.85499635934053,-9.26339285684827));
#1777=CARTESIAN_POINT('Ctrl Pts',(6.70768250134457,3.62742854707945,-9.57217261874319));
#1778=CARTESIAN_POINT('Ctrl Pts',(7.56636150562858,-0.950688788726436,-9.88095238063811));
#1779=CARTESIAN_POINT('Ctrl Pts',(5.5999278932221,-5.17433634864456,-10.189732142533));
#1780=CARTESIAN_POINT('Ctrl Pts',(1.54714373090361,-7.46946682346893,-10.4985119044279));
#1781=CARTESIAN_POINT('Ctrl Pts',(-3.0885277962645,-6.97254147871647,-10.8072916663229));
#1782=CARTESIAN_POINT('Ctrl Pts',(-5.98468981994663,-4.39283720818253,-11.0646081345686));
#1783=CARTESIAN_POINT('Ctrl Pts',(-7.08494198158626,-1.60397290389618,-11.2704613091652));
#1784=CARTESIAN_POINT('Ctrl Pts',(-7.2917484455121,1.37718153647759,-11.4763144837619));
#1785=CARTESIAN_POINT('Ctrl Pts',(-5.59526283950926,5.459547643933,-11.7679398144404));
#1786=CARTESIAN_POINT('Ctrl Pts',(-1.25447662064024,7.53761576849495,-12.0767195763353));
#1787=CARTESIAN_POINT('Ctrl Pts',(3.72523194740266,6.66468694790218,-12.419808200663));
#1788=CARTESIAN_POINT('Ctrl Pts',(7.500840197016,2.86191645385349,-12.7628968249907));
#1789=CARTESIAN_POINT('Ctrl Pts',(7.16506132408514,-3.59390244292109,-13.1746031741839));
#1790=CARTESIAN_POINT('Ctrl Pts',(2.62530113210708,-7.36071898982811,-13.5520006609443));
#1791=CARTESIAN_POINT('Ctrl Pts',(-2.56033448207085,-7.18045278330747,-13.895089285272));
#1792=CARTESIAN_POINT('Ctrl Pts',(-6.25787410740894,-4.35819276749963,-14.2038690471669));
#1793=CARTESIAN_POINT('Ctrl Pts',(-7.62612093101984,0.0989680575071256,
-14.5126488090619));
#1794=CARTESIAN_POINT('Ctrl Pts',(-6.14464265948592,4.51515720456451,-14.8214285709568));
#1795=CARTESIAN_POINT('Ctrl Pts',(-2.37263125979074,7.24795148510167,-15.1302083328517));
#1796=CARTESIAN_POINT('Ctrl Pts',(2.28883989233681,7.27488266427614,-15.4389880947466));
#1797=CARTESIAN_POINT('Ctrl Pts',(6.0885953277107,4.58696735911602,-15.7477678566415));
#1798=CARTESIAN_POINT('Ctrl Pts',(7.80408589798017,-0.301911319110943,-16.0908564809692));
#1799=CARTESIAN_POINT('Ctrl Pts',(5.57572636902702,-5.77579773870466,-16.4682539677297));
#1800=CARTESIAN_POINT('Ctrl Pts',(-0.486831040245675,-7.99955208763957,
-16.8799603169229));
#1801=CARTESIAN_POINT('Ctrl Pts',(-5.73735570335451,-5.30787974169944,-17.2573578036833));
#1802=CARTESIAN_POINT('Ctrl Pts',(-7.60722457326419,-0.467629011941246,
-17.600446428011));
#1803=CARTESIAN_POINT('Ctrl Pts',(-6.46962866793797,4.04095878726198,-17.9092261899059));
#1804=CARTESIAN_POINT('Ctrl Pts',(-2.90500640402731,7.05231564911376,-18.2180059518009));
#1805=CARTESIAN_POINT('Ctrl Pts',(1.34811347408521,7.39127331944333,-18.5010540668712));
#1806=CARTESIAN_POINT('Ctrl Pts',(4.74999494854925,5.69103939171865,-18.758370535117));
#1807=CARTESIAN_POINT('Ctrl Pts',(6.79980231342702,2.9539394211898,-18.9899553565382));
#1808=CARTESIAN_POINT('Ctrl Pts',(7.40207239997222,-0.414206683639519,-19.2215401779593));
#1809=CARTESIAN_POINT('Ctrl Pts',(6.42800436976567,-3.69329460578369,-19.4531249993805));
#1810=CARTESIAN_POINT('Ctrl Pts',(4.08575124893035,-6.18618068627159,-19.6847098208017));
#1811=CARTESIAN_POINT('Ctrl Pts',(0.872637908545894,-7.36229189492617,-19.9162946422229));
#1812=CARTESIAN_POINT('Ctrl Pts',(-2.52414681704977,-6.96963903464435,-20.1478794636441));
#1813=CARTESIAN_POINT('Ctrl Pts',(-5.70613237923158,-4.88769983018604,-20.4051959318899));
#1814=CARTESIAN_POINT('Ctrl Pts',(-7.55364225280263,-1.04104009188089,-20.6882440469602));
#1815=CARTESIAN_POINT('Ctrl Pts',(-6.75023343943106,3.54990780712155,-20.9970238088551));
#1816=CARTESIAN_POINT('Ctrl Pts',(-3.7032376230984,6.54005310318878,-21.2800719239255));
#1817=CARTESIAN_POINT('Ctrl Pts',(-0.00104990743916072,7.41257978319878,
-21.5373883921712));
#1818=CARTESIAN_POINT('Ctrl Pts',(3.3265019549961,6.62582588304332,-21.7689732135924));
#1819=CARTESIAN_POINT('Ctrl Pts',(5.94757411823465,4.4257386710969,-22.0005580350136));
#1820=CARTESIAN_POINT('Ctrl Pts',(7.3013390508493,1.28459539381201,-22.2321428564348));
#1821=CARTESIAN_POINT('Ctrl Pts',(7.10086282812704,-2.13058833856434,-22.463727677856));
#1822=CARTESIAN_POINT('Ctrl Pts',(5.3882695466416,-5.09186346861934,-22.6953124992772));
#1823=CARTESIAN_POINT('Ctrl Pts',(2.52847472348229,-6.96907966077938,-22.9268973206984));
#1824=CARTESIAN_POINT('Ctrl Pts',(-0.869725386685413,-7.36237725467513,
-23.1584821421195));
#1825=CARTESIAN_POINT('Ctrl Pts',(-4.0827270785016,-6.18809020223842,-23.3900669635407));
#1826=CARTESIAN_POINT('Ctrl Pts',(-6.4264372714541,-3.69621602607681,-23.6216517849619));
#1827=CARTESIAN_POINT('Ctrl Pts',(-7.40181963113715,-0.417343728916025,
-23.8532366063831));
#1828=CARTESIAN_POINT('Ctrl Pts',(-6.80119821585995,2.95039349518345,-24.0848214278043));
#1829=CARTESIAN_POINT('Ctrl Pts',(-4.75245867493412,5.68992654907654,-24.3164062492255));
#1830=CARTESIAN_POINT('Ctrl Pts',(-1.69181676177318,7.21796036100779,-24.5479910706467));
#1831=CARTESIAN_POINT('Ctrl Pts',(1.72903820677645,7.20912825786204,-24.7795758920679));
#1832=CARTESIAN_POINT('Ctrl Pts',(4.78175980046377,5.66535212391356,-25.011160713489));
#1833=CARTESIAN_POINT('Ctrl Pts',(6.81628994691178,2.91526068359151,-25.2427455349102));
#1834=CARTESIAN_POINT('Ctrl Pts',(7.39956332992832,-0.455391821269303,-25.4743303563314));
#1835=CARTESIAN_POINT('Ctrl Pts',(6.40705104940704,-3.72928411918795,-25.7059151777526));
#1836=CARTESIAN_POINT('Ctrl Pts',(4.83616536002129,-5.38196499825538,-25.8603050587001));
#1837=CARTESIAN_POINT('Ctrl Pts',(3.90671952977055,-5.98832551851707,-25.9374999991738));
#1838=CARTESIAN_POINT('Ctrl Pts',(-0.000132120252023216,-7.14996580844565,
-23.0999999950257));
#1839=CARTESIAN_POINT('Ctrl Pts',(-0.280381351513033,-7.1501930759356,-23.1194940440566));
#1840=CARTESIAN_POINT('Ctrl Pts',(-0.560604365533522,-7.13398370967734,
-23.1389880930876));
#1841=CARTESIAN_POINT('Ctrl Pts',(-0.838858983626717,-7.10111314695213,
-23.1584821421186));
#1842=CARTESIAN_POINT('Ctrl Pts',(-1.94072595062388,-6.97094823719532,-23.2356770825923));
#1843=CARTESIAN_POINT('Ctrl Pts',(-3.01172651456248,-6.57951921971646,-23.312872023066));
#1844=CARTESIAN_POINT('Ctrl Pts',(-3.9378451620238,-5.96849234828349,-23.3900669635398));
#1845=CARTESIAN_POINT('Ctrl Pts',(-4.86396380948514,-5.35746547685051,-23.4672619040135));
#1846=CARTESIAN_POINT('Ctrl Pts',(-5.64520054046919,-4.52684075146344,-23.5444568444872));
#1847=CARTESIAN_POINT('Ctrl Pts',(-6.19838263257505,-3.56504967257648,-23.6216517849609));
#1848=CARTESIAN_POINT('Ctrl Pts',(-6.7515647246809,-2.60325859368955,-23.6988467254347));
#1849=CARTESIAN_POINT('Ctrl Pts',(-7.07669217790855,-1.51030116130275,-23.7760416659084));
#1850=CARTESIAN_POINT('Ctrl Pts',(-7.13915233530951,-0.402532907759524,
-23.8532366063821));
#1851=CARTESIAN_POINT('Ctrl Pts',(-7.20161249271048,0.705235345783701,-23.9304315468559));
#1852=CARTESIAN_POINT('Ctrl Pts',(-7.00140535428477,1.82781442048339,-24.0076264873296));
#1853=CARTESIAN_POINT('Ctrl Pts',(-6.55984519491766,2.84569280014868,-24.0848214278033));
#1854=CARTESIAN_POINT('Ctrl Pts',(-6.11828503555054,3.86357117981397,-24.162016368277));
#1855=CARTESIAN_POINT('Ctrl Pts',(-5.43537185524206,4.77674886444484,-24.2392113087508));
#1856=CARTESIAN_POINT('Ctrl Pts',(-4.58380827956105,5.48801000874881,-24.3164062492245));
#1857=CARTESIAN_POINT('Ctrl Pts',(-3.73224470388003,6.19927115305279,-24.3936011896982));
#1858=CARTESIAN_POINT('Ctrl Pts',(-2.71203073282649,6.70861575702982,-24.470796130172));
#1859=CARTESIAN_POINT('Ctrl Pts',(-1.63178125254152,6.96181604182738,-24.5479910706457));
#1860=CARTESIAN_POINT('Ctrl Pts',(-0.551531772256577,7.21501632662493,-24.6251860111194));
#1861=CARTESIAN_POINT('Ctrl Pts',(0.588753217259823,7.21207229224301,-24.7023809515931));
#1862=CARTESIAN_POINT('Ctrl Pts',(1.66768264429916,6.95330425272735,-24.7795758920669));
#1863=CARTESIAN_POINT('Ctrl Pts',(2.6946154761596,6.70700696121311,-24.8530505947113));
#1864=CARTESIAN_POINT('Ctrl Pts',(3.66596403335182,6.22894923602345,-24.9265252973556));
#1865=CARTESIAN_POINT('Ctrl Pts',(4.48830658557399,5.56635926394297,-25.));
#1866=CARTESIAN_POINT('',(3.41496462392476,-5.23455027842339,-3.46944695195361E-17));
#1867=CARTESIAN_POINT('Ctrl Pts',(3.41520610093808,-5.23488551607138,3.46944695195361E-17));
#1868=CARTESIAN_POINT('Ctrl Pts',(3.45636907258303,-5.21232142123038,4.19918716709413E-17));
#1869=CARTESIAN_POINT('Ctrl Pts',(3.49725144747187,-5.18929821972383,-2.2102689794405E-16));
#1870=CARTESIAN_POINT('Ctrl Pts',(3.53784512748439,-5.16582031873447,-2.0643209364124E-16));
#1871=CARTESIAN_POINT('Ctrl Pts',(3.68660452051218,-5.07978332234328,-1.35776234372367E-16));
#1872=CARTESIAN_POINT('Ctrl Pts',(3.83148770489273,-4.98764415311775,7.96413454795412E-17));
#1873=CARTESIAN_POINT('Ctrl Pts',(3.97224419723645,-4.88980866697883,6.24500451351651E-17));
#1874=CARTESIAN_POINT('Ctrl Pts',(4.11521922769443,-4.79043114358599,4.49877835412396E-17));
#1875=CARTESIAN_POINT('Ctrl Pts',(4.25393701635178,-4.68517603031513,1.64100966766621E-17));
#1876=CARTESIAN_POINT('Ctrl Pts',(4.38812081013008,-4.574416751497,4.16333634234434E-17));
#1877=CARTESIAN_POINT('Ctrl Pts',(4.52377035059514,-4.46244760193826,6.71321546476787E-17));
#1878=CARTESIAN_POINT('Ctrl Pts',(4.65478691083149,-4.34485301641426,1.47509676731113E-16));
#1879=CARTESIAN_POINT('Ctrl Pts',(4.78086124387363,-4.22197119965292,2.22044604925031E-16));
#1880=CARTESIAN_POINT('Ctrl Pts',(4.90656377919546,-4.09945176576712,2.96359726948114E-16));
#1881=CARTESIAN_POINT('Ctrl Pts',(5.0273537649696,-3.97167576490114,1.82931382807619E-16));
#1882=CARTESIAN_POINT('Ctrl Pts',(5.14289283451759,-3.83893783548186,2.22044604925031E-16));
#1883=CARTESIAN_POINT('Ctrl Pts',(5.17952292805775,-3.79685507689658,2.34444921029557E-16));
#1884=CARTESIAN_POINT('Ctrl Pts',(5.21562496545088,-3.75427330690314,1.58473248225832E-16));
#1885=CARTESIAN_POINT('Ctrl Pts',(5.25118734873496,-3.71120117778255,1.66533453693773E-16));
#1886=CARTESIAN_POINT('Ctrl Pts',(5.26571021866575,-3.69361149815216,1.69825058609316E-16));
#1887=CARTESIAN_POINT('Ctrl Pts',(5.28014423413787,-3.6759386118703,1.99606237249894E-16));
#1888=CARTESIAN_POINT('Ctrl Pts',(5.29448495969746,-3.65818758413907,1.94289029309402E-16));
#1889=CARTESIAN_POINT('Ctrl Pts',(5.40734111066356,-3.51849362952599,1.52444589880121E-16));
#1890=CARTESIAN_POINT('Ctrl Pts',(5.51411087901658,-3.37435080234297,1.82474192523976E-16));
#1891=CARTESIAN_POINT('Ctrl Pts',(5.61451238535773,-3.22615135902179,1.66533453693773E-16));
#1892=CARTESIAN_POINT('Ctrl Pts',(5.63499663316526,-3.19591521782673,1.6328117136921E-16));
#1893=CARTESIAN_POINT('Ctrl Pts',(5.65521571718786,-3.16551006484005,2.16759646147615E-16));
#1894=CARTESIAN_POINT('Ctrl Pts',(5.67516711012771,-3.13493900266989,2.22044604925031E-16));
#1895=CARTESIAN_POINT('Ctrl Pts',(5.77205200541097,-2.98648449796524,2.47708611406677E-16));
#1896=CARTESIAN_POINT('Ctrl Pts',(5.86262732083329,-2.83412079720031,2.10199678856579E-16));
#1897=CARTESIAN_POINT('Ctrl Pts',(5.94682393118489,-2.67831162581133,2.22044604925031E-16));
#1898=CARTESIAN_POINT('Ctrl Pts',(6.03195508991484,-2.52077303553189,2.3402100489015E-16));
#1899=CARTESIAN_POINT('Ctrl Pts',(6.11056551998179,-2.35971149533462,4.65667227846818E-16));
#1900=CARTESIAN_POINT('Ctrl Pts',(6.18254381604473,-2.19557111416869,4.9960036108132E-16));
#1901=CARTESIAN_POINT('Ctrl Pts',(6.24968708307092,-2.04245660541776,5.31254089363628E-16));
#1902=CARTESIAN_POINT('Ctrl Pts',(6.31105911926761,-1.88666224143624,2.10872700825393E-16));
#1903=CARTESIAN_POINT('Ctrl Pts',(6.36653450814318,-1.72852814262306,2.22044604925031E-16));
#1904=CARTESIAN_POINT('Ctrl Pts',(6.38733777897153,-1.66922785556811,2.26234068962395E-16));
#1905=CARTESIAN_POINT('Ctrl Pts',(6.40731147604519,-1.6095983821777,2.66383852056651E-16));
#1906=CARTESIAN_POINT('Ctrl Pts',(6.42644766041525,-1.54965715493804,2.77555756156289E-16));
#1907=CARTESIAN_POINT('Ctrl Pts',(6.43740100749958,-1.5153474381251,2.83950434469887E-16));
#1908=CARTESIAN_POINT('Ctrl Pts',(6.44807994707385,-1.48093557726396,3.29070233441548E-16));
#1909=CARTESIAN_POINT('Ctrl Pts',(6.45848287858788,-1.44642481151683,3.33066907387547E-16));
#1910=CARTESIAN_POINT('Ctrl Pts',(6.4640985330527,-1.42779539580923,3.35224370392956E-16));
#1911=CARTESIAN_POINT('Ctrl Pts',(6.46963316923731,-1.40913901821108,3.91382760525837E-16));
#1912=CARTESIAN_POINT('Ctrl Pts',(6.47508410947624,-1.39046492930258,3.88578058618805E-16));
#1913=CARTESIAN_POINT('Ctrl Pts',(6.52627985658998,-1.21507611720175,3.62236032607173E-16));
#1914=CARTESIAN_POINT('Ctrl Pts',(6.57016136373022,-1.03791203837679,-5.27813956481454E-18));
#1915=CARTESIAN_POINT('Ctrl Pts',(6.60665871674712,-0.859451673946338,5.55111512312578E-17));
#1916=CARTESIAN_POINT('Ctrl Pts',(6.64349399801464,-0.679338948624711,1.16863288836673E-16));
#1917=CARTESIAN_POINT('Ctrl Pts',(6.67280810799767,-0.497905184400257,2.11819248657462E-16));
#1918=CARTESIAN_POINT('Ctrl Pts',(6.69448517878647,-0.31561390910858,2.22044604925031E-16));
#1919=CARTESIAN_POINT('Ctrl Pts',(6.69661479359785,-0.297705114897898,2.23049171933704E-16));
#1920=CARTESIAN_POINT('Ctrl Pts',(6.69867066120035,-0.279788026087963,4.46299257269141E-16));
#1921=CARTESIAN_POINT('Ctrl Pts',(6.70065264704096,-0.261863071013376,4.44089209850063E-16));
#1922=CARTESIAN_POINT('Ctrl Pts',(6.72069567938819,-0.0805951492040847,
4.79282790050043E-16));
#1923=CARTESIAN_POINT('Ctrl Pts',(6.73318745053925,0.10147612557882,2.07822305203137E-16));
#1924=CARTESIAN_POINT('Ctrl Pts',(6.73824202998543,0.283903539243986,2.22044604925031E-16));
#1925=CARTESIAN_POINT('Ctrl Pts',(6.74332479377703,0.467348168543934,2.36346208219503E-16));
#1926=CARTESIAN_POINT('Ctrl Pts',(6.74088722543901,0.65115362179006,5.04034357689465E-16));
#1927=CARTESIAN_POINT('Ctrl Pts',(6.73099319589206,0.834872280682642,5.55111512312578E-16));
#1928=CARTESIAN_POINT('Ctrl Pts',(6.72628356921492,0.922323636361566,5.79424592121336E-16));
#1929=CARTESIAN_POINT('Ctrl Pts',(6.71988367664853,1.00975536371911,3.35984476964598E-16));
#1930=CARTESIAN_POINT('Ctrl Pts',(6.71179626128557,1.09711902892004,3.33066907387547E-16));
#1931=CARTESIAN_POINT('Ctrl Pts',(6.70887982161357,1.12862363795141,3.32014789340125E-16));
#1932=CARTESIAN_POINT('Ctrl Pts',(6.70574323609573,1.16012500008996,4.4058214969199E-16));
#1933=CARTESIAN_POINT('Ctrl Pts',(6.7023902210873,1.19158841603617,4.44089209850063E-16));
#1934=CARTESIAN_POINT('Ctrl Pts',(6.68264471047273,1.37687276817124,4.64741874214225E-16));
#1935=CARTESIAN_POINT('Ctrl Pts',(6.65538387252497,1.56101964209702,5.28263048639167E-16));
#1936=CARTESIAN_POINT('Ctrl Pts',(6.62077279457199,1.74356400450885,5.55111512312578E-16));
#1937=CARTESIAN_POINT('Ctrl Pts',(6.58448881524283,1.9349315164194,5.83257677025189E-16));
#1938=CARTESIAN_POINT('Ctrl Pts',(6.54012728848653,2.12453860355555,5.94083124991578E-16));
#1939=CARTESIAN_POINT('Ctrl Pts',(6.48781870729841,2.31186041245542,5.55111512312578E-16));
#1940=CARTESIAN_POINT('Ctrl Pts',(6.43551012611029,2.4991822213553,5.16139899633578E-16));
#1941=CARTESIAN_POINT('Ctrl Pts',(6.37525443982392,2.68421964586377,3.67708340879991E-16));
#1942=CARTESIAN_POINT('Ctrl Pts',(6.30712185577079,2.86644585137679,3.33066907387547E-16));
#1943=CARTESIAN_POINT('Ctrl Pts',(6.24161962921627,3.0416369491983,2.95599850495883E-16));
#1944=CARTESIAN_POINT('Ctrl Pts',(6.16883648842537,3.21423036128133,3.60126448475971E-16));
#1945=CARTESIAN_POINT('Ctrl Pts',(6.089039752699,3.383865796979,3.33066907387547E-16));
#1946=CARTESIAN_POINT('Ctrl Pts',(6.05984130387516,3.44593715294166,3.2316554214403E-16));
#1947=CARTESIAN_POINT('Ctrl Pts',(6.02970332818166,3.50761228769791,6.63087240854012E-16));
#1948=CARTESIAN_POINT('Ctrl Pts',(5.99863732853946,3.56887284616418,6.66133814775094E-16));
#1949=CARTESIAN_POINT('Ctrl Pts',(5.97989767115598,3.60582648969734,6.67971571555243E-16));
#1950=CARTESIAN_POINT('Ctrl Pts',(5.96082031273641,3.64262927097875,5.54652073117541E-16));
#1951=CARTESIAN_POINT('Ctrl Pts',(5.9414076358038,3.67927707954259,5.55111512312578E-16));
#1952=CARTESIAN_POINT('Ctrl Pts',(5.93105454612487,3.69882193932237,5.5535653855006E-16));
#1953=CARTESIAN_POINT('Ctrl Pts',(5.92060734350981,3.71832026541201,2.5216330299172E-15));
#1954=CARTESIAN_POINT('Ctrl Pts',(5.9100716018309,3.73776216147538,1.4210854715202E-14));
#1955=CARTESIAN_POINT('Ctrl Pts',(5.81743235532436,3.90871193006875,1.16992483401122E-13));
#1956=CARTESIAN_POINT('Ctrl Pts',(5.71784306677675,4.07550707962087,7.95533900034964E-13));
#1957=CARTESIAN_POINT('Ctrl Pts',(5.61169693752854,4.23778505339687,1.83175696832905E-12));
#1958=CARTESIAN_POINT('Ctrl Pts',(5.50710679893308,4.39768420269635,2.85279009592672E-12));
#1959=CARTESIAN_POINT('Ctrl Pts',(5.39615013823852,4.55319823725644,4.22103367747439E-12));
#1960=CARTESIAN_POINT('Ctrl Pts',(5.27915001228014,4.7039683063076,5.72741853943626E-12));
#1961=CARTESIAN_POINT('Ctrl Pts',(5.15953896470706,4.85810289166942,7.26741920107302E-12));
#1962=CARTESIAN_POINT('Ctrl Pts',(5.03361151339075,5.0072801760987,8.95189511842948E-12));
#1963=CARTESIAN_POINT('Ctrl Pts',(4.90166181223151,5.15109375668042,1.05576658526729E-11));
#1964=CARTESIAN_POINT('Ctrl Pts',(4.76971211107228,5.29490733726213,1.21634365869164E-11));
#1965=CARTESIAN_POINT('Ctrl Pts',(4.63173976235378,5.43335792523032,1.36904887641906E-11));
#1966=CARTESIAN_POINT('Ctrl Pts',(4.48799328837213,5.56600541172256,1.49156242912341E-11));
#1967=CARTESIAN_POINT('Ctrl Pts',(3.41496462392476,-5.23455027842339,0.));
#1968=CARTESIAN_POINT('Ctrl Pts',(2.61230056120906,-5.75819972933581,-0.076264880952381));
#1969=CARTESIAN_POINT('Ctrl Pts',(0.76266209802521,-6.42969290163651,-0.228794642857143));
#1970=CARTESIAN_POINT('Ctrl Pts',(-2.17187206344737,-6.09940801730951,-0.457589285714286));
#1971=CARTESIAN_POINT('Ctrl Pts',(-4.65311044132627,-4.50231935089775,-0.686383928571429));
#1972=CARTESIAN_POINT('Ctrl Pts',(-6.1704557619234,-1.96589594452386,-0.915178571428572));
#1973=CARTESIAN_POINT('Ctrl Pts',(-6.39769416211499,0.972301621557093,-1.14397321428571));
#1974=CARTESIAN_POINT('Ctrl Pts',(-4.94915856879464,4.64162676771175,-1.44903273809524));
#1975=CARTESIAN_POINT('Ctrl Pts',(-0.2941131311628,7.20146896045154,-1.83035714285714));
#1976=CARTESIAN_POINT('Ctrl Pts',(5.56364432198877,4.58186371898644,-2.28794642857143));
#1977=CARTESIAN_POINT('Ctrl Pts',(6.75910022013935,-0.594326440796919,-2.66927083333333));
#1978=CARTESIAN_POINT('Ctrl Pts',(4.98991748280236,-4.12027334572699,-2.97433035714286));
#1979=CARTESIAN_POINT('Ctrl Pts',(2.64840035530987,-5.9096970331144,-3.203125));
#1980=CARTESIAN_POINT('Ctrl Pts',(-0.253621562876338,-6.46984293680755,
-3.43191964285714));
#1981=CARTESIAN_POINT('Ctrl Pts',(-3.09847764027359,-5.68497664836075,-3.66071428571429));
#1982=CARTESIAN_POINT('Ctrl Pts',(-5.3006860263697,-3.71845081339961,-3.88950892857143));
#1983=CARTESIAN_POINT('Ctrl Pts',(-6.4009934048812,-0.977814773859414,-4.11830357142857));
#1984=CARTESIAN_POINT('Ctrl Pts',(-6.16859569014527,1.96392258731767,-4.34709821428572));
#1985=CARTESIAN_POINT('Ctrl Pts',(-4.49123242631401,4.7846900620528,-4.60131448412699));
#1986=CARTESIAN_POINT('Ctrl Pts',(-1.24936392586042,6.53586176185578,-4.88095238095238));
#1987=CARTESIAN_POINT('Ctrl Pts',(2.73601141792472,6.06565987041286,-5.18601190476191));
#1988=CARTESIAN_POINT('Ctrl Pts',(6.24568471196669,2.94066646323431,-5.54191468253968));
#1989=CARTESIAN_POINT('Ctrl Pts',(6.67923974153593,-2.71045233702967,-5.94866071428572));
#1990=CARTESIAN_POINT('Ctrl Pts',(1.87076116988623,-6.96046697454212,-6.40625));
#1991=CARTESIAN_POINT('Ctrl Pts',(-3.33681273666982,-5.9080363280087,-6.78757440476191));
#1992=CARTESIAN_POINT('Ctrl Pts',(-5.81446186934965,-2.83969281939606,-7.09263392857143));
#1993=CARTESIAN_POINT('Ctrl Pts',(-6.55164630890895,0.352693695688654,-7.3468501984127));
#1994=CARTESIAN_POINT('Ctrl Pts',(-5.42287222361793,3.8607035055182,-7.6264880952381));
#1995=CARTESIAN_POINT('Ctrl Pts',(-2.21007473878585,6.27771308856874,-7.93154761904762));
#1996=CARTESIAN_POINT('Ctrl Pts',(1.80231193626777,6.40339006729795,-8.23660714285715));
#1997=CARTESIAN_POINT('Ctrl Pts',(5.54235553973125,3.95865678850941,-8.57556216931217));
#1998=CARTESIAN_POINT('Ctrl Pts',(6.93814133862072,-0.938177259612198,-8.9484126984127));
#1999=CARTESIAN_POINT('Ctrl Pts',(4.04489819385288,-5.70013457201794,-9.35515873015873));
#2000=CARTESIAN_POINT('Ctrl Pts',(-0.930339166952245,-6.74760201087951,
-9.72800925925926));
#2001=CARTESIAN_POINT('Ctrl Pts',(-4.83596199710862,-4.57028687476778,-10.0669642857143));
#2002=CARTESIAN_POINT('Ctrl Pts',(-6.586550357107,-0.957891539309169,-10.3720238095238));
#2003=CARTESIAN_POINT('Ctrl Pts',(-5.93673491459239,3.00989525801827,-10.6770833333333));
#2004=CARTESIAN_POINT('Ctrl Pts',(-3.12232344055341,5.87763665837824,-10.9821428571429));
#2005=CARTESIAN_POINT('Ctrl Pts',(0.830227312951162,6.60392656605019,-11.2872023809524));
#2006=CARTESIAN_POINT('Ctrl Pts',(4.48012053815982,4.92201855567001,-11.5922619047619));
#2007=CARTESIAN_POINT('Ctrl Pts',(6.49680777890936,1.4461751635776,-11.8973214285714));
#2008=CARTESIAN_POINT('Ctrl Pts',(6.14476214988355,-2.55748103569273,-12.202380952381));
#2009=CARTESIAN_POINT('Ctrl Pts',(3.55306280594197,-5.62788321355454,-12.5074404761905));
#2010=CARTESIAN_POINT('Ctrl Pts',(-0.335246830204567,-6.64899301569146,
-12.8125));
#2011=CARTESIAN_POINT('Ctrl Pts',(-4.09900063615084,-5.24223201041834,-13.1175595238095));
#2012=CARTESIAN_POINT('Ctrl Pts',(-6.37011835620884,-1.92742529661284,-13.4226190476191));
#2013=CARTESIAN_POINT('Ctrl Pts',(-6.31766704025943,2.09046839216806,-13.7276785714286));
#2014=CARTESIAN_POINT('Ctrl Pts',(-3.96509465766117,5.34778356250862,-14.0327380952381));
#2015=CARTESIAN_POINT('Ctrl Pts',(-0.163022106496536,6.65368843194218,-14.3377976190476));
#2016=CARTESIAN_POINT('Ctrl Pts',(3.69644753419323,5.53483467544195,-14.6428571428572));
#2017=CARTESIAN_POINT('Ctrl Pts',(6.20853085828027,2.39841377251968,-14.9479166666667));
#2018=CARTESIAN_POINT('Ctrl Pts',(6.45870294243498,-1.61390458590387,-15.2529761904762));
#2019=CARTESIAN_POINT('Ctrl Pts',(4.35129059441054,-5.03492018247919,-15.5580357142857));
#2020=CARTESIAN_POINT('Ctrl Pts',(0.659490332303089,-6.62274099936652,-15.8630952380952));
#2021=CARTESIAN_POINT('Ctrl Pts',(-3.27231433484372,-5.79556098081361,-16.1681547619048));
#2022=CARTESIAN_POINT('Ctrl Pts',(-6.01396472016042,-2.85545066616705,-16.4732142857143));
#2023=CARTESIAN_POINT('Ctrl Pts',(-6.55869730641465,1.12555768183699,-16.7782738095238));
#2024=CARTESIAN_POINT('Ctrl Pts',(-4.71590475253309,4.69644401000326,-17.0833333333333));
#2025=CARTESIAN_POINT('Ctrl Pts',(-1.15296766518061,6.55509867056586,-17.3883928571429));
#2026=CARTESIAN_POINT('Ctrl Pts',(2.83026820070667,6.02397049767006,-17.6934523809524));
#2027=CARTESIAN_POINT('Ctrl Pts',(5.78202509441746,3.29685570843799,-17.9985119047619));
#2028=CARTESIAN_POINT('Ctrl Pts',(6.62540840411138,-0.632472865909867,-18.3035714285714));
#2029=CARTESIAN_POINT('Ctrl Pts',(5.05446772659133,-4.3305534460532,-18.608630952381));
#2030=CARTESIAN_POINT('Ctrl Pts',(1.63854484009478,-6.45139752864536,-18.9136904761905));
#2031=CARTESIAN_POINT('Ctrl Pts',(-2.36978955912794,-6.21704737900865,-19.21875));
#2032=CARTESIAN_POINT('Ctrl Pts',(-5.87628428767662,-3.44650085362036,-19.557705026455));
#2033=CARTESIAN_POINT('Ctrl Pts',(-6.82221245455477,1.55852934728959,-19.9305555555556));
#2034=CARTESIAN_POINT('Ctrl Pts',(-3.51768068999324,6.03574682859232,-20.3373015873016));
#2035=CARTESIAN_POINT('Ctrl Pts',(1.53106285178859,6.64351000261058,-20.7101521164021));
#2036=CARTESIAN_POINT('Ctrl Pts',(5.22520118954708,4.11684537075444,-21.0491071428571));
#2037=CARTESIAN_POINT('Ctrl Pts',(6.64731347238713,0.366161002094133,-21.3541666666667));
#2038=CARTESIAN_POINT('Ctrl Pts',(5.64308577043225,-3.5314143371903,-21.6592261904762));
#2039=CARTESIAN_POINT('Ctrl Pts',(2.83713559583122,-5.9141442313597,-21.9388640873016));
#2040=CARTESIAN_POINT('Ctrl Pts',(-0.397548924936054,-6.46194791114514,
-22.1930803571429));
#2041=CARTESIAN_POINT('Ctrl Pts',(-3.22786166699691,-5.61439292124455,-22.421875));
#2042=CARTESIAN_POINT('Ctrl Pts',(-5.37833958414473,-3.59855467845733,-22.6506696428572));
#2043=CARTESIAN_POINT('Ctrl Pts',(-6.78454686709454,0.086939323475659,-22.9557291666667));
#2044=CARTESIAN_POINT('Ctrl Pts',(-5.07575250371449,5.11715854473181,-23.3370535714286));
#2045=CARTESIAN_POINT('Ctrl Pts',(1.0154018965246,7.13556474199321,-23.7946428571429));
#2046=CARTESIAN_POINT('Ctrl Pts',(5.39000534613486,4.12149323461906,-24.1759672619048));
#2047=CARTESIAN_POINT('Ctrl Pts',(6.46297584598044,0.325306804925883,-24.4810267857143));
#2048=CARTESIAN_POINT('Ctrl Pts',(5.94199952094299,-2.57524659986135,-24.7098214285714));
#2049=CARTESIAN_POINT('Ctrl Pts',(4.60806923518917,-4.36819477569369,-24.882811282978));
#2050=CARTESIAN_POINT('Ctrl Pts',(3.63038975603582,-5.0942104325778,-24.9795362564321));
#2051=CARTESIAN_POINT('Ctrl Pts',(3.41495018263787,-5.23452863815502,-24.9999963489339));
#2052=CARTESIAN_POINT('Origin',(0.,0.,0.));
#2053=CARTESIAN_POINT('Ctrl Pts',(-3.90671949819609,5.98832553911272,-25.0000000000018));
#2054=CARTESIAN_POINT('Ctrl Pts',(-4.83616533176336,5.38196502367343,-24.9228050595181));
#2055=CARTESIAN_POINT('Ctrl Pts',(-5.62160926238633,4.55562676439899,-24.8456101190344));
#2056=CARTESIAN_POINT('Ctrl Pts',(-6.17974970725813,3.59680861490393,-24.7684151785507));
#2057=CARTESIAN_POINT('Ctrl Pts',(-6.73789015213219,2.63799046540499,-24.6912202380667));
#2058=CARTESIAN_POINT('Ctrl Pts',(-7.06872711125321,1.54669242568438,-24.6140252975827));
#2059=CARTESIAN_POINT('Ctrl Pts',(-7.13693331693531,0.43926799924527,-24.5368303570988));
#2060=CARTESIAN_POINT('Ctrl Pts',(-7.2051395226174,-0.668156427193795,-24.4596354166148));
#2061=CARTESIAN_POINT('Ctrl Pts',(-7.01071497486058,-1.79170724035138,-24.3824404761308));
#2062=CARTESIAN_POINT('Ctrl Pts',(-6.57441427989023,-2.81183136158145,-24.3052455356468));
#2063=CARTESIAN_POINT('Ctrl Pts',(-6.13811358491985,-3.83195548281155,-24.2280505951628));
#2064=CARTESIAN_POINT('Ctrl Pts',(-5.45993674273591,-4.74865291211415,-24.1508556546788));
#2065=CARTESIAN_POINT('Ctrl Pts',(-4.61206141102048,-5.46429767818059,-24.0736607141948));
#2066=CARTESIAN_POINT('Ctrl Pts',(-3.76418607930505,-6.17994244424703,-23.9964657737108));
#2067=CARTESIAN_POINT('Ctrl Pts',(-2.74661225805811,-6.69453454707733,-23.9192708332268));
#2068=CARTESIAN_POINT('Ctrl Pts',(-1.66768288863469,-6.953302681617,-23.8420758927428));
#2069=CARTESIAN_POINT('Ctrl Pts',(-1.12223857074955,-7.0841208914409,-23.8030505933583));
#2070=CARTESIAN_POINT('Ctrl Pts',(-0.56111343703307,-7.14955742591124,-23.7640252939738));
#2071=CARTESIAN_POINT('Ctrl Pts',(8.43516003351221E-6,-7.14957089324934,
-23.7249999945893));
#2072=CARTESIAN_POINT('Origin',(-0.499999999994945,4.32500000000413,0.));
#2073=CARTESIAN_POINT('',(-0.338196601120697,4.42500000000351,0.1));
#2074=CARTESIAN_POINT('',(4.48158558749367E-13,5.10139320224985,0.1));
#2075=CARTESIAN_POINT('',(-0.410557280894847,4.28027864045435,0.1));
#2076=CARTESIAN_POINT('',(-1.18238752122579E-15,5.325,0.));
#2077=CARTESIAN_POINT('',(8.36026965248907E-13,4.90833333333537,0.18633899812393));
#2078=CARTESIAN_POINT('',(-0.499999999994945,4.32500000000413,0.));
#2079=CARTESIAN_POINT('',(-1.31499999999365,2.69499999999697,0.));
#2080=CARTESIAN_POINT('',(-0.216542364655983,4.500186453014,0.175186453010955));
#2081=CARTESIAN_POINT('Origin',(-1.18238752122579E-15,5.325,0.));
#2082=CARTESIAN_POINT('',(0.338196601126281,4.42500000000093,0.1));
#2083=CARTESIAN_POINT('',(0.410557280901954,4.28027864045017,0.1));
#2084=CARTESIAN_POINT('',(0.500000000001873,4.32500000000031,0.));
#2085=CARTESIAN_POINT('',(0.183084729318993,4.52086440883668,0.195864408835164));
#2086=CARTESIAN_POINT('',(1.06500000000259,3.19500000000346,0.));
#2087=CARTESIAN_POINT('Origin',(0.500000000001873,4.32500000000031,0.));
#2088=CARTESIAN_POINT('',(-0.499999999994563,4.42500000000413,0.1));
#2089=CARTESIAN_POINT('',(0.250000000009193,4.32500000000126,0.));
#2090=CARTESIAN_POINT('Origin',(3.46400408357539E-12,4.82500000000015,0.1));
#2091=CARTESIAN_POINT('Origin',(0.75,1.40512601554121E-16,0.));
#2092=CARTESIAN_POINT('',(0.642261628933257,0.1,0.1));
#2093=CARTESIAN_POINT('',(0.0999999999999999,0.1,0.1));
#2094=CARTESIAN_POINT('',(-0.75,0.0999999999999999,0.1));
#2095=CARTESIAN_POINT('',(0.,0.,0.));
#2096=CARTESIAN_POINT('',(0.125,0.125,0.125));
#2097=CARTESIAN_POINT('',(0.75,1.40512601554121E-16,0.));
#2098=CARTESIAN_POINT('',(0.375,7.02563007770607E-17,0.));
#2099=CARTESIAN_POINT('Ctrl Pts',(0.749999999999964,3.59831522217524E-14,
3.58410133169396E-14));
#2100=CARTESIAN_POINT('Ctrl Pts',(0.696130814466534,0.0538691855334639,
0.0538691855334638));
#2101=CARTESIAN_POINT('Ctrl Pts',(0.642261628933104,0.100000000000131,0.100000000000131));
#2102=CARTESIAN_POINT('Origin',(0.,0.,0.));
#2103=CARTESIAN_POINT('',(0.0999999999999999,0.642261628933257,0.1));
#2104=CARTESIAN_POINT('',(0.0999999999999999,0.75,0.1));
#2105=CARTESIAN_POINT('',(-1.40512601554121E-16,0.75,0.));
#2106=CARTESIAN_POINT('Ctrl Pts',(3.57118848381966E-14,0.749999999999964,
3.58534816419231E-14));
#2107=CARTESIAN_POINT('Ctrl Pts',(0.0538691855334623,0.696130814466535,
0.0538691855334624));
#2108=CARTESIAN_POINT('Ctrl Pts',(0.100000000000131,0.642261628933104,0.100000000000131));
#2109=CARTESIAN_POINT('',(0.,0.,0.));
#2110=CARTESIAN_POINT('Origin',(0.,0.,0.));
#2111=CARTESIAN_POINT('Origin',(0.,0.,0.1));
#2112=CARTESIAN_POINT('Origin',(0.,0.,0.));
#2113=CARTESIAN_POINT('Origin',(0.375,0.375,0.1));
#2114=CARTESIAN_POINT('Origin',(-0.75,-1.40512601554121E-16,0.));
#2115=CARTESIAN_POINT('',(-0.642261628933257,-0.1,0.1));
#2116=CARTESIAN_POINT('',(-0.1,-0.1,0.1));
#2117=CARTESIAN_POINT('',(-0.75,-0.1,0.1));
#2118=CARTESIAN_POINT('',(-0.125,-0.125,0.125));
#2119=CARTESIAN_POINT('',(-0.75,-1.40512601554121E-16,0.));
#2120=CARTESIAN_POINT('',(-0.375,-7.02563007770607E-17,0.));
#2121=CARTESIAN_POINT('Ctrl Pts',(-0.749999999999964,-3.59766470087175E-14,
3.58372186093359E-14));
#2122=CARTESIAN_POINT('Ctrl Pts',(-0.696130814466533,-0.0538691855334646,
0.0538691855334644));
#2123=CARTESIAN_POINT('Ctrl Pts',(-0.642261628933104,-0.100000000000131,
0.100000000000131));
#2124=CARTESIAN_POINT('Origin',(0.,0.,0.));
#2125=CARTESIAN_POINT('',(-0.0999999999999999,-0.642261628933257,0.1));
#2126=CARTESIAN_POINT('',(-0.1,0.75,0.1));
#2127=CARTESIAN_POINT('',(1.40512601554121E-16,-0.75,0.));
#2128=CARTESIAN_POINT('Ctrl Pts',(-3.57037533219029E-14,-0.749999999999964,
3.58431817212845E-14));
#2129=CARTESIAN_POINT('Ctrl Pts',(-0.053869185533463,-0.696130814466535,
0.0538691855334631));
#2130=CARTESIAN_POINT('Ctrl Pts',(-0.100000000000131,-0.642261628933104,
0.100000000000131));
#2131=CARTESIAN_POINT('',(0.,0.,0.));
#2132=CARTESIAN_POINT('Origin',(0.,0.,0.));
#2133=CARTESIAN_POINT('Origin',(0.,0.,0.1));
#2134=CARTESIAN_POINT('Origin',(0.,0.,0.));
#2135=CARTESIAN_POINT('Origin',(-0.375,-0.375,0.1));
#2136=CARTESIAN_POINT('Ctrl Pts',(-4.48799327912655,-5.56600541919675,0.937500002623235));
#2137=CARTESIAN_POINT('Ctrl Pts',(-5.35189096015888,-4.86942561117967,0.860305062139237));
#2138=CARTESIAN_POINT('Ctrl Pts',(-6.74898192529949,-3.06743640901329,0.705915181171242));
#2139=CARTESIAN_POINT('Ctrl Pts',(-7.40790799239602,0.289538013171603,0.474330359719249));
#2140=CARTESIAN_POINT('Ctrl Pts',(-6.48929463549797,3.58463366141201,0.242745538267256));
#2141=CARTESIAN_POINT('Ctrl Pts',(-4.18903266107685,6.11665189555602,0.0111607168152624));
#2142=CARTESIAN_POINT('Ctrl Pts',(-0.996787685413574,7.34625697789968,-0.220424104636731));
#2143=CARTESIAN_POINT('Ctrl Pts',(2.40768032684729,7.01172263092896,-0.452008926088724));
#2144=CARTESIAN_POINT('Ctrl Pts',(5.29951555378762,5.18423141698734,-0.683593747540717));
#2145=CARTESIAN_POINT('Ctrl Pts',(7.06296008988251,2.2529189214043,-0.91517856899271));
#2146=CARTESIAN_POINT('Ctrl Pts',(7.32257082456291,-1.15810063798138,-1.1467633904447));
#2147=CARTESIAN_POINT('Ctrl Pts',(6.02300818043374,-4.32251043450757,-1.3783482118967));
#2148=CARTESIAN_POINT('Ctrl Pts',(3.44111016766486,-6.56661844201079,-1.60993303334869));
#2149=CARTESIAN_POINT('Ctrl Pts',(0.126322034345401,-7.41243557158483,-1.84151785480068));
#2150=CARTESIAN_POINT('Ctrl Pts',(-3.21491975955917,-6.68024226083485,-2.07310267625268));
#2151=CARTESIAN_POINT('Ctrl Pts',(-5.87263645013574,-4.52510676169845,-2.30468749770467));
#2152=CARTESIAN_POINT('Ctrl Pts',(-7.27778007429285,-1.40772383840861,-2.53627231915666));
#2153=CARTESIAN_POINT('Ctrl Pts',(-7.12275044525383,2.39223654736491,-2.79358878743665));
#2154=CARTESIAN_POINT('Ctrl Pts',(-4.768602570617,5.95160043505919,-3.07663690254465));
#2155=CARTESIAN_POINT('Ctrl Pts',(-0.413797343352268,7.61706772427881,-3.38541666448064));
#2156=CARTESIAN_POINT('Ctrl Pts',(4.09121419342644,6.43309370724253,-3.69419642641663));
#2157=CARTESIAN_POINT('Ctrl Pts',(7.07146367634068,2.85586912558121,-4.00297618835262));
#2158=CARTESIAN_POINT('Ctrl Pts',(7.41284160209348,-1.7968848162789,-4.31175595028861));
#2159=CARTESIAN_POINT('Ctrl Pts',(5.25421826925195,-5.31842734765463,-4.58622684978727));
#2160=CARTESIAN_POINT('Ctrl Pts',(1.28251305093585,-7.53038957907309,-4.89500661172326));
#2161=CARTESIAN_POINT('Ctrl Pts',(-3.50191447855103,-6.99006159385935,-5.20378637365925));
#2162=CARTESIAN_POINT('Ctrl Pts',(-6.96062135662634,-3.10958718157374,-5.54687499803257));
#2163=CARTESIAN_POINT('Ctrl Pts',(-7.47393702443496,1.51035346197737,-5.85565475996857));
#2164=CARTESIAN_POINT('Ctrl Pts',(-5.19888756854295,5.58096827450508,-6.16443452190456));
#2165=CARTESIAN_POINT('Ctrl Pts',(-0.982614792999796,7.56132399441524,-6.47321428384055));
#2166=CARTESIAN_POINT('Ctrl Pts',(3.59901848037401,6.723961933902,-6.78199404577653));
#2167=CARTESIAN_POINT('Ctrl Pts',(6.84022663477839,3.37286301617559,-7.09077380771253));
#2168=CARTESIAN_POINT('Ctrl Pts',(7.52278111738721,-1.22997556024892,-7.39955356964852));
#2169=CARTESIAN_POINT('Ctrl Pts',(5.17628187534421,-5.84966522220665,-7.74264219402184));
#2170=CARTESIAN_POINT('Ctrl Pts',(-0.321930847815529,-8.01224871248671,
-8.1200396808325));
#2171=CARTESIAN_POINT('Ctrl Pts',(-5.46983875919627,-5.49672997091529,-8.48600088016404));
#2172=CARTESIAN_POINT('Ctrl Pts',(-7.01138696358106,-2.0631702463014,-8.73759920470448));
#2173=CARTESIAN_POINT('Ctrl Pts',(-7.17260348340571,-0.0930641178752848,
-8.87483465445381));
#2174=CARTESIAN_POINT('Ctrl Pts',(-7.07897050985531,1.55036141026665,-8.98919752924492));
#2175=CARTESIAN_POINT('Ctrl Pts',(-5.99980818100782,4.74564132928436,-9.21792327882713));
#2176=CARTESIAN_POINT('Ctrl Pts',(-2.07032617354845,7.53311054755208,-9.52670304076312));
#2177=CARTESIAN_POINT('Ctrl Pts',(3.09173867049891,6.96813060557321,-9.86979166513645));
#2178=CARTESIAN_POINT('Ctrl Pts',(6.56566019401044,3.87774628599039,-10.1785714270724));
#2179=CARTESIAN_POINT('Ctrl Pts',(7.59747840262345,-0.668281081446303,-10.4873511890084));
#2180=CARTESIAN_POINT('Ctrl Pts',(5.79110264643312,-4.96374765734682,-10.7961309509444));
#2181=CARTESIAN_POINT('Ctrl Pts',(1.82334336741029,-7.4036488162836,-11.1049107128804));
#2182=CARTESIAN_POINT('Ctrl Pts',(-2.82479520739499,-7.08316733533703,-11.4136904748164));
#2183=CARTESIAN_POINT('Ctrl Pts',(-6.41755986439822,-4.11903530406375,-11.7224702367524));
#2184=CARTESIAN_POINT('Ctrl Pts',(-7.61821698825459,0.384221040423858,-12.0312499986884));
#2185=CARTESIAN_POINT('Ctrl Pts',(-5.9710435607054,4.74141477170071,-12.3400297606244));
#2186=CARTESIAN_POINT('Ctrl Pts',(-2.09886624974119,7.33125706626185,-12.6488095225604));
#2187=CARTESIAN_POINT('Ctrl Pts',(2.5575764631779,7.18426698724975,-12.9575892844964));
#2188=CARTESIAN_POINT('Ctrl Pts',(6.25939975138023,4.35597971636541,-13.2663690464323));
#2189=CARTESIAN_POINT('Ctrl Pts',(7.625514325384,-0.0981201682776168,-13.5751488083683));
#2190=CARTESIAN_POINT('Ctrl Pts',(6.1449468393761,-4.51559702614004,-13.8839285703043));
#2191=CARTESIAN_POINT('Ctrl Pts',(2.37250546765831,-7.24776707107218,-14.1927083322403));
#2192=CARTESIAN_POINT('Ctrl Pts',(-2.28877632986763,-7.27496908053118,-14.5014880941763));
#2193=CARTESIAN_POINT('Ctrl Pts',(-6.08860363032209,-4.58693377515834,-14.8102678561123));
#2194=CARTESIAN_POINT('Ctrl Pts',(-7.80405764576702,0.301888683805761,-15.1533564804856));
#2195=CARTESIAN_POINT('Ctrl Pts',(-5.57572985626557,5.77575278525402,-15.5307539672963));
#2196=CARTESIAN_POINT('Ctrl Pts',(0.486862215767824,7.99964392798431,-15.9424603165443));
#2197=CARTESIAN_POINT('Ctrl Pts',(5.73734206330752,5.3078404064013,-16.3198578033549));
#2198=CARTESIAN_POINT('Ctrl Pts',(7.60721442928278,0.467612860849163,-16.6629464277282));
#2199=CARTESIAN_POINT('Ctrl Pts',(6.46960459253649,-4.04096482910965,-16.9717261896642));
#2200=CARTESIAN_POINT('Ctrl Pts',(2.90499083170803,-7.05232169133482,-17.2805059516002));
#2201=CARTESIAN_POINT('Ctrl Pts',(-1.34811797448117,-7.39127264915781,-17.5635540667082));
#2202=CARTESIAN_POINT('Ctrl Pts',(-4.74999368190825,-5.69103737334358,-17.8208705349882));
#2203=CARTESIAN_POINT('Ctrl Pts',(-6.79980231638378,-2.95393750634159,-18.0524553564402));
#2204=CARTESIAN_POINT('Ctrl Pts',(-7.40205316821744,0.41420357345208,-18.2840401778922));
#2205=CARTESIAN_POINT('Ctrl Pts',(-6.42800226046055,3.69330080562123,-18.5156249993442));
#2206=CARTESIAN_POINT('Ctrl Pts',(-4.08565598902111,6.18616079550756,-18.7472098207962));
#2207=CARTESIAN_POINT('Ctrl Pts',(-0.872627278829125,7.36232344079943,-18.9787946422482));
#2208=CARTESIAN_POINT('Ctrl Pts',(2.52461921926389,6.96954565614507,-19.2103794637002));
#2209=CARTESIAN_POINT('Ctrl Pts',(5.70614872429708,4.88788505743733,-19.4676959319802));
#2210=CARTESIAN_POINT('Ctrl Pts',(7.55716976155325,1.0404193409417,-19.7507440470882));
#2211=CARTESIAN_POINT('Ctrl Pts',(6.74723307617966,-3.54926580866503,-20.0595238090241));
#2212=CARTESIAN_POINT('Ctrl Pts',(3.7034216378721,-6.53991208684077,-20.3425719241321));
#2213=CARTESIAN_POINT('Ctrl Pts',(0.000631087706062763,-7.412485053718,
-20.5998883924121));
#2214=CARTESIAN_POINT('Ctrl Pts',(-3.32647650568144,-6.62579407361297,-20.8314732138641));
#2215=CARTESIAN_POINT('Ctrl Pts',(-5.94765963760471,-4.42571727574644,-21.0630580353161));
#2216=CARTESIAN_POINT('Ctrl Pts',(-7.30133305197971,-1.28458839422133,-21.2946428567681));
#2217=CARTESIAN_POINT('Ctrl Pts',(-7.10087967573746,2.13059267421353,-21.5262276782201));
#2218=CARTESIAN_POINT('Ctrl Pts',(-5.38826780964136,5.09186433269141,-21.7578124996721));
#2219=CARTESIAN_POINT('Ctrl Pts',(-2.5284780258122,6.96907979483609,-21.9893973211241));
#2220=CARTESIAN_POINT('Ctrl Pts',(0.869725521211076,7.36237664958101,-22.2209821425761));
#2221=CARTESIAN_POINT('Ctrl Pts',(4.08272583841442,6.18808963290642,-22.4525669640281));
#2222=CARTESIAN_POINT('Ctrl Pts',(6.42643651332573,3.69621562045763,-22.6841517854801));
#2223=CARTESIAN_POINT('Ctrl Pts',(7.40181852349897,0.417343734323062,-22.9157366069321));
#2224=CARTESIAN_POINT('Ctrl Pts',(6.80119730477116,-2.95039306089682,-23.1473214283841));
#2225=CARTESIAN_POINT('Ctrl Pts',(4.75245791129543,-5.68992566179837,-23.3789062498361));
#2226=CARTESIAN_POINT('Ctrl Pts',(1.69181631598903,-7.21795914865744,-23.610491071288));
#2227=CARTESIAN_POINT('Ctrl Pts',(-1.72903843681187,-7.20912664991025,-23.84207589274));
#2228=CARTESIAN_POINT('Ctrl Pts',(-4.78175990055373,-5.66535034141881,-24.073660714192));
#2229=CARTESIAN_POINT('Ctrl Pts',(-6.81629042710625,-2.91525805351009,-24.305245535644));
#2230=CARTESIAN_POINT('Ctrl Pts',(-7.39956407037694,0.455394385963942,-24.536830357096));
#2231=CARTESIAN_POINT('Ctrl Pts',(-6.40705319301353,3.7292885051269,-24.768415178548));
#2232=CARTESIAN_POINT('Ctrl Pts',(-4.83616533175885,5.38196502368202,-24.922805059516));
#2233=CARTESIAN_POINT('Ctrl Pts',(-3.90671949818635,5.9883255391222,-25.));
#2234=CARTESIAN_POINT('Ctrl Pts',(-4.29968586881339,-5.33246673027921,0.625000001748823));
#2235=CARTESIAN_POINT('Ctrl Pts',(-5.12733609469747,-4.66511404707405,0.547805061264826));
#2236=CARTESIAN_POINT('Ctrl Pts',(-6.46580785850347,-2.93873278346018,0.39341518029683));
#2237=CARTESIAN_POINT('Ctrl Pts',(-7.09708667802949,0.277389565066492,0.161830358844837));
#2238=CARTESIAN_POINT('Ctrl Pts',(-6.21701653890342,3.43422945184214,-0.0697544626071562));
#2239=CARTESIAN_POINT('Ctrl Pts',(-4.01326905291963,5.86000915867932,-0.301339284059149));
#2240=CARTESIAN_POINT('Ctrl Pts',(-0.954964425885696,7.03802241938614,-0.532924105511142));
#2241=CARTESIAN_POINT('Ctrl Pts',(2.30665877467179,6.71752447858204,-0.764508926963135));
#2242=CARTESIAN_POINT('Ctrl Pts',(5.07715825782431,4.966711217673,-0.996093748415129));
#2243=CARTESIAN_POINT('Ctrl Pts',(6.76661211408299,2.15839085477187,-1.22767856986712));
#2244=CARTESIAN_POINT('Ctrl Pts',(7.0153300906649,-1.10950900282128,-1.45926339131912));
#2245=CARTESIAN_POINT('Ctrl Pts',(5.77029455048526,-4.14114636033228,-1.69084821277111));
#2246=CARTESIAN_POINT('Ctrl Pts',(3.2967279228676,-6.29109598989822,-1.9224330342231));
#2247=CARTESIAN_POINT('Ctrl Pts',(0.121021809128107,-7.10142428886073,-2.15401785567509));
#2248=CARTESIAN_POINT('Ctrl Pts',(-3.08002802139573,-6.39995237576462,-2.38560267712709));
#2249=CARTESIAN_POINT('Ctrl Pts',(-5.62623212355641,-4.33524214232633,-2.61718749857908));
#2250=CARTESIAN_POINT('Ctrl Pts',(-6.97241867257401,-1.34865850253127,-2.84877232003107));
#2251=CARTESIAN_POINT('Ctrl Pts',(-6.82389378321496,2.29186298593693,-3.10608878831107));
#2252=CARTESIAN_POINT('Ctrl Pts',(-4.56852134387766,5.70188293428726,-3.38913690341906));
#2253=CARTESIAN_POINT('Ctrl Pts',(-0.396435217057753,7.29747047710601,-3.69791666535505));
#2254=CARTESIAN_POINT('Ctrl Pts',(3.91955485663917,6.1631736915538,-4.00669642729104));
#2255=CARTESIAN_POINT('Ctrl Pts',(6.77475890670376,2.73604244898329,-4.31547618922703));
#2256=CARTESIAN_POINT('Ctrl Pts',(7.10181328312426,-1.72149104776364,-4.62425595116302));
#2257=CARTESIAN_POINT('Ctrl Pts',(5.03376155865378,-5.09527654985074,-4.89872685066168));
#2258=CARTESIAN_POINT('Ctrl Pts',(1.2287013145329,-7.21442917715368,-5.20750661259767));
#2259=CARTESIAN_POINT('Ctrl Pts',(-3.35498100392638,-6.69677229621465,-5.51628637453366));
#2260=CARTESIAN_POINT('Ctrl Pts',(-6.66856731369072,-2.97911499213697,-5.85937499890698));
#2261=CARTESIAN_POINT('Ctrl Pts',(-7.16034526117169,1.4469819880482,-6.16815476084298));
#2262=CARTESIAN_POINT('Ctrl Pts',(-4.9807524258067,5.34680177347669,-6.47693452277896));
#2263=CARTESIAN_POINT('Ctrl Pts',(-0.941386200286482,7.24406564499895,-6.78571428471496));
#2264=CARTESIAN_POINT('Ctrl Pts',(3.44801071196658,6.44183765695482,-7.09449404665095));
#2265=CARTESIAN_POINT('Ctrl Pts',(6.5532241186336,3.23134428822405,-7.40327380858694));
#2266=CARTESIAN_POINT('Ctrl Pts',(7.20713995162244,-1.17836819408459,-7.71205357052293));
#2267=CARTESIAN_POINT('Ctrl Pts',(4.95909522323168,-5.60422472337259,-8.05514219489625));
#2268=CARTESIAN_POINT('Ctrl Pts',(-0.308423259795286,-7.67607044482964,
-8.43253968170691));
#2269=CARTESIAN_POINT('Ctrl Pts',(-5.240335035034,-5.2660979441634,-8.79850088103845));
#2270=CARTESIAN_POINT('Ctrl Pts',(-6.71720289517881,-1.97660366254043,-9.05009920557889));
#2271=CARTESIAN_POINT('Ctrl Pts',(-6.87165508550032,-0.0891593297126818,
-9.18733465532822));
#2272=CARTESIAN_POINT('Ctrl Pts',(-6.78195076818281,1.4853112811645,-9.30169753011933));
#2273=CARTESIAN_POINT('Ctrl Pts',(-5.74806797760868,4.54652351127227,-9.53042327970154));
#2274=CARTESIAN_POINT('Ctrl Pts',(-1.9834593410918,7.21703597912305,-9.83920304163753));
#2275=CARTESIAN_POINT('Ctrl Pts',(2.96201536963871,6.6757614892552,-10.1822916660109));
#2276=CARTESIAN_POINT('Ctrl Pts',(6.29017794810767,3.71504364462002,-10.4910714279468));
#2277=CARTESIAN_POINT('Ctrl Pts',(7.27870308503059,-0.640241315791188,-10.7998511898828));
#2278=CARTESIAN_POINT('Ctrl Pts',(5.54811931861054,-4.75547852487055,-11.1086309518188));
#2279=CARTESIAN_POINT('Ctrl Pts',(1.74683944989651,-7.0930062086071,-11.4174107137548));
#2280=CARTESIAN_POINT('Ctrl Pts',(-2.70627233156014,-6.78597150308487,-11.7261904756908));
#2281=CARTESIAN_POINT('Ctrl Pts',(-6.14829161833932,-3.94620864794905,-12.0349702376268));
#2282=CARTESIAN_POINT('Ctrl Pts',(-7.29857152021566,0.368099877888581,-12.3437499995628));
#2283=CARTESIAN_POINT('Ctrl Pts',(-5.72051026445181,4.54247429176904,-12.6525297614988));
#2284=CARTESIAN_POINT('Ctrl Pts',(-2.01080193157016,7.02365187467019,-12.9613095234348));
#2285=CARTESIAN_POINT('Ctrl Pts',(2.45026556262489,6.88282921156069,-13.2700892853708));
#2286=CARTESIAN_POINT('Ctrl Pts',(5.99676759397943,4.17321133665762,-13.5788690473068));
#2287=CARTESIAN_POINT('Ctrl Pts',(7.30556267536762,-0.0940032381400907,
-13.8876488092428));
#2288=CARTESIAN_POINT('Ctrl Pts',(5.8871169020594,-4.32613141665149,-14.1964285711787));
#2289=CARTESIAN_POINT('Ctrl Pts',(2.27295978370054,-6.94366495620177,-14.5052083331147));
#2290=CARTESIAN_POINT('Ctrl Pts',(-2.19274375658639,-6.96972562260654,-14.8139880950507));
#2291=CARTESIAN_POINT('Ctrl Pts',(-5.83313774373493,-4.39447501536133,-15.1227678569867));
#2292=CARTESIAN_POINT('Ctrl Pts',(-7.47661466762267,0.28922202574397,-15.46585648136));
#2293=CARTESIAN_POINT('Ctrl Pts',(-5.34178314900947,5.53341350755085,-15.8432539681707));
#2294=CARTESIAN_POINT('Ctrl Pts',(0.466434430490837,7.66399453240426,-16.2549603174187));
#2295=CARTESIAN_POINT('Ctrl Pts',(5.49661442428742,5.08513381592274,-16.6323578042293));
#2296=CARTESIAN_POINT('Ctrl Pts',(7.28803060707485,0.447992740813514,-16.9754464286026));
#2297=CARTESIAN_POINT('Ctrl Pts',(6.19815265159067,-3.87141385725875,-17.2842261905386));
#2298=CARTESIAN_POINT('Ctrl Pts',(2.78310310450339,-6.75642008190793,-17.5930059524746));
#2299=CARTESIAN_POINT('Ctrl Pts',(-1.29155358394345,-7.08114932122086,-17.8760540675826));
#2300=CARTESIAN_POINT('Ctrl Pts',(-4.55069324770214,-5.45225258844784,-18.1333705358626));
#2301=CARTESIAN_POINT('Ctrl Pts',(-6.51449592548632,-2.82999607250897,-18.3649553573146));
#2302=CARTESIAN_POINT('Ctrl Pts',(-7.09147751080946,0.396824402537992,-18.5965401787666));
#2303=CARTESIAN_POINT('Ctrl Pts',(-6.15829587190953,3.53833713545517,-18.8281250002186));
#2304=CARTESIAN_POINT('Ctrl Pts',(-3.91422986360749,5.92660160129024,-19.0597098216706));
#2305=CARTESIAN_POINT('Ctrl Pts',(-0.836013546850249,7.05341476496143,-19.2912946431226));
#2306=CARTESIAN_POINT('Ctrl Pts',(2.41869114013384,6.67711716707579,-19.5228794645746));
#2307=CARTESIAN_POINT('Ctrl Pts',(5.46672989670399,4.68279897111111,-19.7801959328546));
#2308=CARTESIAN_POINT('Ctrl Pts',(7.24008571561368,0.996765382580475,-20.0632440479626));
#2309=CARTESIAN_POINT('Ctrl Pts',(6.46413238766839,-3.40034556494469,-20.3720238098986));
#2310=CARTESIAN_POINT('Ctrl Pts',(3.5480333174018,-6.26551018109897,-20.6550719250065));
#2311=CARTESIAN_POINT('Ctrl Pts',(0.000604608501613666,-7.10147169482048,
-20.9123883932865));
#2312=CARTESIAN_POINT('Ctrl Pts',(-3.1869040648835,-6.34778872786674,-21.1439732147385));
#2313=CARTESIAN_POINT('Ctrl Pts',(-5.69810748497772,-4.24002284459608,-21.3755580361905));
#2314=CARTESIAN_POINT('Ctrl Pts',(-6.99498341343484,-1.23068958047773,-21.6071428576425));
#2315=CARTESIAN_POINT('Ctrl Pts',(-6.8029406683636,2.0411971773933,-21.8387276790945));
#2316=CARTESIAN_POINT('Ctrl Pts',(-5.16218664280307,4.87821967537551,-22.0703125005465));
#2317=CARTESIAN_POINT('Ctrl Pts',(-2.4223880387151,6.67667085239517,-22.3018973219985));
#2318=CARTESIAN_POINT('Ctrl Pts',(0.833233541300092,7.05346574120672,-22.5334821434505));
#2319=CARTESIAN_POINT('Ctrl Pts',(3.9114226563829,5.92844950844859,-22.7650669649025));
#2320=CARTESIAN_POINT('Ctrl Pts',(6.15679582045868,3.54112965036836,-22.9966517863545));
#2321=CARTESIAN_POINT('Ctrl Pts',(7.09125271132393,0.399832808407393,-23.2282366078065));
#2322=CARTESIAN_POINT('Ctrl Pts',(6.5158323828924,-2.82660034505488,-23.4598214292585));
#2323=CARTESIAN_POINT('Ctrl Pts',(4.5530540828493,-5.45118752214229,-23.6914062507105));
#2324=CARTESIAN_POINT('Ctrl Pts',(1.6208310160174,-6.91510771584638,-23.9229910721625));
#2325=CARTESIAN_POINT('Ctrl Pts',(-1.65649136953299,-6.90664581145222,-24.1545758936145));
#2326=CARTESIAN_POINT('Ctrl Pts',(-4.58112661801284,-5.42764333408635,-24.3861607150664));
#2327=CARTESIAN_POINT('Ctrl Pts',(-6.53029222736728,-2.79293953378229,-24.6177455365184));
#2328=CARTESIAN_POINT('Ctrl Pts',(-7.08909285064058,0.436286929210195,-24.8493303579704));
#2329=CARTESIAN_POINT('Ctrl Pts',(-6.13822578631344,3.57281486155501,-25.0809151794224));
#2330=CARTESIAN_POINT('Ctrl Pts',(-4.63324930385271,5.15614830940147,-25.2353050603904));
#2331=CARTESIAN_POINT('Ctrl Pts',(-3.74280119756301,5.73706712489309,-25.3125000008744));
#2332=CARTESIAN_POINT('Ctrl Pts',(-4.11137845850023,-5.09892804136166,0.312500000874412));
#2333=CARTESIAN_POINT('Ctrl Pts',(-4.90278122923607,-4.46080248296844,0.235305060390414));
#2334=CARTESIAN_POINT('Ctrl Pts',(-6.18263379170744,-2.81002915790706,0.0809151794224186));
#2335=CARTESIAN_POINT('Ctrl Pts',(-6.78626536366296,0.265241116961375,-0.150669642029575));
#2336=CARTESIAN_POINT('Ctrl Pts',(-5.94473844230887,3.28382524227229,-0.382254463481568));
#2337=CARTESIAN_POINT('Ctrl Pts',(-3.83750544476241,5.60336642180263,-0.613839284933561));
#2338=CARTESIAN_POINT('Ctrl Pts',(-0.91314116635782,6.72978786087261,-0.845424106385554));
#2339=CARTESIAN_POINT('Ctrl Pts',(2.2056372224963,6.42332632623512,-1.07700892783755));
#2340=CARTESIAN_POINT('Ctrl Pts',(4.85480096186101,4.74919101835866,-1.30859374928954));
#2341=CARTESIAN_POINT('Ctrl Pts',(6.47026413828347,2.06386278813944,-1.54017857074153));
#2342=CARTESIAN_POINT('Ctrl Pts',(6.7080893567669,-1.06091736766118,-1.77176339219353));
#2343=CARTESIAN_POINT('Ctrl Pts',(5.51758092053678,-3.95978228615698,-2.00334821364552));
#2344=CARTESIAN_POINT('Ctrl Pts',(3.15234567807036,-6.01557353778564,-2.23493303509751));
#2345=CARTESIAN_POINT('Ctrl Pts',(0.115721583910813,-6.79041300613663,-2.46651785654951));
#2346=CARTESIAN_POINT('Ctrl Pts',(-2.9451362832323,-6.11966249069439,-2.6981026780015));
#2347=CARTESIAN_POINT('Ctrl Pts',(-5.37982779697708,-4.1453775229542,-2.92968749945349));
#2348=CARTESIAN_POINT('Ctrl Pts',(-6.66705727085517,-1.28959316665394,-3.16127232090549));
#2349=CARTESIAN_POINT('Ctrl Pts',(-6.52503712117608,2.19148942450894,-3.41858878918548));
#2350=CARTESIAN_POINT('Ctrl Pts',(-4.36844011713831,5.45216543351533,-3.70163690429347));
#2351=CARTESIAN_POINT('Ctrl Pts',(-0.379073090763236,6.9778732299332,-4.01041666622946));
#2352=CARTESIAN_POINT('Ctrl Pts',(3.7478955198519,5.89325367586508,-4.31919642816545));
#2353=CARTESIAN_POINT('Ctrl Pts',(6.47805413706684,2.61621577238538,-4.62797619010144));
#2354=CARTESIAN_POINT('Ctrl Pts',(6.79078496415504,-1.64609727924838,-4.93675595203743));
#2355=CARTESIAN_POINT('Ctrl Pts',(4.81330484805561,-4.87212575204687,-5.21122685153609));
#2356=CARTESIAN_POINT('Ctrl Pts',(1.17488957812995,-6.89846877523426,-5.52000661347208));
#2357=CARTESIAN_POINT('Ctrl Pts',(-3.20804752930174,-6.40348299856996,-5.82878637540808));
#2358=CARTESIAN_POINT('Ctrl Pts',(-6.3765132707551,-2.8486428027002,-6.1718749997814));
#2359=CARTESIAN_POINT('Ctrl Pts',(-6.84675349790842,1.38361051411902,-6.48065476171739));
#2360=CARTESIAN_POINT('Ctrl Pts',(-4.76261728307044,5.11263527244831,-6.78943452365338));
#2361=CARTESIAN_POINT('Ctrl Pts',(-0.900157607573171,6.92680729558266,-7.09821428558937));
#2362=CARTESIAN_POINT('Ctrl Pts',(3.29700294355915,6.15971338000765,-7.40699404752536));
#2363=CARTESIAN_POINT('Ctrl Pts',(6.26622160248881,3.08982556027251,-7.71577380946135));
#2364=CARTESIAN_POINT('Ctrl Pts',(6.89149878585768,-1.12676082792026,-8.02455357139734));
#2365=CARTESIAN_POINT('Ctrl Pts',(4.74190857111915,-5.35878422453855,-8.36764219577066));
#2366=CARTESIAN_POINT('Ctrl Pts',(-0.29491567177504,-7.33989217717257,-8.74503968258132));
#2367=CARTESIAN_POINT('Ctrl Pts',(-5.01083131087172,-5.03546591741152,-9.11100088191286));
#2368=CARTESIAN_POINT('Ctrl Pts',(-6.42301882677655,-1.89003707877946,-9.3625992064533));
#2369=CARTESIAN_POINT('Ctrl Pts',(-6.57070668759493,-0.0852545415500796,
-9.49983465620263));
#2370=CARTESIAN_POINT('Ctrl Pts',(-6.4849310265103,1.42026115206234,-9.61419753099374));
#2371=CARTESIAN_POINT('Ctrl Pts',(-5.49632777420954,4.34740569326017,-9.84292328057596));
#2372=CARTESIAN_POINT('Ctrl Pts',(-1.89659250863515,6.90096141069402,-10.1517030425119));
#2373=CARTESIAN_POINT('Ctrl Pts',(2.8322920687785,6.3833923729372,-10.4947916668853));
#2374=CARTESIAN_POINT('Ctrl Pts',(6.0146957022049,3.55234100324966,-10.8035714288213));
#2375=CARTESIAN_POINT('Ctrl Pts',(6.95992776743773,-0.612201550136078,-11.1123511907573));
#2376=CARTESIAN_POINT('Ctrl Pts',(5.30513599078797,-4.54720939239428,-11.4211309526932));
#2377=CARTESIAN_POINT('Ctrl Pts',(1.67033553238273,-6.7823636009306,-11.7299107146292));
#2378=CARTESIAN_POINT('Ctrl Pts',(-2.58774945572528,-6.48877567083272,-12.0386904765652));
#2379=CARTESIAN_POINT('Ctrl Pts',(-5.87902337228043,-3.77338199183433,-12.3474702385012));
#2380=CARTESIAN_POINT('Ctrl Pts',(-6.97892605217674,0.351978715353295,-12.6562500004372));
#2381=CARTESIAN_POINT('Ctrl Pts',(-5.46997696819823,4.34353381183738,-12.9650297623732));
#2382=CARTESIAN_POINT('Ctrl Pts',(-1.92273761339913,6.71604668307852,-13.2738095243092));
#2383=CARTESIAN_POINT('Ctrl Pts',(2.34295466207188,6.58139143587164,-13.5825892862452));
#2384=CARTESIAN_POINT('Ctrl Pts',(5.73413543657864,3.99044295694983,-13.8913690481812));
#2385=CARTESIAN_POINT('Ctrl Pts',(6.98561102535123,-0.0898863080025646,
-14.2001488101172));
#2386=CARTESIAN_POINT('Ctrl Pts',(5.6292869647427,-4.13666580716294,-14.5089285720531));
#2387=CARTESIAN_POINT('Ctrl Pts',(2.17341409974276,-6.63956284133135,-14.8177083339891));
#2388=CARTESIAN_POINT('Ctrl Pts',(-2.09671118330515,-6.66448216468189,-15.1264880959251));
#2389=CARTESIAN_POINT('Ctrl Pts',(-5.57767185714778,-4.20201625556431,-15.4352678578611));
#2390=CARTESIAN_POINT('Ctrl Pts',(-7.14917168947832,0.276555367682179,-15.7783564822344));
#2391=CARTESIAN_POINT('Ctrl Pts',(-5.10783644175337,5.29107422984767,-16.1557539690451));
#2392=CARTESIAN_POINT('Ctrl Pts',(0.446006645213844,7.32834513682421,-16.5674603182931));
#2393=CARTESIAN_POINT('Ctrl Pts',(5.25588678526732,4.86242722544417,-16.9448578051037));
#2394=CARTESIAN_POINT('Ctrl Pts',(6.96884678486691,0.428372620777873,-17.2879464294771));
#2395=CARTESIAN_POINT('Ctrl Pts',(5.92670071064485,-3.70186288540785,-17.5967261914131));
#2396=CARTESIAN_POINT('Ctrl Pts',(2.66121537729876,-6.46051847248105,-17.905505953349));
#2397=CARTESIAN_POINT('Ctrl Pts',(-1.23498919340573,-6.7710259932839,-18.188554068457));
#2398=CARTESIAN_POINT('Ctrl Pts',(-4.35139281349603,-5.2134678035521,-18.445870536737));
#2399=CARTESIAN_POINT('Ctrl Pts',(-6.22918953458886,-2.70605463867635,-18.677455358189));
#2400=CARTESIAN_POINT('Ctrl Pts',(-6.78090185340147,0.379445231623903,-18.909040179641));
#2401=CARTESIAN_POINT('Ctrl Pts',(-5.88858948335851,3.38337346528911,-19.140625001093));
#2402=CARTESIAN_POINT('Ctrl Pts',(-3.74280373819387,5.66704240707292,-19.372209822545));
#2403=CARTESIAN_POINT('Ctrl Pts',(-0.799399814871375,6.74450608912343,-19.603794643997));
#2404=CARTESIAN_POINT('Ctrl Pts',(2.3127630610038,6.38468867800652,-19.835379465449));
#2405=CARTESIAN_POINT('Ctrl Pts',(5.2273110691109,4.4777128847849,-20.092695933729));
#2406=CARTESIAN_POINT('Ctrl Pts',(6.92300166967412,0.953111424219249,-20.375744048837));
#2407=CARTESIAN_POINT('Ctrl Pts',(6.18103169915712,-3.25142532122435,-20.684523810773));
#2408=CARTESIAN_POINT('Ctrl Pts',(3.39264499693152,-5.99110827535717,-20.967571925881));
#2409=CARTESIAN_POINT('Ctrl Pts',(0.000578129297162546,-6.79045833592296,
-21.224888394161));
#2410=CARTESIAN_POINT('Ctrl Pts',(-3.04733162408556,-6.06978338212051,-21.456473215613));
#2411=CARTESIAN_POINT('Ctrl Pts',(-5.44855533235074,-4.05432841344572,-21.6880580370649));
#2412=CARTESIAN_POINT('Ctrl Pts',(-6.68863377488998,-1.17679076673414,-21.9196428585169));
#2413=CARTESIAN_POINT('Ctrl Pts',(-6.50500166098975,1.95180168057308,-22.1512276799689));
#2414=CARTESIAN_POINT('Ctrl Pts',(-4.93610547596478,4.6645750180596,-22.3828125014209));
#2415=CARTESIAN_POINT('Ctrl Pts',(-2.31629805161799,6.38426190995425,-22.6143973228729));
#2416=CARTESIAN_POINT('Ctrl Pts',(0.796741561389103,6.74455483283243,-22.8459821443249));
#2417=CARTESIAN_POINT('Ctrl Pts',(3.74011947435138,5.66880938399075,-23.0775669657769));
#2418=CARTESIAN_POINT('Ctrl Pts',(5.88715512759164,3.3860436802791,-23.3091517872289));
#2419=CARTESIAN_POINT('Ctrl Pts',(6.78068689914888,0.382321882491727,-23.5407366086809));
#2420=CARTESIAN_POINT('Ctrl Pts',(6.23046746101366,-2.70280762921296,-23.7723214301329));
#2421=CARTESIAN_POINT('Ctrl Pts',(4.35365025440317,-5.21244938248621,-24.0039062515849));
#2422=CARTESIAN_POINT('Ctrl Pts',(1.54984571604578,-6.61225628303532,-24.2354910730369));
#2423=CARTESIAN_POINT('Ctrl Pts',(-1.58394430225411,-6.60416497299419,-24.4670758944889));
#2424=CARTESIAN_POINT('Ctrl Pts',(-4.38049333547196,-5.18993632675389,-24.6986607159408));
#2425=CARTESIAN_POINT('Ctrl Pts',(-6.24429402762832,-2.67062101405449,-24.9302455373928));
#2426=CARTESIAN_POINT('Ctrl Pts',(-6.77862163090422,0.417179472456446,-25.1618303588448));
#2427=CARTESIAN_POINT('Ctrl Pts',(-5.86939837961334,3.41634121798312,-25.3934151802968));
#2428=CARTESIAN_POINT('Ctrl Pts',(-4.43033327594657,4.93033159512091,-25.5478050612648));
#2429=CARTESIAN_POINT('Ctrl Pts',(-3.57888289693967,5.48580871066397,-25.6250000017488));
#2430=CARTESIAN_POINT('Ctrl Pts',(-3.92307104818706,-4.86538935244412,2.77555756156289E-16));
#2431=CARTESIAN_POINT('Ctrl Pts',(-4.67822636377467,-4.25649091886283,-0.0771949404839975));
#2432=CARTESIAN_POINT('Ctrl Pts',(-5.89945972491142,-2.68132553235395,-0.231584821451993));
#2433=CARTESIAN_POINT('Ctrl Pts',(-6.47544404929643,0.253092668856265,-0.463169642903986));
#2434=CARTESIAN_POINT('Ctrl Pts',(-5.67246034571432,3.13342103270242,-0.694754464355979));
#2435=CARTESIAN_POINT('Ctrl Pts',(-3.66174183660519,5.34672368492593,-0.926339285807972));
#2436=CARTESIAN_POINT('Ctrl Pts',(-0.871317906829942,6.42155330235907,-1.15792410725997));
#2437=CARTESIAN_POINT('Ctrl Pts',(2.1046156703208,6.1291281738882,-1.38950892871196));
#2438=CARTESIAN_POINT('Ctrl Pts',(4.6324436658977,4.53167081904433,-1.62109375016395));
#2439=CARTESIAN_POINT('Ctrl Pts',(6.17391616248396,1.96933472150701,-1.85267857161595));
#2440=CARTESIAN_POINT('Ctrl Pts',(6.40084862286889,-1.01232573250108,-2.08426339306794));
#2441=CARTESIAN_POINT('Ctrl Pts',(5.2648672905883,-3.77841821198168,-2.31584821451993));
#2442=CARTESIAN_POINT('Ctrl Pts',(3.00796343327311,-5.74005108567307,-2.54743303597192));
#2443=CARTESIAN_POINT('Ctrl Pts',(0.110421358693519,-6.47940172341253,-2.77901785742392));
#2444=CARTESIAN_POINT('Ctrl Pts',(-2.81024454506886,-5.83937260562416,-3.01060267887591));
#2445=CARTESIAN_POINT('Ctrl Pts',(-5.13342347039775,-3.95551290358208,-3.2421875003279));
#2446=CARTESIAN_POINT('Ctrl Pts',(-6.36169586913633,-1.2305278307766,-3.4737723217799));
#2447=CARTESIAN_POINT('Ctrl Pts',(-6.22618045913721,2.09111586308096,-3.73108879005989));
#2448=CARTESIAN_POINT('Ctrl Pts',(-4.16835889039897,5.20244793274341,-4.01413690516788));
#2449=CARTESIAN_POINT('Ctrl Pts',(-0.361710964468722,6.65827598276039,-4.32291666710387));
#2450=CARTESIAN_POINT('Ctrl Pts',(3.57623618306463,5.62333366017635,-4.63169642903986));
#2451=CARTESIAN_POINT('Ctrl Pts',(6.18134936742991,2.49638909578746,-4.94047619097585));
#2452=CARTESIAN_POINT('Ctrl Pts',(6.47975664518582,-1.57070351073311,-5.24925595291184));
#2453=CARTESIAN_POINT('Ctrl Pts',(4.59284813745744,-4.64897495424298,-5.5237268524105));
#2454=CARTESIAN_POINT('Ctrl Pts',(1.121077841727,-6.58250837331483,-5.83250661434649));
#2455=CARTESIAN_POINT('Ctrl Pts',(-3.0611140546771,-6.11019370092525,-6.14128637628249));
#2456=CARTESIAN_POINT('Ctrl Pts',(-6.08445922781948,-2.71817061326343,-6.48437500065581));
#2457=CARTESIAN_POINT('Ctrl Pts',(-6.53316173464515,1.32023904018985,-6.7931547625918));
#2458=CARTESIAN_POINT('Ctrl Pts',(-4.54448214033419,4.87846877141993,-7.10193452452779));
#2459=CARTESIAN_POINT('Ctrl Pts',(-0.858929014859857,6.60954894616636,-7.41071428646378));
#2460=CARTESIAN_POINT('Ctrl Pts',(3.14599517515172,5.87758910306047,-7.71949404839977));
#2461=CARTESIAN_POINT('Ctrl Pts',(5.97921908634402,2.94830683232096,-8.02827381033576));
#2462=CARTESIAN_POINT('Ctrl Pts',(6.57585762009291,-1.07515346175592,-8.33705357227176));
#2463=CARTESIAN_POINT('Ctrl Pts',(4.52472191900663,-5.11334372570449,-8.68014219664507));
#2464=CARTESIAN_POINT('Ctrl Pts',(-0.281408083754799,-7.0037139095155,-9.05753968345573));
#2465=CARTESIAN_POINT('Ctrl Pts',(-4.78132758670944,-4.80483389065963,-9.42350088278727));
#2466=CARTESIAN_POINT('Ctrl Pts',(-6.1288347583743,-1.80347049501849,-9.67509920732771));
#2467=CARTESIAN_POINT('Ctrl Pts',(-6.26975828968954,-0.0813497533874767,
-9.81233465707704));
#2468=CARTESIAN_POINT('Ctrl Pts',(-6.1879112848378,1.35521102296019,-9.92669753186815));
#2469=CARTESIAN_POINT('Ctrl Pts',(-5.24458757081039,4.14828787524807,-10.1554232814504));
#2470=CARTESIAN_POINT('Ctrl Pts',(-1.8097256761785,6.58488684226499,-10.4642030433864));
#2471=CARTESIAN_POINT('Ctrl Pts',(2.7025687679183,6.0910232566192,-10.8072916677597));
#2472=CARTESIAN_POINT('Ctrl Pts',(5.73921345630213,3.38963836187929,-11.1160714296957));
#2473=CARTESIAN_POINT('Ctrl Pts',(6.64115244984487,-0.584161784480963,-11.4248511916317));
#2474=CARTESIAN_POINT('Ctrl Pts',(5.06215266296539,-4.33894025991802,-11.7336309535676));
#2475=CARTESIAN_POINT('Ctrl Pts',(1.59383161486894,-6.47172099325411,-12.0424107155036));
#2476=CARTESIAN_POINT('Ctrl Pts',(-2.46922657989043,-6.19157983858056,-12.3511904774396));
#2477=CARTESIAN_POINT('Ctrl Pts',(-5.60975512622153,-3.60055533571963,-12.6599702393756));
#2478=CARTESIAN_POINT('Ctrl Pts',(-6.65928058413781,0.335857552818017,-12.9687500013116));
#2479=CARTESIAN_POINT('Ctrl Pts',(-5.21944367194464,4.14459333190572,-13.2775297632476));
#2480=CARTESIAN_POINT('Ctrl Pts',(-1.83467329522809,6.40844149148685,-13.5863095251836));
#2481=CARTESIAN_POINT('Ctrl Pts',(2.23564376151887,6.27995366018258,-13.8950892871196));
#2482=CARTESIAN_POINT('Ctrl Pts',(5.47150327917785,3.80767457724203,-14.2038690490556));
#2483=CARTESIAN_POINT('Ctrl Pts',(6.66565937533485,-0.0857693778650395,
-14.5126488109916));
#2484=CARTESIAN_POINT('Ctrl Pts',(5.371457027426,-3.94720019767438,-14.8214285729276));
#2485=CARTESIAN_POINT('Ctrl Pts',(2.07386841578498,-6.33546072646093,-15.1302083348635));
#2486=CARTESIAN_POINT('Ctrl Pts',(-2.00067861002391,-6.35923870675725,-15.4389880967995));
#2487=CARTESIAN_POINT('Ctrl Pts',(-5.32220597056062,-4.00955749576729,-15.7477678587355));
#2488=CARTESIAN_POINT('Ctrl Pts',(-6.82172871133397,0.263888709620388,-16.0908564831089));
#2489=CARTESIAN_POINT('Ctrl Pts',(-4.87388973449728,5.0487349521445,-16.4682539699195));
#2490=CARTESIAN_POINT('Ctrl Pts',(0.425578859936857,6.99269574124417,-16.8799603191675));
#2491=CARTESIAN_POINT('Ctrl Pts',(5.01515914624722,4.63972063496561,-17.2573578059782));
#2492=CARTESIAN_POINT('Ctrl Pts',(6.64966296265897,0.408752500742225,-17.6004464303515));
#2493=CARTESIAN_POINT('Ctrl Pts',(5.65524876969904,-3.53231191355695,-17.9092261922875));
#2494=CARTESIAN_POINT('Ctrl Pts',(2.53932765009412,-6.16461686305416,-18.2180059542235));
#2495=CARTESIAN_POINT('Ctrl Pts',(-1.17842480286801,-6.46090266534695,-18.5010540693315));
#2496=CARTESIAN_POINT('Ctrl Pts',(-4.15209237928992,-4.97468301865637,-18.7583705376114));
#2497=CARTESIAN_POINT('Ctrl Pts',(-5.9438831436914,-2.58211320484373,-18.9899553590634));
#2498=CARTESIAN_POINT('Ctrl Pts',(-6.47032619599348,0.362066060709815,-19.2215401805154));
#2499=CARTESIAN_POINT('Ctrl Pts',(-5.61888309480749,3.22840979512305,-19.4531250019674));
#2500=CARTESIAN_POINT('Ctrl Pts',(-3.57137761278025,5.4074832128556,-19.6847098234194));
#2501=CARTESIAN_POINT('Ctrl Pts',(-0.762786082892499,6.43559741328543,-19.9162946448714));
#2502=CARTESIAN_POINT('Ctrl Pts',(2.20683498187376,6.09226018893725,-20.1478794663234));
#2503=CARTESIAN_POINT('Ctrl Pts',(4.98789224151781,4.27262679845868,-20.4051959346034));
#2504=CARTESIAN_POINT('Ctrl Pts',(6.60591762373455,0.909457465858021,-20.6882440497114));
#2505=CARTESIAN_POINT('Ctrl Pts',(5.89793101064584,-3.10250507750402,-20.9970238116474));
#2506=CARTESIAN_POINT('Ctrl Pts',(3.23725667646123,-5.71670636961536,-21.2800719267554));
#2507=CARTESIAN_POINT('Ctrl Pts',(0.000551650092712264,-6.47944497702544,
-21.5373883950354));
#2508=CARTESIAN_POINT('Ctrl Pts',(-2.90775918328762,-5.79177803637427,-21.7689732164874));
#2509=CARTESIAN_POINT('Ctrl Pts',(-5.19900317972376,-3.86863398229537,-22.0005580379393));
#2510=CARTESIAN_POINT('Ctrl Pts',(-6.38228413634512,-1.12289195299054,-22.2321428593913));
#2511=CARTESIAN_POINT('Ctrl Pts',(-6.2070626536159,1.86240618375285,-22.4637276808433));
#2512=CARTESIAN_POINT('Ctrl Pts',(-4.71002430912649,4.4509303607437,-22.6953125022953));
#2513=CARTESIAN_POINT('Ctrl Pts',(-2.21020806452088,6.09185296751332,-22.9268973237473));
#2514=CARTESIAN_POINT('Ctrl Pts',(0.76024958147812,6.43564392445814,-23.1584821451993));
#2515=CARTESIAN_POINT('Ctrl Pts',(3.56881629231986,5.40916925953292,-23.3900669666513));
#2516=CARTESIAN_POINT('Ctrl Pts',(5.6175144347246,3.23095771018984,-23.6216517881033));
#2517=CARTESIAN_POINT('Ctrl Pts',(6.47012108697384,0.364810956576058,-23.8532366095553));
#2518=CARTESIAN_POINT('Ctrl Pts',(5.9451025391349,-2.57901491337103,-24.0848214310073));
#2519=CARTESIAN_POINT('Ctrl Pts',(4.15424642595704,-4.97371124283013,-24.3164062524593));
#2520=CARTESIAN_POINT('Ctrl Pts',(1.47886041607415,-6.30940485022426,-24.5479910739113));
#2521=CARTESIAN_POINT('Ctrl Pts',(-1.51139723497523,-6.30168413453616,-24.7795758953633));
#2522=CARTESIAN_POINT('Ctrl Pts',(-4.17986005293107,-4.95222931942143,-25.0111607168153));
#2523=CARTESIAN_POINT('Ctrl Pts',(-5.95829582788935,-2.54830249432669,-25.2427455382673));
#2524=CARTESIAN_POINT('Ctrl Pts',(-6.46815041116786,0.398072015702699,-25.4743303597193));
#2525=CARTESIAN_POINT('Ctrl Pts',(-5.60057097291325,3.25986757441123,-25.7059151811712));
#2526=CARTESIAN_POINT('Ctrl Pts',(-4.22741724804044,4.70451488084036,-25.8603050621392));
#2527=CARTESIAN_POINT('Ctrl Pts',(-3.41496459631633,5.23455029643485,-25.9375000026232));
#2528=CARTESIAN_POINT('',(-3.92307104818707,-4.86538935244412,0.));
#2529=CARTESIAN_POINT('Ctrl Pts',(-3.92307104818706,-4.86538935244412,2.77555756156289E-16));
#2530=CARTESIAN_POINT('Ctrl Pts',(-4.67822636377467,-4.25649091886283,-0.0771949404839975));
#2531=CARTESIAN_POINT('Ctrl Pts',(-5.89945972491142,-2.68132553235395,-0.231584821451993));
#2532=CARTESIAN_POINT('Ctrl Pts',(-6.47544404929643,0.253092668856265,-0.463169642903986));
#2533=CARTESIAN_POINT('Ctrl Pts',(-5.67246034571432,3.13342103270242,-0.694754464355979));
#2534=CARTESIAN_POINT('Ctrl Pts',(-3.66174183660519,5.34672368492593,-0.926339285807972));
#2535=CARTESIAN_POINT('Ctrl Pts',(-0.871317906829942,6.42155330235907,-1.15792410725997));
#2536=CARTESIAN_POINT('Ctrl Pts',(2.1046156703208,6.1291281738882,-1.38950892871196));
#2537=CARTESIAN_POINT('Ctrl Pts',(4.6324436658977,4.53167081904433,-1.62109375016395));
#2538=CARTESIAN_POINT('Ctrl Pts',(6.17391616248396,1.96933472150701,-1.85267857161595));
#2539=CARTESIAN_POINT('Ctrl Pts',(6.40084862286889,-1.01232573250108,-2.08426339306794));
#2540=CARTESIAN_POINT('Ctrl Pts',(5.2648672905883,-3.77841821198168,-2.31584821451993));
#2541=CARTESIAN_POINT('Ctrl Pts',(3.00796343327311,-5.74005108567307,-2.54743303597192));
#2542=CARTESIAN_POINT('Ctrl Pts',(0.110421358693519,-6.47940172341253,-2.77901785742392));
#2543=CARTESIAN_POINT('Ctrl Pts',(-2.81024454506886,-5.83937260562416,-3.01060267887591));
#2544=CARTESIAN_POINT('Ctrl Pts',(-5.13342347039775,-3.95551290358208,-3.2421875003279));
#2545=CARTESIAN_POINT('Ctrl Pts',(-6.36169586913633,-1.2305278307766,-3.4737723217799));
#2546=CARTESIAN_POINT('Ctrl Pts',(-6.22618045913721,2.09111586308096,-3.73108879005989));
#2547=CARTESIAN_POINT('Ctrl Pts',(-4.16835889039897,5.20244793274341,-4.01413690516788));
#2548=CARTESIAN_POINT('Ctrl Pts',(-0.361710964468722,6.65827598276039,-4.32291666710387));
#2549=CARTESIAN_POINT('Ctrl Pts',(3.57623618306463,5.62333366017635,-4.63169642903986));
#2550=CARTESIAN_POINT('Ctrl Pts',(6.18134936742991,2.49638909578746,-4.94047619097585));
#2551=CARTESIAN_POINT('Ctrl Pts',(6.47975664518582,-1.57070351073311,-5.24925595291184));
#2552=CARTESIAN_POINT('Ctrl Pts',(4.59284813745744,-4.64897495424298,-5.5237268524105));
#2553=CARTESIAN_POINT('Ctrl Pts',(1.121077841727,-6.58250837331483,-5.83250661434649));
#2554=CARTESIAN_POINT('Ctrl Pts',(-3.0611140546771,-6.11019370092525,-6.14128637628249));
#2555=CARTESIAN_POINT('Ctrl Pts',(-6.08445922781948,-2.71817061326343,-6.48437500065581));
#2556=CARTESIAN_POINT('Ctrl Pts',(-6.53316173464515,1.32023904018985,-6.7931547625918));
#2557=CARTESIAN_POINT('Ctrl Pts',(-4.54448214033419,4.87846877141993,-7.10193452452779));
#2558=CARTESIAN_POINT('Ctrl Pts',(-0.858929014859857,6.60954894616636,-7.41071428646378));
#2559=CARTESIAN_POINT('Ctrl Pts',(3.14599517515172,5.87758910306047,-7.71949404839977));
#2560=CARTESIAN_POINT('Ctrl Pts',(5.97921908634402,2.94830683232096,-8.02827381033576));
#2561=CARTESIAN_POINT('Ctrl Pts',(6.57585762009291,-1.07515346175592,-8.33705357227176));
#2562=CARTESIAN_POINT('Ctrl Pts',(4.52472191900663,-5.11334372570449,-8.68014219664507));
#2563=CARTESIAN_POINT('Ctrl Pts',(-0.281408083754799,-7.0037139095155,-9.05753968345573));
#2564=CARTESIAN_POINT('Ctrl Pts',(-4.78132758670944,-4.80483389065963,-9.42350088278727));
#2565=CARTESIAN_POINT('Ctrl Pts',(-6.1288347583743,-1.80347049501849,-9.67509920732771));
#2566=CARTESIAN_POINT('Ctrl Pts',(-6.26975828968954,-0.0813497533874767,
-9.81233465707704));
#2567=CARTESIAN_POINT('Ctrl Pts',(-6.1879112848378,1.35521102296019,-9.92669753186815));
#2568=CARTESIAN_POINT('Ctrl Pts',(-5.24458757081039,4.14828787524807,-10.1554232814504));
#2569=CARTESIAN_POINT('Ctrl Pts',(-1.8097256761785,6.58488684226499,-10.4642030433864));
#2570=CARTESIAN_POINT('Ctrl Pts',(2.7025687679183,6.0910232566192,-10.8072916677597));
#2571=CARTESIAN_POINT('Ctrl Pts',(5.73921345630213,3.38963836187929,-11.1160714296957));
#2572=CARTESIAN_POINT('Ctrl Pts',(6.64115244984487,-0.584161784480963,-11.4248511916317));
#2573=CARTESIAN_POINT('Ctrl Pts',(5.06215266296539,-4.33894025991802,-11.7336309535676));
#2574=CARTESIAN_POINT('Ctrl Pts',(1.59383161486894,-6.47172099325411,-12.0424107155036));
#2575=CARTESIAN_POINT('Ctrl Pts',(-2.46922657989043,-6.19157983858056,-12.3511904774396));
#2576=CARTESIAN_POINT('Ctrl Pts',(-5.60975512622153,-3.60055533571963,-12.6599702393756));
#2577=CARTESIAN_POINT('Ctrl Pts',(-6.65928058413781,0.335857552818017,-12.9687500013116));
#2578=CARTESIAN_POINT('Ctrl Pts',(-5.21944367194464,4.14459333190572,-13.2775297632476));
#2579=CARTESIAN_POINT('Ctrl Pts',(-1.83467329522809,6.40844149148685,-13.5863095251836));
#2580=CARTESIAN_POINT('Ctrl Pts',(2.23564376151887,6.27995366018258,-13.8950892871196));
#2581=CARTESIAN_POINT('Ctrl Pts',(5.47150327917785,3.80767457724203,-14.2038690490556));
#2582=CARTESIAN_POINT('Ctrl Pts',(6.66565937533485,-0.0857693778650395,
-14.5126488109916));
#2583=CARTESIAN_POINT('Ctrl Pts',(5.371457027426,-3.94720019767438,-14.8214285729276));
#2584=CARTESIAN_POINT('Ctrl Pts',(2.07386841578498,-6.33546072646093,-15.1302083348635));
#2585=CARTESIAN_POINT('Ctrl Pts',(-2.00067861002391,-6.35923870675725,-15.4389880967995));
#2586=CARTESIAN_POINT('Ctrl Pts',(-5.32220597056062,-4.00955749576729,-15.7477678587355));
#2587=CARTESIAN_POINT('Ctrl Pts',(-6.82172871133397,0.263888709620388,-16.0908564831089));
#2588=CARTESIAN_POINT('Ctrl Pts',(-4.87388973449728,5.0487349521445,-16.4682539699195));
#2589=CARTESIAN_POINT('Ctrl Pts',(0.425578859936857,6.99269574124417,-16.8799603191675));
#2590=CARTESIAN_POINT('Ctrl Pts',(5.01515914624722,4.63972063496561,-17.2573578059782));
#2591=CARTESIAN_POINT('Ctrl Pts',(6.64966296265897,0.408752500742225,-17.6004464303515));
#2592=CARTESIAN_POINT('Ctrl Pts',(5.65524876969904,-3.53231191355695,-17.9092261922875));
#2593=CARTESIAN_POINT('Ctrl Pts',(2.53932765009412,-6.16461686305416,-18.2180059542235));
#2594=CARTESIAN_POINT('Ctrl Pts',(-1.17842480286801,-6.46090266534695,-18.5010540693315));
#2595=CARTESIAN_POINT('Ctrl Pts',(-4.15209237928992,-4.97468301865637,-18.7583705376114));
#2596=CARTESIAN_POINT('Ctrl Pts',(-5.9438831436914,-2.58211320484373,-18.9899553590634));
#2597=CARTESIAN_POINT('Ctrl Pts',(-6.47032619599348,0.362066060709815,-19.2215401805154));
#2598=CARTESIAN_POINT('Ctrl Pts',(-5.61888309480749,3.22840979512305,-19.4531250019674));
#2599=CARTESIAN_POINT('Ctrl Pts',(-3.57137761278025,5.4074832128556,-19.6847098234194));
#2600=CARTESIAN_POINT('Ctrl Pts',(-0.762786082892499,6.43559741328543,-19.9162946448714));
#2601=CARTESIAN_POINT('Ctrl Pts',(2.20683498187376,6.09226018893725,-20.1478794663234));
#2602=CARTESIAN_POINT('Ctrl Pts',(4.98789224151781,4.27262679845868,-20.4051959346034));
#2603=CARTESIAN_POINT('Ctrl Pts',(6.60591762373455,0.909457465858021,-20.6882440497114));
#2604=CARTESIAN_POINT('Ctrl Pts',(5.89793101064584,-3.10250507750402,-20.9970238116474));
#2605=CARTESIAN_POINT('Ctrl Pts',(3.23725667646123,-5.71670636961536,-21.2800719267554));
#2606=CARTESIAN_POINT('Ctrl Pts',(0.000551650092712264,-6.47944497702544,
-21.5373883950354));
#2607=CARTESIAN_POINT('Ctrl Pts',(-2.90775918328762,-5.79177803637427,-21.7689732164874));
#2608=CARTESIAN_POINT('Ctrl Pts',(-5.19900317972376,-3.86863398229537,-22.0005580379393));
#2609=CARTESIAN_POINT('Ctrl Pts',(-6.38228413634512,-1.12289195299054,-22.2321428593913));
#2610=CARTESIAN_POINT('Ctrl Pts',(-6.2070626536159,1.86240618375285,-22.4637276808433));
#2611=CARTESIAN_POINT('Ctrl Pts',(-4.71002430912649,4.4509303607437,-22.6953125022953));
#2612=CARTESIAN_POINT('Ctrl Pts',(-2.21020806452088,6.09185296751332,-22.9268973237473));
#2613=CARTESIAN_POINT('Ctrl Pts',(0.76024958147812,6.43564392445814,-23.1584821451993));
#2614=CARTESIAN_POINT('Ctrl Pts',(3.56881629231986,5.40916925953292,-23.3900669666513));
#2615=CARTESIAN_POINT('Ctrl Pts',(5.6175144347246,3.23095771018984,-23.6216517881033));
#2616=CARTESIAN_POINT('Ctrl Pts',(6.47012108697384,0.364810956576058,-23.8532366095553));
#2617=CARTESIAN_POINT('Ctrl Pts',(5.9451025391349,-2.57901491337103,-24.0848214310073));
#2618=CARTESIAN_POINT('Ctrl Pts',(4.15424642595704,-4.97371124283013,-24.3164062524593));
#2619=CARTESIAN_POINT('Ctrl Pts',(1.47886041607415,-6.30940485022426,-24.5479910739113));
#2620=CARTESIAN_POINT('Ctrl Pts',(-1.46335404493737,-6.30180817997114,-24.7758551211407));
#2621=CARTESIAN_POINT('Ctrl Pts',(-3.20450174698362,-5.4448902949222,-24.9265242278861));
#2622=CARTESIAN_POINT('Ctrl Pts',(-3.92332933127815,-4.86570970679603,-24.9999983941475));
#2623=CARTESIAN_POINT('Ctrl Pts',(-3.90699607841537,5.98870724456589,-5.52663190927454E-12));
#2624=CARTESIAN_POINT('Ctrl Pts',(-3.94982594751381,5.95652498115558,-5.40681296005685E-12));
#2625=CARTESIAN_POINT('Ctrl Pts',(-3.99226835334955,5.9238687271623,-5.2798360259034E-12));
#2626=CARTESIAN_POINT('Ctrl Pts',(-4.03431432743583,5.89074250091824,-5.14589933164888E-12));
#2627=CARTESIAN_POINT('Ctrl Pts',(-4.18428273009929,5.77258880501631,-4.66813739122385E-12));
#2628=CARTESIAN_POINT('Ctrl Pts',(-4.32921055534114,5.64845915970824,-4.11022305948567E-12));
#2629=CARTESIAN_POINT('Ctrl Pts',(-4.46882970138624,5.51874499135284,-3.54196533214335E-12));
#2630=CARTESIAN_POINT('Ctrl Pts',(-4.60897034505502,5.38854632189232,-2.97158508032761E-12));
#2631=CARTESIAN_POINT('Ctrl Pts',(-4.74376301363717,5.25272073977902,-2.39075631127002E-12));
#2632=CARTESIAN_POINT('Ctrl Pts',(-4.87289668573499,5.11163018479938,-1.86863025053441E-12));
#2633=CARTESIAN_POINT('Ctrl Pts',(-5.00057665804062,4.97212793213565,-1.35238193286657E-12));
#2634=CARTESIAN_POINT('Ctrl Pts',(-5.12272464189745,4.82747795327537,-8.92363057611973E-13));
#2635=CARTESIAN_POINT('Ctrl Pts',(-5.23899563568512,4.67800622678971,-5.5871973714261E-13));
#2636=CARTESIAN_POINT('Ctrl Pts',(-5.31910369535068,4.57502362043568,-3.28847108101655E-13));
#2637=CARTESIAN_POINT('Ctrl Pts',(-5.39642109423104,4.46975168737357,-1.58522719381899E-13));
#2638=CARTESIAN_POINT('Ctrl Pts',(-5.47082132836583,4.36229261723643,-6.96109836439973E-14));
#2639=CARTESIAN_POINT('Ctrl Pts',(-5.50346716330893,4.31514100397026,-3.05976944634082E-14));
#2640=CARTESIAN_POINT('Ctrl Pts',(-5.53555119380251,4.26756825632843,-7.27447488912271E-15));
#2641=CARTESIAN_POINT('Ctrl Pts',(-5.56706200015125,4.21958286503903,-1.47104550762833E-15));
#2642=CARTESIAN_POINT('Ctrl Pts',(-5.58052357754969,4.19908326081793,1.00820916236565E-15));
#2643=CARTESIAN_POINT('Ctrl Pts',(-5.59388123562477,4.1785071612058,8.9635717933283E-16));
#2644=CARTESIAN_POINT('Ctrl Pts',(-5.60712437667787,4.15787058456577,8.88178419700125E-16));
#2645=CARTESIAN_POINT('Ctrl Pts',(-5.70854317782084,3.99983127545214,8.25543732547016E-16));
#2646=CARTESIAN_POINT('Ctrl Pts',(-5.80338253265073,3.83804677397919,-4.85477979460114E-16));
#2647=CARTESIAN_POINT('Ctrl Pts',(-5.89137173979402,3.67287250092136,-3.33066907387547E-16));
#2648=CARTESIAN_POINT('Ctrl Pts',(-5.94887787020132,3.56492138288336,-2.33457293087358E-16));
#2649=CARTESIAN_POINT('Ctrl Pts',(-6.00345717490851,3.45552173544499,5.26890666369043E-16));
#2650=CARTESIAN_POINT('Ctrl Pts',(-6.05502333773724,3.34476733851462,4.9960036108132E-16));
#2651=CARTESIAN_POINT('Ctrl Pts',(-6.13412992777313,3.1748612956364,4.91770264953395E-16));
#2652=CARTESIAN_POINT('Ctrl Pts',(-6.20614787151391,3.00176730100506,5.47745681675541E-16));
#2653=CARTESIAN_POINT('Ctrl Pts',(-6.27097412957349,2.82594920297908,4.9960036108132E-16));
#2654=CARTESIAN_POINT('Ctrl Pts',(-6.33560542764202,2.65065986437627,4.51599833840182E-16));
#2655=CARTESIAN_POINT('Ctrl Pts',(-6.39308830574954,2.47266205016323,3.92752017509339E-16));
#2656=CARTESIAN_POINT('Ctrl Pts',(-6.44326934169188,2.29241013940116,3.88578058618805E-16));
#2657=CARTESIAN_POINT('Ctrl Pts',(-6.48917336658257,2.12752139123498,3.84759853011732E-16));
#2658=CARTESIAN_POINT('Ctrl Pts',(-6.52896667989534,1.96074594328026,5.09440214956419E-16));
#2659=CARTESIAN_POINT('Ctrl Pts',(-6.56249318690505,1.79243549293975,6.10622663543836E-16));
#2660=CARTESIAN_POINT('Ctrl Pts',(-6.56716998377665,1.76895694244886,6.24737159840084E-16));
#2661=CARTESIAN_POINT('Ctrl Pts',(-6.57172508541783,1.74544688327347,7.25905946020314E-16));
#2662=CARTESIAN_POINT('Ctrl Pts',(-6.57615703875105,1.72191145272027,7.21644966006352E-16));
#2663=CARTESIAN_POINT('Ctrl Pts',(-6.61025180316782,1.5408547267515,6.88865489590897E-16));
#2664=CARTESIAN_POINT('Ctrl Pts',(-6.63696668096512,1.35881308377772,1.60583086646054E-16));
#2665=CARTESIAN_POINT('Ctrl Pts',(-6.65623345667151,1.1762301815393,2.22044604925031E-16));
#2666=CARTESIAN_POINT('Ctrl Pts',(-6.67540327688139,0.994566084616928,2.83196832634984E-16));
#2667=CARTESIAN_POINT('Ctrl Pts',(-6.68719979262929,0.81236545169394,-2.18109612165499E-16));
#2668=CARTESIAN_POINT('Ctrl Pts',(-6.69150472665514,0.630061942074624,0.));
#2669=CARTESIAN_POINT('Ctrl Pts',(-6.69440622172964,0.507190666452184,1.47004335397891E-16));
#2670=CARTESIAN_POINT('Ctrl Pts',(-6.69390348978131,0.384272599987372,6.24100033172237E-16));
#2671=CARTESIAN_POINT('Ctrl Pts',(-6.68994701346994,0.261442080571049,7.21644966006352E-16));
#2672=CARTESIAN_POINT('Ctrl Pts',(-6.68404733249315,0.0782839313139417,
8.09538837764704E-16));
#2673=CARTESIAN_POINT('Ctrl Pts',(-6.67047022441723,-0.104680688643546,
5.69847585053498E-16));
#2674=CARTESIAN_POINT('Ctrl Pts',(-6.64929539339802,-0.286980957839299,
6.66133814775094E-16));
#2675=CARTESIAN_POINT('Ctrl Pts',(-6.63716221235776,-0.391439036764785,
7.21305837438954E-16));
#2676=CARTESIAN_POINT('Ctrl Pts',(-6.62253358188726,-0.495678666134817,
8.43571252439983E-16));
#2677=CARTESIAN_POINT('Ctrl Pts',(-6.60541759248463,-0.599607747831504,
8.88178419700125E-16));
#2678=CARTESIAN_POINT('Ctrl Pts',(-6.59582344280934,-0.657863869751032,
9.13182398682405E-16));
#2679=CARTESIAN_POINT('Ctrl Pts',(-6.58544767175751,-0.7160223645506,1.20676933925583E-15));
#2680=CARTESIAN_POINT('Ctrl Pts',(-6.57429104565968,-0.774066560376307,
1.22124532708767E-15));
#2681=CARTESIAN_POINT('Ctrl Pts',(-6.56908292622103,-0.80116266469401,1.22800298598558E-15));
#2682=CARTESIAN_POINT('Ctrl Pts',(-6.56370463662723,-0.828233856082011,
5.54804345999037E-16));
#2683=CARTESIAN_POINT('Ctrl Pts',(-6.55815622048834,-0.855278411409752,
5.55111512312578E-16));
#2684=CARTESIAN_POINT('Ctrl Pts',(-6.55350039793822,-0.87797221219922,5.55369263680433E-16));
#2685=CARTESIAN_POINT('Ctrl Pts',(-6.54872638162204,-0.900639367605233,
3.29458388237584E-16));
#2686=CARTESIAN_POINT('Ctrl Pts',(-6.54383569513884,-0.923273341653248,
3.33066907387547E-16));
#2687=CARTESIAN_POINT('Ctrl Pts',(-6.50573720958518,-1.09959217465403,3.6117729949247E-16));
#2688=CARTESIAN_POINT('Ctrl Pts',(-6.46054066275012,-1.27400702078143,3.89287691597393E-16));
#2689=CARTESIAN_POINT('Ctrl Pts',(-6.40839129897075,-1.44608917219131,3.33066907387547E-16));
#2690=CARTESIAN_POINT('Ctrl Pts',(-6.35631943795867,-1.61791558044409,2.7692967676377E-16));
#2691=CARTESIAN_POINT('Ctrl Pts',(-6.29731513171915,-1.78741690418286,1.43853462270485E-16));
#2692=CARTESIAN_POINT('Ctrl Pts',(-6.2314743801435,-1.95414838156983,2.22044604925031E-16));
#2693=CARTESIAN_POINT('Ctrl Pts',(-6.16651505830618,-2.11864777504268,2.99188979479866E-16));
#2694=CARTESIAN_POINT('Ctrl Pts',(-6.09490077200812,-2.28045157002815,7.47485203947289E-16));
#2695=CARTESIAN_POINT('Ctrl Pts',(-6.01668108538415,-2.4391058238834,7.7715611723761E-16));
#2696=CARTESIAN_POINT('Ctrl Pts',(-5.97700517290559,-2.51958111804526,7.92206299738661E-16));
#2697=CARTESIAN_POINT('Ctrl Pts',(-5.9356291097249,-2.59924558553258,1.14032338962726E-16));
#2698=CARTESIAN_POINT('Ctrl Pts',(-5.89255549208393,-2.67803657103375,1.11022302462516E-16));
#2699=CARTESIAN_POINT('Ctrl Pts',(-5.83322233083095,-2.78656978704984,1.04111847338417E-16));
#2700=CARTESIAN_POINT('Ctrl Pts',(-5.7706683119263,-2.89344599635064,5.27469691816183E-16));
#2701=CARTESIAN_POINT('Ctrl Pts',(-5.70497836496445,-2.99853339059172,5.55111512312578E-16));
#2702=CARTESIAN_POINT('Ctrl Pts',(-5.673184310233,-3.04939588201717,5.68490204097022E-16));
#2703=CARTESIAN_POINT('Ctrl Pts',(-5.64065553673011,-3.09983918634089,4.52116424920729E-16));
#2704=CARTESIAN_POINT('Ctrl Pts',(-5.60740113746578,-3.14984750796013,4.44089209850063E-16));
#2705=CARTESIAN_POINT('Ctrl Pts',(-5.59160858155373,-3.17359652260815,4.40277075346778E-16));
#2706=CARTESIAN_POINT('Ctrl Pts',(-5.5756501075684,-3.19725060873236,6.65180781149273E-16));
#2707=CARTESIAN_POINT('Ctrl Pts',(-5.55954226495334,-3.22078560356864,6.66133814775094E-16));
#2708=CARTESIAN_POINT('Ctrl Pts',(-5.46017784682678,-3.36596588148686,6.72012791491453E-16));
#2709=CARTESIAN_POINT('Ctrl Pts',(-5.35502635447026,-3.5067809087969,1.00575795402731E-15));
#2710=CARTESIAN_POINT('Ctrl Pts',(-5.24441356865482,-3.64292340505862,8.88178419700125E-16));
#2711=CARTESIAN_POINT('Ctrl Pts',(-5.13350002962008,-3.77943606914256,7.70279189749949E-16));
#2712=CARTESIAN_POINT('Ctrl Pts',(-5.01709492063944,-3.91125127335044,3.61558693699406E-16));
#2713=CARTESIAN_POINT('Ctrl Pts',(-4.89548878785691,-4.03802369416095,2.22044604925031E-16));
#2714=CARTESIAN_POINT('Ctrl Pts',(-4.77476989648345,-4.16387118019477,8.35484144578922E-17));
#2715=CARTESIAN_POINT('Ctrl Pts',(-4.6489250369416,-4.28474963209248,-3.15346272232722E-16));
#2716=CARTESIAN_POINT('Ctrl Pts',(-4.5182094368182,-4.40027928452526,-4.44089209850063E-16));
#2717=CARTESIAN_POINT('Ctrl Pts',(-4.39006379167456,-4.51353754773363,-5.70300976334591E-16));
#2718=CARTESIAN_POINT('Ctrl Pts',(-4.25723650628058,-4.62165556130947,2.48816797815689E-16));
#2719=CARTESIAN_POINT('Ctrl Pts',(-4.11994825350129,-4.72422984850151,2.22044604925031E-16));
#2720=CARTESIAN_POINT('Ctrl Pts',(-4.05530447441257,-4.77252815099419,2.09438604863783E-16));
#2721=CARTESIAN_POINT('Ctrl Pts',(-3.98967141269406,-4.8195966585051,-1.89090000918723E-17));
#2722=CARTESIAN_POINT('Ctrl Pts',(-3.92307104818707,-4.86538935244411,0.));
#2723=CARTESIAN_POINT('Ctrl Pts',(3.41496462392476,-5.23455027842339,0.625));
#2724=CARTESIAN_POINT('Ctrl Pts',(2.61230056120906,-5.75819972933581,0.548735119047619));
#2725=CARTESIAN_POINT('Ctrl Pts',(0.76266209802521,-6.42969290163651,0.396205357142857));
#2726=CARTESIAN_POINT('Ctrl Pts',(-2.17187206344737,-6.09940801730951,0.167410714285714));
#2727=CARTESIAN_POINT('Ctrl Pts',(-4.65311044132627,-4.50231935089775,-0.061383928571429));
#2728=CARTESIAN_POINT('Ctrl Pts',(-6.1704557619234,-1.96589594452386,-0.290178571428572));
#2729=CARTESIAN_POINT('Ctrl Pts',(-6.39769416211499,0.972301621557093,-0.518973214285715));
#2730=CARTESIAN_POINT('Ctrl Pts',(-4.94915856879464,4.64162676771175,-0.824032738095238));
#2731=CARTESIAN_POINT('Ctrl Pts',(-0.2941131311628,7.20146896045154,-1.20535714285714));
#2732=CARTESIAN_POINT('Ctrl Pts',(5.56364432198877,4.58186371898644,-1.66294642857143));
#2733=CARTESIAN_POINT('Ctrl Pts',(6.75910022013935,-0.594326440796919,-2.04427083333333));
#2734=CARTESIAN_POINT('Ctrl Pts',(4.98991748280236,-4.12027334572699,-2.34933035714286));
#2735=CARTESIAN_POINT('Ctrl Pts',(2.64840035530987,-5.9096970331144,-2.578125));
#2736=CARTESIAN_POINT('Ctrl Pts',(-0.253621562876338,-6.46984293680755,
-2.80691964285714));
#2737=CARTESIAN_POINT('Ctrl Pts',(-3.09847764027359,-5.68497664836075,-3.03571428571429));
#2738=CARTESIAN_POINT('Ctrl Pts',(-5.3006860263697,-3.71845081339961,-3.26450892857143));
#2739=CARTESIAN_POINT('Ctrl Pts',(-6.4009934048812,-0.977814773859414,-3.49330357142857));
#2740=CARTESIAN_POINT('Ctrl Pts',(-6.16859569014527,1.96392258731767,-3.72209821428572));
#2741=CARTESIAN_POINT('Ctrl Pts',(-4.49123242631401,4.7846900620528,-3.97631448412699));
#2742=CARTESIAN_POINT('Ctrl Pts',(-1.24936392586042,6.53586176185578,-4.25595238095238));
#2743=CARTESIAN_POINT('Ctrl Pts',(2.73601141792472,6.06565987041286,-4.56101190476191));
#2744=CARTESIAN_POINT('Ctrl Pts',(6.24568471196669,2.94066646323431,-4.91691468253968));
#2745=CARTESIAN_POINT('Ctrl Pts',(6.67923974153593,-2.71045233702967,-5.32366071428571));
#2746=CARTESIAN_POINT('Ctrl Pts',(1.87076116988623,-6.96046697454212,-5.78125));
#2747=CARTESIAN_POINT('Ctrl Pts',(-3.33681273666982,-5.9080363280087,-6.16257440476191));
#2748=CARTESIAN_POINT('Ctrl Pts',(-5.81446186934965,-2.83969281939606,-6.46763392857143));
#2749=CARTESIAN_POINT('Ctrl Pts',(-6.55164630890895,0.352693695688654,-6.7218501984127));
#2750=CARTESIAN_POINT('Ctrl Pts',(-5.42287222361793,3.8607035055182,-7.0014880952381));
#2751=CARTESIAN_POINT('Ctrl Pts',(-2.21007473878585,6.27771308856874,-7.30654761904762));
#2752=CARTESIAN_POINT('Ctrl Pts',(1.80231193626777,6.40339006729795,-7.61160714285715));
#2753=CARTESIAN_POINT('Ctrl Pts',(5.54235553973125,3.95865678850941,-7.95056216931217));
#2754=CARTESIAN_POINT('Ctrl Pts',(6.93814133862072,-0.938177259612198,-8.3234126984127));
#2755=CARTESIAN_POINT('Ctrl Pts',(4.04489819385288,-5.70013457201794,-8.73015873015873));
#2756=CARTESIAN_POINT('Ctrl Pts',(-0.930339166952245,-6.74760201087951,
-9.10300925925926));
#2757=CARTESIAN_POINT('Ctrl Pts',(-4.83596199710862,-4.57028687476778,-9.44196428571429));
#2758=CARTESIAN_POINT('Ctrl Pts',(-6.586550357107,-0.957891539309169,-9.74702380952381));
#2759=CARTESIAN_POINT('Ctrl Pts',(-5.93673491459239,3.00989525801827,-10.0520833333333));
#2760=CARTESIAN_POINT('Ctrl Pts',(-3.12232344055341,5.87763665837824,-10.3571428571429));
#2761=CARTESIAN_POINT('Ctrl Pts',(0.830227312951162,6.60392656605019,-10.6622023809524));
#2762=CARTESIAN_POINT('Ctrl Pts',(4.48012053815982,4.92201855567001,-10.9672619047619));
#2763=CARTESIAN_POINT('Ctrl Pts',(6.49680777890936,1.4461751635776,-11.2723214285714));
#2764=CARTESIAN_POINT('Ctrl Pts',(6.14476214988355,-2.55748103569273,-11.577380952381));
#2765=CARTESIAN_POINT('Ctrl Pts',(3.55306280594197,-5.62788321355454,-11.8824404761905));
#2766=CARTESIAN_POINT('Ctrl Pts',(-0.335246830204567,-6.64899301569146,
-12.1875));
#2767=CARTESIAN_POINT('Ctrl Pts',(-4.09900063615084,-5.24223201041834,-12.4925595238095));
#2768=CARTESIAN_POINT('Ctrl Pts',(-6.37011835620884,-1.92742529661284,-12.7976190476191));
#2769=CARTESIAN_POINT('Ctrl Pts',(-6.31766704025943,2.09046839216806,-13.1026785714286));
#2770=CARTESIAN_POINT('Ctrl Pts',(-3.96509465766117,5.34778356250862,-13.4077380952381));
#2771=CARTESIAN_POINT('Ctrl Pts',(-0.163022106496536,6.65368843194218,-13.7127976190476));
#2772=CARTESIAN_POINT('Ctrl Pts',(3.69644753419323,5.53483467544195,-14.0178571428571));
#2773=CARTESIAN_POINT('Ctrl Pts',(6.20853085828027,2.39841377251968,-14.3229166666667));
#2774=CARTESIAN_POINT('Ctrl Pts',(6.45870294243498,-1.61390458590387,-14.6279761904762));
#2775=CARTESIAN_POINT('Ctrl Pts',(4.35129059441054,-5.03492018247919,-14.9330357142857));
#2776=CARTESIAN_POINT('Ctrl Pts',(0.659490332303089,-6.62274099936652,-15.2380952380952));
#2777=CARTESIAN_POINT('Ctrl Pts',(-3.27231433484372,-5.79556098081361,-15.5431547619048));
#2778=CARTESIAN_POINT('Ctrl Pts',(-6.01396472016042,-2.85545066616705,-15.8482142857143));
#2779=CARTESIAN_POINT('Ctrl Pts',(-6.55869730641465,1.12555768183699,-16.1532738095238));
#2780=CARTESIAN_POINT('Ctrl Pts',(-4.71590475253309,4.69644401000326,-16.4583333333333));
#2781=CARTESIAN_POINT('Ctrl Pts',(-1.15296766518061,6.55509867056586,-16.7633928571429));
#2782=CARTESIAN_POINT('Ctrl Pts',(2.83026820070667,6.02397049767006,-17.0684523809524));
#2783=CARTESIAN_POINT('Ctrl Pts',(5.78202509441746,3.29685570843799,-17.3735119047619));
#2784=CARTESIAN_POINT('Ctrl Pts',(6.62540840411138,-0.632472865909867,-17.6785714285714));
#2785=CARTESIAN_POINT('Ctrl Pts',(5.05446772659133,-4.3305534460532,-17.983630952381));
#2786=CARTESIAN_POINT('Ctrl Pts',(1.63854484009478,-6.45139752864536,-18.2886904761905));
#2787=CARTESIAN_POINT('Ctrl Pts',(-2.36978955912794,-6.21704737900865,-18.59375));
#2788=CARTESIAN_POINT('Ctrl Pts',(-5.87628428767662,-3.44650085362036,-18.932705026455));
#2789=CARTESIAN_POINT('Ctrl Pts',(-6.82221245455477,1.55852934728959,-19.3055555555556));
#2790=CARTESIAN_POINT('Ctrl Pts',(-3.51768068999324,6.03574682859232,-19.7123015873016));
#2791=CARTESIAN_POINT('Ctrl Pts',(1.53106285178859,6.64351000261058,-20.0851521164021));
#2792=CARTESIAN_POINT('Ctrl Pts',(5.22520118954708,4.11684537075444,-20.4241071428571));
#2793=CARTESIAN_POINT('Ctrl Pts',(6.64731347238713,0.366161002094133,-20.7291666666667));
#2794=CARTESIAN_POINT('Ctrl Pts',(5.64308577043225,-3.5314143371903,-21.0342261904762));
#2795=CARTESIAN_POINT('Ctrl Pts',(2.83713559583122,-5.9141442313597,-21.3138640873016));
#2796=CARTESIAN_POINT('Ctrl Pts',(-0.397548924936054,-6.46194791114514,
-21.5680803571429));
#2797=CARTESIAN_POINT('Ctrl Pts',(-3.22786166699691,-5.61439292124455,-21.796875));
#2798=CARTESIAN_POINT('Ctrl Pts',(-5.37833958414473,-3.59855467845733,-22.0256696428572));
#2799=CARTESIAN_POINT('Ctrl Pts',(-6.78454686709454,0.086939323475659,-22.3307291666667));
#2800=CARTESIAN_POINT('Ctrl Pts',(-5.07575250371449,5.11715854473181,-22.7120535714286));
#2801=CARTESIAN_POINT('Ctrl Pts',(1.0154018965246,7.13556474199321,-23.1696428571429));
#2802=CARTESIAN_POINT('Ctrl Pts',(5.39000534613486,4.12149323461906,-23.5509672619048));
#2803=CARTESIAN_POINT('Ctrl Pts',(6.46297584598044,0.325306804925883,-23.8560267857143));
#2804=CARTESIAN_POINT('Ctrl Pts',(5.94199952094299,-2.57524659986135,-24.0848214285714));
#2805=CARTESIAN_POINT('Ctrl Pts',(4.17775673125802,-4.94658183774709,-24.3136160714286));
#2806=CARTESIAN_POINT('Ctrl Pts',(1.54875896201324,-6.28658479306348,-24.5424107142857));
#2807=CARTESIAN_POINT('Ctrl Pts',(-1.40410644921956,-6.32068750177068,-24.7712053571429));
#2808=CARTESIAN_POINT('Ctrl Pts',(-3.17701398948925,-5.46695166025873,-24.9237351190476));
#2809=CARTESIAN_POINT('Ctrl Pts',(-3.92307104818708,-4.86538935244409,-25.));
#2810=CARTESIAN_POINT('Ctrl Pts',(3.41496462392476,-5.23455027842339,0.416666666666667));
#2811=CARTESIAN_POINT('Ctrl Pts',(2.61230056120906,-5.75819972933581,0.340401785714286));
#2812=CARTESIAN_POINT('Ctrl Pts',(0.762662098025212,-6.42969290163651,0.187872023809524));
#2813=CARTESIAN_POINT('Ctrl Pts',(-2.17187206344737,-6.09940801730951,-0.0409226190476193));
#2814=CARTESIAN_POINT('Ctrl Pts',(-4.65311044132627,-4.50231935089775,-0.269717261904762));
#2815=CARTESIAN_POINT('Ctrl Pts',(-6.17045576192341,-1.96589594452386,-0.498511904761905));
#2816=CARTESIAN_POINT('Ctrl Pts',(-6.39769416211499,0.972301621557089,-0.727306547619048));
#2817=CARTESIAN_POINT('Ctrl Pts',(-4.94915856879464,4.64162676771175,-1.03236607142857));
#2818=CARTESIAN_POINT('Ctrl Pts',(-0.294113131162796,7.20146896045154,-1.41369047619048));
#2819=CARTESIAN_POINT('Ctrl Pts',(5.56364432198877,4.58186371898644,-1.87127976190476));
#2820=CARTESIAN_POINT('Ctrl Pts',(6.75910022013935,-0.594326440796916,-2.25260416666667));
#2821=CARTESIAN_POINT('Ctrl Pts',(4.98991748280236,-4.12027334572699,-2.55766369047619));
#2822=CARTESIAN_POINT('Ctrl Pts',(2.64840035530988,-5.9096970331144,-2.78645833333333));
#2823=CARTESIAN_POINT('Ctrl Pts',(-0.253621562876336,-6.46984293680755,
-3.01525297619048));
#2824=CARTESIAN_POINT('Ctrl Pts',(-3.09847764027358,-5.68497664836076,-3.24404761904762));
#2825=CARTESIAN_POINT('Ctrl Pts',(-5.3006860263697,-3.71845081339961,-3.47284226190476));
#2826=CARTESIAN_POINT('Ctrl Pts',(-6.4009934048812,-0.977814773859417,-3.7016369047619));
#2827=CARTESIAN_POINT('Ctrl Pts',(-6.16859569014527,1.96392258731767,-3.93043154761905));
#2828=CARTESIAN_POINT('Ctrl Pts',(-4.49123242631401,4.7846900620528,-4.18464781746032));
#2829=CARTESIAN_POINT('Ctrl Pts',(-1.24936392586042,6.53586176185578,-4.46428571428571));
#2830=CARTESIAN_POINT('Ctrl Pts',(2.73601141792472,6.06565987041286,-4.76934523809524));
#2831=CARTESIAN_POINT('Ctrl Pts',(6.24568471196669,2.94066646323431,-5.12524801587301));
#2832=CARTESIAN_POINT('Ctrl Pts',(6.67923974153593,-2.71045233702967,-5.53199404761905));
#2833=CARTESIAN_POINT('Ctrl Pts',(1.87076116988623,-6.96046697454212,-5.98958333333333));
#2834=CARTESIAN_POINT('Ctrl Pts',(-3.33681273666982,-5.9080363280087,-6.37090773809524));
#2835=CARTESIAN_POINT('Ctrl Pts',(-5.81446186934965,-2.83969281939606,-6.67596726190476));
#2836=CARTESIAN_POINT('Ctrl Pts',(-6.55164630890895,0.352693695688652,-6.93018353174604));
#2837=CARTESIAN_POINT('Ctrl Pts',(-5.42287222361793,3.8607035055182,-7.20982142857143));
#2838=CARTESIAN_POINT('Ctrl Pts',(-2.21007473878584,6.27771308856874,-7.51488095238095));
#2839=CARTESIAN_POINT('Ctrl Pts',(1.80231193626777,6.40339006729794,-7.81994047619048));
#2840=CARTESIAN_POINT('Ctrl Pts',(5.54235553973125,3.95865678850941,-8.1588955026455));
#2841=CARTESIAN_POINT('Ctrl Pts',(6.93814133862072,-0.938177259612197,-8.53174603174603));
#2842=CARTESIAN_POINT('Ctrl Pts',(4.04489819385288,-5.70013457201794,-8.93849206349207));
#2843=CARTESIAN_POINT('Ctrl Pts',(-0.930339166952246,-6.74760201087951,
-9.31134259259259));
#2844=CARTESIAN_POINT('Ctrl Pts',(-4.83596199710862,-4.57028687476779,-9.65029761904762));
#2845=CARTESIAN_POINT('Ctrl Pts',(-6.586550357107,-0.957891539309167,-9.95535714285715));
#2846=CARTESIAN_POINT('Ctrl Pts',(-5.93673491459239,3.00989525801827,-10.2604166666667));
#2847=CARTESIAN_POINT('Ctrl Pts',(-3.1223234405534,5.87763665837824,-10.5654761904762));
#2848=CARTESIAN_POINT('Ctrl Pts',(0.83022731295116,6.6039265660502,-10.8705357142857));
#2849=CARTESIAN_POINT('Ctrl Pts',(4.48012053815983,4.92201855567001,-11.1755952380952));
#2850=CARTESIAN_POINT('Ctrl Pts',(6.49680777890935,1.4461751635776,-11.4806547619048));
#2851=CARTESIAN_POINT('Ctrl Pts',(6.14476214988355,-2.55748103569273,-11.7857142857143));
#2852=CARTESIAN_POINT('Ctrl Pts',(3.55306280594197,-5.62788321355454,-12.0907738095238));
#2853=CARTESIAN_POINT('Ctrl Pts',(-0.335246830204563,-6.64899301569146,
-12.3958333333333));
#2854=CARTESIAN_POINT('Ctrl Pts',(-4.09900063615084,-5.24223201041834,-12.7008928571429));
#2855=CARTESIAN_POINT('Ctrl Pts',(-6.37011835620884,-1.92742529661284,-13.0059523809524));
#2856=CARTESIAN_POINT('Ctrl Pts',(-6.31766704025943,2.09046839216807,-13.3110119047619));
#2857=CARTESIAN_POINT('Ctrl Pts',(-3.96509465766117,5.34778356250861,-13.6160714285714));
#2858=CARTESIAN_POINT('Ctrl Pts',(-0.163022106496537,6.65368843194218,-13.921130952381));
#2859=CARTESIAN_POINT('Ctrl Pts',(3.69644753419323,5.53483467544195,-14.2261904761905));
#2860=CARTESIAN_POINT('Ctrl Pts',(6.20853085828027,2.39841377251968,-14.53125));
#2861=CARTESIAN_POINT('Ctrl Pts',(6.45870294243498,-1.61390458590387,-14.8363095238095));
#2862=CARTESIAN_POINT('Ctrl Pts',(4.35129059441054,-5.03492018247919,-15.1413690476191));
#2863=CARTESIAN_POINT('Ctrl Pts',(0.659490332303089,-6.62274099936652,-15.4464285714286));
#2864=CARTESIAN_POINT('Ctrl Pts',(-3.27231433484372,-5.79556098081361,-15.7514880952381));
#2865=CARTESIAN_POINT('Ctrl Pts',(-6.01396472016042,-2.85545066616706,-16.0565476190476));
#2866=CARTESIAN_POINT('Ctrl Pts',(-6.55869730641465,1.125557681837,-16.3616071428571));
#2867=CARTESIAN_POINT('Ctrl Pts',(-4.71590475253309,4.69644401000326,-16.6666666666667));
#2868=CARTESIAN_POINT('Ctrl Pts',(-1.15296766518061,6.55509867056586,-16.9717261904762));
#2869=CARTESIAN_POINT('Ctrl Pts',(2.83026820070667,6.02397049767006,-17.2767857142857));
#2870=CARTESIAN_POINT('Ctrl Pts',(5.78202509441746,3.29685570843799,-17.5818452380952));
#2871=CARTESIAN_POINT('Ctrl Pts',(6.62540840411138,-0.632472865909866,-17.8869047619048));
#2872=CARTESIAN_POINT('Ctrl Pts',(5.05446772659133,-4.3305534460532,-18.1919642857143));
#2873=CARTESIAN_POINT('Ctrl Pts',(1.63854484009478,-6.45139752864536,-18.4970238095238));
#2874=CARTESIAN_POINT('Ctrl Pts',(-2.36978955912794,-6.21704737900865,-18.8020833333333));
#2875=CARTESIAN_POINT('Ctrl Pts',(-5.87628428767662,-3.44650085362036,-19.1410383597884));
#2876=CARTESIAN_POINT('Ctrl Pts',(-6.82221245455477,1.55852934728959,-19.5138888888889));
#2877=CARTESIAN_POINT('Ctrl Pts',(-3.51768068999324,6.03574682859232,-19.9206349206349));
#2878=CARTESIAN_POINT('Ctrl Pts',(1.53106285178859,6.64351000261058,-20.2934854497355));
#2879=CARTESIAN_POINT('Ctrl Pts',(5.22520118954708,4.11684537075444,-20.6324404761905));
#2880=CARTESIAN_POINT('Ctrl Pts',(6.64731347238713,0.366161002094132,-20.9375));
#2881=CARTESIAN_POINT('Ctrl Pts',(5.64308577043225,-3.5314143371903,-21.2425595238095));
#2882=CARTESIAN_POINT('Ctrl Pts',(2.83713559583122,-5.9141442313597,-21.5221974206349));
#2883=CARTESIAN_POINT('Ctrl Pts',(-0.397548924936054,-6.46194791114513,
-21.7764136904762));
#2884=CARTESIAN_POINT('Ctrl Pts',(-3.22786166699691,-5.61439292124455,-22.0052083333333));
#2885=CARTESIAN_POINT('Ctrl Pts',(-5.37833958414473,-3.59855467845732,-22.2340029761905));
#2886=CARTESIAN_POINT('Ctrl Pts',(-6.78454686709455,0.086939323475659,-22.5390625));
#2887=CARTESIAN_POINT('Ctrl Pts',(-5.07575250371449,5.11715854473181,-22.9203869047619));
#2888=CARTESIAN_POINT('Ctrl Pts',(1.01540189652459,7.13556474199321,-23.3779761904762));
#2889=CARTESIAN_POINT('Ctrl Pts',(5.39000534613486,4.12149323461906,-23.7593005952381));
#2890=CARTESIAN_POINT('Ctrl Pts',(6.46297584598044,0.325306804925882,-24.0643601190476));
#2891=CARTESIAN_POINT('Ctrl Pts',(5.94199952094299,-2.57524659986134,-24.2931547619048));
#2892=CARTESIAN_POINT('Ctrl Pts',(4.17775673125802,-4.94658183774709,-24.5219494047619));
#2893=CARTESIAN_POINT('Ctrl Pts',(1.54875896201324,-6.28658479306348,-24.750744047619));
#2894=CARTESIAN_POINT('Ctrl Pts',(-1.40410644921956,-6.32068750177068,-24.9795386904762));
#2895=CARTESIAN_POINT('Ctrl Pts',(-3.17701398948925,-5.46695166025873,-25.132068452381));
#2896=CARTESIAN_POINT('Ctrl Pts',(-3.92307104818708,-4.86538935244409,-25.2083333333333));
#2897=CARTESIAN_POINT('Ctrl Pts',(3.41496462392476,-5.23455027842339,0.208333333333333));
#2898=CARTESIAN_POINT('Ctrl Pts',(2.61230056120906,-5.75819972933581,0.132068452380952));
#2899=CARTESIAN_POINT('Ctrl Pts',(0.762662098025208,-6.42969290163651,-0.0204613095238097));
#2900=CARTESIAN_POINT('Ctrl Pts',(-2.17187206344737,-6.09940801730951,-0.249255952380953));
#2901=CARTESIAN_POINT('Ctrl Pts',(-4.65311044132627,-4.50231935089775,-0.478050595238096));
#2902=CARTESIAN_POINT('Ctrl Pts',(-6.1704557619234,-1.96589594452387,-0.706845238095238));
#2903=CARTESIAN_POINT('Ctrl Pts',(-6.39769416211499,0.972301621557095,-0.935639880952381));
#2904=CARTESIAN_POINT('Ctrl Pts',(-4.94915856879463,4.64162676771174,-1.24069940476191));
#2905=CARTESIAN_POINT('Ctrl Pts',(-0.294113131162804,7.20146896045155,-1.62202380952381));
#2906=CARTESIAN_POINT('Ctrl Pts',(5.56364432198877,4.58186371898644,-2.0796130952381));
#2907=CARTESIAN_POINT('Ctrl Pts',(6.75910022013935,-0.594326440796921,-2.4609375));
#2908=CARTESIAN_POINT('Ctrl Pts',(4.98991748280236,-4.12027334572698,-2.76599702380952));
#2909=CARTESIAN_POINT('Ctrl Pts',(2.64840035530987,-5.9096970331144,-2.99479166666667));
#2910=CARTESIAN_POINT('Ctrl Pts',(-0.253621562876339,-6.46984293680755,
-3.22358630952381));
#2911=CARTESIAN_POINT('Ctrl Pts',(-3.09847764027358,-5.68497664836075,-3.45238095238095));
#2912=CARTESIAN_POINT('Ctrl Pts',(-5.3006860263697,-3.71845081339961,-3.6811755952381));
#2913=CARTESIAN_POINT('Ctrl Pts',(-6.4009934048812,-0.977814773859411,-3.90997023809524));
#2914=CARTESIAN_POINT('Ctrl Pts',(-6.16859569014527,1.96392258731766,-4.13876488095238));
#2915=CARTESIAN_POINT('Ctrl Pts',(-4.491232426314,4.7846900620528,-4.39298115079365));
#2916=CARTESIAN_POINT('Ctrl Pts',(-1.24936392586041,6.53586176185578,-4.67261904761905));
#2917=CARTESIAN_POINT('Ctrl Pts',(2.73601141792472,6.06565987041286,-4.97767857142857));
#2918=CARTESIAN_POINT('Ctrl Pts',(6.24568471196669,2.94066646323431,-5.33358134920635));
#2919=CARTESIAN_POINT('Ctrl Pts',(6.67923974153593,-2.71045233702967,-5.74032738095238));
#2920=CARTESIAN_POINT('Ctrl Pts',(1.87076116988623,-6.96046697454212,-6.19791666666667));
#2921=CARTESIAN_POINT('Ctrl Pts',(-3.33681273666982,-5.9080363280087,-6.57924107142857));
#2922=CARTESIAN_POINT('Ctrl Pts',(-5.81446186934965,-2.83969281939606,-6.8843005952381));
#2923=CARTESIAN_POINT('Ctrl Pts',(-6.55164630890895,0.352693695688655,-7.13851686507937));
#2924=CARTESIAN_POINT('Ctrl Pts',(-5.42287222361793,3.86070350551819,-7.41815476190476));
#2925=CARTESIAN_POINT('Ctrl Pts',(-2.21007473878584,6.27771308856873,-7.72321428571428));
#2926=CARTESIAN_POINT('Ctrl Pts',(1.80231193626777,6.40339006729794,-8.02827380952381));
#2927=CARTESIAN_POINT('Ctrl Pts',(5.54235553973125,3.95865678850941,-8.36722883597884));
#2928=CARTESIAN_POINT('Ctrl Pts',(6.93814133862072,-0.938177259612201,-8.74007936507936));
#2929=CARTESIAN_POINT('Ctrl Pts',(4.04489819385288,-5.70013457201794,-9.1468253968254));
#2930=CARTESIAN_POINT('Ctrl Pts',(-0.930339166952245,-6.74760201087951,
-9.51967592592593));
#2931=CARTESIAN_POINT('Ctrl Pts',(-4.83596199710862,-4.57028687476778,-9.85863095238096));
#2932=CARTESIAN_POINT('Ctrl Pts',(-6.586550357107,-0.957891539309171,-10.1636904761905));
#2933=CARTESIAN_POINT('Ctrl Pts',(-5.93673491459238,3.00989525801827,-10.46875));
#2934=CARTESIAN_POINT('Ctrl Pts',(-3.12232344055341,5.87763665837824,-10.7738095238095));
#2935=CARTESIAN_POINT('Ctrl Pts',(0.830227312951163,6.60392656605019,-11.0788690476191));
#2936=CARTESIAN_POINT('Ctrl Pts',(4.48012053815982,4.92201855567,-11.3839285714286));
#2937=CARTESIAN_POINT('Ctrl Pts',(6.49680777890935,1.4461751635776,-11.6889880952381));
#2938=CARTESIAN_POINT('Ctrl Pts',(6.14476214988355,-2.55748103569273,-11.9940476190476));
#2939=CARTESIAN_POINT('Ctrl Pts',(3.55306280594198,-5.62788321355454,-12.2991071428571));
#2940=CARTESIAN_POINT('Ctrl Pts',(-0.33524683020457,-6.64899301569146,-12.6041666666667));
#2941=CARTESIAN_POINT('Ctrl Pts',(-4.09900063615083,-5.24223201041834,-12.9092261904762));
#2942=CARTESIAN_POINT('Ctrl Pts',(-6.37011835620884,-1.92742529661284,-13.2142857142857));
#2943=CARTESIAN_POINT('Ctrl Pts',(-6.31766704025943,2.09046839216806,-13.5193452380952));
#2944=CARTESIAN_POINT('Ctrl Pts',(-3.96509465766117,5.34778356250862,-13.8244047619048));
#2945=CARTESIAN_POINT('Ctrl Pts',(-0.163022106496536,6.65368843194218,-14.1294642857143));
#2946=CARTESIAN_POINT('Ctrl Pts',(3.69644753419323,5.53483467544195,-14.4345238095238));
#2947=CARTESIAN_POINT('Ctrl Pts',(6.20853085828027,2.39841377251968,-14.7395833333333));
#2948=CARTESIAN_POINT('Ctrl Pts',(6.45870294243498,-1.61390458590387,-15.0446428571429));
#2949=CARTESIAN_POINT('Ctrl Pts',(4.35129059441054,-5.03492018247919,-15.3497023809524));
#2950=CARTESIAN_POINT('Ctrl Pts',(0.659490332303089,-6.62274099936652,-15.6547619047619));
#2951=CARTESIAN_POINT('Ctrl Pts',(-3.27231433484372,-5.79556098081361,-15.9598214285714));
#2952=CARTESIAN_POINT('Ctrl Pts',(-6.01396472016042,-2.85545066616705,-16.264880952381));
#2953=CARTESIAN_POINT('Ctrl Pts',(-6.55869730641465,1.12555768183699,-16.5699404761905));
#2954=CARTESIAN_POINT('Ctrl Pts',(-4.7159047525331,4.69644401000326,-16.875));
#2955=CARTESIAN_POINT('Ctrl Pts',(-1.15296766518061,6.55509867056586,-17.1800595238095));
#2956=CARTESIAN_POINT('Ctrl Pts',(2.83026820070668,6.02397049767006,-17.4851190476191));
#2957=CARTESIAN_POINT('Ctrl Pts',(5.78202509441746,3.29685570843799,-17.7901785714286));
#2958=CARTESIAN_POINT('Ctrl Pts',(6.62540840411138,-0.632472865909868,-18.0952380952381));
#2959=CARTESIAN_POINT('Ctrl Pts',(5.05446772659133,-4.3305534460532,-18.4002976190476));
#2960=CARTESIAN_POINT('Ctrl Pts',(1.63854484009478,-6.45139752864536,-18.7053571428572));
#2961=CARTESIAN_POINT('Ctrl Pts',(-2.36978955912794,-6.21704737900865,-19.0104166666667));
#2962=CARTESIAN_POINT('Ctrl Pts',(-5.87628428767662,-3.44650085362036,-19.3493716931217));
#2963=CARTESIAN_POINT('Ctrl Pts',(-6.82221245455477,1.5585293472896,-19.7222222222222));
#2964=CARTESIAN_POINT('Ctrl Pts',(-3.51768068999324,6.03574682859232,-20.1289682539683));
#2965=CARTESIAN_POINT('Ctrl Pts',(1.53106285178859,6.64351000261058,-20.5018187830688));
#2966=CARTESIAN_POINT('Ctrl Pts',(5.22520118954708,4.11684537075444,-20.8407738095238));
#2967=CARTESIAN_POINT('Ctrl Pts',(6.64731347238713,0.366161002094133,-21.1458333333333));
#2968=CARTESIAN_POINT('Ctrl Pts',(5.64308577043225,-3.5314143371903,-21.4508928571429));
#2969=CARTESIAN_POINT('Ctrl Pts',(2.83713559583122,-5.9141442313597,-21.7305307539683));
#2970=CARTESIAN_POINT('Ctrl Pts',(-0.397548924936056,-6.46194791114514,
-21.9847470238095));
#2971=CARTESIAN_POINT('Ctrl Pts',(-3.22786166699691,-5.61439292124455,-22.2135416666667));
#2972=CARTESIAN_POINT('Ctrl Pts',(-5.37833958414472,-3.59855467845733,-22.4423363095238));
#2973=CARTESIAN_POINT('Ctrl Pts',(-6.78454686709455,0.0869393234756607,
-22.7473958333333));
#2974=CARTESIAN_POINT('Ctrl Pts',(-5.07575250371449,5.11715854473181,-23.1287202380952));
#2975=CARTESIAN_POINT('Ctrl Pts',(1.01540189652459,7.13556474199321,-23.5863095238095));
#2976=CARTESIAN_POINT('Ctrl Pts',(5.39000534613486,4.12149323461906,-23.9676339285714));
#2977=CARTESIAN_POINT('Ctrl Pts',(6.46297584598044,0.325306804925885,-24.272693452381));
#2978=CARTESIAN_POINT('Ctrl Pts',(5.94199952094299,-2.57524659986135,-24.5014880952381));
#2979=CARTESIAN_POINT('Ctrl Pts',(4.17775673125802,-4.94658183774709,-24.7302827380952));
#2980=CARTESIAN_POINT('Ctrl Pts',(1.54875896201324,-6.28658479306348,-24.9590773809524));
#2981=CARTESIAN_POINT('Ctrl Pts',(-1.40410644921956,-6.32068750177068,-25.1878720238095));
#2982=CARTESIAN_POINT('Ctrl Pts',(-3.17701398948925,-5.46695166025873,-25.3404017857143));
#2983=CARTESIAN_POINT('Ctrl Pts',(-3.92307104818708,-4.86538935244409,-25.4166666666667));
#2984=CARTESIAN_POINT('Ctrl Pts',(3.41496462392476,-5.23455027842339,0.));
#2985=CARTESIAN_POINT('Ctrl Pts',(2.61230056120906,-5.75819972933581,-0.076264880952381));
#2986=CARTESIAN_POINT('Ctrl Pts',(0.76266209802521,-6.42969290163651,-0.228794642857143));
#2987=CARTESIAN_POINT('Ctrl Pts',(-2.17187206344737,-6.09940801730951,-0.457589285714286));
#2988=CARTESIAN_POINT('Ctrl Pts',(-4.65311044132627,-4.50231935089775,-0.686383928571429));
#2989=CARTESIAN_POINT('Ctrl Pts',(-6.1704557619234,-1.96589594452386,-0.915178571428572));
#2990=CARTESIAN_POINT('Ctrl Pts',(-6.39769416211499,0.972301621557093,-1.14397321428571));
#2991=CARTESIAN_POINT('Ctrl Pts',(-4.94915856879464,4.64162676771175,-1.44903273809524));
#2992=CARTESIAN_POINT('Ctrl Pts',(-0.2941131311628,7.20146896045154,-1.83035714285714));
#2993=CARTESIAN_POINT('Ctrl Pts',(5.56364432198877,4.58186371898644,-2.28794642857143));
#2994=CARTESIAN_POINT('Ctrl Pts',(6.75910022013935,-0.594326440796919,-2.66927083333333));
#2995=CARTESIAN_POINT('Ctrl Pts',(4.98991748280236,-4.12027334572699,-2.97433035714286));
#2996=CARTESIAN_POINT('Ctrl Pts',(2.64840035530987,-5.9096970331144,-3.203125));
#2997=CARTESIAN_POINT('Ctrl Pts',(-0.253621562876338,-6.46984293680755,
-3.43191964285714));
#2998=CARTESIAN_POINT('Ctrl Pts',(-3.09847764027359,-5.68497664836075,-3.66071428571429));
#2999=CARTESIAN_POINT('Ctrl Pts',(-5.3006860263697,-3.71845081339961,-3.88950892857143));
#3000=CARTESIAN_POINT('Ctrl Pts',(-6.4009934048812,-0.977814773859414,-4.11830357142857));
#3001=CARTESIAN_POINT('Ctrl Pts',(-6.16859569014527,1.96392258731767,-4.34709821428572));
#3002=CARTESIAN_POINT('Ctrl Pts',(-4.49123242631401,4.7846900620528,-4.60131448412699));
#3003=CARTESIAN_POINT('Ctrl Pts',(-1.24936392586042,6.53586176185578,-4.88095238095238));
#3004=CARTESIAN_POINT('Ctrl Pts',(2.73601141792472,6.06565987041286,-5.18601190476191));
#3005=CARTESIAN_POINT('Ctrl Pts',(6.24568471196669,2.94066646323431,-5.54191468253968));
#3006=CARTESIAN_POINT('Ctrl Pts',(6.67923974153593,-2.71045233702967,-5.94866071428572));
#3007=CARTESIAN_POINT('Ctrl Pts',(1.87076116988623,-6.96046697454212,-6.40625));
#3008=CARTESIAN_POINT('Ctrl Pts',(-3.33681273666982,-5.9080363280087,-6.78757440476191));
#3009=CARTESIAN_POINT('Ctrl Pts',(-5.81446186934965,-2.83969281939606,-7.09263392857143));
#3010=CARTESIAN_POINT('Ctrl Pts',(-6.55164630890895,0.352693695688654,-7.3468501984127));
#3011=CARTESIAN_POINT('Ctrl Pts',(-5.42287222361793,3.8607035055182,-7.6264880952381));
#3012=CARTESIAN_POINT('Ctrl Pts',(-2.21007473878585,6.27771308856874,-7.93154761904762));
#3013=CARTESIAN_POINT('Ctrl Pts',(1.80231193626777,6.40339006729795,-8.23660714285715));
#3014=CARTESIAN_POINT('Ctrl Pts',(5.54235553973125,3.95865678850941,-8.57556216931217));
#3015=CARTESIAN_POINT('Ctrl Pts',(6.93814133862072,-0.938177259612198,-8.9484126984127));
#3016=CARTESIAN_POINT('Ctrl Pts',(4.04489819385288,-5.70013457201794,-9.35515873015873));
#3017=CARTESIAN_POINT('Ctrl Pts',(-0.930339166952245,-6.74760201087951,
-9.72800925925926));
#3018=CARTESIAN_POINT('Ctrl Pts',(-4.83596199710862,-4.57028687476778,-10.0669642857143));
#3019=CARTESIAN_POINT('Ctrl Pts',(-6.586550357107,-0.957891539309169,-10.3720238095238));
#3020=CARTESIAN_POINT('Ctrl Pts',(-5.93673491459239,3.00989525801827,-10.6770833333333));
#3021=CARTESIAN_POINT('Ctrl Pts',(-3.12232344055341,5.87763665837824,-10.9821428571429));
#3022=CARTESIAN_POINT('Ctrl Pts',(0.830227312951162,6.60392656605019,-11.2872023809524));
#3023=CARTESIAN_POINT('Ctrl Pts',(4.48012053815982,4.92201855567001,-11.5922619047619));
#3024=CARTESIAN_POINT('Ctrl Pts',(6.49680777890936,1.4461751635776,-11.8973214285714));
#3025=CARTESIAN_POINT('Ctrl Pts',(6.14476214988355,-2.55748103569273,-12.202380952381));
#3026=CARTESIAN_POINT('Ctrl Pts',(3.55306280594197,-5.62788321355454,-12.5074404761905));
#3027=CARTESIAN_POINT('Ctrl Pts',(-0.335246830204567,-6.64899301569146,
-12.8125));
#3028=CARTESIAN_POINT('Ctrl Pts',(-4.09900063615084,-5.24223201041834,-13.1175595238095));
#3029=CARTESIAN_POINT('Ctrl Pts',(-6.37011835620884,-1.92742529661284,-13.4226190476191));
#3030=CARTESIAN_POINT('Ctrl Pts',(-6.31766704025943,2.09046839216806,-13.7276785714286));
#3031=CARTESIAN_POINT('Ctrl Pts',(-3.96509465766117,5.34778356250862,-14.0327380952381));
#3032=CARTESIAN_POINT('Ctrl Pts',(-0.163022106496536,6.65368843194218,-14.3377976190476));
#3033=CARTESIAN_POINT('Ctrl Pts',(3.69644753419323,5.53483467544195,-14.6428571428572));
#3034=CARTESIAN_POINT('Ctrl Pts',(6.20853085828027,2.39841377251968,-14.9479166666667));
#3035=CARTESIAN_POINT('Ctrl Pts',(6.45870294243498,-1.61390458590387,-15.2529761904762));
#3036=CARTESIAN_POINT('Ctrl Pts',(4.35129059441054,-5.03492018247919,-15.5580357142857));
#3037=CARTESIAN_POINT('Ctrl Pts',(0.659490332303089,-6.62274099936652,-15.8630952380952));
#3038=CARTESIAN_POINT('Ctrl Pts',(-3.27231433484372,-5.79556098081361,-16.1681547619048));
#3039=CARTESIAN_POINT('Ctrl Pts',(-6.01396472016042,-2.85545066616705,-16.4732142857143));
#3040=CARTESIAN_POINT('Ctrl Pts',(-6.55869730641465,1.12555768183699,-16.7782738095238));
#3041=CARTESIAN_POINT('Ctrl Pts',(-4.71590475253309,4.69644401000326,-17.0833333333333));
#3042=CARTESIAN_POINT('Ctrl Pts',(-1.15296766518061,6.55509867056586,-17.3883928571429));
#3043=CARTESIAN_POINT('Ctrl Pts',(2.83026820070667,6.02397049767006,-17.6934523809524));
#3044=CARTESIAN_POINT('Ctrl Pts',(5.78202509441746,3.29685570843799,-17.9985119047619));
#3045=CARTESIAN_POINT('Ctrl Pts',(6.62540840411138,-0.632472865909867,-18.3035714285714));
#3046=CARTESIAN_POINT('Ctrl Pts',(5.05446772659133,-4.3305534460532,-18.608630952381));
#3047=CARTESIAN_POINT('Ctrl Pts',(1.63854484009478,-6.45139752864536,-18.9136904761905));
#3048=CARTESIAN_POINT('Ctrl Pts',(-2.36978955912794,-6.21704737900865,-19.21875));
#3049=CARTESIAN_POINT('Ctrl Pts',(-5.87628428767662,-3.44650085362036,-19.557705026455));
#3050=CARTESIAN_POINT('Ctrl Pts',(-6.82221245455477,1.55852934728959,-19.9305555555556));
#3051=CARTESIAN_POINT('Ctrl Pts',(-3.51768068999324,6.03574682859232,-20.3373015873016));
#3052=CARTESIAN_POINT('Ctrl Pts',(1.53106285178859,6.64351000261058,-20.7101521164021));
#3053=CARTESIAN_POINT('Ctrl Pts',(5.22520118954708,4.11684537075444,-21.0491071428571));
#3054=CARTESIAN_POINT('Ctrl Pts',(6.64731347238713,0.366161002094133,-21.3541666666667));
#3055=CARTESIAN_POINT('Ctrl Pts',(5.64308577043225,-3.5314143371903,-21.6592261904762));
#3056=CARTESIAN_POINT('Ctrl Pts',(2.83713559583122,-5.9141442313597,-21.9388640873016));
#3057=CARTESIAN_POINT('Ctrl Pts',(-0.397548924936054,-6.46194791114514,
-22.1930803571429));
#3058=CARTESIAN_POINT('Ctrl Pts',(-3.22786166699691,-5.61439292124455,-22.421875));
#3059=CARTESIAN_POINT('Ctrl Pts',(-5.37833958414473,-3.59855467845733,-22.6506696428572));
#3060=CARTESIAN_POINT('Ctrl Pts',(-6.78454686709454,0.086939323475659,-22.9557291666667));
#3061=CARTESIAN_POINT('Ctrl Pts',(-5.07575250371449,5.11715854473181,-23.3370535714286));
#3062=CARTESIAN_POINT('Ctrl Pts',(1.0154018965246,7.13556474199321,-23.7946428571429));
#3063=CARTESIAN_POINT('Ctrl Pts',(5.39000534613486,4.12149323461906,-24.1759672619048));
#3064=CARTESIAN_POINT('Ctrl Pts',(6.46297584598044,0.325306804925883,-24.4810267857143));
#3065=CARTESIAN_POINT('Ctrl Pts',(5.94199952094299,-2.57524659986135,-24.7098214285714));
#3066=CARTESIAN_POINT('Ctrl Pts',(4.17775673125802,-4.94658183774709,-24.9386160714286));
#3067=CARTESIAN_POINT('Ctrl Pts',(1.54875896201324,-6.28658479306348,-25.1674107142857));
#3068=CARTESIAN_POINT('Ctrl Pts',(-1.40410644921956,-6.32068750177068,-25.3962053571429));
#3069=CARTESIAN_POINT('Ctrl Pts',(-3.17701398948925,-5.46695166025873,-25.5487351190476));
#3070=CARTESIAN_POINT('Ctrl Pts',(-3.92307104818708,-4.86538935244409,-25.625));
#3071=CARTESIAN_POINT('Ctrl Pts',(-3.9230186881917,-4.86539796112005,-2.77555756156289E-17));
#3072=CARTESIAN_POINT('Ctrl Pts',(-3.78598999434032,-4.97571459505311,-5.90050252090885E-17));
#3073=CARTESIAN_POINT('Ctrl Pts',(-3.64460005606766,-5.0800411924334,-1.27471641701949E-16));
#3074=CARTESIAN_POINT('Ctrl Pts',(-3.49928989943759,-5.17819054206726,-1.66533453693773E-16));
#3075=CARTESIAN_POINT('Ctrl Pts',(-3.35365013979704,-5.27656252115709,-2.05683868513685E-16));
#3076=CARTESIAN_POINT('Ctrl Pts',(-3.20407173825526,-5.3687295939374,-1.13680393686894E-16));
#3077=CARTESIAN_POINT('Ctrl Pts',(-3.05096221469198,-5.45446466774952,-1.66533453693773E-16));
#3078=CARTESIAN_POINT('Ctrl Pts',(-2.89837245331476,-5.53990869598622,-2.19207092973778E-16));
#3079=CARTESIAN_POINT('Ctrl Pts',(-2.7422748739437,-5.61896468406505,-9.64795373379281E-17));
#3080=CARTESIAN_POINT('Ctrl Pts',(-2.58304602801204,-5.6913639140172,-5.55111512312578E-17));
#3081=CARTESIAN_POINT('Ctrl Pts',(-2.42381718208038,-5.76376314396936,-1.45427651245875E-17));
#3082=CARTESIAN_POINT('Ctrl Pts',(-2.26145646403733,-5.82950601651676,-5.49258885725911E-16));
#3083=CARTESIAN_POINT('Ctrl Pts',(-2.09632276618176,-5.88827405362871,-5.55111512312578E-16));
#3084=CARTESIAN_POINT('Ctrl Pts',(-2.03987473181382,-5.90836286785446,-5.01600977981427E-16));
#3085=CARTESIAN_POINT('Ctrl Pts',(-1.98310256362568,-5.92763621575837,-4.9267857709511E-16));
#3086=CARTESIAN_POINT('Ctrl Pts',(-1.92602452243576,-5.94609041259101,-5.27355936696949E-16));
#3087=CARTESIAN_POINT('Ctrl Pts',(-1.89310502160309,-5.95673378673864,-5.47355946236334E-16));
#3088=CARTESIAN_POINT('Ctrl Pts',(-1.86008377518333,-5.96710466933134,-2.66017289114337E-17));
#3089=CARTESIAN_POINT('Ctrl Pts',(-1.82696427936699,-5.97720224665824,-2.77555756156289E-17));
#3090=CARTESIAN_POINT('Ctrl Pts',(-1.79789025596053,-5.98606642747725,-2.8768482523127E-17));
#3091=CARTESIAN_POINT('Ctrl Pts',(-1.76873519195719,-5.99472145133369,-3.06999509951081E-16));
#3092=CARTESIAN_POINT('Ctrl Pts',(-1.73953234388709,-6.00315803024664,-3.05311331771918E-16));
#3093=CARTESIAN_POINT('Ctrl Pts',(-1.57257945455784,-6.05139001166809,-2.95660005160302E-16));
#3094=CARTESIAN_POINT('Ctrl Pts',(-1.40390594508477,-6.09253790395296,2.56524062739857E-16));
#3095=CARTESIAN_POINT('Ctrl Pts',(-1.23398924400172,-6.12663070528068,1.38777878078145E-16));
#3096=CARTESIAN_POINT('Ctrl Pts',(-1.06165610599689,-6.16120835067241,1.93571892258294E-17));
#3097=CARTESIAN_POINT('Ctrl Pts',(-0.888043471663652,-6.18852899636394,
-5.15957188098704E-17));
#3098=CARTESIAN_POINT('Ctrl Pts',(-0.713630843823937,-6.20857282213804,
-5.55111512312578E-17));
#3099=CARTESIAN_POINT('Ctrl Pts',(-0.539481631038064,-6.22858637576091,
-5.94206701826467E-17));
#3100=CARTESIAN_POINT('Ctrl Pts',(-0.364534096781449,-6.24134514201519,
-2.97103350913233E-16));
#3101=CARTESIAN_POINT('Ctrl Pts',(-0.189258067256259,-6.24677811768232,
-2.77555756156289E-16));
#3102=CARTESIAN_POINT('Ctrl Pts',(-0.0351175776305489,-6.25155596170197,
-2.60365294716681E-16));
#3103=CARTESIAN_POINT('Ctrl Pts',(0.119277389223678,-6.25066753958241,-8.64539818225521E-17));
#3104=CARTESIAN_POINT('Ctrl Pts',(0.273605261733424,-6.2440309957748,-5.55111512312578E-17));
#3105=CARTESIAN_POINT('Ctrl Pts',(0.350769197988298,-6.24071272387099,-4.00397359356107E-17));
#3106=CARTESIAN_POINT('Ctrl Pts',(0.427916290732394,-6.23595692555749,-3.47678799611214E-16));
#3107=CARTESIAN_POINT('Ctrl Pts',(0.505005675571168,-6.22975035667155,-3.33066907387547E-16));
#3108=CARTESIAN_POINT('Ctrl Pts',(0.543425216075987,-6.22665714837564,-3.25784683170642E-16));
#3109=CARTESIAN_POINT('Ctrl Pts',(0.581830414201427,-6.22320356735163,1.39546387478185E-16));
#3110=CARTESIAN_POINT('Ctrl Pts',(0.620216150501227,-6.21938778495369,1.66533453693773E-16));
#3111=CARTESIAN_POINT('Ctrl Pts',(0.644688317346791,-6.21695509842764,1.83738594216338E-16));
#3112=CARTESIAN_POINT('Ctrl Pts',(0.669144391480241,-6.21437598813851,-3.86939473807132E-16));
#3113=CARTESIAN_POINT('Ctrl Pts',(0.693578545416039,-6.2116508072715,-3.88578058618805E-16));
#3114=CARTESIAN_POINT('Ctrl Pts',(0.707720197892693,-6.2100735658062,-3.89526415456577E-16));
#3115=CARTESIAN_POINT('Ctrl Pts',(0.721854994891453,-6.20844734654993,-1.0153873408479E-16));
#3116=CARTESIAN_POINT('Ctrl Pts',(0.735982686909079,-6.20677212784017,-1.11022302462516E-16));
#3117=CARTESIAN_POINT('Ctrl Pts',(0.909233481155438,-6.18622857609512,-1.71810101667094E-16));
#3118=CARTESIAN_POINT('Ctrl Pts',(1.08141602511399,-6.15832056259289,2.78364299144245E-17));
#3119=CARTESIAN_POINT('Ctrl Pts',(1.25211008898018,-6.12326196315828,-5.55111512312578E-17));
#3120=CARTESIAN_POINT('Ctrl Pts',(1.42399771673173,-6.08795821941572,-1.39441533328153E-16));
#3121=CARTESIAN_POINT('Ctrl Pts',(1.59437667246581,-6.04540334523609,-4.85624832276166E-17));
#3122=CARTESIAN_POINT('Ctrl Pts',(1.76280870186266,-5.99576385918048,-1.11022302462516E-16));
#3123=CARTESIAN_POINT('Ctrl Pts',(1.83575740433206,-5.9742647647863,-1.38073943329018E-16));
#3124=CARTESIAN_POINT('Ctrl Pts',(1.9083407249434,-5.95143610290662,-8.67896109831508E-17));
#3125=CARTESIAN_POINT('Ctrl Pts',(1.98052202238138,-5.92728855372098,-5.55111512312578E-17));
#3126=CARTESIAN_POINT('Ctrl Pts',(2.00867970319357,-5.91786867618344,-4.3309529519658E-17));
#3127=CARTESIAN_POINT('Ctrl Pts',(2.03677619770608,-5.90824807849731,-4.25951664062549E-16));
#3128=CARTESIAN_POINT('Ctrl Pts',(2.06480929693667,-5.89842732641797,-4.44089209850063E-16));
#3129=CARTESIAN_POINT('Ctrl Pts',(2.09067788412156,-5.88936486139063,-4.60826306261153E-16));
#3130=CARTESIAN_POINT('Ctrl Pts',(2.11648872655618,-5.88013323062716,-1.03414531366565E-16));
#3131=CARTESIAN_POINT('Ctrl Pts',(2.14223114526941,-5.87073640768289,-1.11022302462516E-16));
#3132=CARTESIAN_POINT('Ctrl Pts',(2.30738282123589,-5.81045065616532,-1.59830309233828E-16));
#3133=CARTESIAN_POINT('Ctrl Pts',(2.46982993036388,-5.74333129057339,1.38614739230526E-16));
#3134=CARTESIAN_POINT('Ctrl Pts',(2.62914042424019,-5.66956294491303,0.));
#3135=CARTESIAN_POINT('Ctrl Pts',(2.78745443008642,-5.59625602066729,-1.37747703261485E-16));
#3136=CARTESIAN_POINT('Ctrl Pts',(2.94267159459327,-5.51638273224113,-3.15169812763782E-16));
#3137=CARTESIAN_POINT('Ctrl Pts',(3.09434818965583,-5.43007723534539,-2.22044604925031E-16));
#3138=CARTESIAN_POINT('Ctrl Pts',(3.20309839107062,-5.36819728500273,-1.55275008039757E-16));
#3139=CARTESIAN_POINT('Ctrl Pts',(3.31002810690257,-5.30300973994882,-2.92116986373075E-17));
#3140=CARTESIAN_POINT('Ctrl Pts',(3.41496462392476,-5.23455027842339,0.));
#3141=CARTESIAN_POINT('Origin',(0.,0.,0.));
#3142=UNCERTAINTY_MEASURE_WITH_UNIT(LENGTH_MEASURE(0.01),#3146,
'DISTANCE_ACCURACY_VALUE',
'Maximum model space distance between geometric entities at asserted c
onnectivities');
#3143=UNCERTAINTY_MEASURE_WITH_UNIT(LENGTH_MEASURE(0.01),#3146,
'DISTANCE_ACCURACY_VALUE',
'Maximum model space distance between geometric entities at asserted c
onnectivities');
#3144=(
GEOMETRIC_REPRESENTATION_CONTEXT(3)
GLOBAL_UNCERTAINTY_ASSIGNED_CONTEXT((#3142))
GLOBAL_UNIT_ASSIGNED_CONTEXT((#3146,#3148,#3149))
REPRESENTATION_CONTEXT('','3D')
);
#3145=(
GEOMETRIC_REPRESENTATION_CONTEXT(3)
GLOBAL_UNCERTAINTY_ASSIGNED_CONTEXT((#3143))
GLOBAL_UNIT_ASSIGNED_CONTEXT((#3146,#3148,#3149))
REPRESENTATION_CONTEXT('','3D')
);
#3146=(
LENGTH_UNIT()
NAMED_UNIT(*)
SI_UNIT(.MILLI.,.METRE.)
);
#3147=(
LENGTH_UNIT()
NAMED_UNIT(*)
SI_UNIT($,.METRE.)
);
#3148=(
NAMED_UNIT(*)
PLANE_ANGLE_UNIT()
SI_UNIT($,.RADIAN.)
);
#3149=(
NAMED_UNIT(*)
SI_UNIT($,.STERADIAN.)
SOLID_ANGLE_UNIT()
);
#3150=SHAPE_DEFINITION_REPRESENTATION(#3151,#3152);
#3151=PRODUCT_DEFINITION_SHAPE('',$,#3154);
#3152=SHAPE_REPRESENTATION('',(#456),#3144);
#3153=PRODUCT_DEFINITION_CONTEXT('part definition',#3158,'design');
#3154=PRODUCT_DEFINITION('M.Vertical (Negative)',
'M.Vertical (Negative) v2',#3155,#3153);
#3155=PRODUCT_DEFINITION_FORMATION('',$,#3160);
#3156=PRODUCT_RELATED_PRODUCT_CATEGORY('M.Vertical (Negative) v2',
'M.Vertical (Negative) v2',(#3160));
#3157=APPLICATION_PROTOCOL_DEFINITION('international standard',
'automotive_design',2009,#3158);
#3158=APPLICATION_CONTEXT(
'Core Data for Automotive Mechanical Design Process');
#3159=PRODUCT_CONTEXT('part definition',#3158,'mechanical');
#3160=PRODUCT('M.Vertical (Negative)','M.Vertical (Negative) v2',$,(#3159));
#3161=PRESENTATION_STYLE_ASSIGNMENT((#3163));
#3162=PRESENTATION_STYLE_ASSIGNMENT((#3164));
#3163=SURFACE_STYLE_USAGE(.BOTH.,#3165);
#3164=SURFACE_STYLE_USAGE(.BOTH.,#3166);
#3165=SURFACE_SIDE_STYLE('',(#3167));
#3166=SURFACE_SIDE_STYLE('',(#3168));
#3167=SURFACE_STYLE_FILL_AREA(#3169);
#3168=SURFACE_STYLE_FILL_AREA(#3170);
#3169=FILL_AREA_STYLE('Plastic - Matte (Green)',(#3171));
#3170=FILL_AREA_STYLE('Plastic - Matte (Red)',(#3172));
#3171=FILL_AREA_STYLE_COLOUR('Plastic - Matte (Green)',#3173);
#3172=FILL_AREA_STYLE_COLOUR('Plastic - Matte (Red)',#3174);
#3173=COLOUR_RGB('Plastic - Matte (Green)',0.266666666666667,0.588235294117647,
0.282352941176471);
#3174=COLOUR_RGB('Plastic - Matte (Red)',0.768627450980392,0.207843137254902,
0.152941176470588);
ENDSEC;
END-ISO-10303-21;
