ISO-10303-21;
HEADER;
/* Generated by software containing ST-Developer
 * from STEP Tools, Inc. (www.steptools.com) 
 */

FILE_DESCRIPTION(
/* description */ (''),
/* implementation_level */ '2;1');

FILE_NAME(
/* name */ '25mm.step',
/* time_stamp */ '2025-09-02T23:08:01+08:00',
/* author */ (''),
/* organization */ (''),
/* preprocessor_version */ 'ST-DEVELOPER v20.1',
/* originating_system */ 'Autodesk Translation Framework v14.10.0.0',
/* authorisation */ '');

FILE_SCHEMA (('AUTOMOTIVE_DESIGN { 1 0 10303 214 3 1 1 }'));
ENDSEC;

DATA;
#10=MECHANICAL_DESIGN_GEOMETRIC_PRESENTATION_REPRESENTATION('',(#13),#3086);
#11=SHAPE_REPRESENTATION_RELATIONSHIP('SRR','None',#3093,#12);
#12=ADVANCED_BREP_SHAPE_REPRESENTATION('',(#14),#3085);
#13=STYLED_ITEM('',(#3102),#14);
#14=MANIFOLD_SOLID_BREP('25mm',#443);
#15=FACE_BOUND('',#90,.T.);
#16=FACE_BOUND('',#91,.T.);
#17=CONICAL_SURFACE('',#475,0.75,0.785398163397448);
#18=CONICAL_SURFACE('',#481,0.75,0.785398163397448);
#19=(
BOUNDED_CURVE()
B_SPLINE_CURVE(2,(#2053,#2054,#2055),.UNSPECIFIED.,.F.,.F.)
B_SPLINE_CURVE_WITH_KNOTS((3,3),(0.00163833345783341,0.0194063713046864),
 .UNSPECIFIED.)
CURVE()
GEOMETRIC_REPRESENTATION_ITEM()
RATIONAL_B_SPLINE_CURVE((1.,1.,1.))
REPRESENTATION_ITEM('')
);
#20=(
BOUNDED_CURVE()
B_SPLINE_CURVE(2,(#2060,#2061,#2062),.UNSPECIFIED.,.F.,.F.)
B_SPLINE_CURVE_WITH_KNOTS((3,3),(0.00163833345783345,0.0194063713046864),
 .UNSPECIFIED.)
CURVE()
GEOMETRIC_REPRESENTATION_ITEM()
RATIONAL_B_SPLINE_CURVE((1.,1.,1.))
REPRESENTATION_ITEM('')
);
#21=(
BOUNDED_CURVE()
B_SPLINE_CURVE(2,(#2075,#2076,#2077),.UNSPECIFIED.,.F.,.F.)
B_SPLINE_CURVE_WITH_KNOTS((3,3),(0.00163833345783343,0.0194063713046864),
 .UNSPECIFIED.)
CURVE()
GEOMETRIC_REPRESENTATION_ITEM()
RATIONAL_B_SPLINE_CURVE((1.,1.,1.))
REPRESENTATION_ITEM('')
);
#22=(
BOUNDED_CURVE()
B_SPLINE_CURVE(2,(#2082,#2083,#2084),.UNSPECIFIED.,.F.,.F.)
B_SPLINE_CURVE_WITH_KNOTS((3,3),(0.00163833345783348,0.0194063713046865),
 .UNSPECIFIED.)
CURVE()
GEOMETRIC_REPRESENTATION_ITEM()
RATIONAL_B_SPLINE_CURVE((1.,1.,1.))
REPRESENTATION_ITEM('')
);
#23=B_SPLINE_SURFACE_WITH_KNOTS('',3,3,((#1435,#1436,#1437,#1438,#1439,
#1440,#1441,#1442,#1443,#1444,#1445,#1446,#1447,#1448,#1449,#1450,#1451,
#1452,#1453,#1454,#1455,#1456,#1457,#1458,#1459,#1460,#1461,#1462,#1463,
#1464,#1465,#1466,#1467,#1468,#1469,#1470,#1471,#1472,#1473,#1474,#1475,
#1476,#1477,#1478,#1479,#1480,#1481,#1482,#1483,#1484,#1485,#1486,#1487,
#1488,#1489,#1490,#1491,#1492,#1493,#1494,#1495,#1496,#1497,#1498,#1499,
#1500,#1501,#1502,#1503,#1504,#1505,#1506,#1507,#1508,#1509,#1510,#1511,
#1512,#1513,#1514,#1515,#1516,#1517,#1518,#1519,#1520,#1521,#1522,#1523,
#1524,#1525),(#1526,#1527,#1528,#1529,#1530,#1531,#1532,#1533,#1534,#1535,
#1536,#1537,#1538,#1539,#1540,#1541,#1542,#1543,#1544,#1545,#1546,#1547,
#1548,#1549,#1550,#1551,#1552,#1553,#1554,#1555,#1556,#1557,#1558,#1559,
#1560,#1561,#1562,#1563,#1564,#1565,#1566,#1567,#1568,#1569,#1570,#1571,
#1572,#1573,#1574,#1575,#1576,#1577,#1578,#1579,#1580,#1581,#1582,#1583,
#1584,#1585,#1586,#1587,#1588,#1589,#1590,#1591,#1592,#1593,#1594,#1595,
#1596,#1597,#1598,#1599,#1600,#1601,#1602,#1603,#1604,#1605,#1606,#1607,
#1608,#1609,#1610,#1611,#1612,#1613,#1614,#1615,#1616),(#1617,#1618,#1619,
#1620,#1621,#1622,#1623,#1624,#1625,#1626,#1627,#1628,#1629,#1630,#1631,
#1632,#1633,#1634,#1635,#1636,#1637,#1638,#1639,#1640,#1641,#1642,#1643,
#1644,#1645,#1646,#1647,#1648,#1649,#1650,#1651,#1652,#1653,#1654,#1655,
#1656,#1657,#1658,#1659,#1660,#1661,#1662,#1663,#1664,#1665,#1666,#1667,
#1668,#1669,#1670,#1671,#1672,#1673,#1674,#1675,#1676,#1677,#1678,#1679,
#1680,#1681,#1682,#1683,#1684,#1685,#1686,#1687,#1688,#1689,#1690,#1691,
#1692,#1693,#1694,#1695,#1696,#1697,#1698,#1699,#1700,#1701,#1702,#1703,
#1704,#1705,#1706,#1707),(#1708,#1709,#1710,#1711,#1712,#1713,#1714,#1715,
#1716,#1717,#1718,#1719,#1720,#1721,#1722,#1723,#1724,#1725,#1726,#1727,
#1728,#1729,#1730,#1731,#1732,#1733,#1734,#1735,#1736,#1737,#1738,#1739,
#1740,#1741,#1742,#1743,#1744,#1745,#1746,#1747,#1748,#1749,#1750,#1751,
#1752,#1753,#1754,#1755,#1756,#1757,#1758,#1759,#1760,#1761,#1762,#1763,
#1764,#1765,#1766,#1767,#1768,#1769,#1770,#1771,#1772,#1773,#1774,#1775,
#1776,#1777,#1778,#1779,#1780,#1781,#1782,#1783,#1784,#1785,#1786,#1787,
#1788,#1789,#1790,#1791,#1792,#1793,#1794,#1795,#1796,#1797,#1798)),
 .UNSPECIFIED.,.F.,.F.,.F.,(4,4),(4,1,1,1,1,1,1,1,1,1,1,1,1,1,1,1,1,1,1,
1,1,1,1,1,1,1,1,1,1,1,1,1,1,1,1,1,1,1,1,1,1,1,1,1,1,1,1,1,1,1,1,1,1,1,1,
1,1,1,1,1,1,1,1,1,1,1,1,1,1,1,1,1,1,1,1,1,1,1,1,1,1,1,1,1,1,1,1,1,4),(-0.148007637495217,
-0.0180497116710317),(0.0337500003133289,0.0569084824554475,0.0800669645975661,
0.103225446739685,0.126383928881803,0.149542411023922,0.172700893166041,
0.195859375308159,0.219017857450278,0.242176339592396,0.265334821734515,
0.288493303876634,0.311651786018752,0.334810268160871,0.35796875030299,
0.381127232445108,0.404285714587227,0.435163690776718,0.46604166696621,
0.496919643155701,0.527797619345193,0.568968254264515,0.610138889183837,
0.630724206643498,0.641016865373328,0.651309524103159,0.692480159022481,
0.733650793941803,0.774821428861125,0.815992063780447,0.857162698699769,
0.898333333619091,0.939503968538413,0.960089285998074,0.994398148430842,
1.02184523837706,1.05272321456655,1.08360119075604,1.11447916694553,1.14535714313502,
1.17623511932451,1.20711309551401,1.2379910717035,1.26886904789299,1.31003968281231,
1.35121031773163,1.39238095265095,1.43355158757028,1.4747222224896,1.51589285740892,
1.53647817486858,1.5776488097879,1.6085267859774,1.63940476216689,1.67028273835638,
1.70116071454587,1.73203869073536,1.76291666692485,1.79379464311434,1.82467261930384,
1.85555059549333,1.88642857168282,1.91730654787231,1.9481845240618,1.97906250025129,
2.00994047644078,2.05111111136011,2.09228174627943,2.13345238119875,2.16433035738824,
2.19520833357773,2.22608630976722,2.25696428595672,2.28012276809883,2.30328125024095,
2.32643973238307,2.34959821452519,2.37275669666731,2.39591517880943,2.41907366095155,
2.44223214309367,2.46539062523578,2.4885491073779,2.51170758952002,2.53486607166214,
2.55802455380426,2.58118303594638,2.6043415180885,2.62750000023061),
 .UNSPECIFIED.);
#24=B_SPLINE_SURFACE_WITH_KNOTS('',3,3,((#2090,#2091,#2092,#2093,#2094,
#2095,#2096,#2097,#2098,#2099,#2100,#2101,#2102,#2103,#2104,#2105,#2106,
#2107,#2108,#2109,#2110,#2111,#2112,#2113,#2114,#2115,#2116,#2117,#2118,
#2119,#2120,#2121,#2122,#2123,#2124,#2125,#2126,#2127,#2128,#2129,#2130,
#2131,#2132,#2133,#2134,#2135,#2136,#2137,#2138,#2139,#2140,#2141,#2142,
#2143,#2144,#2145,#2146,#2147,#2148,#2149,#2150,#2151,#2152,#2153,#2154,
#2155,#2156,#2157,#2158,#2159,#2160,#2161,#2162,#2163,#2164,#2165,#2166,
#2167,#2168,#2169,#2170,#2171,#2172,#2173,#2174,#2175,#2176,#2177,#2178,
#2179,#2180,#2181,#2182,#2183,#2184,#2185,#2186,#2187),(#2188,#2189,#2190,
#2191,#2192,#2193,#2194,#2195,#2196,#2197,#2198,#2199,#2200,#2201,#2202,
#2203,#2204,#2205,#2206,#2207,#2208,#2209,#2210,#2211,#2212,#2213,#2214,
#2215,#2216,#2217,#2218,#2219,#2220,#2221,#2222,#2223,#2224,#2225,#2226,
#2227,#2228,#2229,#2230,#2231,#2232,#2233,#2234,#2235,#2236,#2237,#2238,
#2239,#2240,#2241,#2242,#2243,#2244,#2245,#2246,#2247,#2248,#2249,#2250,
#2251,#2252,#2253,#2254,#2255,#2256,#2257,#2258,#2259,#2260,#2261,#2262,
#2263,#2264,#2265,#2266,#2267,#2268,#2269,#2270,#2271,#2272,#2273,#2274,
#2275,#2276,#2277,#2278,#2279,#2280,#2281,#2282,#2283,#2284,#2285),(#2286,
#2287,#2288,#2289,#2290,#2291,#2292,#2293,#2294,#2295,#2296,#2297,#2298,
#2299,#2300,#2301,#2302,#2303,#2304,#2305,#2306,#2307,#2308,#2309,#2310,
#2311,#2312,#2313,#2314,#2315,#2316,#2317,#2318,#2319,#2320,#2321,#2322,
#2323,#2324,#2325,#2326,#2327,#2328,#2329,#2330,#2331,#2332,#2333,#2334,
#2335,#2336,#2337,#2338,#2339,#2340,#2341,#2342,#2343,#2344,#2345,#2346,
#2347,#2348,#2349,#2350,#2351,#2352,#2353,#2354,#2355,#2356,#2357,#2358,
#2359,#2360,#2361,#2362,#2363,#2364,#2365,#2366,#2367,#2368,#2369,#2370,
#2371,#2372,#2373,#2374,#2375,#2376,#2377,#2378,#2379,#2380,#2381,#2382,
#2383),(#2384,#2385,#2386,#2387,#2388,#2389,#2390,#2391,#2392,#2393,#2394,
#2395,#2396,#2397,#2398,#2399,#2400,#2401,#2402,#2403,#2404,#2405,#2406,
#2407,#2408,#2409,#2410,#2411,#2412,#2413,#2414,#2415,#2416,#2417,#2418,
#2419,#2420,#2421,#2422,#2423,#2424,#2425,#2426,#2427,#2428,#2429,#2430,
#2431,#2432,#2433,#2434,#2435,#2436,#2437,#2438,#2439,#2440,#2441,#2442,
#2443,#2444,#2445,#2446,#2447,#2448,#2449,#2450,#2451,#2452,#2453,#2454,
#2455,#2456,#2457,#2458,#2459,#2460,#2461,#2462,#2463,#2464,#2465,#2466,
#2467,#2468,#2469,#2470,#2471,#2472,#2473,#2474,#2475,#2476,#2477,#2478,
#2479,#2480,#2481)),.UNSPECIFIED.,.F.,.F.,.F.,(4,4),(4,1,1,1,1,1,1,1,1,
1,1,1,1,1,1,1,1,1,1,1,1,1,1,1,1,1,1,1,1,1,1,1,1,1,1,1,1,1,1,1,1,1,1,1,1,
1,1,1,1,1,1,1,1,1,1,1,1,1,1,1,1,1,1,1,1,1,1,1,1,1,1,1,1,1,1,1,1,1,1,1,1,
1,1,1,1,1,1,1,1,1,1,1,1,1,1,4),(-2.48965185475533E-10,0.129957925824056),
(0.190000000159984,0.213158482305183,0.236316964450382,0.259475446595581,
0.282633928740781,0.30579241088598,0.328950893031179,0.352109375176379,
0.375267857321578,0.398426339466777,0.421584821611977,0.444743303757176,
0.467901785902375,0.491060268047575,0.514218750192774,0.537377232337973,
0.560535714483173,0.583694196628372,0.606852678773571,0.63001116091877,
0.65316964306397,0.684047619257569,0.714925595451168,0.745803571644767,
0.768962053789966,0.792120535935166,0.815279018080365,0.838437500225564,
0.861595982370764,0.884754464515963,0.907912946661162,0.931071428806362,
0.961949404999961,0.97738839309676,0.99282738119356,1.02370535738716,1.05458333358076,
1.07516865104316,1.09575396850556,1.13692460343036,1.17809523835515,1.20897321454875,
1.23985119074235,1.27072916693595,1.30160714312955,1.33248511932315,1.36336309551675,
1.39424107171035,1.42511904790395,1.45599702409755,1.48687500029115,1.51775297648474,
1.54863095267834,1.57950892887194,1.61038690506554,1.64126488125914,1.67214285745274,
1.70302083364634,1.73389880983994,1.76477678603354,1.79565476222714,1.82653273842073,
1.85741071461433,1.88828869080793,1.91916666700153,1.95004464319513,1.98092261938873,
2.01180059558233,2.04267857177593,2.07355654796953,2.10443452416313,2.13531250035673,
2.16619047655032,2.20736111147512,2.24853174639992,2.28970238132472,2.32058035751832,
2.35145833371192,2.38233630990552,2.41321428609912,2.43637276824432,2.45953125038952,
2.48268973253472,2.50584821467992,2.52900669682511,2.55216517897031,2.57532366111551,
2.59848214326071,2.62164062540591,2.64479910755111,2.66795758969631,2.69111607184151,
2.71427455398671,2.73743303613191,2.76059151827711,2.78375000042231),
 .UNSPECIFIED.);
#25=B_SPLINE_SURFACE_WITH_KNOTS('',3,3,((#2680,#2681,#2682,#2683,#2684,
#2685,#2686,#2687,#2688,#2689,#2690,#2691,#2692,#2693,#2694,#2695,#2696,
#2697,#2698,#2699,#2700,#2701,#2702,#2703,#2704,#2705,#2706,#2707,#2708,
#2709,#2710,#2711,#2712,#2713,#2714,#2715,#2716,#2717,#2718,#2719,#2720,
#2721,#2722,#2723,#2724,#2725,#2726,#2727,#2728,#2729,#2730,#2731,#2732,
#2733,#2734,#2735,#2736,#2737,#2738,#2739,#2740,#2741,#2742,#2743,#2744,
#2745,#2746,#2747,#2748,#2749,#2750,#2751,#2752,#2753,#2754,#2755,#2756,
#2757,#2758,#2759,#2760,#2761,#2762),(#2763,#2764,#2765,#2766,#2767,#2768,
#2769,#2770,#2771,#2772,#2773,#2774,#2775,#2776,#2777,#2778,#2779,#2780,
#2781,#2782,#2783,#2784,#2785,#2786,#2787,#2788,#2789,#2790,#2791,#2792,
#2793,#2794,#2795,#2796,#2797,#2798,#2799,#2800,#2801,#2802,#2803,#2804,
#2805,#2806,#2807,#2808,#2809,#2810,#2811,#2812,#2813,#2814,#2815,#2816,
#2817,#2818,#2819,#2820,#2821,#2822,#2823,#2824,#2825,#2826,#2827,#2828,
#2829,#2830,#2831,#2832,#2833,#2834,#2835,#2836,#2837,#2838,#2839,#2840,
#2841,#2842,#2843,#2844,#2845),(#2846,#2847,#2848,#2849,#2850,#2851,#2852,
#2853,#2854,#2855,#2856,#2857,#2858,#2859,#2860,#2861,#2862,#2863,#2864,
#2865,#2866,#2867,#2868,#2869,#2870,#2871,#2872,#2873,#2874,#2875,#2876,
#2877,#2878,#2879,#2880,#2881,#2882,#2883,#2884,#2885,#2886,#2887,#2888,
#2889,#2890,#2891,#2892,#2893,#2894,#2895,#2896,#2897,#2898,#2899,#2900,
#2901,#2902,#2903,#2904,#2905,#2906,#2907,#2908,#2909,#2910,#2911,#2912,
#2913,#2914,#2915,#2916,#2917,#2918,#2919,#2920,#2921,#2922,#2923,#2924,
#2925,#2926,#2927,#2928),(#2929,#2930,#2931,#2932,#2933,#2934,#2935,#2936,
#2937,#2938,#2939,#2940,#2941,#2942,#2943,#2944,#2945,#2946,#2947,#2948,
#2949,#2950,#2951,#2952,#2953,#2954,#2955,#2956,#2957,#2958,#2959,#2960,
#2961,#2962,#2963,#2964,#2965,#2966,#2967,#2968,#2969,#2970,#2971,#2972,
#2973,#2974,#2975,#2976,#2977,#2978,#2979,#2980,#2981,#2982,#2983,#2984,
#2985,#2986,#2987,#2988,#2989,#2990,#2991,#2992,#2993,#2994,#2995,#2996,
#2997,#2998,#2999,#3000,#3001,#3002,#3003,#3004,#3005,#3006,#3007,#3008,
#3009,#3010,#3011)),.UNSPECIFIED.,.F.,.F.,.F.,(4,4),(4,1,1,1,1,1,1,1,1,
1,1,1,1,1,1,1,1,1,1,1,1,1,1,1,1,1,1,1,1,1,1,1,1,1,1,1,1,1,1,1,1,1,1,1,1,
1,1,1,1,1,1,1,1,1,1,1,1,1,1,1,1,1,1,1,1,1,1,1,1,1,1,1,1,1,1,1,1,1,1,1,4),
(-0.0624999999293701,0.),(0.127500000230613,0.150379464515697,0.17325892880078,
0.196138393085864,0.219017857370947,0.241897321656031,0.264776785941115,
0.310535714511282,0.356294643081449,0.402053571651617,0.424933035936701,
0.447812500221784,0.470691964506868,0.493571428791951,0.524077381172063,
0.554583333552175,0.585089285932286,0.615595238312398,0.65626984148588,
0.696944444659362,0.717281746246103,0.737619047832844,0.778293651006326,
0.818968254179808,0.85964285735329,0.900317460526772,0.940992063700254,
0.981666666873736,1.02234127004722,1.0630158732207,1.10369047639418,1.13419642877429,
1.16470238115441,1.19520833353452,1.22571428591463,1.25622023829474,1.28672619067485,
1.31723214305496,1.34773809543508,1.38841269860856,1.42908730178204,1.46976190495552,
1.510436508129,1.55111111130249,1.59178571447597,1.63246031764945,1.67313492082293,
1.71380952399641,1.73414682558315,1.7544841271699,1.79515873034338,1.83583333351686,
1.86633928589697,1.89684523827708,1.92735119065719,1.95785714303731,1.98836309541742,
2.01886904779753,2.04937500017764,2.07988095255775,2.12055555573123,2.14089285731798,
2.17139880969809,2.2019047620782,2.23241071445831,2.26291666683842,2.29342261921853,
2.32392857159864,2.36968750016881,2.41544642873898,2.46120535730915,2.48408482159423,
2.50696428587931,2.5298437501644,2.55272321444948,2.57560267873457,2.59848214301965,
2.62136160730473,2.64424107158982,2.6671205358749,2.69000000015998),
 .UNSPECIFIED.);
#26=PLANE('',#466);
#27=PLANE('',#469);
#28=PLANE('',#470);
#29=PLANE('',#471);
#30=PLANE('',#472);
#31=PLANE('',#473);
#32=PLANE('',#474);
#33=PLANE('',#478);
#34=PLANE('',#479);
#35=PLANE('',#480);
#36=PLANE('',#484);
#37=PLANE('',#485);
#38=FACE_OUTER_BOUND('',#64,.T.);
#39=FACE_OUTER_BOUND('',#65,.T.);
#40=FACE_OUTER_BOUND('',#66,.T.);
#41=FACE_OUTER_BOUND('',#67,.T.);
#42=FACE_OUTER_BOUND('',#68,.T.);
#43=FACE_OUTER_BOUND('',#69,.T.);
#44=FACE_OUTER_BOUND('',#70,.T.);
#45=FACE_OUTER_BOUND('',#71,.T.);
#46=FACE_OUTER_BOUND('',#72,.T.);
#47=FACE_OUTER_BOUND('',#73,.T.);
#48=FACE_OUTER_BOUND('',#74,.T.);
#49=FACE_OUTER_BOUND('',#75,.T.);
#50=FACE_OUTER_BOUND('',#76,.T.);
#51=FACE_OUTER_BOUND('',#77,.T.);
#52=FACE_OUTER_BOUND('',#78,.T.);
#53=FACE_OUTER_BOUND('',#79,.T.);
#54=FACE_OUTER_BOUND('',#80,.T.);
#55=FACE_OUTER_BOUND('',#81,.T.);
#56=FACE_OUTER_BOUND('',#82,.T.);
#57=FACE_OUTER_BOUND('',#83,.T.);
#58=FACE_OUTER_BOUND('',#84,.T.);
#59=FACE_OUTER_BOUND('',#85,.T.);
#60=FACE_OUTER_BOUND('',#86,.T.);
#61=FACE_OUTER_BOUND('',#87,.T.);
#62=FACE_OUTER_BOUND('',#88,.T.);
#63=FACE_OUTER_BOUND('',#89,.T.);
#64=EDGE_LOOP('',(#282,#283,#284,#285));
#65=EDGE_LOOP('',(#286,#287,#288,#289));
#66=EDGE_LOOP('',(#290,#291,#292,#293));
#67=EDGE_LOOP('',(#294,#295,#296,#297));
#68=EDGE_LOOP('',(#298,#299,#300,#301));
#69=EDGE_LOOP('',(#302,#303,#304,#305));
#70=EDGE_LOOP('',(#306,#307,#308,#309));
#71=EDGE_LOOP('',(#310,#311,#312,#313));
#72=EDGE_LOOP('',(#314,#315,#316,#317));
#73=EDGE_LOOP('',(#318,#319,#320,#321,#322,#323,#324,#325,#326,#327,#328,
#329));
#74=EDGE_LOOP('',(#330,#331,#332,#333));
#75=EDGE_LOOP('',(#334,#335,#336,#337));
#76=EDGE_LOOP('',(#338,#339,#340,#341));
#77=EDGE_LOOP('',(#342,#343,#344,#345));
#78=EDGE_LOOP('',(#346,#347,#348));
#79=EDGE_LOOP('',(#349,#350,#351,#352));
#80=EDGE_LOOP('',(#353,#354,#355,#356));
#81=EDGE_LOOP('',(#357,#358,#359,#360));
#82=EDGE_LOOP('',(#361,#362,#363));
#83=EDGE_LOOP('',(#364,#365,#366,#367));
#84=EDGE_LOOP('',(#368,#369,#370,#371));
#85=EDGE_LOOP('',(#372,#373,#374,#375));
#86=EDGE_LOOP('',(#376,#377,#378));
#87=EDGE_LOOP('',(#379,#380,#381,#382,#383,#384,#385,#386,#387,#388,#389,
#390));
#88=EDGE_LOOP('',(#391,#392,#393,#394));
#89=EDGE_LOOP('',(#395,#396,#397,#398));
#90=EDGE_LOOP('',(#399,#400,#401));
#91=EDGE_LOOP('',(#402,#403,#404,#405,#406,#407));
#92=CIRCLE('',#458,7.025);
#93=CIRCLE('',#467,7.025);
#94=CIRCLE('',#476,0.65);
#95=CIRCLE('',#477,0.75);
#96=CIRCLE('',#482,0.65);
#97=CIRCLE('',#483,0.75);
#98=B_SPLINE_CURVE_WITH_KNOTS('',3,(#579,#580,#581,#582,#583,#584,#585,
#586,#587,#588,#589,#590,#591,#592,#593,#594,#595,#596,#597,#598,#599,#600,
#601,#602,#603,#604,#605,#606),.UNSPECIFIED.,.F.,.F.,(4,3,3,3,3,3,3,3,3,
4),(139.419743323098,139.431792210431,139.760758617724,140.089725025016,
140.418691432309,140.747657839602,141.076624246895,141.405590654187,141.73455706148,
142.047669662421),.UNSPECIFIED.);
#99=B_SPLINE_CURVE_WITH_KNOTS('',3,(#609,#610,#611,#612,#613,#614,#615,
#616,#617,#618,#619,#620,#621,#622,#623,#624,#625,#626,#627),
 .UNSPECIFIED.,.F.,.F.,(4,3,3,3,3,3,4),(0.,0.328947406737223,0.657894813474497,
0.986842220211771,1.31578962694904,1.64473703368632,1.74001288236316),
 .UNSPECIFIED.);
#100=B_SPLINE_CURVE_WITH_KNOTS('',3,(#632,#633,#634,#635,#636,#637,#638,
#639,#640,#641,#642,#643,#644,#645,#646,#647,#648,#649,#650,#651,#652,#653,
#654,#655,#656,#657,#658,#659,#660,#661,#662,#663,#664,#665,#666,#667,#668,
#669,#670,#671),.UNSPECIFIED.,.F.,.F.,(4,3,3,3,3,3,3,3,3,3,3,3,3,4),(134.980715806948,
135.155264706133,135.484228352531,135.922846547729,136.361464742926,136.800082938124,
137.129046584522,137.45801023092,137.786973877318,138.115937523716,138.444901170115,
138.773864816513,139.102828462911,139.419743323098),.UNSPECIFIED.);
#101=B_SPLINE_CURVE_WITH_KNOTS('',3,(#672,#673,#674,#675,#676,#677,#678,
#679,#680,#681,#682,#683,#684,#685,#686,#687,#688,#689,#690,#691,#692,#693,
#694,#695,#696,#697,#698,#699,#700,#701,#702,#703,#704,#705,#706,#707,#708,
#709,#710,#711,#712,#713,#714),.UNSPECIFIED.,.F.,.F.,(4,3,3,3,3,3,3,3,3,
3,3,3,3,3,4),(1.74001288236316,1.97369551335433,2.30265850783314,2.63162150231195,
2.96058449679076,3.28954749126957,3.61851048574838,3.94747348022719,4.276436474706,
4.60539946918481,4.93436246366362,5.26332545814243,5.70194278411417,6.14056011008592,
6.17903160254983),.UNSPECIFIED.);
#102=B_SPLINE_CURVE_WITH_KNOTS('',3,(#719,#720,#721,#722,#723,#724,#725,
#726,#727,#728,#729,#730,#731,#732,#733,#734,#735,#736,#737,#738,#739,#740,
#741,#742,#743,#744,#745,#746,#747,#748,#749,#750,#751,#752,#753,#754,#755,
#756,#757,#758,#759,#760,#761),.UNSPECIFIED.,.F.,.F.,(4,3,3,3,3,3,3,3,3,
3,3,3,3,3,4),(130.541697327467,130.805642770186,131.098054305015,131.53667160726,
131.975288909505,132.194597560628,132.41390621175,132.852523513995,133.181486490679,
133.510449467362,133.839412444046,134.16837542073,134.497338397413,134.826301374097,
134.980715806948),.UNSPECIFIED.);
#103=B_SPLINE_CURVE_WITH_KNOTS('',3,(#762,#763,#764,#765,#766,#767,#768,
#769,#770,#771,#772,#773,#774,#775,#776,#777,#778,#779,#780,#781,#782,#783,
#784,#785,#786,#787,#788,#789,#790,#791,#792,#793,#794,#795),
 .UNSPECIFIED.,.F.,.F.,(4,3,3,3,3,3,3,3,3,3,3,4),(6.17903160254983,6.57917823648815,
7.01779643984671,7.60262071099145,8.18744498213619,8.47985711770856,8.62606318549475,
8.77226925328094,9.35709352442568,9.94191779557043,10.5267420667152,10.6180592018573),
 .UNSPECIFIED.);
#104=B_SPLINE_CURVE_WITH_KNOTS('',3,(#800,#801,#802,#803,#804,#805,#806,
#807,#808,#809,#810,#811,#812,#813,#814,#815,#816,#817,#818,#819,#820,#821,
#822,#823,#824,#825,#826,#827,#828,#829,#830,#831,#832,#833),
 .UNSPECIFIED.,.F.,.F.,(4,3,3,3,3,3,3,3,3,3,3,4),(126.102696633513,126.273281083109,
126.711896627899,127.150512172689,127.589127717479,128.027743262269,128.46635880706,
128.90497435185,129.34358989664,129.928410623027,130.513231349414,130.541697327467),
 .UNSPECIFIED.);
#105=B_SPLINE_CURVE_WITH_KNOTS('',3,(#834,#835,#836,#837,#838,#839,#840,
#841,#842,#843,#844,#845,#846,#847,#848,#849,#850,#851,#852,#853,#854,#855,
#856,#857,#858,#859,#860,#861,#862,#863,#864),.UNSPECIFIED.,.F.,.F.,(4,
3,3,3,3,3,3,3,3,3,4),(10.6180592018573,11.1115663576272,11.696390652197,
12.2812149467668,12.8660392413366,13.1584513886214,13.6458049674296,14.0356878304761,
14.4743060514034,14.9129242723307,15.05708697891),.UNSPECIFIED.);
#106=B_SPLINE_CURVE_WITH_KNOTS('',3,(#869,#870,#871,#872,#873,#874,#875,
#876,#877,#878,#879,#880,#881,#882,#883,#884,#885,#886,#887,#888,#889,#890,
#891,#892,#893,#894,#895,#896,#897,#898,#899,#900,#901,#902),
 .UNSPECIFIED.,.F.,.F.,(4,3,3,3,3,3,3,3,3,3,3,4),(121.66372256546,121.88715092077,
122.325763834685,122.7643767486,123.202989662515,123.64160257643,124.080215490345,
124.51882840426,124.957441318175,125.39605423209,125.834667146005,126.102696633513),
 .UNSPECIFIED.);
#107=B_SPLINE_CURVE_WITH_KNOTS('',3,(#903,#904,#905,#906,#907,#908,#909,
#910,#911,#912,#913,#914,#915,#916,#917,#918,#919,#920,#921,#922,#923,#924,
#925,#926,#927,#928,#929,#930,#931,#932,#933),.UNSPECIFIED.,.F.,.F.,(4,
3,3,3,3,3,3,3,3,3,4),(15.05708697891,15.3515419278966,15.7901593066668,
16.2287766854369,16.6673940642071,17.1060114429772,17.5446288217474,18.1294519934409,
18.7142751651344,19.2990983368279,19.4961062334149),.UNSPECIFIED.);
#108=B_SPLINE_CURVE_WITH_KNOTS('',3,(#938,#939,#940,#941,#942,#943,#944,
#945,#946,#947,#948,#949,#950,#951,#952,#953,#954,#955,#956,#957,#958,#959,
#960,#961,#962,#963,#964,#965,#966,#967,#968,#969,#970,#971),
 .UNSPECIFIED.,.F.,.F.,(4,3,3,3,3,3,3,3,3,3,3,4),(117.224784090779,117.501055161232,
117.939664558025,118.378273954817,118.81688335161,119.255492748402,119.694102145194,
120.132711541987,120.571320938779,121.009930335572,121.448539732364,121.66372256546),
 .UNSPECIFIED.);
#109=B_SPLINE_CURVE_WITH_KNOTS('',3,(#972,#973,#974,#975,#976,#977,#978,
#979,#980,#981,#982,#983,#984,#985,#986,#987,#988,#989,#990,#991,#992,#993,
#994,#995,#996,#997,#998,#999,#1000,#1001,#1002),.UNSPECIFIED.,.F.,.F.,
(4,3,3,3,3,3,3,3,3,3,4),(19.4961062334149,19.8839199998825,20.4687408965573,
21.0535617932321,21.3459722415694,21.9307931382442,22.3694088107503,22.8080244832564,
23.2466401557625,23.6852558282686,23.9351082204593),.UNSPECIFIED.);
#110=B_SPLINE_CURVE_WITH_KNOTS('',3,(#1007,#1008,#1009,#1010,#1011,#1012,
#1013,#1014,#1015,#1016,#1017,#1018,#1019,#1020,#1021,#1022,#1023,#1024,
#1025,#1026,#1027,#1028,#1029,#1030,#1031,#1032,#1033,#1034,#1035,#1036,
#1037),.UNSPECIFIED.,.F.,.F.,(4,3,3,3,3,3,3,3,3,3,4),(112.785864015582,
113.114978227934,113.553585806753,114.138395911846,114.723206016938,115.308016122031,
115.746623700851,116.18523127967,116.623838858489,117.062446437309,117.224784090779),
 .UNSPECIFIED.);
#111=B_SPLINE_CURVE_WITH_KNOTS('',3,(#1038,#1039,#1040,#1041,#1042,#1043,
#1044,#1045,#1046,#1047,#1048,#1049,#1050,#1051,#1052,#1053,#1054,#1055,
#1056,#1057,#1058,#1059,#1060,#1061,#1062,#1063,#1064,#1065,#1066,#1067,
#1068,#1069,#1070,#1071),.UNSPECIFIED.,.F.,.F.,(4,3,3,3,3,3,3,3,3,3,3,4),
(23.9351082204593,24.1238703908528,24.5624834843132,25.0010965777737,25.4397096712341,
25.8783227646945,26.3169358581549,26.7555489516154,27.1941620450758,27.6327751385362,
28.0713882319967,28.3740841061066),.UNSPECIFIED.);
#112=B_SPLINE_CURVE_WITH_KNOTS('',3,(#1076,#1077,#1078,#1079,#1080,#1081,
#1082,#1083,#1084,#1085,#1086,#1087,#1088,#1089,#1090,#1091,#1092,#1093,
#1094,#1095,#1096,#1097,#1098,#1099,#1100,#1101,#1102,#1103,#1104,#1105,
#1106,#1107,#1108,#1109,#1110,#1111,#1112,#1113,#1114,#1115,#1116,#1117,
#1118),.UNSPECIFIED.,.F.,.F.,(4,3,3,3,3,3,3,3,3,3,3,3,3,3,4),(108.346906752074,
108.509562824415,108.838521264471,109.167479704527,109.496438144584,109.82539658464,
110.154355024697,110.483313464753,110.812271904809,111.141230344866,111.470188784922,
111.799147224978,112.237758478387,112.676369731795,112.785864015582),
 .UNSPECIFIED.);
#113=B_SPLINE_CURVE_WITH_KNOTS('',3,(#1119,#1120,#1121,#1122,#1123,#1124,
#1125,#1126,#1127,#1128,#1129,#1130,#1131,#1132,#1133,#1134,#1135,#1136,
#1137,#1138,#1139,#1140,#1141,#1142,#1143,#1144,#1145,#1146,#1147,#1148,
#1149,#1150,#1151,#1152),.UNSPECIFIED.,.F.,.F.,(4,3,3,3,3,3,3,3,3,3,3,4),
(28.3740841061066,28.6562034615734,29.2410163002711,29.8258291389689,30.2644387679922,
30.7030483970155,31.1416580260388,31.5802676550621,31.9092248768295,32.238182098597,
32.5671393203645,32.813024931728),.UNSPECIFIED.);
#114=B_SPLINE_CURVE_WITH_KNOTS('',3,(#1156,#1157,#1158,#1159,#1160,#1161,
#1162,#1163,#1164,#1165,#1166,#1167,#1168,#1169,#1170,#1171,#1172,#1173,
#1174,#1175,#1176,#1177,#1178,#1179,#1180,#1181,#1182,#1183,#1184,#1185,
#1186,#1187,#1188,#1189,#1190,#1191,#1192,#1193,#1194,#1195,#1196,#1197,
#1198,#1199,#1200,#1201,#1202,#1203,#1204,#1205,#1206,#1207,#1208,#1209,
#1210,#1211,#1212,#1213,#1214,#1215,#1216,#1217,#1218,#1219,#1220,#1221,
#1222,#1223,#1224,#1225,#1226,#1227,#1228,#1229,#1230,#1231,#1232,#1233,
#1234,#1235,#1236,#1237,#1238,#1239,#1240,#1241,#1242,#1243,#1244,#1245,
#1246,#1247,#1248,#1249,#1250,#1251,#1252,#1253,#1254,#1255,#1256,#1257,
#1258,#1259,#1260,#1261),.UNSPECIFIED.,.F.,.F.,(4,3,3,3,3,3,3,3,3,3,3,3,
3,3,3,3,3,3,3,3,3,3,3,3,3,3,3,3,3,3,3,3,3,3,3,4),(-1.24452059220321,-1.18833529305406,
-1.13172967577118,-1.07545071288168,-1.01979572660031,-1.00430205602299,
-0.993288921196489,-0.986347650882284,-0.93094409104954,-0.921793710267463,
-0.866237176812105,-0.810752335925888,-0.760316695123092,-0.749969232557459,
-0.743015640457811,-0.688592850449196,-0.634470261260377,-0.609009772714704,
-0.554570571720486,-0.500610642776115,-0.491917327657415,-0.484974390699557,
-0.431661223768474,-0.378437733387974,-0.325910030552936,-0.306297618436144,
-0.269736041923056,-0.253740352198579,-0.242738230856797,-0.235772033576843,
-0.183767903938143,-0.131638499492762,-0.0798982981118166,-0.0291436745942233,
-0.0138050063314335,0.),.UNSPECIFIED.);
#115=B_SPLINE_CURVE_WITH_KNOTS('',3,(#1265,#1266,#1267,#1268,#1269,#1270,
#1271,#1272,#1273,#1274,#1275,#1276,#1277,#1278,#1279,#1280,#1281,#1282,
#1283,#1284,#1285,#1286,#1287,#1288,#1289,#1290,#1291,#1292,#1293,#1294,
#1295,#1296,#1297,#1298,#1299,#1300,#1301,#1302,#1303,#1304,#1305,#1306,
#1307,#1308,#1309,#1310,#1311,#1312,#1313,#1314,#1315,#1316,#1317,#1318,
#1319,#1320,#1321,#1322,#1323,#1324,#1325,#1326,#1327,#1328,#1329,#1330,
#1331,#1332,#1333,#1334,#1335,#1336,#1337,#1338,#1339,#1340,#1341,#1342,
#1343,#1344,#1345,#1346,#1347,#1348,#1349,#1350,#1351,#1352,#1353,#1354,
#1355,#1356,#1357,#1358,#1359,#1360,#1361,#1362,#1363,#1364,#1365,#1366,
#1367),.UNSPECIFIED.,.F.,.F.,(4,3,3,3,3,3,3,3,3,3,3,3,3,3,3,3,3,3,3,3,3,
3,3,3,3,3,3,3,3,3,3,3,3,3,4),(-1.24813069118243,-1.19725993829037,-1.14556571949937,
-1.09325620024857,-1.04106760145017,-1.02457700767681,-1.01754021437973,
-0.964365787494437,-0.955437966414448,-0.902750264936562,-0.849523397077143,
-0.800238753212355,-0.792172510384471,-0.785225848161048,-0.731279492303709,
-0.676785348959634,-0.652384821617991,-0.59815174333768,-0.565771999589372,
-0.536485607871063,-0.528787970870012,-0.473775880003042,-0.418278021404715,
-0.362699150167078,-0.339113793351219,-0.298699236415231,-0.281017867755737,
-0.270930450157161,-0.263673389993326,-0.208136268986924,-0.151551648403035,
-0.0947848002479935,-0.0384336113408162,-0.0157973378633169,0.),
 .UNSPECIFIED.);
#116=B_SPLINE_CURVE_WITH_KNOTS('',3,(#1368,#1369,#1370,#1371,#1372,#1373,
#1374,#1375,#1376,#1377,#1378,#1379,#1380,#1381,#1382,#1383,#1384,#1385,
#1386,#1387,#1388,#1389,#1390,#1391,#1392,#1393,#1394,#1395,#1396,#1397,
#1398,#1399,#1400,#1401,#1402,#1403,#1404,#1405,#1406,#1407,#1408,#1409,
#1410,#1411,#1412,#1413,#1414,#1415,#1416,#1417,#1418,#1419,#1420,#1421,
#1422,#1423,#1424,#1425,#1426,#1427,#1428,#1429,#1430,#1431,#1432,#1433,
#1434),.UNSPECIFIED.,.F.,.F.,(4,3,3,3,3,3,3,3,3,3,3,3,3,3,3,3,3,3,3,3,3,
3,4),(-0.771539744253695,-0.72002551353923,-0.668090872134796,-0.642394394560628,
-0.626904716469685,-0.618959724344108,-0.566996064882616,-0.515355579943449,
-0.489433358378135,-0.479568166931955,-0.4724929670399,-0.42119139749244,
-0.367613663912941,-0.31558796402734,-0.263990754730131,-0.249314119570909,
-0.240793813544504,-0.234532517136822,-0.206880463174444,-0.155133179110449,
-0.103053648683666,-0.0512235886006462,0.),.UNSPECIFIED.);
#117=B_SPLINE_CURVE_WITH_KNOTS('',3,(#1799,#1800,#1801,#1802,#1803,#1804,
#1805,#1806,#1807,#1808,#1809,#1810,#1811,#1812,#1813,#1814,#1815,#1816,
#1817,#1818,#1819,#1820,#1821,#1822,#1823,#1824,#1825,#1826),
 .UNSPECIFIED.,.F.,.F.,(4,3,3,3,3,3,3,3,3,4),(32.813024931728,32.8960992290828,
33.22506709097,33.5540349528571,33.8830028147443,34.2119706766314,34.5409385385186,
34.8699064004058,35.1988742622929,35.5119882524506),.UNSPECIFIED.);
#118=B_SPLINE_CURVE_WITH_KNOTS('',3,(#1828,#1829,#1830,#1831,#1832,#1833,
#1834,#1835,#1836,#1837,#1838,#1839,#1840,#1841,#1842,#1843,#1844,#1845,
#1846,#1847,#1848,#1849,#1850,#1851,#1852,#1853,#1854,#1855,#1856,#1857,
#1858,#1859,#1860,#1861,#1862,#1863,#1864,#1865,#1866,#1867,#1868,#1869,
#1870,#1871,#1872,#1873,#1874,#1875,#1876,#1877,#1878,#1879,#1880,#1881,
#1882,#1883,#1884,#1885,#1886,#1887,#1888,#1889,#1890,#1891,#1892,#1893,
#1894,#1895,#1896,#1897,#1898,#1899,#1900,#1901,#1902,#1903,#1904,#1905,
#1906,#1907,#1908,#1909,#1910,#1911,#1912,#1913,#1914,#1915,#1916,#1917,
#1918,#1919,#1920,#1921,#1922,#1923,#1924),.UNSPECIFIED.,.F.,.F.,(4,3,3,
3,3,3,3,3,3,3,3,3,3,3,3,3,3,3,3,3,3,3,3,3,3,3,3,3,3,3,3,3,4),(0.,0.0138050022107995,
0.0646331715116001,0.116267962247408,0.168471930629335,0.220522207615627,
0.240112521807367,0.246459457078857,0.299529706965168,0.306297614146172,
0.358854518043761,0.411999924966257,0.461252385798591,0.479722058610716,
0.490883578308959,0.497696847551113,0.553353307923353,0.609009768295593,
0.663124946336242,0.717545990763605,0.744157620160258,0.752167833096386,
0.80719455287394,0.864528759887018,0.921862966900097,0.977312283874693,
1.01004472731082,1.01755813332265,1.07369658419065,1.13023321393258,1.18669116289972,
1.21838579080969,1.24437912607108),.UNSPECIFIED.);
#119=B_SPLINE_CURVE_WITH_KNOTS('',3,(#1925,#1926,#1927,#1928,#1929,#1930,
#1931,#1932,#1933,#1934,#1935,#1936,#1937,#1938,#1939,#1940,#1941,#1942,
#1943,#1944,#1945,#1946,#1947,#1948,#1949,#1950,#1951,#1952,#1953,#1954,
#1955,#1956,#1957,#1958,#1959,#1960,#1961,#1962,#1963,#1964,#1965,#1966,
#1967,#1968,#1969,#1970,#1971,#1972,#1973,#1974,#1975,#1976,#1977,#1978,
#1979,#1980,#1981,#1982,#1983,#1984,#1985,#1986,#1987,#1988,#1989,#1990,
#1991,#1992,#1993,#1994,#1995,#1996,#1997,#1998,#1999,#2000,#2001,#2002,
#2003,#2004,#2005),.UNSPECIFIED.,.F.,.F.,(4,1,1,1,1,1,1,1,1,1,1,1,1,1,1,
1,1,1,1,1,1,1,1,1,1,1,1,1,1,1,1,1,1,1,1,1,1,1,1,1,1,1,1,1,1,1,1,1,1,1,1,
1,1,1,1,1,1,1,1,1,1,1,1,1,1,1,1,1,1,1,1,1,1,1,1,1,1,1,4),(0.127500000230613,
0.150379464515697,0.17325892880078,0.196138393085864,0.219017857370947,
0.241897321656031,0.264776785941115,0.310535714511282,0.356294643081449,
0.402053571651617,0.424933035936701,0.447812500221784,0.470691964506868,
0.493571428791951,0.524077381172063,0.554583333552175,0.585089285932286,
0.615595238312398,0.65626984148588,0.696944444659362,0.717281746246103,
0.737619047832844,0.778293651006326,0.818968254179808,0.85964285735329,
0.900317460526772,0.940992063700254,0.981666666873736,1.02234127004722,
1.0630158732207,1.10369047639418,1.13419642877429,1.16470238115441,1.19520833353452,
1.22571428591463,1.25622023829474,1.28672619067485,1.31723214305496,1.34773809543508,
1.38841269860856,1.42908730178204,1.46976190495552,1.510436508129,1.55111111130249,
1.59178571447597,1.63246031764945,1.67313492082293,1.71380952399641,1.73414682558315,
1.7544841271699,1.79515873034338,1.83583333351686,1.86633928589697,1.89684523827708,
1.92735119065719,1.95785714303731,1.98836309541742,2.01886904779753,2.04937500017764,
2.07988095255775,2.12055555573123,2.14089285731798,2.17139880969809,2.2019047620782,
2.23241071445831,2.26291666683842,2.29342261921853,2.32392857159864,2.36968750016881,
2.41544642873898,2.46120535730915,2.48408482159423,2.50696428587931,2.5298437501644,
2.55272321444948,2.57560267873457,2.59848214301965,2.62136160730473,2.62750139710098),
 .UNSPECIFIED.);
#120=B_SPLINE_CURVE_WITH_KNOTS('',3,(#2007,#2008,#2009,#2010,#2011,#2012,
#2013,#2014,#2015,#2016,#2017,#2018,#2019,#2020,#2021,#2022,#2023,#2024,
#2025),.UNSPECIFIED.,.F.,.F.,(4,3,3,3,3,3,4),(106.535640746993,106.864630326049,
107.193619905107,107.522609484164,107.851599063222,108.18058864228,108.346906752074),
 .UNSPECIFIED.);
#121=B_SPLINE_CURVE_WITH_KNOTS('',3,(#2483,#2484,#2485,#2486,#2487,#2488,
#2489,#2490,#2491,#2492,#2493,#2494,#2495,#2496,#2497,#2498,#2499,#2500,
#2501,#2502,#2503,#2504,#2505,#2506,#2507,#2508,#2509,#2510,#2511,#2512,
#2513,#2514,#2515,#2516,#2517,#2518,#2519,#2520,#2521,#2522,#2523,#2524,
#2525,#2526,#2527,#2528,#2529,#2530,#2531,#2532,#2533,#2534,#2535,#2536,
#2537,#2538,#2539,#2540,#2541,#2542,#2543,#2544,#2545,#2546,#2547,#2548,
#2549,#2550,#2551,#2552,#2553,#2554,#2555,#2556,#2557,#2558,#2559,#2560,
#2561,#2562,#2563,#2564,#2565,#2566,#2567,#2568,#2569,#2570,#2571,#2572,
#2573,#2574,#2575,#2576),.UNSPECIFIED.,.F.,.F.,(4,1,1,1,1,1,1,1,1,1,1,1,
1,1,1,1,1,1,1,1,1,1,1,1,1,1,1,1,1,1,1,1,1,1,1,1,1,1,1,1,1,1,1,1,1,1,1,1,
1,1,1,1,1,1,1,1,1,1,1,1,1,1,1,1,1,1,1,1,1,1,1,1,1,1,1,1,1,1,1,1,1,1,1,1,
1,1,1,1,1,1,1,4),(0.190000000159984,0.213158482305183,0.236316964450382,
0.259475446595581,0.282633928740781,0.30579241088598,0.328950893031179,
0.352109375176379,0.375267857321578,0.398426339466777,0.421584821611977,
0.444743303757176,0.467901785902375,0.491060268047575,0.514218750192774,
0.537377232337973,0.560535714483173,0.583694196628372,0.606852678773571,
0.63001116091877,0.65316964306397,0.684047619257569,0.714925595451168,0.745803571644767,
0.768962053789966,0.792120535935166,0.815279018080365,0.838437500225564,
0.861595982370764,0.884754464515963,0.907912946661162,0.931071428806362,
0.961949404999961,0.97738839309676,0.99282738119356,1.02370535738716,1.05458333358076,
1.07516865104316,1.09575396850556,1.13692460343036,1.17809523835515,1.20897321454875,
1.23985119074235,1.27072916693595,1.30160714312955,1.33248511932315,1.36336309551675,
1.39424107171035,1.42511904790395,1.45599702409755,1.48687500029115,1.51775297648474,
1.54863095267834,1.57950892887194,1.61038690506554,1.64126488125914,1.67214285745274,
1.70302083364634,1.73389880983994,1.76477678603354,1.79565476222714,1.82653273842073,
1.85741071461433,1.88828869080793,1.91916666700153,1.95004464319513,1.98092261938873,
2.01180059558233,2.04267857177593,2.07355654796953,2.10443452416313,2.13531250035673,
2.16619047655032,2.20736111147512,2.24853174639992,2.28970238132472,2.32058035751832,
2.35145833371192,2.38233630990552,2.41321428609912,2.43637276824432,2.45953125038952,
2.48268973253472,2.50584821467992,2.52900669682511,2.55216517897031,2.57532366111551,
2.59848214326071,2.62164062540591,2.64479910755111,2.66795758969631,2.6899998436727),
 .UNSPECIFIED.);
#122=B_SPLINE_CURVE_WITH_KNOTS('',3,(#2577,#2578,#2579,#2580,#2581,#2582,
#2583,#2584,#2585,#2586,#2587,#2588,#2589,#2590,#2591,#2592,#2593,#2594,
#2595,#2596,#2597,#2598,#2599,#2600,#2601,#2602,#2603,#2604,#2605,#2606,
#2607,#2608,#2609,#2610,#2611,#2612,#2613,#2614,#2615,#2616,#2617,#2618,
#2619,#2620,#2621,#2622,#2623,#2624,#2625,#2626,#2627,#2628,#2629,#2630,
#2631,#2632,#2633,#2634,#2635,#2636,#2637,#2638,#2639,#2640,#2641,#2642,
#2643,#2644,#2645,#2646,#2647,#2648,#2649,#2650,#2651,#2652,#2653,#2654,
#2655,#2656,#2657,#2658,#2659,#2660,#2661,#2662,#2663,#2664,#2665,#2666,
#2667,#2668,#2669,#2670,#2671,#2672,#2673,#2674,#2675,#2676,#2677,#2678,
#2679),.UNSPECIFIED.,.F.,.F.,(4,3,3,3,3,3,3,3,3,3,3,3,3,3,3,3,3,3,3,3,3,
3,3,3,3,3,3,3,3,3,3,3,3,3,4),(0.18666316195826,0.202521848744957,0.259756114086617,
0.275195530877761,0.33128597362524,0.387650991129394,0.443681193293986,
0.498694135683122,0.52596474745792,0.54219333443864,0.548519363714311,0.603420548878343,
0.658697933362964,0.713623551390523,0.767923739574686,0.788460356217836,
0.799113444325151,0.808883824501187,0.839175239990219,0.893124955960718,
0.947289820415363,1.00083854599882,1.03620227211175,1.05134841449132,1.05874994909127,
1.11164741275624,1.14229345045056,1.1954243812182,1.22535427958117,1.24247237785911,
1.24967114325133,1.30189217678353,1.35389221037835,1.40500411936736,1.43486356812194),
 .UNSPECIFIED.);
#123=B_SPLINE_CURVE_WITH_KNOTS('',3,(#3012,#3013,#3014,#3015,#3016,#3017,
#3018,#3019,#3020,#3021,#3022,#3023,#3024,#3025,#3026,#3027,#3028,#3029,
#3030,#3031,#3032,#3033,#3034,#3035,#3036,#3037,#3038,#3039,#3040,#3041,
#3042,#3043,#3044,#3045,#3046,#3047,#3048,#3049,#3050,#3051,#3052,#3053,
#3054,#3055,#3056,#3057,#3058,#3059,#3060,#3061,#3062,#3063,#3064,#3065,
#3066,#3067,#3068,#3069,#3070,#3071,#3072,#3073,#3074,#3075,#3076,#3077,
#3078,#3079,#3080,#3081),.UNSPECIFIED.,.F.,.F.,(4,3,3,3,3,3,3,3,3,3,3,3,
3,3,3,3,3,3,3,3,3,3,3,4),(0.,0.0518336083254663,0.103933703735141,0.155686369979369,
0.206880463174453,0.224603411708576,0.234933261270605,0.243699606313205,
0.295074628150627,0.347180344917282,0.399203936589797,0.444318647483969,
0.466876002931056,0.477065167596417,0.483395419177116,0.489433358378142,
0.541022148812492,0.592972284878285,0.615293217300212,0.623971638972414,
0.632996658921008,0.684960022450486,0.736586595832637,0.771539744253699),
 .UNSPECIFIED.);
#124=LINE('',#577,#151);
#125=LINE('',#631,#152);
#126=LINE('',#718,#153);
#127=LINE('',#799,#154);
#128=LINE('',#868,#155);
#129=LINE('',#937,#156);
#130=LINE('',#1006,#157);
#131=LINE('',#1075,#158);
#132=LINE('',#2029,#159);
#133=LINE('',#2031,#160);
#134=LINE('',#2033,#161);
#135=LINE('',#2034,#162);
#136=LINE('',#2037,#163);
#137=LINE('',#2039,#164);
#138=LINE('',#2040,#165);
#139=LINE('',#2042,#166);
#140=LINE('',#2043,#167);
#141=LINE('',#2048,#168);
#142=LINE('',#2050,#169);
#143=LINE('',#2052,#170);
#144=LINE('',#2058,#171);
#145=LINE('',#2063,#172);
#146=LINE('',#2071,#173);
#147=LINE('',#2072,#174);
#148=LINE('',#2074,#175);
#149=LINE('',#2080,#176);
#150=LINE('',#2085,#177);
#151=VECTOR('',#490,7.025);
#152=VECTOR('',#495,7.025);
#153=VECTOR('',#498,7.025);
#154=VECTOR('',#501,7.025);
#155=VECTOR('',#504,7.025);
#156=VECTOR('',#507,7.025);
#157=VECTOR('',#510,7.025);
#158=VECTOR('',#513,7.025);
#159=VECTOR('',#522,10.);
#160=VECTOR('',#523,10.);
#161=VECTOR('',#524,10.);
#162=VECTOR('',#525,10.);
#163=VECTOR('',#528,10.);
#164=VECTOR('',#529,10.);
#165=VECTOR('',#530,10.);
#166=VECTOR('',#533,10.);
#167=VECTOR('',#534,10.);
#168=VECTOR('',#539,10.);
#169=VECTOR('',#540,10.);
#170=VECTOR('',#541,10.);
#171=VECTOR('',#544,10.);
#172=VECTOR('',#545,10.);
#173=VECTOR('',#556,10.);
#174=VECTOR('',#557,10.);
#175=VECTOR('',#558,10.);
#176=VECTOR('',#561,10.);
#177=VECTOR('',#562,10.);
#178=VERTEX_POINT('',#575);
#179=VERTEX_POINT('',#576);
#180=VERTEX_POINT('',#578);
#181=VERTEX_POINT('',#607);
#182=VERTEX_POINT('',#629);
#183=VERTEX_POINT('',#630);
#184=VERTEX_POINT('',#716);
#185=VERTEX_POINT('',#717);
#186=VERTEX_POINT('',#797);
#187=VERTEX_POINT('',#798);
#188=VERTEX_POINT('',#866);
#189=VERTEX_POINT('',#867);
#190=VERTEX_POINT('',#935);
#191=VERTEX_POINT('',#936);
#192=VERTEX_POINT('',#1004);
#193=VERTEX_POINT('',#1005);
#194=VERTEX_POINT('',#1073);
#195=VERTEX_POINT('',#1074);
#196=VERTEX_POINT('',#1154);
#197=VERTEX_POINT('',#1155);
#198=VERTEX_POINT('',#1262);
#199=VERTEX_POINT('',#1264);
#200=VERTEX_POINT('',#1827);
#201=VERTEX_POINT('',#2027);
#202=VERTEX_POINT('',#2028);
#203=VERTEX_POINT('',#2030);
#204=VERTEX_POINT('',#2032);
#205=VERTEX_POINT('',#2036);
#206=VERTEX_POINT('',#2038);
#207=VERTEX_POINT('',#2046);
#208=VERTEX_POINT('',#2047);
#209=VERTEX_POINT('',#2049);
#210=VERTEX_POINT('',#2051);
#211=VERTEX_POINT('',#2057);
#212=VERTEX_POINT('',#2059);
#213=VERTEX_POINT('',#2069);
#214=VERTEX_POINT('',#2070);
#215=VERTEX_POINT('',#2073);
#216=VERTEX_POINT('',#2079);
#217=VERTEX_POINT('',#2081);
#218=VERTEX_POINT('',#2482);
#219=EDGE_CURVE('',#178,#179,#124,.T.);
#220=EDGE_CURVE('',#178,#180,#98,.T.);
#221=EDGE_CURVE('',#180,#181,#92,.T.);
#222=EDGE_CURVE('',#181,#179,#99,.T.);
#223=EDGE_CURVE('',#182,#183,#125,.T.);
#224=EDGE_CURVE('',#182,#178,#100,.T.);
#225=EDGE_CURVE('',#179,#183,#101,.T.);
#226=EDGE_CURVE('',#184,#185,#126,.T.);
#227=EDGE_CURVE('',#184,#182,#102,.T.);
#228=EDGE_CURVE('',#183,#185,#103,.T.);
#229=EDGE_CURVE('',#186,#187,#127,.T.);
#230=EDGE_CURVE('',#186,#184,#104,.T.);
#231=EDGE_CURVE('',#185,#187,#105,.T.);
#232=EDGE_CURVE('',#188,#189,#128,.T.);
#233=EDGE_CURVE('',#188,#186,#106,.T.);
#234=EDGE_CURVE('',#187,#189,#107,.T.);
#235=EDGE_CURVE('',#190,#191,#129,.T.);
#236=EDGE_CURVE('',#190,#188,#108,.T.);
#237=EDGE_CURVE('',#189,#191,#109,.T.);
#238=EDGE_CURVE('',#192,#193,#130,.T.);
#239=EDGE_CURVE('',#192,#190,#110,.T.);
#240=EDGE_CURVE('',#191,#193,#111,.T.);
#241=EDGE_CURVE('',#194,#195,#131,.T.);
#242=EDGE_CURVE('',#194,#192,#112,.T.);
#243=EDGE_CURVE('',#193,#195,#113,.T.);
#244=EDGE_CURVE('',#196,#197,#114,.T.);
#245=EDGE_CURVE('',#198,#196,#93,.T.);
#246=EDGE_CURVE('',#199,#198,#115,.T.);
#247=EDGE_CURVE('',#197,#199,#116,.T.);
#248=EDGE_CURVE('',#195,#198,#117,.T.);
#249=EDGE_CURVE('',#200,#181,#118,.T.);
#250=EDGE_CURVE('',#200,#199,#119,.T.);
#251=EDGE_CURVE('',#196,#194,#120,.T.);
#252=EDGE_CURVE('',#201,#202,#132,.T.);
#253=EDGE_CURVE('',#203,#202,#133,.T.);
#254=EDGE_CURVE('',#204,#203,#134,.T.);
#255=EDGE_CURVE('',#204,#201,#135,.T.);
#256=EDGE_CURVE('',#202,#205,#136,.T.);
#257=EDGE_CURVE('',#206,#205,#137,.T.);
#258=EDGE_CURVE('',#203,#206,#138,.T.);
#259=EDGE_CURVE('',#205,#201,#139,.T.);
#260=EDGE_CURVE('',#206,#204,#140,.T.);
#261=EDGE_CURVE('',#207,#208,#141,.T.);
#262=EDGE_CURVE('',#209,#208,#142,.T.);
#263=EDGE_CURVE('',#210,#209,#143,.T.);
#264=EDGE_CURVE('',#210,#207,#19,.T.);
#265=EDGE_CURVE('',#208,#211,#144,.T.);
#266=EDGE_CURVE('',#212,#211,#20,.T.);
#267=EDGE_CURVE('',#209,#212,#145,.T.);
#268=EDGE_CURVE('',#211,#207,#94,.T.);
#269=EDGE_CURVE('',#212,#210,#95,.T.);
#270=EDGE_CURVE('',#213,#214,#146,.T.);
#271=EDGE_CURVE('',#209,#214,#147,.T.);
#272=EDGE_CURVE('',#215,#209,#148,.T.);
#273=EDGE_CURVE('',#215,#213,#21,.T.);
#274=EDGE_CURVE('',#214,#216,#149,.T.);
#275=EDGE_CURVE('',#217,#216,#22,.T.);
#276=EDGE_CURVE('',#209,#217,#150,.T.);
#277=EDGE_CURVE('',#216,#213,#96,.T.);
#278=EDGE_CURVE('',#217,#215,#97,.T.);
#279=EDGE_CURVE('',#218,#197,#121,.T.);
#280=EDGE_CURVE('',#180,#218,#122,.T.);
#281=EDGE_CURVE('',#218,#200,#123,.T.);
#282=ORIENTED_EDGE('',*,*,#219,.F.);
#283=ORIENTED_EDGE('',*,*,#220,.T.);
#284=ORIENTED_EDGE('',*,*,#221,.T.);
#285=ORIENTED_EDGE('',*,*,#222,.T.);
#286=ORIENTED_EDGE('',*,*,#223,.F.);
#287=ORIENTED_EDGE('',*,*,#224,.T.);
#288=ORIENTED_EDGE('',*,*,#219,.T.);
#289=ORIENTED_EDGE('',*,*,#225,.T.);
#290=ORIENTED_EDGE('',*,*,#226,.F.);
#291=ORIENTED_EDGE('',*,*,#227,.T.);
#292=ORIENTED_EDGE('',*,*,#223,.T.);
#293=ORIENTED_EDGE('',*,*,#228,.T.);
#294=ORIENTED_EDGE('',*,*,#229,.F.);
#295=ORIENTED_EDGE('',*,*,#230,.T.);
#296=ORIENTED_EDGE('',*,*,#226,.T.);
#297=ORIENTED_EDGE('',*,*,#231,.T.);
#298=ORIENTED_EDGE('',*,*,#232,.F.);
#299=ORIENTED_EDGE('',*,*,#233,.T.);
#300=ORIENTED_EDGE('',*,*,#229,.T.);
#301=ORIENTED_EDGE('',*,*,#234,.T.);
#302=ORIENTED_EDGE('',*,*,#235,.F.);
#303=ORIENTED_EDGE('',*,*,#236,.T.);
#304=ORIENTED_EDGE('',*,*,#232,.T.);
#305=ORIENTED_EDGE('',*,*,#237,.T.);
#306=ORIENTED_EDGE('',*,*,#238,.F.);
#307=ORIENTED_EDGE('',*,*,#239,.T.);
#308=ORIENTED_EDGE('',*,*,#235,.T.);
#309=ORIENTED_EDGE('',*,*,#240,.T.);
#310=ORIENTED_EDGE('',*,*,#241,.F.);
#311=ORIENTED_EDGE('',*,*,#242,.T.);
#312=ORIENTED_EDGE('',*,*,#238,.T.);
#313=ORIENTED_EDGE('',*,*,#243,.T.);
#314=ORIENTED_EDGE('',*,*,#244,.F.);
#315=ORIENTED_EDGE('',*,*,#245,.F.);
#316=ORIENTED_EDGE('',*,*,#246,.F.);
#317=ORIENTED_EDGE('',*,*,#247,.F.);
#318=ORIENTED_EDGE('',*,*,#246,.T.);
#319=ORIENTED_EDGE('',*,*,#248,.F.);
#320=ORIENTED_EDGE('',*,*,#243,.F.);
#321=ORIENTED_EDGE('',*,*,#240,.F.);
#322=ORIENTED_EDGE('',*,*,#237,.F.);
#323=ORIENTED_EDGE('',*,*,#234,.F.);
#324=ORIENTED_EDGE('',*,*,#231,.F.);
#325=ORIENTED_EDGE('',*,*,#228,.F.);
#326=ORIENTED_EDGE('',*,*,#225,.F.);
#327=ORIENTED_EDGE('',*,*,#222,.F.);
#328=ORIENTED_EDGE('',*,*,#249,.F.);
#329=ORIENTED_EDGE('',*,*,#250,.T.);
#330=ORIENTED_EDGE('',*,*,#241,.T.);
#331=ORIENTED_EDGE('',*,*,#248,.T.);
#332=ORIENTED_EDGE('',*,*,#245,.T.);
#333=ORIENTED_EDGE('',*,*,#251,.T.);
#334=ORIENTED_EDGE('',*,*,#252,.T.);
#335=ORIENTED_EDGE('',*,*,#253,.F.);
#336=ORIENTED_EDGE('',*,*,#254,.F.);
#337=ORIENTED_EDGE('',*,*,#255,.T.);
#338=ORIENTED_EDGE('',*,*,#256,.T.);
#339=ORIENTED_EDGE('',*,*,#257,.F.);
#340=ORIENTED_EDGE('',*,*,#258,.F.);
#341=ORIENTED_EDGE('',*,*,#253,.T.);
#342=ORIENTED_EDGE('',*,*,#259,.T.);
#343=ORIENTED_EDGE('',*,*,#255,.F.);
#344=ORIENTED_EDGE('',*,*,#260,.F.);
#345=ORIENTED_EDGE('',*,*,#257,.T.);
#346=ORIENTED_EDGE('',*,*,#252,.F.);
#347=ORIENTED_EDGE('',*,*,#259,.F.);
#348=ORIENTED_EDGE('',*,*,#256,.F.);
#349=ORIENTED_EDGE('',*,*,#261,.T.);
#350=ORIENTED_EDGE('',*,*,#262,.F.);
#351=ORIENTED_EDGE('',*,*,#263,.F.);
#352=ORIENTED_EDGE('',*,*,#264,.T.);
#353=ORIENTED_EDGE('',*,*,#265,.T.);
#354=ORIENTED_EDGE('',*,*,#266,.F.);
#355=ORIENTED_EDGE('',*,*,#267,.F.);
#356=ORIENTED_EDGE('',*,*,#262,.T.);
#357=ORIENTED_EDGE('',*,*,#268,.T.);
#358=ORIENTED_EDGE('',*,*,#264,.F.);
#359=ORIENTED_EDGE('',*,*,#269,.F.);
#360=ORIENTED_EDGE('',*,*,#266,.T.);
#361=ORIENTED_EDGE('',*,*,#261,.F.);
#362=ORIENTED_EDGE('',*,*,#268,.F.);
#363=ORIENTED_EDGE('',*,*,#265,.F.);
#364=ORIENTED_EDGE('',*,*,#270,.T.);
#365=ORIENTED_EDGE('',*,*,#271,.F.);
#366=ORIENTED_EDGE('',*,*,#272,.F.);
#367=ORIENTED_EDGE('',*,*,#273,.T.);
#368=ORIENTED_EDGE('',*,*,#274,.T.);
#369=ORIENTED_EDGE('',*,*,#275,.F.);
#370=ORIENTED_EDGE('',*,*,#276,.F.);
#371=ORIENTED_EDGE('',*,*,#271,.T.);
#372=ORIENTED_EDGE('',*,*,#277,.T.);
#373=ORIENTED_EDGE('',*,*,#273,.F.);
#374=ORIENTED_EDGE('',*,*,#278,.F.);
#375=ORIENTED_EDGE('',*,*,#275,.T.);
#376=ORIENTED_EDGE('',*,*,#270,.F.);
#377=ORIENTED_EDGE('',*,*,#277,.F.);
#378=ORIENTED_EDGE('',*,*,#274,.F.);
#379=ORIENTED_EDGE('',*,*,#244,.T.);
#380=ORIENTED_EDGE('',*,*,#279,.F.);
#381=ORIENTED_EDGE('',*,*,#280,.F.);
#382=ORIENTED_EDGE('',*,*,#220,.F.);
#383=ORIENTED_EDGE('',*,*,#224,.F.);
#384=ORIENTED_EDGE('',*,*,#227,.F.);
#385=ORIENTED_EDGE('',*,*,#230,.F.);
#386=ORIENTED_EDGE('',*,*,#233,.F.);
#387=ORIENTED_EDGE('',*,*,#236,.F.);
#388=ORIENTED_EDGE('',*,*,#239,.F.);
#389=ORIENTED_EDGE('',*,*,#242,.F.);
#390=ORIENTED_EDGE('',*,*,#251,.F.);
#391=ORIENTED_EDGE('',*,*,#247,.T.);
#392=ORIENTED_EDGE('',*,*,#250,.F.);
#393=ORIENTED_EDGE('',*,*,#281,.F.);
#394=ORIENTED_EDGE('',*,*,#279,.T.);
#395=ORIENTED_EDGE('',*,*,#280,.T.);
#396=ORIENTED_EDGE('',*,*,#281,.T.);
#397=ORIENTED_EDGE('',*,*,#249,.T.);
#398=ORIENTED_EDGE('',*,*,#221,.F.);
#399=ORIENTED_EDGE('',*,*,#254,.T.);
#400=ORIENTED_EDGE('',*,*,#258,.T.);
#401=ORIENTED_EDGE('',*,*,#260,.T.);
#402=ORIENTED_EDGE('',*,*,#263,.T.);
#403=ORIENTED_EDGE('',*,*,#276,.T.);
#404=ORIENTED_EDGE('',*,*,#278,.T.);
#405=ORIENTED_EDGE('',*,*,#272,.T.);
#406=ORIENTED_EDGE('',*,*,#267,.T.);
#407=ORIENTED_EDGE('',*,*,#269,.T.);
#408=CYLINDRICAL_SURFACE('',#457,7.025);
#409=CYLINDRICAL_SURFACE('',#459,7.025);
#410=CYLINDRICAL_SURFACE('',#460,7.025);
#411=CYLINDRICAL_SURFACE('',#461,7.025);
#412=CYLINDRICAL_SURFACE('',#462,7.025);
#413=CYLINDRICAL_SURFACE('',#463,7.025);
#414=CYLINDRICAL_SURFACE('',#464,7.025);
#415=CYLINDRICAL_SURFACE('',#465,7.025);
#416=CYLINDRICAL_SURFACE('',#468,7.025);
#417=ADVANCED_FACE('',(#38),#408,.T.);
#418=ADVANCED_FACE('',(#39),#409,.T.);
#419=ADVANCED_FACE('',(#40),#410,.T.);
#420=ADVANCED_FACE('',(#41),#411,.T.);
#421=ADVANCED_FACE('',(#42),#412,.T.);
#422=ADVANCED_FACE('',(#43),#413,.T.);
#423=ADVANCED_FACE('',(#44),#414,.T.);
#424=ADVANCED_FACE('',(#45),#415,.T.);
#425=ADVANCED_FACE('',(#46),#26,.F.);
#426=ADVANCED_FACE('',(#47),#23,.F.);
#427=ADVANCED_FACE('',(#48),#416,.T.);
#428=ADVANCED_FACE('',(#49),#27,.T.);
#429=ADVANCED_FACE('',(#50),#28,.T.);
#430=ADVANCED_FACE('',(#51),#29,.T.);
#431=ADVANCED_FACE('',(#52),#30,.F.);
#432=ADVANCED_FACE('',(#53),#31,.T.);
#433=ADVANCED_FACE('',(#54),#32,.T.);
#434=ADVANCED_FACE('',(#55),#17,.T.);
#435=ADVANCED_FACE('',(#56),#33,.F.);
#436=ADVANCED_FACE('',(#57),#34,.T.);
#437=ADVANCED_FACE('',(#58),#35,.T.);
#438=ADVANCED_FACE('',(#59),#18,.T.);
#439=ADVANCED_FACE('',(#60),#36,.F.);
#440=ADVANCED_FACE('',(#61),#24,.F.);
#441=ADVANCED_FACE('',(#62),#25,.F.);
#442=ADVANCED_FACE('',(#63,#15,#16),#37,.F.);
#443=CLOSED_SHELL('',(#417,#418,#419,#420,#421,#422,#423,#424,#425,#426,
#427,#428,#429,#430,#431,#432,#433,#434,#435,#436,#437,#438,#439,#440,#441,
#442));
#444=DERIVED_UNIT_ELEMENT(#446,1.);
#445=DERIVED_UNIT_ELEMENT(#3088,-3.);
#446=(
MASS_UNIT()
NAMED_UNIT(*)
SI_UNIT(.KILO.,.GRAM.)
);
#447=DERIVED_UNIT((#444,#445));
#448=MEASURE_REPRESENTATION_ITEM('density measure',
POSITIVE_RATIO_MEASURE(1541.),#447);
#449=PROPERTY_DEFINITION_REPRESENTATION(#454,#451);
#450=PROPERTY_DEFINITION_REPRESENTATION(#455,#452);
#451=REPRESENTATION('material name',(#453),#3085);
#452=REPRESENTATION('density',(#448),#3085);
#453=DESCRIPTIVE_REPRESENTATION_ITEM('PET Plastic','PET Plastic');
#454=PROPERTY_DEFINITION('material property','material name',#3095);
#455=PROPERTY_DEFINITION('material property','density of part',#3095);
#456=AXIS2_PLACEMENT_3D('',#573,#486,#487);
#457=AXIS2_PLACEMENT_3D('',#574,#488,#489);
#458=AXIS2_PLACEMENT_3D('',#608,#491,#492);
#459=AXIS2_PLACEMENT_3D('',#628,#493,#494);
#460=AXIS2_PLACEMENT_3D('',#715,#496,#497);
#461=AXIS2_PLACEMENT_3D('',#796,#499,#500);
#462=AXIS2_PLACEMENT_3D('',#865,#502,#503);
#463=AXIS2_PLACEMENT_3D('',#934,#505,#506);
#464=AXIS2_PLACEMENT_3D('',#1003,#508,#509);
#465=AXIS2_PLACEMENT_3D('',#1072,#511,#512);
#466=AXIS2_PLACEMENT_3D('',#1153,#514,#515);
#467=AXIS2_PLACEMENT_3D('',#1263,#516,#517);
#468=AXIS2_PLACEMENT_3D('',#2006,#518,#519);
#469=AXIS2_PLACEMENT_3D('',#2026,#520,#521);
#470=AXIS2_PLACEMENT_3D('',#2035,#526,#527);
#471=AXIS2_PLACEMENT_3D('',#2041,#531,#532);
#472=AXIS2_PLACEMENT_3D('',#2044,#535,#536);
#473=AXIS2_PLACEMENT_3D('',#2045,#537,#538);
#474=AXIS2_PLACEMENT_3D('',#2056,#542,#543);
#475=AXIS2_PLACEMENT_3D('',#2064,#546,#547);
#476=AXIS2_PLACEMENT_3D('',#2065,#548,#549);
#477=AXIS2_PLACEMENT_3D('',#2066,#550,#551);
#478=AXIS2_PLACEMENT_3D('',#2067,#552,#553);
#479=AXIS2_PLACEMENT_3D('',#2068,#554,#555);
#480=AXIS2_PLACEMENT_3D('',#2078,#559,#560);
#481=AXIS2_PLACEMENT_3D('',#2086,#563,#564);
#482=AXIS2_PLACEMENT_3D('',#2087,#565,#566);
#483=AXIS2_PLACEMENT_3D('',#2088,#567,#568);
#484=AXIS2_PLACEMENT_3D('',#2089,#569,#570);
#485=AXIS2_PLACEMENT_3D('',#3082,#571,#572);
#486=DIRECTION('axis',(0.,0.,1.));
#487=DIRECTION('refdir',(1.,0.,0.));
#488=DIRECTION('center_axis',(0.,0.,-1.));
#489=DIRECTION('ref_axis',(0.5,0.866025403784439,0.));
#490=DIRECTION('',(0.,0.,1.));
#491=DIRECTION('center_axis',(0.,0.,-1.));
#492=DIRECTION('ref_axis',(0.5,0.866025403784439,0.));
#493=DIRECTION('center_axis',(0.,0.,-1.));
#494=DIRECTION('ref_axis',(0.5,0.866025403784439,0.));
#495=DIRECTION('',(0.,0.,1.));
#496=DIRECTION('center_axis',(0.,0.,-1.));
#497=DIRECTION('ref_axis',(0.5,0.866025403784439,0.));
#498=DIRECTION('',(0.,0.,1.));
#499=DIRECTION('center_axis',(0.,0.,-1.));
#500=DIRECTION('ref_axis',(0.5,0.866025403784439,0.));
#501=DIRECTION('',(0.,0.,1.));
#502=DIRECTION('center_axis',(0.,0.,-1.));
#503=DIRECTION('ref_axis',(0.5,0.866025403784439,0.));
#504=DIRECTION('',(0.,0.,1.));
#505=DIRECTION('center_axis',(0.,0.,-1.));
#506=DIRECTION('ref_axis',(0.5,0.866025403784439,0.));
#507=DIRECTION('',(0.,0.,1.));
#508=DIRECTION('center_axis',(0.,0.,-1.));
#509=DIRECTION('ref_axis',(0.5,0.866025403784439,0.));
#510=DIRECTION('',(0.,0.,1.));
#511=DIRECTION('center_axis',(0.,0.,-1.));
#512=DIRECTION('ref_axis',(0.5,0.866025403784439,0.));
#513=DIRECTION('',(0.,0.,1.));
#514=DIRECTION('center_axis',(0.,0.,1.));
#515=DIRECTION('ref_axis',(1.,0.,0.));
#516=DIRECTION('center_axis',(0.,0.,1.));
#517=DIRECTION('ref_axis',(0.5,0.866025403784439,0.));
#518=DIRECTION('center_axis',(0.,0.,-1.));
#519=DIRECTION('ref_axis',(0.5,0.866025403784439,0.));
#520=DIRECTION('center_axis',(-0.632455532034432,0.316227766015324,0.707106781186548));
#521=DIRECTION('ref_axis',(-0.447213595497818,-0.894427191000986,0.));
#522=DIRECTION('',(0.447213595497818,0.894427191000986,0.));
#523=DIRECTION('',(1.83349313290503E-12,-0.912870929175394,0.408248290463601));
#524=DIRECTION('',(0.447213595497818,0.894427191000986,0.));
#525=DIRECTION('',(0.752937760164189,0.465341127193943,0.465341127196818));
#526=DIRECTION('center_axis',(0.632455532033163,0.316227766017865,0.707106781186548));
#527=DIRECTION('ref_axis',(-0.44721359550141,0.89442719099919,0.));
#528=DIRECTION('',(0.44721359550141,-0.89442719099919,0.));
#529=DIRECTION('',(-0.752937760164883,0.465341127196257,0.465341127193381));
#530=DIRECTION('',(0.44721359550141,-0.89442719099919,0.));
#531=DIRECTION('center_axis',(-2.70001758756683E-12,-0.707106781186547,
0.707106781186548));
#532=DIRECTION('ref_axis',(1.,-3.8184014909829E-12,0.));
#533=DIRECTION('',(-1.,3.8184014909829E-12,0.));
#534=DIRECTION('',(-1.,3.8184014909829E-12,0.));
#535=DIRECTION('center_axis',(0.,0.,-1.));
#536=DIRECTION('ref_axis',(3.44509284839767E-16,1.,0.));
#537=DIRECTION('center_axis',(2.68137546158861E-16,0.707106781186547,0.707106781186548));
#538=DIRECTION('ref_axis',(-1.,3.79203754359303E-16,0.));
#539=DIRECTION('',(1.,-3.79203754359303E-16,0.));
#540=DIRECTION('',(-0.577350269189626,-0.577350269189626,0.577350269189626));
#541=DIRECTION('',(1.,-3.79203754359303E-16,0.));
#542=DIRECTION('center_axis',(0.707106781186548,-2.68137546158861E-16,0.707106781186547));
#543=DIRECTION('ref_axis',(3.79203754359303E-16,1.,0.));
#544=DIRECTION('',(-3.79203754359303E-16,-1.,0.));
#545=DIRECTION('',(-3.79203754359303E-16,-1.,0.));
#546=DIRECTION('center_axis',(0.,0.,-1.));
#547=DIRECTION('ref_axis',(3.44509284839767E-16,1.,0.));
#548=DIRECTION('center_axis',(0.,0.,-1.));
#549=DIRECTION('ref_axis',(3.44509284839767E-16,1.,0.));
#550=DIRECTION('center_axis',(0.,0.,-1.));
#551=DIRECTION('ref_axis',(3.44509284839767E-16,1.,0.));
#552=DIRECTION('center_axis',(0.,0.,-1.));
#553=DIRECTION('ref_axis',(3.44509284839767E-16,1.,0.));
#554=DIRECTION('center_axis',(-2.68137546158861E-16,-0.707106781186548,
0.707106781186547));
#555=DIRECTION('ref_axis',(1.,-3.79203754359303E-16,0.));
#556=DIRECTION('',(-1.,3.79203754359303E-16,0.));
#557=DIRECTION('',(0.577350269189626,0.577350269189625,0.577350269189626));
#558=DIRECTION('',(-1.,3.79203754359303E-16,0.));
#559=DIRECTION('center_axis',(-0.707106781186548,2.68137546158861E-16,0.707106781186548));
#560=DIRECTION('ref_axis',(-3.79203754359303E-16,-1.,0.));
#561=DIRECTION('',(3.79203754359303E-16,1.,0.));
#562=DIRECTION('',(3.79203754359303E-16,1.,0.));
#563=DIRECTION('center_axis',(0.,0.,-1.));
#564=DIRECTION('ref_axis',(3.44509284839767E-16,1.,0.));
#565=DIRECTION('center_axis',(0.,0.,-1.));
#566=DIRECTION('ref_axis',(3.44509284839767E-16,1.,0.));
#567=DIRECTION('center_axis',(0.,0.,-1.));
#568=DIRECTION('ref_axis',(3.44509284839767E-16,1.,0.));
#569=DIRECTION('center_axis',(0.,0.,-1.));
#570=DIRECTION('ref_axis',(3.44509284839767E-16,1.,0.));
#571=DIRECTION('center_axis',(0.,0.,-1.));
#572=DIRECTION('ref_axis',(0.5,0.866025403784439,0.));
#573=CARTESIAN_POINT('',(0.,0.,0.));
#574=CARTESIAN_POINT('Origin',(0.,0.,0.));
#575=CARTESIAN_POINT('',(-3.51270230956673,-6.08424573650318,-1.84999999571359));
#576=CARTESIAN_POINT('',(-3.51233660231037,-6.08377909036336,-1.22499999811186));
#577=CARTESIAN_POINT('',(-3.5125,-6.08382846158568,0.));
#578=CARTESIAN_POINT('',(-0.382352177715316,7.01458707353443,0.));
#579=CARTESIAN_POINT('Ctrl Pts',(-3.51270230956708,-6.08424573650379,-1.84999999571285));
#580=CARTESIAN_POINT('Ctrl Pts',(-3.47812924092773,-6.10421944347129,-1.84717261540909));
#581=CARTESIAN_POINT('Ctrl Pts',(-3.44338361539278,-6.12389388630255,-1.84434523510534));
#582=CARTESIAN_POINT('Ctrl Pts',(-3.40846976408842,-6.14326511632539,-1.84151785480158));
#583=CARTESIAN_POINT('Ctrl Pts',(-2.45522952614541,-6.6721507942543,-1.76432291431758));
#584=CARTESIAN_POINT('Ctrl Pts',(-1.37658807440601,-6.97501132545063,-1.68712797383359));
#585=CARTESIAN_POINT('Ctrl Pts',(-0.287371099928916,-7.01960234123637,-1.60993303334959));
#586=CARTESIAN_POINT('Ctrl Pts',(0.801845874548174,-7.0641933570221,-1.53273809286559));
#587=CARTESIAN_POINT('Ctrl Pts',(1.90163837176295,-6.85051485739725,-1.45554315238159));
#588=CARTESIAN_POINT('Ctrl Pts',(2.89491849587195,-6.40131607367443,-1.3783482118976));
#589=CARTESIAN_POINT('Ctrl Pts',(3.88819861998095,-5.95211728995161,-1.3011532714136));
#590=CARTESIAN_POINT('Ctrl Pts',(4.77496637098418,-5.26739822213081,-1.2239583309296));
#591=CARTESIAN_POINT('Ctrl Pts',(5.46081737579624,-4.42005383567755,-1.1467633904456));
#592=CARTESIAN_POINT('Ctrl Pts',(6.14666838060835,-3.57270944922421,-1.0695684499616));
#593=CARTESIAN_POINT('Ctrl Pts',(6.63160263922927,-2.56273974413838,-0.992373509477595));
#594=CARTESIAN_POINT('Ctrl Pts',(6.86399314761644,-1.49766757326782,-0.915178568993591));
#595=CARTESIAN_POINT('Ctrl Pts',(7.09638365600359,-0.432595402397352,-0.837983628509594));
#596=CARTESIAN_POINT('Ctrl Pts',(7.07623041415703,0.687579234257846,-0.760788688025596));
#597=CARTESIAN_POINT('Ctrl Pts',(6.80567932867124,1.74360354224698,-0.683593747541598));
#598=CARTESIAN_POINT('Ctrl Pts',(6.53512824318544,2.79962785023611,-0.606398807057601));
#599=CARTESIAN_POINT('Ctrl Pts',(6.01417931406041,3.79150182955918,-0.529203866573603));
#600=CARTESIAN_POINT('Ctrl Pts',(5.29829335226436,4.61362654990319,-0.452008926089606));
#601=CARTESIAN_POINT('Ctrl Pts',(4.5824073904683,5.43575127024719,-0.374813985605608));
#602=CARTESIAN_POINT('Ctrl Pts',(3.67158439600123,6.08812673161213,-0.297619045121611));
#603=CARTESIAN_POINT('Ctrl Pts',(2.6627916355303,6.50130865253147,-0.220424104637613));
#604=CARTESIAN_POINT('Ctrl Pts',(1.70261540464632,6.89457818721025,-0.146949403091742));
#605=CARTESIAN_POINT('Ctrl Pts',(0.653684739794006,7.07115344816486,-0.0734747015458706));
#606=CARTESIAN_POINT('Ctrl Pts',(-0.382399415837108,7.01504835431503,7.92684838816284E-16));
#607=CARTESIAN_POINT('',(6.55311541911277,2.53126515872726,0.));
#608=CARTESIAN_POINT('Origin',(0.,0.,0.));
#609=CARTESIAN_POINT('Ctrl Pts',(6.55311541911277,2.53126515872726,-1.38777878078145E-16));
#610=CARTESIAN_POINT('Ctrl Pts',(6.9459921656695,1.51415849299718,-0.0771949404737171));
#611=CARTESIAN_POINT('Ctrl Pts',(7.09774872996992,0.404346969073741,-0.154389880947434));
#612=CARTESIAN_POINT('Ctrl Pts',(6.99221556593979,-0.680575716870757,-0.231584821421151));
#613=CARTESIAN_POINT('Ctrl Pts',(6.88668240190964,-1.76549840281542,-0.30877976189488));
#614=CARTESIAN_POINT('Ctrl Pts',(6.52385950954886,-2.82553225078114,-0.385974702368608));
#615=CARTESIAN_POINT('Ctrl Pts',(5.94238496248267,-3.74762773703898,-0.463169642842337));
#616=CARTESIAN_POINT('Ctrl Pts',(5.36091041541648,-4.66972322329682,-0.540364583316066));
#617=CARTESIAN_POINT('Ctrl Pts',(4.56078421364489,-5.45388034784679,-0.617559523789795));
#618=CARTESIAN_POINT('Ctrl Pts',(3.62719889899271,-6.01669756552995,-0.694754464263523));
#619=CARTESIAN_POINT('Ctrl Pts',(2.69361358434053,-6.57951478321311,-0.771949404737252));
#620=CARTESIAN_POINT('Ctrl Pts',(1.62656915680777,-6.92099209402946,-0.849144345210981));
#621=CARTESIAN_POINT('Ctrl Pts',(0.539665632746278,-7.00473643560122,-0.92633928568471));
#622=CARTESIAN_POINT('Ctrl Pts',(-0.547237891315213,-7.08848077717299,-1.00353422615844));
#623=CARTESIAN_POINT('Ctrl Pts',(-1.65400051190543,-6.91449214950016,-1.08072916663217));
#624=CARTESIAN_POINT('Ctrl Pts',(-2.66279319293327,-6.50131017516715,-1.1579241071059));
#625=CARTESIAN_POINT('Ctrl Pts',(-2.95497843852384,-6.38163674878872,-1.1802827374418));
#626=CARTESIAN_POINT('Ctrl Pts',(-3.2389449381273,-6.24189727595985,-1.2026413677777));
#627=CARTESIAN_POINT('Ctrl Pts',(-3.51233660231121,-6.08377909036481,-1.2249999981136));
#628=CARTESIAN_POINT('Origin',(0.,0.,0.));
#629=CARTESIAN_POINT('',(-3.51232991747676,-6.08330764194264,-4.9749999949652));
#630=CARTESIAN_POINT('',(-3.51372041819716,-6.08481931633474,-4.34999999766638));
#631=CARTESIAN_POINT('',(-3.5125,-6.08382846158568,0.));
#632=CARTESIAN_POINT('Ctrl Pts',(-3.51232991747676,-6.08330764194264,-4.9749999949652));
#633=CARTESIAN_POINT('Ctrl Pts',(-3.01119709543002,-6.37245595180445,-4.93404017453621));
#634=CARTESIAN_POINT('Ctrl Pts',(-2.47462821728085,-6.60033990157731,-4.89308035410722));
#635=CARTESIAN_POINT('Ctrl Pts',(-1.91813802492903,-6.75844441250461,-4.85212053367823));
#636=CARTESIAN_POINT('Ctrl Pts',(-0.869348581308241,-7.05641613658586,-4.77492559319423));
#637=CARTESIAN_POINT('Ctrl Pts',(0.250199517574825,-7.10653778373742,-4.69773065271023));
#638=CARTESIAN_POINT('Ctrl Pts',(1.3206451806007,-6.90086097829306,-4.62053571222623));
#639=CARTESIAN_POINT('Ctrl Pts',(2.74790606463511,-6.62662523770059,-4.51760912491424));
#640=CARTESIAN_POINT('Ctrl Pts',(4.08787372936785,-5.89763669249323,-4.41468253760225));
#641=CARTESIAN_POINT('Ctrl Pts',(5.08944342126398,-4.84575313512892,-4.31175595029025));
#642=CARTESIAN_POINT('Ctrl Pts',(6.09101311316017,-3.79386957776453,-4.20882936297825));
#643=CARTESIAN_POINT('Ctrl Pts',(6.75418483221969,-2.41909100824316,-4.10590277566626));
#644=CARTESIAN_POINT('Ctrl Pts',(6.95674945900556,-0.980414530294454,-4.00297618835426));
#645=CARTESIAN_POINT('Ctrl Pts',(7.15931408579143,0.458261947654253,-3.90004960104226));
#646=CARTESIAN_POINT('Ctrl Pts',(6.90127162030365,1.9608363340303,-3.79712301373026));
#647=CARTESIAN_POINT('Ctrl Pts',(6.23041445008227,3.24976580723738,-3.69419642641826));
#648=CARTESIAN_POINT('Ctrl Pts',(5.72727157241623,4.21646291214269,-3.61700148593426));
#649=CARTESIAN_POINT('Ctrl Pts',(4.99192042333754,5.06298475339046,-3.53980654545026));
#650=CARTESIAN_POINT('Ctrl Pts',(4.10685237255158,5.70009940574902,-3.46261160496626));
#651=CARTESIAN_POINT('Ctrl Pts',(3.22178432176569,6.33721405810752,-3.38541666448227));
#652=CARTESIAN_POINT('Ctrl Pts',(2.18699936927255,6.76492152157684,-3.30822172399828));
#653=CARTESIAN_POINT('Ctrl Pts',(1.11076355476032,6.93726320717981,-3.23102678351428));
#654=CARTESIAN_POINT('Ctrl Pts',(0.0345277402480001,7.10960489278279,-3.15383184303028));
#655=CARTESIAN_POINT('Ctrl Pts',(-1.08315893628342,7.02658080051936,-3.07663690254628));
#656=CARTESIAN_POINT('Ctrl Pts',(-2.12247263101977,6.69721344222544,-2.99944196206228));
#657=CARTESIAN_POINT('Ctrl Pts',(-3.16178632575611,6.36784608393151,-2.92224702157828));
#658=CARTESIAN_POINT('Ctrl Pts',(-4.12272703869739,5.7921354596071,-2.84505208109429));
#659=CARTESIAN_POINT('Ctrl Pts',(-4.90337943525208,5.03128522043553,-2.76785714061029));
#660=CARTESIAN_POINT('Ctrl Pts',(-5.68403183180678,4.27043498126397,-2.69066220012629));
#661=CARTESIAN_POINT('Ctrl Pts',(-6.28439591197488,3.32444512724526,-2.61346725964229));
#662=CARTESIAN_POINT('Ctrl Pts',(-6.64038581351789,2.29406396034981,-2.53627231915829));
#663=CARTESIAN_POINT('Ctrl Pts',(-6.99637571506087,1.26368279345445,-2.4590773786743));
#664=CARTESIAN_POINT('Ctrl Pts',(-7.1079914379788,0.148910313682378,-2.3818824381903));
#665=CARTESIAN_POINT('Ctrl Pts',(-6.96342944767567,-0.93159186336752,-2.30468749770631));
#666=CARTESIAN_POINT('Ctrl Pts',(-6.81886745737253,-2.01209404041751,-2.22749255722231));
#667=CARTESIAN_POINT('Ctrl Pts',(-6.4181277538483,-3.05832591474531,-2.15029761673831));
#668=CARTESIAN_POINT('Ctrl Pts',(-5.80383839001289,-3.95889726423992,-2.07310267625431));
#669=CARTESIAN_POINT('Ctrl Pts',(-5.21204829409877,-4.82648383934744,-1.99873511607407));
#670=CARTESIAN_POINT('Ctrl Pts',(-4.42206521318359,-5.55888455571164,-1.92436755589383));
#671=CARTESIAN_POINT('Ctrl Pts',(-3.51270230956673,-6.08424573650318,-1.84999999571359));
#672=CARTESIAN_POINT('Ctrl Pts',(-3.51233660231037,-6.08377909036336,-1.22499999811186));
#673=CARTESIAN_POINT('Ctrl Pts',(-4.18285129221106,-5.69598172829529,-1.27983630824969));
#674=CARTESIAN_POINT('Ctrl Pts',(-4.7897568201728,-5.19763375525396,-1.33467261838751));
#675=CARTESIAN_POINT('Ctrl Pts',(-5.29829469978466,-4.61362775983471,-1.38950892852534));
#676=CARTESIAN_POINT('Ctrl Pts',(-6.01418078414385,-3.79150263982975,-1.46670386899907));
#677=CARTESIAN_POINT('Ctrl Pts',(-6.53513021139697,-2.79962772081285,-1.5438988094728));
#678=CARTESIAN_POINT('Ctrl Pts',(-6.80568095561945,-1.74360367497016,-1.62109374994653));
#679=CARTESIAN_POINT('Ctrl Pts',(-7.07623169984193,-0.687579629127462,-1.69828869042025));
#680=CARTESIAN_POINT('Ctrl Pts',(-7.09638376103377,0.432593543541038,-1.77548363089398));
#681=CARTESIAN_POINT('Ctrl Pts',(-6.86399378253369,1.49766688697402,-1.85267857136771));
#682=CARTESIAN_POINT('Ctrl Pts',(-6.63160380403361,2.56274023040699,-1.92987351184144));
#683=CARTESIAN_POINT('Ctrl Pts',(-6.1466717858416,3.57271374460445,-2.00706845231517));
#684=CARTESIAN_POINT('Ctrl Pts',(-5.46081904862472,4.42005597499767,-2.0842633927889));
#685=CARTESIAN_POINT('Ctrl Pts',(-4.77496631140783,5.2673982053909,-2.16145833326263));
#686=CARTESIAN_POINT('Ctrl Pts',(-3.88819285516607,5.95210915197989,-2.23865327373636));
#687=CARTESIAN_POINT('Ctrl Pts',(-2.89491552464421,6.4013127687813,-2.31584821421009));
#688=CARTESIAN_POINT('Ctrl Pts',(-1.90163819412236,6.85051638558271,-2.39304315468381));
#689=CARTESIAN_POINT('Ctrl Pts',(-0.801856989320407,7.06421267259654,-2.47023809515754));
#690=CARTESIAN_POINT('Ctrl Pts',(0.287367977717465,7.01961034966554,-2.54743303563127));
#691=CARTESIAN_POINT('Ctrl Pts',(1.37659294475534,6.97500802673454,-2.624627976105));
#692=CARTESIAN_POINT('Ctrl Pts',(2.45526167402914,6.67210709385872,-2.70182291657873));
#693=CARTESIAN_POINT('Ctrl Pts',(3.4084875099916,6.14324459469445,-2.77901785705246));
#694=CARTESIAN_POINT('Ctrl Pts',(4.36171334595406,5.61438209553019,-2.85621279752619));
#695=CARTESIAN_POINT('Ctrl Pts',(5.18949628860517,4.8595580300775,-2.93340773799992));
#696=CARTESIAN_POINT('Ctrl Pts',(5.80382392517667,3.95893123939271,-3.01060267847364));
#697=CARTESIAN_POINT('Ctrl Pts',(6.41815156174817,3.05830444870792,-3.08779761894737));
#698=CARTESIAN_POINT('Ctrl Pts',(6.81902389224006,2.01187493279104,-3.1649925594211));
#699=CARTESIAN_POINT('Ctrl Pts',(6.96351449163998,0.931486834857617,-3.24218749989483));
#700=CARTESIAN_POINT('Ctrl Pts',(7.10800509103989,-0.148901263075807,-3.31938244036856));
#701=CARTESIAN_POINT('Ctrl Pts',(6.99611395934784,-1.26324794302577,-3.39657738084229));
#702=CARTESIAN_POINT('Ctrl Pts',(6.64031406525779,-2.29390725064976,-3.47377232131601));
#703=CARTESIAN_POINT('Ctrl Pts',(6.28451417116774,-3.32456655827376,-3.55096726178974));
#704=CARTESIAN_POINT('Ctrl Pts',(5.68480551467968,-4.2715384935718,-3.62816220226347));
#705=CARTESIAN_POINT('Ctrl Pts',(4.90372337462821,-5.03164500056705,-3.7053571427372));
#706=CARTESIAN_POINT('Ctrl Pts',(3.86228052122626,-6.04512034322738,-3.80828373003551));
#707=CARTESIAN_POINT('Ctrl Pts',(2.49839591926715,-6.72639048001609,-3.91121031733381));
#708=CARTESIAN_POINT('Ctrl Pts',(1.0621877022937,-6.9460494883622,-4.01413690463212));
#709=CARTESIAN_POINT('Ctrl Pts',(-0.374020514679746,-7.16570849670831,-4.11706349193042));
#710=CARTESIAN_POINT('Ctrl Pts',(-1.88255234666753,-6.92375637661182,-4.21999007922873));
#711=CARTESIAN_POINT('Ctrl Pts',(-3.17791883134343,-6.26705717612043,-4.32291666652703));
#712=CARTESIAN_POINT('Ctrl Pts',(-3.29153650899171,-6.20945754006687,-4.33194444357348));
#713=CARTESIAN_POINT('Ctrl Pts',(-3.40351426495131,-6.14866717559036,-4.34097222061993));
#714=CARTESIAN_POINT('Ctrl Pts',(-3.51372041819716,-6.08481931633474,-4.34999999766638));
#715=CARTESIAN_POINT('Origin',(0.,0.,0.));
#716=CARTESIAN_POINT('',(-3.51632918182364,-6.08923262134592,-8.099999994529));
#717=CARTESIAN_POINT('',(-3.51277038757622,-6.09039890051841,-7.47499999690047));
#718=CARTESIAN_POINT('',(-3.5125,-6.08382846158568,0.));
#719=CARTESIAN_POINT('Ctrl Pts',(-3.51632918182351,-6.0892326213457,-8.09999999452926));
#720=CARTESIAN_POINT('Ctrl Pts',(-2.75921253659057,-6.5264000035197,-8.03806216508989));
#721=CARTESIAN_POINT('Ctrl Pts',(-1.91612113018212,-6.81693611115399,-7.97612433565052));
#722=CARTESIAN_POINT('Ctrl Pts',(-1.04992895331177,-6.94684718981493,-7.91418650621115));
#723=CARTESIAN_POINT('Ctrl Pts',(-0.0903193412369149,-7.09076896967731,
-7.84556878133649));
#724=CARTESIAN_POINT('Ctrl Pts',(0.897642494729885,-7.03755114367186,-7.77695105646182));
#725=CARTESIAN_POINT('Ctrl Pts',(1.83225900194749,-6.78442498696379,-7.70833333158716));
#726=CARTESIAN_POINT('Ctrl Pts',(3.23418376277398,-6.40473575190165,-7.60540674427516));
#727=CARTESIAN_POINT('Ctrl Pts',(4.51608153391474,-5.57525277275855,-7.50248015696316));
#728=CARTESIAN_POINT('Ctrl Pts',(5.43617696650311,-4.45090531352185,-7.39955356965116));
#729=CARTESIAN_POINT('Ctrl Pts',(6.35627239909141,-3.32655785428522,-7.29662698233917));
#730=CARTESIAN_POINT('Ctrl Pts',(6.91456549312736,-1.90734591495505,-7.19370039502718));
#731=CARTESIAN_POINT('Ctrl Pts',(7.01063880617526,-0.457545135507678,-7.09077380771518));
#732=CARTESIAN_POINT('Ctrl Pts',(7.05867546269921,0.267355254216054,-7.03931051405918));
#733=CARTESIAN_POINT('Ctrl Pts',(6.99115717397613,0.999902853969116,-6.98784722040318));
#734=CARTESIAN_POINT('Ctrl Pts',(6.81470004666219,1.70540711789482,-6.93638392674718));
#735=CARTESIAN_POINT('Ctrl Pts',(6.63824291934825,2.41091138182051,-6.88492063309118));
#736=CARTESIAN_POINT('Ctrl Pts',(6.35284695344345,3.08937230991888,-6.83345733943518));
#737=CARTESIAN_POINT('Ctrl Pts',(5.96906503879771,3.70622312704627,-6.78199404577918));
#738=CARTESIAN_POINT('Ctrl Pts',(5.20150120950626,4.93992476130097,-6.67906745846718));
#739=CARTESIAN_POINT('Ctrl Pts',(4.04039358525107,5.92718595167178,-6.57614087115519));
#740=CARTESIAN_POINT('Ctrl Pts',(2.69948980968393,6.48670843373413,-6.47321428384319));
#741=CARTESIAN_POINT('Ctrl Pts',(1.69381197800852,6.90635029528092,-6.39601934335919));
#742=CARTESIAN_POINT('Ctrl Pts',(0.58699881122011,7.08538913340417,-6.31882440287519));
#743=CARTESIAN_POINT('Ctrl Pts',(-0.500641676601763,7.00742327344411,-6.24162946239119));
#744=CARTESIAN_POINT('Ctrl Pts',(-1.58828216442354,6.92945741348405,-6.1644345219072));
#745=CARTESIAN_POINT('Ctrl Pts',(-2.65674997327879,6.59448685544073,-6.08723958142321));
#746=CARTESIAN_POINT('Ctrl Pts',(-3.59335558193112,6.03704488274373,-6.01004464093921));
#747=CARTESIAN_POINT('Ctrl Pts',(-4.52996119058353,5.47960291004667,-5.93284970045521));
#748=CARTESIAN_POINT('Ctrl Pts',(-5.33470459903301,4.69968952269588,-5.85565475997121));
#749=CARTESIAN_POINT('Ctrl Pts',(-5.92142397438537,3.78080410024667,-5.77845981948721));
#750=CARTESIAN_POINT('Ctrl Pts',(-6.50814334973773,2.86191867779747,-5.70126487900321));
#751=CARTESIAN_POINT('Ctrl Pts',(-6.87683869199298,1.80406122024985,-5.62406993851921));
#752=CARTESIAN_POINT('Ctrl Pts',(-6.98849499317825,0.719720514753929,-5.54687499803521));
#753=CARTESIAN_POINT('Ctrl Pts',(-7.1001512943635,-0.3646201907419,-5.46968005755122));
#754=CARTESIAN_POINT('Ctrl Pts',(-6.9547685544788,-1.47544414418603,-5.39248511706722));
#755=CARTESIAN_POINT('Ctrl Pts',(-6.56767772298181,-2.49461628570316,-5.31529017658323));
#756=CARTESIAN_POINT('Ctrl Pts',(-6.18058689148479,-3.51378842722038,-5.23809523609923));
#757=CARTESIAN_POINT('Ctrl Pts',(-5.55178796837544,-4.44130875681059,-5.16090029561523));
#758=CARTESIAN_POINT('Ctrl Pts',(-4.74837311264156,-5.17797982211114,-5.08370535513123));
#759=CARTESIAN_POINT('Ctrl Pts',(-4.37125210485315,-5.52377145463072,-5.04747023507622));
#760=CARTESIAN_POINT('Ctrl Pts',(-3.95565725095045,-5.82751248435054,-5.01123511502121));
#761=CARTESIAN_POINT('Ctrl Pts',(-3.51232991747627,-6.0833076419418,-4.97499999496621));
#762=CARTESIAN_POINT('Ctrl Pts',(-3.51372041819765,-6.08481931633559,-4.3499999976674));
#763=CARTESIAN_POINT('Ctrl Pts',(-4.65998561936269,-5.42073135864844,-4.44389880791926));
#764=CARTESIAN_POINT('Ctrl Pts',(-5.61459374106938,-4.42587481764671,-4.53779761817111));
#765=CARTESIAN_POINT('Ctrl Pts',(-6.22937454062854,-3.25016697513442,-4.63169642842297));
#766=CARTESIAN_POINT('Ctrl Pts',(-6.90326262787294,-1.96142225552546,-4.73462301572127));
#767=CARTESIAN_POINT('Ctrl Pts',(-7.16883766499755,-0.455379097193992,-4.83754960301958));
#768=CARTESIAN_POINT('Ctrl Pts',(-6.96316727434317,0.981695136049129,-4.94047619031789));
#769=CARTESIAN_POINT('Ctrl Pts',(-6.688940086804,2.89779411370662,-5.07771164004896));
#770=CARTESIAN_POINT('Ctrl Pts',(-5.57694324987999,4.69128166898481,-5.21494708978003));
#771=CARTESIAN_POINT('Ctrl Pts',(-3.98511116956707,5.78749687914739,-5.35218253951111));
#772=CARTESIAN_POINT('Ctrl Pts',(-2.39327908925415,6.88371208930997,-5.48941798924218));
#773=CARTESIAN_POINT('Ctrl Pts',(-0.32161176555232,7.28265495435695,-5.62665343897326));
#774=CARTESIAN_POINT('Ctrl Pts',(1.56755588283483,6.85448669276566,-5.76388888870433));
#775=CARTESIAN_POINT('Ctrl Pts',(2.5121397070284,6.64040256197002,-5.83250661356987));
#776=CARTESIAN_POINT('Ctrl Pts',(3.4110986123933,6.21954064951482,-5.9011243384354));
#777=CARTESIAN_POINT('Ctrl Pts',(4.18885607864287,5.64078349583624,-5.96974206330094));
#778=CARTESIAN_POINT('Ctrl Pts',(4.57773481176767,5.35140491899694,-6.00405092573371));
#779=CARTESIAN_POINT('Ctrl Pts',(4.93631318511363,5.02255253185179,-6.03835978816648));
#780=CARTESIAN_POINT('Ctrl Pts',(5.25822359821976,4.6604335835366,-6.07266865059925));
#781=CARTESIAN_POINT('Ctrl Pts',(5.58013401132588,4.29831463522143,-6.10697751303201));
#782=CARTESIAN_POINT('Ctrl Pts',(5.86537646419216,3.90292912573622,-6.14128637546478));
#783=CARTESIAN_POINT('Ctrl Pts',(6.10473004866439,3.48162244491239,-6.17559523789755));
#784=CARTESIAN_POINT('Ctrl Pts',(7.06214438655333,1.79639572161705,-6.31283068762862));
#785=CARTESIAN_POINT('Ctrl Pts',(7.28533683013742,-0.303569743096157,-6.45006613735969));
#786=CARTESIAN_POINT('Ctrl Pts',(6.69679426498921,-2.1438227468718,-6.58730158709077));
#787=CARTESIAN_POINT('Ctrl Pts',(6.108251699841,-3.98407575064743,-6.72453703682184));
#788=CARTESIAN_POINT('Ctrl Pts',(4.70797412596049,-5.56461629348551,-6.86177248655292));
#789=CARTESIAN_POINT('Ctrl Pts',(2.95132860802687,-6.37786129202599,-6.99900793628399));
#790=CARTESIAN_POINT('Ctrl Pts',(1.19468309009324,-7.19110629056648,-7.13624338601506));
#791=CARTESIAN_POINT('Ctrl Pts',(-0.918330371893504,-7.23705574480939,-7.27347883574613));
#792=CARTESIAN_POINT('Ctrl Pts',(-2.70271407544553,-6.49417607660915,-7.41071428547721));
#793=CARTESIAN_POINT('Ctrl Pts',(-2.98133590398838,-6.37817944924182,-7.43214285595163));
#794=CARTESIAN_POINT('Ctrl Pts',(-3.2519453686,-6.24295027872721,-7.45357142642605));
#795=CARTESIAN_POINT('Ctrl Pts',(-3.51277038757622,-6.09039890051841,-7.47499999690047));
#796=CARTESIAN_POINT('Origin',(0.,0.,0.));
#797=CARTESIAN_POINT('',(-3.51168697357748,-6.08296756389538,-11.2249999946281));
#798=CARTESIAN_POINT('',(-3.51204358930299,-6.08356390293913,-10.5999999960927));
#799=CARTESIAN_POINT('',(-3.5125,-6.08382846158568,0.));
#800=CARTESIAN_POINT('Ctrl Pts',(-3.51168697357748,-6.08296756389538,-11.2249999946281));
#801=CARTESIAN_POINT('Ctrl Pts',(-3.02211312202691,-6.36637607648287,-11.1849702340464));
#802=CARTESIAN_POINT('Ctrl Pts',(-2.499019249901,-6.59143241285956,-11.1449404734646));
#803=CARTESIAN_POINT('Ctrl Pts',(-1.95631096804441,-6.74876394951929,-11.1049107128828));
#804=CARTESIAN_POINT('Ctrl Pts',(-0.560871411434189,-7.15330292026466,-11.0019841255708));
#805=CARTESIAN_POINT('Ctrl Pts',(0.964245578071892,-7.11009055455516,-10.8990575382588));
#806=CARTESIAN_POINT('Ctrl Pts',(2.33459028720075,-6.62736811800393,-10.7961309509468));
#807=CARTESIAN_POINT('Ctrl Pts',(3.70493499632957,-6.14464568145272,-10.6932043636348));
#808=CARTESIAN_POINT('Ctrl Pts',(4.92050742508118,-5.22241317405982,-10.5902777763228));
#809=CARTESIAN_POINT('Ctrl Pts',(5.75427267931904,-4.0326019211275,-10.4873511890108));
#810=CARTESIAN_POINT('Ctrl Pts',(6.58803793355693,-2.84279066819515,-10.3844246016988));
#811=CARTESIAN_POINT('Ctrl Pts',(7.03999601328104,-1.38540066972335,-10.2814980143868));
#812=CARTESIAN_POINT('Ctrl Pts',(7.02618889249568,0.067341093185373,-10.1785714270748));
#813=CARTESIAN_POINT('Ctrl Pts',(7.01238177171032,1.5200828560941,-10.0756448397628));
#814=CARTESIAN_POINT('Ctrl Pts',(6.5328094504155,2.96817638343975,-9.97271825245081));
#815=CARTESIAN_POINT('Ctrl Pts',(5.67616186165167,4.14193747049793,-9.86979166513881));
#816=CARTESIAN_POINT('Ctrl Pts',(4.81951427288787,5.31569855755607,-9.76686507782681));
#817=CARTESIAN_POINT('Ctrl Pts',(3.58579141665508,6.21512720432673,-9.66393849051482));
#818=CARTESIAN_POINT('Ctrl Pts',(2.20698423009729,6.67123821310397,-9.56101190320283));
#819=CARTESIAN_POINT('Ctrl Pts',(0.828177043539509,7.12734922188121,-9.45808531589083));
#820=CARTESIAN_POINT('Ctrl Pts',(-0.695714473343298,7.14014259266501,-9.35515872857884));
#821=CARTESIAN_POINT('Ctrl Pts',(-2.08415794479053,6.70979655888871,-9.25223214126684));
#822=CARTESIAN_POINT('Ctrl Pts',(-3.47260141623775,6.27945052511241,-9.14930555395484));
#823=CARTESIAN_POINT('Ctrl Pts',(-4.72559684224942,5.40596508677601,-9.04637896664285));
#824=CARTESIAN_POINT('Ctrl Pts',(-5.60005461336288,4.24713448835958,-8.94345237933085));
#825=CARTESIAN_POINT('Ctrl Pts',(-6.76599830818085,2.7020270238043,-8.80621692958152));
#826=CARTESIAN_POINT('Ctrl Pts',(-7.25898617206861,0.649639274662286,-8.66898147983219));
#827=CARTESIAN_POINT('Ctrl Pts',(-6.91574744280831,-1.25195315556522,-8.53174603008286));
#828=CARTESIAN_POINT('Ctrl Pts',(-6.57250871354802,-3.15354558579264,-8.39451058033353));
#829=CARTESIAN_POINT('Ctrl Pts',(-5.39304339113976,-4.90434269710555,-8.2572751305842));
#830=CARTESIAN_POINT('Ctrl Pts',(-3.75821176609311,-5.94269024851686,-8.12003968083488));
#831=CARTESIAN_POINT('Ctrl Pts',(-3.6786368142161,-5.99323151231998,-8.11335978539958));
#832=CARTESIAN_POINT('Ctrl Pts',(-3.59798299611216,-6.04208482125225,-8.10667988996429));
#833=CARTESIAN_POINT('Ctrl Pts',(-3.51632918182364,-6.08923262134592,-8.099999994529));
#834=CARTESIAN_POINT('Ctrl Pts',(-3.51277038757657,-6.09039890051901,-7.47499999690119));
#835=CARTESIAN_POINT('Ctrl Pts',(-4.92235258606022,-5.26596224209831,-7.59080687615784));
#836=CARTESIAN_POINT('Ctrl Pts',(-6.04616352953145,-3.93560126084745,-7.70661375541449));
#837=CARTESIAN_POINT('Ctrl Pts',(-6.60449371725368,-2.40084775102031,-7.82242063467114));
#838=CARTESIAN_POINT('Ctrl Pts',(-7.26613571039194,-0.582107884274685,-7.95965608440222));
#839=CARTESIAN_POINT('Ctrl Pts',(-7.13366575155106,1.52366305857304,-8.09689153413329));
#840=CARTESIAN_POINT('Ctrl Pts',(-6.24163038001161,3.24024863771307,-8.23412698386436));
#841=CARTESIAN_POINT('Ctrl Pts',(-5.34959500847215,4.95683421685311,-8.37136243359543));
#842=CARTESIAN_POINT('Ctrl Pts',(-3.69799422423412,6.28423443228546,-8.50859788332651));
#843=CARTESIAN_POINT('Ctrl Pts',(-1.83221106791968,6.78750079313836,-8.64583333305758));
#844=CARTESIAN_POINT('Ctrl Pts',(0.0335720883947607,7.29076715399126,-8.78306878278866));
#845=CARTESIAN_POINT('Ctrl Pts',(2.11353761678562,6.96989966026472,-8.92030423251973));
#846=CARTESIAN_POINT('Ctrl Pts',(3.75603621478963,5.93989220447655,-9.0575396822508));
#847=CARTESIAN_POINT('Ctrl Pts',(4.57728551379164,5.42488847658247,-9.12615740711634));
#848=CARTESIAN_POINT('Ctrl Pts',(5.28916808019692,4.73259975817299,-9.19477513198188));
#849=CARTESIAN_POINT('Ctrl Pts',(5.82862382687278,3.92717097419822,-9.26339285684741));
#850=CARTESIAN_POINT('Ctrl Pts',(6.72771673799922,2.58478966757362,-9.37775573162331));
#851=CARTESIAN_POINT('Ctrl Pts',(7.14784626098835,0.928130401045462,-9.4921186063992));
#852=CARTESIAN_POINT('Ctrl Pts',(6.99374064736508,-0.678195611670966,-9.60648148117509));
#853=CARTESIAN_POINT('Ctrl Pts',(6.87045615646647,-1.96325642184411,-9.69797178099581));
#854=CARTESIAN_POINT('Ctrl Pts',(6.37966117813594,-3.21610394957774,-9.78946208081653));
#855=CARTESIAN_POINT('Ctrl Pts',(5.59825220125411,-4.24555337592546,-9.88095238063724));
#856=CARTESIAN_POINT('Ctrl Pts',(4.71916710226205,-5.40368398056665,-9.98387896793555));
#857=CARTESIAN_POINT('Ctrl Pts',(3.47227366135349,-6.27907636314127,-10.0868055552338));
#858=CARTESIAN_POINT('Ctrl Pts',(2.08550330913462,-6.70997380524431,-10.1897321425322));
#859=CARTESIAN_POINT('Ctrl Pts',(0.69873295691575,-7.14087124734735,-10.2926587298305));
#860=CARTESIAN_POINT('Ctrl Pts',(-0.827914306613451,-7.12727374897882,-10.3955853171288));
#861=CARTESIAN_POINT('Ctrl Pts',(-2.20751699932518,-6.67098233139566,-10.4985119044271));
#862=CARTESIAN_POINT('Ctrl Pts',(-2.66095748286207,-6.52101089243307,-10.5323412683156));
#863=CARTESIAN_POINT('Ctrl Pts',(-3.09851317519068,-6.32321653531166,-10.5661706322041));
#864=CARTESIAN_POINT('Ctrl Pts',(-3.51204358930299,-6.08356390293913,-10.5999999960927));
#865=CARTESIAN_POINT('Origin',(0.,0.,0.));
#866=CARTESIAN_POINT('',(-3.51256797305955,-6.08282513462219,-14.349999994602));
#867=CARTESIAN_POINT('',(-3.51086410138218,-6.08282047955453,-13.7249999956275));
#868=CARTESIAN_POINT('',(-3.5125,-6.08382846158568,0.));
#869=CARTESIAN_POINT('Ctrl Pts',(-3.51256797305955,-6.08282513462219,-14.349999994602));
#870=CARTESIAN_POINT('Ctrl Pts',(-2.87062071842662,-6.45319406999948,-14.2975694404818));
#871=CARTESIAN_POINT('Ctrl Pts',(-2.17101038590636,-6.72382751508139,-14.2451388863617));
#872=CARTESIAN_POINT('Ctrl Pts',(-1.44661543269709,-6.87613317397428,-14.1927083322416));
#873=CARTESIAN_POINT('Ctrl Pts',(-0.0245533993826119,-7.1751248966678,-14.0897817449296));
#874=CARTESIAN_POINT('Ctrl Pts',(1.49302296271534,-7.01810806405298,-13.9868551576176));
#875=CARTESIAN_POINT('Ctrl Pts',(2.82334905764317,-6.43437307139917,-13.8839285703056));
#876=CARTESIAN_POINT('Ctrl Pts',(4.15367515257104,-5.85063807874535,-13.7810019829936));
#877=CARTESIAN_POINT('Ctrl Pts',(5.29675098032875,-4.8401849260525,-13.6780753956816));
#878=CARTESIAN_POINT('Ctrl Pts',(6.03960972060465,-3.5912599821093,-13.5751488083696));
#879=CARTESIAN_POINT('Ctrl Pts',(6.78246846088052,-2.34233503816614,-13.4722222210576));
#880=CARTESIAN_POINT('Ctrl Pts',(7.1251101136746,-0.854938302972654,-13.3692956337456));
#881=CARTESIAN_POINT('Ctrl Pts',(7.00254579328075,0.592647159185717,-13.2663690464336));
#882=CARTESIAN_POINT('Ctrl Pts',(6.87998147288688,2.04023262134413,-13.1634424591216));
#883=CARTESIAN_POINT('Ctrl Pts',(6.29221117930504,3.44800681046741,-13.0605158718096));
#884=CARTESIAN_POINT('Ctrl Pts',(5.35015688724282,4.55409368542016,-12.9575892844976));
#885=CARTESIAN_POINT('Ctrl Pts',(4.40810259518062,5.66018056037287,-12.8546626971856));
#886=CARTESIAN_POINT('Ctrl Pts',(3.11176430463804,6.46458012115509,-12.7517361098736));
#887=CARTESIAN_POINT('Ctrl Pts',(1.7024420900838,6.81655968095903,-12.6488095225616));
#888=CARTESIAN_POINT('Ctrl Pts',(0.293119875529522,7.16853924076298,-12.5458829352496));
#889=CARTESIAN_POINT('Ctrl Pts',(-1.22918626303643,7.06809879958864,-12.4429563479377));
#890=CARTESIAN_POINT('Ctrl Pts',(-2.5806764761252,6.5348333188458,-12.3400297606257));
#891=CARTESIAN_POINT('Ctrl Pts',(-3.93216668921393,6.00156783810298,-12.2371031733137));
#892=CARTESIAN_POINT('Ctrl Pts',(-5.1128409768255,5.03547731779168,-12.1341765860017));
#893=CARTESIAN_POINT('Ctrl Pts',(-5.90162121205072,3.81549432331664,-12.0312499986897));
#894=CARTESIAN_POINT('Ctrl Pts',(-6.69040144727596,2.59551132884157,-11.9283234113777));
#895=CARTESIAN_POINT('Ctrl Pts',(-7.08728763011483,1.12163586020274,-11.8253968240657));
#896=CARTESIAN_POINT('Ctrl Pts',(-7.01891421472266,-0.329869333439716,-11.7224702367537));
#897=CARTESIAN_POINT('Ctrl Pts',(-6.95054079933049,-1.78137452708213,-11.6195436494417));
#898=CARTESIAN_POINT('Ctrl Pts',(-6.41690778570732,-3.21050944572815,-11.5166170621297));
#899=CARTESIAN_POINT('Ctrl Pts',(-5.51721021703847,-4.35122205865134,-11.4136904748177));
#900=CARTESIAN_POINT('Ctrl Pts',(-4.96741911287386,-5.04829368453275,-11.3507936480875));
#901=CARTESIAN_POINT('Ctrl Pts',(-4.28093068788183,-5.63766147535082,-11.2878968213573));
#902=CARTESIAN_POINT('Ctrl Pts',(-3.51168697357801,-6.08296756389628,-11.224999994627));
#903=CARTESIAN_POINT('Ctrl Pts',(-3.51204358930266,-6.08356390293857,-10.599999996092));
#904=CARTESIAN_POINT('Ctrl Pts',(-4.35668859961976,-5.5940681047218,-10.6690972195018));
#905=CARTESIAN_POINT('Ctrl Pts',(-5.10110263502663,-4.92994391308083,-10.7381944429115));
#906=CARTESIAN_POINT('Ctrl Pts',(-5.67591905192386,-4.14201718872508,-10.8072916663213));
#907=CARTESIAN_POINT('Ctrl Pts',(-6.53216028991701,-2.96832880043592,-10.9102182536196));
#908=CARTESIAN_POINT('Ctrl Pts',(-7.01208464400916,-1.5199373606553,-11.0131448409179));
#909=CARTESIAN_POINT('Ctrl Pts',(-7.02616811162043,-0.0672234067682021,
-11.1160714282162));
#910=CARTESIAN_POINT('Ctrl Pts',(-7.0402515792317,1.3854905471189,-11.2189980155145));
#911=CARTESIAN_POINT('Ctrl Pts',(-6.58849416036211,2.84252701511248,-11.3219246028128));
#912=CARTESIAN_POINT('Ctrl Pts',(-5.75432557881976,4.03249916927158,-11.4248511901111));
#913=CARTESIAN_POINT('Ctrl Pts',(-4.92015699727742,5.22247132343066,-11.5277777774095));
#914=CARTESIAN_POINT('Ctrl Pts',(-3.70357725306231,6.14537916375526,-11.6307043647078));
#915=CARTESIAN_POINT('Ctrl Pts',(-2.3337824728662,6.6277820256645,-11.7336309520061));
#916=CARTESIAN_POINT('Ctrl Pts',(-0.963987692670099,7.11018488757374,-11.8365575393044));
#917=CARTESIAN_POINT('Ctrl Pts',(0.559022123506996,7.15208277106762,-11.9394841266027));
#918=CARTESIAN_POINT('Ctrl Pts',(1.95622525707543,6.74845715496742,-12.042410713901));
#919=CARTESIAN_POINT('Ctrl Pts',(3.35342839064388,6.34483153886722,-12.1453373011993));
#920=CARTESIAN_POINT('Ctrl Pts',(4.62482484160365,5.49568242317293,-12.2482638884976));
#921=CARTESIAN_POINT('Ctrl Pts',(5.52213597948291,4.35369516817497,-12.3511904757959));
#922=CARTESIAN_POINT('Ctrl Pts',(6.71855082998859,2.83104549484437,-12.488425925527));
#923=CARTESIAN_POINT('Ctrl Pts',(7.24992512390672,0.787794684973928,-12.625661375258));
#924=CARTESIAN_POINT('Ctrl Pts',(6.94107356616952,-1.12082068328625,-12.7628968249891));
#925=CARTESIAN_POINT('Ctrl Pts',(6.63222200843233,-3.02943605154644,-12.9001322747202));
#926=CARTESIAN_POINT('Ctrl Pts',(5.4831445990398,-4.80341597819635,-13.0373677244513));
#927=CARTESIAN_POINT('Ctrl Pts',(3.86828260858546,-5.86780349958874,-13.1746031741823));
#928=CARTESIAN_POINT('Ctrl Pts',(2.25342061813113,-6.93219102098112,-13.3118386239134));
#929=CARTESIAN_POINT('Ctrl Pts',(0.172774046615002,-7.28698613711598,-13.4490740736445));
#930=CARTESIAN_POINT('Ctrl Pts',(-1.70420382070872,-6.81947161187754,-13.5863095233755));
#931=CARTESIAN_POINT('Ctrl Pts',(-2.33649658795811,-6.66198118109596,-13.6325396807929));
#932=CARTESIAN_POINT('Ctrl Pts',(-2.94567709464336,-6.41117531056044,-13.6787698382102));
#933=CARTESIAN_POINT('Ctrl Pts',(-3.51086410138218,-6.08282047955453,-13.7249999956275));
#934=CARTESIAN_POINT('Origin',(0.,0.,0.));
#935=CARTESIAN_POINT('',(-3.51232647143925,-6.08266133559279,-17.4749999957053));
#936=CARTESIAN_POINT('',(-3.51208385100689,-6.08269396325317,-16.8499999956928));
#937=CARTESIAN_POINT('',(-3.5125,-6.08382846158568,0.));
#938=CARTESIAN_POINT('Ctrl Pts',(-3.51232647143925,-6.08266133559279,-17.4749999957053));
#939=CARTESIAN_POINT('Ctrl Pts',(-2.71838821030144,-6.53971378373038,-17.4101686476706));
#940=CARTESIAN_POINT('Ctrl Pts',(-1.83573140649856,-6.84402499101594,-17.3453372996359));
#941=CARTESIAN_POINT('Ctrl Pts',(-0.928631047434759,-6.96499821110509,-17.2805059516011));
#942=CARTESIAN_POINT('Ctrl Pts',(0.511486228206335,-7.15705592820281,-17.1775793642891));
#943=CARTESIAN_POINT('Ctrl Pts',(2.01321324952586,-6.88701201385613,-17.0746527769771));
#944=CARTESIAN_POINT('Ctrl Pts',(3.29627945509228,-6.20543784080248,-16.9717261896651));
#945=CARTESIAN_POINT('Ctrl Pts',(4.5793456606587,-5.52386366774882,-16.8687996023531));
#946=CARTESIAN_POINT('Ctrl Pts',(5.64375105047201,-4.43075923598816,-16.7658730150411));
#947=CARTESIAN_POINT('Ctrl Pts',(6.29088915181796,-3.13002993338232,-16.6629464277291));
#948=CARTESIAN_POINT('Ctrl Pts',(6.93802725316392,-1.82930063077648,-16.5600198404171));
#949=CARTESIAN_POINT('Ctrl Pts',(7.16789806604254,-0.320946457325444,-16.4570932531051));
#950=CARTESIAN_POINT('Ctrl Pts',(6.93748041064834,1.11341114594266,-16.3541666657931));
#951=CARTESIAN_POINT('Ctrl Pts',(6.70706275525415,2.54776874921077,-16.2512400784811));
#952=CARTESIAN_POINT('Ctrl Pts',(6.01635663158714,3.90812978229591,-16.1483134911691));
#953=CARTESIAN_POINT('Ctrl Pts',(4.99480563944699,4.94129747263681,-16.0453869038572));
#954=CARTESIAN_POINT('Ctrl Pts',(3.97325464730685,5.97446516297771,-15.9424603165452));
#955=CARTESIAN_POINT('Ctrl Pts',(2.62085878669353,6.68043951057436,-15.8395337292332));
#956=CARTESIAN_POINT('Ctrl Pts',(1.18904877775017,6.92627208748973,-15.7366071419212));
#957=CARTESIAN_POINT('Ctrl Pts',(-0.242761231193154,7.1721046644051,-15.6336805546092));
#958=CARTESIAN_POINT('Ctrl Pts',(-1.75398538846655,6.95779547063924,-15.5307539672972));
#959=CARTESIAN_POINT('Ctrl Pts',(-3.06177578117608,6.3244585612191,-15.4278273799852));
#960=CARTESIAN_POINT('Ctrl Pts',(-4.36956617388565,5.69112165179893,-15.3249007926732));
#961=CARTESIAN_POINT('Ctrl Pts',(-5.47392280203132,4.63875702672446,-15.2219742053612));
#962=CARTESIAN_POINT('Ctrl Pts',(-6.16903897585674,3.36317051920353,-15.1190476180492));
#963=CARTESIAN_POINT('Ctrl Pts',(-6.86415514968217,2.0875840116826,-15.0161210307372));
#964=CARTESIAN_POINT('Ctrl Pts',(-7.15003086918735,0.588775621715222,-14.9131944434252));
#965=CARTESIAN_POINT('Ctrl Pts',(-6.97394644333683,-0.853479927772647,-14.8102678561132));
#966=CARTESIAN_POINT('Ctrl Pts',(-6.79786201748631,-2.29573547726052,-14.7073412688012));
#967=CARTESIAN_POINT('Ctrl Pts',(-6.1598174462801,-3.68143818626889,-14.6044146814892));
#968=CARTESIAN_POINT('Ctrl Pts',(-5.17752130841145,-4.75178967977404,-14.5014880941772));
#969=CARTESIAN_POINT('Ctrl Pts',(-4.69560444244455,-5.27690671663037,-14.4509920609853));
#970=CARTESIAN_POINT('Ctrl Pts',(-4.13082941281324,-5.72612163667349,-14.4004960277934));
#971=CARTESIAN_POINT('Ctrl Pts',(-3.51256797305974,-6.08282513462251,-14.3499999946016));
#972=CARTESIAN_POINT('Ctrl Pts',(-3.51086410138168,-6.08282047955366,-13.7249999956264));
#973=CARTESIAN_POINT('Ctrl Pts',(-4.62344973019348,-5.43644527670522,-13.8160052879402));
#974=CARTESIAN_POINT('Ctrl Pts',(-5.56555628900595,-4.48956034681736,-13.907010580254));
#975=CARTESIAN_POINT('Ctrl Pts',(-6.17789686236966,-3.36243603431722,-13.9980158725677));
#976=CARTESIAN_POINT('Ctrl Pts',(-7.10130287357634,-1.66273914860782,-14.1352513222988));
#977=CARTESIAN_POINT('Ctrl Pts',(-7.27480573285861,0.446830456199404,-14.2724867720299));
#978=CARTESIAN_POINT('Ctrl Pts',(-6.64921303365135,2.27537726144171,-14.4097222217609));
#979=CARTESIAN_POINT('Ctrl Pts',(-6.02362033444409,4.10392406668404,-14.546957671492));
#980=CARTESIAN_POINT('Ctrl Pts',(-4.59893207674728,5.65144807236142,-14.6841931212231));
#981=CARTESIAN_POINT('Ctrl Pts',(-2.82578394551988,6.43853316112575,-14.8214285709542));
#982=CARTESIAN_POINT('Ctrl Pts',(-1.9392098799062,6.83207570550791,-14.8900462958197));
#983=CARTESIAN_POINT('Ctrl Pts',(-0.965520845909861,7.03550852066181,-14.9586640206852));
#984=CARTESIAN_POINT('Ctrl Pts',(0.00411025417115479,7.03081168721057,-15.0272817455508));
#985=CARTESIAN_POINT('Ctrl Pts',(1.94337245433322,7.02141802030808,-15.1645171952818));
#986=CARTESIAN_POINT('Ctrl Pts',(3.86640291883406,6.17950575898501,-15.3017526450129));
#987=CARTESIAN_POINT('Ctrl Pts',(5.17680052477761,4.75652989990491,-15.438988094744));
#988=CARTESIAN_POINT('Ctrl Pts',(6.15959872923526,3.68929800559484,-15.5419146820423));
#989=CARTESIAN_POINT('Ctrl Pts',(6.79779095075444,2.29521783754647,-15.6448412693406));
#990=CARTESIAN_POINT('Ctrl Pts',(6.97405001518564,0.850891397777571,-15.7477678566389));
#991=CARTESIAN_POINT('Ctrl Pts',(7.15030907961683,-0.593435041991303,-15.8506944439372));
#992=CARTESIAN_POINT('Ctrl Pts',(6.86463498696006,-2.08800775348067,-15.9536210312355));
#993=CARTESIAN_POINT('Ctrl Pts',(6.16948867300633,-3.36241635478926,-16.0565476185338));
#994=CARTESIAN_POINT('Ctrl Pts',(5.47434235905259,-4.63682495609787,-16.1594742058321));
#995=CARTESIAN_POINT('Ctrl Pts',(4.36972382380188,-5.6910694472257,-16.2624007931304));
#996=CARTESIAN_POINT('Ctrl Pts',(3.06183368254071,-6.32493422015338,-16.3653273804287));
#997=CARTESIAN_POINT('Ctrl Pts',(1.75394354127953,-6.95879899308107,-16.468253967727));
#998=CARTESIAN_POINT('Ctrl Pts',(0.242781794007878,-7.17228404780863,-16.5711805550254));
#999=CARTESIAN_POINT('Ctrl Pts',(-1.18901395063595,-6.92619427989824,-16.6741071423237));
#1000=CARTESIAN_POINT('Ctrl Pts',(-2.00461999107622,-6.78601206330129,-16.7327380934467));
#1001=CARTESIAN_POINT('Ctrl Pts',(-2.79447271061544,-6.49670330015352,-16.7913690445698));
#1002=CARTESIAN_POINT('Ctrl Pts',(-3.51208385100689,-6.08269396325317,-16.8499999956928));
#1003=CARTESIAN_POINT('Origin',(0.,0.,0.));
#1004=CARTESIAN_POINT('',(-3.51286979969321,-6.0845483699577,-20.5999999963015));
#1005=CARTESIAN_POINT('',(-3.51236862624438,-6.07781481611436,-19.9749999956111));
#1006=CARTESIAN_POINT('',(-3.5125,-6.08382846158568,0.));
#1007=CARTESIAN_POINT('Ctrl Pts',(-3.51286979969321,-6.0845483699577,-20.5999999963015));
#1008=CARTESIAN_POINT('Ctrl Pts',(-2.5676685428528,-6.62715559844977,-20.5227678545214));
#1009=CARTESIAN_POINT('Ctrl Pts',(-1.49530898899242,-6.95055028393013,-20.4455357127412));
#1010=CARTESIAN_POINT('Ctrl Pts',(-0.405848862009519,-7.0140792531047,-20.3683035709611));
#1011=CARTESIAN_POINT('Ctrl Pts',(1.04606494354149,-7.0987437443628,-20.2653769836491));
#1012=CARTESIAN_POINT('Ctrl Pts',(2.52835048781206,-6.72186969061115,-20.1624503963371));
#1013=CARTESIAN_POINT('Ctrl Pts',(3.75426866161981,-5.9447673222109,-20.0595238090251));
#1014=CARTESIAN_POINT('Ctrl Pts',(5.38882622669682,-4.90863083101056,-19.9222883592758));
#1015=CARTESIAN_POINT('Ctrl Pts',(6.56761957761768,-3.16097733599049,-19.7850529095265));
#1016=CARTESIAN_POINT('Ctrl Pts',(6.91399461705867,-1.25800857424218,-19.6478174597771));
#1017=CARTESIAN_POINT('Ctrl Pts',(7.26036965649965,0.644960187506088,-19.5105820100278));
#1018=CARTESIAN_POINT('Ctrl Pts',(6.77432638446081,2.70324421598258,-19.3733465602785));
#1019=CARTESIAN_POINT('Ctrl Pts',(5.60797346890178,4.24435724067299,-19.2361111105291));
#1020=CARTESIAN_POINT('Ctrl Pts',(4.44162055334273,5.78547026536343,-19.0988756607798));
#1021=CARTESIAN_POINT('Ctrl Pts',(2.59495799426348,6.80941228626776,-18.9616402110305));
#1022=CARTESIAN_POINT('Ctrl Pts',(0.667478804458879,6.99683585392432,-18.8244047612812));
#1023=CARTESIAN_POINT('Ctrl Pts',(-0.778130587894557,7.13740352966673,-18.7214781739692));
#1024=CARTESIAN_POINT('Ctrl Pts',(-2.26919933503099,6.80742957545729,-18.6185515866572));
#1025=CARTESIAN_POINT('Ctrl Pts',(-3.52605028370413,6.07721367308832,-18.5156249993452));
#1026=CARTESIAN_POINT('Ctrl Pts',(-4.78290123237728,5.34699777071934,-18.4126984120332));
#1027=CARTESIAN_POINT('Ctrl Pts',(-5.80553438258714,4.21653992019085,-18.3097718247212));
#1028=CARTESIAN_POINT('Ctrl Pts',(-6.40356178112186,2.89294077197327,-18.2068452374092));
#1029=CARTESIAN_POINT('Ctrl Pts',(-7.00158917965659,1.56934162375568,-18.1039186500972));
#1030=CARTESIAN_POINT('Ctrl Pts',(-7.17501082651617,0.0526011778490118,
-18.0009920627852));
#1031=CARTESIAN_POINT('Ctrl Pts',(-6.89127680155017,-1.37251613324857,-17.8980654754732));
#1032=CARTESIAN_POINT('Ctrl Pts',(-6.60754277658417,-2.79763344434614,-17.7951388881612));
#1033=CARTESIAN_POINT('Ctrl Pts',(-5.86665307979256,-4.13112762063468,-17.6922123008492));
#1034=CARTESIAN_POINT('Ctrl Pts',(-4.80695446641545,-5.12495438304996,-17.5892857135372));
#1035=CARTESIAN_POINT('Ctrl Pts',(-4.41473829280416,-5.49279003468378,-17.5511904742599));
#1036=CARTESIAN_POINT('Ctrl Pts',(-3.97884874725567,-5.8140949259489,-17.5130952349827));
#1037=CARTESIAN_POINT('Ctrl Pts',(-3.51232647143921,-6.08266133559272,-17.4749999957054));
#1038=CARTESIAN_POINT('Ctrl Pts',(-3.51208385100698,-6.08269396325332,-16.849999995693));
#1039=CARTESIAN_POINT('Ctrl Pts',(-4.05423848744433,-5.76991024391691,-16.8942956318682));
#1040=CARTESIAN_POINT('Ctrl Pts',(-4.55515914551957,-5.38595005224261,-16.9385912680435));
#1041=CARTESIAN_POINT('Ctrl Pts',(-4.99479901464931,-4.94134643180891,-16.9828869042188));
#1042=CARTESIAN_POINT('Ctrl Pts',(-6.01635859200276,-3.90825294217813,-17.0858134915171));
#1043=CARTESIAN_POINT('Ctrl Pts',(-6.7070480046936,-2.54773055346491,-17.1887400788154));
#1044=CARTESIAN_POINT('Ctrl Pts',(-6.93746334822778,-1.11333563155021,-17.2916666661137));
#1045=CARTESIAN_POINT('Ctrl Pts',(-7.16787869176196,0.321059290364493,-17.394593253412));
#1046=CARTESIAN_POINT('Ctrl Pts',(-6.93801996613947,1.82932674548069,-17.4975198407103));
#1047=CARTESIAN_POINT('Ctrl Pts',(-6.29088614165804,3.13003031806096,-17.6004464280086));
#1048=CARTESIAN_POINT('Ctrl Pts',(-5.64375231717662,4.43073389064121,-17.7033730153069));
#1049=CARTESIAN_POINT('Ctrl Pts',(-4.57934339383628,5.52387358068554,-17.8062996026052));
#1050=CARTESIAN_POINT('Ctrl Pts',(-3.29627644645236,6.20545587512336,-17.9092261899035));
#1051=CARTESIAN_POINT('Ctrl Pts',(-2.01320949906843,6.88703816956118,-18.0121527772018));
#1052=CARTESIAN_POINT('Ctrl Pts',(-0.511484527640894,7.15706306839249,-18.1150793645001));
#1053=CARTESIAN_POINT('Ctrl Pts',(0.928632571657502,6.96500021821428,-18.2180059517984));
#1054=CARTESIAN_POINT('Ctrl Pts',(2.36874967095591,6.77293736803608,-18.3209325390967));
#1055=CARTESIAN_POINT('Ctrl Pts',(3.74725889812519,6.11878676884838,-18.423859126395));
#1056=CARTESIAN_POINT('Ctrl Pts',(4.80695779078205,5.12495982879866,-18.5267857136933));
#1057=CARTESIAN_POINT('Ctrl Pts',(5.8666566834389,4.13113288874895,-18.6297123009916));
#1058=CARTESIAN_POINT('Ctrl Pts',(6.60754524158331,2.79762960783725,-18.7326388882899));
#1059=CARTESIAN_POINT('Ctrl Pts',(6.8912793690974,1.37251178328524,-18.8355654755882));
#1060=CARTESIAN_POINT('Ctrl Pts',(7.17501349661149,-0.0526060412667767,
-18.9384920628865));
#1061=CARTESIAN_POINT('Ctrl Pts',(7.00159319349524,-1.56933840945912,-19.0414186501848));
#1062=CARTESIAN_POINT('Ctrl Pts',(6.40356385017419,-2.89294325819526,-19.1443452374832));
#1063=CARTESIAN_POINT('Ctrl Pts',(5.80553450685315,-4.21654810693141,-19.2472718247815));
#1064=CARTESIAN_POINT('Ctrl Pts',(4.78289612332732,-5.34702543621137,-19.3501984120798));
#1065=CARTESIAN_POINT('Ctrl Pts',(3.52604505901334,-6.07723618364418,-19.4531249993781));
#1066=CARTESIAN_POINT('Ctrl Pts',(2.26919399469937,-6.807446931077,-19.5560515866764));
#1067=CARTESIAN_POINT('Ctrl Pts',(0.778130249597274,-7.13739109666266,-19.6589781739747));
#1068=CARTESIAN_POINT('Ctrl Pts',(-0.667488184318225,-6.99682963888052,
-19.761904761273));
#1069=CARTESIAN_POINT('Ctrl Pts',(-1.66513905705243,-6.89982529960315,-19.832936506052));
#1070=CARTESIAN_POINT('Ctrl Pts',(-2.64114586126567,-6.5787350054546,-19.903968250831));
#1071=CARTESIAN_POINT('Ctrl Pts',(-3.51236862624386,-6.07781481611345,-19.97499999561));
#1072=CARTESIAN_POINT('Origin',(0.,0.,0.));
#1073=CARTESIAN_POINT('',(-3.51228243691305,-6.08346810692956,-23.7249999966867));
#1074=CARTESIAN_POINT('',(-3.51260116772711,-6.08374600611963,-23.0999999967583));
#1075=CARTESIAN_POINT('',(-3.5125,-6.08382846158568,0.));
#1076=CARTESIAN_POINT('Ctrl Pts',(-3.51228243691305,-6.08346810692956,-23.7249999966867));
#1077=CARTESIAN_POINT('Ctrl Pts',(-3.04530716489219,-6.35309136155515,-23.6868303548877));
#1078=CARTESIAN_POINT('Ctrl Pts',(-2.54758876607043,-6.56945991280314,-23.6486607130888));
#1079=CARTESIAN_POINT('Ctrl Pts',(-2.03159473549486,-6.7253316581295,-23.6104910712899));
#1080=CARTESIAN_POINT('Ctrl Pts',(-0.98803952766244,-7.04056935847229,-23.5332961308059));
#1081=CARTESIAN_POINT('Ctrl Pts',(0.130266145981777,-7.10836475511308,-23.4561011903219));
#1082=CARTESIAN_POINT('Ctrl Pts',(1.20426151500863,-6.92150127995738,-23.3789062498379));
#1083=CARTESIAN_POINT('Ctrl Pts',(2.27825688403553,-6.73463780480167,-23.3017113093539));
#1084=CARTESIAN_POINT('Ctrl Pts',(3.30794194844507,-6.29311545784944,-23.2245163688699));
#1085=CARTESIAN_POINT('Ctrl Pts',(4.18370165472609,-5.64393835438532,-23.1473214283859));
#1086=CARTESIAN_POINT('Ctrl Pts',(5.05946136100706,-4.99476125092124,-23.0701264879019));
#1087=CARTESIAN_POINT('Ctrl Pts',(5.78129570915953,-4.13792939094528,-22.9929315474179));
#1088=CARTESIAN_POINT('Ctrl Pts',(6.27234728774822,-3.16466160972886,-22.9157366069339));
#1089=CARTESIAN_POINT('Ctrl Pts',(6.76339886633693,-2.1913938285124,-22.8385416664499));
#1090=CARTESIAN_POINT('Ctrl Pts',(7.02366767536187,-1.1016901260554,-22.7613467259659));
#1091=CARTESIAN_POINT('Ctrl Pts',(7.02546717027123,-0.0115614464100445,
-22.6841517854819));
#1092=CARTESIAN_POINT('Ctrl Pts',(7.02726666518059,1.07856723323526,-22.6069568449979));
#1093=CARTESIAN_POINT('Ctrl Pts',(6.77059684597442,2.16912089006893,-22.5297619045139));
#1094=CARTESIAN_POINT('Ctrl Pts',(6.28273485439983,3.14399959891792,-22.4525669640299));
#1095=CARTESIAN_POINT('Ctrl Pts',(5.79487286282523,4.11887830776694,-22.3753720235459));
#1096=CARTESIAN_POINT('Ctrl Pts',(5.07581869888219,4.97808206863121,-22.2981770830619));
#1097=CARTESIAN_POINT('Ctrl Pts',(4.20222863557909,5.63013683085052,-22.2209821425779));
#1098=CARTESIAN_POINT('Ctrl Pts',(3.32863857227603,6.2821915930698,-22.1437872020939));
#1099=CARTESIAN_POINT('Ctrl Pts',(2.30051260961291,6.72709735664415,-22.0665922616099));
#1100=CARTESIAN_POINT('Ctrl Pts',(1.22707123807525,6.91749476460697,-21.9893973211259));
#1101=CARTESIAN_POINT('Ctrl Pts',(0.153629866537535,7.10789217256981,-21.9122023806419));
#1102=CARTESIAN_POINT('Ctrl Pts',(-0.965126913874733,7.0437812249211,-21.8350074401579));
#1103=CARTESIAN_POINT('Ctrl Pts',(-2.00958081922253,6.73197394929723,-21.7578124996739));
#1104=CARTESIAN_POINT('Ctrl Pts',(-3.05403472457029,6.42016667367337,-21.6806175591899));
#1105=CARTESIAN_POINT('Ctrl Pts',(-4.02418575485359,5.86066307007438,-21.6034226187059));
#1106=CARTESIAN_POINT('Ctrl Pts',(-4.81790598467875,5.11305597798103,-21.5262276782219));
#1107=CARTESIAN_POINT('Ctrl Pts',(-5.61162621450395,4.36544888588764,-21.4490327377379));
#1108=CARTESIAN_POINT('Ctrl Pts',(-6.228915643871,3.42973830529989,-21.3718377972539));
#1109=CARTESIAN_POINT('Ctrl Pts',(-6.60132035181109,2.40546572762928,-21.2946428567699));
#1110=CARTESIAN_POINT('Ctrl Pts',(-7.09785996239788,1.03976895740182,-21.1917162694579));
#1111=CARTESIAN_POINT('Ctrl Pts',(-7.15904895711453,-0.483371363195122,
-21.0887896821459));
#1112=CARTESIAN_POINT('Ctrl Pts',(-6.76974492937147,-1.88335769107997,-20.9858630948339));
#1113=CARTESIAN_POINT('Ctrl Pts',(-6.38044090162841,-3.28334401896478,-20.8829365075219));
#1114=CARTESIAN_POINT('Ctrl Pts',(-5.54064385142564,-4.5601763541375,-20.7800099202099));
#1115=CARTESIAN_POINT('Ctrl Pts',(-4.40997429290865,-5.47169403985774,-20.6770833328979));
#1116=CARTESIAN_POINT('Ctrl Pts',(-4.12771556710644,-5.69924400667124,-20.6513888873661));
#1117=CARTESIAN_POINT('Ctrl Pts',(-3.82732983732422,-5.90402777896555,-20.6256944418342));
#1118=CARTESIAN_POINT('Ctrl Pts',(-3.51286979969281,-6.084548369957,-20.5999999963023));
#1119=CARTESIAN_POINT('Ctrl Pts',(-3.51236862624438,-6.07781481611436,-19.9749999956111));
#1120=CARTESIAN_POINT('Ctrl Pts',(-4.32437423105674,-5.61094225761451,-20.0412037005632));
#1121=CARTESIAN_POINT('Ctrl Pts',(-5.0453560783218,-4.98785513724763,-20.1074074055152));
#1122=CARTESIAN_POINT('Ctrl Pts',(-5.60800111278471,-4.24438472323427,-20.1736111104673));
#1123=CARTESIAN_POINT('Ctrl Pts',(-6.77432321514101,-2.70322480321562,-20.3108465601984));
#1124=CARTESIAN_POINT('Ctrl Pts',(-7.2602678389644,-0.644774681764057,-20.4480820099294));
#1125=CARTESIAN_POINT('Ctrl Pts',(-6.91389495479837,1.2581658810873,-20.5853174596605));
#1126=CARTESIAN_POINT('Ctrl Pts',(-6.56752207063233,3.16110644393865,-20.7225529093916));
#1127=CARTESIAN_POINT('Ctrl Pts',(-5.38883167847689,4.90853744818982,-20.8597883591227));
#1128=CARTESIAN_POINT('Ctrl Pts',(-3.75413672771601,5.94544041069503,-20.9970238088537));
#1129=CARTESIAN_POINT('Ctrl Pts',(-2.52811551464534,6.72311763257395,-21.099950396152));
#1130=CARTESIAN_POINT('Ctrl Pts',(-1.0455917373591,7.10112283097075,-21.2028769834503));
#1131=CARTESIAN_POINT('Ctrl Pts',(0.406200930651911,7.01584534900416,-21.3058035707487));
#1132=CARTESIAN_POINT('Ctrl Pts',(1.85799359866291,6.93056786703756,-21.408730158047));
#1133=CARTESIAN_POINT('Ctrl Pts',(3.27905515739869,6.38200770470758,-21.5116567453453));
#1134=CARTESIAN_POINT('Ctrl Pts',(4.4096154485013,5.46992512858442,-21.6145833326436));
#1135=CARTESIAN_POINT('Ctrl Pts',(5.54017573960391,4.55784255246125,-21.7175099199419));
#1136=CARTESIAN_POINT('Ctrl Pts',(6.38023476307335,3.28223756254489,-21.8204365072402));
#1137=CARTESIAN_POINT('Ctrl Pts',(6.76964093004694,1.88275469499908,-21.9233630945385));
#1138=CARTESIAN_POINT('Ctrl Pts',(7.15904709702055,0.483271827453219,-22.0262896818368));
#1139=CARTESIAN_POINT('Ctrl Pts',(7.09780040749828,-1.04008891772208,-22.1292162691351));
#1140=CARTESIAN_POINT('Ctrl Pts',(6.60126209852544,-2.40576757690047,-22.2321428564334));
#1141=CARTESIAN_POINT('Ctrl Pts',(6.22885836679583,-3.4300265712842,-22.3093377969071));
#1142=CARTESIAN_POINT('Ctrl Pts',(5.61160309912531,-4.36558939229468,-22.3865327373808));
#1143=CARTESIAN_POINT('Ctrl Pts',(4.81789504462671,-5.11313902681073,-22.4637276778546));
#1144=CARTESIAN_POINT('Ctrl Pts',(4.02418699012807,-5.86068866132683,-22.5409226183283));
#1145=CARTESIAN_POINT('Ctrl Pts',(3.05402614880131,-6.4202251093485,-22.618117558802));
#1146=CARTESIAN_POINT('Ctrl Pts',(2.00957083963284,-6.73203352833742,-22.6953124992758));
#1147=CARTESIAN_POINT('Ctrl Pts',(0.965115530464387,-7.04384194732634,-22.7725074397495));
#1148=CARTESIAN_POINT('Ctrl Pts',(-0.153634246545751,-7.10792233728254,
-22.8497023802232));
#1149=CARTESIAN_POINT('Ctrl Pts',(-1.22707330606312,-6.91751295830759,-22.9268973206969));
#1150=CARTESIAN_POINT('Ctrl Pts',(-2.02943665894157,-6.7751876848053,-22.9845982127174));
#1151=CARTESIAN_POINT('Ctrl Pts',(-2.80648440626747,-6.49067612594019,-23.0422991047379));
#1152=CARTESIAN_POINT('Ctrl Pts',(-3.51260116772711,-6.08374600611963,-23.0999999967583));
#1153=CARTESIAN_POINT('Origin',(0.00181366991523269,-0.00474040918642893,
-25.));
#1154=CARTESIAN_POINT('',(-0.382352177715421,7.01458707353443,-25.));
#1155=CARTESIAN_POINT('',(-5.71357037640743,-2.20697497807279,-25.));
#1156=CARTESIAN_POINT('Ctrl Pts',(-0.382352177703036,7.01458707353595,-25.));
#1157=CARTESIAN_POINT('Ctrl Pts',(-0.568758629302378,6.99167211013199,-25.));
#1158=CARTESIAN_POINT('Ctrl Pts',(-0.753863400984273,6.96118242608441,-25.));
#1159=CARTESIAN_POINT('Ctrl Pts',(-0.937251108059575,6.92333092526197,-25.));
#1160=CARTESIAN_POINT('Ctrl Pts',(-1.12201072522438,6.88519626011674,-25.));
#1161=CARTESIAN_POINT('Ctrl Pts',(-1.3050281735232,6.8395889630067,-25.));
#1162=CARTESIAN_POINT('Ctrl Pts',(-1.48586557436916,6.78667560897257,-25.));
#1163=CARTESIAN_POINT('Ctrl Pts',(-1.66565941568327,6.73406760236495,-25.));
#1164=CARTESIAN_POINT('Ctrl Pts',(-1.84329892621789,6.67423727203504,-25.));
#1165=CARTESIAN_POINT('Ctrl Pts',(-2.018331095039,6.6073026394144,-25.));
#1166=CARTESIAN_POINT('Ctrl Pts',(-2.19142264567159,6.54111012503625,-25.));
#1167=CARTESIAN_POINT('Ctrl Pts',(-2.36196490973288,6.46796961848717,-25.));
#1168=CARTESIAN_POINT('Ctrl Pts',(-2.52948877915433,6.38795566602401,-25.));
#1169=CARTESIAN_POINT('Ctrl Pts',(-2.57612538478621,6.36568075583384,-25.));
#1170=CARTESIAN_POINT('Ctrl Pts',(-2.62252785143499,6.34287293404982,-25.));
#1171=CARTESIAN_POINT('Ctrl Pts',(-2.66868553409588,6.31953330981209,-25.));
#1172=CARTESIAN_POINT('Ctrl Pts',(-2.70149511139306,6.3029431527381,-25.));
#1173=CARTESIAN_POINT('Ctrl Pts',(-2.73418100463049,6.28608429373764,-25.));
#1174=CARTESIAN_POINT('Ctrl Pts',(-2.76673931265267,6.2689570678062,-25.));
#1175=CARTESIAN_POINT('Ctrl Pts',(-2.78725990197762,6.25816225717368,-25.));
#1176=CARTESIAN_POINT('Ctrl Pts',(-2.80772215109943,6.24726485426036,-25.));
#1177=CARTESIAN_POINT('Ctrl Pts',(-2.82812244902585,6.23626668190373,-25.));
#1178=CARTESIAN_POINT('Ctrl Pts',(-2.99095274890041,6.14848190006573,-25.));
#1179=CARTESIAN_POINT('Ctrl Pts',(-3.14989660128985,6.05425032497144,-25.));
#1180=CARTESIAN_POINT('Ctrl Pts',(-3.30453732543619,5.95371963826449,-25.));
#1181=CARTESIAN_POINT('Ctrl Pts',(-3.33007758881686,5.9371161191688,-25.));
#1182=CARTESIAN_POINT('Ctrl Pts',(-3.35550041252237,5.92034067920028,-25.));
#1183=CARTESIAN_POINT('Ctrl Pts',(-3.38080384233684,5.9033938699914,-25.));
#1184=CARTESIAN_POINT('Ctrl Pts',(-3.53443360687914,5.80050132429336,-25.));
#1185=CARTESIAN_POINT('Ctrl Pts',(-3.68366508839586,5.69129464354968,-25.));
#1186=CARTESIAN_POINT('Ctrl Pts',(-3.8281780727581,5.57612302443863,-25.));
#1187=CARTESIAN_POINT('Ctrl Pts',(-3.97250457127467,5.4611000277983,-25.));
#1188=CARTESIAN_POINT('Ctrl Pts',(-4.11212519987847,5.34012688844027,-25.));
#1189=CARTESIAN_POINT('Ctrl Pts',(-4.24668069963051,5.21351893619041,-25.));
#1190=CARTESIAN_POINT('Ctrl Pts',(-4.36899145595855,5.09843248914542,-25.));
#1191=CARTESIAN_POINT('Ctrl Pts',(-4.48711677893041,4.97868941995582,-25.));
#1192=CARTESIAN_POINT('Ctrl Pts',(-4.60075309631845,4.85450929226437,-25.));
#1193=CARTESIAN_POINT('Ctrl Pts',(-4.62406691808324,4.82903228429481,-25.));
#1194=CARTESIAN_POINT('Ctrl Pts',(-4.64719167475397,4.80336847018723,-25.));
#1195=CARTESIAN_POINT('Ctrl Pts',(-4.67012455963078,4.77751968216443,-25.));
#1196=CARTESIAN_POINT('Ctrl Pts',(-4.68553567381361,4.76014905366099,-25.));
#1197=CARTESIAN_POINT('Ctrl Pts',(-4.70086051057274,4.74269438800037,-25.));
#1198=CARTESIAN_POINT('Ctrl Pts',(-4.71608783190046,4.72516839449943,-25.));
#1199=CARTESIAN_POINT('Ctrl Pts',(-4.83526556035166,4.58799994252155,-25.));
#1200=CARTESIAN_POINT('Ctrl Pts',(-4.94862961158303,4.4462902338251,-25.));
#1201=CARTESIAN_POINT('Ctrl Pts',(-5.05588823368137,4.30037794845252,-25.));
#1202=CARTESIAN_POINT('Ctrl Pts',(-5.16255520793736,4.15527052787427,-25.));
#1203=CARTESIAN_POINT('Ctrl Pts',(-5.26318430870972,4.00600616896738,-25.));
#1204=CARTESIAN_POINT('Ctrl Pts',(-5.35744576842,3.85288990395111,-25.));
#1205=CARTESIAN_POINT('Ctrl Pts',(-5.40178848836784,3.78086055409864,-25.));
#1206=CARTESIAN_POINT('Ctrl Pts',(-5.44472141324951,3.70797843837645,-25.));
#1207=CARTESIAN_POINT('Ctrl Pts',(-5.48620653799264,3.63427371043201,-25.));
#1208=CARTESIAN_POINT('Ctrl Pts',(-5.57490935451991,3.47667946428884,-25.));
#1209=CARTESIAN_POINT('Ctrl Pts',(-5.65699638004812,3.3153248538769,-25.));
#1210=CARTESIAN_POINT('Ctrl Pts',(-5.73229670565224,3.15065152774073,-25.));
#1211=CARTESIAN_POINT('Ctrl Pts',(-5.80693410195638,2.98742795327489,-25.));
#1212=CARTESIAN_POINT('Ctrl Pts',(-5.8749038536463,2.82094312446412,-25.));
#1213=CARTESIAN_POINT('Ctrl Pts',(-5.93598864423933,2.65162419834753,-25.));
#1214=CARTESIAN_POINT('Ctrl Pts',(-5.94582982349908,2.62434575656513,-25.));
#1215=CARTESIAN_POINT('Ctrl Pts',(-5.95549219100085,2.59699376153093,-25.));
#1216=CARTESIAN_POINT('Ctrl Pts',(-5.96497471067954,2.56957001154251,-25.));
#1217=CARTESIAN_POINT('Ctrl Pts',(-5.97254794775101,2.54766796787817,-25.));
#1218=CARTESIAN_POINT('Ctrl Pts',(-5.98000394013459,2.52572739791503,-25.));
#1219=CARTESIAN_POINT('Ctrl Pts',(-5.98734036380948,2.5037555452898,-25.));
#1220=CARTESIAN_POINT('Ctrl Pts',(-6.04367502195642,2.33503889786759,-25.));
#1221=CARTESIAN_POINT('Ctrl Pts',(-6.09300384247285,2.16436289056656,-25.));
#1222=CARTESIAN_POINT('Ctrl Pts',(-6.13522787530858,1.99216438886699,-25.));
#1223=CARTESIAN_POINT('Ctrl Pts',(-6.17738088430847,1.82025553733336,-25.));
#1224=CARTESIAN_POINT('Ctrl Pts',(-6.21245309814953,1.64682858073357,-25.));
#1225=CARTESIAN_POINT('Ctrl Pts',(-6.24029508325307,1.47230912635102,-25.));
#1226=CARTESIAN_POINT('Ctrl Pts',(-6.26777309173017,1.30007115448553,-25.));
#1227=CARTESIAN_POINT('Ctrl Pts',(-6.28820869096525,1.12676839011948,-25.));
#1228=CARTESIAN_POINT('Ctrl Pts',(-6.30140775122447,0.952811533955388,-25.));
#1229=CARTESIAN_POINT('Ctrl Pts',(-6.30633592046444,0.887860786645039,-25.));
#1230=CARTESIAN_POINT('Ctrl Pts',(-6.3102547531089,0.82281892085736,-25.));
#1231=CARTESIAN_POINT('Ctrl Pts',(-6.31315229704619,0.757707657912176,-25.));
#1232=CARTESIAN_POINT('Ctrl Pts',(-6.31855391586454,0.636326850296166,-25.));
#1233=CARTESIAN_POINT('Ctrl Pts',(-6.32040688675005,0.514704578874682,-25.));
#1234=CARTESIAN_POINT('Ctrl Pts',(-6.31871646737712,0.39299563992941,-25.));
#1235=CARTESIAN_POINT('Ctrl Pts',(-6.31797690890146,0.339747979140854,-25.));
#1236=CARTESIAN_POINT('Ctrl Pts',(-6.31655898515428,0.286483787886662,-25.));
#1237=CARTESIAN_POINT('Ctrl Pts',(-6.31446250056803,0.233216338035751,-25.));
#1238=CARTESIAN_POINT('Ctrl Pts',(-6.31302050099148,0.196578033784935,-25.));
#1239=CARTESIAN_POINT('Ctrl Pts',(-6.31125747075266,0.15993819203646,-25.));
#1240=CARTESIAN_POINT('Ctrl Pts',(-6.30917324228608,0.123301192793264,-25.));
#1241=CARTESIAN_POINT('Ctrl Pts',(-6.30785357435808,0.100103796896132,-25.));
#1242=CARTESIAN_POINT('Ctrl Pts',(-6.30640557287474,0.076915651888408,-25.));
#1243=CARTESIAN_POINT('Ctrl Pts',(-6.30482996225699,0.0537443751269751,
-25.));
#1244=CARTESIAN_POINT('Ctrl Pts',(-6.29306769720295,-0.119234085311318,
-25.));
#1245=CARTESIAN_POINT('Ctrl Pts',(-6.27419160792728,-0.291388727510157,
-25.));
#1246=CARTESIAN_POINT('Ctrl Pts',(-6.24831893867111,-0.462288902885519,
-25.));
#1247=CARTESIAN_POINT('Ctrl Pts',(-6.22238394371769,-0.633600766459117,
-25.));
#1248=CARTESIAN_POINT('Ctrl Pts',(-6.18941842107081,-0.803652835637296,
-25.));
#1249=CARTESIAN_POINT('Ctrl Pts',(-6.14948982307989,-0.971999985341559,
-25.));
#1250=CARTESIAN_POINT('Ctrl Pts',(-6.10985933577837,-1.13909023930241,-25.));
#1251=CARTESIAN_POINT('Ctrl Pts',(-6.06336910036779,-1.3045016003166,-25.));
#1252=CARTESIAN_POINT('Ctrl Pts',(-6.01003877529425,-1.46777735184547,-25.));
#1253=CARTESIAN_POINT('Ctrl Pts',(-5.95772431769774,-1.62794293058734,-25.));
#1254=CARTESIAN_POINT('Ctrl Pts',(-5.89882756972726,-1.78605402351027,-25.));
#1255=CARTESIAN_POINT('Ctrl Pts',(-5.83332666634859,-1.94165000799371,-25.));
#1256=CARTESIAN_POINT('Ctrl Pts',(-5.81353149187567,-1.98867301838382,-25.));
#1257=CARTESIAN_POINT('Ctrl Pts',(-5.79313287801374,-2.03546608084846,-25.));
#1258=CARTESIAN_POINT('Ctrl Pts',(-5.77212953800525,-2.08201582405453,-25.));
#1259=CARTESIAN_POINT('Ctrl Pts',(-5.75322625143363,-2.12391121475447,-25.));
#1260=CARTESIAN_POINT('Ctrl Pts',(-5.73383311396503,-2.16560950624795,-25.));
#1261=CARTESIAN_POINT('Ctrl Pts',(-5.71395404460985,-2.20710254123513,-25.));
#1262=CARTESIAN_POINT('',(6.55311541911269,2.53126515872744,-25.));
#1263=CARTESIAN_POINT('Origin',(0.,0.,-25.));
#1264=CARTESIAN_POINT('',(0.333367580644118,-6.11592111265143,-25.));
#1265=CARTESIAN_POINT('Ctrl Pts',(0.333367580643988,-6.11592111265145,-25.));
#1266=CARTESIAN_POINT('Ctrl Pts',(0.502418409794672,-6.11986778784798,-25.));
#1267=CARTESIAN_POINT('Ctrl Pts',(0.671313625458913,-6.11666794182976,-25.));
#1268=CARTESIAN_POINT('Ctrl Pts',(0.839631926275365,-6.10653957370955,-25.));
#1269=CARTESIAN_POINT('Ctrl Pts',(1.01067486498315,-6.09624725350913,-25.));
#1270=CARTESIAN_POINT('Ctrl Pts',(1.18112268666129,-6.07880033413452,-25.));
#1271=CARTESIAN_POINT('Ctrl Pts',(1.35054896065438,-6.05437601717145,-25.));
#1272=CARTESIAN_POINT('Ctrl Pts',(1.521991863716,-6.02966098504122,-25.));
#1273=CARTESIAN_POINT('Ctrl Pts',(1.69238946398321,-5.99780148314032,-25.));
#1274=CARTESIAN_POINT('Ctrl Pts',(1.86130565512124,-5.95892831308648,-25.));
#1275=CARTESIAN_POINT('Ctrl Pts',(2.02983137388361,-5.92014500356618,-25.));
#1276=CARTESIAN_POINT('Ctrl Pts',(2.19688326252759,-5.87438031376105,-25.));
#1277=CARTESIAN_POINT('Ctrl Pts',(2.36202301113785,-5.82171271709408,-25.));
#1278=CARTESIAN_POINT('Ctrl Pts',(2.41420399650377,-5.8050707692041,-25.));
#1279=CARTESIAN_POINT('Ctrl Pts',(2.46619398229145,-5.7877392286705,-25.));
#1280=CARTESIAN_POINT('Ctrl Pts',(2.51797884769203,-5.7697195242929,-25.));
#1281=CARTESIAN_POINT('Ctrl Pts',(2.54007625659973,-5.76203023567647,-25.));
#1282=CARTESIAN_POINT('Ctrl Pts',(2.56213718119465,-5.75421526735489,-25.));
#1283=CARTESIAN_POINT('Ctrl Pts',(2.58414470210027,-5.74628057033806,-25.));
#1284=CARTESIAN_POINT('Ctrl Pts',(2.75044734336278,-5.68632101936569,-25.));
#1285=CARTESIAN_POINT('Ctrl Pts',(2.91391200361917,-5.61945637303531,-25.));
#1286=CARTESIAN_POINT('Ctrl Pts',(3.07409636448328,-5.54586487238366,-25.));
#1287=CARTESIAN_POINT('Ctrl Pts',(3.10099082103646,-5.53350908804689,-25.));
#1288=CARTESIAN_POINT('Ctrl Pts',(3.12779281144298,-5.52096355900763,-25.));
#1289=CARTESIAN_POINT('Ctrl Pts',(3.15450024135012,-5.50822898564677,-25.));
#1290=CARTESIAN_POINT('Ctrl Pts',(3.31211463366169,-5.43307566506905,-25.));
#1291=CARTESIAN_POINT('Ctrl Pts',(3.46643658594956,-5.35134254799129,-25.));
#1292=CARTESIAN_POINT('Ctrl Pts',(3.61716323143828,-5.26338326999669,-25.));
#1293=CARTESIAN_POINT('Ctrl Pts',(3.76943230025862,-5.1745238827867,-25.));
#1294=CARTESIAN_POINT('Ctrl Pts',(3.91803271827254,-5.07930994989364,-25.));
#1295=CARTESIAN_POINT('Ctrl Pts',(4.06263555000348,-4.97805561174037,-25.));
#1296=CARTESIAN_POINT('Ctrl Pts',(4.19652843813136,-4.88430063053748,-25.));
#1297=CARTESIAN_POINT('Ctrl Pts',(4.32699417785198,-4.78536610800041,-25.));
#1298=CARTESIAN_POINT('Ctrl Pts',(4.45375207745801,-4.68146707652917,-25.));
#1299=CARTESIAN_POINT('Ctrl Pts',(4.47449809322267,-4.66446229062206,-25.));
#1300=CARTESIAN_POINT('Ctrl Pts',(4.49514473893326,-4.64732445548045,-25.));
#1301=CARTESIAN_POINT('Ctrl Pts',(4.51569072356877,-4.63005443755351,-25.));
#1302=CARTESIAN_POINT('Ctrl Pts',(4.53338496094248,-4.61518146835449,-25.));
#1303=CARTESIAN_POINT('Ctrl Pts',(4.55100508241066,-4.60020993191356,-25.));
#1304=CARTESIAN_POINT('Ctrl Pts',(4.56853792352513,-4.58515115657638,-25.));
#1305=CARTESIAN_POINT('Ctrl Pts',(4.70469437615384,-4.46820779198098,-25.));
#1306=CARTESIAN_POINT('Ctrl Pts',(4.8357674069976,-4.34585826823736,-25.));
#1307=CARTESIAN_POINT('Ctrl Pts',(4.96145104562398,-4.21847809979396,-25.));
#1308=CARTESIAN_POINT('Ctrl Pts',(5.08841091363478,-4.08980447489325,-25.));
#1309=CARTESIAN_POINT('Ctrl Pts',(5.20987202271536,-3.95599717057191,-25.));
#1310=CARTESIAN_POINT('Ctrl Pts',(5.32549794731056,-3.81739469028113,-25.));
#1311=CARTESIAN_POINT('Ctrl Pts',(5.3772710987238,-3.75533345943287,-25.));
#1312=CARTESIAN_POINT('Ctrl Pts',(5.4278739997007,-3.69231021800439,-25.));
#1313=CARTESIAN_POINT('Ctrl Pts',(5.47727457379565,-3.62835253656087,-25.));
#1314=CARTESIAN_POINT('Ctrl Pts',(5.58707323365543,-3.48619897177154,-25.));
#1315=CARTESIAN_POINT('Ctrl Pts',(5.69093499661932,-3.3394316060782,-25.));
#1316=CARTESIAN_POINT('Ctrl Pts',(5.78871564561934,-3.18847925391906,-25.));
#1317=CARTESIAN_POINT('Ctrl Pts',(5.84709537361116,-3.09835347393191,-25.));
#1318=CARTESIAN_POINT('Ctrl Pts',(5.90330667563989,-3.00673516426336,-25.));
#1319=CARTESIAN_POINT('Ctrl Pts',(5.95731193115998,-2.91371013567942,-25.));
#1320=CARTESIAN_POINT('Ctrl Pts',(6.00615787263199,-2.82957211877931,-25.));
#1321=CARTESIAN_POINT('Ctrl Pts',(6.05319908619464,-2.74428324862133,-25.));
#1322=CARTESIAN_POINT('Ctrl Pts',(6.09840374675895,-2.65790471983843,-25.));
#1323=CARTESIAN_POINT('Ctrl Pts',(6.11028534252284,-2.63520098201879,-25.));
#1324=CARTESIAN_POINT('Ctrl Pts',(6.12204063222593,-2.612420649984,-25.));
#1325=CARTESIAN_POINT('Ctrl Pts',(6.13365974133627,-2.58958341363261,-25.));
#1326=CARTESIAN_POINT('Ctrl Pts',(6.21669710541099,-2.42637435075511,-25.));
#1327=CARTESIAN_POINT('Ctrl Pts',(6.29289503779301,-2.26004903005774,-25.));
#1328=CARTESIAN_POINT('Ctrl Pts',(6.36215705239426,-2.09108950807552,-25.));
#1329=CARTESIAN_POINT('Ctrl Pts',(6.43203066439478,-1.92063803982491,-25.));
#1330=CARTESIAN_POINT('Ctrl Pts',(6.49484571726702,-1.74750505778458,-25.));
#1331=CARTESIAN_POINT('Ctrl Pts',(6.55046455171478,-1.57214871892957,-25.));
#1332=CARTESIAN_POINT('Ctrl Pts',(6.60616457539556,-1.39653640479571,-25.));
#1333=CARTESIAN_POINT('Ctrl Pts',(6.65464771744729,-1.21869359308177,-25.));
#1334=CARTESIAN_POINT('Ctrl Pts',(6.69573158470469,-1.03905306283638,-25.));
#1335=CARTESIAN_POINT('Ctrl Pts',(6.71316586588141,-0.962821107957122,-25.));
#1336=CARTESIAN_POINT('Ctrl Pts',(6.72926711153111,-0.886265139885487,-25.));
#1337=CARTESIAN_POINT('Ctrl Pts',(6.74401873923827,-0.809417181424162,-25.));
#1338=CARTESIAN_POINT('Ctrl Pts',(6.76929630881352,-0.677734789807286,-25.));
#1339=CARTESIAN_POINT('Ctrl Pts',(6.790611886178,-0.545195165276158,-25.));
#1340=CARTESIAN_POINT('Ctrl Pts',(6.80797838791798,-0.411969740328457,-25.));
#1341=CARTESIAN_POINT('Ctrl Pts',(6.81557623242922,-0.353683616913838,-25.));
#1342=CARTESIAN_POINT('Ctrl Pts',(6.82241801231282,-0.29526619180621,-25.));
#1343=CARTESIAN_POINT('Ctrl Pts',(6.82850393364655,-0.236731704655445,-25.));
#1344=CARTESIAN_POINT('Ctrl Pts',(6.83197601949848,-0.20333712829774,-25.));
#1345=CARTESIAN_POINT('Ctrl Pts',(6.83520207649901,-0.169904449383281,-25.));
#1346=CARTESIAN_POINT('Ctrl Pts',(6.83818206472013,-0.13643630821594,-25.));
#1347=CARTESIAN_POINT('Ctrl Pts',(6.84032591904131,-0.112358756984453,-25.));
#1348=CARTESIAN_POINT('Ctrl Pts',(6.84234163928556,-0.0882713424790083,
-25.));
#1349=CARTESIAN_POINT('Ctrl Pts',(6.84422905552993,-0.0641810870268527,
-25.));
#1350=CARTESIAN_POINT('Ctrl Pts',(6.85867315024407,0.12017778583862,-25.));
#1351=CARTESIAN_POINT('Ctrl Pts',(6.86561678059197,0.304811766787447,-25.));
#1352=CARTESIAN_POINT('Ctrl Pts',(6.86519583191047,0.489253903111401,-25.));
#1353=CARTESIAN_POINT('Ctrl Pts',(6.86476694361024,0.677174848858119,-25.));
#1354=CARTESIAN_POINT('Ctrl Pts',(6.85669321194042,0.864897284729672,-25.));
#1355=CARTESIAN_POINT('Ctrl Pts',(6.84106781126197,1.05194606825953,-25.));
#1356=CARTESIAN_POINT('Ctrl Pts',(6.82539208986413,1.23959723182054,-25.));
#1357=CARTESIAN_POINT('Ctrl Pts',(6.80211602902888,1.42657112192342,-25.));
#1358=CARTESIAN_POINT('Ctrl Pts',(6.77128188774905,1.61239626001555,-25.));
#1359=CARTESIAN_POINT('Ctrl Pts',(6.74067352077922,1.79686074590231,-25.));
#1360=CARTESIAN_POINT('Ctrl Pts',(6.70261731868317,1.98019396296981,-25.));
#1361=CARTESIAN_POINT('Ctrl Pts',(6.65710367281293,2.16193203239945,-25.));
#1362=CARTESIAN_POINT('Ctrl Pts',(6.63882084054521,2.23493621777092,-25.));
#1363=CARTESIAN_POINT('Ctrl Pts',(6.61933407859138,2.30768291530101,-25.));
#1364=CARTESIAN_POINT('Ctrl Pts',(6.59864043970394,2.3801415295656,-25.));
#1365=CARTESIAN_POINT('Ctrl Pts',(6.58419882211828,2.43070874027647,-25.));
#1366=CARTESIAN_POINT('Ctrl Pts',(6.56916938664255,2.48113563718511,-25.));
#1367=CARTESIAN_POINT('Ctrl Pts',(6.55355655091925,2.5314137835328,-25.));
#1368=CARTESIAN_POINT('Ctrl Pts',(-5.71357037640741,-2.20697497807285,-25.));
#1369=CARTESIAN_POINT('Ctrl Pts',(-5.65169793112769,-2.36715466926935,-25.));
#1370=CARTESIAN_POINT('Ctrl Pts',(-5.5830588446699,-2.52447822928091,-25.));
#1371=CARTESIAN_POINT('Ctrl Pts',(-5.5079676187623,-2.67859551487,-25.));
#1372=CARTESIAN_POINT('Ctrl Pts',(-5.43226356890961,-2.83397056076089,-25.));
#1373=CARTESIAN_POINT('Ctrl Pts',(-5.35000128354694,-2.98608741767275,-25.));
#1374=CARTESIAN_POINT('Ctrl Pts',(-5.26145440692035,-3.13456671705654,-25.));
#1375=CARTESIAN_POINT('Ctrl Pts',(-5.21764274734271,-3.20803203584313,-25.));
#1376=CARTESIAN_POINT('Ctrl Pts',(-5.17229183120934,-3.2806064611027,-25.));
#1377=CARTESIAN_POINT('Ctrl Pts',(-5.12543086646865,-3.35224146354967,-25.));
#1378=CARTESIAN_POINT('Ctrl Pts',(-5.09718336613444,-3.39542260091548,-25.));
#1379=CARTESIAN_POINT('Ctrl Pts',(-5.06838712559213,-3.43826235349745,-25.));
#1380=CARTESIAN_POINT('Ctrl Pts',(-5.03904812265549,-3.48074973489826,-25.));
#1381=CARTESIAN_POINT('Ctrl Pts',(-5.02399951119079,-3.50254243508764,-25.));
#1382=CARTESIAN_POINT('Ctrl Pts',(-5.00880937633935,-3.5242404946122,-25.));
#1383=CARTESIAN_POINT('Ctrl Pts',(-4.99348505905948,-3.54583354957562,-25.));
#1384=CARTESIAN_POINT('Ctrl Pts',(-4.89325744498201,-3.68706139941078,-25.));
#1385=CARTESIAN_POINT('Ctrl Pts',(-4.7872182005775,-3.82390926226971,-25.));
#1386=CARTESIAN_POINT('Ctrl Pts',(-4.6756480950598,-3.95600300417057,-25.));
#1387=CARTESIAN_POINT('Ctrl Pts',(-4.56477187091862,-4.08727522325368,-25.));
#1388=CARTESIAN_POINT('Ctrl Pts',(-4.44843291135058,-4.21385283855323,-25.));
#1389=CARTESIAN_POINT('Ctrl Pts',(-4.32686661097638,-4.33533709613726,-25.));
#1390=CARTESIAN_POINT('Ctrl Pts',(-4.26584339291621,-4.39631913078508,-25.));
#1391=CARTESIAN_POINT('Ctrl Pts',(-4.2035024060757,-4.45601719794104,-25.));
#1392=CARTESIAN_POINT('Ctrl Pts',(-4.13987011383739,-4.51437714551725,-25.));
#1393=CARTESIAN_POINT('Ctrl Pts',(-4.1156536421315,-4.53658712679442,-25.));
#1394=CARTESIAN_POINT('Ctrl Pts',(-4.09125012563283,-4.5586032762611,-25.));
#1395=CARTESIAN_POINT('Ctrl Pts',(-4.06666229075574,-4.58042392959245,-25.));
#1396=CARTESIAN_POINT('Ctrl Pts',(-4.04902818323565,-4.59607344688128,-25.));
#1397=CARTESIAN_POINT('Ctrl Pts',(-4.03130307513957,-4.61161898893505,-25.));
#1398=CARTESIAN_POINT('Ctrl Pts',(-4.01349412284656,-4.62705494251702,-25.));
#1399=CARTESIAN_POINT('Ctrl Pts',(-3.88436318399451,-4.7389795041263,-25.));
#1400=CARTESIAN_POINT('Ctrl Pts',(-3.75073264229493,-4.84522945227501,-25.));
#1401=CARTESIAN_POINT('Ctrl Pts',(-3.61305149261509,-4.94565146948423,-25.));
#1402=CARTESIAN_POINT('Ctrl Pts',(-3.46926166276123,-5.0505290420617,-25.));
#1403=CARTESIAN_POINT('Ctrl Pts',(-3.32105338845201,-5.14905074125307,-25.));
#1404=CARTESIAN_POINT('Ctrl Pts',(-3.16889649435136,-5.24099975737074,-25.));
#1405=CARTESIAN_POINT('Ctrl Pts',(-3.02114726385696,-5.33028520484523,-25.));
#1406=CARTESIAN_POINT('Ctrl Pts',(-2.86967404654306,-5.41337340569341,-25.));
#1407=CARTESIAN_POINT('Ctrl Pts',(-2.71487869620347,-5.49002150092188,-25.));
#1408=CARTESIAN_POINT('Ctrl Pts',(-2.56135826097109,-5.56603831223691,-25.));
#1409=CARTESIAN_POINT('Ctrl Pts',(-2.40456953996107,-5.63572096451226,-25.));
#1410=CARTESIAN_POINT('Ctrl Pts',(-2.24488692076385,-5.69878467809865,-25.));
#1411=CARTESIAN_POINT('Ctrl Pts',(-2.19946579091694,-5.71672291795116,-25.));
#1412=CARTESIAN_POINT('Ctrl Pts',(-2.15381043994099,-5.73412530714854,-25.));
#1413=CARTESIAN_POINT('Ctrl Pts',(-2.10792933288608,-5.75098452271198,-25.));
#1414=CARTESIAN_POINT('Ctrl Pts',(-2.08129372678856,-5.76077189389123,-25.));
#1415=CARTESIAN_POINT('Ctrl Pts',(-2.05458203516199,-5.77037619742546,-25.));
#1416=CARTESIAN_POINT('Ctrl Pts',(-2.02779590822422,-5.77979594522538,-25.));
#1417=CARTESIAN_POINT('Ctrl Pts',(-2.00811165277008,-5.78671821220477,-25.));
#1418=CARTESIAN_POINT('Ctrl Pts',(-1.98838916763767,-5.79354007924807,-25.));
#1419=CARTESIAN_POINT('Ctrl Pts',(-1.96863992330327,-5.80025745479037,-25.));
#1420=CARTESIAN_POINT('Ctrl Pts',(-1.88142041882794,-5.82992371220526,-25.));
#1421=CARTESIAN_POINT('Ctrl Pts',(-1.79362073020791,-5.85757291729776,-25.));
#1422=CARTESIAN_POINT('Ctrl Pts',(-1.70530460220377,-5.88317675603122,-25.));
#1423=CARTESIAN_POINT('Ctrl Pts',(-1.54003225862015,-5.93109106712984,-25.));
#1424=CARTESIAN_POINT('Ctrl Pts',(-1.372952465955,-5.97184554453609,-25.));
#1425=CARTESIAN_POINT('Ctrl Pts',(-1.20454254364809,-6.00548886454396,-25.));
#1426=CARTESIAN_POINT('Ctrl Pts',(-1.03505133591421,-6.03934819338992,-25.));
#1427=CARTESIAN_POINT('Ctrl Pts',(-0.86421213737973,-6.06600483907269,-25.));
#1428=CARTESIAN_POINT('Ctrl Pts',(-0.692496590091649,-6.08545726093907,
-25.));
#1429=CARTESIAN_POINT('Ctrl Pts',(-0.521603591245544,-6.1048165021963,-25.));
#1430=CARTESIAN_POINT('Ctrl Pts',(-0.349841883553189,-6.11704037547411,
-25.));
#1431=CARTESIAN_POINT('Ctrl Pts',(-0.177672608493861,-6.12207636315978,
-25.));
#1432=CARTESIAN_POINT('Ctrl Pts',(-0.00751791252815506,-6.12705342398115,
-25.));
#1433=CARTESIAN_POINT('Ctrl Pts',(0.163035558158725,-6.1250097860901,-25.));
#1434=CARTESIAN_POINT('Ctrl Pts',(0.333535777080725,-6.11584520708124,-25.));
#1435=CARTESIAN_POINT('Ctrl Pts',(5.71357038321206,2.20697496045656,0.937499999172857));
#1436=CARTESIAN_POINT('Ctrl Pts',(6.05611416579723,1.32017377503343,0.860305058699128));
#1437=CARTESIAN_POINT('Ctrl Pts',(6.32074305016463,-0.615084754228393,0.705915177751671));
#1438=CARTESIAN_POINT('Ctrl Pts',(5.37172231747716,-3.38777115371168,0.474330356330484));
#1439=CARTESIAN_POINT('Ctrl Pts',(3.27886552636641,-5.43885829443847,0.242745534909298));
#1440=CARTESIAN_POINT('Ctrl Pts',(0.487841845809171,-6.33204627824636,0.0111607134881119));
#1441=CARTESIAN_POINT('Ctrl Pts',(-2.40707105858163,-5.8769514692089,-0.220424107933074));
#1442=CARTESIAN_POINT('Ctrl Pts',(-4.78947217949662,-4.17056050504523,-0.452008929354261));
#1443=CARTESIAN_POINT('Ctrl Pts',(-6.15209790558608,-1.57615457807871,-0.683593750775447));
#1444=CARTESIAN_POINT('Ctrl Pts',(-6.204808812974,1.35383574900864,-0.915178572196633));
#1445=CARTESIAN_POINT('Ctrl Pts',(-4.93639232410849,3.99558141781757,-1.14676339361782));
#1446=CARTESIAN_POINT('Ctrl Pts',(-2.61689591721222,5.78655133149383,-1.378348215039));
#1447=CARTESIAN_POINT('Ctrl Pts',(0.259755988587173,6.34550781176146,-1.60993303646019));
#1448=CARTESIAN_POINT('Ctrl Pts',(3.08118487120793,5.55322245352735,-1.84151785788138));
#1449=CARTESIAN_POINT('Ctrl Pts',(5.24638224789375,3.57886057413993,-2.07310267930256));
#1450=CARTESIAN_POINT('Ctrl Pts',(6.29492731163613,0.8417584595524,-2.30468750072375));
#1451=CARTESIAN_POINT('Ctrl Pts',(6.00225833728141,-2.07299175312881,-2.53627232214494));
#1452=CARTESIAN_POINT('Ctrl Pts',(4.25933282316979,-4.82516404432778,-2.7935887903907));
#1453=CARTESIAN_POINT('Ctrl Pts',(0.989164671674508,-6.45863648084561,-3.07663690546104));
#1454=CARTESIAN_POINT('Ctrl Pts',(-2.95663923050089,-5.82577239447206,-3.38541666735595));
#1455=CARTESIAN_POINT('Ctrl Pts',(-5.78730768588437,-3.02323496937735,-3.69419642925087));
#1456=CARTESIAN_POINT('Ctrl Pts',(-6.5591449823913,1.35375878852595,-4.03728505357855));
#1457=CARTESIAN_POINT('Ctrl Pts',(-3.89292480844955,5.65398028450034,-4.414682540339));
#1458=CARTESIAN_POINT('Ctrl Pts',(0.622720158694564,6.52356215226296,-4.75777116466669));
#1459=CARTESIAN_POINT('Ctrl Pts',(3.3659844339632,5.23925934112284,-4.99793320169607));
#1460=CARTESIAN_POINT('Ctrl Pts',(4.61654246200259,4.09237201228914,-5.13516865142714));
#1461=CARTESIAN_POINT('Ctrl Pts',(6.10873607664133,2.02398518330932,-5.34102182602375));
#1462=CARTESIAN_POINT('Ctrl Pts',(6.54658246285393,-2.09560898901549,-5.64980158791866));
#1463=CARTESIAN_POINT('Ctrl Pts',(2.88393471622663,-6.22976307793399,-6.06150793711188));
#1464=CARTESIAN_POINT('Ctrl Pts',(-2.6429866167286,-6.34995115219926,-6.47321428630511));
#1465=CARTESIAN_POINT('Ctrl Pts',(-6.45074159772971,-2.34352424428822,-6.88492063549832));
#1466=CARTESIAN_POINT('Ctrl Pts',(-6.10424544204269,3.16445313291136,-7.29662698469154));
#1467=CARTESIAN_POINT('Ctrl Pts',(-1.78422203843076,6.6364786074408,-7.70833333388476));
#1468=CARTESIAN_POINT('Ctrl Pts',(2.74951065245678,5.9370788212931,-8.05142195821244));
#1469=CARTESIAN_POINT('Ctrl Pts',(5.64601978978795,3.12029316987606,-8.37163800758495));
#1470=CARTESIAN_POINT('Ctrl Pts',(6.52515203006412,-0.346310562218419,-8.6461089070471));
#1471=CARTESIAN_POINT('Ctrl Pts',(5.08093104178276,-4.03295931486882,-8.95488866894201));
#1472=CARTESIAN_POINT('Ctrl Pts',(1.94027812814596,-6.23788200249251,-9.25223214335933));
#1473=CARTESIAN_POINT('Ctrl Pts',(-2.05290955403897,-6.20231559216912,-9.56101190525425));
#1474=CARTESIAN_POINT('Ctrl Pts',(-5.27686051344211,-3.85087707776923,-9.86979166714917));
#1475=CARTESIAN_POINT('Ctrl Pts',(-6.5321786638256,-0.0623798954245546,
-10.1785714290441));
#1476=CARTESIAN_POINT('Ctrl Pts',(-5.35053559311676,3.74872972726365,-10.487351190939));
#1477=CARTESIAN_POINT('Ctrl Pts',(-2.16837861091681,6.16274133807733,-10.7961309528339));
#1478=CARTESIAN_POINT('Ctrl Pts',(1.81529475168207,6.27233188742966,-11.1049107147288));
#1479=CARTESIAN_POINT('Ctrl Pts',(5.51033781793557,3.80446079199525,-11.4479993390565));
#1480=CARTESIAN_POINT('Ctrl Pts',(6.78440696571982,-1.09461477081736,-11.825396825817));
#1481=CARTESIAN_POINT('Ctrl Pts',(3.77881303011987,-5.73474020173482,-12.2371031750102));
#1482=CARTESIAN_POINT('Ctrl Pts',(-1.66344757509189,-6.66276301440083,-12.6488095242034));
#1483=CARTESIAN_POINT('Ctrl Pts',(-6.04025268150337,-3.28902364621675,-13.0605158733966));
#1484=CARTESIAN_POINT('Ctrl Pts',(-6.49407688638772,2.2288897329067,-13.4722222225898));
#1485=CARTESIAN_POINT('Ctrl Pts',(-3.38866208980586,5.60205148905481,-13.8153108469175));
#1486=CARTESIAN_POINT('Ctrl Pts',(0.85606768473434,6.48890272949462,-14.1583994712452));
#1487=CARTESIAN_POINT('Ctrl Pts',(4.62856072230133,4.83728659406953,-14.4671792331401));
#1488=CARTESIAN_POINT('Ctrl Pts',(6.48333052387,0.785689427142668,-14.8102678574678));
#1489=CARTESIAN_POINT('Ctrl Pts',(5.73610469432272,-3.12360218476114,-15.1190476193627));
#1490=CARTESIAN_POINT('Ctrl Pts',(2.84679998468052,-5.88114560461567,-15.4278273812576));
#1491=CARTESIAN_POINT('Ctrl Pts',(-1.10588287740103,-6.43954957338717,-15.7366071431526));
#1492=CARTESIAN_POINT('Ctrl Pts',(-4.64337704246156,-4.59377208565358,-16.0453869050475));
#1493=CARTESIAN_POINT('Ctrl Pts',(-6.44998458099492,-1.03511032158087,-16.3541666669424));
#1494=CARTESIAN_POINT('Ctrl Pts',(-5.84875268301428,2.91000206101922,-16.6629464288373));
#1495=CARTESIAN_POINT('Ctrl Pts',(-3.06462258103804,5.76928203319988,-16.9717261907322));
#1496=CARTESIAN_POINT('Ctrl Pts',(0.863376899387091,6.47557491804347,-17.2805059526271));
#1497=CARTESIAN_POINT('Ctrl Pts',(4.46908608789116,4.7645404326233,-17.589285714522));
#1498=CARTESIAN_POINT('Ctrl Pts',(6.40699744104511,1.27655142383212,-17.898065476417));
#1499=CARTESIAN_POINT('Ctrl Pts',(5.95338917488686,-2.69070227944756,-18.2068452383119));
#1500=CARTESIAN_POINT('Ctrl Pts',(3.27851653470305,-5.64764475994916,-18.5156250002068));
#1501=CARTESIAN_POINT('Ctrl Pts',(-1.05494274821619,-6.606557222209,-18.8587136245345));
#1502=CARTESIAN_POINT('Ctrl Pts',(-5.48275001734134,-4.15163827951432,-19.2361111112949));
#1503=CARTESIAN_POINT('Ctrl Pts',(-6.75381513659476,1.23256399545712,-19.6478174604881));
#1504=CARTESIAN_POINT('Ctrl Pts',(-3.92768470344605,5.42235630547246,-20.0252149472486));
#1505=CARTESIAN_POINT('Ctrl Pts',(0.380954981431131,6.52094792596144,-20.3683035715763));
#1506=CARTESIAN_POINT('Ctrl Pts',(4.09796653186128,5.08610194976016,-20.6770833334712));
#1507=CARTESIAN_POINT('Ctrl Pts',(6.2952739420039,1.7495550900143,-20.9858630953661));
#1508=CARTESIAN_POINT('Ctrl Pts',(6.14842356098744,-1.90298691020601,-21.2689112104364));
#1509=CARTESIAN_POINT('Ctrl Pts',(4.35450255767438,-4.62200104007064,-21.5262276786822));
#1510=CARTESIAN_POINT('Ctrl Pts',(1.81689323961322,-6.08555722973591,-21.7578125001034));
#1511=CARTESIAN_POINT('Ctrl Pts',(-1.10937397071609,-6.25316963762848,-21.9893973215246));
#1512=CARTESIAN_POINT('Ctrl Pts',(-3.79860646675918,-5.08946546072098,-22.2209821429458));
#1513=CARTESIAN_POINT('Ctrl Pts',(-5.6794029230123,-2.84206521321045,-22.4525669643669));
#1514=CARTESIAN_POINT('Ctrl Pts',(-6.35076490364036,0.0104475230784237,
-22.6841517857881));
#1515=CARTESIAN_POINT('Ctrl Pts',(-5.66998968983585,2.86074400732153,-22.9157366072093));
#1516=CARTESIAN_POINT('Ctrl Pts',(-3.78191761023225,5.10192315536148,-23.1473214286305));
#1517=CARTESIAN_POINT('Ctrl Pts',(-1.08861261724928,6.25679581546779,-23.3789062500517));
#1518=CARTESIAN_POINT('Ctrl Pts',(1.83649340063728,6.07946624344662,-23.6104910714729));
#1519=CARTESIAN_POINT('Ctrl Pts',(4.37055612595234,4.60768799798212,-23.8420758928941));
#1520=CARTESIAN_POINT('Ctrl Pts',(5.97406150272314,2.15485238695431,-24.0736607143153));
#1521=CARTESIAN_POINT('Ctrl Pts',(6.3055044401575,-0.756804095397435,-24.3052455357364));
#1522=CARTESIAN_POINT('Ctrl Pts',(5.29449669088201,-3.50723521459737,-24.5368303571576));
#1523=CARTESIAN_POINT('Ctrl Pts',(3.15589741339177,-5.51093762249026,-24.7684151785788));
#1524=CARTESIAN_POINT('Ctrl Pts',(1.28261747674916,-6.06417925145633,-24.9228050595263));
#1525=CARTESIAN_POINT('Ctrl Pts',(0.333367580643988,-6.11592111265145,-25.));
#1526=CARTESIAN_POINT('Ctrl Pts',(5.99341872851252,2.31507169321373,0.624999999448264));
#1527=CARTESIAN_POINT('Ctrl Pts',(6.35274016575494,1.38483534768819,0.547805058974535));
#1528=CARTESIAN_POINT('Ctrl Pts',(6.63033046486688,-0.645211354435529,0.393415178027078));
#1529=CARTESIAN_POINT('Ctrl Pts',(5.63482708404773,-3.55370280205691,0.161830356605891));
#1530=CARTESIAN_POINT('Ctrl Pts',(3.43946302153553,-5.70525135375817,-0.0697544648152946));
#1531=CARTESIAN_POINT('Ctrl Pts',(0.511736140297807,-6.6421873204465,-0.301339286236481));
#1532=CARTESIAN_POINT('Ctrl Pts',(-2.52496841655309,-6.16480215341534,-0.532924107657667));
#1533=CARTESIAN_POINT('Ctrl Pts',(-5.024058571962,-4.37483285631296,-0.764508929078854));
#1534=CARTESIAN_POINT('Ctrl Pts',(-6.45342514994162,-1.65335398598468,-0.996093750500039));
#1535=CARTESIAN_POINT('Ctrl Pts',(-6.50871781605875,1.42014607140913,-1.22767857192123));
#1536=CARTESIAN_POINT('Ctrl Pts',(-5.17817480528955,4.19128336481291,-1.45926339334241));
#1537=CARTESIAN_POINT('Ctrl Pts',(-2.74507041111662,6.06997425385299,-1.6908482147636));
#1538=CARTESIAN_POINT('Ctrl Pts',(0.272478730885334,6.65630819437866,-1.92243303618478));
#1539=CARTESIAN_POINT('Ctrl Pts',(3.23210004857336,5.82521702267998,-2.15401785760597));
#1540=CARTESIAN_POINT('Ctrl Pts',(5.50334790901534,3.75415170430206,-2.38560267902716));
#1541=CARTESIAN_POINT('Ctrl Pts',(6.60325028200229,0.882987445326436,-2.61718750044834));
#1542=CARTESIAN_POINT('Ctrl Pts',(6.29624650074038,-2.17452604307808,-2.84877232186953));
#1543=CARTESIAN_POINT('Ctrl Pts',(4.46795320634566,-5.06149860976448,-3.10608879011529));
#1544=CARTESIAN_POINT('Ctrl Pts',(1.03761355355249,-6.77497785949959,-3.38913690518563));
#1545=CARTESIAN_POINT('Ctrl Pts',(-3.10145421321945,-6.11111634848731,-3.69791666708054));
#1546=CARTESIAN_POINT('Ctrl Pts',(-6.07076765417286,-3.17131178420414,-4.00669642897546));
#1547=CARTESIAN_POINT('Ctrl Pts',(-6.88040922642712,1.42006534143341,-4.34978505330314));
#1548=CARTESIAN_POINT('Ctrl Pts',(-4.0835986766187,5.93090993108839,-4.7271825400636));
#1549=CARTESIAN_POINT('Ctrl Pts',(0.65322073789596,6.84308356380269,-5.07027116439128));
#1550=CARTESIAN_POINT('Ctrl Pts',(3.53084897766768,5.49587612517809,-5.31043320142066));
#1551=CARTESIAN_POINT('Ctrl Pts',(4.84265882748866,4.29281472309533,-5.44766865115173));
#1552=CARTESIAN_POINT('Ctrl Pts',(6.40793947631386,2.12311915147151,-5.65352182574834));
#1553=CARTESIAN_POINT('Ctrl Pts',(6.86723139981036,-2.19825106194697,-5.96230158764326));
#1554=CARTESIAN_POINT('Ctrl Pts',(3.02518866151134,-6.53489433073107,-6.37400793683648));
#1555=CARTESIAN_POINT('Ctrl Pts',(-2.77243902244605,-6.6609691678175,-6.78571428602969));
#1556=CARTESIAN_POINT('Ctrl Pts',(-6.76669628823108,-2.45830910523307,-7.19742063522292));
#1557=CARTESIAN_POINT('Ctrl Pts',(-6.40322889226549,3.31944675574799,-7.60912698441613));
#1558=CARTESIAN_POINT('Ctrl Pts',(-1.8716125056193,6.9615306208668,-8.02083333360936));
#1559=CARTESIAN_POINT('Ctrl Pts',(2.884180561965,6.22787451866285,-8.36392195793704));
#1560=CARTESIAN_POINT('Ctrl Pts',(5.92255953459416,3.2731238557477,-8.68413800730954));
#1561=CARTESIAN_POINT('Ctrl Pts',(6.84475131316962,-0.363272712204641,-8.95860890677169));
#1562=CARTESIAN_POINT('Ctrl Pts',(5.32979297036012,-4.23049201600545,-9.2673886686666));
#1563=CARTESIAN_POINT('Ctrl Pts',(2.03531215891238,-6.54341091690062,-9.56473214308393));
#1564=CARTESIAN_POINT('Ctrl Pts',(-2.15346022607363,-6.50610247831648,-9.87351190497884));
#1565=CARTESIAN_POINT('Ctrl Pts',(-5.53531898757014,-4.039491465252,-10.1822916668738));
#1566=CARTESIAN_POINT('Ctrl Pts',(-6.85212210858472,-0.0654352372412699,
-10.4910714287687));
#1567=CARTESIAN_POINT('Ctrl Pts',(-5.6126026425758,3.93234097921145,-10.7998511906636));
#1568=CARTESIAN_POINT('Ctrl Pts',(-2.27458491022713,6.46458989341203,-11.1086309525585));
#1569=CARTESIAN_POINT('Ctrl Pts',(1.90420714768292,6.5795481431408,-11.4174107144534));
#1570=CARTESIAN_POINT('Ctrl Pts',(5.78023191514085,3.99080172874623,-11.7604993387811));
#1571=CARTESIAN_POINT('Ctrl Pts',(7.11670444975541,-1.14822855551051,-12.1378968255416));
#1572=CARTESIAN_POINT('Ctrl Pts',(3.96389774996266,-6.01562543610579,-12.5496031747348));
#1573=CARTESIAN_POINT('Ctrl Pts',(-1.74492255836178,-6.98910242735141,-12.961309523928));
#1574=CARTESIAN_POINT('Ctrl Pts',(-6.33610179243445,-3.45011868194998,-13.3730158731212));
#1575=CARTESIAN_POINT('Ctrl Pts',(-6.81215412163969,2.33805984227367,-13.7847222223144));
#1576=CARTESIAN_POINT('Ctrl Pts',(-3.55463737583733,5.87643768443736,-14.1278108466421));
#1577=CARTESIAN_POINT('Ctrl Pts',(0.897997530517289,6.80672653665385,-14.4708994709698));
#1578=CARTESIAN_POINT('Ctrl Pts',(4.85526573727142,5.0742149170446,-14.7796792328647));
#1579=CARTESIAN_POINT('Ctrl Pts',(6.80088140667211,0.824172174594588,-15.1227678571924));
#1580=CARTESIAN_POINT('Ctrl Pts',(6.01705676098371,-3.27659494483123,-15.4315476190873));
#1581=CARTESIAN_POINT('Ctrl Pts',(2.98623508597114,-6.16920171586243,-15.7403273809822));
#1582=CARTESIAN_POINT('Ctrl Pts',(-1.16004856935542,-6.75495608310441,-16.0491071428771));
#1583=CARTESIAN_POINT('Ctrl Pts',(-4.87080775474562,-4.8187731674001,-16.3578869047721));
#1584=CARTESIAN_POINT('Ctrl Pts',(-6.7659021931256,-1.08580960263795,-16.666666666667));
#1585=CARTESIAN_POINT('Ctrl Pts',(-6.13522220218261,3.05253277421214,-16.9754464285619));
#1586=CARTESIAN_POINT('Ctrl Pts',(-3.21472654419107,6.05185911237729,-17.2842261904568));
#1587=CARTESIAN_POINT('Ctrl Pts',(0.905664747520377,6.79274593443775,-17.5930059523517));
#1588=CARTESIAN_POINT('Ctrl Pts',(4.68798010035952,4.99790567830304,-17.9017857142466));
#1589=CARTESIAN_POINT('Ctrl Pts',(6.72080956060682,1.33907639153009,-18.2105654761416));
#1590=CARTESIAN_POINT('Ctrl Pts',(6.24498374671835,-2.8224917788492,-18.5193452380365));
#1591=CARTESIAN_POINT('Ctrl Pts',(3.43909693640295,-5.92426409513062,-18.8281249999314));
#1592=CARTESIAN_POINT('Ctrl Pts',(-1.10661341343499,-6.93014369839915,-19.1712136242591));
#1593=CARTESIAN_POINT('Ctrl Pts',(-5.75129287533384,-4.3549838278989,-19.5486111110195));
#1594=CARTESIAN_POINT('Ctrl Pts',(-7.08461424532627,1.29293447686732,-19.9603174602127));
#1595=CARTESIAN_POINT('Ctrl Pts',(-4.12006109708443,5.68794110410811,-20.3377149469732));
#1596=CARTESIAN_POINT('Ctrl Pts',(0.39961400092982,6.84034129376395,-20.6808035713009));
#1597=CARTESIAN_POINT('Ctrl Pts',(4.29868325995265,5.33521714729968,-20.9895833331958));
#1598=CARTESIAN_POINT('Ctrl Pts',(6.603613890184,1.83524758421917,-21.2983630950907));
#1599=CARTESIAN_POINT('Ctrl Pts',(6.44957083744427,-1.99619443233864,-21.581411210161));
#1600=CARTESIAN_POINT('Ctrl Pts',(4.5677843156015,-4.84838476448249,-21.8387276784068));
#1601=CARTESIAN_POINT('Ctrl Pts',(1.90588392890049,-6.38362533894777,-22.070312499828));
#1602=CARTESIAN_POINT('Ctrl Pts',(-1.16371065499612,-6.5594473341657,-22.3018973212492));
#1603=CARTESIAN_POINT('Ctrl Pts',(-3.98466066104961,-5.33874540165449,-22.5334821426704));
#1604=CARTESIAN_POINT('Ctrl Pts',(-5.95757776005808,-2.98126840732702,-22.7650669640915));
#1605=CARTESIAN_POINT('Ctrl Pts',(-6.66182277647204,0.0109592384945063,
-22.9966517855127));
#1606=CARTESIAN_POINT('Ctrl Pts',(-5.94770347056278,3.00086208114966,-23.2282366069339));
#1607=CARTESIAN_POINT('Ctrl Pts',(-3.96715439114177,5.35181326909372,-23.4598214283551));
#1608=CARTESIAN_POINT('Ctrl Pts',(-1.14193241891052,6.5632511207155,-23.6914062497763));
#1609=CARTESIAN_POINT('Ctrl Pts',(1.92644409781145,6.37723601863614,-23.9229910711975));
#1610=CARTESIAN_POINT('Ctrl Pts',(4.58462418110124,4.83337067543453,-24.1545758926187));
#1611=CARTESIAN_POINT('Ctrl Pts',(6.26666859673436,2.26039617733586,-24.3861607140398));
#1612=CARTESIAN_POINT('Ctrl Pts',(6.61434547396144,-0.79387205109041,-24.617745535461));
#1613=CARTESIAN_POINT('Ctrl Pts',(5.55381897778261,-3.67901816388395,-24.8493303568822));
#1614=CARTESIAN_POINT('Ctrl Pts',(3.31047198057846,-5.78086109787781,-25.0809151783034));
#1615=CARTESIAN_POINT('Ctrl Pts',(1.34543955724306,-6.36120027601775,-25.2353050592509));
#1616=CARTESIAN_POINT('Ctrl Pts',(0.349695788675547,-6.41547643245509,-25.3124999997246));
#1617=CARTESIAN_POINT('Ctrl Pts',(6.27326707381298,2.42316842597089,0.312499999723671));
#1618=CARTESIAN_POINT('Ctrl Pts',(6.64936616571265,1.44949692034295,0.235305059249942));
#1619=CARTESIAN_POINT('Ctrl Pts',(6.93991787956913,-0.675337954642661,0.0809151783024847));
#1620=CARTESIAN_POINT('Ctrl Pts',(5.8979318506183,-3.71963445040214,-0.150669643118701));
#1621=CARTESIAN_POINT('Ctrl Pts',(3.60006051670466,-5.97164441307787,-0.382254464539888));
#1622=CARTESIAN_POINT('Ctrl Pts',(0.535630434786445,-6.95232836264663,-0.613839285961074));
#1623=CARTESIAN_POINT('Ctrl Pts',(-2.64286577452455,-6.45265283762178,-0.84542410738226));
#1624=CARTESIAN_POINT('Ctrl Pts',(-5.25864496442737,-4.57910520758068,-1.07700892880345));
#1625=CARTESIAN_POINT('Ctrl Pts',(-6.75475239429716,-1.73055339389066,-1.30859375022463));
#1626=CARTESIAN_POINT('Ctrl Pts',(-6.81262681914349,1.48645639380962,-1.54017857164582));
#1627=CARTESIAN_POINT('Ctrl Pts',(-5.41995728647062,4.38698531180825,-1.771763393067));
#1628=CARTESIAN_POINT('Ctrl Pts',(-2.87324490502102,6.35339717621216,-2.00334821448819));
#1629=CARTESIAN_POINT('Ctrl Pts',(0.285201473183491,6.96710857699586,-2.23493303590938));
#1630=CARTESIAN_POINT('Ctrl Pts',(3.3830152259388,6.09721159183261,-2.46651785733056));
#1631=CARTESIAN_POINT('Ctrl Pts',(5.76031357013692,3.92944283446419,-2.69810267875175));
#1632=CARTESIAN_POINT('Ctrl Pts',(6.91157325236845,0.924216431100473,-2.92968750017294));
#1633=CARTESIAN_POINT('Ctrl Pts',(6.59023466419936,-2.27606033302734,-3.16127232159412));
#1634=CARTESIAN_POINT('Ctrl Pts',(4.67657358952153,-5.29783317520118,-3.41858878983988));
#1635=CARTESIAN_POINT('Ctrl Pts',(1.08606243543048,-7.09131923815356,-3.70163690491022));
#1636=CARTESIAN_POINT('Ctrl Pts',(-3.246269195938,-6.39646030250255,-4.01041666680514));
#1637=CARTESIAN_POINT('Ctrl Pts',(-6.35422762246136,-3.31938859903094,-4.31919642870005));
#1638=CARTESIAN_POINT('Ctrl Pts',(-7.20167347046293,1.48637189434087,-4.66228505302774));
#1639=CARTESIAN_POINT('Ctrl Pts',(-4.27427254478785,6.20783957767644,-5.03968253978819));
#1640=CARTESIAN_POINT('Ctrl Pts',(0.683721317097358,7.16260497534241,-5.38277116411587));
#1641=CARTESIAN_POINT('Ctrl Pts',(3.69571352137217,5.75249290923334,-5.62293320114525));
#1642=CARTESIAN_POINT('Ctrl Pts',(5.06877519297473,4.49325743390153,-5.76016865087633));
#1643=CARTESIAN_POINT('Ctrl Pts',(6.70714287598639,2.22225311963369,-5.96602182547294));
#1644=CARTESIAN_POINT('Ctrl Pts',(7.18788033676679,-2.30089313487844,-6.27480158736785));
#1645=CARTESIAN_POINT('Ctrl Pts',(3.16644260679605,-6.84002558352813,-6.68650793656107));
#1646=CARTESIAN_POINT('Ctrl Pts',(-2.9018914281635,-6.97198718343573,-7.09821428575429));
#1647=CARTESIAN_POINT('Ctrl Pts',(-7.08265097873244,-2.57309396617791,-7.50992063494751));
#1648=CARTESIAN_POINT('Ctrl Pts',(-6.70221234248828,3.47444037858461,-7.92162698414073));
#1649=CARTESIAN_POINT('Ctrl Pts',(-1.95900297280783,7.28658263429279,-8.33333333333395));
#1650=CARTESIAN_POINT('Ctrl Pts',(3.01885047147322,6.5186702160326,-8.67642195766163));
#1651=CARTESIAN_POINT('Ctrl Pts',(6.19909927940038,3.42595454161933,-8.99663800703413));
#1652=CARTESIAN_POINT('Ctrl Pts',(7.16435059627512,-0.380234862190872,-9.27110890649628));
#1653=CARTESIAN_POINT('Ctrl Pts',(5.57865489893748,-4.42802471714207,-9.5798886683912));
#1654=CARTESIAN_POINT('Ctrl Pts',(2.13034618967881,-6.84893983130872,-9.87723214280852));
#1655=CARTESIAN_POINT('Ctrl Pts',(-2.25401089810829,-6.80988936446385,-10.1860119047034));
#1656=CARTESIAN_POINT('Ctrl Pts',(-5.79377746169818,-4.22810585273475,-10.4947916665983));
#1657=CARTESIAN_POINT('Ctrl Pts',(-7.17206555334384,-0.0684905790579876,
-10.8035714284933));
#1658=CARTESIAN_POINT('Ctrl Pts',(-5.87466969203484,4.11595223115923,-11.1123511903882));
#1659=CARTESIAN_POINT('Ctrl Pts',(-2.38079120953745,6.76643844874673,-11.4211309522831));
#1660=CARTESIAN_POINT('Ctrl Pts',(1.99311954368376,6.88676439885195,-11.729910714178));
#1661=CARTESIAN_POINT('Ctrl Pts',(6.05012601234613,4.17714266549721,-12.0729993385057));
#1662=CARTESIAN_POINT('Ctrl Pts',(7.449001933791,-1.20184234020366,-12.4503968252661));
#1663=CARTESIAN_POINT('Ctrl Pts',(4.14898246980545,-6.29651067047676,-12.8621031744594));
#1664=CARTESIAN_POINT('Ctrl Pts',(-1.82639754163166,-7.31544184030197,-13.2738095236526));
#1665=CARTESIAN_POINT('Ctrl Pts',(-6.63195090336552,-3.6112137176832,-13.6855158728458));
#1666=CARTESIAN_POINT('Ctrl Pts',(-7.13023135689164,2.44722995164063,-14.097222222039));
#1667=CARTESIAN_POINT('Ctrl Pts',(-3.7206126618688,6.15082387981991,-14.4403108463667));
#1668=CARTESIAN_POINT('Ctrl Pts',(0.939927376300234,7.12455034381309,-14.7833994706944));
#1669=CARTESIAN_POINT('Ctrl Pts',(5.08197075224151,5.31114324001967,-15.0921792325893));
#1670=CARTESIAN_POINT('Ctrl Pts',(7.11843228947422,0.862654922046519,-15.435267856917));
#1671=CARTESIAN_POINT('Ctrl Pts',(6.29800882764469,-3.42958770490131,-15.7440476188119));
#1672=CARTESIAN_POINT('Ctrl Pts',(3.12567018726175,-6.45725782710921,-16.0528273807068));
#1673=CARTESIAN_POINT('Ctrl Pts',(-1.21421426130981,-7.07036259282164,-16.3616071426017));
#1674=CARTESIAN_POINT('Ctrl Pts',(-5.09823846702967,-5.04377424914662,-16.6703869044967));
#1675=CARTESIAN_POINT('Ctrl Pts',(-7.08181980525628,-1.13650888369502,-16.9791666663916));
#1676=CARTESIAN_POINT('Ctrl Pts',(-6.42169172135094,3.19506348740506,-17.2879464282865));
#1677=CARTESIAN_POINT('Ctrl Pts',(-3.36483050734411,6.33443619155471,-17.5967261901814));
#1678=CARTESIAN_POINT('Ctrl Pts',(0.947952595653668,7.10991695083204,-17.9055059520763));
#1679=CARTESIAN_POINT('Ctrl Pts',(4.90687411282788,5.23127092398278,-18.2142857139712));
#1680=CARTESIAN_POINT('Ctrl Pts',(7.03462168016853,1.40160135922805,-18.5230654758661));
#1681=CARTESIAN_POINT('Ctrl Pts',(6.53657831854983,-2.95428127825085,-18.8318452377611));
#1682=CARTESIAN_POINT('Ctrl Pts',(3.59967733810285,-6.20088343031208,-19.140624999656));
#1683=CARTESIAN_POINT('Ctrl Pts',(-1.15828407865379,-7.2537301745893,-19.4837136239836));
#1684=CARTESIAN_POINT('Ctrl Pts',(-6.01983573332634,-4.55832937628347,-19.8611111107441));
#1685=CARTESIAN_POINT('Ctrl Pts',(-7.41541335405777,1.35330495827753,-20.2728174599373));
#1686=CARTESIAN_POINT('Ctrl Pts',(-4.31243749072279,5.95352590274376,-20.6502149466978));
#1687=CARTESIAN_POINT('Ctrl Pts',(0.418273020428504,7.15973466156647,-20.9933035710255));
#1688=CARTESIAN_POINT('Ctrl Pts',(4.49939998804401,5.5843323448392,-21.3020833329204));
#1689=CARTESIAN_POINT('Ctrl Pts',(6.91195383836409,1.92094007842404,-21.6108630948153));
#1690=CARTESIAN_POINT('Ctrl Pts',(6.7507181139011,-2.08940195447127,-21.8939112098856));
#1691=CARTESIAN_POINT('Ctrl Pts',(4.78106607352862,-5.07476848889434,-22.1512276781314));
#1692=CARTESIAN_POINT('Ctrl Pts',(1.99487461818775,-6.68169344815962,-22.3828124995526));
#1693=CARTESIAN_POINT('Ctrl Pts',(-1.21804733927614,-6.8657250307029,-22.6143973209738));
#1694=CARTESIAN_POINT('Ctrl Pts',(-4.17071485534004,-5.58802534258802,-22.8459821423949));
#1695=CARTESIAN_POINT('Ctrl Pts',(-6.23575259710385,-3.12047160144359,-23.0775669638161));
#1696=CARTESIAN_POINT('Ctrl Pts',(-6.97288064930371,0.0114709539106011,
-23.3091517852373));
#1697=CARTESIAN_POINT('Ctrl Pts',(-6.22541725128971,3.14098015497779,-23.5407366066585));
#1698=CARTESIAN_POINT('Ctrl Pts',(-4.15239117205129,5.60170338282596,-23.7723214280797));
#1699=CARTESIAN_POINT('Ctrl Pts',(-1.19525222057177,6.86970642596321,-24.0039062495009));
#1700=CARTESIAN_POINT('Ctrl Pts',(2.0163947949856,6.67500579382566,-24.2354910709221));
#1701=CARTESIAN_POINT('Ctrl Pts',(4.79869223625014,5.05905335288695,-24.4670758923433));
#1702=CARTESIAN_POINT('Ctrl Pts',(6.55927569074558,2.36593996771739,-24.6986607137644));
#1703=CARTESIAN_POINT('Ctrl Pts',(6.92318650776539,-0.830940006783378,-24.9302455351856));
#1704=CARTESIAN_POINT('Ctrl Pts',(5.81314126468321,-3.85080111317052,-25.1618303566068));
#1705=CARTESIAN_POINT('Ctrl Pts',(3.46504654776515,-6.05078457326536,-25.393415178028));
#1706=CARTESIAN_POINT('Ctrl Pts',(1.40826163773695,-6.65822130057918,-25.5478050589755));
#1707=CARTESIAN_POINT('Ctrl Pts',(0.366023996707106,-6.71503175225872,-25.6249999994492));
#1708=CARTESIAN_POINT('Ctrl Pts',(6.55311541911344,2.53126515872805,-9.21762666195036E-13));
#1709=CARTESIAN_POINT('Ctrl Pts',(6.94599216567036,1.51415849299772,-0.0771949404746505));
#1710=CARTESIAN_POINT('Ctrl Pts',(7.24950529427138,-0.705464554849798,-0.231584821422108));
#1711=CARTESIAN_POINT('Ctrl Pts',(6.16103661718888,-3.88556609874736,-0.463169642843294));
#1712=CARTESIAN_POINT('Ctrl Pts',(3.76065801187379,-6.23803747239757,-0.69475446426448));
#1713=CARTESIAN_POINT('Ctrl Pts',(0.55952472927508,-7.26246940484676,-0.926339285685667));
#1714=CARTESIAN_POINT('Ctrl Pts',(-2.76076313249602,-6.74050352182821,-1.15792410710685));
#1715=CARTESIAN_POINT('Ctrl Pts',(-5.49323135689275,-4.78337755884841,-1.38950892852804));
#1716=CARTESIAN_POINT('Ctrl Pts',(-7.0560796386527,-1.80775280179663,-1.62109374994923));
#1717=CARTESIAN_POINT('Ctrl Pts',(-7.11653582222824,1.55276671621011,-1.85267857137041));
#1718=CARTESIAN_POINT('Ctrl Pts',(-5.66173976765168,4.58268725880359,-2.0842633927916));
#1719=CARTESIAN_POINT('Ctrl Pts',(-3.00141939892542,6.63682009857133,-2.31584821421278));
#1720=CARTESIAN_POINT('Ctrl Pts',(0.297924215481652,7.27790895961305,-2.54743303563397));
#1721=CARTESIAN_POINT('Ctrl Pts',(3.53393040330424,6.36920616098524,-2.77901785705516));
#1722=CARTESIAN_POINT('Ctrl Pts',(6.01727923125851,4.10473396462632,-3.01060267847634));
#1723=CARTESIAN_POINT('Ctrl Pts',(7.21989622273461,0.965445416874509,-3.24218749989753));
#1724=CARTESIAN_POINT('Ctrl Pts',(6.88422282765834,-2.37759462297661,-3.47377232131871));
#1725=CARTESIAN_POINT('Ctrl Pts',(4.8851939726974,-5.53416774063788,-3.73108878956448));
#1726=CARTESIAN_POINT('Ctrl Pts',(1.13451131730846,-7.40766061680754,-4.01413690463482));
#1727=CARTESIAN_POINT('Ctrl Pts',(-3.39108417865656,-6.68180425651779,-4.32291666652973));
#1728=CARTESIAN_POINT('Ctrl Pts',(-6.63768759074986,-3.46746541385773,-4.63169642842464));
#1729=CARTESIAN_POINT('Ctrl Pts',(-7.52293771449874,1.55267844724833,-4.97478505275233));
#1730=CARTESIAN_POINT('Ctrl Pts',(-4.464946412957,6.48476922426449,-5.35218253951278));
#1731=CARTESIAN_POINT('Ctrl Pts',(0.714221896298755,7.48212638688215,-5.69527116384047));
#1732=CARTESIAN_POINT('Ctrl Pts',(3.86057806507665,6.00910969328859,-5.93543320086985));
#1733=CARTESIAN_POINT('Ctrl Pts',(5.2948915584608,4.69370014470773,-6.07266865060092));
#1734=CARTESIAN_POINT('Ctrl Pts',(7.00634627565892,2.32138708779588,-6.27852182519753));
#1735=CARTESIAN_POINT('Ctrl Pts',(7.50852927372322,-2.40353520780991,-6.58730158709244));
#1736=CARTESIAN_POINT('Ctrl Pts',(3.30769655208076,-7.1451568363252,-6.99900793628567));
#1737=CARTESIAN_POINT('Ctrl Pts',(-3.03134383388095,-7.28300519905397,-7.41071428547888));
#1738=CARTESIAN_POINT('Ctrl Pts',(-7.3986056692338,-2.68787882712275,-7.8224206346721));
#1739=CARTESIAN_POINT('Ctrl Pts',(-7.00119579271108,3.62943400142124,-8.23412698386532));
#1740=CARTESIAN_POINT('Ctrl Pts',(-2.04639343999636,7.61163464771879,-8.64583333305854));
#1741=CARTESIAN_POINT('Ctrl Pts',(3.15352038098144,6.80946591340235,-8.98892195738622));
#1742=CARTESIAN_POINT('Ctrl Pts',(6.4756390242066,3.57878522749097,-9.30913800675873));
#1743=CARTESIAN_POINT('Ctrl Pts',(7.48394987938062,-0.397197012177094,-9.58360890622087));
#1744=CARTESIAN_POINT('Ctrl Pts',(5.82751682751485,-4.62555741827871,-9.89238866811579));
#1745=CARTESIAN_POINT('Ctrl Pts',(2.22538022044524,-7.15446874571682,-10.1897321425331));
#1746=CARTESIAN_POINT('Ctrl Pts',(-2.35456157014296,-7.11367625061121,-10.498511904428));
#1747=CARTESIAN_POINT('Ctrl Pts',(-6.05223593582621,-4.41672024021752,-10.8072916663229));
#1748=CARTESIAN_POINT('Ctrl Pts',(-7.49200899810297,-0.0715459208747026,
-11.1160714282179));
#1749=CARTESIAN_POINT('Ctrl Pts',(-6.13673674149388,4.29956348310703,-11.4248511901128));
#1750=CARTESIAN_POINT('Ctrl Pts',(-2.48699750884777,7.06828700408144,-11.7336309520077));
#1751=CARTESIAN_POINT('Ctrl Pts',(2.08203193968461,7.1939806545631,-12.0424107139026));
#1752=CARTESIAN_POINT('Ctrl Pts',(6.3200201095514,4.36348360224818,-12.3854993382303));
#1753=CARTESIAN_POINT('Ctrl Pts',(7.78129941782659,-1.25545612489681,-12.7628968249907));
#1754=CARTESIAN_POINT('Ctrl Pts',(4.33406718964824,-6.57739590484772,-13.174603174184));
#1755=CARTESIAN_POINT('Ctrl Pts',(-1.90787252490155,-7.64178125325255,-13.5863095233772));
#1756=CARTESIAN_POINT('Ctrl Pts',(-6.9278000142966,-3.77230875341643,-13.9980158725704));
#1757=CARTESIAN_POINT('Ctrl Pts',(-7.44830859214361,2.5564000610076,-14.4097222217636));
#1758=CARTESIAN_POINT('Ctrl Pts',(-3.88658794790028,6.42521007520246,-14.7528108460913));
#1759=CARTESIAN_POINT('Ctrl Pts',(0.981857222083185,7.44237415097233,-15.095899470419));
#1760=CARTESIAN_POINT('Ctrl Pts',(5.3086757672116,5.54807156299474,-15.4046792323139));
#1761=CARTESIAN_POINT('Ctrl Pts',(7.43598317227634,0.90113766949844,-15.7477678566416));
#1762=CARTESIAN_POINT('Ctrl Pts',(6.57896089430568,-3.5825804649714,-16.0565476185365));
#1763=CARTESIAN_POINT('Ctrl Pts',(3.26510528855237,-6.74531393835597,-16.3653273804314));
#1764=CARTESIAN_POINT('Ctrl Pts',(-1.2683799532642,-7.38576910253888,-16.6741071423263));
#1765=CARTESIAN_POINT('Ctrl Pts',(-5.32566917931373,-5.26877533089315,-16.9828869042212));
#1766=CARTESIAN_POINT('Ctrl Pts',(-7.39773741738697,-1.18720816475209,-17.2916666661162));
#1767=CARTESIAN_POINT('Ctrl Pts',(-6.70816124051927,3.33759420059798,-17.6004464280111));
#1768=CARTESIAN_POINT('Ctrl Pts',(-3.51493447049714,6.61701327073213,-17.909226189906));
#1769=CARTESIAN_POINT('Ctrl Pts',(0.990240443786954,7.42708796722632,-18.2180059518009));
#1770=CARTESIAN_POINT('Ctrl Pts',(5.12576812529623,5.46463616966252,-18.5267857136958));
#1771=CARTESIAN_POINT('Ctrl Pts',(7.34843379973024,1.46412632692601,-18.8355654755907));
#1772=CARTESIAN_POINT('Ctrl Pts',(6.82817289038131,-3.08607077765249,-19.1443452374856));
#1773=CARTESIAN_POINT('Ctrl Pts',(3.76025773980276,-6.47750276549354,-19.4531249993806));
#1774=CARTESIAN_POINT('Ctrl Pts',(-1.2099547438726,-7.57731665077945,-19.7962136237083));
#1775=CARTESIAN_POINT('Ctrl Pts',(-6.28837859131883,-4.76167492466805,-20.1736111104687));
#1776=CARTESIAN_POINT('Ctrl Pts',(-7.74621246278928,1.41367543968773,-20.5853174596619));
#1777=CARTESIAN_POINT('Ctrl Pts',(-4.50481388436115,6.21911070137941,-20.9627149464224));
#1778=CARTESIAN_POINT('Ctrl Pts',(0.43693203992719,7.47912802936898,-21.3058035707501));
#1779=CARTESIAN_POINT('Ctrl Pts',(4.70011671613538,5.83344754237872,-21.614583332645));
#1780=CARTESIAN_POINT('Ctrl Pts',(7.22029378654418,2.00663257262891,-21.9233630945399));
#1781=CARTESIAN_POINT('Ctrl Pts',(7.05186539035793,-2.1826094766039,-22.2064112096102));
#1782=CARTESIAN_POINT('Ctrl Pts',(4.99434783145574,-5.30115221330619,-22.463727677856));
#1783=CARTESIAN_POINT('Ctrl Pts',(2.08386530747502,-6.97976155737147,-22.6953124992772));
#1784=CARTESIAN_POINT('Ctrl Pts',(-1.27238402355617,-7.17200272724012,-22.9268973206983));
#1785=CARTESIAN_POINT('Ctrl Pts',(-4.35676904963047,-5.83730528352154,-23.1584821421195));
#1786=CARTESIAN_POINT('Ctrl Pts',(-6.51392743414964,-3.25967479556016,-23.3900669635407));
#1787=CARTESIAN_POINT('Ctrl Pts',(-7.28393852213539,0.0119826693266835,
-23.6216517849619));
#1788=CARTESIAN_POINT('Ctrl Pts',(-6.50313103201664,3.28109822880593,-23.8532366063831));
#1789=CARTESIAN_POINT('Ctrl Pts',(-4.33762795296081,5.8515934965582,-24.0848214278043));
#1790=CARTESIAN_POINT('Ctrl Pts',(-1.24857202223301,7.17616173121092,-24.3164062492255));
#1791=CARTESIAN_POINT('Ctrl Pts',(2.10634549215976,6.97277556901519,-24.5479910706467));
#1792=CARTESIAN_POINT('Ctrl Pts',(5.01276029139904,5.28473603033936,-24.7795758920678));
#1793=CARTESIAN_POINT('Ctrl Pts',(6.85188278475681,2.47148375809894,-25.011160713489));
#1794=CARTESIAN_POINT('Ctrl Pts',(7.23202754156933,-0.868007962476353,-25.2427455349102));
#1795=CARTESIAN_POINT('Ctrl Pts',(6.07246355158381,-4.02258406245709,-25.4743303563314));
#1796=CARTESIAN_POINT('Ctrl Pts',(3.61962111495184,-6.3207080486529,-25.7059151777526));
#1797=CARTESIAN_POINT('Ctrl Pts',(1.47108371823085,-6.9552423251406,-25.8603050587001));
#1798=CARTESIAN_POINT('Ctrl Pts',(0.382352204738664,-7.01458707206236,-25.9374999991738));
#1799=CARTESIAN_POINT('Ctrl Pts',(-3.51260116772732,-6.08374600612,-23.0999999967588));
#1800=CARTESIAN_POINT('Ctrl Pts',(-3.75116029358418,-5.94626606092148,-23.119494045212));
#1801=CARTESIAN_POINT('Ctrl Pts',(-3.98162333509168,-5.79481322385745,-23.1389880936653));
#1802=CARTESIAN_POINT('Ctrl Pts',(-4.2022312760374,-5.630149776147,-23.1584821421186));
#1803=CARTESIAN_POINT('Ctrl Pts',(-5.07582184446952,-4.97809512086709,-23.2356770825923));
#1804=CARTESIAN_POINT('Ctrl Pts',(-5.79487463930915,-4.11888495821341,-23.312872023066));
#1805=CARTESIAN_POINT('Ctrl Pts',(-6.28273621805991,-3.14400363273884,-23.3900669635398));
#1806=CARTESIAN_POINT('Ctrl Pts',(-6.77059779681066,-2.16912230726426,-23.4672619040135));
#1807=CARTESIAN_POINT('Ctrl Pts',(-7.02726815947255,-1.07856981896879,-23.5444568444872));
#1808=CARTESIAN_POINT('Ctrl Pts',(-7.02546875911705,0.0115590184254154,
-23.6216517849609));
#1809=CARTESIAN_POINT('Ctrl Pts',(-7.02366935876155,1.10168785581962,-23.6988467254347));
#1810=CARTESIAN_POINT('Ctrl Pts',(-6.76340019538867,2.19139304231256,-23.7760416659084));
#1811=CARTESIAN_POINT('Ctrl Pts',(-6.27234843385964,3.16466151351768,-23.8532366063821));
#1812=CARTESIAN_POINT('Ctrl Pts',(-5.7812966723306,4.13792998472281,-23.9304315468559));
#1813=CARTESIAN_POINT('Ctrl Pts',(-5.05946231264542,4.99476174064012,-24.0076264873296));
#1814=CARTESIAN_POINT('Ctrl Pts',(-4.1837024776816,5.64393899104087,-24.0848214278033));
#1815=CARTESIAN_POINT('Ctrl Pts',(-3.30794264271777,6.29311624144161,-24.162016368277));
#1816=CARTESIAN_POINT('Ctrl Pts',(-2.27825733247531,6.73463898632579,-24.2392113087508));
#1817=CARTESIAN_POINT('Ctrl Pts',(-1.20426175828869,6.9215026650686,-24.3164062492245));
#1818=CARTESIAN_POINT('Ctrl Pts',(-0.130266184102066,7.10836634381141,-24.3936011896982));
#1819=CARTESIAN_POINT('Ctrl Pts',(0.98803965402871,7.04057095641284,-24.470796130172));
#1820=CARTESIAN_POINT('Ctrl Pts',(2.03159503963391,6.72533333960095,-24.5479910706457));
#1821=CARTESIAN_POINT('Ctrl Pts',(3.07515042523912,6.41009572278907,-24.6251860111194));
#1822=CARTESIAN_POINT('Ctrl Pts',(4.04395535831875,5.84741587656386,-24.7023809515932));
#1823=CARTESIAN_POINT('Ctrl Pts',(4.83487824041815,5.09720057474459,-24.7795758920669));
#1824=CARTESIAN_POINT('Ctrl Pts',(5.58768435983815,4.38314022464703,-24.8530505947113));
#1825=CARTESIAN_POINT('Ctrl Pts',(6.17934054629271,3.49918456509536,-24.9265252973556));
#1826=CARTESIAN_POINT('Ctrl Pts',(6.55355655092332,2.53141378351972,-25.));
#1827=CARTESIAN_POINT('',(0.333367580643984,-6.11592111265144,0.));
#1828=CARTESIAN_POINT('Ctrl Pts',(0.333407320187929,-6.11632502772721,-5.3776427755281E-17));
#1829=CARTESIAN_POINT('Ctrl Pts',(0.379403591881633,-6.11741607169707,-5.78635294377959E-17));
#1830=CARTESIAN_POINT('Ctrl Pts',(0.425387518975469,-6.11797975696447,-3.64101343305556E-16));
#1831=CARTESIAN_POINT('Ctrl Pts',(0.471350054368999,-6.11801585911525,-3.53883589099269E-16));
#1832=CARTESIAN_POINT('Ctrl Pts',(0.640577954140636,-6.11814878239941,-3.14382166399163E-16));
#1833=CARTESIAN_POINT('Ctrl Pts',(0.809514440336965,-6.11113363845402,-1.66658913991154E-16));
#1834=CARTESIAN_POINT('Ctrl Pts',(0.977741717212856,-6.09719536661353,-1.87350135405495E-16));
#1835=CARTESIAN_POINT('Ctrl Pts',(1.14863868944366,-6.08303590032539,-2.08369717705914E-16));
#1836=CARTESIAN_POINT('Ctrl Pts',(1.31880439862844,-6.06173185900226,-4.26367433839942E-17));
#1837=CARTESIAN_POINT('Ctrl Pts',(1.48781473286107,-6.03346704243424,-6.93889390390723E-17));
#1838=CARTESIAN_POINT('Ctrl Pts',(1.6586880920588,-6.00489065877099,-9.64360279538012E-17));
#1839=CARTESIAN_POINT('Ctrl Pts',(1.82838117772217,-5.96919918649493,-1.99569872556164E-16));
#1840=CARTESIAN_POINT('Ctrl Pts',(1.99645951333975,-5.92652970738655,-2.4980018054066E-16));
#1841=CARTESIAN_POINT('Ctrl Pts',(2.16404301695936,-5.8839858496054,-2.99882607695852E-16));
#1842=CARTESIAN_POINT('Ctrl Pts',(2.33002200059573,-5.83450488878671,-1.47620999229771E-16));
#1843=CARTESIAN_POINT('Ctrl Pts',(2.49395868012626,-5.77817160712477,-1.11022302462516E-16));
#1844=CARTESIAN_POINT('Ctrl Pts',(2.55566000518164,-5.75696928600168,-9.72475444748189E-17));
#1845=CARTESIAN_POINT('Ctrl Pts',(2.61707189503395,-5.73479577919199,-2.16038647184713E-16));
#1846=CARTESIAN_POINT('Ctrl Pts',(2.6781704142001,-5.71165377754911,-1.94289029309402E-16));
#1847=CARTESIAN_POINT('Ctrl Pts',(2.69796531603455,-5.70415615474212,-1.87242515635188E-16));
#1848=CARTESIAN_POINT('Ctrl Pts',(2.71772679608144,-5.69655701661755,-5.48064998638364E-17));
#1849=CARTESIAN_POINT('Ctrl Pts',(2.73744156084128,-5.68886146331503,-5.55111512312578E-17));
#1850=CARTESIAN_POINT('Ctrl Pts',(2.90228765545236,-5.62451466926268,-6.14031325658971E-17));
#1851=CARTESIAN_POINT('Ctrl Pts',(3.06409458261409,-5.5533459421428,-2.61324480489293E-16));
#1852=CARTESIAN_POINT('Ctrl Pts',(3.22242375946418,-5.47554971461046,-2.22044604925031E-16));
#1853=CARTESIAN_POINT('Ctrl Pts',(3.24261505638216,-5.46562856956028,-2.1703534733778E-16));
#1854=CARTESIAN_POINT('Ctrl Pts',(3.26274979538174,-5.45559957062349,-1.98045972499841E-16));
#1855=CARTESIAN_POINT('Ctrl Pts',(3.28282706627135,-5.44546306053849,-1.94289029309402E-16));
#1856=CARTESIAN_POINT('Ctrl Pts',(3.43873925130149,-5.3667469120828,-1.96759654840648E-16));
#1857=CARTESIAN_POINT('Ctrl Pts',(3.59118676624658,-5.28155161865038,-1.5575721415027E-16));
#1858=CARTESIAN_POINT('Ctrl Pts',(3.73987936160753,-5.19024220887532,-1.11022302462516E-16));
#1859=CARTESIAN_POINT('Ctrl Pts',(3.89023693408209,-5.09791036703387,-6.57864740750534E-17));
#1860=CARTESIAN_POINT('Ctrl Pts',(4.03675562855511,-4.99932640888616,5.15776009366959E-17));
#1861=CARTESIAN_POINT('Ctrl Pts',(4.17911857870114,-4.89481719884164,5.55111512312578E-17));
#1862=CARTESIAN_POINT('Ctrl Pts',(4.31105332211685,-4.79796337698941,5.91565656336249E-17));
#1863=CARTESIAN_POINT('Ctrl Pts',(4.43941904721388,-4.69601980329189,-8.46744664501942E-17));
#1864=CARTESIAN_POINT('Ctrl Pts',(4.56394402193907,-4.58921222913566,-5.55111512312578E-17));
#1865=CARTESIAN_POINT('Ctrl Pts',(4.61064088746101,-4.54915938882707,-4.45749080241567E-17));
#1866=CARTESIAN_POINT('Ctrl Pts',(4.65679742535487,-4.50842223749024,5.46812160355057E-18));
#1867=CARTESIAN_POINT('Ctrl Pts',(4.70239843756698,-4.46701160655171,0.));
#1868=CARTESIAN_POINT('Ctrl Pts',(4.7299558610927,-4.44198649768061,-3.30447364234572E-18));
#1869=CARTESIAN_POINT('Ctrl Pts',(4.75731039800618,-4.41671542460974,-1.05239473588411E-16));
#1870=CARTESIAN_POINT('Ctrl Pts',(4.78445859883361,-4.39120068175749,-1.11022302462516E-16));
#1871=CARTESIAN_POINT('Ctrl Pts',(4.80103053587069,-4.37562584809716,-1.14552285042467E-16));
#1872=CARTESIAN_POINT('Ctrl Pts',(4.81751864299095,-4.35996672717153,-1.09761594398247E-16));
#1873=CARTESIAN_POINT('Ctrl Pts',(4.83391992916733,-4.34422639440628,-1.11022302462516E-16));
#1874=CARTESIAN_POINT('Ctrl Pts',(4.96789930113776,-4.21564624064183,-1.21320816424915E-16));
#1875=CARTESIAN_POINT('Ctrl Pts',(5.09613895691377,-4.0816024022858,-2.25559065515788E-17));
#1876=CARTESIAN_POINT('Ctrl Pts',(5.21831017740348,-3.94250680605502,-5.55111512312578E-17));
#1877=CARTESIAN_POINT('Ctrl Pts',(5.34048139789318,-3.80341120982425,-8.84663959109368E-17));
#1878=CARTESIAN_POINT('Ctrl Pts',(5.45658485524943,-3.65926335183575,3.2955244679679E-17));
#1879=CARTESIAN_POINT('Ctrl Pts',(5.56626552757764,-3.51042404936328,0.));
#1880=CARTESIAN_POINT('Ctrl Pts',(5.67290883674539,-3.36570652153498,1.54578734696457E-17));
#1881=CARTESIAN_POINT('Ctrl Pts',(5.7734807507051,-3.21655322576436,3.80506138735315E-17));
#1882=CARTESIAN_POINT('Ctrl Pts',(5.86785708097883,-3.06340600500927,0.));
#1883=CARTESIAN_POINT('Ctrl Pts',(5.96276683917753,-2.9093931752191,-3.82656811466914E-17));
#1884=CARTESIAN_POINT('Ctrl Pts',(6.051411160691,-2.75134055040453,-1.2109221855375E-16));
#1885=CARTESIAN_POINT('Ctrl Pts',(6.1336222927805,-2.58966511407499,-1.11022302462516E-16));
#1886=CARTESIAN_POINT('Ctrl Pts',(6.17382314159672,-2.51060660207075,-1.06098161849356E-16));
#1887=CARTESIAN_POINT('Ctrl Pts',(6.21248504761182,-2.43068138298392,-2.20074948679768E-16));
#1888=CARTESIAN_POINT('Ctrl Pts',(6.24958438942592,-2.34993608434131,-2.22044604925031E-16));
#1889=CARTESIAN_POINT('Ctrl Pts',(6.2607514481314,-2.32563140813836,-2.22637479780621E-16));
#1890=CARTESIAN_POINT('Ctrl Pts',(6.27177774487292,-2.30125039420017,5.9287485558934E-19));
#1891=CARTESIAN_POINT('Ctrl Pts',(6.28265340465121,-2.27681540502218,0.));
#1892=CARTESIAN_POINT('Ctrl Pts',(6.35736451255653,-2.10895753245545,-4.07279541777579E-18));
#1893=CARTESIAN_POINT('Ctrl Pts',(6.42506919711908,-1.93834313587113,-1.13058700171404E-16));
#1894=CARTESIAN_POINT('Ctrl Pts',(6.48567820347995,-1.76545528008848,-1.11022302462516E-16));
#1895=CARTESIAN_POINT('Ctrl Pts',(6.54882878435409,-1.58531755511486,-1.08900510571697E-16));
#1896=CARTESIAN_POINT('Ctrl Pts',(6.60427677221147,-1.40271123149075,-2.09313853580122E-16));
#1897=CARTESIAN_POINT('Ctrl Pts',(6.65187612646026,-1.2181440542144,-2.22044604925031E-16));
#1898=CARTESIAN_POINT('Ctrl Pts',(6.69947548070905,-1.03357687693805,-2.3477535626994E-16));
#1899=CARTESIAN_POINT('Ctrl Pts',(6.73922659633622,-0.847048068330819,-1.04656926790061E-16));
#1900=CARTESIAN_POINT('Ctrl Pts',(6.77093167201511,-0.659037415695755,-1.11022302462516E-16));
#1901=CARTESIAN_POINT('Ctrl Pts',(6.80159442785686,-0.47720770502784,-1.1923045024984E-16));
#1902=CARTESIAN_POINT('Ctrl Pts',(6.82473145980295,-0.293991190665355,-1.13074339409347E-16));
#1903=CARTESIAN_POINT('Ctrl Pts',(6.84039367472067,-0.109830649277715,-1.11022302462516E-16));
#1904=CARTESIAN_POINT('Ctrl Pts',(6.84963928119249,-0.00111831821512004,
-1.09810958717348E-16));
#1905=CARTESIAN_POINT('Ctrl Pts',(6.85627917112925,0.107923196874347,-1.29192458640029E-16));
#1906=CARTESIAN_POINT('Ctrl Pts',(6.86031535697078,0.217203644224108,-1.11022302462516E-16));
#1907=CARTESIAN_POINT('Ctrl Pts',(6.86124182318543,0.242287881265414,-1.06851524288672E-16));
#1908=CARTESIAN_POINT('Ctrl Pts',(6.86203076572848,0.267376891286342,-2.24825123707594E-16));
#1909=CARTESIAN_POINT('Ctrl Pts',(6.86268232301786,0.292463208980255,-2.22044604925031E-16));
#1910=CARTESIAN_POINT('Ctrl Pts',(6.86755061002649,0.479902435757286,-2.01269204684883E-16));
#1911=CARTESIAN_POINT('Ctrl Pts',(6.86475733382316,0.667300928449566,-3.70462627819814E-16));
#1912=CARTESIAN_POINT('Ctrl Pts',(6.85443031282258,0.854185519766696,-3.33066907387547E-16));
#1913=CARTESIAN_POINT('Ctrl Pts',(6.84403004431465,1.04239564634486,-2.95405946543026E-16));
#1914=CARTESIAN_POINT('Ctrl Pts',(6.82598884084985,1.23008525471149,-1.36129609692196E-16));
#1915=CARTESIAN_POINT('Ctrl Pts',(6.80038565523995,1.41678373182769,-1.11022302462516E-16));
#1916=CARTESIAN_POINT('Ctrl Pts',(6.77481810101611,1.6032223848104,-8.59499365159448E-17));
#1917=CARTESIAN_POINT('Ctrl Pts',(6.74170959423249,1.78867338952646,-1.46255468021663E-17));
#1918=CARTESIAN_POINT('Ctrl Pts',(6.70108716793023,1.97266997816009,0.));
#1919=CARTESIAN_POINT('Ctrl Pts',(6.67828235992701,2.07596284515464,8.21055798793577E-18));
#1920=CARTESIAN_POINT('Ctrl Pts',(6.65310859178291,2.17879732216248,-2.18525794358773E-16));
#1921=CARTESIAN_POINT('Ctrl Pts',(6.62556350264684,2.28108977369678,-2.22044604925031E-16));
#1922=CARTESIAN_POINT('Ctrl Pts',(6.60297400222568,2.36497896953861,-2.03767618705502E-16));
#1923=CARTESIAN_POINT('Ctrl Pts',(6.57882131119458,2.44838562630912,1.66291683928265E-12));
#1924=CARTESIAN_POINT('Ctrl Pts',(6.55311541911038,2.53126515872687,2.49456011403026E-12));
#1925=CARTESIAN_POINT('Ctrl Pts',(0.333367580643984,-6.11592111265144,-6.93889390390723E-17));
#1926=CARTESIAN_POINT('Ctrl Pts',(-0.604445569729046,-6.16703957792877,
-0.076264880950279));
#1927=CARTESIAN_POINT('Ctrl Pts',(-2.50327523900928,-5.83061431967542,-0.228794642850837));
#1928=CARTESIAN_POINT('Ctrl Pts',(-4.83198882754481,-4.11237868307128,-0.457589285701673));
#1929=CARTESIAN_POINT('Ctrl Pts',(-6.15525660256793,-1.54111278332875,-0.68638392855251));
#1930=CARTESIAN_POINT('Ctrl Pts',(-6.20018521669748,1.35506044568011,-0.915178571403346));
#1931=CARTESIAN_POINT('Ctrl Pts',(-4.95333364653728,3.96007479632729,-1.14397321425418));
#1932=CARTESIAN_POINT('Ctrl Pts',(-1.92596789728434,6.36446039416879,-1.4490327380553));
#1933=CARTESIAN_POINT('Ctrl Pts',(3.27907670748433,6.25602074327798,-1.83035714280669));
#1934=CARTESIAN_POINT('Ctrl Pts',(6.96706296496842,1.16248981496477,-2.28794642850837));
#1935=CARTESIAN_POINT('Ctrl Pts',(5.44515411395662,-3.81640686425356,-2.66927083325976));
#1936=CARTESIAN_POINT('Ctrl Pts',(2.21618462182952,-5.94192384947509,-2.97433035706088));
#1937=CARTESIAN_POINT('Ctrl Pts',(-0.648428937646735,-6.31345930729369,
-3.20312499991171));
#1938=CARTESIAN_POINT('Ctrl Pts',(-3.38464255593499,-5.36647598764387,-3.43191964276255));
#1939=CARTESIAN_POINT('Ctrl Pts',(-5.64316068703349,-3.07857588891967,-3.68613591259681));
#1940=CARTESIAN_POINT('Ctrl Pts',(-6.51018547120928,0.423697013608896,-3.9657738094145));
#1941=CARTESIAN_POINT('Ctrl Pts',(-5.07591923906168,4.0967116695979,-4.27083333321562));
#1942=CARTESIAN_POINT('Ctrl Pts',(-1.79792882107027,6.26692309025247,-4.57589285701673));
#1943=CARTESIAN_POINT('Ctrl Pts',(2.5860736354442,6.16184002686032,-4.91484788346242));
#1944=CARTESIAN_POINT('Ctrl Pts',(6.25505986373641,2.78260484701739,-5.28769841255267));
#1945=CARTESIAN_POINT('Ctrl Pts',(6.30294885831908,-1.75335668402842,-5.62665343899835));
#1946=CARTESIAN_POINT('Ctrl Pts',(4.34750257718519,-4.55143501669887,-5.8978174601549));
#1947=CARTESIAN_POINT('Ctrl Pts',(1.46488597737794,-6.37163329972052,-6.16898148131145));
#1948=CARTESIAN_POINT('Ctrl Pts',(-3.0710339201766,-6.13024275769421,-6.50793650775713));
#1949=CARTESIAN_POINT('Ctrl Pts',(-6.56175498215987,-1.94993791581184,-6.91468253949195));
#1950=CARTESIAN_POINT('Ctrl Pts',(-5.92114358616283,3.46080046256727,-7.32142857122678));
#1951=CARTESIAN_POINT('Ctrl Pts',(-1.51958036256272,6.67491956684511,-7.72817460296159));
#1952=CARTESIAN_POINT('Ctrl Pts',(3.83322066558524,5.68284378428235,-8.13492063469641));
#1953=CARTESIAN_POINT('Ctrl Pts',(6.76448942575024,1.08582612646187,-8.54166666643124));
#1954=CARTESIAN_POINT('Ctrl Pts',(5.42146519640106,-4.19677203478201,-8.94841269816605));
#1955=CARTESIAN_POINT('Ctrl Pts',(0.64273876950449,-6.8159262288939,-9.35515872990088));
#1956=CARTESIAN_POINT('Ctrl Pts',(-4.09912334029526,-5.27681648539921,-9.72800925899113));
#1957=CARTESIAN_POINT('Ctrl Pts',(-6.34320616424937,-1.50837754009249,-10.0669642854368));
#1958=CARTESIAN_POINT('Ctrl Pts',(-6.05990405641145,2.41336968838735,-10.3720238092379));
#1959=CARTESIAN_POINT('Ctrl Pts',(-3.56364543536377,5.46387239051398,-10.677083333039));
#1960=CARTESIAN_POINT('Ctrl Pts',(0.230238448963685,6.51770764138822,-10.9821428568402));
#1961=CARTESIAN_POINT('Ctrl Pts',(3.94013285298749,5.19872024010459,-11.2872023806413));
#1962=CARTESIAN_POINT('Ctrl Pts',(6.21522484843908,1.97990264961284,-11.5922619044424));
#1963=CARTESIAN_POINT('Ctrl Pts',(6.22044552769034,-1.95290794589233,-11.8973214282435));
#1964=CARTESIAN_POINT('Ctrl Pts',(3.71736417559129,-5.55251394972484,-12.2362764546892));
#1965=CARTESIAN_POINT('Ctrl Pts',(-1.12609248568967,-6.76009613380047,-12.6091269837794));
#1966=CARTESIAN_POINT('Ctrl Pts',(-5.69884066264271,-3.79664327421978,-13.0158730155143));
#1967=CARTESIAN_POINT('Ctrl Pts',(-6.67085772667801,1.55948226925132,-13.4226190472491));
#1968=CARTESIAN_POINT('Ctrl Pts',(-3.42242529635336,5.94021526128984,-13.8293650789839));
#1969=CARTESIAN_POINT('Ctrl Pts',(1.98720985037649,6.55032298214408,-14.2361111107187));
#1970=CARTESIAN_POINT('Ctrl Pts',(6.15014685468258,3.03545371229578,-14.6428571424535));
#1971=CARTESIAN_POINT('Ctrl Pts',(6.41373772593143,-2.41271478796551,-15.0496031741884));
#1972=CARTESIAN_POINT('Ctrl Pts',(2.6242038473832,-6.32565763930069,-15.4563492059232));
#1973=CARTESIAN_POINT('Ctrl Pts',(-1.9104200846593,-6.25224250249453,-15.7953042323689));
#1974=CARTESIAN_POINT('Ctrl Pts',(-4.65836311276246,-4.23280660494953,-16.0664682535254));
#1975=CARTESIAN_POINT('Ctrl Pts',(-6.41092254144244,-1.30422524882353,-16.337632274682));
#1976=CARTESIAN_POINT('Ctrl Pts',(-6.04328276496854,3.21707970846197,-16.6765873011276));
#1977=CARTESIAN_POINT('Ctrl Pts',(-2.14481309623346,6.32889307707017,-17.0494378302179));
#1978=CARTESIAN_POINT('Ctrl Pts',(2.23545276918606,6.12458228889705,-17.3883928566636));
#1979=CARTESIAN_POINT('Ctrl Pts',(5.35265503676835,3.72811725190008,-17.6934523804647));
#1980=CARTESIAN_POINT('Ctrl Pts',(6.52319704470942,-0.036065329954114,-17.9985119042658));
#1981=CARTESIAN_POINT('Ctrl Pts',(5.31264259987663,-3.78246874672087,-18.3035714280669));
#1982=CARTESIAN_POINT('Ctrl Pts',(2.1682548506693,-6.15281999185418,-18.608630951868));
#1983=CARTESIAN_POINT('Ctrl Pts',(-1.77181015437012,-6.27662599380127,-18.9136904756692));
#1984=CARTESIAN_POINT('Ctrl Pts',(-5.05586540707495,-4.11808441052373,-19.2187499994703));
#1985=CARTESIAN_POINT('Ctrl Pts',(-6.68312334242429,-0.037146995188726,
-19.557705025916));
#1986=CARTESIAN_POINT('Ctrl Pts',(-5.31834575356492,3.79446546736493,-19.8627645497171));
#1987=CARTESIAN_POINT('Ctrl Pts',(-2.17944485132402,6.01482733920691,-20.1678240735182));
#1988=CARTESIAN_POINT('Ctrl Pts',(1.29208126010807,6.39490650855323,-20.4389880946747));
#1989=CARTESIAN_POINT('Ctrl Pts',(4.73975150340068,4.48044522644537,-20.7440476184759));
#1990=CARTESIAN_POINT('Ctrl Pts',(6.4534969293716,0.938466258342237,-21.049107142277));
#1991=CARTESIAN_POINT('Ctrl Pts',(5.8193626120902,-2.95131773405904,-21.3541666660781));
#1992=CARTESIAN_POINT('Ctrl Pts',(3.06129186230946,-5.75543799177662,-21.6592261898792));
#1993=CARTESIAN_POINT('Ctrl Pts',(-1.46368571963659,-6.60538409363836,-22.0151289676472));
#1994=CARTESIAN_POINT('Ctrl Pts',(-6.10589740754876,-3.55277434035973,-22.421874999382));
#1995=CARTESIAN_POINT('Ctrl Pts',(-6.51712179893345,2.72233364488232,-22.8794642850837));
#1996=CARTESIAN_POINT('Ctrl Pts',(-2.58035249396184,6.1284557421646,-23.2607886898351));
#1997=CARTESIAN_POINT('Ctrl Pts',(1.28497449560305,6.21019756412157,-23.5658482136362));
#1998=CARTESIAN_POINT('Ctrl Pts',(3.9075817937414,5.00088690789271,-23.794642856487));
#1999=CARTESIAN_POINT('Ctrl Pts',(5.72181812090114,2.74290604306387,-24.0234374993378));
#2000=CARTESIAN_POINT('Ctrl Pts',(6.34456612287254,-0.0811572348149855,
-24.2522321421887));
#2001=CARTESIAN_POINT('Ctrl Pts',(5.64902525198371,-2.89014680904764,-24.4810267850395));
#2002=CARTESIAN_POINT('Ctrl Pts',(3.77863039129057,-5.09739917267973,-24.7098214278904));
#2003=CARTESIAN_POINT('Ctrl Pts',(1.77048128172008,-5.96524103274555,-24.8828171557784));
#2004=CARTESIAN_POINT('Ctrl Pts',(0.585041888180183,-6.10233353468688,-24.9795480027162));
#2005=CARTESIAN_POINT('Ctrl Pts',(0.33336399867061,-6.11585443795271,-25.0000139687037));
#2006=CARTESIAN_POINT('Origin',(0.,0.,0.));
#2007=CARTESIAN_POINT('Ctrl Pts',(-0.382352177715358,7.01458707353268,-25.0000000000018));
#2008=CARTESIAN_POINT('Ctrl Pts',(-1.47108369157646,6.95524233079749,-24.9228050595181));
#2009=CARTESIAN_POINT('Ctrl Pts',(-2.54535218093134,6.63797846491838,-24.8456101190344));
#2010=CARTESIAN_POINT('Ctrl Pts',(-3.49129342816019,6.09632536618748,-24.7684151785507));
#2011=CARTESIAN_POINT('Ctrl Pts',(-4.4372346753926,5.55467226745455,-24.6912202380667));
#2012=CARTESIAN_POINT('Ctrl Pts',(-5.25484868049798,4.78862993586812,-24.6140252975827));
#2013=CARTESIAN_POINT('Ctrl Pts',(-5.85691628670904,3.87984607170418,-24.5368303570987));
#2014=CARTESIAN_POINT('Ctrl Pts',(-6.45898389292012,2.9710622075402,-24.4596354166147));
#2015=CARTESIAN_POINT('Ctrl Pts',(-6.84550510023693,1.91953681079862,-24.3824404761307));
#2016=CARTESIAN_POINT('Ctrl Pts',(-6.97540826556557,0.83719194646323,-24.3052455356467));
#2017=CARTESIAN_POINT('Ctrl Pts',(-7.10531143089421,-0.24515291787216,-24.2280505951627));
#2018=CARTESIAN_POINT('Ctrl Pts',(-6.97859655423472,-1.3583172498013,-24.1508556546787));
#2019=CARTESIAN_POINT('Ctrl Pts',(-6.60871874087044,-2.3837748104269,-24.0736607141947));
#2020=CARTESIAN_POINT('Ctrl Pts',(-6.23884092750616,-3.4092323710525,-23.9964657737107));
#2021=CARTESIAN_POINT('Ctrl Pts',(-5.62580017743705,-4.34698316037451,-23.9192708332267));
#2022=CARTESIAN_POINT('Ctrl Pts',(-4.83487743139223,-5.09719855705786,-23.8420758927427));
#2023=CARTESIAN_POINT('Ctrl Pts',(-4.43503262022088,-5.47646408599195,-23.8030505940577));
#2024=CARTESIAN_POINT('Ctrl Pts',(-3.98972599179705,-5.80780065111073,-23.7640252953726));
#2025=CARTESIAN_POINT('Ctrl Pts',(-3.51228243691262,-6.08346810692882,-23.7249999966876));
#2026=CARTESIAN_POINT('Origin',(-0.499999999994943,4.32500000000413,0.));
#2027=CARTESIAN_POINT('',(-0.338196601120695,4.42500000000351,0.1));
#2028=CARTESIAN_POINT('',(4.51048772911321E-13,5.10139320224985,0.1));
#2029=CARTESIAN_POINT('',(-0.410557280894844,4.28027864045435,0.1));
#2030=CARTESIAN_POINT('',(1.83451194177176E-15,5.325,0.));
#2031=CARTESIAN_POINT('',(8.3880780059117E-13,4.90833333333537,0.18633899812393));
#2032=CARTESIAN_POINT('',(-0.499999999994943,4.32500000000413,0.));
#2033=CARTESIAN_POINT('',(-1.31499999999365,2.69499999999697,6.93889390390723E-17));
#2034=CARTESIAN_POINT('',(-0.216542364655981,4.500186453014,0.175186453010955));
#2035=CARTESIAN_POINT('Origin',(1.83451194177176E-15,5.325,0.));
#2036=CARTESIAN_POINT('',(0.338196601126284,4.42500000000093,0.1));
#2037=CARTESIAN_POINT('',(0.410557280901957,4.28027864045017,0.1));
#2038=CARTESIAN_POINT('',(0.500000000001876,4.32500000000031,0.));
#2039=CARTESIAN_POINT('',(0.183084729318996,4.52086440883668,0.195864408835164));
#2040=CARTESIAN_POINT('',(1.06500000000259,3.19500000000346,6.93889390390723E-17));
#2041=CARTESIAN_POINT('Origin',(0.500000000001876,4.32500000000031,0.));
#2042=CARTESIAN_POINT('',(-0.499999999994561,4.42500000000413,0.1));
#2043=CARTESIAN_POINT('',(0.250000000009195,4.32500000000126,0.));
#2044=CARTESIAN_POINT('Origin',(3.4667377060935E-12,4.82500000000015,0.1));
#2045=CARTESIAN_POINT('Origin',(-0.75,2.84402815769477E-16,0.));
#2046=CARTESIAN_POINT('',(-0.642261628933257,-0.0999999999999998,0.1));
#2047=CARTESIAN_POINT('',(-0.1,-0.1,0.1));
#2048=CARTESIAN_POINT('',(-0.75,-0.0999999999999997,0.1));
#2049=CARTESIAN_POINT('',(0.,0.,0.));
#2050=CARTESIAN_POINT('',(-0.125,-0.125,0.125));
#2051=CARTESIAN_POINT('',(-0.75,2.84402815769477E-16,0.));
#2052=CARTESIAN_POINT('',(-0.375,1.42201407884739E-16,0.));
#2053=CARTESIAN_POINT('Ctrl Pts',(-0.749999999999964,-3.55517315913939E-14,
3.58372186093359E-14));
#2054=CARTESIAN_POINT('Ctrl Pts',(-0.696130814466533,-0.0538691855334642,
0.0538691855334644));
#2055=CARTESIAN_POINT('Ctrl Pts',(-0.642261628933104,-0.100000000000131,
0.100000000000131));
#2056=CARTESIAN_POINT('Origin',(0.,0.,0.));
#2057=CARTESIAN_POINT('',(-0.1,-0.642261628933257,0.1));
#2058=CARTESIAN_POINT('',(-0.0999999999999997,0.75,0.1));
#2059=CARTESIAN_POINT('',(-2.84402815769477E-16,-0.75,0.));
#2060=CARTESIAN_POINT('Ctrl Pts',(-3.61286687392265E-14,-0.749999999999964,
3.58431817212845E-14));
#2061=CARTESIAN_POINT('Ctrl Pts',(-0.0538691855334634,-0.696130814466535,
0.0538691855334631));
#2062=CARTESIAN_POINT('Ctrl Pts',(-0.100000000000131,-0.642261628933104,
0.100000000000131));
#2063=CARTESIAN_POINT('',(0.,0.,0.));
#2064=CARTESIAN_POINT('Origin',(0.,0.,0.));
#2065=CARTESIAN_POINT('Origin',(0.,0.,0.1));
#2066=CARTESIAN_POINT('Origin',(0.,0.,0.));
#2067=CARTESIAN_POINT('Origin',(-0.375,-0.375,0.1));
#2068=CARTESIAN_POINT('Origin',(0.75,-2.84402815769477E-16,0.));
#2069=CARTESIAN_POINT('',(0.642261628933257,0.0999999999999997,0.1));
#2070=CARTESIAN_POINT('',(0.1,0.1,0.1));
#2071=CARTESIAN_POINT('',(-0.75,0.1,0.1));
#2072=CARTESIAN_POINT('',(0.125,0.125,0.125));
#2073=CARTESIAN_POINT('',(0.75,-2.84402815769477E-16,0.));
#2074=CARTESIAN_POINT('',(0.375,-1.42201407884739E-16,0.));
#2075=CARTESIAN_POINT('Ctrl Pts',(0.749999999999964,3.55582368044288E-14,
3.58410133169396E-14));
#2076=CARTESIAN_POINT('Ctrl Pts',(0.696130814466534,0.0538691855334635,
0.0538691855334638));
#2077=CARTESIAN_POINT('Ctrl Pts',(0.642261628933104,0.10000000000013,0.100000000000131));
#2078=CARTESIAN_POINT('Origin',(0.,0.,0.));
#2079=CARTESIAN_POINT('',(0.1,0.642261628933257,0.1));
#2080=CARTESIAN_POINT('',(0.1,0.75,0.1));
#2081=CARTESIAN_POINT('',(2.84402815769477E-16,0.75,0.));
#2082=CARTESIAN_POINT('Ctrl Pts',(3.61368002555201E-14,0.749999999999964,
3.58534816419231E-14));
#2083=CARTESIAN_POINT('Ctrl Pts',(0.0538691855334627,0.696130814466535,
0.0538691855334624));
#2084=CARTESIAN_POINT('Ctrl Pts',(0.100000000000131,0.642261628933104,0.100000000000131));
#2085=CARTESIAN_POINT('',(0.,0.,0.));
#2086=CARTESIAN_POINT('Origin',(0.,0.,0.));
#2087=CARTESIAN_POINT('Origin',(0.,0.,0.1));
#2088=CARTESIAN_POINT('Origin',(0.,0.,0.));
#2089=CARTESIAN_POINT('Origin',(0.375,0.375,0.1));
#2090=CARTESIAN_POINT('Ctrl Pts',(-6.55311541130899,-2.53126517893257,0.937500002623229));
#2091=CARTESIAN_POINT('Ctrl Pts',(-6.94599216105411,-1.51415851427826,0.860305062139232));
#2092=CARTESIAN_POINT('Ctrl Pts',(-7.24951109413503,0.705461482937326,0.705915181171236));
#2093=CARTESIAN_POINT('Ctrl Pts',(-6.16103947236083,3.88556382506195,0.474330359719243));
#2094=CARTESIAN_POINT('Ctrl Pts',(-3.76066068778671,6.2380349984017,0.24274553826725));
#2095=CARTESIAN_POINT('Ctrl Pts',(-0.559526177890171,7.26246733439917,0.0111607168152567));
#2096=CARTESIAN_POINT('Ctrl Pts',(2.76076140153459,6.74050219297784,-0.220424104636736));
#2097=CARTESIAN_POINT('Ctrl Pts',(5.49323038493613,4.78337580888274,-0.45200892608873));
#2098=CARTESIAN_POINT('Ctrl Pts',(7.05607717231136,1.80775387091314,-0.683593747540722));
#2099=CARTESIAN_POINT('Ctrl Pts',(7.11653689785098,-1.55277003905286,-0.915178568992716));
#2100=CARTESIAN_POINT('Ctrl Pts',(5.66173412198818,-4.58267915431046,-1.14676339044471));
#2101=CARTESIAN_POINT('Ctrl Pts',(3.00143086897822,-6.63683635777315,-1.3783482118967));
#2102=CARTESIAN_POINT('Ctrl Pts',(-0.297946622666529,-7.27787185664784,
-1.6099330333487));
#2103=CARTESIAN_POINT('Ctrl Pts',(-3.53387097788513,-6.36929026305879,-1.84151785480069));
#2104=CARTESIAN_POINT('Ctrl Pts',(-6.01738805032535,-4.10455778907408,-2.07310267625268));
#2105=CARTESIAN_POINT('Ctrl Pts',(-7.21960716089835,-0.965862166090047,
-2.30468749770467));
#2106=CARTESIAN_POINT('Ctrl Pts',(-6.88475999214448,2.37845527322716,-2.53627231915667));
#2107=CARTESIAN_POINT('Ctrl Pts',(-5.08366775163977,5.21642483528385,-2.76785714060866));
#2108=CARTESIAN_POINT('Ctrl Pts',(-2.20084561281536,6.94355670825745,-2.99944196206065));
#2109=CARTESIAN_POINT('Ctrl Pts',(1.15221441677954,7.19262898504782,-3.23102678351265));
#2110=CARTESIAN_POINT('Ctrl Pts',(4.25656927425988,5.90950659463948,-3.46261160496464));
#2111=CARTESIAN_POINT('Ctrl Pts',(6.7077397711893,3.08776712381299,-3.71992807324463));
#2112=CARTESIAN_POINT('Ctrl Pts',(7.41735655128086,-1.04431243872195,-4.00297618835262));
#2113=CARTESIAN_POINT('Ctrl Pts',(5.42784139410194,-5.16864814728693,-4.31175595028862));
#2114=CARTESIAN_POINT('Ctrl Pts',(1.7429303160859,-7.17336664660776,-4.59480406539661));
#2115=CARTESIAN_POINT('Ctrl Pts',(-1.98889668019175,-7.00629448943585,-4.8521205336766));
#2116=CARTESIAN_POINT('Ctrl Pts',(-4.9229890452679,-5.3688290864027,-5.0837053551286));
#2117=CARTESIAN_POINT('Ctrl Pts',(-6.80938581459657,-2.58626809763112,-5.31529017658058));
#2118=CARTESIAN_POINT('Ctrl Pts',(-7.24553403425083,0.746203762702601,-5.54687499803258));
#2119=CARTESIAN_POINT('Ctrl Pts',(-6.13944800748466,3.91977613534651,-5.77845981948457));
#2120=CARTESIAN_POINT('Ctrl Pts',(-3.72521778213551,6.25951629739963,-6.01004464093657));
#2121=CARTESIAN_POINT('Ctrl Pts',(-0.519814355568405,7.26442797153002,-6.24162946238856));
#2122=CARTESIAN_POINT('Ctrl Pts',(3.16956286706077,6.66763184445234,-6.49894593066855));
#2123=CARTESIAN_POINT('Ctrl Pts',(5.78205502163599,4.44629416611713,-6.73053075212055));
#2124=CARTESIAN_POINT('Ctrl Pts',(6.92363888525554,1.73245045372275,-6.93638392674454));
#2125=CARTESIAN_POINT('Ctrl Pts',(7.19371204014797,-1.19773994529031,-7.14223710136853));
#2126=CARTESIAN_POINT('Ctrl Pts',(5.79797930505752,-4.74576979361719,-7.39955356964853));
#2127=CARTESIAN_POINT('Ctrl Pts',(2.37958524868108,-6.95772440466618,-7.67402446914718));
#2128=CARTESIAN_POINT('Ctrl Pts',(-1.07828117720412,-7.14398679568535,-7.91418650620851));
#2129=CARTESIAN_POINT('Ctrl Pts',(-4.80331072993715,-5.77974125276395,-8.18865740570717));
#2130=CARTESIAN_POINT('Ctrl Pts',(-7.75197403595886,-1.40274847448009,-8.53174603008049));
#2131=CARTESIAN_POINT('Ctrl Pts',(-6.39625741026709,4.24131783566216,-8.90914351689115));
#2132=CARTESIAN_POINT('Ctrl Pts',(-2.21960599022677,7.15293596345115,-9.25223214126447));
#2133=CARTESIAN_POINT('Ctrl Pts',(2.35206856042312,7.11455585109969,-9.56101190320046));
#2134=CARTESIAN_POINT('Ctrl Pts',(6.05323712912271,4.41626991078673,-9.86979166513645));
#2135=CARTESIAN_POINT('Ctrl Pts',(7.49195409300755,0.0719893287483868,-10.1785714270724));
#2136=CARTESIAN_POINT('Ctrl Pts',(6.13607985383481,-4.30018066666829,-10.4873511890084));
#2137=CARTESIAN_POINT('Ctrl Pts',(2.48936256757873,-7.06687818884793,-10.7961309509444));
#2138=CARTESIAN_POINT('Ctrl Pts',(-2.08598840094085,-7.19651528597649,-11.1049107128804));
#2139=CARTESIAN_POINT('Ctrl Pts',(-5.88327477208515,-4.63964436437506,-11.4136904748164));
#2140=CARTESIAN_POINT('Ctrl Pts',(-7.484173812955,-0.352239608436114,-11.7224702367524));
#2141=CARTESIAN_POINT('Ctrl Pts',(-6.29351526443819,4.06938679748107,-12.0312499986884));
#2142=CARTESIAN_POINT('Ctrl Pts',(-2.75149240160283,6.96765835841552,-12.3400297606244));
#2143=CARTESIAN_POINT('Ctrl Pts',(1.81542601409575,7.26897968193858,-12.6488095225604));
#2144=CARTESIAN_POINT('Ctrl Pts',(5.7044408857242,4.85578099959152,-12.9575892844964));
#2145=CARTESIAN_POINT('Ctrl Pts',(7.46775176647001,0.632458432221029,-13.2663690464323));
#2146=CARTESIAN_POINT('Ctrl Pts',(6.43982680808756,-3.82973177336035,-13.5751488083683));
#2147=CARTESIAN_POINT('Ctrl Pts',(3.01059932481388,-6.86109123143936,-13.8839285703043));
#2148=CARTESIAN_POINT('Ctrl Pts',(-1.54212976148092,-7.33214172928391,-14.1927083322403));
#2149=CARTESIAN_POINT('Ctrl Pts',(-5.5217728750746,-5.06714089527782,-14.5014880941763));
#2150=CARTESIAN_POINT('Ctrl Pts',(-7.43590658869341,-0.910032768252235,
-14.8102678561123));
#2151=CARTESIAN_POINT('Ctrl Pts',(-6.57827943017781,3.58639240165038,-15.1190476180483));
#2152=CARTESIAN_POINT('Ctrl Pts',(-3.26520954574039,6.74348627687422,-15.4278273799843));
#2153=CARTESIAN_POINT('Ctrl Pts',(1.2684629260805,7.38641385817186,-15.7366071419203));
#2154=CARTESIAN_POINT('Ctrl Pts',(5.32565050792079,5.26849081538169,-16.0453869038563));
#2155=CARTESIAN_POINT('Ctrl Pts',(7.39776887892206,1.18740771612573,-16.3541666657923));
#2156=CARTESIAN_POINT('Ctrl Pts',(6.70815644028609,-3.33765480422794,-16.6629464277282));
#2157=CARTESIAN_POINT('Ctrl Pts',(3.51494027084589,-6.61696809951022,-16.9717261896642));
#2158=CARTESIAN_POINT('Ctrl Pts',(-0.990240793113265,-7.4270998425504,-17.2805059516002));
#2159=CARTESIAN_POINT('Ctrl Pts',(-5.12576338300169,-5.46462179692383,-17.5892857135362));
#2160=CARTESIAN_POINT('Ctrl Pts',(-7.34843247337672,-1.46413926805785,-17.8980654754722));
#2161=CARTESIAN_POINT('Ctrl Pts',(-6.82816753279791,3.08608206966276,-18.2068452374082));
#2162=CARTESIAN_POINT('Ctrl Pts',(-3.76026808216791,6.4774556212487,-18.5156249993442));
#2163=CARTESIAN_POINT('Ctrl Pts',(1.20996107495417,7.577368801947,-18.8587136237175));
#2164=CARTESIAN_POINT('Ctrl Pts',(6.28828311242279,4.76152824445976,-19.2361111105282));
#2165=CARTESIAN_POINT('Ctrl Pts',(7.74641292853954,-1.41332384097064,-19.6478174597762));
#2166=CARTESIAN_POINT('Ctrl Pts',(4.50473121350675,-6.21937095227644,-20.0252149465868));
#2167=CARTESIAN_POINT('Ctrl Pts',(-0.436220600729147,-7.47561779811544,
-20.3683035709601));
#2168=CARTESIAN_POINT('Ctrl Pts',(-4.70084680122402,-5.83700868931169,-20.6770833328961));
#2169=CARTESIAN_POINT('Ctrl Pts',(-7.22023795183297,-2.0065116837926,-20.9858630948321));
#2170=CARTESIAN_POINT('Ctrl Pts',(-7.05196821636213,2.18212419785009,-21.2689112099401));
#2171=CARTESIAN_POINT('Ctrl Pts',(-4.99433678513817,5.30115946647666,-21.5262276782201));
#2172=CARTESIAN_POINT('Ctrl Pts',(-2.08388369428752,6.97967027727411,-21.7578124996721));
#2173=CARTESIAN_POINT('Ctrl Pts',(1.27238664695006,7.17200312022029,-21.9893973211241));
#2174=CARTESIAN_POINT('Ctrl Pts',(4.35676453494023,5.83728582949692,-22.2209821425761));
#2175=CARTESIAN_POINT('Ctrl Pts',(6.51392702676984,3.25967454690353,-22.4525669640281));
#2176=CARTESIAN_POINT('Ctrl Pts',(7.28393648438858,-0.0119864235985229,
-22.6841517854801));
#2177=CARTESIAN_POINT('Ctrl Pts',(6.50313005731363,-3.2810975309701,-22.9157366069321));
#2178=CARTESIAN_POINT('Ctrl Pts',(4.33762701285568,-5.85159311089864,-23.147321428384));
#2179=CARTESIAN_POINT('Ctrl Pts',(1.24857181962636,-7.17616015175565,-23.3789062498361));
#2180=CARTESIAN_POINT('Ctrl Pts',(-2.10634520130717,-6.97277396183323,-23.610491071288));
#2181=CARTESIAN_POINT('Ctrl Pts',(-5.01275942736986,-5.28473394969839,-23.84207589274));
#2182=CARTESIAN_POINT('Ctrl Pts',(-6.85188167757777,-2.47148158173144,-24.073660714192));
#2183=CARTESIAN_POINT('Ctrl Pts',(-7.23202630755638,0.868011414057457,-24.305245535644));
#2184=CARTESIAN_POINT('Ctrl Pts',(-6.07246268560559,4.02258760428321,-24.536830357096));
#2185=CARTESIAN_POINT('Ctrl Pts',(-3.61962067028858,6.3207145990433,-24.768415178548));
#2186=CARTESIAN_POINT('Ctrl Pts',(-1.47108369156879,6.95524233080249,-24.922805059516));
#2187=CARTESIAN_POINT('Ctrl Pts',(-0.382352177703036,7.01458707353595,-25.));
#2188=CARTESIAN_POINT('Ctrl Pts',(-6.27326706634183,-2.42316844531259,0.625000001748819));
#2189=CARTESIAN_POINT('Ctrl Pts',(-6.64936616129354,-1.44949694071472,0.547805061264822));
#2190=CARTESIAN_POINT('Ctrl Pts',(-6.93992343175178,0.675335013915065,0.393415180296826));
#2191=CARTESIAN_POINT('Ctrl Pts',(-5.89793458386121,3.71963227381362,0.161830358844833));
#2192=CARTESIAN_POINT('Ctrl Pts',(-3.60006307834373,5.97164204473308,-0.0697544626071599));
#2193=CARTESIAN_POINT('Ctrl Pts',(-0.535631821538969,6.95232638061674,-0.301339284059153));
#2194=CARTESIAN_POINT('Ctrl Pts',(2.64286411748319,6.45265156551948,-0.532924105511146));
#2195=CARTESIAN_POINT('Ctrl Pts',(5.2586440339778,4.57910353234665,-0.764508926963139));
#2196=CARTESIAN_POINT('Ctrl Pts',(6.75475003328002,1.73055441735095,-0.996093748415132));
#2197=CARTESIAN_POINT('Ctrl Pts',(6.81262784883218,-1.48645957475162,-1.22767856986713));
#2198=CARTESIAN_POINT('Ctrl Pts',(5.41995188190307,-4.38697755341448,-1.45926339131912));
#2199=CARTESIAN_POINT('Ctrl Pts',(2.87325588524951,-6.35341274107085,-1.69084821277111));
#2200=CARTESIAN_POINT('Ctrl Pts',(-0.285222923477912,-6.96707305849892,
-1.92243303422311));
#2201=CARTESIAN_POINT('Ctrl Pts',(-3.38295833826002,-6.09729210235854,-2.1540178556751));
#2202=CARTESIAN_POINT('Ctrl Pts',(-5.76041774212618,-3.92927418242308,-2.38560267712709));
#2203=CARTESIAN_POINT('Ctrl Pts',(-6.9112965348099,-0.92461538319649,-2.61718749857908));
#2204=CARTESIAN_POINT('Ctrl Pts',(-6.59074888927685,2.27688422953054,-2.84877232003108));
#2205=CARTESIAN_POINT('Ctrl Pts',(-4.86657161989696,4.99365936189076,-3.08035714148307));
#2206=CARTESIAN_POINT('Ctrl Pts',(-2.10685932330004,6.64703471359852,-3.31194196293506));
#2207=CARTESIAN_POINT('Ctrl Pts',(1.10300953065368,6.88547045187827,-3.54352678438706));
#2208=CARTESIAN_POINT('Ctrl Pts',(4.07479407393546,5.65714332369381,-3.77511160583905));
#2209=CARTESIAN_POINT('Ctrl Pts',(6.42128825071123,2.95590518258243,-4.03242807411904));
#2210=CARTESIAN_POINT('Ctrl Pts',(7.10060111136825,-0.9997154662498,-4.31547618922703));
#2211=CARTESIAN_POINT('Ctrl Pts',(5.19604745556359,-4.94792295950226,-4.62425595116302));
#2212=CARTESIAN_POINT('Ctrl Pts',(1.66849912821028,-6.86703070440362,-4.90730406627102));
#2213=CARTESIAN_POINT('Ctrl Pts',(-1.90396159064612,-6.70709330127464,-5.16462053455101));
#2214=CARTESIAN_POINT('Ctrl Pts',(-4.71275463764063,-5.13955524641378,-5.396205356003));
#2215=CARTESIAN_POINT('Ctrl Pts',(-6.5185935378164,-2.4758224849208,-5.62779017745499));
#2216=CARTESIAN_POINT('Ctrl Pts',(-6.93611621072384,0.714337409846947,-5.85937499890699));
#2217=CARTESIAN_POINT('Ctrl Pts',(-5.8772651744246,3.75238356017143,-6.09095982035898));
#2218=CARTESIAN_POINT('Ctrl Pts',(-3.56613374873458,5.99220599288412,-6.32254464181097));
#2219=CARTESIAN_POINT('Ctrl Pts',(-0.497615877750519,6.95420328947154,-6.55412946326297));
#2220=CARTESIAN_POINT('Ctrl Pts',(3.03420786917906,6.38289311799863,-6.81144593154296));
#2221=CARTESIAN_POINT('Ctrl Pts',(5.53513452249119,4.25641683517959,-7.04303075299496));
#2222=CARTESIAN_POINT('Ctrl Pts',(6.62796747378531,1.65846680445339,-7.24888392761895));
#2223=CARTESIAN_POINT('Ctrl Pts',(6.88650725551506,-1.14659090848072,-7.45473710224294));
#2224=CARTESIAN_POINT('Ctrl Pts',(5.55037876533955,-4.54310346791095,-7.71205357052294));
#2225=CARTESIAN_POINT('Ctrl Pts',(2.27796594980494,-6.66059738382609,-7.98652447002159));
#2226=CARTESIAN_POINT('Ctrl Pts',(-1.03223358244803,-6.83890550903661,-8.22668650708292));
#2227=CARTESIAN_POINT('Ctrl Pts',(-4.59818714004643,-5.53291956225425,-8.50115740658157));
#2228=CARTESIAN_POINT('Ctrl Pts',(-7.42092888139807,-1.34284462503605,-8.8442460309549));
#2229=CARTESIAN_POINT('Ctrl Pts',(-6.12310762762201,4.06019394232412,-9.22164351776556));
#2230=CARTESIAN_POINT('Ctrl Pts',(-2.1248185458042,6.84747250593697,-9.56473214213888));
#2231=CARTESIAN_POINT('Ctrl Pts',(2.251624351437,6.81073140194216,-9.87351190407487));
#2232=CARTESIAN_POINT('Ctrl Pts',(5.79473589940907,4.22767475445405,-10.1822916660109));
#2233=CARTESIAN_POINT('Ctrl Pts',(7.17201299295003,0.0689150513641124,-10.4910714279469));
#2234=CARTESIAN_POINT('Ctrl Pts',(5.87404085651781,-4.11654305812714,-10.7998511898828));
#2235=CARTESIAN_POINT('Ctrl Pts',(2.38305526931905,-6.76508979644136,-11.1086309518188));
#2236=CARTESIAN_POINT('Ctrl Pts',(-1.99690704574046,-6.88919078977796,-11.4174107137548));
#2237=CARTESIAN_POINT('Ctrl Pts',(-5.63203172131974,-4.44151008546919,-11.7261904756908));
#2238=CARTESIAN_POINT('Ctrl Pts',(-7.1645649668499,-0.337197347577617,-12.0349702376268));
#2239=CARTESIAN_POINT('Ctrl Pts',(-6.02475304673954,3.89560515488387,-12.3437499995628));
#2240=CARTESIAN_POINT('Ctrl Pts',(-2.63399094673002,6.67010711179255,-12.6525297614988));
#2241=CARTESIAN_POINT('Ctrl Pts',(1.73789892452576,6.95856062078792,-12.9613095234348));
#2242=CARTESIAN_POINT('Ctrl Pts',(5.46083486925179,4.64841668644153,-13.2700892853708));
#2243=CARTESIAN_POINT('Ctrl Pts',(7.14884421772369,0.605449531200893,-13.5788690473068));
#2244=CARTESIAN_POINT('Ctrl Pts',(6.16481641058893,-3.66618450901743,-13.8876488092427));
#2245=CARTESIAN_POINT('Ctrl Pts',(2.88203280560464,-6.56809089415345,-14.1964285711787));
#2246=CARTESIAN_POINT('Ctrl Pts',(-1.47627368625748,-7.01902535650284,-14.5052083331147));
#2247=CARTESIAN_POINT('Ctrl Pts',(-5.28596762774026,-4.85075053676044,-14.8139880950507));
#2248=CARTESIAN_POINT('Ctrl Pts',(-7.1183589763646,-0.871170158931819,-15.1227678569867));
#2249=CARTESIAN_POINT('Ctrl Pts',(-6.29735646518777,3.43323685424882,-15.4315476189227));
#2250=CARTESIAN_POINT('Ctrl Pts',(-3.12576999218552,6.45550821522811,-15.7403273808587));
#2251=CARTESIAN_POINT('Ctrl Pts',(1.214293690803,7.07097981440625,-16.0491071427947));
#2252=CARTESIAN_POINT('Ctrl Pts',(5.0982205929916,5.04350188376378,-16.3578869047307));
#2253=CARTESIAN_POINT('Ctrl Pts',(7.08184992323829,1.13669991330181,-16.6666666666667));
#2254=CARTESIAN_POINT('Ctrl Pts',(6.42168712610994,-3.19512150297965,-16.9754464286027));
#2255=CARTESIAN_POINT('Ctrl Pts',(3.36483605999114,-6.33439294935297,-17.2842261905387));
#2256=CARTESIAN_POINT('Ctrl Pts',(-0.947952930062129,-7.10992831902486,
-17.5930059524746));
#2257=CARTESIAN_POINT('Ctrl Pts',(-4.90686957305126,-5.23125716502653,-17.9017857144106));
#2258=CARTESIAN_POINT('Ctrl Pts',(-7.03462041045646,-1.4016137477137,-18.2105654763466));
#2259=CARTESIAN_POINT('Ctrl Pts',(-6.53657318976004,2.95429208804005,-18.5193452382826));
#2260=CARTESIAN_POINT('Ctrl Pts',(-3.59968723880118,6.20083829934461,-18.8281250002186));
#2261=CARTESIAN_POINT('Ctrl Pts',(1.1582901393689,7.25378009866074,-19.1712136245919));
#2262=CARTESIAN_POINT('Ctrl Pts',(6.01974433182089,4.55818895999868,-19.5486111114026));
#2263=CARTESIAN_POINT('Ctrl Pts',(7.41560525899309,-1.35296837445228,-19.9603174606506));
#2264=CARTESIAN_POINT('Ctrl Pts',(4.31235835029634,-5.95377503972349,-20.3377149474612));
#2265=CARTESIAN_POINT('Ctrl Pts',(-0.417591962975575,-7.15637433342697,
-20.6808035718345));
#2266=CARTESIAN_POINT('Ctrl Pts',(-4.50009889512175,-5.58774141432309,-20.9895833337705));
#2267=CARTESIAN_POINT('Ctrl Pts',(-6.91190038805337,-1.92082435210031,-21.2983630957065));
#2268=CARTESIAN_POINT('Ctrl Pts',(-6.75081654875923,2.08893739936531,-21.5814112108145));
#2269=CARTESIAN_POINT('Ctrl Pts',(-4.78105549893992,5.07477543232089,-21.8387276790945));
#2270=CARTESIAN_POINT('Ctrl Pts',(-1.9948922197983,6.68160606614471,-22.0703125005465));
#2271=CARTESIAN_POINT('Ctrl Pts',(1.21804985063898,6.86572540690102,-22.3018973219985));
#2272=CARTESIAN_POINT('Ctrl Pts',(4.17071053344796,5.58800671934026,-22.5334821434505));
#2273=CARTESIAN_POINT('Ctrl Pts',(6.23575220712107,3.12047136340575,-22.7650669649025));
#2274=CARTESIAN_POINT('Ctrl Pts',(6.97287869857814,-0.0114745478576602,
-22.9966517863545));
#2275=CARTESIAN_POINT('Ctrl Pts',(6.22541631821104,-3.14097948694279,-23.2282366078065));
#2276=CARTESIAN_POINT('Ctrl Pts',(4.15239027209301,-5.60170301363586,-23.4598214292585));
#2277=CARTESIAN_POINT('Ctrl Pts',(1.19525202661736,-6.869704913958,-23.6914062507105));
#2278=CARTESIAN_POINT('Ctrl Pts',(-2.01639451655377,-6.67500425527783,-23.9229910721625));
#2279=CARTESIAN_POINT('Ctrl Pts',(-4.79869140911901,-5.05905136109898,-24.1545758936145));
#2280=CARTESIAN_POINT('Ctrl Pts',(-6.55927463084823,-2.36593788429087,-24.3861607150664));
#2281=CARTESIAN_POINT('Ctrl Pts',(-6.92318532645051,0.830943310966003,-24.6177455365184));
#2282=CARTESIAN_POINT('Ctrl Pts',(-5.81314043568627,3.85080450374428,-24.8493303579704));
#2283=CARTESIAN_POINT('Ctrl Pts',(-3.46504612209108,6.05079084392378,-25.0809151794224));
#2284=CARTESIAN_POINT('Ctrl Pts',(-1.40826161221349,6.65822130599929,-25.2353050603904));
#2285=CARTESIAN_POINT('Ctrl Pts',(-0.366023970826025,6.7150317536694,-25.3125000008744));
#2286=CARTESIAN_POINT('Ctrl Pts',(-5.99341872137466,-2.3150717116926,0.31250000087441));
#2287=CARTESIAN_POINT('Ctrl Pts',(-6.35274016153298,-1.38483536715118,0.235305060390412));
#2288=CARTESIAN_POINT('Ctrl Pts',(-6.63033576936854,0.645208544892808,0.0809151794224167));
#2289=CARTESIAN_POINT('Ctrl Pts',(-5.6348296953616,3.55370072256528,-0.150669642029577));
#2290=CARTESIAN_POINT('Ctrl Pts',(-3.43946546890075,5.70524909106445,-0.382254463481569));
#2291=CARTESIAN_POINT('Ctrl Pts',(-0.511737465187768,6.64218542683431,-0.613839284933563));
#2292=CARTESIAN_POINT('Ctrl Pts',(2.52496683343179,6.16480093806111,-0.845424106385556));
#2293=CARTESIAN_POINT('Ctrl Pts',(5.02405768301949,4.37483125581056,-1.07700892783755));
#2294=CARTESIAN_POINT('Ctrl Pts',(6.45342289424867,1.65335496378875,-1.30859374928954));
#2295=CARTESIAN_POINT('Ctrl Pts',(6.50871879981338,-1.42014911045037,-1.54017857074153));
#2296=CARTESIAN_POINT('Ctrl Pts',(5.17816964181797,-4.19127595251849,-1.77176339219353));
#2297=CARTESIAN_POINT('Ctrl Pts',(2.74508090152079,-6.06998912436856,-2.00334821364552));
#2298=CARTESIAN_POINT('Ctrl Pts',(-0.272499224289295,-6.65627426035,-2.23493303509752));
#2299=CARTESIAN_POINT('Ctrl Pts',(-3.23204569863491,-5.8252939416583,-2.46651785654951));
#2300=CARTESIAN_POINT('Ctrl Pts',(-5.50344743392703,-3.75399057577209,-2.6981026780015));
#2301=CARTESIAN_POINT('Ctrl Pts',(-6.60298590872146,-0.883368600302926,
-2.92968749945349));
#2302=CARTESIAN_POINT('Ctrl Pts',(-6.29673778640923,2.17531318583393,-3.16127232090549));
#2303=CARTESIAN_POINT('Ctrl Pts',(-4.64947548815416,4.77089388849767,-3.39285714235748));
#2304=CARTESIAN_POINT('Ctrl Pts',(-2.01287303378471,6.3505127189396,-3.62444196380947));
#2305=CARTESIAN_POINT('Ctrl Pts',(1.05380464452782,6.57831191870871,-3.85602678526147));
#2306=CARTESIAN_POINT('Ctrl Pts',(3.89301887361105,5.40478005274814,-4.08761160671346));
#2307=CARTESIAN_POINT('Ctrl Pts',(6.13483673023316,2.82404324135187,-4.34492807499345));
#2308=CARTESIAN_POINT('Ctrl Pts',(6.78384567145564,-0.955118493777651,-4.62797619010144));
#2309=CARTESIAN_POINT('Ctrl Pts',(4.96425351702524,-4.72719777171758,-4.93675595203744));
#2310=CARTESIAN_POINT('Ctrl Pts',(1.59406794033466,-6.56069476219947,-5.21980406714543));
#2311=CARTESIAN_POINT('Ctrl Pts',(-1.8190265011005,-6.40789211311344,-5.47712053542542));
#2312=CARTESIAN_POINT('Ctrl Pts',(-4.50252023001335,-4.91028140642486,-5.70870535687741));
#2313=CARTESIAN_POINT('Ctrl Pts',(-6.22780126103624,-2.36537687221049,-5.9402901783294));
#2314=CARTESIAN_POINT('Ctrl Pts',(-6.62669838719686,0.682471056991295,-6.1718749997814));
#2315=CARTESIAN_POINT('Ctrl Pts',(-5.61508234136454,3.58499098499635,-6.40345982123339));
#2316=CARTESIAN_POINT('Ctrl Pts',(-3.40704971533364,5.72489568836861,-6.63504464268539));
#2317=CARTESIAN_POINT('Ctrl Pts',(-0.475417399932632,6.64397860741306,-6.86662946413738));
#2318=CARTESIAN_POINT('Ctrl Pts',(2.89885287129735,6.09815439154491,-7.12394593241737));
#2319=CARTESIAN_POINT('Ctrl Pts',(5.28821402334638,4.06653950424204,-7.35553075386937));
#2320=CARTESIAN_POINT('Ctrl Pts',(6.33229606231508,1.58448315518403,-7.56138392849336));
#2321=CARTESIAN_POINT('Ctrl Pts',(6.57930247088215,-1.09544187167112,-7.76723710311735));
#2322=CARTESIAN_POINT('Ctrl Pts',(5.30277822562159,-4.34043714220471,-8.02455357139735));
#2323=CARTESIAN_POINT('Ctrl Pts',(2.17634665092879,-6.36347036298601,-8.299024470896));
#2324=CARTESIAN_POINT('Ctrl Pts',(-0.986185987691947,-6.53382422238787,
-8.53918650795733));
#2325=CARTESIAN_POINT('Ctrl Pts',(-4.3930635501557,-5.28609787174456,-8.81365740745598));
#2326=CARTESIAN_POINT('Ctrl Pts',(-7.08988372683727,-1.28294077559201,-9.15674603182931));
#2327=CARTESIAN_POINT('Ctrl Pts',(-5.84995784497692,3.87907004898608,-9.53414351863997));
#2328=CARTESIAN_POINT('Ctrl Pts',(-2.03003110138162,6.54200904842279,-9.87723214301328));
#2329=CARTESIAN_POINT('Ctrl Pts',(2.15118014245087,6.50690695278462,-10.1860119049493));
#2330=CARTESIAN_POINT('Ctrl Pts',(5.53623466969543,4.03907959812136,-10.4947916668853));
#2331=CARTESIAN_POINT('Ctrl Pts',(6.8520718928925,0.065840773979838,-10.8035714288213));
#2332=CARTESIAN_POINT('Ctrl Pts',(5.6120018592008,-3.93290544958599,-11.1123511907572));
#2333=CARTESIAN_POINT('Ctrl Pts',(2.27674797105937,-6.4633014040348,-11.4211309526933));
#2334=CARTESIAN_POINT('Ctrl Pts',(-1.90782569054006,-6.58186629357942,-11.7299107146292));
#2335=CARTESIAN_POINT('Ctrl Pts',(-5.38078867055433,-4.24337580656333,-12.0386904765652));
#2336=CARTESIAN_POINT('Ctrl Pts',(-6.84495612074479,-0.322155086719128,
-12.3474702385012));
#2337=CARTESIAN_POINT('Ctrl Pts',(-5.75599082904089,3.72182351228667,-12.6562500004372));
#2338=CARTESIAN_POINT('Ctrl Pts',(-2.5164894918572,6.37255586516957,-12.9650297623732));
#2339=CARTESIAN_POINT('Ctrl Pts',(1.66037183495577,6.64814155963726,-13.2738095243092));
#2340=CARTESIAN_POINT('Ctrl Pts',(5.21722885277937,4.44105237329154,-13.5825892862452));
#2341=CARTESIAN_POINT('Ctrl Pts',(6.82993666897738,0.578440630180752,-13.8913690481812));
#2342=CARTESIAN_POINT('Ctrl Pts',(5.8898060130903,-3.5026372446745,-14.2001488101172));
#2343=CARTESIAN_POINT('Ctrl Pts',(2.75346628639539,-6.27509055686754,-14.5089285720531));
#2344=CARTESIAN_POINT('Ctrl Pts',(-1.41041761103404,-6.70590898372178,-14.8177083339891));
#2345=CARTESIAN_POINT('Ctrl Pts',(-5.05016238040592,-4.63436017824305,-15.1264880959251));
#2346=CARTESIAN_POINT('Ctrl Pts',(-6.80081136403579,-0.832307549611411,
-15.4352678578611));
#2347=CARTESIAN_POINT('Ctrl Pts',(-6.01643350019774,3.28008130684725,-15.7440476197971));
#2348=CARTESIAN_POINT('Ctrl Pts',(-2.98633043863066,6.16753015358199,-16.0528273817331));
#2349=CARTESIAN_POINT('Ctrl Pts',(1.16012445552549,6.75554577064064,-16.3616071436691));
#2350=CARTESIAN_POINT('Ctrl Pts',(4.87079067806241,4.81851295214587,-16.6703869056051));
#2351=CARTESIAN_POINT('Ctrl Pts',(6.76593096755453,1.08599211047789,-16.9791666675411));
#2352=CARTESIAN_POINT('Ctrl Pts',(6.13521781193378,-3.05258820173136,-17.2879464294771));
#2353=CARTESIAN_POINT('Ctrl Pts',(3.21473184913639,-6.05181779919571,-17.5967261914131));
#2354=CARTESIAN_POINT('Ctrl Pts',(-0.905665067010993,-6.79275679549931,
-17.905505953349));
#2355=CARTESIAN_POINT('Ctrl Pts',(-4.68797576310083,-4.99789253312924,-18.214285715285));
#2356=CARTESIAN_POINT('Ctrl Pts',(-6.72080834753619,-1.33908822736953,-18.523065477221));
#2357=CARTESIAN_POINT('Ctrl Pts',(-6.24497884672216,2.82250210641732,-18.831845239157));
#2358=CARTESIAN_POINT('Ctrl Pts',(-3.43910639543444,5.92422097744052,-19.140625001093));
#2359=CARTESIAN_POINT('Ctrl Pts',(1.10661920378362,6.93019139537448,-19.4837136254663));
#2360=CARTESIAN_POINT('Ctrl Pts',(5.75120555121897,4.35484967553759,-19.861111112277));
#2361=CARTESIAN_POINT('Ctrl Pts',(7.08479758944665,-1.2926129079339,-20.272817461525));
#2362=CARTESIAN_POINT('Ctrl Pts',(4.11998548708593,-5.68817912717054,-20.6502149483356));
#2363=CARTESIAN_POINT('Ctrl Pts',(-0.398963325222001,-6.8371308687385,-20.993303572709));
#2364=CARTESIAN_POINT('Ctrl Pts',(-4.2993509890195,-5.33847413933448,-21.3020833346449));
#2365=CARTESIAN_POINT('Ctrl Pts',(-6.60356282427377,-1.83513702040803,-21.6108630965809));
#2366=CARTESIAN_POINT('Ctrl Pts',(-6.44966488115633,1.99575060088054,-21.8939112116889));
#2367=CARTESIAN_POINT('Ctrl Pts',(-4.56777421274167,4.84839139816511,-22.1512276799689));
#2368=CARTESIAN_POINT('Ctrl Pts',(-1.90590074530908,6.38354185501532,-22.3828125014209));
#2369=CARTESIAN_POINT('Ctrl Pts',(1.1637130543279,6.55944769358175,-22.6143973228729));
#2370=CARTESIAN_POINT('Ctrl Pts',(3.9846565319557,5.3387276091836,-22.8459821443249));
#2371=CARTESIAN_POINT('Ctrl Pts',(5.95757738747231,2.98126817990797,-23.0775669657769));
#2372=CARTESIAN_POINT('Ctrl Pts',(6.66182091276769,-0.010962672116798,-23.3091517872289));
#2373=CARTESIAN_POINT('Ctrl Pts',(5.94770257910845,-3.00086144291547,-23.5407366086809));
#2374=CARTESIAN_POINT('Ctrl Pts',(3.96715353133034,-5.35181291637308,-23.7723214301329));
#2375=CARTESIAN_POINT('Ctrl Pts',(1.14193223360836,-6.56324967616035,-24.0039062515849));
#2376=CARTESIAN_POINT('Ctrl Pts',(-1.92644383180036,-6.37723454872243,-24.2354910730369));
#2377=CARTESIAN_POINT('Ctrl Pts',(-4.58462339086817,-4.83336877249957,-24.4670758944889));
#2378=CARTESIAN_POINT('Ctrl Pts',(-6.26666758411869,-2.26039418685029,-24.6986607159408));
#2379=CARTESIAN_POINT('Ctrl Pts',(-6.61434434534464,0.793875207874553,-24.9302455373928));
#2380=CARTESIAN_POINT('Ctrl Pts',(-5.55381818576696,3.67902140320536,-25.1618303588448));
#2381=CARTESIAN_POINT('Ctrl Pts',(-3.31047157389357,5.78086708880427,-25.3934151802968));
#2382=CARTESIAN_POINT('Ctrl Pts',(-1.34543953285818,6.36120028119609,-25.5478050612648));
#2383=CARTESIAN_POINT('Ctrl Pts',(-0.349695763949013,6.41547643380285,-25.6250000017488));
#2384=CARTESIAN_POINT('Ctrl Pts',(-5.7135703764075,-2.20697497807262,0.));
#2385=CARTESIAN_POINT('Ctrl Pts',(-6.05611416177242,-1.32017379358765,-0.0771949404839977));
#2386=CARTESIAN_POINT('Ctrl Pts',(-6.32074810698529,0.615082075870547,-0.231584821451993));
#2387=CARTESIAN_POINT('Ctrl Pts',(-5.37172480686198,3.38776917131695,-0.463169642903986));
#2388=CARTESIAN_POINT('Ctrl Pts',(-3.27886785945777,5.43885613739583,-0.694754464355979));
#2389=CARTESIAN_POINT('Ctrl Pts',(-0.487843108836566,6.33204447305189,-0.926339285807972));
#2390=CARTESIAN_POINT('Ctrl Pts',(2.4070695493804,5.87695031060274,-1.15792410725997));
#2391=CARTESIAN_POINT('Ctrl Pts',(4.78947133206116,4.17055897927448,-1.38950892871196));
#2392=CARTESIAN_POINT('Ctrl Pts',(6.15209575521733,1.57615551022656,-1.62109375016395));
#2393=CARTESIAN_POINT('Ctrl Pts',(6.20480975079459,-1.35383864614913,-1.85267857161594));
#2394=CARTESIAN_POINT('Ctrl Pts',(4.93638740173286,-3.99557435162251,-2.08426339306794));
#2395=CARTESIAN_POINT('Ctrl Pts',(2.61690591779208,-5.78656550766627,-2.31584821451993));
#2396=CARTESIAN_POINT('Ctrl Pts',(-0.259775525100679,-6.34547546220108,
-2.54743303597192));
#2397=CARTESIAN_POINT('Ctrl Pts',(-3.08113305900979,-5.55329578095805,-2.77901785742392));
#2398=CARTESIAN_POINT('Ctrl Pts',(-5.24647712572787,-3.57870696912109,-3.01060267887591));
#2399=CARTESIAN_POINT('Ctrl Pts',(-6.29467528263302,-0.842121817409369,
-3.2421875003279));
#2400=CARTESIAN_POINT('Ctrl Pts',(-6.00272668354161,2.07374214213731,-3.4737723217799));
#2401=CARTESIAN_POINT('Ctrl Pts',(-4.43237935641136,4.54812841510458,-3.70535714323189));
#2402=CARTESIAN_POINT('Ctrl Pts',(-1.91888674426939,6.05399072428067,-3.93694196468388));
#2403=CARTESIAN_POINT('Ctrl Pts',(1.00459975840196,6.27115338553915,-4.16852678613588));
#2404=CARTESIAN_POINT('Ctrl Pts',(3.71124367328663,5.15241678180247,-4.40011160758787));
#2405=CARTESIAN_POINT('Ctrl Pts',(5.84838520975508,2.69218130012131,-4.65742807586786));
#2406=CARTESIAN_POINT('Ctrl Pts',(6.46709023154302,-0.910521521305503,-4.94047619097585));
#2407=CARTESIAN_POINT('Ctrl Pts',(4.73245957848688,-4.5064725839329,-5.24925595291184));
#2408=CARTESIAN_POINT('Ctrl Pts',(1.51963675245905,-6.25435881999533,-5.53230406801984));
#2409=CARTESIAN_POINT('Ctrl Pts',(-1.73409141155487,-6.10869092495222,-5.78962053629983));
#2410=CARTESIAN_POINT('Ctrl Pts',(-4.29228582238608,-4.68100756643595,-6.02120535775182));
#2411=CARTESIAN_POINT('Ctrl Pts',(-5.93700898425607,-2.25493125950017,-6.25279017920381));
#2412=CARTESIAN_POINT('Ctrl Pts',(-6.31728056366988,0.650604704135641,-6.48437500065581));
#2413=CARTESIAN_POINT('Ctrl Pts',(-5.35289950830448,3.41759840982127,-6.7159598221078));
#2414=CARTESIAN_POINT('Ctrl Pts',(-3.2479656819327,5.4575853838531,-6.94754464355979));
#2415=CARTESIAN_POINT('Ctrl Pts',(-0.453218922114747,6.33375392535458,-7.17912946501179));
#2416=CARTESIAN_POINT('Ctrl Pts',(2.76349787341564,5.81341566509119,-7.43644593329178));
#2417=CARTESIAN_POINT('Ctrl Pts',(5.04129352420158,3.8766621733045,-7.66803075474377));
#2418=CARTESIAN_POINT('Ctrl Pts',(6.03662465084484,1.51049950591467,-7.87388392936777));
#2419=CARTESIAN_POINT('Ctrl Pts',(6.27209768624924,-1.04429283486153,-8.07973710399176));
#2420=CARTESIAN_POINT('Ctrl Pts',(5.05517768590362,-4.13777081649847,-8.33705357227176));
#2421=CARTESIAN_POINT('Ctrl Pts',(2.07472735205265,-6.06634334214593,-8.61152447177041));
#2422=CARTESIAN_POINT('Ctrl Pts',(-0.940138392935861,-6.22874293573914,
-8.85168650883174));
#2423=CARTESIAN_POINT('Ctrl Pts',(-4.18793996026498,-5.03927618123486,-9.12615740833039));
#2424=CARTESIAN_POINT('Ctrl Pts',(-6.75883857227648,-1.22303692614797,-9.46924603270372));
#2425=CARTESIAN_POINT('Ctrl Pts',(-5.57680806233184,3.69794615564805,-9.84664351951437));
#2426=CARTESIAN_POINT('Ctrl Pts',(-1.93524365695905,6.23654559090861,-10.1897321438877));
#2427=CARTESIAN_POINT('Ctrl Pts',(2.05073593346475,6.20308250362709,-10.4985119058237));
#2428=CARTESIAN_POINT('Ctrl Pts',(5.27773343998179,3.85048444178867,-10.8072916677597));
#2429=CARTESIAN_POINT('Ctrl Pts',(6.53213079283497,0.0627664965955612,-11.1160714296957));
#2430=CARTESIAN_POINT('Ctrl Pts',(5.34996286188379,-3.74926784104485,-11.4248511916317));
#2431=CARTESIAN_POINT('Ctrl Pts',(2.17044067279969,-6.16151301162823,-11.7336309535677));
#2432=CARTESIAN_POINT('Ctrl Pts',(-1.81874433533967,-6.27454179738088,-12.0424107155036));
#2433=CARTESIAN_POINT('Ctrl Pts',(-5.12954561978892,-4.04524152765748,-12.3511904774396));
#2434=CARTESIAN_POINT('Ctrl Pts',(-6.52534727463968,-0.307112825860631,
-12.6599702393756));
#2435=CARTESIAN_POINT('Ctrl Pts',(-5.48722861134224,3.54804186968947,-12.9687500013116));
#2436=CARTESIAN_POINT('Ctrl Pts',(-2.39898803698438,6.0750046185466,-13.2775297632476));
#2437=CARTESIAN_POINT('Ctrl Pts',(1.58284474538578,6.3377224984866,-13.5863095251836));
#2438=CARTESIAN_POINT('Ctrl Pts',(4.97362283630696,4.23368806014155,-13.8950892871196));
#2439=CARTESIAN_POINT('Ctrl Pts',(6.51102912023107,0.551431729160617,-14.2038690490556));
#2440=CARTESIAN_POINT('Ctrl Pts',(5.61479561559167,-3.33908998033157,-14.5126488109916));
#2441=CARTESIAN_POINT('Ctrl Pts',(2.62489976718616,-5.98209021958163,-14.8214285729276));
#2442=CARTESIAN_POINT('Ctrl Pts',(-1.3445615358106,-6.39279261094071,-15.1302083348635));
#2443=CARTESIAN_POINT('Ctrl Pts',(-4.81435713307157,-4.41796981972567,-15.4389880967995));
#2444=CARTESIAN_POINT('Ctrl Pts',(-6.48326375170698,-0.793444940290997,
-15.7477678587355));
#2445=CARTESIAN_POINT('Ctrl Pts',(-5.73551053520771,3.12692575944568,-16.0565476206715));
#2446=CARTESIAN_POINT('Ctrl Pts',(-2.84689088507579,5.87955209193588,-16.3653273826075));
#2447=CARTESIAN_POINT('Ctrl Pts',(1.10595522024799,6.44011172687504,-16.6741071445435));
#2448=CARTESIAN_POINT('Ctrl Pts',(4.64336076313322,4.59352402052796,-16.9828869064795));
#2449=CARTESIAN_POINT('Ctrl Pts',(6.45001201187076,1.03528430765398,-17.2916666684155));
#2450=CARTESIAN_POINT('Ctrl Pts',(5.84874849775762,-2.91005490048308,-17.6004464303515));
#2451=CARTESIAN_POINT('Ctrl Pts',(3.06462763828163,-5.76924264903846,-17.9092261922875));
#2452=CARTESIAN_POINT('Ctrl Pts',(-0.863377203959859,-6.47558527197376,
-18.2180059542235));
#2453=CARTESIAN_POINT('Ctrl Pts',(-4.4690819531504,-4.76452790123194,-18.5267857161594));
#2454=CARTESIAN_POINT('Ctrl Pts',(-6.40699628461593,-1.27656270702538,-18.8355654780954));
#2455=CARTESIAN_POINT('Ctrl Pts',(-5.95338450368428,2.69071212479461,-19.1443452400314));
#2456=CARTESIAN_POINT('Ctrl Pts',(-3.27852555206771,5.64760365553643,-19.4531250019674));
#2457=CARTESIAN_POINT('Ctrl Pts',(1.05494826819835,6.60660269208822,-19.7962136263407));
#2458=CARTESIAN_POINT('Ctrl Pts',(5.48266677061707,4.15151039107651,-20.1736111131514));
#2459=CARTESIAN_POINT('Ctrl Pts',(6.7539899199002,-1.23225744141553,-20.5853174623994));
#2460=CARTESIAN_POINT('Ctrl Pts',(3.92761262387551,-5.42258321461759,-20.96271494921));
#2461=CARTESIAN_POINT('Ctrl Pts',(-0.380334687468427,-6.51788740405003,
-21.3058035735834));
#2462=CARTESIAN_POINT('Ctrl Pts',(-4.09860308291724,-5.08920686434587,-21.6145833355194));
#2463=CARTESIAN_POINT('Ctrl Pts',(-6.29522526049417,-1.74944968871575,-21.9233630974553));
#2464=CARTESIAN_POINT('Ctrl Pts',(-6.14851321355342,1.90256380239575,-22.2064112125633));
#2465=CARTESIAN_POINT('Ctrl Pts',(-4.35449292654342,4.62200736400934,-22.4637276808433));
#2466=CARTESIAN_POINT('Ctrl Pts',(-1.81690927081986,6.08547764388593,-22.6953125022953));
#2467=CARTESIAN_POINT('Ctrl Pts',(1.10937625801682,6.25316998026248,-22.9268973237473));
#2468=CARTESIAN_POINT('Ctrl Pts',(3.79860253046343,5.08944849902694,-23.1584821451993));
#2469=CARTESIAN_POINT('Ctrl Pts',(5.67940256782354,2.8420649964102,-23.3900669666513));
#2470=CARTESIAN_POINT('Ctrl Pts',(6.35076312695724,-0.0104507963759345,
-23.6216517881033));
#2471=CARTESIAN_POINT('Ctrl Pts',(5.66998884000586,-2.86074339888817,-23.8532366095553));
#2472=CARTESIAN_POINT('Ctrl Pts',(3.78191679056766,-5.10192281911029,-24.0848214310073));
#2473=CARTESIAN_POINT('Ctrl Pts',(1.08861244059937,-6.25679443836271,-24.3164062524593));
#2474=CARTESIAN_POINT('Ctrl Pts',(-1.83649314704696,-6.07946484216702,-24.5479910739113));
#2475=CARTESIAN_POINT('Ctrl Pts',(-4.37055537261732,-4.60768618390017,-24.7795758953633));
#2476=CARTESIAN_POINT('Ctrl Pts',(-5.97406053738914,-2.15485048940971,-25.0111607168153));
#2477=CARTESIAN_POINT('Ctrl Pts',(-6.30550336423878,0.7568071047831,-25.2427455382673));
#2478=CARTESIAN_POINT('Ctrl Pts',(-5.29449593584764,3.50723830266643,-25.4743303597192));
#2479=CARTESIAN_POINT('Ctrl Pts',(-3.15589702569607,5.51094333368476,-25.7059151811712));
#2480=CARTESIAN_POINT('Ctrl Pts',(-1.28261745350288,6.06417925639289,-25.8603050621392));
#2481=CARTESIAN_POINT('Ctrl Pts',(-0.333367557072001,6.1159211139363,-25.9375000026232));
#2482=CARTESIAN_POINT('',(-5.7135703764075,-2.20697497807262,0.));
#2483=CARTESIAN_POINT('Ctrl Pts',(-5.7135703764075,-2.20697497807262,0.));
#2484=CARTESIAN_POINT('Ctrl Pts',(-6.05611416177242,-1.32017379358765,-0.0771949404839977));
#2485=CARTESIAN_POINT('Ctrl Pts',(-6.32074810698529,0.615082075870547,-0.231584821451993));
#2486=CARTESIAN_POINT('Ctrl Pts',(-5.37172480686198,3.38776917131695,-0.463169642903986));
#2487=CARTESIAN_POINT('Ctrl Pts',(-3.27886785945777,5.43885613739583,-0.694754464355979));
#2488=CARTESIAN_POINT('Ctrl Pts',(-0.487843108836566,6.33204447305189,-0.926339285807972));
#2489=CARTESIAN_POINT('Ctrl Pts',(2.4070695493804,5.87695031060274,-1.15792410725997));
#2490=CARTESIAN_POINT('Ctrl Pts',(4.78947133206116,4.17055897927448,-1.38950892871196));
#2491=CARTESIAN_POINT('Ctrl Pts',(6.15209575521733,1.57615551022656,-1.62109375016395));
#2492=CARTESIAN_POINT('Ctrl Pts',(6.20480975079459,-1.35383864614913,-1.85267857161594));
#2493=CARTESIAN_POINT('Ctrl Pts',(4.93638740173286,-3.99557435162251,-2.08426339306794));
#2494=CARTESIAN_POINT('Ctrl Pts',(2.61690591779208,-5.78656550766627,-2.31584821451993));
#2495=CARTESIAN_POINT('Ctrl Pts',(-0.259775525100679,-6.34547546220108,
-2.54743303597192));
#2496=CARTESIAN_POINT('Ctrl Pts',(-3.08113305900979,-5.55329578095805,-2.77901785742392));
#2497=CARTESIAN_POINT('Ctrl Pts',(-5.24647712572787,-3.57870696912109,-3.01060267887591));
#2498=CARTESIAN_POINT('Ctrl Pts',(-6.29467528263302,-0.842121817409369,
-3.2421875003279));
#2499=CARTESIAN_POINT('Ctrl Pts',(-6.00272668354161,2.07374214213731,-3.4737723217799));
#2500=CARTESIAN_POINT('Ctrl Pts',(-4.43237935641136,4.54812841510458,-3.70535714323189));
#2501=CARTESIAN_POINT('Ctrl Pts',(-1.91888674426939,6.05399072428067,-3.93694196468388));
#2502=CARTESIAN_POINT('Ctrl Pts',(1.00459975840196,6.27115338553915,-4.16852678613588));
#2503=CARTESIAN_POINT('Ctrl Pts',(3.71124367328663,5.15241678180247,-4.40011160758787));
#2504=CARTESIAN_POINT('Ctrl Pts',(5.84838520975508,2.69218130012131,-4.65742807586786));
#2505=CARTESIAN_POINT('Ctrl Pts',(6.46709023154302,-0.910521521305503,-4.94047619097585));
#2506=CARTESIAN_POINT('Ctrl Pts',(4.73245957848688,-4.5064725839329,-5.24925595291184));
#2507=CARTESIAN_POINT('Ctrl Pts',(1.51963675245905,-6.25435881999533,-5.53230406801984));
#2508=CARTESIAN_POINT('Ctrl Pts',(-1.73409141155487,-6.10869092495222,-5.78962053629983));
#2509=CARTESIAN_POINT('Ctrl Pts',(-4.29228582238608,-4.68100756643595,-6.02120535775182));
#2510=CARTESIAN_POINT('Ctrl Pts',(-5.93700898425607,-2.25493125950017,-6.25279017920381));
#2511=CARTESIAN_POINT('Ctrl Pts',(-6.31728056366988,0.650604704135641,-6.48437500065581));
#2512=CARTESIAN_POINT('Ctrl Pts',(-5.35289950830448,3.41759840982127,-6.7159598221078));
#2513=CARTESIAN_POINT('Ctrl Pts',(-3.2479656819327,5.4575853838531,-6.94754464355979));
#2514=CARTESIAN_POINT('Ctrl Pts',(-0.453218922114747,6.33375392535458,-7.17912946501179));
#2515=CARTESIAN_POINT('Ctrl Pts',(2.76349787341564,5.81341566509119,-7.43644593329178));
#2516=CARTESIAN_POINT('Ctrl Pts',(5.04129352420158,3.8766621733045,-7.66803075474377));
#2517=CARTESIAN_POINT('Ctrl Pts',(6.03662465084484,1.51049950591467,-7.87388392936777));
#2518=CARTESIAN_POINT('Ctrl Pts',(6.27209768624924,-1.04429283486153,-8.07973710399176));
#2519=CARTESIAN_POINT('Ctrl Pts',(5.05517768590362,-4.13777081649847,-8.33705357227176));
#2520=CARTESIAN_POINT('Ctrl Pts',(2.07472735205265,-6.06634334214593,-8.61152447177041));
#2521=CARTESIAN_POINT('Ctrl Pts',(-0.940138392935861,-6.22874293573914,
-8.85168650883174));
#2522=CARTESIAN_POINT('Ctrl Pts',(-4.18793996026498,-5.03927618123486,-9.12615740833039));
#2523=CARTESIAN_POINT('Ctrl Pts',(-6.75883857227648,-1.22303692614797,-9.46924603270372));
#2524=CARTESIAN_POINT('Ctrl Pts',(-5.57680806233184,3.69794615564805,-9.84664351951437));
#2525=CARTESIAN_POINT('Ctrl Pts',(-1.93524365695905,6.23654559090861,-10.1897321438877));
#2526=CARTESIAN_POINT('Ctrl Pts',(2.05073593346475,6.20308250362709,-10.4985119058237));
#2527=CARTESIAN_POINT('Ctrl Pts',(5.27773343998179,3.85048444178867,-10.8072916677597));
#2528=CARTESIAN_POINT('Ctrl Pts',(6.53213079283497,0.0627664965955612,-11.1160714296957));
#2529=CARTESIAN_POINT('Ctrl Pts',(5.34996286188379,-3.74926784104485,-11.4248511916317));
#2530=CARTESIAN_POINT('Ctrl Pts',(2.17044067279969,-6.16151301162823,-11.7336309535677));
#2531=CARTESIAN_POINT('Ctrl Pts',(-1.81874433533967,-6.27454179738088,-12.0424107155036));
#2532=CARTESIAN_POINT('Ctrl Pts',(-5.12954561978892,-4.04524152765748,-12.3511904774396));
#2533=CARTESIAN_POINT('Ctrl Pts',(-6.52534727463968,-0.307112825860631,
-12.6599702393756));
#2534=CARTESIAN_POINT('Ctrl Pts',(-5.48722861134224,3.54804186968947,-12.9687500013116));
#2535=CARTESIAN_POINT('Ctrl Pts',(-2.39898803698438,6.0750046185466,-13.2775297632476));
#2536=CARTESIAN_POINT('Ctrl Pts',(1.58284474538578,6.3377224984866,-13.5863095251836));
#2537=CARTESIAN_POINT('Ctrl Pts',(4.97362283630696,4.23368806014155,-13.8950892871196));
#2538=CARTESIAN_POINT('Ctrl Pts',(6.51102912023107,0.551431729160617,-14.2038690490556));
#2539=CARTESIAN_POINT('Ctrl Pts',(5.61479561559167,-3.33908998033157,-14.5126488109916));
#2540=CARTESIAN_POINT('Ctrl Pts',(2.62489976718616,-5.98209021958163,-14.8214285729276));
#2541=CARTESIAN_POINT('Ctrl Pts',(-1.3445615358106,-6.39279261094071,-15.1302083348635));
#2542=CARTESIAN_POINT('Ctrl Pts',(-4.81435713307157,-4.41796981972567,-15.4389880967995));
#2543=CARTESIAN_POINT('Ctrl Pts',(-6.48326375170698,-0.793444940290997,
-15.7477678587355));
#2544=CARTESIAN_POINT('Ctrl Pts',(-5.73551053520771,3.12692575944568,-16.0565476206715));
#2545=CARTESIAN_POINT('Ctrl Pts',(-2.84689088507579,5.87955209193588,-16.3653273826075));
#2546=CARTESIAN_POINT('Ctrl Pts',(1.10595522024799,6.44011172687504,-16.6741071445435));
#2547=CARTESIAN_POINT('Ctrl Pts',(4.64336076313322,4.59352402052796,-16.9828869064795));
#2548=CARTESIAN_POINT('Ctrl Pts',(6.45001201187076,1.03528430765398,-17.2916666684155));
#2549=CARTESIAN_POINT('Ctrl Pts',(5.84874849775762,-2.91005490048308,-17.6004464303515));
#2550=CARTESIAN_POINT('Ctrl Pts',(3.06462763828163,-5.76924264903846,-17.9092261922875));
#2551=CARTESIAN_POINT('Ctrl Pts',(-0.863377203959859,-6.47558527197376,
-18.2180059542235));
#2552=CARTESIAN_POINT('Ctrl Pts',(-4.4690819531504,-4.76452790123194,-18.5267857161594));
#2553=CARTESIAN_POINT('Ctrl Pts',(-6.40699628461593,-1.27656270702538,-18.8355654780954));
#2554=CARTESIAN_POINT('Ctrl Pts',(-5.95338450368428,2.69071212479461,-19.1443452400314));
#2555=CARTESIAN_POINT('Ctrl Pts',(-3.27852555206771,5.64760365553643,-19.4531250019674));
#2556=CARTESIAN_POINT('Ctrl Pts',(1.05494826819835,6.60660269208822,-19.7962136263407));
#2557=CARTESIAN_POINT('Ctrl Pts',(5.48266677061707,4.15151039107651,-20.1736111131514));
#2558=CARTESIAN_POINT('Ctrl Pts',(6.7539899199002,-1.23225744141553,-20.5853174623994));
#2559=CARTESIAN_POINT('Ctrl Pts',(3.92761262387551,-5.42258321461759,-20.96271494921));
#2560=CARTESIAN_POINT('Ctrl Pts',(-0.380334687468427,-6.51788740405003,
-21.3058035735834));
#2561=CARTESIAN_POINT('Ctrl Pts',(-4.09860308291724,-5.08920686434587,-21.6145833355194));
#2562=CARTESIAN_POINT('Ctrl Pts',(-6.29522526049417,-1.74944968871575,-21.9233630974553));
#2563=CARTESIAN_POINT('Ctrl Pts',(-6.14851321355342,1.90256380239575,-22.2064112125633));
#2564=CARTESIAN_POINT('Ctrl Pts',(-4.35449292654342,4.62200736400934,-22.4637276808433));
#2565=CARTESIAN_POINT('Ctrl Pts',(-1.81690927081986,6.08547764388593,-22.6953125022953));
#2566=CARTESIAN_POINT('Ctrl Pts',(1.10937625801682,6.25316998026248,-22.9268973237473));
#2567=CARTESIAN_POINT('Ctrl Pts',(3.79860253046343,5.08944849902694,-23.1584821451993));
#2568=CARTESIAN_POINT('Ctrl Pts',(5.67940256782354,2.8420649964102,-23.3900669666513));
#2569=CARTESIAN_POINT('Ctrl Pts',(6.35076312695724,-0.0104507963759345,
-23.6216517881033));
#2570=CARTESIAN_POINT('Ctrl Pts',(5.66998884000586,-2.86074339888817,-23.8532366095553));
#2571=CARTESIAN_POINT('Ctrl Pts',(3.78191679056766,-5.10192281911029,-24.0848214310073));
#2572=CARTESIAN_POINT('Ctrl Pts',(1.08861244059937,-6.25679443836271,-24.3164062524593));
#2573=CARTESIAN_POINT('Ctrl Pts',(-1.83649314704696,-6.07946484216702,-24.5479910739113));
#2574=CARTESIAN_POINT('Ctrl Pts',(-4.32984182872793,-4.63133253496217,-24.7758551348006));
#2575=CARTESIAN_POINT('Ctrl Pts',(-5.38767303138654,-3.05089955654197,-24.9265242552059));
#2576=CARTESIAN_POINT('Ctrl Pts',(-5.71394709556593,-2.20712051227874,-24.9999984351272));
#2577=CARTESIAN_POINT('Ctrl Pts',(-0.382399415761257,7.01504835403224,-3.02663520849731E-10));
#2578=CARTESIAN_POINT('Ctrl Pts',(-0.434614577045766,7.00864739761864,-2.8459162152781E-10));
#2579=CARTESIAN_POINT('Ctrl Pts',(-0.486766259854243,7.00164938376402,-2.63282570931822E-10));
#2580=CARTESIAN_POINT('Ctrl Pts',(-0.538844250916842,6.99405104151571,-2.40475882262725E-10));
#2581=CARTESIAN_POINT('Ctrl Pts',(-0.726794589997737,6.96662849750272,-1.58166186814242E-10));
#2582=CARTESIAN_POINT('Ctrl Pts',(-0.913787289624103,6.93138995745044,-5.63510389755038E-11));
#2583=CARTESIAN_POINT('Ctrl Pts',(-1.09934765360589,6.88844210046409,-1.68045022341801E-11));
#2584=CARTESIAN_POINT('Ctrl Pts',(-1.14940409763167,6.8768565605722,-6.13649663035599E-12));
#2585=CARTESIAN_POINT('Ctrl Pts',(-1.19935614400342,6.86470977774093,2.38131005337171E-16));
#2586=CARTESIAN_POINT('Ctrl Pts',(-1.24919407614474,6.85200332733389,2.77555756156289E-16));
#2587=CARTESIAN_POINT('Ctrl Pts',(-1.43027088977567,6.80583681412983,3.31525603689337E-16));
#2588=CARTESIAN_POINT('Ctrl Pts',(-1.60912528361206,6.75246892928581,6.53262870997045E-16));
#2589=CARTESIAN_POINT('Ctrl Pts',(-1.78534912817652,6.69211161832337,7.63278329429795E-16));
#2590=CARTESIAN_POINT('Ctrl Pts',(-1.96243562628535,6.63145884536849,8.73832337145632E-16));
#2591=CARTESIAN_POINT('Ctrl Pts',(-2.13686642481564,6.56374775100803,9.40965091402359E-16));
#2592=CARTESIAN_POINT('Ctrl Pts',(-2.30820902078512,6.48914452681501,9.15933995315754E-16));
#2593=CARTESIAN_POINT('Ctrl Pts',(-2.47853382004325,6.41498445521816,8.91051587108741E-16));
#2594=CARTESIAN_POINT('Ctrl Pts',(-2.64580760290105,6.33401353033789,6.3230653818539E-16));
#2595=CARTESIAN_POINT('Ctrl Pts',(-2.80957797093539,6.24635187234438,4.9960036108132E-16));
#2596=CARTESIAN_POINT('Ctrl Pts',(-2.97037499599796,6.16028176096469,3.69303539123356E-16));
#2597=CARTESIAN_POINT('Ctrl Pts',(-3.12779514466441,6.06776126381969,5.86938863614394E-16));
#2598=CARTESIAN_POINT('Ctrl Pts',(-3.28137566241101,5.9688680736637,5.82867087928207E-16));
#2599=CARTESIAN_POINT('Ctrl Pts',(-3.35750746874149,5.91984546773146,5.80848657189007E-16));
#2600=CARTESIAN_POINT('Ctrl Pts',(-3.43269517555119,5.86925636868576,1.20005611022934E-15));
#2601=CARTESIAN_POINT('Ctrl Pts',(-3.50687862789324,5.81710730996125,1.27675647831893E-15));
#2602=CARTESIAN_POINT('Ctrl Pts',(-3.55102478122507,5.78607369977083,1.34775369615006E-15));
#2603=CARTESIAN_POINT('Ctrl Pts',(-3.59481523712412,5.75448760910465,1.5098694355315E-15));
#2604=CARTESIAN_POINT('Ctrl Pts',(-3.63824052184602,5.72235619628745,1.55431223447522E-15));
#2605=CARTESIAN_POINT('Ctrl Pts',(-3.65516803517675,5.70983112196079,1.5716363827541E-15));
#2606=CARTESIAN_POINT('Ctrl Pts',(-3.67203698161828,5.69722542732206,9.57033847308357E-16));
#2607=CARTESIAN_POINT('Ctrl Pts',(-3.6888402714111,5.68454467995424,9.43689570931383E-16));
#2608=CARTESIAN_POINT('Ctrl Pts',(-3.83466958772937,5.57449333037599,8.2787970721958E-16));
#2609=CARTESIAN_POINT('Ctrl Pts',(-3.97570707853497,5.45868134829891,1.01414704338665E-15));
#2610=CARTESIAN_POINT('Ctrl Pts',(-4.11168715138879,5.33748528930984,8.88178419700125E-16));
#2611=CARTESIAN_POINT('Ctrl Pts',(-4.24859900032119,5.21545875872141,7.61346621375299E-16));
#2612=CARTESIAN_POINT('Ctrl Pts',(-4.38038436454468,5.08797354949538,5.14198028981989E-16));
#2613=CARTESIAN_POINT('Ctrl Pts',(-4.50673538586803,4.95537638789988,5.55111512312578E-16));
#2614=CARTESIAN_POINT('Ctrl Pts',(-4.6322823523047,4.82362302950139,5.9576463616322E-16));
#2615=CARTESIAN_POINT('Ctrl Pts',(-4.75246430694319,4.68682196423675,2.15317202314544E-16));
#2616=CARTESIAN_POINT('Ctrl Pts',(-4.86693669077334,4.54528520612732,1.66533453693773E-16));
#2617=CARTESIAN_POINT('Ctrl Pts',(-4.98010559459427,4.40536010603172,1.18305198362944E-16));
#2618=CARTESIAN_POINT('Ctrl Pts',(-5.08769453871499,4.26080597275323,7.13606923451214E-16));
#2619=CARTESIAN_POINT('Ctrl Pts',(-5.18932369095477,4.11190549847191,7.21644966006352E-16));
#2620=CARTESIAN_POINT('Ctrl Pts',(-5.2277603706259,4.05559055628556,7.24684995959035E-16));
#2621=CARTESIAN_POINT('Ctrl Pts',(-5.26534405802525,3.9986537675829,3.88578058618805E-16));
#2622=CARTESIAN_POINT('Ctrl Pts',(-5.30205227973629,3.94110997038998,3.88578058618805E-16));
#2623=CARTESIAN_POINT('Ctrl Pts',(-5.32109416608717,3.9112599151361,3.88578058618805E-16));
#2624=CARTESIAN_POINT('Ctrl Pts',(-5.33990045771831,3.8812465183649,1.04840397808718E-15));
#2625=CARTESIAN_POINT('Ctrl Pts',(-5.35846789883522,3.85107183348329,1.0547118733939E-15));
#2626=CARTESIAN_POINT('Ctrl Pts',(-5.37549685389322,3.82339740330722,1.06049710061031E-15));
#2627=CARTESIAN_POINT('Ctrl Pts',(-5.39232818416201,3.79558163281161,3.18242262645486E-16));
#2628=CARTESIAN_POINT('Ctrl Pts',(-5.40894148322833,3.76765653156906,3.33066907387547E-16));
#2629=CARTESIAN_POINT('Ctrl Pts',(-5.46044821434774,3.68107946608435,3.79028217517574E-16));
#2630=CARTESIAN_POINT('Ctrl Pts',(-5.50988624926353,3.59341013870167,1.21451928170279E-15));
#2631=CARTESIAN_POINT('Ctrl Pts',(-5.55720550910867,3.50470601547843,1.22124532708767E-15));
#2632=CARTESIAN_POINT('Ctrl Pts',(-5.64148221217339,3.34672190757041,1.24320727326323E-15));
#2633=CARTESIAN_POINT('Ctrl Pts',(-5.71904093062719,3.18545644287059,3.70217209077725E-16));
#2634=CARTESIAN_POINT('Ctrl Pts',(-5.78979595758462,3.02136489412019,4.44089209850063E-16));
#2635=CARTESIAN_POINT('Ctrl Pts',(-5.86083315167717,2.8566189573468,5.18255808076734E-16));
#2636=CARTESIAN_POINT('Ctrl Pts',(-5.92501244007503,2.68902361263568,1.50620417076062E-15));
#2637=CARTESIAN_POINT('Ctrl Pts',(-5.98219681363589,2.5190249883685,1.55431223447522E-15));
#2638=CARTESIAN_POINT('Ctrl Pts',(-6.03873070065479,2.35096014094199,1.60187305694089E-15));
#2639=CARTESIAN_POINT('Ctrl Pts',(-6.08842793806268,2.18054566328331,8.34625444383623E-16));
#2640=CARTESIAN_POINT('Ctrl Pts',(-6.13110587017669,2.00820924739232,7.7715611723761E-16));
#2641=CARTESIAN_POINT('Ctrl Pts',(-6.15929049429055,1.89439780287239,7.3920321503606E-16));
#2642=CARTESIAN_POINT('Ctrl Pts',(-6.18441274908294,1.77974809081759,1.08273988854817E-15));
#2643=CARTESIAN_POINT('Ctrl Pts',(-6.20640765445059,1.66438473482304,1.11022302462516E-15));
#2644=CARTESIAN_POINT('Ctrl Pts',(-6.2158279844028,1.61497507109876,1.12199394182799E-15));
#2645=CARTESIAN_POINT('Ctrl Pts',(-6.22467451650702,1.56543452279245,5.73048148050224E-16));
#2646=CARTESIAN_POINT('Ctrl Pts',(-6.23294157936945,1.5157730169635,5.55111512312578E-16));
#2647=CARTESIAN_POINT('Ctrl Pts',(-6.23698148275097,1.49150470200466,5.46346334573459E-16));
#2648=CARTESIAN_POINT('Ctrl Pts',(-6.24088324587678,1.46720592206664,8.78865418352311E-16));
#2649=CARTESIAN_POINT('Ctrl Pts',(-6.24464541489924,1.44288278698509,8.88178419700125E-16));
#2650=CARTESIAN_POINT('Ctrl Pts',(-6.27153297402356,1.26904962619663,9.5473679941927E-16));
#2651=CARTESIAN_POINT('Ctrl Pts',(-6.29122744227011,1.09441393509751,6.19151429090992E-16));
#2652=CARTESIAN_POINT('Ctrl Pts',(-6.30360193934833,0.919400297750043,6.66133814775094E-16));
#2653=CARTESIAN_POINT('Ctrl Pts',(-6.31077107899384,0.818006503878555,6.93352964104508E-16));
#2654=CARTESIAN_POINT('Ctrl Pts',(-6.31548236003921,0.716485764178459,6.20768565892737E-16));
#2655=CARTESIAN_POINT('Ctrl Pts',(-6.31770308589507,0.614920856641235,6.66133814775094E-16));
#2656=CARTESIAN_POINT('Ctrl Pts',(-6.3215531507184,0.4388381237083,8.55805694114943E-16));
#2657=CARTESIAN_POINT('Ctrl Pts',(-6.31792003878833,0.262621681327872,6.59322201675045E-16));
#2658=CARTESIAN_POINT('Ctrl Pts',(-6.30687331595535,0.0867344580368528,
5.55111512312578E-16));
#2659=CARTESIAN_POINT('Ctrl Pts',(-6.30065043811644,-0.0123469365554466,
4.96407188938424E-16));
#2660=CARTESIAN_POINT('Ctrl Pts',(-6.292074062003,-0.111323631046305,1.11354591085388E-15));
#2661=CARTESIAN_POINT('Ctrl Pts',(-6.28114980814339,-0.210110249470192,
1.11022302462516E-15));
#2662=CARTESIAN_POINT('Ctrl Pts',(-6.27490179323489,-0.26661024229402,1.10832253394056E-15));
#2663=CARTESIAN_POINT('Ctrl Pts',(-6.26788566380886,-0.323048017694305,
4.3458675642708E-16));
#2664=CARTESIAN_POINT('Ctrl Pts',(-6.26010177818906,-0.379407223855597,
4.44089209850063E-16));
#2665=CARTESIAN_POINT('Ctrl Pts',(-6.25682837915215,-0.40310826215199,4.48085327393721E-16));
#2666=CARTESIAN_POINT('Ctrl Pts',(-6.25341884733883,-0.42679771625422,1.0862463193632E-16));
#2667=CARTESIAN_POINT('Ctrl Pts',(-6.24987432639274,-0.450466770338147,
1.11022302462516E-16));
#2668=CARTESIAN_POINT('Ctrl Pts',(-6.22416178582551,-0.622165999254267,
1.28415400601666E-16));
#2669=CARTESIAN_POINT('Ctrl Pts',(-6.19139051604259,-0.792531797830554,
6.0729080673003E-16));
#2670=CARTESIAN_POINT('Ctrl Pts',(-6.15166268370913,-0.961127380108904,
5.55111512312578E-16));
#2671=CARTESIAN_POINT('Ctrl Pts',(-6.11210297996035,-1.12900946419303,5.03153041192152E-16));
#2672=CARTESIAN_POINT('Ctrl Pts',(-6.0656452073661,-1.29513696983571,-1.20052050503454E-16));
#2673=CARTESIAN_POINT('Ctrl Pts',(-6.01234220890427,-1.45906032343684,-2.22044604925031E-16));
#2674=CARTESIAN_POINT('Ctrl Pts',(-5.95994958878693,-1.62018397954287,-3.22295197064487E-16));
#2675=CARTESIAN_POINT('Ctrl Pts',(-5.90094324559212,-1.77917869954361,1.42600739456028E-16));
#2676=CARTESIAN_POINT('Ctrl Pts',(-5.83533133569394,-1.93559064318319,2.22044604925031E-16));
#2677=CARTESIAN_POINT('Ctrl Pts',(-5.79700102285597,-2.02696610749454,2.68455511438965E-16));
#2678=CARTESIAN_POINT('Ctrl Pts',(-5.75641555307469,-2.11745955575229,1.87853669223064E-17));
#2679=CARTESIAN_POINT('Ctrl Pts',(-5.7135703764075,-2.20697497807262,0.));
#2680=CARTESIAN_POINT('Ctrl Pts',(0.333367580643984,-6.11592111265144,0.624999999293701));
#2681=CARTESIAN_POINT('Ctrl Pts',(-0.604445569729046,-6.16703957792877,
0.548735118343422));
#2682=CARTESIAN_POINT('Ctrl Pts',(-2.50327523900928,-5.83061431967542,0.396205356442864));
#2683=CARTESIAN_POINT('Ctrl Pts',(-4.83198882754481,-4.11237868307128,0.167410713592028));
#2684=CARTESIAN_POINT('Ctrl Pts',(-6.15525660256793,-1.54111278332875,-0.0613839292588087));
#2685=CARTESIAN_POINT('Ctrl Pts',(-6.20018521669748,1.35506044568011,-0.290178572109645));
#2686=CARTESIAN_POINT('Ctrl Pts',(-4.95333364653728,3.96007479632729,-0.518973214960482));
#2687=CARTESIAN_POINT('Ctrl Pts',(-1.92596789728434,6.36446039416879,-0.824032738761598));
#2688=CARTESIAN_POINT('Ctrl Pts',(3.27907670748433,6.25602074327798,-1.20535714351299));
#2689=CARTESIAN_POINT('Ctrl Pts',(6.96706296496842,1.16248981496477,-1.66294642921466));
#2690=CARTESIAN_POINT('Ctrl Pts',(5.44515411395662,-3.81640686425356,-2.04427083396606));
#2691=CARTESIAN_POINT('Ctrl Pts',(2.21618462182952,-5.94192384947509,-2.34933035776718));
#2692=CARTESIAN_POINT('Ctrl Pts',(-0.648428937646735,-6.31345930729369,
-2.57812500061801));
#2693=CARTESIAN_POINT('Ctrl Pts',(-3.38464255593499,-5.36647598764387,-2.80691964346885));
#2694=CARTESIAN_POINT('Ctrl Pts',(-5.64316068703349,-3.07857588891967,-3.06113591330311));
#2695=CARTESIAN_POINT('Ctrl Pts',(-6.51018547120928,0.423697013608896,-3.3407738101208));
#2696=CARTESIAN_POINT('Ctrl Pts',(-5.07591923906168,4.0967116695979,-3.64583333392192));
#2697=CARTESIAN_POINT('Ctrl Pts',(-1.79792882107027,6.26692309025247,-3.95089285772303));
#2698=CARTESIAN_POINT('Ctrl Pts',(2.5860736354442,6.16184002686032,-4.28984788416872));
#2699=CARTESIAN_POINT('Ctrl Pts',(6.25505986373641,2.78260484701739,-4.66269841325897));
#2700=CARTESIAN_POINT('Ctrl Pts',(6.30294885831908,-1.75335668402842,-5.00165343970465));
#2701=CARTESIAN_POINT('Ctrl Pts',(4.34750257718519,-4.55143501669887,-5.2728174608612));
#2702=CARTESIAN_POINT('Ctrl Pts',(1.46488597737794,-6.37163329972052,-5.54398148201775));
#2703=CARTESIAN_POINT('Ctrl Pts',(-3.0710339201766,-6.13024275769421,-5.88293650846343));
#2704=CARTESIAN_POINT('Ctrl Pts',(-6.56175498215987,-1.94993791581184,-6.28968254019825));
#2705=CARTESIAN_POINT('Ctrl Pts',(-5.92114358616283,3.46080046256727,-6.69642857193307));
#2706=CARTESIAN_POINT('Ctrl Pts',(-1.51958036256272,6.67491956684511,-7.10317460366789));
#2707=CARTESIAN_POINT('Ctrl Pts',(3.83322066558524,5.68284378428235,-7.50992063540271));
#2708=CARTESIAN_POINT('Ctrl Pts',(6.76448942575024,1.08582612646187,-7.91666666713754));
#2709=CARTESIAN_POINT('Ctrl Pts',(5.42146519640106,-4.19677203478201,-8.32341269887235));
#2710=CARTESIAN_POINT('Ctrl Pts',(0.64273876950449,-6.8159262288939,-8.73015873060718));
#2711=CARTESIAN_POINT('Ctrl Pts',(-4.09912334029526,-5.27681648539921,-9.10300925969743));
#2712=CARTESIAN_POINT('Ctrl Pts',(-6.34320616424937,-1.50837754009249,-9.44196428614311));
#2713=CARTESIAN_POINT('Ctrl Pts',(-6.05990405641145,2.41336968838735,-9.74702380994423));
#2714=CARTESIAN_POINT('Ctrl Pts',(-3.56364543536377,5.46387239051398,-10.0520833337453));
#2715=CARTESIAN_POINT('Ctrl Pts',(0.230238448963685,6.51770764138822,-10.3571428575465));
#2716=CARTESIAN_POINT('Ctrl Pts',(3.94013285298749,5.19872024010459,-10.6622023813476));
#2717=CARTESIAN_POINT('Ctrl Pts',(6.21522484843908,1.97990264961284,-10.9672619051487));
#2718=CARTESIAN_POINT('Ctrl Pts',(6.22044552769034,-1.95290794589233,-11.2723214289498));
#2719=CARTESIAN_POINT('Ctrl Pts',(3.71736417559129,-5.55251394972484,-11.6112764553955));
#2720=CARTESIAN_POINT('Ctrl Pts',(-1.12609248568967,-6.76009613380047,-11.9841269844857));
#2721=CARTESIAN_POINT('Ctrl Pts',(-5.69884066264271,-3.79664327421978,-12.3908730162206));
#2722=CARTESIAN_POINT('Ctrl Pts',(-6.67085772667801,1.55948226925132,-12.7976190479554));
#2723=CARTESIAN_POINT('Ctrl Pts',(-3.42242529635336,5.94021526128984,-13.2043650796902));
#2724=CARTESIAN_POINT('Ctrl Pts',(1.98720985037649,6.55032298214408,-13.611111111425));
#2725=CARTESIAN_POINT('Ctrl Pts',(6.15014685468258,3.03545371229578,-14.0178571431598));
#2726=CARTESIAN_POINT('Ctrl Pts',(6.41373772593143,-2.41271478796551,-14.4246031748947));
#2727=CARTESIAN_POINT('Ctrl Pts',(2.6242038473832,-6.32565763930069,-14.8313492066295));
#2728=CARTESIAN_POINT('Ctrl Pts',(-1.9104200846593,-6.25224250249453,-15.1703042330752));
#2729=CARTESIAN_POINT('Ctrl Pts',(-4.65836311276246,-4.23280660494953,-15.4414682542317));
#2730=CARTESIAN_POINT('Ctrl Pts',(-6.41092254144244,-1.30422524882353,-15.7126322753883));
#2731=CARTESIAN_POINT('Ctrl Pts',(-6.04328276496854,3.21707970846197,-16.0515873018339));
#2732=CARTESIAN_POINT('Ctrl Pts',(-2.14481309623346,6.32889307707017,-16.4244378309242));
#2733=CARTESIAN_POINT('Ctrl Pts',(2.23545276918606,6.12458228889705,-16.7633928573699));
#2734=CARTESIAN_POINT('Ctrl Pts',(5.35265503676835,3.72811725190008,-17.068452381171));
#2735=CARTESIAN_POINT('Ctrl Pts',(6.52319704470942,-0.036065329954114,-17.3735119049721));
#2736=CARTESIAN_POINT('Ctrl Pts',(5.31264259987663,-3.78246874672087,-17.6785714287732));
#2737=CARTESIAN_POINT('Ctrl Pts',(2.1682548506693,-6.15281999185418,-17.9836309525743));
#2738=CARTESIAN_POINT('Ctrl Pts',(-1.77181015437012,-6.27662599380127,-18.2886904763755));
#2739=CARTESIAN_POINT('Ctrl Pts',(-5.05586540707495,-4.11808441052373,-18.5937500001766));
#2740=CARTESIAN_POINT('Ctrl Pts',(-6.68312334242429,-0.037146995188726,
-18.9327050266223));
#2741=CARTESIAN_POINT('Ctrl Pts',(-5.31834575356492,3.79446546736493,-19.2377645504234));
#2742=CARTESIAN_POINT('Ctrl Pts',(-2.17944485132402,6.01482733920691,-19.5428240742245));
#2743=CARTESIAN_POINT('Ctrl Pts',(1.29208126010807,6.39490650855323,-19.813988095381));
#2744=CARTESIAN_POINT('Ctrl Pts',(4.73975150340068,4.48044522644537,-20.1190476191822));
#2745=CARTESIAN_POINT('Ctrl Pts',(6.4534969293716,0.938466258342237,-20.4241071429833));
#2746=CARTESIAN_POINT('Ctrl Pts',(5.8193626120902,-2.95131773405904,-20.7291666667844));
#2747=CARTESIAN_POINT('Ctrl Pts',(3.06129186230946,-5.75543799177662,-21.0342261905855));
#2748=CARTESIAN_POINT('Ctrl Pts',(-1.46368571963659,-6.60538409363836,-21.3901289683535));
#2749=CARTESIAN_POINT('Ctrl Pts',(-6.10589740754876,-3.55277434035973,-21.7968750000883));
#2750=CARTESIAN_POINT('Ctrl Pts',(-6.51712179893345,2.72233364488232,-22.25446428579));
#2751=CARTESIAN_POINT('Ctrl Pts',(-2.58035249396184,6.1284557421646,-22.6357886905414));
#2752=CARTESIAN_POINT('Ctrl Pts',(1.28497449560305,6.21019756412157,-22.9408482143425));
#2753=CARTESIAN_POINT('Ctrl Pts',(3.9075817937414,5.00088690789271,-23.1696428571933));
#2754=CARTESIAN_POINT('Ctrl Pts',(5.72181812090114,2.74290604306387,-23.3984375000441));
#2755=CARTESIAN_POINT('Ctrl Pts',(6.34456612287254,-0.0811572348149855,
-23.627232142895));
#2756=CARTESIAN_POINT('Ctrl Pts',(5.64902525198371,-2.89014680904764,-23.8560267857458));
#2757=CARTESIAN_POINT('Ctrl Pts',(3.77863039129057,-5.09739917267973,-24.0848214285966));
#2758=CARTESIAN_POINT('Ctrl Pts',(1.12276273534042,-6.24515912518713,-24.3136160714475));
#2759=CARTESIAN_POINT('Ctrl Pts',(-1.76650584414724,-6.09438690627955,-24.5424107142983));
#2760=CARTESIAN_POINT('Ctrl Pts',(-4.28856697197438,-4.6763537858819,-24.7712053571492));
#2761=CARTESIAN_POINT('Ctrl Pts',(-5.37515362464465,-3.08309181082471,-24.9237351190497));
#2762=CARTESIAN_POINT('Ctrl Pts',(-5.71357037640743,-2.2069749780728,-25.));
#2763=CARTESIAN_POINT('Ctrl Pts',(0.333367580643984,-6.11592111265144,0.416666666195801));
#2764=CARTESIAN_POINT('Ctrl Pts',(-0.604445569729046,-6.16703957792877,
0.340401785245522));
#2765=CARTESIAN_POINT('Ctrl Pts',(-2.50327523900928,-5.83061431967542,0.187872023344964));
#2766=CARTESIAN_POINT('Ctrl Pts',(-4.83198882754481,-4.11237868307128,-0.0409226195058724));
#2767=CARTESIAN_POINT('Ctrl Pts',(-6.15525660256793,-1.54111278332875,-0.269717262356709));
#2768=CARTESIAN_POINT('Ctrl Pts',(-6.20018521669748,1.35506044568011,-0.498511905207546));
#2769=CARTESIAN_POINT('Ctrl Pts',(-4.95333364653728,3.96007479632729,-0.727306548058382));
#2770=CARTESIAN_POINT('Ctrl Pts',(-1.92596789728434,6.36446039416879,-1.0323660718595));
#2771=CARTESIAN_POINT('Ctrl Pts',(3.27907670748433,6.25602074327798,-1.41369047661089));
#2772=CARTESIAN_POINT('Ctrl Pts',(6.96706296496842,1.16248981496477,-1.87127976231256));
#2773=CARTESIAN_POINT('Ctrl Pts',(5.44515411395663,-3.81640686425357,-2.25260416706396));
#2774=CARTESIAN_POINT('Ctrl Pts',(2.21618462182952,-5.94192384947509,-2.55766369086508));
#2775=CARTESIAN_POINT('Ctrl Pts',(-0.648428937646733,-6.3134593072937,-2.78645833371591));
#2776=CARTESIAN_POINT('Ctrl Pts',(-3.38464255593499,-5.36647598764386,-3.01525297656675));
#2777=CARTESIAN_POINT('Ctrl Pts',(-5.64316068703349,-3.07857588891967,-3.26946924640101));
#2778=CARTESIAN_POINT('Ctrl Pts',(-6.51018547120928,0.423697013608898,-3.5491071432187));
#2779=CARTESIAN_POINT('Ctrl Pts',(-5.07591923906168,4.09671166959789,-3.85416666701982));
#2780=CARTESIAN_POINT('Ctrl Pts',(-1.79792882107027,6.26692309025247,-4.15922619082093));
#2781=CARTESIAN_POINT('Ctrl Pts',(2.5860736354442,6.16184002686032,-4.49818121726662));
#2782=CARTESIAN_POINT('Ctrl Pts',(6.25505986373641,2.78260484701739,-4.87103174635687));
#2783=CARTESIAN_POINT('Ctrl Pts',(6.30294885831908,-1.75335668402842,-5.20998677280255));
#2784=CARTESIAN_POINT('Ctrl Pts',(4.34750257718519,-4.55143501669887,-5.4811507939591));
#2785=CARTESIAN_POINT('Ctrl Pts',(1.46488597737794,-6.37163329972051,-5.75231481511565));
#2786=CARTESIAN_POINT('Ctrl Pts',(-3.0710339201766,-6.13024275769421,-6.09126984156133));
#2787=CARTESIAN_POINT('Ctrl Pts',(-6.56175498215987,-1.94993791581184,-6.49801587329615));
#2788=CARTESIAN_POINT('Ctrl Pts',(-5.92114358616283,3.46080046256727,-6.90476190503097));
#2789=CARTESIAN_POINT('Ctrl Pts',(-1.51958036256272,6.67491956684511,-7.3115079367658));
#2790=CARTESIAN_POINT('Ctrl Pts',(3.83322066558524,5.68284378428235,-7.71825396850061));
#2791=CARTESIAN_POINT('Ctrl Pts',(6.76448942575024,1.08582612646187,-8.12500000023543));
#2792=CARTESIAN_POINT('Ctrl Pts',(5.42146519640106,-4.19677203478201,-8.53174603197025));
#2793=CARTESIAN_POINT('Ctrl Pts',(0.642738769504491,-6.8159262288939,-8.93849206370507));
#2794=CARTESIAN_POINT('Ctrl Pts',(-4.09912334029527,-5.27681648539921,-9.31134259279533));
#2795=CARTESIAN_POINT('Ctrl Pts',(-6.34320616424937,-1.50837754009248,-9.65029761924102));
#2796=CARTESIAN_POINT('Ctrl Pts',(-6.05990405641145,2.41336968838735,-9.95535714304213));
#2797=CARTESIAN_POINT('Ctrl Pts',(-3.56364543536377,5.46387239051398,-10.2604166668432));
#2798=CARTESIAN_POINT('Ctrl Pts',(0.230238448963685,6.51770764138822,-10.5654761906444));
#2799=CARTESIAN_POINT('Ctrl Pts',(3.94013285298748,5.19872024010459,-10.8705357144455));
#2800=CARTESIAN_POINT('Ctrl Pts',(6.21522484843908,1.97990264961284,-11.1755952382466));
#2801=CARTESIAN_POINT('Ctrl Pts',(6.22044552769034,-1.95290794589232,-11.4806547620477));
#2802=CARTESIAN_POINT('Ctrl Pts',(3.71736417559129,-5.55251394972484,-11.8196097884934));
#2803=CARTESIAN_POINT('Ctrl Pts',(-1.12609248568967,-6.76009613380047,-12.1924603175836));
#2804=CARTESIAN_POINT('Ctrl Pts',(-5.69884066264271,-3.79664327421978,-12.5992063493185));
#2805=CARTESIAN_POINT('Ctrl Pts',(-6.67085772667801,1.55948226925132,-13.0059523810533));
#2806=CARTESIAN_POINT('Ctrl Pts',(-3.42242529635336,5.94021526128984,-13.4126984127881));
#2807=CARTESIAN_POINT('Ctrl Pts',(1.98720985037649,6.55032298214408,-13.8194444445229));
#2808=CARTESIAN_POINT('Ctrl Pts',(6.15014685468258,3.03545371229578,-14.2261904762577));
#2809=CARTESIAN_POINT('Ctrl Pts',(6.41373772593142,-2.41271478796551,-14.6329365079926));
#2810=CARTESIAN_POINT('Ctrl Pts',(2.6242038473832,-6.3256576393007,-15.0396825397274));
#2811=CARTESIAN_POINT('Ctrl Pts',(-1.9104200846593,-6.25224250249453,-15.3786375661731));
#2812=CARTESIAN_POINT('Ctrl Pts',(-4.65836311276246,-4.23280660494953,-15.6498015873296));
#2813=CARTESIAN_POINT('Ctrl Pts',(-6.41092254144244,-1.30422524882353,-15.9209656084862));
#2814=CARTESIAN_POINT('Ctrl Pts',(-6.04328276496854,3.21707970846197,-16.2599206349318));
#2815=CARTESIAN_POINT('Ctrl Pts',(-2.14481309623346,6.32889307707018,-16.6327711640221));
#2816=CARTESIAN_POINT('Ctrl Pts',(2.23545276918606,6.12458228889705,-16.9717261904678));
#2817=CARTESIAN_POINT('Ctrl Pts',(5.35265503676835,3.72811725190008,-17.2767857142689));
#2818=CARTESIAN_POINT('Ctrl Pts',(6.52319704470943,-0.0360653299541113,
-17.58184523807));
#2819=CARTESIAN_POINT('Ctrl Pts',(5.31264259987662,-3.78246874672087,-17.8869047618711));
#2820=CARTESIAN_POINT('Ctrl Pts',(2.1682548506693,-6.15281999185418,-18.1919642856722));
#2821=CARTESIAN_POINT('Ctrl Pts',(-1.77181015437012,-6.27662599380128,-18.4970238094734));
#2822=CARTESIAN_POINT('Ctrl Pts',(-5.05586540707495,-4.11808441052373,-18.8020833332745));
#2823=CARTESIAN_POINT('Ctrl Pts',(-6.68312334242429,-0.0371469951887288,
-19.1410383597202));
#2824=CARTESIAN_POINT('Ctrl Pts',(-5.31834575356492,3.79446546736493,-19.4460978835213));
#2825=CARTESIAN_POINT('Ctrl Pts',(-2.17944485132402,6.01482733920691,-19.7511574073224));
#2826=CARTESIAN_POINT('Ctrl Pts',(1.29208126010807,6.39490650855323,-20.0223214284789));
#2827=CARTESIAN_POINT('Ctrl Pts',(4.73975150340068,4.48044522644537,-20.3273809522801));
#2828=CARTESIAN_POINT('Ctrl Pts',(6.4534969293716,0.938466258342237,-20.6324404760812));
#2829=CARTESIAN_POINT('Ctrl Pts',(5.8193626120902,-2.95131773405904,-20.9374999998823));
#2830=CARTESIAN_POINT('Ctrl Pts',(3.06129186230946,-5.75543799177662,-21.2425595236834));
#2831=CARTESIAN_POINT('Ctrl Pts',(-1.4636857196366,-6.60538409363836,-21.5984623014514));
#2832=CARTESIAN_POINT('Ctrl Pts',(-6.10589740754876,-3.55277434035973,-22.0052083331862));
#2833=CARTESIAN_POINT('Ctrl Pts',(-6.51712179893345,2.72233364488233,-22.4627976188879));
#2834=CARTESIAN_POINT('Ctrl Pts',(-2.58035249396184,6.12845574216461,-22.8441220236393));
#2835=CARTESIAN_POINT('Ctrl Pts',(1.28497449560305,6.21019756412157,-23.1491815474404));
#2836=CARTESIAN_POINT('Ctrl Pts',(3.9075817937414,5.00088690789271,-23.3779761902912));
#2837=CARTESIAN_POINT('Ctrl Pts',(5.72181812090114,2.74290604306387,-23.6067708331421));
#2838=CARTESIAN_POINT('Ctrl Pts',(6.34456612287254,-0.0811572348149824,
-23.8355654759929));
#2839=CARTESIAN_POINT('Ctrl Pts',(5.64902525198371,-2.89014680904764,-24.0643601188437));
#2840=CARTESIAN_POINT('Ctrl Pts',(3.77863039129057,-5.09739917267973,-24.2931547616946));
#2841=CARTESIAN_POINT('Ctrl Pts',(1.12276273534042,-6.24515912518713,-24.5219494045454));
#2842=CARTESIAN_POINT('Ctrl Pts',(-1.76650584414724,-6.09438690627955,-24.7507440473962));
#2843=CARTESIAN_POINT('Ctrl Pts',(-4.28856697197438,-4.6763537858819,-24.9795386902471));
#2844=CARTESIAN_POINT('Ctrl Pts',(-5.37515362464465,-3.0830918108247,-25.1320684521476));
#2845=CARTESIAN_POINT('Ctrl Pts',(-5.71357037640743,-2.2069749780728,-25.2083333330979));
#2846=CARTESIAN_POINT('Ctrl Pts',(0.333367580643984,-6.11592111265144,0.2083333330979));
#2847=CARTESIAN_POINT('Ctrl Pts',(-0.604445569729045,-6.16703957792877,
0.132068452147621));
#2848=CARTESIAN_POINT('Ctrl Pts',(-2.50327523900928,-5.83061431967542,-0.0204613097529363));
#2849=CARTESIAN_POINT('Ctrl Pts',(-4.83198882754481,-4.11237868307128,-0.249255952603773));
#2850=CARTESIAN_POINT('Ctrl Pts',(-6.15525660256793,-1.54111278332875,-0.478050595454609));
#2851=CARTESIAN_POINT('Ctrl Pts',(-6.20018521669748,1.35506044568011,-0.706845238305446));
#2852=CARTESIAN_POINT('Ctrl Pts',(-4.95333364653728,3.96007479632729,-0.935639881156283));
#2853=CARTESIAN_POINT('Ctrl Pts',(-1.92596789728435,6.36446039416879,-1.2406994049574));
#2854=CARTESIAN_POINT('Ctrl Pts',(3.27907670748433,6.25602074327798,-1.62202380970879));
#2855=CARTESIAN_POINT('Ctrl Pts',(6.96706296496841,1.16248981496477,-2.07961309541047));
#2856=CARTESIAN_POINT('Ctrl Pts',(5.44515411395663,-3.81640686425356,-2.46093750016186));
#2857=CARTESIAN_POINT('Ctrl Pts',(2.21618462182952,-5.94192384947509,-2.76599702396297));
#2858=CARTESIAN_POINT('Ctrl Pts',(-0.648428937646737,-6.31345930729369,
-2.99479166681381));
#2859=CARTESIAN_POINT('Ctrl Pts',(-3.38464255593499,-5.36647598764387,-3.22358630966465));
#2860=CARTESIAN_POINT('Ctrl Pts',(-5.64316068703349,-3.07857588891967,-3.47780257949891));
#2861=CARTESIAN_POINT('Ctrl Pts',(-6.51018547120928,0.423697013608895,-3.7574404763166));
#2862=CARTESIAN_POINT('Ctrl Pts',(-5.07591923906168,4.0967116695979,-4.06250000011772));
#2863=CARTESIAN_POINT('Ctrl Pts',(-1.79792882107027,6.26692309025247,-4.36755952391883));
#2864=CARTESIAN_POINT('Ctrl Pts',(2.5860736354442,6.16184002686033,-4.70651455036452));
#2865=CARTESIAN_POINT('Ctrl Pts',(6.25505986373641,2.78260484701739,-5.07936507945477));
#2866=CARTESIAN_POINT('Ctrl Pts',(6.30294885831907,-1.75335668402842,-5.41832010590045));
#2867=CARTESIAN_POINT('Ctrl Pts',(4.34750257718519,-4.55143501669887,-5.689484127057));
#2868=CARTESIAN_POINT('Ctrl Pts',(1.46488597737794,-6.37163329972052,-5.96064814821355));
#2869=CARTESIAN_POINT('Ctrl Pts',(-3.07103392017661,-6.13024275769421,-6.29960317465923));
#2870=CARTESIAN_POINT('Ctrl Pts',(-6.56175498215987,-1.94993791581184,-6.70634920639405));
#2871=CARTESIAN_POINT('Ctrl Pts',(-5.92114358616282,3.46080046256727,-7.11309523812887));
#2872=CARTESIAN_POINT('Ctrl Pts',(-1.51958036256272,6.6749195668451,-7.51984126986369));
#2873=CARTESIAN_POINT('Ctrl Pts',(3.83322066558524,5.68284378428235,-7.92658730159851));
#2874=CARTESIAN_POINT('Ctrl Pts',(6.76448942575024,1.08582612646187,-8.33333333333334));
#2875=CARTESIAN_POINT('Ctrl Pts',(5.42146519640106,-4.19677203478201,-8.74007936506815));
#2876=CARTESIAN_POINT('Ctrl Pts',(0.642738769504489,-6.8159262288939,-9.14682539680297));
#2877=CARTESIAN_POINT('Ctrl Pts',(-4.09912334029526,-5.27681648539921,-9.51967592589323));
#2878=CARTESIAN_POINT('Ctrl Pts',(-6.34320616424937,-1.50837754009249,-9.85863095233892));
#2879=CARTESIAN_POINT('Ctrl Pts',(-6.05990405641145,2.41336968838735,-10.16369047614));
#2880=CARTESIAN_POINT('Ctrl Pts',(-3.56364543536377,5.46387239051398,-10.4687499999411));
#2881=CARTESIAN_POINT('Ctrl Pts',(0.230238448963685,6.51770764138822,-10.7738095237423));
#2882=CARTESIAN_POINT('Ctrl Pts',(3.94013285298748,5.19872024010458,-11.0788690475434));
#2883=CARTESIAN_POINT('Ctrl Pts',(6.21522484843908,1.97990264961284,-11.3839285713445));
#2884=CARTESIAN_POINT('Ctrl Pts',(6.22044552769034,-1.95290794589233,-11.6889880951456));
#2885=CARTESIAN_POINT('Ctrl Pts',(3.71736417559129,-5.55251394972483,-12.0279431215913));
#2886=CARTESIAN_POINT('Ctrl Pts',(-1.12609248568967,-6.76009613380047,-12.4007936506815));
#2887=CARTESIAN_POINT('Ctrl Pts',(-5.69884066264271,-3.79664327421978,-12.8075396824164));
#2888=CARTESIAN_POINT('Ctrl Pts',(-6.67085772667802,1.55948226925133,-13.2142857141512));
#2889=CARTESIAN_POINT('Ctrl Pts',(-3.42242529635336,5.94021526128984,-13.621031745886));
#2890=CARTESIAN_POINT('Ctrl Pts',(1.98720985037649,6.55032298214408,-14.0277777776208));
#2891=CARTESIAN_POINT('Ctrl Pts',(6.15014685468258,3.03545371229577,-14.4345238093556));
#2892=CARTESIAN_POINT('Ctrl Pts',(6.41373772593143,-2.41271478796551,-14.8412698410905));
#2893=CARTESIAN_POINT('Ctrl Pts',(2.6242038473832,-6.32565763930069,-15.2480158728253));
#2894=CARTESIAN_POINT('Ctrl Pts',(-1.9104200846593,-6.25224250249453,-15.586970899271));
#2895=CARTESIAN_POINT('Ctrl Pts',(-4.65836311276246,-4.23280660494953,-15.8581349204275));
#2896=CARTESIAN_POINT('Ctrl Pts',(-6.41092254144244,-1.30422524882353,-16.1292989415841));
#2897=CARTESIAN_POINT('Ctrl Pts',(-6.04328276496853,3.21707970846197,-16.4682539680297));
#2898=CARTESIAN_POINT('Ctrl Pts',(-2.14481309623346,6.32889307707017,-16.84110449712));
#2899=CARTESIAN_POINT('Ctrl Pts',(2.23545276918606,6.12458228889705,-17.1800595235657));
#2900=CARTESIAN_POINT('Ctrl Pts',(5.35265503676835,3.72811725190008,-17.4851190473668));
#2901=CARTESIAN_POINT('Ctrl Pts',(6.52319704470942,-0.0360653299541172,
-17.7901785711679));
#2902=CARTESIAN_POINT('Ctrl Pts',(5.31264259987663,-3.78246874672087,-18.095238094969));
#2903=CARTESIAN_POINT('Ctrl Pts',(2.1682548506693,-6.15281999185418,-18.4002976187701));
#2904=CARTESIAN_POINT('Ctrl Pts',(-1.77181015437012,-6.27662599380127,-18.7053571425713));
#2905=CARTESIAN_POINT('Ctrl Pts',(-5.05586540707495,-4.11808441052373,-19.0104166663724));
#2906=CARTESIAN_POINT('Ctrl Pts',(-6.68312334242429,-0.0371469951887236,
-19.3493716928181));
#2907=CARTESIAN_POINT('Ctrl Pts',(-5.31834575356492,3.79446546736493,-19.6544312166192));
#2908=CARTESIAN_POINT('Ctrl Pts',(-2.17944485132402,6.01482733920691,-19.9594907404203));
#2909=CARTESIAN_POINT('Ctrl Pts',(1.29208126010807,6.39490650855322,-20.2306547615768));
#2910=CARTESIAN_POINT('Ctrl Pts',(4.73975150340069,4.48044522644537,-20.535714285378));
#2911=CARTESIAN_POINT('Ctrl Pts',(6.4534969293716,0.938466258342236,-20.8407738091791));
#2912=CARTESIAN_POINT('Ctrl Pts',(5.8193626120902,-2.95131773405903,-21.1458333329802));
#2913=CARTESIAN_POINT('Ctrl Pts',(3.06129186230946,-5.75543799177662,-21.4508928567813));
#2914=CARTESIAN_POINT('Ctrl Pts',(-1.46368571963659,-6.60538409363836,-21.8067956345493));
#2915=CARTESIAN_POINT('Ctrl Pts',(-6.10589740754876,-3.55277434035973,-22.2135416662841));
#2916=CARTESIAN_POINT('Ctrl Pts',(-6.51712179893345,2.72233364488232,-22.6711309519858));
#2917=CARTESIAN_POINT('Ctrl Pts',(-2.58035249396184,6.1284557421646,-23.0524553567372));
#2918=CARTESIAN_POINT('Ctrl Pts',(1.28497449560305,6.21019756412157,-23.3575148805383));
#2919=CARTESIAN_POINT('Ctrl Pts',(3.90758179374139,5.00088690789271,-23.5863095233891));
#2920=CARTESIAN_POINT('Ctrl Pts',(5.72181812090114,2.74290604306387,-23.8151041662399));
#2921=CARTESIAN_POINT('Ctrl Pts',(6.34456612287254,-0.0811572348149877,
-24.0438988090908));
#2922=CARTESIAN_POINT('Ctrl Pts',(5.64902525198371,-2.89014680904764,-24.2726934519416));
#2923=CARTESIAN_POINT('Ctrl Pts',(3.77863039129057,-5.09739917267973,-24.5014880947925));
#2924=CARTESIAN_POINT('Ctrl Pts',(1.12276273534042,-6.24515912518713,-24.7302827376433));
#2925=CARTESIAN_POINT('Ctrl Pts',(-1.76650584414724,-6.09438690627955,-24.9590773804941));
#2926=CARTESIAN_POINT('Ctrl Pts',(-4.28856697197438,-4.6763537858819,-25.187872023345));
#2927=CARTESIAN_POINT('Ctrl Pts',(-5.37515362464465,-3.08309181082471,-25.3404017852455));
#2928=CARTESIAN_POINT('Ctrl Pts',(-5.71357037640743,-2.2069749780728,-25.4166666661958));
#2929=CARTESIAN_POINT('Ctrl Pts',(0.333367580643984,-6.11592111265144,-6.93889390390723E-17));
#2930=CARTESIAN_POINT('Ctrl Pts',(-0.604445569729046,-6.16703957792877,
-0.076264880950279));
#2931=CARTESIAN_POINT('Ctrl Pts',(-2.50327523900928,-5.83061431967542,-0.228794642850837));
#2932=CARTESIAN_POINT('Ctrl Pts',(-4.83198882754481,-4.11237868307128,-0.457589285701673));
#2933=CARTESIAN_POINT('Ctrl Pts',(-6.15525660256793,-1.54111278332875,-0.68638392855251));
#2934=CARTESIAN_POINT('Ctrl Pts',(-6.20018521669748,1.35506044568011,-0.915178571403346));
#2935=CARTESIAN_POINT('Ctrl Pts',(-4.95333364653728,3.96007479632729,-1.14397321425418));
#2936=CARTESIAN_POINT('Ctrl Pts',(-1.92596789728434,6.36446039416879,-1.4490327380553));
#2937=CARTESIAN_POINT('Ctrl Pts',(3.27907670748433,6.25602074327798,-1.83035714280669));
#2938=CARTESIAN_POINT('Ctrl Pts',(6.96706296496842,1.16248981496477,-2.28794642850837));
#2939=CARTESIAN_POINT('Ctrl Pts',(5.44515411395662,-3.81640686425356,-2.66927083325976));
#2940=CARTESIAN_POINT('Ctrl Pts',(2.21618462182952,-5.94192384947509,-2.97433035706088));
#2941=CARTESIAN_POINT('Ctrl Pts',(-0.648428937646735,-6.31345930729369,
-3.20312499991171));
#2942=CARTESIAN_POINT('Ctrl Pts',(-3.38464255593499,-5.36647598764387,-3.43191964276255));
#2943=CARTESIAN_POINT('Ctrl Pts',(-5.64316068703349,-3.07857588891967,-3.68613591259681));
#2944=CARTESIAN_POINT('Ctrl Pts',(-6.51018547120928,0.423697013608896,-3.9657738094145));
#2945=CARTESIAN_POINT('Ctrl Pts',(-5.07591923906168,4.0967116695979,-4.27083333321562));
#2946=CARTESIAN_POINT('Ctrl Pts',(-1.79792882107027,6.26692309025247,-4.57589285701673));
#2947=CARTESIAN_POINT('Ctrl Pts',(2.5860736354442,6.16184002686032,-4.91484788346242));
#2948=CARTESIAN_POINT('Ctrl Pts',(6.25505986373641,2.78260484701739,-5.28769841255267));
#2949=CARTESIAN_POINT('Ctrl Pts',(6.30294885831908,-1.75335668402842,-5.62665343899835));
#2950=CARTESIAN_POINT('Ctrl Pts',(4.34750257718519,-4.55143501669887,-5.8978174601549));
#2951=CARTESIAN_POINT('Ctrl Pts',(1.46488597737794,-6.37163329972052,-6.16898148131145));
#2952=CARTESIAN_POINT('Ctrl Pts',(-3.0710339201766,-6.13024275769421,-6.50793650775713));
#2953=CARTESIAN_POINT('Ctrl Pts',(-6.56175498215987,-1.94993791581184,-6.91468253949195));
#2954=CARTESIAN_POINT('Ctrl Pts',(-5.92114358616283,3.46080046256727,-7.32142857122678));
#2955=CARTESIAN_POINT('Ctrl Pts',(-1.51958036256272,6.67491956684511,-7.72817460296159));
#2956=CARTESIAN_POINT('Ctrl Pts',(3.83322066558524,5.68284378428235,-8.13492063469641));
#2957=CARTESIAN_POINT('Ctrl Pts',(6.76448942575024,1.08582612646187,-8.54166666643124));
#2958=CARTESIAN_POINT('Ctrl Pts',(5.42146519640106,-4.19677203478201,-8.94841269816605));
#2959=CARTESIAN_POINT('Ctrl Pts',(0.64273876950449,-6.8159262288939,-9.35515872990088));
#2960=CARTESIAN_POINT('Ctrl Pts',(-4.09912334029526,-5.27681648539921,-9.72800925899113));
#2961=CARTESIAN_POINT('Ctrl Pts',(-6.34320616424937,-1.50837754009249,-10.0669642854368));
#2962=CARTESIAN_POINT('Ctrl Pts',(-6.05990405641145,2.41336968838735,-10.3720238092379));
#2963=CARTESIAN_POINT('Ctrl Pts',(-3.56364543536377,5.46387239051398,-10.677083333039));
#2964=CARTESIAN_POINT('Ctrl Pts',(0.230238448963685,6.51770764138822,-10.9821428568402));
#2965=CARTESIAN_POINT('Ctrl Pts',(3.94013285298749,5.19872024010459,-11.2872023806413));
#2966=CARTESIAN_POINT('Ctrl Pts',(6.21522484843908,1.97990264961284,-11.5922619044424));
#2967=CARTESIAN_POINT('Ctrl Pts',(6.22044552769034,-1.95290794589233,-11.8973214282435));
#2968=CARTESIAN_POINT('Ctrl Pts',(3.71736417559129,-5.55251394972484,-12.2362764546892));
#2969=CARTESIAN_POINT('Ctrl Pts',(-1.12609248568967,-6.76009613380047,-12.6091269837794));
#2970=CARTESIAN_POINT('Ctrl Pts',(-5.69884066264271,-3.79664327421978,-13.0158730155143));
#2971=CARTESIAN_POINT('Ctrl Pts',(-6.67085772667801,1.55948226925132,-13.4226190472491));
#2972=CARTESIAN_POINT('Ctrl Pts',(-3.42242529635336,5.94021526128984,-13.8293650789839));
#2973=CARTESIAN_POINT('Ctrl Pts',(1.98720985037649,6.55032298214408,-14.2361111107187));
#2974=CARTESIAN_POINT('Ctrl Pts',(6.15014685468258,3.03545371229578,-14.6428571424535));
#2975=CARTESIAN_POINT('Ctrl Pts',(6.41373772593143,-2.41271478796551,-15.0496031741884));
#2976=CARTESIAN_POINT('Ctrl Pts',(2.6242038473832,-6.32565763930069,-15.4563492059232));
#2977=CARTESIAN_POINT('Ctrl Pts',(-1.9104200846593,-6.25224250249453,-15.7953042323689));
#2978=CARTESIAN_POINT('Ctrl Pts',(-4.65836311276246,-4.23280660494953,-16.0664682535254));
#2979=CARTESIAN_POINT('Ctrl Pts',(-6.41092254144244,-1.30422524882353,-16.337632274682));
#2980=CARTESIAN_POINT('Ctrl Pts',(-6.04328276496854,3.21707970846197,-16.6765873011276));
#2981=CARTESIAN_POINT('Ctrl Pts',(-2.14481309623346,6.32889307707017,-17.0494378302179));
#2982=CARTESIAN_POINT('Ctrl Pts',(2.23545276918606,6.12458228889705,-17.3883928566636));
#2983=CARTESIAN_POINT('Ctrl Pts',(5.35265503676835,3.72811725190008,-17.6934523804647));
#2984=CARTESIAN_POINT('Ctrl Pts',(6.52319704470942,-0.036065329954114,-17.9985119042658));
#2985=CARTESIAN_POINT('Ctrl Pts',(5.31264259987663,-3.78246874672087,-18.3035714280669));
#2986=CARTESIAN_POINT('Ctrl Pts',(2.1682548506693,-6.15281999185418,-18.608630951868));
#2987=CARTESIAN_POINT('Ctrl Pts',(-1.77181015437012,-6.27662599380127,-18.9136904756692));
#2988=CARTESIAN_POINT('Ctrl Pts',(-5.05586540707495,-4.11808441052373,-19.2187499994703));
#2989=CARTESIAN_POINT('Ctrl Pts',(-6.68312334242429,-0.037146995188726,
-19.557705025916));
#2990=CARTESIAN_POINT('Ctrl Pts',(-5.31834575356492,3.79446546736493,-19.8627645497171));
#2991=CARTESIAN_POINT('Ctrl Pts',(-2.17944485132402,6.01482733920691,-20.1678240735182));
#2992=CARTESIAN_POINT('Ctrl Pts',(1.29208126010807,6.39490650855323,-20.4389880946747));
#2993=CARTESIAN_POINT('Ctrl Pts',(4.73975150340068,4.48044522644537,-20.7440476184759));
#2994=CARTESIAN_POINT('Ctrl Pts',(6.4534969293716,0.938466258342237,-21.049107142277));
#2995=CARTESIAN_POINT('Ctrl Pts',(5.8193626120902,-2.95131773405904,-21.3541666660781));
#2996=CARTESIAN_POINT('Ctrl Pts',(3.06129186230946,-5.75543799177662,-21.6592261898792));
#2997=CARTESIAN_POINT('Ctrl Pts',(-1.46368571963659,-6.60538409363836,-22.0151289676472));
#2998=CARTESIAN_POINT('Ctrl Pts',(-6.10589740754876,-3.55277434035973,-22.421874999382));
#2999=CARTESIAN_POINT('Ctrl Pts',(-6.51712179893345,2.72233364488232,-22.8794642850837));
#3000=CARTESIAN_POINT('Ctrl Pts',(-2.58035249396184,6.1284557421646,-23.2607886898351));
#3001=CARTESIAN_POINT('Ctrl Pts',(1.28497449560305,6.21019756412157,-23.5658482136362));
#3002=CARTESIAN_POINT('Ctrl Pts',(3.9075817937414,5.00088690789271,-23.794642856487));
#3003=CARTESIAN_POINT('Ctrl Pts',(5.72181812090114,2.74290604306387,-24.0234374993378));
#3004=CARTESIAN_POINT('Ctrl Pts',(6.34456612287254,-0.0811572348149855,
-24.2522321421887));
#3005=CARTESIAN_POINT('Ctrl Pts',(5.64902525198371,-2.89014680904764,-24.4810267850395));
#3006=CARTESIAN_POINT('Ctrl Pts',(3.77863039129057,-5.09739917267973,-24.7098214278904));
#3007=CARTESIAN_POINT('Ctrl Pts',(1.12276273534042,-6.24515912518713,-24.9386160707412));
#3008=CARTESIAN_POINT('Ctrl Pts',(-1.76650584414724,-6.09438690627955,-25.167410713592));
#3009=CARTESIAN_POINT('Ctrl Pts',(-4.28856697197438,-4.6763537858819,-25.3962053564429));
#3010=CARTESIAN_POINT('Ctrl Pts',(-5.37515362464465,-3.08309181082471,-25.5487351183434));
#3011=CARTESIAN_POINT('Ctrl Pts',(-5.71357037640743,-2.2069749780728,-25.6249999992937));
#3012=CARTESIAN_POINT('Ctrl Pts',(-5.713531841473,-2.20700510597556,2.77555756156289E-17));
#3013=CARTESIAN_POINT('Ctrl Pts',(-5.65115343868679,-2.3681282945869,3.15920333097846E-17));
#3014=CARTESIAN_POINT('Ctrl Pts',(-5.58210935537629,-2.5262917854745,-4.10481217816928E-16));
#3015=CARTESIAN_POINT('Ctrl Pts',(-5.50668397333082,-2.68111809682527,-2.35922392732846E-16));
#3016=CARTESIAN_POINT('Ctrl Pts',(-5.4308708141117,-2.83674040161743,-6.04661253555813E-17));
#3017=CARTESIAN_POINT('Ctrl Pts',(-5.34861025839428,-2.98899178517362,-2.69932719041945E-17));
#3018=CARTESIAN_POINT('Ctrl Pts',(-5.26014026033971,-3.13747372991086,0.));
#3019=CARTESIAN_POINT('Ctrl Pts',(-5.17226022392243,-3.28496552371386,2.68132674367056E-17));
#3020=CARTESIAN_POINT('Ctrl Pts',(-5.07825289874978,-3.42873859611775,-3.86662825230469E-16));
#3021=CARTESIAN_POINT('Ctrl Pts',(-4.97830685573196,-3.56837794221687,-3.88578058618805E-16));
#3022=CARTESIAN_POINT('Ctrl Pts',(-4.87943954295259,-3.70651014325485,-3.90472620651804E-16));
#3023=CARTESIAN_POINT('Ctrl Pts',(-4.77476063739145,-3.84059792741442,-3.6584331422281E-16));
#3024=CARTESIAN_POINT('Ctrl Pts',(-4.66441452529275,-3.97020697254822,-3.88578058618805E-16));
#3025=CARTESIAN_POINT('Ctrl Pts',(-4.62621366375559,-4.01507649348513,-4.22236561892483E-16));
#3026=CARTESIAN_POINT('Ctrl Pts',(-4.58733327911727,-4.05940891296521,-1.43369044034405E-16));
#3027=CARTESIAN_POINT('Ctrl Pts',(-4.54778721100535,-4.10319202463366,-1.38777878078145E-16));
#3028=CARTESIAN_POINT('Ctrl Pts',(-4.52473772047733,-4.12871108293379,-1.3610190948572E-16));
#3029=CARTESIAN_POINT('Ctrl Pts',(-4.50146207883839,-4.15404352199698,-4.6336401771515E-17));
#3030=CARTESIAN_POINT('Ctrl Pts',(-4.47796296510567,-4.17918683325764,-5.55111512312578E-17));
#3031=CARTESIAN_POINT('Ctrl Pts',(-4.45802062829435,-4.20052450528287,-6.32972297177403E-17));
#3032=CARTESIAN_POINT('Ctrl Pts',(-4.43791387566975,-4.22172946993012,-5.68088309790049E-16));
#3033=CARTESIAN_POINT('Ctrl Pts',(-4.4176654429498,-4.2427785177955,-5.55111512312578E-16));
#3034=CARTESIAN_POINT('Ctrl Pts',(-4.29899983395247,-4.36613611876669,-4.79061202799877E-16));
#3035=CARTESIAN_POINT('Ctrl Pts',(-4.17535289203295,-4.48427182116016,-4.26603213375155E-16));
#3036=CARTESIAN_POINT('Ctrl Pts',(-4.04715029844466,-4.59697300478692,-3.88578058618805E-16));
#3037=CARTESIAN_POINT('Ctrl Pts',(-3.91712430932875,-4.71127711101009,-3.50012080972847E-16));
#3038=CARTESIAN_POINT('Ctrl Pts',(-3.78241164685517,-4.81999151923393,-2.22044604925031E-16));
#3039=CARTESIAN_POINT('Ctrl Pts',(-3.64341533284939,-4.92286029715054,-2.22044604925031E-16));
#3040=CARTESIAN_POINT('Ctrl Pts',(-3.50463809433245,-5.02556694107121,-2.22044604925031E-16));
#3041=CARTESIAN_POINT('Ctrl Pts',(-3.3615900849283,-5.12244679974619,-3.43975708399288E-16));
#3042=CARTESIAN_POINT('Ctrl Pts',(-3.21464038821234,-5.21320443587193,-4.44089209850063E-16));
#3043=CARTESIAN_POINT('Ctrl Pts',(-3.08720602871906,-5.29190920006864,-5.30907353875693E-16));
#3044=CARTESIAN_POINT('Ctrl Pts',(-2.95683675202627,-5.36600940987993,-2.85903654620292E-16));
#3045=CARTESIAN_POINT('Ctrl Pts',(-2.82375901797741,-5.43528368848444,-2.77555756156289E-16));
#3046=CARTESIAN_POINT('Ctrl Pts',(-2.75722015095299,-5.4699208277867,-2.73381806924288E-16));
#3047=CARTESIAN_POINT('Ctrl Pts',(-2.69000399337911,-5.50335104439556,-1.59855134922571E-16));
#3048=CARTESIAN_POINT('Ctrl Pts',(-2.62213798002313,-5.53554388099118,-1.66533453693773E-16));
#3049=CARTESIAN_POINT('Ctrl Pts',(-2.5914828800985,-5.55008539557109,-1.69550052417289E-16));
#3050=CARTESIAN_POINT('Ctrl Pts',(-2.56069518154885,-5.56437441734242,-3.22508811855244E-16));
#3051=CARTESIAN_POINT('Ctrl Pts',(-2.52977738428958,-5.57840800680018,-3.33066907387547E-16));
#3052=CARTESIAN_POINT('Ctrl Pts',(-2.51056899563358,-5.58712669520747,-3.39626365707005E-16));
#3053=CARTESIAN_POINT('Ctrl Pts',(-2.49131216751158,-5.59574594886309,-3.96308848781023E-16));
#3054=CARTESIAN_POINT('Ctrl Pts',(-2.47201589345999,-5.60426151304103,-3.88578058618805E-16));
#3055=CARTESIAN_POINT('Ctrl Pts',(-2.45361066452957,-5.61238385353783,-3.81204253584313E-16));
#3056=CARTESIAN_POINT('Ctrl Pts',(-2.43516741621997,-5.62041283221893,-1.63628621407458E-16));
#3057=CARTESIAN_POINT('Ctrl Pts',(-2.41668675311181,-5.62834802813807,-1.66533453693773E-16));
#3058=CARTESIAN_POINT('Ctrl Pts',(-2.25878601505654,-5.69614718041479,-1.35841496408719E-16));
#3059=CARTESIAN_POINT('Ctrl Pts',(-2.09815589532127,-5.75710391707336,-5.91385718849338E-16));
#3060=CARTESIAN_POINT('Ctrl Pts',(-1.9352648390227,-5.81119334110708,-5.55111512312578E-16));
#3061=CARTESIAN_POINT('Ctrl Pts',(-1.77123283774171,-5.86566162607003,-5.18583228757231E-16));
#3062=CARTESIAN_POINT('Ctrl Pts',(-1.60490741133968,-5.91316623977146,-4.02520936740371E-16));
#3063=CARTESIAN_POINT('Ctrl Pts',(-1.43674895593703,-5.95363224784363,-2.77555756156289E-16));
#3064=CARTESIAN_POINT('Ctrl Pts',(-1.36449787435247,-5.97101890166144,-2.23863127760118E-16));
#3065=CARTESIAN_POINT('Ctrl Pts',(-1.29190823882007,-5.98710553604153,-6.57047369969588E-16));
#3066=CARTESIAN_POINT('Ctrl Pts',(-1.21901606008832,-6.00188329891376,-6.66133814775094E-16));
#3067=CARTESIAN_POINT('Ctrl Pts',(-1.1906754400962,-6.00762892168402,-6.69666642079652E-16));
#3068=CARTESIAN_POINT('Ctrl Pts',(-1.16228908385617,-6.01317666736477,-3.43023057064027E-16));
#3069=CARTESIAN_POINT('Ctrl Pts',(-1.13385910338108,-6.01852594281305,-3.33066907387547E-16));
#3070=CARTESIAN_POINT('Ctrl Pts',(-1.10429368807663,-6.02408885729852,-3.22713129611428E-16));
#3071=CARTESIAN_POINT('Ctrl Pts',(-1.0746884597946,-6.02943570558276,-3.26387050757793E-16));
#3072=CARTESIAN_POINT('Ctrl Pts',(-1.04505400627691,-6.03456480768738,-3.33066907387547E-16));
#3073=CARTESIAN_POINT('Ctrl Pts',(-0.874427692993585,-6.0640966423825,-3.71527522472476E-16));
#3074=CARTESIAN_POINT('Ctrl Pts',(-0.70274991841365,-6.08642987596653,-1.3461215279725E-17));
#3075=CARTESIAN_POINT('Ctrl Pts',(-0.530484528327375,-6.10150717953656,
0.));
#3076=CARTESIAN_POINT('Ctrl Pts',(-0.359335641911488,-6.11648676257918,
1.33739691053184E-17));
#3077=CARTESIAN_POINT('Ctrl Pts',(-0.187606008541917,-6.12430423212518,
-1.74045187252869E-17));
#3078=CARTESIAN_POINT('Ctrl Pts',(-0.0157444295166676,-6.12485274095688,
-1.11022302462516E-16));
#3079=CARTESIAN_POINT('Ctrl Pts',(0.10061237834431,-6.12522410224135,-1.74405093057515E-16));
#3080=CARTESIAN_POINT('Ctrl Pts',(0.217029785606154,-6.12226247130451,-9.29129337210874E-17));
#3081=CARTESIAN_POINT('Ctrl Pts',(0.333367580643984,-6.11592111265144,-1.11022302462516E-16));
#3082=CARTESIAN_POINT('Origin',(0.,0.,0.));
#3083=UNCERTAINTY_MEASURE_WITH_UNIT(LENGTH_MEASURE(0.01),#3087,
'DISTANCE_ACCURACY_VALUE',
'Maximum model space distance between geometric entities at asserted c
onnectivities');
#3084=UNCERTAINTY_MEASURE_WITH_UNIT(LENGTH_MEASURE(0.01),#3087,
'DISTANCE_ACCURACY_VALUE',
'Maximum model space distance between geometric entities at asserted c
onnectivities');
#3085=(
GEOMETRIC_REPRESENTATION_CONTEXT(3)
GLOBAL_UNCERTAINTY_ASSIGNED_CONTEXT((#3083))
GLOBAL_UNIT_ASSIGNED_CONTEXT((#3087,#3089,#3090))
REPRESENTATION_CONTEXT('','3D')
);
#3086=(
GEOMETRIC_REPRESENTATION_CONTEXT(3)
GLOBAL_UNCERTAINTY_ASSIGNED_CONTEXT((#3084))
GLOBAL_UNIT_ASSIGNED_CONTEXT((#3087,#3089,#3090))
REPRESENTATION_CONTEXT('','3D')
);
#3087=(
LENGTH_UNIT()
NAMED_UNIT(*)
SI_UNIT(.MILLI.,.METRE.)
);
#3088=(
LENGTH_UNIT()
NAMED_UNIT(*)
SI_UNIT($,.METRE.)
);
#3089=(
NAMED_UNIT(*)
PLANE_ANGLE_UNIT()
SI_UNIT($,.RADIAN.)
);
#3090=(
NAMED_UNIT(*)
SI_UNIT($,.STERADIAN.)
SOLID_ANGLE_UNIT()
);
#3091=SHAPE_DEFINITION_REPRESENTATION(#3092,#3093);
#3092=PRODUCT_DEFINITION_SHAPE('',$,#3095);
#3093=SHAPE_REPRESENTATION('',(#456),#3085);
#3094=PRODUCT_DEFINITION_CONTEXT('part definition',#3099,'design');
#3095=PRODUCT_DEFINITION('M.Vertical (Positive)',
'M.Vertical (Positive) v4',#3096,#3094);
#3096=PRODUCT_DEFINITION_FORMATION('',$,#3101);
#3097=PRODUCT_RELATED_PRODUCT_CATEGORY('M.Vertical (Positive) v4',
'M.Vertical (Positive) v4',(#3101));
#3098=APPLICATION_PROTOCOL_DEFINITION('international standard',
'automotive_design',2009,#3099);
#3099=APPLICATION_CONTEXT(
'Core Data for Automotive Mechanical Design Process');
#3100=PRODUCT_CONTEXT('part definition',#3099,'mechanical');
#3101=PRODUCT('M.Vertical (Positive)','M.Vertical (Positive) v4',$,(#3100));
#3102=PRESENTATION_STYLE_ASSIGNMENT((#3103));
#3103=SURFACE_STYLE_USAGE(.BOTH.,#3104);
#3104=SURFACE_SIDE_STYLE('',(#3105));
#3105=SURFACE_STYLE_FILL_AREA(#3106);
#3106=FILL_AREA_STYLE('Plastic - Matte (Green)',(#3107));
#3107=FILL_AREA_STYLE_COLOUR('Plastic - Matte (Green)',#3108);
#3108=COLOUR_RGB('Plastic - Matte (Green)',0.266666666666667,0.588235294117647,
0.282352941176471);
ENDSEC;
END-ISO-10303-21;
