ISO-10303-21;
HEADER;
/* Generated by software containing ST-Developer
 * from STEP Tools, Inc. (www.steptools.com) 
 */

FILE_DESCRIPTION(
/* description */ (''),
/* implementation_level */ '2;1');

FILE_NAME(
/* name */ '25mm.step',
/* time_stamp */ '2025-09-02T20:18:28+08:00',
/* author */ (''),
/* organization */ (''),
/* preprocessor_version */ 'ST-DEVELOPER v20.1',
/* originating_system */ 'Autodesk Translation Framework v14.10.0.0',
/* authorisation */ '');

FILE_SCHEMA (('AUTOMOTIVE_DESIGN { 1 0 10303 214 3 1 1 }'));
ENDSEC;

DATA;
#10=MECHANICAL_DESIGN_GEOMETRIC_PRESENTATION_REPRESENTATION('',(#13),#6531);
#11=SHAPE_REPRESENTATION_RELATIONSHIP('SRR','None',#6538,#12);
#12=ADVANCED_BREP_SHAPE_REPRESENTATION('',(#14),#6530);
#13=STYLED_ITEM('',(#6548),#14);
#14=MANIFOLD_SOLID_BREP('25mm',#1600);
#15=FACE_BOUND('',#265,.T.);
#16=FACE_BOUND('',#266,.T.);
#17=(
BOUNDED_CURVE()
B_SPLINE_CURVE(2,(#2106,#2107,#2108),.UNSPECIFIED.,.F.,.F.)
B_SPLINE_CURVE_WITH_KNOTS((3,3),(0.00163833345783343,0.0194063713046864),
 .UNSPECIFIED.)
CURVE()
GEOMETRIC_REPRESENTATION_ITEM()
RATIONAL_B_SPLINE_CURVE((1.,1.,1.))
REPRESENTATION_ITEM('')
);
#18=(
BOUNDED_CURVE()
B_SPLINE_CURVE(2,(#2111,#2112,#2113),.UNSPECIFIED.,.F.,.F.)
B_SPLINE_CURVE_WITH_KNOTS((3,3),(0.00163833345783348,0.0194063713046865),
 .UNSPECIFIED.)
CURVE()
GEOMETRIC_REPRESENTATION_ITEM()
RATIONAL_B_SPLINE_CURVE((1.,1.,1.))
REPRESENTATION_ITEM('')
);
#19=(
BOUNDED_CURVE()
B_SPLINE_CURVE(2,(#2129,#2130,#2131),.UNSPECIFIED.,.F.,.F.)
B_SPLINE_CURVE_WITH_KNOTS((3,3),(0.00163833345783341,0.0194063713046864),
 .UNSPECIFIED.)
CURVE()
GEOMETRIC_REPRESENTATION_ITEM()
RATIONAL_B_SPLINE_CURVE((1.,1.,1.))
REPRESENTATION_ITEM('')
);
#20=(
BOUNDED_CURVE()
B_SPLINE_CURVE(2,(#2134,#2135,#2136),.UNSPECIFIED.,.F.,.F.)
B_SPLINE_CURVE_WITH_KNOTS((3,3),(0.00163833345783345,0.0194063713046864),
 .UNSPECIFIED.)
CURVE()
GEOMETRIC_REPRESENTATION_ITEM()
RATIONAL_B_SPLINE_CURVE((1.,1.,1.))
REPRESENTATION_ITEM('')
);
#21=CONICAL_SURFACE('',#1617,0.75,0.785398163397448);
#22=CONICAL_SURFACE('',#1623,0.75,0.785398163397448);
#23=CIRCLE('',#1616,0.65);
#24=CIRCLE('',#1618,0.75);
#25=CIRCLE('',#1622,0.65);
#26=CIRCLE('',#1624,0.75);
#27=CIRCLE('',#1646,7.15);
#28=CIRCLE('',#1653,7.15);
#29=PLANE('',#1615);
#30=PLANE('',#1619);
#31=PLANE('',#1620);
#32=PLANE('',#1621);
#33=PLANE('',#1625);
#34=PLANE('',#1626);
#35=PLANE('',#1627);
#36=PLANE('',#1628);
#37=PLANE('',#1629);
#38=PLANE('',#1630);
#39=PLANE('',#1647);
#40=PLANE('',#1648);
#41=PLANE('',#1649);
#42=PLANE('',#1650);
#43=PLANE('',#1651);
#44=PLANE('',#1654);
#45=PLANE('',#1655);
#46=PLANE('',#1656);
#47=B_SPLINE_SURFACE_WITH_KNOTS('',3,3,((#1847,#1848,#1849,#1850,#1851,
#1852,#1853),(#1854,#1855,#1856,#1857,#1858,#1859,#1860),(#1861,#1862,#1863,
#1864,#1865,#1866,#1867),(#1868,#1869,#1870,#1871,#1872,#1873,#1874)),
 .UNSPECIFIED.,.F.,.F.,.F.,(4,4),(4,1,1,1,4),(-0.129957925824054,1.4920496516432E-13),
(0.0485604959489423,0.0669281320270233,0.103663404183185,0.140398676339347,
0.177133948495509),.UNSPECIFIED.);
#48=B_SPLINE_SURFACE_WITH_KNOTS('',3,3,((#1983,#1984,#1985,#1986,#1987,
#1988),(#1989,#1990,#1991,#1992,#1993,#1994),(#1995,#1996,#1997,#1998,#1999,
#2000),(#2001,#2002,#2003,#2004,#2005,#2006)),.UNSPECIFIED.,.F.,.F.,.F.,
(4,4),(4,1,1,4),(-0.0625,0.),(0.386284722222223,0.419766865079366,0.442088293650795,
0.464409722222223),.UNSPECIFIED.);
#49=B_SPLINE_SURFACE_WITH_KNOTS('',3,3,((#2035,#2036,#2037,#2038,#2039,
#2040,#2041),(#2042,#2043,#2044,#2045,#2046,#2047,#2048),(#2049,#2050,#2051,
#2052,#2053,#2054,#2055),(#2056,#2057,#2058,#2059,#2060,#2061,#2062)),
 .UNSPECIFIED.,.F.,.F.,.F.,(4,4),(4,1,1,1,4),(0.0294571288952843,0.159415054968309),
(0.361060495948945,0.379428132027026,0.41616340418319,0.452898676339353,
0.489633948495517),.UNSPECIFIED.);
#50=B_SPLINE_SURFACE_WITH_KNOTS('',3,3,((#2161,#2162,#2163,#2164,#2165,
#2166,#2167),(#2168,#2169,#2170,#2171,#2172,#2173,#2174),(#2175,#2176,#2177,
#2178,#2179,#2180,#2181),(#2182,#2183,#2184,#2185,#2186,#2187,#2188)),
 .UNSPECIFIED.,.F.,.F.,.F.,(4,4),(4,1,1,1,4),(0.0294571288952843,0.159415054968309),
(0.673560495948945,0.691928132027025,0.728663404183186,0.765398676339347,
0.802133948495508),.UNSPECIFIED.);
#51=B_SPLINE_SURFACE_WITH_KNOTS('',3,3,((#2260,#2261,#2262,#2263,#2264,
#2265,#2266),(#2267,#2268,#2269,#2270,#2271,#2272,#2273),(#2274,#2275,#2276,
#2277,#2278,#2279,#2280),(#2281,#2282,#2283,#2284,#2285,#2286,#2287)),
 .UNSPECIFIED.,.F.,.F.,.F.,(4,4),(4,1,1,1,4),(0.0294571288952843,0.159415054968309),
(0.216164352862966,0.249655665900838,0.28314697893871,0.316638291976582,
0.333383948495518),.UNSPECIFIED.);
#52=B_SPLINE_SURFACE_WITH_KNOTS('',3,3,((#2413,#2414,#2415,#2416,#2417,
#2418,#2419),(#2420,#2421,#2422,#2423,#2424,#2425,#2426),(#2427,#2428,#2429,
#2430,#2431,#2432,#2433),(#2434,#2435,#2436,#2437,#2438,#2439,#2440)),
 .UNSPECIFIED.,.F.,.F.,.F.,(4,4),(4,1,1,1,4),(0.0294571288952843,0.159415054968309),
(0.986060495948945,1.00442813202702,1.04116340418318,1.07789867633934,1.1146339484955),
 .UNSPECIFIED.);
#53=B_SPLINE_SURFACE_WITH_KNOTS('',3,3,((#2520,#2521,#2522,#2523,#2524,
#2525,#2526),(#2527,#2528,#2529,#2530,#2531,#2532,#2533),(#2534,#2535,#2536,
#2537,#2538,#2539,#2540),(#2541,#2542,#2543,#2544,#2545,#2546,#2547)),
 .UNSPECIFIED.,.F.,.F.,.F.,(4,4),(4,1,1,1,4),(0.0294571288952843,0.159415054968309),
(0.517310496016009,0.554045768153011,0.590781040290012,0.627516312427013,
0.645883948495514),.UNSPECIFIED.);
#54=B_SPLINE_SURFACE_WITH_KNOTS('',3,3,((#2605,#2606,#2607,#2608,#2609,
#2610,#2611),(#2612,#2613,#2614,#2615,#2616,#2617,#2618),(#2619,#2620,#2621,
#2622,#2623,#2624,#2625),(#2626,#2627,#2628,#2629,#2630,#2631,#2632)),
 .UNSPECIFIED.,.F.,.F.,.F.,(4,4),(4,1,1,1,4),(0.0294571288952843,0.159415054968309),
(1.29856049594895,1.31692813202702,1.35366340418318,1.39039867633934,1.4271339484955),
 .UNSPECIFIED.);
#55=B_SPLINE_SURFACE_WITH_KNOTS('',3,3,((#2716,#2717,#2718,#2719,#2720,
#2721,#2722),(#2723,#2724,#2725,#2726,#2727,#2728,#2729),(#2730,#2731,#2732,
#2733,#2734,#2735,#2736),(#2737,#2738,#2739,#2740,#2741,#2742,#2743)),
 .UNSPECIFIED.,.F.,.F.,.F.,(4,4),(4,1,1,1,4),(0.0294571288952843,0.159415054968309),
(0.829810496202207,0.866545768286006,0.884913404327905,0.921648676411704,
0.958383948495503),.UNSPECIFIED.);
#56=B_SPLINE_SURFACE_WITH_KNOTS('',3,3,((#2816,#2817,#2818,#2819,#2820,
#2821,#2822),(#2823,#2824,#2825,#2826,#2827,#2828,#2829),(#2830,#2831,#2832,
#2833,#2834,#2835,#2836),(#2837,#2838,#2839,#2840,#2841,#2842,#2843)),
 .UNSPECIFIED.,.F.,.F.,.F.,(4,4),(4,1,1,1,4),(0.0294571288952843,0.159415054968309),
(1.61106049594895,1.62942813202703,1.66616340418318,1.70289867633934,1.7396339484955),
 .UNSPECIFIED.);
#57=B_SPLINE_SURFACE_WITH_KNOTS('',3,3,((#2931,#2932,#2933,#2934,#2935,
#2936,#2937),(#2938,#2939,#2940,#2941,#2942,#2943,#2944),(#2945,#2946,#2947,
#2948,#2949,#2950,#2951),(#2952,#2953,#2954,#2955,#2956,#2957,#2958)),
 .UNSPECIFIED.,.F.,.F.,.F.,(4,4),(4,1,1,1,4),(0.0294571288952843,0.159415054968309),
(1.14231049594895,1.1790457681051,1.19741340418318,1.23414867633934,1.2708839484955),
 .UNSPECIFIED.);
#58=B_SPLINE_SURFACE_WITH_KNOTS('',3,3,((#3039,#3040,#3041,#3042,#3043,
#3044,#3045),(#3046,#3047,#3048,#3049,#3050,#3051,#3052),(#3053,#3054,#3055,
#3056,#3057,#3058,#3059),(#3060,#3061,#3062,#3063,#3064,#3065,#3066)),
 .UNSPECIFIED.,.F.,.F.,.F.,(4,4),(4,1,1,1,4),(0.0294571288952843,0.159415054968309),
(1.92356049594894,1.94192813202702,1.97866340418318,2.01539867633934,2.0521339484955),
 .UNSPECIFIED.);
#59=B_SPLINE_SURFACE_WITH_KNOTS('',3,3,((#3189,#3190,#3191,#3192,#3193,
#3194,#3195),(#3196,#3197,#3198,#3199,#3200,#3201,#3202),(#3203,#3204,#3205,
#3206,#3207,#3208,#3209),(#3210,#3211,#3212,#3213,#3214,#3215,#3216)),
 .UNSPECIFIED.,.F.,.F.,.F.,(4,4),(4,1,1,1,4),(0.0294571288952843,0.159415054968309),
(1.45481049594895,1.4915457681051,1.50991340418318,1.54664867633934,1.5833839484955),
 .UNSPECIFIED.);
#60=B_SPLINE_SURFACE_WITH_KNOTS('',3,3,((#3301,#3302,#3303,#3304,#3305,
#3306,#3307),(#3308,#3309,#3310,#3311,#3312,#3313,#3314),(#3315,#3316,#3317,
#3318,#3319,#3320,#3321),(#3322,#3323,#3324,#3325,#3326,#3327,#3328)),
 .UNSPECIFIED.,.F.,.F.,.F.,(4,4),(4,1,1,1,4),(0.0294571288952843,0.159415054968309),
(2.23606049594893,2.25442813202701,2.29116340418318,2.32789867633934,2.3646339484955),
 .UNSPECIFIED.);
#61=B_SPLINE_SURFACE_WITH_KNOTS('',3,3,((#3418,#3419,#3420,#3421,#3422,
#3423,#3424),(#3425,#3426,#3427,#3428,#3429,#3430,#3431),(#3432,#3433,#3434,
#3435,#3436,#3437,#3438),(#3439,#3440,#3441,#3442,#3443,#3444,#3445)),
 .UNSPECIFIED.,.F.,.F.,.F.,(4,4),(4,1,1,1,4),(0.0294571288952843,0.159415054968309),
(1.76731049594894,1.80404576808897,1.82241340415898,1.85914867629901,1.89588394843904),
 .UNSPECIFIED.);
#62=B_SPLINE_SURFACE_WITH_KNOTS('',3,3,((#3534,#3535,#3536,#3537,#3538,
#3539,#3540),(#3541,#3542,#3543,#3544,#3545,#3546,#3547),(#3548,#3549,#3550,
#3551,#3552,#3553,#3554),(#3555,#3556,#3557,#3558,#3559,#3560,#3561)),
 .UNSPECIFIED.,.F.,.F.,.F.,(4,4),(4,1,1,1,4),(0.0294571288952843,0.159415054968309),
(2.54856049594893,2.56692813202702,2.60366340418318,2.64039867633934,2.6771339484955),
 .UNSPECIFIED.);
#63=B_SPLINE_SURFACE_WITH_KNOTS('',3,3,((#3651,#3652,#3653,#3654,#3655,
#3656,#3657),(#3658,#3659,#3660,#3661,#3662,#3663,#3664),(#3665,#3666,#3667,
#3668,#3669,#3670,#3671),(#3672,#3673,#3674,#3675,#3676,#3677,#3678)),
 .UNSPECIFIED.,.F.,.F.,.F.,(4,4),(4,1,1,1,4),(0.0294571288952843,0.159415054968309),
(2.07981049594893,2.11654576802291,2.13491340405989,2.17164867613387,2.20838394820784),
 .UNSPECIFIED.);
#64=B_SPLINE_SURFACE_WITH_KNOTS('',3,3,((#3786,#3787,#3788,#3789,#3790,
#3791,#3792),(#3793,#3794,#3795,#3796,#3797,#3798,#3799),(#3800,#3801,#3802,
#3803,#3804,#3805,#3806),(#3807,#3808,#3809,#3810,#3811,#3812,#3813)),
 .UNSPECIFIED.,.F.,.F.,.F.,(4,4),(4,1,1,1,4),(0.0294571288952843,0.159415054968309),
(2.39231049594893,2.41067813202701,2.44741340418318,2.48414867633934,2.5208839484955),
 .UNSPECIFIED.);
#65=B_SPLINE_SURFACE_WITH_KNOTS('',3,3,((#4176,#4177,#4178,#4179,#4180,
#4181,#4182),(#4183,#4184,#4185,#4186,#4187,#4188,#4189),(#4190,#4191,#4192,
#4193,#4194,#4195,#4196),(#4197,#4198,#4199,#4200,#4201,#4202,#4203)),
 .UNSPECIFIED.,.F.,.F.,.F.,(4,4),(4,1,1,1,4),(-0.129957925824054,1.4920496516432E-13),
(0.361060495948943,0.397795768105107,0.416163404183189,0.452898676339353,
0.489633948495517),.UNSPECIFIED.);
#66=B_SPLINE_SURFACE_WITH_KNOTS('',3,3,((#4248,#4249,#4250,#4251,#4252,
#4253,#4254),(#4255,#4256,#4257,#4258,#4259,#4260,#4261),(#4262,#4263,#4264,
#4265,#4266,#4267,#4268),(#4269,#4270,#4271,#4272,#4273,#4274,#4275)),
 .UNSPECIFIED.,.F.,.F.,.F.,(4,4),(4,1,1,1,4),(-0.129957925824054,1.4920496516432E-13),
(0.673560496057849,0.710295768182896,0.72866340424542,0.765398676370467,
0.802133948495514),.UNSPECIFIED.);
#67=B_SPLINE_SURFACE_WITH_KNOTS('',3,3,((#4332,#4333,#4334,#4335,#4336,
#4337,#4338),(#4339,#4340,#4341,#4342,#4343,#4344,#4345),(#4346,#4347,#4348,
#4349,#4350,#4351,#4352),(#4353,#4354,#4355,#4356,#4357,#4358,#4359)),
 .UNSPECIFIED.,.F.,.F.,.F.,(4,4),(4,1,1,1,4),(-0.129957925824054,1.4920496516432E-13),
(0.204810495948943,0.241545768105106,0.259913404183188,0.296648676339351,
0.333383948495514),.UNSPECIFIED.);
#68=B_SPLINE_SURFACE_WITH_KNOTS('',3,3,((#4402,#4403,#4404,#4405,#4406,
#4407,#4408),(#4409,#4410,#4411,#4412,#4413,#4414,#4415),(#4416,#4417,#4418,
#4419,#4420,#4421,#4422),(#4423,#4424,#4425,#4426,#4427,#4428,#4429)),
 .UNSPECIFIED.,.F.,.F.,.F.,(4,4),(4,1,1,1,4),(-0.129957925824054,1.4920496516432E-13),
(0.986060496134037,1.02279576823731,1.05953104034059,1.07789867639223,1.1146339484955),
 .UNSPECIFIED.);
#69=B_SPLINE_SURFACE_WITH_KNOTS('',3,3,((#4520,#4521,#4522,#4523,#4524,
#4525,#4526),(#4527,#4528,#4529,#4530,#4531,#4532,#4533),(#4534,#4535,#4536,
#4537,#4538,#4539,#4540),(#4541,#4542,#4543,#4544,#4545,#4546,#4547)),
 .UNSPECIFIED.,.F.,.F.,.F.,(4,4),(4,1,1,1,4),(-0.129957925824054,1.4920496516432E-13),
(0.517310495948943,0.535678132027025,0.572413404183189,0.609148676339353,
0.645883948495517),.UNSPECIFIED.);
#70=B_SPLINE_SURFACE_WITH_KNOTS('',3,3,((#4598,#4599,#4600,#4601,#4602,
#4603,#4604),(#4605,#4606,#4607,#4608,#4609,#4610,#4611),(#4612,#4613,#4614,
#4615,#4616,#4617,#4618),(#4619,#4620,#4621,#4622,#4623,#4624,#4625)),
 .UNSPECIFIED.,.F.,.F.,.F.,(4,4),(4,1,1,1,4),(-0.129957925824054,1.4920496516432E-13),
(1.29856049594894,1.31692813202702,1.35366340418318,1.39039867633934,1.4271339484955),
 .UNSPECIFIED.);
#71=B_SPLINE_SURFACE_WITH_KNOTS('',3,3,((#4686,#4687,#4688,#4689,#4690,
#4691,#4692),(#4693,#4694,#4695,#4696,#4697,#4698,#4699),(#4700,#4701,#4702,
#4703,#4704,#4705,#4706),(#4707,#4708,#4709,#4710,#4711,#4712,#4713)),
 .UNSPECIFIED.,.F.,.F.,.F.,(4,4),(4,1,1,1,4),(-0.129957925824054,1.4920496516432E-13),
(0.829810495948944,0.866545768105105,0.884913404183186,0.921648676339348,
0.95838394849551),.UNSPECIFIED.);
#72=B_SPLINE_SURFACE_WITH_KNOTS('',3,3,((#4768,#4769,#4770,#4771,#4772,
#4773,#4774),(#4775,#4776,#4777,#4778,#4779,#4780,#4781),(#4782,#4783,#4784,
#4785,#4786,#4787,#4788),(#4789,#4790,#4791,#4792,#4793,#4794,#4795)),
 .UNSPECIFIED.,.F.,.F.,.F.,(4,4),(4,1,1,1,4),(-0.129957925824054,1.4920496516432E-13),
(1.61106049594894,1.6477957681051,1.68453104026126,1.70289867633934,1.7396339484955),
 .UNSPECIFIED.);
#73=B_SPLINE_SURFACE_WITH_KNOTS('',3,3,((#4890,#4891,#4892,#4893,#4894,
#4895,#4896),(#4897,#4898,#4899,#4900,#4901,#4902,#4903),(#4904,#4905,#4906,
#4907,#4908,#4909,#4910),(#4911,#4912,#4913,#4914,#4915,#4916,#4917)),
 .UNSPECIFIED.,.F.,.F.,.F.,(4,4),(4,1,1,1,4),(-0.129957925824054,1.4920496516432E-13),
(1.14231049594894,1.16067813202702,1.19741340418318,1.23414867633934,1.2708839484955),
 .UNSPECIFIED.);
#74=B_SPLINE_SURFACE_WITH_KNOTS('',3,3,((#5003,#5004,#5005,#5006,#5007,
#5008,#5009),(#5010,#5011,#5012,#5013,#5014,#5015,#5016),(#5017,#5018,#5019,
#5020,#5021,#5022,#5023),(#5024,#5025,#5026,#5027,#5028,#5029,#5030)),
 .UNSPECIFIED.,.F.,.F.,.F.,(4,4),(4,1,1,1,4),(-0.129957925824054,1.4920496516432E-13),
(1.92356049594894,1.94192813201399,1.97866340414407,2.01539867627416,2.05213394840424),
 .UNSPECIFIED.);
#75=B_SPLINE_SURFACE_WITH_KNOTS('',3,3,((#5091,#5092,#5093,#5094,#5095,
#5096,#5097),(#5098,#5099,#5100,#5101,#5102,#5103,#5104),(#5105,#5106,#5107,
#5108,#5109,#5110,#5111),(#5112,#5113,#5114,#5115,#5116,#5117,#5118)),
 .UNSPECIFIED.,.F.,.F.,.F.,(4,4),(4,1,1,1,4),(-0.129957925824054,1.4920496516432E-13),
(1.45481049594894,1.4915457681051,1.52828104026126,1.54664867633934,1.5833839484955),
 .UNSPECIFIED.);
#76=B_SPLINE_SURFACE_WITH_KNOTS('',3,3,((#5213,#5214,#5215,#5216,#5217,
#5218,#5219),(#5220,#5221,#5222,#5223,#5224,#5225,#5226),(#5227,#5228,#5229,
#5230,#5231,#5232,#5233),(#5234,#5235,#5236,#5237,#5238,#5239,#5240)),
 .UNSPECIFIED.,.F.,.F.,.F.,(4,4),(4,1,1,1,4),(-0.129957925824054,1.4920496516432E-13),
(2.23606049594893,2.27279576804627,2.29116340409493,2.32789867619227,2.3646339482896),
 .UNSPECIFIED.);
#77=B_SPLINE_SURFACE_WITH_KNOTS('',3,3,((#5332,#5333,#5334,#5335,#5336,
#5337,#5338),(#5339,#5340,#5341,#5342,#5343,#5344,#5345),(#5346,#5347,#5348,
#5349,#5350,#5351,#5352),(#5353,#5354,#5355,#5356,#5357,#5358,#5359)),
 .UNSPECIFIED.,.F.,.F.,.F.,(4,4),(4,1,1,1,4),(-0.129957925824054,1.4920496516432E-13),
(1.76731049594894,1.8040457681051,1.82241340418318,1.85914867633934,1.8958839484955),
 .UNSPECIFIED.);
#78=B_SPLINE_SURFACE_WITH_KNOTS('',3,3,((#5420,#5421,#5422,#5423,#5424,
#5425),(#5426,#5427,#5428,#5429,#5430,#5431),(#5432,#5433,#5434,#5435,#5436,
#5437),(#5438,#5439,#5440,#5441,#5442,#5443)),.UNSPECIFIED.,.F.,.F.,.F.,
(4,4),(4,1,1,4),(-0.129957925824054,-0.0235460729675776),(2.55073583902433,
2.57266845656313,2.59460107410193,2.62750000041013),.UNSPECIFIED.);
#79=B_SPLINE_SURFACE_WITH_KNOTS('',3,3,((#5551,#5552,#5553,#5554,#5555,
#5556,#5557),(#5558,#5559,#5560,#5561,#5562,#5563,#5564),(#5565,#5566,#5567,
#5568,#5569,#5570,#5571),(#5572,#5573,#5574,#5575,#5576,#5577,#5578)),
 .UNSPECIFIED.,.F.,.F.,.F.,(4,4),(4,1,1,1,4),(-0.129957925824054,1.4920496516432E-13),
(2.07981049594894,2.1165457681051,2.13491340418318,2.17164867633934,2.2083839484955),
 .UNSPECIFIED.);
#80=B_SPLINE_SURFACE_WITH_KNOTS('',3,3,((#5639,#5640,#5641,#5642,#5643,
#5644,#5645),(#5646,#5647,#5648,#5649,#5650,#5651,#5652),(#5653,#5654,#5655,
#5656,#5657,#5658,#5659),(#5660,#5661,#5662,#5663,#5664,#5665,#5666)),
 .UNSPECIFIED.,.F.,.F.,.F.,(4,4),(4,1,1,1,4),(-0.129957925824054,1.4920496516432E-13),
(2.39231049594893,2.41067813202701,2.44741340418318,2.48414867633934,2.5208839484955),
 .UNSPECIFIED.);
#81=B_SPLINE_SURFACE_WITH_KNOTS('',3,3,((#5742,#5743,#5744,#5745),(#5746,
#5747,#5748,#5749),(#5750,#5751,#5752,#5753),(#5754,#5755,#5756,#5757)),
 .UNSPECIFIED.,.F.,.F.,.F.,(4,4),(4,4),(-0.024409724519702,0.),(0.127500000410125,
0.151909724929827),.UNSPECIFIED.);
#82=B_SPLINE_SURFACE_WITH_KNOTS('',3,3,((#5794,#5795,#5796,#5797,#5798,
#5799),(#5800,#5801,#5802,#5803,#5804,#5805),(#5806,#5807,#5808,#5809,#5810,
#5811),(#5812,#5813,#5814,#5815,#5816,#5817)),.UNSPECIFIED.,.F.,.F.,.F.,
(4,4),(4,1,1,4),(-0.0625,0.),(0.698784722222223,0.732266865079366,0.754588293650795,
0.776909722222224),.UNSPECIFIED.);
#83=B_SPLINE_SURFACE_WITH_KNOTS('',3,3,((#5830,#5831,#5832,#5833,#5834,
#5835),(#5836,#5837,#5838,#5839,#5840,#5841),(#5842,#5843,#5844,#5845,#5846,
#5847),(#5848,#5849,#5850,#5851,#5852,#5853)),.UNSPECIFIED.,.F.,.F.,.F.,
(4,4),(4,1,1,4),(-0.0625,0.),(0.230034722222222,0.263516865079366,0.285838293650794,
0.308159722222223),.UNSPECIFIED.);
#84=B_SPLINE_SURFACE_WITH_KNOTS('',3,3,((#5866,#5867,#5868,#5869,#5870,
#5871),(#5872,#5873,#5874,#5875,#5876,#5877),(#5878,#5879,#5880,#5881,#5882,
#5883),(#5884,#5885,#5886,#5887,#5888,#5889)),.UNSPECIFIED.,.F.,.F.,.F.,
(4,4),(4,1,1,4),(-0.0625,0.),(1.01128472222222,1.03360615079365,1.05592757936508,
1.08940972222222),.UNSPECIFIED.);
#85=B_SPLINE_SURFACE_WITH_KNOTS('',3,3,((#5902,#5903,#5904,#5905,#5906,
#5907),(#5908,#5909,#5910,#5911,#5912,#5913),(#5914,#5915,#5916,#5917,#5918,
#5919),(#5920,#5921,#5922,#5923,#5924,#5925)),.UNSPECIFIED.,.F.,.F.,.F.,
(4,4),(4,1,1,4),(-0.0625,0.),(0.542534722222223,0.576016865079366,0.598338293650795,
0.620659722222223),.UNSPECIFIED.);
#86=B_SPLINE_SURFACE_WITH_KNOTS('',3,3,((#5938,#5939,#5940,#5941,#5942,
#5943),(#5944,#5945,#5946,#5947,#5948,#5949),(#5950,#5951,#5952,#5953,#5954,
#5955),(#5956,#5957,#5958,#5959,#5960,#5961)),.UNSPECIFIED.,.F.,.F.,.F.,
(4,4),(4,1,1,4),(-0.0625,0.),(1.32378472222222,1.34610615079365,1.36842757936508,
1.40190972222222),.UNSPECIFIED.);
#87=B_SPLINE_SURFACE_WITH_KNOTS('',3,3,((#5974,#5975,#5976,#5977,#5978,
#5979),(#5980,#5981,#5982,#5983,#5984,#5985),(#5986,#5987,#5988,#5989,#5990,
#5991),(#5992,#5993,#5994,#5995,#5996,#5997)),.UNSPECIFIED.,.F.,.F.,.F.,
(4,4),(4,1,1,4),(-0.0625,0.),(0.855034722222223,0.888516865079366,0.910838293650795,
0.933159722222224),.UNSPECIFIED.);
#88=B_SPLINE_SURFACE_WITH_KNOTS('',3,3,((#6010,#6011,#6012,#6013,#6014,
#6015),(#6016,#6017,#6018,#6019,#6020,#6021),(#6022,#6023,#6024,#6025,#6026,
#6027),(#6028,#6029,#6030,#6031,#6032,#6033)),.UNSPECIFIED.,.F.,.F.,.F.,
(4,4),(4,1,1,4),(-0.0625,0.),(1.63628472222222,1.66976686507937,1.6920882936508,
1.71440972222222),.UNSPECIFIED.);
#89=B_SPLINE_SURFACE_WITH_KNOTS('',3,3,((#6046,#6047,#6048,#6049,#6050,
#6051),(#6052,#6053,#6054,#6055,#6056,#6057),(#6058,#6059,#6060,#6061,#6062,
#6063),(#6064,#6065,#6066,#6067,#6068,#6069)),.UNSPECIFIED.,.F.,.F.,.F.,
(4,4),(4,1,1,4),(-0.0625,0.),(1.16753472222222,1.20101686507937,1.2233382936508,
1.24565972222222),.UNSPECIFIED.);
#90=B_SPLINE_SURFACE_WITH_KNOTS('',3,3,((#6082,#6083,#6084,#6085,#6086,
#6087),(#6088,#6089,#6090,#6091,#6092,#6093),(#6094,#6095,#6096,#6097,#6098,
#6099),(#6100,#6101,#6102,#6103,#6104,#6105)),.UNSPECIFIED.,.F.,.F.,.F.,
(4,4),(4,1,1,4),(-0.0625,0.),(1.94878472222222,1.98226686507937,2.0045882936508,
2.02690972222222),.UNSPECIFIED.);
#91=B_SPLINE_SURFACE_WITH_KNOTS('',3,3,((#6118,#6119,#6120,#6121,#6122,
#6123),(#6124,#6125,#6126,#6127,#6128,#6129),(#6130,#6131,#6132,#6133,#6134,
#6135),(#6136,#6137,#6138,#6139,#6140,#6141)),.UNSPECIFIED.,.F.,.F.,.F.,
(4,4),(4,1,1,4),(-0.0625,0.),(1.48003472222222,1.51351686507937,1.5358382936508,
1.55815972222222),.UNSPECIFIED.);
#92=B_SPLINE_SURFACE_WITH_KNOTS('',3,3,((#6154,#6155,#6156,#6157,#6158,
#6159),(#6160,#6161,#6162,#6163,#6164,#6165),(#6166,#6167,#6168,#6169,#6170,
#6171),(#6172,#6173,#6174,#6175,#6176,#6177)),.UNSPECIFIED.,.F.,.F.,.F.,
(4,4),(4,1,1,4),(-0.0625,0.),(2.26128472222222,2.28360615079365,2.30592757936508,
2.33940972222222),.UNSPECIFIED.);
#93=B_SPLINE_SURFACE_WITH_KNOTS('',3,3,((#6194,#6195,#6196,#6197,#6198,
#6199),(#6200,#6201,#6202,#6203,#6204,#6205),(#6206,#6207,#6208,#6209,#6210,
#6211),(#6212,#6213,#6214,#6215,#6216,#6217)),.UNSPECIFIED.,.F.,.F.,.F.,
(4,4),(4,1,1,4),(-0.0625,0.),(1.79253472222222,1.82601686507937,1.8483382936508,
1.87065972222222),.UNSPECIFIED.);
#94=B_SPLINE_SURFACE_WITH_KNOTS('',3,3,((#6230,#6231,#6232,#6233,#6234,
#6235),(#6236,#6237,#6238,#6239,#6240,#6241),(#6242,#6243,#6244,#6245,#6246,
#6247),(#6248,#6249,#6250,#6251,#6252,#6253)),.UNSPECIFIED.,.F.,.F.,.F.,
(4,4),(4,1,1,4),(-0.0625,0.),(2.57378472222222,2.59610615079365,2.61842757936508,
2.65190972222222),.UNSPECIFIED.);
#95=B_SPLINE_SURFACE_WITH_KNOTS('',3,3,((#6292,#6293,#6294,#6295,#6296,
#6297),(#6298,#6299,#6300,#6301,#6302,#6303),(#6304,#6305,#6306,#6307,#6308,
#6309),(#6310,#6311,#6312,#6313,#6314,#6315)),.UNSPECIFIED.,.F.,.F.,.F.,
(4,4),(4,1,1,4),(-0.0625,0.),(2.10503472222222,2.13851686507937,2.1608382936508,
2.18315972222222),.UNSPECIFIED.);
#96=B_SPLINE_SURFACE_WITH_KNOTS('',3,3,((#6328,#6329,#6330,#6331,#6332,
#6333),(#6334,#6335,#6336,#6337,#6338,#6339),(#6340,#6341,#6342,#6343,#6344,
#6345),(#6346,#6347,#6348,#6349,#6350,#6351)),.UNSPECIFIED.,.F.,.F.,.F.,
(4,4),(4,1,1,4),(-0.0625,0.),(2.41753472222222,2.43985615079365,2.46217757936508,
2.49565972222222),.UNSPECIFIED.);
#97=B_SPLINE_SURFACE_WITH_KNOTS('',3,3,((#6415,#6416,#6417,#6418,#6419,
#6420),(#6421,#6422,#6423,#6424,#6425,#6426),(#6427,#6428,#6429,#6430,#6431,
#6432),(#6433,#6434,#6435,#6436,#6437,#6438)),.UNSPECIFIED.,.F.,.F.,.F.,
(4,4),(4,1,1,4),(0.0294571288952843,0.123145561928461),(2.70481049594894,
2.73864171225901,2.76119585646573,2.78375000067245),.UNSPECIFIED.);
#98=FACE_OUTER_BOUND('',#186,.T.);
#99=FACE_OUTER_BOUND('',#187,.T.);
#100=FACE_OUTER_BOUND('',#188,.T.);
#101=FACE_OUTER_BOUND('',#189,.T.);
#102=FACE_OUTER_BOUND('',#190,.T.);
#103=FACE_OUTER_BOUND('',#191,.T.);
#104=FACE_OUTER_BOUND('',#192,.T.);
#105=FACE_OUTER_BOUND('',#193,.T.);
#106=FACE_OUTER_BOUND('',#194,.T.);
#107=FACE_OUTER_BOUND('',#195,.T.);
#108=FACE_OUTER_BOUND('',#196,.T.);
#109=FACE_OUTER_BOUND('',#197,.T.);
#110=FACE_OUTER_BOUND('',#198,.T.);
#111=FACE_OUTER_BOUND('',#199,.T.);
#112=FACE_OUTER_BOUND('',#200,.T.);
#113=FACE_OUTER_BOUND('',#201,.T.);
#114=FACE_OUTER_BOUND('',#202,.T.);
#115=FACE_OUTER_BOUND('',#203,.T.);
#116=FACE_OUTER_BOUND('',#204,.T.);
#117=FACE_OUTER_BOUND('',#205,.T.);
#118=FACE_OUTER_BOUND('',#206,.T.);
#119=FACE_OUTER_BOUND('',#207,.T.);
#120=FACE_OUTER_BOUND('',#208,.T.);
#121=FACE_OUTER_BOUND('',#209,.T.);
#122=FACE_OUTER_BOUND('',#210,.T.);
#123=FACE_OUTER_BOUND('',#211,.T.);
#124=FACE_OUTER_BOUND('',#212,.T.);
#125=FACE_OUTER_BOUND('',#213,.T.);
#126=FACE_OUTER_BOUND('',#214,.T.);
#127=FACE_OUTER_BOUND('',#215,.T.);
#128=FACE_OUTER_BOUND('',#216,.T.);
#129=FACE_OUTER_BOUND('',#217,.T.);
#130=FACE_OUTER_BOUND('',#218,.T.);
#131=FACE_OUTER_BOUND('',#219,.T.);
#132=FACE_OUTER_BOUND('',#220,.T.);
#133=FACE_OUTER_BOUND('',#221,.T.);
#134=FACE_OUTER_BOUND('',#222,.T.);
#135=FACE_OUTER_BOUND('',#223,.T.);
#136=FACE_OUTER_BOUND('',#224,.T.);
#137=FACE_OUTER_BOUND('',#225,.T.);
#138=FACE_OUTER_BOUND('',#226,.T.);
#139=FACE_OUTER_BOUND('',#227,.T.);
#140=FACE_OUTER_BOUND('',#228,.T.);
#141=FACE_OUTER_BOUND('',#229,.T.);
#142=FACE_OUTER_BOUND('',#230,.T.);
#143=FACE_OUTER_BOUND('',#231,.T.);
#144=FACE_OUTER_BOUND('',#232,.T.);
#145=FACE_OUTER_BOUND('',#233,.T.);
#146=FACE_OUTER_BOUND('',#234,.T.);
#147=FACE_OUTER_BOUND('',#235,.T.);
#148=FACE_OUTER_BOUND('',#236,.T.);
#149=FACE_OUTER_BOUND('',#237,.T.);
#150=FACE_OUTER_BOUND('',#238,.T.);
#151=FACE_OUTER_BOUND('',#239,.T.);
#152=FACE_OUTER_BOUND('',#240,.T.);
#153=FACE_OUTER_BOUND('',#241,.T.);
#154=FACE_OUTER_BOUND('',#242,.T.);
#155=FACE_OUTER_BOUND('',#243,.T.);
#156=FACE_OUTER_BOUND('',#244,.T.);
#157=FACE_OUTER_BOUND('',#245,.T.);
#158=FACE_OUTER_BOUND('',#246,.T.);
#159=FACE_OUTER_BOUND('',#247,.T.);
#160=FACE_OUTER_BOUND('',#248,.T.);
#161=FACE_OUTER_BOUND('',#249,.T.);
#162=FACE_OUTER_BOUND('',#250,.T.);
#163=FACE_OUTER_BOUND('',#251,.T.);
#164=FACE_OUTER_BOUND('',#252,.T.);
#165=FACE_OUTER_BOUND('',#253,.T.);
#166=FACE_OUTER_BOUND('',#254,.T.);
#167=FACE_OUTER_BOUND('',#255,.T.);
#168=FACE_OUTER_BOUND('',#256,.T.);
#169=FACE_OUTER_BOUND('',#257,.T.);
#170=FACE_OUTER_BOUND('',#258,.T.);
#171=FACE_OUTER_BOUND('',#259,.T.);
#172=FACE_OUTER_BOUND('',#260,.T.);
#173=FACE_OUTER_BOUND('',#261,.T.);
#174=FACE_OUTER_BOUND('',#262,.T.);
#175=FACE_OUTER_BOUND('',#263,.T.);
#176=FACE_OUTER_BOUND('',#264,.T.);
#177=FACE_OUTER_BOUND('',#267,.T.);
#178=FACE_OUTER_BOUND('',#268,.T.);
#179=FACE_OUTER_BOUND('',#269,.T.);
#180=FACE_OUTER_BOUND('',#270,.T.);
#181=FACE_OUTER_BOUND('',#271,.T.);
#182=FACE_OUTER_BOUND('',#272,.T.);
#183=FACE_OUTER_BOUND('',#273,.T.);
#184=FACE_OUTER_BOUND('',#274,.T.);
#185=FACE_OUTER_BOUND('',#275,.T.);
#186=EDGE_LOOP('',(#997,#998,#999,#1000));
#187=EDGE_LOOP('',(#1001,#1002,#1003,#1004,#1005));
#188=EDGE_LOOP('',(#1006,#1007,#1008,#1009));
#189=EDGE_LOOP('',(#1010,#1011,#1012,#1013));
#190=EDGE_LOOP('',(#1014,#1015,#1016));
#191=EDGE_LOOP('',(#1017,#1018,#1019,#1020));
#192=EDGE_LOOP('',(#1021,#1022,#1023,#1024));
#193=EDGE_LOOP('',(#1025,#1026,#1027,#1028));
#194=EDGE_LOOP('',(#1029,#1030,#1031));
#195=EDGE_LOOP('',(#1032,#1033,#1034,#1035));
#196=EDGE_LOOP('',(#1036,#1037,#1038,#1039));
#197=EDGE_LOOP('',(#1040,#1041,#1042,#1043));
#198=EDGE_LOOP('',(#1044,#1045,#1046));
#199=EDGE_LOOP('',(#1047,#1048,#1049,#1050));
#200=EDGE_LOOP('',(#1051,#1052,#1053,#1054));
#201=EDGE_LOOP('',(#1055,#1056,#1057,#1058));
#202=EDGE_LOOP('',(#1059,#1060,#1061,#1062));
#203=EDGE_LOOP('',(#1063,#1064,#1065,#1066,#1067));
#204=EDGE_LOOP('',(#1068,#1069,#1070,#1071));
#205=EDGE_LOOP('',(#1072,#1073,#1074,#1075));
#206=EDGE_LOOP('',(#1076,#1077,#1078,#1079));
#207=EDGE_LOOP('',(#1080,#1081,#1082,#1083));
#208=EDGE_LOOP('',(#1084,#1085,#1086,#1087));
#209=EDGE_LOOP('',(#1088,#1089,#1090,#1091));
#210=EDGE_LOOP('',(#1092,#1093,#1094,#1095));
#211=EDGE_LOOP('',(#1096,#1097,#1098,#1099));
#212=EDGE_LOOP('',(#1100,#1101,#1102,#1103));
#213=EDGE_LOOP('',(#1104,#1105,#1106,#1107));
#214=EDGE_LOOP('',(#1108,#1109,#1110,#1111));
#215=EDGE_LOOP('',(#1112,#1113,#1114,#1115));
#216=EDGE_LOOP('',(#1116,#1117,#1118,#1119));
#217=EDGE_LOOP('',(#1120,#1121,#1122,#1123));
#218=EDGE_LOOP('',(#1124,#1125,#1126,#1127));
#219=EDGE_LOOP('',(#1128,#1129,#1130,#1131));
#220=EDGE_LOOP('',(#1132,#1133,#1134,#1135));
#221=EDGE_LOOP('',(#1136,#1137,#1138,#1139));
#222=EDGE_LOOP('',(#1140,#1141,#1142,#1143));
#223=EDGE_LOOP('',(#1144,#1145,#1146,#1147));
#224=EDGE_LOOP('',(#1148,#1149,#1150,#1151));
#225=EDGE_LOOP('',(#1152,#1153,#1154,#1155));
#226=EDGE_LOOP('',(#1156,#1157,#1158,#1159));
#227=EDGE_LOOP('',(#1160,#1161,#1162,#1163));
#228=EDGE_LOOP('',(#1164,#1165,#1166,#1167));
#229=EDGE_LOOP('',(#1168,#1169,#1170,#1171));
#230=EDGE_LOOP('',(#1172,#1173,#1174,#1175));
#231=EDGE_LOOP('',(#1176,#1177,#1178));
#232=EDGE_LOOP('',(#1179,#1180,#1181,#1182));
#233=EDGE_LOOP('',(#1183,#1184,#1185,#1186));
#234=EDGE_LOOP('',(#1187,#1188,#1189,#1190));
#235=EDGE_LOOP('',(#1191,#1192,#1193,#1194));
#236=EDGE_LOOP('',(#1195,#1196,#1197,#1198));
#237=EDGE_LOOP('',(#1199,#1200,#1201,#1202));
#238=EDGE_LOOP('',(#1203,#1204,#1205,#1206));
#239=EDGE_LOOP('',(#1207,#1208,#1209,#1210));
#240=EDGE_LOOP('',(#1211,#1212,#1213,#1214));
#241=EDGE_LOOP('',(#1215,#1216,#1217,#1218));
#242=EDGE_LOOP('',(#1219,#1220,#1221,#1222));
#243=EDGE_LOOP('',(#1223,#1224,#1225,#1226));
#244=EDGE_LOOP('',(#1227,#1228,#1229,#1230));
#245=EDGE_LOOP('',(#1231,#1232,#1233));
#246=EDGE_LOOP('',(#1234,#1235,#1236,#1237));
#247=EDGE_LOOP('',(#1238,#1239,#1240,#1241));
#248=EDGE_LOOP('',(#1242,#1243,#1244));
#249=EDGE_LOOP('',(#1245,#1246,#1247,#1248));
#250=EDGE_LOOP('',(#1249,#1250,#1251,#1252));
#251=EDGE_LOOP('',(#1253,#1254,#1255,#1256));
#252=EDGE_LOOP('',(#1257,#1258,#1259,#1260));
#253=EDGE_LOOP('',(#1261,#1262,#1263,#1264));
#254=EDGE_LOOP('',(#1265,#1266,#1267,#1268));
#255=EDGE_LOOP('',(#1269,#1270,#1271,#1272));
#256=EDGE_LOOP('',(#1273,#1274,#1275,#1276));
#257=EDGE_LOOP('',(#1277,#1278,#1279,#1280));
#258=EDGE_LOOP('',(#1281,#1282,#1283,#1284));
#259=EDGE_LOOP('',(#1285,#1286,#1287,#1288));
#260=EDGE_LOOP('',(#1289,#1290,#1291,#1292));
#261=EDGE_LOOP('',(#1293,#1294,#1295,#1296,#1297));
#262=EDGE_LOOP('',(#1298,#1299,#1300,#1301));
#263=EDGE_LOOP('',(#1302,#1303,#1304,#1305));
#264=EDGE_LOOP('',(#1306,#1307,#1308,#1309,#1310,#1311,#1312,#1313,#1314,
#1315));
#265=EDGE_LOOP('',(#1316,#1317,#1318,#1319,#1320,#1321));
#266=EDGE_LOOP('',(#1322,#1323,#1324));
#267=EDGE_LOOP('',(#1325,#1326,#1327,#1328,#1329,#1330,#1331,#1332,#1333,
#1334,#1335,#1336,#1337,#1338,#1339,#1340,#1341,#1342,#1343,#1344,#1345,
#1346,#1347,#1348,#1349,#1350,#1351,#1352,#1353,#1354,#1355,#1356,#1357,
#1358,#1359,#1360));
#268=EDGE_LOOP('',(#1361,#1362,#1363,#1364));
#269=EDGE_LOOP('',(#1365,#1366,#1367,#1368,#1369,#1370,#1371,#1372,#1373,
#1374,#1375,#1376,#1377,#1378,#1379,#1380,#1381,#1382,#1383,#1384,#1385,
#1386,#1387,#1388,#1389,#1390,#1391,#1392,#1393,#1394,#1395,#1396,#1397,
#1398,#1399,#1400));
#270=EDGE_LOOP('',(#1401,#1402,#1403,#1404,#1405,#1406,#1407,#1408,#1409,
#1410,#1411,#1412,#1413,#1414,#1415,#1416,#1417,#1418,#1419,#1420,#1421,
#1422,#1423,#1424,#1425,#1426,#1427,#1428,#1429,#1430,#1431,#1432,#1433,
#1434,#1435,#1436));
#271=EDGE_LOOP('',(#1437,#1438,#1439));
#272=EDGE_LOOP('',(#1440,#1441,#1442,#1443,#1444));
#273=EDGE_LOOP('',(#1445,#1446,#1447,#1448,#1449,#1450,#1451,#1452,#1453,
#1454,#1455,#1456,#1457,#1458,#1459,#1460,#1461,#1462,#1463,#1464,#1465,
#1466,#1467,#1468,#1469,#1470,#1471,#1472,#1473,#1474,#1475,#1476,#1477,
#1478,#1479,#1480));
#274=EDGE_LOOP('',(#1481,#1482,#1483,#1484));
#275=EDGE_LOOP('',(#1485,#1486,#1487,#1488,#1489,#1490,#1491,#1492,#1493,
#1494));
#276=B_SPLINE_CURVE_WITH_KNOTS('',3,(#1819,#1820,#1821,#1822,#1823,#1824,
#1825,#1826,#1827,#1828,#1829,#1830,#1831),.UNSPECIFIED.,.F.,.F.,(4,3,3,
3,4),(0.214188123293094,0.479696631402203,1.01071364762071,1.54173066383922,
2.07274768005773),.UNSPECIFIED.);
#277=B_SPLINE_CURVE_WITH_KNOTS('',3,(#1834,#1835,#1836,#1837,#1838,#1839,
#1840,#1841,#1842,#1843,#1844,#1845,#1846),.UNSPECIFIED.,.F.,.F.,(4,3,3,
3,4),(141.586261771201,142.117304293935,142.64834681667,143.179389339404,
143.444910600771),.UNSPECIFIED.);
#278=B_SPLINE_CURVE_WITH_KNOTS('',3,(#1876,#1877,#1878,#1879),
 .UNSPECIFIED.,.F.,.F.,(4,4),(-0.228633185674923,-0.190469812439942),
 .UNSPECIFIED.);
#279=B_SPLINE_CURVE_WITH_KNOTS('',3,(#1881,#1882,#1883,#1884,#1885,#1886,
#1887,#1888,#1889,#1890,#1891,#1892,#1893,#1894,#1895,#1896,#1897,#1898,
#1899,#1900,#1901,#1902,#1903,#1904,#1905,#1906,#1907,#1908,#1909,#1910,
#1911,#1912,#1913,#1914,#1915,#1916,#1917,#1918,#1919,#1920,#1921,#1922,
#1923,#1924,#1925,#1926,#1927,#1928,#1929,#1930,#1931,#1932,#1933,#1934,
#1935,#1936,#1937,#1938,#1939,#1940,#1941,#1942,#1943,#1944,#1945,#1946,
#1947,#1948,#1949,#1950,#1951,#1952,#1953,#1954,#1955,#1956,#1957,#1958,
#1959),.UNSPECIFIED.,.F.,.F.,(4,3,3,3,3,3,3,3,3,3,3,3,3,3,3,3,3,3,3,3,3,
3,3,3,3,3,4),(0.,0.0521272835927124,0.105013897182598,0.158202714331835,
0.211012237004701,0.234924430435253,0.245346661908929,0.251681723472179,
0.306661010726908,0.359232370817885,0.414377606154722,0.462629687074454,
0.483739972476837,0.4997087276486,0.505578385939331,0.560109274756335,0.615347608684942,
0.670782802874773,0.72580193265492,0.746615074781667,0.759317888780101,
0.766562395881499,0.800394253512581,0.856844600473263,0.912654747497565,
0.969425194426436,1.02619564135531),.UNSPECIFIED.);
#280=B_SPLINE_CURVE_WITH_KNOTS('',3,(#1961,#1962,#1963,#1964),
 .UNSPECIFIED.,.F.,.F.,(4,4),(0.127500000410125,0.151909722222222),
 .UNSPECIFIED.);
#281=B_SPLINE_CURVE_WITH_KNOTS('',3,(#1965,#1966,#1967,#1968,#1969,#1970,
#1971,#1972,#1973,#1974,#1975,#1976,#1977,#1978,#1979,#1980,#1981,#1982),
 .UNSPECIFIED.,.F.,.F.,(4,2,2,2,2,2,2,2,4),(-0.369347964213108,-0.36919940040486,
-0.368960899061355,-0.368436904003413,-0.364447568576832,-0.320088361838298,
-0.319185550019658,-0.118440095357224,0.),.UNSPECIFIED.);
#282=B_SPLINE_CURVE_WITH_KNOTS('',3,(#2009,#2010,#2011,#2012,#2013,#2014),
 .UNSPECIFIED.,.F.,.F.,(4,2,4),(-0.0625,-0.03125,0.),.UNSPECIFIED.);
#283=B_SPLINE_CURVE_WITH_KNOTS('',3,(#2016,#2017,#2018,#2019,#2020,#2021),
 .UNSPECIFIED.,.F.,.F.,(4,1,1,4),(0.386292281007329,0.41616340418319,0.452898676339353,
0.464434055988245),.UNSPECIFIED.);
#284=B_SPLINE_CURVE_WITH_KNOTS('',3,(#2023,#2024,#2025,#2026,#2027,#2028),
 .UNSPECIFIED.,.F.,.F.,(4,2,4),(-0.0625,-0.03125,0.),.UNSPECIFIED.);
#285=B_SPLINE_CURVE_WITH_KNOTS('',3,(#2029,#2030,#2031,#2032,#2033,#2034),
 .UNSPECIFIED.,.F.,.F.,(4,1,1,4),(0.386284722222223,0.419766865079366,0.442088293650795,
0.464409722222223),.UNSPECIFIED.);
#286=B_SPLINE_CURVE_WITH_KNOTS('',3,(#2063,#2064,#2065,#2066,#2067,#2068,
#2069,#2070,#2071,#2072,#2073,#2074,#2075,#2076,#2077,#2078,#2079,#2080),
 .UNSPECIFIED.,.F.,.F.,(4,2,2,2,2,2,2,2,4),(-0.369347964101648,-0.369199400294285,
-0.368960898953283,-0.368436903896569,-0.364447568489122,-0.320088361960581,
-0.319185550144806,-0.118440095433239,0.),.UNSPECIFIED.);
#287=B_SPLINE_CURVE_WITH_KNOTS('',3,(#2081,#2082,#2083,#2084,#2085,#2086,
#2087,#2088,#2089,#2090,#2091,#2092,#2093,#2094,#2095,#2096),
 .UNSPECIFIED.,.F.,.F.,(4,2,2,2,2,2,2,4),(-0.409617014603531,-0.179192290191345,
-0.0831366655738446,-0.0518641938381755,-0.0509410228552248,-0.0506376150248143,
-0.0504423738823087,-0.05040936171007),.UNSPECIFIED.);
#288=B_SPLINE_CURVE_WITH_KNOTS('',3,(#2191,#2192,#2193,#2194,#2195,#2196,
#2197,#2198,#2199,#2200,#2201,#2202,#2203,#2204,#2205,#2206,#2207,#2208,
#2209,#2210,#2211,#2212,#2213,#2214,#2215,#2216,#2217,#2218,#2219,#2220,
#2221,#2222),.UNSPECIFIED.,.F.,.F.,(4,2,2,2,2,2,2,2,2,2,2,2,2,2,2,4),(-0.369536174850759,
-0.369387017410171,-0.36914756305975,-0.368621474209538,-0.364616198101619,
-0.320079739789914,-0.319173320493502,-0.26220990202237,-0.248793717615284,
-0.232760252907805,-0.213658545529877,-0.18395030208322,-0.152944713735292,
-0.137575874877816,-0.118440095433154,0.),.UNSPECIFIED.);
#289=B_SPLINE_CURVE_WITH_KNOTS('',3,(#2224,#2225,#2226,#2227,#2228,#2229,
#2230,#2231,#2232,#2233,#2234,#2235,#2236),.UNSPECIFIED.,.F.,.F.,(4,3,3,
3,4),(137.068642606855,137.599714829723,138.130787052592,138.661859275461,
138.927395386854),.UNSPECIFIED.);
#290=B_SPLINE_CURVE_WITH_KNOTS('',3,(#2238,#2239,#2240,#2241,#2242,#2243,
#2244,#2245,#2246,#2247,#2248,#2249,#2250,#2251,#2252,#2253),
 .UNSPECIFIED.,.F.,.F.,(4,2,2,2,2,2,2,4),(-0.409617016965381,-0.179192291036793,
-0.0831366657870911,-0.0518641938456386,-0.0509410228570168,-0.0506376150224979,
-0.0504423738780106,-0.0504093617067619),.UNSPECIFIED.);
#291=B_SPLINE_CURVE_WITH_KNOTS('',3,(#2254,#2255,#2256,#2257,#2258,#2259),
 .UNSPECIFIED.,.F.,.F.,(4,1,1,4),(0.698792726807098,0.728663404183186,0.765398676339347,
0.77693452490173),.UNSPECIFIED.);
#292=B_SPLINE_CURVE_WITH_KNOTS('',3,(#2290,#2291,#2292,#2293,#2294,#2295,
#2296,#2297,#2298,#2299,#2300,#2301,#2302,#2303,#2304,#2305),
 .UNSPECIFIED.,.F.,.F.,(4,2,2,2,2,2,2,4),(-0.409617016733888,-0.179192290953951,
-0.0831366657659401,-0.0518641938447544,-0.0509410228560293,-0.0506376150245862,
-0.0504423738820956,-0.0504093617096877),.UNSPECIFIED.);
#293=B_SPLINE_CURVE_WITH_KNOTS('',3,(#2307,#2308,#2309,#2310,#2311,#2312),
 .UNSPECIFIED.,.F.,.F.,(4,1,1,4),(0.230030265097891,0.249655665900838,0.28314697893871,
0.308154281444675),.UNSPECIFIED.);
#294=B_SPLINE_CURVE_WITH_KNOTS('',3,(#2314,#2315,#2316,#2317,#2318,#2319,
#2320,#2321,#2322,#2323,#2324,#2325,#2326,#2327,#2328,#2329,#2330,#2331),
 .UNSPECIFIED.,.F.,.F.,(4,2,2,2,2,2,2,2,4),(-0.308461498322052,-0.308312541882353,
-0.308073410215989,-0.307548030319163,-0.303548151690721,-0.259071710366855,
-0.258166512554763,-0.143337775503134,-0.124653008666726),.UNSPECIFIED.);
#295=B_SPLINE_CURVE_WITH_KNOTS('',3,(#2333,#2334,#2335,#2336,#2337,#2338,
#2339,#2340,#2341,#2342,#2343,#2344,#2345,#2346,#2347,#2348,#2349,#2350,
#2351,#2352,#2353,#2354,#2355,#2356,#2357,#2358,#2359,#2360,#2361,#2362,
#2363,#2364,#2365,#2366,#2367,#2368,#2369,#2370,#2371,#2372,#2373,#2374,
#2375,#2376,#2377,#2378,#2379,#2380,#2381,#2382,#2383,#2384,#2385,#2386,
#2387,#2388,#2389,#2390,#2391,#2392,#2393,#2394,#2395,#2396,#2397,#2398,
#2399,#2400,#2401,#2402,#2403,#2404,#2405),.UNSPECIFIED.,.F.,.F.,(4,3,3,
3,3,3,3,3,3,3,3,3,3,3,3,3,3,3,3,3,3,3,3,3,4),(0.311539061086841,0.320246864574354,
0.379438405765165,0.437280129981201,0.494923346635372,0.532280327568557,
0.548624006726825,0.556674095428348,0.563751792752033,0.621258643089237,
0.677650813407976,0.735715003754411,0.790375664201707,0.793779194100847,
0.812565147564489,0.8235517801442,0.832875622296597,0.887717764691614,0.943295300127635,
0.998766134882157,1.05339058251553,1.09013137484152,1.14443373992763,1.19810552569174,
1.24589265387232),.UNSPECIFIED.);
#296=B_SPLINE_CURVE_WITH_KNOTS('',3,(#2406,#2407,#2408,#2409,#2410,#2411,
#2412),.UNSPECIFIED.,.F.,.F.,(4,3,4),(143.845073218104,144.086923123567,
144.561913765695),.UNSPECIFIED.);
#297=B_SPLINE_CURVE_WITH_KNOTS('',3,(#2443,#2444,#2445,#2446,#2447,#2448,
#2449,#2450,#2451,#2452,#2453,#2454,#2455,#2456,#2457,#2458,#2459,#2460,
#2461,#2462,#2463,#2464,#2465,#2466,#2467,#2468,#2469,#2470,#2471,#2472,
#2473,#2474,#2475,#2476,#2477,#2478,#2479,#2480,#2481,#2482),
 .UNSPECIFIED.,.F.,.F.,(4,2,2,2,2,2,2,2,2,2,2,2,2,2,2,2,2,2,2,4),(-0.369527259103603,
-0.36937809304617,-0.36913862486567,-0.368612505644923,-0.364606998298735,
-0.320067968745135,-0.319161497118244,-0.271525582983294,-0.259973278044261,
-0.246115354955144,-0.229565239687369,-0.220842247486051,-0.211386064271201,
-0.200650084125574,-0.187182096974751,-0.167817310399127,-0.153355656900522,
-0.137571292477275,-0.118440095433304,0.),.UNSPECIFIED.);
#298=B_SPLINE_CURVE_WITH_KNOTS('',3,(#2484,#2485,#2486,#2487,#2488,#2489,
#2490,#2491,#2492,#2493,#2494,#2495,#2496),.UNSPECIFIED.,.F.,.F.,(4,3,3,
3,4),(132.551036137641,133.082132154573,133.613228171506,134.144324188439,
134.409872196905),.UNSPECIFIED.);
#299=B_SPLINE_CURVE_WITH_KNOTS('',3,(#2498,#2499,#2500,#2501,#2502,#2503,
#2504,#2505,#2506,#2507,#2508,#2509,#2510,#2511,#2512,#2513),
 .UNSPECIFIED.,.F.,.F.,(4,2,2,2,2,2,2,4),(-0.409617025045116,-0.179192293940145,
-0.0831366665325862,-0.0518641938886393,-0.0509410228790632,-0.0506376150392388,
-0.0504423738886302,-0.0504093617147047),.UNSPECIFIED.);
#300=B_SPLINE_CURVE_WITH_KNOTS('',3,(#2514,#2515,#2516,#2517,#2518,#2519),
 .UNSPECIFIED.,.F.,.F.,(4,1,1,4),(1.0112930579265,1.04116340418318,1.07789867633934,
1.08943486161612),.UNSPECIFIED.);
#301=B_SPLINE_CURVE_WITH_KNOTS('',3,(#2550,#2551,#2552,#2553,#2554,#2555,
#2556,#2557,#2558,#2559,#2560,#2561,#2562,#2563,#2564,#2565),
 .UNSPECIFIED.,.F.,.F.,(4,2,2,2,2,2,2,4),(-0.409617021180894,-0.179192292547363,
-0.0831366661698958,-0.0518641938614203,-0.0509410228609044,-0.0506376150256982,
-0.0504423738816725,-0.050409361709141),.UNSPECIFIED.);
#302=B_SPLINE_CURVE_WITH_KNOTS('',3,(#2567,#2568,#2569,#2570,#2571,#2572),
 .UNSPECIFIED.,.F.,.F.,(4,1,1,4),(0.542512579214888,0.554045768153011,0.590781040290012,
0.620651922864024),.UNSPECIFIED.);
#303=B_SPLINE_CURVE_WITH_KNOTS('',3,(#2574,#2575,#2576,#2577,#2578,#2579,
#2580,#2581,#2582,#2583,#2584,#2585,#2586,#2587,#2588,#2589,#2590,#2591),
 .UNSPECIFIED.,.F.,.F.,(4,2,2,2,2,2,2,2,4),(-0.369347964343262,-0.369199400537817,
-0.368960899198789,-0.368436904140813,-0.364447568727482,-0.320088362132665,
-0.319185550317015,-0.11844009629448,-1.26776422693098E-9),
 .UNSPECIFIED.);
#304=B_SPLINE_CURVE_WITH_KNOTS('',3,(#2592,#2593,#2594,#2595,#2596,#2597,
#2598,#2599,#2600,#2601,#2602,#2603,#2604),.UNSPECIFIED.,.F.,.F.,(4,3,3,
3,4),(139.32745118208,139.592979234747,140.124035340081,140.655091445415,
141.186147550115),.UNSPECIFIED.);
#305=B_SPLINE_CURVE_WITH_KNOTS('',3,(#2635,#2636,#2637,#2638,#2639,#2640,
#2641,#2642,#2643,#2644,#2645,#2646,#2647,#2648,#2649,#2650,#2651,#2652,
#2653,#2654,#2655,#2656,#2657,#2658,#2659,#2660,#2661,#2662,#2663,#2664,
#2665,#2666,#2667,#2668,#2669,#2670,#2671,#2672,#2673,#2674,#2675,#2676,
#2677,#2678),.UNSPECIFIED.,.F.,.F.,(4,2,2,2,2,2,2,2,2,2,2,2,2,2,2,2,2,2,
2,2,2,4),(-0.369530649241487,-0.369381482531524,-0.369142013306388,-0.368615891787672,
-0.364610366954905,-0.320071142962439,-0.319164667377922,-0.270620863681467,
-0.258884800994495,-0.244812655553871,-0.228011826555611,-0.219157898335687,
-0.209560230980954,-0.198398027850362,-0.18705723597699,-0.1747636598748,
-0.161432810600842,-0.146970059372828,-0.139543742149111,-0.130441847125004,
-0.118440095433267,0.),.UNSPECIFIED.);
#306=B_SPLINE_CURVE_WITH_KNOTS('',3,(#2680,#2681,#2682,#2683,#2684,#2685,
#2686,#2687,#2688,#2689,#2690,#2691,#2692),.UNSPECIFIED.,.F.,.F.,(4,3,3,
3,4),(128.033451693877,128.564554175258,129.095656656638,129.626759138019,
129.892310378709),.UNSPECIFIED.);
#307=B_SPLINE_CURVE_WITH_KNOTS('',3,(#2694,#2695,#2696,#2697,#2698,#2699,
#2700,#2701,#2702,#2703,#2704,#2705,#2706,#2707,#2708,#2709),
 .UNSPECIFIED.,.F.,.F.,(4,2,2,2,2,2,2,4),(-0.409617032344988,-0.17919229655036,
-0.0831366671877515,-0.0518641939073133,-0.0509410228784273,-0.0506376150351603,
-0.0504423738870652,-0.0504093617137597),.UNSPECIFIED.);
#308=B_SPLINE_CURVE_WITH_KNOTS('',3,(#2710,#2711,#2712,#2713,#2714,#2715),
 .UNSPECIFIED.,.F.,.F.,(4,1,1,4),(1.32379331310897,1.35366340418318,1.39039867633934,
1.401935115305),.UNSPECIFIED.);
#309=B_SPLINE_CURVE_WITH_KNOTS('',3,(#2746,#2747,#2748,#2749,#2750,#2751,
#2752,#2753,#2754,#2755,#2756,#2757,#2758,#2759,#2760,#2761),
 .UNSPECIFIED.,.F.,.F.,(4,2,2,2,2,2,2,4),(-0.409617014355173,-0.179192290095497,
-0.0831366655412774,-0.0518641938264332,-0.0509410228442437,-0.0506376150129121,
-0.0504423738707531,-0.0504093616995065),.UNSPECIFIED.);
#310=B_SPLINE_CURVE_WITH_KNOTS('',3,(#2763,#2764,#2765,#2766,#2767,#2768,
#2769),.UNSPECIFIED.,.F.,.F.,(4,1,1,1,4),(0.855043067353478,0.866545768286006,
0.884913404327905,0.921648676411704,0.933191370368029),.UNSPECIFIED.);
#311=B_SPLINE_CURVE_WITH_KNOTS('',3,(#2771,#2772,#2773,#2774,#2775,#2776,
#2777,#2778,#2779,#2780,#2781,#2782,#2783,#2784,#2785,#2786,#2787,#2788,
#2789,#2790,#2791,#2792,#2793,#2794,#2795,#2796,#2797,#2798,#2799,#2800,
#2801,#2802),.UNSPECIFIED.,.F.,.F.,(4,2,2,2,2,2,2,2,2,2,2,2,2,2,2,4),(-0.369536175000962,
-0.369387017558992,-0.369147563209154,-0.368621474362358,-0.364616198295246,
-0.320079740432478,-0.319173321146067,-0.262209903412328,-0.248793719179018,
-0.232760254679447,-0.213658547549042,-0.183950304487492,-0.152944716541598,
-0.137575877883278,-0.118440098686415,-4.78757189448231E-9),
 .UNSPECIFIED.);
#312=B_SPLINE_CURVE_WITH_KNOTS('',3,(#2803,#2804,#2805,#2806,#2807,#2808,
#2809,#2810,#2811,#2812,#2813,#2814,#2815),.UNSPECIFIED.,.F.,.F.,(4,3,3,
3,4),(134.809837204352,135.340923494751,135.872009785149,136.137552930348,
136.66863921835),.UNSPECIFIED.);
#313=B_SPLINE_CURVE_WITH_KNOTS('',3,(#2846,#2847,#2848,#2849,#2850,#2851,
#2852,#2853,#2854,#2855,#2856,#2857,#2858,#2859,#2860,#2861,#2862,#2863,
#2864,#2865,#2866,#2867,#2868,#2869,#2870,#2871,#2872,#2873,#2874,#2875,
#2876,#2877,#2878,#2879,#2880,#2881,#2882,#2883,#2884,#2885,#2886,#2887,
#2888,#2889,#2890,#2891,#2892,#2893),.UNSPECIFIED.,.F.,.F.,(4,2,2,2,2,2,
2,2,2,2,2,2,2,2,2,2,2,2,2,2,2,2,2,4),(-0.369531878769126,-0.369382711876858,
-0.369143242348815,-0.368617120158841,-0.36461159022987,-0.320072309566201,
-0.319165832828788,-0.270238081723288,-0.25842447614966,-0.244261917860749,
-0.22735524162245,-0.218446017513157,-0.208788585955206,-0.197441751719752,
-0.18602067706095,-0.173639790823399,-0.167288260030434,-0.160682301648585,
-0.153810858287938,-0.146662233270334,-0.13922413762924,-0.130220649955238,
-0.118440095433205,0.),.UNSPECIFIED.);
#314=B_SPLINE_CURVE_WITH_KNOTS('',3,(#2895,#2896,#2897,#2898,#2899,#2900,
#2901,#2902,#2903,#2904,#2905,#2906,#2907),.UNSPECIFIED.,.F.,.F.,(4,3,3,
3,4),(123.515898719492,124.046990367766,124.578082016041,125.109173664315,
125.374719488452),.UNSPECIFIED.);
#315=B_SPLINE_CURVE_WITH_KNOTS('',3,(#2909,#2910,#2911,#2912,#2913,#2914,
#2915,#2916,#2917,#2918,#2919,#2920,#2921,#2922,#2923,#2924),
 .UNSPECIFIED.,.F.,.F.,(4,2,2,2,2,2,2,4),(-0.409617024980433,-0.179192293912959,
-0.0831366665205457,-0.0518641938817979,-0.0509410228716989,-0.0506376150343863,
-0.0504423738866491,-0.050409361712363),.UNSPECIFIED.);
#316=B_SPLINE_CURVE_WITH_KNOTS('',3,(#2925,#2926,#2927,#2928,#2929,#2930),
 .UNSPECIFIED.,.F.,.F.,(4,1,1,4),(1.63629351560331,1.66616340418318,1.70289867633934,
1.71443531337753),.UNSPECIFIED.);
#317=B_SPLINE_CURVE_WITH_KNOTS('',3,(#2961,#2962,#2963,#2964,#2965,#2966,
#2967,#2968,#2969,#2970,#2971,#2972,#2973,#2974,#2975,#2976),
 .UNSPECIFIED.,.F.,.F.,(4,2,2,2,2,2,2,4),(-0.409617020943256,-0.179192292467487,
-0.0831366661562403,-0.0518641938690404,-0.0509410228698784,-0.0506376150334054,
-0.0504423738854938,-0.05040936171215),.UNSPECIFIED.);
#318=B_SPLINE_CURVE_WITH_KNOTS('',3,(#2978,#2979,#2980,#2981,#2982,#2983,
#2984),.UNSPECIFIED.,.F.,.F.,(4,1,1,1,4),(1.16754344529997,1.1790457681051,
1.19741340418318,1.23414867633934,1.24569115794479),.UNSPECIFIED.);
#319=B_SPLINE_CURVE_WITH_KNOTS('',3,(#2986,#2987,#2988,#2989,#2990,#2991,
#2992,#2993,#2994,#2995,#2996,#2997,#2998,#2999,#3000,#3001,#3002,#3003,
#3004,#3005,#3006,#3007,#3008,#3009,#3010,#3011,#3012,#3013,#3014,#3015,
#3016,#3017,#3018,#3019,#3020,#3021,#3022,#3023,#3024,#3025),
 .UNSPECIFIED.,.F.,.F.,(4,2,2,2,2,2,2,2,2,2,2,2,2,2,2,2,2,2,2,4),(-0.36952725904407,
-0.369378092991904,-0.369138624813569,-0.36861250559173,-0.364606998249875,
-0.320067968742514,-0.31916149711625,-0.271525582980718,-0.2599732780416,
-0.24611535495262,-0.229565239685119,-0.220842247483553,-0.21138606426801,
-0.200650084123313,-0.187182096973989,-0.167817310399251,-0.153355656901247,
-0.137571292477371,-0.118440095433308,0.),.UNSPECIFIED.);
#320=B_SPLINE_CURVE_WITH_KNOTS('',3,(#3026,#3027,#3028,#3029,#3030,#3031,
#3032,#3033,#3034,#3035,#3036,#3037,#3038),.UNSPECIFIED.,.F.,.F.,(4,3,3,
3,4),(130.292240575507,130.823341986852,131.354443398197,131.619994103869,
132.151095515214),.UNSPECIFIED.);
#321=B_SPLINE_CURVE_WITH_KNOTS('',3,(#3069,#3070,#3071,#3072,#3073,#3074,
#3075,#3076,#3077,#3078,#3079,#3080,#3081,#3082,#3083,#3084,#3085,#3086,
#3087,#3088,#3089,#3090,#3091,#3092,#3093,#3094,#3095,#3096,#3097,#3098,
#3099,#3100,#3101,#3102,#3103,#3104,#3105,#3106,#3107,#3108,#3109,#3110,
#3111,#3112,#3113,#3114,#3115,#3116,#3117,#3118),.UNSPECIFIED.,.F.,.F.,
(4,2,2,2,2,2,2,2,2,2,2,2,2,2,2,2,2,2,2,2,2,2,2,2,4),(-0.369531062165444,
-0.369381894761112,-0.369142424413316,-0.368616300415854,-0.364610756719689,
-0.320071322975243,-0.319164843123773,-0.271084094086863,-0.259441670569187,
-0.245478691663914,-0.228805636483362,-0.220018444984594,-0.210492896110747,
-0.19954995879707,-0.188305715417689,-0.176117116307955,-0.169864609791204,
-0.163361938287648,-0.156598288806646,-0.149562226147037,-0.142241482619184,
-0.134623401083021,-0.126694403598877,-0.11844009543331,0.),
 .UNSPECIFIED.);
#322=B_SPLINE_CURVE_WITH_KNOTS('',3,(#3120,#3121,#3122,#3123,#3124,#3125,
#3126,#3127,#3128,#3129,#3130,#3131,#3132),.UNSPECIFIED.,.F.,.F.,(4,3,3,
3,4),(118.998385588912,119.529449402672,120.060513216507,120.591577030343,
120.857108937261),.UNSPECIFIED.);
#323=B_SPLINE_CURVE_WITH_KNOTS('',3,(#3134,#3135,#3136,#3137,#3138,#3139,
#3140,#3141,#3142,#3143,#3144,#3145,#3146,#3147,#3148,#3149,#3150,#3151,
#3152,#3153,#3154,#3155,#3156,#3157,#3158,#3159,#3160,#3161,#3162,#3163,
#3164,#3165,#3166,#3167,#3168,#3169,#3170,#3171,#3172,#3173,#3174,#3175,
#3176,#3177,#3178,#3179,#3180,#3181,#3182),.UNSPECIFIED.,.F.,.F.,(4,3,3,
3,3,3,3,3,3,3,3,3,3,3,3,3,4),(-0.408748064738591,-0.371983120772564,-0.335950531107034,
-0.331347452427081,-0.296403465236905,-0.266578863242443,-0.231522770575288,
-0.196630368022539,-0.17919229260955,-0.139352037735002,-0.0987451038297239,
-0.0831366661962419,-0.0518641938758333,-0.050941022875739,-0.0506376150363213,
-0.0504423738862759,-0.0504093617136415),.UNSPECIFIED.);
#324=B_SPLINE_CURVE_WITH_KNOTS('',3,(#3183,#3184,#3185,#3186,#3187,#3188),
 .UNSPECIFIED.,.F.,.F.,(4,1,1,4),(1.94879368011567,1.97866340418318,2.01539867633934,
2.02693547234915),.UNSPECIFIED.);
#325=B_SPLINE_CURVE_WITH_KNOTS('',3,(#3219,#3220,#3221,#3222,#3223,#3224,
#3225,#3226,#3227,#3228,#3229,#3230,#3231,#3232,#3233,#3234),
 .UNSPECIFIED.,.F.,.F.,(4,2,2,2,2,2,2,4),(-0.409617041994673,-0.179192300003097,
-0.0831366680569229,-0.051864193935552,-0.05094102288138,-0.050637615029424,
-0.0504423738797523,-0.0504093617076214),.UNSPECIFIED.);
#326=B_SPLINE_CURVE_WITH_KNOTS('',3,(#3236,#3237,#3238,#3239,#3240,#3241,
#3242),.UNSPECIFIED.,.F.,.F.,(4,1,1,1,4),(1.48004374370351,1.4915457681051,
1.50991340418318,1.54664867633934,1.55819098569821),.UNSPECIFIED.);
#327=B_SPLINE_CURVE_WITH_KNOTS('',3,(#3244,#3245,#3246,#3247,#3248,#3249,
#3250,#3251,#3252,#3253,#3254,#3255,#3256,#3257,#3258,#3259,#3260,#3261,
#3262,#3263,#3264,#3265,#3266,#3267,#3268,#3269,#3270,#3271,#3272,#3273,
#3274,#3275,#3276,#3277,#3278,#3279,#3280,#3281,#3282,#3283,#3284,#3285,
#3286,#3287),.UNSPECIFIED.,.F.,.F.,(4,2,2,2,2,2,2,2,2,2,2,2,2,2,2,2,2,2,
2,2,2,4),(-0.369530649169435,-0.369381482460317,-0.369142013238495,-0.368615891719173,
-0.364610366888353,-0.320071142915242,-0.319164667331092,-0.270620863651486,
-0.25888480096828,-0.244812655531314,-0.228011826537755,-0.21915789831978,
-0.209560230965896,-0.198398027837093,-0.187057235965356,-0.174763659865144,
-0.161432810594387,-0.146970059370213,-0.13954374214759,-0.13044184712361,
-0.118440095433349,0.),.UNSPECIFIED.);
#328=B_SPLINE_CURVE_WITH_KNOTS('',3,(#3288,#3289,#3290,#3291,#3292,#3293,
#3294,#3295,#3296,#3297,#3298,#3299,#3300),.UNSPECIFIED.,.F.,.F.,(4,3,3,
3,4),(125.774670677159,126.305769905533,126.836869133907,127.102418748094,
127.633517976468),.UNSPECIFIED.);
#329=B_SPLINE_CURVE_WITH_KNOTS('',3,(#3331,#3332,#3333,#3334,#3335,#3336,
#3337,#3338,#3339,#3340,#3341,#3342,#3343,#3344,#3345,#3346,#3347,#3348,
#3349,#3350,#3351,#3352,#3353,#3354,#3355,#3356,#3357,#3358,#3359,#3360,
#3361,#3362,#3363,#3364,#3365,#3366,#3367,#3368,#3369,#3370,#3371,#3372,
#3373,#3374,#3375,#3376,#3377,#3378,#3379,#3380),.UNSPECIFIED.,.F.,.F.,
(4,2,2,2,2,2,2,2,2,2,2,2,2,2,2,2,2,2,2,2,2,2,2,2,4),(-0.369531060641407,
-0.369381893235125,-0.369142422891901,-0.368616298894566,-0.364610755228444,
-0.320071321818377,-0.319164841970922,-0.271084735278481,-0.259442441766509,
-0.245479614417729,-0.228806736607064,-0.220019637739688,-0.210494188958656,
-0.199551553134631,-0.188307443490682,-0.176118989776078,-0.169866558122357,
-0.163363964694332,-0.156600396686771,-0.149564419095738,-0.142243764442841,
-0.134625775812939,-0.1266968755548,-0.118440095433793,0.),
 .UNSPECIFIED.);
#330=B_SPLINE_CURVE_WITH_KNOTS('',3,(#3382,#3383,#3384,#3385,#3386,#3387,
#3388,#3389,#3390,#3391,#3392,#3393,#3394),.UNSPECIFIED.,.F.,.F.,(4,3,3,
3,4),(114.480859689048,115.01189635901,115.542933028973,116.073969698935,
116.339488033916),.UNSPECIFIED.);
#331=B_SPLINE_CURVE_WITH_KNOTS('',3,(#3396,#3397,#3398,#3399,#3400,#3401,
#3402,#3403,#3404,#3405,#3406,#3407,#3408,#3409,#3410,#3411),
 .UNSPECIFIED.,.F.,.F.,(4,2,2,2,2,2,2,4),(-0.40961702429292,-0.179192293657714,
-0.0831366664454779,-0.051864193865473,-0.0509410228568372,-0.0506376150174768,
-0.0504423738725982,-0.0504093617012439),.UNSPECIFIED.);
#332=B_SPLINE_CURVE_WITH_KNOTS('',3,(#3412,#3413,#3414,#3415,#3416,#3417),
 .UNSPECIFIED.,.F.,.F.,(4,1,1,4),(2.26129381637371,2.29116340418318,2.32789867633934,
2.33943560277454),.UNSPECIFIED.);
#333=B_SPLINE_CURVE_WITH_KNOTS('',3,(#3448,#3449,#3450,#3451,#3452,#3453,
#3454,#3455,#3456,#3457,#3458,#3459,#3460,#3461,#3462,#3463),
 .UNSPECIFIED.,.F.,.F.,(4,2,2,2,2,2,2,4),(-0.409617026751106,-0.179192294539207,
-0.0831366666700007,-0.0518641938758763,-0.0509410228618307,-0.0506376150202718,
-0.0504423738747942,-0.0504093617039747),.UNSPECIFIED.);
#334=B_SPLINE_CURVE_WITH_KNOTS('',3,(#3465,#3466,#3467,#3468,#3469,#3470,
#3471),.UNSPECIFIED.,.F.,.F.,(4,1,1,1,4),(1.7925439850832,1.80404576808897,
1.82241340415898,1.85914867629901,1.87069084372676),.UNSPECIFIED.);
#335=B_SPLINE_CURVE_WITH_KNOTS('',3,(#3473,#3474,#3475,#3476,#3477,#3478,
#3479,#3480,#3481,#3482,#3483,#3484,#3485,#3486,#3487,#3488,#3489,#3490,
#3491,#3492,#3493,#3494,#3495,#3496,#3497,#3498,#3499,#3500,#3501,#3502,
#3503,#3504,#3505,#3506,#3507,#3508,#3509,#3510,#3511,#3512,#3513,#3514,
#3515,#3516,#3517,#3518,#3519,#3520),.UNSPECIFIED.,.F.,.F.,(4,2,2,2,2,2,
2,2,2,2,2,2,2,2,2,2,2,2,2,2,2,2,2,4),(-0.369531878952425,-0.369382712058905,
-0.369143242534544,-0.368617120345175,-0.36461159040073,-0.32007230957026,
-0.319165832830542,-0.270238081718825,-0.258424476143937,-0.244261917854082,
-0.22735524161416,-0.218446017503921,-0.208788585945235,-0.197441751710323,
-0.186020677052084,-0.173639790815059,-0.167288260023167,-0.160682301644882,
-0.15381085828622,-0.146662233269242,-0.13922413763099,-0.130220649954795,
-0.118440095433353,0.),.UNSPECIFIED.);
#336=B_SPLINE_CURVE_WITH_KNOTS('',3,(#3521,#3522,#3523,#3524,#3525,#3526,
#3527,#3528,#3529,#3530,#3531,#3532,#3533),.UNSPECIFIED.,.F.,.F.,(4,3,3,
3,4),(121.257137027216,121.788216758164,122.319296489623,122.584836355352,
123.115916086811),.UNSPECIFIED.);
#337=B_SPLINE_CURVE_WITH_KNOTS('',3,(#3564,#3565,#3566,#3567,#3568,#3569,
#3570,#3571,#3572,#3573,#3574,#3575,#3576,#3577,#3578,#3579,#3580,#3581,
#3582,#3583,#3584,#3585,#3586,#3587,#3588,#3589,#3590,#3591,#3592,#3593,
#3594,#3595,#3596,#3597,#3598,#3599,#3600,#3601,#3602,#3603,#3604,#3605,
#3606,#3607,#3608,#3609,#3610,#3611,#3612,#3613),.UNSPECIFIED.,.F.,.F.,
(4,2,2,2,2,2,2,2,2,2,2,2,2,2,2,2,2,2,2,2,2,2,2,2,4),(-0.36953106096682,
-0.369381893552735,-0.369142423216979,-0.36861629922261,-0.364610755547714,
-0.320071322039443,-0.319164842190319,-0.271084735443683,-0.259442441918754,
-0.245479614554539,-0.228806736724998,-0.220019637847438,-0.210494189053971,
-0.199551553217246,-0.188307443561069,-0.176118989830278,-0.16986655816905,
-0.163363964736427,-0.15660039672275,-0.149564419124373,-0.142243764464577,
-0.134625775825126,-0.126696875559652,-0.118440095433884,0.),
 .UNSPECIFIED.);
#338=B_SPLINE_CURVE_WITH_KNOTS('',3,(#3615,#3616,#3617,#3618,#3619,#3620,
#3621,#3622,#3623,#3624,#3625,#3626,#3627),.UNSPECIFIED.,.F.,.F.,(4,3,3,
3,4),(109.963295766051,110.494315842007,111.025335917964,111.55635599392,
111.821866031898),.UNSPECIFIED.);
#339=B_SPLINE_CURVE_WITH_KNOTS('',3,(#3629,#3630,#3631,#3632,#3633,#3634,
#3635,#3636,#3637,#3638,#3639,#3640,#3641,#3642,#3643,#3644),
 .UNSPECIFIED.,.F.,.F.,(4,2,2,2,2,2,2,4),(-0.409617015370597,-0.179192290470826,
-0.0831366656499642,-0.0518641938482436,-0.0509410228624628,-0.0506376150311604,
-0.0504423738863628,-0.0504093617129074),.UNSPECIFIED.);
#340=B_SPLINE_CURVE_WITH_KNOTS('',3,(#3645,#3646,#3647,#3648,#3649,#3650),
 .UNSPECIFIED.,.F.,.F.,(4,1,1,4),(2.57379393105772,2.60366340418318,2.64039867633934,
2.65193571171826),.UNSPECIFIED.);
#341=B_SPLINE_CURVE_WITH_KNOTS('',3,(#3681,#3682,#3683,#3684,#3685,#3686,
#3687,#3688,#3689,#3690,#3691,#3692,#3693,#3694,#3695,#3696),
 .UNSPECIFIED.,.F.,.F.,(4,2,2,2,2,2,2,4),(-0.409616979458858,-0.179192277590154,
-0.0831366623702963,-0.0518641936940918,-0.0509410228034143,-0.0506376150045962,
-0.0504423738777194,-0.0504093617065149),.UNSPECIFIED.);
#342=B_SPLINE_CURVE_WITH_KNOTS('',3,(#3698,#3699,#3700,#3701,#3702,#3703,
#3704),.UNSPECIFIED.,.F.,.F.,(4,1,1,1,4),(2.10504418426242,2.11654576802291,
2.13491340405989,2.17164867613387,2.18319072493156),.UNSPECIFIED.);
#343=B_SPLINE_CURVE_WITH_KNOTS('',3,(#3706,#3707,#3708,#3709,#3710,#3711,
#3712,#3713,#3714,#3715,#3716,#3717,#3718,#3719,#3720,#3721,#3722,#3723,
#3724,#3725,#3726,#3727,#3728,#3729,#3730,#3731,#3732,#3733,#3734,#3735,
#3736,#3737,#3738,#3739,#3740,#3741,#3742,#3743,#3744,#3745,#3746,#3747,
#3748,#3749,#3750,#3751,#3752,#3753,#3754,#3755,#3756,#3757,#3758,#3759,
#3760,#3761,#3762,#3763,#3764,#3765,#3766,#3767,#3768,#3769,#3770,#3771,
#3772),.UNSPECIFIED.,.F.,.F.,(4,3,3,3,3,3,3,3,3,3,3,3,3,3,3,3,3,3,3,3,3,
3,4),(-0.369889908184438,-0.369740678808913,-0.369501108956616,-0.368974766373785,
-0.364967558540023,-0.322669468131281,-0.320409620497859,-0.319502764040013,
-0.282580078817726,-0.269512285322159,-0.257483731806386,-0.243070342663075,
-0.225869779089803,-0.216806941811756,-0.206983431603162,-0.196333713805606,
-0.162224810499799,-0.127930943648442,-0.118706865829328,-0.0833588520357684,
-0.0557387963436207,-0.0188221791689725,0.),.UNSPECIFIED.);
#344=B_SPLINE_CURVE_WITH_KNOTS('',3,(#3773,#3774,#3775,#3776,#3777,#3778,
#3779,#3780,#3781,#3782,#3783,#3784,#3785),.UNSPECIFIED.,.F.,.F.,(4,3,3,
3,4),(116.739628001832,117.27067691389,117.801725828551,118.067250285881,
118.598299200541),.UNSPECIFIED.);
#345=B_SPLINE_CURVE_WITH_KNOTS('',3,(#3816,#3817,#3818,#3819,#3820,#3821,
#3822,#3823,#3824,#3825,#3826,#3827,#3828,#3829,#3830,#3831),
 .UNSPECIFIED.,.F.,.F.,(4,2,2,2,2,2,2,4),(-0.409617014847991,-0.179192290284541,
-0.0831366656032883,-0.0518641938473458,-0.0509410228629982,-0.0506376150331254,
-0.0504423738920882,-0.0504093617199337),.UNSPECIFIED.);
#346=B_SPLINE_CURVE_WITH_KNOTS('',3,(#3833,#3834,#3835,#3836,#3837,#3838),
 .UNSPECIFIED.,.F.,.F.,(4,1,1,4),(2.41754387608022,2.44741340418318,2.48414867633934,
2.4956856595852),.UNSPECIFIED.);
#347=B_SPLINE_CURVE_WITH_KNOTS('',3,(#3840,#3841,#3842,#3843,#3844,#3845,
#3846,#3847,#3848,#3849,#3850,#3851,#3852,#3853,#3854,#3855,#3856,#3857,
#3858,#3859,#3860,#3861,#3862,#3863,#3864,#3865,#3866,#3867,#3868,#3869,
#3870,#3871,#3872,#3873,#3874,#3875,#3876,#3877,#3878,#3879,#3880,#3881,
#3882,#3883,#3884,#3885,#3886,#3887,#3888,#3889,#3890,#3891,#3892,#3893,
#3894,#3895,#3896,#3897,#3898,#3899,#3900,#3901,#3902,#3903),
 .UNSPECIFIED.,.F.,.F.,(4,3,3,3,3,3,3,3,3,3,3,3,3,3,3,3,3,3,3,3,3,4),(-0.369889907817355,
-0.369740678428364,-0.369501108575552,-0.368974765996651,-0.364967558193139,
-0.320409620481251,-0.319502764027914,-0.282119122807493,-0.269512285312078,
-0.257483731797081,-0.243070342654903,-0.22586977908161,-0.216806941803734,
-0.206983431596732,-0.196333713800165,-0.162005304630535,-0.127244473830898,
-0.118706865825784,-0.0828108525528296,-0.0557387963418176,-0.0181033005659695,
0.),.UNSPECIFIED.);
#348=B_SPLINE_CURVE_WITH_KNOTS('',3,(#3904,#3905,#3906,#3907,#3908,#3909,
#3910,#3911,#3912,#3913,#3914,#3915,#3916),.UNSPECIFIED.,.F.,.F.,(4,3,3,
3,4),(112.222081880027,112.753108940795,113.284136001563,113.815163062331,
114.080676592715),.UNSPECIFIED.);
#349=B_SPLINE_CURVE_WITH_KNOTS('',3,(#3921,#3922,#3923,#3924,#3925,#3926,
#3927,#3928,#3929,#3930,#3931,#3932,#3933),.UNSPECIFIED.,.F.,.F.,(4,3,3,
3,4),(4.73176204866039,5.26279235244288,5.52830750433422,6.05933780811689,
6.59036811189957),.UNSPECIFIED.);
#350=B_SPLINE_CURVE_WITH_KNOTS('',3,(#3939,#3940,#3941,#3942,#3943,#3944,
#3945,#3946,#3947,#3948,#3949,#3950,#3951),.UNSPECIFIED.,.F.,.F.,(4,3,3,
3,4),(9.24930098113998,9.78035508847775,10.0458821426391,10.5769362509617,
11.1079903592843),.UNSPECIFIED.);
#351=B_SPLINE_CURVE_WITH_KNOTS('',3,(#3958,#3959,#3960,#3961,#3962,#3963,
#3964,#3965,#3966,#3967,#3968,#3969,#3970),.UNSPECIFIED.,.F.,.F.,(4,3,3,
3,4),(2.4729788633415,3.0040012142005,3.26951238963008,3.80053474048925,
4.33155709134842),.UNSPECIFIED.);
#352=B_SPLINE_CURVE_WITH_KNOTS('',3,(#3975,#3976,#3977,#3978,#3979,#3980,
#3981,#3982,#3983,#3984,#3985,#3986,#3987),.UNSPECIFIED.,.F.,.F.,(4,3,3,
3,4),(13.7668089435762,14.297893580211,14.8289782185199,15.0945205376743,
15.6256051759831),.UNSPECIFIED.);
#353=B_SPLINE_CURVE_WITH_KNOTS('',3,(#3994,#3995,#3996,#3997,#3998,#3999,
#4000,#4001,#4002,#4003,#4004,#4005,#4006),.UNSPECIFIED.,.F.,.F.,(4,3,3,
3,4),(6.99053648776625,7.256056930397,7.78709781565888,8.31813870092076,
8.84917958618264),.UNSPECIFIED.);
#354=B_SPLINE_CURVE_WITH_KNOTS('',3,(#4011,#4012,#4013,#4014,#4015,#4016,
#4017,#4018,#4019,#4020,#4021,#4022,#4023),.UNSPECIFIED.,.F.,.F.,(4,3,3,
3,4),(18.2843500085102,18.5499004752774,19.0810014088122,19.612102342347,
20.1432032758817),.UNSPECIFIED.);
#355=B_SPLINE_CURVE_WITH_KNOTS('',3,(#4030,#4031,#4032,#4033,#4034,#4035,
#4036,#4037,#4038,#4039,#4040,#4041,#4042,#4043,#4044,#4045),
 .UNSPECIFIED.,.F.,.F.,(4,2,2,2,2,2,2,4),(11.5080543434833,11.7879949268683,
12.0686614727461,12.3493280186239,12.6299945645017,12.9106611103795,13.1913276562573,
13.366799275341),.UNSPECIFIED.);
#356=B_SPLINE_CURVE_WITH_KNOTS('',3,(#4050,#4051,#4052,#4053,#4054,#4055,
#4056,#4057,#4058,#4059,#4060,#4061,#4062),.UNSPECIFIED.,.F.,.F.,(4,3,3,
3,4),(22.8019255553526,23.3330254781028,23.8641254008532,24.1296753622283,
24.6607752849785),.UNSPECIFIED.);
#357=B_SPLINE_CURVE_WITH_KNOTS('',3,(#4069,#4070,#4071,#4072,#4073,#4074,
#4075,#4076,#4077,#4078,#4079,#4080,#4081),.UNSPECIFIED.,.F.,.F.,(4,3,3,
3,4),(16.025574565049,16.2911220412998,16.8222169938018,17.3533119463038,
17.8844068988057),.UNSPECIFIED.);
#358=B_SPLINE_CURVE_WITH_KNOTS('',3,(#4086,#4087,#4088,#4089,#4090,#4091,
#4092,#4093,#4094,#4095,#4096,#4097,#4098),.UNSPECIFIED.,.F.,.F.,(4,3,3,
3,4),(27.3195260911725,27.585066891834,28.1161484931569,28.6472300944798,
29.1783116949394),.UNSPECIFIED.);
#359=B_SPLINE_CURVE_WITH_KNOTS('',3,(#4105,#4106,#4107,#4108,#4109,#4110,
#4111,#4112,#4113,#4114,#4115,#4116,#4117),.UNSPECIFIED.,.F.,.F.,(4,3,3,
3,4),(20.5431340687467,21.0742366583428,21.6053392479391,21.8708905427373,
22.4019931323334),.UNSPECIFIED.);
#360=B_SPLINE_CURVE_WITH_KNOTS('',3,(#4122,#4123,#4124,#4125,#4126,#4127,
#4128,#4129,#4130,#4131,#4132,#4133,#4134),.UNSPECIFIED.,.F.,.F.,(4,3,3,
3,4),(31.8371422546172,32.3681930334515,32.6337184228686,33.1647692017029,
33.6958199785892),.UNSPECIFIED.);
#361=B_SPLINE_CURVE_WITH_KNOTS('',3,(#4141,#4142,#4143,#4144,#4145,#4146,
#4147,#4148,#4149,#4150,#4151,#4152,#4153),.UNSPECIFIED.,.F.,.F.,(4,3,3,
3,4),(25.060723287204,25.5918162168788,25.8573626817163,26.3884556113912,
26.9195485410659),.UNSPECIFIED.);
#362=B_SPLINE_CURVE_WITH_KNOTS('',3,(#4159,#4160,#4161,#4162,#4163,#4164,
#4165,#4166,#4167,#4168,#4169,#4170,#4171),.UNSPECIFIED.,.F.,.F.,(4,3,3,
3,4),(29.5783328007524,30.109398839302,30.3749318585769,30.9059978971265,
31.4370639356679),.UNSPECIFIED.);
#363=B_SPLINE_CURVE_WITH_KNOTS('',3,(#4204,#4205,#4206,#4207,#4208,#4209,
#4210,#4211,#4212,#4213,#4214,#4215,#4216,#4217,#4218,#4219,#4220,#4221),
 .UNSPECIFIED.,.F.,.F.,(4,2,2,2,2,2,2,2,4),(-0.408993063371811,-0.243594618972518,
-0.117605504434224,-0.0831365765939546,-0.0518640217686241,-0.0509409848178938,
-0.0506375938366675,-0.0504423564199687,-0.0504093587941259),
 .UNSPECIFIED.);
#364=B_SPLINE_CURVE_WITH_KNOTS('',3,(#4222,#4223,#4224,#4225,#4226,#4227,
#4228,#4229,#4230,#4231,#4232,#4233,#4234,#4235,#4236,#4237,#4238,#4239,
#4240,#4241,#4242,#4243,#4244,#4245,#4246,#4247),.UNSPECIFIED.,.F.,.F.,
(4,2,2,2,2,2,2,2,2,2,2,2,4),(-0.369447664270025,-0.369298534234316,-0.369059123881737,
-0.368533131698238,-0.364528591553754,-0.32000031674472,-0.319094064001609,
-0.28297825368897,-0.257436750339067,-0.217984016737949,-0.192029160566993,
-0.118440095357159,0.),.UNSPECIFIED.);
#365=B_SPLINE_CURVE_WITH_KNOTS('',3,(#4277,#4278,#4279,#4280,#4281,#4282,
#4283,#4284,#4285,#4286,#4287,#4288,#4289,#4290,#4291,#4292,#4293,#4294),
 .UNSPECIFIED.,.F.,.F.,(4,2,2,2,2,2,2,2,4),(-0.409050468905603,-0.280760249709115,
-0.140098407221359,-0.0831363298720309,-0.0518635465256033,-0.0509408797135419,
-0.050637535282276,-0.0504423081652954,-0.0504093507261463),
 .UNSPECIFIED.);
#366=B_SPLINE_CURVE_WITH_KNOTS('',3,(#4296,#4297,#4298,#4299,#4300,#4301),
 .UNSPECIFIED.,.F.,.F.,(4,1,1,4),(0.698784722222223,0.732266865079366,0.754588293650795,
0.776909722222224),.UNSPECIFIED.);
#367=B_SPLINE_CURVE_WITH_KNOTS('',3,(#4302,#4303,#4304,#4305,#4306,#4307,
#4308,#4309,#4310,#4311,#4312,#4313,#4314,#4315,#4316,#4317,#4318,#4319,
#4320,#4321,#4322,#4323,#4324,#4325,#4326,#4327,#4328,#4329,#4330,#4331),
 .UNSPECIFIED.,.F.,.F.,(4,2,2,2,2,2,2,2,2,2,2,2,2,2,4),(-0.369535578161246,
-0.369386424341319,-0.369146975804076,-0.36862089973291,-0.364615720913558,
-0.320080344397637,-0.319173947117797,-0.262132334333935,-0.225140792652177,
-0.204177362209017,-0.191527807901854,-0.175003343542253,-0.137583005836902,
-0.118440095357161,0.),.UNSPECIFIED.);
#368=B_SPLINE_CURVE_WITH_KNOTS('',3,(#4361,#4362,#4363,#4364,#4365,#4366,
#4367,#4368,#4369,#4370,#4371,#4372,#4373,#4374,#4375,#4376,#4377,#4378),
 .UNSPECIFIED.,.F.,.F.,(4,2,2,2,2,2,2,2,4),(-0.36934796402043,-0.369199400214006,
-0.368960898871135,-0.368436903813487,-0.364447568402693,-0.320088361836102,
-0.3191855500198,-0.11844009535726,0.),.UNSPECIFIED.);
#369=B_SPLINE_CURVE_WITH_KNOTS('',3,(#4380,#4381,#4382,#4383,#4384,#4385,
#4386,#4387,#4388,#4389,#4390,#4391,#4392,#4393,#4394,#4395),
 .UNSPECIFIED.,.F.,.F.,(4,2,2,2,2,2,2,4),(-0.409617019835346,-0.179192292319161,
-0.0831366660566471,-0.0518641938576352,-0.0509410228601068,-0.0506376150249061,
-0.0504423738805945,-0.0504093617083504),.UNSPECIFIED.);
#370=B_SPLINE_CURVE_WITH_KNOTS('',3,(#4396,#4397,#4398,#4399,#4400,#4401),
 .UNSPECIFIED.,.F.,.F.,(4,1,1,4),(0.230034722222222,0.263516865079366,0.285838293650794,
0.308159722222223),.UNSPECIFIED.);
#371=B_SPLINE_CURVE_WITH_KNOTS('',3,(#4431,#4432,#4433,#4434,#4435,#4436,
#4437,#4438,#4439,#4440,#4441,#4442,#4443,#4444,#4445,#4446,#4447,#4448),
 .UNSPECIFIED.,.F.,.F.,(4,2,2,2,2,2,2,2,4),(-0.409163269045299,-0.309647665865546,
-0.158149771043014,-0.0831366647020072,-0.0518641938065474,-0.0509410228484267,
-0.0506376150265583,-0.0504423738874954,-0.0504093617150365),
 .UNSPECIFIED.);
#372=B_SPLINE_CURVE_WITH_KNOTS('',3,(#4450,#4451,#4452,#4453,#4454,#4455),
 .UNSPECIFIED.,.F.,.F.,(4,1,1,4),(1.01128472222222,1.03360615079365,1.05592757936508,
1.08940972222222),.UNSPECIFIED.);
#373=B_SPLINE_CURVE_WITH_KNOTS('',3,(#4456,#4457,#4458,#4459,#4460,#4461,
#4462,#4463,#4464,#4465,#4466,#4467,#4468,#4469,#4470,#4471,#4472,#4473,
#4474,#4475,#4476,#4477,#4478,#4479,#4480,#4481,#4482,#4483,#4484,#4485,
#4486,#4487,#4488,#4489,#4490,#4491,#4492,#4493,#4494,#4495,#4496,#4497,
#4498,#4499,#4500,#4501,#4502,#4503,#4504,#4505,#4506,#4507,#4508,#4509,
#4510,#4511,#4512,#4513,#4514,#4515,#4516,#4517,#4518,#4519),
 .UNSPECIFIED.,.F.,.F.,(4,3,3,3,3,3,3,3,3,3,3,3,3,3,3,3,3,3,3,3,3,4),(-0.369539079969104,
-0.36938992257101,-0.369150468294864,-0.36862437961392,-0.364619104783546,
-0.322341022120378,-0.320082660675362,-0.319176241669666,-0.282448778376606,
-0.263354905950751,-0.227012796071829,-0.206804239144417,-0.19484315281264,
-0.183209730458526,-0.17059762030384,-0.139662720619796,-0.130523561129873,
-0.11844009535731,-0.0830168493430694,-0.0472752297737381,-0.0110376005693245,
0.),.UNSPECIFIED.);
#374=B_SPLINE_CURVE_WITH_KNOTS('',3,(#4549,#4550,#4551,#4552,#4553,#4554,
#4555,#4556,#4557,#4558,#4559,#4560,#4561,#4562,#4563,#4564,#4565,#4566,
#4567,#4568,#4569,#4570,#4571,#4572,#4573,#4574),.UNSPECIFIED.,.F.,.F.,
(4,2,2,2,2,2,2,2,2,2,2,2,4),(-0.369447664426557,-0.369298534389959,-0.369059124037249,
-0.368533131854135,-0.364528591696676,-0.320000316747325,-0.319094064002306,
-0.282978253689464,-0.257436750339371,-0.217984016737999,-0.192029160566943,
-0.118440095357161,0.),.UNSPECIFIED.);
#375=B_SPLINE_CURVE_WITH_KNOTS('',3,(#4576,#4577,#4578,#4579,#4580,#4581,
#4582,#4583,#4584,#4585,#4586,#4587,#4588,#4589,#4590,#4591),
 .UNSPECIFIED.,.F.,.F.,(4,2,2,2,2,2,2,4),(-0.409617009867313,-0.179192288743603,
-0.083136665146515,-0.0518641938148652,-0.05094102284359,-0.0506376150184073,
-0.0504423738805863,-0.0504093617089009),.UNSPECIFIED.);
#376=B_SPLINE_CURVE_WITH_KNOTS('',3,(#4592,#4593,#4594,#4595,#4596,#4597),
 .UNSPECIFIED.,.F.,.F.,(4,1,1,4),(0.542534722222223,0.576016865079366,0.598338293650795,
0.620659722222223),.UNSPECIFIED.);
#377=B_SPLINE_CURVE_WITH_KNOTS('',3,(#4627,#4628,#4629,#4630,#4631,#4632,
#4633,#4634,#4635,#4636,#4637,#4638,#4639,#4640,#4641,#4642),
 .UNSPECIFIED.,.F.,.F.,(4,2,2,2,2,2,2,4),(-0.409617026135768,-0.179192294575662,
-0.0831366666278902,-0.051864193879859,-0.0509410228662808,-0.0506376150256051,
-0.050442373878699,-0.0504093617063565),.UNSPECIFIED.);
#378=B_SPLINE_CURVE_WITH_KNOTS('',3,(#4644,#4645,#4646,#4647,#4648,#4649),
 .UNSPECIFIED.,.F.,.F.,(4,1,1,4),(1.32378472222222,1.34610615079365,1.36842757936508,
1.40190972222222),.UNSPECIFIED.);
#379=B_SPLINE_CURVE_WITH_KNOTS('',3,(#4650,#4651,#4652,#4653,#4654,#4655,
#4656,#4657,#4658,#4659,#4660,#4661,#4662,#4663,#4664,#4665,#4666,#4667,
#4668,#4669,#4670,#4671,#4672,#4673,#4674,#4675,#4676,#4677,#4678,#4679,
#4680,#4681,#4682,#4683,#4684,#4685),.UNSPECIFIED.,.F.,.F.,(4,2,2,2,2,2,
2,2,2,2,2,2,2,2,2,2,2,4),(-0.369545443318015,-0.369396284904923,-0.369156828978771,
-0.368630736677635,-0.364625434329739,-0.320088684241706,-0.319182259007379,
-0.262042492478756,-0.224998562684657,-0.203942842404027,-0.193072529184251,
-0.181290061226708,-0.168508063872059,-0.154645436747942,-0.139603073364991,
-0.130480305193144,-0.118440095357096,0.),.UNSPECIFIED.);
#380=B_SPLINE_CURVE_WITH_KNOTS('',3,(#4715,#4716,#4717,#4718,#4719,#4720,
#4721,#4722,#4723,#4724,#4725,#4726,#4727,#4728,#4729,#4730,#4731,#4732,
#4733,#4734,#4735,#4736,#4737,#4738,#4739,#4740,#4741,#4742,#4743,#4744),
 .UNSPECIFIED.,.F.,.F.,(4,2,2,2,2,2,2,2,2,2,2,2,2,2,4),(-0.369535578206899,
-0.369386424385753,-0.369146975847959,-0.368620899775227,-0.364615720952042,
-0.320080344389947,-0.319173947109491,-0.26213233432729,-0.2251407926466,
-0.204177362203993,-0.191527807897403,-0.175003343539306,-0.13758300583616,
-0.118440095357287,0.),.UNSPECIFIED.);
#381=B_SPLINE_CURVE_WITH_KNOTS('',3,(#4746,#4747,#4748,#4749,#4750,#4751,
#4752,#4753,#4754,#4755,#4756,#4757,#4758,#4759,#4760,#4761),
 .UNSPECIFIED.,.F.,.F.,(4,2,2,2,2,2,2,4),(-0.409617024262809,-0.179192293908683,
-0.0831366664639739,-0.051864193879576,-0.0509410228709969,-0.0506376150304352,
-0.0504423738819977,-0.0504093617095198),.UNSPECIFIED.);
#382=B_SPLINE_CURVE_WITH_KNOTS('',3,(#4762,#4763,#4764,#4765,#4766,#4767),
 .UNSPECIFIED.,.F.,.F.,(4,1,1,4),(0.855034722222223,0.888516865079366,0.910838293650795,
0.933159722222224),.UNSPECIFIED.);
#383=B_SPLINE_CURVE_WITH_KNOTS('',3,(#4797,#4798,#4799,#4800,#4801,#4802,
#4803,#4804,#4805,#4806,#4807,#4808,#4809,#4810,#4811,#4812),
 .UNSPECIFIED.,.F.,.F.,(4,2,2,2,2,2,2,4),(-0.40961701005744,-0.179192288811368,
-0.083136665163028,-0.0518641938148574,-0.0509410228441555,-0.0506376150195871,
-0.0504423738804192,-0.0504093617081012),.UNSPECIFIED.);
#384=B_SPLINE_CURVE_WITH_KNOTS('',3,(#4814,#4815,#4816,#4817,#4818,#4819),
 .UNSPECIFIED.,.F.,.F.,(4,1,1,4),(1.63628472222222,1.66976686507937,1.6920882936508,
1.71440972222222),.UNSPECIFIED.);
#385=B_SPLINE_CURVE_WITH_KNOTS('',3,(#4820,#4821,#4822,#4823,#4824,#4825,
#4826,#4827,#4828,#4829,#4830,#4831,#4832,#4833,#4834,#4835,#4836,#4837,
#4838,#4839,#4840,#4841,#4842,#4843,#4844,#4845,#4846,#4847,#4848,#4849,
#4850,#4851,#4852,#4853,#4854,#4855,#4856,#4857,#4858,#4859,#4860,#4861,
#4862,#4863,#4864,#4865,#4866,#4867,#4868,#4869,#4870,#4871,#4872,#4873,
#4874,#4875,#4876,#4877,#4878,#4879,#4880,#4881,#4882,#4883,#4884,#4885,
#4886,#4887,#4888,#4889),.UNSPECIFIED.,.F.,.F.,(4,3,3,3,3,3,3,3,3,3,3,3,
3,3,3,3,3,3,3,3,3,3,3,4),(-0.369546235412026,-0.369397077671455,-0.369157622839642,
-0.368631532946362,-0.364626248932224,-0.322348377515368,-0.320089702697325,
-0.319183281612826,-0.282514677016138,-0.26137166989372,-0.226671755550976,
-0.223970851652412,-0.202256889309465,-0.191245237559735,-0.179309225101542,
-0.166360222147242,-0.152315313472155,-0.145108638864225,-0.127874521293441,
-0.118440095356917,-0.0830182714099929,-0.0472783679849144,-0.0110428709286483,
0.),.UNSPECIFIED.);
#386=B_SPLINE_CURVE_WITH_KNOTS('',3,(#4919,#4920,#4921,#4922,#4923,#4924,
#4925,#4926,#4927,#4928,#4929,#4930,#4931,#4932,#4933,#4934,#4935,#4936,
#4937,#4938,#4939,#4940,#4941,#4942,#4943,#4944,#4945,#4946,#4947,#4948,
#4949,#4950,#4951,#4952,#4953,#4954,#4955,#4956,#4957,#4958,#4959,#4960,
#4961,#4962,#4963,#4964,#4965,#4966,#4967,#4968,#4969,#4970,#4971,#4972,
#4973,#4974,#4975,#4976,#4977,#4978,#4979),.UNSPECIFIED.,.F.,.F.,(4,3,3,
3,3,3,3,3,3,3,3,3,3,3,3,3,3,3,3,3,4),(-0.369539079385949,-0.369389921990135,
-0.369150467720281,-0.368624379044167,-0.364619104263966,-0.320082660714745,
-0.319176241716581,-0.282309883173703,-0.263354905984038,-0.227012796096224,
-0.206804239163843,-0.194843152829286,-0.183209730472831,-0.170597620316145,
-0.139662720622881,-0.130523561130765,-0.118440095357244,-0.0828489165492584,
-0.0469191923557867,-0.0104662058738069,0.),.UNSPECIFIED.);
#387=B_SPLINE_CURVE_WITH_KNOTS('',3,(#4981,#4982,#4983,#4984,#4985,#4986,
#4987,#4988,#4989,#4990,#4991,#4992,#4993,#4994,#4995,#4996),
 .UNSPECIFIED.,.F.,.F.,(4,2,2,2,2,2,2,4),(-0.409617017766234,-0.179192291568557,
-0.0831366658559944,-0.0518641938358519,-0.0509410228436084,-0.0506376150095,
-0.0504423738718059,-0.0504093617028701),.UNSPECIFIED.);
#388=B_SPLINE_CURVE_WITH_KNOTS('',3,(#4997,#4998,#4999,#5000,#5001,#5002),
 .UNSPECIFIED.,.F.,.F.,(4,1,1,4),(1.16753472222222,1.20101686507937,1.2233382936508,
1.24565972222222),.UNSPECIFIED.);
#389=B_SPLINE_CURVE_WITH_KNOTS('',3,(#5032,#5033,#5034,#5035,#5036,#5037,
#5038,#5039,#5040,#5041,#5042,#5043,#5044,#5045,#5046,#5047),
 .UNSPECIFIED.,.F.,.F.,(4,2,2,2,2,2,2,4),(-0.409617041333177,-0.179192300025987,
-0.0831366680143058,-0.0518641939436781,-0.050941022890826,-0.050637615036175,
-0.0504423738806966,-0.0504093617076182),.UNSPECIFIED.);
#390=B_SPLINE_CURVE_WITH_KNOTS('',3,(#5049,#5050,#5051,#5052,#5053,#5054),
 .UNSPECIFIED.,.F.,.F.,(4,1,1,4),(1.94878472222222,1.98226686507937,2.0045882936508,
2.02690972222222),.UNSPECIFIED.);
#391=B_SPLINE_CURVE_WITH_KNOTS('',3,(#5055,#5056,#5057,#5058,#5059,#5060,
#5061,#5062,#5063,#5064,#5065,#5066,#5067,#5068,#5069,#5070,#5071,#5072,
#5073,#5074,#5075,#5076,#5077,#5078,#5079,#5080,#5081,#5082,#5083,#5084,
#5085,#5086,#5087,#5088,#5089,#5090),.UNSPECIFIED.,.F.,.F.,(4,2,2,2,2,2,
2,2,2,2,2,2,2,2,2,2,2,4),(-0.369546595382714,-0.369397437891839,-0.36915798347501,
-0.368631894466932,-0.364626617150102,-0.32009014540214,-0.319183725830551,
-0.261116173744895,-0.223579515993197,-0.201602786078778,-0.190536285807076,
-0.178540673757023,-0.165526828164534,-0.151411127002938,-0.144167858404915,
-0.12669246186497,-0.118440096529181,-1.72516589902472E-9),
 .UNSPECIFIED.);
#392=B_SPLINE_CURVE_WITH_KNOTS('',3,(#5120,#5121,#5122,#5123,#5124,#5125,
#5126,#5127,#5128,#5129,#5130,#5131,#5132,#5133,#5134,#5135,#5136,#5137,
#5138,#5139,#5140,#5141,#5142,#5143,#5144,#5145,#5146,#5147,#5148,#5149,
#5150,#5151,#5152,#5153,#5154,#5155,#5156,#5157,#5158,#5159,#5160,#5161,
#5162,#5163,#5164,#5165,#5166,#5167,#5168,#5169,#5170,#5171,#5172,#5173,
#5174,#5175,#5176,#5177,#5178,#5179,#5180,#5181,#5182,#5183,#5184,#5185,
#5186,#5187,#5188,#5189),.UNSPECIFIED.,.F.,.F.,(4,3,3,3,3,3,3,3,3,3,3,3,
3,3,3,3,3,3,3,3,3,3,3,4),(-0.369545443322958,-0.3693962848957,-0.369156828971193,
-0.368630736674468,-0.364625434326416,-0.322347300860719,-0.320088684235648,
-0.319182259001285,-0.2824938162671,-0.262042492472958,-0.227322341223377,
-0.224998562679024,-0.203942842398611,-0.193072529179484,-0.181290061223298,
-0.168508063869455,-0.154645436745317,-0.139603073362276,-0.130480305191209,
-0.118440095357373,-0.0830179693506789,-0.0472777018121548,-0.0110417529477001,
0.),.UNSPECIFIED.);
#393=B_SPLINE_CURVE_WITH_KNOTS('',3,(#5191,#5192,#5193,#5194,#5195,#5196,
#5197,#5198,#5199,#5200,#5201,#5202,#5203,#5204,#5205,#5206),
 .UNSPECIFIED.,.F.,.F.,(4,2,2,2,2,2,2,4),(-0.409617029126042,-0.179192295656298,
-0.0831366669124553,-0.0518641939052593,-0.0509410228845047,-0.050637615040749,
-0.0504423738879245,-0.0504093617137288),.UNSPECIFIED.);
#394=B_SPLINE_CURVE_WITH_KNOTS('',3,(#5207,#5208,#5209,#5210,#5211,#5212),
 .UNSPECIFIED.,.F.,.F.,(4,1,1,4),(1.48003472222222,1.51351686507937,1.5358382936508,
1.55815972222222),.UNSPECIFIED.);
#395=B_SPLINE_CURVE_WITH_KNOTS('',3,(#5242,#5243,#5244,#5245,#5246,#5247,
#5248,#5249,#5250,#5251,#5252,#5253,#5254,#5255,#5256,#5257),
 .UNSPECIFIED.,.F.,.F.,(4,2,2,2,2,2,2,4),(-0.409617016264397,-0.179192291044784,
-0.08313666574024,-0.0518641938526526,-0.0509410228663892,-0.0506376150309742,
-0.0504423738806407,-0.0504093617075987),.UNSPECIFIED.);
#396=B_SPLINE_CURVE_WITH_KNOTS('',3,(#5259,#5260,#5261,#5262,#5263,#5264),
 .UNSPECIFIED.,.F.,.F.,(4,1,1,4),(2.26128472222222,2.28360615079365,2.30592757936508,
2.33940972222222),.UNSPECIFIED.);
#397=B_SPLINE_CURVE_WITH_KNOTS('',3,(#5265,#5266,#5267,#5268,#5269,#5270,
#5271,#5272,#5273,#5274,#5275,#5276,#5277,#5278,#5279,#5280,#5281,#5282,
#5283,#5284,#5285,#5286,#5287,#5288,#5289,#5290,#5291,#5292,#5293,#5294,
#5295,#5296,#5297,#5298,#5299,#5300,#5301,#5302,#5303,#5304,#5305,#5306,
#5307,#5308,#5309,#5310,#5311,#5312,#5313,#5314,#5315,#5316,#5317,#5318,
#5319,#5320,#5321,#5322,#5323,#5324,#5325,#5326,#5327,#5328,#5329,#5330,
#5331),.UNSPECIFIED.,.F.,.F.,(4,3,3,3,3,3,3,3,3,3,3,3,3,3,3,3,3,3,3,3,3,
3,4),(-0.369546595800053,-0.369397438310695,-0.369157983897755,-0.368631894878247,
-0.364626617511674,-0.320090145207893,-0.319183725627272,-0.28232123704466,
-0.26111617325878,-0.22622399538689,-0.22357951532421,-0.201602785302468,
-0.190536284977475,-0.17854067287126,-0.165526827216333,-0.151411125987187,
-0.144167857354967,-0.126692460732263,-0.118440095356862,-0.0828085924333491,
-0.046840180334457,-0.0103515036554813,-3.89224480406817E-9),
 .UNSPECIFIED.);
#398=B_SPLINE_CURVE_WITH_KNOTS('',3,(#5361,#5362,#5363,#5364,#5365,#5366,
#5367,#5368,#5369,#5370,#5371,#5372,#5373,#5374,#5375,#5376,#5377,#5378,
#5379,#5380,#5381,#5382,#5383,#5384,#5385,#5386,#5387,#5388,#5389,#5390,
#5391,#5392,#5393,#5394,#5395,#5396),.UNSPECIFIED.,.F.,.F.,(4,2,2,2,2,2,
2,2,2,2,2,2,2,2,2,2,2,4),(-0.369546235327913,-0.369397077597317,-0.369157622775218,
-0.368631532884483,-0.364626248881634,-0.320089702774508,-0.319183281691616,
-0.261371669947219,-0.223970851689537,-0.202256889336772,-0.19124523758279,
-0.179309225121776,-0.166360222163183,-0.152315313483187,-0.145108638873478,
-0.127874521296845,-0.11844009535739,0.),.UNSPECIFIED.);
#399=B_SPLINE_CURVE_WITH_KNOTS('',3,(#5398,#5399,#5400,#5401,#5402,#5403,
#5404,#5405,#5406,#5407,#5408,#5409,#5410,#5411,#5412,#5413),
 .UNSPECIFIED.,.F.,.F.,(4,2,2,2,2,2,2,4),(-0.409617018671655,-0.179192291906188,
-0.0831366659570882,-0.0518641938597748,-0.0509410228665062,-0.0506376150300191,
-0.0504423738820079,-0.050409361709608),.UNSPECIFIED.);
#400=B_SPLINE_CURVE_WITH_KNOTS('',3,(#5414,#5415,#5416,#5417,#5418,#5419),
 .UNSPECIFIED.,.F.,.F.,(4,1,1,4),(1.79253472222222,1.82601686507937,1.8483382936508,
1.87065972222222),.UNSPECIFIED.);
#401=B_SPLINE_CURVE_WITH_KNOTS('',3,(#5446,#5447,#5448,#5449,#5450,#5451,
#5452,#5453,#5454,#5455,#5456,#5457,#5458,#5459,#5460,#5461,#5462,#5463,
#5464,#5465,#5466,#5467,#5468,#5469,#5470,#5471,#5472,#5473,#5474,#5475,
#5476,#5477,#5478,#5479,#5480,#5481,#5482,#5483,#5484,#5485,#5486,#5487,
#5488,#5489,#5490,#5491,#5492,#5493,#5494,#5495,#5496,#5497,#5498,#5499,
#5500,#5501,#5502,#5503,#5504,#5505,#5506,#5507,#5508,#5509,#5510,#5511,
#5512,#5513,#5514,#5515,#5516,#5517,#5518,#5519,#5520,#5521,#5522,#5523,
#5524,#5525,#5526,#5527),.UNSPECIFIED.,.F.,.F.,(4,3,3,3,3,3,3,3,3,3,3,3,
3,3,3,3,3,3,3,3,3,3,3,3,3,3,3,4),(-1.02565712346616,-0.966904221806779,
-0.908151320147399,-0.852031802313172,-0.796200883149385,-0.776745799850309,
-0.762876003042686,-0.755062931460623,-0.721714769248035,-0.666574676733015,
-0.611334501476538,-0.556859394564581,-0.524204679545601,-0.507056061814972,
-0.500218831427931,-0.4462790052922,-0.426240534488662,-0.371980631324571,
-0.317768476742916,-0.278047417150051,-0.260669453578173,-0.250447103852609,
-0.242441473489568,-0.189371756763325,-0.136529492573055,-0.0842361688748818,
-0.0331555717867462,0.),.UNSPECIFIED.);
#402=B_SPLINE_CURVE_WITH_KNOTS('',3,(#5529,#5530,#5531,#5532,#5533,#5534,
#5535,#5536,#5537,#5538,#5539,#5540,#5541,#5542,#5543,#5544),
 .UNSPECIFIED.,.F.,.F.,(4,2,2,2,2,2,2,4),(-0.360889648842175,-0.176117674354038,
-0.0817080102050239,-0.0518434385433739,-0.0509366773393165,-0.0506353481478998,
-0.0504405663022929,-0.0504093616881606),.UNSPECIFIED.);
#403=B_SPLINE_CURVE_WITH_KNOTS('',3,(#5545,#5546,#5547,#5548,#5549,#5550),
 .UNSPECIFIED.,.F.,.F.,(4,1,1,4),(2.57378472222222,2.59610615079365,2.61842757936508,
2.62750550124576),.UNSPECIFIED.);
#404=B_SPLINE_CURVE_WITH_KNOTS('',3,(#5580,#5581,#5582,#5583,#5584,#5585,
#5586,#5587,#5588,#5589,#5590,#5591,#5592,#5593,#5594,#5595,#5596,#5597,
#5598,#5599,#5600,#5601,#5602,#5603,#5604,#5605,#5606,#5607,#5608,#5609,
#5610,#5611,#5612,#5613,#5614,#5615),.UNSPECIFIED.,.F.,.F.,(4,2,2,2,2,2,
2,2,2,2,2,2,2,2,2,2,2,4),(-0.369546596132081,-0.36939743865753,-0.369157984239837,
-0.368631895218653,-0.364626617839223,-0.320090145389968,-0.319183725807076,
-0.261116173380047,-0.223579515407559,-0.201602785363563,-0.190536285027102,
-0.178540672908426,-0.165526827241847,-0.151411125999281,-0.144167857360973,
-0.126692460733855,-0.118440095357054,0.),.UNSPECIFIED.);
#405=B_SPLINE_CURVE_WITH_KNOTS('',3,(#5617,#5618,#5619,#5620,#5621,#5622,
#5623,#5624,#5625,#5626,#5627,#5628,#5629,#5630,#5631,#5632),
 .UNSPECIFIED.,.F.,.F.,(4,2,2,2,2,2,2,4),(-0.409617011005456,-0.179192289146462,
-0.0831366652429092,-0.0518641938114398,-0.0509410228367554,-0.0506376150104911,
-0.0504423738710313,-0.0504093616986106),.UNSPECIFIED.);
#406=B_SPLINE_CURVE_WITH_KNOTS('',3,(#5633,#5634,#5635,#5636,#5637,#5638),
 .UNSPECIFIED.,.F.,.F.,(4,1,1,4),(2.10503472222222,2.13851686507937,2.1608382936508,
2.18315972222222),.UNSPECIFIED.);
#407=B_SPLINE_CURVE_WITH_KNOTS('',3,(#5669,#5670,#5671,#5672,#5673,#5674,
#5675,#5676,#5677,#5678,#5679,#5680,#5681,#5682,#5683,#5684,#5685,#5686,
#5687,#5688,#5689,#5690,#5691,#5692,#5693,#5694,#5695,#5696,#5697,#5698,
#5699,#5700,#5701,#5702,#5703,#5704),.UNSPECIFIED.,.F.,.F.,(4,2,2,2,2,2,
2,2,2,2,2,2,2,2,2,2,2,4),(-0.369546595975472,-0.369397438471674,-0.369157984030777,
-0.368631895015195,-0.364626617634733,-0.320090145161407,-0.319183725578579,
-0.261116173227364,-0.223579515303872,-0.201602785288815,-0.190536284966735,
-0.178540672862258,-0.165526827210134,-0.151411125985367,-0.144167857354146,
-0.12669246073154,-0.118440095356828,0.),.UNSPECIFIED.);
#408=B_SPLINE_CURVE_WITH_KNOTS('',3,(#5706,#5707,#5708,#5709,#5710,#5711,
#5712,#5713,#5714,#5715,#5716,#5717,#5718),.UNSPECIFIED.,.F.,.F.,(4,3,3,
3,4),(34.0959532951215,34.3614723827433,34.8925105579868,35.4235487332303,
35.9545869084737),.UNSPECIFIED.);
#409=B_SPLINE_CURVE_WITH_KNOTS('',3,(#5720,#5721,#5722,#5723,#5724,#5725,
#5726,#5727,#5728,#5729,#5730,#5731,#5732,#5733,#5734,#5735),
 .UNSPECIFIED.,.F.,.F.,(4,2,2,2,2,2,2,4),(-0.409617020310234,-0.179192292476793,
-0.0831366660823425,-0.0518641938401561,-0.050941022843207,-0.0506376150103116,
-0.0504423738700815,-0.0504093616989531),.UNSPECIFIED.);
#410=B_SPLINE_CURVE_WITH_KNOTS('',3,(#5736,#5737,#5738,#5739,#5740,#5741),
 .UNSPECIFIED.,.F.,.F.,(4,1,1,4),(2.41753472222222,2.43985615079365,2.46217757936508,
2.49565972222222),.UNSPECIFIED.);
#411=B_SPLINE_CURVE_WITH_KNOTS('',3,(#5759,#5760,#5761,#5762),
 .UNSPECIFIED.,.F.,.F.,(4,4),(-0.0244097218120979,0.),.UNSPECIFIED.);
#412=B_SPLINE_CURVE_WITH_KNOTS('',3,(#5763,#5764,#5765,#5766,#5767,#5768,
#5769,#5770,#5771,#5772,#5773,#5774,#5775,#5776,#5777,#5778,#5779,#5780,
#5781,#5782,#5783,#5784,#5785,#5786,#5787,#5788,#5789,#5790,#5791,#5792,
#5793),.UNSPECIFIED.,.F.,.F.,(4,3,3,3,3,3,3,3,3,3,4),(0.480186696500194,
0.488211281216672,0.495162742546691,0.547570479903049,0.600332957759523,
0.623702019815935,0.634211913958445,0.643247570982185,0.696019605992668,
0.74841526268098,0.78728545421082),.UNSPECIFIED.);
#413=B_SPLINE_CURVE_WITH_KNOTS('',3,(#5818,#5819,#5820,#5821,#5822,#5823),
 .UNSPECIFIED.,.F.,.F.,(4,2,4),(-0.0625,-0.03125,0.),.UNSPECIFIED.);
#414=B_SPLINE_CURVE_WITH_KNOTS('',3,(#5824,#5825,#5826,#5827,#5828,#5829),
 .UNSPECIFIED.,.F.,.F.,(4,2,4),(-0.0625,-0.03125,0.),.UNSPECIFIED.);
#415=B_SPLINE_CURVE_WITH_KNOTS('',3,(#5854,#5855,#5856,#5857,#5858,#5859),
 .UNSPECIFIED.,.F.,.F.,(4,2,4),(-0.0625,-0.03125,0.),.UNSPECIFIED.);
#416=B_SPLINE_CURVE_WITH_KNOTS('',3,(#5860,#5861,#5862,#5863,#5864,#5865),
 .UNSPECIFIED.,.F.,.F.,(4,2,4),(-0.0625,-0.03125,0.),.UNSPECIFIED.);
#417=B_SPLINE_CURVE_WITH_KNOTS('',3,(#5890,#5891,#5892,#5893,#5894,#5895),
 .UNSPECIFIED.,.F.,.F.,(4,2,4),(-0.0625,-0.03125,0.),.UNSPECIFIED.);
#418=B_SPLINE_CURVE_WITH_KNOTS('',3,(#5896,#5897,#5898,#5899,#5900,#5901),
 .UNSPECIFIED.,.F.,.F.,(4,2,4),(-0.0625,-0.03125,0.),.UNSPECIFIED.);
#419=B_SPLINE_CURVE_WITH_KNOTS('',3,(#5926,#5927,#5928,#5929,#5930,#5931),
 .UNSPECIFIED.,.F.,.F.,(4,2,4),(-0.0625,-0.0312499999999999,0.),
 .UNSPECIFIED.);
#420=B_SPLINE_CURVE_WITH_KNOTS('',3,(#5932,#5933,#5934,#5935,#5936,#5937),
 .UNSPECIFIED.,.F.,.F.,(4,2,4),(-0.0625,-0.03125,0.),.UNSPECIFIED.);
#421=B_SPLINE_CURVE_WITH_KNOTS('',3,(#5962,#5963,#5964,#5965,#5966,#5967),
 .UNSPECIFIED.,.F.,.F.,(4,2,4),(-0.0625000000000002,-0.0312500000000002,
0.),.UNSPECIFIED.);
#422=B_SPLINE_CURVE_WITH_KNOTS('',3,(#5968,#5969,#5970,#5971,#5972,#5973),
 .UNSPECIFIED.,.F.,.F.,(4,2,4),(-0.0625,-0.03125,0.),.UNSPECIFIED.);
#423=B_SPLINE_CURVE_WITH_KNOTS('',3,(#5998,#5999,#6000,#6001,#6002,#6003),
 .UNSPECIFIED.,.F.,.F.,(4,2,4),(-0.0625,-0.03125,0.),.UNSPECIFIED.);
#424=B_SPLINE_CURVE_WITH_KNOTS('',3,(#6004,#6005,#6006,#6007,#6008,#6009),
 .UNSPECIFIED.,.F.,.F.,(4,2,4),(-0.0625,-0.03125,0.),.UNSPECIFIED.);
#425=B_SPLINE_CURVE_WITH_KNOTS('',3,(#6034,#6035,#6036,#6037,#6038,#6039),
 .UNSPECIFIED.,.F.,.F.,(4,2,4),(-0.0625000000000002,-0.03125,0.),
 .UNSPECIFIED.);
#426=B_SPLINE_CURVE_WITH_KNOTS('',3,(#6040,#6041,#6042,#6043,#6044,#6045),
 .UNSPECIFIED.,.F.,.F.,(4,2,4),(-0.0624999999999996,-0.03125,0.),
 .UNSPECIFIED.);
#427=B_SPLINE_CURVE_WITH_KNOTS('',3,(#6070,#6071,#6072,#6073,#6074,#6075),
 .UNSPECIFIED.,.F.,.F.,(4,2,4),(-0.0625000000000002,-0.0312500000000002,
0.),.UNSPECIFIED.);
#428=B_SPLINE_CURVE_WITH_KNOTS('',3,(#6076,#6077,#6078,#6079,#6080,#6081),
 .UNSPECIFIED.,.F.,.F.,(4,2,4),(-0.0625000000000001,-0.0312500000000001,
0.),.UNSPECIFIED.);
#429=B_SPLINE_CURVE_WITH_KNOTS('',3,(#6106,#6107,#6108,#6109,#6110,#6111),
 .UNSPECIFIED.,.F.,.F.,(4,2,4),(-0.0625000000000002,-0.03125,0.),
 .UNSPECIFIED.);
#430=B_SPLINE_CURVE_WITH_KNOTS('',3,(#6112,#6113,#6114,#6115,#6116,#6117),
 .UNSPECIFIED.,.F.,.F.,(4,2,4),(-0.0625000000000002,-0.0312500000000002,
0.),.UNSPECIFIED.);
#431=B_SPLINE_CURVE_WITH_KNOTS('',3,(#6142,#6143,#6144,#6145,#6146,#6147),
 .UNSPECIFIED.,.F.,.F.,(4,2,4),(-0.0625,-0.03125,0.),.UNSPECIFIED.);
#432=B_SPLINE_CURVE_WITH_KNOTS('',3,(#6148,#6149,#6150,#6151,#6152,#6153),
 .UNSPECIFIED.,.F.,.F.,(4,2,4),(-0.0625,-0.03125,0.),.UNSPECIFIED.);
#433=B_SPLINE_CURVE_WITH_KNOTS('',3,(#6178,#6179,#6180,#6181,#6182,#6183,
#6184,#6185,#6186,#6187),.UNSPECIFIED.,.F.,.F.,(4,2,2,2,4),(-0.0625,-0.046875,
-0.03125,-0.015625,0.),.UNSPECIFIED.);
#434=B_SPLINE_CURVE_WITH_KNOTS('',3,(#6188,#6189,#6190,#6191,#6192,#6193),
 .UNSPECIFIED.,.F.,.F.,(4,2,4),(-0.0625,-0.03125,0.),.UNSPECIFIED.);
#435=B_SPLINE_CURVE_WITH_KNOTS('',3,(#6218,#6219,#6220,#6221,#6222,#6223),
 .UNSPECIFIED.,.F.,.F.,(4,2,4),(-0.0625000000000002,-0.0312500000000002,
0.),.UNSPECIFIED.);
#436=B_SPLINE_CURVE_WITH_KNOTS('',3,(#6224,#6225,#6226,#6227,#6228,#6229),
 .UNSPECIFIED.,.F.,.F.,(4,2,4),(-0.0625000000000002,-0.03125,0.),
 .UNSPECIFIED.);
#437=B_SPLINE_CURVE_WITH_KNOTS('',3,(#6255,#6256,#6257,#6258,#6259,#6260,
#6261,#6262,#6263,#6264,#6265,#6266,#6267,#6268,#6269,#6270,#6271,#6272,
#6273,#6274,#6275,#6276,#6277,#6278,#6279),.UNSPECIFIED.,.F.,.F.,(4,3,3,
3,3,3,3,3,4),(-0.307125919359157,-0.25438281320258,-0.201453156452831,-0.175081603946462,
-0.156571136331906,-0.148185420044385,-0.09533280020663,-0.0432062498466581,
0.),.UNSPECIFIED.);
#438=B_SPLINE_CURVE_WITH_KNOTS('',3,(#6280,#6281,#6282,#6283,#6284,#6285),
 .UNSPECIFIED.,.F.,.F.,(4,2,4),(-0.0625,-0.03125,0.),.UNSPECIFIED.);
#439=B_SPLINE_CURVE_WITH_KNOTS('',3,(#6286,#6287,#6288,#6289,#6290,#6291),
 .UNSPECIFIED.,.F.,.F.,(4,2,4),(-0.0625,-0.0312500000000004,-0.0244097218120994),
 .UNSPECIFIED.);
#440=B_SPLINE_CURVE_WITH_KNOTS('',3,(#6316,#6317,#6318,#6319,#6320,#6321),
 .UNSPECIFIED.,.F.,.F.,(4,2,4),(-0.0625,-0.03125,0.),.UNSPECIFIED.);
#441=B_SPLINE_CURVE_WITH_KNOTS('',3,(#6322,#6323,#6324,#6325,#6326,#6327),
 .UNSPECIFIED.,.F.,.F.,(4,2,4),(-0.0625,-0.03125,0.),.UNSPECIFIED.);
#442=B_SPLINE_CURVE_WITH_KNOTS('',3,(#6352,#6353,#6354,#6355,#6356,#6357,
#6358,#6359,#6360,#6361),.UNSPECIFIED.,.F.,.F.,(4,2,2,2,4),(-0.0625,-0.046875,
-0.03125,-0.015625,0.),.UNSPECIFIED.);
#443=B_SPLINE_CURVE_WITH_KNOTS('',3,(#6362,#6363,#6364,#6365,#6366,#6367),
 .UNSPECIFIED.,.F.,.F.,(4,2,4),(-0.0625,-0.03125,0.),.UNSPECIFIED.);
#444=B_SPLINE_CURVE_WITH_KNOTS('',3,(#6396,#6397,#6398,#6399,#6400,#6401,
#6402,#6403,#6404,#6405,#6406,#6407,#6408,#6409,#6410,#6411,#6412,#6413,
#6414),.UNSPECIFIED.,.F.,.F.,(4,3,3,3,3,3,4),(-0.185993086041151,-0.151613635103574,
-0.118706865831094,-0.0832183320382301,-0.0557387963438922,-0.0186584936504048,
0.),.UNSPECIFIED.);
#445=B_SPLINE_CURVE_WITH_KNOTS('',3,(#6440,#6441,#6442,#6443,#6444,#6445,
#6446,#6447,#6448,#6449,#6450,#6451,#6452,#6453,#6454,#6455,#6456,#6457,
#6458,#6459,#6460,#6461,#6462,#6463,#6464,#6465,#6466,#6467,#6468,#6469,
#6470,#6471,#6472,#6473,#6474,#6475,#6476,#6477,#6478,#6479,#6480,#6481,
#6482,#6483,#6484,#6485,#6486,#6487,#6488,#6489,#6490,#6491,#6492,#6493,
#6494,#6495,#6496,#6497,#6498,#6499,#6500,#6501,#6502,#6503,#6504,#6505,
#6506),.UNSPECIFIED.,.F.,.F.,(4,3,3,3,3,3,3,3,3,3,3,3,3,3,3,3,3,3,3,3,3,
3,4),(-0.933393403421932,-0.879287745423333,-0.824753766619115,-0.807090258454258,
-0.799285094430288,-0.744169383252516,-0.688435932339205,-0.632702481425895,
-0.577662468908709,-0.560071016421903,-0.546394720123587,-0.538544555203316,
-0.483004404066895,-0.426872470357362,-0.370506517374114,-0.321111267903923,
-0.280972359415932,-0.274275600324347,-0.217989933254963,-0.160641988737614,
-0.103110986067152,-0.0460288966564716,0.),.UNSPECIFIED.);
#446=B_SPLINE_CURVE_WITH_KNOTS('',3,(#6507,#6508,#6509,#6510,#6511,#6512,
#6513,#6514,#6515,#6516),.UNSPECIFIED.,.F.,.F.,(4,3,3,4),(108.421868197743,
108.747922286277,109.073976374812,109.563057507615),.UNSPECIFIED.);
#447=LINE('',#1817,#515);
#448=LINE('',#1833,#516);
#449=LINE('',#2100,#517);
#450=LINE('',#2103,#518);
#451=LINE('',#2116,#519);
#452=LINE('',#2117,#520);
#453=LINE('',#2119,#521);
#454=LINE('',#2123,#522);
#455=LINE('',#2126,#523);
#456=LINE('',#2138,#524);
#457=LINE('',#2139,#525);
#458=LINE('',#2141,#526);
#459=LINE('',#2145,#527);
#460=LINE('',#2147,#528);
#461=LINE('',#2148,#529);
#462=LINE('',#2151,#530);
#463=LINE('',#2153,#531);
#464=LINE('',#2154,#532);
#465=LINE('',#2157,#533);
#466=LINE('',#2158,#534);
#467=LINE('',#2160,#535);
#468=LINE('',#3919,#536);
#469=LINE('',#3934,#537);
#470=LINE('',#3937,#538);
#471=LINE('',#3952,#539);
#472=LINE('',#3955,#540);
#473=LINE('',#3957,#541);
#474=LINE('',#3973,#542);
#475=LINE('',#3988,#543);
#476=LINE('',#3991,#544);
#477=LINE('',#3993,#545);
#478=LINE('',#4009,#546);
#479=LINE('',#4024,#547);
#480=LINE('',#4027,#548);
#481=LINE('',#4029,#549);
#482=LINE('',#4048,#550);
#483=LINE('',#4063,#551);
#484=LINE('',#4066,#552);
#485=LINE('',#4068,#553);
#486=LINE('',#4084,#554);
#487=LINE('',#4099,#555);
#488=LINE('',#4102,#556);
#489=LINE('',#4104,#557);
#490=LINE('',#4120,#558);
#491=LINE('',#4135,#559);
#492=LINE('',#4138,#560);
#493=LINE('',#4140,#561);
#494=LINE('',#4156,#562);
#495=LINE('',#4158,#563);
#496=LINE('',#4174,#564);
#497=LINE('',#6370,#565);
#498=LINE('',#6372,#566);
#499=LINE('',#6373,#567);
#500=LINE('',#6375,#568);
#501=LINE('',#6377,#569);
#502=LINE('',#6378,#570);
#503=LINE('',#6381,#571);
#504=LINE('',#6382,#572);
#505=LINE('',#6385,#573);
#506=LINE('',#6386,#574);
#507=LINE('',#6389,#575);
#508=LINE('',#6390,#576);
#509=LINE('',#6393,#577);
#510=LINE('',#6395,#578);
#511=LINE('',#6520,#579);
#512=LINE('',#6523,#580);
#513=LINE('',#6524,#581);
#514=LINE('',#6526,#582);
#515=VECTOR('',#1661,10.);
#516=VECTOR('',#1662,10.);
#517=VECTOR('',#1665,10.);
#518=VECTOR('',#1668,10.);
#519=VECTOR('',#1675,10.);
#520=VECTOR('',#1676,10.);
#521=VECTOR('',#1679,10.);
#522=VECTOR('',#1682,10.);
#523=VECTOR('',#1685,10.);
#524=VECTOR('',#1692,10.);
#525=VECTOR('',#1693,10.);
#526=VECTOR('',#1696,10.);
#527=VECTOR('',#1699,10.);
#528=VECTOR('',#1700,10.);
#529=VECTOR('',#1701,10.);
#530=VECTOR('',#1704,10.);
#531=VECTOR('',#1705,10.);
#532=VECTOR('',#1706,10.);
#533=VECTOR('',#1709,10.);
#534=VECTOR('',#1710,10.);
#535=VECTOR('',#1713,10.);
#536=VECTOR('',#1716,10.);
#537=VECTOR('',#1717,10.);
#538=VECTOR('',#1720,10.);
#539=VECTOR('',#1721,10.);
#540=VECTOR('',#1724,10.);
#541=VECTOR('',#1725,10.);
#542=VECTOR('',#1728,10.);
#543=VECTOR('',#1729,10.);
#544=VECTOR('',#1732,10.);
#545=VECTOR('',#1733,10.);
#546=VECTOR('',#1736,10.);
#547=VECTOR('',#1737,10.);
#548=VECTOR('',#1740,10.);
#549=VECTOR('',#1741,10.);
#550=VECTOR('',#1744,10.);
#551=VECTOR('',#1745,10.);
#552=VECTOR('',#1748,10.);
#553=VECTOR('',#1749,10.);
#554=VECTOR('',#1752,10.);
#555=VECTOR('',#1753,10.);
#556=VECTOR('',#1756,10.);
#557=VECTOR('',#1757,10.);
#558=VECTOR('',#1760,10.);
#559=VECTOR('',#1761,10.);
#560=VECTOR('',#1764,10.);
#561=VECTOR('',#1765,10.);
#562=VECTOR('',#1768,10.);
#563=VECTOR('',#1769,10.);
#564=VECTOR('',#1772,10.);
#565=VECTOR('',#1777,10.);
#566=VECTOR('',#1778,10.);
#567=VECTOR('',#1779,10.);
#568=VECTOR('',#1780,10.);
#569=VECTOR('',#1781,10.);
#570=VECTOR('',#1782,10.);
#571=VECTOR('',#1785,10.);
#572=VECTOR('',#1786,10.);
#573=VECTOR('',#1789,10.);
#574=VECTOR('',#1790,10.);
#575=VECTOR('',#1793,10.);
#576=VECTOR('',#1794,10.);
#577=VECTOR('',#1797,10.);
#578=VECTOR('',#1798,10.);
#579=VECTOR('',#1803,10.);
#580=VECTOR('',#1806,10.);
#581=VECTOR('',#1807,10.);
#582=VECTOR('',#1810,10.);
#583=VERTEX_POINT('',#1815);
#584=VERTEX_POINT('',#1816);
#585=VERTEX_POINT('',#1818);
#586=VERTEX_POINT('',#1832);
#587=VERTEX_POINT('',#1875);
#588=VERTEX_POINT('',#1880);
#589=VERTEX_POINT('',#1960);
#590=VERTEX_POINT('',#2007);
#591=VERTEX_POINT('',#2008);
#592=VERTEX_POINT('',#2015);
#593=VERTEX_POINT('',#2022);
#594=VERTEX_POINT('',#2098);
#595=VERTEX_POINT('',#2099);
#596=VERTEX_POINT('',#2101);
#597=VERTEX_POINT('',#2105);
#598=VERTEX_POINT('',#2109);
#599=VERTEX_POINT('',#2115);
#600=VERTEX_POINT('',#2121);
#601=VERTEX_POINT('',#2122);
#602=VERTEX_POINT('',#2124);
#603=VERTEX_POINT('',#2128);
#604=VERTEX_POINT('',#2132);
#605=VERTEX_POINT('',#2143);
#606=VERTEX_POINT('',#2144);
#607=VERTEX_POINT('',#2146);
#608=VERTEX_POINT('',#2150);
#609=VERTEX_POINT('',#2152);
#610=VERTEX_POINT('',#2156);
#611=VERTEX_POINT('',#2189);
#612=VERTEX_POINT('',#2190);
#613=VERTEX_POINT('',#2223);
#614=VERTEX_POINT('',#2237);
#615=VERTEX_POINT('',#2288);
#616=VERTEX_POINT('',#2289);
#617=VERTEX_POINT('',#2306);
#618=VERTEX_POINT('',#2313);
#619=VERTEX_POINT('',#2332);
#620=VERTEX_POINT('',#2441);
#621=VERTEX_POINT('',#2442);
#622=VERTEX_POINT('',#2483);
#623=VERTEX_POINT('',#2497);
#624=VERTEX_POINT('',#2548);
#625=VERTEX_POINT('',#2549);
#626=VERTEX_POINT('',#2566);
#627=VERTEX_POINT('',#2573);
#628=VERTEX_POINT('',#2633);
#629=VERTEX_POINT('',#2634);
#630=VERTEX_POINT('',#2679);
#631=VERTEX_POINT('',#2693);
#632=VERTEX_POINT('',#2744);
#633=VERTEX_POINT('',#2745);
#634=VERTEX_POINT('',#2762);
#635=VERTEX_POINT('',#2770);
#636=VERTEX_POINT('',#2844);
#637=VERTEX_POINT('',#2845);
#638=VERTEX_POINT('',#2894);
#639=VERTEX_POINT('',#2908);
#640=VERTEX_POINT('',#2959);
#641=VERTEX_POINT('',#2960);
#642=VERTEX_POINT('',#2977);
#643=VERTEX_POINT('',#2985);
#644=VERTEX_POINT('',#3067);
#645=VERTEX_POINT('',#3068);
#646=VERTEX_POINT('',#3119);
#647=VERTEX_POINT('',#3133);
#648=VERTEX_POINT('',#3217);
#649=VERTEX_POINT('',#3218);
#650=VERTEX_POINT('',#3235);
#651=VERTEX_POINT('',#3243);
#652=VERTEX_POINT('',#3329);
#653=VERTEX_POINT('',#3330);
#654=VERTEX_POINT('',#3381);
#655=VERTEX_POINT('',#3395);
#656=VERTEX_POINT('',#3446);
#657=VERTEX_POINT('',#3447);
#658=VERTEX_POINT('',#3464);
#659=VERTEX_POINT('',#3472);
#660=VERTEX_POINT('',#3562);
#661=VERTEX_POINT('',#3563);
#662=VERTEX_POINT('',#3614);
#663=VERTEX_POINT('',#3628);
#664=VERTEX_POINT('',#3679);
#665=VERTEX_POINT('',#3680);
#666=VERTEX_POINT('',#3697);
#667=VERTEX_POINT('',#3705);
#668=VERTEX_POINT('',#3814);
#669=VERTEX_POINT('',#3815);
#670=VERTEX_POINT('',#3832);
#671=VERTEX_POINT('',#3839);
#672=VERTEX_POINT('',#3918);
#673=VERTEX_POINT('',#3920);
#674=VERTEX_POINT('',#3936);
#675=VERTEX_POINT('',#3938);
#676=VERTEX_POINT('',#3954);
#677=VERTEX_POINT('',#3956);
#678=VERTEX_POINT('',#3972);
#679=VERTEX_POINT('',#3974);
#680=VERTEX_POINT('',#3990);
#681=VERTEX_POINT('',#3992);
#682=VERTEX_POINT('',#4008);
#683=VERTEX_POINT('',#4010);
#684=VERTEX_POINT('',#4026);
#685=VERTEX_POINT('',#4028);
#686=VERTEX_POINT('',#4047);
#687=VERTEX_POINT('',#4049);
#688=VERTEX_POINT('',#4065);
#689=VERTEX_POINT('',#4067);
#690=VERTEX_POINT('',#4083);
#691=VERTEX_POINT('',#4085);
#692=VERTEX_POINT('',#4101);
#693=VERTEX_POINT('',#4103);
#694=VERTEX_POINT('',#4119);
#695=VERTEX_POINT('',#4121);
#696=VERTEX_POINT('',#4137);
#697=VERTEX_POINT('',#4139);
#698=VERTEX_POINT('',#4155);
#699=VERTEX_POINT('',#4157);
#700=VERTEX_POINT('',#4173);
#701=VERTEX_POINT('',#4276);
#702=VERTEX_POINT('',#4295);
#703=VERTEX_POINT('',#4360);
#704=VERTEX_POINT('',#4379);
#705=VERTEX_POINT('',#4430);
#706=VERTEX_POINT('',#4449);
#707=VERTEX_POINT('',#4548);
#708=VERTEX_POINT('',#4575);
#709=VERTEX_POINT('',#4626);
#710=VERTEX_POINT('',#4643);
#711=VERTEX_POINT('',#4714);
#712=VERTEX_POINT('',#4745);
#713=VERTEX_POINT('',#4796);
#714=VERTEX_POINT('',#4813);
#715=VERTEX_POINT('',#4918);
#716=VERTEX_POINT('',#4980);
#717=VERTEX_POINT('',#5031);
#718=VERTEX_POINT('',#5048);
#719=VERTEX_POINT('',#5119);
#720=VERTEX_POINT('',#5190);
#721=VERTEX_POINT('',#5241);
#722=VERTEX_POINT('',#5258);
#723=VERTEX_POINT('',#5360);
#724=VERTEX_POINT('',#5397);
#725=VERTEX_POINT('',#5444);
#726=VERTEX_POINT('',#5445);
#727=VERTEX_POINT('',#5528);
#728=VERTEX_POINT('',#5579);
#729=VERTEX_POINT('',#5616);
#730=VERTEX_POINT('',#5667);
#731=VERTEX_POINT('',#5668);
#732=VERTEX_POINT('',#5705);
#733=VERTEX_POINT('',#5719);
#734=VERTEX_POINT('',#5758);
#735=VERTEX_POINT('',#6254);
#736=VERTEX_POINT('',#6369);
#737=VERTEX_POINT('',#6371);
#738=VERTEX_POINT('',#6374);
#739=VERTEX_POINT('',#6376);
#740=VERTEX_POINT('',#6380);
#741=VERTEX_POINT('',#6384);
#742=VERTEX_POINT('',#6388);
#743=VERTEX_POINT('',#6392);
#744=VERTEX_POINT('',#6394);
#745=VERTEX_POINT('',#6439);
#746=VERTEX_POINT('',#6518);
#747=VERTEX_POINT('',#6522);
#748=EDGE_CURVE('',#583,#584,#447,.T.);
#749=EDGE_CURVE('',#584,#585,#276,.T.);
#750=EDGE_CURVE('',#585,#586,#448,.T.);
#751=EDGE_CURVE('',#586,#583,#277,.T.);
#752=EDGE_CURVE('',#584,#587,#278,.T.);
#753=EDGE_CURVE('',#588,#587,#279,.T.);
#754=EDGE_CURVE('',#588,#589,#280,.T.);
#755=EDGE_CURVE('',#589,#585,#281,.T.);
#756=EDGE_CURVE('',#590,#591,#282,.T.);
#757=EDGE_CURVE('',#591,#592,#283,.T.);
#758=EDGE_CURVE('',#592,#593,#284,.T.);
#759=EDGE_CURVE('',#590,#593,#285,.T.);
#760=EDGE_CURVE('',#591,#583,#286,.T.);
#761=EDGE_CURVE('',#586,#592,#287,.T.);
#762=EDGE_CURVE('',#594,#595,#449,.T.);
#763=EDGE_CURVE('',#596,#594,#23,.T.);
#764=EDGE_CURVE('',#595,#596,#450,.T.);
#765=EDGE_CURVE('',#597,#594,#17,.T.);
#766=EDGE_CURVE('',#598,#597,#24,.T.);
#767=EDGE_CURVE('',#598,#596,#18,.T.);
#768=EDGE_CURVE('',#599,#598,#451,.T.);
#769=EDGE_CURVE('',#599,#595,#452,.T.);
#770=EDGE_CURVE('',#597,#599,#453,.T.);
#771=EDGE_CURVE('',#600,#601,#454,.T.);
#772=EDGE_CURVE('',#602,#600,#25,.T.);
#773=EDGE_CURVE('',#601,#602,#455,.T.);
#774=EDGE_CURVE('',#603,#600,#19,.T.);
#775=EDGE_CURVE('',#604,#603,#26,.T.);
#776=EDGE_CURVE('',#604,#602,#20,.T.);
#777=EDGE_CURVE('',#599,#604,#456,.T.);
#778=EDGE_CURVE('',#599,#601,#457,.T.);
#779=EDGE_CURVE('',#603,#599,#458,.T.);
#780=EDGE_CURVE('',#605,#606,#459,.T.);
#781=EDGE_CURVE('',#607,#605,#460,.T.);
#782=EDGE_CURVE('',#606,#607,#461,.T.);
#783=EDGE_CURVE('',#608,#605,#462,.T.);
#784=EDGE_CURVE('',#609,#608,#463,.T.);
#785=EDGE_CURVE('',#609,#607,#464,.T.);
#786=EDGE_CURVE('',#610,#609,#465,.T.);
#787=EDGE_CURVE('',#610,#606,#466,.T.);
#788=EDGE_CURVE('',#608,#610,#467,.T.);
#789=EDGE_CURVE('',#611,#612,#288,.T.);
#790=EDGE_CURVE('',#613,#612,#289,.T.);
#791=EDGE_CURVE('',#613,#614,#290,.T.);
#792=EDGE_CURVE('',#611,#614,#291,.T.);
#793=EDGE_CURVE('',#615,#616,#292,.T.);
#794=EDGE_CURVE('',#617,#616,#293,.T.);
#795=EDGE_CURVE('',#617,#618,#294,.T.);
#796=EDGE_CURVE('',#619,#618,#295,.T.);
#797=EDGE_CURVE('',#615,#619,#296,.T.);
#798=EDGE_CURVE('',#620,#621,#297,.T.);
#799=EDGE_CURVE('',#622,#621,#298,.T.);
#800=EDGE_CURVE('',#622,#623,#299,.T.);
#801=EDGE_CURVE('',#620,#623,#300,.T.);
#802=EDGE_CURVE('',#624,#625,#301,.T.);
#803=EDGE_CURVE('',#626,#625,#302,.T.);
#804=EDGE_CURVE('',#626,#627,#303,.T.);
#805=EDGE_CURVE('',#624,#627,#304,.T.);
#806=EDGE_CURVE('',#628,#629,#305,.T.);
#807=EDGE_CURVE('',#630,#629,#306,.T.);
#808=EDGE_CURVE('',#630,#631,#307,.T.);
#809=EDGE_CURVE('',#628,#631,#308,.T.);
#810=EDGE_CURVE('',#632,#633,#309,.T.);
#811=EDGE_CURVE('',#634,#633,#310,.T.);
#812=EDGE_CURVE('',#634,#635,#311,.T.);
#813=EDGE_CURVE('',#632,#635,#312,.T.);
#814=EDGE_CURVE('',#636,#637,#313,.T.);
#815=EDGE_CURVE('',#638,#637,#314,.T.);
#816=EDGE_CURVE('',#638,#639,#315,.T.);
#817=EDGE_CURVE('',#636,#639,#316,.T.);
#818=EDGE_CURVE('',#640,#641,#317,.T.);
#819=EDGE_CURVE('',#642,#641,#318,.T.);
#820=EDGE_CURVE('',#642,#643,#319,.T.);
#821=EDGE_CURVE('',#640,#643,#320,.T.);
#822=EDGE_CURVE('',#644,#645,#321,.T.);
#823=EDGE_CURVE('',#646,#645,#322,.T.);
#824=EDGE_CURVE('',#646,#647,#323,.T.);
#825=EDGE_CURVE('',#644,#647,#324,.T.);
#826=EDGE_CURVE('',#648,#649,#325,.T.);
#827=EDGE_CURVE('',#650,#649,#326,.T.);
#828=EDGE_CURVE('',#650,#651,#327,.T.);
#829=EDGE_CURVE('',#648,#651,#328,.T.);
#830=EDGE_CURVE('',#652,#653,#329,.T.);
#831=EDGE_CURVE('',#654,#653,#330,.T.);
#832=EDGE_CURVE('',#654,#655,#331,.T.);
#833=EDGE_CURVE('',#652,#655,#332,.T.);
#834=EDGE_CURVE('',#656,#657,#333,.T.);
#835=EDGE_CURVE('',#658,#657,#334,.T.);
#836=EDGE_CURVE('',#658,#659,#335,.T.);
#837=EDGE_CURVE('',#656,#659,#336,.T.);
#838=EDGE_CURVE('',#660,#661,#337,.T.);
#839=EDGE_CURVE('',#662,#661,#338,.T.);
#840=EDGE_CURVE('',#662,#663,#339,.T.);
#841=EDGE_CURVE('',#660,#663,#340,.T.);
#842=EDGE_CURVE('',#664,#665,#341,.T.);
#843=EDGE_CURVE('',#666,#665,#342,.T.);
#844=EDGE_CURVE('',#666,#667,#343,.T.);
#845=EDGE_CURVE('',#664,#667,#344,.T.);
#846=EDGE_CURVE('',#668,#669,#345,.T.);
#847=EDGE_CURVE('',#670,#669,#346,.T.);
#848=EDGE_CURVE('',#670,#671,#347,.T.);
#849=EDGE_CURVE('',#668,#671,#348,.T.);
#850=EDGE_CURVE('',#612,#672,#468,.T.);
#851=EDGE_CURVE('',#672,#673,#349,.T.);
#852=EDGE_CURVE('',#673,#613,#469,.T.);
#853=EDGE_CURVE('',#621,#674,#470,.T.);
#854=EDGE_CURVE('',#674,#675,#350,.T.);
#855=EDGE_CURVE('',#675,#622,#471,.T.);
#856=EDGE_CURVE('',#676,#624,#472,.T.);
#857=EDGE_CURVE('',#627,#677,#473,.T.);
#858=EDGE_CURVE('',#677,#676,#351,.T.);
#859=EDGE_CURVE('',#629,#678,#474,.T.);
#860=EDGE_CURVE('',#678,#679,#352,.T.);
#861=EDGE_CURVE('',#679,#630,#475,.T.);
#862=EDGE_CURVE('',#680,#632,#476,.T.);
#863=EDGE_CURVE('',#635,#681,#477,.T.);
#864=EDGE_CURVE('',#681,#680,#353,.T.);
#865=EDGE_CURVE('',#637,#682,#478,.T.);
#866=EDGE_CURVE('',#682,#683,#354,.T.);
#867=EDGE_CURVE('',#683,#638,#479,.T.);
#868=EDGE_CURVE('',#684,#640,#480,.T.);
#869=EDGE_CURVE('',#643,#685,#481,.T.);
#870=EDGE_CURVE('',#685,#684,#355,.T.);
#871=EDGE_CURVE('',#645,#686,#482,.T.);
#872=EDGE_CURVE('',#686,#687,#356,.T.);
#873=EDGE_CURVE('',#687,#646,#483,.T.);
#874=EDGE_CURVE('',#688,#648,#484,.T.);
#875=EDGE_CURVE('',#651,#689,#485,.T.);
#876=EDGE_CURVE('',#689,#688,#357,.T.);
#877=EDGE_CURVE('',#653,#690,#486,.T.);
#878=EDGE_CURVE('',#690,#691,#358,.T.);
#879=EDGE_CURVE('',#691,#654,#487,.T.);
#880=EDGE_CURVE('',#692,#656,#488,.T.);
#881=EDGE_CURVE('',#659,#693,#489,.T.);
#882=EDGE_CURVE('',#693,#692,#359,.T.);
#883=EDGE_CURVE('',#661,#694,#490,.T.);
#884=EDGE_CURVE('',#694,#695,#360,.T.);
#885=EDGE_CURVE('',#695,#662,#491,.T.);
#886=EDGE_CURVE('',#696,#664,#492,.T.);
#887=EDGE_CURVE('',#667,#697,#493,.T.);
#888=EDGE_CURVE('',#697,#696,#361,.T.);
#889=EDGE_CURVE('',#698,#668,#494,.T.);
#890=EDGE_CURVE('',#671,#699,#495,.T.);
#891=EDGE_CURVE('',#699,#698,#362,.T.);
#892=EDGE_CURVE('',#700,#615,#496,.T.);
#893=EDGE_CURVE('',#619,#700,#27,.T.);
#894=EDGE_CURVE('',#672,#590,#363,.T.);
#895=EDGE_CURVE('',#593,#673,#364,.T.);
#896=EDGE_CURVE('',#674,#701,#365,.T.);
#897=EDGE_CURVE('',#701,#702,#366,.T.);
#898=EDGE_CURVE('',#702,#675,#367,.T.);
#899=EDGE_CURVE('',#703,#676,#368,.T.);
#900=EDGE_CURVE('',#677,#704,#369,.T.);
#901=EDGE_CURVE('',#704,#703,#370,.T.);
#902=EDGE_CURVE('',#678,#705,#371,.T.);
#903=EDGE_CURVE('',#705,#706,#372,.T.);
#904=EDGE_CURVE('',#706,#679,#373,.T.);
#905=EDGE_CURVE('',#707,#680,#374,.T.);
#906=EDGE_CURVE('',#681,#708,#375,.T.);
#907=EDGE_CURVE('',#708,#707,#376,.T.);
#908=EDGE_CURVE('',#682,#709,#377,.T.);
#909=EDGE_CURVE('',#709,#710,#378,.T.);
#910=EDGE_CURVE('',#710,#683,#379,.T.);
#911=EDGE_CURVE('',#711,#684,#380,.T.);
#912=EDGE_CURVE('',#685,#712,#381,.T.);
#913=EDGE_CURVE('',#712,#711,#382,.T.);
#914=EDGE_CURVE('',#686,#713,#383,.T.);
#915=EDGE_CURVE('',#713,#714,#384,.T.);
#916=EDGE_CURVE('',#714,#687,#385,.T.);
#917=EDGE_CURVE('',#715,#688,#386,.T.);
#918=EDGE_CURVE('',#689,#716,#387,.T.);
#919=EDGE_CURVE('',#716,#715,#388,.T.);
#920=EDGE_CURVE('',#690,#717,#389,.T.);
#921=EDGE_CURVE('',#717,#718,#390,.T.);
#922=EDGE_CURVE('',#718,#691,#391,.T.);
#923=EDGE_CURVE('',#719,#692,#392,.T.);
#924=EDGE_CURVE('',#693,#720,#393,.T.);
#925=EDGE_CURVE('',#720,#719,#394,.T.);
#926=EDGE_CURVE('',#694,#721,#395,.T.);
#927=EDGE_CURVE('',#721,#722,#396,.T.);
#928=EDGE_CURVE('',#722,#695,#397,.T.);
#929=EDGE_CURVE('',#723,#696,#398,.T.);
#930=EDGE_CURVE('',#697,#724,#399,.T.);
#931=EDGE_CURVE('',#724,#723,#400,.T.);
#932=EDGE_CURVE('',#725,#726,#401,.T.);
#933=EDGE_CURVE('',#725,#727,#402,.T.);
#934=EDGE_CURVE('',#727,#726,#403,.T.);
#935=EDGE_CURVE('',#728,#698,#404,.T.);
#936=EDGE_CURVE('',#699,#729,#405,.T.);
#937=EDGE_CURVE('',#729,#728,#406,.T.);
#938=EDGE_CURVE('',#730,#731,#407,.T.);
#939=EDGE_CURVE('',#732,#731,#408,.T.);
#940=EDGE_CURVE('',#732,#733,#409,.T.);
#941=EDGE_CURVE('',#733,#730,#410,.T.);
#942=EDGE_CURVE('',#734,#589,#411,.T.);
#943=EDGE_CURVE('',#734,#588,#412,.T.);
#944=EDGE_CURVE('',#701,#611,#413,.T.);
#945=EDGE_CURVE('',#614,#702,#414,.T.);
#946=EDGE_CURVE('',#616,#703,#415,.T.);
#947=EDGE_CURVE('',#704,#617,#416,.T.);
#948=EDGE_CURVE('',#705,#620,#417,.T.);
#949=EDGE_CURVE('',#623,#706,#418,.T.);
#950=EDGE_CURVE('',#625,#707,#419,.T.);
#951=EDGE_CURVE('',#708,#626,#420,.T.);
#952=EDGE_CURVE('',#709,#628,#421,.T.);
#953=EDGE_CURVE('',#631,#710,#422,.T.);
#954=EDGE_CURVE('',#633,#711,#423,.T.);
#955=EDGE_CURVE('',#712,#634,#424,.T.);
#956=EDGE_CURVE('',#713,#636,#425,.T.);
#957=EDGE_CURVE('',#639,#714,#426,.T.);
#958=EDGE_CURVE('',#641,#715,#427,.T.);
#959=EDGE_CURVE('',#716,#642,#428,.T.);
#960=EDGE_CURVE('',#717,#644,#429,.T.);
#961=EDGE_CURVE('',#647,#718,#430,.T.);
#962=EDGE_CURVE('',#649,#719,#431,.T.);
#963=EDGE_CURVE('',#720,#650,#432,.T.);
#964=EDGE_CURVE('',#721,#652,#433,.T.);
#965=EDGE_CURVE('',#655,#722,#434,.T.);
#966=EDGE_CURVE('',#657,#723,#435,.T.);
#967=EDGE_CURVE('',#724,#658,#436,.T.);
#968=EDGE_CURVE('',#726,#735,#437,.T.);
#969=EDGE_CURVE('',#727,#660,#438,.T.);
#970=EDGE_CURVE('',#663,#735,#439,.T.);
#971=EDGE_CURVE('',#665,#728,#440,.T.);
#972=EDGE_CURVE('',#729,#666,#441,.T.);
#973=EDGE_CURVE('',#669,#730,#442,.T.);
#974=EDGE_CURVE('',#733,#670,#443,.T.);
#975=EDGE_CURVE('',#587,#736,#497,.T.);
#976=EDGE_CURVE('',#736,#737,#498,.T.);
#977=EDGE_CURVE('',#700,#737,#499,.T.);
#978=EDGE_CURVE('',#618,#738,#500,.T.);
#979=EDGE_CURVE('',#738,#739,#501,.T.);
#980=EDGE_CURVE('',#734,#739,#502,.T.);
#981=EDGE_CURVE('',#735,#740,#503,.T.);
#982=EDGE_CURVE('',#739,#740,#504,.T.);
#983=EDGE_CURVE('',#740,#741,#505,.T.);
#984=EDGE_CURVE('',#738,#741,#506,.T.);
#985=EDGE_CURVE('',#742,#725,#507,.T.);
#986=EDGE_CURVE('',#736,#742,#508,.T.);
#987=EDGE_CURVE('',#741,#743,#509,.T.);
#988=EDGE_CURVE('',#744,#732,#510,.T.);
#989=EDGE_CURVE('',#743,#744,#444,.T.);
#990=EDGE_CURVE('',#743,#745,#445,.T.);
#991=EDGE_CURVE('',#745,#744,#446,.T.);
#992=EDGE_CURVE('',#745,#746,#28,.T.);
#993=EDGE_CURVE('',#731,#746,#511,.T.);
#994=EDGE_CURVE('',#746,#747,#512,.T.);
#995=EDGE_CURVE('',#737,#747,#513,.T.);
#996=EDGE_CURVE('',#747,#742,#514,.T.);
#997=ORIENTED_EDGE('',*,*,#748,.T.);
#998=ORIENTED_EDGE('',*,*,#749,.T.);
#999=ORIENTED_EDGE('',*,*,#750,.T.);
#1000=ORIENTED_EDGE('',*,*,#751,.T.);
#1001=ORIENTED_EDGE('',*,*,#752,.T.);
#1002=ORIENTED_EDGE('',*,*,#753,.F.);
#1003=ORIENTED_EDGE('',*,*,#754,.T.);
#1004=ORIENTED_EDGE('',*,*,#755,.T.);
#1005=ORIENTED_EDGE('',*,*,#749,.F.);
#1006=ORIENTED_EDGE('',*,*,#756,.T.);
#1007=ORIENTED_EDGE('',*,*,#757,.T.);
#1008=ORIENTED_EDGE('',*,*,#758,.T.);
#1009=ORIENTED_EDGE('',*,*,#759,.F.);
#1010=ORIENTED_EDGE('',*,*,#760,.T.);
#1011=ORIENTED_EDGE('',*,*,#751,.F.);
#1012=ORIENTED_EDGE('',*,*,#761,.T.);
#1013=ORIENTED_EDGE('',*,*,#757,.F.);
#1014=ORIENTED_EDGE('',*,*,#762,.F.);
#1015=ORIENTED_EDGE('',*,*,#763,.F.);
#1016=ORIENTED_EDGE('',*,*,#764,.F.);
#1017=ORIENTED_EDGE('',*,*,#763,.T.);
#1018=ORIENTED_EDGE('',*,*,#765,.F.);
#1019=ORIENTED_EDGE('',*,*,#766,.F.);
#1020=ORIENTED_EDGE('',*,*,#767,.T.);
#1021=ORIENTED_EDGE('',*,*,#764,.T.);
#1022=ORIENTED_EDGE('',*,*,#767,.F.);
#1023=ORIENTED_EDGE('',*,*,#768,.F.);
#1024=ORIENTED_EDGE('',*,*,#769,.T.);
#1025=ORIENTED_EDGE('',*,*,#762,.T.);
#1026=ORIENTED_EDGE('',*,*,#769,.F.);
#1027=ORIENTED_EDGE('',*,*,#770,.F.);
#1028=ORIENTED_EDGE('',*,*,#765,.T.);
#1029=ORIENTED_EDGE('',*,*,#771,.F.);
#1030=ORIENTED_EDGE('',*,*,#772,.F.);
#1031=ORIENTED_EDGE('',*,*,#773,.F.);
#1032=ORIENTED_EDGE('',*,*,#772,.T.);
#1033=ORIENTED_EDGE('',*,*,#774,.F.);
#1034=ORIENTED_EDGE('',*,*,#775,.F.);
#1035=ORIENTED_EDGE('',*,*,#776,.T.);
#1036=ORIENTED_EDGE('',*,*,#773,.T.);
#1037=ORIENTED_EDGE('',*,*,#776,.F.);
#1038=ORIENTED_EDGE('',*,*,#777,.F.);
#1039=ORIENTED_EDGE('',*,*,#778,.T.);
#1040=ORIENTED_EDGE('',*,*,#771,.T.);
#1041=ORIENTED_EDGE('',*,*,#778,.F.);
#1042=ORIENTED_EDGE('',*,*,#779,.F.);
#1043=ORIENTED_EDGE('',*,*,#774,.T.);
#1044=ORIENTED_EDGE('',*,*,#780,.F.);
#1045=ORIENTED_EDGE('',*,*,#781,.F.);
#1046=ORIENTED_EDGE('',*,*,#782,.F.);
#1047=ORIENTED_EDGE('',*,*,#781,.T.);
#1048=ORIENTED_EDGE('',*,*,#783,.F.);
#1049=ORIENTED_EDGE('',*,*,#784,.F.);
#1050=ORIENTED_EDGE('',*,*,#785,.T.);
#1051=ORIENTED_EDGE('',*,*,#782,.T.);
#1052=ORIENTED_EDGE('',*,*,#785,.F.);
#1053=ORIENTED_EDGE('',*,*,#786,.F.);
#1054=ORIENTED_EDGE('',*,*,#787,.T.);
#1055=ORIENTED_EDGE('',*,*,#780,.T.);
#1056=ORIENTED_EDGE('',*,*,#787,.F.);
#1057=ORIENTED_EDGE('',*,*,#788,.F.);
#1058=ORIENTED_EDGE('',*,*,#783,.T.);
#1059=ORIENTED_EDGE('',*,*,#789,.T.);
#1060=ORIENTED_EDGE('',*,*,#790,.F.);
#1061=ORIENTED_EDGE('',*,*,#791,.T.);
#1062=ORIENTED_EDGE('',*,*,#792,.F.);
#1063=ORIENTED_EDGE('',*,*,#793,.T.);
#1064=ORIENTED_EDGE('',*,*,#794,.F.);
#1065=ORIENTED_EDGE('',*,*,#795,.T.);
#1066=ORIENTED_EDGE('',*,*,#796,.F.);
#1067=ORIENTED_EDGE('',*,*,#797,.F.);
#1068=ORIENTED_EDGE('',*,*,#798,.T.);
#1069=ORIENTED_EDGE('',*,*,#799,.F.);
#1070=ORIENTED_EDGE('',*,*,#800,.T.);
#1071=ORIENTED_EDGE('',*,*,#801,.F.);
#1072=ORIENTED_EDGE('',*,*,#802,.T.);
#1073=ORIENTED_EDGE('',*,*,#803,.F.);
#1074=ORIENTED_EDGE('',*,*,#804,.T.);
#1075=ORIENTED_EDGE('',*,*,#805,.F.);
#1076=ORIENTED_EDGE('',*,*,#806,.T.);
#1077=ORIENTED_EDGE('',*,*,#807,.F.);
#1078=ORIENTED_EDGE('',*,*,#808,.T.);
#1079=ORIENTED_EDGE('',*,*,#809,.F.);
#1080=ORIENTED_EDGE('',*,*,#810,.T.);
#1081=ORIENTED_EDGE('',*,*,#811,.F.);
#1082=ORIENTED_EDGE('',*,*,#812,.T.);
#1083=ORIENTED_EDGE('',*,*,#813,.F.);
#1084=ORIENTED_EDGE('',*,*,#814,.T.);
#1085=ORIENTED_EDGE('',*,*,#815,.F.);
#1086=ORIENTED_EDGE('',*,*,#816,.T.);
#1087=ORIENTED_EDGE('',*,*,#817,.F.);
#1088=ORIENTED_EDGE('',*,*,#818,.T.);
#1089=ORIENTED_EDGE('',*,*,#819,.F.);
#1090=ORIENTED_EDGE('',*,*,#820,.T.);
#1091=ORIENTED_EDGE('',*,*,#821,.F.);
#1092=ORIENTED_EDGE('',*,*,#822,.T.);
#1093=ORIENTED_EDGE('',*,*,#823,.F.);
#1094=ORIENTED_EDGE('',*,*,#824,.T.);
#1095=ORIENTED_EDGE('',*,*,#825,.F.);
#1096=ORIENTED_EDGE('',*,*,#826,.T.);
#1097=ORIENTED_EDGE('',*,*,#827,.F.);
#1098=ORIENTED_EDGE('',*,*,#828,.T.);
#1099=ORIENTED_EDGE('',*,*,#829,.F.);
#1100=ORIENTED_EDGE('',*,*,#830,.T.);
#1101=ORIENTED_EDGE('',*,*,#831,.F.);
#1102=ORIENTED_EDGE('',*,*,#832,.T.);
#1103=ORIENTED_EDGE('',*,*,#833,.F.);
#1104=ORIENTED_EDGE('',*,*,#834,.T.);
#1105=ORIENTED_EDGE('',*,*,#835,.F.);
#1106=ORIENTED_EDGE('',*,*,#836,.T.);
#1107=ORIENTED_EDGE('',*,*,#837,.F.);
#1108=ORIENTED_EDGE('',*,*,#838,.T.);
#1109=ORIENTED_EDGE('',*,*,#839,.F.);
#1110=ORIENTED_EDGE('',*,*,#840,.T.);
#1111=ORIENTED_EDGE('',*,*,#841,.F.);
#1112=ORIENTED_EDGE('',*,*,#842,.T.);
#1113=ORIENTED_EDGE('',*,*,#843,.F.);
#1114=ORIENTED_EDGE('',*,*,#844,.T.);
#1115=ORIENTED_EDGE('',*,*,#845,.F.);
#1116=ORIENTED_EDGE('',*,*,#846,.T.);
#1117=ORIENTED_EDGE('',*,*,#847,.F.);
#1118=ORIENTED_EDGE('',*,*,#848,.T.);
#1119=ORIENTED_EDGE('',*,*,#849,.F.);
#1120=ORIENTED_EDGE('',*,*,#850,.T.);
#1121=ORIENTED_EDGE('',*,*,#851,.T.);
#1122=ORIENTED_EDGE('',*,*,#852,.T.);
#1123=ORIENTED_EDGE('',*,*,#790,.T.);
#1124=ORIENTED_EDGE('',*,*,#853,.T.);
#1125=ORIENTED_EDGE('',*,*,#854,.T.);
#1126=ORIENTED_EDGE('',*,*,#855,.T.);
#1127=ORIENTED_EDGE('',*,*,#799,.T.);
#1128=ORIENTED_EDGE('',*,*,#856,.T.);
#1129=ORIENTED_EDGE('',*,*,#805,.T.);
#1130=ORIENTED_EDGE('',*,*,#857,.T.);
#1131=ORIENTED_EDGE('',*,*,#858,.T.);
#1132=ORIENTED_EDGE('',*,*,#859,.T.);
#1133=ORIENTED_EDGE('',*,*,#860,.T.);
#1134=ORIENTED_EDGE('',*,*,#861,.T.);
#1135=ORIENTED_EDGE('',*,*,#807,.T.);
#1136=ORIENTED_EDGE('',*,*,#862,.T.);
#1137=ORIENTED_EDGE('',*,*,#813,.T.);
#1138=ORIENTED_EDGE('',*,*,#863,.T.);
#1139=ORIENTED_EDGE('',*,*,#864,.T.);
#1140=ORIENTED_EDGE('',*,*,#865,.T.);
#1141=ORIENTED_EDGE('',*,*,#866,.T.);
#1142=ORIENTED_EDGE('',*,*,#867,.T.);
#1143=ORIENTED_EDGE('',*,*,#815,.T.);
#1144=ORIENTED_EDGE('',*,*,#868,.T.);
#1145=ORIENTED_EDGE('',*,*,#821,.T.);
#1146=ORIENTED_EDGE('',*,*,#869,.T.);
#1147=ORIENTED_EDGE('',*,*,#870,.T.);
#1148=ORIENTED_EDGE('',*,*,#871,.T.);
#1149=ORIENTED_EDGE('',*,*,#872,.T.);
#1150=ORIENTED_EDGE('',*,*,#873,.T.);
#1151=ORIENTED_EDGE('',*,*,#823,.T.);
#1152=ORIENTED_EDGE('',*,*,#874,.T.);
#1153=ORIENTED_EDGE('',*,*,#829,.T.);
#1154=ORIENTED_EDGE('',*,*,#875,.T.);
#1155=ORIENTED_EDGE('',*,*,#876,.T.);
#1156=ORIENTED_EDGE('',*,*,#877,.T.);
#1157=ORIENTED_EDGE('',*,*,#878,.T.);
#1158=ORIENTED_EDGE('',*,*,#879,.T.);
#1159=ORIENTED_EDGE('',*,*,#831,.T.);
#1160=ORIENTED_EDGE('',*,*,#880,.T.);
#1161=ORIENTED_EDGE('',*,*,#837,.T.);
#1162=ORIENTED_EDGE('',*,*,#881,.T.);
#1163=ORIENTED_EDGE('',*,*,#882,.T.);
#1164=ORIENTED_EDGE('',*,*,#883,.T.);
#1165=ORIENTED_EDGE('',*,*,#884,.T.);
#1166=ORIENTED_EDGE('',*,*,#885,.T.);
#1167=ORIENTED_EDGE('',*,*,#839,.T.);
#1168=ORIENTED_EDGE('',*,*,#886,.T.);
#1169=ORIENTED_EDGE('',*,*,#845,.T.);
#1170=ORIENTED_EDGE('',*,*,#887,.T.);
#1171=ORIENTED_EDGE('',*,*,#888,.T.);
#1172=ORIENTED_EDGE('',*,*,#889,.T.);
#1173=ORIENTED_EDGE('',*,*,#849,.T.);
#1174=ORIENTED_EDGE('',*,*,#890,.T.);
#1175=ORIENTED_EDGE('',*,*,#891,.T.);
#1176=ORIENTED_EDGE('',*,*,#892,.T.);
#1177=ORIENTED_EDGE('',*,*,#797,.T.);
#1178=ORIENTED_EDGE('',*,*,#893,.T.);
#1179=ORIENTED_EDGE('',*,*,#894,.T.);
#1180=ORIENTED_EDGE('',*,*,#759,.T.);
#1181=ORIENTED_EDGE('',*,*,#895,.T.);
#1182=ORIENTED_EDGE('',*,*,#851,.F.);
#1183=ORIENTED_EDGE('',*,*,#896,.T.);
#1184=ORIENTED_EDGE('',*,*,#897,.T.);
#1185=ORIENTED_EDGE('',*,*,#898,.T.);
#1186=ORIENTED_EDGE('',*,*,#854,.F.);
#1187=ORIENTED_EDGE('',*,*,#899,.T.);
#1188=ORIENTED_EDGE('',*,*,#858,.F.);
#1189=ORIENTED_EDGE('',*,*,#900,.T.);
#1190=ORIENTED_EDGE('',*,*,#901,.T.);
#1191=ORIENTED_EDGE('',*,*,#902,.T.);
#1192=ORIENTED_EDGE('',*,*,#903,.T.);
#1193=ORIENTED_EDGE('',*,*,#904,.T.);
#1194=ORIENTED_EDGE('',*,*,#860,.F.);
#1195=ORIENTED_EDGE('',*,*,#905,.T.);
#1196=ORIENTED_EDGE('',*,*,#864,.F.);
#1197=ORIENTED_EDGE('',*,*,#906,.T.);
#1198=ORIENTED_EDGE('',*,*,#907,.T.);
#1199=ORIENTED_EDGE('',*,*,#908,.T.);
#1200=ORIENTED_EDGE('',*,*,#909,.T.);
#1201=ORIENTED_EDGE('',*,*,#910,.T.);
#1202=ORIENTED_EDGE('',*,*,#866,.F.);
#1203=ORIENTED_EDGE('',*,*,#911,.T.);
#1204=ORIENTED_EDGE('',*,*,#870,.F.);
#1205=ORIENTED_EDGE('',*,*,#912,.T.);
#1206=ORIENTED_EDGE('',*,*,#913,.T.);
#1207=ORIENTED_EDGE('',*,*,#914,.T.);
#1208=ORIENTED_EDGE('',*,*,#915,.T.);
#1209=ORIENTED_EDGE('',*,*,#916,.T.);
#1210=ORIENTED_EDGE('',*,*,#872,.F.);
#1211=ORIENTED_EDGE('',*,*,#917,.T.);
#1212=ORIENTED_EDGE('',*,*,#876,.F.);
#1213=ORIENTED_EDGE('',*,*,#918,.T.);
#1214=ORIENTED_EDGE('',*,*,#919,.T.);
#1215=ORIENTED_EDGE('',*,*,#920,.T.);
#1216=ORIENTED_EDGE('',*,*,#921,.T.);
#1217=ORIENTED_EDGE('',*,*,#922,.T.);
#1218=ORIENTED_EDGE('',*,*,#878,.F.);
#1219=ORIENTED_EDGE('',*,*,#923,.T.);
#1220=ORIENTED_EDGE('',*,*,#882,.F.);
#1221=ORIENTED_EDGE('',*,*,#924,.T.);
#1222=ORIENTED_EDGE('',*,*,#925,.T.);
#1223=ORIENTED_EDGE('',*,*,#926,.T.);
#1224=ORIENTED_EDGE('',*,*,#927,.T.);
#1225=ORIENTED_EDGE('',*,*,#928,.T.);
#1226=ORIENTED_EDGE('',*,*,#884,.F.);
#1227=ORIENTED_EDGE('',*,*,#929,.T.);
#1228=ORIENTED_EDGE('',*,*,#888,.F.);
#1229=ORIENTED_EDGE('',*,*,#930,.T.);
#1230=ORIENTED_EDGE('',*,*,#931,.T.);
#1231=ORIENTED_EDGE('',*,*,#932,.F.);
#1232=ORIENTED_EDGE('',*,*,#933,.T.);
#1233=ORIENTED_EDGE('',*,*,#934,.T.);
#1234=ORIENTED_EDGE('',*,*,#935,.T.);
#1235=ORIENTED_EDGE('',*,*,#891,.F.);
#1236=ORIENTED_EDGE('',*,*,#936,.T.);
#1237=ORIENTED_EDGE('',*,*,#937,.T.);
#1238=ORIENTED_EDGE('',*,*,#938,.T.);
#1239=ORIENTED_EDGE('',*,*,#939,.F.);
#1240=ORIENTED_EDGE('',*,*,#940,.T.);
#1241=ORIENTED_EDGE('',*,*,#941,.T.);
#1242=ORIENTED_EDGE('',*,*,#942,.T.);
#1243=ORIENTED_EDGE('',*,*,#754,.F.);
#1244=ORIENTED_EDGE('',*,*,#943,.F.);
#1245=ORIENTED_EDGE('',*,*,#944,.T.);
#1246=ORIENTED_EDGE('',*,*,#792,.T.);
#1247=ORIENTED_EDGE('',*,*,#945,.T.);
#1248=ORIENTED_EDGE('',*,*,#897,.F.);
#1249=ORIENTED_EDGE('',*,*,#946,.T.);
#1250=ORIENTED_EDGE('',*,*,#901,.F.);
#1251=ORIENTED_EDGE('',*,*,#947,.T.);
#1252=ORIENTED_EDGE('',*,*,#794,.T.);
#1253=ORIENTED_EDGE('',*,*,#948,.T.);
#1254=ORIENTED_EDGE('',*,*,#801,.T.);
#1255=ORIENTED_EDGE('',*,*,#949,.T.);
#1256=ORIENTED_EDGE('',*,*,#903,.F.);
#1257=ORIENTED_EDGE('',*,*,#950,.T.);
#1258=ORIENTED_EDGE('',*,*,#907,.F.);
#1259=ORIENTED_EDGE('',*,*,#951,.T.);
#1260=ORIENTED_EDGE('',*,*,#803,.T.);
#1261=ORIENTED_EDGE('',*,*,#952,.T.);
#1262=ORIENTED_EDGE('',*,*,#809,.T.);
#1263=ORIENTED_EDGE('',*,*,#953,.T.);
#1264=ORIENTED_EDGE('',*,*,#909,.F.);
#1265=ORIENTED_EDGE('',*,*,#954,.T.);
#1266=ORIENTED_EDGE('',*,*,#913,.F.);
#1267=ORIENTED_EDGE('',*,*,#955,.T.);
#1268=ORIENTED_EDGE('',*,*,#811,.T.);
#1269=ORIENTED_EDGE('',*,*,#956,.T.);
#1270=ORIENTED_EDGE('',*,*,#817,.T.);
#1271=ORIENTED_EDGE('',*,*,#957,.T.);
#1272=ORIENTED_EDGE('',*,*,#915,.F.);
#1273=ORIENTED_EDGE('',*,*,#958,.T.);
#1274=ORIENTED_EDGE('',*,*,#919,.F.);
#1275=ORIENTED_EDGE('',*,*,#959,.T.);
#1276=ORIENTED_EDGE('',*,*,#819,.T.);
#1277=ORIENTED_EDGE('',*,*,#960,.T.);
#1278=ORIENTED_EDGE('',*,*,#825,.T.);
#1279=ORIENTED_EDGE('',*,*,#961,.T.);
#1280=ORIENTED_EDGE('',*,*,#921,.F.);
#1281=ORIENTED_EDGE('',*,*,#962,.T.);
#1282=ORIENTED_EDGE('',*,*,#925,.F.);
#1283=ORIENTED_EDGE('',*,*,#963,.T.);
#1284=ORIENTED_EDGE('',*,*,#827,.T.);
#1285=ORIENTED_EDGE('',*,*,#964,.T.);
#1286=ORIENTED_EDGE('',*,*,#833,.T.);
#1287=ORIENTED_EDGE('',*,*,#965,.T.);
#1288=ORIENTED_EDGE('',*,*,#927,.F.);
#1289=ORIENTED_EDGE('',*,*,#966,.T.);
#1290=ORIENTED_EDGE('',*,*,#931,.F.);
#1291=ORIENTED_EDGE('',*,*,#967,.T.);
#1292=ORIENTED_EDGE('',*,*,#835,.T.);
#1293=ORIENTED_EDGE('',*,*,#968,.F.);
#1294=ORIENTED_EDGE('',*,*,#934,.F.);
#1295=ORIENTED_EDGE('',*,*,#969,.T.);
#1296=ORIENTED_EDGE('',*,*,#841,.T.);
#1297=ORIENTED_EDGE('',*,*,#970,.T.);
#1298=ORIENTED_EDGE('',*,*,#971,.T.);
#1299=ORIENTED_EDGE('',*,*,#937,.F.);
#1300=ORIENTED_EDGE('',*,*,#972,.T.);
#1301=ORIENTED_EDGE('',*,*,#843,.T.);
#1302=ORIENTED_EDGE('',*,*,#973,.T.);
#1303=ORIENTED_EDGE('',*,*,#941,.F.);
#1304=ORIENTED_EDGE('',*,*,#974,.T.);
#1305=ORIENTED_EDGE('',*,*,#847,.T.);
#1306=ORIENTED_EDGE('',*,*,#975,.T.);
#1307=ORIENTED_EDGE('',*,*,#976,.T.);
#1308=ORIENTED_EDGE('',*,*,#977,.F.);
#1309=ORIENTED_EDGE('',*,*,#893,.F.);
#1310=ORIENTED_EDGE('',*,*,#796,.T.);
#1311=ORIENTED_EDGE('',*,*,#978,.T.);
#1312=ORIENTED_EDGE('',*,*,#979,.T.);
#1313=ORIENTED_EDGE('',*,*,#980,.F.);
#1314=ORIENTED_EDGE('',*,*,#943,.T.);
#1315=ORIENTED_EDGE('',*,*,#753,.T.);
#1316=ORIENTED_EDGE('',*,*,#766,.T.);
#1317=ORIENTED_EDGE('',*,*,#770,.T.);
#1318=ORIENTED_EDGE('',*,*,#777,.T.);
#1319=ORIENTED_EDGE('',*,*,#775,.T.);
#1320=ORIENTED_EDGE('',*,*,#779,.T.);
#1321=ORIENTED_EDGE('',*,*,#768,.T.);
#1322=ORIENTED_EDGE('',*,*,#788,.T.);
#1323=ORIENTED_EDGE('',*,*,#786,.T.);
#1324=ORIENTED_EDGE('',*,*,#784,.T.);
#1325=ORIENTED_EDGE('',*,*,#981,.F.);
#1326=ORIENTED_EDGE('',*,*,#970,.F.);
#1327=ORIENTED_EDGE('',*,*,#840,.F.);
#1328=ORIENTED_EDGE('',*,*,#885,.F.);
#1329=ORIENTED_EDGE('',*,*,#928,.F.);
#1330=ORIENTED_EDGE('',*,*,#965,.F.);
#1331=ORIENTED_EDGE('',*,*,#832,.F.);
#1332=ORIENTED_EDGE('',*,*,#879,.F.);
#1333=ORIENTED_EDGE('',*,*,#922,.F.);
#1334=ORIENTED_EDGE('',*,*,#961,.F.);
#1335=ORIENTED_EDGE('',*,*,#824,.F.);
#1336=ORIENTED_EDGE('',*,*,#873,.F.);
#1337=ORIENTED_EDGE('',*,*,#916,.F.);
#1338=ORIENTED_EDGE('',*,*,#957,.F.);
#1339=ORIENTED_EDGE('',*,*,#816,.F.);
#1340=ORIENTED_EDGE('',*,*,#867,.F.);
#1341=ORIENTED_EDGE('',*,*,#910,.F.);
#1342=ORIENTED_EDGE('',*,*,#953,.F.);
#1343=ORIENTED_EDGE('',*,*,#808,.F.);
#1344=ORIENTED_EDGE('',*,*,#861,.F.);
#1345=ORIENTED_EDGE('',*,*,#904,.F.);
#1346=ORIENTED_EDGE('',*,*,#949,.F.);
#1347=ORIENTED_EDGE('',*,*,#800,.F.);
#1348=ORIENTED_EDGE('',*,*,#855,.F.);
#1349=ORIENTED_EDGE('',*,*,#898,.F.);
#1350=ORIENTED_EDGE('',*,*,#945,.F.);
#1351=ORIENTED_EDGE('',*,*,#791,.F.);
#1352=ORIENTED_EDGE('',*,*,#852,.F.);
#1353=ORIENTED_EDGE('',*,*,#895,.F.);
#1354=ORIENTED_EDGE('',*,*,#758,.F.);
#1355=ORIENTED_EDGE('',*,*,#761,.F.);
#1356=ORIENTED_EDGE('',*,*,#750,.F.);
#1357=ORIENTED_EDGE('',*,*,#755,.F.);
#1358=ORIENTED_EDGE('',*,*,#942,.F.);
#1359=ORIENTED_EDGE('',*,*,#980,.T.);
#1360=ORIENTED_EDGE('',*,*,#982,.T.);
#1361=ORIENTED_EDGE('',*,*,#983,.F.);
#1362=ORIENTED_EDGE('',*,*,#982,.F.);
#1363=ORIENTED_EDGE('',*,*,#979,.F.);
#1364=ORIENTED_EDGE('',*,*,#984,.T.);
#1365=ORIENTED_EDGE('',*,*,#985,.F.);
#1366=ORIENTED_EDGE('',*,*,#986,.F.);
#1367=ORIENTED_EDGE('',*,*,#975,.F.);
#1368=ORIENTED_EDGE('',*,*,#752,.F.);
#1369=ORIENTED_EDGE('',*,*,#748,.F.);
#1370=ORIENTED_EDGE('',*,*,#760,.F.);
#1371=ORIENTED_EDGE('',*,*,#756,.F.);
#1372=ORIENTED_EDGE('',*,*,#894,.F.);
#1373=ORIENTED_EDGE('',*,*,#850,.F.);
#1374=ORIENTED_EDGE('',*,*,#789,.F.);
#1375=ORIENTED_EDGE('',*,*,#944,.F.);
#1376=ORIENTED_EDGE('',*,*,#896,.F.);
#1377=ORIENTED_EDGE('',*,*,#853,.F.);
#1378=ORIENTED_EDGE('',*,*,#798,.F.);
#1379=ORIENTED_EDGE('',*,*,#948,.F.);
#1380=ORIENTED_EDGE('',*,*,#902,.F.);
#1381=ORIENTED_EDGE('',*,*,#859,.F.);
#1382=ORIENTED_EDGE('',*,*,#806,.F.);
#1383=ORIENTED_EDGE('',*,*,#952,.F.);
#1384=ORIENTED_EDGE('',*,*,#908,.F.);
#1385=ORIENTED_EDGE('',*,*,#865,.F.);
#1386=ORIENTED_EDGE('',*,*,#814,.F.);
#1387=ORIENTED_EDGE('',*,*,#956,.F.);
#1388=ORIENTED_EDGE('',*,*,#914,.F.);
#1389=ORIENTED_EDGE('',*,*,#871,.F.);
#1390=ORIENTED_EDGE('',*,*,#822,.F.);
#1391=ORIENTED_EDGE('',*,*,#960,.F.);
#1392=ORIENTED_EDGE('',*,*,#920,.F.);
#1393=ORIENTED_EDGE('',*,*,#877,.F.);
#1394=ORIENTED_EDGE('',*,*,#830,.F.);
#1395=ORIENTED_EDGE('',*,*,#964,.F.);
#1396=ORIENTED_EDGE('',*,*,#926,.F.);
#1397=ORIENTED_EDGE('',*,*,#883,.F.);
#1398=ORIENTED_EDGE('',*,*,#838,.F.);
#1399=ORIENTED_EDGE('',*,*,#969,.F.);
#1400=ORIENTED_EDGE('',*,*,#933,.F.);
#1401=ORIENTED_EDGE('',*,*,#987,.F.);
#1402=ORIENTED_EDGE('',*,*,#984,.F.);
#1403=ORIENTED_EDGE('',*,*,#978,.F.);
#1404=ORIENTED_EDGE('',*,*,#795,.F.);
#1405=ORIENTED_EDGE('',*,*,#947,.F.);
#1406=ORIENTED_EDGE('',*,*,#900,.F.);
#1407=ORIENTED_EDGE('',*,*,#857,.F.);
#1408=ORIENTED_EDGE('',*,*,#804,.F.);
#1409=ORIENTED_EDGE('',*,*,#951,.F.);
#1410=ORIENTED_EDGE('',*,*,#906,.F.);
#1411=ORIENTED_EDGE('',*,*,#863,.F.);
#1412=ORIENTED_EDGE('',*,*,#812,.F.);
#1413=ORIENTED_EDGE('',*,*,#955,.F.);
#1414=ORIENTED_EDGE('',*,*,#912,.F.);
#1415=ORIENTED_EDGE('',*,*,#869,.F.);
#1416=ORIENTED_EDGE('',*,*,#820,.F.);
#1417=ORIENTED_EDGE('',*,*,#959,.F.);
#1418=ORIENTED_EDGE('',*,*,#918,.F.);
#1419=ORIENTED_EDGE('',*,*,#875,.F.);
#1420=ORIENTED_EDGE('',*,*,#828,.F.);
#1421=ORIENTED_EDGE('',*,*,#963,.F.);
#1422=ORIENTED_EDGE('',*,*,#924,.F.);
#1423=ORIENTED_EDGE('',*,*,#881,.F.);
#1424=ORIENTED_EDGE('',*,*,#836,.F.);
#1425=ORIENTED_EDGE('',*,*,#967,.F.);
#1426=ORIENTED_EDGE('',*,*,#930,.F.);
#1427=ORIENTED_EDGE('',*,*,#887,.F.);
#1428=ORIENTED_EDGE('',*,*,#844,.F.);
#1429=ORIENTED_EDGE('',*,*,#972,.F.);
#1430=ORIENTED_EDGE('',*,*,#936,.F.);
#1431=ORIENTED_EDGE('',*,*,#890,.F.);
#1432=ORIENTED_EDGE('',*,*,#848,.F.);
#1433=ORIENTED_EDGE('',*,*,#974,.F.);
#1434=ORIENTED_EDGE('',*,*,#940,.F.);
#1435=ORIENTED_EDGE('',*,*,#988,.F.);
#1436=ORIENTED_EDGE('',*,*,#989,.F.);
#1437=ORIENTED_EDGE('',*,*,#990,.F.);
#1438=ORIENTED_EDGE('',*,*,#989,.T.);
#1439=ORIENTED_EDGE('',*,*,#991,.F.);
#1440=ORIENTED_EDGE('',*,*,#992,.F.);
#1441=ORIENTED_EDGE('',*,*,#991,.T.);
#1442=ORIENTED_EDGE('',*,*,#988,.T.);
#1443=ORIENTED_EDGE('',*,*,#939,.T.);
#1444=ORIENTED_EDGE('',*,*,#993,.T.);
#1445=ORIENTED_EDGE('',*,*,#994,.F.);
#1446=ORIENTED_EDGE('',*,*,#993,.F.);
#1447=ORIENTED_EDGE('',*,*,#938,.F.);
#1448=ORIENTED_EDGE('',*,*,#973,.F.);
#1449=ORIENTED_EDGE('',*,*,#846,.F.);
#1450=ORIENTED_EDGE('',*,*,#889,.F.);
#1451=ORIENTED_EDGE('',*,*,#935,.F.);
#1452=ORIENTED_EDGE('',*,*,#971,.F.);
#1453=ORIENTED_EDGE('',*,*,#842,.F.);
#1454=ORIENTED_EDGE('',*,*,#886,.F.);
#1455=ORIENTED_EDGE('',*,*,#929,.F.);
#1456=ORIENTED_EDGE('',*,*,#966,.F.);
#1457=ORIENTED_EDGE('',*,*,#834,.F.);
#1458=ORIENTED_EDGE('',*,*,#880,.F.);
#1459=ORIENTED_EDGE('',*,*,#923,.F.);
#1460=ORIENTED_EDGE('',*,*,#962,.F.);
#1461=ORIENTED_EDGE('',*,*,#826,.F.);
#1462=ORIENTED_EDGE('',*,*,#874,.F.);
#1463=ORIENTED_EDGE('',*,*,#917,.F.);
#1464=ORIENTED_EDGE('',*,*,#958,.F.);
#1465=ORIENTED_EDGE('',*,*,#818,.F.);
#1466=ORIENTED_EDGE('',*,*,#868,.F.);
#1467=ORIENTED_EDGE('',*,*,#911,.F.);
#1468=ORIENTED_EDGE('',*,*,#954,.F.);
#1469=ORIENTED_EDGE('',*,*,#810,.F.);
#1470=ORIENTED_EDGE('',*,*,#862,.F.);
#1471=ORIENTED_EDGE('',*,*,#905,.F.);
#1472=ORIENTED_EDGE('',*,*,#950,.F.);
#1473=ORIENTED_EDGE('',*,*,#802,.F.);
#1474=ORIENTED_EDGE('',*,*,#856,.F.);
#1475=ORIENTED_EDGE('',*,*,#899,.F.);
#1476=ORIENTED_EDGE('',*,*,#946,.F.);
#1477=ORIENTED_EDGE('',*,*,#793,.F.);
#1478=ORIENTED_EDGE('',*,*,#892,.F.);
#1479=ORIENTED_EDGE('',*,*,#977,.T.);
#1480=ORIENTED_EDGE('',*,*,#995,.T.);
#1481=ORIENTED_EDGE('',*,*,#996,.F.);
#1482=ORIENTED_EDGE('',*,*,#995,.F.);
#1483=ORIENTED_EDGE('',*,*,#976,.F.);
#1484=ORIENTED_EDGE('',*,*,#986,.T.);
#1485=ORIENTED_EDGE('',*,*,#987,.T.);
#1486=ORIENTED_EDGE('',*,*,#990,.T.);
#1487=ORIENTED_EDGE('',*,*,#992,.T.);
#1488=ORIENTED_EDGE('',*,*,#994,.T.);
#1489=ORIENTED_EDGE('',*,*,#996,.T.);
#1490=ORIENTED_EDGE('',*,*,#985,.T.);
#1491=ORIENTED_EDGE('',*,*,#932,.T.);
#1492=ORIENTED_EDGE('',*,*,#968,.T.);
#1493=ORIENTED_EDGE('',*,*,#981,.T.);
#1494=ORIENTED_EDGE('',*,*,#983,.T.);
#1495=CYLINDRICAL_SURFACE('',#1614,7.15);
#1496=CYLINDRICAL_SURFACE('',#1631,7.15);
#1497=CYLINDRICAL_SURFACE('',#1632,7.15);
#1498=CYLINDRICAL_SURFACE('',#1633,7.15);
#1499=CYLINDRICAL_SURFACE('',#1634,7.15);
#1500=CYLINDRICAL_SURFACE('',#1635,7.15);
#1501=CYLINDRICAL_SURFACE('',#1636,7.15);
#1502=CYLINDRICAL_SURFACE('',#1637,7.15);
#1503=CYLINDRICAL_SURFACE('',#1638,7.15);
#1504=CYLINDRICAL_SURFACE('',#1639,7.15);
#1505=CYLINDRICAL_SURFACE('',#1640,7.15);
#1506=CYLINDRICAL_SURFACE('',#1641,7.15);
#1507=CYLINDRICAL_SURFACE('',#1642,7.15);
#1508=CYLINDRICAL_SURFACE('',#1643,7.15);
#1509=CYLINDRICAL_SURFACE('',#1644,7.15);
#1510=CYLINDRICAL_SURFACE('',#1645,7.15);
#1511=CYLINDRICAL_SURFACE('',#1652,7.15);
#1512=ADVANCED_FACE('',(#98),#1495,.T.);
#1513=ADVANCED_FACE('',(#99),#47,.F.);
#1514=ADVANCED_FACE('',(#100),#48,.F.);
#1515=ADVANCED_FACE('',(#101),#49,.F.);
#1516=ADVANCED_FACE('',(#102),#29,.F.);
#1517=ADVANCED_FACE('',(#103),#21,.T.);
#1518=ADVANCED_FACE('',(#104),#30,.T.);
#1519=ADVANCED_FACE('',(#105),#31,.T.);
#1520=ADVANCED_FACE('',(#106),#32,.F.);
#1521=ADVANCED_FACE('',(#107),#22,.T.);
#1522=ADVANCED_FACE('',(#108),#33,.T.);
#1523=ADVANCED_FACE('',(#109),#34,.T.);
#1524=ADVANCED_FACE('',(#110),#35,.F.);
#1525=ADVANCED_FACE('',(#111),#36,.T.);
#1526=ADVANCED_FACE('',(#112),#37,.T.);
#1527=ADVANCED_FACE('',(#113),#38,.T.);
#1528=ADVANCED_FACE('',(#114),#50,.F.);
#1529=ADVANCED_FACE('',(#115),#51,.F.);
#1530=ADVANCED_FACE('',(#116),#52,.F.);
#1531=ADVANCED_FACE('',(#117),#53,.F.);
#1532=ADVANCED_FACE('',(#118),#54,.F.);
#1533=ADVANCED_FACE('',(#119),#55,.F.);
#1534=ADVANCED_FACE('',(#120),#56,.F.);
#1535=ADVANCED_FACE('',(#121),#57,.F.);
#1536=ADVANCED_FACE('',(#122),#58,.F.);
#1537=ADVANCED_FACE('',(#123),#59,.F.);
#1538=ADVANCED_FACE('',(#124),#60,.F.);
#1539=ADVANCED_FACE('',(#125),#61,.F.);
#1540=ADVANCED_FACE('',(#126),#62,.F.);
#1541=ADVANCED_FACE('',(#127),#63,.F.);
#1542=ADVANCED_FACE('',(#128),#64,.F.);
#1543=ADVANCED_FACE('',(#129),#1496,.T.);
#1544=ADVANCED_FACE('',(#130),#1497,.T.);
#1545=ADVANCED_FACE('',(#131),#1498,.T.);
#1546=ADVANCED_FACE('',(#132),#1499,.T.);
#1547=ADVANCED_FACE('',(#133),#1500,.T.);
#1548=ADVANCED_FACE('',(#134),#1501,.T.);
#1549=ADVANCED_FACE('',(#135),#1502,.T.);
#1550=ADVANCED_FACE('',(#136),#1503,.T.);
#1551=ADVANCED_FACE('',(#137),#1504,.T.);
#1552=ADVANCED_FACE('',(#138),#1505,.T.);
#1553=ADVANCED_FACE('',(#139),#1506,.T.);
#1554=ADVANCED_FACE('',(#140),#1507,.T.);
#1555=ADVANCED_FACE('',(#141),#1508,.T.);
#1556=ADVANCED_FACE('',(#142),#1509,.T.);
#1557=ADVANCED_FACE('',(#143),#1510,.T.);
#1558=ADVANCED_FACE('',(#144),#65,.F.);
#1559=ADVANCED_FACE('',(#145),#66,.F.);
#1560=ADVANCED_FACE('',(#146),#67,.F.);
#1561=ADVANCED_FACE('',(#147),#68,.F.);
#1562=ADVANCED_FACE('',(#148),#69,.F.);
#1563=ADVANCED_FACE('',(#149),#70,.F.);
#1564=ADVANCED_FACE('',(#150),#71,.F.);
#1565=ADVANCED_FACE('',(#151),#72,.F.);
#1566=ADVANCED_FACE('',(#152),#73,.F.);
#1567=ADVANCED_FACE('',(#153),#74,.F.);
#1568=ADVANCED_FACE('',(#154),#75,.F.);
#1569=ADVANCED_FACE('',(#155),#76,.F.);
#1570=ADVANCED_FACE('',(#156),#77,.F.);
#1571=ADVANCED_FACE('',(#157),#78,.F.);
#1572=ADVANCED_FACE('',(#158),#79,.F.);
#1573=ADVANCED_FACE('',(#159),#80,.F.);
#1574=ADVANCED_FACE('',(#160),#81,.F.);
#1575=ADVANCED_FACE('',(#161),#82,.F.);
#1576=ADVANCED_FACE('',(#162),#83,.F.);
#1577=ADVANCED_FACE('',(#163),#84,.F.);
#1578=ADVANCED_FACE('',(#164),#85,.F.);
#1579=ADVANCED_FACE('',(#165),#86,.F.);
#1580=ADVANCED_FACE('',(#166),#87,.F.);
#1581=ADVANCED_FACE('',(#167),#88,.F.);
#1582=ADVANCED_FACE('',(#168),#89,.F.);
#1583=ADVANCED_FACE('',(#169),#90,.F.);
#1584=ADVANCED_FACE('',(#170),#91,.F.);
#1585=ADVANCED_FACE('',(#171),#92,.F.);
#1586=ADVANCED_FACE('',(#172),#93,.F.);
#1587=ADVANCED_FACE('',(#173),#94,.F.);
#1588=ADVANCED_FACE('',(#174),#95,.F.);
#1589=ADVANCED_FACE('',(#175),#96,.F.);
#1590=ADVANCED_FACE('',(#176,#15,#16),#39,.F.);
#1591=ADVANCED_FACE('',(#177),#40,.T.);
#1592=ADVANCED_FACE('',(#178),#41,.T.);
#1593=ADVANCED_FACE('',(#179),#42,.T.);
#1594=ADVANCED_FACE('',(#180),#43,.T.);
#1595=ADVANCED_FACE('',(#181),#97,.F.);
#1596=ADVANCED_FACE('',(#182),#1511,.T.);
#1597=ADVANCED_FACE('',(#183),#44,.T.);
#1598=ADVANCED_FACE('',(#184),#45,.T.);
#1599=ADVANCED_FACE('',(#185),#46,.T.);
#1600=CLOSED_SHELL('',(#1512,#1513,#1514,#1515,#1516,#1517,#1518,#1519,
#1520,#1521,#1522,#1523,#1524,#1525,#1526,#1527,#1528,#1529,#1530,#1531,
#1532,#1533,#1534,#1535,#1536,#1537,#1538,#1539,#1540,#1541,#1542,#1543,
#1544,#1545,#1546,#1547,#1548,#1549,#1550,#1551,#1552,#1553,#1554,#1555,
#1556,#1557,#1558,#1559,#1560,#1561,#1562,#1563,#1564,#1565,#1566,#1567,
#1568,#1569,#1570,#1571,#1572,#1573,#1574,#1575,#1576,#1577,#1578,#1579,
#1580,#1581,#1582,#1583,#1584,#1585,#1586,#1587,#1588,#1589,#1590,#1591,
#1592,#1593,#1594,#1595,#1596,#1597,#1598,#1599));
#1601=DERIVED_UNIT_ELEMENT(#1603,1.);
#1602=DERIVED_UNIT_ELEMENT(#6533,-3.);
#1603=(
MASS_UNIT()
NAMED_UNIT(*)
SI_UNIT(.KILO.,.GRAM.)
);
#1604=DERIVED_UNIT((#1601,#1602));
#1605=MEASURE_REPRESENTATION_ITEM('density measure',
POSITIVE_RATIO_MEASURE(1541.),#1604);
#1606=PROPERTY_DEFINITION_REPRESENTATION(#1611,#1608);
#1607=PROPERTY_DEFINITION_REPRESENTATION(#1612,#1609);
#1608=REPRESENTATION('material name',(#1610),#6530);
#1609=REPRESENTATION('density',(#1605),#6530);
#1610=DESCRIPTIVE_REPRESENTATION_ITEM('PET Plastic','PET Plastic');
#1611=PROPERTY_DEFINITION('material property','material name',#6540);
#1612=PROPERTY_DEFINITION('material property','density of part',#6540);
#1613=AXIS2_PLACEMENT_3D('',#1813,#1657,#1658);
#1614=AXIS2_PLACEMENT_3D('',#1814,#1659,#1660);
#1615=AXIS2_PLACEMENT_3D('',#2097,#1663,#1664);
#1616=AXIS2_PLACEMENT_3D('',#2102,#1666,#1667);
#1617=AXIS2_PLACEMENT_3D('',#2104,#1669,#1670);
#1618=AXIS2_PLACEMENT_3D('',#2110,#1671,#1672);
#1619=AXIS2_PLACEMENT_3D('',#2114,#1673,#1674);
#1620=AXIS2_PLACEMENT_3D('',#2118,#1677,#1678);
#1621=AXIS2_PLACEMENT_3D('',#2120,#1680,#1681);
#1622=AXIS2_PLACEMENT_3D('',#2125,#1683,#1684);
#1623=AXIS2_PLACEMENT_3D('',#2127,#1686,#1687);
#1624=AXIS2_PLACEMENT_3D('',#2133,#1688,#1689);
#1625=AXIS2_PLACEMENT_3D('',#2137,#1690,#1691);
#1626=AXIS2_PLACEMENT_3D('',#2140,#1694,#1695);
#1627=AXIS2_PLACEMENT_3D('',#2142,#1697,#1698);
#1628=AXIS2_PLACEMENT_3D('',#2149,#1702,#1703);
#1629=AXIS2_PLACEMENT_3D('',#2155,#1707,#1708);
#1630=AXIS2_PLACEMENT_3D('',#2159,#1711,#1712);
#1631=AXIS2_PLACEMENT_3D('',#3917,#1714,#1715);
#1632=AXIS2_PLACEMENT_3D('',#3935,#1718,#1719);
#1633=AXIS2_PLACEMENT_3D('',#3953,#1722,#1723);
#1634=AXIS2_PLACEMENT_3D('',#3971,#1726,#1727);
#1635=AXIS2_PLACEMENT_3D('',#3989,#1730,#1731);
#1636=AXIS2_PLACEMENT_3D('',#4007,#1734,#1735);
#1637=AXIS2_PLACEMENT_3D('',#4025,#1738,#1739);
#1638=AXIS2_PLACEMENT_3D('',#4046,#1742,#1743);
#1639=AXIS2_PLACEMENT_3D('',#4064,#1746,#1747);
#1640=AXIS2_PLACEMENT_3D('',#4082,#1750,#1751);
#1641=AXIS2_PLACEMENT_3D('',#4100,#1754,#1755);
#1642=AXIS2_PLACEMENT_3D('',#4118,#1758,#1759);
#1643=AXIS2_PLACEMENT_3D('',#4136,#1762,#1763);
#1644=AXIS2_PLACEMENT_3D('',#4154,#1766,#1767);
#1645=AXIS2_PLACEMENT_3D('',#4172,#1770,#1771);
#1646=AXIS2_PLACEMENT_3D('',#4175,#1773,#1774);
#1647=AXIS2_PLACEMENT_3D('',#6368,#1775,#1776);
#1648=AXIS2_PLACEMENT_3D('',#6379,#1783,#1784);
#1649=AXIS2_PLACEMENT_3D('',#6383,#1787,#1788);
#1650=AXIS2_PLACEMENT_3D('',#6387,#1791,#1792);
#1651=AXIS2_PLACEMENT_3D('',#6391,#1795,#1796);
#1652=AXIS2_PLACEMENT_3D('',#6517,#1799,#1800);
#1653=AXIS2_PLACEMENT_3D('',#6519,#1801,#1802);
#1654=AXIS2_PLACEMENT_3D('',#6521,#1804,#1805);
#1655=AXIS2_PLACEMENT_3D('',#6525,#1808,#1809);
#1656=AXIS2_PLACEMENT_3D('',#6527,#1811,#1812);
#1657=DIRECTION('axis',(0.,0.,1.));
#1658=DIRECTION('refdir',(1.,0.,0.));
#1659=DIRECTION('center_axis',(0.,0.,-1.));
#1660=DIRECTION('ref_axis',(1.,-2.31516437722533E-13,0.));
#1661=DIRECTION('',(0.,0.,1.));
#1662=DIRECTION('',(0.,0.,-1.));
#1663=DIRECTION('center_axis',(0.,0.,-1.));
#1664=DIRECTION('ref_axis',(-2.22044604925031E-16,1.,0.));
#1665=DIRECTION('',(-1.,-1.87350135405495E-16,0.));
#1666=DIRECTION('center_axis',(0.,0.,-1.));
#1667=DIRECTION('ref_axis',(-2.22044604925031E-16,1.,0.));
#1668=DIRECTION('',(-1.87350135405495E-16,1.,0.));
#1669=DIRECTION('center_axis',(0.,0.,-1.));
#1670=DIRECTION('ref_axis',(-2.22044604925031E-16,1.,0.));
#1671=DIRECTION('center_axis',(0.,0.,-1.));
#1672=DIRECTION('ref_axis',(-2.22044604925031E-16,1.,0.));
#1673=DIRECTION('center_axis',(-0.707106781186548,-1.32476551201444E-16,
0.707106781186548));
#1674=DIRECTION('ref_axis',(1.87350135405495E-16,-1.,0.));
#1675=DIRECTION('',(-1.87350135405495E-16,1.,0.));
#1676=DIRECTION('',(0.577350269189626,0.577350269189626,0.577350269189626));
#1677=DIRECTION('center_axis',(1.32476551201444E-16,-0.707106781186548,
0.707106781186547));
#1678=DIRECTION('ref_axis',(1.,1.87350135405495E-16,0.));
#1679=DIRECTION('',(-1.,-1.87350135405495E-16,0.));
#1680=DIRECTION('center_axis',(0.,0.,-1.));
#1681=DIRECTION('ref_axis',(-2.22044604925031E-16,1.,0.));
#1682=DIRECTION('',(1.,1.87350135405495E-16,0.));
#1683=DIRECTION('center_axis',(0.,0.,-1.));
#1684=DIRECTION('ref_axis',(-2.22044604925031E-16,1.,0.));
#1685=DIRECTION('',(1.87350135405495E-16,-1.,0.));
#1686=DIRECTION('center_axis',(0.,0.,-1.));
#1687=DIRECTION('ref_axis',(-2.22044604925031E-16,1.,0.));
#1688=DIRECTION('center_axis',(0.,0.,-1.));
#1689=DIRECTION('ref_axis',(-2.22044604925031E-16,1.,0.));
#1690=DIRECTION('center_axis',(0.707106781186548,1.32476551201444E-16,0.707106781186547));
#1691=DIRECTION('ref_axis',(-1.87350135405495E-16,1.,0.));
#1692=DIRECTION('',(1.87350135405495E-16,-1.,0.));
#1693=DIRECTION('',(-0.577350269189626,-0.577350269189626,0.577350269189626));
#1694=DIRECTION('center_axis',(-1.32476551201443E-16,0.707106781186547,
0.707106781186548));
#1695=DIRECTION('ref_axis',(-1.,-1.87350135405495E-16,0.));
#1696=DIRECTION('',(1.,1.87350135405495E-16,0.));
#1697=DIRECTION('center_axis',(0.,0.,-1.));
#1698=DIRECTION('ref_axis',(-2.22044604925031E-16,1.,0.));
#1699=DIRECTION('',(0.447213595497817,0.894427191000986,0.));
#1700=DIRECTION('',(-1.,3.81783493709314E-12,0.));
#1701=DIRECTION('',(0.44721359550141,-0.89442719099919,0.));
#1702=DIRECTION('center_axis',(-2.69961697346947E-12,-0.707106781186547,
0.707106781186548));
#1703=DIRECTION('ref_axis',(1.,-3.81783493709314E-12,0.));
#1704=DIRECTION('',(0.752937760164188,0.465341127193944,0.465341127196818));
#1705=DIRECTION('',(-1.,3.81783493709314E-12,0.));
#1706=DIRECTION('',(-0.752937760164883,0.465341127196256,0.465341127193381));
#1707=DIRECTION('center_axis',(0.632455532033162,0.316227766017865,0.707106781186548));
#1708=DIRECTION('ref_axis',(-0.44721359550141,0.89442719099919,0.));
#1709=DIRECTION('',(0.44721359550141,-0.89442719099919,0.));
#1710=DIRECTION('',(1.83401032348081E-12,-0.912870929175394,0.408248290463601));
#1711=DIRECTION('center_axis',(-0.632455532034432,0.316227766015324,0.707106781186548));
#1712=DIRECTION('ref_axis',(-0.447213595497817,-0.894427191000986,0.));
#1713=DIRECTION('',(0.447213595497817,0.894427191000986,0.));
#1714=DIRECTION('center_axis',(0.,0.,-1.));
#1715=DIRECTION('ref_axis',(1.,-2.68937941070038E-13,0.));
#1716=DIRECTION('',(0.,0.,1.));
#1717=DIRECTION('',(0.,0.,-1.));
#1718=DIRECTION('center_axis',(0.,0.,-1.));
#1719=DIRECTION('ref_axis',(1.,-2.31516437722533E-13,0.));
#1720=DIRECTION('',(0.,0.,1.));
#1721=DIRECTION('',(0.,0.,-1.));
#1722=DIRECTION('center_axis',(0.,0.,-1.));
#1723=DIRECTION('ref_axis',(-0.64278760968654,0.766044443118978,0.));
#1724=DIRECTION('',(0.,0.,-1.));
#1725=DIRECTION('',(0.,0.,1.));
#1726=DIRECTION('center_axis',(0.,0.,-1.));
#1727=DIRECTION('ref_axis',(1.,-1.09935370830015E-13,0.));
#1728=DIRECTION('',(0.,0.,1.));
#1729=DIRECTION('',(0.,0.,-1.));
#1730=DIRECTION('center_axis',(0.,0.,-1.));
#1731=DIRECTION('ref_axis',(-0.64278760968654,0.766044443118978,0.));
#1732=DIRECTION('',(0.,0.,-1.));
#1733=DIRECTION('',(0.,0.,1.));
#1734=DIRECTION('center_axis',(0.,0.,-1.));
#1735=DIRECTION('ref_axis',(1.,5.89272220762583E-14,0.));
#1736=DIRECTION('',(0.,0.,1.));
#1737=DIRECTION('',(0.,0.,-1.));
#1738=DIRECTION('center_axis',(0.,0.,-1.));
#1739=DIRECTION('ref_axis',(-0.64278760968654,0.766044443118978,0.));
#1740=DIRECTION('',(0.,0.,-1.));
#1741=DIRECTION('',(0.,0.,1.));
#1742=DIRECTION('center_axis',(0.,0.,-1.));
#1743=DIRECTION('ref_axis',(1.,2.06284096253779E-13,0.));
#1744=DIRECTION('',(0.,0.,1.));
#1745=DIRECTION('',(0.,0.,-1.));
#1746=DIRECTION('center_axis',(0.,0.,-1.));
#1747=DIRECTION('ref_axis',(-0.64278760968654,0.766044443118978,0.));
#1748=DIRECTION('',(0.,0.,-1.));
#1749=DIRECTION('',(0.,0.,1.));
#1750=DIRECTION('center_axis',(0.,0.,-1.));
#1751=DIRECTION('ref_axis',(1.,2.67540457542538E-13,0.));
#1752=DIRECTION('',(0.,0.,1.));
#1753=DIRECTION('',(0.,0.,-1.));
#1754=DIRECTION('center_axis',(0.,0.,-1.));
#1755=DIRECTION('ref_axis',(-0.64278760968654,0.766044443118978,0.));
#1756=DIRECTION('',(0.,0.,-1.));
#1757=DIRECTION('',(0.,0.,1.));
#1758=DIRECTION('center_axis',(0.,0.,-1.));
#1759=DIRECTION('ref_axis',(1.,2.30740057985033E-13,0.));
#1760=DIRECTION('',(0.,0.,1.));
#1761=DIRECTION('',(0.,0.,-1.));
#1762=DIRECTION('center_axis',(0.,0.,-1.));
#1763=DIRECTION('ref_axis',(-0.64278760968654,0.766044443118978,0.));
#1764=DIRECTION('',(0.,0.,-1.));
#1765=DIRECTION('',(0.,0.,1.));
#1766=DIRECTION('center_axis',(0.,0.,-1.));
#1767=DIRECTION('ref_axis',(-0.64278760968654,0.766044443118978,0.));
#1768=DIRECTION('',(0.,0.,-1.));
#1769=DIRECTION('',(0.,0.,1.));
#1770=DIRECTION('center_axis',(0.,0.,-1.));
#1771=DIRECTION('ref_axis',(-0.64278760968654,0.766044443118978,0.));
#1772=DIRECTION('',(0.,0.,-1.));
#1773=DIRECTION('center_axis',(0.,0.,-1.));
#1774=DIRECTION('ref_axis',(-0.64278760968654,0.766044443118978,0.));
#1775=DIRECTION('center_axis',(0.,0.,-1.));
#1776=DIRECTION('ref_axis',(-0.642787609686539,0.766044443118978,0.));
#1777=DIRECTION('',(-0.707106781186548,0.707106781186547,0.));
#1778=DIRECTION('',(-1.,-2.22044604925031E-16,0.));
#1779=DIRECTION('',(0.707106781186547,0.707106781186548,0.));
#1780=DIRECTION('',(0.707106781186547,-0.707106781186548,0.));
#1781=DIRECTION('',(1.,1.0834607111006E-15,0.));
#1782=DIRECTION('',(-0.707106781186548,-0.707106781186547,0.));
#1783=DIRECTION('center_axis',(0.707106781186547,-0.707106781186548,0.));
#1784=DIRECTION('ref_axis',(-0.707106781186548,-0.707106781186547,0.));
#1785=DIRECTION('',(-0.707106781186548,-0.707106781186547,0.));
#1786=DIRECTION('',(0.,0.,-1.));
#1787=DIRECTION('center_axis',(1.0834607111006E-15,-1.,0.));
#1788=DIRECTION('ref_axis',(-1.,-1.0834607111006E-15,0.));
#1789=DIRECTION('',(-1.,-1.0834607111006E-15,0.));
#1790=DIRECTION('',(0.,0.,-1.));
#1791=DIRECTION('center_axis',(0.707106781186547,0.707106781186548,0.));
#1792=DIRECTION('ref_axis',(0.707106781186548,-0.707106781186547,0.));
#1793=DIRECTION('',(0.707106781186548,-0.707106781186547,0.));
#1794=DIRECTION('',(0.,0.,-1.));
#1795=DIRECTION('center_axis',(-0.707106781186548,-0.707106781186547,0.));
#1796=DIRECTION('ref_axis',(-0.707106781186547,0.707106781186548,0.));
#1797=DIRECTION('',(-0.707106781186547,0.707106781186548,0.));
#1798=DIRECTION('',(0.,0.,1.));
#1799=DIRECTION('center_axis',(0.,0.,-1.));
#1800=DIRECTION('ref_axis',(-0.64278760968654,0.766044443118978,0.));
#1801=DIRECTION('center_axis',(0.,0.,-1.));
#1802=DIRECTION('ref_axis',(-0.64278760968654,0.766044443118978,0.));
#1803=DIRECTION('',(0.,0.,-1.));
#1804=DIRECTION('center_axis',(-0.707106781186548,0.707106781186547,0.));
#1805=DIRECTION('ref_axis',(0.707106781186547,0.707106781186548,0.));
#1806=DIRECTION('',(0.707106781186547,0.707106781186548,0.));
#1807=DIRECTION('',(0.,0.,-1.));
#1808=DIRECTION('center_axis',(-2.22044604925031E-16,1.,0.));
#1809=DIRECTION('ref_axis',(1.,2.22044604925031E-16,0.));
#1810=DIRECTION('',(1.,2.22044604925031E-16,0.));
#1811=DIRECTION('center_axis',(0.,0.,-1.));
#1812=DIRECTION('ref_axis',(-2.22044604925031E-16,1.,0.));
#1813=CARTESIAN_POINT('',(0.,0.,0.));
#1814=CARTESIAN_POINT('Origin',(0.,0.,0.));
#1815=CARTESIAN_POINT('',(1.96381155085423,6.87502321397763,-0.773104952766008));
#1816=CARTESIAN_POINT('',(1.96381155085376,6.8750232139779,-0.148104954561079));
#1817=CARTESIAN_POINT('',(1.96381155085418,6.87502321397766,0.));
#1818=CARTESIAN_POINT('',(1.96381155085199,-6.8750232139789,-1.43383948002665));
#1819=CARTESIAN_POINT('Ctrl Pts',(1.96381155085333,6.87502321397618,-0.148104954559362));
#1820=CARTESIAN_POINT('Ctrl Pts',(2.81013432349679,6.63327589401241,-0.209330408152932));
#1821=CARTESIAN_POINT('Ctrl Pts',(3.61401951957426,6.23692673583853,-0.270555861746502));
#1822=CARTESIAN_POINT('Ctrl Pts',(4.31524841085237,5.70585148763707,-0.331781315340072));
#1823=CARTESIAN_POINT('Ctrl Pts',(5.71770619340936,4.64370099123358,-0.454232222527279));
#1824=CARTESIAN_POINT('Ctrl Pts',(6.70953875676848,3.04264613471922,-0.576683129714485));
#1825=CARTESIAN_POINT('Ctrl Pts',(7.03173969554579,1.31558340735422,-0.699134036901692));
#1826=CARTESIAN_POINT('Ctrl Pts',(7.3539406343231,-0.411479320010792,-0.821584944088899));
#1827=CARTESIAN_POINT('Ctrl Pts',(7.00650994851859,-2.26454991822645,-0.944035851276105));
#1828=CARTESIAN_POINT('Ctrl Pts',(6.08213906397256,-3.75956223173616,-1.06648675846331));
#1829=CARTESIAN_POINT('Ctrl Pts',(5.15776817942654,-5.25457454524587,-1.18893766565052));
#1830=CARTESIAN_POINT('Ctrl Pts',(3.65645709613899,-6.39152857404962,-1.31138857283773));
#1831=CARTESIAN_POINT('Ctrl Pts',(1.96381155085099,-6.87502321397685,-1.43383948002493));
#1832=CARTESIAN_POINT('',(1.96381155085116,-6.87502321397937,-2.05883947823161));
#1833=CARTESIAN_POINT('',(1.96381155085419,-6.87502321397766,0.));
#1834=CARTESIAN_POINT('Ctrl Pts',(1.96381155085047,-6.87502321397861,-2.05883947823173));
#1835=CARTESIAN_POINT('Ctrl Pts',(3.65645709613895,-6.3915285740515,-1.93638857104452));
#1836=CARTESIAN_POINT('Ctrl Pts',(5.15775982741193,-5.25454081078599,-1.81393766385731));
#1837=CARTESIAN_POINT('Ctrl Pts',(6.08212841173853,-3.75951702762817,-1.6914867566701));
#1838=CARTESIAN_POINT('Ctrl Pts',(7.00649699606513,-2.26449324447036,-1.56903584948289));
#1839=CARTESIAN_POINT('Ctrl Pts',(7.35393143344535,-0.411433441420228,-1.44658494229568));
#1840=CARTESIAN_POINT('Ctrl Pts',(7.03173324187654,1.31562178858758,-1.32413403510847));
#1841=CARTESIAN_POINT('Ctrl Pts',(6.70953505030772,3.04267701859548,-1.20168312792125));
#1842=CARTESIAN_POINT('Ctrl Pts',(5.7177042297898,4.64372767556104,-1.07923222073404));
#1843=CARTESIAN_POINT('Ctrl Pts',(4.31524751360196,5.70586584564752,-0.956781313546819));
#1844=CARTESIAN_POINT('Ctrl Pts',(3.61401915550853,6.2369349306904,-0.895555859953253));
#1845=CARTESIAN_POINT('Ctrl Pts',(2.81013432349776,6.63327589401368,-0.834330406359687));
#1846=CARTESIAN_POINT('Ctrl Pts',(1.96381155085419,6.87502321397754,-0.773104952766122));
#1847=CARTESIAN_POINT('Ctrl Pts',(1.71661848850736,6.00963567655443,0.789395044611905));
#1848=CARTESIAN_POINT('Ctrl Pts',(2.45641112193758,5.79831808917349,0.728169591018302));
#1849=CARTESIAN_POINT('Ctrl Pts',(4.56450167109361,4.75894092612945,0.544493230237492));
#1850=CARTESIAN_POINT('Ctrl Pts',(6.73196793717613,1.26013223619338,0.238365962269475));
#1851=CARTESIAN_POINT('Ctrl Pts',(5.82087348139486,-3.59931863325448,-0.128986759292145));
#1852=CARTESIAN_POINT('Ctrl Pts',(3.19620375536704,-5.587000501793,-0.373888573666559));
#1853=CARTESIAN_POINT('Ctrl Pts',(1.71661848850653,-6.00963567655466,-0.496339480853766));
#1854=CARTESIAN_POINT('Ctrl Pts',(1.7990161759558,6.29809818902934,0.476895044887249));
#1855=CARTESIAN_POINT('Ctrl Pts',(2.57431885579071,6.07663735745411,0.415669591293645));
#1856=CARTESIAN_POINT('Ctrl Pts',(4.78359775130632,4.98737009058391,0.231993230512836));
#1857=CARTESIAN_POINT('Ctrl Pts',(7.05510239816092,1.32061858353072,-0.0741340374551815));
#1858=CARTESIAN_POINT('Ctrl Pts',(6.1002754085021,-3.77208592765087,-0.441486759016802));
#1859=CARTESIAN_POINT('Ctrl Pts',(3.34962153562481,-5.85517652587934,-0.686388573391215));
#1860=CARTESIAN_POINT('Ctrl Pts',(1.79901617595493,-6.29809818902959,-0.808839480578422));
#1861=CARTESIAN_POINT('Ctrl Pts',(1.88141386340424,6.58656070150425,0.164395045162593));
#1862=CARTESIAN_POINT('Ctrl Pts',(2.69222658964384,6.35495662573473,0.10316959156899));
#1863=CARTESIAN_POINT('Ctrl Pts',(5.00269383151905,5.21579925503835,-0.0805067692118208));
#1864=CARTESIAN_POINT('Ctrl Pts',(7.37823685914571,1.38110493086806,-0.386634037179837));
#1865=CARTESIAN_POINT('Ctrl Pts',(6.37967733560934,-3.94485322204727,-0.753986758741458));
#1866=CARTESIAN_POINT('Ctrl Pts',(3.50303931588259,-6.12335254996569,-0.998888573115871));
#1867=CARTESIAN_POINT('Ctrl Pts',(1.88141386340333,-6.58656070150451,-1.12133948030308));
#1868=CARTESIAN_POINT('Ctrl Pts',(1.96381155085268,6.87502321397916,-0.148104954562063));
#1869=CARTESIAN_POINT('Ctrl Pts',(2.81013432349696,6.63327589401534,-0.209330408155667));
#1870=CARTESIAN_POINT('Ctrl Pts',(5.22178991173177,5.44422841949281,-0.393006768936477));
#1871=CARTESIAN_POINT('Ctrl Pts',(7.7013713201305,1.44159127820541,-0.699134036904493));
#1872=CARTESIAN_POINT('Ctrl Pts',(6.65907926271659,-4.11762051644366,-1.06648675846611));
#1873=CARTESIAN_POINT('Ctrl Pts',(3.65645709614037,-6.39152857405203,-1.31138857284053));
#1874=CARTESIAN_POINT('Ctrl Pts',(1.96381155085173,-6.87502321397944,-1.43383948002773));
#1875=CARTESIAN_POINT('',(2.21093668665087,6.62789807818097,0.));
#1876=CARTESIAN_POINT('Ctrl Pts',(1.96381155085268,6.87502321397916,-0.148104954562064));
#1877=CARTESIAN_POINT('Ctrl Pts',(2.0455132097966,6.79332155503524,-0.0966727923272249));
#1878=CARTESIAN_POINT('Ctrl Pts',(2.12789540642157,6.71093935841028,-0.0472059167688113));
#1879=CARTESIAN_POINT('Ctrl Pts',(2.21093668665087,6.62789807818097,-2.60208521396521E-17));
#1880=CARTESIAN_POINT('',(5.98071873485727,-1.81480120523633,0.));
#1881=CARTESIAN_POINT('Ctrl Pts',(5.97766176942068,-1.8123029496799,-5.55111512312578E-17));
#1882=CARTESIAN_POINT('Ctrl Pts',(6.04029682971473,-1.6501284552111,-6.51566363072236E-17));
#1883=CARTESIAN_POINT('Ctrl Pts',(6.09618107719306,-1.48564034092277,2.26335461164761E-16));
#1884=CARTESIAN_POINT('Ctrl Pts',(6.14530338726058,-1.31933356292016,1.66533453693773E-16));
#1885=CARTESIAN_POINT('Ctrl Pts',(6.19514125434534,-1.15060422006155,1.05860319721764E-16));
#1886=CARTESIAN_POINT('Ctrl Pts',(6.23801908428837,-0.98000222929855,-5.30217452091107E-17));
#1887=CARTESIAN_POINT('Ctrl Pts',(6.27388376043696,-0.80801038425141,-1.38777878078145E-17));
#1888=CARTESIAN_POINT('Ctrl Pts',(6.30995337375304,-0.635035747071731,2.54898451599591E-17));
#1889=CARTESIAN_POINT('Ctrl Pts',(6.33892975488099,-0.460654622355196,2.42152773952264E-17));
#1890=CARTESIAN_POINT('Ctrl Pts',(6.36071248247347,-0.285333935203614,8.32667268468867E-17));
#1891=CARTESIAN_POINT('Ctrl Pts',(6.38233987537909,-0.111263476423223,1.41897074837767E-16));
#1892=CARTESIAN_POINT('Ctrl Pts',(6.39687605168041,0.0637339322317791,-7.42263317889954E-18));
#1893=CARTESIAN_POINT('Ctrl Pts',(6.40417350301612,0.239214197221861,2.77555756156289E-17));
#1894=CARTESIAN_POINT('Ctrl Pts',(6.40747779472447,0.318671799322916,4.36842962451622E-17));
#1895=CARTESIAN_POINT('Ctrl Pts',(6.40929725088963,0.398228509538203,1.20194370677022E-16));
#1896=CARTESIAN_POINT('Ctrl Pts',(6.4096146430113,0.477843354784717,1.38777878078145E-16));
#1897=CARTESIAN_POINT('Ctrl Pts',(6.40975297972096,0.512543824581013,1.46877579023178E-16));
#1898=CARTESIAN_POINT('Ctrl Pts',(6.40960594182782,0.547255338049999,-7.86383263068676E-17));
#1899=CARTESIAN_POINT('Ctrl Pts',(6.40917196621943,0.581974497245163,-8.32667268468867E-17));
#1900=CARTESIAN_POINT('Ctrl Pts',(6.40890817796996,0.603078232225641,-8.60800593308621E-17));
#1901=CARTESIAN_POINT('Ctrl Pts',(6.40853835571513,0.624183024239744,3.7020025794976E-16));
#1902=CARTESIAN_POINT('Ctrl Pts',(6.40806256864356,0.645276398755497,3.60822483003176E-16));
#1903=CARTESIAN_POINT('Ctrl Pts',(6.40393341633475,0.82833676606124,2.79436788886269E-16));
#1904=CARTESIAN_POINT('Ctrl Pts',(6.39182487468837,1.01077811296685,7.10588727293507E-17));
#1905=CARTESIAN_POINT('Ctrl Pts',(6.37167208413856,1.19208992851436,8.32667268468867E-17));
#1906=CARTESIAN_POINT('Ctrl Pts',(6.35240192510716,1.36546083271933,6.71843381130303E-17));
#1907=CARTESIAN_POINT('Ctrl Pts',(6.32577718515295,1.53779989232575,-9.83128364644237E-17));
#1908=CARTESIAN_POINT('Ctrl Pts',(6.29210794441893,1.70875676311815,-5.55111512312578E-17));
#1909=CARTESIAN_POINT('Ctrl Pts',(6.25679026953517,1.88808362200066,-1.0613910587083E-17));
#1910=CARTESIAN_POINT('Ctrl Pts',(6.21372159548111,2.06589028755659,5.10195916411078E-17));
#1911=CARTESIAN_POINT('Ctrl Pts',(6.16320031029182,2.24177438126767,0.));
#1912=CARTESIAN_POINT('Ctrl Pts',(6.11899418575119,2.39567296326485,-4.46421426859693E-17));
#1913=CARTESIAN_POINT('Ctrl Pts',(6.06908112063244,2.54809991262367,-1.70104825108651E-16));
#1914=CARTESIAN_POINT('Ctrl Pts',(6.0136254350243,2.69878049403061,-1.66533453693773E-16));
#1915=CARTESIAN_POINT('Ctrl Pts',(5.98936357257074,2.76470324839614,-1.64970978699765E-16));
#1916=CARTESIAN_POINT('Ctrl Pts',(5.96404040463184,2.83029163809051,6.33235262013025E-17));
#1917=CARTESIAN_POINT('Ctrl Pts',(5.93766781304618,2.89552206848619,5.55111512312578E-17));
#1918=CARTESIAN_POINT('Ctrl Pts',(5.91771841633036,2.94486525607852,4.96015246758269E-17));
#1919=CARTESIAN_POINT('Ctrl Pts',(5.8971685077347,2.99400360913544,4.21041666283882E-16));
#1920=CARTESIAN_POINT('Ctrl Pts',(5.87602281377468,3.04292673263354,4.44089209850063E-16));
#1921=CARTESIAN_POINT('Ctrl Pts',(5.86825026065261,3.06090947545603,4.5256082856543E-16));
#1922=CARTESIAN_POINT('Ctrl Pts',(5.86039805402654,3.07886111514034,-6.1810560019608E-17));
#1923=CARTESIAN_POINT('Ctrl Pts',(5.85247015451997,3.09677301807331,-5.55111512312578E-17));
#1924=CARTESIAN_POINT('Ctrl Pts',(5.7788175864944,3.26317997721111,3.01224880939093E-18));
#1925=CARTESIAN_POINT('Ctrl Pts',(5.69854973258644,3.42635855826355,6.46071920854494E-17));
#1926=CARTESIAN_POINT('Ctrl Pts',(5.61199121484297,3.58593660457119,1.11022302462516E-16));
#1927=CARTESIAN_POINT('Ctrl Pts',(5.52430974822458,3.74758490337661,1.58039569592445E-16));
#1928=CARTESIAN_POINT('Ctrl Pts',(5.43017314712276,3.90553931259437,2.01285346789808E-16));
#1929=CARTESIAN_POINT('Ctrl Pts',(5.32986587483094,4.05940681563046,1.66533453693773E-16));
#1930=CARTESIAN_POINT('Ctrl Pts',(5.22920112405595,4.2138226769295,1.31657710614108E-16));
#1931=CARTESIAN_POINT('Ctrl Pts',(5.12232136312942,4.36412314866102,4.15368009666808E-16));
#1932=CARTESIAN_POINT('Ctrl Pts',(5.00946478142319,4.5098944558856,4.44089209850063E-16));
#1933=CARTESIAN_POINT('Ctrl Pts',(4.89745523575125,4.65457168823994,4.72594845365883E-16));
#1934=CARTESIAN_POINT('Ctrl Pts',(4.77955789750856,4.79478814435336,1.23239003397867E-16));
#1935=CARTESIAN_POINT('Ctrl Pts',(4.6559619729539,4.93011296412526,1.11022302462516E-16));
#1936=CARTESIAN_POINT('Ctrl Pts',(4.60920697056978,4.9813048807994,1.06400856541733E-16));
#1937=CARTESIAN_POINT('Ctrl Pts',(4.56163606351149,5.03179646947297,3.17662087651606E-16));
#1938=CARTESIAN_POINT('Ctrl Pts',(4.51325800551047,5.08156311220648,3.33066907387547E-16));
#1939=CARTESIAN_POINT('Ctrl Pts',(4.48373159048625,5.11193701741121,3.42468878439942E-16));
#1940=CARTESIAN_POINT('Ctrl Pts',(4.45390449746408,5.14204086635467,3.23664936335152E-16));
#1941=CARTESIAN_POINT('Ctrl Pts',(4.42377857554493,5.17186891159463,3.33066907387547E-16));
#1942=CARTESIAN_POINT('Ctrl Pts',(4.40659754342824,5.18888006247729,3.38428919778235E-16));
#1943=CARTESIAN_POINT('Ctrl Pts',(4.38931831011629,5.20580240773098,4.40603901796115E-16));
#1944=CARTESIAN_POINT('Ctrl Pts',(4.37195435512731,5.22262233930232,4.44089209850063E-16));
#1945=CARTESIAN_POINT('Ctrl Pts',(4.2908646626365,5.30117144172175,4.60365603016805E-16));
#1946=CARTESIAN_POINT('Ctrl Pts',(4.20786465616178,5.37755035028759,3.48934911336797E-16));
#1947=CARTESIAN_POINT('Ctrl Pts',(4.12301763557493,5.45167370905822,4.44089209850063E-16));
#1948=CARTESIAN_POINT('Ctrl Pts',(3.98144563551109,5.57535267951619,6.00770397209631E-16));
#1949=CARTESIAN_POINT('Ctrl Pts',(3.83473424135884,5.69275417152352,8.38642299868572E-16));
#1950=CARTESIAN_POINT('Ctrl Pts',(3.68343229318799,5.80379663960965,1.11022302462516E-15));
#1951=CARTESIAN_POINT('Ctrl Pts',(3.53384625116844,5.91357978184869,1.3787237689729E-15));
#1952=CARTESIAN_POINT('Ctrl Pts',(3.37977246342099,6.01714756486644,1.66793898974344E-15));
#1953=CARTESIAN_POINT('Ctrl Pts',(3.22169756469928,6.11438714055269,1.99840144432528E-15));
#1954=CARTESIAN_POINT('Ctrl Pts',(3.06090274284081,6.21329987354509,2.33455001658498E-15));
#1955=CARTESIAN_POINT('Ctrl Pts',(2.89596736726796,6.30566520587701,2.74306289661802E-15));
#1956=CARTESIAN_POINT('Ctrl Pts',(2.72736756365168,6.3913234043362,3.10862446895044E-15));
#1957=CARTESIAN_POINT('Ctrl Pts',(2.5587677600354,6.47698160279539,3.47418604128286E-15));
#1958=CARTESIAN_POINT('Ctrl Pts',(2.38650283349856,6.55593303005411,3.83890633330532E-15));
#1959=CARTESIAN_POINT('Ctrl Pts',(2.21102283902516,6.62797135548108,4.10782519111308E-15));
#1960=CARTESIAN_POINT('',(4.41941738241592,-4.41941738241592,-0.244097218120979));
#1961=CARTESIAN_POINT('Ctrl Pts',(5.98071873485727,-1.81480120523633,-6.93889390390723E-17));
#1962=CARTESIAN_POINT('Ctrl Pts',(5.68382537745523,-2.79322003135665,-0.0813657393736595));
#1963=CARTESIAN_POINT('Ctrl Pts',(5.14241429191918,-3.69642047137035,-0.162731478747319));
#1964=CARTESIAN_POINT('Ctrl Pts',(4.41941738241592,-4.41941738241592,-0.244097218120978));
#1965=CARTESIAN_POINT('Ctrl Pts',(4.41941738241592,-4.41941738241593,-0.244097218120809));
#1966=CARTESIAN_POINT('Ctrl Pts',(4.41906654715512,-4.41976821767672,-0.244136700959506));
#1967=CARTESIAN_POINT('Ctrl Pts',(4.41871571534277,-4.42011904948907,-0.244176244952807));
#1968=CARTESIAN_POINT('Ctrl Pts',(4.41780167418059,-4.42103309065126,-0.244279431393177));
#1969=CARTESIAN_POINT('Ctrl Pts',(4.4172384703193,-4.42159629451255,-0.244343170281154));
#1970=CARTESIAN_POINT('Ctrl Pts',(4.41543791806884,-4.42339684676301,-0.244547449292984));
#1971=CARTESIAN_POINT('Ctrl Pts',(4.41420060430753,-4.42463416052432,-0.244688592362548));
#1972=CARTESIAN_POINT('Ctrl Pts',(4.40354361281176,-4.43529115202009,-0.245910849609717));
#1973=CARTESIAN_POINT('Ctrl Pts',(4.39412658751642,-4.44470817731543,-0.247035249862084));
#1974=CARTESIAN_POINT('Ctrl Pts',(4.28002843186717,-4.55880633296468,-0.261194906761776));
#1975=CARTESIAN_POINT('Ctrl Pts',(4.17589519177235,-4.6629395730595,-0.27959031583355));
#1976=CARTESIAN_POINT('Ctrl Pts',(4.0700307434622,-4.76880402136965,-0.303648171200867));
#1977=CARTESIAN_POINT('Ctrl Pts',(4.06791937799618,-4.77091538683101,-0.304130164691968));
#1978=CARTESIAN_POINT('Ctrl Pts',(3.59638658884838,-5.24244817597881,-0.412261051675849));
#1979=CARTESIAN_POINT('Ctrl Pts',(3.14521083132524,-5.6936239335066,-0.624088379650738));
#1980=CARTESIAN_POINT('Ctrl Pts',(2.45711254176893,-6.38172222306292,-1.05669913074647));
#1981=CARTESIAN_POINT('Ctrl Pts',(2.20668432557237,-6.63215043925947,-1.23917843723729));
#1982=CARTESIAN_POINT('Ctrl Pts',(1.96381155085268,-6.87502321397916,-1.43383948002766));
#1983=CARTESIAN_POINT('Ctrl Pts',(4.4194173824159,4.41941738241594,-1.96284721812098));
#1984=CARTESIAN_POINT('Ctrl Pts',(5.41113232396912,3.42770244086273,-2.07445436097812));
#1985=CARTESIAN_POINT('Ctrl Pts',(6.47796697162262,1.20116778145828,-2.26046626574003));
#1986=CARTESIAN_POINT('Ctrl Pts',(6.09782045624312,-2.13598878427907,-2.5208829324067));
#1987=CARTESIAN_POINT('Ctrl Pts',(5.0805606767847,-3.75827408804716,-2.66969245621622));
#1988=CARTESIAN_POINT('Ctrl Pts',(4.41941738241588,-4.41941738241596,-2.74409721812099));
#1989=CARTESIAN_POINT('Ctrl Pts',(4.4194173824159,4.41941738241594,-2.17118055145431));
#1990=CARTESIAN_POINT('Ctrl Pts',(5.41113232396912,3.42770244086273,-2.28278769431146));
#1991=CARTESIAN_POINT('Ctrl Pts',(6.47796697162262,1.20116778145829,-2.46879959907336));
#1992=CARTESIAN_POINT('Ctrl Pts',(6.09782045624312,-2.13598878427907,-2.72921626574003));
#1993=CARTESIAN_POINT('Ctrl Pts',(5.0805606767847,-3.75827408804715,-2.87802578954956));
#1994=CARTESIAN_POINT('Ctrl Pts',(4.41941738241588,-4.41941738241596,-2.95243055145432));
#1995=CARTESIAN_POINT('Ctrl Pts',(4.4194173824159,4.41941738241594,-2.37951388478765));
#1996=CARTESIAN_POINT('Ctrl Pts',(5.41113232396912,3.42770244086273,-2.49112102764479));
#1997=CARTESIAN_POINT('Ctrl Pts',(6.47796697162262,1.20116778145828,-2.6771329324067));
#1998=CARTESIAN_POINT('Ctrl Pts',(6.09782045624312,-2.13598878427907,-2.93754959907336));
#1999=CARTESIAN_POINT('Ctrl Pts',(5.0805606767847,-3.75827408804716,-3.08635912288289));
#2000=CARTESIAN_POINT('Ctrl Pts',(4.41941738241589,-4.41941738241596,-3.16076388478765));
#2001=CARTESIAN_POINT('Ctrl Pts',(4.4194173824159,4.41941738241594,-2.58784721812098));
#2002=CARTESIAN_POINT('Ctrl Pts',(5.41113232396912,3.42770244086273,-2.69945436097812));
#2003=CARTESIAN_POINT('Ctrl Pts',(6.47796697162262,1.20116778145828,-2.88546626574003));
#2004=CARTESIAN_POINT('Ctrl Pts',(6.09782045624312,-2.13598878427907,-3.1458829324067));
#2005=CARTESIAN_POINT('Ctrl Pts',(5.0805606767847,-3.75827408804716,-3.29469245621622));
#2006=CARTESIAN_POINT('Ctrl Pts',(4.41941738241589,-4.41941738241596,-3.36909721812099));
#2007=CARTESIAN_POINT('',(4.41941738241592,4.41941738241592,-2.58784721812098));
#2008=CARTESIAN_POINT('',(4.41941738241592,4.41941738241592,-1.96284721812207));
#2009=CARTESIAN_POINT('Ctrl Pts',(4.41941738241592,4.41941738241592,-2.58784721812098));
#2010=CARTESIAN_POINT('Ctrl Pts',(4.41941738241592,4.41941738241592,-2.48368055145432));
#2011=CARTESIAN_POINT('Ctrl Pts',(4.41941738241592,4.41941738241592,-2.37951388478765));
#2012=CARTESIAN_POINT('Ctrl Pts',(4.41941738241592,4.41941738241592,-2.17118055145432));
#2013=CARTESIAN_POINT('Ctrl Pts',(4.41941738241592,4.41941738241592,-2.06701388478765));
#2014=CARTESIAN_POINT('Ctrl Pts',(4.41941738241592,4.41941738241592,-1.96284721812098));
#2015=CARTESIAN_POINT('',(4.41941738241592,-4.41941738241592,-2.74409721812207));
#2016=CARTESIAN_POINT('Ctrl Pts',(4.4202037539082,4.42020646413804,-1.96292280597257));
#2017=CARTESIAN_POINT('Ctrl Pts',(5.30155619283925,3.53234388687333,-2.06249321655877));
#2018=CARTESIAN_POINT('Ctrl Pts',(6.67521521067132,0.957494664386082,-2.28451453433218));
#2019=CARTESIAN_POINT('Ctrl Pts',(6.02919389352141,-2.48809392997076,-2.5449871176019));
#2020=CARTESIAN_POINT('Ctrl Pts',(4.759362932535,-4.07616171011233,-2.70588929028542));
#2021=CARTESIAN_POINT('Ctrl Pts',(4.41661640853541,-4.41681002967705,-2.74434055578173));
#2022=CARTESIAN_POINT('',(4.41941738241592,-4.41941738241592,-3.36909721812098));
#2023=CARTESIAN_POINT('Ctrl Pts',(4.41941738241593,-4.41941738241591,-2.74409721812098));
#2024=CARTESIAN_POINT('Ctrl Pts',(4.41941738241593,-4.41941738241591,-2.84826388478765));
#2025=CARTESIAN_POINT('Ctrl Pts',(4.41941738241593,-4.41941738241591,-2.95243055145432));
#2026=CARTESIAN_POINT('Ctrl Pts',(4.41941738241593,-4.41941738241591,-3.16076388478765));
#2027=CARTESIAN_POINT('Ctrl Pts',(4.41941738241593,-4.41941738241591,-3.26493055145432));
#2028=CARTESIAN_POINT('Ctrl Pts',(4.41941738241593,-4.41941738241591,-3.36909721812098));
#2029=CARTESIAN_POINT('Ctrl Pts',(4.4194173824159,4.41941738241594,-2.58784721812098));
#2030=CARTESIAN_POINT('Ctrl Pts',(5.41113232396912,3.42770244086273,-2.69945436097812));
#2031=CARTESIAN_POINT('Ctrl Pts',(6.47796697162262,1.20116778145828,-2.88546626574003));
#2032=CARTESIAN_POINT('Ctrl Pts',(6.09782045624312,-2.13598878427907,-3.1458829324067));
#2033=CARTESIAN_POINT('Ctrl Pts',(5.0805606767847,-3.75827408804716,-3.29469245621622));
#2034=CARTESIAN_POINT('Ctrl Pts',(4.41941738241589,-4.41941738241596,-3.36909721812099));
#2035=CARTESIAN_POINT('Ctrl Pts',(1.96381155085287,6.87502321397896,-0.77310495276496));
#2036=CARTESIAN_POINT('Ctrl Pts',(2.81013432349717,6.63327589401511,-0.834330406358565));
#2037=CARTESIAN_POINT('Ctrl Pts',(5.22178881953158,5.44425300404454,-1.01800676713938));
#2038=CARTESIAN_POINT('Ctrl Pts',(7.70136587082665,1.44162636163024,-1.32413403510741));
#2039=CARTESIAN_POINT('Ctrl Pts',(6.65906255868589,-4.11755304752103,-1.69148675666905));
#2040=CARTESIAN_POINT('Ctrl Pts',(3.65645709613946,-6.3915285740524,-1.93638857104347));
#2041=CARTESIAN_POINT('Ctrl Pts',(1.96381155085071,-6.87502321397958,-2.05883947823068));
#2042=CARTESIAN_POINT('Ctrl Pts',(1.88141386340448,6.58656070150425,-1.08560495363955));
#2043=CARTESIAN_POINT('Ctrl Pts',(2.69222658964411,6.35495662573468,-1.14683040723315));
#2044=CARTESIAN_POINT('Ctrl Pts',(5.00269278514558,5.21582280807058,-1.33050676801397));
#2045=CARTESIAN_POINT('Ctrl Pts',(7.37823163848418,1.38113854226113,-1.636634035982));
#2046=CARTESIAN_POINT('Ctrl Pts',(6.37966133244725,-3.94478858398863,-2.00398675754364));
#2047=CARTESIAN_POINT('Ctrl Pts',(3.50303931588182,-6.12335254996622,-2.24888857191806));
#2048=CARTESIAN_POINT('Ctrl Pts',(1.88141386340241,-6.58656070150484,-2.37133947910527));
#2049=CARTESIAN_POINT('Ctrl Pts',(1.79901617595608,6.29809818902953,-1.39810495451413));
#2050=CARTESIAN_POINT('Ctrl Pts',(2.57431885579105,6.07663735745425,-1.45933040810774));
#2051=CARTESIAN_POINT('Ctrl Pts',(4.78359675075959,4.98739261209662,-1.64300676888856));
#2052=CARTESIAN_POINT('Ctrl Pts',(7.05509740614172,1.32065072289201,-1.94913403685659));
#2053=CARTESIAN_POINT('Ctrl Pts',(6.1002601062086,-3.77202412045623,-2.31648675841822));
#2054=CARTESIAN_POINT('Ctrl Pts',(3.34962153562418,-5.85517652588003,-2.56138857279265));
#2055=CARTESIAN_POINT('Ctrl Pts',(1.7990161759541,-6.29809818903009,-2.68383947997986));
#2056=CARTESIAN_POINT('Ctrl Pts',(1.71661848850769,6.00963567655481,-1.71060495538872));
#2057=CARTESIAN_POINT('Ctrl Pts',(2.45641112193799,5.79831808917382,-1.77183040898233));
#2058=CARTESIAN_POINT('Ctrl Pts',(4.56450071637359,4.75896241612266,-1.95550676976315));
#2059=CARTESIAN_POINT('Ctrl Pts',(6.73196317379926,1.26016290352289,-2.26163403773117));
#2060=CARTESIAN_POINT('Ctrl Pts',(5.82085887996996,-3.59925965692383,-2.62898675929281));
#2061=CARTESIAN_POINT('Ctrl Pts',(3.19620375536654,-5.58700050179385,-2.87388857366723));
#2062=CARTESIAN_POINT('Ctrl Pts',(1.7166184885058,-6.00963567655535,-2.99633948085444));
#2063=CARTESIAN_POINT('Ctrl Pts',(4.41941738241592,4.41941738241592,-1.96284721812207));
#2064=CARTESIAN_POINT('Ctrl Pts',(4.41906654715713,4.41976821767472,-1.9628077352836));
#2065=CARTESIAN_POINT('Ctrl Pts',(4.41871571534595,4.42011904948589,-1.96276819129043));
#2066=CARTESIAN_POINT('Ctrl Pts',(4.41780167417795,4.4210330906539,-1.9626650048494));
#2067=CARTESIAN_POINT('Ctrl Pts',(4.41723847031406,4.42159629451779,-1.96260126596113));
#2068=CARTESIAN_POINT('Ctrl Pts',(4.4154379180705,4.42339684676135,-1.96239698695007));
#2069=CARTESIAN_POINT('Ctrl Pts',(4.41420060431077,4.42463416052107,-1.96225584388069));
#2070=CARTESIAN_POINT('Ctrl Pts',(4.40354361281168,4.43529115202016,-1.96103358663306));
#2071=CARTESIAN_POINT('Ctrl Pts',(4.39412658751611,4.44470817731574,-1.95990918638042));
#2072=CARTESIAN_POINT('Ctrl Pts',(4.28002843186487,4.55880633296698,-1.94574952947562));
#2073=CARTESIAN_POINT('Ctrl Pts',(4.17589519176997,4.66293957306187,-1.92735412037901));
#2074=CARTESIAN_POINT('Ctrl Pts',(4.07003074345872,4.76880402137312,-1.90329626496647));
#2075=CARTESIAN_POINT('Ctrl Pts',(4.06791937798945,4.77091538683774,-1.9028142714737));
#2076=CARTESIAN_POINT('Ctrl Pts',(3.59638658874922,5.24244817607797,-1.79468338426472));
#2077=CARTESIAN_POINT('Ctrl Pts',(3.14521083120996,5.69362393362189,-1.58285605563989));
#2078=CARTESIAN_POINT('Ctrl Pts',(2.45711254173506,6.38172222309678,-1.15024530325109));
#2079=CARTESIAN_POINT('Ctrl Pts',(2.20668432553445,6.6321504392974,-0.967765996164343));
#2080=CARTESIAN_POINT('Ctrl Pts',(1.96381155085288,6.87502321397896,-0.773104952764957));
#2081=CARTESIAN_POINT('Ctrl Pts',(1.9638115508529,-6.87502321397895,-2.05883947823053));
#2082=CARTESIAN_POINT('Ctrl Pts',(2.45699207933504,-6.38184268549681,-2.36930246497936));
#2083=CARTESIAN_POINT('Ctrl Pts',(2.97488760278194,-5.8639471620499,-2.60806835075812));
#2084=CARTESIAN_POINT('Ctrl Pts',(3.7376071967845,-5.10122756804734,-2.75139540950957));
#2085=CARTESIAN_POINT('Ctrl Pts',(3.96208308781178,-4.87675167702007,-2.7691813853752));
#2086=CARTESIAN_POINT('Ctrl Pts',(4.26211171491722,-4.57672304991463,-2.75857844028399));
#2087=CARTESIAN_POINT('Ctrl Pts',(4.33566832615938,-4.50316643867247,-2.75325347353106));
#2088=CARTESIAN_POINT('Ctrl Pts',(4.4113309271907,-4.42750383764114,-2.7449971493354));
#2089=CARTESIAN_POINT('Ctrl Pts',(4.41350033068359,-4.42533443414826,-2.74475806916651));
#2090=CARTESIAN_POINT('Ctrl Pts',(4.41638255655494,-4.42245220827691,-2.74443730567207));
#2091=CARTESIAN_POINT('Ctrl Pts',(4.41709549285914,-4.42173927197271,-2.74435770866618));
#2092=CARTESIAN_POINT('Ctrl Pts',(4.41826717632974,-4.4205675885021,-2.74422647636551));
#2093=CARTESIAN_POINT('Ctrl Pts',(4.41872593169004,-4.42010883314181,-2.74417498905936));
#2094=CARTESIAN_POINT('Ctrl Pts',(4.41926224843266,-4.41957251639919,-2.7441146738208));
#2095=CARTESIAN_POINT('Ctrl Pts',(4.41933981550857,-4.41949494932327,-2.74410594746611));
#2096=CARTESIAN_POINT('Ctrl Pts',(4.41941738241592,-4.41941738241592,-2.74409721812207));
#2097=CARTESIAN_POINT('Origin',(0.375,0.375,0.1));
#2098=CARTESIAN_POINT('',(0.642261628933257,0.1,0.1));
#2099=CARTESIAN_POINT('',(0.0999999999999999,0.1,0.1));
#2100=CARTESIAN_POINT('',(-0.75,0.0999999999999999,0.1));
#2101=CARTESIAN_POINT('',(0.0999999999999999,0.642261628933257,0.1));
#2102=CARTESIAN_POINT('Origin',(0.,0.,0.1));
#2103=CARTESIAN_POINT('',(0.0999999999999999,0.75,0.1));
#2104=CARTESIAN_POINT('Origin',(0.,0.,0.));
#2105=CARTESIAN_POINT('',(0.75,1.40512601554121E-16,0.));
#2106=CARTESIAN_POINT('Ctrl Pts',(0.749999999999964,3.59831522217524E-14,
3.58410133169396E-14));
#2107=CARTESIAN_POINT('Ctrl Pts',(0.696130814466534,0.0538691855334639,
0.0538691855334638));
#2108=CARTESIAN_POINT('Ctrl Pts',(0.642261628933104,0.100000000000131,0.100000000000131));
#2109=CARTESIAN_POINT('',(-1.40512601554121E-16,0.75,0.));
#2110=CARTESIAN_POINT('Origin',(0.,0.,0.));
#2111=CARTESIAN_POINT('Ctrl Pts',(3.57118848381966E-14,0.749999999999964,
3.58534816419231E-14));
#2112=CARTESIAN_POINT('Ctrl Pts',(0.0538691855334623,0.696130814466535,
0.0538691855334624));
#2113=CARTESIAN_POINT('Ctrl Pts',(0.100000000000131,0.642261628933104,0.100000000000131));
#2114=CARTESIAN_POINT('Origin',(0.,0.,0.));
#2115=CARTESIAN_POINT('',(0.,0.,0.));
#2116=CARTESIAN_POINT('',(0.,0.,0.));
#2117=CARTESIAN_POINT('',(0.125,0.125,0.125));
#2118=CARTESIAN_POINT('Origin',(0.75,1.40512601554121E-16,0.));
#2119=CARTESIAN_POINT('',(0.375,7.02563007770607E-17,0.));
#2120=CARTESIAN_POINT('Origin',(-0.375,-0.375,0.1));
#2121=CARTESIAN_POINT('',(-0.642261628933257,-0.1,0.1));
#2122=CARTESIAN_POINT('',(-0.1,-0.1,0.1));
#2123=CARTESIAN_POINT('',(-0.75,-0.1,0.1));
#2124=CARTESIAN_POINT('',(-0.0999999999999999,-0.642261628933257,0.1));
#2125=CARTESIAN_POINT('Origin',(0.,0.,0.1));
#2126=CARTESIAN_POINT('',(-0.1,0.75,0.1));
#2127=CARTESIAN_POINT('Origin',(0.,0.,0.));
#2128=CARTESIAN_POINT('',(-0.75,-1.40512601554121E-16,0.));
#2129=CARTESIAN_POINT('Ctrl Pts',(-0.749999999999964,-3.59766470087175E-14,
3.58372186093359E-14));
#2130=CARTESIAN_POINT('Ctrl Pts',(-0.696130814466533,-0.0538691855334646,
0.0538691855334644));
#2131=CARTESIAN_POINT('Ctrl Pts',(-0.642261628933104,-0.100000000000131,
0.100000000000131));
#2132=CARTESIAN_POINT('',(1.40512601554121E-16,-0.75,0.));
#2133=CARTESIAN_POINT('Origin',(0.,0.,0.));
#2134=CARTESIAN_POINT('Ctrl Pts',(-3.57037533219029E-14,-0.749999999999964,
3.58431817212845E-14));
#2135=CARTESIAN_POINT('Ctrl Pts',(-0.053869185533463,-0.696130814466535,
0.0538691855334631));
#2136=CARTESIAN_POINT('Ctrl Pts',(-0.100000000000131,-0.642261628933104,
0.100000000000131));
#2137=CARTESIAN_POINT('Origin',(0.,0.,0.));
#2138=CARTESIAN_POINT('',(0.,0.,0.));
#2139=CARTESIAN_POINT('',(-0.125,-0.125,0.125));
#2140=CARTESIAN_POINT('Origin',(-0.75,-1.40512601554121E-16,0.));
#2141=CARTESIAN_POINT('',(-0.375,-7.02563007770607E-17,0.));
#2142=CARTESIAN_POINT('Origin',(3.46400408357539E-12,4.82500000000015,0.1));
#2143=CARTESIAN_POINT('',(-0.338196601120697,4.42500000000351,0.1));
#2144=CARTESIAN_POINT('',(4.48158558749367E-13,5.10139320224985,0.1));
#2145=CARTESIAN_POINT('',(-0.410557280894847,4.28027864045435,0.1));
#2146=CARTESIAN_POINT('',(0.338196601126281,4.42500000000093,0.1));
#2147=CARTESIAN_POINT('',(-0.499999999994563,4.42500000000413,0.1));
#2148=CARTESIAN_POINT('',(0.410557280901954,4.28027864045017,0.1));
#2149=CARTESIAN_POINT('Origin',(0.500000000001873,4.32500000000031,0.));
#2150=CARTESIAN_POINT('',(-0.499999999994945,4.32500000000413,0.));
#2151=CARTESIAN_POINT('',(-0.216542364655983,4.500186453014,0.175186453010955));
#2152=CARTESIAN_POINT('',(0.500000000001873,4.32500000000031,0.));
#2153=CARTESIAN_POINT('',(0.250000000009193,4.32500000000126,0.));
#2154=CARTESIAN_POINT('',(0.183084729318993,4.52086440883668,0.195864408835164));
#2155=CARTESIAN_POINT('Origin',(-1.18238752122579E-15,5.325,0.));
#2156=CARTESIAN_POINT('',(-1.18238752122579E-15,5.325,0.));
#2157=CARTESIAN_POINT('',(1.06500000000259,3.19500000000346,0.));
#2158=CARTESIAN_POINT('',(8.36026965248907E-13,4.90833333333537,0.18633899812393));
#2159=CARTESIAN_POINT('Origin',(-0.499999999994945,4.32500000000413,0.));
#2160=CARTESIAN_POINT('',(-1.31499999999365,2.69499999999697,0.));
#2161=CARTESIAN_POINT('Ctrl Pts',(1.96381155085289,6.87502321397896,-3.89810495276496));
#2162=CARTESIAN_POINT('Ctrl Pts',(2.81013432349712,6.63327589401512,-3.95933040635857));
#2163=CARTESIAN_POINT('Ctrl Pts',(5.22178344927676,5.44435346808438,-4.14300676713937));
#2164=CARTESIAN_POINT('Ctrl Pts',(7.70134315081194,1.44177075445342,-4.44913403510737));
#2165=CARTESIAN_POINT('Ctrl Pts',(6.65899640379274,-4.11728348471155,-4.81648675666898));
#2166=CARTESIAN_POINT('Ctrl Pts',(3.65645709614055,-6.39152857405174,-5.06138857104339));
#2167=CARTESIAN_POINT('Ctrl Pts',(1.96381155085202,-6.87502321397921,-5.18383947823059));
#2168=CARTESIAN_POINT('Ctrl Pts',(1.8814138634045,6.58656070150424,-4.21060495363955));
#2169=CARTESIAN_POINT('Ctrl Pts',(2.69222658964406,6.35495662573469,-4.27183040723315));
#2170=CARTESIAN_POINT('Ctrl Pts',(5.00268764021613,5.21591905683602,-4.45550676801396));
#2171=CARTESIAN_POINT('Ctrl Pts',(7.37820987175681,1.38127687664416,-4.76163403598196));
#2172=CARTESIAN_POINT('Ctrl Pts',(6.37959795328387,-3.94453033150682,-5.12898675754357));
#2173=CARTESIAN_POINT('Ctrl Pts',(3.50303931588286,-6.12335254996559,-5.37388857191798));
#2174=CARTESIAN_POINT('Ctrl Pts',(1.88141386340366,-6.58656070150448,-5.49633947910518));
#2175=CARTESIAN_POINT('Ctrl Pts',(1.7990161759561,6.29809818902952,-4.52310495451414));
#2176=CARTESIAN_POINT('Ctrl Pts',(2.57431885579101,6.07663735745426,-4.58433040810774));
#2177=CARTESIAN_POINT('Ctrl Pts',(4.78359183115551,4.98748464558767,-4.76800676888854));
#2178=CARTESIAN_POINT('Ctrl Pts',(7.05507659270168,1.32078299883492,-5.07413403685655));
#2179=CARTESIAN_POINT('Ctrl Pts',(6.10019950277502,-3.7717771783021,-5.44148675841816));
#2180=CARTESIAN_POINT('Ctrl Pts',(3.34962153562518,-5.85517652587943,-5.68638857279256));
#2181=CARTESIAN_POINT('Ctrl Pts',(1.7990161759553,-6.29809818902975,-5.80883947997977));
#2182=CARTESIAN_POINT('Ctrl Pts',(1.71661848850771,6.0096356765548,-4.83560495538873));
#2183=CARTESIAN_POINT('Ctrl Pts',(2.45641112193795,5.79831808917383,-4.89683040898233));
#2184=CARTESIAN_POINT('Ctrl Pts',(4.56449602209489,4.75905023433931,-5.08050676976313));
#2185=CARTESIAN_POINT('Ctrl Pts',(6.73194331364654,1.26028912102567,-5.38663403773114));
#2186=CARTESIAN_POINT('Ctrl Pts',(5.82080105226616,-3.59902402509737,-5.75398675929274));
#2187=CARTESIAN_POINT('Ctrl Pts',(3.19620375536749,-5.58700050179327,-5.99888857366715));
#2188=CARTESIAN_POINT('Ctrl Pts',(1.71661848850695,-6.00963567655502,-6.12133948085435));
#2189=CARTESIAN_POINT('',(4.41941738241592,4.41941738241592,-5.08784721812208));
#2190=CARTESIAN_POINT('',(1.96381155118115,6.87502321379287,-3.8981049527948));
#2191=CARTESIAN_POINT('Ctrl Pts',(4.41941738241591,4.41941738241593,-5.08784721812208));
#2192=CARTESIAN_POINT('Ctrl Pts',(4.41906654715524,4.41976821767661,-5.08780773528339));
#2193=CARTESIAN_POINT('Ctrl Pts',(4.41871571534303,4.42011904948882,-5.08776819129011));
#2194=CARTESIAN_POINT('Ctrl Pts',(4.41780167417773,4.42103309065412,-5.08766500484938));
#2195=CARTESIAN_POINT('Ctrl Pts',(4.41723847031314,4.4215962945187,-5.08760126596103));
#2196=CARTESIAN_POINT('Ctrl Pts',(4.41543791806957,4.42339684676228,-5.08739698694997));
#2197=CARTESIAN_POINT('Ctrl Pts',(4.4142006043088,4.42463416052304,-5.08725584388046));
#2198=CARTESIAN_POINT('Ctrl Pts',(4.40354361281207,4.43529115201978,-5.0860335866331));
#2199=CARTESIAN_POINT('Ctrl Pts',(4.39412658751664,4.4447081773152,-5.08490918638049));
#2200=CARTESIAN_POINT('Ctrl Pts',(4.28002843186485,4.558806332967,-5.07074952947563));
#2201=CARTESIAN_POINT('Ctrl Pts',(4.17589519176993,4.66293957306192,-5.052354120379));
#2202=CARTESIAN_POINT('Ctrl Pts',(4.07003074346009,4.76880402137176,-5.02829626496678));
#2203=CARTESIAN_POINT('Ctrl Pts',(4.06791937799217,4.77091538683503,-5.02781427147433));
#2204=CARTESIAN_POINT('Ctrl Pts',(3.93313555754599,4.9056992072812,-4.9969059350472));
#2205=CARTESIAN_POINT('Ctrl Pts',(3.80174047915528,5.03709428567656,-4.95816292049365));
#2206=CARTESIAN_POINT('Ctrl Pts',(3.640694758561,5.19814000627084,-4.90095148593634));
#2207=CARTESIAN_POINT('Ctrl Pts',(3.61007137562399,5.22876338920786,-4.88963237486846));
#2208=CARTESIAN_POINT('Ctrl Pts',(3.54301367770952,5.29582108712233,-4.86390510642547));
#2209=CARTESIAN_POINT('Ctrl Pts',(3.50661812700335,5.3322166378285,-4.849327761527));
#2210=CARTESIAN_POINT('Ctrl Pts',(3.42710551515945,5.4117292496724,-4.81617996335196));
#2211=CARTESIAN_POINT('Ctrl Pts',(3.38404339173472,5.45479137309698,-4.79738268631799));
#2212=CARTESIAN_POINT('Ctrl Pts',(3.27442821054638,5.56440655428532,-4.74746419527934));
#2213=CARTESIAN_POINT('Ctrl Pts',(3.20812206503403,5.63071269979715,-4.71530170001781));
#2214=CARTESIAN_POINT('Ctrl Pts',(3.07346218237807,5.7653725824531,-4.64624040750165));
#2215=CARTESIAN_POINT('Ctrl Pts',(3.00514314308791,5.83369162174393,-4.60919486940842));
#2216=CARTESIAN_POINT('Ctrl Pts',(2.90365623827516,5.93517852655668,-4.55139147240953));
#2217=CARTESIAN_POINT('Ctrl Pts',(2.87013346843632,5.96870129639553,-4.53183945130799));
#2218=CARTESIAN_POINT('Ctrl Pts',(2.79512646793049,6.04370829690136,-4.48710362686277));
#2219=CARTESIAN_POINT('Ctrl Pts',(2.75369778543912,6.08513697939273,-4.4617098932505));
#2220=CARTESIAN_POINT('Ctrl Pts',(2.45711254173501,6.38172222309684,-4.27524530325106));
#2221=CARTESIAN_POINT('Ctrl Pts',(2.20668432553429,6.63215043929755,-4.09276599616422));
#2222=CARTESIAN_POINT('Ctrl Pts',(1.96381155085289,6.87502321397895,-3.89810495276497));
#2223=CARTESIAN_POINT('',(1.96381155085221,-6.87502321397878,-5.18383947823152));
#2224=CARTESIAN_POINT('Ctrl Pts',(1.96381155085154,-6.87502321397723,-5.18383947823271));
#2225=CARTESIAN_POINT('Ctrl Pts',(3.65645709613956,-6.39152857404989,-5.06138857104551));
#2226=CARTESIAN_POINT('Ctrl Pts',(5.15772674996519,-5.25440602938012,-4.9389376638583));
#2227=CARTESIAN_POINT('Ctrl Pts',(6.0820860347145,-3.75933571718468,-4.8164867566711));
#2228=CARTESIAN_POINT('Ctrl Pts',(7.0064453194638,-2.26426540498925,-4.6940358494839));
#2229=CARTESIAN_POINT('Ctrl Pts',(7.35389423513677,-0.411247325268133,-4.5715849422967));
#2230=CARTESIAN_POINT('Ctrl Pts',(7.03170675266637,1.31577825731838,-4.4491340351095));
#2231=CARTESIAN_POINT('Ctrl Pts',(6.70951927019597,3.04280383990489,-4.3266831279223));
#2232=CARTESIAN_POINT('Ctrl Pts',(5.71769538958221,4.6438369253568,-4.2042322207351));
#2233=CARTESIAN_POINT('Ctrl Pts',(4.31524337347588,5.70592458758763,-4.0817813135479));
#2234=CARTESIAN_POINT('Ctrl Pts',(3.61401736553306,6.23696841861949,-4.02055585996393));
#2235=CARTESIAN_POINT('Ctrl Pts',(2.81013432374939,6.63327589388848,-3.95933040637996));
#2236=CARTESIAN_POINT('Ctrl Pts',(1.96381155125193,6.87502321386286,-3.89810495279599));
#2237=CARTESIAN_POINT('',(4.41941738241592,-4.41941738241592,-5.86909721812208));
#2238=CARTESIAN_POINT('Ctrl Pts',(1.9638115508529,-6.87502321397894,-5.18383947823054));
#2239=CARTESIAN_POINT('Ctrl Pts',(2.45699207933485,-6.381842685497,-5.49430246497924));
#2240=CARTESIAN_POINT('Ctrl Pts',(2.97488760278162,-5.86394716205023,-5.73306835075797));
#2241=CARTESIAN_POINT('Ctrl Pts',(3.73760719678409,-5.10122756804776,-5.87639540950953));
#2242=CARTESIAN_POINT('Ctrl Pts',(3.96208308781145,-4.87675167702039,-5.8941813853752));
#2243=CARTESIAN_POINT('Ctrl Pts',(4.26211171491692,-4.57672304991493,-5.88357844028401));
#2244=CARTESIAN_POINT('Ctrl Pts',(4.33566832615902,-4.50316643867283,-5.87825347353109));
#2245=CARTESIAN_POINT('Ctrl Pts',(4.41133092718927,-4.42750383764258,-5.86999714933556));
#2246=CARTESIAN_POINT('Ctrl Pts',(4.4135003306812,-4.42533443415065,-5.86975806916678));
#2247=CARTESIAN_POINT('Ctrl Pts',(4.41638255656086,-4.42245220827099,-5.86943730567141));
#2248=CARTESIAN_POINT('Ctrl Pts',(4.41709549287109,-4.42173927196075,-5.86935770866484));
#2249=CARTESIAN_POINT('Ctrl Pts',(4.4182671763204,-4.42056758851144,-5.86922647636655));
#2250=CARTESIAN_POINT('Ctrl Pts',(4.41872593167141,-4.42010883316043,-5.86917498906146));
#2251=CARTESIAN_POINT('Ctrl Pts',(4.41926224843266,-4.41957251639919,-5.8691146738208));
#2252=CARTESIAN_POINT('Ctrl Pts',(4.41933981550862,-4.41949494932322,-5.86910594746611));
#2253=CARTESIAN_POINT('Ctrl Pts',(4.41941738241593,-4.41941738241591,-5.86909721812208));
#2254=CARTESIAN_POINT('Ctrl Pts',(4.42023707789877,4.42024005147808,-5.08792726397025));
#2255=CARTESIAN_POINT('Ctrl Pts',(5.30156447098391,3.53241102679069,-5.18749618855721));
#2256=CARTESIAN_POINT('Ctrl Pts',(6.67518930000368,0.957608040057916,-5.40951602033138));
#2257=CARTESIAN_POINT('Ctrl Pts',(6.02914087074827,-2.4879039928894,-5.66998868064682));
#2258=CARTESIAN_POINT('Ctrl Pts',(4.75930837376539,-4.07606722736769,-5.8308924163753));
#2259=CARTESIAN_POINT('Ctrl Pts',(4.41654983561516,-4.41674818461779,-5.86934524491658));
#2260=CARTESIAN_POINT('Ctrl Pts',(-3.46871709188875,-6.25223973760217,0.675856478094825));
#2261=CARTESIAN_POINT('Ctrl Pts',(-4.87210066546846,-5.47364825799605,0.564218767968585));
#2262=CARTESIAN_POINT('Ctrl Pts',(-7.1289045569888,-2.9370841400987,0.340943347716106));
#2263=CARTESIAN_POINT('Ctrl Pts',(-7.40807798050682,2.15239368496761,0.00603021733738716));
#2264=CARTESIAN_POINT('Ctrl Pts',(-4.94295691935402,5.60732425065252,-0.273064057978212));
#2265=CARTESIAN_POINT('Ctrl Pts',(-2.73539861815794,6.65462372613731,-0.440520623167571));
#2266=CARTESIAN_POINT('Ctrl Pts',(-1.96381155085056,6.87502321397962,-0.496339478230691));
#2267=CARTESIAN_POINT('Ctrl Pts',(-3.32317651460666,-5.98990800036006,0.363356477220238));
#2268=CARTESIAN_POINT('Ctrl Pts',(-4.66767686132287,-5.24398469472343,0.251718767093998));
#2269=CARTESIAN_POINT('Ctrl Pts',(-6.82978968047171,-2.81384984051411,0.0284433468415187));
#2270=CARTESIAN_POINT('Ctrl Pts',(-7.09724953377218,2.06208346042349,-0.3064697835372));
#2271=CARTESIAN_POINT('Ctrl Pts',(-4.73556012553492,5.37205190447123,-0.585564058852799));
#2272=CARTESIAN_POINT('Ctrl Pts',(-2.62062664816527,6.37540874462098,-0.753020624042159));
#2273=CARTESIAN_POINT('Ctrl Pts',(-1.88141386340227,6.58656070150488,-0.808839479105279));
#2274=CARTESIAN_POINT('Ctrl Pts',(-3.17763593732458,-5.72757626311794,0.0508564763456498));
#2275=CARTESIAN_POINT('Ctrl Pts',(-4.46325305717729,-5.01432113145081,-0.0607812337805898));
#2276=CARTESIAN_POINT('Ctrl Pts',(-6.53067480395462,-2.69061554092952,-0.284056654033069));
#2277=CARTESIAN_POINT('Ctrl Pts',(-6.78642108703755,1.97177323587937,-0.618969784411788));
#2278=CARTESIAN_POINT('Ctrl Pts',(-4.52816333171581,5.13677955828995,-0.898064059727387));
#2279=CARTESIAN_POINT('Ctrl Pts',(-2.5058546781726,6.09619376310466,-1.06552062491675));
#2280=CARTESIAN_POINT('Ctrl Pts',(-1.79901617595397,6.29809818903013,-1.12133947997987));
#2281=CARTESIAN_POINT('Ctrl Pts',(-3.03209536004249,-5.46524452587582,-0.261643524528938));
#2282=CARTESIAN_POINT('Ctrl Pts',(-4.25882925303171,-4.78465756817819,-0.373281234655177));
#2283=CARTESIAN_POINT('Ctrl Pts',(-6.23155992743753,-2.56738124134492,-0.596556654907657));
#2284=CARTESIAN_POINT('Ctrl Pts',(-6.47559264030291,1.88146301133525,-0.931469785286375));
#2285=CARTESIAN_POINT('Ctrl Pts',(-4.32076653789671,4.90150721210866,-1.21056406060197));
#2286=CARTESIAN_POINT('Ctrl Pts',(-2.39108270817993,5.81697878158833,-1.37802062579133));
#2287=CARTESIAN_POINT('Ctrl Pts',(-1.71661848850567,6.00963567655539,-1.43383948085445));
#2288=CARTESIAN_POINT('',(-1.96381155085101,6.87502321397946,-0.496339478231624));
#2289=CARTESIAN_POINT('',(-4.41941738241592,4.41941738241592,-1.18159721812207));
#2290=CARTESIAN_POINT('Ctrl Pts',(-1.96381155085289,6.87502321397896,-0.496339478230524));
#2291=CARTESIAN_POINT('Ctrl Pts',(-2.45699207933435,6.3818426854975,-0.806802464978924));
#2292=CARTESIAN_POINT('Ctrl Pts',(-2.97488760278045,5.86394716205139,-1.04556835075743));
#2293=CARTESIAN_POINT('Ctrl Pts',(-3.73760719678262,5.10122756804923,-1.18889540950938));
#2294=CARTESIAN_POINT('Ctrl Pts',(-3.96208308781028,4.87675167702157,-1.20668138537517));
#2295=CARTESIAN_POINT('Ctrl Pts',(-4.26211171491573,4.57672304991612,-1.19607844028406));
#2296=CARTESIAN_POINT('Ctrl Pts',(-4.3356683261575,4.50316643867435,-1.19075347353121));
#2297=CARTESIAN_POINT('Ctrl Pts',(-4.41133092718918,4.42750383764266,-1.18249714933557));
#2298=CARTESIAN_POINT('Ctrl Pts',(-4.41350033068276,4.42533443414909,-1.1822580691666));
#2299=CARTESIAN_POINT('Ctrl Pts',(-4.41638255655257,4.42245220827928,-1.18193730567233));
#2300=CARTESIAN_POINT('Ctrl Pts',(-4.41709549285486,4.42173927197698,-1.18185770866666));
#2301=CARTESIAN_POINT('Ctrl Pts',(-4.41826717633051,4.42056758850133,-1.18172647636542));
#2302=CARTESIAN_POINT('Ctrl Pts',(-4.41872593169182,4.42010883314003,-1.18167498905916));
#2303=CARTESIAN_POINT('Ctrl Pts',(-4.41926224843253,4.41957251639931,-1.18161467382081));
#2304=CARTESIAN_POINT('Ctrl Pts',(-4.41933981550851,4.41949494932333,-1.18160594746611));
#2305=CARTESIAN_POINT('Ctrl Pts',(-4.41941738241592,4.41941738241592,-1.18159721812207));
#2306=CARTESIAN_POINT('',(-4.41941738241592,-4.41941738241592,-0.400347218122068));
#2307=CARTESIAN_POINT('Ctrl Pts',(-4.41709623545614,-4.41690495759941,-0.400302646878187));
#2308=CARTESIAN_POINT('Ctrl Pts',(-4.99800552377731,-3.83459152968283,-0.465720649554677));
#2309=CARTESIAN_POINT('Ctrl Pts',(-6.26523767719924,-1.95341821273551,-0.642776362357406));
#2310=CARTESIAN_POINT('Ctrl Pts',(-6.45498653961308,1.50580299613596,-0.903189750180018));
#2311=CARTESIAN_POINT('Ctrl Pts',(-5.158154352705,3.67664767141786,-1.09818513532614));
#2312=CARTESIAN_POINT('Ctrl Pts',(-4.41934715622926,4.41935562136021,-1.18154281034602));
#2313=CARTESIAN_POINT('',(-3.15395055860225,-5.68488420622959,0.));
#2314=CARTESIAN_POINT('Ctrl Pts',(-4.41941738241592,-4.41941738241592,-0.400347218122069));
#2315=CARTESIAN_POINT('Ctrl Pts',(-4.419066547155,-4.41976821767685,-0.400307735283358));
#2316=CARTESIAN_POINT('Ctrl Pts',(-4.41871571534259,-4.42011904948926,-0.400268191290048));
#2317=CARTESIAN_POINT('Ctrl Pts',(-4.4178016741809,-4.42103309065095,-0.400165004849733));
#2318=CARTESIAN_POINT('Ctrl Pts',(-4.4172384703197,-4.42159629451215,-0.400101265961766));
#2319=CARTESIAN_POINT('Ctrl Pts',(-4.41543791806905,-4.4233968467628,-0.399896986949907));
#2320=CARTESIAN_POINT('Ctrl Pts',(-4.414200604308,-4.42463416052385,-0.399755843880367));
#2321=CARTESIAN_POINT('Ctrl Pts',(-4.40354361281145,-4.4352911520204,-0.398533586633024));
#2322=CARTESIAN_POINT('Ctrl Pts',(-4.39412658751604,-4.44470817731581,-0.397409186380405));
#2323=CARTESIAN_POINT('Ctrl Pts',(-4.28002843186489,-4.55880633296696,-0.383249529475624));
#2324=CARTESIAN_POINT('Ctrl Pts',(-4.17589519176996,-4.66293957306189,-0.364854120378996));
#2325=CARTESIAN_POINT('Ctrl Pts',(-4.07003074346163,-4.76880402137021,-0.340796264967121));
#2326=CARTESIAN_POINT('Ctrl Pts',(-4.06791937799526,-4.77091538683193,-0.340314271475032));
#2327=CARTESIAN_POINT('Ctrl Pts',(-3.79800136759334,-5.04083339723385,-0.278417252636808));
#2328=CARTESIAN_POINT('Ctrl Pts',(-3.53610805990843,-5.30272670492341,-0.183243151367058));
#2329=CARTESIAN_POINT('Ctrl Pts',(-3.23718853289787,-5.60164623193397,-0.0416781429717234));
#2330=CARTESIAN_POINT('Ctrl Pts',(-3.19549582585797,-5.64333893897388,-0.0211688215908283));
#2331=CARTESIAN_POINT('Ctrl Pts',(-3.15395055860225,-5.68488420622959,-2.77555756156289E-16));
#2332=CARTESIAN_POINT('',(-6.8419422217304,2.07613261486422,0.));
#2333=CARTESIAN_POINT('Ctrl Pts',(-6.84388349863347,2.07812191014764,-5.52683710358068E-12));
#2334=CARTESIAN_POINT('Ctrl Pts',(-6.85042327800456,2.04995485262807,-5.46210733924237E-12));
#2335=CARTESIAN_POINT('Ctrl Pts',(-6.85678365666073,2.02175317020575,-5.3953948219256E-12));
#2336=CARTESIAN_POINT('Ctrl Pts',(-6.86296375250562,1.99351813098703,-5.32632011412959E-12));
#2337=CARTESIAN_POINT('Ctrl Pts',(-6.90497312930089,1.80158965105111,-4.85678063815348E-12));
#2338=CARTESIAN_POINT('Ctrl Pts',(-6.93865720310861,1.60812064828475,-4.29270646279593E-12));
#2339=CARTESIAN_POINT('Ctrl Pts',(-6.9641400162896,1.41363631139437,-3.71062208737172E-12));
#2340=CARTESIAN_POINT('Ctrl Pts',(-6.98904171377222,1.22358703826447,-3.1418116925686E-12));
#2341=CARTESIAN_POINT('Ctrl Pts',(-7.00611156077085,1.03256741695748,-2.55554523762924E-12));
#2342=CARTESIAN_POINT('Ctrl Pts',(-7.01541120928744,0.8410656943604,-2.02131367199598E-12));
#2343=CARTESIAN_POINT('Ctrl Pts',(-7.0246789422521,0.650221188341162,-1.48891554073908E-12));
#2344=CARTESIAN_POINT('Ctrl Pts',(-7.0262295482171,0.458897150348947,-1.00786030390564E-12));
#2345=CARTESIAN_POINT('Ctrl Pts',(-7.02007343778673,0.267586270679877,-6.49175158073945E-13));
#2346=CARTESIAN_POINT('Ctrl Pts',(-7.01608383218665,0.143602959217832,-4.16721195030205E-13));
#2347=CARTESIAN_POINT('Ctrl Pts',(-7.00885640244883,0.0196253937502074,
-2.35276086155242E-13));
#2348=CARTESIAN_POINT('Ctrl Pts',(-6.99838306009524,-0.104207993918816,
-1.24095178577477E-13));
#2349=CARTESIAN_POINT('Ctrl Pts',(-6.99380097281554,-0.158385101024014,
-7.54535315122046E-14));
#2350=CARTESIAN_POINT('Ctrl Pts',(-6.98859748859688,-0.212534557559931,
-4.08070340803341E-14));
#2351=CARTESIAN_POINT('Ctrl Pts',(-6.98277142631583,-0.266644491239741,
-2.06223926824123E-14));
#2352=CARTESIAN_POINT('Ctrl Pts',(-6.97990179594137,-0.29329637063225,-1.06804357895845E-14));
#2353=CARTESIAN_POINT('Ctrl Pts',(-6.97688111969186,-0.319938658684968,
-3.51597082376307E-15));
#2354=CARTESIAN_POINT('Ctrl Pts',(-6.9737092294582,-0.346569919293529,-9.99200722162641E-16));
#2355=CARTESIAN_POINT('Ctrl Pts',(-6.97092048018473,-0.369984319919935,
1.21356210230868E-15));
#2356=CARTESIAN_POINT('Ctrl Pts',(-6.96801469009861,-0.393391007032294,
-1.88241125158438E-15));
#2357=CARTESIAN_POINT('Ctrl Pts',(-6.96499397220668,-0.416772750007532,
-1.85962356624714E-15));
#2358=CARTESIAN_POINT('Ctrl Pts',(-6.94045040050853,-0.606751260306403,
-1.67447182122483E-15));
#2359=CARTESIAN_POINT('Ctrl Pts',(-6.90829501967794,-0.795337360220524,
-4.47810234337719E-17));
#2360=CARTESIAN_POINT('Ctrl Pts',(-6.86861211028286,-0.982050429470574,
-2.77555756156289E-17));
#2361=CARTESIAN_POINT('Ctrl Pts',(-6.82969839179145,-1.16514435897886,-1.10601393765762E-17));
#2362=CARTESIAN_POINT('Ctrl Pts',(-6.78354580383952,-1.34643784860883,-3.13033558164276E-16));
#2363=CARTESIAN_POINT('Ctrl Pts',(-6.7301838352033,-1.52546458910229,-2.77555756156289E-16));
#2364=CARTESIAN_POINT('Ctrl Pts',(-6.67523969159895,-1.70979944761829,-2.41026042239952E-16));
#2365=CARTESIAN_POINT('Ctrl Pts',(-6.61265240055736,-1.89173204104326,1.70473244101967E-16));
#2366=CARTESIAN_POINT('Ctrl Pts',(-6.54240193950786,-2.07072718463462,2.22044604925031E-16));
#2367=CARTESIAN_POINT('Ctrl Pts',(-6.4762693270529,-2.23923022768382,2.70593023940875E-16));
#2368=CARTESIAN_POINT('Ctrl Pts',(-6.40334503863093,-2.40513042137112,-1.75284545586054E-16));
#2369=CARTESIAN_POINT('Ctrl Pts',(-6.32357143983322,-2.56795032639918,-3.33066907387547E-16));
#2370=CARTESIAN_POINT('Ctrl Pts',(-6.31860421429207,-2.57808855763173,-3.42891468261014E-16));
#2371=CARTESIAN_POINT('Ctrl Pts',(-6.31361042071749,-2.58821483478912,-2.77681712064923E-16));
#2372=CARTESIAN_POINT('Ctrl Pts',(-6.3085900402714,-2.59832903792275,-2.77555756156289E-16));
#2373=CARTESIAN_POINT('Ctrl Pts',(-6.28087979936713,-2.65415488785523,-1.65838233757944E-16));
#2374=CARTESIAN_POINT('Ctrl Pts',(-6.25235960816526,-2.70961293819146,2.29422578823588E-17));
#2375=CARTESIAN_POINT('Ctrl Pts',(-6.22304020047874,-2.76468885106605,0.));
#2376=CARTESIAN_POINT('Ctrl Pts',(-6.20589326352237,-2.79689902447654,-1.34173736984011E-17));
#2377=CARTESIAN_POINT('Ctrl Pts',(-6.18847296427281,-2.82897848642347,-5.40067790287098E-16));
#2378=CARTESIAN_POINT('Ctrl Pts',(-6.17078139213306,-2.86092428616622,-5.55111512312578E-16));
#2379=CARTESIAN_POINT('Ctrl Pts',(-6.15576738080046,-2.88803519499769,-5.67878416869771E-16));
#2380=CARTESIAN_POINT('Ctrl Pts',(-6.14055530939099,-2.9150543850482,6.82780557884511E-17));
#2381=CARTESIAN_POINT('Ctrl Pts',(-6.12516214265225,-2.9419529988605,5.55111512312578E-17));
#2382=CARTESIAN_POINT('Ctrl Pts',(-6.03462068684488,-3.10016863409016,-1.95828267903624E-17));
#2383=CARTESIAN_POINT('Ctrl Pts',(-5.93773340661955,-3.25437211106224,-1.39436240092318E-16));
#2384=CARTESIAN_POINT('Ctrl Pts',(-5.83487179799516,-3.4042832814992,-1.11022302462516E-16));
#2385=CARTESIAN_POINT('Ctrl Pts',(-5.73063089038891,-3.55620465114964,-8.22273546991199E-17));
#2386=CARTESIAN_POINT('Ctrl Pts',(-5.62025386313656,-3.70371837984982,-2.52896334671527E-16));
#2387=CARTESIAN_POINT('Ctrl Pts',(-5.50408465670894,-3.84650108173145,-2.22044604925031E-16));
#2388=CARTESIAN_POINT('Ctrl Pts',(-5.38813847804599,-3.98900966185728,-1.91252105955207E-16));
#2389=CARTESIAN_POINT('Ctrl Pts',(-5.26642175203526,-4.12680583448501,2.46932563357614E-16));
#2390=CARTESIAN_POINT('Ctrl Pts',(-5.13924249073594,-4.25952901862352,3.88578058618805E-16));
#2391=CARTESIAN_POINT('Ctrl Pts',(-5.01400376069629,-4.39022708101597,5.28062293399798E-16));
#2392=CARTESIAN_POINT('Ctrl Pts',(-4.8834673265775,-4.51600612860611,-6.21660580497096E-16));
#2393=CARTESIAN_POINT('Ctrl Pts',(-4.74790320850437,-4.63647803075098,-6.66133814775094E-16));
#2394=CARTESIAN_POINT('Ctrl Pts',(-4.65672181766613,-4.71750828972093,-6.96046828736173E-16));
#2395=CARTESIAN_POINT('Ctrl Pts',(-4.56326541610008,-4.79613669034427,-8.24689709542129E-17));
#2396=CARTESIAN_POINT('Ctrl Pts',(-4.46761186837903,-4.87223251227638,-1.11022302462516E-16));
#2397=CARTESIAN_POINT('Ctrl Pts',(-4.32622746790359,-4.98470886489358,-2.59732051287677E-16));
#2398=CARTESIAN_POINT('Ctrl Pts',(-4.18061492918795,-5.09120025867511,-3.51931387776386E-11));
#2399=CARTESIAN_POINT('Ctrl Pts',(-4.03109385340895,-5.19140235284812,-8.71751559827771E-11));
#2400=CARTESIAN_POINT('Ctrl Pts',(-3.88330907214382,-5.29044086292113,-1.38553538611164E-10));
#2401=CARTESIAN_POINT('Ctrl Pts',(-3.73170540520942,-5.38333563626763,-2.06333775605561E-10));
#2402=CARTESIAN_POINT('Ctrl Pts',(-3.57656546543097,-5.46974973068023,-2.72745270812891E-10));
#2403=CARTESIAN_POINT('Ctrl Pts',(-3.43843530854178,-5.54668925015985,-3.31875306994002E-10));
#2404=CARTESIAN_POINT('Ctrl Pts',(-3.29750121625574,-5.61849089869773,-3.89920390186227E-10));
#2405=CARTESIAN_POINT('Ctrl Pts',(-3.15395055831083,-5.68488420590621,-4.34338232047082E-10));
#2406=CARTESIAN_POINT('Ctrl Pts',(-1.96381155085032,6.87502321397875,-0.496339478231638));
#2407=CARTESIAN_POINT('Ctrl Pts',(-2.73539861815761,6.65462372613646,-0.440520623168517));
#2408=CARTESIAN_POINT('Ctrl Pts',(-3.47125138522289,6.3055239009749,-0.384701768105396));
#2409=CARTESIAN_POINT('Ctrl Pts',(-4.12616130067658,5.84246197982155,-0.328882913042275));
#2410=CARTESIAN_POINT('Ctrl Pts',(-5.41239740931229,4.93301329158623,-0.219255275361522));
#2411=CARTESIAN_POINT('Ctrl Pts',(-6.38641636168733,3.58398382723993,-0.109627637680768));
#2412=CARTESIAN_POINT('Ctrl Pts',(-6.84388349863878,2.07812191014812,-1.48757471173742E-14));
#2413=CARTESIAN_POINT('Ctrl Pts',(1.96381155085285,6.87502321397897,-7.02310495276496));
#2414=CARTESIAN_POINT('Ctrl Pts',(2.81013432349704,6.63327589401515,-7.08433040635856));
#2415=CARTESIAN_POINT('Ctrl Pts',(5.22177866991165,5.44442731481902,-7.26800676713936));
#2416=CARTESIAN_POINT('Ctrl Pts',(7.70132604074678,1.44187778422875,-7.57413403510735));
#2417=CARTESIAN_POINT('Ctrl Pts',(6.65894972095438,-4.11709102001724,-7.94148675666894));
#2418=CARTESIAN_POINT('Ctrl Pts',(3.65645709614129,-6.3915285740513,-8.18638857104333));
#2419=CARTESIAN_POINT('Ctrl Pts',(1.9638115508529,-6.87502321397896,-8.30883947823053));
#2420=CARTESIAN_POINT('Ctrl Pts',(1.88141386340446,6.58656070150425,-7.33560495363955));
#2421=CARTESIAN_POINT('Ctrl Pts',(2.69222658964399,6.35495662573472,-7.39683040723315));
#2422=CARTESIAN_POINT('Ctrl Pts',(5.00268306138383,5.21598980510627,-7.58050676801395));
#2423=CARTESIAN_POINT('Ctrl Pts',(7.37819347959647,1.38137941565969,-7.88663403598194));
#2424=CARTESIAN_POINT('Ctrl Pts',(6.37955322916601,-3.94434594225424,-8.25398675754353));
#2425=CARTESIAN_POINT('Ctrl Pts',(3.50303931588357,-6.12335254996516,-8.49888857191792));
#2426=CARTESIAN_POINT('Ctrl Pts',(1.88141386340451,-6.58656070150424,-8.62133947910512));
#2427=CARTESIAN_POINT('Ctrl Pts',(1.79901617595607,6.29809818902953,-7.64810495451414));
#2428=CARTESIAN_POINT('Ctrl Pts',(2.57431885579094,6.07663735745429,-7.70933040810774));
#2429=CARTESIAN_POINT('Ctrl Pts',(4.78358745285602,4.98755229539352,-7.89300676888853));
#2430=CARTESIAN_POINT('Ctrl Pts',(7.05506091844618,1.32088104709064,-8.19913403685653));
#2431=CARTESIAN_POINT('Ctrl Pts',(6.10015673737764,-3.77160086449123,-8.56648675841812));
#2432=CARTESIAN_POINT('Ctrl Pts',(3.34962153562586,-5.85517652587902,-8.81138857279251));
#2433=CARTESIAN_POINT('Ctrl Pts',(1.79901617595611,-6.29809818902952,-8.93383947997971));
#2434=CARTESIAN_POINT('Ctrl Pts',(1.71661848850767,6.00963567655481,-7.96060495538873));
#2435=CARTESIAN_POINT('Ctrl Pts',(2.45641112193788,5.79831808917386,-8.02183040898232));
#2436=CARTESIAN_POINT('Ctrl Pts',(4.5644918443282,4.75911478568078,-8.20550676976312));
#2437=CARTESIAN_POINT('Ctrl Pts',(6.73192835729588,1.26038267852158,-8.51163403773111));
#2438=CARTESIAN_POINT('Ctrl Pts',(5.82076024558927,-3.59885578672822,-8.8789867592927));
#2439=CARTESIAN_POINT('Ctrl Pts',(3.19620375536814,-5.58700050179288,-9.1238885736671));
#2440=CARTESIAN_POINT('Ctrl Pts',(1.71661848850772,-6.0096356765548,-9.24633948085429));
#2441=CARTESIAN_POINT('',(4.41941738241592,4.41941738241592,-8.21284721812208));
#2442=CARTESIAN_POINT('',(1.96381155085411,6.8750232139777,-7.023104952766));
#2443=CARTESIAN_POINT('Ctrl Pts',(4.41941738241593,4.41941738241591,-8.21284721812208));
#2444=CARTESIAN_POINT('Ctrl Pts',(4.41906654715494,4.41976821767691,-8.21280773528336));
#2445=CARTESIAN_POINT('Ctrl Pts',(4.41871571534249,4.42011904948936,-8.21276819129005));
#2446=CARTESIAN_POINT('Ctrl Pts',(4.4178016741861,4.42103309064574,-8.21266500485033));
#2447=CARTESIAN_POINT('Ctrl Pts',(4.41723847032993,4.42159629450192,-8.21260126596294));
#2448=CARTESIAN_POINT('Ctrl Pts',(4.41543791806667,4.42339684676517,-8.21239698694965));
#2449=CARTESIAN_POINT('Ctrl Pts',(4.41420060430311,4.42463416052873,-8.21225584387982));
#2450=CARTESIAN_POINT('Ctrl Pts',(4.40354361281199,4.43529115201986,-8.2110335866331));
#2451=CARTESIAN_POINT('Ctrl Pts',(4.39412658751659,4.44470817731525,-8.20990918638049));
#2452=CARTESIAN_POINT('Ctrl Pts',(4.2800284318648,4.55880633296704,-8.19574952947562));
#2453=CARTESIAN_POINT('Ctrl Pts',(4.17589519176988,4.66293957306197,-8.17735412037899));
#2454=CARTESIAN_POINT('Ctrl Pts',(4.07003074346057,4.76880402137128,-8.15329626496689));
#2455=CARTESIAN_POINT('Ctrl Pts',(4.06791937799312,4.77091538683407,-8.15281427147455));
#2456=CARTESIAN_POINT('Ctrl Pts',(3.95486652090645,4.88396824392074,-8.12688923292529));
#2457=CARTESIAN_POINT('Ctrl Pts',(3.84478880192611,4.99404596290573,-8.09562499057404));
#2458=CARTESIAN_POINT('Ctrl Pts',(3.70891262413989,5.12992214069195,-8.05007667648574));
#2459=CARTESIAN_POINT('Ctrl Pts',(3.68244693728524,5.1563878275466,-8.04087340559864));
#2460=CARTESIAN_POINT('Ctrl Pts',(3.6243503640182,5.21448440081364,-8.019957087741));
#2461=CARTESIAN_POINT('Ctrl Pts',(3.59274817713953,5.24608658769232,-8.00811166297383));
#2462=CARTESIAN_POINT('Ctrl Pts',(3.52357987947717,5.31525488535468,-7.98118664024241));
#2463=CARTESIAN_POINT('Ctrl Pts',(3.48605510705749,5.35277965777437,-7.96592861745968));
#2464=CARTESIAN_POINT('Ctrl Pts',(3.42893440328495,5.40990036154691,-7.94174293267997));
#2465=CARTESIAN_POINT('Ctrl Pts',(3.40925364935974,5.42958111547209,-7.93323468774284));
#2466=CARTESIAN_POINT('Ctrl Pts',(3.36830925612905,5.47052550870278,-7.91517586292165));
#2467=CARTESIAN_POINT('Ctrl Pts',(3.34705240327313,5.49178236155874,-7.90559813004691));
#2468=CARTESIAN_POINT('Ctrl Pts',(3.30174913854466,5.5370856262872,-7.88476312705286));
#2469=CARTESIAN_POINT('Ctrl Pts',(3.27771534242625,5.56111942240558,-7.87345434826463));
#2470=CARTESIAN_POINT('Ctrl Pts',(3.22365250769499,5.61518225713684,-7.84745388582242));
#2471=CARTESIAN_POINT('Ctrl Pts',(3.19365497209873,5.64517979273311,-7.83263403892765));
#2472=CARTESIAN_POINT('Ctrl Pts',(3.12073424308919,5.71810052174265,-7.79568108141117));
#2473=CARTESIAN_POINT('Ctrl Pts',(3.07790209100875,5.76093267382288,-7.77318683311102));
#2474=CARTESIAN_POINT('Ctrl Pts',(3.00339639182384,5.83543837300779,-7.73274625807733));
#2475=CARTESIAN_POINT('Ctrl Pts',(2.97164199436388,5.86719277046795,-7.71508970793441));
#2476=CARTESIAN_POINT('Ctrl Pts',(2.90543904567908,5.93339571915275,-7.67743111810066));
#2477=CARTESIAN_POINT('Ctrl Pts',(2.87100679252978,5.96782797230205,-7.65736059142522));
#2478=CARTESIAN_POINT('Ctrl Pts',(2.79510662525965,6.04372813957218,-7.61209146423349));
#2479=CARTESIAN_POINT('Ctrl Pts',(2.75368790672719,6.08514685810466,-7.58670368245611));
#2480=CARTESIAN_POINT('Ctrl Pts',(2.45711254173511,6.38172222309674,-7.40024530325113));
#2481=CARTESIAN_POINT('Ctrl Pts',(2.20668432553457,6.63215043929727,-7.21776599616445));
#2482=CARTESIAN_POINT('Ctrl Pts',(1.96381155085287,6.87502321397898,-7.02310495276496));
#2483=CARTESIAN_POINT('',(1.96381155085332,-6.87502321397815,-8.30883947823143));
#2484=CARTESIAN_POINT('Ctrl Pts',(1.96381155085275,-6.87502321397621,-8.30883947823328));
#2485=CARTESIAN_POINT('Ctrl Pts',(3.65645709614026,-6.39152857404864,-8.1863885710461));
#2486=CARTESIAN_POINT('Ctrl Pts',(5.15770340854599,-5.25430979703214,-8.06393766385892));
#2487=CARTESIAN_POINT('Ctrl Pts',(6.08205595138088,-3.7592056078167,-7.94148675667174));
#2488=CARTESIAN_POINT('Ctrl Pts',(7.00640849421587,-2.2641014186011,-7.81903584948454));
#2489=CARTESIAN_POINT('Ctrl Pts',(7.35386726747988,-0.411111817186487,-7.69658494229735));
#2490=CARTESIAN_POINT('Ctrl Pts',(7.03168717994506,1.31589288963857,-7.57413403511015));
#2491=CARTESIAN_POINT('Ctrl Pts',(6.70950709241024,3.04289759646363,-7.45168312792296));
#2492=CARTESIAN_POINT('Ctrl Pts',(5.71768814407658,4.64391740869916,-7.32923222073576));
#2493=CARTESIAN_POINT('Ctrl Pts',(4.31523989622595,5.70596782575353,-7.20678131354856));
#2494=CARTESIAN_POINT('Ctrl Pts',(3.61401577230102,6.23699303428043,-7.145555859955));
#2495=CARTESIAN_POINT('Ctrl Pts',(2.81013432349695,6.63327589401219,-7.08433040636143));
#2496=CARTESIAN_POINT('Ctrl Pts',(1.96381155085359,6.87502321397597,-7.02310495276787));
#2497=CARTESIAN_POINT('',(4.41941738241592,-4.41941738241592,-8.99409721812208));
#2498=CARTESIAN_POINT('Ctrl Pts',(1.96381155085289,-6.87502321397895,-8.30883947823054));
#2499=CARTESIAN_POINT('Ctrl Pts',(2.45699207933487,-6.38184268549698,-8.61930246497926));
#2500=CARTESIAN_POINT('Ctrl Pts',(2.97488760278155,-5.8639471620503,-8.85806835075794));
#2501=CARTESIAN_POINT('Ctrl Pts',(3.73760719678397,-5.10122756804788,-9.00139540950951));
#2502=CARTESIAN_POINT('Ctrl Pts',(3.96208308781136,-4.87675167702049,-9.0191813853752));
#2503=CARTESIAN_POINT('Ctrl Pts',(4.26211171491679,-4.57672304991505,-9.00857844028402));
#2504=CARTESIAN_POINT('Ctrl Pts',(4.33566832615883,-4.50316643867302,-9.00325347353111));
#2505=CARTESIAN_POINT('Ctrl Pts',(4.41133092718961,-4.42750383764223,-8.99499714933553));
#2506=CARTESIAN_POINT('Ctrl Pts',(4.41350033068205,-4.4253344341498,-8.99475806916669));
#2507=CARTESIAN_POINT('Ctrl Pts',(4.41638255655682,-4.42245220827502,-8.99443730567187));
#2508=CARTESIAN_POINT('Ctrl Pts',(4.41709549286305,-4.4217392719688,-8.99435770866575));
#2509=CARTESIAN_POINT('Ctrl Pts',(4.41826717633192,-4.42056758849993,-8.99422647636527));
#2510=CARTESIAN_POINT('Ctrl Pts',(4.41872593169446,-4.42010883313739,-8.99417498905887));
#2511=CARTESIAN_POINT('Ctrl Pts',(4.41926224843259,-4.41957251639925,-8.99411467382081));
#2512=CARTESIAN_POINT('Ctrl Pts',(4.41933981550849,-4.41949494932336,-8.99410594746612));
#2513=CARTESIAN_POINT('Ctrl Pts',(4.41941738241592,-4.41941738241593,-8.99409721812208));
#2514=CARTESIAN_POINT('Ctrl Pts',(4.42026138637571,4.42026455904523,-8.21293057516431));
#2515=CARTESIAN_POINT('Ctrl Pts',(5.30157010832655,3.5324603475355,-8.31249839601991));
#2516=CARTESIAN_POINT('Ctrl Pts',(6.67516999581118,0.957691649492486,-8.53451712406271));
#2517=CARTESIAN_POINT('Ctrl Pts',(6.02910319103795,-2.4877676774314,-8.79498980302809));
#2518=CARTESIAN_POINT('Ctrl Pts',(4.75926949407234,-4.0759996260602,-8.95589466113787));
#2519=CARTESIAN_POINT('Ctrl Pts',(4.41650228876765,-4.41670401569322,-8.99434861206046));
#2520=CARTESIAN_POINT('Ctrl Pts',(-1.96381156012325,-6.87502321133093,-2.33560495343561));
#2521=CARTESIAN_POINT('Ctrl Pts',(-3.65645710387696,-6.39152856937304,-2.45805586055894));
#2522=CARTESIAN_POINT('Ctrl Pts',(-6.65902635290346,-4.1174059635138,-2.70295767480562));
#2523=CARTESIAN_POINT('Ctrl Pts',(-7.70135365760673,1.44170432795424,-3.07031039617563));
#2524=CARTESIAN_POINT('Ctrl Pts',(-5.22178608407738,5.44430738162924,-3.37643766398398));
#2525=CARTESIAN_POINT('Ctrl Pts',(-2.81013432305403,6.63327589414192,-3.56011402466899));
#2526=CARTESIAN_POINT('Ctrl Pts',(-1.96381155085114,6.87502321397946,-3.62133947823065));
#2527=CARTESIAN_POINT('Ctrl Pts',(-1.88141387228589,-6.58656069896732,-2.64810495431019));
#2528=CARTESIAN_POINT('Ctrl Pts',(-3.50303932329467,-6.12335254548319,-2.77055586143353));
#2529=CARTESIAN_POINT('Ctrl Pts',(-6.37962664578855,-3.94464767133835,-3.01545767568021));
#2530=CARTESIAN_POINT('Ctrl Pts',(-7.37821993770705,1.38121323727083,-3.38281039705022));
#2531=CARTESIAN_POINT('Ctrl Pts',(-5.00269016446568,5.2158749040783,-3.68893766485857));
#2532=CARTESIAN_POINT('Ctrl Pts',(-2.69222658921956,6.35495662585617,-3.87261402554357));
#2533=CARTESIAN_POINT('Ctrl Pts',(-1.88141386340282,6.58656070150472,-3.93383947910524));
#2534=CARTESIAN_POINT('Ctrl Pts',(-1.79901618444853,-6.29809818660371,-2.96060495518478));
#2535=CARTESIAN_POINT('Ctrl Pts',(-3.34962154271238,-5.85517652159335,-3.08305586230812));
#2536=CARTESIAN_POINT('Ctrl Pts',(-6.10022693867365,-3.7718893791629,-3.32795767655479));
#2537=CARTESIAN_POINT('Ctrl Pts',(-7.05508621780739,1.32072214658742,-3.69531039792481));
#2538=CARTESIAN_POINT('Ctrl Pts',(-4.78359424485398,4.98744242652736,-4.00143766573315));
#2539=CARTESIAN_POINT('Ctrl Pts',(-2.5743188553851,6.07663735757042,-4.18511402641816));
#2540=CARTESIAN_POINT('Ctrl Pts',(-1.7990161759545,6.29809818902998,-4.24633947997983));
#2541=CARTESIAN_POINT('Ctrl Pts',(-1.71661849661117,-6.0096356742401,-3.27310495605937));
#2542=CARTESIAN_POINT('Ctrl Pts',(-3.19620376213009,-5.5870004977035,-3.39555586318271));
#2543=CARTESIAN_POINT('Ctrl Pts',(-5.82082723155874,-3.59913108698745,-3.64045767742938));
#2544=CARTESIAN_POINT('Ctrl Pts',(-6.73195249790772,1.26023105590401,-4.0078103987994));
#2545=CARTESIAN_POINT('Ctrl Pts',(-4.56449832524229,4.75900994897643,-4.31393766660774));
#2546=CARTESIAN_POINT('Ctrl Pts',(-2.45641112155063,5.79831808928467,-4.49761402729275));
#2547=CARTESIAN_POINT('Ctrl Pts',(-1.71661848850618,6.00963567655524,-4.55883948085442));
#2548=CARTESIAN_POINT('',(-1.96381155085147,6.8750232139792,-3.62133947823159));
#2549=CARTESIAN_POINT('',(-4.41941738241592,4.41941738241592,-4.30659721812207));
#2550=CARTESIAN_POINT('Ctrl Pts',(-1.96381155085286,6.87502321397898,-3.62133947823052));
#2551=CARTESIAN_POINT('Ctrl Pts',(-2.45699207933464,6.38184268549721,-3.93180246497912));
#2552=CARTESIAN_POINT('Ctrl Pts',(-2.97488760278089,5.86394716205096,-4.17056835075763));
#2553=CARTESIAN_POINT('Ctrl Pts',(-3.73760719678311,5.10122756804874,-4.31389540950943));
#2554=CARTESIAN_POINT('Ctrl Pts',(-3.96208308781067,4.87675167702117,-4.33168138537518));
#2555=CARTESIAN_POINT('Ctrl Pts',(-4.26211171491609,4.57672304991575,-4.32107844028405));
#2556=CARTESIAN_POINT('Ctrl Pts',(-4.33566832615793,4.50316643867392,-4.31575347353118));
#2557=CARTESIAN_POINT('Ctrl Pts',(-4.41133092719061,4.42750383764123,-4.30749714933542));
#2558=CARTESIAN_POINT('Ctrl Pts',(-4.41350033068503,4.42533443414681,-4.30725806916635));
#2559=CARTESIAN_POINT('Ctrl Pts',(-4.41638255655171,4.42245220828013,-4.30693730567243));
#2560=CARTESIAN_POINT('Ctrl Pts',(-4.41709549285303,4.42173927197881,-4.30685770866686));
#2561=CARTESIAN_POINT('Ctrl Pts',(-4.4182671763297,4.42056758850214,-4.30672647636552));
#2562=CARTESIAN_POINT('Ctrl Pts',(-4.41872593169014,4.42010883314171,-4.30667498905935));
#2563=CARTESIAN_POINT('Ctrl Pts',(-4.41926224843257,4.41957251639928,-4.30661467382081));
#2564=CARTESIAN_POINT('Ctrl Pts',(-4.41933981550852,4.41949494932333,-4.30660594746612));
#2565=CARTESIAN_POINT('Ctrl Pts',(-4.41941738241592,4.41941738241593,-4.30659721812208));
#2566=CARTESIAN_POINT('',(-4.41941738241592,-4.41941738241592,-3.52534721812207));
#2567=CARTESIAN_POINT('Ctrl Pts',(-4.41679813232255,-4.41655956225192,-3.52512578804815));
#2568=CARTESIAN_POINT('Ctrl Pts',(-4.75946184991463,-4.0759492248034,-3.56356975117523));
#2569=CARTESIAN_POINT('Ctrl Pts',(-6.02918515235569,-2.48788257935965,-3.72446462142564));
#2570=CARTESIAN_POINT('Ctrl Pts',(-6.67520123946618,0.957555971568637,-3.9849291002561));
#2571=CARTESIAN_POINT('Ctrl Pts',(-5.30156076553447,3.53238023260445,-4.20694961595948));
#2572=CARTESIAN_POINT('Ctrl Pts',(-4.42022182905207,4.42022468067594,-4.30651922453952));
#2573=CARTESIAN_POINT('',(-1.96381156345059,-6.87502320685861,-2.33560495387539));
#2574=CARTESIAN_POINT('Ctrl Pts',(-4.41941738241591,-4.41941738241593,-3.52534721812207));
#2575=CARTESIAN_POINT('Ctrl Pts',(-4.41906654715759,-4.41976821767425,-3.52530773528365));
#2576=CARTESIAN_POINT('Ctrl Pts',(-4.41871571534675,-4.42011904948509,-3.52526819129052));
#2577=CARTESIAN_POINT('Ctrl Pts',(-4.41780167417496,-4.42103309065688,-3.52516500484907));
#2578=CARTESIAN_POINT('Ctrl Pts',(-4.41723847030774,-4.42159629452411,-3.52510126596041));
#2579=CARTESIAN_POINT('Ctrl Pts',(-4.41543791807088,-4.42339684676097,-3.52489698695012));
#2580=CARTESIAN_POINT('Ctrl Pts',(-4.41420060431162,-4.42463416052023,-3.52475584388079));
#2581=CARTESIAN_POINT('Ctrl Pts',(-4.40354361281144,-4.43529115202041,-3.52353358663303));
#2582=CARTESIAN_POINT('Ctrl Pts',(-4.39412658751592,-4.44470817731593,-3.52240918638039));
#2583=CARTESIAN_POINT('Ctrl Pts',(-4.28002843186483,-4.55880633296702,-3.50824952947562));
#2584=CARTESIAN_POINT('Ctrl Pts',(-4.17589519176991,-4.66293957306194,-3.48985412037898));
#2585=CARTESIAN_POINT('Ctrl Pts',(-4.07003074346219,-4.76880402136966,-3.46579626496725));
#2586=CARTESIAN_POINT('Ctrl Pts',(-4.06791937799638,-4.77091538683081,-3.46531427147529));
#2587=CARTESIAN_POINT('Ctrl Pts',(-3.5963865887492,-5.24244817607799,-3.35718338426472));
#2588=CARTESIAN_POINT('Ctrl Pts',(-3.14521083120994,-5.69362393362192,-3.14535605563987));
#2589=CARTESIAN_POINT('Ctrl Pts',(-2.45711254173508,-6.38172222309677,-2.7127453032511));
#2590=CARTESIAN_POINT('Ctrl Pts',(-2.20668433345192,-6.63215043137993,-2.53026600211973));
#2591=CARTESIAN_POINT('Ctrl Pts',(-1.9638115586519,-6.87502320617995,-2.33560495901582));
#2592=CARTESIAN_POINT('Ctrl Pts',(-1.96381155085077,6.87502321397806,-3.62133947823215));
#2593=CARTESIAN_POINT('Ctrl Pts',(-2.81013432305345,6.63327589414058,-3.56011402467049));
#2594=CARTESIAN_POINT('Ctrl Pts',(-3.61401824339435,6.23695305663647,-3.49888857110882));
#2595=CARTESIAN_POINT('Ctrl Pts',(-4.31524536185688,5.70589762805547,-3.43766311754716));
#2596=CARTESIAN_POINT('Ctrl Pts',(-5.71769959878201,4.64378677089341,-3.31521221042382));
#2597=CARTESIAN_POINT('Ctrl Pts',(-6.70952662819358,3.04274554942375,-3.19276130330048));
#2598=CARTESIAN_POINT('Ctrl Pts',(-7.03171892544887,1.31570655677776,-3.07031039617715));
#2599=CARTESIAN_POINT('Ctrl Pts',(-7.35391122270416,-0.411332435868218,
-2.94785948905381));
#2600=CARTESIAN_POINT('Ctrl Pts',(-7.00646878780317,-2.26436919969054,-2.82540858193047));
#2601=CARTESIAN_POINT('Ctrl Pts',(-6.08210525809621,-3.7594182330664,-2.70295767480713));
#2602=CARTESIAN_POINT('Ctrl Pts',(-5.15774172949351,-5.25446726465628,-2.58050676783007));
#2603=CARTESIAN_POINT('Ctrl Pts',(-3.65645710746323,-6.391528566655,-2.45805586085302));
#2604=CARTESIAN_POINT('Ctrl Pts',(-1.96381156618912,-6.87502320959675,-2.33560495387596));
#2605=CARTESIAN_POINT('Ctrl Pts',(1.96381155085285,6.87502321397897,-10.148104952765));
#2606=CARTESIAN_POINT('Ctrl Pts',(2.81013432349705,6.63327589401515,-10.2093304063586));
#2607=CARTESIAN_POINT('Ctrl Pts',(5.22177459083862,5.44448384432957,-10.3930067671394));
#2608=CARTESIAN_POINT('Ctrl Pts',(7.70131273860753,1.44196014000105,-10.6991340351073));
#2609=CARTESIAN_POINT('Ctrl Pts',(6.65891497576238,-4.11694658207543,-11.0664867566689));
#2610=CARTESIAN_POINT('Ctrl Pts',(3.65645709614128,-6.3915285740513,-11.3113885710433));
#2611=CARTESIAN_POINT('Ctrl Pts',(1.9638115508529,-6.87502321397896,-11.4338394782305));
#2612=CARTESIAN_POINT('Ctrl Pts',(1.88141386340446,6.58656070150425,-10.4606049536396));
#2613=CARTESIAN_POINT('Ctrl Pts',(2.69222658964399,6.35495662573472,-10.5218304072332));
#2614=CARTESIAN_POINT('Ctrl Pts',(5.00267915346072,5.21604396274924,-10.7055067680139));
#2615=CARTESIAN_POINT('Ctrl Pts',(7.37818073558894,1.38145831594505,-11.0116340359819));
#2616=CARTESIAN_POINT('Ctrl Pts',(6.37951994181423,-3.94420756464565,-11.3789867575435));
#2617=CARTESIAN_POINT('Ctrl Pts',(3.50303931588357,-6.12335254996516,-11.6238885719179));
#2618=CARTESIAN_POINT('Ctrl Pts',(1.88141386340451,-6.58656070150424,-11.7463394791051));
#2619=CARTESIAN_POINT('Ctrl Pts',(1.79901617595606,6.29809818902953,-10.7731049545141));
#2620=CARTESIAN_POINT('Ctrl Pts',(2.57431885579094,6.07663735745429,-10.8343304081077));
#2621=CARTESIAN_POINT('Ctrl Pts',(4.78358371608281,4.98760408116892,-11.0180067688885));
#2622=CARTESIAN_POINT('Ctrl Pts',(7.05504873257036,1.32095649188904,-11.3241340368565));
#2623=CARTESIAN_POINT('Ctrl Pts',(6.10012490786609,-3.77146854721586,-11.6914867584181));
#2624=CARTESIAN_POINT('Ctrl Pts',(3.34962153562585,-5.85517652587902,-11.9363885727925));
#2625=CARTESIAN_POINT('Ctrl Pts',(1.79901617595611,-6.29809818902952,-12.0588394799797));
#2626=CARTESIAN_POINT('Ctrl Pts',(1.71661848850767,6.00963567655482,-11.0856049553887));
#2627=CARTESIAN_POINT('Ctrl Pts',(2.45641112193788,5.79831808917386,-11.1468304089823));
#2628=CARTESIAN_POINT('Ctrl Pts',(4.56448827870491,4.7591641995886,-11.3305067697631));
#2629=CARTESIAN_POINT('Ctrl Pts',(6.73191672955178,1.26045466783304,-11.6366340377311));
#2630=CARTESIAN_POINT('Ctrl Pts',(5.82072987391794,-3.59872952978608,-12.0039867592927));
#2631=CARTESIAN_POINT('Ctrl Pts',(3.19620375536813,-5.58700050179288,-12.2488885736671));
#2632=CARTESIAN_POINT('Ctrl Pts',(1.71661848850772,-6.0096356765548,-12.3713394808543));
#2633=CARTESIAN_POINT('',(4.41941738241592,4.41941738241592,-11.3378472181221));
#2634=CARTESIAN_POINT('',(1.96381155085394,6.8750232139778,-10.148104952766));
#2635=CARTESIAN_POINT('Ctrl Pts',(4.41941738241589,4.41941738241596,-11.3378472181221));
#2636=CARTESIAN_POINT('Ctrl Pts',(4.41906654715841,4.41976821767344,-11.3378077352838));
#2637=CARTESIAN_POINT('Ctrl Pts',(4.41871571534812,4.42011904948372,-11.3377681912907));
#2638=CARTESIAN_POINT('Ctrl Pts',(4.41780167418441,4.42103309064743,-11.3376650048501));
#2639=CARTESIAN_POINT('Ctrl Pts',(4.41723847032636,4.42159629450548,-11.3376012659625));
#2640=CARTESIAN_POINT('Ctrl Pts',(4.41543791806826,4.42339684676358,-11.3373969869498));
#2641=CARTESIAN_POINT('Ctrl Pts',(4.41420060430614,4.42463416052571,-11.3372558438802));
#2642=CARTESIAN_POINT('Ctrl Pts',(4.40354361281245,4.4352911520194,-11.3360335866332));
#2643=CARTESIAN_POINT('Ctrl Pts',(4.39412658751713,4.44470817731472,-11.3349091863806));
#2644=CARTESIAN_POINT('Ctrl Pts',(4.28002843186487,4.55880633296697,-11.3207495294756));
#2645=CARTESIAN_POINT('Ctrl Pts',(4.17589519176995,4.66293957306189,-11.302354120379));
#2646=CARTESIAN_POINT('Ctrl Pts',(4.07003074345972,4.76880402137212,-11.2782962649667));
#2647=CARTESIAN_POINT('Ctrl Pts',(4.06791937799146,4.77091538683573,-11.2778142714742));
#2648=CARTESIAN_POINT('Ctrl Pts',(3.95275258393083,4.88608218089636,-11.2514044694351));
#2649=CARTESIAN_POINT('Ctrl Pts',(3.84059725786481,4.99823750696704,-11.219432116058));
#2650=CARTESIAN_POINT('Ctrl Pts',(3.70225912384315,5.1365756409887,-11.1727873959901));
#2651=CARTESIAN_POINT('Ctrl Pts',(3.6753821311661,5.16345263366573,-11.1633834565827));
#2652=CARTESIAN_POINT('Ctrl Pts',(3.61639925731657,5.22243550751527,-11.1420111693208));
#2653=CARTESIAN_POINT('Ctrl Pts',(3.58432300592674,5.25451175890509,-11.1299069770979));
#2654=CARTESIAN_POINT('Ctrl Pts',(3.51413229915516,5.32470246567668,-11.1023929279826));
#2655=CARTESIAN_POINT('Ctrl Pts',(3.47606045521473,5.36277430961712,-11.0868000938658));
#2656=CARTESIAN_POINT('Ctrl Pts',(3.41811331247898,5.42072145235287,-11.0620812188742));
#2657=CARTESIAN_POINT('Ctrl Pts',(3.39815023682747,5.44068452800436,-11.0533855612377));
#2658=CARTESIAN_POINT('Ctrl Pts',(3.356620890644,5.48221387418783,-11.0349283518237));
#2659=CARTESIAN_POINT('Ctrl Pts',(3.33506159600207,5.50377316882979,-11.025138969759));
#2660=CARTESIAN_POINT('Ctrl Pts',(3.28851997964905,5.5503147851828,-11.0035666162613));
#2661=CARTESIAN_POINT('Ctrl Pts',(3.2635533680953,5.57528139671431,-10.9917191740221));
#2662=CARTESIAN_POINT('Ctrl Pts',(3.21333766663298,5.62549709817664,-10.9673497947045));
#2663=CARTESIAN_POINT('Ctrl Pts',(3.18809092153942,5.65074384327795,-10.9548203282018));
#2664=CARTESIAN_POINT('Ctrl Pts',(3.13560276722589,5.70323199759149,-10.9282091785811));
#2665=CARTESIAN_POINT('Ctrl Pts',(3.10837200332324,5.73046276149943,-10.9140855369779));
#2666=CARTESIAN_POINT('Ctrl Pts',(3.051762884076,5.78707188074666,-10.8840819808387));
#2667=CARTESIAN_POINT('Ctrl Pts',(3.02239651591995,5.81643824890623,-10.8681540733197));
#2668=CARTESIAN_POINT('Ctrl Pts',(2.96134793416585,5.87748683066032,-10.8343101074089));
#2669=CARTESIAN_POINT('Ctrl Pts',(2.92967904986415,5.9091557149677,-10.8163390977914));
#2670=CARTESIAN_POINT('Ctrl Pts',(2.8819010950917,5.95693366974015,-10.7886228451284));
#2671=CARTESIAN_POINT('Ctrl Pts',(2.86571745017904,5.97311731465279,-10.7791290853388));
#2672=CARTESIAN_POINT('Ctrl Pts',(2.82975730440252,6.00907746042931,-10.7578036274483));
#2673=CARTESIAN_POINT('Ctrl Pts',(2.80999331283531,6.02884145199651,-10.7459273072123));
#2674=CARTESIAN_POINT('Ctrl Pts',(2.764260139204,6.07457462562782,-10.7180937539148));
#2675=CARTESIAN_POINT('Ctrl Pts',(2.73831829131211,6.10051647351972,-10.7020407302437));
#2676=CARTESIAN_POINT('Ctrl Pts',(2.45711254173506,6.38172222309677,-10.5252453032511));
#2677=CARTESIAN_POINT('Ctrl Pts',(2.20668432553449,6.63215043929735,-10.3427659961644));
#2678=CARTESIAN_POINT('Ctrl Pts',(1.96381155085286,6.87502321397898,-10.148104952765));
#2679=CARTESIAN_POINT('',(1.96381155085402,-6.87502321397776,-11.4338394782314));
#2680=CARTESIAN_POINT('Ctrl Pts',(1.96381155085391,-6.87502321397665,-11.4338394782324));
#2681=CARTESIAN_POINT('Ctrl Pts',(3.65645709614117,-6.39152857404889,-11.3113885710453));
#2682=CARTESIAN_POINT('Ctrl Pts',(5.15768603595065,-5.25423757806154,-11.1889376638581));
#2683=CARTESIAN_POINT('Ctrl Pts',(6.08203346632959,-3.75910762638906,-11.066486756671));
#2684=CARTESIAN_POINT('Ctrl Pts',(7.00638089670883,-2.26397767471609,-10.9440358494838));
#2685=CARTESIAN_POINT('Ctrl Pts',(7.35384681765715,-0.411008767357755,-10.8215849422966));
#2686=CARTESIAN_POINT('Ctrl Pts',(7.03167214857767,1.3159804271869,-10.6991340351094));
#2687=CARTESIAN_POINT('Ctrl Pts',(6.70949747949819,3.04296962173155,-10.5766831279222));
#2688=CARTESIAN_POINT('Ctrl Pts',(5.7176822203909,4.64397910346255,-10.454232220735));
#2689=CARTESIAN_POINT('Ctrl Pts',(4.31523701520362,5.70600095278856,-10.3317813135478));
#2690=CARTESIAN_POINT('Ctrl Pts',(3.61401441261029,6.23701187745134,-10.2705558599542));
#2691=CARTESIAN_POINT('Ctrl Pts',(2.81013432349705,6.63327589401298,-10.2093304063606));
#2692=CARTESIAN_POINT('Ctrl Pts',(1.96381155085348,6.87502321397678,-10.1481049527671));
#2693=CARTESIAN_POINT('',(4.41941738241592,-4.41941738241592,-12.1190972181221));
#2694=CARTESIAN_POINT('Ctrl Pts',(1.9638115508529,-6.87502321397895,-11.4338394782305));
#2695=CARTESIAN_POINT('Ctrl Pts',(2.45699207933464,-6.38184268549721,-11.7443024649791));
#2696=CARTESIAN_POINT('Ctrl Pts',(2.97488760278111,-5.86394716205074,-11.9830683507577));
#2697=CARTESIAN_POINT('Ctrl Pts',(3.73760719678344,-5.1012275680484,-12.1263954095095));
#2698=CARTESIAN_POINT('Ctrl Pts',(3.96208308781094,-4.87675167702091,-12.1441813853752));
#2699=CARTESIAN_POINT('Ctrl Pts',(4.2621117149165,-4.57672304991535,-12.133578440284));
#2700=CARTESIAN_POINT('Ctrl Pts',(4.33566832615855,-4.50316643867329,-12.1282534735311));
#2701=CARTESIAN_POINT('Ctrl Pts',(4.41133092719031,-4.42750383764154,-12.1199971493355));
#2702=CARTESIAN_POINT('Ctrl Pts',(4.41350033068397,-4.42533443414788,-12.1197580691665));
#2703=CARTESIAN_POINT('Ctrl Pts',(4.41638255654923,-4.42245220828262,-12.1194373056727));
#2704=CARTESIAN_POINT('Ctrl Pts',(4.41709549284796,-4.42173927198388,-12.1193577086674));
#2705=CARTESIAN_POINT('Ctrl Pts',(4.41826717633046,-4.42056758850138,-12.1192264763654));
#2706=CARTESIAN_POINT('Ctrl Pts',(4.41872593169158,-4.42010883314026,-12.1191749890592));
#2707=CARTESIAN_POINT('Ctrl Pts',(4.4192622484326,-4.41957251639924,-12.1191146738208));
#2708=CARTESIAN_POINT('Ctrl Pts',(4.41933981550854,-4.41949494932331,-12.1191059474661));
#2709=CARTESIAN_POINT('Ctrl Pts',(4.41941738241595,-4.41941738241589,-12.1190972181221));
#2710=CARTESIAN_POINT('Ctrl Pts',(4.42027989847901,4.42028322634197,-11.3379331269889));
#2711=CARTESIAN_POINT('Ctrl Pts',(5.30157419731992,3.53249808073081,-11.4375000972363));
#2712=CARTESIAN_POINT('Ctrl Pts',(6.67515509061232,0.957755767755407,-11.6595179746709));
#2713=CARTESIAN_POINT('Ctrl Pts',(6.02907500774364,-2.48766501466811,-11.9199906486577));
#2714=CARTESIAN_POINT('Ctrl Pts',(4.75924035595236,-4.07594882093337,-12.0808963523971));
#2715=CARTESIAN_POINT('Ctrl Pts',(4.41646659970579,-4.41667086283453,-12.1193511489493));
#2716=CARTESIAN_POINT('Ctrl Pts',(-1.96381158586136,-6.87502320397899,-5.46060495529758));
#2717=CARTESIAN_POINT('Ctrl Pts',(-3.65645712535361,-6.39152855638455,-5.58305586224358));
#2718=CARTESIAN_POINT('Ctrl Pts',(-5.89270021911782,-4.68491058166947,-5.76673222266257));
#2719=CARTESIAN_POINT('Ctrl Pts',(-7.51787860601969,-0.50533434538402,-6.07285949002757));
#2720=CARTESIAN_POINT('Ctrl Pts',(-6.66168090711928,4.11333793973065,-6.37898675739256));
#2721=CARTESIAN_POINT('Ctrl Pts',(-3.65645709280696,6.39152857500379,-6.62388857128455));
#2722=CARTESIAN_POINT('Ctrl Pts',(-1.96381155085268,6.87502321397902,-6.74633947823055));
#2723=CARTESIAN_POINT('Ctrl Pts',(-1.88141389694408,-6.58656069192385,-5.77310495617217));
#2724=CARTESIAN_POINT('Ctrl Pts',(-3.5030393438702,-6.12335253303967,-5.89555586311816));
#2725=CARTESIAN_POINT('Ctrl Pts',(-5.64545405607785,-4.48834090691405,-6.07923222353716));
#2726=CARTESIAN_POINT('Ctrl Pts',(-7.20244314003276,-0.484131505717554,
-6.38535949090215));
#2727=CARTESIAN_POINT('Ctrl Pts',(-6.38216982010721,3.94075033386777,-6.69148675826714));
#2728=CARTESIAN_POINT('Ctrl Pts',(-3.50303931268914,6.12335255087769,-6.93638857215914));
#2729=CARTESIAN_POINT('Ctrl Pts',(-1.88141386340429,6.5865607015043,-7.05883947910513));
#2730=CARTESIAN_POINT('Ctrl Pts',(-1.7990162080268,-6.29809817986871,-6.08560495704675));
#2731=CARTESIAN_POINT('Ctrl Pts',(-3.34962156238679,-5.85517650969479,-6.20805586399275));
#2732=CARTESIAN_POINT('Ctrl Pts',(-5.39820789303787,-4.29177123215864,-6.39173222441175));
#2733=CARTESIAN_POINT('Ctrl Pts',(-6.88700767404584,-0.462928666051082,
-6.69785949177674));
#2734=CARTESIAN_POINT('Ctrl Pts',(-6.10265873309514,3.76816272800492,-7.00398675914173));
#2735=CARTESIAN_POINT('Ctrl Pts',(-3.34962153257133,5.85517652675158,-7.24888857303372));
#2736=CARTESIAN_POINT('Ctrl Pts',(-1.79901617595591,6.29809818902958,-7.37133947997972));
#2737=CARTESIAN_POINT('Ctrl Pts',(-1.71661851910951,-6.00963566781357,-6.39810495792134));
#2738=CARTESIAN_POINT('Ctrl Pts',(-3.19620378090338,-5.58700048634991,-6.52055586486734));
#2739=CARTESIAN_POINT('Ctrl Pts',(-5.1509617299979,-4.09520155740322,-6.70423222528633));
#2740=CARTESIAN_POINT('Ctrl Pts',(-6.57157220805892,-0.441725826384616,
-7.01035949265133));
#2741=CARTESIAN_POINT('Ctrl Pts',(-5.82314764608307,3.59557512214204,-7.31648676001632));
#2742=CARTESIAN_POINT('Ctrl Pts',(-3.19620375245351,5.58700050262548,-7.56138857390831));
#2743=CARTESIAN_POINT('Ctrl Pts',(-1.71661848850752,6.00963567655486,-7.68383948085431));
#2744=CARTESIAN_POINT('',(-1.96381155085273,6.87502321397848,-6.74633947823148));
#2745=CARTESIAN_POINT('',(-4.41941738241592,4.41941738241592,-7.43159721812208));
#2746=CARTESIAN_POINT('Ctrl Pts',(-1.9638115508529,6.87502321397895,-6.74633947823054));
#2747=CARTESIAN_POINT('Ctrl Pts',(-2.45699207933439,6.38184268549746,-7.05680246497895));
#2748=CARTESIAN_POINT('Ctrl Pts',(-2.97488760278054,5.86394716205132,-7.29556835075747));
#2749=CARTESIAN_POINT('Ctrl Pts',(-3.73760719678264,5.10122756804921,-7.43889540950938));
#2750=CARTESIAN_POINT('Ctrl Pts',(-3.96208308781031,4.87675167702153,-7.45668138537518));
#2751=CARTESIAN_POINT('Ctrl Pts',(-4.26211171491577,4.57672304991607,-7.44607844028407));
#2752=CARTESIAN_POINT('Ctrl Pts',(-4.33566832615755,4.5031664386743,-7.44075347353122));
#2753=CARTESIAN_POINT('Ctrl Pts',(-4.41133092718819,4.42750383764365,-7.43249714933569));
#2754=CARTESIAN_POINT('Ctrl Pts',(-4.41350033068072,4.42533443415112,-7.43225806916683));
#2755=CARTESIAN_POINT('Ctrl Pts',(-4.41638255655804,4.42245220827381,-7.43193730567173));
#2756=CARTESIAN_POINT('Ctrl Pts',(-4.41709549286579,4.42173927196605,-7.43185770866544));
#2757=CARTESIAN_POINT('Ctrl Pts',(-4.41826717632286,4.42056758850899,-7.43172647636629));
#2758=CARTESIAN_POINT('Ctrl Pts',(-4.41872593167651,4.42010883315534,-7.43167498906089));
#2759=CARTESIAN_POINT('Ctrl Pts',(-4.41926224843254,4.4195725163993,-7.43161467382082));
#2760=CARTESIAN_POINT('Ctrl Pts',(-4.41933981550851,4.41949494932333,-7.43160594746612));
#2761=CARTESIAN_POINT('Ctrl Pts',(-4.41941738241592,4.41941738241593,-7.43159721812208));
#2762=CARTESIAN_POINT('',(-4.41941738241592,-4.41941738241592,-6.65034721812208));
#2763=CARTESIAN_POINT('Ctrl Pts',(-4.41419063191066,-4.41375199494111,-6.65043066943406));
#2764=CARTESIAN_POINT('Ctrl Pts',(-4.75527996495654,-4.07391780305706,-6.68877300587582));
#2765=CARTESIAN_POINT('Ctrl Pts',(-5.54127494051826,-3.09140786155604,-6.78834079579057));
#2766=CARTESIAN_POINT('Ctrl Pts',(-6.57157220805892,-0.441725826384616,
-7.01035949265133));
#2767=CARTESIAN_POINT('Ctrl Pts',(-6.02845162975398,2.48808345214306,-7.23251149959141));
#2768=CARTESIAN_POINT('Ctrl Pts',(-4.75925999914804,4.07569859711673,-7.39343805305848));
#2769=CARTESIAN_POINT('Ctrl Pts',(-4.41632682213132,4.41653809519496,-7.43191369957957));
#2770=CARTESIAN_POINT('',(-1.96381159842893,-6.87502318709005,-5.46060495695599));
#2771=CARTESIAN_POINT('Ctrl Pts',(-4.4194173824159,-4.41941738241594,-6.65034721812208));
#2772=CARTESIAN_POINT('Ctrl Pts',(-4.41906654715756,-4.41976821767429,-6.65030773528365));
#2773=CARTESIAN_POINT('Ctrl Pts',(-4.41871571534671,-4.42011904948514,-6.65026819129052));
#2774=CARTESIAN_POINT('Ctrl Pts',(-4.41780167417824,-4.4210330906536,-6.65016500484944));
#2775=CARTESIAN_POINT('Ctrl Pts',(-4.41723847031425,-4.4215962945176,-6.65010126596115));
#2776=CARTESIAN_POINT('Ctrl Pts',(-4.41543791807149,-4.42339684676036,-6.64989698695019));
#2777=CARTESIAN_POINT('Ctrl Pts',(-4.41420060431286,-4.42463416051898,-6.64975584388093));
#2778=CARTESIAN_POINT('Ctrl Pts',(-4.40354361281135,-4.43529115202049,-6.64853358663302));
#2779=CARTESIAN_POINT('Ctrl Pts',(-4.39412658751575,-4.4447081773161,-6.64740918638038));
#2780=CARTESIAN_POINT('Ctrl Pts',(-4.28002843186492,-4.55880633296693,-6.63324952947564));
#2781=CARTESIAN_POINT('Ctrl Pts',(-4.17589519176994,-4.6629395730619,-6.614854120379));
#2782=CARTESIAN_POINT('Ctrl Pts',(-4.07003074346209,-4.76880402136976,-6.59079626496723));
#2783=CARTESIAN_POINT('Ctrl Pts',(-4.06791937799618,-4.77091538683102,-6.59031427147525));
#2784=CARTESIAN_POINT('Ctrl Pts',(-3.93313555754592,-4.90569920728127,-6.55940593504718));
#2785=CARTESIAN_POINT('Ctrl Pts',(-3.80174047915516,-5.03709428567668,-6.5206629204936));
#2786=CARTESIAN_POINT('Ctrl Pts',(-3.64069475856129,-5.19814000627056,-6.46345148593644));
#2787=CARTESIAN_POINT('Ctrl Pts',(-3.61007137562455,-5.22876338920729,-6.45213237486868));
#2788=CARTESIAN_POINT('Ctrl Pts',(-3.54301367770933,-5.29582108712252,-6.4264051064254));
#2789=CARTESIAN_POINT('Ctrl Pts',(-3.50661812700299,-5.33221663782887,-6.41182776152685));
#2790=CARTESIAN_POINT('Ctrl Pts',(-3.42710551515951,-5.41172924967234,-6.37867996335198));
#2791=CARTESIAN_POINT('Ctrl Pts',(-3.38404339173484,-5.45479137309687,-6.35988268631805));
#2792=CARTESIAN_POINT('Ctrl Pts',(-3.27442821054652,-5.56440655428518,-6.3099641952794));
#2793=CARTESIAN_POINT('Ctrl Pts',(-3.20812206503432,-5.63071269979685,-6.27780170001797));
#2794=CARTESIAN_POINT('Ctrl Pts',(-3.07346218237797,-5.76537258245321,-6.20874040750161));
#2795=CARTESIAN_POINT('Ctrl Pts',(-3.00514314308771,-5.83369162174414,-6.1716948694083));
#2796=CARTESIAN_POINT('Ctrl Pts',(-2.90365623827499,-5.93517852655685,-6.11389147240944));
#2797=CARTESIAN_POINT('Ctrl Pts',(-2.87013346843597,-5.96870129639589,-6.09433945130778));
#2798=CARTESIAN_POINT('Ctrl Pts',(-2.79512646793059,-6.04370829690127,-6.04960362686282));
#2799=CARTESIAN_POINT('Ctrl Pts',(-2.75369778543929,-6.08513697939255,-6.02420989325061));
#2800=CARTESIAN_POINT('Ctrl Pts',(-2.45711254173511,-6.38172222309674,-5.83774530325113));
#2801=CARTESIAN_POINT('Ctrl Pts',(-2.20668435543392,-6.63215040939793,-5.65526601865421));
#2802=CARTESIAN_POINT('Ctrl Pts',(-1.963811580305,-6.87502318452685,-5.46060497637065));
#2803=CARTESIAN_POINT('Ctrl Pts',(-1.96381155085213,6.87502321397655,-6.74633947823317));
#2804=CARTESIAN_POINT('Ctrl Pts',(-3.65645709280576,6.39152857500147,-6.62388857128717));
#2805=CARTESIAN_POINT('Ctrl Pts',(-5.15906899996133,5.25243325736532,-6.50143766434118));
#2806=CARTESIAN_POINT('Ctrl Pts',(-6.08161449331915,3.75915114152466,-6.37898675739519));
#2807=CARTESIAN_POINT('Ctrl Pts',(-7.00415998667696,2.265869025684,-6.25653585044919));
#2808=CARTESIAN_POINT('Ctrl Pts',(-7.346639066237,0.418400111638844,-6.1340849435032));
#2809=CARTESIAN_POINT('Ctrl Pts',(-7.02741785625004,-1.31197652271858,-6.0116340365572));
#2810=CARTESIAN_POINT('Ctrl Pts',(-6.86780725125654,-2.17716483989739,-5.9504085830842));
#2811=CARTESIAN_POINT('Ctrl Pts',(-6.54277157387625,-3.01308008715426,-5.8891831296112));
#2812=CARTESIAN_POINT('Ctrl Pts',(-6.07760966742676,-3.75998113807156,-5.82795767613819));
#2813=CARTESIAN_POINT('Ctrl Pts',(-5.14728585872546,-5.25378323316605,-5.70550676974469));
#2814=CARTESIAN_POINT('Ctrl Pts',(-3.65645713880539,-6.39152854611539,-5.58305586335119));
#2815=CARTESIAN_POINT('Ctrl Pts',(-1.96381160877208,-6.87502319743204,-5.46060495695769));
#2816=CARTESIAN_POINT('Ctrl Pts',(1.9638115508529,6.87502321397896,-13.273104952765));
#2817=CARTESIAN_POINT('Ctrl Pts',(2.81013432349709,6.63327589401513,-13.3343304063586));
#2818=CARTESIAN_POINT('Ctrl Pts',(5.22177113365153,5.44452849171082,-13.5180067671394));
#2819=CARTESIAN_POINT('Ctrl Pts',(7.70130211900326,1.44202541264964,-13.8241340351074));
#2820=CARTESIAN_POINT('Ctrl Pts',(6.6588880914266,-4.11683413352464,-14.1914867566689));
#2821=CARTESIAN_POINT('Ctrl Pts',(3.6564570961412,-6.39152857405135,-14.4363885710433));
#2822=CARTESIAN_POINT('Ctrl Pts',(1.96381155085281,-6.87502321397898,-14.5588394782305));
#2823=CARTESIAN_POINT('Ctrl Pts',(1.8814138634045,6.58656070150424,-13.5856049536396));
#2824=CARTESIAN_POINT('Ctrl Pts',(2.69222658964404,6.3549566257347,-13.6468304072332));
#2825=CARTESIAN_POINT('Ctrl Pts',(5.00267584133042,5.2160867368138,-13.830506768014));
#2826=CARTESIAN_POINT('Ctrl Pts',(7.37817056156248,1.3815208498811,-14.1366340359819));
#2827=CARTESIAN_POINT('Ctrl Pts',(6.37949418549254,-3.94409983421587,-14.5039867575435));
#2828=CARTESIAN_POINT('Ctrl Pts',(3.50303931588349,-6.12335254996521,-14.7488885719179));
#2829=CARTESIAN_POINT('Ctrl Pts',(1.88141386340442,-6.58656070150426,-14.8713394791051));
#2830=CARTESIAN_POINT('Ctrl Pts',(1.79901617595611,6.29809818902952,-13.8981049545141));
#2831=CARTESIAN_POINT('Ctrl Pts',(2.57431885579098,6.07663735745427,-13.9593304081077));
#2832=CARTESIAN_POINT('Ctrl Pts',(4.78358054900933,4.98764498191678,-14.1430067688885));
#2833=CARTESIAN_POINT('Ctrl Pts',(7.0550390041217,1.32101628711258,-14.4491340368565));
#2834=CARTESIAN_POINT('Ctrl Pts',(6.10010027955849,-3.77136553490709,-14.8164867584181));
#2835=CARTESIAN_POINT('Ctrl Pts',(3.34962153562578,-5.85517652587907,-15.0613885727925));
#2836=CARTESIAN_POINT('Ctrl Pts',(1.79901617595602,-6.29809818902955,-15.1838394799797));
#2837=CARTESIAN_POINT('Ctrl Pts',(1.71661848850771,6.0096356765548,-14.2106049553887));
#2838=CARTESIAN_POINT('Ctrl Pts',(2.45641112193792,5.79831808917384,-14.2718304089823));
#2839=CARTESIAN_POINT('Ctrl Pts',(4.56448525668822,4.75920322701976,-14.4555067697631));
#2840=CARTESIAN_POINT('Ctrl Pts',(6.73190744668092,1.26051172434404,-14.7616340377311));
#2841=CARTESIAN_POINT('Ctrl Pts',(5.82070637362443,-3.59863123559832,-15.1289867592927));
#2842=CARTESIAN_POINT('Ctrl Pts',(3.19620375536806,-5.58700050179292,-15.3738885736671));
#2843=CARTESIAN_POINT('Ctrl Pts',(1.71661848850763,-6.00963567655483,-15.4963394808543));
#2844=CARTESIAN_POINT('',(4.41941738241592,4.41941738241592,-14.4628472181221));
#2845=CARTESIAN_POINT('',(1.96381155085313,6.87502321397825,-13.2731049527659));
#2846=CARTESIAN_POINT('Ctrl Pts',(4.41941738241593,4.41941738241591,-14.4628472181221));
#2847=CARTESIAN_POINT('Ctrl Pts',(4.41906654715016,4.41976821768169,-14.4628077352828));
#2848=CARTESIAN_POINT('Ctrl Pts',(4.41871571533483,4.42011904949701,-14.4627681912892));
#2849=CARTESIAN_POINT('Ctrl Pts',(4.41780167418053,4.42103309065132,-14.4626650048497));
#2850=CARTESIAN_POINT('Ctrl Pts',(4.41723847031903,4.42159629451281,-14.4626012659617));
#2851=CARTESIAN_POINT('Ctrl Pts',(4.4154379180699,4.42339684676195,-14.46239698695));
#2852=CARTESIAN_POINT('Ctrl Pts',(4.4142006043097,4.42463416052215,-14.4622558438806));
#2853=CARTESIAN_POINT('Ctrl Pts',(4.40354361281152,4.43529115202032,-14.461033586633));
#2854=CARTESIAN_POINT('Ctrl Pts',(4.39412658751614,4.44470817731571,-14.4599091863804));
#2855=CARTESIAN_POINT('Ctrl Pts',(4.28002843186476,4.55880633296708,-14.4457495294756));
#2856=CARTESIAN_POINT('Ctrl Pts',(4.17589519176983,4.66293957306202,-14.427354120379));
#2857=CARTESIAN_POINT('Ctrl Pts',(4.07003074346092,4.76880402137093,-14.403296264967));
#2858=CARTESIAN_POINT('Ctrl Pts',(4.06791937799381,4.77091538683338,-14.4028142714747));
#2859=CARTESIAN_POINT('Ctrl Pts',(3.95185853778155,4.88697622704564,-14.3761994486909));
#2860=CARTESIAN_POINT('Ctrl Pts',(3.83882478093575,5.00000998389608,-14.3439263553351));
#2861=CARTESIAN_POINT('Ctrl Pts',(3.69944632330944,5.1393884415224,-14.2968154374707));
#2862=CARTESIAN_POINT('Ctrl Pts',(3.67239586091356,5.16643890391828,-14.287326296866));
#2863=CARTESIAN_POINT('Ctrl Pts',(3.61303918018436,5.22579558464748,-14.2657603906547));
#2864=CARTESIAN_POINT('Ctrl Pts',(3.5807629883888,5.25807177644303,-14.2535463071377));
#2865=CARTESIAN_POINT('Ctrl Pts',(3.51014103482225,5.32869373000958,-14.2257820881633));
#2866=CARTESIAN_POINT('Ctrl Pts',(3.47183842646945,5.36699633836238,-14.210047040094));
#2867=CARTESIAN_POINT('Ctrl Pts',(3.41354267573864,5.42529208909319,-14.1851016844598));
#2868=CARTESIAN_POINT('Ctrl Pts',(3.39346049235335,5.44537427247848,-14.1763264121591));
#2869=CARTESIAN_POINT('Ctrl Pts',(3.35168434462656,5.48715042020527,-14.1576999580127));
#2870=CARTESIAN_POINT('Ctrl Pts',(3.32999743650142,5.50883732833043,-14.1478206578041));
#2871=CARTESIAN_POINT('Ctrl Pts',(3.28292302693873,5.55591173789312,-14.1259297802882));
#2872=CARTESIAN_POINT('Ctrl Pts',(3.25755263822308,5.58128212658735,-14.1138478982874));
#2873=CARTESIAN_POINT('Ctrl Pts',(3.20676630907771,5.63206845573271,-14.0891077753608));
#2874=CARTESIAN_POINT('Ctrl Pts',(3.18135160452932,5.65748316028864,-14.0764464984561));
#2875=CARTESIAN_POINT('Ctrl Pts',(3.12851471099631,5.71032005382164,-14.0495548896034));
#2876=CARTESIAN_POINT('Ctrl Pts',(3.10110328327057,5.73773148156127,-14.0352821040365));
#2877=CARTESIAN_POINT('Ctrl Pts',(3.05974001219757,5.77909475263427,-14.013273066001));
#2878=CARTESIAN_POINT('Ctrl Pts',(3.04573424918357,5.79310051564827,-14.0057384513629));
#2879=CARTESIAN_POINT('Ctrl Pts',(3.0172009568058,5.82163380802604,-13.9902233977098));
#2880=CARTESIAN_POINT('Ctrl Pts',(3.00267487157173,5.83615989326014,-13.9822371200071));
#2881=CARTESIAN_POINT('Ctrl Pts',(2.97308146664579,5.86575329818609,-13.965791146528));
#2882=CARTESIAN_POINT('Ctrl Pts',(2.95801566456301,5.88081910026882,-13.9573252166225));
#2883=CARTESIAN_POINT('Ctrl Pts',(2.9273224057484,5.91151235908343,-13.9398905823036));
#2884=CARTESIAN_POINT('Ctrl Pts',(2.91169653811942,5.92713822671248,-13.9309152193332));
#2885=CARTESIAN_POINT('Ctrl Pts',(2.87986191539379,5.95897284943811,-13.912430602303));
#2886=CARTESIAN_POINT('Ctrl Pts',(2.86365481687023,5.97517994796157,-13.9029142358543));
#2887=CARTESIAN_POINT('Ctrl Pts',(2.82788813063533,6.01094663419648,-13.8816837651535));
#2888=CARTESIAN_POINT('Ctrl Pts',(2.80834013250893,6.03049463232289,-13.8699282148905));
#2889=CARTESIAN_POINT('Ctrl Pts',(2.76330390512543,6.0755308597064,-13.8425019414176));
#2890=CARTESIAN_POINT('Ctrl Pts',(2.73784143578397,6.10099332904789,-13.8267409288462));
#2891=CARTESIAN_POINT('Ctrl Pts',(2.45711254173505,6.3817222230968,-13.6502453032511));
#2892=CARTESIAN_POINT('Ctrl Pts',(2.2066843255344,6.63215043929745,-13.4677659961643));
#2893=CARTESIAN_POINT('Ctrl Pts',(1.9638115508529,6.87502321397895,-13.273104952765));
#2894=CARTESIAN_POINT('',(1.96381155085421,-6.87502321397765,-14.5588394782314));
#2895=CARTESIAN_POINT('Ctrl Pts',(1.96381155085415,-6.87502321397755,-14.5588394782315));
#2896=CARTESIAN_POINT('Ctrl Pts',(3.65645709614165,-6.39152857404971,-14.4363885710443));
#2897=CARTESIAN_POINT('Ctrl Pts',(5.15767259378347,-5.25418135378677,-14.3139376638572));
#2898=CARTESIAN_POINT('Ctrl Pts',(6.08201601386717,-3.75903115262673,-14.19148675667));
#2899=CARTESIAN_POINT('Ctrl Pts',(7.00635943395115,-2.26388095146624,-14.0690358494828));
#2900=CARTESIAN_POINT('Ctrl Pts',(7.35383077647666,-0.410927769408408,-13.9465849422956));
#2901=CARTESIAN_POINT('Ctrl Pts',(7.03166025066915,1.3160494374326,-13.8241340351084));
#2902=CARTESIAN_POINT('Ctrl Pts',(6.70948972486164,3.04302664427366,-13.7016831279212));
#2903=CARTESIAN_POINT('Ctrl Pts',(5.71767733072111,4.64402787589787,-13.579232220734));
#2904=CARTESIAN_POINT('Ctrl Pts',(4.31523461705022,5.70602713190781,-13.4567813135468));
#2905=CARTESIAN_POINT('Ctrl Pts',(3.61401326021478,6.23702675991278,-13.3955558599532));
#2906=CARTESIAN_POINT('Ctrl Pts',(2.81013432349673,6.63327589401418,-13.3343304063596));
#2907=CARTESIAN_POINT('Ctrl Pts',(1.96381155085265,6.87502321397798,-13.273104952766));
#2908=CARTESIAN_POINT('',(4.41941738241592,-4.41941738241592,-15.2440972181221));
#2909=CARTESIAN_POINT('Ctrl Pts',(1.96381155085284,-6.875023213979,-14.5588394782305));
#2910=CARTESIAN_POINT('Ctrl Pts',(2.45699207933398,-6.38184268549786,-14.8693024649787));
#2911=CARTESIAN_POINT('Ctrl Pts',(2.97488760277941,-5.86394716205243,-15.108068350757));
#2912=CARTESIAN_POINT('Ctrl Pts',(3.73760719678117,-5.10122756805067,-15.2513954095092));
#2913=CARTESIAN_POINT('Ctrl Pts',(3.96208308780915,-4.8767516770227,-15.2691813853752));
#2914=CARTESIAN_POINT('Ctrl Pts',(4.26211171491475,-4.57672304991709,-15.2585784402841));
#2915=CARTESIAN_POINT('Ctrl Pts',(4.33566832615636,-4.50316643867549,-15.2532534735313));
#2916=CARTESIAN_POINT('Ctrl Pts',(4.41133092718806,-4.42750383764379,-15.2449971493357));
#2917=CARTESIAN_POINT('Ctrl Pts',(4.41350033068207,-4.42533443414978,-15.2447580691667));
#2918=CARTESIAN_POINT('Ctrl Pts',(4.41638255654966,-4.42245220828219,-15.2444373056727));
#2919=CARTESIAN_POINT('Ctrl Pts',(4.41709549284936,-4.42173927198248,-15.2443577086673));
#2920=CARTESIAN_POINT('Ctrl Pts',(4.41826717633724,-4.42056758849461,-15.2442264763647));
#2921=CARTESIAN_POINT('Ctrl Pts',(4.41872593170543,-4.42010883312642,-15.2441749890576));
#2922=CARTESIAN_POINT('Ctrl Pts',(4.4192622484324,-4.41957251639945,-15.2441146738208));
#2923=CARTESIAN_POINT('Ctrl Pts',(4.41933981550835,-4.4194949493235,-15.2441059474661));
#2924=CARTESIAN_POINT('Ctrl Pts',(4.41941738241591,-4.41941738241594,-15.2440972181221));
#2925=CARTESIAN_POINT('Ctrl Pts',(4.4202944650399,4.42029791704102,-14.4629351519323));
#2926=CARTESIAN_POINT('Ctrl Pts',(5.30157729997463,3.53252786810356,-14.5625014471986));
#2927=CARTESIAN_POINT('Ctrl Pts',(6.67514324781996,0.957806464848694,-14.7845186496521));
#2928=CARTESIAN_POINT('Ctrl Pts',(6.02905312060053,-2.48758488289825,-15.0449913088995));
#2929=CARTESIAN_POINT('Ctrl Pts',(4.75921769423316,-4.07590922670865,-15.2058976728806));
#2930=CARTESIAN_POINT('Ctrl Pts',(4.41643881126368,-4.4166450495752,-15.2443531296746));
#2931=CARTESIAN_POINT('Ctrl Pts',(-1.96381155085285,-6.87502321397897,-8.58560495276497));
#2932=CARTESIAN_POINT('Ctrl Pts',(-3.65645709614123,-6.39152857405133,-8.70805585995216));
#2933=CARTESIAN_POINT('Ctrl Pts',(-5.89252337326939,-4.68485652022805,-8.89173222073296));
#2934=CARTESIAN_POINT('Ctrl Pts',(-7.51773585066738,-0.505319380455769,
-9.19785948870095));
#2935=CARTESIAN_POINT('Ctrl Pts',(-6.66151553195963,4.11326569406409,-9.50398675666894));
#2936=CARTESIAN_POINT('Ctrl Pts',(-3.65645709614128,6.3915285740513,-9.74888857104333));
#2937=CARTESIAN_POINT('Ctrl Pts',(-1.9638115508529,6.87502321397896,-9.87133947823053));
#2938=CARTESIAN_POINT('Ctrl Pts',(-1.88141386340446,-6.58656070150425,-8.89810495363955));
#2939=CARTESIAN_POINT('Ctrl Pts',(-3.50303931588352,-6.12335254996519,-9.02055586082675));
#2940=CARTESIAN_POINT('Ctrl Pts',(-5.64528463033494,-4.48828911378486,-9.20423222160754));
#2941=CARTESIAN_POINT('Ctrl Pts',(-7.20230637441552,-0.484117168688391,
-9.51035948957554));
#2942=CARTESIAN_POINT('Ctrl Pts',(-6.38201138376545,3.94068111948793,-9.81648675754352));
#2943=CARTESIAN_POINT('Ctrl Pts',(-3.50303931588356,6.12335254996516,-10.0613885719179));
#2944=CARTESIAN_POINT('Ctrl Pts',(-1.88141386340451,6.58656070150424,-10.1838394791051));
#2945=CARTESIAN_POINT('Ctrl Pts',(-1.79901617595606,-6.29809818902953,-9.21060495451414));
#2946=CARTESIAN_POINT('Ctrl Pts',(-3.34962153562581,-5.85517652587905,-9.33305586170134));
#2947=CARTESIAN_POINT('Ctrl Pts',(-5.3980458874005,-4.29172170734168,-9.51673222248213));
#2948=CARTESIAN_POINT('Ctrl Pts',(-6.88687689816366,-0.462914956921008,
-9.82285949045013));
#2949=CARTESIAN_POINT('Ctrl Pts',(-6.10250723557127,3.76809654491177,-10.1289867584181));
#2950=CARTESIAN_POINT('Ctrl Pts',(-3.34962153562585,5.85517652587902,-10.3738885727925));
#2951=CARTESIAN_POINT('Ctrl Pts',(-1.79901617595611,6.29809818902952,-10.4963394799797));
#2952=CARTESIAN_POINT('Ctrl Pts',(-1.71661848850767,-6.00963567655482,-9.52310495538873));
#2953=CARTESIAN_POINT('Ctrl Pts',(-3.19620375536809,-5.58700050179291,-9.64555586257592));
#2954=CARTESIAN_POINT('Ctrl Pts',(-5.15080714446605,-4.09515430089849,-9.82923222335672));
#2955=CARTESIAN_POINT('Ctrl Pts',(-6.5714474219118,-0.441712745153628,-10.1353594913247));
#2956=CARTESIAN_POINT('Ctrl Pts',(-5.82300308737708,3.5955119703356,-10.4414867592927));
#2957=CARTESIAN_POINT('Ctrl Pts',(-3.19620375536813,5.58700050179288,-10.6863885736671));
#2958=CARTESIAN_POINT('Ctrl Pts',(-1.71661848850772,6.0096356765548,-10.8088394808543));
#2959=CARTESIAN_POINT('',(-1.96381155085389,6.87502321397783,-9.87133947823138));
#2960=CARTESIAN_POINT('',(-4.41941738241592,4.41941738241592,-10.5565972181221));
#2961=CARTESIAN_POINT('Ctrl Pts',(-1.9638115508529,6.87502321397895,-9.87133947823054));
#2962=CARTESIAN_POINT('Ctrl Pts',(-2.45699207933554,6.3818426854963,-10.1818024649797));
#2963=CARTESIAN_POINT('Ctrl Pts',(-2.97488760278296,5.8639471620489,-10.4205683507586));
#2964=CARTESIAN_POINT('Ctrl Pts',(-3.73760719678581,5.10122756804605,-10.5638954095097));
#2965=CARTESIAN_POINT('Ctrl Pts',(-3.9620830878128,4.87675167701904,-10.5816813853752));
#2966=CARTESIAN_POINT('Ctrl Pts',(-4.26211171491811,4.57672304991373,-10.5710784402839));
#2967=CARTESIAN_POINT('Ctrl Pts',(-4.33566832616043,4.50316643867142,-10.565753473531));
#2968=CARTESIAN_POINT('Ctrl Pts',(-4.41133092719188,4.42750383763997,-10.5574971493353));
#2969=CARTESIAN_POINT('Ctrl Pts',(-4.4135003306846,4.42533443414724,-10.5572580691664));
#2970=CARTESIAN_POINT('Ctrl Pts',(-4.41638255655669,4.42245220827515,-10.5569373056719));
#2971=CARTESIAN_POINT('Ctrl Pts',(-4.41709549286238,4.42173927196946,-10.5568577086658));
#2972=CARTESIAN_POINT('Ctrl Pts',(-4.41826717633144,4.42056758850041,-10.5567264763653));
#2973=CARTESIAN_POINT('Ctrl Pts',(-4.41872593169328,4.42010883313856,-10.556674989059));
#2974=CARTESIAN_POINT('Ctrl Pts',(-4.4192622484327,4.41957251639915,-10.5566146738208));
#2975=CARTESIAN_POINT('Ctrl Pts',(-4.41933981550853,4.41949494932332,-10.5566059474661));
#2976=CARTESIAN_POINT('Ctrl Pts',(-4.41941738241592,4.41941738241592,-10.5565972181221));
#2977=CARTESIAN_POINT('',(-4.41941738241592,-4.41941738241592,-9.77534721812208));
#2978=CARTESIAN_POINT('Ctrl Pts',(-4.41413663013372,-4.41369386268754,-9.77543444889896));
#2979=CARTESIAN_POINT('Ctrl Pts',(-4.75519444646357,-4.0738638604274,-9.81377552491608));
#2980=CARTESIAN_POINT('Ctrl Pts',(-5.54113439196191,-3.09135495142148,-9.9133420545268));
#2981=CARTESIAN_POINT('Ctrl Pts',(-6.5714474219118,-0.441712745153628,-10.1353594913247));
#2982=CARTESIAN_POINT('Ctrl Pts',(-6.02831422571464,2.48803187620554,-10.3575107907903));
#2983=CARTESIAN_POINT('Ctrl Pts',(-4.75919088611231,4.0756559158459,-10.5184366366623));
#2984=CARTESIAN_POINT('Ctrl Pts',(-4.4162800154598,4.41649492404536,-10.5569115753471));
#2985=CARTESIAN_POINT('',(-1.96381155085408,-6.87502321397772,-8.585604952766));
#2986=CARTESIAN_POINT('Ctrl Pts',(-4.41941738241593,-4.41941738241591,-9.77534721812208));
#2987=CARTESIAN_POINT('Ctrl Pts',(-4.41906654715035,-4.4197682176815,-9.77530773528284));
#2988=CARTESIAN_POINT('Ctrl Pts',(-4.41871571533513,-4.42011904949672,-9.77526819128922));
#2989=CARTESIAN_POINT('Ctrl Pts',(-4.41780167418239,-4.42103309064946,-9.77516500484991));
#2990=CARTESIAN_POINT('Ctrl Pts',(-4.41723847032279,-4.42159629450905,-9.77510126596213));
#2991=CARTESIAN_POINT('Ctrl Pts',(-4.4154379180686,-4.42339684676325,-9.77489698694987));
#2992=CARTESIAN_POINT('Ctrl Pts',(-4.41420060430696,-4.42463416052489,-9.77475584388026));
#2993=CARTESIAN_POINT('Ctrl Pts',(-4.40354361281176,-4.43529115202009,-9.77353358663307));
#2994=CARTESIAN_POINT('Ctrl Pts',(-4.39412658751621,-4.44470817731564,-9.77240918638044));
#2995=CARTESIAN_POINT('Ctrl Pts',(-4.28002843186487,-4.55880633296698,-9.75824952947563));
#2996=CARTESIAN_POINT('Ctrl Pts',(-4.17589519176998,-4.66293957306186,-9.73985412037901));
#2997=CARTESIAN_POINT('Ctrl Pts',(-4.0700307434598,-4.76880402137205,-9.71579626496672));
#2998=CARTESIAN_POINT('Ctrl Pts',(-4.06791937799162,-4.77091538683557,-9.71531427147421));
#2999=CARTESIAN_POINT('Ctrl Pts',(-3.95486652090634,-4.88396824392085,-9.68938923292527));
#3000=CARTESIAN_POINT('Ctrl Pts',(-3.84478880192589,-4.99404596290596,-9.65812499057396));
#3001=CARTESIAN_POINT('Ctrl Pts',(-3.70891262414012,-5.12992214069173,-9.6125766764858));
#3002=CARTESIAN_POINT('Ctrl Pts',(-3.68244693728566,-5.15638782754619,-9.60337340559878));
#3003=CARTESIAN_POINT('Ctrl Pts',(-3.62435036401828,-5.21448440081357,-9.58245708774102));
#3004=CARTESIAN_POINT('Ctrl Pts',(-3.59274817713967,-5.24608658769218,-9.57061166297388));
#3005=CARTESIAN_POINT('Ctrl Pts',(-3.52357987947729,-5.31525488535456,-9.54368664024245));
#3006=CARTESIAN_POINT('Ctrl Pts',(-3.48605510705772,-5.35277965777414,-9.52842861745978));
#3007=CARTESIAN_POINT('Ctrl Pts',(-3.42893440328394,-5.40990036154792,-9.50424293267954));
#3008=CARTESIAN_POINT('Ctrl Pts',(-3.4092536493577,-5.42958111547415,-9.49573468774192));
#3009=CARTESIAN_POINT('Ctrl Pts',(-3.36830925613043,-5.47052550870143,-9.47767586292224));
#3010=CARTESIAN_POINT('Ctrl Pts',(-3.34705240327585,-5.49178236155601,-9.46809813004817));
#3011=CARTESIAN_POINT('Ctrl Pts',(-3.30174913854538,-5.53708562628648,-9.44726312705319));
#3012=CARTESIAN_POINT('Ctrl Pts',(-3.27771534242772,-5.56111942240408,-9.43595434826537));
#3013=CARTESIAN_POINT('Ctrl Pts',(-3.22365250769372,-5.61518225713808,-9.40995388582184));
#3014=CARTESIAN_POINT('Ctrl Pts',(-3.19365497209622,-5.64517979273563,-9.39513403892636));
#3015=CARTESIAN_POINT('Ctrl Pts',(-3.12073424309003,-5.71810052174182,-9.35818108141159));
#3016=CARTESIAN_POINT('Ctrl Pts',(-3.07790209101045,-5.76093267382115,-9.33568683311198));
#3017=CARTESIAN_POINT('Ctrl Pts',(-3.00339639182233,-5.83543837300927,-9.29524625807654));
#3018=CARTESIAN_POINT('Ctrl Pts',(-2.97164199436086,-5.86719277047099,-9.27758970793267));
#3019=CARTESIAN_POINT('Ctrl Pts',(-2.90543904567965,-5.9333957191522,-9.23993111810096));
#3020=CARTESIAN_POINT('Ctrl Pts',(-2.8710067925309,-5.96782797230093,-9.21986059142588));
#3021=CARTESIAN_POINT('Ctrl Pts',(-2.79510662525974,-6.04372813957209,-9.17459146423354));
#3022=CARTESIAN_POINT('Ctrl Pts',(-2.75368790672739,-6.08514685810445,-9.14920368245624));
#3023=CARTESIAN_POINT('Ctrl Pts',(-2.45711254173511,-6.38172222309674,-8.96274530325113));
#3024=CARTESIAN_POINT('Ctrl Pts',(-2.20668432553458,-6.63215043929727,-8.78026599616445));
#3025=CARTESIAN_POINT('Ctrl Pts',(-1.96381155085287,-6.87502321397898,-8.58560495276495));
#3026=CARTESIAN_POINT('Ctrl Pts',(-1.96381155085352,6.87502321397623,-9.87133947823299));
#3027=CARTESIAN_POINT('Ctrl Pts',(-3.65645709614081,6.39152857404852,-9.74888857104583));
#3028=CARTESIAN_POINT('Ctrl Pts',(-5.15898631404895,5.25239713405549,-9.62643766385866));
#3029=CARTESIAN_POINT('Ctrl Pts',(-6.08149498674453,3.75911439915559,-9.50398675667149));
#3030=CARTESIAN_POINT('Ctrl Pts',(-7.00400365944032,2.26583166425536,-9.3815358494843));
#3031=CARTESIAN_POINT('Ctrl Pts',(-7.34649178692329,0.418397634448104,-9.25908494229711));
#3032=CARTESIAN_POINT('Ctrl Pts',(-7.02726450211167,-1.31195694609318,-9.13663403510992));
#3033=CARTESIAN_POINT('Ctrl Pts',(-6.86765085970584,-2.17713423636391,-9.07540858151631));
#3034=CARTESIAN_POINT('Ctrl Pts',(-6.54260836422632,-3.01304166431817,-9.01418312792271));
#3035=CARTESIAN_POINT('Ctrl Pts',(-6.07746155867023,-3.75994351115686,-8.9529576743291));
#3036=CARTESIAN_POINT('Ctrl Pts',(-5.14716794755841,-5.25374720483367,-8.83050676714194));
#3037=CARTESIAN_POINT('Ctrl Pts',(-3.65645709614075,-6.39152857404853,-8.70805585995478));
#3038=CARTESIAN_POINT('Ctrl Pts',(-1.96381155085356,-6.87502321397622,-8.58560495276762));
#3039=CARTESIAN_POINT('Ctrl Pts',(1.96381155085148,6.87502321397936,-16.3981049527649));
#3040=CARTESIAN_POINT('Ctrl Pts',(2.81013432349579,6.63327589401569,-16.4593304063585));
#3041=CARTESIAN_POINT('Ctrl Pts',(5.22176819244268,5.44456463901328,-16.6430067671393));
#3042=CARTESIAN_POINT('Ctrl Pts',(7.70129345310792,1.44207839129167,-16.9491340351073));
#3043=CARTESIAN_POINT('Ctrl Pts',(6.65886666342734,-4.11674408114122,-17.3164867566689));
#3044=CARTESIAN_POINT('Ctrl Pts',(3.65645709614142,-6.39152857405126,-17.5613885710433));
#3045=CARTESIAN_POINT('Ctrl Pts',(1.96381155085291,-6.87502321397895,-17.6838394782305));
#3046=CARTESIAN_POINT('Ctrl Pts',(1.88141386340314,6.58656070150463,-16.7106049536395));
#3047=CARTESIAN_POINT('Ctrl Pts',(2.69222658964279,6.35495662573524,-16.7718304072331));
#3048=CARTESIAN_POINT('Ctrl Pts',(5.00267302352895,5.21612136744623,-16.9555067680139));
#3049=CARTESIAN_POINT('Ctrl Pts',(7.37816225927113,1.38157160564306,-17.2616340359819));
#3050=CARTESIAN_POINT('Ctrl Pts',(6.37947365657018,-3.94401356025412,-17.6289867575435));
#3051=CARTESIAN_POINT('Ctrl Pts',(3.5030393158837,-6.12335254996512,-17.8738885719179));
#3052=CARTESIAN_POINT('Ctrl Pts',(1.88141386340451,-6.58656070150424,-17.9963394791051));
#3053=CARTESIAN_POINT('Ctrl Pts',(1.79901617595481,6.29809818902989,-17.023104954514));
#3054=CARTESIAN_POINT('Ctrl Pts',(2.57431885578978,6.07663735745479,-17.0843304081077));
#3055=CARTESIAN_POINT('Ctrl Pts',(4.78357785461521,4.98767809587918,-17.2680067688885));
#3056=CARTESIAN_POINT('Ctrl Pts',(7.05503106543435,1.32106481999444,-17.5741340368565));
#3057=CARTESIAN_POINT('Ctrl Pts',(6.10008064971301,-3.77128303936703,-17.9414867584181));
#3058=CARTESIAN_POINT('Ctrl Pts',(3.34962153562597,-5.85517652587898,-18.1863885727925));
#3059=CARTESIAN_POINT('Ctrl Pts',(1.79901617595611,-6.29809818902952,-18.3088394799797));
#3060=CARTESIAN_POINT('Ctrl Pts',(1.71661848850647,6.00963567655516,-17.3356049553886));
#3061=CARTESIAN_POINT('Ctrl Pts',(2.45641112193678,5.79831808917433,-17.3968304089822));
#3062=CARTESIAN_POINT('Ctrl Pts',(4.56448268570147,4.75923482431213,-17.5805067697631));
#3063=CARTESIAN_POINT('Ctrl Pts',(6.73189987159757,1.26055803434582,-17.8866340377311));
#3064=CARTESIAN_POINT('Ctrl Pts',(5.82068764285585,-3.59855251847994,-18.2539867592927));
#3065=CARTESIAN_POINT('Ctrl Pts',(3.19620375536825,-5.58700050179285,-18.4988885736671));
#3066=CARTESIAN_POINT('Ctrl Pts',(1.71661848850772,-6.0096356765548,-18.6213394808543));
#3067=CARTESIAN_POINT('',(4.41941738241592,4.41941738241592,-17.5878472181221));
#3068=CARTESIAN_POINT('',(1.96381155085182,6.875023213979,-16.3981049527658));
#3069=CARTESIAN_POINT('Ctrl Pts',(4.41941738241593,4.41941738241591,-17.5878472181221));
#3070=CARTESIAN_POINT('Ctrl Pts',(4.41906654715372,4.41976821767812,-17.5878077352832));
#3071=CARTESIAN_POINT('Ctrl Pts',(4.41871571534056,4.42011904949129,-17.5877681912898));
#3072=CARTESIAN_POINT('Ctrl Pts',(4.41780167417748,4.42103309065436,-17.5876650048494));
#3073=CARTESIAN_POINT('Ctrl Pts',(4.41723847031266,4.42159629451918,-17.587601265961));
#3074=CARTESIAN_POINT('Ctrl Pts',(4.41543791806939,4.42339684676246,-17.58739698695));
#3075=CARTESIAN_POINT('Ctrl Pts',(4.41420060430846,4.42463416052339,-17.5872558438804));
#3076=CARTESIAN_POINT('Ctrl Pts',(4.40354361281225,4.4352911520196,-17.5860335866331));
#3077=CARTESIAN_POINT('Ctrl Pts',(4.3941265875169,4.44470817731495,-17.5849091863805));
#3078=CARTESIAN_POINT('Ctrl Pts',(4.28002843186483,4.55880633296701,-17.5707495294756));
#3079=CARTESIAN_POINT('Ctrl Pts',(4.17589519176981,4.66293957306204,-17.552354120379));
#3080=CARTESIAN_POINT('Ctrl Pts',(4.07003074346445,4.76880402136741,-17.5282962649678));
#3081=CARTESIAN_POINT('Ctrl Pts',(4.06791937800081,4.77091538682638,-17.5278142714763));
#3082=CARTESIAN_POINT('Ctrl Pts',(3.95383153761973,4.88500322720747,-17.5016518927793));
#3083=CARTESIAN_POINT('Ctrl Pts',(3.84273651862416,4.99609824620769,-17.4700414821652));
#3084=CARTESIAN_POINT('Ctrl Pts',(3.7056545878273,5.13318017700455,-17.4239574049488));
#3085=CARTESIAN_POINT('Ctrl Pts',(3.67898732299806,5.1598474418338,-17.4146560247812));
#3086=CARTESIAN_POINT('Ctrl Pts',(3.62045638266078,5.21837838217109,-17.3935167863952));
#3087=CARTESIAN_POINT('Ctrl Pts',(3.58862186074516,5.25021290408668,-17.3815448562311));
#3088=CARTESIAN_POINT('Ctrl Pts',(3.51895250446029,5.31988226037155,-17.3543318833544));
#3089=CARTESIAN_POINT('Ctrl Pts',(3.48115963026577,5.35767513456608,-17.3389101911339));
#3090=CARTESIAN_POINT('Ctrl Pts',(3.4236339164727,5.41520084835915,-17.3144638628069));
#3091=CARTESIAN_POINT('Ctrl Pts',(3.40381481398698,5.43501995084485,-17.3058640068717));
#3092=CARTESIAN_POINT('Ctrl Pts',(3.36258377857271,5.47625098625912,-17.2876104468787));
#3093=CARTESIAN_POINT('Ctrl Pts',(3.34117872475289,5.49765604007895,-17.2779292588994));
#3094=CARTESIAN_POINT('Ctrl Pts',(3.29527288203738,5.54356188279446,-17.2567359913032));
#3095=CARTESIAN_POINT('Ctrl Pts',(3.27078618582937,5.56804857897921,-17.2451661999031));
#3096=CARTESIAN_POINT('Ctrl Pts',(3.22125147819344,5.61758328661515,-17.2212376623236));
#3097=CARTESIAN_POINT('Ctrl Pts',(3.19620707769469,5.642627687122,-17.2088662065445));
#3098=CARTESIAN_POINT('Ctrl Pts',(3.14413902599449,5.6946957388222,-17.1825912549027));
#3099=CARTESIAN_POINT('Ctrl Pts',(3.11712587999241,5.72170888483943,-17.1686463931622));
#3100=CARTESIAN_POINT('Ctrl Pts',(3.0763624742719,5.76247229055994,-17.147143493856));
#3101=CARTESIAN_POINT('Ctrl Pts',(3.06256006051803,5.77627470431382,-17.1397824687212));
#3102=CARTESIAN_POINT('Ctrl Pts',(3.03444101681321,5.80439374801864,-17.1246251853966));
#3103=CARTESIAN_POINT('Ctrl Pts',(3.02012580122134,5.81870896361049,-17.1168232394393));
#3104=CARTESIAN_POINT('Ctrl Pts',(2.9909620511949,5.84787271363693,-17.1007571970239));
#3105=CARTESIAN_POINT('Ctrl Pts',(2.97611500509345,5.8627197597384,-17.0924870283139));
#3106=CARTESIAN_POINT('Ctrl Pts',(2.94586756264251,5.89296720218934,-17.0754559039049));
#3107=CARTESIAN_POINT('Ctrl Pts',(2.93046872704999,5.90836603778183,-17.0666884634386));
#3108=CARTESIAN_POINT('Ctrl Pts',(2.89909632175151,5.93973844308032,-17.048632119264));
#3109=CARTESIAN_POINT('Ctrl Pts',(2.88312438360872,5.9557103812231,-17.0393362837036));
#3110=CARTESIAN_POINT('Ctrl Pts',(2.85058404597339,5.98825071885843,-17.0201909230084));
#3111=CARTESIAN_POINT('Ctrl Pts',(2.83401734237329,6.00481742245856,-17.0103339932491));
#3112=CARTESIAN_POINT('Ctrl Pts',(2.80026427879347,6.03857048603837,-16.9900319521157));
#3113=CARTESIAN_POINT('Ctrl Pts',(2.78307967407996,6.0557550907519,-16.9795789232182));
#3114=CARTESIAN_POINT('Ctrl Pts',(2.74806641894438,6.09076834588748,-16.958047983303));
#3115=CARTESIAN_POINT('Ctrl Pts',(2.73023957509482,6.10859518973698,-16.9469616019352));
#3116=CARTESIAN_POINT('Ctrl Pts',(2.45711254173505,6.38172222309676,-16.7752453032511));
#3117=CARTESIAN_POINT('Ctrl Pts',(2.20668432553456,6.63215043929728,-16.5927659961644));
#3118=CARTESIAN_POINT('Ctrl Pts',(1.96381155085284,6.875023213979,-16.3981049527649));
#3119=CARTESIAN_POINT('',(1.96381155144489,-6.87502321364381,-17.6838394781793));
#3120=CARTESIAN_POINT('Ctrl Pts',(1.96381155157334,-6.87502321377224,-17.6838394781793));
#3121=CARTESIAN_POINT('Ctrl Pts',(3.65645709656707,-6.39152857372762,-17.5613885710095));
#3122=CARTESIAN_POINT('Ctrl Pts',(5.15766187991493,-5.25413632738337,-17.4389376638397));
#3123=CARTESIAN_POINT('Ctrl Pts',(6.0820020698852,-3.75896979229611,-17.3164867566699));
#3124=CARTESIAN_POINT('Ctrl Pts',(7.00634225998666,-2.26380325699664,-17.1940358494826));
#3125=CARTESIAN_POINT('Ctrl Pts',(7.3538178565468,-0.410862432852577,-17.0715849422954));
#3126=CARTESIAN_POINT('Ctrl Pts',(7.03165060269389,1.31610522876368,-16.9491340351082));
#3127=CARTESIAN_POINT('Ctrl Pts',(6.70948334884098,3.04307289037994,-16.826683127921));
#3128=CARTESIAN_POINT('Ctrl Pts',(5.71767324457502,4.64406738946837,-16.7042322207338));
#3129=CARTESIAN_POINT('Ctrl Pts',(4.31523260139898,5.7060483358322,-16.5817813135466));
#3130=CARTESIAN_POINT('Ctrl Pts',(3.61401227981096,6.23703880901411,-16.520555859953));
#3131=CARTESIAN_POINT('Ctrl Pts',(2.81013432349544,6.63327589401486,-16.4593304063594));
#3132=CARTESIAN_POINT('Ctrl Pts',(1.96381155085123,6.8750232139785,-16.3981049527658));
#3133=CARTESIAN_POINT('',(4.41941738241592,-4.41941738241592,-18.3690972181221));
#3134=CARTESIAN_POINT('Ctrl Pts',(1.96381155085297,-6.87502321397894,-17.6838394782305));
#3135=CARTESIAN_POINT('Ctrl Pts',(2.04291464415526,-6.79592012067665,-17.7336358128167));
#3136=CARTESIAN_POINT('Ctrl Pts',(2.12265552537063,-6.71605886799304,-17.7816051527868));
#3137=CARTESIAN_POINT('Ctrl Pts',(2.20296233835945,-6.63552343406033,-17.8274571571228));
#3138=CARTESIAN_POINT('Ctrl Pts',(2.2816694470238,-6.55659225856025,-17.872395793752));
#3139=CARTESIAN_POINT('Ctrl Pts',(2.36092022568578,-6.477014022816,-17.9153006088445));
#3140=CARTESIAN_POINT('Ctrl Pts',(2.44069529781853,-6.39685343123469,-17.955898268752));
#3141=CARTESIAN_POINT('Ctrl Pts',(2.45088637587132,-6.38661310397802,-17.9610845244308));
#3142=CARTESIAN_POINT('Ctrl Pts',(2.46108607499485,-6.37636324696519,-17.9662331285777));
#3143=CARTESIAN_POINT('Ctrl Pts',(2.47129441188655,-6.36610397058838,-17.971343511354));
#3144=CARTESIAN_POINT('Ctrl Pts',(2.54879037021769,-6.28822130830568,-18.0101386662246));
#3145=CARTESIAN_POINT('Ctrl Pts',(2.62681954052956,-6.20975509325097,-18.0467533279364));
#3146=CARTESIAN_POINT('Ctrl Pts',(2.70536171083155,-6.1307488708223,-18.0809497802493));
#3147=CARTESIAN_POINT('Ctrl Pts',(2.7723972484847,-6.06331726588846,-18.1101363631743));
#3148=CARTESIAN_POINT('Ctrl Pts',(2.83980732151889,-5.99549227517534,-18.1375613825978));
#3149=CARTESIAN_POINT('Ctrl Pts',(2.90760633924496,-5.92728761997447,-18.1630770415771));
#3150=CARTESIAN_POINT('Ctrl Pts',(2.98729788545868,-5.84711928399811,-18.1930683657132));
#3151=CARTESIAN_POINT('Ctrl Pts',(3.06738686663145,-5.76656989736138,-18.2203662686174));
#3152=CARTESIAN_POINT('Ctrl Pts',(3.14788789888916,-5.6856443861606,-18.2447819248426));
#3153=CARTESIAN_POINT('Ctrl Pts',(3.2280130414747,-5.60509674668421,-18.2690835751631));
#3154=CARTESIAN_POINT('Ctrl Pts',(3.30854678660102,-5.5241770783243,-18.2905298325556));
#3155=CARTESIAN_POINT('Ctrl Pts',(3.38954616935574,-5.44286140753045,-18.3089345043329));
#3156=CARTESIAN_POINT('Ctrl Pts',(3.4300269973167,-5.40222250920817,-18.3181325540779));
#3157=CARTESIAN_POINT('Ctrl Pts',(3.4706247580566,-5.36148419570968,-18.3265709155891));
#3158=CARTESIAN_POINT('Ctrl Pts',(3.51135007424368,-5.32064005550581,-18.3342263472864));
#3159=CARTESIAN_POINT('Ctrl Pts',(3.60439399900681,-5.2273246570277,-18.3517164855482));
#3160=CARTESIAN_POINT('Ctrl Pts',(3.69750920699036,-5.13404883573188,-18.3650120554562));
#3161=CARTESIAN_POINT('Ctrl Pts',(3.79080249649169,-5.04071774020104,-18.3740130452602));
#3162=CARTESIAN_POINT('Ctrl Pts',(3.88589110605295,-4.94559059707753,-18.383187248568));
#3163=CARTESIAN_POINT('Ctrl Pts',(3.98116564724299,-4.85040655650627,-18.3878999930561));
#3164=CARTESIAN_POINT('Ctrl Pts',(4.07676964581848,-4.75502069220224,-18.3880453813245));
#3165=CARTESIAN_POINT('Ctrl Pts',(4.11351777983809,-4.71835640433509,-18.3881012654679));
#3166=CARTESIAN_POINT('Ctrl Pts',(4.15031482954178,-4.6816617970687,-18.3874823367453));
#3167=CARTESIAN_POINT('Ctrl Pts',(4.18716964732265,-4.64492672671442,-18.3861825811624));
#3168=CARTESIAN_POINT('Ctrl Pts',(4.26101055926976,-4.57132573615927,-18.383578440284));
#3169=CARTESIAN_POINT('Ctrl Pts',(4.3347438600926,-4.49790089061282,-18.378253473531));
#3170=CARTESIAN_POINT('Ctrl Pts',(4.40842843553883,-4.4245746385335,-18.3702338894119));
#3171=CARTESIAN_POINT('Ctrl Pts',(4.41060362215374,-4.42241002971166,-18.3699971493353));
#3172=CARTESIAN_POINT('Ctrl Pts',(4.41277869140277,-4.42024558070682,-18.3697580691665));
#3173=CARTESIAN_POINT('Ctrl Pts',(4.41495364469045,-4.41808128950816,-18.3695166500687));
#3174=CARTESIAN_POINT('Ctrl Pts',(4.41566846120632,-4.41736997717666,-18.3694373056712));
#3175=CARTESIAN_POINT('Ctrl Pts',(4.41638326489728,-4.41665868218848,-18.3693577086644));
#3176=CARTESIAN_POINT('Ctrl Pts',(4.417098055789,-4.41594740449614,-18.369277859093));
#3177=CARTESIAN_POINT('Ctrl Pts',(4.41755801949991,-4.41548970150825,-18.3692264763662));
#3178=CARTESIAN_POINT('Ctrl Pts',(4.41801797787045,-4.4150320057225,-18.3691749890607));
#3179=CARTESIAN_POINT('Ctrl Pts',(4.41847793092994,-4.41457431710387,-18.3691233971861));
#3180=CARTESIAN_POINT('Ctrl Pts',(4.4185557016755,-4.41449692923923,-18.3691146738208));
#3181=CARTESIAN_POINT('Ctrl Pts',(4.41863347226767,-4.41441954158105,-18.3691059474661));
#3182=CARTESIAN_POINT('Ctrl Pts',(4.41871124270648,-4.41434215412925,-18.3690972181221));
#3183=CARTESIAN_POINT('Ctrl Pts',(4.42030622522682,4.42030977867909,-17.5879367970559));
#3184=CARTESIAN_POINT('Ctrl Pts',(5.30157973530682,3.53255197462972,-17.6875025439477));
#3185=CARTESIAN_POINT('Ctrl Pts',(6.67513361754799,0.957847540131305,-17.9095191980266));
#3186=CARTESIAN_POINT('Ctrl Pts',(6.02903562616561,-2.48752058494407,-18.1699918388048));
#3187=CARTESIAN_POINT('Ctrl Pts',(4.75919956027393,-4.07587749335108,-18.3308987326914));
#3188=CARTESIAN_POINT('Ctrl Pts',(4.41641655530941,-4.41662437583309,-18.3693547193908));
#3189=CARTESIAN_POINT('Ctrl Pts',(-1.96381155085287,-6.87502321397896,-11.710604952765));
#3190=CARTESIAN_POINT('Ctrl Pts',(-3.65645709614126,-6.39152857405132,-11.8330558599522));
#3191=CARTESIAN_POINT('Ctrl Pts',(-5.89238572586449,-4.68481614040432,-12.016732220733));
#3192=CARTESIAN_POINT('Ctrl Pts',(-7.51762463694275,-0.50530805134463,-12.3228594887009));
#3193=CARTESIAN_POINT('Ctrl Pts',(-6.66138632884691,4.11321246770834,-12.6289867566689));
#3194=CARTESIAN_POINT('Ctrl Pts',(-3.65645709614128,6.3915285740513,-12.8738885710433));
#3195=CARTESIAN_POINT('Ctrl Pts',(-1.9638115508529,6.87502321397896,-12.9963394782305));
#3196=CARTESIAN_POINT('Ctrl Pts',(-1.88141386340448,-6.58656070150425,-12.0231049536396));
#3197=CARTESIAN_POINT('Ctrl Pts',(-3.50303931588354,-6.12335254996518,-12.1455558608268));
#3198=CARTESIAN_POINT('Ctrl Pts',(-5.64515275834564,-4.48825042821947,-12.3292322216075));
#3199=CARTESIAN_POINT('Ctrl Pts',(-7.202199827001,-0.484106314924571,-12.6353594895755));
#3200=CARTESIAN_POINT('Ctrl Pts',(-6.38188760176235,3.94063012640584,-12.9414867575435));
#3201=CARTESIAN_POINT('Ctrl Pts',(-3.50303931588357,6.12335254996516,-13.1863885719179));
#3202=CARTESIAN_POINT('Ctrl Pts',(-1.88141386340451,6.58656070150424,-13.3088394791051));
#3203=CARTESIAN_POINT('Ctrl Pts',(-1.79901617595609,-6.29809818902953,-12.3356049545141));
#3204=CARTESIAN_POINT('Ctrl Pts',(-3.34962153562582,-5.85517652587904,-12.4580558617013));
#3205=CARTESIAN_POINT('Ctrl Pts',(-5.39791979082678,-4.29168471603462,-12.6417322224821));
#3206=CARTESIAN_POINT('Ctrl Pts',(-6.88677501705927,-0.462904578504509,
-12.9478594904501));
#3207=CARTESIAN_POINT('Ctrl Pts',(-6.10238887467778,3.76804778510335,-13.2539867584181));
#3208=CARTESIAN_POINT('Ctrl Pts',(-3.34962153562585,5.85517652587902,-13.4988885727925));
#3209=CARTESIAN_POINT('Ctrl Pts',(-1.79901617595611,6.29809818902952,-13.6213394799797));
#3210=CARTESIAN_POINT('Ctrl Pts',(-1.71661848850769,-6.00963567655481,-12.6481049553887));
#3211=CARTESIAN_POINT('Ctrl Pts',(-3.19620375536811,-5.5870005017929,-12.7705558625759));
#3212=CARTESIAN_POINT('Ctrl Pts',(-5.15068682330793,-4.09511900384977,-12.9542322233567));
#3213=CARTESIAN_POINT('Ctrl Pts',(-6.57135020711753,-0.44170284208445,-13.2603594913247));
#3214=CARTESIAN_POINT('Ctrl Pts',(-5.82289014759323,3.59546544380085,-13.5664867592927));
#3215=CARTESIAN_POINT('Ctrl Pts',(-3.19620375536813,5.58700050179288,-13.8113885736671));
#3216=CARTESIAN_POINT('Ctrl Pts',(-1.71661848850772,6.0096356765548,-13.9338394808543));
#3217=CARTESIAN_POINT('',(-1.96381155085414,6.87502321397769,-12.9963394782314));
#3218=CARTESIAN_POINT('',(-4.41941738241592,4.41941738241592,-13.6815972181221));
#3219=CARTESIAN_POINT('Ctrl Pts',(-1.9638115508529,6.87502321397895,-12.9963394782305));
#3220=CARTESIAN_POINT('Ctrl Pts',(-2.456992079334,6.38184268549785,-13.3068024649787));
#3221=CARTESIAN_POINT('Ctrl Pts',(-2.97488760277978,5.86394716205206,-13.5455683507571));
#3222=CARTESIAN_POINT('Ctrl Pts',(-3.73760719678174,5.1012275680501,-13.6888954095093));
#3223=CARTESIAN_POINT('Ctrl Pts',(-3.96208308780959,4.87675167702225,-13.7066813853752));
#3224=CARTESIAN_POINT('Ctrl Pts',(-4.26211171491519,4.57672304991665,-13.6960784402841));
#3225=CARTESIAN_POINT('Ctrl Pts',(-4.33566832615693,4.50316643867492,-13.6907534735313));
#3226=CARTESIAN_POINT('Ctrl Pts',(-4.41133092718947,4.42750383764237,-13.6824971493355));
#3227=CARTESIAN_POINT('Ctrl Pts',(-4.4135003306842,4.42533443414764,-13.6822580691664));
#3228=CARTESIAN_POINT('Ctrl Pts',(-4.41638255654952,4.42245220828233,-13.6819373056727));
#3229=CARTESIAN_POINT('Ctrl Pts',(-4.41709549284893,4.42173927198291,-13.6818577086673));
#3230=CARTESIAN_POINT('Ctrl Pts',(-4.41826717632002,4.42056758851183,-13.6817264763666));
#3231=CARTESIAN_POINT('Ctrl Pts',(-4.41872593167093,4.42010883316092,-13.6816749890615));
#3232=CARTESIAN_POINT('Ctrl Pts',(-4.41926224843251,4.41957251639934,-13.6816146738208));
#3233=CARTESIAN_POINT('Ctrl Pts',(-4.41933981550851,4.41949494932334,-13.6816059474661));
#3234=CARTESIAN_POINT('Ctrl Pts',(-4.41941738241592,4.41941738241592,-13.6815972181221));
#3235=CARTESIAN_POINT('',(-4.41941738241592,-4.41941738241592,-12.9003472181221));
#3236=CARTESIAN_POINT('Ctrl Pts',(-4.41409495839567,-4.41364901137376,-12.9004374329343));
#3237=CARTESIAN_POINT('Ctrl Pts',(-4.75512809094663,-4.07382249941739,-12.938777514273));
#3238=CARTESIAN_POINT('Ctrl Pts',(-5.54102503544488,-3.09131476068582,-13.0383430492053));
#3239=CARTESIAN_POINT('Ctrl Pts',(-6.57135020711753,-0.44170284208445,-13.2603594913247));
#3240=CARTESIAN_POINT('Ctrl Pts',(-6.02820700333554,2.48799325739269,-13.4825102166351));
#3241=CARTESIAN_POINT('Ctrl Pts',(-4.75913724684909,4.07562345786981,-13.6434354883518));
#3242=CARTESIAN_POINT('Ctrl Pts',(-4.41624402592656,4.4164617370487,-13.6819098528814));
#3243=CARTESIAN_POINT('',(-1.96381155085359,-6.875023213978,-11.710604952766));
#3244=CARTESIAN_POINT('Ctrl Pts',(-4.4194173824159,-4.41941738241594,-12.9003472181221));
#3245=CARTESIAN_POINT('Ctrl Pts',(-4.41906654716156,-4.41976821767029,-12.9003077352841));
#3246=CARTESIAN_POINT('Ctrl Pts',(-4.41871571535308,-4.42011904947877,-12.9002681912912));
#3247=CARTESIAN_POINT('Ctrl Pts',(-4.41780167417963,-4.42103309065221,-12.9001650048496));
#3248=CARTESIAN_POINT('Ctrl Pts',(-4.41723847031735,-4.42159629451449,-12.9001012659615));
#3249=CARTESIAN_POINT('Ctrl Pts',(-4.41543791806895,-4.42339684676289,-12.8998969869499));
#3250=CARTESIAN_POINT('Ctrl Pts',(-4.4142006043077,-4.42463416052415,-12.8997558438803));
#3251=CARTESIAN_POINT('Ctrl Pts',(-4.40354361281195,-4.43529115201989,-12.8985335866331));
#3252=CARTESIAN_POINT('Ctrl Pts',(-4.3941265875166,-4.44470817731524,-12.8974091863805));
#3253=CARTESIAN_POINT('Ctrl Pts',(-4.28002843186476,-4.55880633296709,-12.8832495294756));
#3254=CARTESIAN_POINT('Ctrl Pts',(-4.17589519176977,-4.66293957306208,-12.864854120379));
#3255=CARTESIAN_POINT('Ctrl Pts',(-4.07003074345972,-4.76880402137213,-12.8407962649667));
#3256=CARTESIAN_POINT('Ctrl Pts',(-4.06791937799141,-4.7709153868358,-12.8403142714741));
#3257=CARTESIAN_POINT('Ctrl Pts',(-3.95275258393109,-4.88608218089611,-12.8139044694351));
#3258=CARTESIAN_POINT('Ctrl Pts',(-3.84059725786527,-4.99823750696657,-12.7819321160582));
#3259=CARTESIAN_POINT('Ctrl Pts',(-3.70225912384228,-5.13657564098956,-12.7352873959898));
#3260=CARTESIAN_POINT('Ctrl Pts',(-3.67538213116439,-5.16345263366746,-12.7258834565821));
#3261=CARTESIAN_POINT('Ctrl Pts',(-3.61639925731674,-5.2224355075151,-12.7045111693208));
#3262=CARTESIAN_POINT('Ctrl Pts',(-3.58432300592706,-5.25451175890478,-12.692406977098));
#3263=CARTESIAN_POINT('Ctrl Pts',(-3.51413229915554,-5.3247024656763,-12.6648929279828));
#3264=CARTESIAN_POINT('Ctrl Pts',(-3.47606045521551,-5.36277430961634,-12.6493000938661));
#3265=CARTESIAN_POINT('Ctrl Pts',(-3.41811331247732,-5.42072145235452,-12.6245812188735));
#3266=CARTESIAN_POINT('Ctrl Pts',(-3.39815023682417,-5.44068452800769,-12.6158855612362));
#3267=CARTESIAN_POINT('Ctrl Pts',(-3.35662089064485,-5.482213874187,-12.5974283518241));
#3268=CARTESIAN_POINT('Ctrl Pts',(-3.33506159600373,-5.50377316882813,-12.5876389697597));
#3269=CARTESIAN_POINT('Ctrl Pts',(-3.28851997964895,-5.55031478518291,-12.5660666162612));
#3270=CARTESIAN_POINT('Ctrl Pts',(-3.26355336809508,-5.57528139671455,-12.554219174022));
#3271=CARTESIAN_POINT('Ctrl Pts',(-3.21333766663284,-5.62549709817679,-12.5298497947045));
#3272=CARTESIAN_POINT('Ctrl Pts',(-3.18809092153912,-5.65074384327827,-12.5173203282016));
#3273=CARTESIAN_POINT('Ctrl Pts',(-3.13560276722676,-5.70323199759064,-12.4907091785816));
#3274=CARTESIAN_POINT('Ctrl Pts',(-3.10837200332496,-5.7304627614977,-12.4765855369788));
#3275=CARTESIAN_POINT('Ctrl Pts',(-3.05176288407642,-5.78707188074624,-12.446581980839));
#3276=CARTESIAN_POINT('Ctrl Pts',(-3.02239651592082,-5.81643824890532,-12.4306540733202));
#3277=CARTESIAN_POINT('Ctrl Pts',(-2.96134793416558,-5.87748683066057,-12.3968101074088));
#3278=CARTESIAN_POINT('Ctrl Pts',(-2.92967904986366,-5.90915571496817,-12.3788390977911));
#3279=CARTESIAN_POINT('Ctrl Pts',(-2.88190109508997,-5.95693366974186,-12.3511228451274));
#3280=CARTESIAN_POINT('Ctrl Pts',(-2.86571745017559,-5.97311731465625,-12.3416290853367));
#3281=CARTESIAN_POINT('Ctrl Pts',(-2.82975730440414,-6.0090774604277,-12.3203036274492));
#3282=CARTESIAN_POINT('Ctrl Pts',(-2.80999331283858,-6.02884145199322,-12.3084273072143));
#3283=CARTESIAN_POINT('Ctrl Pts',(-2.76426013920243,-6.07457462562937,-12.2805937539138));
#3284=CARTESIAN_POINT('Ctrl Pts',(-2.73831829130895,-6.10051647352291,-12.2645407302417));
#3285=CARTESIAN_POINT('Ctrl Pts',(-2.45711254173515,-6.3817222230967,-12.0877453032512));
#3286=CARTESIAN_POINT('Ctrl Pts',(-2.20668432553466,-6.63215043929719,-11.9052659961645));
#3287=CARTESIAN_POINT('Ctrl Pts',(-1.96381155085287,-6.87502321397898,-11.710604952765));
#3288=CARTESIAN_POINT('Ctrl Pts',(-1.963811550854,6.87502321397721,-12.9963394782319));
#3289=CARTESIAN_POINT('Ctrl Pts',(-3.65645709614144,6.39152857404941,-12.8738885710447));
#3290=CARTESIAN_POINT('Ctrl Pts',(-5.15892171249333,5.25237052087841,-12.7514376638575));
#3291=CARTESIAN_POINT('Ctrl Pts',(-6.08140168228846,3.75908739048282,-12.6289867566704));
#3292=CARTESIAN_POINT('Ctrl Pts',(-7.00388165208389,2.26580426008676,-12.5065358494832));
#3293=CARTESIAN_POINT('Ctrl Pts',(-7.34637697532217,0.418396052465879,-12.384084942296));
#3294=CARTESIAN_POINT('Ctrl Pts',(-7.02714504011413,-1.31194217382346,-12.2616340351088));
#3295=CARTESIAN_POINT('Ctrl Pts',(-6.86752907251012,-2.17711128696809,-12.2004085815152));
#3296=CARTESIAN_POINT('Ctrl Pts',(-6.54248129029453,-3.01301290477987,-12.1391831279216));
#3297=CARTESIAN_POINT('Ctrl Pts',(-6.07734625440385,-3.75991536483732,-12.077957674328));
#3298=CARTESIAN_POINT('Ctrl Pts',(-5.14707618262257,-5.25372028495208,-11.9555067671408));
#3299=CARTESIAN_POINT('Ctrl Pts',(-3.65645709614102,-6.39152857404974,-11.8330558599536));
#3300=CARTESIAN_POINT('Ctrl Pts',(-1.96381155085326,-6.87502321397742,-11.7106049527665));
#3301=CARTESIAN_POINT('Ctrl Pts',(1.9638115508507,6.87502321397959,-19.5231049527648));
#3302=CARTESIAN_POINT('Ctrl Pts',(2.81013432349507,6.633275894016,-19.5843304063584));
#3303=CARTESIAN_POINT('Ctrl Pts',(5.22176567188844,5.44459449856681,-19.7680067671392));
#3304=CARTESIAN_POINT('Ctrl Pts',(7.70128625130304,1.44212223705456,-20.0741340351073));
#3305=CARTESIAN_POINT('Ctrl Pts',(6.65884917964275,-4.11667032706953,-20.4414867566689));
#3306=CARTESIAN_POINT('Ctrl Pts',(3.65645709614141,-6.39152857405129,-20.6863885710433));
#3307=CARTESIAN_POINT('Ctrl Pts',(1.96381155085281,-6.87502321397898,-20.8088394782305));
#3308=CARTESIAN_POINT('Ctrl Pts',(1.88141386340239,6.58656070150484,-19.8356049536394));
#3309=CARTESIAN_POINT('Ctrl Pts',(2.6922265896421,6.35495662573553,-19.896830407233));
#3310=CARTESIAN_POINT('Ctrl Pts',(5.00267060873223,5.21614997415136,-20.0805067680138));
#3311=CARTESIAN_POINT('Ctrl Pts',(7.37815535963989,1.38161361172358,-20.3866340359819));
#3312=CARTESIAN_POINT('Ctrl Pts',(6.37945690637095,-3.94394290075887,-20.7539867575435));
#3313=CARTESIAN_POINT('Ctrl Pts',(3.50303931588369,-6.12335254996515,-20.9988885719179));
#3314=CARTESIAN_POINT('Ctrl Pts',(1.88141386340442,-6.58656070150426,-21.1213394791051));
#3315=CARTESIAN_POINT('Ctrl Pts',(1.79901617595409,6.2980981890301,-20.148104954514));
#3316=CARTESIAN_POINT('Ctrl Pts',(2.57431885578913,6.07663735745507,-20.2093304081076));
#3317=CARTESIAN_POINT('Ctrl Pts',(4.78357554557601,4.98770544973591,-20.3930067688884));
#3318=CARTESIAN_POINT('Ctrl Pts',(7.05502446797674,1.3211049863926,-20.6991340368565));
#3319=CARTESIAN_POINT('Ctrl Pts',(6.10006463309916,-3.77121547444822,-21.0664867584181));
#3320=CARTESIAN_POINT('Ctrl Pts',(3.34962153562597,-5.85517652587901,-21.3113885727925));
#3321=CARTESIAN_POINT('Ctrl Pts',(1.79901617595603,-6.29809818902955,-21.4338394799797));
#3322=CARTESIAN_POINT('Ctrl Pts',(1.71661848850579,6.00963567655535,-20.4606049553886));
#3323=CARTESIAN_POINT('Ctrl Pts',(2.45641112193616,5.7983180891746,-20.5218304089822));
#3324=CARTESIAN_POINT('Ctrl Pts',(4.56448048241979,4.75926092532045,-20.705506769763));
#3325=CARTESIAN_POINT('Ctrl Pts',(6.73189357631359,1.26059636106163,-21.011634037731));
#3326=CARTESIAN_POINT('Ctrl Pts',(5.82067235982736,-3.59848804813756,-21.3789867592927));
#3327=CARTESIAN_POINT('Ctrl Pts',(3.19620375536824,-5.58700050179287,-21.6238885736671));
#3328=CARTESIAN_POINT('Ctrl Pts',(1.71661848850764,-6.00963567655483,-21.7463394808543));
#3329=CARTESIAN_POINT('',(4.41941738241592,4.41941738241592,-20.7128472181221));
#3330=CARTESIAN_POINT('',(1.96381155085112,6.87502321397939,-19.5231049527657));
#3331=CARTESIAN_POINT('Ctrl Pts',(4.41941738241593,4.41941738241591,-20.7128472181221));
#3332=CARTESIAN_POINT('Ctrl Pts',(4.41906654716325,4.41976821766859,-20.7128077352843));
#3333=CARTESIAN_POINT('Ctrl Pts',(4.41871571535576,4.42011904947609,-20.7127681912916));
#3334=CARTESIAN_POINT('Ctrl Pts',(4.41780167417112,4.42103309066073,-20.7126650048486));
#3335=CARTESIAN_POINT('Ctrl Pts',(4.41723847029996,4.42159629453188,-20.7126012659595));
#3336=CARTESIAN_POINT('Ctrl Pts',(4.41543791807346,4.42339684675838,-20.7123969869504));
#3337=CARTESIAN_POINT('Ctrl Pts',(4.41420060431676,4.42463416051508,-20.7122558438814));
#3338=CARTESIAN_POINT('Ctrl Pts',(4.40354361281196,4.43529115201988,-20.7110335866331));
#3339=CARTESIAN_POINT('Ctrl Pts',(4.39412658751696,4.44470817731488,-20.7099091863805));
#3340=CARTESIAN_POINT('Ctrl Pts',(4.28002843186488,4.55880633296697,-20.6957495294756));
#3341=CARTESIAN_POINT('Ctrl Pts',(4.17589519176991,4.66293957306194,-20.677354120379));
#3342=CARTESIAN_POINT('Ctrl Pts',(4.07003074345788,4.76880402137397,-20.6532962649663));
#3343=CARTESIAN_POINT('Ctrl Pts',(4.06791937798773,4.77091538683946,-20.6528142714733));
#3344=CARTESIAN_POINT('Ctrl Pts',(3.95383303379113,4.88500173103606,-20.6266522358781));
#3345=CARTESIAN_POINT('Ctrl Pts',(3.84273948526039,4.99609527957145,-20.5950423264087));
#3346=CARTESIAN_POINT('Ctrl Pts',(3.70565929697304,5.1331754678588,-20.548959025128));
#3347=CARTESIAN_POINT('Ctrl Pts',(3.67899232326304,5.1598424415688,-20.5396577869784));
#3348=CARTESIAN_POINT('Ctrl Pts',(3.62046201024016,5.21837275459168,-20.5185188712913));
#3349=CARTESIAN_POINT('Ctrl Pts',(3.5886278238623,5.25020694096956,-20.5065471242619));
#3350=CARTESIAN_POINT('Ctrl Pts',(3.51895919123148,5.31987557360038,-20.479334568252));
#3351=CARTESIAN_POINT('Ctrl Pts',(3.48116670424924,5.35766806058261,-20.4639131129842));
#3352=CARTESIAN_POINT('Ctrl Pts',(3.4236415753991,5.41519318943275,-20.439467162005));
#3353=CARTESIAN_POINT('Ctrl Pts',(3.40382267273695,5.43501209209489,-20.430867438705));
#3354=CARTESIAN_POINT('Ctrl Pts',(3.362592051345,5.47624271348684,-20.4126141606557));
#3355=CARTESIAN_POINT('Ctrl Pts',(3.34118721158899,5.49764755324285,-20.402933122464));
#3356=CARTESIAN_POINT('Ctrl Pts',(3.29528224507739,5.54355251975445,-20.381740376549));
#3357=CARTESIAN_POINT('Ctrl Pts',(3.27079620882139,5.56803855598724,-20.3701709662054));
#3358=CARTESIAN_POINT('Ctrl Pts',(3.22126243976903,5.6175723250396,-20.3462430349999));
#3359=CARTESIAN_POINT('Ctrl Pts',(3.19621831960066,5.64261644521601,-20.3338717975342));
#3360=CARTESIAN_POINT('Ctrl Pts',(3.14415084988542,5.69468391493125,-20.3075973103858));
#3361=CARTESIAN_POINT('Ctrl Pts',(3.11713800534889,5.72169675948292,-20.2936526956463));
#3362=CARTESIAN_POINT('Ctrl Pts',(3.07637505366646,5.76245971116536,-20.2721501775837));
#3363=CARTESIAN_POINT('Ctrl Pts',(3.06257279381216,5.77626197101968,-20.2647892831961));
#3364=CARTESIAN_POINT('Ctrl Pts',(3.03445406361417,5.80438070121767,-20.2496322693433));
#3365=CARTESIAN_POINT('Ctrl Pts',(3.02013900760254,5.81869575722929,-20.241830462222));
#3366=CARTESIAN_POINT('Ctrl Pts',(2.99097558271322,5.84785918211861,-20.2257647059616));
#3367=CARTESIAN_POINT('Ctrl Pts',(2.97612870214682,5.86270606268502,-20.2174946846927));
#3368=CARTESIAN_POINT('Ctrl Pts',(2.94588159703502,5.89295316779682,-20.2004638641911));
#3369=CARTESIAN_POINT('Ctrl Pts',(2.93048293322616,5.90835183160563,-20.1916965803224));
#3370=CARTESIAN_POINT('Ctrl Pts',(2.89911087807244,5.93972388675935,-20.1736405589446));
#3371=CARTESIAN_POINT('Ctrl Pts',(2.88313911827351,5.95569564655829,-20.1643448897258));
#3372=CARTESIAN_POINT('Ctrl Pts',(2.85059914424606,5.98823562058573,-20.145199871935));
#3373=CARTESIAN_POINT('Ctrl Pts',(2.8340326258887,6.00480213894306,-20.1353431188883));
#3374=CARTESIAN_POINT('Ctrl Pts',(2.80027994014368,6.03855482468808,-20.1150414421008));
#3375=CARTESIAN_POINT('Ctrl Pts',(2.78309552801841,6.05573923681136,-20.1045886010118));
#3376=CARTESIAN_POINT('Ctrl Pts',(2.74807709675572,6.09075766807405,-20.083054623747));
#3377=CARTESIAN_POINT('Ctrl Pts',(2.73024490412162,6.10858986071031,-20.0719649523203));
#3378=CARTESIAN_POINT('Ctrl Pts',(2.45711254173557,6.38172222309636,-19.9002453032513));
#3379=CARTESIAN_POINT('Ctrl Pts',(2.20668432553556,6.63215043929629,-19.7177659961652));
#3380=CARTESIAN_POINT('Ctrl Pts',(1.96381155085286,6.875023213979,-19.5231049527649));
#3381=CARTESIAN_POINT('',(1.96381155085413,-6.87502321397769,-20.8088394782314));
#3382=CARTESIAN_POINT('Ctrl Pts',(1.96381155085407,-6.87502321397736,-20.8088394782317));
#3383=CARTESIAN_POINT('Ctrl Pts',(3.65645709614173,-6.39152857404949,-20.6863885710445));
#3384=CARTESIAN_POINT('Ctrl Pts',(5.15765313789144,-5.2540994505591,-20.5639376638573));
#3385=CARTESIAN_POINT('Ctrl Pts',(6.08199067070972,-3.75891946146039,-20.4414867566702));
#3386=CARTESIAN_POINT('Ctrl Pts',(7.00632820352833,-2.26373947236115,-20.319035849483));
#3387=CARTESIAN_POINT('Ctrl Pts',(7.35380722741504,-0.410808617653355,-20.1965849422957));
#3388=CARTESIAN_POINT('Ctrl Pts',(7.03164262347553,1.31615126200285,-20.0741340351085));
#3389=CARTESIAN_POINT('Ctrl Pts',(6.70947801953604,3.04311114165897,-19.9516831279213));
#3390=CARTESIAN_POINT('Ctrl Pts',(5.7176697877704,4.64410004626355,-19.8292322207341));
#3391=CARTESIAN_POINT('Ctrl Pts',(4.31523088900724,5.70606585688685,-19.7067813135469));
#3392=CARTESIAN_POINT('Ctrl Pts',(3.61401143962566,6.2370487621985,-19.6455558599533));
#3393=CARTESIAN_POINT('Ctrl Pts',(2.81013432349469,6.63327589401483,-19.5843304063597));
#3394=CARTESIAN_POINT('Ctrl Pts',(1.96381155085049,6.87502321397838,-19.5231049527661));
#3395=CARTESIAN_POINT('',(4.41941738241592,-4.41941738241592,-21.4940972181221));
#3396=CARTESIAN_POINT('Ctrl Pts',(1.96381155085287,-6.87502321397899,-20.8088394782305));
#3397=CARTESIAN_POINT('Ctrl Pts',(2.45699207933388,-6.38184268549798,-21.1193024649786));
#3398=CARTESIAN_POINT('Ctrl Pts',(2.97488760277898,-5.8639471620529,-21.3580683507567));
#3399=CARTESIAN_POINT('Ctrl Pts',(3.73760719678035,-5.10122756805152,-21.5013954095091));
#3400=CARTESIAN_POINT('Ctrl Pts',(3.96208308780853,-4.87675167702331,-21.5191813853752));
#3401=CARTESIAN_POINT('Ctrl Pts',(4.26211171491422,-4.57672304991762,-21.5085784402842));
#3402=CARTESIAN_POINT('Ctrl Pts',(4.3356683261557,-4.50316643867615,-21.5032534735314));
#3403=CARTESIAN_POINT('Ctrl Pts',(4.41133092718807,-4.42750383764377,-21.4949971493357));
#3404=CARTESIAN_POINT('Ctrl Pts',(4.41350033068272,-4.42533443414913,-21.4947580691666));
#3405=CARTESIAN_POINT('Ctrl Pts',(4.41638255655522,-4.42245220827662,-21.494437305672));
#3406=CARTESIAN_POINT('Ctrl Pts',(4.41709549286061,-4.42173927197123,-21.494357708666));
#3407=CARTESIAN_POINT('Ctrl Pts',(4.41826717632009,-4.42056758851176,-21.4942264763666));
#3408=CARTESIAN_POINT('Ctrl Pts',(4.41872593167118,-4.42010883316066,-21.4941749890615));
#3409=CARTESIAN_POINT('Ctrl Pts',(4.4192622484324,-4.41957251639944,-21.4941146738208));
#3410=CARTESIAN_POINT('Ctrl Pts',(4.41933981550845,-4.41949494932339,-21.4941059474661));
#3411=CARTESIAN_POINT('Ctrl Pts',(4.41941738241597,-4.41941738241588,-21.4940972181221));
#3412=CARTESIAN_POINT('Ctrl Pts',(4.42031591840093,4.42031955626351,-20.7129381596363));
#3413=CARTESIAN_POINT('Ctrl Pts',(5.30158169798739,3.53257188104946,-20.8125034523346));
#3414=CARTESIAN_POINT('Ctrl Pts',(6.67512563571952,0.957881487776865,-21.03451965222));
#3415=CARTESIAN_POINT('Ctrl Pts',(6.02902131977411,-2.48746784290796,-21.2949922735562));
#3416=CARTESIAN_POINT('Ctrl Pts',(4.75918471762906,-4.07585148721271,-21.455899602194));
#3417=CARTESIAN_POINT('Ctrl Pts',(4.41639832610988,-4.41660744276193,-21.4943560236447));
#3418=CARTESIAN_POINT('Ctrl Pts',(-1.96381155085219,-6.87502321397916,-14.8356049527649));
#3419=CARTESIAN_POINT('Ctrl Pts',(-3.65645709539733,-6.391528574264,-14.9580558598983));
#3420=CARTESIAN_POINT('Ctrl Pts',(-5.89227552810011,-4.68478483375717,-15.1417322205985));
#3421=CARTESIAN_POINT('Ctrl Pts',(-7.51753554867437,-0.505299183519676,
-15.447859488432));
#3422=CARTESIAN_POINT('Ctrl Pts',(-6.66128262054732,4.11317162759677,-15.7539867562656));
#3423=CARTESIAN_POINT('Ctrl Pts',(-3.65645710265435,6.39152857011241,-15.9988885705325));
#3424=CARTESIAN_POINT('Ctrl Pts',(-1.96381155865818,6.87502321174942,-16.1213394776659));
#3425=CARTESIAN_POINT('Ctrl Pts',(-1.88141386340382,-6.58656070150443,-15.1481049536395));
#3426=CARTESIAN_POINT('Ctrl Pts',(-3.50303931517082,-6.12335255016893,-15.2705558607729));
#3427=CARTESIAN_POINT('Ctrl Pts',(-5.64504718426368,-4.48822043513794,-15.4542322214731));
#3428=CARTESIAN_POINT('Ctrl Pts',(-7.20211447670193,-0.484097819176188,
-15.7603594893066));
#3429=CARTESIAN_POINT('Ctrl Pts',(-6.38178824485995,3.94059099986538,-16.0664867571402));
#3430=CARTESIAN_POINT('Ctrl Pts',(-3.50303932212336,6.12335254619154,-16.311388571407));
#3431=CARTESIAN_POINT('Ctrl Pts',(-1.88141387088229,6.58656069936825,-16.4338394785405));
#3432=CARTESIAN_POINT('Ctrl Pts',(-1.79901617595546,-6.29809818902971,-15.4606049545141));
#3433=CARTESIAN_POINT('Ctrl Pts',(-3.34962153494433,-5.85517652607387,-15.5830558616475));
#3434=CARTESIAN_POINT('Ctrl Pts',(-5.39781884042724,-4.29165603651871,-15.7667322223477));
#3435=CARTESIAN_POINT('Ctrl Pts',(-6.8866934047295,-0.462896454832698,-16.0728594901812));
#3436=CARTESIAN_POINT('Ctrl Pts',(-6.10229386917257,3.76801037213401,-16.3789867580148));
#3437=CARTESIAN_POINT('Ctrl Pts',(-3.34962154159237,5.85517652227066,-16.6238885722816));
#3438=CARTESIAN_POINT('Ctrl Pts',(-1.7990161831064,6.29809818698708,-16.7463394794151));
#3439=CARTESIAN_POINT('Ctrl Pts',(-1.71661848850709,-6.00963567655498,-15.7731049553887));
#3440=CARTESIAN_POINT('Ctrl Pts',(-3.19620375471782,-5.5870005019788,-15.8955558625221));
#3441=CARTESIAN_POINT('Ctrl Pts',(-5.15059049659081,-4.09509163789947,-16.0792322232222));
#3442=CARTESIAN_POINT('Ctrl Pts',(-6.57127233275707,-0.44169509048921,-16.3853594910558));
#3443=CARTESIAN_POINT('Ctrl Pts',(-5.8227994934852,3.59542974440263,-16.6914867588894));
#3444=CARTESIAN_POINT('Ctrl Pts',(-3.19620376106138,5.58700049834979,-16.9363885731562));
#3445=CARTESIAN_POINT('Ctrl Pts',(-1.71661849533051,6.00963567460591,-17.0588394802896));
#3446=CARTESIAN_POINT('',(-1.96381156127456,6.87502320808842,-16.1213394773136));
#3447=CARTESIAN_POINT('',(-4.41941738241592,4.41941738241592,-16.8065972181221));
#3448=CARTESIAN_POINT('Ctrl Pts',(-1.9638115574193,6.87502320741255,-16.1213394823642));
#3449=CARTESIAN_POINT('Ctrl Pts',(-2.45699208610418,6.38184267872767,-16.4318024684661));
#3450=CARTESIAN_POINT('Ctrl Pts',(-2.97488760278053,5.86394716205132,-16.6705683507575));
#3451=CARTESIAN_POINT('Ctrl Pts',(-3.73760719678268,5.10122756804917,-16.8138954095094));
#3452=CARTESIAN_POINT('Ctrl Pts',(-3.96208308781034,4.8767516770215,-16.8316813853752));
#3453=CARTESIAN_POINT('Ctrl Pts',(-4.26211171491586,4.57672304991598,-16.8210784402841));
#3454=CARTESIAN_POINT('Ctrl Pts',(-4.33566832615771,4.50316643867413,-16.8157534735312));
#3455=CARTESIAN_POINT('Ctrl Pts',(-4.41133092718828,4.42750383764357,-16.8074971493357));
#3456=CARTESIAN_POINT('Ctrl Pts',(-4.41350033068079,4.42533443415105,-16.8072580691668));
#3457=CARTESIAN_POINT('Ctrl Pts',(-4.41638255655749,4.42245220827436,-16.8069373056718));
#3458=CARTESIAN_POINT('Ctrl Pts',(-4.41709549286466,4.42173927196718,-16.8068577086656));
#3459=CARTESIAN_POINT('Ctrl Pts',(-4.41826717631595,4.4205675885159,-16.8067264763671));
#3460=CARTESIAN_POINT('Ctrl Pts',(-4.41872593166267,4.42010883316917,-16.8066749890625));
#3461=CARTESIAN_POINT('Ctrl Pts',(-4.41926224843254,4.4195725163993,-16.8066146738208));
#3462=CARTESIAN_POINT('Ctrl Pts',(-4.41933981550847,4.41949494932338,-16.8066059474661));
#3463=CARTESIAN_POINT('Ctrl Pts',(-4.41941738241589,4.41941738241596,-16.8065972181221));
#3464=CARTESIAN_POINT('',(-4.41941738241592,-4.41941738241592,-16.0253472181221));
#3465=CARTESIAN_POINT('Ctrl Pts',(-4.41406181283939,-4.41361334153844,-16.0254398467312));
#3466=CARTESIAN_POINT('Ctrl Pts',(-4.75507509236191,-4.07378976230489,-16.0637791234171));
#3467=CARTESIAN_POINT('Ctrl Pts',(-5.54093751282618,-3.09128318121183,-16.1633438536698));
#3468=CARTESIAN_POINT('Ctrl Pts',(-6.57127233275707,-0.44169509048921,-16.3853594910558));
#3469=CARTESIAN_POINT('Ctrl Pts',(-6.02812101164026,2.48796323848658,-16.6075097431818));
#3470=CARTESIAN_POINT('Ctrl Pts',(-4.75909440149657,4.07559792384671,-16.768434541741));
#3471=CARTESIAN_POINT('Ctrl Pts',(-4.41621547733362,4.41643541592553,-16.8069084331668));
#3472=CARTESIAN_POINT('',(-1.96381155085241,-6.87502321397867,-14.8356049527659));
#3473=CARTESIAN_POINT('Ctrl Pts',(-4.41941738241588,-4.41941738241596,-16.0253472181221));
#3474=CARTESIAN_POINT('Ctrl Pts',(-4.41906654715673,-4.41976821767511,-16.0253077352836));
#3475=CARTESIAN_POINT('Ctrl Pts',(-4.41871571534546,-4.42011904948639,-16.0252681912904));
#3476=CARTESIAN_POINT('Ctrl Pts',(-4.41780167417737,-4.42103309065447,-16.0251650048493));
#3477=CARTESIAN_POINT('Ctrl Pts',(-4.41723847031252,-4.42159629451932,-16.025101265961));
#3478=CARTESIAN_POINT('Ctrl Pts',(-4.41543791806706,-4.42339684676479,-16.0248969869497));
#3479=CARTESIAN_POINT('Ctrl Pts',(-4.41420060430387,-4.42463416052798,-16.0247558438799));
#3480=CARTESIAN_POINT('Ctrl Pts',(-4.4035436128123,-4.43529115201955,-16.0235335866331));
#3481=CARTESIAN_POINT('Ctrl Pts',(-4.39412658751726,-4.44470817731458,-16.0224091863806));
#3482=CARTESIAN_POINT('Ctrl Pts',(-4.28002843186482,-4.55880633296703,-16.0082495294756));
#3483=CARTESIAN_POINT('Ctrl Pts',(-4.17589519176993,-4.66293957306192,-15.989854120379));
#3484=CARTESIAN_POINT('Ctrl Pts',(-4.07003074346344,-4.76880402136841,-15.9657962649675));
#3485=CARTESIAN_POINT('Ctrl Pts',(-4.06791937799887,-4.77091538682832,-15.9653142714759));
#3486=CARTESIAN_POINT('Ctrl Pts',(-3.95185853778128,-4.88697622704591,-15.9386994486909));
#3487=CARTESIAN_POINT('Ctrl Pts',(-3.83882478093524,-5.00000998389663,-15.9064263553349));
#3488=CARTESIAN_POINT('Ctrl Pts',(-3.69944632331023,-5.13938844152163,-15.859315437471));
#3489=CARTESIAN_POINT('Ctrl Pts',(-3.67239586091506,-5.16643890391679,-15.8498262968665));
#3490=CARTESIAN_POINT('Ctrl Pts',(-3.6130391801839,-5.22579558464795,-15.8282603906545));
#3491=CARTESIAN_POINT('Ctrl Pts',(-3.58076298838784,-5.25807177644401,-15.8160463071373));
#3492=CARTESIAN_POINT('Ctrl Pts',(-3.51014103482239,-5.32869373000946,-15.7882820881633));
#3493=CARTESIAN_POINT('Ctrl Pts',(-3.4718384264697,-5.36699633836216,-15.7725470400941));
#3494=CARTESIAN_POINT('Ctrl Pts',(-3.41354267573839,-5.42529208909346,-15.7476016844597));
#3495=CARTESIAN_POINT('Ctrl Pts',(-3.39346049235279,-5.44537427247906,-15.7388264121588));
#3496=CARTESIAN_POINT('Ctrl Pts',(-3.35168434462794,-5.48715042020391,-15.7201999580133));
#3497=CARTESIAN_POINT('Ctrl Pts',(-3.32999743650416,-5.50883732832769,-15.7103206578054));
#3498=CARTESIAN_POINT('Ctrl Pts',(-3.28292302693862,-5.55591173789322,-15.6884297802881));
#3499=CARTESIAN_POINT('Ctrl Pts',(-3.25755263822287,-5.58128212658754,-15.6763478982873));
#3500=CARTESIAN_POINT('Ctrl Pts',(-3.20676630907792,-5.6320684557325,-15.6516077753609));
#3501=CARTESIAN_POINT('Ctrl Pts',(-3.18135160452975,-5.65748316028819,-15.6389464984564));
#3502=CARTESIAN_POINT('Ctrl Pts',(-3.12851471099561,-5.71032005382233,-15.612054889603));
#3503=CARTESIAN_POINT('Ctrl Pts',(-3.10110328326916,-5.7377314815627,-15.5977821040357));
#3504=CARTESIAN_POINT('Ctrl Pts',(-3.0597400122001,-5.77909475263175,-15.5757730660024));
#3505=CARTESIAN_POINT('Ctrl Pts',(-3.04573424918865,-5.79310051564316,-15.5682384513657));
#3506=CARTESIAN_POINT('Ctrl Pts',(-3.01720095680578,-5.82163380802603,-15.5527233977098));
#3507=CARTESIAN_POINT('Ctrl Pts',(-3.00267487157176,-5.83615989326009,-15.5447371200072));
#3508=CARTESIAN_POINT('Ctrl Pts',(-2.97308146664186,-5.86575329818999,-15.5282911465258));
#3509=CARTESIAN_POINT('Ctrl Pts',(-2.95801566455513,-5.88081910027672,-15.519825216618));
#3510=CARTESIAN_POINT('Ctrl Pts',(-2.92732240575357,-5.91151235907829,-15.5023905823065));
#3511=CARTESIAN_POINT('Ctrl Pts',(-2.91169653812979,-5.92713822670206,-15.4934152193393));
#3512=CARTESIAN_POINT('Ctrl Pts',(-2.87986191538756,-5.95897284944429,-15.4749306022994));
#3513=CARTESIAN_POINT('Ctrl Pts',(-2.86365481685774,-5.97517994797413,-15.4654142358468));
#3514=CARTESIAN_POINT('Ctrl Pts',(-2.82788813063844,-6.01094663419343,-15.4441837651553));
#3515=CARTESIAN_POINT('Ctrl Pts',(-2.80834013251512,-6.03049463231669,-15.4324282148942));
#3516=CARTESIAN_POINT('Ctrl Pts',(-2.76330390512478,-6.07553085970703,-15.4050019414172));
#3517=CARTESIAN_POINT('Ctrl Pts',(-2.73784143578267,-6.1009933290492,-15.3892409288453));
#3518=CARTESIAN_POINT('Ctrl Pts',(-2.45711254173518,-6.38172222309669,-15.2127453032512));
#3519=CARTESIAN_POINT('Ctrl Pts',(-2.2066843255347,-6.63215043929716,-15.0302659961645));
#3520=CARTESIAN_POINT('Ctrl Pts',(-1.9638115508529,-6.87502321397896,-14.835604952765));
#3521=CARTESIAN_POINT('Ctrl Pts',(-1.96381156354011,6.87502321035399,-16.1213394773136));
#3522=CARTESIAN_POINT('Ctrl Pts',(-3.65645710554288,6.39152856792108,-15.9988885702979));
#3523=CARTESIAN_POINT('Ctrl Pts',(-5.15886986248709,5.2523500974182,-15.8764376632822));
#3524=CARTESIAN_POINT('Ctrl Pts',(-6.08132682669873,3.7590667010019,-15.7539867562665));
#3525=CARTESIAN_POINT('Ctrl Pts',(-7.00378379179727,2.26578330314988,-15.6315358491331));
#3526=CARTESIAN_POINT('Ctrl Pts',(-7.34628496304804,0.418394978703515,-15.5090849419997));
#3527=CARTESIAN_POINT('Ctrl Pts',(-7.02704934797853,-1.31193063617514,-15.3866340348663));
#3528=CARTESIAN_POINT('Ctrl Pts',(-6.86743154044379,-2.17709344361442,-15.3254085812995));
#3529=CARTESIAN_POINT('Ctrl Pts',(-6.54237953632899,-3.01299057366179,-15.2641831277328));
#3530=CARTESIAN_POINT('Ctrl Pts',(-6.07725392995219,-3.75989352041631,-15.2029576741661));
#3531=CARTESIAN_POINT('Ctrl Pts',(-5.14700271719855,-5.25369941392544,-15.0805067670327));
#3532=CARTESIAN_POINT('Ctrl Pts',(-3.65645709539688,-6.39152857426319,-14.9580558598993));
#3533=CARTESIAN_POINT('Ctrl Pts',(-1.96381155085194,-6.87502321397829,-14.8356049527659));
#3534=CARTESIAN_POINT('Ctrl Pts',(1.96381155085133,6.87502321397941,-22.6481049527649));
#3535=CARTESIAN_POINT('Ctrl Pts',(2.81013432349564,6.63327589401575,-22.7093304063585));
#3536=CARTESIAN_POINT('Ctrl Pts',(5.22176349398761,5.44461957747125,-22.8930067671393));
#3537=CARTESIAN_POINT('Ctrl Pts',(7.70128017365167,1.44215911703704,-23.1991340351073));
#3538=CARTESIAN_POINT('Ctrl Pts',(6.65883464061669,-4.11660880678191,-23.5664867566689));
#3539=CARTESIAN_POINT('Ctrl Pts',(3.65645709614149,-6.39152857405123,-23.8113885710433));
#3540=CARTESIAN_POINT('Ctrl Pts',(1.96381155085296,-6.87502321397894,-23.9338394782305));
#3541=CARTESIAN_POINT('Ctrl Pts',(1.881413863403,6.58656070150467,-22.9606049536394));
#3542=CARTESIAN_POINT('Ctrl Pts',(2.69222658964264,6.3549566257353,-23.0218304072331));
#3543=CARTESIAN_POINT('Ctrl Pts',(5.00266852221185,5.21617400079407,-23.2055067680139));
#3544=CARTESIAN_POINT('Ctrl Pts',(7.37814953699486,1.38164894429421,-23.5116340359819));
#3545=CARTESIAN_POINT('Ctrl Pts',(6.37944297737395,-3.94388396174206,-23.8789867575435));
#3546=CARTESIAN_POINT('Ctrl Pts',(3.50303931588376,-6.12335254996509,-24.1238885719179));
#3547=CARTESIAN_POINT('Ctrl Pts',(1.88141386340456,-6.58656070150422,-24.2463394791051));
#3548=CARTESIAN_POINT('Ctrl Pts',(1.79901617595467,6.29809818902993,-23.273104954514));
#3549=CARTESIAN_POINT('Ctrl Pts',(2.57431885578965,6.07663735745484,-23.3343304081076));
#3550=CARTESIAN_POINT('Ctrl Pts',(4.78357355043609,4.9877284241169,-23.5180067688884));
#3551=CARTESIAN_POINT('Ctrl Pts',(7.05501890033807,1.32113877155138,-23.8241340368565));
#3552=CARTESIAN_POINT('Ctrl Pts',(6.10005131413123,-3.77115911670223,-24.1914867584181));
#3553=CARTESIAN_POINT('Ctrl Pts',(3.34962153562604,-5.85517652587895,-24.4363885727925));
#3554=CARTESIAN_POINT('Ctrl Pts',(1.79901617595616,-6.29809818902951,-24.5588394799797));
#3555=CARTESIAN_POINT('Ctrl Pts',(1.71661848850634,6.0096356765552,-23.5856049553886));
#3556=CARTESIAN_POINT('Ctrl Pts',(2.45641112193666,5.79831808917439,-23.6468304089822));
#3557=CARTESIAN_POINT('Ctrl Pts',(4.56447857866033,4.75928284743972,-23.830506769763));
#3558=CARTESIAN_POINT('Ctrl Pts',(6.73188826368127,1.26062859880855,-24.1366340377311));
#3559=CARTESIAN_POINT('Ctrl Pts',(5.82065965088849,-3.59843427166237,-24.5039867592927));
#3560=CARTESIAN_POINT('Ctrl Pts',(3.19620375536831,-5.58700050179282,-24.7488885736671));
#3561=CARTESIAN_POINT('Ctrl Pts',(1.71661848850777,-6.00963567655479,-24.8713394808543));
#3562=CARTESIAN_POINT('',(4.41941738241592,4.41941738241592,-23.8378472181221));
#3563=CARTESIAN_POINT('',(1.96381155085164,6.8750232139791,-22.6481049527658));
#3564=CARTESIAN_POINT('Ctrl Pts',(4.41941738241593,4.41941738241592,-23.8378472181221));
#3565=CARTESIAN_POINT('Ctrl Pts',(4.41906654718379,4.41976821764805,-23.8378077352866));
#3566=CARTESIAN_POINT('Ctrl Pts',(4.41871571538846,4.42011904944338,-23.8377681912952));
#3567=CARTESIAN_POINT('Ctrl Pts',(4.41780167416481,4.42103309066703,-23.8376650048479));
#3568=CARTESIAN_POINT('Ctrl Pts',(4.41723847028767,4.42159629454418,-23.8376012659581));
#3569=CARTESIAN_POINT('Ctrl Pts',(4.41543791806846,4.42339684676339,-23.8373969869499));
#3570=CARTESIAN_POINT('Ctrl Pts',(4.41420060430689,4.42463416052496,-23.8372558438802));
#3571=CARTESIAN_POINT('Ctrl Pts',(4.40354361281177,4.43529115202008,-23.8360335866331));
#3572=CARTESIAN_POINT('Ctrl Pts',(4.39412658751676,4.44470817731509,-23.8349091863805));
#3573=CARTESIAN_POINT('Ctrl Pts',(4.28002843186487,4.55880633296698,-23.8207495294756));
#3574=CARTESIAN_POINT('Ctrl Pts',(4.17589519176995,4.6629395730619,-23.802354120379));
#3575=CARTESIAN_POINT('Ctrl Pts',(4.07003074345861,4.76880402137323,-23.7782962649664));
#3576=CARTESIAN_POINT('Ctrl Pts',(4.06791937798924,4.77091538683796,-23.7778142714737));
#3577=CARTESIAN_POINT('Ctrl Pts',(3.95383303379109,4.8850017310361,-23.7516522358781));
#3578=CARTESIAN_POINT('Ctrl Pts',(3.8427394852603,4.99609527957155,-23.7200423264087));
#3579=CARTESIAN_POINT('Ctrl Pts',(3.70565929697349,5.13317546785836,-23.6739590251281));
#3580=CARTESIAN_POINT('Ctrl Pts',(3.67899232326391,5.15984244156794,-23.6646577869787));
#3581=CARTESIAN_POINT('Ctrl Pts',(3.62046201023936,5.21837275459249,-23.643518871291));
#3582=CARTESIAN_POINT('Ctrl Pts',(3.58862782386067,5.25020694097121,-23.6315471242613));
#3583=CARTESIAN_POINT('Ctrl Pts',(3.51895919123258,5.3198755735993,-23.6043345682524));
#3584=CARTESIAN_POINT('Ctrl Pts',(3.48116670425139,5.35766806058043,-23.5889131129851));
#3585=CARTESIAN_POINT('Ctrl Pts',(3.42364157539732,5.4151931894345,-23.5644671620043));
#3586=CARTESIAN_POINT('Ctrl Pts',(3.40382267273343,5.43501209209842,-23.5558674387034));
#3587=CARTESIAN_POINT('Ctrl Pts',(3.36259205134575,5.4762427134861,-23.537614160656));
#3588=CARTESIAN_POINT('Ctrl Pts',(3.34118721159047,5.49764755324137,-23.5279331224647));
#3589=CARTESIAN_POINT('Ctrl Pts',(3.29528224507925,5.54355251975259,-23.5067403765498));
#3590=CARTESIAN_POINT('Ctrl Pts',(3.27079620882515,5.56803855598343,-23.4951709662072));
#3591=CARTESIAN_POINT('Ctrl Pts',(3.22126243976676,5.61757232504182,-23.4712430349989));
#3592=CARTESIAN_POINT('Ctrl Pts',(3.19621831959619,5.64261644522051,-23.458871797532));
#3593=CARTESIAN_POINT('Ctrl Pts',(3.14415084988384,5.69468391493285,-23.432597310385));
#3594=CARTESIAN_POINT('Ctrl Pts',(3.11713800534563,5.72169675948624,-23.4186526956445));
#3595=CARTESIAN_POINT('Ctrl Pts',(3.07637505367008,5.76245971116179,-23.3971501775856));
#3596=CARTESIAN_POINT('Ctrl Pts',(3.06257279381933,5.77626197101251,-23.3897892831999));
#3597=CARTESIAN_POINT('Ctrl Pts',(3.03445406361379,5.80438070121806,-23.3746322693431));
#3598=CARTESIAN_POINT('Ctrl Pts',(3.02013900760176,5.81869575723006,-23.3668304622216));
#3599=CARTESIAN_POINT('Ctrl Pts',(2.99097558271109,5.84785918212074,-23.3507647059604));
#3600=CARTESIAN_POINT('Ctrl Pts',(2.97612870214253,5.86270606268936,-23.3424946846902));
#3601=CARTESIAN_POINT('Ctrl Pts',(2.9458815970375,5.89295316779438,-23.3254638641924));
#3602=CARTESIAN_POINT('Ctrl Pts',(2.9304829332311,5.9083518316007,-23.3166965803252));
#3603=CARTESIAN_POINT('Ctrl Pts',(2.89911087806892,5.93972388676287,-23.2986405589426));
#3604=CARTESIAN_POINT('Ctrl Pts',(2.8831391182664,5.95569564656546,-23.2893448897215));
#3605=CARTESIAN_POINT('Ctrl Pts',(2.85059914424855,5.98823562058331,-23.2701998719364));
#3606=CARTESIAN_POINT('Ctrl Pts',(2.83403262589361,6.00480213893818,-23.2603431188912));
#3607=CARTESIAN_POINT('Ctrl Pts',(2.80027994014431,6.03855482468747,-23.2400414421011));
#3608=CARTESIAN_POINT('Ctrl Pts',(2.78309552801965,6.05573923681014,-23.2295886010126));
#3609=CARTESIAN_POINT('Ctrl Pts',(2.74807709676073,6.09075766806906,-23.2080546237501));
#3610=CARTESIAN_POINT('Ctrl Pts',(2.73024490413173,6.10858986070012,-23.1969649523267));
#3611=CARTESIAN_POINT('Ctrl Pts',(2.45711254173551,6.38172222309635,-23.0252453032514));
#3612=CARTESIAN_POINT('Ctrl Pts',(2.20668432553567,6.63215043929618,-22.8427659961653));
#3613=CARTESIAN_POINT('Ctrl Pts',(1.96381155085278,6.87502321397908,-22.6481049527649));
#3614=CARTESIAN_POINT('',(1.96381155085395,-6.87502321397779,-23.9338394782314));
#3615=CARTESIAN_POINT('Ctrl Pts',(1.9638115508535,-6.87502321397641,-23.9338394782328));
#3616=CARTESIAN_POINT('Ctrl Pts',(3.65645709614103,-6.39152857404866,-23.8113885710456));
#3617=CARTESIAN_POINT('Ctrl Pts',(5.1576458683777,-5.25406869041451,-23.6889376638585));
#3618=CARTESIAN_POINT('Ctrl Pts',(6.08198117666849,-3.75887742796148,-23.5664867566713));
#3619=CARTESIAN_POINT('Ctrl Pts',(7.00631648495945,-2.26368616550817,-23.4440358494841));
#3620=CARTESIAN_POINT('Ctrl Pts',(7.35379832930431,-0.410763524235852,-23.3215849422969));
#3621=CARTESIAN_POINT('Ctrl Pts',(7.03163591554413,1.31618988848689,-23.1991340351097));
#3622=CARTESIAN_POINT('Ctrl Pts',(6.70947350178393,3.04314330120972,-23.0766831279225));
#3623=CARTESIAN_POINT('Ctrl Pts',(5.71766682991859,4.64412748538296,-22.9542322207353));
#3624=CARTESIAN_POINT('Ctrl Pts',(4.31522941907846,5.70608057634919,-22.831781313548));
#3625=CARTESIAN_POINT('Ctrl Pts',(3.61401071365843,6.23705712183228,-22.7705558599544));
#3626=CARTESIAN_POINT('Ctrl Pts',(2.81013432349473,6.63327589401364,-22.7093304063608));
#3627=CARTESIAN_POINT('Ctrl Pts',(1.9638115508507,6.87502321397721,-22.6481049527672));
#3628=CARTESIAN_POINT('',(4.41941738241592,-4.41941738241592,-24.6190972181221));
#3629=CARTESIAN_POINT('Ctrl Pts',(1.96381155085291,-6.87502321397893,-23.9338394782306));
#3630=CARTESIAN_POINT('Ctrl Pts',(2.45699207933468,-6.38184268549715,-24.2443024649791));
#3631=CARTESIAN_POINT('Ctrl Pts',(2.97488760278143,-5.86394716205042,-24.4830683507579));
#3632=CARTESIAN_POINT('Ctrl Pts',(3.73760719678389,-5.10122756804796,-24.6263954095095));
#3633=CARTESIAN_POINT('Ctrl Pts',(3.96208308781129,-4.87675167702056,-24.6441813853752));
#3634=CARTESIAN_POINT('Ctrl Pts',(4.26211171491654,-4.57672304991531,-24.633578440284));
#3635=CARTESIAN_POINT('Ctrl Pts',(4.33566832615837,-4.50316643867347,-24.6282534735312));
#3636=CARTESIAN_POINT('Ctrl Pts',(4.41133092719199,-4.42750383763985,-24.6199971493353));
#3637=CARTESIAN_POINT('Ctrl Pts',(4.41350033068695,-4.42533443414489,-24.6197580691661));
#3638=CARTESIAN_POINT('Ctrl Pts',(4.41638255655351,-4.42245220827834,-24.6194373056722));
#3639=CARTESIAN_POINT('Ctrl Pts',(4.41709549285646,-4.42173927197539,-24.6193577086665));
#3640=CARTESIAN_POINT('Ctrl Pts',(4.41826717633537,-4.42056758849647,-24.6192264763649));
#3641=CARTESIAN_POINT('Ctrl Pts',(4.41872593170138,-4.42010883313047,-24.6191749890581));
#3642=CARTESIAN_POINT('Ctrl Pts',(4.41926224843263,-4.41957251639921,-24.6191146738208));
#3643=CARTESIAN_POINT('Ctrl Pts',(4.41933981550854,-4.41949494932331,-24.6191059474661));
#3644=CARTESIAN_POINT('Ctrl Pts',(4.41941738241591,-4.41941738241594,-24.6190972181221));
#3645=CARTESIAN_POINT('Ctrl Pts',(4.42032404528198,4.42032775444725,-23.8379393064765));
#3646=CARTESIAN_POINT('Ctrl Pts',(5.30158331360081,3.53258859551389,-23.9375042168947));
#3647=CARTESIAN_POINT('Ctrl Pts',(6.67511891405029,0.957910010849325,-24.1595200345001));
#3648=CARTESIAN_POINT('Ctrl Pts',(6.02900940119329,-2.48742379463715,-24.4199926367019));
#3649=CARTESIAN_POINT('Ctrl Pts',(4.75917234329661,-4.07582978395153,-24.5809003284855));
#3650=CARTESIAN_POINT('Ctrl Pts',(4.41638311980365,-4.41659331777912,-24.6193571130819));
#3651=CARTESIAN_POINT('Ctrl Pts',(-1.96381155085101,-6.8750232139795,-17.9606049527648));
#3652=CARTESIAN_POINT('Ctrl Pts',(-3.65645709235267,-6.391528575134,-18.0830558596781));
#3653=CARTESIAN_POINT('Ctrl Pts',(-5.89218530618772,-4.68475984983548,-18.2667322200479));
#3654=CARTESIAN_POINT('Ctrl Pts',(-7.51746257801991,-0.5052920609214,-18.5728594873311));
#3655=CARTESIAN_POINT('Ctrl Pts',(-6.66119755251593,4.11313929216867,-18.8789867546142));
#3656=CARTESIAN_POINT('Ctrl Pts',(-3.65645712932185,6.39152855398472,-19.1238885684407));
#3657=CARTESIAN_POINT('Ctrl Pts',(-1.96381159061676,6.87502320262063,-19.2463394753539));
#3658=CARTESIAN_POINT('Ctrl Pts',(-1.8814138634027,-6.58656070150475,-18.2731049536394));
#3659=CARTESIAN_POINT('Ctrl Pts',(-3.50303931225392,-6.12335255100243,-18.3955558605527));
#3660=CARTESIAN_POINT('Ctrl Pts',(-5.64496074788607,-4.48819649949268,-18.5792322209225));
#3661=CARTESIAN_POINT('Ctrl Pts',(-7.20204456775325,-0.484090995428191,
-18.8853594882056));
#3662=CARTESIAN_POINT('Ctrl Pts',(-6.38170674611658,3.94056002116854,-19.1914867554888));
#3663=CARTESIAN_POINT('Ctrl Pts',(-3.50303934767194,6.12335253074054,-19.4363885693152));
#3664=CARTESIAN_POINT('Ctrl Pts',(-1.88141390149996,6.58656069062249,-19.5588394762285));
#3665=CARTESIAN_POINT('Ctrl Pts',(-1.79901617595438,-6.29809818903001,-18.585604954514));
#3666=CARTESIAN_POINT('Ctrl Pts',(-3.34962153215517,-5.85517652687086,-18.7080558614273));
#3667=CARTESIAN_POINT('Ctrl Pts',(-5.39773618958443,-4.29163314914989,-18.8917322217971));
#3668=CARTESIAN_POINT('Ctrl Pts',(-6.88662655748661,-0.462889929934974,
-19.1978594890802));
#3669=CARTESIAN_POINT('Ctrl Pts',(-6.10221593971724,3.76798075016842,-19.5039867563633));
#3670=CARTESIAN_POINT('Ctrl Pts',(-3.34962156602203,5.85517650749635,-19.7488885701898));
#3671=CARTESIAN_POINT('Ctrl Pts',(-1.79901621238315,6.29809817862434,-19.8713394771031));
#3672=CARTESIAN_POINT('Ctrl Pts',(-1.71661848850607,-6.00963567655527,-18.8981049553886));
#3673=CARTESIAN_POINT('Ctrl Pts',(-3.19620375205641,-5.5870005027393,-19.0205558623018));
#3674=CARTESIAN_POINT('Ctrl Pts',(-5.15051163128278,-4.09506979880708,-19.2042322226717));
#3675=CARTESIAN_POINT('Ctrl Pts',(-6.57120854721995,-0.441688864441767,
-19.5103594899548));
#3676=CARTESIAN_POINT('Ctrl Pts',(-5.8227251333179,3.59540147916828,-19.8164867572379));
#3677=CARTESIAN_POINT('Ctrl Pts',(-3.19620378437212,5.58700048425217,-20.0613885710644));
#3678=CARTESIAN_POINT('Ctrl Pts',(-1.71661852326634,6.0096356666262,-20.1838394779777));
#3679=CARTESIAN_POINT('',(-1.96381160394956,6.87502318396999,-19.2463394735552));
#3680=CARTESIAN_POINT('',(-4.41941738241592,4.41941738241592,-19.9315972181221));
#3681=CARTESIAN_POINT('Ctrl Pts',(-1.9638115843057,6.87502318052616,-19.2463394992895));
#3682=CARTESIAN_POINT('Ctrl Pts',(-2.45699211382446,6.38184265100739,-19.5568024827451));
#3683=CARTESIAN_POINT('Ctrl Pts',(-2.97488760278247,5.86394716204937,-19.7955683507584));
#3684=CARTESIAN_POINT('Ctrl Pts',(-3.73760719678534,5.1012275680465,-19.9388954095097));
#3685=CARTESIAN_POINT('Ctrl Pts',(-3.96208308781242,4.87675167701943,-19.9566813853752));
#3686=CARTESIAN_POINT('Ctrl Pts',(-4.26211171491782,4.57672304991403,-19.946078440284));
#3687=CARTESIAN_POINT('Ctrl Pts',(-4.33566832616013,4.50316643867172,-19.940753473531));
#3688=CARTESIAN_POINT('Ctrl Pts',(-4.41133092718687,4.42750383764497,-19.9324971493358));
#3689=CARTESIAN_POINT('Ctrl Pts',(-4.41350033067515,4.42533443415669,-19.9322580691675));
#3690=CARTESIAN_POINT('Ctrl Pts',(-4.41638255655494,4.42245220827691,-19.9319373056721));
#3691=CARTESIAN_POINT('Ctrl Pts',(-4.41709549285899,4.42173927197285,-19.9318577086662));
#3692=CARTESIAN_POINT('Ctrl Pts',(-4.41826717634098,4.42056758849086,-19.9317264763643));
#3693=CARTESIAN_POINT('Ctrl Pts',(-4.41872593171246,4.42010883311938,-19.9316749890569));
#3694=CARTESIAN_POINT('Ctrl Pts',(-4.41926224843268,4.41957251639917,-19.9316146738208));
#3695=CARTESIAN_POINT('Ctrl Pts',(-4.41933981550858,4.41949494932326,-19.9316059474661));
#3696=CARTESIAN_POINT('Ctrl Pts',(-4.41941738241592,4.41941738241592,-19.9315972181221));
#3697=CARTESIAN_POINT('',(-4.41941738241592,-4.41941738241592,-19.1503472181221));
#3698=CARTESIAN_POINT('Ctrl Pts',(-4.41403481288583,-4.41358428839114,-19.1504418385235));
#3699=CARTESIAN_POINT('Ctrl Pts',(-4.75503177995875,-4.07376319859515,-19.1887804510584));
#3700=CARTESIAN_POINT('Ctrl Pts',(-5.54086587275949,-3.09125770668404,-19.28834451705));
#3701=CARTESIAN_POINT('Ctrl Pts',(-6.57120854721995,-0.441688864441767,
-19.5103594899548));
#3702=CARTESIAN_POINT('Ctrl Pts',(-6.02805051898057,2.48793922100628,-19.732509346317));
#3703=CARTESIAN_POINT('Ctrl Pts',(-4.75905938868768,4.07557730016614,-19.8934337492225));
#3704=CARTESIAN_POINT('Ctrl Pts',(-4.41619227091236,4.41641402296163,-19.9319072452148));
#3705=CARTESIAN_POINT('',(-1.96381155085136,-6.87502321397926,-17.9606049527658));
#3706=CARTESIAN_POINT('Ctrl Pts',(-4.41319314812854,-4.41442289491179,-19.1503472181221));
#3707=CARTESIAN_POINT('Ctrl Pts',(-4.41284190893252,-4.41477279282184,-19.1503077352808));
#3708=CARTESIAN_POINT('Ctrl Pts',(-4.41249067419806,-4.41512268816579,-19.150268191286));
#3709=CARTESIAN_POINT('Ctrl Pts',(-4.41213944396182,-4.41547258090873,-19.1502285861475));
#3710=CARTESIAN_POINT('Ctrl Pts',(-4.4115755859712,-4.41603429171437,-19.150165004851));
#3711=CARTESIAN_POINT('Ctrl Pts',(-4.41101173950069,-4.41659599588917,-19.1501012659644));
#3712=CARTESIAN_POINT('Ctrl Pts',(-4.41044790448657,-4.41715769350317,-19.1500373695044));
#3713=CARTESIAN_POINT('Ctrl Pts',(-4.409209141033,-4.41839176102074,-19.1498969869503));
#3714=CARTESIAN_POINT('Ctrl Pts',(-4.40797043361144,-4.41962579613992,-19.1497558438811));
#3715=CARTESIAN_POINT('Ctrl Pts',(-4.40673178191786,-4.42085979923272,-19.1496139405211));
#3716=CARTESIAN_POINT('Ctrl Pts',(-4.39730154592369,-4.43025464400057,-19.148533586633));
#3717=CARTESIAN_POINT('Ctrl Pts',(-4.38787473178598,-4.43964744163961,-19.1474091863803));
#3718=CARTESIAN_POINT('Ctrl Pts',(-4.37845120891092,-4.44903835115663,-19.146240844619));
#3719=CARTESIAN_POINT('Ctrl Pts',(-4.27898119410913,-4.54816411559143,-19.13390841079));
#3720=CARTESIAN_POINT('Ctrl Pts',(-4.18009077411154,-4.64687000426147,-19.1167061420065));
#3721=CARTESIAN_POINT('Ctrl Pts',(-4.08163371722832,-4.74531634259255,-19.0948235290273));
#3722=CARTESIAN_POINT('Ctrl Pts',(-4.07637348101337,-4.75057600615057,-19.0936544131008));
#3723=CARTESIAN_POINT('Ctrl Pts',(-4.07111448797068,-4.75583491796274,-19.0924719375396));
#3724=CARTESIAN_POINT('Ctrl Pts',(-4.06585671806507,-4.76109309880717,-19.0912761312412));
#3725=CARTESIAN_POINT('Ctrl Pts',(-4.06374682245872,-4.76320315931956,-19.090796264967));
#3726=CARTESIAN_POINT('Ctrl Pts',(-4.06163720776669,-4.7653130176991,-19.0903142714748));
#3727=CARTESIAN_POINT('Ctrl Pts',(-4.05952786771793,-4.76742268018495,-19.0898301520498));
#3728=CARTESIAN_POINT('Ctrl Pts',(-3.9736460305512,-4.85331764538655,-19.0701192165593));
#3729=CARTESIAN_POINT('Ctrl Pts',(-3.88835305325623,-4.93875661659843,-19.04691371027));
#3730=CARTESIAN_POINT('Ctrl Pts',(-3.80356666892159,-5.02380711532272,-19.0204148318418));
#3731=CARTESIAN_POINT('Ctrl Pts',(-3.77355880370132,-5.05390845674284,-19.0110362650047));
#3732=CARTESIAN_POINT('Ctrl Pts',(-3.74361471965582,-5.08396079389841,-19.0012451650894));
#3733=CARTESIAN_POINT('Ctrl Pts',(-3.71373192579307,-5.11396604724044,-18.9910504518327));
#3734=CARTESIAN_POINT('Ctrl Pts',(-3.68622561531296,-5.1415850783876,-18.9816664916387));
#3735=CARTESIAN_POINT('Ctrl Pts',(-3.65878396897564,-5.16915117663108,-18.9719451325065));
#3736=CARTESIAN_POINT('Ctrl Pts',(-3.63140496897517,-5.19666544095486,-18.961894621676));
#3737=CARTESIAN_POINT('Ctrl Pts',(-3.59859768413879,-5.22963480823336,-18.9498514509407));
#3738=CARTESIAN_POINT('Ctrl Pts',(-3.56588612204997,-5.2625239531362,-18.9373377894526));
#3739=CARTESIAN_POINT('Ctrl Pts',(-3.53326735425871,-5.29533398427854,-18.9243685947527));
#3740=CARTESIAN_POINT('Ctrl Pts',(-3.49434096550333,-5.3344886217405,-18.9088914952509));
#3741=CARTESIAN_POINT('Ctrl Pts',(-3.45555432014634,-5.37352295930944,-18.8927686675159));
#3742=CARTESIAN_POINT('Ctrl Pts',(-3.41690357731144,-5.41243734326687,-18.8760268684569));
#3743=CARTESIAN_POINT('Ctrl Pts',(-3.39653881475609,-5.43294101618891,-18.8672057504762));
#3744=CARTESIAN_POINT('Ctrl Pts',(-3.37621308424434,-5.45341006958743,-18.8582133620451));
#3745=CARTESIAN_POINT('Ctrl Pts',(-3.35592595382509,-5.47384438513007,-18.8490537497502));
#3746=CARTESIAN_POINT('Ctrl Pts',(-3.33393605963826,-5.49599381815863,-18.8391253418879));
#3747=CARTESIAN_POINT('Ctrl Pts',(-3.31199227999926,-5.51810166886466,-18.8290008052043));
#3748=CARTESIAN_POINT('Ctrl Pts',(-3.29009418756591,-5.54016763524926,-18.8186853972247));
#3749=CARTESIAN_POINT('Ctrl Pts',(-3.26635435325331,-5.56408946257334,-18.8075024105308));
#3750=CARTESIAN_POINT('Ctrl Pts',(-3.24266885647712,-5.58796141679179,-18.7960953981418));
#3751=CARTESIAN_POINT('Ctrl Pts',(-3.21903733253651,-5.61178290161227,-18.7844711879217));
#3752=CARTESIAN_POINT('Ctrl Pts',(-3.14335031618714,-5.68807832443834,-18.7472411814615));
#3753=CARTESIAN_POINT('Ctrl Pts',(-3.06821222685548,-5.76387048488295,-18.7077719888796));
#3754=CARTESIAN_POINT('Ctrl Pts',(-2.99360703458091,-5.83912535687145,-18.6662999982714));
#3755=CARTESIAN_POINT('Ctrl Pts',(-2.91859727811511,-5.91478831609214,-18.6246031160461));
#3756=CARTESIAN_POINT('Ctrl Pts',(-2.84412600336275,-5.9899075943387,-18.580881655614));
#3757=CARTESIAN_POINT('Ctrl Pts',(-2.77022520939429,-6.06442778363043,-18.535375871572));
#3758=CARTESIAN_POINT('Ctrl Pts',(-2.75034799119041,-6.08447160161403,-18.5231361059299));
#3759=CARTESIAN_POINT('Ctrl Pts',(-2.73051232267354,-6.10447198779449,-18.5107672520643));
#3760=CARTESIAN_POINT('Ctrl Pts',(-2.71071944360131,-6.12442768667654,-18.4982739850786));
#3761=CARTESIAN_POINT('Ctrl Pts',(-2.63487023935786,-6.20090084021835,-18.4503979607868));
#3762=CARTESIAN_POINT('Ctrl Pts',(-2.55952069031607,-6.27683957327256,-18.400621366071));
#3763=CARTESIAN_POINT('Ctrl Pts',(-2.48469764979585,-6.35217007658603,-18.3492051580651));
#3764=CARTESIAN_POINT('Ctrl Pts',(-2.42623279351585,-6.41103145162643,-18.3090298164774));
#3765=CARTESIAN_POINT('Ctrl Pts',(-2.36809040539719,-6.46952099307642,-18.267853413991));
#3766=CARTESIAN_POINT('Ctrl Pts',(-2.31030476436675,-6.5275981581987,-18.2258004444212));
#3767=CARTESIAN_POINT('Ctrl Pts',(-2.23306920728138,-6.60522336269881,-18.1695929770659));
#3768=CARTESIAN_POINT('Ctrl Pts',(-2.15629261566112,-6.68228689735398,-18.1116939816794));
#3769=CARTESIAN_POINT('Ctrl Pts',(-2.08003428733504,-6.75868962105616,-18.0523848401441));
#3770=CARTESIAN_POINT('Ctrl Pts',(-2.04115347894218,-6.7976440503777,-18.022145685699));
#3771=CARTESIAN_POINT('Ctrl Pts',(-2.00240823437967,-6.83642653045216,-17.9915399585388));
#3772=CARTESIAN_POINT('Ctrl Pts',(-1.96381155085286,-6.87502321397897,-17.960604952765));
#3773=CARTESIAN_POINT('Ctrl Pts',(-1.9638116154934,6.87502319551378,-19.2463394735552));
#3774=CARTESIAN_POINT('Ctrl Pts',(-3.65645714404164,6.39152854282201,-19.1238885672419));
#3775=CARTESIAN_POINT('Ctrl Pts',(-5.15882734543723,5.25233391576039,-19.0014376609285));
#3776=CARTESIAN_POINT('Ctrl Pts',(-6.08126545181739,3.75905033700419,-18.8789867546152));
#3777=CARTESIAN_POINT('Ctrl Pts',(-7.0037035627166,2.26576675093235,-18.7565358477019));
#3778=CARTESIAN_POINT('Ctrl Pts',(-7.34620957291815,0.4183942096965,-18.6340849407887));
#3779=CARTESIAN_POINT('Ctrl Pts',(-7.02697097049678,-1.31192138109239,-18.5116340338754));
#3780=CARTESIAN_POINT('Ctrl Pts',(-6.86735166928611,-2.17707917648679,-18.4504085804188));
#3781=CARTESIAN_POINT('Ctrl Pts',(-6.54229621491974,-3.01297273426943,-18.3891831269622));
#3782=CARTESIAN_POINT('Ctrl Pts',(-6.07717833269386,-3.75987607560213,-18.3279576735056));
#3783=CARTESIAN_POINT('Ctrl Pts',(-5.14694256824208,-5.25368275826756,-18.2055067665923));
#3784=CARTESIAN_POINT('Ctrl Pts',(-3.65645709235228,-6.39152857513309,-18.0830558596791));
#3785=CARTESIAN_POINT('Ctrl Pts',(-1.96381155085088,-6.87502321397855,-17.9606049527658));
#3786=CARTESIAN_POINT('Ctrl Pts',(-1.96381155085087,-6.87502321397954,-21.0856049527648));
#3787=CARTESIAN_POINT('Ctrl Pts',(-2.81013432349524,-6.63327589401593,-21.1468304063584));
#3788=CARTESIAN_POINT('Ctrl Pts',(-5.22176454432324,-5.44460756096844,-21.3305067671392));
#3789=CARTESIAN_POINT('Ctrl Pts',(-7.7012830889643,-1.44214144009319,-21.6366340351073));
#3790=CARTESIAN_POINT('Ctrl Pts',(-6.65884159069437,4.1166382365432,-22.0039867566689));
#3791=CARTESIAN_POINT('Ctrl Pts',(-3.65645709614141,6.39152857405128,-22.2488885710433));
#3792=CARTESIAN_POINT('Ctrl Pts',(-1.96381155085284,6.87502321397897,-22.3713394782305));
#3793=CARTESIAN_POINT('Ctrl Pts',(-1.88141386340256,-6.58656070150479,-21.3981049536394));
#3794=CARTESIAN_POINT('Ctrl Pts',(-2.69222658964226,-6.35495662573547,-21.459330407233));
#3795=CARTESIAN_POINT('Ctrl Pts',(-5.00266952847745,-5.21616248848019,-21.6430067680138));
#3796=CARTESIAN_POINT('Ctrl Pts',(-7.37815232998669,-1.38163200904031,-21.9491340359819));
#3797=CARTESIAN_POINT('Ctrl Pts',(-6.37944963583998,3.9439121566882,-22.3164867575435));
#3798=CARTESIAN_POINT('Ctrl Pts',(-3.50303931588369,6.12335254996514,-22.5613885719179));
#3799=CARTESIAN_POINT('Ctrl Pts',(-1.88141386340444,6.58656070150426,-22.6838394791051));
#3800=CARTESIAN_POINT('Ctrl Pts',(-1.79901617595425,-6.29809818903005,-21.710604954514));
#3801=CARTESIAN_POINT('Ctrl Pts',(-2.57431885578928,-6.076637357455,-21.7718304081076));
#3802=CARTESIAN_POINT('Ctrl Pts',(-4.78357451263166,-4.98771741599195,-21.9555067688884));
#3803=CARTESIAN_POINT('Ctrl Pts',(-7.05502157100909,-1.32112257798743,-22.2616340368564));
#3804=CARTESIAN_POINT('Ctrl Pts',(-6.1000576809856,3.77118607683319,-22.6289867584181));
#3805=CARTESIAN_POINT('Ctrl Pts',(-3.34962153562597,5.855176525879,-22.8738885727925));
#3806=CARTESIAN_POINT('Ctrl Pts',(-1.79901617595605,6.29809818902954,-22.9963394799797));
#3807=CARTESIAN_POINT('Ctrl Pts',(-1.71661848850594,-6.00963567655531,-22.0231049553886));
#3808=CARTESIAN_POINT('Ctrl Pts',(-2.4564111219363,-5.79831808917454,-22.0843304089822));
#3809=CARTESIAN_POINT('Ctrl Pts',(-4.56447949678587,-4.7592723435037,-22.268006769763));
#3810=CARTESIAN_POINT('Ctrl Pts',(-6.73189081203147,-1.26061314693456,-22.574134037731));
#3811=CARTESIAN_POINT('Ctrl Pts',(-5.82066572613122,3.59845999697818,-22.9414867592927));
#3812=CARTESIAN_POINT('Ctrl Pts',(-3.19620375536825,5.58700050179286,-23.1863885736671));
#3813=CARTESIAN_POINT('Ctrl Pts',(-1.71661848850766,6.00963567655482,-23.3088394808543));
#3814=CARTESIAN_POINT('',(-1.96381155085417,6.87502321397767,-22.3713394782314));
#3815=CARTESIAN_POINT('',(-4.41941738241592,4.41941738241592,-23.0565972181221));
#3816=CARTESIAN_POINT('Ctrl Pts',(-1.96381155085284,6.87502321397899,-22.3713394782305));
#3817=CARTESIAN_POINT('Ctrl Pts',(-2.45699207933356,6.38184268549827,-22.6818024649785));
#3818=CARTESIAN_POINT('Ctrl Pts',(-2.97488760277854,5.86394716205333,-22.9205683507565));
#3819=CARTESIAN_POINT('Ctrl Pts',(-3.73760719677988,5.10122756805199,-23.0638954095091));
#3820=CARTESIAN_POINT('Ctrl Pts',(-3.96208308780814,4.8767516770237,-23.0816813853751));
#3821=CARTESIAN_POINT('Ctrl Pts',(-4.26211171491381,4.57672304991803,-23.0710784402842));
#3822=CARTESIAN_POINT('Ctrl Pts',(-4.33566832615518,4.50316643867667,-23.0657534735314));
#3823=CARTESIAN_POINT('Ctrl Pts',(-4.41133092718748,4.42750383764436,-23.0574971493358));
#3824=CARTESIAN_POINT('Ctrl Pts',(-4.41350033068222,4.42533443414963,-23.0572580691667));
#3825=CARTESIAN_POINT('Ctrl Pts',(-4.41638255655166,4.42245220828018,-23.0569373056724));
#3826=CARTESIAN_POINT('Ctrl Pts',(-4.41709549285364,4.42173927197821,-23.0568577086668));
#3827=CARTESIAN_POINT('Ctrl Pts',(-4.41826717632977,4.42056758850208,-23.0567264763655));
#3828=CARTESIAN_POINT('Ctrl Pts',(-4.41872593169062,4.42010883314122,-23.0566749890593));
#3829=CARTESIAN_POINT('Ctrl Pts',(-4.41926224843243,4.41957251639942,-23.0566146738208));
#3830=CARTESIAN_POINT('Ctrl Pts',(-4.41933981550855,4.41949494932329,-23.0566059474661));
#3831=CARTESIAN_POINT('Ctrl Pts',(-4.41941738241592,4.41941738241592,-23.0565972181221));
#3832=CARTESIAN_POINT('',(-4.41941738241592,-4.41941738241592,-22.2753472181221));
#3833=CARTESIAN_POINT('Ctrl Pts',(-4.42032015291313,-4.42032382786836,-22.2754387567014));
#3834=CARTESIAN_POINT('Ctrl Pts',(-5.30158254314925,-3.53258058737009,-22.375003850378));
#3835=CARTESIAN_POINT('Ctrl Pts',(-6.67512213670082,-0.95789634294959,-22.5970198512417));
#3836=CARTESIAN_POINT('Ctrl Pts',(-6.02901510107911,2.48744487236701,-22.857492462925));
#3837=CARTESIAN_POINT('Ctrl Pts',(-4.75917826215361,4.07584016746197,-23.0183999809317));
#3838=CARTESIAN_POINT('Ctrl Pts',(-4.41639039421068,4.41660007488695,-23.0568565917513));
#3839=CARTESIAN_POINT('',(-1.96381155085122,-6.87502321397933,-21.0856049527658));
#3840=CARTESIAN_POINT('Ctrl Pts',(-4.41950985940034,-4.42113992982426,-22.2753472181221));
#3841=CARTESIAN_POINT('Ctrl Pts',(-4.4191603276571,-4.421491902215,-22.2753077352828));
#3842=CARTESIAN_POINT('Ctrl Pts',(-4.41881079941743,-4.42184387095686,-22.2752681912892));
#3843=CARTESIAN_POINT('Ctrl Pts',(-4.41846127468274,-4.42219583604392,-22.2752285861474));
#3844=CARTESIAN_POINT('Ctrl Pts',(-4.4179001547196,-4.42276087369957,-22.2751650048513));
#3845=CARTESIAN_POINT('Ctrl Pts',(-4.41733904381899,-4.42332590190643,-22.275101265965));
#3846=CARTESIAN_POINT('Ctrl Pts',(-4.41677794189762,-4.42389092072989,-22.2750373695044));
#3847=CARTESIAN_POINT('Ctrl Pts',(-4.41554518314747,-4.4251322850384,-22.2748969869503));
#3848=CARTESIAN_POINT('Ctrl Pts',(-4.41431246850885,-4.42637360327925,-22.2747558438811));
#3849=CARTESIAN_POINT('Ctrl Pts',(-4.41307979755631,-4.42761487568463,-22.2746139405211));
#3850=CARTESIAN_POINT('Ctrl Pts',(-4.4036950947825,-4.43706506396222,-22.2735335866329));
#3851=CARTESIAN_POINT('Ctrl Pts',(-4.39431311495745,-4.44651240355283,-22.2724091863802));
#3852=CARTESIAN_POINT('Ctrl Pts',(-4.38493367417712,-4.4559569918396,-22.271240844619));
#3853=CARTESIAN_POINT('Ctrl Pts',(-4.28063947268927,-4.56097559762002,-22.2582495294756));
#3854=CARTESIAN_POINT('Ctrl Pts',(-4.17689365014746,-4.66542016847621,-22.2398541203791));
#3855=CARTESIAN_POINT('Ctrl Pts',(-4.07345659167946,-4.76939635308516,-22.2162761312412));
#3856=CARTESIAN_POINT('Ctrl Pts',(-4.07135140977915,-4.77151250744167,-22.2157962649658));
#3857=CARTESIAN_POINT('Ctrl Pts',(-4.06924644084433,-4.77362838138743,-22.2153142714724));
#3858=CARTESIAN_POINT('Ctrl Pts',(-4.06714167808375,-4.77574398052797,-22.2148301520498));
#3859=CARTESIAN_POINT('Ctrl Pts',(-3.98037635198775,-4.86295601827147,-22.1948731381954));
#3860=CARTESIAN_POINT('Ctrl Pts',(-3.89409753464947,-4.94956577537242,-22.1713337539395));
#3861=CARTESIAN_POINT('Ctrl Pts',(-3.80818519663326,-5.03560275642274,-22.1444208279171));
#3862=CARTESIAN_POINT('Ctrl Pts',(-3.77921308881114,-5.06461689745578,-22.1353450163104));
#3863=CARTESIAN_POINT('Ctrl Pts',(-3.75028302608422,-5.09356563008573,-22.1258855547052));
#3864=CARTESIAN_POINT('Ctrl Pts',(-3.72139501270375,-5.12245321509187,-22.1160504518327));
#3865=CARTESIAN_POINT('Ctrl Pts',(-3.69383211161809,-5.15001570745299,-22.1066664916389));
#3866=CARTESIAN_POINT('Ctrl Pts',(-3.66632024872939,-5.1775095222079,-22.0969451325069));
#3867=CARTESIAN_POINT('Ctrl Pts',(-3.63885930244964,-5.20493792250115,-22.086894621676));
#3868=CARTESIAN_POINT('Ctrl Pts',(-3.60595382429309,-5.23780440195615,-22.0748514509404));
#3869=CARTESIAN_POINT('Ctrl Pts',(-3.57312724897021,-5.2705711831394,-22.0623377894519));
#3870=CARTESIAN_POINT('Ctrl Pts',(-3.54037976998111,-5.30324293821499,-22.0493685947527));
#3871=CARTESIAN_POINT('Ctrl Pts',(-3.5012997806281,-5.34223256061991,-22.0338914952505));
#3872=CARTESIAN_POINT('Ctrl Pts',(-3.46234006646015,-5.38107926489737,-22.017768667515));
#3873=CARTESIAN_POINT('Ctrl Pts',(-3.42350178523893,-5.4197891039832,-22.0010268684569));
#3874=CARTESIAN_POINT('Ctrl Pts',(-3.40303821023101,-5.44018500387292,-21.9922057504769));
#3875=CARTESIAN_POINT('Ctrl Pts',(-3.38260965047771,-5.46054158923481,-21.9832133620466));
#3876=CARTESIAN_POINT('Ctrl Pts',(-3.36221636602391,-5.48085953188133,-21.9740537497502));
#3877=CARTESIAN_POINT('Ctrl Pts',(-3.34011140795793,-5.5028828244611,-21.9641253418877));
#3878=CARTESIAN_POINT('Ctrl Pts',(-3.31804866260731,-5.524859951802,-21.9540008052039));
#3879=CARTESIAN_POINT('Ctrl Pts',(-3.29602854711127,-5.54679157626022,-21.9436853972247));
#3880=CARTESIAN_POINT('Ctrl Pts',(-3.27215642696898,-5.57056776281457,-21.9325024105305));
#3881=CARTESIAN_POINT('Ctrl Pts',(-3.2483350553706,-5.59428982814843,-21.921095398141));
#3882=CARTESIAN_POINT('Ctrl Pts',(-3.22456509222567,-5.61795834617536,-21.9094711879217));
#3883=CARTESIAN_POINT('Ctrl Pts',(-3.14794475013091,-5.69425168904019,-21.8720015899188));
#3884=CARTESIAN_POINT('Ctrl Pts',(-3.07185412363707,-5.77000376916001,-21.8322638927543));
#3885=CARTESIAN_POINT('Ctrl Pts',(-2.99630747299918,-5.84521460994749,-21.7904990777421));
#3886=CARTESIAN_POINT('Ctrl Pts',(-2.91980919056126,-5.92137285246882,-21.7482081675853));
#3887=CARTESIAN_POINT('Ctrl Pts',(-2.84386839369023,-5.99697557809604,-21.7038387482972));
#3888=CARTESIAN_POINT('Ctrl Pts',(-2.76854498600452,-6.07199446579645,-21.6576410230301));
#3889=CARTESIAN_POINT('Ctrl Pts',(-2.75004480307918,-6.09041985556511,-21.6462943992589));
#3890=CARTESIAN_POINT('Ctrl Pts',(-2.73158208477857,-6.10880991560749,-21.6348374842512));
#3891=CARTESIAN_POINT('Ctrl Pts',(-2.71315815336654,-6.12716402768994,-21.6232739850786));
#3892=CARTESIAN_POINT('Ctrl Pts',(-2.63569550971857,-6.20433311890731,-21.5746557398356));
#3893=CARTESIAN_POINT('Ctrl Pts',(-2.55878531203948,-6.28099212360799,-21.5240775383782));
#3894=CARTESIAN_POINT('Ctrl Pts',(-2.4824771023584,-6.35708766440941,-21.4718126638073));
#3895=CARTESIAN_POINT('Ctrl Pts',(-2.42492697482365,-6.41447740132306,-21.4323955393628));
#3896=CARTESIAN_POINT('Ctrl Pts',(-2.36772024023524,-6.47154601897105,-21.3920190563159));
#3897=CARTESIAN_POINT('Ctrl Pts',(-2.31089624760171,-6.52826320932955,-21.3508004444212));
#3898=CARTESIAN_POINT('Ctrl Pts',(-2.23189969417936,-6.60711128653201,-21.2934984470494));
#3899=CARTESIAN_POINT('Ctrl Pts',(-2.15345678289495,-6.68546168421801,-21.2344384018488));
#3900=CARTESIAN_POINT('Ctrl Pts',(-2.07564493303258,-6.76322539067234,-21.1739184509588));
#3901=CARTESIAN_POINT('Ctrl Pts',(-2.0382161367164,-6.80063102920706,-21.144807346173));
#3902=CARTESIAN_POINT('Ctrl Pts',(-2.00093410486026,-6.83790065997163,-21.1153584527453));
#3903=CARTESIAN_POINT('Ctrl Pts',(-1.96381155085295,-6.87502321397894,-21.085604952765));
#3904=CARTESIAN_POINT('Ctrl Pts',(-1.96381155085384,6.8750232139769,-22.3713394782322));
#3905=CARTESIAN_POINT('Ctrl Pts',(-3.65645709614142,6.39152857404908,-22.248888571045));
#3906=CARTESIAN_POINT('Ctrl Pts',(-5.15764934341696,5.2540834052955,-22.1264376638579));
#3907=CARTESIAN_POINT('Ctrl Pts',(-6.08198571676636,3.75889754147986,-22.0039867566707));
#3908=CARTESIAN_POINT('Ctrl Pts',(-7.006322090116,2.26371167766382,-21.8815358494835));
#3909=CARTESIAN_POINT('Ctrl Pts',(-7.35380258953921,0.410785118785545,-21.7590849422963));
#3910=CARTESIAN_POINT('Ctrl Pts',(-7.03163913032276,-1.31617138482846,-21.6366340351091));
#3911=CARTESIAN_POINT('Ctrl Pts',(-6.70947567110629,-3.04312788844251,-21.5141831279219));
#3912=CARTESIAN_POINT('Ctrl Pts',(-5.71766825325006,-4.6441143367923,-21.3917322207346));
#3913=CARTESIAN_POINT('Ctrl Pts',(-4.31523012693023,-5.70607352315208,-21.2692813135474));
#3914=CARTESIAN_POINT('Ctrl Pts',(-3.61401106377031,-6.23705311633196,-21.2080558599538));
#3915=CARTESIAN_POINT('Ctrl Pts',(-2.81013432349456,-6.63327589401434,-21.1468304063602));
#3916=CARTESIAN_POINT('Ctrl Pts',(-1.96381155085039,-6.87502321397788,-21.0856049527666));
#3917=CARTESIAN_POINT('Origin',(0.,0.,0.));
#3918=CARTESIAN_POINT('',(1.96381155085415,6.87502321397768,-3.27310495456112));
#3919=CARTESIAN_POINT('',(1.96381155085418,6.87502321397766,0.));
#3920=CARTESIAN_POINT('',(1.96381155085112,-6.87502321397939,-4.55883948002673));
#3921=CARTESIAN_POINT('Ctrl Pts',(1.96381155085402,6.87502321397706,-3.27310495456048));
#3922=CARTESIAN_POINT('Ctrl Pts',(3.65645709614156,6.39152857404921,-3.39555586174765));
#3923=CARTESIAN_POINT('Ctrl Pts',(5.14739053925,5.25381678101276,-3.51800676893482));
#3924=CARTESIAN_POINT('Ctrl Pts',(6.07774115998804,3.76001611148047,-3.64045767612199));
#3925=CARTESIAN_POINT('Ctrl Pts',(6.54291647035723,3.01311577671407,-3.70168312971559));
#3926=CARTESIAN_POINT('Ctrl Pts',(6.86794607513371,2.17719322282364,-3.7629085833092));
#3927=CARTESIAN_POINT('Ctrl Pts',(7.02755393949258,1.31199457862468,-3.82413403690281));
#3928=CARTESIAN_POINT('Ctrl Pts',(7.34676966821031,-0.418402709773247,-3.94658494409002));
#3929=CARTESIAN_POINT('Ctrl Pts',(7.00429843525755,-2.26590435940533,-4.06903585127723));
#3930=CARTESIAN_POINT('Ctrl Pts',(6.08172029223964,-3.75918582547478,-4.19148675846445));
#3931=CARTESIAN_POINT('Ctrl Pts',(5.15914214922174,-5.25246729154423,-4.31393766565166));
#3932=CARTESIAN_POINT('Ctrl Pts',(3.65645709613869,-6.39152857405106,-4.43638857283887));
#3933=CARTESIAN_POINT('Ctrl Pts',(1.96381155085027,-6.87502321397813,-4.55883948002609));
#3934=CARTESIAN_POINT('',(1.96381155085419,-6.87502321397766,0.));
#3935=CARTESIAN_POINT('Origin',(0.,0.,0.));
#3936=CARTESIAN_POINT('',(1.96381157095372,6.87502320261809,-6.39810495633132));
#3937=CARTESIAN_POINT('',(1.96381155085418,6.87502321397766,0.));
#3938=CARTESIAN_POINT('',(1.96381155085148,-6.87502321397919,-7.68383948002671));
#3939=CARTESIAN_POINT('Ctrl Pts',(1.96381157532371,6.87502320698806,-6.3981049563313));
#3940=CARTESIAN_POINT('Ctrl Pts',(3.65645711423187,6.39152856223361,-6.5205558631877));
#3941=CARTESIAN_POINT('Ctrl Pts',(5.14724709865163,5.25377120860913,-6.6430067700441));
#3942=CARTESIAN_POINT('Ctrl Pts',(6.07756098910433,3.75996858426438,-6.7654576769005));
#3943=CARTESIAN_POINT('Ctrl Pts',(6.54271793519334,3.01306727070683,-6.82668313044225));
#3944=CARTESIAN_POINT('Ctrl Pts',(6.86775585727087,2.17715463913905,-6.887908583984));
#3945=CARTESIAN_POINT('Ctrl Pts',(7.02736746737965,1.31197001338252,-6.94913403752574));
#3946=CARTESIAN_POINT('Ctrl Pts',(7.34659068759719,-0.418399238130553,-7.07158494460923));
#3947=CARTESIAN_POINT('Ctrl Pts',(7.00410865993975,-2.2658564663987,-7.19403585169272));
#3948=CARTESIAN_POINT('Ctrl Pts',(6.08157526171686,-3.75913880048129,-7.31648675877621));
#3949=CARTESIAN_POINT('Ctrl Pts',(5.15904186349397,-5.25242113456389,-7.43893766585971));
#3950=CARTESIAN_POINT('Ctrl Pts',(3.65645709470564,-6.39152857446091,-7.5613885729432));
#3951=CARTESIAN_POINT('Ctrl Pts',(1.96381155085087,-6.87502321397859,-7.68383948002669));
#3952=CARTESIAN_POINT('',(1.96381155085419,-6.87502321397766,0.));
#3953=CARTESIAN_POINT('Origin',(0.,0.,0.));
#3954=CARTESIAN_POINT('',(-1.96381155085143,6.87502321397922,-2.99633948002671));
#3955=CARTESIAN_POINT('',(-1.96381155085419,6.87502321397766,0.));
#3956=CARTESIAN_POINT('',(-1.96381155085403,-6.87502321397774,-1.71060495456111));
#3957=CARTESIAN_POINT('',(-1.96381155085419,-6.87502321397766,0.));
#3958=CARTESIAN_POINT('Ctrl Pts',(-1.96381155085376,-6.87502321397654,-1.71060495455987));
#3959=CARTESIAN_POINT('Ctrl Pts',(-3.65645709614118,-6.39152857404875,-1.83305586174704));
#3960=CARTESIAN_POINT('Ctrl Pts',(-5.14748074936515,-5.25384687275551,-1.95550676893421));
#3961=CARTESIAN_POINT('Ctrl Pts',(-6.07785443535503,-3.76004745160409,-2.07795767612138));
#3962=CARTESIAN_POINT('Ctrl Pts',(-6.54304127835012,-3.01314774102814,-2.13918312971499));
#3963=CARTESIAN_POINT('Ctrl Pts',(-6.86806562953659,-2.17721860048758,-2.20040858330859));
#3964=CARTESIAN_POINT('Ctrl Pts',(-7.02767109118383,-1.31201062918865,-2.2616340369022));
#3965=CARTESIAN_POINT('Ctrl Pts',(-7.3468820144783,0.41840531340923,-2.38408494408941));
#3966=CARTESIAN_POINT('Ctrl Pts',(-7.00441737961582,2.26593657904064,-2.50653585127662));
#3967=CARTESIAN_POINT('Ctrl Pts',(-6.08181115003091,3.75921739420092,-2.62898675846383));
#3968=CARTESIAN_POINT('Ctrl Pts',(-5.159204920446,5.25249820936121,-2.75143766565104));
#3969=CARTESIAN_POINT('Ctrl Pts',(-3.65645709613868,6.39152857405037,-2.87388857283825));
#3970=CARTESIAN_POINT('Ctrl Pts',(-1.96381155085046,6.87502321397748,-2.99633948002547));
#3971=CARTESIAN_POINT('Origin',(0.,0.,0.));
#3972=CARTESIAN_POINT('',(1.96381158501659,6.87502319467024,-9.52310495756986));
#3973=CARTESIAN_POINT('',(1.96381155085418,6.87502321397766,0.));
#3974=CARTESIAN_POINT('',(1.9638115508527,-6.8750232139785,-10.8088394800266));
#3975=CARTESIAN_POINT('Ctrl Pts',(1.96381159244411,6.87502320209771,-9.52310495756984));
#3976=CARTESIAN_POINT('Ctrl Pts',(3.65645712696225,6.39152855395768,-9.64555586419479));
#3977=CARTESIAN_POINT('Ctrl Pts',(5.15896534422465,5.25238831899492,-9.76800677081973));
#3978=CARTESIAN_POINT('Ctrl Pts',(6.08146467786434,3.75910545213132,-9.89045767744467));
#3979=CARTESIAN_POINT('Ctrl Pts',(7.00396401441183,2.26582258056073,-10.0129085844556));
#3980=CARTESIAN_POINT('Ctrl Pts',(7.34645446368011,0.418397074856713,-10.1353594914665));
#3981=CARTESIAN_POINT('Ctrl Pts',(7.02722565728828,-1.31195210833199,-10.2578103984774));
#3982=CARTESIAN_POINT('Ctrl Pts',(6.86761125409237,-2.17712669992633,-10.3190358519829));
#3983=CARTESIAN_POINT('Ctrl Pts',(6.54256703698144,-3.01303221089184,-10.3802613054884));
#3984=CARTESIAN_POINT('Ctrl Pts',(6.07742405790129,-3.75993425619372,-10.4414867589938));
#3985=CARTESIAN_POINT('Ctrl Pts',(5.14713809974099,-5.25373834679748,-10.5639376660047));
#3986=CARTESIAN_POINT('Ctrl Pts',(3.65645709370382,-6.39152857474669,-10.6863885730157));
#3987=CARTESIAN_POINT('Ctrl Pts',(1.96381155085228,-6.87502321397818,-10.8088394800266));
#3988=CARTESIAN_POINT('',(1.96381155085419,-6.87502321397766,0.));
#3989=CARTESIAN_POINT('Origin',(0.,0.,0.));
#3990=CARTESIAN_POINT('',(-1.96381155085113,6.87502321397939,-6.12133948002674));
#3991=CARTESIAN_POINT('',(-1.96381155085419,6.87502321397766,0.));
#3992=CARTESIAN_POINT('',(-1.96381155085418,-6.87502321397766,-4.83560495456112));
#3993=CARTESIAN_POINT('',(-1.96381155085419,-6.87502321397766,0.));
#3994=CARTESIAN_POINT('Ctrl Pts',(-1.96381155085417,-6.87502321397747,-4.83560495456093));
#3995=CARTESIAN_POINT('Ctrl Pts',(-2.81013432349768,-6.63327589401363,-4.89683040815449));
#3996=CARTESIAN_POINT('Ctrl Pts',(-3.61401686281213,-6.23697655939818,-4.95805586174805));
#3997=CARTESIAN_POINT('Ctrl Pts',(-4.31524226144922,-5.70593888198645,-5.01928131534162));
#3998=CARTESIAN_POINT('Ctrl Pts',(-5.71769305872442,-4.6438635271622,-5.14173222252883));
#3999=CARTESIAN_POINT('Ctrl Pts',(-6.70951529328958,-3.04283480115203,-5.26418312971604));
#4000=CARTESIAN_POINT('Ctrl Pts',(-7.03170028831714,-1.31581620310512,-5.38663403690326));
#4001=CARTESIAN_POINT('Ctrl Pts',(-7.3538852833447,0.411202394941788,-5.50908494409047));
#4002=CARTESIAN_POINT('Ctrl Pts',(-7.00643303883466,2.26421086502544,-5.63153585127768));
#4003=CARTESIAN_POINT('Ctrl Pts',(-6.08207599203323,3.75929240980284,-5.7539867584649));
#4004=CARTESIAN_POINT('Ctrl Pts',(-5.15771894523179,5.25437395458025,-5.87643766565211));
#4005=CARTESIAN_POINT('Ctrl Pts',(-3.65645709613895,6.39152857405142,-5.99888857283932));
#4006=CARTESIAN_POINT('Ctrl Pts',(-1.96381155085044,6.87502321397853,-6.12133948002654));
#4007=CARTESIAN_POINT('Origin',(0.,0.,0.));
#4008=CARTESIAN_POINT('',(1.96381155085412,6.8750232139777,-12.6481049545611));
#4009=CARTESIAN_POINT('',(1.96381155085418,6.87502321397766,0.));
#4010=CARTESIAN_POINT('',(1.96381155085378,-6.87502321397789,-13.9338394800265));
#4011=CARTESIAN_POINT('Ctrl Pts',(1.96381155085386,6.87502321397705,-12.6481049545604));
#4012=CARTESIAN_POINT('Ctrl Pts',(2.81013432349729,6.63327589401326,-12.709330408154));
#4013=CARTESIAN_POINT('Ctrl Pts',(3.61401347582363,6.23702403923556,-12.7705558617475));
#4014=CARTESIAN_POINT('Ctrl Pts',(4.31523506317521,5.7060223451464,-12.8317813153411));
#4015=CARTESIAN_POINT('Ctrl Pts',(5.71767823787929,4.6440189569674,-12.9542322225283));
#4016=CARTESIAN_POINT('Ctrl Pts',(6.7094911526837,3.04301621154189,-13.0766831297155));
#4017=CARTESIAN_POINT('Ctrl Pts',(7.03166242733819,1.31603682988406,-13.1991340369027));
#4018=CARTESIAN_POINT('Ctrl Pts',(7.35383370199269,-0.410942551773802,-13.3215849440899));
#4019=CARTESIAN_POINT('Ctrl Pts',(7.00636333649722,-2.26389856966401,-13.4440358512771));
#4020=CARTESIAN_POINT('Ctrl Pts',(6.08201918503412,-3.75904507523306,-13.5664867584643));
#4021=CARTESIAN_POINT('Ctrl Pts',(5.15767503357125,-5.25419158080174,-13.6889376656515));
#4022=CARTESIAN_POINT('Ctrl Pts',(3.65645709614103,-6.39152857404946,-13.8113885728386));
#4023=CARTESIAN_POINT('Ctrl Pts',(1.96381155085346,-6.87502321397717,-13.9338394800258));
#4024=CARTESIAN_POINT('',(1.96381155085419,-6.87502321397766,0.));
#4025=CARTESIAN_POINT('Origin',(0.,0.,0.));
#4026=CARTESIAN_POINT('',(-1.96381155085204,6.87502321397887,-9.24633948002666));
#4027=CARTESIAN_POINT('',(-1.96381155085419,6.87502321397766,0.));
#4028=CARTESIAN_POINT('',(-1.9638115508693,-6.87502321396912,-7.96060495456246));
#4029=CARTESIAN_POINT('',(-1.96381155085419,-6.87502321397766,0.));
#4030=CARTESIAN_POINT('Ctrl Pts',(-1.96381155087258,-6.8750232139724,-7.96060495456246));
#4031=CARTESIAN_POINT('Ctrl Pts',(-2.85885277207967,-6.61935974433621,-8.02535484257766));
#4032=CARTESIAN_POINT('Ctrl Pts',(-3.6954382652682,-6.19134755210624,-8.0894969123098));
#4033=CARTESIAN_POINT('Ctrl Pts',(-5.15942292940861,-5.03725160587444,-8.21917102884728));
#4034=CARTESIAN_POINT('Ctrl Pts',(-5.77219097374375,-4.32149974754403,-8.28347779956612));
#4035=CARTESIAN_POINT('Ctrl Pts',(-6.68807059419007,-2.69504367914921,-8.41331983859332));
#4036=CARTESIAN_POINT('Ctrl Pts',(-6.98238312360736,-1.7999651720395,-8.47762660931215));
#4037=CARTESIAN_POINT('Ctrl Pts',(-7.21046301752311,0.0526476810840732,
-8.60746864833936));
#4038=CARTESIAN_POINT('Ctrl Pts',(-7.14203917087144,0.992383588704489,-8.67177541905819));
#4039=CARTESIAN_POINT('Ctrl Pts',(-6.64800352392878,2.79241792202071,-8.8016174580854));
#4040=CARTESIAN_POINT('Ctrl Pts',(-6.22713802722274,3.63542304213808,-8.86592422880424));
#4041=CARTESIAN_POINT('Ctrl Pts',(-5.08531708940893,5.11205426473131,-8.99576626783144));
#4042=CARTESIAN_POINT('Ctrl Pts',(-4.37533136039386,5.73149406282044,-9.06007303855027));
#4043=CARTESIAN_POINT('Ctrl Pts',(-3.06069946703958,6.48807257052578,-9.16558242377375));
#4044=CARTESIAN_POINT('Ctrl Pts',(-2.52238531922203,6.71546977187536,-9.20593062723504));
#4045=CARTESIAN_POINT('Ctrl Pts',(-1.96381155085161,6.87502321397839,-9.24633948002666));
#4046=CARTESIAN_POINT('Origin',(0.,0.,0.));
#4047=CARTESIAN_POINT('',(1.96381155085368,6.87502321397795,-15.7731049545611));
#4048=CARTESIAN_POINT('',(1.96381155085418,6.87502321397766,0.));
#4049=CARTESIAN_POINT('',(1.96381155085415,-6.87502321397768,-17.0588394800265));
#4050=CARTESIAN_POINT('Ctrl Pts',(1.96381155085314,6.8750232139762,-15.7731049545593));
#4051=CARTESIAN_POINT('Ctrl Pts',(3.65645709614049,6.39152857404857,-15.8955558617465));
#4052=CARTESIAN_POINT('Ctrl Pts',(5.15885623861731,5.25234487479328,-16.0180067689337));
#4053=CARTESIAN_POINT('Ctrl Pts',(6.08130716940791,3.75906141389468,-16.1404576761209));
#4054=CARTESIAN_POINT('Ctrl Pts',(7.00375810019872,2.26577795299574,-16.2629085833081));
#4055=CARTESIAN_POINT('Ctrl Pts',(7.34626081930305,0.418394730453337,-16.3853594904953));
#4056=CARTESIAN_POINT('Ctrl Pts',(7.02702424628697,-1.31192764639729,-16.5078103976824));
#4057=CARTESIAN_POINT('Ctrl Pts',(6.86740595977893,-2.17708883482261,-16.569035851276));
#4058=CARTESIAN_POINT('Ctrl Pts',(6.54235285024078,-3.01298481182499,-16.6302613048696));
#4059=CARTESIAN_POINT('Ctrl Pts',(6.07722971776816,-3.75988788629539,-16.6914867584632));
#4060=CARTESIAN_POINT('Ctrl Pts',(5.14698345282324,-5.25369403523569,-16.8139376656504));
#4061=CARTESIAN_POINT('Ctrl Pts',(3.65645709614082,-6.39152857404832,-16.9363885728376));
#4062=CARTESIAN_POINT('Ctrl Pts',(1.9638115508537,-6.87502321397604,-17.0588394800247));
#4063=CARTESIAN_POINT('',(1.96381155085419,-6.87502321397766,0.));
#4064=CARTESIAN_POINT('Origin',(0.,0.,0.));
#4065=CARTESIAN_POINT('',(-1.96381155085332,6.87502321397815,-12.3713394800265));
#4066=CARTESIAN_POINT('',(-1.96381155085419,6.87502321397766,0.));
#4067=CARTESIAN_POINT('',(-1.96381155085418,-6.87502321397766,-11.0856049545611));
#4068=CARTESIAN_POINT('',(-1.96381155085419,-6.87502321397766,0.));
#4069=CARTESIAN_POINT('Ctrl Pts',(-1.96381155085417,-6.87502321397743,-11.0856049545609));
#4070=CARTESIAN_POINT('Ctrl Pts',(-2.81013432349757,-6.63327589401362,-11.1468304081545));
#4071=CARTESIAN_POINT('Ctrl Pts',(-3.61401404673971,-6.23701669694419,-11.208055861748));
#4072=CARTESIAN_POINT('Ctrl Pts',(-4.31523625002781,-5.70600942916963,-11.2692813153416));
#4073=CARTESIAN_POINT('Ctrl Pts',(-5.71768065660506,-4.64399489361972,-11.3917322225288));
#4074=CARTESIAN_POINT('Ctrl Pts',(-6.70949498336565,-3.04298807524851,-11.514183129716));
#4075=CARTESIAN_POINT('Ctrl Pts',(-7.03166829797991,-1.31600278744184,-11.6366340369032));
#4076=CARTESIAN_POINT('Ctrl Pts',(-7.35384161259416,0.410982500364826,-11.7590849440904));
#4077=CARTESIAN_POINT('Ctrl Pts',(-7.00637391506208,2.26394625760693,-11.8815358512776));
#4078=CARTESIAN_POINT('Ctrl Pts',(-6.08202778594867,3.75908277602832,-12.0039867584648));
#4079=CARTESIAN_POINT('Ctrl Pts',(-5.15768165683537,5.25421929444955,-12.126437665652));
#4080=CARTESIAN_POINT('Ctrl Pts',(-3.65645709614088,6.39152857405016,-12.2488885728391));
#4081=CARTESIAN_POINT('Ctrl Pts',(-1.96381155085293,6.87502321397778,-12.3713394800263));
#4082=CARTESIAN_POINT('Origin',(0.,0.,0.));
#4083=CARTESIAN_POINT('',(1.96381155085255,6.87502321397858,-18.898104954561));
#4084=CARTESIAN_POINT('',(1.96381155085418,6.87502321397766,0.));
#4085=CARTESIAN_POINT('',(1.96381156799578,-6.87502320428982,-20.1838394785168));
#4086=CARTESIAN_POINT('Ctrl Pts',(1.96381155085185,6.87502321397679,-18.8981049545595));
#4087=CARTESIAN_POINT('Ctrl Pts',(2.81013432289506,6.63327589418469,-18.9593304081096));
#4088=CARTESIAN_POINT('Ctrl Pts',(3.6140115966302,6.23704691312801,-19.0205558616597));
#4089=CARTESIAN_POINT('Ctrl Pts',(4.31523120887136,5.70606260165669,-19.0817813152099));
#4090=CARTESIAN_POINT('Ctrl Pts',(5.71767043335375,4.64409397871401,-19.2042322223102));
#4091=CARTESIAN_POINT('Ctrl Pts',(6.70947901186024,3.04310403411266,-19.3266831294105));
#4092=CARTESIAN_POINT('Ctrl Pts',(7.0316441058515,1.31614271663815,-19.4491340365107));
#4093=CARTESIAN_POINT('Ctrl Pts',(7.35380919984276,-0.410818600836406,-19.571584943611));
#4094=CARTESIAN_POINT('Ctrl Pts',(7.00633080931881,-2.26375129118414,-19.6940358507113));
#4095=CARTESIAN_POINT('Ctrl Pts',(6.08199278602468,-3.75892878289588,-19.8164867578116));
#4096=CARTESIAN_POINT('Ctrl Pts',(5.15765476423328,-5.25410627217685,-19.9389376647128));
#4097=CARTESIAN_POINT('Ctrl Pts',(3.65645711154732,-6.39152856398501,-20.061388571614));
#4098=CARTESIAN_POINT('Ctrl Pts',(1.96381157172224,-6.87502320801529,-20.1838394785153));
#4099=CARTESIAN_POINT('',(1.96381155085419,-6.87502321397766,0.));
#4100=CARTESIAN_POINT('Origin',(0.,0.,0.));
#4101=CARTESIAN_POINT('',(-1.96381155085404,6.87502321397774,-15.4963394800265));
#4102=CARTESIAN_POINT('',(-1.96381155085419,6.87502321397766,0.));
#4103=CARTESIAN_POINT('',(-1.96381155085401,-6.87502321397776,-14.2106049545611));
#4104=CARTESIAN_POINT('',(-1.96381155085419,-6.87502321397766,0.));
#4105=CARTESIAN_POINT('Ctrl Pts',(-1.96381155085367,-6.8750232139765,-14.2106049545598));
#4106=CARTESIAN_POINT('Ctrl Pts',(-3.65645709614095,-6.39152857404878,-14.333055861747));
#4107=CARTESIAN_POINT('Ctrl Pts',(-5.15887939285631,-5.25235379754228,-14.4555067689341));
#4108=CARTESIAN_POINT('Ctrl Pts',(-6.08134058733491,-3.75907044573132,-14.5779576761213));
#4109=CARTESIAN_POINT('Ctrl Pts',(-7.00380178181382,-2.26578709391988,-14.7004085833085));
#4110=CARTESIAN_POINT('Ctrl Pts',(-7.34630187405559,-0.418395166803718,
-14.8228594904957));
#4111=CARTESIAN_POINT('Ctrl Pts',(-7.02706693281333,1.31193273474659,-14.9453103976829));
#4112=CARTESIAN_POINT('Ctrl Pts',(-6.8674494621922,2.17709668552174,-15.0065358512765));
#4113=CARTESIAN_POINT('Ctrl Pts',(-6.54239823320006,3.01299462990541,-15.0677613048701));
#4114=CARTESIAN_POINT('Ctrl Pts',(-6.07727089397466,3.75989748786973,-15.1289867584637));
#4115=CARTESIAN_POINT('Ctrl Pts',(-5.14701621552415,5.25370320379789,-15.2514376656509));
#4116=CARTESIAN_POINT('Ctrl Pts',(-3.65645709614093,6.39152857404879,-15.373888572838));
#4117=CARTESIAN_POINT('Ctrl Pts',(-1.96381155085364,6.87502321397651,-15.4963394800252));
#4118=CARTESIAN_POINT('Origin',(0.,0.,0.));
#4119=CARTESIAN_POINT('',(1.96381155085137,6.87502321397925,-22.0231049545609));
#4120=CARTESIAN_POINT('',(1.96381155085418,6.87502321397766,0.));
#4121=CARTESIAN_POINT('',(1.96381158953138,-6.87502319211864,-23.3088394766201));
#4122=CARTESIAN_POINT('Ctrl Pts',(1.9638115508506,6.87502321397831,-22.0231049545605));
#4123=CARTESIAN_POINT('Ctrl Pts',(3.65645709342839,6.39152857482545,-22.1455558615516));
#4124=CARTESIAN_POINT('Ctrl Pts',(5.14687896598164,5.25366553971846,-22.2680067685427));
#4125=CARTESIAN_POINT('Ctrl Pts',(6.07709838441478,3.75985802123509,-22.3904576755339));
#4126=CARTESIAN_POINT('Ctrl Pts',(6.54220809363135,3.01295426199341,-22.4516831290294));
#4127=CARTESIAN_POINT('Ctrl Pts',(6.8672671893179,2.17706438190762,-22.512908582525));
#4128=CARTESIAN_POINT('Ctrl Pts',(7.02688805515478,1.31191174186755,-22.5741340360205));
#4129=CARTESIAN_POINT('Ctrl Pts',(7.34612978682854,-0.418393538212606,-22.6965849430117));
#4130=CARTESIAN_POINT('Ctrl Pts',(7.00361859910364,-2.26574985810991,-22.8190358500028));
#4131=CARTESIAN_POINT('Ctrl Pts',(6.08120043236896,-3.75903361347862,-22.9414867569939));
#4132=CARTESIAN_POINT('Ctrl Pts',(5.15878226901782,-5.25231736336979,-23.0639376635358));
#4133=CARTESIAN_POINT('Ctrl Pts',(3.65645713091126,-6.3915285513299,-23.1863885700778));
#4134=CARTESIAN_POINT('Ctrl Pts',(1.9638115979402,-6.87502320052744,-23.3088394766197));
#4135=CARTESIAN_POINT('',(1.96381155085419,-6.87502321397766,0.));
#4136=CARTESIAN_POINT('Origin',(0.,0.,0.));
#4137=CARTESIAN_POINT('',(-1.96381155085418,6.87502321397766,-18.6213394800265));
#4138=CARTESIAN_POINT('',(-1.96381155085419,6.87502321397766,0.));
#4139=CARTESIAN_POINT('',(-1.96381155085319,-6.87502321397822,-17.335604954561));
#4140=CARTESIAN_POINT('',(-1.96381155085419,-6.87502321397766,0.));
#4141=CARTESIAN_POINT('Ctrl Pts',(-1.96381155085257,-6.87502321397628,-17.3356049545592));
#4142=CARTESIAN_POINT('Ctrl Pts',(-3.65645709614012,-6.39152857404874,-17.4580558617464));
#4143=CARTESIAN_POINT('Ctrl Pts',(-5.14695371508003,-5.25368581065046,-17.5805067689336));
#4144=CARTESIAN_POINT('Ctrl Pts',(-6.07719234127878,-3.75987926972271,-17.7029576761208));
#4145=CARTESIAN_POINT('Ctrl Pts',(-6.54231165437822,-3.01297599925874,-17.7641831297144));
#4146=CARTESIAN_POINT('Ctrl Pts',(-6.86736646929233,-2.17708178441237,-17.825408583308));
#4147=CARTESIAN_POINT('Ctrl Pts',(-7.02698549321314,-1.31192306870362,-17.8866340369016));
#4148=CARTESIAN_POINT('Ctrl Pts',(-7.34622354105477,0.418394362713903,-18.0090849440888));
#4149=CARTESIAN_POINT('Ctrl Pts',(-7.00371842492322,2.26576979758101,-18.131535851276));
#4150=CARTESIAN_POINT('Ctrl Pts',(-6.08127681369445,3.7590533504148,-18.2539867584632));
#4151=CARTESIAN_POINT('Ctrl Pts',(-5.15883520246599,5.25233690324808,-18.3764376656503));
#4152=CARTESIAN_POINT('Ctrl Pts',(-3.65645709614069,6.39152857404829,-18.4988885728375));
#4153=CARTESIAN_POINT('Ctrl Pts',(-1.96381155085359,6.87502321397599,-18.6213394800246));
#4154=CARTESIAN_POINT('Origin',(0.,0.,0.));
#4155=CARTESIAN_POINT('',(-1.96381155091783,6.87502321394169,-21.7463394800209));
#4156=CARTESIAN_POINT('',(-1.96381155085419,6.87502321397766,0.));
#4157=CARTESIAN_POINT('',(-1.96381155085191,-6.87502321397895,-20.4606049545609));
#4158=CARTESIAN_POINT('',(-1.96381155085419,-6.87502321397766,0.));
#4159=CARTESIAN_POINT('Ctrl Pts',(-1.96381155085126,-6.87502321397754,-20.46060495456));
#4160=CARTESIAN_POINT('Ctrl Pts',(-3.6564570961394,-6.39152857405025,-20.5830558617472));
#4161=CARTESIAN_POINT('Ctrl Pts',(-5.14690177982574,-5.25367166382209,-20.7055067689344));
#4162=CARTESIAN_POINT('Ctrl Pts',(-6.0771270608139,-3.75986444061314,-20.8279576761216));
#4163=CARTESIAN_POINT('Ctrl Pts',(-6.54223970130798,-3.01296082900865,-20.8891831297152));
#4164=CARTESIAN_POINT('Ctrl Pts',(-6.86729749112752,-2.17706963915897,-20.9504085833088));
#4165=CARTESIAN_POINT('Ctrl Pts',(-7.0269177958978,-1.3119151649167,-21.0116340369024));
#4166=CARTESIAN_POINT('Ctrl Pts',(-7.34615840543835,0.41839378356786,-21.1340849440896));
#4167=CARTESIAN_POINT('Ctrl Pts',(-7.00364907478184,2.26575586962274,-21.2565358512768));
#4168=CARTESIAN_POINT('Ctrl Pts',(-6.08122374745732,3.75903956724322,-21.378986758464));
#4169=CARTESIAN_POINT('Ctrl Pts',(-5.15879842014719,5.25232326484039,-21.5014376656493));
#4170=CARTESIAN_POINT('Ctrl Pts',(-3.65645709618714,6.39152857401422,-21.6238885728346));
#4171=CARTESIAN_POINT('Ctrl Pts',(-1.96381155093138,6.87502321395465,-21.7463394800199));
#4172=CARTESIAN_POINT('Origin',(0.,0.,0.));
#4173=CARTESIAN_POINT('',(-1.96381155085419,6.87502321397766,0.));
#4174=CARTESIAN_POINT('',(-1.96381155085419,6.87502321397766,0.));
#4175=CARTESIAN_POINT('Origin',(0.,0.,0.));
#4176=CARTESIAN_POINT('Ctrl Pts',(1.71661848850738,6.00963567655442,-2.3356049553881));
#4177=CARTESIAN_POINT('Ctrl Pts',(3.19620375536791,5.58700050179253,-2.45805586257531));
#4178=CARTESIAN_POINT('Ctrl Pts',(5.15109900420004,4.09524552840506,-2.64173222335613));
#4179=CARTESIAN_POINT('Ctrl Pts',(6.57168294116035,0.441737862799688,-2.94785949132417));
#4180=CARTESIAN_POINT('Ctrl Pts',(5.82327552649078,-3.59563462328481,-3.2539867592922));
#4181=CARTESIAN_POINT('Ctrl Pts',(3.1962037553663,-5.58700050179344,-3.49888857366663));
#4182=CARTESIAN_POINT('Ctrl Pts',(1.71661848850565,-6.00963567655491,-3.62133948085384));
#4183=CARTESIAN_POINT('Ctrl Pts',(1.79901617595582,6.29809818902934,-2.64810495511276));
#4184=CARTESIAN_POINT('Ctrl Pts',(3.34962153562573,5.85517652587885,-2.77055586229997));
#4185=CARTESIAN_POINT('Ctrl Pts',(5.3983517564019,4.29181731376871,-2.95423222308079));
#4186=CARTESIAN_POINT('Ctrl Pts',(6.88712372233637,0.462941280214097,-3.26035949104882));
#4187=CARTESIAN_POINT('Ctrl Pts',(6.10279275176263,-3.76822508520266,-3.56648675901686));
#4188=CARTESIAN_POINT('Ctrl Pts',(3.34962153562405,-5.85517652587981,-3.81138857339129));
#4189=CARTESIAN_POINT('Ctrl Pts',(1.79901617595401,-6.29809818902985,-3.9338394805785));
#4190=CARTESIAN_POINT('Ctrl Pts',(1.88141386340426,6.58656070150425,-2.96060495483741));
#4191=CARTESIAN_POINT('Ctrl Pts',(3.50303931588354,6.12335254996517,-3.08305586202463));
#4192=CARTESIAN_POINT('Ctrl Pts',(5.64560450860376,4.48838909913236,-3.26673222280545));
#4193=CARTESIAN_POINT('Ctrl Pts',(7.2025645035124,0.4841446976285,-3.57285949077348));
#4194=CARTESIAN_POINT('Ctrl Pts',(6.38230997703448,-3.94081554712051,-3.87898675874151));
#4195=CARTESIAN_POINT('Ctrl Pts',(3.50303931588179,-6.12335254996617,-4.12388857311594));
#4196=CARTESIAN_POINT('Ctrl Pts',(1.88141386340237,-6.58656070150479,-4.24633948030315));
#4197=CARTESIAN_POINT('Ctrl Pts',(1.9638115508527,6.87502321397916,-3.27310495456207));
#4198=CARTESIAN_POINT('Ctrl Pts',(3.65645709614136,6.39152857405149,-3.39555586174928));
#4199=CARTESIAN_POINT('Ctrl Pts',(5.89285726080562,4.684960884496,-3.5792322225301));
#4200=CARTESIAN_POINT('Ctrl Pts',(7.51800528468842,0.505348115042909,-3.88535949049814));
#4201=CARTESIAN_POINT('Ctrl Pts',(6.66182720230633,-4.11340600903836,-4.19148675846617));
#4202=CARTESIAN_POINT('Ctrl Pts',(3.65645709613953,-6.39152857405254,-4.4363885728406));
#4203=CARTESIAN_POINT('Ctrl Pts',(1.96381155085073,-6.87502321397972,-4.55883948002781));
#4204=CARTESIAN_POINT('Ctrl Pts',(1.96381155085269,6.87502321397915,-3.27310495456206));
#4205=CARTESIAN_POINT('Ctrl Pts',(2.31891231052207,6.51992245430977,-3.04956481942764));
#4206=CARTESIAN_POINT('Ctrl Pts',(2.6878674806814,6.15096728415045,-2.86253915732895));
#4207=CARTESIAN_POINT('Ctrl Pts',(3.35650090040753,5.48233386442431,-2.64319497363666));
#4208=CARTESIAN_POINT('Ctrl Pts',(3.64802638968253,5.19080837514931,-2.58573540189227));
#4209=CARTESIAN_POINT('Ctrl Pts',(4.02603738044513,4.81279738438671,-2.56833427959433));
#4210=CARTESIAN_POINT('Ctrl Pts',(4.10720306245915,4.73163170237269,-2.56789154188387));
#4211=CARTESIAN_POINT('Ctrl Pts',(4.26211252125059,4.57672224358126,-2.57336603952441));
#4212=CARTESIAN_POINT('Ctrl Pts',(4.3356693260019,4.50316543882994,-2.57869104258564));
#4213=CARTESIAN_POINT('Ctrl Pts',(4.41133180482913,4.42750296000272,-2.58694738353853));
#4214=CARTESIAN_POINT('Ctrl Pts',(4.41350089330077,4.42533387153107,-2.58718642951109));
#4215=CARTESIAN_POINT('Ctrl Pts',(4.41638276458391,4.42245200024793,-2.58750715378126));
#4216=CARTESIAN_POINT('Ctrl Pts',(4.41709566128601,4.42173910354584,-2.58758674641044));
#4217=CARTESIAN_POINT('Ctrl Pts',(4.41826729638812,4.42056746844373,-2.587717973344));
#4218=CARTESIAN_POINT('Ctrl Pts',(4.418726042985,4.42010872184684,-2.58776945968429));
#4219=CARTESIAN_POINT('Ctrl Pts',(4.41926231679118,4.41957244804067,-2.58782977011247));
#4220=CARTESIAN_POINT('Ctrl Pts',(4.41933984968778,4.41949491514406,-2.58783849262329));
#4221=CARTESIAN_POINT('Ctrl Pts',(4.41941738241593,4.41941738241591,-2.58784721812081));
#4222=CARTESIAN_POINT('Ctrl Pts',(4.41941738241592,-4.41941738241593,-3.36909721812081));
#4223=CARTESIAN_POINT('Ctrl Pts',(4.41906654715707,-4.41976821767478,-3.36913670095929));
#4224=CARTESIAN_POINT('Ctrl Pts',(4.41871571534586,-4.42011904948599,-3.36917624495246));
#4225=CARTESIAN_POINT('Ctrl Pts',(4.41780167417812,-4.42103309065372,-3.36927943139346));
#4226=CARTESIAN_POINT('Ctrl Pts',(4.41723847031439,-4.42159629451746,-3.36934317028172));
#4227=CARTESIAN_POINT('Ctrl Pts',(4.41543791807037,-4.42339684676148,-3.36954744929282));
#4228=CARTESIAN_POINT('Ctrl Pts',(4.41420060431081,-4.42463416052103,-3.36968859236217));
#4229=CARTESIAN_POINT('Ctrl Pts',(4.40354361281103,-4.43529115202082,-3.37091084960981));
#4230=CARTESIAN_POINT('Ctrl Pts',(4.39412658751564,-4.44470817731621,-3.37203524986219));
#4231=CARTESIAN_POINT('Ctrl Pts',(4.28002843186732,-4.55880633296453,-3.38619490676176));
#4232=CARTESIAN_POINT('Ctrl Pts',(4.17589519177247,-4.66293957305938,-3.40459031583353));
#4233=CARTESIAN_POINT('Ctrl Pts',(4.07003074346074,-4.7688040213711,-3.4286481712012));
#4234=CARTESIAN_POINT('Ctrl Pts',(4.06791937799326,-4.77091538683393,-3.42913016469264));
#4235=CARTESIAN_POINT('Ctrl Pts',(3.98167596753607,-4.85715879729112,-3.44890731844287));
#4236=CARTESIAN_POINT('Ctrl Pts',(3.89801758617877,-4.94081717767394,-3.47155444385658));
#4237=CARTESIAN_POINT('Ctrl Pts',(3.75589048517639,-5.08294427867632,-3.51563681245084));
#4238=CARTESIAN_POINT('Ctrl Pts',(3.69728086731509,-5.14155389751676,-3.53546601616339));
#4239=CARTESIAN_POINT('Ctrl Pts',(3.54877738038407,-5.29005738444777,-3.58971970052716));
#4240=CARTESIAN_POINT('Ctrl Pts',(3.45932974754218,-5.37950501728966,-3.62617528043791));
#4241=CARTESIAN_POINT('Ctrl Pts',(3.31214851818885,-5.52668624664299,-3.69192278432317));
#4242=CARTESIAN_POINT('Ctrl Pts',(3.25405741463544,-5.58477735019641,-3.71938826334472));
#4243=CARTESIAN_POINT('Ctrl Pts',(3.03246554331858,-5.80636922151327,-3.82962429379981));
#4244=CARTESIAN_POINT('Ctrl Pts',(2.87108785150029,-5.96774691333156,-3.92143083420202));
#4245=CARTESIAN_POINT('Ctrl Pts',(2.45711254176888,-6.38172222306296,-4.18169913074651));
#4246=CARTESIAN_POINT('Ctrl Pts',(2.20668432557225,-6.6321504392596,-4.3641784372374));
#4247=CARTESIAN_POINT('Ctrl Pts',(1.96381155085269,-6.87502321397915,-4.55883948002766));
#4248=CARTESIAN_POINT('Ctrl Pts',(1.71661850166648,6.0096356727956,-5.46060495647716));
#4249=CARTESIAN_POINT('Ctrl Pts',(3.19620376634829,5.5870004951519,-5.58305586356065));
#4250=CARTESIAN_POINT('Ctrl Pts',(5.15091091873985,4.0951857813308,-5.76673222418589));
#4251=CARTESIAN_POINT('Ctrl Pts',(6.57153120754024,0.441721482520576,-6.07285949189462));
#4252=CARTESIAN_POINT('Ctrl Pts',(5.82310020304405,-3.59555392890467,-6.37898675960334));
#4253=CARTESIAN_POINT('Ctrl Pts',(3.19620375411337,-5.58700050215124,-6.62388857377032));
#4254=CARTESIAN_POINT('Ctrl Pts',(1.71661848850603,-6.00963567655481,-6.74633948085382));
#4255=CARTESIAN_POINT('Ctrl Pts',(1.79901618974655,6.29809818509009,-5.77310495620181));
#4256=CARTESIAN_POINT('Ctrl Pts',(3.34962154713317,5.85517651891947,-5.8955558632853));
#4257=CARTESIAN_POINT('Ctrl Pts',(5.39815464283962,4.29175469883488,-6.07923222391054));
#4258=CARTESIAN_POINT('Ctrl Pts',(6.8869647055025,0.462924113681584,-6.38535949161927));
#4259=CARTESIAN_POINT('Ctrl Pts',(6.10260901279046,-3.76814051749227,-6.691486759328));
#4260=CARTESIAN_POINT('Ctrl Pts',(3.34962153431097,-5.85517652625478,-6.93638857349498));
#4261=CARTESIAN_POINT('Ctrl Pts',(1.7990161759544,-6.29809818902974,-7.05883948057847));
#4262=CARTESIAN_POINT('Ctrl Pts',(1.88141387782663,6.58656069738458,-6.08560495592647));
#4263=CARTESIAN_POINT('Ctrl Pts',(3.50303932791804,6.12335254268704,-6.20805586300996));
#4264=CARTESIAN_POINT('Ctrl Pts',(5.64539836693939,4.48832361633896,-6.3917322236352));
#4265=CARTESIAN_POINT('Ctrl Pts',(7.20239820346477,0.484126744842598,-6.69785949134393));
#4266=CARTESIAN_POINT('Ctrl Pts',(6.38211782253686,-3.94072710607988,-7.00398675905265));
#4267=CARTESIAN_POINT('Ctrl Pts',(3.50303931450857,-6.12335255035831,-7.24888857321964));
#4268=CARTESIAN_POINT('Ctrl Pts',(1.88141386340278,-6.58656070150467,-7.37133948030313));
#4269=CARTESIAN_POINT('Ctrl Pts',(1.96381156590671,6.87502320967907,-6.39810495565112));
#4270=CARTESIAN_POINT('Ctrl Pts',(3.65645710870292,6.39152856645461,-6.52055586273462));
#4271=CARTESIAN_POINT('Ctrl Pts',(5.89264209103916,4.68489253384304,-6.70423222335985));
#4272=CARTESIAN_POINT('Ctrl Pts',(7.51783170142703,0.505329376003605,-7.01035949106858));
#4273=CARTESIAN_POINT('Ctrl Pts',(6.66162663228327,-4.11331369466748,-7.31648675877731));
#4274=CARTESIAN_POINT('Ctrl Pts',(3.65645709470617,-6.39152857446185,-7.56138857294429));
#4275=CARTESIAN_POINT('Ctrl Pts',(1.96381155085115,-6.8750232139796,-7.68383948002778));
#4276=CARTESIAN_POINT('',(4.41941738241592,4.41941738241592,-5.71284721812099));
#4277=CARTESIAN_POINT('Ctrl Pts',(1.96381156351743,6.87502320131442,-6.39810494658946));
#4278=CARTESIAN_POINT('Ctrl Pts',(2.23945788560803,6.59937687922381,-6.22458232205232));
#4279=CARTESIAN_POINT('Ctrl Pts',(2.52346154365704,6.31537322403069,-6.07305610866258));
#4280=CARTESIAN_POINT('Ctrl Pts',(3.13240053318534,5.70643423450238,-5.82729931599178));
#4281=CARTESIAN_POINT('Ctrl Pts',(3.45564803774541,5.38318672708643,-5.74114735968346));
#4282=CARTESIAN_POINT('Ctrl Pts',(3.92032610237428,4.91850866245756,-5.69532994573858));
#4283=CARTESIAN_POINT('Ctrl Pts',(4.0542031854715,4.78463157936034,-5.69101845127821));
#4284=CARTESIAN_POINT('Ctrl Pts',(4.26211474786096,4.57672001697089,-5.69836615985807));
#4285=CARTESIAN_POINT('Ctrl Pts',(4.33567208705021,4.50316267778164,-5.70369126315866));
#4286=CARTESIAN_POINT('Ctrl Pts',(4.41133422851859,4.42750053631326,-5.71194765039642));
#4287=CARTESIAN_POINT('Ctrl Pts',(4.41350244710509,4.42533231772675,-5.71218660194009));
#4288=CARTESIAN_POINT('Ctrl Pts',(4.41638333921174,4.4224514256201,-5.71250721789438));
#4289=CARTESIAN_POINT('Ctrl Pts',(4.41709612652528,4.42173863830657,-5.71258679843422));
#4290=CARTESIAN_POINT('Ctrl Pts',(4.41826762805805,4.42056713677379,-5.71271801054655));
#4291=CARTESIAN_POINT('Ctrl Pts',(4.41872635045855,4.42010841437329,-5.71276949422009));
#4292=CARTESIAN_POINT('Ctrl Pts',(4.41926250563956,4.41957225919229,-5.71282979135806));
#4293=CARTESIAN_POINT('Ctrl Pts',(4.41933994411172,4.41949482072013,-5.71283850324972));
#4294=CARTESIAN_POINT('Ctrl Pts',(4.41941738241591,4.41941738241593,-5.71284721812082));
#4295=CARTESIAN_POINT('',(4.41941738241592,-4.41941738241592,-6.49409721812099));
#4296=CARTESIAN_POINT('Ctrl Pts',(4.41941738241591,4.41941738241593,-5.71284721812099));
#4297=CARTESIAN_POINT('Ctrl Pts',(5.41113232396912,3.42770244086273,-5.82445436097813));
#4298=CARTESIAN_POINT('Ctrl Pts',(6.47790220788596,1.20114169221057,-6.01046626574003));
#4299=CARTESIAN_POINT('Ctrl Pts',(6.09778398145958,-2.13599771025088,-6.2708829324067));
#4300=CARTESIAN_POINT('Ctrl Pts',(5.08056067678471,-3.75827408804715,-6.41969245621623));
#4301=CARTESIAN_POINT('Ctrl Pts',(4.41941738241589,-4.41941738241595,-6.49409721812099));
#4302=CARTESIAN_POINT('Ctrl Pts',(4.41941738241589,-4.41941738241595,-6.49409721812082));
#4303=CARTESIAN_POINT('Ctrl Pts',(4.41906654715417,-4.41976821767767,-6.49413670095962));
#4304=CARTESIAN_POINT('Ctrl Pts',(4.41871571534131,-4.42011904949053,-6.49417624495298));
#4305=CARTESIAN_POINT('Ctrl Pts',(4.41780167418151,-4.42103309065034,-6.49427943139308));
#4306=CARTESIAN_POINT('Ctrl Pts',(4.4172384703209,-4.42159629451095,-6.49434317028098));
#4307=CARTESIAN_POINT('Ctrl Pts',(4.41543791806856,-4.42339684676328,-6.49454744929302));
#4308=CARTESIAN_POINT('Ctrl Pts',(4.41420060430716,-4.42463416052469,-6.4946885923626));
#4309=CARTESIAN_POINT('Ctrl Pts',(4.40354361281153,-4.43529115202032,-6.49591084960975));
#4310=CARTESIAN_POINT('Ctrl Pts',(4.39412658751646,-4.44470817731539,-6.49703524986209));
#4311=CARTESIAN_POINT('Ctrl Pts',(4.28002843186717,-4.55880633296468,-6.51119490676178));
#4312=CARTESIAN_POINT('Ctrl Pts',(4.17589519177238,-4.66293957305946,-6.52959031583355));
#4313=CARTESIAN_POINT('Ctrl Pts',(4.07003074345918,-4.76880402137267,-6.55364817120156));
#4314=CARTESIAN_POINT('Ctrl Pts',(4.06791937799014,-4.77091538683706,-6.55413016469337));
#4315=CARTESIAN_POINT('Ctrl Pts',(3.93295020933577,-4.90588455549143,-6.58508100471543));
#4316=CARTESIAN_POINT('Ctrl Pts',(3.80137369706255,-5.03746106776929,-6.62388970757951));
#4317=CARTESIAN_POINT('Ctrl Pts',(3.586203819658,-5.25263094517384,-6.70036524919072));
#4318=CARTESIAN_POINT('Ctrl Pts',(3.50216367290474,-5.3366710919271,-6.73358084067472));
#4319=CARTESIAN_POINT('Ctrl Pts',(3.37140382465557,-5.46743094017627,-6.79011959239289));
#4320=CARTESIAN_POINT('Ctrl Pts',(3.32430767082475,-5.51452709400709,-6.81148604967475));
#4321=CARTESIAN_POINT('Ctrl Pts',(3.24911594002695,-5.58971882480489,-6.84713122553347));
#4322=CARTESIAN_POINT('Ctrl Pts',(3.22089390666301,-5.61794085816884,-6.86085955305526));
#4323=CARTESIAN_POINT('Ctrl Pts',(3.15597782779647,-5.68285693703537,-6.8932191924213));
#4324=CARTESIAN_POINT('Ctrl Pts',(3.11933723198295,-5.71949753284888,-6.91206400635618));
#4325=CARTESIAN_POINT('Ctrl Pts',(3.00014699971697,-5.83868776511486,-6.97518263097252));
#4326=CARTESIAN_POINT('Ctrl Pts',(2.91811633010517,-5.92071843472668,-7.02148794819516));
#4327=CARTESIAN_POINT('Ctrl Pts',(2.79515734675987,-6.04367741807198,-7.09482188068377));
#4328=CARTESIAN_POINT('Ctrl Pts',(2.75371315850298,-6.08512160632884,-7.12022487622751));
#4329=CARTESIAN_POINT('Ctrl Pts',(2.45711254176885,-6.38172222306297,-7.30669913074651));
#4330=CARTESIAN_POINT('Ctrl Pts',(2.20668432557223,-6.63215043925961,-7.48917843723741));
#4331=CARTESIAN_POINT('Ctrl Pts',(1.96381155085267,-6.87502321397917,-7.68383948002768));
#4332=CARTESIAN_POINT('Ctrl Pts',(-1.71661848850737,-6.00963567655442,-0.773104955388098));
#4333=CARTESIAN_POINT('Ctrl Pts',(-3.19620375536787,-5.58700050179254,-0.89555586257531));
#4334=CARTESIAN_POINT('Ctrl Pts',(-5.15121728669426,-4.09528498436197,-1.07923222335613));
#4335=CARTESIAN_POINT('Ctrl Pts',(-6.57177826215988,-0.441748530949796,
-1.38535949132415));
#4336=CARTESIAN_POINT('Ctrl Pts',(-5.82338526639382,3.59568867541328,-1.69148675929218));
#4337=CARTESIAN_POINT('Ctrl Pts',(-3.19620375536655,5.58700050179329,-1.9363885736666));
#4338=CARTESIAN_POINT('Ctrl Pts',(-1.71661848850595,6.00963567655483,-2.05883948085382));
#4339=CARTESIAN_POINT('Ctrl Pts',(-1.79901617595581,-6.29809818902934,-1.08560495511275));
#4340=CARTESIAN_POINT('Ctrl Pts',(-3.34962153562569,-5.85517652587886,-1.20805586229997));
#4341=CARTESIAN_POINT('Ctrl Pts',(-5.39847571645584,-4.29185866361155,-1.39173222308078));
#4342=CARTESIAN_POINT('Ctrl Pts',(-6.88722361874388,-0.462952460435407,
-1.69785949104881));
#4343=CARTESIAN_POINT('Ctrl Pts',(-6.10290775918102,3.76828173183329,-2.00398675901684));
#4344=CARTESIAN_POINT('Ctrl Pts',(-3.34962153562431,5.85517652587965,-2.24888857339126));
#4345=CARTESIAN_POINT('Ctrl Pts',(-1.79901617595432,6.29809818902976,-2.37133948057847));
#4346=CARTESIAN_POINT('Ctrl Pts',(-1.88141386340425,-6.58656070150425,-1.39810495483741));
#4347=CARTESIAN_POINT('Ctrl Pts',(-3.50303931588351,-6.12335254996518,-1.52055586202462));
#4348=CARTESIAN_POINT('Ctrl Pts',(-5.64573414621742,-4.48843234286113,-1.70423222280544));
#4349=CARTESIAN_POINT('Ctrl Pts',(-7.20266897532788,-0.484156389921021,
-2.01035949077347));
#4350=CARTESIAN_POINT('Ctrl Pts',(-6.38243025196821,3.94087478825332,-2.31648675874149));
#4351=CARTESIAN_POINT('Ctrl Pts',(-3.50303931588206,6.12335254996601,-2.56138857311592));
#4352=CARTESIAN_POINT('Ctrl Pts',(-1.88141386340269,6.58656070150469,-2.68383948030313));
#4353=CARTESIAN_POINT('Ctrl Pts',(-1.96381155085269,-6.87502321397916,-1.71060495456207));
#4354=CARTESIAN_POINT('Ctrl Pts',(-3.65645709614133,-6.3915285740515,-1.83305586174928));
#4355=CARTESIAN_POINT('Ctrl Pts',(-5.892992575979,-4.68500602211071,-2.01673222253009));
#4356=CARTESIAN_POINT('Ctrl Pts',(-7.51811433191189,-0.505360319406633,
-2.32285949049812));
#4357=CARTESIAN_POINT('Ctrl Pts',(-6.66195274475541,4.11346784467333,-2.62898675846615));
#4358=CARTESIAN_POINT('Ctrl Pts',(-3.65645709613981,6.39152857405236,-2.87388857284057));
#4359=CARTESIAN_POINT('Ctrl Pts',(-1.96381155085107,6.87502321397962,-2.99633948002778));
#4360=CARTESIAN_POINT('',(-4.41941738241592,4.41941738241592,-1.80659721812098));
#4361=CARTESIAN_POINT('Ctrl Pts',(-4.41941738241592,4.41941738241593,-1.80659721812081));
#4362=CARTESIAN_POINT('Ctrl Pts',(-4.41906654715354,4.41976821767831,-1.80663670095969));
#4363=CARTESIAN_POINT('Ctrl Pts',(-4.41871571534026,4.42011904949158,-1.80667624495309));
#4364=CARTESIAN_POINT('Ctrl Pts',(-4.41780167417953,4.42103309065232,-1.8067794313933));
#4365=CARTESIAN_POINT('Ctrl Pts',(-4.41723847031706,4.42159629451479,-1.80684317028141));
#4366=CARTESIAN_POINT('Ctrl Pts',(-4.41543791807056,4.42339684676128,-1.80704744929279));
#4367=CARTESIAN_POINT('Ctrl Pts',(-4.41420060431117,4.42463416052068,-1.80718859236213));
#4368=CARTESIAN_POINT('Ctrl Pts',(-4.40354361281114,4.4352911520207,-1.80841084960979));
#4369=CARTESIAN_POINT('Ctrl Pts',(-4.39412658751577,4.44470817731608,-1.80953524986217));
#4370=CARTESIAN_POINT('Ctrl Pts',(-4.28002843186728,4.55880633296457,-1.82369490676176));
#4371=CARTESIAN_POINT('Ctrl Pts',(-4.17589519177247,4.66293957305938,-1.84209031583352));
#4372=CARTESIAN_POINT('Ctrl Pts',(-4.07003074345948,4.76880402137236,-1.86614817120148));
#4373=CARTESIAN_POINT('Ctrl Pts',(-4.06791937799074,4.77091538683645,-1.86663016469322));
#4374=CARTESIAN_POINT('Ctrl Pts',(-3.59638658884841,5.24244817597878,-1.97476105167584));
#4375=CARTESIAN_POINT('Ctrl Pts',(-3.14521083132528,5.69362393350656,-2.18658837965071));
#4376=CARTESIAN_POINT('Ctrl Pts',(-2.45711254176895,6.38172222306289,-2.61919913074646));
#4377=CARTESIAN_POINT('Ctrl Pts',(-2.20668432557243,6.63215043925941,-2.80167843723724));
#4378=CARTESIAN_POINT('Ctrl Pts',(-1.96381155085267,6.87502321397917,-2.99633948002767));
#4379=CARTESIAN_POINT('',(-4.41941738241592,-4.41941738241592,-1.02534721812098));
#4380=CARTESIAN_POINT('Ctrl Pts',(-1.96381155085269,-6.87502321397916,-1.71060495456206));
#4381=CARTESIAN_POINT('Ctrl Pts',(-2.45699207902763,-6.38184268580422,-1.40014196930533));
#4382=CARTESIAN_POINT('Ctrl Pts',(-2.97488760191377,-5.86394716291807,-1.16137608483568));
#4383=CARTESIAN_POINT('Ctrl Pts',(-3.73760719574497,-5.10122756908688,-1.01804902656085));
#4384=CARTESIAN_POINT('Ctrl Pts',(-3.9620830872898,-4.87675167754205,-1.00026305075264));
#4385=CARTESIAN_POINT('Ctrl Pts',(-4.26211171491408,-4.57672304991776,-1.01086599594688));
#4386=CARTESIAN_POINT('Ctrl Pts',(-4.33566832615546,-4.50316643867638,-1.01619096271051));
#4387=CARTESIAN_POINT('Ctrl Pts',(-4.41133092718833,-4.42750383764352,-1.02444728690718));
#4388=CARTESIAN_POINT('Ctrl Pts',(-4.41350033068331,-4.42533443414854,-1.02468636707633));
#4389=CARTESIAN_POINT('Ctrl Pts',(-4.41638255655372,-4.42245220827813,-1.02500713057067));
#4390=CARTESIAN_POINT('Ctrl Pts',(-4.41709549285769,-4.42173927197416,-1.02508672757654));
#4391=CARTESIAN_POINT('Ctrl Pts',(-4.41826717632686,-4.42056758850499,-1.02521795987705));
#4392=CARTESIAN_POINT('Ctrl Pts',(-4.41872593168477,-4.42010883314708,-1.02526944718293));
#4393=CARTESIAN_POINT('Ctrl Pts',(-4.41926224843243,-4.41957251639942,-1.02532976242206));
#4394=CARTESIAN_POINT('Ctrl Pts',(-4.41933981550847,-4.41949494932337,-1.02533848877676));
#4395=CARTESIAN_POINT('Ctrl Pts',(-4.41941738241593,-4.41941738241592,-1.02534721812081));
#4396=CARTESIAN_POINT('Ctrl Pts',(-4.41941738241591,-4.41941738241594,-1.02534721812098));
#4397=CARTESIAN_POINT('Ctrl Pts',(-5.41113232396912,-3.42770244086273,-1.13695436097812));
#4398=CARTESIAN_POINT('Ctrl Pts',(-6.47801207285073,-1.20118601567124,-1.32296626574003));
#4399=CARTESIAN_POINT('Ctrl Pts',(-6.09784573000826,2.13598267845486,-1.5833829324067));
#4400=CARTESIAN_POINT('Ctrl Pts',(-5.08056067678471,3.75827408804715,-1.73219245621622));
#4401=CARTESIAN_POINT('Ctrl Pts',(-4.41941738241589,4.41941738241595,-1.80659721812098));
#4402=CARTESIAN_POINT('Ctrl Pts',(1.71661851087236,6.00963567016599,-8.58560495723904));
#4403=CARTESIAN_POINT('Ctrl Pts',(3.19620377402989,5.58700049050625,-8.70805586424996));
#4404=CARTESIAN_POINT('Ctrl Pts',(5.8229664030976,3.59549657890283,-8.95295767827181));
#4405=CARTESIAN_POINT('Ctrl Pts',(6.57141581146361,-0.441709508737163,-9.25908494579911));
#4406=CARTESIAN_POINT('Ctrl Pts',(5.15076800940529,-4.09514268603407,-9.56521221332641));
#4407=CARTESIAN_POINT('Ctrl Pts',(3.19620375323765,-5.58700050240105,-9.74888857384279));
#4408=CARTESIAN_POINT('Ctrl Pts',(1.71661848850727,-6.00963567655445,-9.87133948085372));
#4409=CARTESIAN_POINT('Ctrl Pts',(1.79901619939432,6.29809818233426,-8.8981049569637));
#4410=CARTESIAN_POINT('Ctrl Pts',(3.34962155518348,5.85517651405083,-9.02055586397462));
#4411=CARTESIAN_POINT('Ctrl Pts',(6.10246879044658,3.76808041469034,-9.26545767799646));
#4412=CARTESIAN_POINT('Ctrl Pts',(6.8868437704142,-0.462911565156566,-9.57158494552377));
#4413=CARTESIAN_POINT('Ctrl Pts',(5.39800487385701,-4.29170953496391,-9.87771221305107));
#4414=CARTESIAN_POINT('Ctrl Pts',(3.34962153339322,-5.85517652651658,-10.0613885735675));
#4415=CARTESIAN_POINT('Ctrl Pts',(1.7990161759557,-6.29809818902937,-10.1838394805784));
#4416=CARTESIAN_POINT('Ctrl Pts',(1.88141388791628,6.58656069450253,-9.21060495668836));
#4417=CARTESIAN_POINT('Ctrl Pts',(3.50303933633708,6.12335253759541,-9.33305586369928));
#4418=CARTESIAN_POINT('Ctrl Pts',(6.38197117779556,3.94066425047785,-9.57795767772112));
#4419=CARTESIAN_POINT('Ctrl Pts',(7.20227172936478,-0.484113621575979,-9.88408494524842));
#4420=CARTESIAN_POINT('Ctrl Pts',(5.64524173830872,-4.48827638389375,-10.1902122127757));
#4421=CARTESIAN_POINT('Ctrl Pts',(3.50303931354878,-6.12335255063211,-10.3738885732921));
#4422=CARTESIAN_POINT('Ctrl Pts',(1.88141386340414,-6.58656070150428,-10.496339480303));
#4423=CARTESIAN_POINT('Ctrl Pts',(1.96381157643824,6.87502320667079,-9.52310495641301));
#4424=CARTESIAN_POINT('Ctrl Pts',(3.65645711749067,6.39152856113999,-9.64555586342393));
#4425=CARTESIAN_POINT('Ctrl Pts',(6.66147356514453,4.11324808626537,-9.89045767744578));
#4426=CARTESIAN_POINT('Ctrl Pts',(7.51769968831536,-0.505315677995381,-10.1965849449731));
#4427=CARTESIAN_POINT('Ctrl Pts',(5.89247860276043,-4.68484323282359,-10.5027122125004));
#4428=CARTESIAN_POINT('Ctrl Pts',(3.65645709370435,-6.39152857474764,-10.6863885730168));
#4429=CARTESIAN_POINT('Ctrl Pts',(1.96381155085257,-6.87502321397919,-10.8088394800277));
#4430=CARTESIAN_POINT('',(4.41941738241592,4.41941738241592,-8.83784721812099));
#4431=CARTESIAN_POINT('Ctrl Pts',(1.96381157237741,6.87502319245443,-9.523104941012));
#4432=CARTESIAN_POINT('Ctrl Pts',(2.17766192367479,6.66117284115705,-9.38848361245966));
#4433=CARTESIAN_POINT('Ctrl Pts',(2.39646289764931,6.44237186960519,-9.2671517354668));
#4434=CARTESIAN_POINT('Ctrl Pts',(2.95832861882512,5.88050614842938,-9.00913927548402));
#4435=CARTESIAN_POINT('Ctrl Pts',(3.30449800668233,5.53433675814952,-8.89848026580191));
#4436=CARTESIAN_POINT('Ctrl Pts',(3.83576632347716,5.00306844135469,-8.82398196328813));
#4437=CARTESIAN_POINT('Ctrl Pts',(4.01166646685793,4.82716829797391,-8.81451531639558));
#4438=CARTESIAN_POINT('Ctrl Pts',(4.26211171491577,4.57672304991607,-8.82336599594698));
#4439=CARTESIAN_POINT('Ctrl Pts',(4.33566832615756,4.50316643867428,-8.82869096271069));
#4440=CARTESIAN_POINT('Ctrl Pts',(4.41133092718867,4.42750383764318,-8.83694728690723));
#4441=CARTESIAN_POINT('Ctrl Pts',(4.41350033068148,4.42533443415036,-8.83718636707613));
#4442=CARTESIAN_POINT('Ctrl Pts',(4.41638255655412,4.42245220827773,-8.83750713057072));
#4443=CARTESIAN_POINT('Ctrl Pts',(4.41709549285797,4.42173927197388,-8.83758672757658));
#4444=CARTESIAN_POINT('Ctrl Pts',(4.41826717633495,4.42056758849689,-8.83771795987796));
#4445=CARTESIAN_POINT('Ctrl Pts',(4.41872593170068,4.42010883313116,-8.83776944718473));
#4446=CARTESIAN_POINT('Ctrl Pts',(4.41926224843257,4.41957251639928,-8.83782976242208));
#4447=CARTESIAN_POINT('Ctrl Pts',(4.41933981550857,4.41949494932328,-8.83783848877678));
#4448=CARTESIAN_POINT('Ctrl Pts',(4.41941738241593,4.41941738241591,-8.83784721812082));
#4449=CARTESIAN_POINT('',(4.41941738241592,-4.41941738241592,-9.61909721812099));
#4450=CARTESIAN_POINT('Ctrl Pts',(4.41941738241587,4.41941738241597,-8.83784721812098));
#4451=CARTESIAN_POINT('Ctrl Pts',(5.08056067678469,3.75827408804717,-8.91225198002575));
#4452=CARTESIAN_POINT('Ctrl Pts',(6.0977589301295,2.13600391524535,-9.06106150383527));
#4453=CARTESIAN_POINT('Ctrl Pts',(6.47785794011423,-1.20112392147547,-9.32147817050194));
#4454=CARTESIAN_POINT('Ctrl Pts',(5.4111323239691,-3.42770244086277,-9.50749007526385));
#4455=CARTESIAN_POINT('Ctrl Pts',(4.41941738241587,-4.41941738241597,-9.619097218121));
#4456=CARTESIAN_POINT('Ctrl Pts',(4.41333844065804,-4.41446089820333,-9.61909721812082));
#4457=CARTESIAN_POINT('Ctrl Pts',(4.41298717110384,-4.41481078899908,-9.61913670095903));
#4458=CARTESIAN_POINT('Ctrl Pts',(4.41263590599839,-4.41516067723837,-9.61917624495203));
#4459=CARTESIAN_POINT('Ctrl Pts',(4.4122846453294,-4.41551056293506,-9.61921585009539));
#4460=CARTESIAN_POINT('Ctrl Pts',(4.41172073854164,-4.41607226237005,-9.6192794313931));
#4461=CARTESIAN_POINT('Ctrl Pts',(4.41115684326927,-4.41663395517089,-9.61934317028104));
#4462=CARTESIAN_POINT('Ctrl Pts',(4.41059295948187,-4.41719564137453,-9.61940706673848));
#4463=CARTESIAN_POINT('Ctrl Pts',(4.40935408881857,-4.41842968387621,-9.61954744929312));
#4464=CARTESIAN_POINT('Ctrl Pts',(4.40811527416496,-4.41966369396345,-9.61968859236282));
#4465=CARTESIAN_POINT('Ctrl Pts',(4.40687651523104,-4.42089767199474,-9.61983049572176));
#4466=CARTESIAN_POINT('Ctrl Pts',(4.3974454627135,-4.43029232603108,-9.62091084960974));
#4467=CARTESIAN_POINT('Ctrl Pts',(4.38801783079272,-4.43968493202245,-9.62203524986215));
#4468=CARTESIAN_POINT('Ctrl Pts',(4.37859348904067,-4.44907564903316,-9.62320359162315));
#4469=CARTESIAN_POINT('Ctrl Pts',(4.27911389862221,-4.54820031010116,-9.63553614098429));
#4470=CARTESIAN_POINT('Ctrl Pts',(4.18021381171305,-4.64690499657847,-9.65273861652848));
#4471=CARTESIAN_POINT('Ctrl Pts',(4.08174718424914,-4.74535010353073,-9.6746215221724));
#4472=CARTESIAN_POINT('Ctrl Pts',(4.07648740847224,-4.75060872974997,-9.67579043777354));
#4473=CARTESIAN_POINT('Ctrl Pts',(4.07122887568051,-4.75586660441631,-9.67697270831951));
#4474=CARTESIAN_POINT('Ctrl Pts',(4.06597156587757,-4.76112374830647,-9.67816830492781));
#4475=CARTESIAN_POINT('Ctrl Pts',(4.0638614849006,-4.76323376269245,-9.67864817120046));
#4476=CARTESIAN_POINT('Ctrl Pts',(4.06175168489059,-4.76534357493696,-9.67913016469111));
#4477=CARTESIAN_POINT('Ctrl Pts',(4.05964215956936,-4.76745319128814,-9.67961428411652));
#4478=CARTESIAN_POINT('Ctrl Pts',(3.97416567097609,-4.85293336835126,-9.69923046417723));
#4479=CARTESIAN_POINT('Ctrl Pts',(3.88928511540666,-4.93794991384002,-9.72230529661995));
#4480=CARTESIAN_POINT('Ctrl Pts',(3.80491825500075,-5.02256930307794,-9.7486367632992));
#4481=CARTESIAN_POINT('Ctrl Pts',(3.76105761434865,-5.06656122841104,-9.76232596534257));
#4482=CARTESIAN_POINT('Ctrl Pts',(3.71733636683044,-5.11044517641251,-9.77689535479264));
#4483=CARTESIAN_POINT('Ctrl Pts',(3.67374708304744,-5.1542267008035,-9.79231654594804));
#4484=CARTESIAN_POINT('Ctrl Pts',(3.5907819041956,-5.23755777868005,-9.82166829874777));
#4485=CARTESIAN_POINT('Ctrl Pts',(3.50844320353022,-5.32036640307724,-9.85405092848216));
#4486=CARTESIAN_POINT('Ctrl Pts',(3.42668848364864,-5.40266483122032,-9.88922012099039));
#4487=CARTESIAN_POINT('Ctrl Pts',(3.3812275867355,-5.44842806499258,-9.908776460214));
#4488=CARTESIAN_POINT('Ctrl Pts',(3.33596268529285,-5.49401785157245,-9.92918777305225));
#4489=CARTESIAN_POINT('Ctrl Pts',(3.29088959063271,-5.53943217602735,-9.95040867648378));
#4490=CARTESIAN_POINT('Ctrl Pts',(3.26421162553077,-5.56631210899117,-9.96296895275163));
#4491=CARTESIAN_POINT('Ctrl Pts',(3.2376023368738,-5.59312906964752,-9.97581215004679));
#4492=CARTESIAN_POINT('Ctrl Pts',(3.21106122091854,-5.61988219970846,-9.9889285746401));
#4493=CARTESIAN_POINT('Ctrl Pts',(3.18524717668437,-5.64590245009882,-10.0016856857283));
#4494=CARTESIAN_POINT('Ctrl Pts',(3.15949799157467,-5.67186194486743,-10.0147010766403));
#4495=CARTESIAN_POINT('Ctrl Pts',(3.13381345365809,-5.69775960855464,-10.0279656763244));
#4496=CARTESIAN_POINT('Ctrl Pts',(3.10596814626565,-5.72583597140213,-10.042346190268));
#4497=CARTESIAN_POINT('Ctrl Pts',(3.07819865800216,-5.7538398256352,-10.057019691568));
#4498=CARTESIAN_POINT('Ctrl Pts',(3.05050504218247,-5.78176944978434,-10.0719744653738));
#4499=CARTESIAN_POINT('Ctrl Pts',(2.98257832597377,-5.85027504564971,-10.1086554348393));
#4500=CARTESIAN_POINT('Ctrl Pts',(2.91509665670776,-5.91834554840853,-10.1470347790447));
#4501=CARTESIAN_POINT('Ctrl Pts',(2.84806959258997,-5.98594664000584,-10.1869366405478));
#4502=CARTESIAN_POINT('Ctrl Pts',(2.82826765253617,-6.00591816614979,-10.1987249275617));
#4503=CARTESIAN_POINT('Ctrl Pts',(2.80850389364304,-6.02585023444223,-10.2106469940233));
#4504=CARTESIAN_POINT('Ctrl Pts',(2.78877871587637,-6.04574181658009,-10.2226982960899));
#4505=CARTESIAN_POINT('Ctrl Pts',(2.76269880003027,-6.07204174626071,-10.2386320913362));
#4506=CARTESIAN_POINT('Ctrl Pts',(2.73668445088202,-6.098272793364,-10.2547929524669));
#4507=CARTESIAN_POINT('Ctrl Pts',(2.71073679943078,-6.12443239841844,-10.2711703768315));
#4508=CARTESIAN_POINT('Ctrl Pts',(2.63467004357204,-6.20112050619486,-10.3191815636271));
#4509=CARTESIAN_POINT('Ctrl Pts',(2.55905801459535,-6.27734231132187,-10.3691562222372));
#4510=CARTESIAN_POINT('Ctrl Pts',(2.48390250661135,-6.35302315525897,-10.4208330097276));
#4511=CARTESIAN_POINT('Ctrl Pts',(2.40807152336877,-6.42938419601731,-10.4729742527495));
#4512=CARTESIAN_POINT('Ctrl Pts',(2.33270524399372,-6.50519396572134,-10.5268483585995));
#4513=CARTESIAN_POINT('Ctrl Pts',(2.25785671949627,-6.5803607978934,-10.5821868742044));
#4514=CARTESIAN_POINT('Ctrl Pts',(2.18196947348117,-6.65657076894515,-10.6382933582802));
#4515=CARTESIAN_POINT('Ctrl Pts',(2.10661444106163,-6.73211934145673,-10.6959051792681));
#4516=CARTESIAN_POINT('Ctrl Pts',(2.03189992755723,-6.80690353638128,-10.7547425517814));
#4517=CARTESIAN_POINT('Ctrl Pts',(2.00914267287754,-6.82968201528837,-10.7726637963718));
#4518=CARTESIAN_POINT('Ctrl Pts',(1.98644520939914,-6.85238955543274,-10.7906987411989));
#4519=CARTESIAN_POINT('Ctrl Pts',(1.96381155085273,-6.87502321397915,-10.8088394800277));
#4520=CARTESIAN_POINT('Ctrl Pts',(-1.71661848850735,-6.00963567655443,-3.8981049553881));
#4521=CARTESIAN_POINT('Ctrl Pts',(-2.45641112193761,-5.79831808917349,-3.95933040898171));
#4522=CARTESIAN_POINT('Ctrl Pts',(-4.56449470405773,-4.75907158231425,-4.14300676976253));
#4523=CARTESIAN_POINT('Ctrl Pts',(-6.73193839847469,-1.26031999575343,-4.44913403773056));
#4524=CARTESIAN_POINT('Ctrl Pts',(-5.82078740762665,3.59896795027032,-4.8164867592922));
#4525=CARTESIAN_POINT('Ctrl Pts',(-3.19620375536634,5.58700050179342,-5.06138857366663));
#4526=CARTESIAN_POINT('Ctrl Pts',(-1.7166184885057,6.0096356765549,-5.18383948085384));
#4527=CARTESIAN_POINT('Ctrl Pts',(-1.79901617595578,-6.29809818902934,-4.21060495511276));
#4528=CARTESIAN_POINT('Ctrl Pts',(-2.57431885579074,-6.0766373574541,-4.27183040870636));
#4529=CARTESIAN_POINT('Ctrl Pts',(-4.78359044985273,-4.98750701826557,-4.45550676948718));
#4530=CARTESIAN_POINT('Ctrl Pts',(-7.05507144160182,-1.32081535554965,-4.76163403745521));
#4531=CARTESIAN_POINT('Ctrl Pts',(-6.10018520319302,3.77171841188348,-5.12898675901686));
#4532=CARTESIAN_POINT('Ctrl Pts',(-3.34962153562409,5.85517652587978,-5.37388857339128));
#4533=CARTESIAN_POINT('Ctrl Pts',(-1.79901617595406,6.29809818902984,-5.4963394805785));
#4534=CARTESIAN_POINT('Ctrl Pts',(-1.88141386340422,-6.58656070150426,-4.52310495483741));
#4535=CARTESIAN_POINT('Ctrl Pts',(-2.69222658964386,-6.35495662573472,-4.58433040843102));
#4536=CARTESIAN_POINT('Ctrl Pts',(-5.00268619564773,-5.21594245421689,-4.76800676921184));
#4537=CARTESIAN_POINT('Ctrl Pts',(-7.37820448472894,-1.38131071534588,-5.07413403717987));
#4538=CARTESIAN_POINT('Ctrl Pts',(-6.37958299875939,3.94446887349663,-5.44148675874151));
#4539=CARTESIAN_POINT('Ctrl Pts',(-3.50303931588183,6.12335254996614,-5.68638857311594));
#4540=CARTESIAN_POINT('Ctrl Pts',(-1.88141386340242,6.58656070150477,-5.80883948030315));
#4541=CARTESIAN_POINT('Ctrl Pts',(-1.96381155085266,-6.87502321397917,-4.83560495456207));
#4542=CARTESIAN_POINT('Ctrl Pts',(-2.81013432349699,-6.63327589401534,-4.89683040815568));
#4543=CARTESIAN_POINT('Ctrl Pts',(-5.22178194144273,-5.44437789016822,-5.0805067689365));
#4544=CARTESIAN_POINT('Ctrl Pts',(-7.70133752785606,-1.44180607514211,-5.38663403690453));
#4545=CARTESIAN_POINT('Ctrl Pts',(-6.65898079432576,4.11721933510979,-5.75398675846617));
#4546=CARTESIAN_POINT('Ctrl Pts',(-3.65645709613958,6.39152857405251,-5.9988885728406));
#4547=CARTESIAN_POINT('Ctrl Pts',(-1.96381155085078,6.87502321397971,-6.12133948002781));
#4548=CARTESIAN_POINT('',(-4.41941738241592,4.41941738241592,-4.93159721812098));
#4549=CARTESIAN_POINT('Ctrl Pts',(-4.41941738241592,4.41941738241593,-4.93159721812081));
#4550=CARTESIAN_POINT('Ctrl Pts',(-4.41906654715829,4.41976821767356,-4.93163670095915));
#4551=CARTESIAN_POINT('Ctrl Pts',(-4.41871571534789,4.42011904948395,-4.93167624495223));
#4552=CARTESIAN_POINT('Ctrl Pts',(-4.41780167417943,4.42103309065242,-4.93177943139331));
#4553=CARTESIAN_POINT('Ctrl Pts',(-4.41723847031642,4.42159629451543,-4.93184317028149));
#4554=CARTESIAN_POINT('Ctrl Pts',(-4.41543791806867,4.42339684676317,-4.93204744929301));
#4555=CARTESIAN_POINT('Ctrl Pts',(-4.41420060430704,4.4246341605248,-4.93218859236261));
#4556=CARTESIAN_POINT('Ctrl Pts',(-4.40354361281203,4.43529115201981,-4.93341084960969));
#4557=CARTESIAN_POINT('Ctrl Pts',(-4.39412658751652,4.44470817731533,-4.93453524986208));
#4558=CARTESIAN_POINT('Ctrl Pts',(-4.28002843186733,4.55880633296451,-4.94869490676175));
#4559=CARTESIAN_POINT('Ctrl Pts',(-4.17589519177246,4.66293957305938,-4.96709031583353));
#4560=CARTESIAN_POINT('Ctrl Pts',(-4.07003074346295,4.7688040213689,-4.9911481712007));
#4561=CARTESIAN_POINT('Ctrl Pts',(-4.06791937799768,4.77091538682951,-4.99163016469163));
#4562=CARTESIAN_POINT('Ctrl Pts',(-3.98167596753599,4.8571587972912,-5.01140731844289));
#4563=CARTESIAN_POINT('Ctrl Pts',(-3.8980175861786,4.94081717767411,-5.03405444385664));
#4564=CARTESIAN_POINT('Ctrl Pts',(-3.75589048517643,5.08294427867628,-5.07813681245083));
#4565=CARTESIAN_POINT('Ctrl Pts',(-3.69728086731515,5.1415538975167,-5.09796601616337));
#4566=CARTESIAN_POINT('Ctrl Pts',(-3.5487773803841,5.29005738444775,-5.15221970052715));
#4567=CARTESIAN_POINT('Ctrl Pts',(-3.45932974754222,5.37950501728962,-5.1886752804379));
#4568=CARTESIAN_POINT('Ctrl Pts',(-3.31214851818897,5.52668624664287,-5.25442278432311));
#4569=CARTESIAN_POINT('Ctrl Pts',(-3.2540574146357,5.58477735019614,-5.28188826334458));
#4570=CARTESIAN_POINT('Ctrl Pts',(-3.03246554331852,5.80636922151332,-5.39212429379983));
#4571=CARTESIAN_POINT('Ctrl Pts',(-2.87108785150018,5.96774691333167,-5.48393083420209));
#4572=CARTESIAN_POINT('Ctrl Pts',(-2.45711254176889,6.38172222306296,-5.74419913074651));
#4573=CARTESIAN_POINT('Ctrl Pts',(-2.20668432557225,6.6321504392596,-5.92667843723739));
#4574=CARTESIAN_POINT('Ctrl Pts',(-1.96381155085269,6.87502321397915,-6.12133948002766));
#4575=CARTESIAN_POINT('',(-4.41941738241592,-4.41941738241592,-4.15034721812098));
#4576=CARTESIAN_POINT('Ctrl Pts',(-1.96381155085267,-6.87502321397917,-4.83560495456208));
#4577=CARTESIAN_POINT('Ctrl Pts',(-2.45699207902913,-6.38184268580272,-4.52514196930439));
#4578=CARTESIAN_POINT('Ctrl Pts',(-2.97488760191676,-5.86394716291509,-4.28637608483433));
#4579=CARTESIAN_POINT('Ctrl Pts',(-3.73760719574878,-5.10122756908307,-4.14304902656048));
#4580=CARTESIAN_POINT('Ctrl Pts',(-3.96208308729281,-4.87675167753904,-4.12526305075258));
#4581=CARTESIAN_POINT('Ctrl Pts',(-4.26211171491697,-4.57672304991488,-4.13586599594704));
#4582=CARTESIAN_POINT('Ctrl Pts',(-4.33566832615904,-4.50316643867281,-4.1411909627108));
#4583=CARTESIAN_POINT('Ctrl Pts',(-4.41133092719109,-4.42750383764076,-4.14944728690749));
#4584=CARTESIAN_POINT('Ctrl Pts',(-4.41350033068457,-4.42533443414728,-4.14968636707647));
#4585=CARTESIAN_POINT('Ctrl Pts',(-4.41638255655121,-4.42245220828063,-4.1500071305704));
#4586=CARTESIAN_POINT('Ctrl Pts',(-4.4170954928518,-4.42173927198005,-4.15008672757588));
#4587=CARTESIAN_POINT('Ctrl Pts',(-4.41826717633129,-4.42056758850055,-4.15021795987755));
#4588=CARTESIAN_POINT('Ctrl Pts',(-4.41872593169318,-4.42010883313866,-4.15026944718388));
#4589=CARTESIAN_POINT('Ctrl Pts',(-4.41926224843268,-4.41957251639917,-4.15032976242209));
#4590=CARTESIAN_POINT('Ctrl Pts',(-4.41933981550864,-4.4194949493232,-4.15033848877679));
#4591=CARTESIAN_POINT('Ctrl Pts',(-4.41941738241594,-4.41941738241591,-4.15034721812081));
#4592=CARTESIAN_POINT('Ctrl Pts',(-4.41941738241591,-4.41941738241593,-4.15034721812098));
#4593=CARTESIAN_POINT('Ctrl Pts',(-5.41113232396913,-3.42770244086272,-4.26195436097812));
#4594=CARTESIAN_POINT('Ctrl Pts',(-6.47793123012402,-1.2011533699221,-4.44796626574003));
#4595=CARTESIAN_POINT('Ctrl Pts',(-6.09780035287179,2.13599368763222,-4.7083829324067));
#4596=CARTESIAN_POINT('Ctrl Pts',(-5.08056067678471,3.75827408804715,-4.85719245621623));
#4597=CARTESIAN_POINT('Ctrl Pts',(-4.41941738241589,4.41941738241595,-4.93159721812099));
#4598=CARTESIAN_POINT('Ctrl Pts',(1.71661848850733,6.00963567655443,-11.7106049553881));
#4599=CARTESIAN_POINT('Ctrl Pts',(2.45641112193752,5.79831808917351,-11.7718304089817));
#4600=CARTESIAN_POINT('Ctrl Pts',(4.56448582209584,4.75919609237827,-11.9555067697625));
#4601=CARTESIAN_POINT('Ctrl Pts',(6.73190914990295,1.26050128157036,-12.2616340377305));
#4602=CARTESIAN_POINT('Ctrl Pts',(5.82071063898818,-3.5986491149953,-12.6289867592921));
#4603=CARTESIAN_POINT('Ctrl Pts',(3.19620375536774,-5.58700050179257,-12.8738885736665));
#4604=CARTESIAN_POINT('Ctrl Pts',(1.71661848850738,-6.00963567655442,-12.9963394808537));
#4605=CARTESIAN_POINT('Ctrl Pts',(1.79901617595577,6.29809818902935,-12.0231049551128));
#4606=CARTESIAN_POINT('Ctrl Pts',(2.57431885579064,6.07663735745413,-12.0843304087064));
#4607=CARTESIAN_POINT('Ctrl Pts',(4.78358114155667,4.98763750481266,-12.2680067694872));
#4608=CARTESIAN_POINT('Ctrl Pts',(7.05504078909863,1.3210053430858,-12.5741340374552));
#4609=CARTESIAN_POINT('Ctrl Pts',(6.1001047496599,-3.77138427251526,-12.9414867590168));
#4610=CARTESIAN_POINT('Ctrl Pts',(3.34962153562555,-5.8551765258789,-13.1863885733912));
#4611=CARTESIAN_POINT('Ctrl Pts',(1.79901617595582,-6.29809818902934,-13.3088394805784));
#4612=CARTESIAN_POINT('Ctrl Pts',(1.88141386340421,6.58656070150426,-12.3356049548374));
#4613=CARTESIAN_POINT('Ctrl Pts',(2.69222658964376,6.35495662573475,-12.396830408431));
#4614=CARTESIAN_POINT('Ctrl Pts',(5.0026764610175,5.21607891724706,-12.5805067692118));
#4615=CARTESIAN_POINT('Ctrl Pts',(7.3781724282943,1.38150940460125,-12.8866340371798));
#4616=CARTESIAN_POINT('Ctrl Pts',(6.37949886033162,-3.94411943003521,-13.2539867587414));
#4617=CARTESIAN_POINT('Ctrl Pts',(3.50303931588337,-6.12335254996522,-13.4988885731158));
#4618=CARTESIAN_POINT('Ctrl Pts',(1.88141386340426,-6.58656070150425,-13.621339480303));
#4619=CARTESIAN_POINT('Ctrl Pts',(1.96381155085264,6.87502321397917,-12.6481049545621));
#4620=CARTESIAN_POINT('Ctrl Pts',(2.81013432349689,6.63327589401537,-12.7093304081557));
#4621=CARTESIAN_POINT('Ctrl Pts',(5.22177178047833,5.44452032968145,-12.8930067689365));
#4622=CARTESIAN_POINT('Ctrl Pts',(7.70130406748998,1.44201346611669,-13.1991340369045));
#4623=CARTESIAN_POINT('Ctrl Pts',(6.65889297100335,-4.11685458755517,-13.5664867584661));
#4624=CARTESIAN_POINT('Ctrl Pts',(3.65645709614118,-6.39152857405154,-13.8113885728405));
#4625=CARTESIAN_POINT('Ctrl Pts',(1.9638115508527,-6.87502321397916,-13.9338394800277));
#4626=CARTESIAN_POINT('',(4.41941738241592,4.41941738241592,-11.962847218121));
#4627=CARTESIAN_POINT('Ctrl Pts',(1.96381155085266,6.87502321397918,-12.6481049545621));
#4628=CARTESIAN_POINT('Ctrl Pts',(2.4569920790289,6.38184268580295,-12.3376419693045));
#4629=CARTESIAN_POINT('Ctrl Pts',(2.97488760191632,5.8639471629155,-12.0988760848345));
#4630=CARTESIAN_POINT('Ctrl Pts',(3.73760719574835,5.10122756908347,-11.9555490265605));
#4631=CARTESIAN_POINT('Ctrl Pts',(3.96208308729246,4.87675167753939,-11.9377630507526));
#4632=CARTESIAN_POINT('Ctrl Pts',(4.26211171491658,4.57672304991526,-11.948365995947));
#4633=CARTESIAN_POINT('Ctrl Pts',(4.33566832615855,4.50316643867329,-11.9536909627108));
#4634=CARTESIAN_POINT('Ctrl Pts',(4.4113309271917,4.42750383764014,-11.9619472869076));
#4635=CARTESIAN_POINT('Ctrl Pts',(4.41350033068634,4.42533443414551,-11.9621863670767));
#4636=CARTESIAN_POINT('Ctrl Pts',(4.41638255655422,4.42245220827763,-11.9625071305707));
#4637=CARTESIAN_POINT('Ctrl Pts',(4.41709549285792,4.42173927197393,-11.9625867275766));
#4638=CARTESIAN_POINT('Ctrl Pts',(4.4182671763252,4.42056758850664,-11.9627179598769));
#4639=CARTESIAN_POINT('Ctrl Pts',(4.41872593168105,4.4201088331508,-11.9627694471825));
#4640=CARTESIAN_POINT('Ctrl Pts',(4.41926224843266,4.41957251639918,-11.9628297624221));
#4641=CARTESIAN_POINT('Ctrl Pts',(4.41933981550857,4.41949494932328,-11.9628384887768));
#4642=CARTESIAN_POINT('Ctrl Pts',(4.41941738241593,4.41941738241591,-11.9628472181208));
#4643=CARTESIAN_POINT('',(4.41941738241592,-4.41941738241592,-12.744097218121));
#4644=CARTESIAN_POINT('Ctrl Pts',(4.41941738241585,4.41941738241599,-11.962847218121));
#4645=CARTESIAN_POINT('Ctrl Pts',(5.08056067678468,3.75827408804718,-12.0372519800257));
#4646=CARTESIAN_POINT('Ctrl Pts',(6.09774066379838,2.13600847632939,-12.1860615038353));
#4647=CARTESIAN_POINT('Ctrl Pts',(6.47782576669384,-1.2011110365075,-12.4464781705019));
#4648=CARTESIAN_POINT('Ctrl Pts',(5.41113232396911,-3.42770244086276,-12.6324900752639));
#4649=CARTESIAN_POINT('Ctrl Pts',(4.41941738241587,-4.41941738241597,-12.744097218121));
#4650=CARTESIAN_POINT('Ctrl Pts',(4.41941738241591,-4.41941738241594,-12.7440972181208));
#4651=CARTESIAN_POINT('Ctrl Pts',(4.41906654714018,-4.41976821769167,-12.7441367009612));
#4652=CARTESIAN_POINT('Ctrl Pts',(4.41871571531901,-4.42011904951284,-12.7441762449555));
#4653=CARTESIAN_POINT('Ctrl Pts',(4.41780167418241,-4.42103309064944,-12.744279431393));
#4654=CARTESIAN_POINT('Ctrl Pts',(4.41723847032243,-4.42159629450942,-12.7443431702808));
#4655=CARTESIAN_POINT('Ctrl Pts',(4.41543791807402,-4.42339684675782,-12.7445474492924));
#4656=CARTESIAN_POINT('Ctrl Pts',(4.41420060431804,-4.42463416051381,-12.7446885923614));
#4657=CARTESIAN_POINT('Ctrl Pts',(4.40354361281119,-4.43529115202066,-12.7459108496098));
#4658=CARTESIAN_POINT('Ctrl Pts',(4.39412658751581,-4.44470817731604,-12.7470352498622));
#4659=CARTESIAN_POINT('Ctrl Pts',(4.28002843186715,-4.5588063329647,-12.7611949067618));
#4660=CARTESIAN_POINT('Ctrl Pts',(4.17589519177237,-4.66293957305948,-12.7795903158336));
#4661=CARTESIAN_POINT('Ctrl Pts',(4.07003074346116,-4.76880402137069,-12.8036481712011));
#4662=CARTESIAN_POINT('Ctrl Pts',(4.06791937799413,-4.77091538683306,-12.8041301646925));
#4663=CARTESIAN_POINT('Ctrl Pts',(3.9327256994711,-4.90610906535608,-12.8351324888357));
#4664=CARTESIAN_POINT('Ctrl Pts',(3.80092942756801,-5.03790533726384,-12.8740208022294));
#4665=CARTESIAN_POINT('Ctrl Pts',(3.58542921239382,-5.25340555243803,-12.9506580507749));
#4666=CARTESIAN_POINT('Ctrl Pts',(3.50127658669635,-5.33755817813548,-12.9839396395561));
#4667=CARTESIAN_POINT('Ctrl Pts',(3.37020214876823,-5.4686326160636,-13.0406534900571));
#4668=CARTESIAN_POINT('Ctrl Pts',(3.32290387555011,-5.51593088928174,-13.0621299256801));
#4669=CARTESIAN_POINT('Ctrl Pts',(3.25149517657375,-5.58733958825809,-13.0960150519616));
#4670=CARTESIAN_POINT('Ctrl Pts',(3.22723687503236,-5.61159788979949,-13.10778411848));
#4671=CARTESIAN_POINT('Ctrl Pts',(3.17680013126499,-5.66203463356687,-13.1327774759755));
#4672=CARTESIAN_POINT('Ctrl Pts',(3.15063164813609,-5.68820311669576,-13.1460408740634));
#4673=CARTESIAN_POINT('Ctrl Pts',(3.09621194289587,-5.74262282193598,-13.1742225286368));
#4674=CARTESIAN_POINT('Ctrl Pts',(3.06797209109469,-5.77086267373716,-13.1891858594542));
#4675=CARTESIAN_POINT('Ctrl Pts',(3.00926766245433,-5.82956710237752,-13.2209756859633));
#4676=CARTESIAN_POINT('Ctrl Pts',(2.97881571404304,-5.86001905078882,-13.2378533621627));
#4677=CARTESIAN_POINT('Ctrl Pts',(2.91551275472346,-5.92332201010839,-13.2737172144908));
#4678=CARTESIAN_POINT('Ctrl Pts',(2.88267567387203,-5.95615909095982,-13.2927619825313));
#4679=CARTESIAN_POINT('Ctrl Pts',(2.83009865515766,-6.00873610967419,-13.3239363613448));
#4680=CARTESIAN_POINT('Ctrl Pts',(2.81028891574173,-6.0285458490901,-13.3358385186962));
#4681=CARTESIAN_POINT('Ctrl Pts',(2.7644263984649,-6.07440836636694,-13.3637478007324));
#4682=CARTESIAN_POINT('Ctrl Pts',(2.73840119916194,-6.10043356566989,-13.3798515797549));
#4683=CARTESIAN_POINT('Ctrl Pts',(2.45711254176881,-6.38172222306302,-13.5566991307465));
#4684=CARTESIAN_POINT('Ctrl Pts',(2.20668432557211,-6.63215043925974,-13.7391784372375));
#4685=CARTESIAN_POINT('Ctrl Pts',(1.96381155085268,-6.87502321397916,-13.9338394800277));
#4686=CARTESIAN_POINT('Ctrl Pts',(-1.71661848850735,-6.00963567655443,-7.02310495538811));
#4687=CARTESIAN_POINT('Ctrl Pts',(-3.19620375536779,-5.58700050179256,-7.14555586257531));
#4688=CARTESIAN_POINT('Ctrl Pts',(-5.15083489812587,-4.09516262544641,-7.32923222335613));
#4689=CARTESIAN_POINT('Ctrl Pts',(-6.57146983622797,-0.441715065038645,
-7.63535949132414));
#4690=CARTESIAN_POINT('Ctrl Pts',(-5.8230290890348,3.59552302135752,-7.94148675929215));
#4691=CARTESIAN_POINT('Ctrl Pts',(-3.19620375536709,5.58700050179296,-8.18638857366656));
#4692=CARTESIAN_POINT('Ctrl Pts',(-1.71661848850661,6.00963567655464,-8.30883948085377));
#4693=CARTESIAN_POINT('Ctrl Pts',(-1.79901617595579,-6.29809818902934,-7.33560495511276));
#4694=CARTESIAN_POINT('Ctrl Pts',(-3.3496215356256,-5.85517652587889,-7.45805586229997));
#4695=CARTESIAN_POINT('Ctrl Pts',(-5.39807497323617,-4.29173043146805,-7.64173222308078));
#4696=CARTESIAN_POINT('Ctrl Pts',(-6.88690038836724,-0.462917388160521,
-7.94785949104879));
#4697=CARTESIAN_POINT('Ctrl Pts',(-6.10253448530876,3.76810812638286,-8.25398675901681));
#4698=CARTESIAN_POINT('Ctrl Pts',(-3.34962153562487,5.8551765258793,-8.49888857339122));
#4699=CARTESIAN_POINT('Ctrl Pts',(-1.79901617595501,6.29809818902956,-8.62133948057842));
#4700=CARTESIAN_POINT('Ctrl Pts',(-1.88141386340423,-6.58656070150425,-7.64810495483742));
#4701=CARTESIAN_POINT('Ctrl Pts',(-3.50303931588341,-6.12335254996521,-7.77055586202463));
#4702=CARTESIAN_POINT('Ctrl Pts',(-5.64531504834646,-4.48829823748968,-7.95423222280544));
#4703=CARTESIAN_POINT('Ctrl Pts',(-7.20233094050651,-0.4841197112824,-8.26035949077345));
#4704=CARTESIAN_POINT('Ctrl Pts',(-6.38203988158272,3.9406932314082,-8.56648675874147));
#4705=CARTESIAN_POINT('Ctrl Pts',(-3.50303931588265,6.12335254996565,-8.81138857311587));
#4706=CARTESIAN_POINT('Ctrl Pts',(-1.88141386340341,6.58656070150449,-8.93383948030308));
#4707=CARTESIAN_POINT('Ctrl Pts',(-1.96381155085267,-6.87502321397917,-7.96060495456208));
#4708=CARTESIAN_POINT('Ctrl Pts',(-3.65645709614123,-6.39152857405153,-8.08305586174928));
#4709=CARTESIAN_POINT('Ctrl Pts',(-5.89255512345676,-4.68486604351131,-8.26673222253009));
#4710=CARTESIAN_POINT('Ctrl Pts',(-7.51776149264578,-0.505322034404276,
-8.5728594904981));
#4711=CARTESIAN_POINT('Ctrl Pts',(-6.66154527785668,4.11327833643355,-8.87898675846612));
#4712=CARTESIAN_POINT('Ctrl Pts',(-3.65645709614043,6.39152857405199,-9.12388857284053));
#4713=CARTESIAN_POINT('Ctrl Pts',(-1.96381155085182,6.87502321397941,-9.24633948002774));
#4714=CARTESIAN_POINT('',(-4.41941738241592,4.41941738241592,-8.05659721812099));
#4715=CARTESIAN_POINT('Ctrl Pts',(-4.41941738241592,4.41941738241593,-8.05659721812082));
#4716=CARTESIAN_POINT('Ctrl Pts',(-4.41906654715568,4.41976821767617,-8.05663670095945));
#4717=CARTESIAN_POINT('Ctrl Pts',(-4.41871571534369,4.42011904948816,-8.05667624495271));
#4718=CARTESIAN_POINT('Ctrl Pts',(-4.41780167418106,4.42103309065078,-8.05677943139313));
#4719=CARTESIAN_POINT('Ctrl Pts',(-4.41723847031998,4.42159629451187,-8.05684317028108));
#4720=CARTESIAN_POINT('Ctrl Pts',(-4.41543791806992,4.42339684676192,-8.05704744929287));
#4721=CARTESIAN_POINT('Ctrl Pts',(-4.41420060430982,4.42463416052202,-8.05718859236229));
#4722=CARTESIAN_POINT('Ctrl Pts',(-4.40354361281127,4.43529115202057,-8.05841084960978));
#4723=CARTESIAN_POINT('Ctrl Pts',(-4.39412658751582,4.44470817731602,-8.05953524986217));
#4724=CARTESIAN_POINT('Ctrl Pts',(-4.28002843186724,4.55880633296461,-8.07369490676177));
#4725=CARTESIAN_POINT('Ctrl Pts',(-4.17589519177241,4.66293957305944,-8.09209031583354));
#4726=CARTESIAN_POINT('Ctrl Pts',(-4.07003074345993,4.76880402137191,-8.11614817120139));
#4727=CARTESIAN_POINT('Ctrl Pts',(-4.06791937799165,4.77091538683555,-8.11663016469302));
#4728=CARTESIAN_POINT('Ctrl Pts',(-3.93295020933572,4.90588455549147,-8.14758100471545));
#4729=CARTESIAN_POINT('Ctrl Pts',(-3.80137369706245,5.03746106776941,-8.18638970757956));
#4730=CARTESIAN_POINT('Ctrl Pts',(-3.58620381965812,5.25263094517373,-8.26286524919069));
#4731=CARTESIAN_POINT('Ctrl Pts',(-3.50216367290494,5.3366710919269,-8.29608084067463));
#4732=CARTESIAN_POINT('Ctrl Pts',(-3.37140382465537,5.46743094017648,-8.35261959239298));
#4733=CARTESIAN_POINT('Ctrl Pts',(-3.32430767082432,5.51452709400754,-8.37398604967497));
#4734=CARTESIAN_POINT('Ctrl Pts',(-3.24911594002783,5.58971882480402,-8.40963122553307));
#4735=CARTESIAN_POINT('Ctrl Pts',(-3.22089390666475,5.61794085816708,-8.42335955305438));
#4736=CARTESIAN_POINT('Ctrl Pts',(-3.15597782779587,5.68285693703597,-8.45571919242159));
#4737=CARTESIAN_POINT('Ctrl Pts',(-3.11933723198172,5.71949753285013,-8.47456400635684));
#4738=CARTESIAN_POINT('Ctrl Pts',(-3.0001469997173,5.83868776511455,-8.53768263097236));
#4739=CARTESIAN_POINT('Ctrl Pts',(-2.9181163301058,5.92071843472604,-8.58398794819477));
#4740=CARTESIAN_POINT('Ctrl Pts',(-2.79515734675895,6.04367741807289,-8.65732188068431));
#4741=CARTESIAN_POINT('Ctrl Pts',(-2.7537131585011,6.08512160633075,-8.68272487622872));
#4742=CARTESIAN_POINT('Ctrl Pts',(-2.45711254176898,6.38172222306287,-8.86919913074646));
#4743=CARTESIAN_POINT('Ctrl Pts',(-2.2066843255725,6.63215043925935,-9.0516784372372));
#4744=CARTESIAN_POINT('Ctrl Pts',(-1.96381155085268,6.87502321397917,-9.24633948002768));
#4745=CARTESIAN_POINT('',(-4.41941738241592,-4.41941738241592,-7.27534721812099));
#4746=CARTESIAN_POINT('Ctrl Pts',(-1.96381155085268,-6.87502321397917,-7.96060495456208));
#4747=CARTESIAN_POINT('Ctrl Pts',(-2.45699207902952,-6.38184268580233,-7.65014196930414));
#4748=CARTESIAN_POINT('Ctrl Pts',(-2.97488760191756,-5.8639471629143,-7.41137608483397));
#4749=CARTESIAN_POINT('Ctrl Pts',(-3.73760719574974,-5.10122756908212,-7.2680490265604));
#4750=CARTESIAN_POINT('Ctrl Pts',(-3.96208308729358,-4.87675167753826,-7.25026305075257));
#4751=CARTESIAN_POINT('Ctrl Pts',(-4.26211171491769,-4.57672304991415,-7.26086599594708));
#4752=CARTESIAN_POINT('Ctrl Pts',(-4.33566832615992,-4.50316643867193,-7.26619096271087));
#4753=CARTESIAN_POINT('Ctrl Pts',(-4.41133092719302,-4.42750383763883,-7.2744472869077));
#4754=CARTESIAN_POINT('Ctrl Pts',(-4.41350033068726,-4.42533443414459,-7.27468636707677));
#4755=CARTESIAN_POINT('Ctrl Pts',(-4.41638255655797,-4.42245220827388,-7.27500713057116));
#4756=CARTESIAN_POINT('Ctrl Pts',(-4.41709549286507,-4.42173927196677,-7.27508672757738));
#4757=CARTESIAN_POINT('Ctrl Pts',(-4.41826717632466,-4.42056758850719,-7.27521795987681));
#4758=CARTESIAN_POINT('Ctrl Pts',(-4.41872593167978,-4.42010883315207,-7.27526944718237));
#4759=CARTESIAN_POINT('Ctrl Pts',(-4.41926224843274,-4.41957251639911,-7.2753297624221));
#4760=CARTESIAN_POINT('Ctrl Pts',(-4.41933981550864,-4.41949494932321,-7.27533848877679));
#4761=CARTESIAN_POINT('Ctrl Pts',(-4.41941738241594,-4.41941738241591,-7.27534721812082));
#4762=CARTESIAN_POINT('Ctrl Pts',(-4.4194173824159,-4.41941738241594,-7.27534721812099));
#4763=CARTESIAN_POINT('Ctrl Pts',(-5.41113232396912,-3.42770244086274,-7.38695436097813));
#4764=CARTESIAN_POINT('Ctrl Pts',(-6.47787817250674,-1.20113203738609,-7.57296626574004));
#4765=CARTESIAN_POINT('Ctrl Pts',(-6.09777039157659,2.13600106901321,-7.8333829324067));
#4766=CARTESIAN_POINT('Ctrl Pts',(-5.08056067678471,3.75827408804714,-7.98219245621623));
#4767=CARTESIAN_POINT('Ctrl Pts',(-4.4194173824159,4.41941738241594,-8.05659721812099));
#4768=CARTESIAN_POINT('Ctrl Pts',(1.71661848850737,6.00963567655442,-14.8356049553881));
#4769=CARTESIAN_POINT('Ctrl Pts',(3.19620375536774,5.58700050179258,-14.9580558625753));
#4770=CARTESIAN_POINT('Ctrl Pts',(5.82277568277627,3.59542060798879,-15.2029576769497));
#4771=CARTESIAN_POINT('Ctrl Pts',(6.57125190459536,-0.441693077638107,-15.5090849449177));
#4772=CARTESIAN_POINT('Ctrl Pts',(5.15056523703318,-4.09508458551653,-15.8152122128857));
#4773=CARTESIAN_POINT('Ctrl Pts',(3.19620375536775,-5.58700050179257,-15.9988885736665));
#4774=CARTESIAN_POINT('Ctrl Pts',(1.71661848850738,-6.00963567655442,-16.1213394808537));
#4775=CARTESIAN_POINT('Ctrl Pts',(1.79901617595581,6.29809818902934,-15.1481049551128));
#4776=CARTESIAN_POINT('Ctrl Pts',(3.34962153562555,5.8551765258789,-15.2705558623));
#4777=CARTESIAN_POINT('Ctrl Pts',(6.10226891554982,3.76800079717243,-15.5154576766744));
#4778=CARTESIAN_POINT('Ctrl Pts',(6.88667199601626,-0.462894345364755,-15.8215849446424));
#4779=CARTESIAN_POINT('Ctrl Pts',(5.39779236841103,-4.29164864562153,-16.1277122126104));
#4780=CARTESIAN_POINT('Ctrl Pts',(3.34962153562556,-5.85517652587889,-16.3113885733912));
#4781=CARTESIAN_POINT('Ctrl Pts',(1.79901617595582,-6.29809818902933,-16.4338394805784));
#4782=CARTESIAN_POINT('Ctrl Pts',(1.88141386340425,6.58656070150425,-15.4606049548374));
#4783=CARTESIAN_POINT('Ctrl Pts',(3.50303931588336,6.12335254996522,-15.5830558620246));
#4784=CARTESIAN_POINT('Ctrl Pts',(6.38176214832337,3.94058098635607,-15.827957676399));
#4785=CARTESIAN_POINT('Ctrl Pts',(7.20209208743717,-0.48409561309141,-16.134084944367));
#4786=CARTESIAN_POINT('Ctrl Pts',(5.64501949978888,-4.48821270572653,-16.440212212335));
#4787=CARTESIAN_POINT('Ctrl Pts',(3.50303931588337,-6.12335254996522,-16.6238885731158));
#4788=CARTESIAN_POINT('Ctrl Pts',(1.88141386340426,-6.58656070150425,-16.746339480303));
#4789=CARTESIAN_POINT('Ctrl Pts',(1.96381155085269,6.87502321397916,-15.7731049545621));
#4790=CARTESIAN_POINT('Ctrl Pts',(3.65645709614117,6.39152857405154,-15.8955558617493));
#4791=CARTESIAN_POINT('Ctrl Pts',(6.66125538109692,4.11316117553972,-16.1404576761237));
#4792=CARTESIAN_POINT('Ctrl Pts',(7.51751217885807,-0.505296880818059,-16.4465849440917));
#4793=CARTESIAN_POINT('Ctrl Pts',(5.89224663116673,-4.68477676583153,-16.7527122120597));
#4794=CARTESIAN_POINT('Ctrl Pts',(3.65645709614118,-6.39152857405154,-16.9363885728405));
#4795=CARTESIAN_POINT('Ctrl Pts',(1.9638115508527,-6.87502321397916,-17.0588394800277));
#4796=CARTESIAN_POINT('',(4.41941738241592,4.41941738241592,-15.087847218121));
#4797=CARTESIAN_POINT('Ctrl Pts',(1.96381155085269,6.87502321397916,-15.7731049545621));
#4798=CARTESIAN_POINT('Ctrl Pts',(2.4569920790285,6.38184268580335,-15.4626419693048));
#4799=CARTESIAN_POINT('Ctrl Pts',(2.97488760191554,5.86394716291631,-15.2238760848349));
#4800=CARTESIAN_POINT('Ctrl Pts',(3.73760719574719,5.10122756908466,-15.0805490265607));
#4801=CARTESIAN_POINT('Ctrl Pts',(3.96208308729156,4.87675167754028,-15.0627630507526));
#4802=CARTESIAN_POINT('Ctrl Pts',(4.2621117149158,4.57672304991605,-15.073365995947));
#4803=CARTESIAN_POINT('Ctrl Pts',(4.3356683261576,4.50316643867424,-15.0786909627107));
#4804=CARTESIAN_POINT('Ctrl Pts',(4.41133092718677,4.42750383764507,-15.086947286907));
#4805=CARTESIAN_POINT('Ctrl Pts',(4.41350033067775,4.4253344341541,-15.0871863670757));
#4806=CARTESIAN_POINT('Ctrl Pts',(4.41638255655197,4.42245220827987,-15.0875071305705));
#4807=CARTESIAN_POINT('Ctrl Pts',(4.41709549285367,4.42173927197817,-15.0875867275761));
#4808=CARTESIAN_POINT('Ctrl Pts',(4.41826717633385,4.420567588498,-15.0877179598778));
#4809=CARTESIAN_POINT('Ctrl Pts',(4.4187259316985,4.42010883313335,-15.0877694471845));
#4810=CARTESIAN_POINT('Ctrl Pts',(4.41926224843253,4.41957251639932,-15.0878297624221));
#4811=CARTESIAN_POINT('Ctrl Pts',(4.41933981550851,4.41949494932333,-15.0878384887768));
#4812=CARTESIAN_POINT('Ctrl Pts',(4.41941738241593,4.41941738241591,-15.0878472181208));
#4813=CARTESIAN_POINT('',(4.41941738241592,-4.41941738241592,-15.869097218121));
#4814=CARTESIAN_POINT('Ctrl Pts',(4.41941738241584,4.41941738241601,-15.087847218121));
#4815=CARTESIAN_POINT('Ctrl Pts',(5.41113232396907,3.42770244086281,-15.1994543609781));
#4816=CARTESIAN_POINT('Ctrl Pts',(6.47780132641367,1.20110126542135,-15.38546626574));
#4817=CARTESIAN_POINT('Ctrl Pts',(6.0977267552969,-2.13601196939981,-15.6458829324067));
#4818=CARTESIAN_POINT('Ctrl Pts',(5.08056067678469,-3.75827408804717,-15.7946924562162));
#4819=CARTESIAN_POINT('Ctrl Pts',(4.41941738241587,-4.41941738241597,-15.869097218121));
#4820=CARTESIAN_POINT('Ctrl Pts',(4.41322352547443,-4.41443061114563,-15.8690972181208));
#4821=CARTESIAN_POINT('Ctrl Pts',(4.41287227994532,-4.41478050759545,-15.8691367009598));
#4822=CARTESIAN_POINT('Ctrl Pts',(4.41252103886907,-4.41513040148721,-15.8691762449533));
#4823=CARTESIAN_POINT('Ctrl Pts',(4.41216980224557,-4.41548029282259,-15.8692158500955));
#4824=CARTESIAN_POINT('Ctrl Pts',(4.41160593404616,-4.41604200132357,-15.8692794313928));
#4825=CARTESIAN_POINT('Ctrl Pts',(4.41104207736584,-4.41660370319306,-15.8693431702804));
#4826=CARTESIAN_POINT('Ctrl Pts',(4.41047823216506,-4.41716539847706,-15.8694070667385));
#4827=CARTESIAN_POINT('Ctrl Pts',(4.40923944629778,-4.4183994609087,-15.8695474492924));
#4828=CARTESIAN_POINT('Ctrl Pts',(4.40800071645793,-4.41963349093864,-15.8696885923613));
#4829=CARTESIAN_POINT('Ctrl Pts',(4.40676204233397,-4.42086748894643,-15.8698304957218));
#4830=CARTESIAN_POINT('Ctrl Pts',(4.39733163560912,-4.43026229496204,-15.8709108496099));
#4831=CARTESIAN_POINT('Ctrl Pts',(4.38790465047771,-4.43965505366351,-15.8720352498624));
#4832=CARTESIAN_POINT('Ctrl Pts',(4.37848095638202,-4.44904592406784,-15.8732035916231));
#4833=CARTESIAN_POINT('Ctrl Pts',(4.27900892747152,-4.54817148171741,-15.885536051084));
#4834=CARTESIAN_POINT('Ctrl Pts',(4.18011647445471,-4.64687714346478,-15.9027383657277));
#4835=CARTESIAN_POINT('Ctrl Pts',(4.08165740480878,-4.74532324893857,-15.9246210436151));
#4836=CARTESIAN_POINT('Ctrl Pts',(4.07639727666693,-4.75058268447579,-15.92579011509));
#4837=CARTESIAN_POINT('Ctrl Pts',(4.07113839165263,-4.75584136831159,-15.9269725451591));
#4838=CARTESIAN_POINT('Ctrl Pts',(4.06588072973905,-4.7610993212235,-15.9281683049278));
#4839=CARTESIAN_POINT('Ctrl Pts',(4.06377079537596,-4.76320937236614,-15.9286481712006));
#4840=CARTESIAN_POINT('Ctrl Pts',(4.06166114193824,-4.76531922137418,-15.9291301646914));
#4841=CARTESIAN_POINT('Ctrl Pts',(4.05955176314869,-4.7674288744933,-15.9296142841165));
#4842=CARTESIAN_POINT('Ctrl Pts',(3.97421838101412,-4.85277335443073,-15.9491989827514));
#4843=CARTESIAN_POINT('Ctrl Pts',(3.88948312539812,-4.93765174292697,-15.9722304667643));
#4844=CARTESIAN_POINT('Ctrl Pts',(3.80526361709708,-5.02213013598789,-15.9985064576496));
#4845=CARTESIAN_POINT('Ctrl Pts',(3.75670290191741,-5.07084012334145,-16.0136571149638));
#4846=CARTESIAN_POINT('Ctrl Pts',(3.70831425946543,-5.11941639954599,-16.0298864543078));
#4847=CARTESIAN_POINT('Ctrl Pts',(3.66008774399959,-5.16786629161861,-16.047155699338));
#4848=CARTESIAN_POINT('Ctrl Pts',(3.58093836160455,-5.2473822798175,-16.0754979933099));
#4849=CARTESIAN_POINT('Ctrl Pts',(3.50236266666501,-5.32641808697419,-16.1065900777264));
#4850=CARTESIAN_POINT('Ctrl Pts',(3.42432343837458,-5.40498343142488,-16.1402174946534));
#4851=CARTESIAN_POINT('Ctrl Pts',(3.41824917392975,-5.41109864666786,-16.1428349196009));
#4852=CARTESIAN_POINT('Ctrl Pts',(3.41217818135926,-5.41721099699803,-16.1454677047312));
#4853=CARTESIAN_POINT('Ctrl Pts',(3.40611045431272,-5.42332047984318,-16.1481157489132));
#4854=CARTESIAN_POINT('Ctrl Pts',(3.35732886061514,-5.47243776998632,-16.1694047446757));
#4855=CARTESIAN_POINT('Ctrl Pts',(3.3087738899642,-5.52135329763134,-16.1916724642748));
#4856=CARTESIAN_POINT('Ctrl Pts',(3.26044089841068,-5.57006387402898,-16.2148621521512));
#4857=CARTESIAN_POINT('Ctrl Pts',(3.23593012222879,-5.59476613220497,-16.2266221783982));
#4858=CARTESIAN_POINT('Ctrl Pts',(3.21147750103235,-5.61941459577455,-16.2386187976335));
#4859=CARTESIAN_POINT('Ctrl Pts',(3.18708271322153,-5.64400851039302,-16.2508443990806));
#4860=CARTESIAN_POINT('Ctrl Pts',(3.16064013241325,-5.6706669334846,-16.2640962648768));
#4861=CARTESIAN_POINT('Ctrl Pts',(3.13426570452654,-5.6972610605533,-16.2776170684804));
#4862=CARTESIAN_POINT('Ctrl Pts',(3.10795928482169,-5.72378963492439,-16.2913969678501));
#4863=CARTESIAN_POINT('Ctrl Pts',(3.07942028088981,-5.75256964743759,-16.3063463454813));
#4864=CARTESIAN_POINT('Ctrl Pts',(3.05096093839368,-5.78127289082192,-16.3216008625407));
#4865=CARTESIAN_POINT('Ctrl Pts',(3.02258142799867,-5.80989738037395,-16.3371477941054));
#4866=CARTESIAN_POINT('Ctrl Pts',(2.99180009038153,-5.84094443033202,-16.3540105004293));
#4867=CARTESIAN_POINT('Ctrl Pts',(2.96111136558394,-5.87190014571853,-16.3712179258978));
#4868=CARTESIAN_POINT('Ctrl Pts',(2.93051594313484,-5.90276151338893,-16.3887536813791));
#4869=CARTESIAN_POINT('Ctrl Pts',(2.91481692655998,-5.91859699084922,-16.3977515671384));
#4870=CARTESIAN_POINT('Ctrl Pts',(2.89914207171125,-5.93440803493494,-16.4068361300936));
#4871=CARTESIAN_POINT('Ctrl Pts',(2.88349151582241,-5.95019419577391,-16.4160051482332));
#4872=CARTESIAN_POINT('Ctrl Pts',(2.84606461161064,-5.98794538709185,-16.4379320347966));
#4873=CARTESIAN_POINT('Ctrl Pts',(2.8087730425487,-6.02555792603256,-16.4603440307514));
#4874=CARTESIAN_POINT('Ctrl Pts',(2.77161946416271,-6.0630249322878,-16.4832106349495));
#4875=CARTESIAN_POINT('Ctrl Pts',(2.75128058216775,-6.08353539324563,-16.495728437665));
#4876=CARTESIAN_POINT('Ctrl Pts',(2.73098163368515,-6.1040036741819,-16.5083833503188));
#4877=CARTESIAN_POINT('Ctrl Pts',(2.71072316517332,-6.12442854979499,-16.5211703768315));
#4878=CARTESIAN_POINT('Ctrl Pts',(2.63466216157985,-6.20111433364364,-16.5691796362167));
#4879=CARTESIAN_POINT('Ctrl Pts',(2.55905546281147,-6.27733374781231,-16.6191522097723));
#4880=CARTESIAN_POINT('Ctrl Pts',(2.48390484447695,-6.35301213582333,-16.6708267860379));
#4881=CARTESIAN_POINT('Ctrl Pts',(2.4080793916252,-6.42937009759662,-16.7229653875968));
#4882=CARTESIAN_POINT('Ctrl Pts',(2.3327181868183,-6.50517673092823,-16.7768366962603));
#4883=CARTESIAN_POINT('Ctrl Pts',(2.25787426268342,-6.58034037910448,-16.8321722976224));
#4884=CARTESIAN_POINT('Ctrl Pts',(2.18199250216456,-6.65654629717413,-16.8882752197936));
#4885=CARTESIAN_POINT('Ctrl Pts',(2.10664245627112,-6.73209078215013,-16.9458833259669));
#4886=CARTESIAN_POINT('Ctrl Pts',(2.0319324090859,-6.80687087306844,-17.0047168801387));
#4887=CARTESIAN_POINT('Ctrl Pts',(2.00916430942775,-6.82966031875373,-17.0226465733339));
#4888=CARTESIAN_POINT('Ctrl Pts',(1.98645601677639,-6.85237874805548,-17.0406900791522));
#4889=CARTESIAN_POINT('Ctrl Pts',(1.96381155085273,-6.87502321397915,-17.0588394800277));
#4890=CARTESIAN_POINT('Ctrl Pts',(-1.71661848850733,-6.00963567655443,-10.1481049553881));
#4891=CARTESIAN_POINT('Ctrl Pts',(-2.45641112193752,-5.79831808917351,-10.2093304089817));
#4892=CARTESIAN_POINT('Ctrl Pts',(-4.56448731925262,-4.75917683811677,-10.3930067697625));
#4893=CARTESIAN_POINT('Ctrl Pts',(-6.73191373262813,-1.26047312664103,-10.6991340377305));
#4894=CARTESIAN_POINT('Ctrl Pts',(-5.82072221812089,3.59869756542763,-11.0664867592921));
#4895=CARTESIAN_POINT('Ctrl Pts',(-3.19620375536774,5.58700050179257,-11.3113885736665));
#4896=CARTESIAN_POINT('Ctrl Pts',(-1.71661848850738,6.00963567655442,-11.4338394808537));
#4897=CARTESIAN_POINT('Ctrl Pts',(-1.79901617595577,-6.29809818902935,-10.4606049551128));
#4898=CARTESIAN_POINT('Ctrl Pts',(-2.57431885579064,-6.07663735745413,-10.5218304087064));
#4899=CARTESIAN_POINT('Ctrl Pts',(-4.78358271057697,-4.98761732634661,-10.7055067694872));
#4900=CARTESIAN_POINT('Ctrl Pts',(-7.05504559179462,-1.32097583671987,-11.0116340374552));
#4901=CARTESIAN_POINT('Ctrl Pts',(-6.10011688459098,3.77143504856834,-11.3789867590168));
#4902=CARTESIAN_POINT('Ctrl Pts',(-3.34962153562555,5.8551765258789,-11.6238885733912));
#4903=CARTESIAN_POINT('Ctrl Pts',(-1.79901617595582,6.29809818902934,-11.7463394805784));
#4904=CARTESIAN_POINT('Ctrl Pts',(-1.88141386340421,-6.58656070150426,-10.7731049548374));
#4905=CARTESIAN_POINT('Ctrl Pts',(-2.69222658964376,-6.35495662573475,-10.834330408431));
#4906=CARTESIAN_POINT('Ctrl Pts',(-5.00267810190133,-5.21605781457646,-11.0180067692118));
#4907=CARTESIAN_POINT('Ctrl Pts',(-7.37817745096111,-1.38147854679869,-11.3241340371798));
#4908=CARTESIAN_POINT('Ctrl Pts',(-6.37951155106107,3.94417253170904,-11.6914867587414));
#4909=CARTESIAN_POINT('Ctrl Pts',(-3.50303931588337,6.12335254996522,-11.9363885731158));
#4910=CARTESIAN_POINT('Ctrl Pts',(-1.88141386340426,6.58656070150425,-12.058839480303));
#4911=CARTESIAN_POINT('Ctrl Pts',(-1.96381155085264,-6.87502321397917,-11.0856049545621));
#4912=CARTESIAN_POINT('Ctrl Pts',(-2.81013432349689,-6.63327589401537,-11.1468304081557));
#4913=CARTESIAN_POINT('Ctrl Pts',(-5.22177349322568,-5.4444983028063,-11.3305067689365));
#4914=CARTESIAN_POINT('Ctrl Pts',(-7.70130931012759,-1.44198125687753,-11.6366340369045));
#4915=CARTESIAN_POINT('Ctrl Pts',(-6.65890621753117,4.11691001484975,-12.0039867584661));
#4916=CARTESIAN_POINT('Ctrl Pts',(-3.65645709614118,6.39152857405154,-12.2488885728405));
#4917=CARTESIAN_POINT('Ctrl Pts',(-1.9638115508527,6.87502321397916,-12.3713394800277));
#4918=CARTESIAN_POINT('',(-4.41941738241592,4.41941738241592,-11.181597218121));
#4919=CARTESIAN_POINT('Ctrl Pts',(-4.41872618247772,4.41440627193347,-11.1815972181208));
#4920=CARTESIAN_POINT('Ctrl Pts',(-4.41837442346426,4.41475628145633,-11.1816367009586));
#4921=CARTESIAN_POINT('Ctrl Pts',(-4.41802266822512,4.41510628832341,-11.1816762449513));
#4922=CARTESIAN_POINT('Ctrl Pts',(-4.4176709167411,4.4154562925563,-11.1817158500954));
#4923=CARTESIAN_POINT('Ctrl Pts',(-4.41710622201498,4.41601818228075,-11.1817794313937));
#4924=CARTESIAN_POINT('Ctrl Pts',(-4.4165415370729,4.4165800651106,-11.1818431702823));
#4925=CARTESIAN_POINT('Ctrl Pts',(-4.41597686190352,4.41714194106745,-11.1819070667385));
#4926=CARTESIAN_POINT('Ctrl Pts',(-4.41473625252756,4.4183764004841,-11.1820474492929));
#4927=CARTESIAN_POINT('Ctrl Pts',(-4.41349569082123,4.41961082623033,-11.1821885923624));
#4928=CARTESIAN_POINT('Ctrl Pts',(-4.41225517652409,4.42084521867398,-11.1823304957218));
#4929=CARTESIAN_POINT('Ctrl Pts',(-4.40281075991832,4.43024302772769,-11.1834108496098));
#4930=CARTESIAN_POINT('Ctrl Pts',(-4.39336928283372,4.43963871607232,-11.1845352498621));
#4931=CARTESIAN_POINT('Ctrl Pts',(-4.38393063051024,4.44903244430639,-11.1857035916232));
#4932=CARTESIAN_POINT('Ctrl Pts',(-4.27897802938959,4.5534855143633,-11.1986949067618));
#4933=CARTESIAN_POINT('Ctrl Pts',(-4.17461118526463,4.65746415354704,-11.2170903158335));
#4934=CARTESIAN_POINT('Ctrl Pts',(-4.07068164649385,4.76115655683263,-11.2406683049278));
#4935=CARTESIAN_POINT('Ctrl Pts',(-4.06856644148634,4.76326693558794,-11.2411481712025));
#4936=CARTESIAN_POINT('Ctrl Pts',(-4.06645150284665,4.76537710939554,-11.2416301646952));
#4937=CARTESIAN_POINT('Ctrl Pts',(-4.06433682448869,4.76748708449506,-11.2421142841165));
#4938=CARTESIAN_POINT('Ctrl Pts',(-3.97832749469175,4.85330512084836,-11.2618046482838));
#4939=CARTESIAN_POINT('Ctrl Pts',(-3.8928951781849,4.9386514101327,-11.2849798740334));
#4940=CARTESIAN_POINT('Ctrl Pts',(-3.80796827136592,5.02359429263143,-11.3114356425759));
#4941=CARTESIAN_POINT('Ctrl Pts',(-3.76430278214571,5.0672679958076,-11.3250379756805));
#4942=CARTESIAN_POINT('Ctrl Pts',(-3.72077143625726,5.11083441911296,-11.3395075337163));
#4943=CARTESIAN_POINT('Ctrl Pts',(-3.6773684129191,5.15429913459632,-11.354816545948));
#4944=CARTESIAN_POINT('Ctrl Pts',(-3.59415240965858,5.237633419335,-11.3841682987479));
#4945=CARTESIAN_POINT('Ctrl Pts',(-3.51155706560079,5.32044243754328,-11.4165509284826));
#4946=CARTESIAN_POINT('Ctrl Pts',(-3.42954904362115,5.40273941567963,-11.4517201209904));
#4947=CARTESIAN_POINT('Ctrl Pts',(-3.38394729440506,5.44850184315468,-11.4712764602138));
#4948=CARTESIAN_POINT('Ctrl Pts',(-3.33854259526335,5.49409025118357,-11.4916877730518));
#4949=CARTESIAN_POINT('Ctrl Pts',(-3.29333213619423,5.53950277421049,-11.5129086764838));
#4950=CARTESIAN_POINT('Ctrl Pts',(-3.26657286753591,5.56638164094069,-11.5254689527518));
#4951=CARTESIAN_POINT('Ctrl Pts',(-3.23988312944027,5.59319738702272,-11.5383121500471));
#4952=CARTESIAN_POINT('Ctrl Pts',(-3.21326268004283,5.619949182984,-11.5514285746401));
#4953=CARTESIAN_POINT('Ctrl Pts',(-3.18737147564071,5.64596813582043,-11.5641856857276));
#4954=CARTESIAN_POINT('Ctrl Pts',(-3.16154618708056,5.67192621998024,-11.5772010766389));
#4955=CARTESIAN_POINT('Ctrl Pts',(-3.13578682718096,5.69782238504792,-11.5904656763244));
#4956=CARTESIAN_POINT('Ctrl Pts',(-3.10786040323923,5.72589712319993,-11.6048461902689));
#4957=CARTESIAN_POINT('Ctrl Pts',(-3.08001130438308,5.7538992493049,-11.6195196915701));
#4958=CARTESIAN_POINT('Ctrl Pts',(-3.05223984931396,5.7818270718676,-11.6344744653738));
#4959=CARTESIAN_POINT('Ctrl Pts',(-2.9841222095038,5.85032824882335,-11.6711554348393));
#4960=CARTESIAN_POINT('Ctrl Pts',(-2.91646029734602,5.91839389490439,-11.7095347790448));
#4961=CARTESIAN_POINT('Ctrl Pts',(-2.84926704699623,5.98599008438714,-11.7494366405478));
#4962=CARTESIAN_POINT('Ctrl Pts',(-2.82941601021158,6.0059601622884,-11.761224927561));
#4963=CARTESIAN_POINT('Ctrl Pts',(-2.80960437239702,6.02589077779492,-11.7731469940218));
#4964=CARTESIAN_POINT('Ctrl Pts',(-2.789832608171,6.04578091156982,-11.7851982960899));
#4965=CARTESIAN_POINT('Ctrl Pts',(-2.76369109739932,6.07207892627316,-11.8011320913356));
#4966=CARTESIAN_POINT('Ctrl Pts',(-2.73761740889335,6.09830806604009,-11.8172929524656));
#4967=CARTESIAN_POINT('Ctrl Pts',(-2.71161283182827,6.1244657907643,-11.8336703768315));
#4968=CARTESIAN_POINT('Ctrl Pts',(-2.63501779117549,6.2015119193601,-11.8819091727154));
#4969=CARTESIAN_POINT('Ctrl Pts',(-2.55890250562333,6.27808756036094,-11.9321301012048));
#4970=CARTESIAN_POINT('Ctrl Pts',(-2.48327230390024,6.35411736962249,-11.9840680848314));
#4971=CARTESIAN_POINT('Ctrl Pts',(-2.4069227032515,6.43087037890007,-12.036500105612));
#4972=CARTESIAN_POINT('Ctrl Pts',(-2.33106739660873,6.50706656839669,-12.0906820023467));
#4973=CARTESIAN_POINT('Ctrl Pts',(-2.255763026608,6.58261307398892,-12.1463410610894));
#4974=CARTESIAN_POINT('Ctrl Pts',(-2.17936196193828,6.65925980059013,-12.2028107101472));
#4975=CARTESIAN_POINT('Ctrl Pts',(-2.10352798686403,6.73523727733204,-12.2608008597896));
#4976=CARTESIAN_POINT('Ctrl Pts',(-2.02837329160378,6.81044087934642,-12.3200267067014));
#4977=CARTESIAN_POINT('Ctrl Pts',(-2.00679523754322,6.83203297527862,-12.3370313465581));
#4978=CARTESIAN_POINT('Ctrl Pts',(-1.98527350977541,6.85356125505645,-12.3541378512776));
#4979=CARTESIAN_POINT('Ctrl Pts',(-1.9638115508527,6.87502321397916,-12.3713394800277));
#4980=CARTESIAN_POINT('',(-4.41941738241592,-4.41941738241592,-10.400347218121));
#4981=CARTESIAN_POINT('Ctrl Pts',(-1.96381155085266,-6.87502321397918,-11.0856049545621));
#4982=CARTESIAN_POINT('Ctrl Pts',(-2.45699207902843,-6.38184268580342,-10.7751419693048));
#4983=CARTESIAN_POINT('Ctrl Pts',(-2.97488760191519,-5.86394716291666,-10.5363760848351));
#4984=CARTESIAN_POINT('Ctrl Pts',(-3.73760719574669,-5.10122756908516,-10.3930490265607));
#4985=CARTESIAN_POINT('Ctrl Pts',(-3.96208308729117,-4.87675167754068,-10.3752630507526));
#4986=CARTESIAN_POINT('Ctrl Pts',(-4.26211171491539,-4.57672304991646,-10.385865995947));
#4987=CARTESIAN_POINT('Ctrl Pts',(-4.33566832615707,-4.50316643867478,-10.3911909627107));
#4988=CARTESIAN_POINT('Ctrl Pts',(-4.4113309271902,-4.42750383764165,-10.3994472869074));
#4989=CARTESIAN_POINT('Ctrl Pts',(-4.41350033068518,-4.42533443414667,-10.3996863670765));
#4990=CARTESIAN_POINT('Ctrl Pts',(-4.41638255655514,-4.4224522082767,-10.4000071305708));
#4991=CARTESIAN_POINT('Ctrl Pts',(-4.41709549286014,-4.4217392719717,-10.4000867275768));
#4992=CARTESIAN_POINT('Ctrl Pts',(-4.41826717631172,-4.42056758852013,-10.4002179598754));
#4993=CARTESIAN_POINT('Ctrl Pts',(-4.41872593165429,-4.42010883317756,-10.4002694471795));
#4994=CARTESIAN_POINT('Ctrl Pts',(-4.41926224843263,-4.41957251639922,-10.4003297624221));
#4995=CARTESIAN_POINT('Ctrl Pts',(-4.41933981550873,-4.41949494932312,-10.4003384887768));
#4996=CARTESIAN_POINT('Ctrl Pts',(-4.41941738241593,-4.41941738241591,-10.4003472181208));
#4997=CARTESIAN_POINT('Ctrl Pts',(-4.41941738241587,-4.41941738241597,-10.400347218121));
#4998=CARTESIAN_POINT('Ctrl Pts',(-5.41113232396911,-3.42770244086276,-10.5119543609781));
#4999=CARTESIAN_POINT('Ctrl Pts',(-6.47784067415122,-1.20111700355315,-10.69796626574));
#5000=CARTESIAN_POINT('Ctrl Pts',(-6.09774913356821,2.13600635766045,-10.9583829324067));
#5001=CARTESIAN_POINT('Ctrl Pts',(-5.0805606767847,3.75827408804716,-11.1071924562162));
#5002=CARTESIAN_POINT('Ctrl Pts',(-4.41941738241587,4.41941738241597,-11.181597218121));
#5003=CARTESIAN_POINT('Ctrl Pts',(1.71661848850716,6.00963567655448,-17.9606049553881));
#5004=CARTESIAN_POINT('Ctrl Pts',(2.45641112141225,5.79831808932358,-18.0218304089382));
#5005=CARTESIAN_POINT('Ctrl Pts',(4.56448089519377,4.75925607606281,-18.2055067695887));
#5006=CARTESIAN_POINT('Ctrl Pts',(6.73189474682551,1.26058923908367,-18.5116340373394));
#5007=CARTESIAN_POINT('Ctrl Pts',(5.82067519125555,-3.5984999838573,-18.8789867586402));
#5008=CARTESIAN_POINT('Ctrl Pts',(3.19620376456921,-5.5870004962278,-19.1238885728408));
#5009=CARTESIAN_POINT('Ctrl Pts',(1.71661849953454,-6.00963567340458,-19.2463394799411));
#5010=CARTESIAN_POINT('Ctrl Pts',(1.79901617595559,6.2980981890294,-18.2731049551128));
#5011=CARTESIAN_POINT('Ctrl Pts',(2.57431885524016,6.0766373576114,-18.3343304086629));
#5012=CARTESIAN_POINT('Ctrl Pts',(4.7835759781633,4.98770036771406,-18.5180067693133));
#5013=CARTESIAN_POINT('Ctrl Pts',(7.05502569467347,1.32109752255975,-18.824134037064));
#5014=CARTESIAN_POINT('Ctrl Pts',(6.10006760043611,-3.77122798308263,-19.1914867583649));
#5015=CARTESIAN_POINT('Ctrl Pts',(3.34962154526869,-5.85517652004701,-19.4363885725655));
#5016=CARTESIAN_POINT('Ctrl Pts',(1.79901618751228,-6.2980981857283,-19.5588394796658));
#5017=CARTESIAN_POINT('Ctrl Pts',(1.88141386340402,6.58656070150432,-18.5856049548374));
#5018=CARTESIAN_POINT('Ctrl Pts',(2.69222658906807,6.35495662589922,-18.6468304083876));
#5019=CARTESIAN_POINT('Ctrl Pts',(5.00267106113283,5.21614465936531,-18.830506769038));
#5020=CARTESIAN_POINT('Ctrl Pts',(7.37815664252143,1.38160580603583,-19.1366340367887));
#5021=CARTESIAN_POINT('Ctrl Pts',(6.37946000961666,-3.94395598230796,-19.5039867580896));
#5022=CARTESIAN_POINT('Ctrl Pts',(3.50303932596818,-6.12335254386622,-19.7488885722901));
#5023=CARTESIAN_POINT('Ctrl Pts',(1.88141387549002,-6.58656069805202,-19.8713394793904));
#5024=CARTESIAN_POINT('Ctrl Pts',(1.96381155085244,6.87502321397923,-18.8981049545621));
#5025=CARTESIAN_POINT('Ctrl Pts',(2.81013432289598,6.63327589418704,-18.9593304081122));
#5026=CARTESIAN_POINT('Ctrl Pts',(5.22176614410235,5.44458895101656,-19.1430067687626));
#5027=CARTESIAN_POINT('Ctrl Pts',(7.70128759036939,1.44211408951191,-19.4491340365133));
#5028=CARTESIAN_POINT('Ctrl Pts',(6.65885241879722,-4.11668398153329,-19.8164867578142));
#5029=CARTESIAN_POINT('Ctrl Pts',(3.65645710666766,-6.39152856768544,-20.0613885720148));
#5030=CARTESIAN_POINT('Ctrl Pts',(1.96381156346777,-6.87502321037574,-20.1838394791151));
#5031=CARTESIAN_POINT('',(4.41941738241592,4.41941738241592,-18.212847218121));
#5032=CARTESIAN_POINT('Ctrl Pts',(1.96381155085266,6.87502321397918,-18.8981049545621));
#5033=CARTESIAN_POINT('Ctrl Pts',(2.45699207902726,6.38184268580459,-18.5876419693056));
#5034=CARTESIAN_POINT('Ctrl Pts',(2.97488760191277,5.86394716291908,-18.3488760848362));
#5035=CARTESIAN_POINT('Ctrl Pts',(3.73760719574357,5.10122756908828,-18.205549026561));
#5036=CARTESIAN_POINT('Ctrl Pts',(3.9620830872887,4.87675167754314,-18.1877630507527));
#5037=CARTESIAN_POINT('Ctrl Pts',(4.26211171491311,4.57672304991872,-18.1983659959468));
#5038=CARTESIAN_POINT('Ctrl Pts',(4.33566832615432,4.50316643867752,-18.2036909627104));
#5039=CARTESIAN_POINT('Ctrl Pts',(4.41133092718708,4.42750383764476,-18.2119472869071));
#5040=CARTESIAN_POINT('Ctrl Pts',(4.41350033068223,4.42533443414962,-18.2121863670762));
#5041=CARTESIAN_POINT('Ctrl Pts',(4.41638255655666,4.42245220827519,-18.212507130571));
#5042=CARTESIAN_POINT('Ctrl Pts',(4.41709549286386,4.42173927196798,-18.2125867275772));
#5043=CARTESIAN_POINT('Ctrl Pts',(4.41826717631946,4.42056758851239,-18.2127179598762));
#5044=CARTESIAN_POINT('Ctrl Pts',(4.41872593167012,4.42010883316173,-18.2127694471813));
#5045=CARTESIAN_POINT('Ctrl Pts',(4.41926224843234,4.41957251639951,-18.2128297624221));
#5046=CARTESIAN_POINT('Ctrl Pts',(4.41933981550838,4.41949494932346,-18.2128384887768));
#5047=CARTESIAN_POINT('Ctrl Pts',(4.41941738241593,4.41941738241591,-18.2128472181208));
#5048=CARTESIAN_POINT('',(4.41941738241592,-4.41941738241592,-18.994097218121));
#5049=CARTESIAN_POINT('Ctrl Pts',(4.41941738241584,4.41941738241601,-18.212847218121));
#5050=CARTESIAN_POINT('Ctrl Pts',(5.41113232396907,3.42770244086281,-18.3244543609781));
#5051=CARTESIAN_POINT('Ctrl Pts',(6.47778213009864,1.20109360089797,-18.51046626574));
#5052=CARTESIAN_POINT('Ctrl Pts',(6.09771581159554,-2.13601472983812,-18.7708829324067));
#5053=CARTESIAN_POINT('Ctrl Pts',(5.08056067678472,-3.75827408804713,-18.9196924562162));
#5054=CARTESIAN_POINT('Ctrl Pts',(4.41941738241591,-4.41941738241594,-18.994097218121));
#5055=CARTESIAN_POINT('Ctrl Pts',(4.41941738241591,-4.41941738241594,-18.9940972181208));
#5056=CARTESIAN_POINT('Ctrl Pts',(4.41906654717043,-4.41976821766142,-18.9941367009578));
#5057=CARTESIAN_POINT('Ctrl Pts',(4.41871571536719,-4.42011904946466,-18.9941762449501));
#5058=CARTESIAN_POINT('Ctrl Pts',(4.41780167417124,-4.42103309066061,-18.9942794313942));
#5059=CARTESIAN_POINT('Ctrl Pts',(4.4172384703007,-4.42159629453115,-18.9943431702833));
#5060=CARTESIAN_POINT('Ctrl Pts',(4.41543791806784,-4.423396846764,-18.9945474492931));
#5061=CARTESIAN_POINT('Ctrl Pts',(4.41420060430564,-4.4246341605262,-18.9946885923628));
#5062=CARTESIAN_POINT('Ctrl Pts',(4.40354361281217,-4.43529115201968,-18.9959108496097));
#5063=CARTESIAN_POINT('Ctrl Pts',(4.3941265875177,-4.44470817731415,-18.9970352498619));
#5064=CARTESIAN_POINT('Ctrl Pts',(4.28002843186717,-4.55880633296468,-19.0111949067618));
#5065=CARTESIAN_POINT('Ctrl Pts',(4.17589519177231,-4.66293957305953,-19.0295903158336));
#5066=CARTESIAN_POINT('Ctrl Pts',(4.07003074345618,-4.76880402137566,-19.0536481712022));
#5067=CARTESIAN_POINT('Ctrl Pts',(4.06791937798421,-4.77091538684299,-19.0541301646947));
#5068=CARTESIAN_POINT('Ctrl Pts',(3.93056397713391,-4.90827078769329,-19.0856282103615));
#5069=CARTESIAN_POINT('Ctrl Pts',(3.79665221797692,-5.04218254685494,-19.1252854762993));
#5070=CARTESIAN_POINT('Ctrl Pts',(3.57797374617385,-5.26086101865801,-19.2034855015117));
#5071=CARTESIAN_POINT('Ctrl Pts',(3.49273979557607,-5.34609496925577,-19.2374045927161));
#5072=CARTESIAN_POINT('Ctrl Pts',(3.35855206253201,-5.48028270229984,-19.2958500614635));
#5073=CARTESIAN_POINT('Ctrl Pts',(3.30922279255652,-5.5296119722753,-19.3184338909786));
#5074=CARTESIAN_POINT('Ctrl Pts',(3.23538730485024,-5.60344745998158,-19.3538071041072));
#5075=CARTESIAN_POINT('Ctrl Pts',(3.21071643542564,-5.6281183294062,-19.3658924302749));
#5076=CARTESIAN_POINT('Ctrl Pts',(3.15942336096743,-5.67941140386441,-19.3915586238698));
#5077=CARTESIAN_POINT('Ctrl Pts',(3.13281140296636,-5.70602336186548,-19.4051797781856));
#5078=CARTESIAN_POINT('Ctrl Pts',(3.07747105456608,-5.76136371026577,-19.4341225554267));
#5079=CARTESIAN_POINT('Ctrl Pts',(3.04875433224974,-5.79008043258212,-19.4494906006753));
#5080=CARTESIAN_POINT('Ctrl Pts',(2.98905846747277,-5.84977629735909,-19.4821418976964));
#5081=CARTESIAN_POINT('Ctrl Pts',(2.95809225113727,-5.88074251369457,-19.4994778933949));
#5082=CARTESIAN_POINT('Ctrl Pts',(2.91138106842802,-5.92745369640382,-19.5262099111346));
#5083=CARTESIAN_POINT('Ctrl Pts',(2.89556513219313,-5.9432696326387,-19.5353625940141));
#5084=CARTESIAN_POINT('Ctrl Pts',(2.84167661490833,-5.9971581499235,-19.5668876328235));
#5085=CARTESIAN_POINT('Ctrl Pts',(2.80372106374662,-6.03511370108521,-19.5896722373089));
#5086=CARTESIAN_POINT('Ctrl Pts',(2.7480580271852,-6.09077673764662,-19.6239016700635));
#5087=CARTESIAN_POINT('Ctrl Pts',(2.73023538684661,-6.10859937798521,-19.6349854657893));
#5088=CARTESIAN_POINT('Ctrl Pts',(2.45711254176869,-6.38172222306313,-19.8066991307466));
#5089=CARTESIAN_POINT('Ctrl Pts',(2.20668433634581,-6.63215042848604,-19.9891784291337));
#5090=CARTESIAN_POINT('Ctrl Pts',(1.96381156146557,-6.87502320336628,-20.1838394715215));
#5091=CARTESIAN_POINT('Ctrl Pts',(-1.71661848850733,-6.00963567655444,-13.2731049553881));
#5092=CARTESIAN_POINT('Ctrl Pts',(-3.19620375536771,-5.58700050179259,-13.3955558625753));
#5093=CARTESIAN_POINT('Ctrl Pts',(-5.82281616221442,-3.59543620719999,-13.6404576769497));
#5094=CARTESIAN_POINT('Ctrl Pts',(-6.57128664351215,0.441696500659452,-13.9465849449177));
#5095=CARTESIAN_POINT('Ctrl Pts',(-5.15060819511968,4.09509660723222,-14.2527122128857));
#5096=CARTESIAN_POINT('Ctrl Pts',(-3.19620375536773,5.58700050179258,-14.4363885736665));
#5097=CARTESIAN_POINT('Ctrl Pts',(-1.71661848850736,6.00963567655443,-14.5588394808537));
#5098=CARTESIAN_POINT('Ctrl Pts',(-1.79901617595577,-6.29809818902935,-13.5856049551128));
#5099=CARTESIAN_POINT('Ctrl Pts',(-3.34962153562552,-5.85517652587892,-13.7080558623));
#5100=CARTESIAN_POINT('Ctrl Pts',(-6.10231133800101,-3.76801714514577,-13.9529576766744));
#5101=CARTESIAN_POINT('Ctrl Pts',(-6.88670840240106,0.462897932691129,-14.2590849446424));
#5102=CARTESIAN_POINT('Ctrl Pts',(-5.39783738848569,4.29166124437957,-14.5652122126104));
#5103=CARTESIAN_POINT('Ctrl Pts',(-3.34962153562555,5.8551765258789,-14.7488885733912));
#5104=CARTESIAN_POINT('Ctrl Pts',(-1.7990161759558,6.29809818902934,-14.8713394805784));
#5105=CARTESIAN_POINT('Ctrl Pts',(-1.88141386340421,-6.58656070150426,-13.8981049548374));
#5106=CARTESIAN_POINT('Ctrl Pts',(-3.50303931588333,-6.12335254996524,-14.0205558620246));
#5107=CARTESIAN_POINT('Ctrl Pts',(-6.38180651378759,-3.94059808309155,-14.265457676399));
#5108=CARTESIAN_POINT('Ctrl Pts',(-7.20213016128997,0.484099364722803,-14.571584944367));
#5109=CARTESIAN_POINT('Ctrl Pts',(-5.64506658185169,4.48822588152692,-14.877712212335));
#5110=CARTESIAN_POINT('Ctrl Pts',(-3.50303931588336,6.12335254996523,-15.0613885731158));
#5111=CARTESIAN_POINT('Ctrl Pts',(-1.88141386340423,6.58656070150425,-15.183839480303));
#5112=CARTESIAN_POINT('Ctrl Pts',(-1.96381155085264,-6.87502321397917,-14.2106049545621));
#5113=CARTESIAN_POINT('Ctrl Pts',(-3.65645709614114,-6.39152857405156,-14.3330558617493));
#5114=CARTESIAN_POINT('Ctrl Pts',(-6.66130168957417,-4.11317902103733,-14.5779576761237));
#5115=CARTESIAN_POINT('Ctrl Pts',(-7.51755192017888,0.505300796754479,-14.8840849440917));
#5116=CARTESIAN_POINT('Ctrl Pts',(-5.89229577521769,4.68479051867427,-15.1902122120597));
#5117=CARTESIAN_POINT('Ctrl Pts',(-3.65645709614117,6.39152857405155,-15.3738885728405));
#5118=CARTESIAN_POINT('Ctrl Pts',(-1.96381155085267,6.87502321397917,-15.4963394800277));
#5119=CARTESIAN_POINT('',(-4.41941738241592,4.41941738241592,-14.306597218121));
#5120=CARTESIAN_POINT('Ctrl Pts',(-4.41324787143953,4.41443688053465,-14.3065972181208));
#5121=CARTESIAN_POINT('Ctrl Pts',(-4.41289662082793,4.41478677580566,-14.3066367009588));
#5122=CARTESIAN_POINT('Ctrl Pts',(-4.41254537466519,4.41513666852205,-14.3066762449516));
#5123=CARTESIAN_POINT('Ctrl Pts',(-4.41219413293485,4.41548655870183,-14.3067158500954));
#5124=CARTESIAN_POINT('Ctrl Pts',(-4.41163025655985,4.41604826532489,-14.3067794313928));
#5125=CARTESIAN_POINT('Ctrl Pts',(-4.41106639170316,4.41660996531591,-14.3068431702804));
#5126=CARTESIAN_POINT('Ctrl Pts',(-4.41050253832606,4.41717165872007,-14.3069070667385));
#5127=CARTESIAN_POINT('Ctrl Pts',(-4.40926373448861,4.41840571702814,-14.307047449293));
#5128=CARTESIAN_POINT('Ctrl Pts',(-4.40802498667479,4.41963974293192,-14.3071885923625));
#5129=CARTESIAN_POINT('Ctrl Pts',(-4.40678629458987,4.42087373679431,-14.3073304957218));
#5130=CARTESIAN_POINT('Ctrl Pts',(-4.3973557510387,4.4302685113334,-14.3084108496098));
#5131=CARTESIAN_POINT('Ctrl Pts',(-4.3879286288701,4.43966123840744,-14.3095352498622));
#5132=CARTESIAN_POINT('Ctrl Pts',(-4.37850479755207,4.44905207704495,-14.3107035916232));
#5133=CARTESIAN_POINT('Ctrl Pts',(-4.27903115896016,4.54817746004244,-14.3230360710745));
#5134=CARTESIAN_POINT('Ctrl Pts',(-4.18013708104052,4.64688293080262,-14.3402384214966));
#5135=CARTESIAN_POINT('Ctrl Pts',(-4.08167640268365,4.74532884046973,-14.3621211500287));
#5136=CARTESIAN_POINT('Ctrl Pts',(-4.07641635672554,4.75058809744296,-14.3632901868431));
#5137=CARTESIAN_POINT('Ctrl Pts',(-4.07115755386128,4.7558466027488,-14.36447258144));
#5138=CARTESIAN_POINT('Ctrl Pts',(-4.06589997407058,4.76110437716449,-14.3656683049278));
#5139=CARTESIAN_POINT('Ctrl Pts',(-4.0637900086426,4.76321442069914,-14.3661481712011));
#5140=CARTESIAN_POINT('Ctrl Pts',(-4.06168032414876,4.76532426209782,-14.3666301646924));
#5141=CARTESIAN_POINT('Ctrl Pts',(-4.05957091431867,4.76743390759973,-14.3671142841165));
#5142=CARTESIAN_POINT('Ctrl Pts',(-3.97419050033616,4.85282386062834,-14.3867094885462));
#5143=CARTESIAN_POINT('Ctrl Pts',(-3.88940746199808,4.93774855104925,-14.4097554368855));
#5144=CARTESIAN_POINT('Ctrl Pts',(-3.80513945876408,5.02227419689797,-14.4360499401949));
#5145=CARTESIAN_POINT('Ctrl Pts',(-3.75816575011935,5.06939152386346,-14.4507073462092));
#5146=CARTESIAN_POINT('Ctrl Pts',(-3.71135266936016,5.11638415793901,-14.4663741782845));
#5147=CARTESIAN_POINT('Ctrl Pts',(-3.66469117029457,5.16325879481704,-14.4830154149943));
#5148=CARTESIAN_POINT('Ctrl Pts',(-3.58547408286311,5.24283772567534,-14.511267192794));
#5149=CARTESIAN_POINT('Ctrl Pts',(-3.50683059362475,5.32193713248887,-14.5422764604592));
#5150=CARTESIAN_POINT('Ctrl Pts',(-3.42872315609227,5.40056729224278,-14.5758289876021));
#5151=CARTESIAN_POINT('Ctrl Pts',(-3.42349551793518,5.4058299155782,-14.5780746184499));
#5152=CARTESIAN_POINT('Ctrl Pts',(-3.41827029707431,5.41109042607378,-14.5803316417423));
#5153=CARTESIAN_POINT('Ctrl Pts',(-3.4130474892941,5.41634882229246,-14.582599993252));
#5154=CARTESIAN_POINT('Ctrl Pts',(-3.36572371140414,5.4639950664551,-14.6031534900569));
#5155=CARTESIAN_POINT('Ctrl Pts',(-3.31861289847016,5.51145208004967,-14.6246299256797));
#5156=CARTESIAN_POINT('Ctrl Pts',(-3.27171063341965,5.55871717970106,-14.6469776984044));
#5157=CARTESIAN_POINT('Ctrl Pts',(-3.24749667611989,5.58311845549223,-14.6585150519612));
#5158=CARTESIAN_POINT('Ctrl Pts',(-3.22333939950624,5.60746746581387,-14.6702841184792));
#5159=CARTESIAN_POINT('Ctrl Pts',(-3.19923846342572,5.63176352066421,-14.6822775961136));
#5160=CARTESIAN_POINT('Ctrl Pts',(-3.17311515847962,5.65809831727635,-14.6952774759756));
#5161=CARTESIAN_POINT('Ctrl Pts',(-3.14705831747287,5.68437062435483,-14.7085408740638));
#5162=CARTESIAN_POINT('Ctrl Pts',(-3.12106775971347,5.71057927911341,-14.7220583448401));
#5163=CARTESIAN_POINT('Ctrl Pts',(-3.09287237299644,5.73901126441714,-14.7367225286372));
#5164=CARTESIAN_POINT('Ctrl Pts',(-3.06475472576348,5.76736860793051,-14.7516858594552));
#5165=CARTESIAN_POINT('Ctrl Pts',(-3.03671492670742,5.79564945945831,-14.7669361204841));
#5166=CARTESIAN_POINT('Ctrl Pts',(-3.00630455591879,5.82632126204361,-14.7834756859634));
#5167=CARTESIAN_POINT('Ctrl Pts',(-2.97598462504715,5.85690422821722,-14.8003533621628));
#5168=CARTESIAN_POINT('Ctrl Pts',(-2.94575572382362,5.88739553431057,-14.817553409744));
#5169=CARTESIAN_POINT('Ctrl Pts',(-2.91295428490423,5.92048170925941,-14.8362172144908));
#5170=CARTESIAN_POINT('Ctrl Pts',(-2.88025758934951,5.95346241740821,-14.8552619825313));
#5171=CARTESIAN_POINT('Ctrl Pts',(-2.8476669839614,5.98633347300223,-14.8746674773157));
#5172=CARTESIAN_POINT('Ctrl Pts',(-2.82790170307172,6.00626883901396,-14.8864363613437));
#5173=CARTESIAN_POINT('Ctrl Pts',(-2.80817444445979,6.02616488164325,-14.8983385186939));
#5174=CARTESIAN_POINT('Ctrl Pts',(-2.7884856060101,6.04602057761186,-14.9103694299301));
#5175=CARTESIAN_POINT('Ctrl Pts',(-2.76250031932152,6.07222608249547,-14.9262478007338));
#5176=CARTESIAN_POINT('Ctrl Pts',(-2.7365800956828,6.09836318289995,-14.942351579758));
#5177=CARTESIAN_POINT('Ctrl Pts',(-2.71072605360533,6.12442934622539,-14.9586703768315));
#5178=CARTESIAN_POINT('Ctrl Pts',(-2.63466382969982,6.20111562782409,-15.0066800456156));
#5179=CARTESIAN_POINT('Ctrl Pts',(-2.55905600004978,6.27733555341245,-15.0566530620547));
#5180=CARTESIAN_POINT('Ctrl Pts',(-2.48390434418269,6.35301446603276,-15.108328108003));
#5181=CARTESIAN_POINT('Ctrl Pts',(-2.40807771858305,6.42937308390802,-15.1604672700315));
#5182=CARTESIAN_POINT('Ctrl Pts',(-2.3327154376036,6.50518038492237,-15.2143391722013));
#5183=CARTESIAN_POINT('Ctrl Pts',(-2.25787053776876,6.58034471026728,-15.2696753919028));
#5184=CARTESIAN_POINT('Ctrl Pts',(-2.18198761494909,6.65655148870546,-15.325779068947));
#5185=CARTESIAN_POINT('Ctrl Pts',(-2.10663651245959,6.73209684076593,-15.3833879623859));
#5186=CARTESIAN_POINT('Ctrl Pts',(-2.03192551888412,6.80687780164917,-15.4422223257521));
#5187=CARTESIAN_POINT('Ctrl Pts',(-2.00915971974296,6.8296649211021,-15.4601502267863));
#5188=CARTESIAN_POINT('Ctrl Pts',(-1.98645372424921,6.85238104058265,-15.4781919165987));
#5189=CARTESIAN_POINT('Ctrl Pts',(-1.9638115508527,6.87502321397916,-15.4963394800277));
#5190=CARTESIAN_POINT('',(-4.41941738241592,-4.41941738241592,-13.525347218121));
#5191=CARTESIAN_POINT('Ctrl Pts',(-1.96381155085265,-6.87502321397919,-14.2106049545621));
#5192=CARTESIAN_POINT('Ctrl Pts',(-2.45699207902887,-6.38184268580297,-13.9001419693045));
#5193=CARTESIAN_POINT('Ctrl Pts',(-2.97488760191624,-5.86394716291559,-13.6613760848346));
#5194=CARTESIAN_POINT('Ctrl Pts',(-3.73760719574821,-5.10122756908362,-13.5180490265605));
#5195=CARTESIAN_POINT('Ctrl Pts',(-3.96208308729235,-4.8767516775395,-13.5002630507526));
#5196=CARTESIAN_POINT('Ctrl Pts',(-4.26211171491649,-4.57672304991535,-13.510865995947));
#5197=CARTESIAN_POINT('Ctrl Pts',(-4.33566832615845,-4.50316643867339,-13.5161909627108));
#5198=CARTESIAN_POINT('Ctrl Pts',(-4.41133092719043,-4.42750383764141,-13.5244472869074));
#5199=CARTESIAN_POINT('Ctrl Pts',(-4.41350033068395,-4.4253344341479,-13.5246863670764));
#5200=CARTESIAN_POINT('Ctrl Pts',(-4.41638255655666,-4.42245220827519,-13.525007130571));
#5201=CARTESIAN_POINT('Ctrl Pts',(-4.41709549286283,-4.42173927196902,-13.5250867275771));
#5202=CARTESIAN_POINT('Ctrl Pts',(-4.41826717633122,-4.42056758850063,-13.5252179598776));
#5203=CARTESIAN_POINT('Ctrl Pts',(-4.41872593169312,-4.42010883313872,-13.5252694471839));
#5204=CARTESIAN_POINT('Ctrl Pts',(-4.41926224843259,-4.41957251639926,-13.5253297624221));
#5205=CARTESIAN_POINT('Ctrl Pts',(-4.41933981550843,-4.41949494932341,-13.5253384887768));
#5206=CARTESIAN_POINT('Ctrl Pts',(-4.4194173824159,-4.41941738241594,-13.5253472181208));
#5207=CARTESIAN_POINT('Ctrl Pts',(-4.41941738241585,-4.41941738241599,-13.525347218121));
#5208=CARTESIAN_POINT('Ctrl Pts',(-5.4111323239691,-3.42770244086278,-13.6369543609781));
#5209=CARTESIAN_POINT('Ctrl Pts',(-6.47781276532944,-1.20110583683864,-13.82296626574));
#5210=CARTESIAN_POINT('Ctrl Pts',(-6.09773326844159,2.13601033150851,-14.0833829324067));
#5211=CARTESIAN_POINT('Ctrl Pts',(-5.0805606767847,3.75827408804716,-14.2321924562162));
#5212=CARTESIAN_POINT('Ctrl Pts',(-4.41941738241587,4.41941738241597,-14.306597218121));
#5213=CARTESIAN_POINT('Ctrl Pts',(1.71661848850587,6.00963567655485,-21.085604955388));
#5214=CARTESIAN_POINT('Ctrl Pts',(3.19620375299704,5.58700050247015,-21.2080558623791));
#5215=CARTESIAN_POINT('Ctrl Pts',(5.15042823624002,4.09504722217247,-21.3917322228658));
#5216=CARTESIAN_POINT('Ctrl Pts',(6.571141067038,0.441682361657472,-21.6978594903436));
#5217=CARTESIAN_POINT('Ctrl Pts',(5.82264633861817,-3.59537253322326,-22.0039867578214));
#5218=CARTESIAN_POINT('Ctrl Pts',(3.19620377612778,-5.58700048923755,-22.2488885718036));
#5219=CARTESIAN_POINT('Ctrl Pts',(1.71661851338637,-6.00963566944788,-22.3713394787947));
#5220=CARTESIAN_POINT('Ctrl Pts',(1.79901617595424,6.29809818902978,-21.3981049551126));
#5221=CARTESIAN_POINT('Ctrl Pts',(3.34962153314106,5.855176526589,-21.5205558621038));
#5222=CARTESIAN_POINT('Ctrl Pts',(5.3976487915798,4.29160948883696,-21.7042322225904));
#5223=CARTESIAN_POINT('Ctrl Pts',(6.88655583825616,0.462883115017051,-22.0103594900682));
#5224=CARTESIAN_POINT('Ctrl Pts',(6.10213336287213,-3.76795041481816,-22.316486757546));
#5225=CARTESIAN_POINT('Ctrl Pts',(3.34962155738208,-5.85517651272123,-22.5613885715283));
#5226=CARTESIAN_POINT('Ctrl Pts',(1.799016202029,-6.29809818158168,-22.6838394785194));
#5227=CARTESIAN_POINT('Ctrl Pts',(1.88141386340261,6.58656070150472,-21.7106049548373));
#5228=CARTESIAN_POINT('Ctrl Pts',(3.50303931328507,6.12335255070784,-21.8330558618284));
#5229=CARTESIAN_POINT('Ctrl Pts',(5.64486934691958,4.48817175550144,-22.0167322223151));
#5230=CARTESIAN_POINT('Ctrl Pts',(7.2019706094743,0.484083868376634,-22.3228594897929));
#5231=CARTESIAN_POINT('Ctrl Pts',(6.38162038712609,-3.94052829641305,-22.6289867572707));
#5232=CARTESIAN_POINT('Ctrl Pts',(3.50303933863637,-6.12335253620491,-22.8738885712529));
#5233=CARTESIAN_POINT('Ctrl Pts',(1.88141389067163,-6.58656069371547,-22.996339478244));
#5234=CARTESIAN_POINT('Ctrl Pts',(1.96381155085098,6.87502321397965,-22.023104954562));
#5235=CARTESIAN_POINT('Ctrl Pts',(3.65645709342909,6.39152857482669,-22.1455558615531));
#5236=CARTESIAN_POINT('Ctrl Pts',(5.89208990225936,4.68473402216592,-22.3292322220397));
#5237=CARTESIAN_POINT('Ctrl Pts',(7.51738538069246,0.505284621736214,-22.6353594895175));
#5238=CARTESIAN_POINT('Ctrl Pts',(6.66110741138006,-4.11310617800795,-22.9414867569953));
#5239=CARTESIAN_POINT('Ctrl Pts',(3.65645711989066,-6.39152855968859,-23.1863885709776));
#5240=CARTESIAN_POINT('Ctrl Pts',(1.96381157931426,-6.87502320584927,-23.3088394779687));
#5241=CARTESIAN_POINT('',(4.41941738241592,4.41941738241592,-21.337847218121));
#5242=CARTESIAN_POINT('Ctrl Pts',(1.9638115508527,6.87502321397915,-22.0231049545621));
#5243=CARTESIAN_POINT('Ctrl Pts',(2.45699207902898,6.38184268580287,-21.7126419693045));
#5244=CARTESIAN_POINT('Ctrl Pts',(2.97488760191663,5.8639471629152,-21.4738760848344));
#5245=CARTESIAN_POINT('Ctrl Pts',(3.73760719574871,5.10122756908312,-21.3305490265605));
#5246=CARTESIAN_POINT('Ctrl Pts',(3.96208308729275,4.87675167753909,-21.3127630507526));
#5247=CARTESIAN_POINT('Ctrl Pts',(4.26211171491703,4.57672304991481,-21.323365995947));
#5248=CARTESIAN_POINT('Ctrl Pts',(4.33566832615923,4.50316643867262,-21.3286909627108));
#5249=CARTESIAN_POINT('Ctrl Pts',(4.41133092718775,4.4275038376441,-21.3369472869071));
#5250=CARTESIAN_POINT('Ctrl Pts',(4.41350033067787,4.42533443415397,-21.3371863670757));
#5251=CARTESIAN_POINT('Ctrl Pts',(4.41638255656589,4.42245220826595,-21.337507130572));
#5252=CARTESIAN_POINT('Ctrl Pts',(4.41709549288115,4.42173927195069,-21.3375867275792));
#5253=CARTESIAN_POINT('Ctrl Pts',(4.41826717632631,4.42056758850554,-21.337717959877));
#5254=CARTESIAN_POINT('Ctrl Pts',(4.41872593168323,4.42010883314862,-21.3377694471828));
#5255=CARTESIAN_POINT('Ctrl Pts',(4.41926224843263,4.41957251639922,-21.3378297624221));
#5256=CARTESIAN_POINT('Ctrl Pts',(4.41933981550849,4.41949494932335,-21.3378384887768));
#5257=CARTESIAN_POINT('Ctrl Pts',(4.41941738241593,4.41941738241591,-21.3378472181208));
#5258=CARTESIAN_POINT('',(4.41941738241592,-4.41941738241592,-22.119097218121));
#5259=CARTESIAN_POINT('Ctrl Pts',(4.41941738241584,4.41941738241601,-21.337847218121));
#5260=CARTESIAN_POINT('Ctrl Pts',(5.08056067678466,3.75827408804721,-21.4122519800257));
#5261=CARTESIAN_POINT('Ctrl Pts',(6.09770697613944,2.13601696605118,-21.5610615038353));
#5262=CARTESIAN_POINT('Ctrl Pts',(6.47776665342789,-1.20108742788103,-21.8214781705019));
#5263=CARTESIAN_POINT('Ctrl Pts',(5.41113232396908,-3.4277024408628,-22.0074900752639));
#5264=CARTESIAN_POINT('Ctrl Pts',(4.41941738241585,-4.419417382416,-22.119097218121));
#5265=CARTESIAN_POINT('Ctrl Pts',(4.41891844782999,-4.41365550352186,-22.1190972181209));
#5266=CARTESIAN_POINT('Ctrl Pts',(4.41856681154591,-4.41400549749751,-22.1191367009572));
#5267=CARTESIAN_POINT('Ctrl Pts',(4.41821517887388,-4.41435548899567,-22.1191762449489));
#5268=CARTESIAN_POINT('Ctrl Pts',(4.41786354977153,-4.41470547806118,-22.1192158500954));
#5269=CARTESIAN_POINT('Ctrl Pts',(4.41729905153119,-4.4152673434196,-22.1192794313956));
#5270=CARTESIAN_POINT('Ctrl Pts',(4.41673456267038,-4.41582920232945,-22.119343170286));
#5271=CARTESIAN_POINT('Ctrl Pts',(4.41617008322828,-4.41639105476187,-22.1194070667385));
#5272=CARTESIAN_POINT('Ctrl Pts',(4.41492990380296,-4.41762546256274,-22.1195474492924));
#5273=CARTESIAN_POINT('Ctrl Pts',(4.41368977009783,-4.41885983884206,-22.1196885923614));
#5274=CARTESIAN_POINT('Ctrl Pts',(4.41244968184549,-4.42009418397284,-22.1198304957218));
#5275=CARTESIAN_POINT('Ctrl Pts',(4.40300850891554,-4.42949163275349,-22.1209108496097));
#5276=CARTESIAN_POINT('Ctrl Pts',(4.39357016279416,-4.43888708493651,-22.122035249862));
#5277=CARTESIAN_POINT('Ctrl Pts',(4.38413453136451,-4.44828069769273,-22.1232035916232));
#5278=CARTESIAN_POINT('Ctrl Pts',(4.27921552092537,-4.5527324836891,-22.1361949067618));
#5279=CARTESIAN_POINT('Ctrl Pts',(4.17486860743221,-4.65672473161865,-22.1545903158335));
#5280=CARTESIAN_POINT('Ctrl Pts',(4.07094899813753,-4.76044091949456,-22.1781683049278));
#5281=CARTESIAN_POINT('Ctrl Pts',(4.06883399522412,-4.76255178231453,-22.178648171201));
#5282=CARTESIAN_POINT('Ctrl Pts',(4.06671925451997,-4.76466244439762,-22.1791301646956));
#5283=CARTESIAN_POINT('Ctrl Pts',(4.06460476994505,-4.76677291196111,-22.1796142841199));
#5284=CARTESIAN_POINT('Ctrl Pts',(3.97861240485674,-4.8526019122667,-22.1993025688068));
#5285=CARTESIAN_POINT('Ctrl Pts',(3.89319487728069,-4.93796160824482,-22.2224740970548));
#5286=CARTESIAN_POINT('Ctrl Pts',(3.80828213496656,-5.02291769753499,-22.2489232036107));
#5287=CARTESIAN_POINT('Ctrl Pts',(3.75943627061398,-5.07178849713821,-22.2641379927679));
#5288=CARTESIAN_POINT('Ctrl Pts',(3.7107580354585,-5.120525000931,-22.2804373652947));
#5289=CARTESIAN_POINT('Ctrl Pts',(3.66223980839133,-5.16913432176444,-22.2977821717361));
#5290=CARTESIAN_POINT('Ctrl Pts',(3.58240479228616,-5.24911922942039,-22.3263224335159));
#5291=CARTESIAN_POINT('Ctrl Pts',(3.5031421544901,-5.3286182617308,-22.357641312829));
#5292=CARTESIAN_POINT('Ctrl Pts',(3.42442383719582,-5.40764007124103,-22.3915205356701));
#5293=CARTESIAN_POINT('Ctrl Pts',(3.41845777163761,-5.41362913849083,-22.3940882438158));
#5294=CARTESIAN_POINT('Ctrl Pts',(3.41249485316652,-5.41961545039568,-22.3966706589136));
#5295=CARTESIAN_POINT('Ctrl Pts',(3.40653507981437,-5.42559900402166,-22.3992676859383));
#5296=CARTESIAN_POINT('Ctrl Pts',(3.35700688264648,-5.47532482516298,-22.4208500614637));
#5297=CARTESIAN_POINT('Ctrl Pts',(3.30771181535462,-5.52484340281362,-22.4434338909791));
#5298=CARTESIAN_POINT('Ctrl Pts',(3.25864720608891,-5.57415113332584,-22.4669602698088));
#5299=CARTESIAN_POINT('Ctrl Pts',(3.23394045882275,-5.59898030560023,-22.4788071041062));
#5300=CARTESIAN_POINT('Ctrl Pts',(3.20929320317508,-5.62375493955166,-22.4908924302726));
#5301=CARTESIAN_POINT('Ctrl Pts',(3.18470536576863,-5.64847423183707,-22.5032085153945));
#5302=CARTESIAN_POINT('Ctrl Pts',(3.15805320371226,-5.67526888534883,-22.5165586238706));
#5303=CARTESIAN_POINT('Ctrl Pts',(3.13147103114393,-5.70199833803911,-22.5301797781871));
#5304=CARTESIAN_POINT('Ctrl Pts',(3.10495900411391,-5.72866126817398,-22.5440619795671));
#5305=CARTESIAN_POINT('Ctrl Pts',(3.07619653457812,-5.75758745004874,-22.5591225554268));
#5306=CARTESIAN_POINT('Ctrl Pts',(3.04751619747174,-5.78643576551177,-22.5744906006755));
#5307=CARTESIAN_POINT('Ctrl Pts',(3.0189185261681,-5.81520414385303,-22.5901531895744));
#5308=CARTESIAN_POINT('Ctrl Pts',(2.98789954879002,-5.84640828168287,-22.6071418976961));
#5309=CARTESIAN_POINT('Ctrl Pts',(2.956976449621,-5.8775197587057,-22.6244778933942));
#5310=CARTESIAN_POINT('Ctrl Pts',(2.92615035159449,-5.90853544886355,-22.6421445307893));
#5311=CARTESIAN_POINT('Ctrl Pts',(2.91033238369725,-5.92445070323032,-22.6512099111344));
#5312=CARTESIAN_POINT('Ctrl Pts',(2.89453953475766,-5.94034116047047,-22.6603625940137));
#5313=CARTESIAN_POINT('Ctrl Pts',(2.87877199738131,-5.95620635527661,-22.6696003227663));
#5314=CARTESIAN_POINT('Ctrl Pts',(2.84073061255813,-5.99448335228054,-22.6918876328248));
#5315=CARTESIAN_POINT('Ctrl Pts',(2.80283271350738,-6.03261717118353,-22.7146722373118));
#5316=CARTESIAN_POINT('Ctrl Pts',(2.76508176213451,-6.07060052152364,-22.7379223324245));
#5317=CARTESIAN_POINT('Ctrl Pts',(2.74725471930832,-6.08853730956661,-22.7489016700628));
#5318=CARTESIAN_POINT('Ctrl Pts',(2.72945938369642,-6.10644161217398,-22.7599854657878));
#5319=CARTESIAN_POINT('Ctrl Pts',(2.71169618327906,-6.12431260171937,-22.7711703768314));
#5320=CARTESIAN_POINT('Ctrl Pts',(2.63499944254967,-6.20147474702744,-22.819463826336));
#5321=CARTESIAN_POINT('Ctrl Pts',(2.55878482423281,-6.27816211724725,-22.8697439024261));
#5322=CARTESIAN_POINT('Ctrl Pts',(2.48305839153219,-6.3542982890217,-22.9217446256293));
#5323=CARTESIAN_POINT('Ctrl Pts',(2.40661593711197,-6.43115435675181,-22.9742370351026));
#5324=CARTESIAN_POINT('Ctrl Pts',(2.33067088230943,-6.50744819492516,-23.0284827842449));
#5325=CARTESIAN_POINT('Ctrl Pts',(2.25528066754021,-6.58308602446906,-23.084208277214));
#5326=CARTESIAN_POINT('Ctrl Pts',(2.1787999720925,-6.65981791631179,-23.1407398107755));
#5327=CARTESIAN_POINT('Ctrl Pts',(2.10289027424064,-6.73587417642003,-23.1987942052246));
#5328=CARTESIAN_POINT('Ctrl Pts',(2.02766459962005,-6.81114949501625,-23.2580858198954));
#5329=CARTESIAN_POINT('Ctrl Pts',(2.00632377216622,-6.83250440600635,-23.2749063020584));
#5330=CARTESIAN_POINT('Ctrl Pts',(1.98503831788233,-6.85379644694951,-23.2918263562455));
#5331=CARTESIAN_POINT('Ctrl Pts',(1.96381157479702,-6.87502319003482,-23.3088394608364));
#5332=CARTESIAN_POINT('Ctrl Pts',(-1.71661848850735,-6.00963567655443,-16.3981049553881));
#5333=CARTESIAN_POINT('Ctrl Pts',(-3.19620375536773,-5.58700050179258,-16.5205558625753));
#5334=CARTESIAN_POINT('Ctrl Pts',(-5.15052624523736,-4.09507380153207,-16.7042322233561));
#5335=CARTESIAN_POINT('Ctrl Pts',(-6.57122036636583,-0.441689995384429,
-17.0103594913241));
#5336=CARTESIAN_POINT('Ctrl Pts',(-5.82273890628795,3.59540667172133,-17.3164867592921));
#5337=CARTESIAN_POINT('Ctrl Pts',(-3.19620375536766,5.58700050179262,-17.5613885736665));
#5338=CARTESIAN_POINT('Ctrl Pts',(-1.71661848850727,6.00963567655445,-17.6838394808537));
#5339=CARTESIAN_POINT('Ctrl Pts',(-1.79901617595579,-6.29809818902934,-16.7106049551128));
#5340=CARTESIAN_POINT('Ctrl Pts',(-3.34962153562554,-5.85517652587891,-16.8330558623));
#5341=CARTESIAN_POINT('Ctrl Pts',(-5.39775150500901,-4.29163734400582,-17.0167322230808));
#5342=CARTESIAN_POINT('Ctrl Pts',(-6.88663894395172,-0.462891115162905,
-17.3228594910488));
#5343=CARTESIAN_POINT('Ctrl Pts',(-6.10223037379007,3.76798619196413,-17.6289867590168));
#5344=CARTESIAN_POINT('Ctrl Pts',(-3.34962153562546,5.85517652587895,-17.8738885733912));
#5345=CARTESIAN_POINT('Ctrl Pts',(-1.79901617595571,6.29809818902937,-17.9963394805784));
#5346=CARTESIAN_POINT('Ctrl Pts',(-1.88141386340423,-6.58656070150426,-17.0231049548374));
#5347=CARTESIAN_POINT('Ctrl Pts',(-3.50303931588335,-6.12335254996523,-17.1455558620246));
#5348=CARTESIAN_POINT('Ctrl Pts',(-5.64497676478066,-4.48820088647956,-17.3292322228054));
#5349=CARTESIAN_POINT('Ctrl Pts',(-7.2020575215376,-0.484092234941378,-17.6353594907734));
#5350=CARTESIAN_POINT('Ctrl Pts',(-6.38172184129217,3.94056571220694,-17.9414867587414));
#5351=CARTESIAN_POINT('Ctrl Pts',(-3.50303931588327,6.12335254996528,-18.1863885731158));
#5352=CARTESIAN_POINT('Ctrl Pts',(-1.88141386340414,6.58656070150428,-18.308839480303));
#5353=CARTESIAN_POINT('Ctrl Pts',(-1.96381155085267,-6.87502321397917,-17.3356049545621));
#5354=CARTESIAN_POINT('Ctrl Pts',(-3.65645709614116,-6.39152857405155,-17.4580558617493));
#5355=CARTESIAN_POINT('Ctrl Pts',(-5.89220202455231,-4.68476442895331,-17.6417322225301));
#5356=CARTESIAN_POINT('Ctrl Pts',(-7.51747609912349,-0.505293354719852,
-17.9478594904981));
#5357=CARTESIAN_POINT('Ctrl Pts',(-6.66121330879429,4.11314523244974,-18.2539867584661));
#5358=CARTESIAN_POINT('Ctrl Pts',(-3.65645709614108,6.3915285740516,-18.4988885728405));
#5359=CARTESIAN_POINT('Ctrl Pts',(-1.96381155085258,6.87502321397919,-18.6213394800277));
#5360=CARTESIAN_POINT('',(-4.41941738241592,4.41941738241592,-17.431597218121));
#5361=CARTESIAN_POINT('Ctrl Pts',(-4.41941738241592,4.41941738241592,-17.4315972181208));
#5362=CARTESIAN_POINT('Ctrl Pts',(-4.41906654715075,4.4197682176811,-17.43163670096));
#5363=CARTESIAN_POINT('Ctrl Pts',(-4.41871571533581,4.42011904949603,-17.4316762449536));
#5364=CARTESIAN_POINT('Ctrl Pts',(-4.41780167417433,4.42103309065751,-17.4317794313939));
#5365=CARTESIAN_POINT('Ctrl Pts',(-4.41723847030659,4.42159629452525,-17.4318431702826));
#5366=CARTESIAN_POINT('Ctrl Pts',(-4.41543791807323,4.42339684675861,-17.4320474492925));
#5367=CARTESIAN_POINT('Ctrl Pts',(-4.41420060431637,4.42463416051547,-17.4321885923615));
#5368=CARTESIAN_POINT('Ctrl Pts',(-4.40354361281068,4.43529115202116,-17.4334108496099));
#5369=CARTESIAN_POINT('Ctrl Pts',(-4.39412658751468,4.44470817731717,-17.4345352498623));
#5370=CARTESIAN_POINT('Ctrl Pts',(-4.28002843186728,4.55880633296457,-17.4486949067618));
#5371=CARTESIAN_POINT('Ctrl Pts',(-4.17589519177252,4.66293957305932,-17.4670903158335));
#5372=CARTESIAN_POINT('Ctrl Pts',(-4.07003074346106,4.76880402137078,-17.4911481712011));
#5373=CARTESIAN_POINT('Ctrl Pts',(-4.06791937799393,4.77091538683326,-17.4916301646925));
#5374=CARTESIAN_POINT('Ctrl Pts',(-3.93116030786037,4.90767445696682,-17.5229914610795));
#5375=CARTESIAN_POINT('Ctrl Pts',(-3.79783203508479,5.04100272974704,-17.5624361679539));
#5376=CARTESIAN_POINT('Ctrl Pts',(-3.58002987438585,5.25880489044598,-17.6402040452191));
#5377=CARTESIAN_POINT('Ctrl Pts',(-3.49509391322886,5.34374085160299,-17.6739469066047));
#5378=CARTESIAN_POINT('Ctrl Pts',(-3.36178405173275,5.4770507130991,-17.7319047446759));
#5379=CARTESIAN_POINT('Ctrl Pts',(-3.31303416511103,5.52580059972084,-17.7541724642753));
#5380=CARTESIAN_POINT('Ctrl Pts',(-3.23988842620684,5.59894633862503,-17.7891221783972));
#5381=CARTESIAN_POINT('Ctrl Pts',(-3.21533280245902,5.62350196237282,-17.8011187976314));
#5382=CARTESIAN_POINT('Ctrl Pts',(-3.16427894732691,5.67455581750493,-17.8265962648772));
#5383=CARTESIAN_POINT('Ctrl Pts',(-3.13779088266787,5.70104388216398,-17.8401170684812));
#5384=CARTESIAN_POINT('Ctrl Pts',(-3.08270775260684,5.75612701222502,-17.8688463454819));
#5385=CARTESIAN_POINT('Ctrl Pts',(-3.05412427245409,5.78471049237775,-17.8841008625418));
#5386=CARTESIAN_POINT('Ctrl Pts',(-2.99470544308735,5.84412932174449,-17.9165105004284));
#5387=CARTESIAN_POINT('Ctrl Pts',(-2.96388293752305,5.87495182730877,-17.9337179258957));
#5388=CARTESIAN_POINT('Ctrl Pts',(-2.91738832246629,5.92144644236553,-17.9602515671385));
#5389=CARTESIAN_POINT('Ctrl Pts',(-2.90164597476967,5.93718879006216,-17.969336130094));
#5390=CARTESIAN_POINT('Ctrl Pts',(-2.84834140583549,5.99049335899633,-18.0004320347978));
#5391=CARTESIAN_POINT('Ctrl Pts',(-2.81089269842066,6.0279420664112,-18.0228440307541));
#5392=CARTESIAN_POINT('Ctrl Pts',(-2.75316455205912,6.08567021277274,-18.0582284376632));
#5393=CARTESIAN_POINT('Ctrl Pts',(-2.73278366590541,6.10605109892639,-18.0708833503149));
#5394=CARTESIAN_POINT('Ctrl Pts',(-2.45711254176898,6.38172222306283,-18.2441991307464));
#5395=CARTESIAN_POINT('Ctrl Pts',(-2.20668432557267,6.63215043925918,-18.4266784372371));
#5396=CARTESIAN_POINT('Ctrl Pts',(-1.96381155085264,6.87502321397921,-18.6213394800277));
#5397=CARTESIAN_POINT('',(-4.41941738241592,-4.41941738241592,-16.650347218121));
#5398=CARTESIAN_POINT('Ctrl Pts',(-1.96381155085268,-6.87502321397917,-17.3356049545621));
#5399=CARTESIAN_POINT('Ctrl Pts',(-2.45699207902874,-6.38184268580311,-17.0251419693046));
#5400=CARTESIAN_POINT('Ctrl Pts',(-2.97488760191604,-5.8639471629158,-16.7863760848347));
#5401=CARTESIAN_POINT('Ctrl Pts',(-3.73760719574793,-5.10122756908391,-16.6430490265606));
#5402=CARTESIAN_POINT('Ctrl Pts',(-3.96208308729214,-4.87675167753971,-16.6252630507526));
#5403=CARTESIAN_POINT('Ctrl Pts',(-4.26211171491636,-4.57672304991549,-16.635865995947));
#5404=CARTESIAN_POINT('Ctrl Pts',(-4.33566832615832,-4.50316643867353,-16.6411909627108));
#5405=CARTESIAN_POINT('Ctrl Pts',(-4.41133092718867,-4.42750383764318,-16.6494472869072));
#5406=CARTESIAN_POINT('Ctrl Pts',(-4.41350033068071,-4.42533443415114,-16.6496863670761));
#5407=CARTESIAN_POINT('Ctrl Pts',(-4.4163825565618,-4.42245220827004,-16.6500071305716));
#5408=CARTESIAN_POINT('Ctrl Pts',(-4.41709549287317,-4.42173927195868,-16.6500867275783));
#5409=CARTESIAN_POINT('Ctrl Pts',(-4.41826717632424,-4.42056758850761,-16.6502179598768));
#5410=CARTESIAN_POINT('Ctrl Pts',(-4.41872593167917,-4.42010883315268,-16.6502694471823));
#5411=CARTESIAN_POINT('Ctrl Pts',(-4.4192622484326,-4.41957251639924,-16.6503297624221));
#5412=CARTESIAN_POINT('Ctrl Pts',(-4.4193398155085,-4.41949494932335,-16.6503384887768));
#5413=CARTESIAN_POINT('Ctrl Pts',(-4.41941738241588,-4.41941738241596,-16.6503472181208));
#5414=CARTESIAN_POINT('Ctrl Pts',(-4.41941738241588,-4.41941738241596,-16.650347218121));
#5415=CARTESIAN_POINT('Ctrl Pts',(-5.41113232396912,-3.42770244086275,-16.7619543609781));
#5416=CARTESIAN_POINT('Ctrl Pts',(-6.47779118423346,-1.20109721485309,-16.94796626574));
#5417=CARTESIAN_POINT('Ctrl Pts',(-6.09772097541807,2.13601342601595,-17.2083829324067));
#5418=CARTESIAN_POINT('Ctrl Pts',(-5.08056067678471,3.75827408804714,-17.3571924562162));
#5419=CARTESIAN_POINT('Ctrl Pts',(-4.41941738241589,4.41941738241596,-17.431597218121));
#5420=CARTESIAN_POINT('Ctrl Pts',(1.97774165681376,5.92883107694127,-24.232358386142));
#5421=CARTESIAN_POINT('Ctrl Pts',(2.84924314711601,5.63811528845313,-24.3054671112713));
#5422=CARTESIAN_POINT('Ctrl Pts',(4.45838302913263,4.66608048252914,-24.45168456153));
#5423=CARTESIAN_POINT('Ctrl Pts',(6.28866257046487,1.92361163556116,-24.7075650994827));
#5424=CARTESIAN_POINT('Ctrl Pts',(6.38086556003427,-0.496108222708561,-24.890336912306));
#5425=CARTESIAN_POINT('Ctrl Pts',(5.98071873485712,-1.81480120523713,-25.));
#5426=CARTESIAN_POINT('Ctrl Pts',(2.05547333294084,6.1618534110248,-24.4882389242273));
#5427=CARTESIAN_POINT('Ctrl Pts',(2.96122766478842,5.85971154702374,-24.5613476493566));
#5428=CARTESIAN_POINT('Ctrl Pts',(4.63361197497449,4.84947261344839,-24.7075650996153));
#5429=CARTESIAN_POINT('Ctrl Pts',(6.53582745194256,1.99921582589339,-24.963445637568));
#5430=CARTESIAN_POINT('Ctrl Pts',(6.63165431872487,-0.515606888552354,-25.1462174503913));
#5431=CARTESIAN_POINT('Ctrl Pts',(6.21578042256715,-1.88612879194923,-25.2558805380853));
#5432=CARTESIAN_POINT('Ctrl Pts',(2.13320500906792,6.39487574510833,-24.7441194623126));
#5433=CARTESIAN_POINT('Ctrl Pts',(3.07321218246083,6.08130780559435,-24.817228187442));
#5434=CARTESIAN_POINT('Ctrl Pts',(4.80884092081635,5.03286474436763,-24.9634456377006));
#5435=CARTESIAN_POINT('Ctrl Pts',(6.78299233342026,2.07482001622562,-25.2193261756533));
#5436=CARTESIAN_POINT('Ctrl Pts',(6.88244307741548,-0.535105554396149,-25.4020979884766));
#5437=CARTESIAN_POINT('Ctrl Pts',(6.45084211027718,-1.95745637866134,-25.5117610761706));
#5438=CARTESIAN_POINT('Ctrl Pts',(2.210936685195,6.62789807919185,-25.0000000003979));
#5439=CARTESIAN_POINT('Ctrl Pts',(3.18519670013324,6.30290406416496,-25.0731087255273));
#5440=CARTESIAN_POINT('Ctrl Pts',(4.98406986665821,5.21625687528689,-25.2193261757859));
#5441=CARTESIAN_POINT('Ctrl Pts',(7.03015721489795,2.15042420655785,-25.4752067137386));
#5442=CARTESIAN_POINT('Ctrl Pts',(7.13323183610608,-0.554604220239943,-25.657978526562));
#5443=CARTESIAN_POINT('Ctrl Pts',(6.68590379798721,-2.02878396537344,-25.767641614256));
#5444=CARTESIAN_POINT('',(2.21093668586272,6.62789807896912,-25.000000000224));
#5445=CARTESIAN_POINT('',(5.98071873485733,-1.81480120523612,-25.));
#5446=CARTESIAN_POINT('Ctrl Pts',(2.21093668581988,6.6278980788651,-25.0000000003306));
#5447=CARTESIAN_POINT('Ctrl Pts',(2.39224855961592,6.55332578811548,-25.0000000002755));
#5448=CARTESIAN_POINT('Ctrl Pts',(2.57017851163041,6.47103234268893,-25.0000000001928));
#5449=CARTESIAN_POINT('Ctrl Pts',(2.74430995341477,6.3813183249338,-25.000000000124));
#5450=CARTESIAN_POINT('Ctrl Pts',(2.91844139519913,6.29160430717867,-25.0000000000551));
#5451=CARTESIAN_POINT('Ctrl Pts',(3.08877498123444,6.19446916313347,-25.));
#5452=CARTESIAN_POINT('Ctrl Pts',(3.25485472597361,6.09016851033682,-25.));
#5453=CARTESIAN_POINT('Ctrl Pts',(3.41349110774142,5.99054240480741,-25.));
#5454=CARTESIAN_POINT('Ctrl Pts',(3.5678998937695,5.88459617330191,-25.));
#5455=CARTESIAN_POINT('Ctrl Pts',(3.71771243580387,5.77259166807837,-25.));
#5456=CARTESIAN_POINT('Ctrl Pts',(3.8667545560293,5.66116315410598,-25.));
#5457=CARTESIAN_POINT('Ctrl Pts',(4.01124807410807,5.54373802845372,-25.));
#5458=CARTESIAN_POINT('Ctrl Pts',(4.15079270643158,5.42053885639332,-25.));
#5459=CARTESIAN_POINT('Ctrl Pts',(4.19941903188806,5.37760834063769,-25.));
#5460=CARTESIAN_POINT('Ctrl Pts',(4.24744405999073,5.3339764165793,-25.));
#5461=CARTESIAN_POINT('Ctrl Pts',(4.2948496135115,5.28965165312433,-25.));
#5462=CARTESIAN_POINT('Ctrl Pts',(4.32864568545724,5.25805191884329,-25.));
#5463=CARTESIAN_POINT('Ctrl Pts',(4.36212689817328,5.22610004287068,-25.));
#5464=CARTESIAN_POINT('Ctrl Pts',(4.39528644821717,5.19379900953932,-25.));
#5465=CARTESIAN_POINT('Ctrl Pts',(4.41396573686973,5.17560333666155,-25.));
#5466=CARTESIAN_POINT('Ctrl Pts',(4.43253743113438,5.15730221103593,-25.));
#5467=CARTESIAN_POINT('Ctrl Pts',(4.45099638591301,5.13890051581502,-25.));
#5468=CARTESIAN_POINT('Ctrl Pts',(4.52978386555752,5.06035743442017,-25.));
#5469=CARTESIAN_POINT('Ctrl Pts',(4.6065422216027,4.9799588537245,-25.));
#5470=CARTESIAN_POINT('Ctrl Pts',(4.68119742370137,4.89776124625761,-25.));
#5471=CARTESIAN_POINT('Ctrl Pts',(4.80463735194107,4.76185019810616,-25.));
#5472=CARTESIAN_POINT('Ctrl Pts',(4.92232969962019,4.62102225454321,-25.));
#5473=CARTESIAN_POINT('Ctrl Pts',(5.03404472340647,4.47569739319754,-25.));
#5474=CARTESIAN_POINT('Ctrl Pts',(5.14596251699839,4.3301087580738,-25.));
#5475=CARTESIAN_POINT('Ctrl Pts',(5.25188162364639,4.18000619448012,-25.));
#5476=CARTESIAN_POINT('Ctrl Pts',(5.35152606136126,4.02578572206401,-25.));
#5477=CARTESIAN_POINT('Ctrl Pts',(5.44979043819382,3.87370118062521,-25.));
#5478=CARTESIAN_POINT('Ctrl Pts',(5.54195296647013,3.71761133447737,-25.));
#5479=CARTESIAN_POINT('Ctrl Pts',(5.62770120125127,3.55788052807853,-25.));
#5480=CARTESIAN_POINT('Ctrl Pts',(5.67910237013167,3.46213103333892,-25.));
#5481=CARTESIAN_POINT('Ctrl Pts',(5.72819774706892,3.36507297584381,-25.));
#5482=CARTESIAN_POINT('Ctrl Pts',(5.77491111854567,3.26678360448594,-25.));
#5483=CARTESIAN_POINT('Ctrl Pts',(5.79944263719154,3.21516695876049,-25.));
#5484=CARTESIAN_POINT('Ctrl Pts',(5.82331712602404,3.16321072982245,-25.));
#5485=CARTESIAN_POINT('Ctrl Pts',(5.84652276474598,3.11092608684713,-25.));
#5486=CARTESIAN_POINT('Ctrl Pts',(5.85577495642187,3.09007996645762,-25.));
#5487=CARTESIAN_POINT('Ctrl Pts',(5.86492170307964,3.06917958425237,-25.));
#5488=CARTESIAN_POINT('Ctrl Pts',(5.8739593870881,3.04823225281391,-25.));
#5489=CARTESIAN_POINT('Ctrl Pts',(5.94525888651847,2.88297594991971,-25.));
#5490=CARTESIAN_POINT('Ctrl Pts',(6.0096119889978,2.71517966516828,-25.));
#5491=CARTESIAN_POINT('Ctrl Pts',(6.06678574021692,2.54522622081745,-25.));
#5492=CARTESIAN_POINT('Ctrl Pts',(6.08802560372056,2.48208906638882,-25.));
#5493=CARTESIAN_POINT('Ctrl Pts',(6.10827416697261,2.41865401282798,-25.));
#5494=CARTESIAN_POINT('Ctrl Pts',(6.12751773920063,2.35494011756661,-25.));
#5495=CARTESIAN_POINT('Ctrl Pts',(6.17962522663622,2.18241648435212,-25.));
#5496=CARTESIAN_POINT('Ctrl Pts',(6.22436780492022,2.00784873676297,-25.));
#5497=CARTESIAN_POINT('Ctrl Pts',(6.26176560697464,1.83170146225907,-25.));
#5498=CARTESIAN_POINT('Ctrl Pts',(6.29913049905448,1.65570919692708,-25.));
#5499=CARTESIAN_POINT('Ctrl Pts',(6.32916346149052,1.47813942763431,-25.));
#5500=CARTESIAN_POINT('Ctrl Pts',(6.35183262985823,1.29945606085702,-25.));
#5501=CARTESIAN_POINT('Ctrl Pts',(6.36844225171523,1.16853537130346,-25.));
#5502=CARTESIAN_POINT('Ctrl Pts',(6.38109758483294,1.0370168183552,-25.));
#5503=CARTESIAN_POINT('Ctrl Pts',(6.38976869511953,0.905086593972534,-25.));
#5504=CARTESIAN_POINT('Ctrl Pts',(6.39356230586992,0.847367120805116,-25.));
#5505=CARTESIAN_POINT('Ctrl Pts',(6.39659312300539,0.789568909198363,-25.));
#5506=CARTESIAN_POINT('Ctrl Pts',(6.39885776397323,0.731707874066613,-25.));
#5507=CARTESIAN_POINT('Ctrl Pts',(6.40018990809243,0.697671910407612,-25.));
#5508=CARTESIAN_POINT('Ctrl Pts',(6.40125692838497,0.663614212600572,-25.));
#5509=CARTESIAN_POINT('Ctrl Pts',(6.4020580507055,0.629538059539112,-25.));
#5510=CARTESIAN_POINT('Ctrl Pts',(6.40268544942946,0.602851329684602,-25.));
#5511=CARTESIAN_POINT('Ctrl Pts',(6.40314973305997,0.576150481476322,-25.));
#5512=CARTESIAN_POINT('Ctrl Pts',(6.4034504234095,0.549461158738727,-25.));
#5513=CARTESIAN_POINT('Ctrl Pts',(6.40544371449941,0.37253632795483,-25.));
#5514=CARTESIAN_POINT('Ctrl Pts',(6.4002590566956,0.195900244828709,-25.));
#5515=CARTESIAN_POINT('Ctrl Pts',(6.38792533002364,0.0199906653129669,-25.));
#5516=CARTESIAN_POINT('Ctrl Pts',(6.37564446471183,-0.155164979898412,-25.));
#5517=CARTESIAN_POINT('Ctrl Pts',(6.35627555381207,-0.329601050781225,-25.));
#5518=CARTESIAN_POINT('Ctrl Pts',(6.32979639218664,-0.502878505934654,-25.));
#5519=CARTESIAN_POINT('Ctrl Pts',(6.30359230363456,-0.674355905527277,-25.));
#5520=CARTESIAN_POINT('Ctrl Pts',(6.27042476505353,-0.844699283715066,-25.));
#5521=CARTESIAN_POINT('Ctrl Pts',(6.23022467102548,-1.01346628837847,-25.));
#5522=CARTESIAN_POINT('Ctrl Pts',(6.19095685133584,-1.17831944280292,-25.));
#5523=CARTESIAN_POINT('Ctrl Pts',(6.14497864669979,-1.34166900221671,-25.));
#5524=CARTESIAN_POINT('Ctrl Pts',(6.09218300190601,-1.50307811204035,-25.));
#5525=CARTESIAN_POINT('Ctrl Pts',(6.05791422098383,-1.6078460989642,-25.));
#5526=CARTESIAN_POINT('Ctrl Pts',(6.02077233517037,-1.71179604033527,-25.));
#5527=CARTESIAN_POINT('Ctrl Pts',(5.98071873485712,-1.81480120523713,-25.));
#5528=CARTESIAN_POINT('',(4.41941738241592,4.41941738241592,-24.462847218121));
#5529=CARTESIAN_POINT('Ctrl Pts',(2.21093668586274,6.62789807896911,-25.000000000448));
#5530=CARTESIAN_POINT('Ctrl Pts',(2.66622738792273,6.17260737690913,-24.7411839641911));
#5531=CARTESIAN_POINT('Ctrl Pts',(3.10270862068616,5.7361261441457,-24.5719358168158));
#5532=CARTESIAN_POINT('Ctrl Pts',(3.75534872346856,5.0834860413633,-24.4538197376374));
#5533=CARTESIAN_POINT('Ctrl Pts',(3.97606354021946,4.86277122461239,-24.4375232333515));
#5534=CARTESIAN_POINT('Ctrl Pts',(4.26887786957292,4.56995689525893,-24.4488596725627));
#5535=CARTESIAN_POINT('Ctrl Pts',(4.33912353524942,4.49971122958243,-24.4540645751289));
#5536=CARTESIAN_POINT('Ctrl Pts',(4.41143868726648,4.42739607756536,-24.4619591532643));
#5537=CARTESIAN_POINT('Ctrl Pts',(4.41356952513425,4.4252652396976,-24.4621940461374));
#5538=CARTESIAN_POINT('Ctrl Pts',(4.41640830499262,4.42242645983923,-24.4625100035071));
#5539=CARTESIAN_POINT('Ctrl Pts',(4.41711635664475,4.42171840818709,-24.4625890606585));
#5540=CARTESIAN_POINT('Ctrl Pts',(4.4182820763279,4.42055268850394,-24.4627196312054));
#5541=CARTESIAN_POINT('Ctrl Pts',(4.41873975235742,4.42009501247443,-24.4627709995663));
#5542=CARTESIAN_POINT('Ctrl Pts',(4.41927074268229,4.41956402214956,-24.4628307180406));
#5543=CARTESIAN_POINT('Ctrl Pts',(4.41934406262442,4.41949070220743,-24.4628389667453));
#5544=CARTESIAN_POINT('Ctrl Pts',(4.41941738241593,4.41941738241592,-24.4628472181208));
#5545=CARTESIAN_POINT('Ctrl Pts',(4.41941738241583,4.41941738241601,-24.462847218121));
#5546=CARTESIAN_POINT('Ctrl Pts',(5.08056067678466,3.75827408804721,-24.5372519800258));
#5547=CARTESIAN_POINT('Ctrl Pts',(6.09769969330609,2.13601881431039,-24.6860615038353));
#5548=CARTESIAN_POINT('Ctrl Pts',(6.35903484377357,-0.158658615486707,-24.8651307672471));
#5549=CARTESIAN_POINT('Ctrl Pts',(6.08813786344999,-1.45016416318832,-24.9697952687541));
#5550=CARTESIAN_POINT('Ctrl Pts',(5.97699808622579,-1.81366361893252,-25.0000550083563));
#5551=CARTESIAN_POINT('Ctrl Pts',(-1.71661848850654,-6.00963567655466,-19.523104955388));
#5552=CARTESIAN_POINT('Ctrl Pts',(-3.19620375536703,-5.587000501793,-19.6455558625753));
#5553=CARTESIAN_POINT('Ctrl Pts',(-5.15045814831272,-4.09505525236775,-19.8292322233561));
#5554=CARTESIAN_POINT('Ctrl Pts',(-6.57116527165006,-0.441684667359824,
-20.1353594913241));
#5555=CARTESIAN_POINT('Ctrl Pts',(-5.82267460150899,3.59538282839001,-20.4414867592921));
#5556=CARTESIAN_POINT('Ctrl Pts',(-3.19620375536784,5.58700050179254,-20.6863885736665));
#5557=CARTESIAN_POINT('Ctrl Pts',(-1.7166184885074,6.00963567655441,-20.8088394808537));
#5558=CARTESIAN_POINT('Ctrl Pts',(-1.79901617595494,-6.29809818902959,-19.8356049551127));
#5559=CARTESIAN_POINT('Ctrl Pts',(-3.34962153562481,-5.85517652587934,-19.9580558622999));
#5560=CARTESIAN_POINT('Ctrl Pts',(-5.39768013943199,-4.2916179044816,-20.1417322230807));
#5561=CARTESIAN_POINT('Ctrl Pts',(-6.8865812046896,-0.462885531393119,-20.4478594910487));
#5562=CARTESIAN_POINT('Ctrl Pts',(-6.10216298238172,3.76796120415291,-20.7539867590168));
#5563=CARTESIAN_POINT('Ctrl Pts',(-3.34962153562566,5.85517652587886,-20.9988885733912));
#5564=CARTESIAN_POINT('Ctrl Pts',(-1.79901617595584,6.29809818902933,-21.1213394805784));
#5565=CARTESIAN_POINT('Ctrl Pts',(-1.88141386340334,-6.58656070150451,-20.1481049548374));
#5566=CARTESIAN_POINT('Ctrl Pts',(-3.50303931588259,-6.12335254996568,-20.2705558620246));
#5567=CARTESIAN_POINT('Ctrl Pts',(-5.64490213055125,-4.48818055659546,-20.4542322228054));
#5568=CARTESIAN_POINT('Ctrl Pts',(-7.20199713772912,-0.48408639542641,-20.7603594907734));
#5569=CARTESIAN_POINT('Ctrl Pts',(-6.38165136325444,3.94053957991581,-21.0664867587414));
#5570=CARTESIAN_POINT('Ctrl Pts',(-3.50303931588347,6.12335254996518,-21.3113885731158));
#5571=CARTESIAN_POINT('Ctrl Pts',(-1.88141386340428,6.58656070150424,-21.433839480303));
#5572=CARTESIAN_POINT('Ctrl Pts',(-1.96381155085174,-6.87502321397943,-20.460604954562));
#5573=CARTESIAN_POINT('Ctrl Pts',(-3.65645709614037,-6.39152857405203,-20.5830558617492));
#5574=CARTESIAN_POINT('Ctrl Pts',(-5.89212412167052,-4.68474320870931,-20.76673222253));
#5575=CARTESIAN_POINT('Ctrl Pts',(-7.51741307076865,-0.505287259459705,
-21.072859490498));
#5576=CARTESIAN_POINT('Ctrl Pts',(-6.66113974412716,4.11311795567871,-21.3789867584661));
#5577=CARTESIAN_POINT('Ctrl Pts',(-3.65645709614129,6.3915285740515,-21.6238885728405));
#5578=CARTESIAN_POINT('Ctrl Pts',(-1.96381155085273,6.87502321397915,-21.7463394800277));
#5579=CARTESIAN_POINT('',(-4.41941738241592,4.41941738241592,-20.556597218121));
#5580=CARTESIAN_POINT('Ctrl Pts',(-4.41941738241592,4.41941738241592,-20.5565972181208));
#5581=CARTESIAN_POINT('Ctrl Pts',(-4.41906654714874,4.4197682176831,-20.5566367009602));
#5582=CARTESIAN_POINT('Ctrl Pts',(-4.41871571533264,4.42011904949921,-20.556676244954));
#5583=CARTESIAN_POINT('Ctrl Pts',(-4.41780167416414,4.42103309066771,-20.5567794313951));
#5584=CARTESIAN_POINT('Ctrl Pts',(-4.41723847028607,4.42159629454577,-20.5568431702849));
#5585=CARTESIAN_POINT('Ctrl Pts',(-4.41543791807377,4.42339684675808,-20.5570474492924));
#5586=CARTESIAN_POINT('Ctrl Pts',(-4.41420060431745,4.4246341605144,-20.5571885923614));
#5587=CARTESIAN_POINT('Ctrl Pts',(-4.40354361281176,4.43529115202008,-20.5584108496097));
#5588=CARTESIAN_POINT('Ctrl Pts',(-4.39412658751665,4.4447081773152,-20.5595352498621));
#5589=CARTESIAN_POINT('Ctrl Pts',(-4.28002843186719,4.55880633296466,-20.5736949067618));
#5590=CARTESIAN_POINT('Ctrl Pts',(-4.17589519177231,4.66293957305954,-20.5920903158336));
#5591=CARTESIAN_POINT('Ctrl Pts',(-4.07003074346315,4.76880402136869,-20.6161481712007));
#5592=CARTESIAN_POINT('Ctrl Pts',(-4.0679193779981,4.77091538682909,-20.6166301646915));
#5593=CARTESIAN_POINT('Ctrl Pts',(-3.93056397713389,4.9082707876933,-20.6481282103615));
#5594=CARTESIAN_POINT('Ctrl Pts',(-3.7966522179769,5.04218254685495,-20.6877854762993));
#5595=CARTESIAN_POINT('Ctrl Pts',(-3.57797374617356,5.26086101865829,-20.7659855015118));
#5596=CARTESIAN_POINT('Ctrl Pts',(-3.4927397955755,5.34609496925637,-20.7999045927164));
#5597=CARTESIAN_POINT('Ctrl Pts',(-3.35855206253174,5.48028270230013,-20.8583500614636));
#5598=CARTESIAN_POINT('Ctrl Pts',(-3.30922279255591,5.52961197227595,-20.8809338909789));
#5599=CARTESIAN_POINT('Ctrl Pts',(-3.2353873048518,5.60344745998006,-20.9163071041065));
#5600=CARTESIAN_POINT('Ctrl Pts',(-3.21071643542869,5.62811832940316,-20.9283924302733));
#5601=CARTESIAN_POINT('Ctrl Pts',(-3.15942336096767,5.67941140386418,-20.9540586238697));
#5602=CARTESIAN_POINT('Ctrl Pts',(-3.13281140296681,5.70602336186502,-20.9676797781853));
#5603=CARTESIAN_POINT('Ctrl Pts',(-3.07747105456633,5.7613637102655,-20.9966225554266));
#5604=CARTESIAN_POINT('Ctrl Pts',(-3.04875433225027,5.79008043258157,-21.011990600675));
#5605=CARTESIAN_POINT('Ctrl Pts',(-2.98905846747081,5.84977629736103,-21.0446418976975));
#5606=CARTESIAN_POINT('Ctrl Pts',(-2.9580922511333,5.88074251369859,-21.0619778933972));
#5607=CARTESIAN_POINT('Ctrl Pts',(-2.91138106843299,5.92745369639891,-21.0887099111318));
#5608=CARTESIAN_POINT('Ctrl Pts',(-2.89556513220305,5.94326963262874,-21.0978625940083));
#5609=CARTESIAN_POINT('Ctrl Pts',(-2.84167661490602,5.99715814992578,-21.1293876328248));
#5610=CARTESIAN_POINT('Ctrl Pts',(-2.80372106374194,6.03511370108994,-21.1521722373118));
#5611=CARTESIAN_POINT('Ctrl Pts',(-2.7480580271879,6.09077673764398,-21.1864016700619));
#5612=CARTESIAN_POINT('Ctrl Pts',(-2.73023538685197,6.10859937797986,-21.197485465786));
#5613=CARTESIAN_POINT('Ctrl Pts',(-2.45711254176879,6.38172222306304,-21.3691991307466));
#5614=CARTESIAN_POINT('Ctrl Pts',(-2.20668432557206,6.63215043925979,-21.5516784372376));
#5615=CARTESIAN_POINT('Ctrl Pts',(-1.96381155085272,6.87502321397913,-21.7463394800277));
#5616=CARTESIAN_POINT('',(-4.41941738241592,-4.41941738241592,-19.775347218121));
#5617=CARTESIAN_POINT('Ctrl Pts',(-1.96381155085271,-6.87502321397914,-20.4606049545621));
#5618=CARTESIAN_POINT('Ctrl Pts',(-2.45699207902917,-6.38184268580269,-20.1501419693044));
#5619=CARTESIAN_POINT('Ctrl Pts',(-2.97488760191706,-5.86394716291477,-19.9113760848342));
#5620=CARTESIAN_POINT('Ctrl Pts',(-3.73760719574931,-5.10122756908252,-19.7680490265604));
#5621=CARTESIAN_POINT('Ctrl Pts',(-3.96208308729323,-4.87675167753863,-19.7502630507526));
#5622=CARTESIAN_POINT('Ctrl Pts',(-4.26211171491732,-4.57672304991453,-19.7608659959471));
#5623=CARTESIAN_POINT('Ctrl Pts',(-4.33566832615946,-4.50316643867239,-19.7661909627108));
#5624=CARTESIAN_POINT('Ctrl Pts',(-4.41133092719264,-4.4275038376392,-19.7744472869077));
#5625=CARTESIAN_POINT('Ctrl Pts',(-4.41350033068721,-4.42533443414464,-19.7746863670768));
#5626=CARTESIAN_POINT('Ctrl Pts',(-4.41638255655037,-4.42245220828147,-19.7750071305703));
#5627=CARTESIAN_POINT('Ctrl Pts',(-4.41709549285002,-4.42173927198182,-19.7750867275757));
#5628=CARTESIAN_POINT('Ctrl Pts',(-4.41826717633475,-4.42056758849709,-19.7752179598779));
#5629=CARTESIAN_POINT('Ctrl Pts',(-4.41872593170004,-4.4201088331318,-19.7752694471847));
#5630=CARTESIAN_POINT('Ctrl Pts',(-4.41926224843263,-4.41957251639922,-19.7753297624221));
#5631=CARTESIAN_POINT('Ctrl Pts',(-4.41933981550848,-4.41949494932336,-19.7753384887768));
#5632=CARTESIAN_POINT('Ctrl Pts',(-4.41941738241592,-4.41941738241593,-19.7753472181208));
#5633=CARTESIAN_POINT('Ctrl Pts',(-4.41941738241591,-4.41941738241593,-19.775347218121));
#5634=CARTESIAN_POINT('Ctrl Pts',(-5.41113232396912,-3.42770244086273,-19.8869543609781));
#5635=CARTESIAN_POINT('Ctrl Pts',(-6.47777399782328,-1.20109035655871,-20.07296626574));
#5636=CARTESIAN_POINT('Ctrl Pts',(-6.09771117033293,2.13601590368492,-20.3333829324067));
#5637=CARTESIAN_POINT('Ctrl Pts',(-5.08056067678472,3.75827408804712,-20.4821924562162));
#5638=CARTESIAN_POINT('Ctrl Pts',(-4.41941738241592,4.41941738241592,-20.556597218121));
#5639=CARTESIAN_POINT('Ctrl Pts',(-1.71661848850568,-6.00963567655491,-22.648104955388));
#5640=CARTESIAN_POINT('Ctrl Pts',(-2.456411121936,-5.79831808917417,-22.7093304089816));
#5641=CARTESIAN_POINT('Ctrl Pts',(-4.5644780575139,-4.7592887555103,-22.8930067697624));
#5642=CARTESIAN_POINT('Ctrl Pts',(-6.7318868280908,-1.26063729404135,-23.1991340377304));
#5643=CARTESIAN_POINT('Ctrl Pts',(-5.82065624512654,3.59841983527457,-23.5664867592921));
#5644=CARTESIAN_POINT('Ctrl Pts',(-3.19620375536793,5.58700050179251,-23.8113885736665));
#5645=CARTESIAN_POINT('Ctrl Pts',(-1.7166184885074,6.00963567655441,-23.9338394808537));
#5646=CARTESIAN_POINT('Ctrl Pts',(-1.79901617595404,-6.29809818902984,-22.9606049551126));
#5647=CARTESIAN_POINT('Ctrl Pts',(-2.57431885578905,-6.07663735745482,-23.0218304087062));
#5648=CARTESIAN_POINT('Ctrl Pts',(-4.78357300427479,-4.98773461577504,-23.2055067694871));
#5649=CARTESIAN_POINT('Ctrl Pts',(-7.0550173958395,-1.32114788415539,-23.5116340374551));
#5650=CARTESIAN_POINT('Ctrl Pts',(-6.10004774489291,3.77114398736793,-23.8789867590167));
#5651=CARTESIAN_POINT('Ctrl Pts',(-3.34962153562575,5.85517652587883,-24.1238885733912));
#5652=CARTESIAN_POINT('Ctrl Pts',(-1.79901617595584,6.29809818902933,-24.2463394805784));
#5653=CARTESIAN_POINT('Ctrl Pts',(-1.8814138634024,-6.58656070150478,-23.2731049548373));
#5654=CARTESIAN_POINT('Ctrl Pts',(-2.6922265896421,-6.35495662573547,-23.3343304084309));
#5655=CARTESIAN_POINT('Ctrl Pts',(-5.00266795103568,-5.21618047603977,-23.5180067692117));
#5656=CARTESIAN_POINT('Ctrl Pts',(-7.37814796358819,-1.38165847426944,-23.8241340371797));
#5657=CARTESIAN_POINT('Ctrl Pts',(-6.37943924465926,3.9438681394613,-24.1914867587414));
#5658=CARTESIAN_POINT('Ctrl Pts',(-3.50303931588357,6.12335254996515,-24.4363885731158));
#5659=CARTESIAN_POINT('Ctrl Pts',(-1.88141386340429,6.58656070150424,-24.558839480303));
#5660=CARTESIAN_POINT('Ctrl Pts',(-1.96381155085076,-6.87502321397971,-23.5856049545619));
#5661=CARTESIAN_POINT('Ctrl Pts',(-2.81013432349515,-6.63327589401612,-23.6468304081555));
#5662=CARTESIAN_POINT('Ctrl Pts',(-5.22176289779658,-5.4446263363045,-23.8305067689364));
#5663=CARTESIAN_POINT('Ctrl Pts',(-7.70127853133689,-1.44216906438349,-24.1366340369044));
#5664=CARTESIAN_POINT('Ctrl Pts',(-6.65883074442563,4.11659229155465,-24.503986758466));
#5665=CARTESIAN_POINT('Ctrl Pts',(-3.65645709614139,6.39152857405147,-24.7488885728405));
#5666=CARTESIAN_POINT('Ctrl Pts',(-1.96381155085273,6.87502321397915,-24.8713394800277));
#5667=CARTESIAN_POINT('',(-4.41941738241592,4.41941738241592,-23.681597218121));
#5668=CARTESIAN_POINT('',(-1.96381155085417,6.87502321397767,-24.8713394800265));
#5669=CARTESIAN_POINT('Ctrl Pts',(-4.41941738241592,4.41941738241592,-23.6815972181208));
#5670=CARTESIAN_POINT('Ctrl Pts',(-4.41906654715812,4.41976821767373,-23.6816367009592));
#5671=CARTESIAN_POINT('Ctrl Pts',(-4.41871571534756,4.42011904948428,-23.6816762449523));
#5672=CARTESIAN_POINT('Ctrl Pts',(-4.41780167419579,4.42103309063606,-23.6817794313915));
#5673=CARTESIAN_POINT('Ctrl Pts',(-4.41723847034947,4.42159629448238,-23.6818431702777));
#5674=CARTESIAN_POINT('Ctrl Pts',(-4.41543791806677,4.42339684676508,-23.6820474492932));
#5675=CARTESIAN_POINT('Ctrl Pts',(-4.4142006043037,4.42463416052815,-23.682188592363));
#5676=CARTESIAN_POINT('Ctrl Pts',(-4.40354361281021,4.43529115202163,-23.6834108496099));
#5677=CARTESIAN_POINT('Ctrl Pts',(-4.39412658751395,4.4447081773179,-23.6845352498624));
#5678=CARTESIAN_POINT('Ctrl Pts',(-4.28002843186722,4.55880633296463,-23.6986949067618));
#5679=CARTESIAN_POINT('Ctrl Pts',(-4.1758951917724,4.66293957305945,-23.7170903158336));
#5680=CARTESIAN_POINT('Ctrl Pts',(-4.07003074346444,4.7688040213674,-23.7411481712004));
#5681=CARTESIAN_POINT('Ctrl Pts',(-4.06791937800068,4.77091538682651,-23.741630164691));
#5682=CARTESIAN_POINT('Ctrl Pts',(-3.9305639771337,4.90827078769349,-23.7731282103616));
#5683=CARTESIAN_POINT('Ctrl Pts',(-3.79665221797655,5.04218254685532,-23.8127854762995));
#5684=CARTESIAN_POINT('Ctrl Pts',(-3.57797374617388,5.26086101865799,-23.8909855015117));
#5685=CARTESIAN_POINT('Ctrl Pts',(-3.49273979557609,5.34609496925577,-23.9249045927161));
#5686=CARTESIAN_POINT('Ctrl Pts',(-3.35855206253196,5.48028270229991,-23.9833500614635));
#5687=CARTESIAN_POINT('Ctrl Pts',(-3.30922279255637,5.52961197227548,-24.0059338909787));
#5688=CARTESIAN_POINT('Ctrl Pts',(-3.23538730485108,5.60344745998077,-24.0413071041069));
#5689=CARTESIAN_POINT('Ctrl Pts',(-3.21071643542727,5.62811832940458,-24.0533924302741));
#5690=CARTESIAN_POINT('Ctrl Pts',(-3.15942336096613,5.67941140386573,-24.0790586238705));
#5691=CARTESIAN_POINT('Ctrl Pts',(-3.13281140296368,5.70602336186821,-24.092679778187));
#5692=CARTESIAN_POINT('Ctrl Pts',(-3.07747105456789,5.761363710264,-24.1216225554258));
#5693=CARTESIAN_POINT('Ctrl Pts',(-3.04875433225332,5.79008043257853,-24.1369906006734));
#5694=CARTESIAN_POINT('Ctrl Pts',(-2.98905846747218,5.84977629735967,-24.1696418976967));
#5695=CARTESIAN_POINT('Ctrl Pts',(-2.95809225113609,5.88074251369577,-24.1869778933956));
#5696=CARTESIAN_POINT('Ctrl Pts',(-2.91138106842696,5.9274536964049,-24.2137099111352));
#5697=CARTESIAN_POINT('Ctrl Pts',(-2.89556513219096,5.94326963264091,-24.2228625940154));
#5698=CARTESIAN_POINT('Ctrl Pts',(-2.8416766149082,5.99715814992367,-24.2543876328236));
#5699=CARTESIAN_POINT('Ctrl Pts',(-2.80372106374628,6.03511370108558,-24.2771722373091));
#5700=CARTESIAN_POINT('Ctrl Pts',(-2.7480580271857,6.09077673764616,-24.3114016700632));
#5701=CARTESIAN_POINT('Ctrl Pts',(-2.73023538684756,6.1085993779843,-24.3224854657888));
#5702=CARTESIAN_POINT('Ctrl Pts',(-2.45711254176868,6.38172222306318,-24.4941991307467));
#5703=CARTESIAN_POINT('Ctrl Pts',(-2.20668432557165,6.63215043926021,-24.6766784372379));
#5704=CARTESIAN_POINT('Ctrl Pts',(-1.96381155085277,6.87502321397908,-24.8713394800276));
#5705=CARTESIAN_POINT('',(-1.96381155085109,-6.87502321397941,-23.5856049545609));
#5706=CARTESIAN_POINT('Ctrl Pts',(-1.96381155085047,-6.87502321397869,-23.5856049545608));
#5707=CARTESIAN_POINT('Ctrl Pts',(-2.81013432349472,-6.63327589401514,-23.6468304081544));
#5708=CARTESIAN_POINT('Ctrl Pts',(-3.61401051492842,-6.23705937477798,-23.7080558617481));
#5709=CARTESIAN_POINT('Ctrl Pts',(-4.3152290181202,-5.7060845438252,-23.7692813153417));
#5710=CARTESIAN_POINT('Ctrl Pts',(-5.71766602450379,-4.64413488191961,-23.8917322225289));
#5711=CARTESIAN_POINT('Ctrl Pts',(-6.70947227791977,-3.04315197315145,-24.0141831297161));
#5712=CARTESIAN_POINT('Ctrl Pts',(-7.03163410680924,-1.31620029277781,-24.1366340369033));
#5713=CARTESIAN_POINT('Ctrl Pts',(-7.35379593569871,0.41075138759584,-24.2590849440905));
#5714=CARTESIAN_POINT('Ctrl Pts',(-7.00631334006168,2.26367183957493,-24.3815358512777));
#5715=CARTESIAN_POINT('Ctrl Pts',(-6.08197863017221,3.75886613618861,-24.5039867584649));
#5716=CARTESIAN_POINT('Ctrl Pts',(-5.15764392028308,5.25406043280175,-24.6264376656521));
#5717=CARTESIAN_POINT('Ctrl Pts',(-3.65645709614189,6.39152857404973,-24.7488885728393));
#5718=CARTESIAN_POINT('Ctrl Pts',(-1.96381155085422,6.87502321397762,-24.8713394800264));
#5719=CARTESIAN_POINT('',(-4.41941738241592,-4.41941738241592,-22.900347218121));
#5720=CARTESIAN_POINT('Ctrl Pts',(-1.96381155085271,-6.87502321397915,-23.5856049545621));
#5721=CARTESIAN_POINT('Ctrl Pts',(-2.45699207902828,-6.38184268580357,-23.2751419693049));
#5722=CARTESIAN_POINT('Ctrl Pts',(-2.97488760191511,-5.86394716291675,-23.0363760848351));
#5723=CARTESIAN_POINT('Ctrl Pts',(-3.7376071957466,-5.10122756908526,-22.8930490265607));
#5724=CARTESIAN_POINT('Ctrl Pts',(-3.9620830872911,-4.87675167754075,-22.8752630507526));
#5725=CARTESIAN_POINT('Ctrl Pts',(-4.26211171491545,-4.5767230499164,-22.885865995947));
#5726=CARTESIAN_POINT('Ctrl Pts',(-4.33566832615724,-4.50316643867461,-22.8911909627107));
#5727=CARTESIAN_POINT('Ctrl Pts',(-4.41133092718588,-4.42750383764597,-22.8994472869069));
#5728=CARTESIAN_POINT('Ctrl Pts',(-4.4135003306765,-4.42533443415534,-22.8996863670756));
#5729=CARTESIAN_POINT('Ctrl Pts',(-4.41638255655152,-4.42245220828032,-22.9000071305704));
#5730=CARTESIAN_POINT('Ctrl Pts',(-4.4170954928529,-4.42173927197895,-22.900086727576));
#5731=CARTESIAN_POINT('Ctrl Pts',(-4.41826717632417,-4.42056758850767,-22.9002179598768));
#5732=CARTESIAN_POINT('Ctrl Pts',(-4.41872593167919,-4.42010883315266,-22.9002694471823));
#5733=CARTESIAN_POINT('Ctrl Pts',(-4.41926224843252,-4.41957251639933,-22.9003297624221));
#5734=CARTESIAN_POINT('Ctrl Pts',(-4.41933981550844,-4.4194949493234,-22.9003384887768));
#5735=CARTESIAN_POINT('Ctrl Pts',(-4.41941738241588,-4.41941738241596,-22.9003472181208));
#5736=CARTESIAN_POINT('Ctrl Pts',(-4.41941738241591,-4.41941738241593,-22.900347218121));
#5737=CARTESIAN_POINT('Ctrl Pts',(-5.08056067678473,-3.75827408804712,-22.9747519800258));
#5738=CARTESIAN_POINT('Ctrl Pts',(-6.09770316739534,-2.13601793208472,-23.1235615038353));
#5739=CARTESIAN_POINT('Ctrl Pts',(-6.47775998769764,1.20108477092609,-23.3839781705019));
#5740=CARTESIAN_POINT('Ctrl Pts',(-5.41113232396914,3.4277024408627,-23.5699900752638));
#5741=CARTESIAN_POINT('Ctrl Pts',(-4.41941738241592,4.41941738241592,-23.681597218121));
#5742=CARTESIAN_POINT('Ctrl Pts',(5.98071873485727,-1.81480120523633,0.24409724519702));
#5743=CARTESIAN_POINT('Ctrl Pts',(5.68382534452287,-2.79322013988599,0.162731496798014));
#5744=CARTESIAN_POINT('Ctrl Pts',(5.14241417180909,-3.69642067174209,0.0813657483990069));
#5745=CARTESIAN_POINT('Ctrl Pts',(4.41941714182455,-4.41941762300728,2.60208521396521E-16));
#5746=CARTESIAN_POINT('Ctrl Pts',(5.98071873485727,-1.81480120523633,0.162731496798013));
#5747=CARTESIAN_POINT('Ctrl Pts',(5.68382534452287,-2.79322013988599,0.0813657483990069));
#5748=CARTESIAN_POINT('Ctrl Pts',(5.14241417180909,-3.69642067174209,5.20417042793042E-17));
#5749=CARTESIAN_POINT('Ctrl Pts',(4.41941714182455,-4.41941762300728,-0.0813657483990065));
#5750=CARTESIAN_POINT('Ctrl Pts',(5.98071873485727,-1.81480120523633,0.0813657483990067));
#5751=CARTESIAN_POINT('Ctrl Pts',(5.68382534452287,-2.79322013988599,0.));
#5752=CARTESIAN_POINT('Ctrl Pts',(5.14241417180909,-3.69642067174209,-0.0813657483990066));
#5753=CARTESIAN_POINT('Ctrl Pts',(4.41941714182455,-4.41941762300728,-0.162731496798013));
#5754=CARTESIAN_POINT('Ctrl Pts',(5.98071873485727,-1.81480120523633,-6.93889390390723E-17));
#5755=CARTESIAN_POINT('Ctrl Pts',(5.68382534452287,-2.79322013988599,-0.0813657483990067));
#5756=CARTESIAN_POINT('Ctrl Pts',(5.14241417180909,-3.69642067174209,-0.162731496798013));
#5757=CARTESIAN_POINT('Ctrl Pts',(4.41941714182455,-4.41941762300728,-0.24409724519702));
#5758=CARTESIAN_POINT('',(4.41941738241592,-4.41941738241592,0.));
#5759=CARTESIAN_POINT('Ctrl Pts',(4.41941738241592,-4.41941738241592,0.));
#5760=CARTESIAN_POINT('Ctrl Pts',(4.41941738241592,-4.41941738241592,-0.0813657393736595));
#5761=CARTESIAN_POINT('Ctrl Pts',(4.41941738241592,-4.41941738241592,-0.162731478747319));
#5762=CARTESIAN_POINT('Ctrl Pts',(4.41941738241592,-4.41941738241592,-0.244097218120979));
#5763=CARTESIAN_POINT('Ctrl Pts',(4.41941738241592,-4.41941738241592,-9.02056306769613E-17));
#5764=CARTESIAN_POINT('Ctrl Pts',(4.43831991153044,-4.40051485326108,-1.25248006957097E-16));
#5765=CARTESIAN_POINT('Ctrl Pts',(4.45710384162915,-4.38148362734128,1.09082404359714E-16));
#5766=CARTESIAN_POINT('Ctrl Pts',(4.47576823458765,-4.36232494034953,-3.42607886505419E-16));
#5767=CARTESIAN_POINT('Ctrl Pts',(4.49193664834156,-4.34572833423685,-7.33893878370763E-16));
#5768=CARTESIAN_POINT('Ctrl Pts',(4.50800865963641,-4.32904294943493,3.69708323205764E-16));
#5769=CARTESIAN_POINT('Ctrl Pts',(4.52398330501959,-4.31227041947221,3.50414142147315E-16));
#5770=CARTESIAN_POINT('Ctrl Pts',(4.64441769713615,-4.18582069856365,2.04953450443475E-16));
#5771=CARTESIAN_POINT('Ctrl Pts',(4.75933162221318,-4.05441005384679,-6.27515017172878E-17));
#5772=CARTESIAN_POINT('Ctrl Pts',(4.86853595795612,-3.91846561632782,-7.63278329429795E-17));
#5773=CARTESIAN_POINT('Ctrl Pts',(4.97847948227369,-3.7816009902988,-8.99960604185704E-17));
#5774=CARTESIAN_POINT('Ctrl Pts',(5.08263627582272,-3.6401403987451,1.69447543290891E-17));
#5775=CARTESIAN_POINT('Ctrl Pts',(5.18077351989001,-3.49448523909085,-4.16333634234434E-17));
#5776=CARTESIAN_POINT('Ctrl Pts',(5.22423954801879,-3.42997302125954,-6.75782341823663E-17));
#5777=CARTESIAN_POINT('Ctrl Pts',(5.26652416333907,-3.3646375582629,-1.59533774685283E-16));
#5778=CARTESIAN_POINT('Ctrl Pts',(5.30760433624526,-3.29851204954524,-1.38777878078145E-16));
#5779=CARTESIAN_POINT('Ctrl Pts',(5.32607954366085,-3.268773068363,-1.29443216907435E-16));
#5780=CARTESIAN_POINT('Ctrl Pts',(5.3443111140223,-3.23887427896597,-3.840349319817E-16));
#5781=CARTESIAN_POINT('Ctrl Pts',(5.36229683114403,-3.20881864623271,-3.7470027081099E-16));
#5782=CARTESIAN_POINT('Ctrl Pts',(5.37775966730911,-3.18297895790409,-3.66674995234692E-16));
#5783=CARTESIAN_POINT('Ctrl Pts',(5.39304146920355,-3.15702202291948,2.27727677543978E-16));
#5784=CARTESIAN_POINT('Ctrl Pts',(5.40813163519962,-3.13096590644379,1.94289029309402E-16));
#5785=CARTESIAN_POINT('Ctrl Pts',(5.49626454752312,-2.97878723395996,-1.00673177380708E-18));
#5786=CARTESIAN_POINT('Ctrl Pts',(5.57793791209639,-2.82310649361172,-3.52182314431888E-16));
#5787=CARTESIAN_POINT('Ctrl Pts',(5.65293294746681,-2.66433322432928,-3.05311331771918E-16));
#5788=CARTESIAN_POINT('Ctrl Pts',(5.72739310663663,-2.50669235057954,-2.58774640215343E-16));
#5789=CARTESIAN_POINT('Ctrl Pts',(5.7952701689289,-2.34600225821456,5.09124092019396E-17));
#5790=CARTESIAN_POINT('Ctrl Pts',(5.85630486156317,-2.18264026618,1.11022302462516E-16));
#5791=CARTESIAN_POINT('Ctrl Pts',(5.90158399999962,-2.06144869572497,1.55615370124135E-16));
#5792=CARTESIAN_POINT('Ctrl Pts',(5.94309651062467,-1.93878610268167,3.02082071256131E-17));
#5793=CARTESIAN_POINT('Ctrl Pts',(5.98071873485727,-1.81480120523633,0.));
#5794=CARTESIAN_POINT('Ctrl Pts',(4.41941738241591,4.41941738241593,-5.08784721812099));
#5795=CARTESIAN_POINT('Ctrl Pts',(5.41113232396912,3.42770244086273,-5.19945436097813));
#5796=CARTESIAN_POINT('Ctrl Pts',(6.47790220788596,1.20114169221057,-5.38546626574003));
#5797=CARTESIAN_POINT('Ctrl Pts',(6.09778398145958,-2.13599771025088,-5.6458829324067));
#5798=CARTESIAN_POINT('Ctrl Pts',(5.08056067678471,-3.75827408804715,-5.79469245621623));
#5799=CARTESIAN_POINT('Ctrl Pts',(4.41941738241589,-4.41941738241595,-5.86909721812099));
#5800=CARTESIAN_POINT('Ctrl Pts',(4.41941738241591,4.41941738241593,-5.29618055145432));
#5801=CARTESIAN_POINT('Ctrl Pts',(5.41113232396912,3.42770244086272,-5.40778769431146));
#5802=CARTESIAN_POINT('Ctrl Pts',(6.47790220788596,1.20114169221057,-5.59379959907337));
#5803=CARTESIAN_POINT('Ctrl Pts',(6.09778398145958,-2.13599771025088,-5.85421626574004));
#5804=CARTESIAN_POINT('Ctrl Pts',(5.0805606767847,-3.75827408804715,-6.00302578954956));
#5805=CARTESIAN_POINT('Ctrl Pts',(4.41941738241589,-4.41941738241595,-6.07743055145432));
#5806=CARTESIAN_POINT('Ctrl Pts',(4.41941738241591,4.41941738241593,-5.50451388478765));
#5807=CARTESIAN_POINT('Ctrl Pts',(5.41113232396912,3.42770244086273,-5.61612102764479));
#5808=CARTESIAN_POINT('Ctrl Pts',(6.47790220788596,1.20114169221057,-5.8021329324067));
#5809=CARTESIAN_POINT('Ctrl Pts',(6.09778398145958,-2.13599771025088,-6.06254959907337));
#5810=CARTESIAN_POINT('Ctrl Pts',(5.08056067678471,-3.75827408804715,-6.21135912288289));
#5811=CARTESIAN_POINT('Ctrl Pts',(4.41941738241589,-4.41941738241595,-6.28576388478766));
#5812=CARTESIAN_POINT('Ctrl Pts',(4.41941738241591,4.41941738241593,-5.71284721812099));
#5813=CARTESIAN_POINT('Ctrl Pts',(5.41113232396912,3.42770244086273,-5.82445436097813));
#5814=CARTESIAN_POINT('Ctrl Pts',(6.47790220788596,1.20114169221057,-6.01046626574003));
#5815=CARTESIAN_POINT('Ctrl Pts',(6.09778398145958,-2.13599771025088,-6.2708829324067));
#5816=CARTESIAN_POINT('Ctrl Pts',(5.08056067678471,-3.75827408804715,-6.41969245621623));
#5817=CARTESIAN_POINT('Ctrl Pts',(4.41941738241589,-4.41941738241595,-6.49409721812099));
#5818=CARTESIAN_POINT('Ctrl Pts',(4.41941738241593,4.41941738241591,-5.71284721812099));
#5819=CARTESIAN_POINT('Ctrl Pts',(4.41941738241593,4.41941738241591,-5.60868055145432));
#5820=CARTESIAN_POINT('Ctrl Pts',(4.41941738241593,4.41941738241591,-5.50451388478765));
#5821=CARTESIAN_POINT('Ctrl Pts',(4.41941738241593,4.41941738241591,-5.29618055145432));
#5822=CARTESIAN_POINT('Ctrl Pts',(4.41941738241593,4.41941738241591,-5.19201388478765));
#5823=CARTESIAN_POINT('Ctrl Pts',(4.41941738241593,4.41941738241591,-5.08784721812099));
#5824=CARTESIAN_POINT('Ctrl Pts',(4.41941738241593,-4.41941738241591,-5.86909721812099));
#5825=CARTESIAN_POINT('Ctrl Pts',(4.41941738241593,-4.41941738241591,-5.97326388478765));
#5826=CARTESIAN_POINT('Ctrl Pts',(4.41941738241593,-4.41941738241591,-6.07743055145432));
#5827=CARTESIAN_POINT('Ctrl Pts',(4.41941738241593,-4.41941738241591,-6.28576388478765));
#5828=CARTESIAN_POINT('Ctrl Pts',(4.41941738241593,-4.41941738241591,-6.38993055145432));
#5829=CARTESIAN_POINT('Ctrl Pts',(4.41941738241593,-4.41941738241591,-6.49409721812099));
#5830=CARTESIAN_POINT('Ctrl Pts',(-4.41941738241591,-4.41941738241594,-0.400347218120978));
#5831=CARTESIAN_POINT('Ctrl Pts',(-5.41113232396912,-3.42770244086273,-0.511954360978121));
#5832=CARTESIAN_POINT('Ctrl Pts',(-6.47801207285073,-1.20118601567124,-0.697966265740028));
#5833=CARTESIAN_POINT('Ctrl Pts',(-6.09784573000826,2.13598267845486,-0.958382932406697));
#5834=CARTESIAN_POINT('Ctrl Pts',(-5.08056067678471,3.75827408804715,-1.10719245621622));
#5835=CARTESIAN_POINT('Ctrl Pts',(-4.41941738241589,4.41941738241595,-1.18159721812098));
#5836=CARTESIAN_POINT('Ctrl Pts',(-4.41941738241591,-4.41941738241594,-0.608680551454311));
#5837=CARTESIAN_POINT('Ctrl Pts',(-5.41113232396912,-3.42770244086273,-0.720287694311455));
#5838=CARTESIAN_POINT('Ctrl Pts',(-6.47801207285073,-1.20118601567124,-0.906299599073361));
#5839=CARTESIAN_POINT('Ctrl Pts',(-6.09784573000826,2.13598267845486,-1.16671626574003));
#5840=CARTESIAN_POINT('Ctrl Pts',(-5.0805606767847,3.75827408804715,-1.31552578954956));
#5841=CARTESIAN_POINT('Ctrl Pts',(-4.41941738241589,4.41941738241595,-1.38993055145432));
#5842=CARTESIAN_POINT('Ctrl Pts',(-4.41941738241591,-4.41941738241594,-0.817013884787644));
#5843=CARTESIAN_POINT('Ctrl Pts',(-5.41113232396912,-3.42770244086273,-0.928621027644788));
#5844=CARTESIAN_POINT('Ctrl Pts',(-6.47801207285073,-1.20118601567123,-1.11463293240669));
#5845=CARTESIAN_POINT('Ctrl Pts',(-6.09784573000826,2.13598267845486,-1.37504959907336));
#5846=CARTESIAN_POINT('Ctrl Pts',(-5.08056067678471,3.75827408804715,-1.52385912288289));
#5847=CARTESIAN_POINT('Ctrl Pts',(-4.41941738241589,4.41941738241595,-1.59826388478765));
#5848=CARTESIAN_POINT('Ctrl Pts',(-4.41941738241591,-4.41941738241594,-1.02534721812098));
#5849=CARTESIAN_POINT('Ctrl Pts',(-5.41113232396912,-3.42770244086273,-1.13695436097812));
#5850=CARTESIAN_POINT('Ctrl Pts',(-6.47801207285073,-1.20118601567124,-1.32296626574003));
#5851=CARTESIAN_POINT('Ctrl Pts',(-6.09784573000826,2.13598267845486,-1.5833829324067));
#5852=CARTESIAN_POINT('Ctrl Pts',(-5.08056067678471,3.75827408804715,-1.73219245621622));
#5853=CARTESIAN_POINT('Ctrl Pts',(-4.41941738241589,4.41941738241595,-1.80659721812098));
#5854=CARTESIAN_POINT('Ctrl Pts',(-4.41941738241592,4.41941738241592,-1.18159721812098));
#5855=CARTESIAN_POINT('Ctrl Pts',(-4.41941738241592,4.41941738241592,-1.28576388478765));
#5856=CARTESIAN_POINT('Ctrl Pts',(-4.41941738241592,4.41941738241592,-1.38993055145431));
#5857=CARTESIAN_POINT('Ctrl Pts',(-4.41941738241592,4.41941738241592,-1.59826388478765));
#5858=CARTESIAN_POINT('Ctrl Pts',(-4.41941738241592,4.41941738241592,-1.70243055145431));
#5859=CARTESIAN_POINT('Ctrl Pts',(-4.41941738241592,4.41941738241592,-1.80659721812098));
#5860=CARTESIAN_POINT('Ctrl Pts',(-4.41941738241592,-4.41941738241592,-1.02534721812098));
#5861=CARTESIAN_POINT('Ctrl Pts',(-4.41941738241592,-4.41941738241592,-0.921180551454312));
#5862=CARTESIAN_POINT('Ctrl Pts',(-4.41941738241592,-4.41941738241592,-0.817013884787646));
#5863=CARTESIAN_POINT('Ctrl Pts',(-4.41941738241592,-4.41941738241592,-0.608680551454312));
#5864=CARTESIAN_POINT('Ctrl Pts',(-4.41941738241592,-4.41941738241592,-0.504513884787646));
#5865=CARTESIAN_POINT('Ctrl Pts',(-4.41941738241592,-4.41941738241592,-0.400347218120979));
#5866=CARTESIAN_POINT('Ctrl Pts',(4.41941738241587,4.41941738241597,-8.21284721812098));
#5867=CARTESIAN_POINT('Ctrl Pts',(5.08056067678469,3.75827408804717,-8.28725198002575));
#5868=CARTESIAN_POINT('Ctrl Pts',(6.0977589301295,2.13600391524535,-8.43606150383527));
#5869=CARTESIAN_POINT('Ctrl Pts',(6.47785794011423,-1.20112392147547,-8.69647817050194));
#5870=CARTESIAN_POINT('Ctrl Pts',(5.4111323239691,-3.42770244086277,-8.88249007526385));
#5871=CARTESIAN_POINT('Ctrl Pts',(4.41941738241587,-4.41941738241597,-8.994097218121));
#5872=CARTESIAN_POINT('Ctrl Pts',(4.41941738241587,4.41941738241597,-8.42118055145432));
#5873=CARTESIAN_POINT('Ctrl Pts',(5.08056067678469,3.75827408804717,-8.49558531335908));
#5874=CARTESIAN_POINT('Ctrl Pts',(6.0977589301295,2.13600391524535,-8.6443948371686));
#5875=CARTESIAN_POINT('Ctrl Pts',(6.47785794011423,-1.20112392147547,-8.90481150383528));
#5876=CARTESIAN_POINT('Ctrl Pts',(5.4111323239691,-3.42770244086276,-9.09082340859718));
#5877=CARTESIAN_POINT('Ctrl Pts',(4.41941738241587,-4.41941738241597,-9.20243055145433));
#5878=CARTESIAN_POINT('Ctrl Pts',(4.41941738241587,4.41941738241597,-8.62951388478765));
#5879=CARTESIAN_POINT('Ctrl Pts',(5.08056067678469,3.75827408804717,-8.70391864669241));
#5880=CARTESIAN_POINT('Ctrl Pts',(6.0977589301295,2.13600391524535,-8.85272817050194));
#5881=CARTESIAN_POINT('Ctrl Pts',(6.47785794011423,-1.20112392147547,-9.11314483716861));
#5882=CARTESIAN_POINT('Ctrl Pts',(5.4111323239691,-3.42770244086277,-9.29915674193052));
#5883=CARTESIAN_POINT('Ctrl Pts',(4.41941738241587,-4.41941738241597,-9.41076388478766));
#5884=CARTESIAN_POINT('Ctrl Pts',(4.41941738241587,4.41941738241597,-8.83784721812098));
#5885=CARTESIAN_POINT('Ctrl Pts',(5.08056067678469,3.75827408804717,-8.91225198002575));
#5886=CARTESIAN_POINT('Ctrl Pts',(6.0977589301295,2.13600391524535,-9.06106150383527));
#5887=CARTESIAN_POINT('Ctrl Pts',(6.47785794011423,-1.20112392147547,-9.32147817050194));
#5888=CARTESIAN_POINT('Ctrl Pts',(5.4111323239691,-3.42770244086277,-9.50749007526385));
#5889=CARTESIAN_POINT('Ctrl Pts',(4.41941738241587,-4.41941738241597,-9.619097218121));
#5890=CARTESIAN_POINT('Ctrl Pts',(4.41941738241593,4.41941738241591,-8.83784721812099));
#5891=CARTESIAN_POINT('Ctrl Pts',(4.41941738241593,4.41941738241591,-8.73368055145432));
#5892=CARTESIAN_POINT('Ctrl Pts',(4.41941738241593,4.41941738241591,-8.62951388478765));
#5893=CARTESIAN_POINT('Ctrl Pts',(4.41941738241593,4.41941738241591,-8.42118055145432));
#5894=CARTESIAN_POINT('Ctrl Pts',(4.41941738241593,4.41941738241591,-8.31701388478765));
#5895=CARTESIAN_POINT('Ctrl Pts',(4.41941738241593,4.41941738241591,-8.21284721812099));
#5896=CARTESIAN_POINT('Ctrl Pts',(4.41941738241592,-4.41941738241592,-8.99409721812099));
#5897=CARTESIAN_POINT('Ctrl Pts',(4.41941738241592,-4.41941738241592,-9.09826388478766));
#5898=CARTESIAN_POINT('Ctrl Pts',(4.41941738241592,-4.41941738241593,-9.20243055145432));
#5899=CARTESIAN_POINT('Ctrl Pts',(4.41941738241592,-4.41941738241593,-9.41076388478766));
#5900=CARTESIAN_POINT('Ctrl Pts',(4.41941738241592,-4.41941738241593,-9.51493055145432));
#5901=CARTESIAN_POINT('Ctrl Pts',(4.41941738241592,-4.41941738241593,-9.61909721812099));
#5902=CARTESIAN_POINT('Ctrl Pts',(-4.41941738241591,-4.41941738241593,-3.52534721812098));
#5903=CARTESIAN_POINT('Ctrl Pts',(-5.41113232396913,-3.42770244086272,-3.63695436097812));
#5904=CARTESIAN_POINT('Ctrl Pts',(-6.47793123012402,-1.2011533699221,-3.82296626574003));
#5905=CARTESIAN_POINT('Ctrl Pts',(-6.09780035287179,2.13599368763222,-4.0833829324067));
#5906=CARTESIAN_POINT('Ctrl Pts',(-5.08056067678471,3.75827408804715,-4.23219245621623));
#5907=CARTESIAN_POINT('Ctrl Pts',(-4.41941738241589,4.41941738241595,-4.30659721812099));
#5908=CARTESIAN_POINT('Ctrl Pts',(-4.41941738241591,-4.41941738241593,-3.73368055145431));
#5909=CARTESIAN_POINT('Ctrl Pts',(-5.41113232396913,-3.42770244086272,-3.84528769431146));
#5910=CARTESIAN_POINT('Ctrl Pts',(-6.47793123012403,-1.2011533699221,-4.03129959907336));
#5911=CARTESIAN_POINT('Ctrl Pts',(-6.09780035287179,2.13599368763222,-4.29171626574003));
#5912=CARTESIAN_POINT('Ctrl Pts',(-5.08056067678471,3.75827408804715,-4.44052578954956));
#5913=CARTESIAN_POINT('Ctrl Pts',(-4.41941738241589,4.41941738241595,-4.51493055145432));
#5914=CARTESIAN_POINT('Ctrl Pts',(-4.41941738241591,-4.41941738241593,-3.94201388478765));
#5915=CARTESIAN_POINT('Ctrl Pts',(-5.41113232396913,-3.42770244086272,-4.05362102764479));
#5916=CARTESIAN_POINT('Ctrl Pts',(-6.47793123012402,-1.2011533699221,-4.2396329324067));
#5917=CARTESIAN_POINT('Ctrl Pts',(-6.09780035287179,2.13599368763222,-4.50004959907337));
#5918=CARTESIAN_POINT('Ctrl Pts',(-5.08056067678471,3.75827408804715,-4.64885912288289));
#5919=CARTESIAN_POINT('Ctrl Pts',(-4.41941738241589,4.41941738241595,-4.72326388478765));
#5920=CARTESIAN_POINT('Ctrl Pts',(-4.41941738241591,-4.41941738241593,-4.15034721812098));
#5921=CARTESIAN_POINT('Ctrl Pts',(-5.41113232396913,-3.42770244086272,-4.26195436097812));
#5922=CARTESIAN_POINT('Ctrl Pts',(-6.47793123012402,-1.2011533699221,-4.44796626574003));
#5923=CARTESIAN_POINT('Ctrl Pts',(-6.09780035287179,2.13599368763222,-4.7083829324067));
#5924=CARTESIAN_POINT('Ctrl Pts',(-5.08056067678471,3.75827408804715,-4.85719245621623));
#5925=CARTESIAN_POINT('Ctrl Pts',(-4.41941738241589,4.41941738241595,-4.93159721812099));
#5926=CARTESIAN_POINT('Ctrl Pts',(-4.41941738241592,4.41941738241593,-4.30659721812098));
#5927=CARTESIAN_POINT('Ctrl Pts',(-4.41941738241592,4.41941738241593,-4.41076388478765));
#5928=CARTESIAN_POINT('Ctrl Pts',(-4.41941738241592,4.41941738241593,-4.51493055145432));
#5929=CARTESIAN_POINT('Ctrl Pts',(-4.41941738241592,4.41941738241593,-4.72326388478765));
#5930=CARTESIAN_POINT('Ctrl Pts',(-4.41941738241592,4.41941738241593,-4.82743055145432));
#5931=CARTESIAN_POINT('Ctrl Pts',(-4.41941738241592,4.41941738241593,-4.93159721812098));
#5932=CARTESIAN_POINT('Ctrl Pts',(-4.41941738241593,-4.41941738241592,-4.15034721812098));
#5933=CARTESIAN_POINT('Ctrl Pts',(-4.41941738241593,-4.41941738241592,-4.04618055145432));
#5934=CARTESIAN_POINT('Ctrl Pts',(-4.41941738241593,-4.41941738241592,-3.94201388478765));
#5935=CARTESIAN_POINT('Ctrl Pts',(-4.41941738241593,-4.41941738241592,-3.73368055145432));
#5936=CARTESIAN_POINT('Ctrl Pts',(-4.41941738241593,-4.41941738241592,-3.62951388478765));
#5937=CARTESIAN_POINT('Ctrl Pts',(-4.41941738241593,-4.41941738241592,-3.52534721812098));
#5938=CARTESIAN_POINT('Ctrl Pts',(4.41941738241585,4.41941738241599,-11.337847218121));
#5939=CARTESIAN_POINT('Ctrl Pts',(5.08056067678468,3.75827408804718,-11.4122519800257));
#5940=CARTESIAN_POINT('Ctrl Pts',(6.09774066379838,2.13600847632938,-11.5610615038353));
#5941=CARTESIAN_POINT('Ctrl Pts',(6.47782576669384,-1.2011110365075,-11.8214781705019));
#5942=CARTESIAN_POINT('Ctrl Pts',(5.41113232396911,-3.42770244086276,-12.0074900752639));
#5943=CARTESIAN_POINT('Ctrl Pts',(4.41941738241587,-4.41941738241597,-12.119097218121));
#5944=CARTESIAN_POINT('Ctrl Pts',(4.41941738241585,4.41941738241599,-11.5461805514543));
#5945=CARTESIAN_POINT('Ctrl Pts',(5.08056067678468,3.75827408804718,-11.6205853133591));
#5946=CARTESIAN_POINT('Ctrl Pts',(6.09774066379838,2.13600847632939,-11.7693948371686));
#5947=CARTESIAN_POINT('Ctrl Pts',(6.47782576669384,-1.20111103650751,-12.0298115038353));
#5948=CARTESIAN_POINT('Ctrl Pts',(5.41113232396911,-3.42770244086276,-12.2158234085972));
#5949=CARTESIAN_POINT('Ctrl Pts',(4.41941738241587,-4.41941738241597,-12.3274305514543));
#5950=CARTESIAN_POINT('Ctrl Pts',(4.41941738241585,4.41941738241599,-11.7545138847876));
#5951=CARTESIAN_POINT('Ctrl Pts',(5.08056067678468,3.75827408804718,-11.8289186466924));
#5952=CARTESIAN_POINT('Ctrl Pts',(6.09774066379838,2.13600847632938,-11.9777281705019));
#5953=CARTESIAN_POINT('Ctrl Pts',(6.47782576669384,-1.2011110365075,-12.2381448371686));
#5954=CARTESIAN_POINT('Ctrl Pts',(5.41113232396911,-3.42770244086276,-12.4241567419305));
#5955=CARTESIAN_POINT('Ctrl Pts',(4.41941738241587,-4.41941738241597,-12.5357638847877));
#5956=CARTESIAN_POINT('Ctrl Pts',(4.41941738241585,4.41941738241599,-11.962847218121));
#5957=CARTESIAN_POINT('Ctrl Pts',(5.08056067678468,3.75827408804718,-12.0372519800257));
#5958=CARTESIAN_POINT('Ctrl Pts',(6.09774066379838,2.13600847632939,-12.1860615038353));
#5959=CARTESIAN_POINT('Ctrl Pts',(6.47782576669384,-1.2011110365075,-12.4464781705019));
#5960=CARTESIAN_POINT('Ctrl Pts',(5.41113232396911,-3.42770244086276,-12.6324900752639));
#5961=CARTESIAN_POINT('Ctrl Pts',(4.41941738241587,-4.41941738241597,-12.744097218121));
#5962=CARTESIAN_POINT('Ctrl Pts',(4.41941738241589,4.41941738241596,-11.962847218121));
#5963=CARTESIAN_POINT('Ctrl Pts',(4.41941738241589,4.41941738241596,-11.8586805514543));
#5964=CARTESIAN_POINT('Ctrl Pts',(4.41941738241593,4.41941738241591,-11.7545138847877));
#5965=CARTESIAN_POINT('Ctrl Pts',(4.41941738241593,4.41941738241591,-11.5461805514543));
#5966=CARTESIAN_POINT('Ctrl Pts',(4.41941738241588,4.41941738241596,-11.4420138847877));
#5967=CARTESIAN_POINT('Ctrl Pts',(4.41941738241588,4.41941738241596,-11.337847218121));
#5968=CARTESIAN_POINT('Ctrl Pts',(4.41941738241595,-4.41941738241589,-12.119097218121));
#5969=CARTESIAN_POINT('Ctrl Pts',(4.41941738241595,-4.41941738241589,-12.2232638847877));
#5970=CARTESIAN_POINT('Ctrl Pts',(4.4194173824159,-4.41941738241594,-12.3274305514543));
#5971=CARTESIAN_POINT('Ctrl Pts',(4.4194173824159,-4.41941738241594,-12.5357638847877));
#5972=CARTESIAN_POINT('Ctrl Pts',(4.41941738241595,-4.41941738241589,-12.6399305514543));
#5973=CARTESIAN_POINT('Ctrl Pts',(4.41941738241595,-4.41941738241589,-12.744097218121));
#5974=CARTESIAN_POINT('Ctrl Pts',(-4.4194173824159,-4.41941738241594,-6.65034721812099));
#5975=CARTESIAN_POINT('Ctrl Pts',(-5.41113232396912,-3.42770244086273,-6.76195436097813));
#5976=CARTESIAN_POINT('Ctrl Pts',(-6.47787817250674,-1.20113203738609,-6.94796626574004));
#5977=CARTESIAN_POINT('Ctrl Pts',(-6.09777039157659,2.13600106901321,-7.2083829324067));
#5978=CARTESIAN_POINT('Ctrl Pts',(-5.08056067678471,3.75827408804714,-7.35719245621623));
#5979=CARTESIAN_POINT('Ctrl Pts',(-4.4194173824159,4.41941738241594,-7.43159721812099));
#5980=CARTESIAN_POINT('Ctrl Pts',(-4.4194173824159,-4.41941738241594,-6.85868055145432));
#5981=CARTESIAN_POINT('Ctrl Pts',(-5.41113232396912,-3.42770244086273,-6.97028769431146));
#5982=CARTESIAN_POINT('Ctrl Pts',(-6.47787817250674,-1.20113203738609,-7.15629959907337));
#5983=CARTESIAN_POINT('Ctrl Pts',(-6.09777039157659,2.13600106901321,-7.41671626574004));
#5984=CARTESIAN_POINT('Ctrl Pts',(-5.08056067678471,3.75827408804714,-7.56552578954956));
#5985=CARTESIAN_POINT('Ctrl Pts',(-4.4194173824159,4.41941738241594,-7.63993055145432));
#5986=CARTESIAN_POINT('Ctrl Pts',(-4.4194173824159,-4.41941738241594,-7.06701388478765));
#5987=CARTESIAN_POINT('Ctrl Pts',(-5.41113232396912,-3.42770244086274,-7.1786210276448));
#5988=CARTESIAN_POINT('Ctrl Pts',(-6.47787817250674,-1.20113203738608,-7.3646329324067));
#5989=CARTESIAN_POINT('Ctrl Pts',(-6.09777039157659,2.13600106901321,-7.62504959907337));
#5990=CARTESIAN_POINT('Ctrl Pts',(-5.08056067678471,3.75827408804714,-7.77385912288289));
#5991=CARTESIAN_POINT('Ctrl Pts',(-4.4194173824159,4.41941738241594,-7.84826388478766));
#5992=CARTESIAN_POINT('Ctrl Pts',(-4.4194173824159,-4.41941738241594,-7.27534721812099));
#5993=CARTESIAN_POINT('Ctrl Pts',(-5.41113232396912,-3.42770244086274,-7.38695436097813));
#5994=CARTESIAN_POINT('Ctrl Pts',(-6.47787817250674,-1.20113203738609,-7.57296626574004));
#5995=CARTESIAN_POINT('Ctrl Pts',(-6.09777039157659,2.13600106901321,-7.8333829324067));
#5996=CARTESIAN_POINT('Ctrl Pts',(-5.08056067678471,3.75827408804714,-7.98219245621623));
#5997=CARTESIAN_POINT('Ctrl Pts',(-4.4194173824159,4.41941738241594,-8.05659721812099));
#5998=CARTESIAN_POINT('Ctrl Pts',(-4.41941738241592,4.41941738241593,-7.43159721812099));
#5999=CARTESIAN_POINT('Ctrl Pts',(-4.41941738241592,4.41941738241593,-7.53576388478765));
#6000=CARTESIAN_POINT('Ctrl Pts',(-4.41941738241592,4.41941738241593,-7.63993055145432));
#6001=CARTESIAN_POINT('Ctrl Pts',(-4.41941738241592,4.41941738241593,-7.84826388478765));
#6002=CARTESIAN_POINT('Ctrl Pts',(-4.41941738241592,4.41941738241593,-7.95243055145432));
#6003=CARTESIAN_POINT('Ctrl Pts',(-4.41941738241592,4.41941738241593,-8.05659721812099));
#6004=CARTESIAN_POINT('Ctrl Pts',(-4.41941738241593,-4.41941738241591,-7.27534721812099));
#6005=CARTESIAN_POINT('Ctrl Pts',(-4.41941738241593,-4.41941738241591,-7.17118055145432));
#6006=CARTESIAN_POINT('Ctrl Pts',(-4.41941738241593,-4.41941738241591,-7.06701388478765));
#6007=CARTESIAN_POINT('Ctrl Pts',(-4.41941738241593,-4.41941738241591,-6.85868055145432));
#6008=CARTESIAN_POINT('Ctrl Pts',(-4.41941738241593,-4.41941738241591,-6.75451388478765));
#6009=CARTESIAN_POINT('Ctrl Pts',(-4.41941738241593,-4.41941738241591,-6.65034721812099));
#6010=CARTESIAN_POINT('Ctrl Pts',(4.41941738241584,4.41941738241601,-14.462847218121));
#6011=CARTESIAN_POINT('Ctrl Pts',(5.41113232396907,3.42770244086281,-14.5744543609781));
#6012=CARTESIAN_POINT('Ctrl Pts',(6.47780132641366,1.20110126542135,-14.76046626574));
#6013=CARTESIAN_POINT('Ctrl Pts',(6.0977267552969,-2.13601196939981,-15.0208829324067));
#6014=CARTESIAN_POINT('Ctrl Pts',(5.08056067678469,-3.75827408804717,-15.1696924562162));
#6015=CARTESIAN_POINT('Ctrl Pts',(4.41941738241587,-4.41941738241597,-15.244097218121));
#6016=CARTESIAN_POINT('Ctrl Pts',(4.41941738241584,4.41941738241601,-14.6711805514543));
#6017=CARTESIAN_POINT('Ctrl Pts',(5.41113232396907,3.42770244086281,-14.7827876943115));
#6018=CARTESIAN_POINT('Ctrl Pts',(6.47780132641366,1.20110126542136,-14.9687995990734));
#6019=CARTESIAN_POINT('Ctrl Pts',(6.0977267552969,-2.13601196939982,-15.22921626574));
#6020=CARTESIAN_POINT('Ctrl Pts',(5.08056067678469,-3.75827408804716,-15.3780257895496));
#6021=CARTESIAN_POINT('Ctrl Pts',(4.41941738241587,-4.41941738241597,-15.4524305514543));
#6022=CARTESIAN_POINT('Ctrl Pts',(4.41941738241584,4.41941738241601,-14.8795138847877));
#6023=CARTESIAN_POINT('Ctrl Pts',(5.41113232396907,3.42770244086281,-14.9911210276448));
#6024=CARTESIAN_POINT('Ctrl Pts',(6.47780132641367,1.20110126542135,-15.1771329324067));
#6025=CARTESIAN_POINT('Ctrl Pts',(6.0977267552969,-2.13601196939981,-15.4375495990734));
#6026=CARTESIAN_POINT('Ctrl Pts',(5.08056067678469,-3.75827408804717,-15.5863591228829));
#6027=CARTESIAN_POINT('Ctrl Pts',(4.41941738241587,-4.41941738241597,-15.6607638847877));
#6028=CARTESIAN_POINT('Ctrl Pts',(4.41941738241584,4.41941738241601,-15.087847218121));
#6029=CARTESIAN_POINT('Ctrl Pts',(5.41113232396907,3.42770244086281,-15.1994543609781));
#6030=CARTESIAN_POINT('Ctrl Pts',(6.47780132641367,1.20110126542135,-15.38546626574));
#6031=CARTESIAN_POINT('Ctrl Pts',(6.0977267552969,-2.13601196939981,-15.6458829324067));
#6032=CARTESIAN_POINT('Ctrl Pts',(5.08056067678469,-3.75827408804717,-15.7946924562162));
#6033=CARTESIAN_POINT('Ctrl Pts',(4.41941738241587,-4.41941738241597,-15.869097218121));
#6034=CARTESIAN_POINT('Ctrl Pts',(4.41941738241593,4.41941738241591,-15.087847218121));
#6035=CARTESIAN_POINT('Ctrl Pts',(4.41941738241593,4.41941738241591,-14.9836805514543));
#6036=CARTESIAN_POINT('Ctrl Pts',(4.41941738241593,4.41941738241591,-14.8795138847877));
#6037=CARTESIAN_POINT('Ctrl Pts',(4.41941738241593,4.41941738241591,-14.6711805514543));
#6038=CARTESIAN_POINT('Ctrl Pts',(4.41941738241593,4.41941738241591,-14.5670138847877));
#6039=CARTESIAN_POINT('Ctrl Pts',(4.41941738241593,4.41941738241591,-14.462847218121));
#6040=CARTESIAN_POINT('Ctrl Pts',(4.4194173824159,-4.41941738241594,-15.244097218121));
#6041=CARTESIAN_POINT('Ctrl Pts',(4.4194173824159,-4.41941738241594,-15.3482638847877));
#6042=CARTESIAN_POINT('Ctrl Pts',(4.41941738241591,-4.41941738241594,-15.4524305514543));
#6043=CARTESIAN_POINT('Ctrl Pts',(4.41941738241591,-4.41941738241594,-15.6607638847877));
#6044=CARTESIAN_POINT('Ctrl Pts',(4.41941738241591,-4.41941738241594,-15.7649305514543));
#6045=CARTESIAN_POINT('Ctrl Pts',(4.41941738241591,-4.41941738241594,-15.869097218121));
#6046=CARTESIAN_POINT('Ctrl Pts',(-4.41941738241587,-4.41941738241597,-9.77534721812098));
#6047=CARTESIAN_POINT('Ctrl Pts',(-5.41113232396911,-3.42770244086276,-9.88695436097813));
#6048=CARTESIAN_POINT('Ctrl Pts',(-6.47784067415122,-1.20111700355315,-10.07296626574));
#6049=CARTESIAN_POINT('Ctrl Pts',(-6.09774913356821,2.13600635766045,-10.3333829324067));
#6050=CARTESIAN_POINT('Ctrl Pts',(-5.0805606767847,3.75827408804716,-10.4821924562162));
#6051=CARTESIAN_POINT('Ctrl Pts',(-4.41941738241587,4.41941738241597,-10.556597218121));
#6052=CARTESIAN_POINT('Ctrl Pts',(-4.41941738241587,-4.41941738241597,-9.98368055145432));
#6053=CARTESIAN_POINT('Ctrl Pts',(-5.41113232396911,-3.42770244086276,-10.0952876943115));
#6054=CARTESIAN_POINT('Ctrl Pts',(-6.47784067415122,-1.20111700355315,-10.2812995990734));
#6055=CARTESIAN_POINT('Ctrl Pts',(-6.09774913356821,2.13600635766045,-10.54171626574));
#6056=CARTESIAN_POINT('Ctrl Pts',(-5.0805606767847,3.75827408804716,-10.6905257895496));
#6057=CARTESIAN_POINT('Ctrl Pts',(-4.41941738241587,4.41941738241597,-10.7649305514543));
#6058=CARTESIAN_POINT('Ctrl Pts',(-4.41941738241587,-4.41941738241597,-10.1920138847877));
#6059=CARTESIAN_POINT('Ctrl Pts',(-5.4111323239691,-3.42770244086276,-10.3036210276448));
#6060=CARTESIAN_POINT('Ctrl Pts',(-6.47784067415122,-1.20111700355315,-10.4896329324067));
#6061=CARTESIAN_POINT('Ctrl Pts',(-6.0977491335682,2.13600635766045,-10.7500495990734));
#6062=CARTESIAN_POINT('Ctrl Pts',(-5.0805606767847,3.75827408804716,-10.8988591228829));
#6063=CARTESIAN_POINT('Ctrl Pts',(-4.41941738241587,4.41941738241597,-10.9732638847877));
#6064=CARTESIAN_POINT('Ctrl Pts',(-4.41941738241587,-4.41941738241597,-10.400347218121));
#6065=CARTESIAN_POINT('Ctrl Pts',(-5.41113232396911,-3.42770244086276,-10.5119543609781));
#6066=CARTESIAN_POINT('Ctrl Pts',(-6.47784067415122,-1.20111700355315,-10.69796626574));
#6067=CARTESIAN_POINT('Ctrl Pts',(-6.09774913356821,2.13600635766045,-10.9583829324067));
#6068=CARTESIAN_POINT('Ctrl Pts',(-5.0805606767847,3.75827408804716,-11.1071924562162));
#6069=CARTESIAN_POINT('Ctrl Pts',(-4.41941738241587,4.41941738241597,-11.181597218121));
#6070=CARTESIAN_POINT('Ctrl Pts',(-4.41941738241592,4.41941738241592,-10.556597218121));
#6071=CARTESIAN_POINT('Ctrl Pts',(-4.41941738241592,4.41941738241592,-10.6607638847877));
#6072=CARTESIAN_POINT('Ctrl Pts',(-4.41941738241592,4.41941738241593,-10.7649305514543));
#6073=CARTESIAN_POINT('Ctrl Pts',(-4.41941738241592,4.41941738241593,-10.9732638847877));
#6074=CARTESIAN_POINT('Ctrl Pts',(-4.41941738241592,4.41941738241593,-11.0774305514543));
#6075=CARTESIAN_POINT('Ctrl Pts',(-4.41941738241592,4.41941738241593,-11.181597218121));
#6076=CARTESIAN_POINT('Ctrl Pts',(-4.4194173824159,-4.41941738241594,-10.400347218121));
#6077=CARTESIAN_POINT('Ctrl Pts',(-4.4194173824159,-4.41941738241594,-10.2961805514543));
#6078=CARTESIAN_POINT('Ctrl Pts',(-4.41941738241593,-4.41941738241591,-10.1920138847877));
#6079=CARTESIAN_POINT('Ctrl Pts',(-4.41941738241593,-4.41941738241591,-9.98368055145432));
#6080=CARTESIAN_POINT('Ctrl Pts',(-4.4194173824159,-4.41941738241594,-9.87951388478766));
#6081=CARTESIAN_POINT('Ctrl Pts',(-4.4194173824159,-4.41941738241594,-9.77534721812099));
#6082=CARTESIAN_POINT('Ctrl Pts',(4.41941738241584,4.41941738241601,-17.587847218121));
#6083=CARTESIAN_POINT('Ctrl Pts',(5.41113232396907,3.42770244086281,-17.6994543609781));
#6084=CARTESIAN_POINT('Ctrl Pts',(6.47778213009864,1.20109360089797,-17.88546626574));
#6085=CARTESIAN_POINT('Ctrl Pts',(6.09771581159554,-2.13601472983811,-18.1458829324067));
#6086=CARTESIAN_POINT('Ctrl Pts',(5.08056067678472,-3.75827408804713,-18.2946924562162));
#6087=CARTESIAN_POINT('Ctrl Pts',(4.41941738241591,-4.41941738241594,-18.369097218121));
#6088=CARTESIAN_POINT('Ctrl Pts',(4.41941738241584,4.41941738241601,-17.7961805514543));
#6089=CARTESIAN_POINT('Ctrl Pts',(5.41113232396907,3.42770244086281,-17.9077876943115));
#6090=CARTESIAN_POINT('Ctrl Pts',(6.47778213009864,1.20109360089797,-18.0937995990734));
#6091=CARTESIAN_POINT('Ctrl Pts',(6.09771581159554,-2.13601472983811,-18.35421626574));
#6092=CARTESIAN_POINT('Ctrl Pts',(5.08056067678472,-3.75827408804713,-18.5030257895496));
#6093=CARTESIAN_POINT('Ctrl Pts',(4.41941738241591,-4.41941738241594,-18.5774305514543));
#6094=CARTESIAN_POINT('Ctrl Pts',(4.41941738241584,4.41941738241601,-18.0045138847877));
#6095=CARTESIAN_POINT('Ctrl Pts',(5.41113232396907,3.42770244086281,-18.1161210276448));
#6096=CARTESIAN_POINT('Ctrl Pts',(6.47778213009864,1.20109360089797,-18.3021329324067));
#6097=CARTESIAN_POINT('Ctrl Pts',(6.09771581159554,-2.13601472983812,-18.5625495990734));
#6098=CARTESIAN_POINT('Ctrl Pts',(5.08056067678472,-3.75827408804713,-18.7113591228829));
#6099=CARTESIAN_POINT('Ctrl Pts',(4.41941738241591,-4.41941738241594,-18.7857638847877));
#6100=CARTESIAN_POINT('Ctrl Pts',(4.41941738241584,4.41941738241601,-18.212847218121));
#6101=CARTESIAN_POINT('Ctrl Pts',(5.41113232396907,3.42770244086281,-18.3244543609781));
#6102=CARTESIAN_POINT('Ctrl Pts',(6.47778213009864,1.20109360089797,-18.51046626574));
#6103=CARTESIAN_POINT('Ctrl Pts',(6.09771581159554,-2.13601472983812,-18.7708829324067));
#6104=CARTESIAN_POINT('Ctrl Pts',(5.08056067678472,-3.75827408804713,-18.9196924562162));
#6105=CARTESIAN_POINT('Ctrl Pts',(4.41941738241591,-4.41941738241594,-18.994097218121));
#6106=CARTESIAN_POINT('Ctrl Pts',(4.41941738241593,4.41941738241591,-18.212847218121));
#6107=CARTESIAN_POINT('Ctrl Pts',(4.41941738241593,4.41941738241591,-18.1086805514543));
#6108=CARTESIAN_POINT('Ctrl Pts',(4.41941738241593,4.41941738241591,-18.0045138847877));
#6109=CARTESIAN_POINT('Ctrl Pts',(4.41941738241593,4.41941738241591,-17.7961805514543));
#6110=CARTESIAN_POINT('Ctrl Pts',(4.41941738241593,4.41941738241591,-17.6920138847877));
#6111=CARTESIAN_POINT('Ctrl Pts',(4.41941738241593,4.41941738241591,-17.587847218121));
#6112=CARTESIAN_POINT('Ctrl Pts',(4.41941738241591,-4.41941738241594,-18.369097218121));
#6113=CARTESIAN_POINT('Ctrl Pts',(4.41941738241591,-4.41941738241594,-18.4732638847877));
#6114=CARTESIAN_POINT('Ctrl Pts',(4.41941738241591,-4.41941738241594,-18.5774305514543));
#6115=CARTESIAN_POINT('Ctrl Pts',(4.41941738241591,-4.41941738241594,-18.7857638847877));
#6116=CARTESIAN_POINT('Ctrl Pts',(4.41941738241591,-4.41941738241594,-18.8899305514543));
#6117=CARTESIAN_POINT('Ctrl Pts',(4.41941738241591,-4.41941738241594,-18.994097218121));
#6118=CARTESIAN_POINT('Ctrl Pts',(-4.41941738241585,-4.41941738241599,-12.900347218121));
#6119=CARTESIAN_POINT('Ctrl Pts',(-5.4111323239691,-3.42770244086278,-13.0119543609781));
#6120=CARTESIAN_POINT('Ctrl Pts',(-6.47781276532944,-1.20110583683864,-13.19796626574));
#6121=CARTESIAN_POINT('Ctrl Pts',(-6.09773326844159,2.13601033150851,-13.4583829324067));
#6122=CARTESIAN_POINT('Ctrl Pts',(-5.0805606767847,3.75827408804716,-13.6071924562162));
#6123=CARTESIAN_POINT('Ctrl Pts',(-4.41941738241587,4.41941738241597,-13.681597218121));
#6124=CARTESIAN_POINT('Ctrl Pts',(-4.41941738241585,-4.41941738241599,-13.1086805514543));
#6125=CARTESIAN_POINT('Ctrl Pts',(-5.4111323239691,-3.42770244086277,-13.2202876943115));
#6126=CARTESIAN_POINT('Ctrl Pts',(-6.47781276532944,-1.20110583683864,-13.4062995990734));
#6127=CARTESIAN_POINT('Ctrl Pts',(-6.09773326844159,2.13601033150851,-13.66671626574));
#6128=CARTESIAN_POINT('Ctrl Pts',(-5.0805606767847,3.75827408804716,-13.8155257895496));
#6129=CARTESIAN_POINT('Ctrl Pts',(-4.41941738241587,4.41941738241597,-13.8899305514543));
#6130=CARTESIAN_POINT('Ctrl Pts',(-4.41941738241585,-4.41941738241599,-13.3170138847877));
#6131=CARTESIAN_POINT('Ctrl Pts',(-5.4111323239691,-3.42770244086278,-13.4286210276448));
#6132=CARTESIAN_POINT('Ctrl Pts',(-6.47781276532944,-1.20110583683864,-13.6146329324067));
#6133=CARTESIAN_POINT('Ctrl Pts',(-6.09773326844159,2.13601033150851,-13.8750495990734));
#6134=CARTESIAN_POINT('Ctrl Pts',(-5.0805606767847,3.75827408804716,-14.0238591228829));
#6135=CARTESIAN_POINT('Ctrl Pts',(-4.41941738241587,4.41941738241597,-14.0982638847877));
#6136=CARTESIAN_POINT('Ctrl Pts',(-4.41941738241585,-4.41941738241599,-13.525347218121));
#6137=CARTESIAN_POINT('Ctrl Pts',(-5.4111323239691,-3.42770244086278,-13.6369543609781));
#6138=CARTESIAN_POINT('Ctrl Pts',(-6.47781276532944,-1.20110583683864,-13.82296626574));
#6139=CARTESIAN_POINT('Ctrl Pts',(-6.09773326844159,2.13601033150851,-14.0833829324067));
#6140=CARTESIAN_POINT('Ctrl Pts',(-5.0805606767847,3.75827408804716,-14.2321924562162));
#6141=CARTESIAN_POINT('Ctrl Pts',(-4.41941738241587,4.41941738241597,-14.306597218121));
#6142=CARTESIAN_POINT('Ctrl Pts',(-4.41941738241592,4.41941738241592,-13.681597218121));
#6143=CARTESIAN_POINT('Ctrl Pts',(-4.41941738241592,4.41941738241592,-13.7857638847877));
#6144=CARTESIAN_POINT('Ctrl Pts',(-4.41941738241592,4.41941738241592,-13.8899305514543));
#6145=CARTESIAN_POINT('Ctrl Pts',(-4.41941738241592,4.41941738241592,-14.0982638847877));
#6146=CARTESIAN_POINT('Ctrl Pts',(-4.41941738241592,4.41941738241592,-14.2024305514543));
#6147=CARTESIAN_POINT('Ctrl Pts',(-4.41941738241592,4.41941738241592,-14.306597218121));
#6148=CARTESIAN_POINT('Ctrl Pts',(-4.41941738241595,-4.4194173824159,-13.525347218121));
#6149=CARTESIAN_POINT('Ctrl Pts',(-4.41941738241595,-4.4194173824159,-13.4211805514543));
#6150=CARTESIAN_POINT('Ctrl Pts',(-4.41941738241595,-4.4194173824159,-13.3170138847877));
#6151=CARTESIAN_POINT('Ctrl Pts',(-4.41941738241595,-4.4194173824159,-13.1086805514543));
#6152=CARTESIAN_POINT('Ctrl Pts',(-4.41941738241595,-4.4194173824159,-13.0045138847877));
#6153=CARTESIAN_POINT('Ctrl Pts',(-4.41941738241595,-4.4194173824159,-12.900347218121));
#6154=CARTESIAN_POINT('Ctrl Pts',(4.41941738241583,4.41941738241601,-20.712847218121));
#6155=CARTESIAN_POINT('Ctrl Pts',(5.08056067678466,3.75827408804721,-20.7872519800257));
#6156=CARTESIAN_POINT('Ctrl Pts',(6.09770697613944,2.13601696605118,-20.9360615038353));
#6157=CARTESIAN_POINT('Ctrl Pts',(6.47776665342789,-1.20108742788103,-21.1964781705019));
#6158=CARTESIAN_POINT('Ctrl Pts',(5.41113232396908,-3.4277024408628,-21.3824900752639));
#6159=CARTESIAN_POINT('Ctrl Pts',(4.41941738241584,-4.419417382416,-21.494097218121));
#6160=CARTESIAN_POINT('Ctrl Pts',(4.41941738241583,4.41941738241601,-20.9211805514543));
#6161=CARTESIAN_POINT('Ctrl Pts',(5.08056067678466,3.75827408804721,-20.9955853133591));
#6162=CARTESIAN_POINT('Ctrl Pts',(6.09770697613944,2.13601696605118,-21.1443948371686));
#6163=CARTESIAN_POINT('Ctrl Pts',(6.47776665342789,-1.20108742788103,-21.4048115038353));
#6164=CARTESIAN_POINT('Ctrl Pts',(5.41113232396908,-3.4277024408628,-21.5908234085972));
#6165=CARTESIAN_POINT('Ctrl Pts',(4.41941738241584,-4.419417382416,-21.7024305514543));
#6166=CARTESIAN_POINT('Ctrl Pts',(4.41941738241584,4.41941738241601,-21.1295138847876));
#6167=CARTESIAN_POINT('Ctrl Pts',(5.08056067678466,3.75827408804721,-21.2039186466924));
#6168=CARTESIAN_POINT('Ctrl Pts',(6.09770697613944,2.13601696605118,-21.3527281705019));
#6169=CARTESIAN_POINT('Ctrl Pts',(6.47776665342789,-1.20108742788102,-21.6131448371686));
#6170=CARTESIAN_POINT('Ctrl Pts',(5.41113232396908,-3.4277024408628,-21.7991567419305));
#6171=CARTESIAN_POINT('Ctrl Pts',(4.41941738241585,-4.419417382416,-21.9107638847877));
#6172=CARTESIAN_POINT('Ctrl Pts',(4.41941738241584,4.41941738241601,-21.337847218121));
#6173=CARTESIAN_POINT('Ctrl Pts',(5.08056067678466,3.75827408804721,-21.4122519800257));
#6174=CARTESIAN_POINT('Ctrl Pts',(6.09770697613944,2.13601696605118,-21.5610615038353));
#6175=CARTESIAN_POINT('Ctrl Pts',(6.47776665342789,-1.20108742788103,-21.8214781705019));
#6176=CARTESIAN_POINT('Ctrl Pts',(5.41113232396908,-3.4277024408628,-22.0074900752639));
#6177=CARTESIAN_POINT('Ctrl Pts',(4.41941738241585,-4.419417382416,-22.119097218121));
#6178=CARTESIAN_POINT('Ctrl Pts',(4.41941738241599,4.41941738241585,-21.337847218121));
#6179=CARTESIAN_POINT('Ctrl Pts',(4.41941738241599,4.41941738241585,-21.2857638847877));
#6180=CARTESIAN_POINT('Ctrl Pts',(4.41941738241599,4.41941738241585,-21.2336805514543));
#6181=CARTESIAN_POINT('Ctrl Pts',(4.41941738241599,4.41941738241585,-21.1295138847877));
#6182=CARTESIAN_POINT('Ctrl Pts',(4.41941738241599,4.41941738241585,-21.0774305514543));
#6183=CARTESIAN_POINT('Ctrl Pts',(4.41941738241599,4.41941738241585,-20.9732638847877));
#6184=CARTESIAN_POINT('Ctrl Pts',(4.41941738241599,4.41941738241585,-20.9211805514543));
#6185=CARTESIAN_POINT('Ctrl Pts',(4.41941738241599,4.41941738241585,-20.8170138847877));
#6186=CARTESIAN_POINT('Ctrl Pts',(4.41941738241599,4.41941738241585,-20.7649305514543));
#6187=CARTESIAN_POINT('Ctrl Pts',(4.41941738241599,4.41941738241585,-20.712847218121));
#6188=CARTESIAN_POINT('Ctrl Pts',(4.41941738241597,-4.41941738241587,-21.494097218121));
#6189=CARTESIAN_POINT('Ctrl Pts',(4.41941738241597,-4.41941738241587,-21.5982638847877));
#6190=CARTESIAN_POINT('Ctrl Pts',(4.41941738241597,-4.41941738241587,-21.7024305514543));
#6191=CARTESIAN_POINT('Ctrl Pts',(4.41941738241597,-4.41941738241587,-21.9107638847877));
#6192=CARTESIAN_POINT('Ctrl Pts',(4.41941738241597,-4.41941738241587,-22.0149305514543));
#6193=CARTESIAN_POINT('Ctrl Pts',(4.41941738241597,-4.41941738241587,-22.119097218121));
#6194=CARTESIAN_POINT('Ctrl Pts',(-4.41941738241588,-4.41941738241596,-16.025347218121));
#6195=CARTESIAN_POINT('Ctrl Pts',(-5.41113232396912,-3.42770244086274,-16.1369543609781));
#6196=CARTESIAN_POINT('Ctrl Pts',(-6.47779118423345,-1.20109721485309,-16.32296626574));
#6197=CARTESIAN_POINT('Ctrl Pts',(-6.09772097541806,2.13601342601595,-16.5833829324067));
#6198=CARTESIAN_POINT('Ctrl Pts',(-5.08056067678471,3.75827408804714,-16.7321924562162));
#6199=CARTESIAN_POINT('Ctrl Pts',(-4.41941738241589,4.41941738241595,-16.806597218121));
#6200=CARTESIAN_POINT('Ctrl Pts',(-4.41941738241588,-4.41941738241596,-16.2336805514543));
#6201=CARTESIAN_POINT('Ctrl Pts',(-5.41113232396911,-3.42770244086274,-16.3452876943115));
#6202=CARTESIAN_POINT('Ctrl Pts',(-6.47779118423345,-1.20109721485309,-16.5312995990734));
#6203=CARTESIAN_POINT('Ctrl Pts',(-6.09772097541806,2.13601342601595,-16.79171626574));
#6204=CARTESIAN_POINT('Ctrl Pts',(-5.08056067678471,3.75827408804714,-16.9405257895496));
#6205=CARTESIAN_POINT('Ctrl Pts',(-4.41941738241589,4.41941738241595,-17.0149305514543));
#6206=CARTESIAN_POINT('Ctrl Pts',(-4.41941738241588,-4.41941738241596,-16.4420138847877));
#6207=CARTESIAN_POINT('Ctrl Pts',(-5.41113232396912,-3.42770244086275,-16.5536210276448));
#6208=CARTESIAN_POINT('Ctrl Pts',(-6.47779118423345,-1.20109721485309,-16.7396329324067));
#6209=CARTESIAN_POINT('Ctrl Pts',(-6.09772097541806,2.13601342601595,-17.0000495990734));
#6210=CARTESIAN_POINT('Ctrl Pts',(-5.08056067678471,3.75827408804714,-17.1488591228829));
#6211=CARTESIAN_POINT('Ctrl Pts',(-4.41941738241589,4.41941738241596,-17.2232638847877));
#6212=CARTESIAN_POINT('Ctrl Pts',(-4.41941738241588,-4.41941738241596,-16.650347218121));
#6213=CARTESIAN_POINT('Ctrl Pts',(-5.41113232396912,-3.42770244086275,-16.7619543609781));
#6214=CARTESIAN_POINT('Ctrl Pts',(-6.47779118423346,-1.20109721485309,-16.94796626574));
#6215=CARTESIAN_POINT('Ctrl Pts',(-6.09772097541807,2.13601342601595,-17.2083829324067));
#6216=CARTESIAN_POINT('Ctrl Pts',(-5.08056067678471,3.75827408804714,-17.3571924562162));
#6217=CARTESIAN_POINT('Ctrl Pts',(-4.41941738241589,4.41941738241596,-17.431597218121));
#6218=CARTESIAN_POINT('Ctrl Pts',(-4.41941738241589,4.41941738241595,-16.806597218121));
#6219=CARTESIAN_POINT('Ctrl Pts',(-4.41941738241589,4.41941738241595,-16.9107638847877));
#6220=CARTESIAN_POINT('Ctrl Pts',(-4.41941738241589,4.41941738241595,-17.0149305514543));
#6221=CARTESIAN_POINT('Ctrl Pts',(-4.41941738241589,4.41941738241595,-17.2232638847877));
#6222=CARTESIAN_POINT('Ctrl Pts',(-4.41941738241589,4.41941738241595,-17.3274305514543));
#6223=CARTESIAN_POINT('Ctrl Pts',(-4.41941738241589,4.41941738241595,-17.431597218121));
#6224=CARTESIAN_POINT('Ctrl Pts',(-4.41941738241592,-4.41941738241593,-16.650347218121));
#6225=CARTESIAN_POINT('Ctrl Pts',(-4.41941738241592,-4.41941738241593,-16.5461805514543));
#6226=CARTESIAN_POINT('Ctrl Pts',(-4.41941738241592,-4.41941738241593,-16.4420138847877));
#6227=CARTESIAN_POINT('Ctrl Pts',(-4.41941738241592,-4.41941738241593,-16.2336805514543));
#6228=CARTESIAN_POINT('Ctrl Pts',(-4.41941738241592,-4.41941738241593,-16.1295138847877));
#6229=CARTESIAN_POINT('Ctrl Pts',(-4.41941738241592,-4.41941738241593,-16.025347218121));
#6230=CARTESIAN_POINT('Ctrl Pts',(4.41941738241583,4.41941738241601,-23.837847218121));
#6231=CARTESIAN_POINT('Ctrl Pts',(5.08056067678466,3.75827408804721,-23.9122519800258));
#6232=CARTESIAN_POINT('Ctrl Pts',(6.09769969330609,2.13601881431039,-24.0610615038353));
#6233=CARTESIAN_POINT('Ctrl Pts',(6.47775391071286,-1.20108234954947,-24.3214781705019));
#6234=CARTESIAN_POINT('Ctrl Pts',(5.41113232396913,-3.42770244086272,-24.5074900752638));
#6235=CARTESIAN_POINT('Ctrl Pts',(4.41941738241591,-4.41941738241594,-24.619097218121));
#6236=CARTESIAN_POINT('Ctrl Pts',(4.41941738241583,4.41941738241601,-24.0461805514543));
#6237=CARTESIAN_POINT('Ctrl Pts',(5.08056067678466,3.75827408804721,-24.1205853133591));
#6238=CARTESIAN_POINT('Ctrl Pts',(6.09769969330609,2.13601881431039,-24.2693948371686));
#6239=CARTESIAN_POINT('Ctrl Pts',(6.47775391071286,-1.20108234954947,-24.5298115038353));
#6240=CARTESIAN_POINT('Ctrl Pts',(5.41113232396913,-3.42770244086272,-24.7158234085972));
#6241=CARTESIAN_POINT('Ctrl Pts',(4.41941738241591,-4.41941738241594,-24.8274305514543));
#6242=CARTESIAN_POINT('Ctrl Pts',(4.41941738241583,4.41941738241601,-24.2545138847877));
#6243=CARTESIAN_POINT('Ctrl Pts',(5.08056067678466,3.75827408804721,-24.3289186466924));
#6244=CARTESIAN_POINT('Ctrl Pts',(6.09769969330609,2.13601881431039,-24.4777281705019));
#6245=CARTESIAN_POINT('Ctrl Pts',(6.47775391071286,-1.20108234954947,-24.7381448371686));
#6246=CARTESIAN_POINT('Ctrl Pts',(5.41113232396913,-3.42770244086272,-24.9241567419305));
#6247=CARTESIAN_POINT('Ctrl Pts',(4.41941738241591,-4.41941738241594,-25.0357638847877));
#6248=CARTESIAN_POINT('Ctrl Pts',(4.41941738241583,4.41941738241601,-24.462847218121));
#6249=CARTESIAN_POINT('Ctrl Pts',(5.08056067678466,3.75827408804721,-24.5372519800258));
#6250=CARTESIAN_POINT('Ctrl Pts',(6.09769969330609,2.13601881431039,-24.6860615038353));
#6251=CARTESIAN_POINT('Ctrl Pts',(6.47775391071287,-1.20108234954947,-24.9464781705019));
#6252=CARTESIAN_POINT('Ctrl Pts',(5.41113232396913,-3.42770244086272,-25.1324900752638));
#6253=CARTESIAN_POINT('Ctrl Pts',(4.41941738241591,-4.41941738241594,-25.244097218121));
#6254=CARTESIAN_POINT('',(4.41941738241591,-4.41941738241594,-25.));
#6255=CARTESIAN_POINT('Ctrl Pts',(5.97720008804548,-1.81300281228058,-25.));
#6256=CARTESIAN_POINT('Ctrl Pts',(5.92583317583498,-1.98107175962608,-25.));
#6257=CARTESIAN_POINT('Ctrl Pts',(5.86752062036303,-2.14681145971093,-25.));
#6258=CARTESIAN_POINT('Ctrl Pts',(5.80250103881766,-2.30981571928103,-25.));
#6259=CARTESIAN_POINT('Ctrl Pts',(5.73725148519843,-2.47339651943678,-25.));
#6260=CARTESIAN_POINT('Ctrl Pts',(5.66524709382424,-2.63422317771746,-25.));
#6261=CARTESIAN_POINT('Ctrl Pts',(5.586679333413,-2.7918687375632,-25.));
#6262=CARTESIAN_POINT('Ctrl Pts',(5.54753391010544,-2.87041370486808,-25.));
#6263=CARTESIAN_POINT('Ctrl Pts',(5.50675844585566,-2.94816867430755,-25.));
#6264=CARTESIAN_POINT('Ctrl Pts',(5.46437237295105,-3.02507851230569,-25.));
#6265=CARTESIAN_POINT('Ctrl Pts',(5.43462114652555,-3.07906232934344,-25.));
#6266=CARTESIAN_POINT('Ctrl Pts',(5.40407635011772,-3.13262973473572,-25.));
#6267=CARTESIAN_POINT('Ctrl Pts',(5.37274392109954,-3.18576109452802,-25.));
#6268=CARTESIAN_POINT('Ctrl Pts',(5.35854952764516,-3.20983096237069,-25.));
#6269=CARTESIAN_POINT('Ctrl Pts',(5.34419313409208,-3.23381177858703,-25.));
#6270=CARTESIAN_POINT('Ctrl Pts',(5.32968362284941,-3.25768826548865,-25.));
#6271=CARTESIAN_POINT('Ctrl Pts',(5.23823458552846,-3.40817450208482,-25.));
#6272=CARTESIAN_POINT('Ctrl Pts',(5.14063092268422,-3.55464857770998,-25.));
#6273=CARTESIAN_POINT('Ctrl Pts',(5.03707041099052,-3.69669105674112,-25.));
#6274=CARTESIAN_POINT('Ctrl Pts',(4.93493257478339,-3.83678220944464,-25.));
#6275=CARTESIAN_POINT('Ctrl Pts',(4.82700004014954,-3.97256326355698,-25.));
#6276=CARTESIAN_POINT('Ctrl Pts',(4.71342089306762,-4.10360408336771,-25.));
#6277=CARTESIAN_POINT('Ctrl Pts',(4.6192782925636,-4.21222017942153,-25.));
#6278=CARTESIAN_POINT('Ctrl Pts',(4.52125548993661,-4.31757927489523,-25.));
#6279=CARTESIAN_POINT('Ctrl Pts',(4.41941738241591,-4.41941738241594,-25.));
#6280=CARTESIAN_POINT('Ctrl Pts',(4.41941738241583,4.41941738241601,-24.462847218121));
#6281=CARTESIAN_POINT('Ctrl Pts',(4.41941738241583,4.41941738241601,-24.3586805514543));
#6282=CARTESIAN_POINT('Ctrl Pts',(4.41941738241583,4.41941738241601,-24.2545138847877));
#6283=CARTESIAN_POINT('Ctrl Pts',(4.41941738241583,4.41941738241601,-24.0461805514543));
#6284=CARTESIAN_POINT('Ctrl Pts',(4.41941738241583,4.41941738241601,-23.9420138847877));
#6285=CARTESIAN_POINT('Ctrl Pts',(4.41941738241583,4.41941738241601,-23.837847218121));
#6286=CARTESIAN_POINT('Ctrl Pts',(4.41941738241591,-4.41941738241593,-24.619097218121));
#6287=CARTESIAN_POINT('Ctrl Pts',(4.41941738241591,-4.41941738241593,-24.7232638847877));
#6288=CARTESIAN_POINT('Ctrl Pts',(4.41941738241591,-4.41941738241594,-24.8274305514543));
#6289=CARTESIAN_POINT('Ctrl Pts',(4.41941738241591,-4.41941738241594,-24.954398145414));
#6290=CARTESIAN_POINT('Ctrl Pts',(4.41941738241591,-4.41941738241594,-24.977199072707));
#6291=CARTESIAN_POINT('Ctrl Pts',(4.41941738241591,-4.41941738241594,-25.));
#6292=CARTESIAN_POINT('Ctrl Pts',(-4.41941738241591,-4.41941738241593,-19.150347218121));
#6293=CARTESIAN_POINT('Ctrl Pts',(-5.41113232396912,-3.42770244086273,-19.2619543609781));
#6294=CARTESIAN_POINT('Ctrl Pts',(-6.47777399782328,-1.20109035655871,-19.44796626574));
#6295=CARTESIAN_POINT('Ctrl Pts',(-6.09771117033293,2.13601590368492,-19.7083829324067));
#6296=CARTESIAN_POINT('Ctrl Pts',(-5.08056067678472,3.75827408804712,-19.8571924562162));
#6297=CARTESIAN_POINT('Ctrl Pts',(-4.41941738241592,4.41941738241592,-19.931597218121));
#6298=CARTESIAN_POINT('Ctrl Pts',(-4.41941738241591,-4.41941738241593,-19.3586805514543));
#6299=CARTESIAN_POINT('Ctrl Pts',(-5.41113232396912,-3.42770244086273,-19.4702876943115));
#6300=CARTESIAN_POINT('Ctrl Pts',(-6.47777399782328,-1.20109035655871,-19.6562995990734));
#6301=CARTESIAN_POINT('Ctrl Pts',(-6.09771117033293,2.13601590368492,-19.91671626574));
#6302=CARTESIAN_POINT('Ctrl Pts',(-5.08056067678472,3.75827408804712,-20.0655257895496));
#6303=CARTESIAN_POINT('Ctrl Pts',(-4.41941738241592,4.41941738241592,-20.1399305514543));
#6304=CARTESIAN_POINT('Ctrl Pts',(-4.41941738241591,-4.41941738241593,-19.5670138847877));
#6305=CARTESIAN_POINT('Ctrl Pts',(-5.41113232396912,-3.42770244086273,-19.6786210276448));
#6306=CARTESIAN_POINT('Ctrl Pts',(-6.47777399782328,-1.2010903565587,-19.8646329324067));
#6307=CARTESIAN_POINT('Ctrl Pts',(-6.09771117033293,2.13601590368492,-20.1250495990734));
#6308=CARTESIAN_POINT('Ctrl Pts',(-5.08056067678472,3.75827408804712,-20.2738591228829));
#6309=CARTESIAN_POINT('Ctrl Pts',(-4.41941738241592,4.41941738241592,-20.3482638847877));
#6310=CARTESIAN_POINT('Ctrl Pts',(-4.41941738241591,-4.41941738241593,-19.775347218121));
#6311=CARTESIAN_POINT('Ctrl Pts',(-5.41113232396912,-3.42770244086273,-19.8869543609781));
#6312=CARTESIAN_POINT('Ctrl Pts',(-6.47777399782328,-1.20109035655871,-20.07296626574));
#6313=CARTESIAN_POINT('Ctrl Pts',(-6.09771117033293,2.13601590368492,-20.3333829324067));
#6314=CARTESIAN_POINT('Ctrl Pts',(-5.08056067678472,3.75827408804712,-20.4821924562162));
#6315=CARTESIAN_POINT('Ctrl Pts',(-4.41941738241592,4.41941738241592,-20.556597218121));
#6316=CARTESIAN_POINT('Ctrl Pts',(-4.41941738241592,4.41941738241592,-19.931597218121));
#6317=CARTESIAN_POINT('Ctrl Pts',(-4.41941738241592,4.41941738241592,-20.0357638847877));
#6318=CARTESIAN_POINT('Ctrl Pts',(-4.41941738241592,4.41941738241592,-20.1399305514543));
#6319=CARTESIAN_POINT('Ctrl Pts',(-4.41941738241592,4.41941738241592,-20.3482638847877));
#6320=CARTESIAN_POINT('Ctrl Pts',(-4.41941738241592,4.41941738241592,-20.4524305514543));
#6321=CARTESIAN_POINT('Ctrl Pts',(-4.41941738241592,4.41941738241592,-20.556597218121));
#6322=CARTESIAN_POINT('Ctrl Pts',(-4.41941738241591,-4.41941738241593,-19.775347218121));
#6323=CARTESIAN_POINT('Ctrl Pts',(-4.41941738241591,-4.41941738241593,-19.6711805514543));
#6324=CARTESIAN_POINT('Ctrl Pts',(-4.41941738241591,-4.41941738241593,-19.5670138847877));
#6325=CARTESIAN_POINT('Ctrl Pts',(-4.41941738241591,-4.41941738241593,-19.3586805514543));
#6326=CARTESIAN_POINT('Ctrl Pts',(-4.41941738241591,-4.41941738241593,-19.2545138847877));
#6327=CARTESIAN_POINT('Ctrl Pts',(-4.41941738241591,-4.41941738241593,-19.150347218121));
#6328=CARTESIAN_POINT('Ctrl Pts',(-4.41941738241591,-4.41941738241593,-22.275347218121));
#6329=CARTESIAN_POINT('Ctrl Pts',(-5.08056067678473,-3.75827408804712,-22.3497519800258));
#6330=CARTESIAN_POINT('Ctrl Pts',(-6.09770316739534,-2.13601793208472,-22.4985615038353));
#6331=CARTESIAN_POINT('Ctrl Pts',(-6.47775998769763,1.20108477092609,-22.7589781705019));
#6332=CARTESIAN_POINT('Ctrl Pts',(-5.41113232396914,3.4277024408627,-22.9449900752638));
#6333=CARTESIAN_POINT('Ctrl Pts',(-4.41941738241592,4.41941738241592,-23.056597218121));
#6334=CARTESIAN_POINT('Ctrl Pts',(-4.41941738241591,-4.41941738241593,-22.4836805514543));
#6335=CARTESIAN_POINT('Ctrl Pts',(-5.08056067678473,-3.75827408804712,-22.5580853133591));
#6336=CARTESIAN_POINT('Ctrl Pts',(-6.09770316739534,-2.13601793208472,-22.7068948371686));
#6337=CARTESIAN_POINT('Ctrl Pts',(-6.47775998769764,1.20108477092609,-22.9673115038353));
#6338=CARTESIAN_POINT('Ctrl Pts',(-5.41113232396914,3.4277024408627,-23.1533234085972));
#6339=CARTESIAN_POINT('Ctrl Pts',(-4.41941738241592,4.41941738241592,-23.2649305514543));
#6340=CARTESIAN_POINT('Ctrl Pts',(-4.41941738241591,-4.41941738241593,-22.6920138847877));
#6341=CARTESIAN_POINT('Ctrl Pts',(-5.08056067678473,-3.75827408804712,-22.7664186466924));
#6342=CARTESIAN_POINT('Ctrl Pts',(-6.09770316739534,-2.13601793208472,-22.9152281705019));
#6343=CARTESIAN_POINT('Ctrl Pts',(-6.47775998769763,1.20108477092609,-23.1756448371686));
#6344=CARTESIAN_POINT('Ctrl Pts',(-5.41113232396914,3.4277024408627,-23.3616567419305));
#6345=CARTESIAN_POINT('Ctrl Pts',(-4.41941738241592,4.41941738241592,-23.4732638847877));
#6346=CARTESIAN_POINT('Ctrl Pts',(-4.41941738241591,-4.41941738241593,-22.900347218121));
#6347=CARTESIAN_POINT('Ctrl Pts',(-5.08056067678473,-3.75827408804712,-22.9747519800258));
#6348=CARTESIAN_POINT('Ctrl Pts',(-6.09770316739534,-2.13601793208472,-23.1235615038353));
#6349=CARTESIAN_POINT('Ctrl Pts',(-6.47775998769764,1.20108477092609,-23.3839781705019));
#6350=CARTESIAN_POINT('Ctrl Pts',(-5.41113232396914,3.4277024408627,-23.5699900752638));
#6351=CARTESIAN_POINT('Ctrl Pts',(-4.41941738241592,4.41941738241592,-23.681597218121));
#6352=CARTESIAN_POINT('Ctrl Pts',(-4.41941738241592,4.41941738241592,-23.056597218121));
#6353=CARTESIAN_POINT('Ctrl Pts',(-4.41941738241592,4.41941738241592,-23.1086805514543));
#6354=CARTESIAN_POINT('Ctrl Pts',(-4.41941738241592,4.41941738241592,-23.1607638847877));
#6355=CARTESIAN_POINT('Ctrl Pts',(-4.41941738241592,4.41941738241592,-23.2649305514543));
#6356=CARTESIAN_POINT('Ctrl Pts',(-4.41941738241592,4.41941738241592,-23.3170138847877));
#6357=CARTESIAN_POINT('Ctrl Pts',(-4.41941738241592,4.41941738241592,-23.4211805514543));
#6358=CARTESIAN_POINT('Ctrl Pts',(-4.41941738241592,4.41941738241592,-23.4732638847877));
#6359=CARTESIAN_POINT('Ctrl Pts',(-4.41941738241592,4.41941738241592,-23.5774305514543));
#6360=CARTESIAN_POINT('Ctrl Pts',(-4.41941738241592,4.41941738241592,-23.6295138847877));
#6361=CARTESIAN_POINT('Ctrl Pts',(-4.41941738241592,4.41941738241592,-23.681597218121));
#6362=CARTESIAN_POINT('Ctrl Pts',(-4.41941738241591,-4.41941738241593,-22.900347218121));
#6363=CARTESIAN_POINT('Ctrl Pts',(-4.41941738241591,-4.41941738241593,-22.7961805514543));
#6364=CARTESIAN_POINT('Ctrl Pts',(-4.41941738241591,-4.41941738241593,-22.6920138847877));
#6365=CARTESIAN_POINT('Ctrl Pts',(-4.41941738241591,-4.41941738241593,-22.4836805514543));
#6366=CARTESIAN_POINT('Ctrl Pts',(-4.41941738241591,-4.41941738241593,-22.3795138847877));
#6367=CARTESIAN_POINT('Ctrl Pts',(-4.41941738241591,-4.41941738241593,-22.275347218121));
#6368=CARTESIAN_POINT('Origin',(0.,0.,0.));
#6369=CARTESIAN_POINT('',(1.28883476483184,7.55,0.));
#6370=CARTESIAN_POINT('',(4.41941738241592,4.41941738241592,0.));
#6371=CARTESIAN_POINT('',(-1.28883476483185,7.55,0.));
#6372=CARTESIAN_POINT('',(1.28883476483184,7.55,0.));
#6373=CARTESIAN_POINT('',(-4.41941738241592,4.41941738241592,0.));
#6374=CARTESIAN_POINT('',(-1.28883476483184,-7.55,0.));
#6375=CARTESIAN_POINT('',(-4.41941738241592,-4.41941738241592,0.));
#6376=CARTESIAN_POINT('',(1.28883476483184,-7.55,0.));
#6377=CARTESIAN_POINT('',(-1.28883476483184,-7.55,0.));
#6378=CARTESIAN_POINT('',(4.41941738241592,-4.41941738241592,0.));
#6379=CARTESIAN_POINT('Origin',(4.41941738241592,-4.41941738241592,0.));
#6380=CARTESIAN_POINT('',(1.28883476483184,-7.55,-25.));
#6381=CARTESIAN_POINT('',(4.42003258331272,-4.41880218151913,-25.));
#6382=CARTESIAN_POINT('',(1.28883476483184,-7.55,0.));
#6383=CARTESIAN_POINT('Origin',(1.28883476483184,-7.55,0.));
#6384=CARTESIAN_POINT('',(-1.28883476483184,-7.55,-25.));
#6385=CARTESIAN_POINT('',(0.645647784209512,-7.55,-25.));
#6386=CARTESIAN_POINT('',(-1.28883476483184,-7.55,0.));
#6387=CARTESIAN_POINT('Origin',(1.28883476483184,7.55,0.));
#6388=CARTESIAN_POINT('',(1.28883476483184,7.55,-25.));
#6389=CARTESIAN_POINT('',(2.85474127452068,5.98409349031117,-25.));
#6390=CARTESIAN_POINT('',(1.28883476483184,7.55,0.));
#6391=CARTESIAN_POINT('Origin',(-1.28883476483184,-7.55,0.));
#6392=CARTESIAN_POINT('',(-3.15395055860217,-5.68488420622966,-25.));
#6393=CARTESIAN_POINT('',(-2.85351087272709,-5.98532389210476,-25.));
#6394=CARTESIAN_POINT('',(-1.96381155085218,-6.87502321397879,-24.2106049527658));
#6395=CARTESIAN_POINT('',(-1.96381155085419,-6.87502321397766,0.));
#6396=CARTESIAN_POINT('Ctrl Pts',(-3.15196699210635,-5.68180322955933,-25.0000000000008));
#6397=CARTESIAN_POINT('Ctrl Pts',(-3.07584027956323,-5.75831176320122,-24.961128109147));
#6398=CARTESIAN_POINT('Ctrl Pts',(-3.00026882348636,-5.83430333267246,-24.9200542092612));
#6399=CARTESIAN_POINT('Ctrl Pts',(-2.9252548135937,-5.90973865698715,-24.8770203062519));
#6400=CARTESIAN_POINT('Ctrl Pts',(-2.85345411147594,-5.98194262605942,-24.8358298078989));
#6401=CARTESIAN_POINT('Ctrl Pts',(-2.78216431163774,-6.05363637384689,-24.7928436277378));
#6402=CARTESIAN_POINT('Ctrl Pts',(-2.71142895249068,-6.12476898693646,-24.7482739850786));
#6403=CARTESIAN_POINT('Ctrl Pts',(-2.63514406139998,-6.20148229846787,-24.7002076378202));
#6404=CARTESIAN_POINT('Ctrl Pts',(-2.55937880341691,-6.27766420436719,-24.6502255793158));
#6405=CARTESIAN_POINT('Ctrl Pts',(-2.48416350476668,-6.35324168548774,-24.5985918912587));
#6406=CARTESIAN_POINT('Ctrl Pts',(-2.42592267982635,-6.41176295611171,-24.5586108150532));
#6407=CARTESIAN_POINT('Ctrl Pts',(-2.36801261231096,-6.4699213344616,-24.5176394649945));
#6408=CARTESIAN_POINT('Ctrl Pts',(-2.31046811065945,-6.52767745815431,-24.4758004444212));
#6409=CARTESIAN_POINT('Ctrl Pts',(-2.23281878050631,-6.60561234660184,-24.4193437573609));
#6410=CARTESIAN_POINT('Ctrl Pts',(-2.15565494441186,-6.68299133132761,-24.3611805087971));
#6411=CARTESIAN_POINT('Ctrl Pts',(-2.07903856506907,-6.75971495078055,-24.3015958401106));
#6412=CARTESIAN_POINT('Ctrl Pts',(-2.04048585315349,-6.79832162500952,-24.2716133404655));
#6413=CARTESIAN_POINT('Ctrl Pts',(-2.00207258152564,-6.83676218330622,-24.2412709348293));
#6414=CARTESIAN_POINT('Ctrl Pts',(-1.96381155085291,-6.87502321397896,-24.210604952765));
#6415=CARTESIAN_POINT('Ctrl Pts',(-1.96381155085199,-6.87502321397922,-24.2106049527649));
#6416=CARTESIAN_POINT('Ctrl Pts',(-3.52264735681833,-6.42975057032999,-24.3233756737985));
#6417=CARTESIAN_POINT('Ctrl Pts',(-5.84716202908173,-4.76862804650846,-24.5113268755211));
#6418=CARTESIAN_POINT('Ctrl Pts',(-7.30378545628762,-1.16750540620314,-24.7744585579328));
#6419=CARTESIAN_POINT('Ctrl Pts',(-7.15576902708516,1.04190924470279,-24.9248195193109));
#6420=CARTESIAN_POINT('Ctrl Pts',(-6.84194222172745,2.07613261487702,-25.));
#6421=CARTESIAN_POINT('Ctrl Pts',(-1.90440993945465,-6.66706667297237,-24.4358904454586));
#6422=CARTESIAN_POINT('Ctrl Pts',(-3.41609388976656,-6.23526269057652,-24.5486611664921));
#6423=CARTESIAN_POINT('Ctrl Pts',(-5.67029635860632,-4.62438600353124,-24.7366123682148));
#6424=CARTESIAN_POINT('Ctrl Pts',(-7.08285966266159,-1.13219056022748,-24.9997440506265));
#6425=CARTESIAN_POINT('Ctrl Pts',(-6.93932045246932,1.01039344674433,-25.1501050120046));
#6426=CARTESIAN_POINT('Ctrl Pts',(-6.63498631861048,2.01333350223062,-25.2252854926936));
#6427=CARTESIAN_POINT('Ctrl Pts',(-1.84500832805731,-6.45911013196551,-24.6611759381522));
#6428=CARTESIAN_POINT('Ctrl Pts',(-3.30954042271479,-6.04077481082306,-24.7739466591858));
#6429=CARTESIAN_POINT('Ctrl Pts',(-5.49343068813091,-4.48014396055402,-24.9618978609084));
#6430=CARTESIAN_POINT('Ctrl Pts',(-6.86193386903557,-1.09687571425181,-25.2250295433201));
#6431=CARTESIAN_POINT('Ctrl Pts',(-6.72287187785348,0.978877648785877,-25.3753905046982));
#6432=CARTESIAN_POINT('Ctrl Pts',(-6.42803041549351,1.95053438958421,-25.4505709853873));
#6433=CARTESIAN_POINT('Ctrl Pts',(-1.78560671665997,-6.25115359095866,-24.8864614308459));
#6434=CARTESIAN_POINT('Ctrl Pts',(-3.20298695566303,-5.8462869310696,-24.9992321518794));
#6435=CARTESIAN_POINT('Ctrl Pts',(-5.3165650176555,-4.3359019175768,-25.1871833536021));
#6436=CARTESIAN_POINT('Ctrl Pts',(-6.64100807540954,-1.06156086827614,-25.4503150360138));
#6437=CARTESIAN_POINT('Ctrl Pts',(-6.50642330323765,0.947361850827422,-25.6006759973919));
#6438=CARTESIAN_POINT('Ctrl Pts',(-6.22107451237655,1.88773527693781,-25.6758564780809));
#6439=CARTESIAN_POINT('',(-6.84194222173046,2.07613261486402,-25.));
#6440=CARTESIAN_POINT('Ctrl Pts',(-3.15196699210635,-5.68180322956016,-25.));
#6441=CARTESIAN_POINT('Ctrl Pts',(-3.31501210140863,-5.60584385383855,-25.));
#6442=CARTESIAN_POINT('Ctrl Pts',(-3.47480852308853,-5.52323429399191,-25.));
#6443=CARTESIAN_POINT('Ctrl Pts',(-3.63100674689282,-5.43429323021288,-25.));
#6444=CARTESIAN_POINT('Ctrl Pts',(-3.78844149477853,-5.34464807541086,-25.));
#6445=CARTESIAN_POINT('Ctrl Pts',(-3.94222150860381,-5.24857050251298,-25.));
#6446=CARTESIAN_POINT('Ctrl Pts',(-4.09197418812253,-5.14633610744396,-25.));
#6447=CARTESIAN_POINT('Ctrl Pts',(-4.14047895038982,-5.11322247605987,-25.));
#6448=CARTESIAN_POINT('Ctrl Pts',(-4.18856104595763,-5.07946255158223,-25.));
#6449=CARTESIAN_POINT('Ctrl Pts',(-4.2362073063775,-5.04506464526561,-25.));
#6450=CARTESIAN_POINT('Ctrl Pts',(-4.25726127109589,-5.02986487303597,-25.));
#6451=CARTESIAN_POINT('Ctrl Pts',(-4.27823051780553,-5.01454016945666,-25.));
#6452=CARTESIAN_POINT('Ctrl Pts',(-4.29910143940185,-4.99910063592062,-25.));
#6453=CARTESIAN_POINT('Ctrl Pts',(-4.4464802367191,-4.89007526906366,-25.));
#6454=CARTESIAN_POINT('Ctrl Pts',(-4.58910901270157,-4.77521961695453,-25.));
#6455=CARTESIAN_POINT('Ctrl Pts',(-4.72664084037646,-4.65486948959019,-25.));
#6456=CARTESIAN_POINT('Ctrl Pts',(-4.86571413187429,-4.53317047178677,-25.));
#6457=CARTESIAN_POINT('Ctrl Pts',(-4.99957627543057,-4.4058528432571,-25.));
#6458=CARTESIAN_POINT('Ctrl Pts',(-5.12785056435128,-4.27321329282224,-25.));
#6459=CARTESIAN_POINT('Ctrl Pts',(-5.256124853272,-4.14057374238739,-25.));
#6460=CARTESIAN_POINT('Ctrl Pts',(-5.3788119702127,-4.00261189499188,-25.));
#6461=CARTESIAN_POINT('Ctrl Pts',(-5.49550700416134,-3.85957926071446,-25.));
#6462=CARTESIAN_POINT('Ctrl Pts',(-5.61075011263522,-3.71832624565821,-25.));
#6463=CARTESIAN_POINT('Ctrl Pts',(-5.72014982637426,-3.57212733088423,-25.));
#6464=CARTESIAN_POINT('Ctrl Pts',(-5.82354289029456,-3.42141247824859,-25.));
#6465=CARTESIAN_POINT('Ctrl Pts',(-5.85658856176586,-3.37324219179802,-25.));
#6466=CARTESIAN_POINT('Ctrl Pts',(-5.88902033406973,-3.32461033879276,-25.));
#6467=CARTESIAN_POINT('Ctrl Pts',(-5.92083197712629,-3.27553028945657,-25.));
#6468=CARTESIAN_POINT('Ctrl Pts',(-5.94556361634165,-3.23737350293986,-25.));
#6469=CARTESIAN_POINT('Ctrl Pts',(-5.96992043281139,-3.19894581450042,-25.));
#6470=CARTESIAN_POINT('Ctrl Pts',(-5.99389930489671,-3.16025339210488,-25.));
#6471=CARTESIAN_POINT('Ctrl Pts',(-6.00766312635581,-3.13804402413388,-25.));
#6472=CARTESIAN_POINT('Ctrl Pts',(-6.02130322995515,-3.11574597102044,-25.));
#6473=CARTESIAN_POINT('Ctrl Pts',(-6.03480812006726,-3.09337877106756,-25.));
#6474=CARTESIAN_POINT('Ctrl Pts',(-6.13035562072818,-2.93513016374545,-25.));
#6475=CARTESIAN_POINT('Ctrl Pts',(-6.21926469896755,-2.77322123837698,-25.));
#6476=CARTESIAN_POINT('Ctrl Pts',(-6.30144128199943,-2.60815335546085,-25.));
#6477=CARTESIAN_POINT('Ctrl Pts',(-6.38449345987147,-2.44132666752724,-25.));
#6478=CARTESIAN_POINT('Ctrl Pts',(-6.4606693022563,-2.2712727783714,-25.));
#6479=CARTESIAN_POINT('Ctrl Pts',(-6.52983528408827,-2.09846936430256,-25.));
#6480=CARTESIAN_POINT('Ctrl Pts',(-6.59928962535781,-1.9249455166626,-25.));
#6481=CARTESIAN_POINT('Ctrl Pts',(-6.66167591409828,-1.74864853518669,-25.));
#6482=CARTESIAN_POINT('Ctrl Pts',(-6.71681664108062,-1.57003124161761,-25.));
#6483=CARTESIAN_POINT('Ctrl Pts',(-6.76513818664325,-1.41350331458767,-25.));
#6484=CARTESIAN_POINT('Ctrl Pts',(-6.80789498115324,-1.25519274922177,-25.));
#6485=CARTESIAN_POINT('Ctrl Pts',(-6.84493752880402,-1.09539080292367,-25.));
#6486=CARTESIAN_POINT('Ctrl Pts',(-6.87503854957555,-0.965534677740359,
-25.));
#6487=CARTESIAN_POINT('Ctrl Pts',(-6.90136574650985,-0.834693437520275,
-25.));
#6488=CARTESIAN_POINT('Ctrl Pts',(-6.92391323388743,-0.703020773341956,
-25.));
#6489=CARTESIAN_POINT('Ctrl Pts',(-6.92767504746872,-0.681052559851217,
-25.));
#6490=CARTESIAN_POINT('Ctrl Pts',(-6.93133198526954,-0.659058928975167,
-25.));
#6491=CARTESIAN_POINT('Ctrl Pts',(-6.93488279603528,-0.637047988032689,
-25.));
#6492=CARTESIAN_POINT('Ctrl Pts',(-6.96472704604539,-0.45204797880002,-25.));
#6493=CARTESIAN_POINT('Ctrl Pts',(-6.98701947147898,-0.266200578083687,
-25.));
#6494=CARTESIAN_POINT('Ctrl Pts',(-7.00187123029028,-0.0799658998447308,
-25.));
#6495=CARTESIAN_POINT('Ctrl Pts',(-7.01700328583198,0.10978357903572,-25.));
#6496=CARTESIAN_POINT('Ctrl Pts',(-7.02441137407681,0.29993569078544,-25.));
#6497=CARTESIAN_POINT('Ctrl Pts',(-7.02416391795299,0.490026481049252,-25.));
#6498=CARTESIAN_POINT('Ctrl Pts',(-7.02391567193405,0.680724052764118,-25.));
#6499=CARTESIAN_POINT('Ctrl Pts',(-7.01596302090605,0.871360602016323,-25.));
#6500=CARTESIAN_POINT('Ctrl Pts',(-7.00032399324113,1.06148049235589,-25.));
#6501=CARTESIAN_POINT('Ctrl Pts',(-6.98480699659537,1.2501168810049,-25.));
#6502=CARTESIAN_POINT('Ctrl Pts',(-6.96172311552257,1.43824533624734,-25.));
#6503=CARTESIAN_POINT('Ctrl Pts',(-6.9310391918814,1.62542299440159,-25.));
#6504=CARTESIAN_POINT('Ctrl Pts',(-6.90629680482312,1.77635617103423,-25.));
#6505=CARTESIAN_POINT('Ctrl Pts',(-6.87661176652192,1.92667130932535,-25.));
#6506=CARTESIAN_POINT('Ctrl Pts',(-6.84194222172745,2.07613261487702,-25.));
#6507=CARTESIAN_POINT('Ctrl Pts',(-6.84194222172884,2.07613261486337,-25.0000000000018));
#6508=CARTESIAN_POINT('Ctrl Pts',(-7.15576902708314,1.04190924469323,-24.9248195193131));
#6509=CARTESIAN_POINT('Ctrl Pts',(-7.22977724168301,-0.0627980807545124,
-24.8496390386243));
#6510=CARTESIAN_POINT('Ctrl Pts',(-7.05869228795501,-1.12959783494835,-24.7744585579356));
#6511=CARTESIAN_POINT('Ctrl Pts',(-6.88760733422628,-2.19639758914665,-24.6992780772465));
#6512=CARTESIAN_POINT('Ctrl Pts',(-6.47142921216761,-3.22528977209065,-24.6240975965575));
#6513=CARTESIAN_POINT('Ctrl Pts',(-5.8497999913704,-4.10840468566841,-24.5489171158684));
#6514=CARTESIAN_POINT('Ctrl Pts',(-4.91735616017461,-5.43307705603502,-24.4361463948348));
#6515=CARTESIAN_POINT('Ctrl Pts',(-3.52264735681703,-6.42975057032762,-24.3233756738012));
#6516=CARTESIAN_POINT('Ctrl Pts',(-1.96381155085126,-6.87502321397669,-24.2106049527676));
#6517=CARTESIAN_POINT('Origin',(0.,0.,0.));
#6518=CARTESIAN_POINT('',(-1.96381155085419,6.87502321397766,-25.));
#6519=CARTESIAN_POINT('Origin',(0.,0.,-25.));
#6520=CARTESIAN_POINT('',(-1.96381155085419,6.87502321397766,0.));
#6521=CARTESIAN_POINT('Origin',(-4.41941738241592,4.41941738241592,0.));
#6522=CARTESIAN_POINT('',(-1.28883476483185,7.55,-25.));
#6523=CARTESIAN_POINT('',(-4.41880218151913,4.42003258331271,-25.));
#6524=CARTESIAN_POINT('',(-1.28883476483185,7.55,0.));
#6525=CARTESIAN_POINT('Origin',(-1.28883476483185,7.55,0.));
#6526=CARTESIAN_POINT('',(-0.643186980622338,7.55,-25.));
#6527=CARTESIAN_POINT('Origin',(0.00246080358717093,-2.21989964109E-15,
-25.));
#6528=UNCERTAINTY_MEASURE_WITH_UNIT(LENGTH_MEASURE(0.01),#6532,
'DISTANCE_ACCURACY_VALUE',
'Maximum model space distance between geometric entities at asserted c
onnectivities');
#6529=UNCERTAINTY_MEASURE_WITH_UNIT(LENGTH_MEASURE(0.01),#6532,
'DISTANCE_ACCURACY_VALUE',
'Maximum model space distance between geometric entities at asserted c
onnectivities');
#6530=(
GEOMETRIC_REPRESENTATION_CONTEXT(3)
GLOBAL_UNCERTAINTY_ASSIGNED_CONTEXT((#6528))
GLOBAL_UNIT_ASSIGNED_CONTEXT((#6532,#6534,#6535))
REPRESENTATION_CONTEXT('','3D')
);
#6531=(
GEOMETRIC_REPRESENTATION_CONTEXT(3)
GLOBAL_UNCERTAINTY_ASSIGNED_CONTEXT((#6529))
GLOBAL_UNIT_ASSIGNED_CONTEXT((#6532,#6534,#6535))
REPRESENTATION_CONTEXT('','3D')
);
#6532=(
LENGTH_UNIT()
NAMED_UNIT(*)
SI_UNIT(.MILLI.,.METRE.)
);
#6533=(
LENGTH_UNIT()
NAMED_UNIT(*)
SI_UNIT($,.METRE.)
);
#6534=(
NAMED_UNIT(*)
PLANE_ANGLE_UNIT()
SI_UNIT($,.RADIAN.)
);
#6535=(
NAMED_UNIT(*)
SI_UNIT($,.STERADIAN.)
SOLID_ANGLE_UNIT()
);
#6536=SHAPE_DEFINITION_REPRESENTATION(#6537,#6538);
#6537=PRODUCT_DEFINITION_SHAPE('',$,#6540);
#6538=SHAPE_REPRESENTATION('',(#1613),#6530);
#6539=PRODUCT_DEFINITION_CONTEXT('part definition',#6544,'design');
#6540=PRODUCT_DEFINITION('M.Horizontal 0deg (Negative)',
'M.Horizontal 0deg (Negative) v4',#6541,#6539);
#6541=PRODUCT_DEFINITION_FORMATION('',$,#6546);
#6542=PRODUCT_RELATED_PRODUCT_CATEGORY(
'M.Horizontal 0deg (Negative) v4','M.Horizontal 0deg (Negative) v4',(#6546));
#6543=APPLICATION_PROTOCOL_DEFINITION('international standard',
'automotive_design',2009,#6544);
#6544=APPLICATION_CONTEXT(
'Core Data for Automotive Mechanical Design Process');
#6545=PRODUCT_CONTEXT('part definition',#6544,'mechanical');
#6546=PRODUCT('M.Horizontal 0deg (Negative)',
'M.Horizontal 0deg (Negative) v4',$,(#6545));
#6547=PRESENTATION_STYLE_ASSIGNMENT((#6549));
#6548=PRESENTATION_STYLE_ASSIGNMENT((#6550));
#6549=SURFACE_STYLE_USAGE(.BOTH.,#6551);
#6550=SURFACE_STYLE_USAGE(.BOTH.,#6552);
#6551=SURFACE_SIDE_STYLE('',(#6553));
#6552=SURFACE_SIDE_STYLE('',(#6554));
#6553=SURFACE_STYLE_FILL_AREA(#6555);
#6554=SURFACE_STYLE_FILL_AREA(#6556);
#6555=FILL_AREA_STYLE('Plastic - Matte (Green)',(#6557));
#6556=FILL_AREA_STYLE('Plastic - Matte (Red)',(#6558));
#6557=FILL_AREA_STYLE_COLOUR('Plastic - Matte (Green)',#6559);
#6558=FILL_AREA_STYLE_COLOUR('Plastic - Matte (Red)',#6560);
#6559=COLOUR_RGB('Plastic - Matte (Green)',0.266666666666667,0.588235294117647,
0.282352941176471);
#6560=COLOUR_RGB('Plastic - Matte (Red)',0.768627450980392,0.207843137254902,
0.152941176470588);
ENDSEC;
END-ISO-10303-21;
