ISO-10303-21;
HEADER;
/* Generated by software containing ST-Developer
 * from STEP Tools, Inc. (www.steptools.com) 
 */

FILE_DESCRIPTION(
/* description */ (''),
/* implementation_level */ '2;1');

FILE_NAME(
/* name */ '50mm.step',
/* time_stamp */ '2025-09-02T20:52:02+08:00',
/* author */ (''),
/* organization */ (''),
/* preprocessor_version */ 'ST-DEVELOPER v20.1',
/* originating_system */ 'Autodesk Translation Framework v14.10.0.0',
/* authorisation */ '');

FILE_SCHEMA (('AUTOMOTIVE_DESIGN { 1 0 10303 214 3 1 1 }'));
ENDSEC;

DATA;
#10=MECHANICAL_DESIGN_GEOMETRIC_PRESENTATION_REPRESENTATION('',(#13),#9476);
#11=SHAPE_REPRESENTATION_RELATIONSHIP('SRR','None',#9483,#12);
#12=ADVANCED_BREP_SHAPE_REPRESENTATION('',(#14),#9475);
#13=STYLED_ITEM('',(#9492),#14);
#14=MANIFOLD_SOLID_BREP('50mm',#2700);
#15=FACE_BOUND('',#451,.T.);
#16=FACE_BOUND('',#452,.T.);
#17=CONICAL_SURFACE('',#2758,0.75,0.785398163397448);
#18=CONICAL_SURFACE('',#2764,0.75,0.785398163397448);
#19=(
BOUNDED_CURVE()
B_SPLINE_CURVE(2,(#9435,#9436,#9437),.UNSPECIFIED.,.F.,.F.)
B_SPLINE_CURVE_WITH_KNOTS((3,3),(0.00163833345783341,0.0194063713046864),
 .UNSPECIFIED.)
CURVE()
GEOMETRIC_REPRESENTATION_ITEM()
RATIONAL_B_SPLINE_CURVE((1.,1.,1.))
REPRESENTATION_ITEM('')
);
#20=(
BOUNDED_CURVE()
B_SPLINE_CURVE(2,(#9442,#9443,#9444),.UNSPECIFIED.,.F.,.F.)
B_SPLINE_CURVE_WITH_KNOTS((3,3),(0.00163833345783345,0.0194063713046864),
 .UNSPECIFIED.)
CURVE()
GEOMETRIC_REPRESENTATION_ITEM()
RATIONAL_B_SPLINE_CURVE((1.,1.,1.))
REPRESENTATION_ITEM('')
);
#21=(
BOUNDED_CURVE()
B_SPLINE_CURVE(2,(#9457,#9458,#9459),.UNSPECIFIED.,.F.,.F.)
B_SPLINE_CURVE_WITH_KNOTS((3,3),(0.00163833345783343,0.0194063713046864),
 .UNSPECIFIED.)
CURVE()
GEOMETRIC_REPRESENTATION_ITEM()
RATIONAL_B_SPLINE_CURVE((1.,1.,1.))
REPRESENTATION_ITEM('')
);
#22=(
BOUNDED_CURVE()
B_SPLINE_CURVE(2,(#9464,#9465,#9466),.UNSPECIFIED.,.F.,.F.)
B_SPLINE_CURVE_WITH_KNOTS((3,3),(0.00163833345783348,0.0194063713046865),
 .UNSPECIFIED.)
CURVE()
GEOMETRIC_REPRESENTATION_ITEM()
RATIONAL_B_SPLINE_CURVE((1.,1.,1.))
REPRESENTATION_ITEM('')
);
#23=B_SPLINE_SURFACE_WITH_KNOTS('',3,3,((#4485,#4486,#4487,#4488),(#4489,
#4490,#4491,#4492),(#4493,#4494,#4495,#4496),(#4497,#4498,#4499,#4500)),
 .UNSPECIFIED.,.F.,.F.,.F.,(4,4),(4,4),(-2.48969823076959E-10,0.0534607926388569),
(5.24518405602627,5.28375000499817),.UNSPECIFIED.);
#24=B_SPLINE_SURFACE_WITH_KNOTS('',3,3,((#6561,#6562,#6563,#6564,#6565,
#6566),(#6567,#6568,#6569,#6570,#6571,#6572),(#6573,#6574,#6575,#6576,#6577,
#6578),(#6579,#6580,#6581,#6582,#6583,#6584)),.UNSPECIFIED.,.F.,.F.,.F.,
(4,4),(4,1,1,4),(-2.48969823076959E-10,0.129957925824057),(0.397325212311031,
0.420778265610464,0.444231318909898,0.479410898859048),.UNSPECIFIED.);
#25=B_SPLINE_SURFACE_WITH_KNOTS('',3,3,((#6591,#6592,#6593,#6594,#6595,
#6596),(#6597,#6598,#6599,#6600,#6601,#6602),(#6603,#6604,#6605,#6606,#6607,
#6608),(#6609,#6610,#6611,#6612,#6613,#6614)),.UNSPECIFIED.,.F.,.F.,.F.,
(4,4),(4,1,1,4),(-2.48969823076959E-10,0.129957925824057),(0.709825212311129,
0.745004792233009,0.768457845514262,0.791910898795515),.UNSPECIFIED.);
#26=B_SPLINE_SURFACE_WITH_KNOTS('',3,3,((#6621,#6622,#6623,#6624,#6625,
#6626),(#6627,#6628,#6629,#6630,#6631,#6632),(#6633,#6634,#6635,#6636,#6637,
#6638),(#6639,#6640,#6641,#6642,#6643,#6644)),.UNSPECIFIED.,.F.,.F.,.F.,
(4,4),(4,1,1,4),(-2.48969823076959E-10,0.129957925824057),(1.02232521225206,
1.05750479222649,1.08095784554277,1.10441089885905),.UNSPECIFIED.);
#27=B_SPLINE_SURFACE_WITH_KNOTS('',3,3,((#6651,#6652,#6653,#6654,#6655,
#6656),(#6657,#6658,#6659,#6660,#6661,#6662),(#6663,#6664,#6665,#6666,#6667,
#6668),(#6669,#6670,#6671,#6672,#6673,#6674)),.UNSPECIFIED.,.F.,.F.,.F.,
(4,4),(4,1,1,4),(-2.48969823076959E-10,0.129957925824057),(1.33482521225206,
1.37000479222649,1.39345784554277,1.41691089885905),.UNSPECIFIED.);
#28=B_SPLINE_SURFACE_WITH_KNOTS('',3,3,((#6681,#6682,#6683,#6684,#6685,
#6686),(#6687,#6688,#6689,#6690,#6691,#6692),(#6693,#6694,#6695,#6696,#6697,
#6698),(#6699,#6700,#6701,#6702,#6703,#6704)),.UNSPECIFIED.,.F.,.F.,.F.,
(4,4),(4,1,1,4),(-2.48969823076959E-10,0.129957925824057),(1.64732521252559,
1.68250479238279,1.70595784562092,1.72941089885905),.UNSPECIFIED.);
#29=B_SPLINE_SURFACE_WITH_KNOTS('',3,3,((#6711,#6712,#6713,#6714,#6715,
#6716),(#6717,#6718,#6719,#6720,#6721,#6722),(#6723,#6724,#6725,#6726,#6727,
#6728),(#6729,#6730,#6731,#6732,#6733,#6734)),.UNSPECIFIED.,.F.,.F.,.F.,
(4,4),(4,1,1,4),(-2.48969823076959E-10,0.129957925824057),(1.95982521225207,
1.99500479222649,2.01845784554277,2.04191089885905),.UNSPECIFIED.);
#30=B_SPLINE_SURFACE_WITH_KNOTS('',3,3,((#6741,#6742,#6743,#6744,#6745,
#6746),(#6747,#6748,#6749,#6750,#6751,#6752),(#6753,#6754,#6755,#6756,#6757,
#6758),(#6759,#6760,#6761,#6762,#6763,#6764)),.UNSPECIFIED.,.F.,.F.,.F.,
(4,4),(4,1,1,4),(-2.48969823076959E-10,0.129957925824057),(2.27232521225207,
2.30750479222649,2.33095784554277,2.35441089885905),.UNSPECIFIED.);
#31=B_SPLINE_SURFACE_WITH_KNOTS('',3,3,((#6771,#6772,#6773,#6774,#6775,
#6776),(#6777,#6778,#6779,#6780,#6781,#6782),(#6783,#6784,#6785,#6786,#6787,
#6788),(#6789,#6790,#6791,#6792,#6793,#6794)),.UNSPECIFIED.,.F.,.F.,.F.,
(4,4),(4,1,1,4),(-2.48969823076959E-10,0.129957925824057),(2.58482521225207,
2.62000479222649,2.64345784554277,2.66691089885905),.UNSPECIFIED.);
#32=B_SPLINE_SURFACE_WITH_KNOTS('',3,3,((#6801,#6802,#6803,#6804,#6805,
#6806),(#6807,#6808,#6809,#6810,#6811,#6812),(#6813,#6814,#6815,#6816,#6817,
#6818),(#6819,#6820,#6821,#6822,#6823,#6824)),.UNSPECIFIED.,.F.,.F.,.F.,
(4,4),(4,1,1,4),(-2.48969823076959E-10,0.129957925824057),(2.89732521225207,
2.93250479222649,2.95595784554277,2.97941089885905),.UNSPECIFIED.);
#33=B_SPLINE_SURFACE_WITH_KNOTS('',3,3,((#6831,#6832,#6833,#6834,#6835,
#6836),(#6837,#6838,#6839,#6840,#6841,#6842),(#6843,#6844,#6845,#6846,#6847,
#6848),(#6849,#6850,#6851,#6852,#6853,#6854)),.UNSPECIFIED.,.F.,.F.,.F.,
(4,4),(4,1,1,4),(-2.48969823076959E-10,0.129957925824057),(3.20982521225206,
3.24500479222649,3.26845784554277,3.29191089885905),.UNSPECIFIED.);
#34=B_SPLINE_SURFACE_WITH_KNOTS('',3,3,((#6861,#6862,#6863,#6864,#6865,
#6866),(#6867,#6868,#6869,#6870,#6871,#6872),(#6873,#6874,#6875,#6876,#6877,
#6878),(#6879,#6880,#6881,#6882,#6883,#6884)),.UNSPECIFIED.,.F.,.F.,.F.,
(4,4),(4,1,1,4),(-2.48969823076959E-10,0.129957925824057),(3.52232521225206,
3.55750479222649,3.58095784554277,3.60441089885905),.UNSPECIFIED.);
#35=B_SPLINE_SURFACE_WITH_KNOTS('',3,3,((#6891,#6892,#6893,#6894,#6895,
#6896),(#6897,#6898,#6899,#6900,#6901,#6902),(#6903,#6904,#6905,#6906,#6907,
#6908),(#6909,#6910,#6911,#6912,#6913,#6914)),.UNSPECIFIED.,.F.,.F.,.F.,
(4,4),(4,1,1,4),(-2.48969823076959E-10,0.129957925824057),(3.83482521225206,
3.85827826556835,3.88173131888463,3.91691089885905),.UNSPECIFIED.);
#36=B_SPLINE_SURFACE_WITH_KNOTS('',3,3,((#6921,#6922,#6923,#6924,#6925,
#6926),(#6927,#6928,#6929,#6930,#6931,#6932),(#6933,#6934,#6935,#6936,#6937,
#6938),(#6939,#6940,#6941,#6942,#6943,#6944)),.UNSPECIFIED.,.F.,.F.,.F.,
(4,4),(4,1,1,4),(-2.48969823076959E-10,0.129957925824057),(4.14732521225206,
4.18250479222649,4.20595784554277,4.22941089885905),.UNSPECIFIED.);
#37=B_SPLINE_SURFACE_WITH_KNOTS('',3,3,((#6951,#6952,#6953,#6954,#6955,
#6956),(#6957,#6958,#6959,#6960,#6961,#6962),(#6963,#6964,#6965,#6966,#6967,
#6968),(#6969,#6970,#6971,#6972,#6973,#6974)),.UNSPECIFIED.,.F.,.F.,.F.,
(4,4),(4,1,1,4),(-2.48969823076959E-10,0.129957925824057),(4.45982521225206,
4.49500479222649,4.51845784554277,4.54191089885905),.UNSPECIFIED.);
#38=B_SPLINE_SURFACE_WITH_KNOTS('',3,3,((#6981,#6982,#6983,#6984,#6985,
#6986),(#6987,#6988,#6989,#6990,#6991,#6992),(#6993,#6994,#6995,#6996,#6997,
#6998),(#6999,#7000,#7001,#7002,#7003,#7004)),.UNSPECIFIED.,.F.,.F.,.F.,
(4,4),(4,1,1,4),(-2.48969823076959E-10,0.129957925824057),(4.77232521243131,
4.80750479232891,4.83095784559398,4.85441089885905),.UNSPECIFIED.);
#39=B_SPLINE_SURFACE_WITH_KNOTS('',3,3,((#7011,#7012,#7013,#7014,#7015,
#7016),(#7017,#7018,#7019,#7020,#7021,#7022),(#7023,#7024,#7025,#7026,#7027,
#7028),(#7029,#7030,#7031,#7032,#7033,#7034)),.UNSPECIFIED.,.F.,.F.,.F.,
(4,4),(4,1,1,4),(-2.48969823076959E-10,0.129957925824057),(5.08482521225206,
5.1082782655243,5.13173131879653,5.16691089870487),.UNSPECIFIED.);
#40=B_SPLINE_SURFACE_WITH_KNOTS('',3,3,((#7041,#7042,#7043,#7044,#7045,
#7046),(#7047,#7048,#7049,#7050,#7051,#7052),(#7053,#7054,#7055,#7056,#7057,
#7058),(#7059,#7060,#7061,#7062,#7063,#7064)),.UNSPECIFIED.,.F.,.F.,.F.,
(4,4),(4,1,1,4),(-2.48969823076959E-10,0.129957925824057),(0.241075212252064,
0.276254792226486,0.299707845542767,0.323160898859048),.UNSPECIFIED.);
#41=B_SPLINE_SURFACE_WITH_KNOTS('',3,3,((#7108,#7109,#7110,#7111,#7112,
#7113),(#7114,#7115,#7116,#7117,#7118,#7119),(#7120,#7121,#7122,#7123,#7124,
#7125),(#7126,#7127,#7128,#7129,#7130,#7131)),.UNSPECIFIED.,.F.,.F.,.F.,
(4,4),(4,1,1,4),(-2.48969823076959E-10,0.129957925824057),(0.553575212252064,
0.577028265568345,0.600481318884627,0.635660898859049),.UNSPECIFIED.);
#42=B_SPLINE_SURFACE_WITH_KNOTS('',3,3,((#7138,#7139,#7140,#7141,#7142,
#7143),(#7144,#7145,#7146,#7147,#7148,#7149),(#7150,#7151,#7152,#7153,#7154,
#7155),(#7156,#7157,#7158,#7159,#7160,#7161)),.UNSPECIFIED.,.F.,.F.,.F.,
(4,4),(4,1,1,4),(-2.48969823076959E-10,0.129957925824057),(0.866075212252065,
0.901254792226486,0.924707845542768,0.948160898859049),.UNSPECIFIED.);
#43=B_SPLINE_SURFACE_WITH_KNOTS('',3,3,((#7168,#7169,#7170,#7171,#7172,
#7173),(#7174,#7175,#7176,#7177,#7178,#7179),(#7180,#7181,#7182,#7183,#7184,
#7185),(#7186,#7187,#7188,#7189,#7190,#7191)),.UNSPECIFIED.,.F.,.F.,.F.,
(4,4),(4,1,1,4),(-2.48969823076959E-10,0.129957925824057),(1.17857521230476,
1.21375479223274,1.23720784551807,1.26066089880339),.UNSPECIFIED.);
#44=B_SPLINE_SURFACE_WITH_KNOTS('',3,3,((#7198,#7199,#7200,#7201,#7202,
#7203),(#7204,#7205,#7206,#7207,#7208,#7209),(#7210,#7211,#7212,#7213,#7214,
#7215),(#7216,#7217,#7218,#7219,#7220,#7221)),.UNSPECIFIED.,.F.,.F.,.F.,
(4,4),(4,1,1,4),(-2.48969823076959E-10,0.129957925824057),(1.49107521225206,
1.52625479222649,1.54970784554277,1.57316089885905),.UNSPECIFIED.);
#45=B_SPLINE_SURFACE_WITH_KNOTS('',3,3,((#7228,#7229,#7230,#7231,#7232,
#7233),(#7234,#7235,#7236,#7237,#7238,#7239),(#7240,#7241,#7242,#7243,#7244,
#7245),(#7246,#7247,#7248,#7249,#7250,#7251)),.UNSPECIFIED.,.F.,.F.,.F.,
(4,4),(4,1,1,4),(-2.48969823076959E-10,0.129957925824057),(1.80357521225207,
1.83875479222649,1.86220784554277,1.88566089885905),.UNSPECIFIED.);
#46=B_SPLINE_SURFACE_WITH_KNOTS('',3,3,((#7258,#7259,#7260,#7261,#7262,
#7263),(#7264,#7265,#7266,#7267,#7268,#7269),(#7270,#7271,#7272,#7273,#7274,
#7275),(#7276,#7277,#7278,#7279,#7280,#7281)),.UNSPECIFIED.,.F.,.F.,.F.,
(4,4),(4,1,1,4),(-2.48969823076959E-10,0.129957925824057),(2.11607521225207,
2.15125479218767,2.17470784547806,2.19816089876846),.UNSPECIFIED.);
#47=B_SPLINE_SURFACE_WITH_KNOTS('',3,3,((#7288,#7289,#7290,#7291,#7292,
#7293),(#7294,#7295,#7296,#7297,#7298,#7299),(#7300,#7301,#7302,#7303,#7304,
#7305),(#7306,#7307,#7308,#7309,#7310,#7311)),.UNSPECIFIED.,.F.,.F.,.F.,
(4,4),(4,1,1,4),(-2.48969823076959E-10,0.129957925824057),(2.42857521225207,
2.46375479222649,2.48720784554277,2.51066089885905),.UNSPECIFIED.);
#48=B_SPLINE_SURFACE_WITH_KNOTS('',3,3,((#7318,#7319,#7320,#7321,#7322,
#7323),(#7324,#7325,#7326,#7327,#7328,#7329),(#7330,#7331,#7332,#7333,#7334,
#7335),(#7336,#7337,#7338,#7339,#7340,#7341)),.UNSPECIFIED.,.F.,.F.,.F.,
(4,4),(4,1,1,4),(-2.48969823076959E-10,0.129957925824057),(2.74107521237583,
2.77625479229721,2.79970784557813,2.82316089885905),.UNSPECIFIED.);
#49=B_SPLINE_SURFACE_WITH_KNOTS('',3,3,((#7348,#7349,#7350,#7351,#7352,
#7353),(#7354,#7355,#7356,#7357,#7358,#7359),(#7360,#7361,#7362,#7363,#7364,
#7365),(#7366,#7367,#7368,#7369,#7370,#7371)),.UNSPECIFIED.,.F.,.F.,.F.,
(4,4),(4,1,1,4),(-2.48969823076959E-10,0.129957925824057),(3.05357521225206,
3.08875479222649,3.11220784554277,3.13566089885905),.UNSPECIFIED.);
#50=B_SPLINE_SURFACE_WITH_KNOTS('',3,3,((#7378,#7379,#7380,#7381,#7382,
#7383),(#7384,#7385,#7386,#7387,#7388,#7389),(#7390,#7391,#7392,#7393,#7394,
#7395),(#7396,#7397,#7398,#7399,#7400,#7401)),.UNSPECIFIED.,.F.,.F.,.F.,
(4,4),(4,1,1,4),(-2.48969823076959E-10,0.129957925824057),(3.36607521225207,
3.40125479222649,3.42470784554277,3.44816089885905),.UNSPECIFIED.);
#51=B_SPLINE_SURFACE_WITH_KNOTS('',3,3,((#7408,#7409,#7410,#7411,#7412,
#7413),(#7414,#7415,#7416,#7417,#7418,#7419),(#7420,#7421,#7422,#7423,#7424,
#7425),(#7426,#7427,#7428,#7429,#7430,#7431)),.UNSPECIFIED.,.F.,.F.,.F.,
(4,4),(4,1,1,4),(-2.48969823076959E-10,0.129957925824057),(3.67857521225206,
3.71375479222649,3.73720784554277,3.76066089885905),.UNSPECIFIED.);
#52=B_SPLINE_SURFACE_WITH_KNOTS('',3,3,((#7438,#7439,#7440,#7441,#7442,
#7443),(#7444,#7445,#7446,#7447,#7448,#7449),(#7450,#7451,#7452,#7453,#7454,
#7455),(#7456,#7457,#7458,#7459,#7460,#7461)),.UNSPECIFIED.,.F.,.F.,.F.,
(4,4),(4,1,1,4),(-2.48969823076959E-10,0.129957925824057),(3.99107521243407,
4.01452826563433,4.0379813188346,4.073160898635),.UNSPECIFIED.);
#53=B_SPLINE_SURFACE_WITH_KNOTS('',3,3,((#7468,#7469,#7470,#7471,#7472,
#7473),(#7474,#7475,#7476,#7477,#7478,#7479),(#7480,#7481,#7482,#7483,#7484,
#7485),(#7486,#7487,#7488,#7489,#7490,#7491)),.UNSPECIFIED.,.F.,.F.,.F.,
(4,4),(4,1,1,4),(-2.48969823076959E-10,0.129957925824057),(4.30357521250565,
4.33875479237139,4.36220784561522,4.38566089885905),.UNSPECIFIED.);
#54=B_SPLINE_SURFACE_WITH_KNOTS('',3,3,((#7498,#7499,#7500,#7501,#7502,
#7503),(#7504,#7505,#7506,#7507,#7508,#7509),(#7510,#7511,#7512,#7513,#7514,
#7515),(#7516,#7517,#7518,#7519,#7520,#7521)),.UNSPECIFIED.,.F.,.F.,.F.,
(4,4),(4,1,1,4),(-2.48969823076959E-10,0.129957925824057),(4.61607521225206,
4.6512547921638,4.67470784543829,4.69816089871277),.UNSPECIFIED.);
#55=B_SPLINE_SURFACE_WITH_KNOTS('',3,3,((#7528,#7529,#7530,#7531,#7532,
#7533),(#7534,#7535,#7536,#7537,#7538,#7539),(#7540,#7541,#7542,#7543,#7544,
#7545),(#7546,#7547,#7548,#7549,#7550,#7551)),.UNSPECIFIED.,.F.,.F.,.F.,
(4,4),(4,1,1,4),(-2.48969823076959E-10,0.129957925824057),(4.92857521225206,
4.9637547921901,4.98720784548212,5.01066089877414),.UNSPECIFIED.);
#56=B_SPLINE_SURFACE_WITH_KNOTS('',3,3,((#7558,#7559,#7560,#7561,#7562,
#7563),(#7564,#7565,#7566,#7567,#7568,#7569),(#7570,#7571,#7572,#7573,#7574,
#7575),(#7576,#7577,#7578,#7579,#7580,#7581)),.UNSPECIFIED.,.F.,.F.,.F.,
(4,4),(4,1,1,4),(-0.148007637495217,-0.0180497116710333),(0.397325212301805,
0.432504792254909,0.455957845556979,0.479410898859048),.UNSPECIFIED.);
#57=B_SPLINE_SURFACE_WITH_KNOTS('',3,3,((#7588,#7589,#7590,#7591,#7592,
#7593),(#7594,#7595,#7596,#7597,#7598,#7599),(#7600,#7601,#7602,#7603,#7604,
#7605),(#7606,#7607,#7608,#7609,#7610,#7611)),.UNSPECIFIED.,.F.,.F.,.F.,
(4,4),(4,1,1,4),(-0.148007637495217,-0.0180497116710333),(0.709825212252065,
0.745004792226486,0.768457845542767,0.791910898859048),.UNSPECIFIED.);
#58=B_SPLINE_SURFACE_WITH_KNOTS('',3,3,((#7618,#7619,#7620,#7621,#7622,
#7623),(#7624,#7625,#7626,#7627,#7628,#7629),(#7630,#7631,#7632,#7633,#7634,
#7635),(#7636,#7637,#7638,#7639,#7640,#7641)),.UNSPECIFIED.,.F.,.F.,.F.,
(4,4),(4,1,1,4),(-0.148007637495217,-0.0180497116710333),(1.02232521225206,
1.05750479222649,1.08095784554277,1.10441089885905),.UNSPECIFIED.);
#59=B_SPLINE_SURFACE_WITH_KNOTS('',3,3,((#7648,#7649,#7650,#7651,#7652,
#7653),(#7654,#7655,#7656,#7657,#7658,#7659),(#7660,#7661,#7662,#7663,#7664,
#7665),(#7666,#7667,#7668,#7669,#7670,#7671)),.UNSPECIFIED.,.F.,.F.,.F.,
(4,4),(4,1,1,4),(-0.148007637495217,-0.0180497116710333),(1.33482521225207,
1.37000479222649,1.39345784554277,1.41691089885905),.UNSPECIFIED.);
#60=B_SPLINE_SURFACE_WITH_KNOTS('',3,3,((#7678,#7679,#7680,#7681,#7682,
#7683),(#7684,#7685,#7686,#7687,#7688,#7689),(#7690,#7691,#7692,#7693,#7694,
#7695),(#7696,#7697,#7698,#7699,#7700,#7701)),.UNSPECIFIED.,.F.,.F.,.F.,
(4,4),(4,1,1,4),(-0.148007637495217,-0.0180497116710333),(1.64732521225207,
1.68250479222649,1.70595784554277,1.72941089885905),.UNSPECIFIED.);
#61=B_SPLINE_SURFACE_WITH_KNOTS('',3,3,((#7708,#7709,#7710,#7711,#7712,
#7713),(#7714,#7715,#7716,#7717,#7718,#7719),(#7720,#7721,#7722,#7723,#7724,
#7725),(#7726,#7727,#7728,#7729,#7730,#7731)),.UNSPECIFIED.,.F.,.F.,.F.,
(4,4),(4,1,1,4),(-0.148007637495217,-0.0180497116710333),(1.95982521225207,
1.99500479222649,2.01845784554277,2.04191089885905),.UNSPECIFIED.);
#62=B_SPLINE_SURFACE_WITH_KNOTS('',3,3,((#7738,#7739,#7740,#7741,#7742,
#7743),(#7744,#7745,#7746,#7747,#7748,#7749),(#7750,#7751,#7752,#7753,#7754,
#7755),(#7756,#7757,#7758,#7759,#7760,#7761)),.UNSPECIFIED.,.F.,.F.,.F.,
(4,4),(4,1,1,4),(-0.148007637495217,-0.0180497116710333),(2.27232521225206,
2.30750479222649,2.33095784554277,2.35441089885905),.UNSPECIFIED.);
#63=B_SPLINE_SURFACE_WITH_KNOTS('',3,3,((#7768,#7769,#7770,#7771,#7772,
#7773),(#7774,#7775,#7776,#7777,#7778,#7779),(#7780,#7781,#7782,#7783,#7784,
#7785),(#7786,#7787,#7788,#7789,#7790,#7791)),.UNSPECIFIED.,.F.,.F.,.F.,
(4,4),(4,1,1,4),(-0.148007637495217,-0.0180497116710333),(2.58482521225207,
2.62000479222649,2.64345784554277,2.66691089885905),.UNSPECIFIED.);
#64=B_SPLINE_SURFACE_WITH_KNOTS('',3,3,((#7798,#7799,#7800,#7801,#7802,
#7803),(#7804,#7805,#7806,#7807,#7808,#7809),(#7810,#7811,#7812,#7813,#7814,
#7815),(#7816,#7817,#7818,#7819,#7820,#7821)),.UNSPECIFIED.,.F.,.F.,.F.,
(4,4),(4,1,1,4),(-0.148007637495217,-0.0180497116710333),(2.89732521225206,
2.93250479222649,2.95595784554277,2.97941089885905),.UNSPECIFIED.);
#65=B_SPLINE_SURFACE_WITH_KNOTS('',3,3,((#7828,#7829,#7830,#7831,#7832,
#7833),(#7834,#7835,#7836,#7837,#7838,#7839),(#7840,#7841,#7842,#7843,#7844,
#7845),(#7846,#7847,#7848,#7849,#7850,#7851)),.UNSPECIFIED.,.F.,.F.,.F.,
(4,4),(4,1,1,4),(-0.148007637495217,-0.0180497116710333),(3.20982521225206,
3.24500479222649,3.26845784554277,3.29191089885905),.UNSPECIFIED.);
#66=B_SPLINE_SURFACE_WITH_KNOTS('',3,3,((#7858,#7859,#7860,#7861,#7862,
#7863),(#7864,#7865,#7866,#7867,#7868,#7869),(#7870,#7871,#7872,#7873,#7874,
#7875),(#7876,#7877,#7878,#7879,#7880,#7881)),.UNSPECIFIED.,.F.,.F.,.F.,
(4,4),(4,1,1,4),(-0.148007637495217,-0.0180497116710333),(3.52232521233783,
3.55750479227549,3.58095784556727,3.60441089885905),.UNSPECIFIED.);
#67=B_SPLINE_SURFACE_WITH_KNOTS('',3,3,((#7888,#7889,#7890,#7891,#7892,
#7893),(#7894,#7895,#7896,#7897,#7898,#7899),(#7900,#7901,#7902,#7903,#7904,
#7905),(#7906,#7907,#7908,#7909,#7910,#7911)),.UNSPECIFIED.,.F.,.F.,.F.,
(4,4),(4,1,1,4),(-0.148007637495217,-0.0180497116710333),(3.83482521225206,
3.87000479222649,3.89345784554277,3.91691089885905),.UNSPECIFIED.);
#68=B_SPLINE_SURFACE_WITH_KNOTS('',3,3,((#7918,#7919,#7920,#7921,#7922,
#7923),(#7924,#7925,#7926,#7927,#7928,#7929),(#7930,#7931,#7932,#7933,#7934,
#7935),(#7936,#7937,#7938,#7939,#7940,#7941)),.UNSPECIFIED.,.F.,.F.,.F.,
(4,4),(4,1,1,4),(-0.148007637495217,-0.0180497116710333),(4.14732521225206,
4.17077826556835,4.19423131888463,4.22941089885905),.UNSPECIFIED.);
#69=B_SPLINE_SURFACE_WITH_KNOTS('',3,3,((#7948,#7949,#7950,#7951,#7952,
#7953),(#7954,#7955,#7956,#7957,#7958,#7959),(#7960,#7961,#7962,#7963,#7964,
#7965),(#7966,#7967,#7968,#7969,#7970,#7971)),.UNSPECIFIED.,.F.,.F.,.F.,
(4,4),(4,1,1,4),(-0.148007637495217,-0.0180497116710333),(4.45982521225206,
4.48327826549882,4.50673131874557,4.5419108986157),.UNSPECIFIED.);
#70=B_SPLINE_SURFACE_WITH_KNOTS('',3,3,((#7978,#7979,#7980,#7981,#7982,
#7983),(#7984,#7985,#7986,#7987,#7988,#7989),(#7990,#7991,#7992,#7993,#7994,
#7995),(#7996,#7997,#7998,#7999,#8000,#8001)),.UNSPECIFIED.,.F.,.F.,.F.,
(4,4),(4,1,1,4),(-0.148007637495217,-0.0180497116710333),(4.77232521231915,
4.80750479226482,4.83095784556193,4.85441089885905),.UNSPECIFIED.);
#71=B_SPLINE_SURFACE_WITH_KNOTS('',3,3,((#8008,#8009,#8010,#8011),(#8012,
#8013,#8014,#8015),(#8016,#8017,#8018,#8019),(#8020,#8021,#8022,#8023)),
 .UNSPECIFIED.,.F.,.F.,.F.,(4,4),(4,4),(-0.148007637495217,-0.0930793366398054),
(5.08482521225206,5.12750000023061),.UNSPECIFIED.);
#72=B_SPLINE_SURFACE_WITH_KNOTS('',3,3,((#8029,#8030,#8031,#8032,#8033,
#8034),(#8035,#8036,#8037,#8038,#8039,#8040),(#8041,#8042,#8043,#8044,#8045,
#8046),(#8047,#8048,#8049,#8050,#8051,#8052)),.UNSPECIFIED.,.F.,.F.,.F.,
(4,4),(4,1,1,4),(-0.148007637495217,-0.0180497116710333),(0.0878754464123838,
0.110457004226784,0.133038562041185,0.166910898762786),.UNSPECIFIED.);
#73=B_SPLINE_SURFACE_WITH_KNOTS('',3,3,((#8101,#8102,#8103,#8104,#8105,
#8106),(#8107,#8108,#8109,#8110,#8111,#8112),(#8113,#8114,#8115,#8116,#8117,
#8118),(#8119,#8120,#8121,#8122,#8123,#8124)),.UNSPECIFIED.,.F.,.F.,.F.,
(4,4),(4,1,1,4),(-0.148007637495217,-0.0180497116710333),(0.241075212252064,
0.276254792226486,0.299707845542767,0.323160898859048),.UNSPECIFIED.);
#74=B_SPLINE_SURFACE_WITH_KNOTS('',3,3,((#8131,#8132,#8133,#8134,#8135,
#8136),(#8137,#8138,#8139,#8140,#8141,#8142),(#8143,#8144,#8145,#8146,#8147,
#8148),(#8149,#8150,#8151,#8152,#8153,#8154)),.UNSPECIFIED.,.F.,.F.,.F.,
(4,4),(4,1,1,4),(-0.148007637495217,-0.0180497116710333),(0.553575212462743,
0.588754792323399,0.612207845563836,0.635660898804272),.UNSPECIFIED.);
#75=B_SPLINE_SURFACE_WITH_KNOTS('',3,3,((#8161,#8162,#8163,#8164,#8165,
#8166),(#8167,#8168,#8169,#8170,#8171,#8172),(#8173,#8174,#8175,#8176,#8177,
#8178),(#8179,#8180,#8181,#8182,#8183,#8184)),.UNSPECIFIED.,.F.,.F.,.F.,
(4,4),(4,1,1,4),(-0.148007637495217,-0.0180497116710333),(0.866075212252065,
0.889528265568346,0.912981318884627,0.948160898859048),.UNSPECIFIED.);
#76=B_SPLINE_SURFACE_WITH_KNOTS('',3,3,((#8191,#8192,#8193,#8194,#8195,
#8196),(#8197,#8198,#8199,#8200,#8201,#8202),(#8203,#8204,#8205,#8206,#8207,
#8208),(#8209,#8210,#8211,#8212,#8213,#8214)),.UNSPECIFIED.,.F.,.F.,.F.,
(4,4),(4,1,1,4),(-0.148007637495217,-0.0180497116710333),(1.17857521225206,
1.21375479222649,1.23720784554277,1.26066089885905),.UNSPECIFIED.);
#77=B_SPLINE_SURFACE_WITH_KNOTS('',3,3,((#8221,#8222,#8223,#8224,#8225,
#8226),(#8227,#8228,#8229,#8230,#8231,#8232),(#8233,#8234,#8235,#8236,#8237,
#8238),(#8239,#8240,#8241,#8242,#8243,#8244)),.UNSPECIFIED.,.F.,.F.,.F.,
(4,4),(4,1,1,4),(-0.148007637495217,-0.0180497116710333),(1.49107521225206,
1.52625479222649,1.54970784554277,1.57316089885905),.UNSPECIFIED.);
#78=B_SPLINE_SURFACE_WITH_KNOTS('',3,3,((#8251,#8252,#8253,#8254,#8255,
#8256),(#8257,#8258,#8259,#8260,#8261,#8262),(#8263,#8264,#8265,#8266,#8267,
#8268),(#8269,#8270,#8271,#8272,#8273,#8274)),.UNSPECIFIED.,.F.,.F.,.F.,
(4,4),(4,1,1,4),(-0.148007637495217,-0.0180497116710333),(1.80357521225207,
1.83875479222649,1.86220784554277,1.88566089885905),.UNSPECIFIED.);
#79=B_SPLINE_SURFACE_WITH_KNOTS('',3,3,((#8281,#8282,#8283,#8284,#8285,
#8286),(#8287,#8288,#8289,#8290,#8291,#8292),(#8293,#8294,#8295,#8296,#8297,
#8298),(#8299,#8300,#8301,#8302,#8303,#8304)),.UNSPECIFIED.,.F.,.F.,.F.,
(4,4),(4,1,1,4),(-0.148007637495217,-0.0180497116710333),(2.11607521225207,
2.15125479222649,2.17470784554277,2.19816089885905),.UNSPECIFIED.);
#80=B_SPLINE_SURFACE_WITH_KNOTS('',3,3,((#8311,#8312,#8313,#8314,#8315,
#8316),(#8317,#8318,#8319,#8320,#8321,#8322),(#8323,#8324,#8325,#8326,#8327,
#8328),(#8329,#8330,#8331,#8332,#8333,#8334)),.UNSPECIFIED.,.F.,.F.,.F.,
(4,4),(4,1,1,4),(-0.148007637495217,-0.0180497116710333),(2.42857521225207,
2.46375479222649,2.48720784554277,2.51066089885905),.UNSPECIFIED.);
#81=B_SPLINE_SURFACE_WITH_KNOTS('',3,3,((#8341,#8342,#8343,#8344,#8345,
#8346),(#8347,#8348,#8349,#8350,#8351,#8352),(#8353,#8354,#8355,#8356,#8357,
#8358),(#8359,#8360,#8361,#8362,#8363,#8364)),.UNSPECIFIED.,.F.,.F.,.F.,
(4,4),(4,1,1,4),(-0.148007637495217,-0.0180497116710333),(2.74107521225207,
2.77625479222649,2.79970784554277,2.82316089885905),.UNSPECIFIED.);
#82=B_SPLINE_SURFACE_WITH_KNOTS('',3,3,((#8371,#8372,#8373,#8374,#8375,
#8376),(#8377,#8378,#8379,#8380,#8381,#8382),(#8383,#8384,#8385,#8386,#8387,
#8388),(#8389,#8390,#8391,#8392,#8393,#8394)),.UNSPECIFIED.,.F.,.F.,.F.,
(4,4),(4,1,1,4),(-0.148007637495217,-0.0180497116710333),(3.05357521225207,
3.08875479222649,3.11220784554277,3.13566089885905),.UNSPECIFIED.);
#83=B_SPLINE_SURFACE_WITH_KNOTS('',3,3,((#8401,#8402,#8403,#8404,#8405,
#8406),(#8407,#8408,#8409,#8410,#8411,#8412),(#8413,#8414,#8415,#8416,#8417,
#8418),(#8419,#8420,#8421,#8422,#8423,#8424)),.UNSPECIFIED.,.F.,.F.,.F.,
(4,4),(4,1,1,4),(-0.148007637495217,-0.0180497116710333),(3.36607521225206,
3.40125479222649,3.42470784554277,3.44816089885905),.UNSPECIFIED.);
#84=B_SPLINE_SURFACE_WITH_KNOTS('',3,3,((#8431,#8432,#8433,#8434,#8435,
#8436),(#8437,#8438,#8439,#8440,#8441,#8442),(#8443,#8444,#8445,#8446,#8447,
#8448),(#8449,#8450,#8451,#8452,#8453,#8454)),.UNSPECIFIED.,.F.,.F.,.F.,
(4,4),(4,1,1,4),(-0.148007637495217,-0.0180497116710333),(3.67857521225206,
3.71375479222649,3.73720784554277,3.76066089885905),.UNSPECIFIED.);
#85=B_SPLINE_SURFACE_WITH_KNOTS('',3,3,((#8461,#8462,#8463,#8464,#8465,
#8466),(#8467,#8468,#8469,#8470,#8471,#8472),(#8473,#8474,#8475,#8476,#8477,
#8478),(#8479,#8480,#8481,#8482,#8483,#8484)),.UNSPECIFIED.,.F.,.F.,.F.,
(4,4),(4,1,1,4),(-0.148007637495217,-0.0180497116710333),(3.99107521225207,
4.02625479222649,4.04970784554277,4.07316089885905),.UNSPECIFIED.);
#86=B_SPLINE_SURFACE_WITH_KNOTS('',3,3,((#8491,#8492,#8493,#8494,#8495,
#8496),(#8497,#8498,#8499,#8500,#8501,#8502),(#8503,#8504,#8505,#8506,#8507,
#8508),(#8509,#8510,#8511,#8512,#8513,#8514)),.UNSPECIFIED.,.F.,.F.,.F.,
(4,4),(4,1,1,4),(-0.148007637495217,-0.0180497116710333),(4.30357521225206,
4.32702826556835,4.35048131888463,4.38566089885905),.UNSPECIFIED.);
#87=B_SPLINE_SURFACE_WITH_KNOTS('',3,3,((#8521,#8522,#8523,#8524,#8525,
#8526),(#8527,#8528,#8529,#8530,#8531,#8532),(#8533,#8534,#8535,#8536,#8537,
#8538),(#8539,#8540,#8541,#8542,#8543,#8544)),.UNSPECIFIED.,.F.,.F.,.F.,
(4,4),(4,1,1,4),(-0.148007637495217,-0.0180497116710333),(4.61607521225206,
4.65125479222649,4.67470784554277,4.69816089885905),.UNSPECIFIED.);
#88=B_SPLINE_SURFACE_WITH_KNOTS('',3,3,((#8551,#8552,#8553,#8554,#8555,
#8556),(#8557,#8558,#8559,#8560,#8561,#8562),(#8563,#8564,#8565,#8566,#8567,
#8568),(#8569,#8570,#8571,#8572,#8573,#8574)),.UNSPECIFIED.,.F.,.F.,.F.,
(4,4),(4,1,1,4),(-0.148007637495217,-0.0180497116710333),(4.92857521234392,
4.96375479227897,4.98720784556901,5.01066089885905),.UNSPECIFIED.);
#89=B_SPLINE_SURFACE_WITH_KNOTS('',3,3,((#8581,#8582,#8583,#8584),(#8585,
#8586,#8587,#8588),(#8589,#8590,#8591,#8592),(#8593,#8594,#8595,#8596)),
 .UNSPECIFIED.,.F.,.F.,.F.,(4,4),(4,4),(-0.039410898628436,0.),(0.127500000230612,
0.166910898859048),.UNSPECIFIED.);
#90=B_SPLINE_SURFACE_WITH_KNOTS('',3,3,((#8640,#8641,#8642,#8643,#8644,
#8645),(#8646,#8647,#8648,#8649,#8650,#8651),(#8652,#8653,#8654,#8655,#8656,
#8657),(#8658,#8659,#8660,#8661,#8662,#8663)),.UNSPECIFIED.,.F.,.F.,.F.,
(4,4),(4,1,1,4),(-0.0625000001821099,0.),(0.397325212252064,0.432504792226486,
0.455957845542767,0.479410898859048),.UNSPECIFIED.);
#91=B_SPLINE_SURFACE_WITH_KNOTS('',3,3,((#8664,#8665,#8666,#8667,#8668,
#8669),(#8670,#8671,#8672,#8673,#8674,#8675),(#8676,#8677,#8678,#8679,#8680,
#8681),(#8682,#8683,#8684,#8685,#8686,#8687)),.UNSPECIFIED.,.F.,.F.,.F.,
(4,4),(4,1,1,4),(-0.0625000001821099,0.),(0.709825212252065,0.733278265568346,
0.756731318884627,0.791910898859049),.UNSPECIFIED.);
#92=B_SPLINE_SURFACE_WITH_KNOTS('',3,3,((#8688,#8689,#8690,#8691,#8692,
#8693),(#8694,#8695,#8696,#8697,#8698,#8699),(#8700,#8701,#8702,#8703,#8704,
#8705),(#8706,#8707,#8708,#8709,#8710,#8711)),.UNSPECIFIED.,.F.,.F.,.F.,
(4,4),(4,1,1,4),(-0.0625000001821099,0.),(1.02232521225206,1.05750479222649,
1.08095784554277,1.10441089885905),.UNSPECIFIED.);
#93=B_SPLINE_SURFACE_WITH_KNOTS('',3,3,((#8712,#8713,#8714,#8715,#8716,
#8717),(#8718,#8719,#8720,#8721,#8722,#8723),(#8724,#8725,#8726,#8727,#8728,
#8729),(#8730,#8731,#8732,#8733,#8734,#8735)),.UNSPECIFIED.,.F.,.F.,.F.,
(4,4),(4,1,1,4),(-0.0625000001821099,0.),(1.33482521225207,1.37000479222649,
1.39345784554277,1.41691089885905),.UNSPECIFIED.);
#94=B_SPLINE_SURFACE_WITH_KNOTS('',3,3,((#8736,#8737,#8738,#8739,#8740,
#8741),(#8742,#8743,#8744,#8745,#8746,#8747),(#8748,#8749,#8750,#8751,#8752,
#8753),(#8754,#8755,#8756,#8757,#8758,#8759)),.UNSPECIFIED.,.F.,.F.,.F.,
(4,4),(4,1,1,4),(-0.0625000001821099,0.),(1.64732521225207,1.68250479222649,
1.70595784554277,1.72941089885905),.UNSPECIFIED.);
#95=B_SPLINE_SURFACE_WITH_KNOTS('',3,3,((#8760,#8761,#8762,#8763,#8764,
#8765),(#8766,#8767,#8768,#8769,#8770,#8771),(#8772,#8773,#8774,#8775,#8776,
#8777),(#8778,#8779,#8780,#8781,#8782,#8783)),.UNSPECIFIED.,.F.,.F.,.F.,
(4,4),(4,1,1,4),(-0.0625000001821099,0.),(1.95982521225207,1.99500479222649,
2.01845784554277,2.04191089885905),.UNSPECIFIED.);
#96=B_SPLINE_SURFACE_WITH_KNOTS('',3,3,((#8784,#8785,#8786,#8787,#8788,
#8789),(#8790,#8791,#8792,#8793,#8794,#8795),(#8796,#8797,#8798,#8799,#8800,
#8801),(#8802,#8803,#8804,#8805,#8806,#8807)),.UNSPECIFIED.,.F.,.F.,.F.,
(4,4),(4,1,1,4),(-0.0625000001821099,0.),(2.27232521225206,2.30750479222649,
2.33095784554277,2.35441089885905),.UNSPECIFIED.);
#97=B_SPLINE_SURFACE_WITH_KNOTS('',3,3,((#8808,#8809,#8810,#8811,#8812,
#8813),(#8814,#8815,#8816,#8817,#8818,#8819),(#8820,#8821,#8822,#8823,#8824,
#8825),(#8826,#8827,#8828,#8829,#8830,#8831)),.UNSPECIFIED.,.F.,.F.,.F.,
(4,4),(4,1,1,4),(-0.0625000001821099,0.),(2.58482521225207,2.62000479222649,
2.64345784554277,2.66691089885905),.UNSPECIFIED.);
#98=B_SPLINE_SURFACE_WITH_KNOTS('',3,3,((#8832,#8833,#8834,#8835,#8836,
#8837),(#8838,#8839,#8840,#8841,#8842,#8843),(#8844,#8845,#8846,#8847,#8848,
#8849),(#8850,#8851,#8852,#8853,#8854,#8855)),.UNSPECIFIED.,.F.,.F.,.F.,
(4,4),(4,1,1,4),(-0.0625000001821099,0.),(2.89732521225206,2.93250479222649,
2.95595784554277,2.97941089885905),.UNSPECIFIED.);
#99=B_SPLINE_SURFACE_WITH_KNOTS('',3,3,((#8856,#8857,#8858,#8859,#8860,
#8861),(#8862,#8863,#8864,#8865,#8866,#8867),(#8868,#8869,#8870,#8871,#8872,
#8873),(#8874,#8875,#8876,#8877,#8878,#8879)),.UNSPECIFIED.,.F.,.F.,.F.,
(4,4),(4,1,1,4),(-0.0625000001821099,0.),(3.20982521225207,3.23327826556835,
3.25673131888463,3.29191089885905),.UNSPECIFIED.);
#100=B_SPLINE_SURFACE_WITH_KNOTS('',3,3,((#8880,#8881,#8882,#8883,#8884,
#8885),(#8886,#8887,#8888,#8889,#8890,#8891),(#8892,#8893,#8894,#8895,#8896,
#8897),(#8898,#8899,#8900,#8901,#8902,#8903)),.UNSPECIFIED.,.F.,.F.,.F.,
(4,4),(4,1,1,4),(-0.0625000001821099,0.),(3.52232521225206,3.54577826556834,
3.56923131888463,3.60441089885905),.UNSPECIFIED.);
#101=B_SPLINE_SURFACE_WITH_KNOTS('',3,3,((#8904,#8905,#8906,#8907,#8908,
#8909),(#8910,#8911,#8912,#8913,#8914,#8915),(#8916,#8917,#8918,#8919,#8920,
#8921),(#8922,#8923,#8924,#8925,#8926,#8927)),.UNSPECIFIED.,.F.,.F.,.F.,
(4,4),(4,1,1,4),(-0.0625000001821099,0.),(3.83482521225206,3.87000479222649,
3.89345784554277,3.91691089885905),.UNSPECIFIED.);
#102=B_SPLINE_SURFACE_WITH_KNOTS('',3,3,((#8928,#8929,#8930,#8931,#8932,
#8933),(#8934,#8935,#8936,#8937,#8938,#8939),(#8940,#8941,#8942,#8943,#8944,
#8945),(#8946,#8947,#8948,#8949,#8950,#8951)),.UNSPECIFIED.,.F.,.F.,.F.,
(4,4),(4,1,1,4),(-0.0625000001821099,0.),(4.14732521225206,4.18250479222649,
4.20595784554277,4.22941089885905),.UNSPECIFIED.);
#103=B_SPLINE_SURFACE_WITH_KNOTS('',3,3,((#8952,#8953,#8954,#8955,#8956,
#8957),(#8958,#8959,#8960,#8961,#8962,#8963),(#8964,#8965,#8966,#8967,#8968,
#8969),(#8970,#8971,#8972,#8973,#8974,#8975)),.UNSPECIFIED.,.F.,.F.,.F.,
(4,4),(4,1,1,4),(-0.0625000001821099,0.),(4.45982521225206,4.48327826556835,
4.50673131888463,4.54191089885905),.UNSPECIFIED.);
#104=B_SPLINE_SURFACE_WITH_KNOTS('',3,3,((#8976,#8977,#8978,#8979,#8980,
#8981),(#8982,#8983,#8984,#8985,#8986,#8987),(#8988,#8989,#8990,#8991,#8992,
#8993),(#8994,#8995,#8996,#8997,#8998,#8999)),.UNSPECIFIED.,.F.,.F.,.F.,
(4,4),(4,1,1,4),(-0.0625000001821099,0.),(4.77232521225206,4.80750479222649,
4.83095784554277,4.85441089885905),.UNSPECIFIED.);
#105=B_SPLINE_SURFACE_WITH_KNOTS('',3,3,((#9000,#9001,#9002,#9003,#9004,
#9005),(#9006,#9007,#9008,#9009,#9010,#9011),(#9012,#9013,#9014,#9015,#9016,
#9017),(#9018,#9019,#9020,#9021,#9022,#9023)),.UNSPECIFIED.,.F.,.F.,.F.,
(4,4),(4,1,1,4),(-0.0625000001821099,0.),(5.08482521225206,5.10827826556835,
5.13173131888463,5.16691089885905),.UNSPECIFIED.);
#106=B_SPLINE_SURFACE_WITH_KNOTS('',3,3,((#9024,#9025,#9026,#9027,#9028,
#9029),(#9030,#9031,#9032,#9033,#9034,#9035),(#9036,#9037,#9038,#9039,#9040,
#9041),(#9042,#9043,#9044,#9045,#9046,#9047)),.UNSPECIFIED.,.F.,.F.,.F.,
(4,4),(4,1,1,4),(-0.0625000001821099,0.),(0.241075212252064,0.276254792226486,
0.299707845542767,0.323160898859048),.UNSPECIFIED.);
#107=B_SPLINE_SURFACE_WITH_KNOTS('',3,3,((#9048,#9049,#9050,#9051,#9052,
#9053),(#9054,#9055,#9056,#9057,#9058,#9059),(#9060,#9061,#9062,#9063,#9064,
#9065),(#9066,#9067,#9068,#9069,#9070,#9071)),.UNSPECIFIED.,.F.,.F.,.F.,
(4,4),(4,1,1,4),(-0.0625000001821099,0.),(0.553575212252064,0.588754792226486,
0.612207845542767,0.635660898859049),.UNSPECIFIED.);
#108=B_SPLINE_SURFACE_WITH_KNOTS('',3,3,((#9072,#9073,#9074,#9075,#9076,
#9077),(#9078,#9079,#9080,#9081,#9082,#9083),(#9084,#9085,#9086,#9087,#9088,
#9089),(#9090,#9091,#9092,#9093,#9094,#9095)),.UNSPECIFIED.,.F.,.F.,.F.,
(4,4),(4,1,1,4),(-0.0625000001821099,0.),(0.866075212252065,0.901254792226486,
0.924707845542768,0.948160898859049),.UNSPECIFIED.);
#109=B_SPLINE_SURFACE_WITH_KNOTS('',3,3,((#9096,#9097,#9098,#9099,#9100,
#9101),(#9102,#9103,#9104,#9105,#9106,#9107),(#9108,#9109,#9110,#9111,#9112,
#9113),(#9114,#9115,#9116,#9117,#9118,#9119)),.UNSPECIFIED.,.F.,.F.,.F.,
(4,4),(4,1,1,4),(-0.0625000001821099,0.),(1.17857521225206,1.21375479222649,
1.23720784554277,1.26066089885905),.UNSPECIFIED.);
#110=B_SPLINE_SURFACE_WITH_KNOTS('',3,3,((#9120,#9121,#9122,#9123,#9124,
#9125),(#9126,#9127,#9128,#9129,#9130,#9131),(#9132,#9133,#9134,#9135,#9136,
#9137),(#9138,#9139,#9140,#9141,#9142,#9143)),.UNSPECIFIED.,.F.,.F.,.F.,
(4,4),(4,1,1,4),(-0.0625000001821099,0.),(1.49107521225206,1.51452826556835,
1.53798131888463,1.57316089885905),.UNSPECIFIED.);
#111=B_SPLINE_SURFACE_WITH_KNOTS('',3,3,((#9144,#9145,#9146,#9147,#9148,
#9149),(#9150,#9151,#9152,#9153,#9154,#9155),(#9156,#9157,#9158,#9159,#9160,
#9161),(#9162,#9163,#9164,#9165,#9166,#9167)),.UNSPECIFIED.,.F.,.F.,.F.,
(4,4),(4,1,1,4),(-0.0625000001821099,0.),(1.80357521225206,1.82702826556835,
1.85048131888463,1.88566089885905),.UNSPECIFIED.);
#112=B_SPLINE_SURFACE_WITH_KNOTS('',3,3,((#9168,#9169,#9170,#9171,#9172,
#9173),(#9174,#9175,#9176,#9177,#9178,#9179),(#9180,#9181,#9182,#9183,#9184,
#9185),(#9186,#9187,#9188,#9189,#9190,#9191)),.UNSPECIFIED.,.F.,.F.,.F.,
(4,4),(4,1,1,4),(-0.0625000001821099,0.),(2.11607521225206,2.15125479222649,
2.17470784554277,2.19816089885905),.UNSPECIFIED.);
#113=B_SPLINE_SURFACE_WITH_KNOTS('',3,3,((#9192,#9193,#9194,#9195,#9196,
#9197),(#9198,#9199,#9200,#9201,#9202,#9203),(#9204,#9205,#9206,#9207,#9208,
#9209),(#9210,#9211,#9212,#9213,#9214,#9215)),.UNSPECIFIED.,.F.,.F.,.F.,
(4,4),(4,1,1,4),(-0.0625000001821099,0.),(2.42857521225206,2.45202826556835,
2.47548131888463,2.51066089885905),.UNSPECIFIED.);
#114=B_SPLINE_SURFACE_WITH_KNOTS('',3,3,((#9216,#9217,#9218,#9219,#9220,
#9221),(#9222,#9223,#9224,#9225,#9226,#9227),(#9228,#9229,#9230,#9231,#9232,
#9233),(#9234,#9235,#9236,#9237,#9238,#9239)),.UNSPECIFIED.,.F.,.F.,.F.,
(4,4),(4,1,1,4),(-0.0625000001821099,0.),(2.74107521225207,2.76452826556835,
2.78798131888463,2.82316089885905),.UNSPECIFIED.);
#115=B_SPLINE_SURFACE_WITH_KNOTS('',3,3,((#9240,#9241,#9242,#9243,#9244,
#9245),(#9246,#9247,#9248,#9249,#9250,#9251),(#9252,#9253,#9254,#9255,#9256,
#9257),(#9258,#9259,#9260,#9261,#9262,#9263)),.UNSPECIFIED.,.F.,.F.,.F.,
(4,4),(4,1,1,4),(-0.0625000001821099,0.),(3.05357521225206,3.08875479222649,
3.11220784554277,3.13566089885905),.UNSPECIFIED.);
#116=B_SPLINE_SURFACE_WITH_KNOTS('',3,3,((#9264,#9265,#9266,#9267,#9268,
#9269),(#9270,#9271,#9272,#9273,#9274,#9275),(#9276,#9277,#9278,#9279,#9280,
#9281),(#9282,#9283,#9284,#9285,#9286,#9287)),.UNSPECIFIED.,.F.,.F.,.F.,
(4,4),(4,1,1,4),(-0.0625000001821099,0.),(3.36607521225206,3.40125479222649,
3.42470784554277,3.44816089885905),.UNSPECIFIED.);
#117=B_SPLINE_SURFACE_WITH_KNOTS('',3,3,((#9288,#9289,#9290,#9291,#9292,
#9293),(#9294,#9295,#9296,#9297,#9298,#9299),(#9300,#9301,#9302,#9303,#9304,
#9305),(#9306,#9307,#9308,#9309,#9310,#9311)),.UNSPECIFIED.,.F.,.F.,.F.,
(4,4),(4,1,1,4),(-0.0625000001821099,0.),(3.67857521225206,3.70202826556835,
3.72548131888463,3.76066089885905),.UNSPECIFIED.);
#118=B_SPLINE_SURFACE_WITH_KNOTS('',3,3,((#9312,#9313,#9314,#9315,#9316,
#9317),(#9318,#9319,#9320,#9321,#9322,#9323),(#9324,#9325,#9326,#9327,#9328,
#9329),(#9330,#9331,#9332,#9333,#9334,#9335)),.UNSPECIFIED.,.F.,.F.,.F.,
(4,4),(4,1,1,4),(-0.0625000001821099,0.),(3.99107521225207,4.01452826556835,
4.03798131888463,4.07316089885905),.UNSPECIFIED.);
#119=B_SPLINE_SURFACE_WITH_KNOTS('',3,3,((#9336,#9337,#9338,#9339,#9340,
#9341),(#9342,#9343,#9344,#9345,#9346,#9347),(#9348,#9349,#9350,#9351,#9352,
#9353),(#9354,#9355,#9356,#9357,#9358,#9359)),.UNSPECIFIED.,.F.,.F.,.F.,
(4,4),(4,1,1,4),(-0.0625000001821099,0.),(4.30357521225207,4.33875479222649,
4.36220784554277,4.38566089885905),.UNSPECIFIED.);
#120=B_SPLINE_SURFACE_WITH_KNOTS('',3,3,((#9360,#9361,#9362,#9363,#9364,
#9365),(#9366,#9367,#9368,#9369,#9370,#9371),(#9372,#9373,#9374,#9375,#9376,
#9377),(#9378,#9379,#9380,#9381,#9382,#9383)),.UNSPECIFIED.,.F.,.F.,.F.,
(4,4),(4,1,1,4),(-0.0625000001821099,0.),(4.61607521225206,4.65125479222649,
4.67470784554277,4.69816089885905),.UNSPECIFIED.);
#121=B_SPLINE_SURFACE_WITH_KNOTS('',3,3,((#9384,#9385,#9386,#9387,#9388,
#9389),(#9390,#9391,#9392,#9393,#9394,#9395),(#9396,#9397,#9398,#9399,#9400,
#9401),(#9402,#9403,#9404,#9405,#9406,#9407)),.UNSPECIFIED.,.F.,.F.,.F.,
(4,4),(4,1,1,4),(-0.0625000001821099,0.),(4.92857521225207,4.95202826556835,
4.97548131888463,5.01066089885905),.UNSPECIFIED.);
#122=CYLINDRICAL_SURFACE('',#2717,7.025);
#123=CYLINDRICAL_SURFACE('',#2719,7.025);
#124=CYLINDRICAL_SURFACE('',#2720,7.025);
#125=CYLINDRICAL_SURFACE('',#2721,7.025);
#126=CYLINDRICAL_SURFACE('',#2722,7.025);
#127=CYLINDRICAL_SURFACE('',#2723,7.025);
#128=CYLINDRICAL_SURFACE('',#2724,7.025);
#129=CYLINDRICAL_SURFACE('',#2725,7.025);
#130=CYLINDRICAL_SURFACE('',#2726,7.025);
#131=CYLINDRICAL_SURFACE('',#2727,7.025);
#132=CYLINDRICAL_SURFACE('',#2728,7.025);
#133=CYLINDRICAL_SURFACE('',#2729,7.025);
#134=CYLINDRICAL_SURFACE('',#2730,7.025);
#135=CYLINDRICAL_SURFACE('',#2731,7.025);
#136=CYLINDRICAL_SURFACE('',#2732,7.025);
#137=CYLINDRICAL_SURFACE('',#2733,7.025);
#138=CYLINDRICAL_SURFACE('',#2734,7.025);
#139=CYLINDRICAL_SURFACE('',#2735,7.025);
#140=CYLINDRICAL_SURFACE('',#2737,7.025);
#141=CYLINDRICAL_SURFACE('',#2738,7.025);
#142=CYLINDRICAL_SURFACE('',#2739,7.025);
#143=CYLINDRICAL_SURFACE('',#2740,7.025);
#144=CYLINDRICAL_SURFACE('',#2741,7.025);
#145=CYLINDRICAL_SURFACE('',#2742,7.025);
#146=CYLINDRICAL_SURFACE('',#2743,7.025);
#147=CYLINDRICAL_SURFACE('',#2744,7.025);
#148=CYLINDRICAL_SURFACE('',#2745,7.025);
#149=CYLINDRICAL_SURFACE('',#2746,7.025);
#150=CYLINDRICAL_SURFACE('',#2747,7.025);
#151=CYLINDRICAL_SURFACE('',#2748,7.025);
#152=CYLINDRICAL_SURFACE('',#2749,7.025);
#153=CYLINDRICAL_SURFACE('',#2750,7.025);
#154=CYLINDRICAL_SURFACE('',#2751,7.025);
#155=FACE_OUTER_BOUND('',#303,.T.);
#156=FACE_OUTER_BOUND('',#304,.T.);
#157=FACE_OUTER_BOUND('',#305,.T.);
#158=FACE_OUTER_BOUND('',#306,.T.);
#159=FACE_OUTER_BOUND('',#307,.T.);
#160=FACE_OUTER_BOUND('',#308,.T.);
#161=FACE_OUTER_BOUND('',#309,.T.);
#162=FACE_OUTER_BOUND('',#310,.T.);
#163=FACE_OUTER_BOUND('',#311,.T.);
#164=FACE_OUTER_BOUND('',#312,.T.);
#165=FACE_OUTER_BOUND('',#313,.T.);
#166=FACE_OUTER_BOUND('',#314,.T.);
#167=FACE_OUTER_BOUND('',#315,.T.);
#168=FACE_OUTER_BOUND('',#316,.T.);
#169=FACE_OUTER_BOUND('',#317,.T.);
#170=FACE_OUTER_BOUND('',#318,.T.);
#171=FACE_OUTER_BOUND('',#319,.T.);
#172=FACE_OUTER_BOUND('',#320,.T.);
#173=FACE_OUTER_BOUND('',#321,.T.);
#174=FACE_OUTER_BOUND('',#322,.T.);
#175=FACE_OUTER_BOUND('',#323,.T.);
#176=FACE_OUTER_BOUND('',#324,.T.);
#177=FACE_OUTER_BOUND('',#325,.T.);
#178=FACE_OUTER_BOUND('',#326,.T.);
#179=FACE_OUTER_BOUND('',#327,.T.);
#180=FACE_OUTER_BOUND('',#328,.T.);
#181=FACE_OUTER_BOUND('',#329,.T.);
#182=FACE_OUTER_BOUND('',#330,.T.);
#183=FACE_OUTER_BOUND('',#331,.T.);
#184=FACE_OUTER_BOUND('',#332,.T.);
#185=FACE_OUTER_BOUND('',#333,.T.);
#186=FACE_OUTER_BOUND('',#334,.T.);
#187=FACE_OUTER_BOUND('',#335,.T.);
#188=FACE_OUTER_BOUND('',#336,.T.);
#189=FACE_OUTER_BOUND('',#337,.T.);
#190=FACE_OUTER_BOUND('',#338,.T.);
#191=FACE_OUTER_BOUND('',#339,.T.);
#192=FACE_OUTER_BOUND('',#340,.T.);
#193=FACE_OUTER_BOUND('',#341,.T.);
#194=FACE_OUTER_BOUND('',#342,.T.);
#195=FACE_OUTER_BOUND('',#343,.T.);
#196=FACE_OUTER_BOUND('',#344,.T.);
#197=FACE_OUTER_BOUND('',#345,.T.);
#198=FACE_OUTER_BOUND('',#346,.T.);
#199=FACE_OUTER_BOUND('',#347,.T.);
#200=FACE_OUTER_BOUND('',#348,.T.);
#201=FACE_OUTER_BOUND('',#349,.T.);
#202=FACE_OUTER_BOUND('',#350,.T.);
#203=FACE_OUTER_BOUND('',#351,.T.);
#204=FACE_OUTER_BOUND('',#352,.T.);
#205=FACE_OUTER_BOUND('',#353,.T.);
#206=FACE_OUTER_BOUND('',#354,.T.);
#207=FACE_OUTER_BOUND('',#355,.T.);
#208=FACE_OUTER_BOUND('',#356,.T.);
#209=FACE_OUTER_BOUND('',#357,.T.);
#210=FACE_OUTER_BOUND('',#358,.T.);
#211=FACE_OUTER_BOUND('',#359,.T.);
#212=FACE_OUTER_BOUND('',#360,.T.);
#213=FACE_OUTER_BOUND('',#361,.T.);
#214=FACE_OUTER_BOUND('',#362,.T.);
#215=FACE_OUTER_BOUND('',#363,.T.);
#216=FACE_OUTER_BOUND('',#364,.T.);
#217=FACE_OUTER_BOUND('',#365,.T.);
#218=FACE_OUTER_BOUND('',#366,.T.);
#219=FACE_OUTER_BOUND('',#367,.T.);
#220=FACE_OUTER_BOUND('',#368,.T.);
#221=FACE_OUTER_BOUND('',#369,.T.);
#222=FACE_OUTER_BOUND('',#370,.T.);
#223=FACE_OUTER_BOUND('',#371,.T.);
#224=FACE_OUTER_BOUND('',#372,.T.);
#225=FACE_OUTER_BOUND('',#373,.T.);
#226=FACE_OUTER_BOUND('',#374,.T.);
#227=FACE_OUTER_BOUND('',#375,.T.);
#228=FACE_OUTER_BOUND('',#376,.T.);
#229=FACE_OUTER_BOUND('',#377,.T.);
#230=FACE_OUTER_BOUND('',#378,.T.);
#231=FACE_OUTER_BOUND('',#379,.T.);
#232=FACE_OUTER_BOUND('',#380,.T.);
#233=FACE_OUTER_BOUND('',#381,.T.);
#234=FACE_OUTER_BOUND('',#382,.T.);
#235=FACE_OUTER_BOUND('',#383,.T.);
#236=FACE_OUTER_BOUND('',#384,.T.);
#237=FACE_OUTER_BOUND('',#385,.T.);
#238=FACE_OUTER_BOUND('',#386,.T.);
#239=FACE_OUTER_BOUND('',#387,.T.);
#240=FACE_OUTER_BOUND('',#388,.T.);
#241=FACE_OUTER_BOUND('',#389,.T.);
#242=FACE_OUTER_BOUND('',#390,.T.);
#243=FACE_OUTER_BOUND('',#391,.T.);
#244=FACE_OUTER_BOUND('',#392,.T.);
#245=FACE_OUTER_BOUND('',#393,.T.);
#246=FACE_OUTER_BOUND('',#394,.T.);
#247=FACE_OUTER_BOUND('',#395,.T.);
#248=FACE_OUTER_BOUND('',#396,.T.);
#249=FACE_OUTER_BOUND('',#397,.T.);
#250=FACE_OUTER_BOUND('',#398,.T.);
#251=FACE_OUTER_BOUND('',#399,.T.);
#252=FACE_OUTER_BOUND('',#400,.T.);
#253=FACE_OUTER_BOUND('',#401,.T.);
#254=FACE_OUTER_BOUND('',#402,.T.);
#255=FACE_OUTER_BOUND('',#403,.T.);
#256=FACE_OUTER_BOUND('',#404,.T.);
#257=FACE_OUTER_BOUND('',#405,.T.);
#258=FACE_OUTER_BOUND('',#406,.T.);
#259=FACE_OUTER_BOUND('',#407,.T.);
#260=FACE_OUTER_BOUND('',#408,.T.);
#261=FACE_OUTER_BOUND('',#409,.T.);
#262=FACE_OUTER_BOUND('',#410,.T.);
#263=FACE_OUTER_BOUND('',#411,.T.);
#264=FACE_OUTER_BOUND('',#412,.T.);
#265=FACE_OUTER_BOUND('',#413,.T.);
#266=FACE_OUTER_BOUND('',#414,.T.);
#267=FACE_OUTER_BOUND('',#415,.T.);
#268=FACE_OUTER_BOUND('',#416,.T.);
#269=FACE_OUTER_BOUND('',#417,.T.);
#270=FACE_OUTER_BOUND('',#418,.T.);
#271=FACE_OUTER_BOUND('',#419,.T.);
#272=FACE_OUTER_BOUND('',#420,.T.);
#273=FACE_OUTER_BOUND('',#421,.T.);
#274=FACE_OUTER_BOUND('',#422,.T.);
#275=FACE_OUTER_BOUND('',#423,.T.);
#276=FACE_OUTER_BOUND('',#424,.T.);
#277=FACE_OUTER_BOUND('',#425,.T.);
#278=FACE_OUTER_BOUND('',#426,.T.);
#279=FACE_OUTER_BOUND('',#427,.T.);
#280=FACE_OUTER_BOUND('',#428,.T.);
#281=FACE_OUTER_BOUND('',#429,.T.);
#282=FACE_OUTER_BOUND('',#430,.T.);
#283=FACE_OUTER_BOUND('',#431,.T.);
#284=FACE_OUTER_BOUND('',#432,.T.);
#285=FACE_OUTER_BOUND('',#433,.T.);
#286=FACE_OUTER_BOUND('',#434,.T.);
#287=FACE_OUTER_BOUND('',#435,.T.);
#288=FACE_OUTER_BOUND('',#436,.T.);
#289=FACE_OUTER_BOUND('',#437,.T.);
#290=FACE_OUTER_BOUND('',#438,.T.);
#291=FACE_OUTER_BOUND('',#439,.T.);
#292=FACE_OUTER_BOUND('',#440,.T.);
#293=FACE_OUTER_BOUND('',#441,.T.);
#294=FACE_OUTER_BOUND('',#442,.T.);
#295=FACE_OUTER_BOUND('',#443,.T.);
#296=FACE_OUTER_BOUND('',#444,.T.);
#297=FACE_OUTER_BOUND('',#445,.T.);
#298=FACE_OUTER_BOUND('',#446,.T.);
#299=FACE_OUTER_BOUND('',#447,.T.);
#300=FACE_OUTER_BOUND('',#448,.T.);
#301=FACE_OUTER_BOUND('',#449,.T.);
#302=FACE_OUTER_BOUND('',#450,.T.);
#303=EDGE_LOOP('',(#1680,#1681,#1682,#1683,#1684,#1685));
#304=EDGE_LOOP('',(#1686,#1687,#1688,#1689,#1690,#1691,#1692,#1693,#1694,
#1695,#1696,#1697,#1698,#1699,#1700,#1701,#1702,#1703,#1704,#1705,#1706,
#1707,#1708,#1709,#1710,#1711,#1712,#1713,#1714,#1715,#1716,#1717,#1718,
#1719,#1720,#1721,#1722,#1723,#1724,#1725,#1726,#1727,#1728,#1729,#1730,
#1731,#1732,#1733,#1734,#1735,#1736,#1737,#1738,#1739,#1740,#1741,#1742,
#1743,#1744,#1745,#1746,#1747,#1748,#1749,#1750,#1751,#1752,#1753,#1754,
#1755,#1756,#1757,#1758,#1759,#1760,#1761,#1762,#1763,#1764,#1765,#1766,
#1767,#1768,#1769,#1770,#1771,#1772,#1773,#1774,#1775,#1776,#1777,#1778,
#1779,#1780,#1781,#1782,#1783,#1784,#1785,#1786,#1787,#1788,#1789,#1790,
#1791,#1792,#1793,#1794,#1795,#1796,#1797,#1798,#1799,#1800,#1801,#1802,
#1803,#1804,#1805,#1806,#1807,#1808,#1809,#1810,#1811,#1812,#1813,#1814,
#1815,#1816,#1817));
#305=EDGE_LOOP('',(#1818,#1819,#1820,#1821,#1822));
#306=EDGE_LOOP('',(#1823,#1824,#1825));
#307=EDGE_LOOP('',(#1826,#1827,#1828,#1829,#1830,#1831,#1832,#1833,#1834,
#1835,#1836,#1837,#1838,#1839,#1840,#1841,#1842,#1843,#1844,#1845,#1846,
#1847,#1848,#1849,#1850,#1851,#1852,#1853,#1854,#1855,#1856,#1857,#1858,
#1859,#1860,#1861,#1862,#1863,#1864,#1865,#1866,#1867,#1868,#1869,#1870,
#1871,#1872,#1873,#1874,#1875,#1876,#1877,#1878,#1879,#1880,#1881,#1882,
#1883,#1884,#1885,#1886,#1887,#1888,#1889,#1890,#1891,#1892,#1893,#1894,
#1895,#1896,#1897,#1898,#1899,#1900,#1901,#1902,#1903,#1904,#1905,#1906,
#1907,#1908,#1909,#1910,#1911,#1912,#1913,#1914,#1915,#1916,#1917,#1918,
#1919,#1920,#1921,#1922,#1923,#1924,#1925,#1926,#1927,#1928,#1929,#1930,
#1931,#1932,#1933,#1934,#1935,#1936,#1937,#1938,#1939,#1940,#1941,#1942,
#1943,#1944,#1945,#1946,#1947,#1948,#1949,#1950,#1951,#1952,#1953,#1954,
#1955,#1956,#1957));
#308=EDGE_LOOP('',(#1958,#1959,#1960,#1961));
#309=EDGE_LOOP('',(#1962,#1963,#1964,#1965));
#310=EDGE_LOOP('',(#1966,#1967,#1968,#1969));
#311=EDGE_LOOP('',(#1970,#1971,#1972,#1973));
#312=EDGE_LOOP('',(#1974,#1975,#1976,#1977));
#313=EDGE_LOOP('',(#1978,#1979,#1980,#1981));
#314=EDGE_LOOP('',(#1982,#1983,#1984,#1985));
#315=EDGE_LOOP('',(#1986,#1987,#1988,#1989));
#316=EDGE_LOOP('',(#1990,#1991,#1992,#1993));
#317=EDGE_LOOP('',(#1994,#1995,#1996,#1997));
#318=EDGE_LOOP('',(#1998,#1999,#2000,#2001));
#319=EDGE_LOOP('',(#2002,#2003,#2004,#2005));
#320=EDGE_LOOP('',(#2006,#2007,#2008,#2009));
#321=EDGE_LOOP('',(#2010,#2011,#2012,#2013));
#322=EDGE_LOOP('',(#2014,#2015,#2016,#2017));
#323=EDGE_LOOP('',(#2018,#2019,#2020,#2021));
#324=EDGE_LOOP('',(#2022,#2023,#2024));
#325=EDGE_LOOP('',(#2025,#2026,#2027,#2028));
#326=EDGE_LOOP('',(#2029,#2030,#2031,#2032));
#327=EDGE_LOOP('',(#2033,#2034,#2035,#2036));
#328=EDGE_LOOP('',(#2037,#2038,#2039,#2040));
#329=EDGE_LOOP('',(#2041,#2042,#2043,#2044));
#330=EDGE_LOOP('',(#2045,#2046,#2047,#2048));
#331=EDGE_LOOP('',(#2049,#2050,#2051,#2052));
#332=EDGE_LOOP('',(#2053,#2054,#2055,#2056));
#333=EDGE_LOOP('',(#2057,#2058,#2059,#2060));
#334=EDGE_LOOP('',(#2061,#2062,#2063,#2064));
#335=EDGE_LOOP('',(#2065,#2066,#2067,#2068));
#336=EDGE_LOOP('',(#2069,#2070,#2071,#2072));
#337=EDGE_LOOP('',(#2073,#2074,#2075,#2076));
#338=EDGE_LOOP('',(#2077,#2078,#2079,#2080));
#339=EDGE_LOOP('',(#2081,#2082,#2083,#2084));
#340=EDGE_LOOP('',(#2085,#2086,#2087,#2088));
#341=EDGE_LOOP('',(#2089,#2090,#2091,#2092));
#342=EDGE_LOOP('',(#2093,#2094,#2095,#2096));
#343=EDGE_LOOP('',(#2097,#2098,#2099,#2100));
#344=EDGE_LOOP('',(#2101,#2102,#2103,#2104));
#345=EDGE_LOOP('',(#2105,#2106,#2107,#2108));
#346=EDGE_LOOP('',(#2109,#2110,#2111,#2112));
#347=EDGE_LOOP('',(#2113,#2114,#2115,#2116));
#348=EDGE_LOOP('',(#2117,#2118,#2119,#2120));
#349=EDGE_LOOP('',(#2121,#2122,#2123,#2124));
#350=EDGE_LOOP('',(#2125,#2126,#2127,#2128));
#351=EDGE_LOOP('',(#2129,#2130,#2131,#2132));
#352=EDGE_LOOP('',(#2133,#2134,#2135,#2136));
#353=EDGE_LOOP('',(#2137,#2138,#2139,#2140));
#354=EDGE_LOOP('',(#2141,#2142,#2143,#2144));
#355=EDGE_LOOP('',(#2145,#2146,#2147,#2148));
#356=EDGE_LOOP('',(#2149,#2150,#2151,#2152,#2153));
#357=EDGE_LOOP('',(#2154,#2155,#2156,#2157));
#358=EDGE_LOOP('',(#2158,#2159,#2160,#2161));
#359=EDGE_LOOP('',(#2162,#2163,#2164,#2165));
#360=EDGE_LOOP('',(#2166,#2167,#2168,#2169));
#361=EDGE_LOOP('',(#2170,#2171,#2172,#2173));
#362=EDGE_LOOP('',(#2174,#2175,#2176,#2177));
#363=EDGE_LOOP('',(#2178,#2179,#2180,#2181));
#364=EDGE_LOOP('',(#2182,#2183,#2184,#2185));
#365=EDGE_LOOP('',(#2186,#2187,#2188,#2189));
#366=EDGE_LOOP('',(#2190,#2191,#2192,#2193));
#367=EDGE_LOOP('',(#2194,#2195,#2196,#2197));
#368=EDGE_LOOP('',(#2198,#2199,#2200,#2201));
#369=EDGE_LOOP('',(#2202,#2203,#2204,#2205));
#370=EDGE_LOOP('',(#2206,#2207,#2208,#2209));
#371=EDGE_LOOP('',(#2210,#2211,#2212,#2213));
#372=EDGE_LOOP('',(#2214,#2215,#2216,#2217));
#373=EDGE_LOOP('',(#2218,#2219,#2220,#2221));
#374=EDGE_LOOP('',(#2222,#2223,#2224,#2225));
#375=EDGE_LOOP('',(#2226,#2227,#2228,#2229));
#376=EDGE_LOOP('',(#2230,#2231,#2232,#2233));
#377=EDGE_LOOP('',(#2234,#2235,#2236,#2237));
#378=EDGE_LOOP('',(#2238,#2239,#2240,#2241));
#379=EDGE_LOOP('',(#2242,#2243,#2244,#2245));
#380=EDGE_LOOP('',(#2246,#2247,#2248,#2249));
#381=EDGE_LOOP('',(#2250,#2251,#2252,#2253));
#382=EDGE_LOOP('',(#2254,#2255,#2256,#2257));
#383=EDGE_LOOP('',(#2258,#2259,#2260,#2261));
#384=EDGE_LOOP('',(#2262,#2263,#2264,#2265));
#385=EDGE_LOOP('',(#2266,#2267,#2268,#2269));
#386=EDGE_LOOP('',(#2270,#2271,#2272,#2273));
#387=EDGE_LOOP('',(#2274,#2275,#2276));
#388=EDGE_LOOP('',(#2277,#2278,#2279,#2280,#2281));
#389=EDGE_LOOP('',(#2282,#2283,#2284,#2285));
#390=EDGE_LOOP('',(#2286,#2287,#2288,#2289));
#391=EDGE_LOOP('',(#2290,#2291,#2292,#2293));
#392=EDGE_LOOP('',(#2294,#2295,#2296,#2297));
#393=EDGE_LOOP('',(#2298,#2299,#2300,#2301));
#394=EDGE_LOOP('',(#2302,#2303,#2304,#2305));
#395=EDGE_LOOP('',(#2306,#2307,#2308,#2309));
#396=EDGE_LOOP('',(#2310,#2311,#2312,#2313));
#397=EDGE_LOOP('',(#2314,#2315,#2316,#2317));
#398=EDGE_LOOP('',(#2318,#2319,#2320,#2321));
#399=EDGE_LOOP('',(#2322,#2323,#2324,#2325));
#400=EDGE_LOOP('',(#2326,#2327,#2328,#2329));
#401=EDGE_LOOP('',(#2330,#2331,#2332,#2333));
#402=EDGE_LOOP('',(#2334,#2335,#2336,#2337));
#403=EDGE_LOOP('',(#2338,#2339,#2340,#2341));
#404=EDGE_LOOP('',(#2342,#2343,#2344,#2345));
#405=EDGE_LOOP('',(#2346,#2347,#2348));
#406=EDGE_LOOP('',(#2349,#2350,#2351,#2352));
#407=EDGE_LOOP('',(#2353,#2354,#2355,#2356));
#408=EDGE_LOOP('',(#2357,#2358,#2359,#2360));
#409=EDGE_LOOP('',(#2361,#2362,#2363,#2364));
#410=EDGE_LOOP('',(#2365,#2366,#2367,#2368));
#411=EDGE_LOOP('',(#2369,#2370,#2371,#2372));
#412=EDGE_LOOP('',(#2373,#2374,#2375,#2376));
#413=EDGE_LOOP('',(#2377,#2378,#2379,#2380));
#414=EDGE_LOOP('',(#2381,#2382,#2383,#2384));
#415=EDGE_LOOP('',(#2385,#2386,#2387,#2388));
#416=EDGE_LOOP('',(#2389,#2390,#2391,#2392));
#417=EDGE_LOOP('',(#2393,#2394,#2395,#2396));
#418=EDGE_LOOP('',(#2397,#2398,#2399,#2400));
#419=EDGE_LOOP('',(#2401,#2402,#2403,#2404));
#420=EDGE_LOOP('',(#2405,#2406,#2407,#2408));
#421=EDGE_LOOP('',(#2409,#2410,#2411,#2412,#2413));
#422=EDGE_LOOP('',(#2414,#2415,#2416,#2417));
#423=EDGE_LOOP('',(#2418,#2419,#2420,#2421));
#424=EDGE_LOOP('',(#2422,#2423,#2424,#2425));
#425=EDGE_LOOP('',(#2426,#2427,#2428,#2429));
#426=EDGE_LOOP('',(#2430,#2431,#2432,#2433));
#427=EDGE_LOOP('',(#2434,#2435,#2436,#2437));
#428=EDGE_LOOP('',(#2438,#2439,#2440,#2441));
#429=EDGE_LOOP('',(#2442,#2443,#2444,#2445));
#430=EDGE_LOOP('',(#2446,#2447,#2448,#2449));
#431=EDGE_LOOP('',(#2450,#2451,#2452,#2453));
#432=EDGE_LOOP('',(#2454,#2455,#2456,#2457));
#433=EDGE_LOOP('',(#2458,#2459,#2460,#2461));
#434=EDGE_LOOP('',(#2462,#2463,#2464,#2465));
#435=EDGE_LOOP('',(#2466,#2467,#2468,#2469));
#436=EDGE_LOOP('',(#2470,#2471,#2472,#2473));
#437=EDGE_LOOP('',(#2474,#2475,#2476,#2477));
#438=EDGE_LOOP('',(#2478,#2479,#2480,#2481));
#439=EDGE_LOOP('',(#2482,#2483,#2484,#2485));
#440=EDGE_LOOP('',(#2486,#2487,#2488,#2489));
#441=EDGE_LOOP('',(#2490,#2491,#2492));
#442=EDGE_LOOP('',(#2493,#2494,#2495,#2496));
#443=EDGE_LOOP('',(#2497,#2498,#2499,#2500));
#444=EDGE_LOOP('',(#2501,#2502,#2503,#2504));
#445=EDGE_LOOP('',(#2505,#2506,#2507));
#446=EDGE_LOOP('',(#2508,#2509,#2510,#2511));
#447=EDGE_LOOP('',(#2512,#2513,#2514,#2515));
#448=EDGE_LOOP('',(#2516,#2517,#2518,#2519));
#449=EDGE_LOOP('',(#2520,#2521,#2522));
#450=EDGE_LOOP('',(#2523,#2524,#2525,#2526,#2527,#2528));
#451=EDGE_LOOP('',(#2529,#2530,#2531));
#452=EDGE_LOOP('',(#2532,#2533,#2534,#2535,#2536,#2537));
#453=CIRCLE('',#2715,7.025);
#454=CIRCLE('',#2736,7.025);
#455=CIRCLE('',#2759,0.65);
#456=CIRCLE('',#2760,0.75);
#457=CIRCLE('',#2765,0.65);
#458=CIRCLE('',#2766,0.75);
#459=B_SPLINE_CURVE_WITH_KNOTS('',3,(#2975,#2976,#2977,#2978,#2979,#2980,
#2981,#2982,#2983,#2984,#2985,#2986,#2987,#2988,#2989,#2990,#2991,#2992,
#2993,#2994,#2995,#2996,#2997,#2998,#2999,#3000,#3001,#3002,#3003,#3004,
#3005,#3006,#3007,#3008,#3009,#3010,#3011),.UNSPECIFIED.,.F.,.F.,(4,3,3,
3,3,3,3,3,3,3,3,3,4),(-0.58752289880204,-0.530963187355182,-0.473892036180396,
-0.445722814420387,-0.42573644853894,-0.417093703053494,-0.360650754539297,
-0.304526848041321,-0.261281473715355,-0.205885311266107,-0.150814687568593,
-0.0967812114927832,-0.0550523529358615),.UNSPECIFIED.);
#460=B_SPLINE_CURVE_WITH_KNOTS('',3,(#3017,#3018,#3019,#3020,#3021,#3022,
#3023,#3024,#3025,#3026,#3027,#3028,#3029,#3030,#3031,#3032,#3033,#3034,
#3035,#3036,#3037,#3038,#3039,#3040,#3041,#3042,#3043,#3044,#3045,#3046,
#3047,#3048,#3049,#3050,#3051,#3052,#3053),.UNSPECIFIED.,.F.,.F.,(4,3,3,
3,3,3,3,3,3,3,3,3,4),(-0.546107649567892,-0.495666772174937,-0.444359140152409,
-0.419918815911454,-0.40279597932515,-0.394406762112116,-0.342133751736814,
-0.289162663329354,-0.251108784733134,-0.197445579407507,-0.143491350930853,
-0.0898762001032374,-0.0401484846952745),.UNSPECIFIED.);
#461=B_SPLINE_CURVE_WITH_KNOTS('',3,(#3054,#3055,#3056,#3057,#3058,#3059,
#3060,#3061,#3062,#3063,#3064,#3065,#3066,#3067,#3068,#3069,#3070,#3071,
#3072,#3073,#3074,#3075,#3076,#3077,#3078,#3079,#3080,#3081,#3082,#3083,
#3084,#3085,#3086,#3087,#3088,#3089,#3090,#3091,#3092,#3093),
 .UNSPECIFIED.,.F.,.F.,(4,3,3,3,3,3,3,3,3,3,3,3,3,4),(-0.486306509474047,
-0.435256228078314,-0.387374263404546,-0.37125529765388,-0.361992624783127,
-0.310046787464834,-0.2579178454834,-0.242024543695464,-0.234439980328319,
-0.182215315527448,-0.129983387723639,-0.0784005568020039,-0.0522005106881754,
0.),.UNSPECIFIED.);
#462=B_SPLINE_CURVE_WITH_KNOTS('',3,(#3098,#3099,#3100,#3101,#3102,#3103,
#3104,#3105,#3106,#3107,#3108,#3109,#3110),.UNSPECIFIED.,.F.,.F.,(4,3,3,
3,4),(-0.151273055215394,-0.109437554325561,-0.0742971704794326,-0.0268507947634588,
0.),.UNSPECIFIED.);
#463=B_SPLINE_CURVE_WITH_KNOTS('',3,(#3112,#3113,#3114,#3115,#3116,#3117,
#3118,#3119,#3120,#3121),.UNSPECIFIED.,.F.,.F.,(4,2,2,2,4),(-0.0625000001821094,
-0.0464966138538028,-0.0328146049312856,-0.0135922544064533,0.),
 .UNSPECIFIED.);
#464=B_SPLINE_CURVE_WITH_KNOTS('',3,(#3123,#3124,#3125,#3126,#3127,#3128,
#3129,#3130,#3131,#3132,#3133,#3134,#3135),.UNSPECIFIED.,.F.,.F.,(4,3,3,
3,4),(-0.159117394231925,-0.112296956289942,-0.0812018568438406,-0.039404271583077,
-1.79305362055294E-9),.UNSPECIFIED.);
#465=B_SPLINE_CURVE_WITH_KNOTS('',3,(#3139,#3140,#3141,#3142,#3143,#3144,
#3145,#3146,#3147,#3148,#3149,#3150,#3151),.UNSPECIFIED.,.F.,.F.,(4,3,3,
3,4),(-0.151273055208267,-0.109437455811467,-0.0742971704762046,-0.026850695132306,
0.),.UNSPECIFIED.);
#466=B_SPLINE_CURVE_WITH_KNOTS('',3,(#3153,#3154,#3155,#3156,#3157,#3158,
#3159,#3160,#3161,#3162),.UNSPECIFIED.,.F.,.F.,(4,2,2,2,4),(-0.0625000001821094,
-0.0539773451112513,-0.0373054898931384,-0.0155332482008941,0.),
 .UNSPECIFIED.);
#467=B_SPLINE_CURVE_WITH_KNOTS('',3,(#3164,#3165,#3166,#3167,#3168,#3169,
#3170,#3171,#3172,#3173,#3174,#3175,#3176),.UNSPECIFIED.,.F.,.F.,(4,3,3,
3,4),(-0.15911739423615,-0.112296892683771,-0.0812018568448922,-0.039404205841051,
-3.08899842255894E-9),.UNSPECIFIED.);
#468=B_SPLINE_CURVE_WITH_KNOTS('',3,(#3180,#3181,#3182,#3183,#3184,#3185,
#3186,#3187,#3188,#3189,#3190,#3191,#3192),.UNSPECIFIED.,.F.,.F.,(4,3,3,
3,4),(-0.151273055215141,-0.109652477588922,-0.0742971704792829,-0.0270236161078571,
0.),.UNSPECIFIED.);
#469=B_SPLINE_CURVE_WITH_KNOTS('',3,(#3194,#3195,#3196,#3197,#3198,#3199,
#3200,#3201,#3202,#3203),.UNSPECIFIED.,.F.,.F.,(4,2,2,2,4),(-0.0625000001821094,
-0.0587430805158711,-0.0394433405784174,-0.017474241995334,0.),
 .UNSPECIFIED.);
#470=B_SPLINE_CURVE_WITH_KNOTS('',3,(#3205,#3206,#3207,#3208,#3209,#3210,
#3211,#3212,#3213,#3214,#3215,#3216,#3217),.UNSPECIFIED.,.F.,.F.,(4,3,3,
3,4),(-0.159117394234973,-0.112296831746787,-0.0812018568449039,-0.0394041284719994,
0.),.UNSPECIFIED.);
#471=B_SPLINE_CURVE_WITH_KNOTS('',3,(#3221,#3222,#3223,#3224,#3225,#3226,
#3227,#3228,#3229,#3230,#3231,#3232,#3233),.UNSPECIFIED.,.F.,.F.,(4,3,3,
3,4),(-0.151273055211017,-0.109437223603616,-0.0742971704777988,-0.0268504597553017,
0.),.UNSPECIFIED.);
#472=B_SPLINE_CURVE_WITH_KNOTS('',3,(#3235,#3236,#3237,#3238,#3239,#3240,
#3241,#3242),.UNSPECIFIED.,.F.,.F.,(4,2,2,4),(-0.0625000001821099,-0.0419168336095099,
-0.0194152357897743,0.),.UNSPECIFIED.);
#473=B_SPLINE_CURVE_WITH_KNOTS('',3,(#3244,#3245,#3246,#3247,#3248,#3249,
#3250,#3251,#3252,#3253,#3254,#3255,#3256),.UNSPECIFIED.,.F.,.F.,(4,3,3,
3,4),(-0.15911739424051,-0.112344452469471,-0.0812018568458386,-0.039484807447648,
-4.73149740102698E-9),.UNSPECIFIED.);
#474=B_SPLINE_CURVE_WITH_KNOTS('',3,(#3260,#3261,#3262,#3263,#3264,#3265,
#3266,#3267,#3268,#3269,#3270,#3271,#3272),.UNSPECIFIED.,.F.,.F.,(4,3,3,
3,4),(-0.151273055207683,-0.109437085343097,-0.0742971704759745,-0.0268503198232804,
0.),.UNSPECIFIED.);
#475=B_SPLINE_CURVE_WITH_KNOTS('',3,(#3274,#3275,#3276,#3277,#3278,#3279,
#3280,#3281),.UNSPECIFIED.,.F.,.F.,(4,2,2,4),(-0.0625000001821099,-0.044703014030242,
-0.0213562295842147,0.),.UNSPECIFIED.);
#476=B_SPLINE_CURVE_WITH_KNOTS('',3,(#3283,#3284,#3285,#3286,#3287,#3288,
#3289,#3290,#3291,#3292,#3293,#3294,#3295),.UNSPECIFIED.,.F.,.F.,(4,3,3,
3,4),(-0.159117394234858,-0.112296661386782,-0.0812018568446916,-0.0394039520435965,
0.),.UNSPECIFIED.);
#477=B_SPLINE_CURVE_WITH_KNOTS('',3,(#3299,#3300,#3301,#3302,#3303,#3304,
#3305,#3306,#3307,#3308,#3309,#3310,#3311),.UNSPECIFIED.,.F.,.F.,(4,3,3,
3,4),(-0.151531561635169,-0.112549162058499,-0.0744052570882608,-0.036930209631258,
0.),.UNSPECIFIED.);
#478=B_SPLINE_CURVE_WITH_KNOTS('',3,(#3313,#3314,#3315,#3316,#3317,#3318,
#3319,#3320),.UNSPECIFIED.,.F.,.F.,(4,2,2,4),(-0.0625000001821099,-0.0477695058863739,
-0.0232972233786546,0.),.UNSPECIFIED.);
#479=B_SPLINE_CURVE_WITH_KNOTS('',3,(#3322,#3323,#3324,#3325,#3326,#3327,
#3328,#3329,#3330,#3331,#3332,#3333,#3334),.UNSPECIFIED.,.F.,.F.,(4,3,3,
3,4),(-0.159326819097986,-0.12066929793358,-0.0813315526174699,-0.0411719387531678,
0.),.UNSPECIFIED.);
#480=B_SPLINE_CURVE_WITH_KNOTS('',3,(#3338,#3339,#3340,#3341,#3342,#3343,
#3344,#3345,#3346,#3347,#3348,#3349,#3350),.UNSPECIFIED.,.F.,.F.,(4,3,3,
3,4),(-0.151273055213001,-0.109436748600693,-0.0742971704778937,-0.0268499786795771,
0.),.UNSPECIFIED.);
#481=B_SPLINE_CURVE_WITH_KNOTS('',3,(#3352,#3353,#3354,#3355,#3356,#3357,
#3358,#3359),.UNSPECIFIED.,.F.,.F.,(4,2,2,4),(-0.0625000001821099,-0.051079709118147,
-0.0252382171730949,0.),.UNSPECIFIED.);
#482=B_SPLINE_CURVE_WITH_KNOTS('',3,(#3361,#3362,#3363,#3364,#3365,#3366,
#3367,#3368,#3369,#3370,#3371,#3372,#3373),.UNSPECIFIED.,.F.,.F.,(4,3,3,
3,4),(-0.159326819093405,-0.120669297929288,-0.0813315526155402,-0.0411719387528987,
0.),.UNSPECIFIED.);
#483=B_SPLINE_CURVE_WITH_KNOTS('',3,(#3377,#3378,#3379,#3380,#3381,#3382,
#3383,#3384,#3385,#3386,#3387,#3388,#3389),.UNSPECIFIED.,.F.,.F.,(4,3,3,
3,4),(-0.151531561649884,-0.112549162070865,-0.0744052570996859,-0.0369302096361224,
0.),.UNSPECIFIED.);
#484=B_SPLINE_CURVE_WITH_KNOTS('',3,(#3391,#3392,#3393,#3394,#3395,#3396,
#3397,#3398),.UNSPECIFIED.,.F.,.F.,(4,2,2,4),(-0.0625000001821099,-0.0545971362791815,
-0.0271792109675357,0.),.UNSPECIFIED.);
#485=B_SPLINE_CURVE_WITH_KNOTS('',3,(#3400,#3401,#3402,#3403,#3404,#3405,
#3406,#3407,#3408,#3409,#3410,#3411,#3412),.UNSPECIFIED.,.F.,.F.,(4,3,3,
3,4),(-0.159326819085866,-0.120669297925496,-0.0813315526117577,-0.0411719387516476,
0.),.UNSPECIFIED.);
#486=B_SPLINE_CURVE_WITH_KNOTS('',3,(#3416,#3417,#3418,#3419,#3420,#3421,
#3422,#3423,#3424,#3425,#3426,#3427,#3428),.UNSPECIFIED.,.F.,.F.,(4,3,3,
3,4),(-0.151531561623179,-0.112549162049485,-0.0744052570841221,-0.036930209629396,
0.),.UNSPECIFIED.);
#487=B_SPLINE_CURVE_WITH_KNOTS('',3,(#3430,#3431,#3432,#3433,#3434,#3435,
#3436,#3437,#3438,#3439),.UNSPECIFIED.,.F.,.F.,(4,2,2,2,4),(-0.0625000001821099,
-0.0468750001365823,-0.0312500000910547,-0.0156250000455276,0.),
 .UNSPECIFIED.);
#488=B_SPLINE_CURVE_WITH_KNOTS('',3,(#3441,#3442,#3443,#3444,#3445,#3446,
#3447,#3448,#3449,#3450,#3451,#3452,#3453),.UNSPECIFIED.,.F.,.F.,(4,3,3,
3,4),(-0.15911739423564,-0.112296134762066,-0.0812018568446055,-0.0394034065397088,
0.),.UNSPECIFIED.);
#489=B_SPLINE_CURVE_WITH_KNOTS('',3,(#3457,#3458,#3459,#3460,#3461,#3462,
#3463,#3464,#3465,#3466,#3467,#3468,#3469),.UNSPECIFIED.,.F.,.F.,(4,3,3,
3,4),(-0.151531561650383,-0.112549162070419,-0.0744052570972055,-0.0369302096351114,
0.),.UNSPECIFIED.);
#490=B_SPLINE_CURVE_WITH_KNOTS('',3,(#3471,#3472,#3473,#3474,#3475,#3476,
#3477,#3478),.UNSPECIFIED.,.F.,.F.,(4,2,2,4),(-0.0625000001821099,-0.0621229709105595,
-0.0310611985564164,0.),.UNSPECIFIED.);
#491=B_SPLINE_CURVE_WITH_KNOTS('',3,(#3480,#3481,#3482,#3483,#3484,#3485,
#3486,#3487,#3488,#3489,#3490,#3491,#3492),.UNSPECIFIED.,.F.,.F.,(4,3,3,
3,4),(-0.159117394236504,-0.112295926953192,-0.0812018568450259,-0.039403205883498,
-1.91298926161943E-9),.UNSPECIFIED.);
#492=B_SPLINE_CURVE_WITH_KNOTS('',3,(#3496,#3497,#3498,#3499,#3500,#3501,
#3502,#3503,#3504,#3505,#3506,#3507,#3508),.UNSPECIFIED.,.F.,.F.,(4,3,3,
3,4),(-0.151273055212115,-0.109435661302901,-0.0742971704780456,-0.0268488780322657,
0.),.UNSPECIFIED.);
#493=B_SPLINE_CURVE_WITH_KNOTS('',3,(#3510,#3511,#3512,#3513,#3514,#3515),
 .UNSPECIFIED.,.F.,.F.,(4,2,4),(-0.0625000001821101,-0.0312500000910552,
0.),.UNSPECIFIED.);
#494=B_SPLINE_CURVE_WITH_KNOTS('',3,(#3517,#3518,#3519,#3520,#3521,#3522,
#3523,#3524,#3525,#3526,#3527,#3528,#3529),.UNSPECIFIED.,.F.,.F.,(4,3,3,
3,4),(-0.159117394235473,-0.112295695935678,-0.0812018568447663,-0.0394029518246504,
0.),.UNSPECIFIED.);
#495=B_SPLINE_CURVE_WITH_KNOTS('',3,(#3533,#3534,#3535,#3536,#3537,#3538,
#3539,#3540,#3541,#3542,#3543,#3544,#3545),.UNSPECIFIED.,.F.,.F.,(4,3,3,
3,4),(-0.151273055212507,-0.10943523443318,-0.0742971704781903,-0.0268484462080337,
0.),.UNSPECIFIED.);
#496=B_SPLINE_CURVE_WITH_KNOTS('',3,(#3547,#3548,#3549,#3550,#3551,#3552),
 .UNSPECIFIED.,.F.,.F.,(4,2,4),(-0.0625000001821099,-0.0312500000910547,
0.),.UNSPECIFIED.);
#497=B_SPLINE_CURVE_WITH_KNOTS('',3,(#3554,#3555,#3556,#3557,#3558,#3559,
#3560,#3561,#3562,#3563,#3564,#3565,#3566),.UNSPECIFIED.,.F.,.F.,(4,3,3,
3,4),(-0.159117393058267,-0.112295393382579,-0.0812018568447748,-0.039402639184142,
0.),.UNSPECIFIED.);
#498=B_SPLINE_CURVE_WITH_KNOTS('',3,(#3570,#3571,#3572,#3573,#3574,#3575,
#3576,#3577,#3578,#3579,#3580,#3581,#3582),.UNSPECIFIED.,.F.,.F.,(4,3,3,
3,4),(-0.151273055210199,-0.109434697694586,-0.0742971704771083,-0.0268479035402085,
0.),.UNSPECIFIED.);
#499=B_SPLINE_CURVE_WITH_KNOTS('',3,(#3584,#3585,#3586,#3587,#3588,#3589),
 .UNSPECIFIED.,.F.,.F.,(4,2,4),(-0.0625000001821099,-0.0312500000910552,
0.),.UNSPECIFIED.);
#500=B_SPLINE_CURVE_WITH_KNOTS('',3,(#3591,#3592,#3593,#3594,#3595,#3596,
#3597,#3598,#3599,#3600,#3601,#3602,#3603),.UNSPECIFIED.,.F.,.F.,(4,3,3,
3,4),(-0.159117394236289,-0.112294997063837,-0.0812018568448438,-0.0394022412348896,
-1.17543177967448E-9),.UNSPECIFIED.);
#501=B_SPLINE_CURVE_WITH_KNOTS('',3,(#3607,#3608,#3609,#3610,#3611,#3612,
#3613,#3614,#3615,#3616,#3617,#3618,#3619),.UNSPECIFIED.,.F.,.F.,(4,3,3,
3,4),(-0.151273055210304,-0.109650576328701,-0.0742971704770924,-0.0270218950146549,
0.),.UNSPECIFIED.);
#502=B_SPLINE_CURVE_WITH_KNOTS('',3,(#3621,#3622,#3623,#3624,#3625,#3626),
 .UNSPECIFIED.,.F.,.F.,(4,2,4),(-0.0625000001821099,-0.0312500000910549,
0.),.UNSPECIFIED.);
#503=B_SPLINE_CURVE_WITH_KNOTS('',3,(#3628,#3629,#3630,#3631,#3632,#3633,
#3634,#3635,#3636,#3637,#3638,#3639,#3640),.UNSPECIFIED.,.F.,.F.,(4,3,3,
3,4),(-0.159117394235292,-0.112294491634028,-0.0812018568446472,-0.0394017015897352,
0.),.UNSPECIFIED.);
#504=B_SPLINE_CURVE_WITH_KNOTS('',3,(#3644,#3645,#3646,#3647,#3648,#3649,
#3650,#3651,#3652,#3653,#3654,#3655,#3656),.UNSPECIFIED.,.F.,.F.,(4,3,3,
3,4),(-0.151273054118092,-0.109433065313191,-0.0742971704773819,-0.0268462570756605,
0.),.UNSPECIFIED.);
#505=B_SPLINE_CURVE_WITH_KNOTS('',3,(#3658,#3659,#3660,#3661,#3662,#3663),
 .UNSPECIFIED.,.F.,.F.,(4,2,4),(-0.0625000001821099,-0.0312500000910549,
0.),.UNSPECIFIED.);
#506=B_SPLINE_CURVE_WITH_KNOTS('',3,(#3665,#3666,#3667,#3668,#3669,#3670,
#3671,#3672,#3673,#3674,#3675,#3676,#3677),.UNSPECIFIED.,.F.,.F.,(4,3,3,
3,4),(-0.159117394235192,-0.112343300866807,-0.0812018568446126,-0.0394833921012638,
0.),.UNSPECIFIED.);
#507=B_SPLINE_CURVE_WITH_KNOTS('',3,(#3681,#3682,#3683,#3684,#3685,#3686,
#3687,#3688,#3689,#3690,#3691,#3692,#3693),.UNSPECIFIED.,.F.,.F.,(4,3,3,
3,4),(-0.151273055210949,-0.109431740153892,-0.0742971704772592,-0.0268449178999918,
0.),.UNSPECIFIED.);
#508=B_SPLINE_CURVE_WITH_KNOTS('',3,(#3695,#3696,#3697,#3698,#3699,#3700),
 .UNSPECIFIED.,.F.,.F.,(4,2,4),(-0.0625000001821099,-0.0312500000910549,
0.),.UNSPECIFIED.);
#509=B_SPLINE_CURVE_WITH_KNOTS('',3,(#3702,#3703,#3704,#3705,#3706,#3707,
#3708,#3709,#3710,#3711,#3712,#3713,#3714),.UNSPECIFIED.,.F.,.F.,(4,3,3,
3,4),(-0.159117394235049,-0.112292710338547,-0.08120185684462,-0.0393998463664328,
0.),.UNSPECIFIED.);
#510=B_SPLINE_CURVE_WITH_KNOTS('',3,(#3720,#3721,#3722,#3723,#3724,#3725,
#3726,#3727,#3728,#3729),.UNSPECIFIED.,.F.,.F.,(4,3,3,4),(-0.159136195942392,
-0.112191409130424,-0.0849536103545963,-0.0688847041400551),
 .UNSPECIFIED.);
#511=B_SPLINE_CURVE_WITH_KNOTS('',3,(#3733,#3734,#3735,#3736,#3737,#3738,
#3739,#3740,#3741,#3742,#3743,#3744,#3745,#3746,#3747,#3748),
 .UNSPECIFIED.,.F.,.F.,(4,3,3,3,3,4),(-0.151281887846868,-0.109472521474515,
-0.0756018584822472,-0.0282471540986957,-0.00126712678324732,0.),
 .UNSPECIFIED.);
#512=B_SPLINE_CURVE_WITH_KNOTS('',3,(#3750,#3751,#3752,#3753,#3754,#3755,
#3756,#3757),.UNSPECIFIED.,.F.,.F.,(4,2,2,4),(-0.0625000001821099,-0.0317106480016622,
-0.000460647910607265,0.),.UNSPECIFIED.);
#513=B_SPLINE_CURVE_WITH_KNOTS('',3,(#3759,#3760,#3761,#3762,#3763,#3764,
#3765,#3766,#3767,#3768,#3769,#3770,#3771,#3772,#3773,#3774),
 .UNSPECIFIED.,.F.,.F.,(4,3,3,3,3,4),(-0.159123447918671,-0.112299785065056,
-0.0823701012590094,-0.0405786211420265,-0.00122751898331935,-1.05043449787161E-9),
 .UNSPECIFIED.);
#514=B_SPLINE_CURVE_WITH_KNOTS('',3,(#3778,#3779,#3780,#3781,#3782,#3783,
#3784,#3785,#3786,#3787,#3788,#3789,#3790,#3791,#3792,#3793),
 .UNSPECIFIED.,.F.,.F.,(4,3,3,3,3,4),(-0.151281890659496,-0.109692058903352,
-0.0756018598849434,-0.0284247017390344,-0.00126712679903212,0.),
 .UNSPECIFIED.);
#515=B_SPLINE_CURVE_WITH_KNOTS('',3,(#3795,#3796,#3797,#3798,#3799,#3800,
#3801,#3802),.UNSPECIFIED.,.F.,.F.,(4,2,2,4),(-0.0625000001821099,-0.0317106480016622,
-0.000460647910607292,0.),.UNSPECIFIED.);
#516=B_SPLINE_CURVE_WITH_KNOTS('',3,(#3804,#3805,#3806,#3807,#3808,#3809,
#3810,#3811,#3812,#3813,#3814,#3815,#3816,#3817,#3818,#3819),
 .UNSPECIFIED.,.F.,.F.,(4,3,3,3,3,4),(-0.15912345075022,-0.112300053016692,
-0.0823701021376609,-0.0405789286021671,-0.00122751898771492,0.),
 .UNSPECIFIED.);
#517=B_SPLINE_CURVE_WITH_KNOTS('',3,(#3823,#3824,#3825,#3826,#3827,#3828,
#3829,#3830,#3831,#3832,#3833,#3834,#3835,#3836,#3837,#3838),
 .UNSPECIFIED.,.F.,.F.,(4,3,3,3,3,4),(-0.151281888506398,-0.109692658676707,
-0.075601858224541,-0.0284252425638954,-0.00126712678034528,0.),
 .UNSPECIFIED.);
#518=B_SPLINE_CURVE_WITH_KNOTS('',3,(#3840,#3841,#3842,#3843,#3844,#3845,
#3846,#3847),.UNSPECIFIED.,.F.,.F.,(4,2,2,4),(-0.0625000001821099,-0.0317106480016622,
-0.000460647910607292,0.),.UNSPECIFIED.);
#519=B_SPLINE_CURVE_WITH_KNOTS('',3,(#3849,#3850,#3851,#3852,#3853,#3854,
#3855,#3856,#3857,#3858,#3859,#3860,#3861,#3862,#3863,#3864),
 .UNSPECIFIED.,.F.,.F.,(4,3,3,3,3,4),(-0.159123449824674,-0.11230023691132,
-0.0823701016607461,-0.040579152100208,-0.0012275189853289,0.),
 .UNSPECIFIED.);
#520=B_SPLINE_CURVE_WITH_KNOTS('',3,(#3868,#3869,#3870,#3871,#3872,#3873,
#3874,#3875,#3876,#3877,#3878,#3879,#3880,#3881,#3882,#3883),
 .UNSPECIFIED.,.F.,.F.,(4,3,3,3,3,4),(-0.151281883326053,-0.109693091689372,
-0.0756018556432561,-0.0284256361605611,-0.00126712675130125,0.),
 .UNSPECIFIED.);
#521=B_SPLINE_CURVE_WITH_KNOTS('',3,(#3885,#3886,#3887,#3888,#3889,#3890,
#3891,#3892),.UNSPECIFIED.,.F.,.F.,(4,2,2,4),(-0.0625000001821101,-0.0317106480016622,
-0.000460647910607292,0.),.UNSPECIFIED.);
#522=B_SPLINE_CURVE_WITH_KNOTS('',3,(#3894,#3895,#3896,#3897,#3898,#3899,
#3900,#3901,#3902,#3903,#3904,#3905,#3906,#3907,#3908,#3909),
 .UNSPECIFIED.,.F.,.F.,(4,3,3,3,3,4),(-0.159123445394925,-0.112300373147787,
-0.0823700993783919,-0.0405793198405427,-0.00122751897391055,0.),
 .UNSPECIFIED.);
#523=B_SPLINE_CURVE_WITH_KNOTS('',3,(#3913,#3914,#3915,#3916,#3917,#3918,
#3919,#3920,#3921,#3922,#3923,#3924,#3925,#3926,#3927,#3928),
 .UNSPECIFIED.,.F.,.F.,(4,3,3,3,3,4),(-0.151281882154132,-0.109693420638519,
-0.0756018577787379,-0.0284259378136405,-0.0012671267753325,0.),
 .UNSPECIFIED.);
#524=B_SPLINE_CURVE_WITH_KNOTS('',3,(#3930,#3931,#3932,#3933,#3934,#3935,
#3936,#3937),.UNSPECIFIED.,.F.,.F.,(4,2,2,4),(-0.0625000001821099,-0.0317106480016625,
-0.000460647910607292,0.),.UNSPECIFIED.);
#525=B_SPLINE_CURVE_WITH_KNOTS('',3,(#3939,#3940,#3941,#3942,#3943,#3944,
#3945,#3946,#3947,#3948,#3949,#3950,#3951,#3952,#3953,#3954),
 .UNSPECIFIED.,.F.,.F.,(4,3,3,3,3,4),(-0.159123454844885,-0.112300488756172,
-0.0823701042470065,-0.0405794541305948,-0.00122751899826678,0.),
 .UNSPECIFIED.);
#526=B_SPLINE_CURVE_WITH_KNOTS('',3,(#3958,#3959,#3960,#3961,#3962,#3963,
#3964,#3965,#3966,#3967,#3968,#3969,#3970,#3971,#3972,#3973),
 .UNSPECIFIED.,.F.,.F.,(4,3,3,3,3,4),(-0.15128190025656,-0.10969369654278,
-0.0756018640803989,-0.0284261749104388,-0.00126712684622996,0.),
 .UNSPECIFIED.);
#527=B_SPLINE_CURVE_WITH_KNOTS('',3,(#3975,#3976,#3977,#3978,#3979,#3980,
#3981,#3982),.UNSPECIFIED.,.F.,.F.,(4,2,2,4),(-0.0625000001821099,-0.0317106480016625,
-0.000460647910607292,0.),.UNSPECIFIED.);
#528=B_SPLINE_CURVE_WITH_KNOTS('',3,(#3984,#3985,#3986,#3987,#3988,#3989,
#3990,#3991,#3992,#3993,#3994,#3995,#3996,#3997,#3998,#3999),
 .UNSPECIFIED.,.F.,.F.,(4,3,3,3,3,4),(-0.15912344481635,-0.112300569287056,
-0.0823700990805572,-0.040579557550328,-0.0012275189724216,0.),
 .UNSPECIFIED.);
#529=B_SPLINE_CURVE_WITH_KNOTS('',3,(#4003,#4004,#4005,#4006,#4007,#4008,
#4009,#4010,#4011,#4012,#4013,#4014,#4015,#4016,#4017,#4018),
 .UNSPECIFIED.,.F.,.F.,(4,3,3,3,3,4),(-0.151281886780458,-0.109693896991844,
-0.0756018573643068,-0.0284263625454332,-0.00126712677067078,0.),
 .UNSPECIFIED.);
#530=B_SPLINE_CURVE_WITH_KNOTS('',3,(#4020,#4021,#4022,#4023,#4024,#4025,
#4026,#4027,#4028,#4029,#4030,#4031),.UNSPECIFIED.,.F.,.F.,(4,2,2,2,2,4),
(-0.0625000001821099,-0.0473356480471896,-0.0317106480016625,-0.0160856479561349,
-0.000460647910607292,0.),.UNSPECIFIED.);
#531=B_SPLINE_CURVE_WITH_KNOTS('',3,(#4033,#4034,#4035,#4036,#4037,#4038,
#4039,#4040,#4041,#4042,#4043,#4044,#4045,#4046,#4047,#4048),
 .UNSPECIFIED.,.F.,.F.,(4,3,3,3,3,4),(-0.159123446605178,-0.112300642356292,
-0.0823701000023432,-0.0405796449370599,-0.00122751897703499,0.),
 .UNSPECIFIED.);
#532=B_SPLINE_CURVE_WITH_KNOTS('',3,(#4052,#4053,#4054,#4055,#4056,#4057,
#4058,#4059,#4060,#4061,#4062,#4063,#4064,#4065,#4066,#4067),
 .UNSPECIFIED.,.F.,.F.,(4,3,3,3,3,4),(-0.151281891566132,-0.109694073610821,
-0.0756018597496515,-0.0284265199914909,-0.00126712679750551,0.),
 .UNSPECIFIED.);
#533=B_SPLINE_CURVE_WITH_KNOTS('',3,(#4069,#4070,#4071,#4072,#4073,#4074,
#4075,#4076,#4077,#4078),.UNSPECIFIED.,.F.,.F.,(4,2,2,2,4),(-0.0625000001821099,
-0.0603702048530312,-0.0317106480016625,-0.000460647910607292,0.),
 .UNSPECIFIED.);
#534=B_SPLINE_CURVE_WITH_KNOTS('',3,(#4080,#4081,#4082,#4083,#4084,#4085,
#4086,#4087,#4088,#4089,#4090,#4091,#4092,#4093,#4094,#4095),
 .UNSPECIFIED.,.F.,.F.,(4,3,3,3,3,4),(-0.159123436379184,-0.112300695256939,
-0.0823700947337484,-0.040579715017013,-0.00122751895067622,0.),
 .UNSPECIFIED.);
#535=B_SPLINE_CURVE_WITH_KNOTS('',3,(#4099,#4100,#4101,#4102,#4103,#4104,
#4105,#4106,#4107,#4108,#4109,#4110,#4111,#4112,#4113,#4114),
 .UNSPECIFIED.,.F.,.F.,(4,3,3,3,3,4),(-0.151281881661535,-0.109694211474437,
-0.0756018548136646,-0.0284266493608472,-0.00126712674196623,-4.14873414714948E-9),
 .UNSPECIFIED.);
#536=B_SPLINE_CURVE_WITH_KNOTS('',3,(#4116,#4117,#4118,#4119,#4120,#4121,
#4122,#4123,#4124,#4125),.UNSPECIFIED.,.F.,.F.,(4,2,2,2,4),(-0.0625000001821099,
-0.0584292110585909,-0.0317106480016625,-0.000460647910607292,0.),
 .UNSPECIFIED.);
#537=B_SPLINE_CURVE_WITH_KNOTS('',3,(#4127,#4128,#4129,#4130,#4131,#4132,
#4133,#4134,#4135,#4136,#4137,#4138,#4139,#4140,#4141,#4142),
 .UNSPECIFIED.,.F.,.F.,(4,3,3,3,3,4),(-0.159123427200762,-0.11230073973507,
-0.0823700900056424,-0.0405797742848132,-0.00122751892702512,0.),
 .UNSPECIFIED.);
#538=B_SPLINE_CURVE_WITH_KNOTS('',3,(#4146,#4147,#4148,#4149,#4150,#4151,
#4152,#4153,#4154,#4155,#4156,#4157,#4158,#4159,#4160,#4161),
 .UNSPECIFIED.,.F.,.F.,(4,3,3,3,3,4),(-0.151281907844567,-0.109694353711934,
-0.0756018678618279,-0.0284267657760564,-0.00126712688878789,0.),
 .UNSPECIFIED.);
#539=B_SPLINE_CURVE_WITH_KNOTS('',3,(#4163,#4164,#4165,#4166,#4167,#4168,
#4169,#4170,#4171,#4172,#4173,#4174),.UNSPECIFIED.,.F.,.F.,(4,2,2,2,2,4),
(-0.0625000001821099,-0.04733564804719,-0.0317106480016629,-0.0160856479561353,
-0.000460647910607737,0.),.UNSPECIFIED.);
#540=B_SPLINE_CURVE_WITH_KNOTS('',3,(#4176,#4177,#4178,#4179,#4180,#4181,
#4182,#4183,#4184,#4185,#4186,#4187,#4188,#4189,#4190,#4191),
 .UNSPECIFIED.,.F.,.F.,(4,3,3,3,3,4),(-0.159123451329267,-0.112300800544532,
-0.0823701024364356,-0.040579833161121,-0.00122751898921518,0.),
 .UNSPECIFIED.);
#541=B_SPLINE_CURVE_WITH_KNOTS('',3,(#4195,#4196,#4197,#4198,#4199,#4200,
#4201,#4202,#4203,#4204,#4205,#4206,#4207,#4208,#4209,#4210),
 .UNSPECIFIED.,.F.,.F.,(4,3,3,3,3,4),(-0.151281887015935,-0.10969444464792,
-0.0756018574813714,-0.0284268579537446,-0.00126712677200561,0.),
 .UNSPECIFIED.);
#542=B_SPLINE_CURVE_WITH_KNOTS('',3,(#4212,#4213,#4214,#4215,#4216,#4217,
#4218,#4219,#4220,#4221),.UNSPECIFIED.,.F.,.F.,(4,2,2,2,4),(-0.0625000001821099,
-0.0545472234697102,-0.0317106480016625,-0.000460647910607292,0.),
 .UNSPECIFIED.);
#543=B_SPLINE_CURVE_WITH_KNOTS('',3,(#4223,#4224,#4225,#4226,#4227,#4228,
#4229,#4230,#4231,#4232,#4233,#4234,#4235,#4236,#4237,#4238),
 .UNSPECIFIED.,.F.,.F.,(4,3,3,3,3,4),(-0.159123434140507,-0.112300816520358,
-0.0823700935803428,-0.040579878372946,-0.00122751894490839,-1.81115153215647E-9),
 .UNSPECIFIED.);
#544=B_SPLINE_CURVE_WITH_KNOTS('',3,(#4242,#4243,#4244,#4245,#4246,#4247,
#4248,#4249,#4250,#4251,#4252,#4253,#4254,#4255,#4256,#4257),
 .UNSPECIFIED.,.F.,.F.,(4,3,3,3,3,4),(-0.151281866682327,-0.109478329154409,
-0.0756018473486047,-0.0282530212248675,-0.00126712665796527,0.),
 .UNSPECIFIED.);
#545=B_SPLINE_CURVE_WITH_KNOTS('',3,(#4259,#4260,#4261,#4262,#4263,#4264,
#4265,#4266,#4267,#4268),.UNSPECIFIED.,.F.,.F.,(4,2,2,2,4),(-0.0625000001821099,
-0.0526062296752698,-0.0317106480016625,-0.000460647910607292,0.),
 .UNSPECIFIED.);
#546=B_SPLINE_CURVE_WITH_KNOTS('',3,(#4270,#4271,#4272,#4273,#4274,#4275,
#4276,#4277,#4278,#4279,#4280,#4281,#4282,#4283,#4284,#4285),
 .UNSPECIFIED.,.F.,.F.,(4,3,3,3,3,4),(-0.159123435039245,-0.112300858950522,
-0.0823700967451091,-0.0405799165243757,-0.00122751896074074,0.),
 .UNSPECIFIED.);
#547=B_SPLINE_CURVE_WITH_KNOTS('',3,(#4289,#4290,#4291,#4292,#4293,#4294,
#4295,#4296,#4297,#4298,#4299,#4300,#4301,#4302,#4303,#4304),
 .UNSPECIFIED.,.F.,.F.,(4,3,3,3,3,4),(-0.151281856787465,-0.109694595973474,
-0.075601842417502,-0.0284270089089198,-0.00126712660247981,0.),
 .UNSPECIFIED.);
#548=B_SPLINE_CURVE_WITH_KNOTS('',3,(#4306,#4307,#4308,#4309,#4310,#4311,
#4312,#4313,#4314,#4315),.UNSPECIFIED.,.F.,.F.,(4,2,2,2,4),(-0.0625000001821103,
-0.0506652358808299,-0.0317106480016625,-0.000460647910607292,0.),
 .UNSPECIFIED.);
#549=B_SPLINE_CURVE_WITH_KNOTS('',3,(#4317,#4318,#4319,#4320,#4321,#4322,
#4323,#4324,#4325,#4326,#4327,#4328,#4329,#4330,#4331,#4332),
 .UNSPECIFIED.,.F.,.F.,(4,3,3,3,3,4),(-0.159123449606504,-0.112253323267888,
-0.0823701015481294,-0.0404997658795656,-0.00122751898476639,0.),
 .UNSPECIFIED.);
#550=B_SPLINE_CURVE_WITH_KNOTS('',3,(#4336,#4337,#4338,#4339,#4340,#4341,
#4342,#4343,#4344,#4345,#4346,#4347,#4348,#4349,#4350,#4351),
 .UNSPECIFIED.,.F.,.F.,(4,3,3,3,3,4),(-0.151281905172384,-0.10969470260322,
-0.0756018665301703,-0.0284270828188113,-0.00126712687382248,0.),
 .UNSPECIFIED.);
#551=B_SPLINE_CURVE_WITH_KNOTS('',3,(#4353,#4354,#4355,#4356,#4357,#4358,
#4359,#4360,#4361,#4362),.UNSPECIFIED.,.F.,.F.,(4,2,2,2,4),(-0.0625000001821094,
-0.0487242420863891,-0.0317106480016616,-0.000460647910607292,0.),
 .UNSPECIFIED.);
#552=B_SPLINE_CURVE_WITH_KNOTS('',3,(#4364,#4365,#4366,#4367,#4368,#4369,
#4370,#4371,#4372,#4373,#4374,#4375,#4376,#4377,#4378,#4379),
 .UNSPECIFIED.,.F.,.F.,(4,3,3,3,3,4),(-0.159123466635923,-0.1122534039409,
-0.0823701103214697,-0.0404998411164299,-0.00122751902865446,0.),
 .UNSPECIFIED.);
#553=B_SPLINE_CURVE_WITH_KNOTS('',3,(#4383,#4384,#4385,#4386,#4387,#4388,
#4389,#4390,#4391,#4392,#4393,#4394,#4395,#4396,#4397,#4398),
 .UNSPECIFIED.,.F.,.F.,(4,3,3,3,3,4),(-0.151281883753277,-0.109694749459125,
-0.0756018576384587,-0.0284271380611975,-0.00126712677375613,0.),
 .UNSPECIFIED.);
#554=B_SPLINE_CURVE_WITH_KNOTS('',3,(#4400,#4401,#4402,#4403,#4404,#4405,
#4406,#4407,#4408,#4409),.UNSPECIFIED.,.F.,.F.,(4,2,2,2,4),(-0.0625000001821094,
-0.0467832482919484,-0.0317106480016616,-0.000460647910607292,0.),
 .UNSPECIFIED.);
#555=B_SPLINE_CURVE_WITH_KNOTS('',3,(#4411,#4412,#4413,#4414,#4415,#4416,
#4417,#4418,#4419,#4420,#4421,#4422,#4423,#4424,#4425,#4426),
 .UNSPECIFIED.,.F.,.F.,(4,3,3,3,3,4),(-0.159123425049959,-0.112300922530891,
-0.0823700888983197,-0.0405800116699747,-0.00122751892149307,-1.41672285713063E-9),
 .UNSPECIFIED.);
#556=B_SPLINE_CURVE_WITH_KNOTS('',3,(#4430,#4431,#4432,#4433,#4434,#4435,
#4436,#4437,#4438,#4439,#4440,#4441,#4442,#4443,#4444,#4445),
 .UNSPECIFIED.,.F.,.F.,(4,3,3,3,3,4),(-0.151281876291054,-0.109478822288141,
-0.0756018521376049,-0.0282535146828112,-0.00126712671185245,0.),
 .UNSPECIFIED.);
#557=B_SPLINE_CURVE_WITH_KNOTS('',3,(#4447,#4448,#4449,#4450,#4451,#4452,
#4453,#4454,#4455,#4456),.UNSPECIFIED.,.F.,.F.,(4,2,2,2,4),(-0.0625000001821094,
-0.0448422544975084,-0.0317106480016616,-0.000460647910607292,0.),
 .UNSPECIFIED.);
#558=B_SPLINE_CURVE_WITH_KNOTS('',3,(#4457,#4458,#4459,#4460,#4461,#4462,
#4463,#4464,#4465,#4466),.UNSPECIFIED.,.F.,.F.,(4,3,3,4),(-0.0688787416268075,
-0.0275969925208509,-0.00122751904378565,0.),.UNSPECIFIED.);
#559=B_SPLINE_CURVE_WITH_KNOTS('',3,(#4469,#4470,#4471,#4472),
 .UNSPECIFIED.,.F.,.F.,(4,4),(71.0238182327519,71.5381221067228),
 .UNSPECIFIED.);
#560=B_SPLINE_CURVE_WITH_KNOTS('',3,(#4475,#4476,#4477,#4478,#4479,#4480,
#4481,#4482,#4483,#4484),.UNSPECIFIED.,.F.,.F.,(4,3,3,4),(69.6216259618745,
70.0295334150979,70.3626915957918,70.6040199573599),.UNSPECIFIED.);
#561=B_SPLINE_CURVE_WITH_KNOTS('',3,(#4501,#4502,#4503,#4504,#4505,#4506,
#4507,#4508,#4509,#4510),.UNSPECIFIED.,.F.,.F.,(4,3,3,4),(-0.0609512847294546,
-0.0133705446813925,-0.00126712686375909,0.),.UNSPECIFIED.);
#562=B_SPLINE_CURVE_WITH_KNOTS('',3,(#4513,#4514,#4515,#4516,#4517,#4518),
 .UNSPECIFIED.,.F.,.F.,(4,2,4),(-0.0625000001821094,-0.0464966138538019,
-0.0394108986284377),.UNSPECIFIED.);
#563=B_SPLINE_CURVE_WITH_KNOTS('',3,(#4520,#4521,#4522,#4523,#4524,#4525,
#4526,#4527,#4528,#4529,#4530,#4531,#4532),.UNSPECIFIED.,.F.,.F.,(4,3,3,
3,4),(-0.159117394239069,-0.112344545206805,-0.0812018568458004,-0.0394849201249605,
-3.25590541878004E-9),.UNSPECIFIED.);
#564=B_SPLINE_CURVE_WITH_KNOTS('',3,(#4536,#4537,#4538,#4539,#4540,#4541,
#4542,#4543,#4544,#4545,#4546,#4547,#4548),.UNSPECIFIED.,.F.,.F.,(4,3,3,
3,4),(-0.151273055207862,-0.109437506337164,-0.0742971704760817,-0.0268507463353071,
0.),.UNSPECIFIED.);
#565=B_SPLINE_CURVE_WITH_KNOTS('',3,(#4550,#4551,#4552,#4553,#4554,#4555,
#4556,#4557,#4558,#4559),.UNSPECIFIED.,.F.,.F.,(4,2,2,2,4),(-0.0625000001821094,
-0.0539773451112513,-0.0373054898931384,-0.0155332482008941,0.),
 .UNSPECIFIED.);
#566=B_SPLINE_CURVE_WITH_KNOTS('',3,(#4561,#4562,#4563,#4564,#4565,#4566,
#4567,#4568,#4569,#4570,#4571,#4572,#4573),.UNSPECIFIED.,.F.,.F.,(4,3,3,
3,4),(-0.15911739423591,-0.112296935666324,-0.081201856844592,-0.0394042357120578,
0.),.UNSPECIFIED.);
#567=B_SPLINE_CURVE_WITH_KNOTS('',3,(#4577,#4578,#4579,#4580,#4581,#4582,
#4583,#4584,#4585,#4586,#4587,#4588,#4589),.UNSPECIFIED.,.F.,.F.,(4,3,3,
3,4),(-0.151273050355007,-0.109652503802808,-0.0742971704769661,-0.0270236457604816,
0.),.UNSPECIFIED.);
#568=B_SPLINE_CURVE_WITH_KNOTS('',3,(#4591,#4592,#4593,#4594,#4595,#4596,
#4597,#4598,#4599,#4600),.UNSPECIFIED.,.F.,.F.,(4,2,2,2,4),(-0.0625000001821094,
-0.0587430805158711,-0.0394433405784174,-0.017474241995334,0.),
 .UNSPECIFIED.);
#569=B_SPLINE_CURVE_WITH_KNOTS('',3,(#4602,#4603,#4604,#4605,#4606,#4607,
#4608,#4609,#4610,#4611,#4612,#4613,#4614),.UNSPECIFIED.,.F.,.F.,(4,3,3,
3,4),(-0.159117394236702,-0.11229686833536,-0.0812018568451663,-0.0394041662876545,
0.),.UNSPECIFIED.);
#570=B_SPLINE_CURVE_WITH_KNOTS('',3,(#4618,#4619,#4620,#4621,#4622,#4623,
#4624,#4625,#4626,#4627,#4628,#4629,#4630),.UNSPECIFIED.,.F.,.F.,(4,3,3,
3,4),(-0.15127305521092,-0.109652444154078,-0.0742971704777918,-0.0270235858772229,
0.),.UNSPECIFIED.);
#571=B_SPLINE_CURVE_WITH_KNOTS('',3,(#4632,#4633,#4634,#4635,#4636,#4637,
#4638,#4639),.UNSPECIFIED.,.F.,.F.,(4,2,2,4),(-0.0625000001821094,-0.0419168336095099,
-0.0194152357897748,0.),.UNSPECIFIED.);
#572=B_SPLINE_CURVE_WITH_KNOTS('',3,(#4641,#4642,#4643,#4644,#4645,#4646,
#4647,#4648,#4649,#4650,#4651,#4652,#4653),.UNSPECIFIED.,.F.,.F.,(4,3,3,
3,4),(-0.159117394233716,-0.112296793161808,-0.0812018568443162,-0.0394040883428611,
0.),.UNSPECIFIED.);
#573=B_SPLINE_CURVE_WITH_KNOTS('',3,(#4657,#4658,#4659,#4660,#4661,#4662,
#4663,#4664,#4665,#4666,#4667,#4668,#4669),.UNSPECIFIED.,.F.,.F.,(4,3,3,
3,4),(-0.151273055210549,-0.109437156566455,-0.0742971704768943,-0.0268503919387865,
0.),.UNSPECIFIED.);
#574=B_SPLINE_CURVE_WITH_KNOTS('',3,(#4671,#4672,#4673,#4674,#4675,#4676),
 .UNSPECIFIED.,.F.,.F.,(4,2,4),(-0.0625000001821099,-0.0312500000910547,
0.),.UNSPECIFIED.);
#575=B_SPLINE_CURVE_WITH_KNOTS('',3,(#4678,#4679,#4680,#4681,#4682,#4683,
#4684,#4685,#4686,#4687,#4688,#4689,#4690),.UNSPECIFIED.,.F.,.F.,(4,3,3,
3,4),(-0.159117394233795,-0.112344445332849,-0.0812018568442779,-0.0394847837021962,
0.),.UNSPECIFIED.);
#576=B_SPLINE_CURVE_WITH_KNOTS('',3,(#4694,#4695,#4696,#4697,#4698,#4699,
#4700,#4701,#4702,#4703,#4704,#4705,#4706),.UNSPECIFIED.,.F.,.F.,(4,3,3,
3,4),(-0.151273055214324,-0.109437009489881,-0.0742971704794471,-0.0268502427537327,
0.),.UNSPECIFIED.);
#577=B_SPLINE_CURVE_WITH_KNOTS('',3,(#4708,#4709,#4710,#4711,#4712,#4713),
 .UNSPECIFIED.,.F.,.F.,(4,2,4),(-0.0625000001821099,-0.0312500000910543,
0.),.UNSPECIFIED.);
#578=B_SPLINE_CURVE_WITH_KNOTS('',3,(#4715,#4716,#4717,#4718,#4719,#4720,
#4721,#4722,#4723,#4724,#4725,#4726,#4727),.UNSPECIFIED.,.F.,.F.,(4,3,3,
3,4),(-0.159117394239936,-0.112296611430063,-0.0812018568458075,-0.0394039003998399,
0.),.UNSPECIFIED.);
#579=B_SPLINE_CURVE_WITH_KNOTS('',3,(#4731,#4732,#4733,#4734,#4735,#4736,
#4737,#4738,#4739,#4740,#4741,#4742,#4743),.UNSPECIFIED.,.F.,.F.,(4,3,3,
3,4),(-0.151531561636981,-0.11254916205863,-0.0744052570893008,-0.0369302096330675,
0.),.UNSPECIFIED.);
#580=B_SPLINE_CURVE_WITH_KNOTS('',3,(#4745,#4746,#4747,#4748,#4749,#4750,
#4751,#4752,#4753,#4754,#4755,#4756,#4757,#4758,#4759,#4760),
 .UNSPECIFIED.,.F.,.F.,(4,2,2,2,2,2,2,4),(-0.0625000001821099,-0.0532118717466123,
-0.0421446943815318,-0.0365234987993293,-0.0335275902458871,-0.0315572032468157,
-0.0252382171730954,0.),.UNSPECIFIED.);
#581=B_SPLINE_CURVE_WITH_KNOTS('',3,(#4762,#4763,#4764,#4765,#4766,#4767,
#4768,#4769,#4770,#4771,#4772,#4773,#4774),.UNSPECIFIED.,.F.,.F.,(4,3,3,
3,4),(-0.159326819104418,-0.120669297939977,-0.0813315526206671,-0.0411719387538657,
0.),.UNSPECIFIED.);
#582=B_SPLINE_CURVE_WITH_KNOTS('',3,(#4778,#4779,#4780,#4781,#4782,#4783,
#4784,#4785,#4786,#4787,#4788,#4789,#4790),.UNSPECIFIED.,.F.,.F.,(4,3,3,
3,4),(-0.151273055211645,-0.109436648550692,-0.0742971704773839,-0.0268498773903368,
0.),.UNSPECIFIED.);
#583=B_SPLINE_CURVE_WITH_KNOTS('',3,(#4792,#4793,#4794,#4795,#4796,#4797,
#4798,#4799,#4800,#4801,#4802,#4803,#4804,#4805),.UNSPECIFIED.,.F.,.F.,
(4,2,2,2,2,2,4),(-0.0625000001821099,-0.0571982894708851,-0.0439329697476922,
-0.0369957652868096,-0.0328079152709706,-0.0271792109675357,0.),
 .UNSPECIFIED.);
#584=B_SPLINE_CURVE_WITH_KNOTS('',3,(#4807,#4808,#4809,#4810,#4811,#4812,
#4813,#4814,#4815,#4816,#4817,#4818,#4819),.UNSPECIFIED.,.F.,.F.,(4,3,3,
3,4),(-0.159326819088743,-0.120669297927688,-0.0813315526146939,-0.0411719387525882,
0.),.UNSPECIFIED.);
#585=B_SPLINE_CURVE_WITH_KNOTS('',3,(#4823,#4824,#4825,#4826,#4827,#4828,
#4829,#4830,#4831,#4832,#4833,#4834,#4835),.UNSPECIFIED.,.F.,.F.,(4,3,3,
3,4),(-0.151531561636996,-0.112549162059014,-0.0744052570882277,-0.0369302096303681,
0.),.UNSPECIFIED.);
#586=B_SPLINE_CURVE_WITH_KNOTS('',3,(#4837,#4838,#4839,#4840,#4841,#4842,
#4843,#4844,#4845,#4846,#4847,#4848),.UNSPECIFIED.,.F.,.F.,(4,2,2,2,2,4),
(-0.0625000001821099,-0.0550516713999691,-0.0424372547888066,-0.0353254337594726,
-0.0291202047619761,0.),.UNSPECIFIED.);
#587=B_SPLINE_CURVE_WITH_KNOTS('',3,(#4850,#4851,#4852,#4853,#4854,#4855,
#4856,#4857,#4858,#4859,#4860,#4861,#4862),.UNSPECIFIED.,.F.,.F.,(4,3,3,
3,4),(-0.159326819096303,-0.120669297934193,-0.0813315526214061,-0.0411719387547937,
0.),.UNSPECIFIED.);
#588=B_SPLINE_CURVE_WITH_KNOTS('',3,(#4866,#4867,#4868,#4869,#4870,#4871,
#4872,#4873,#4874,#4875,#4876,#4877,#4878),.UNSPECIFIED.,.F.,.F.,(4,3,3,
3,4),(-0.151273055213869,-0.109436159563115,-0.0742971704790329,-0.0268493821972422,
0.),.UNSPECIFIED.);
#589=B_SPLINE_CURVE_WITH_KNOTS('',3,(#4880,#4881,#4882,#4883,#4884,#4885,
#4886,#4887,#4888,#4889),.UNSPECIFIED.,.F.,.F.,(4,2,2,2,4),(-0.0625000001821099,
-0.049689096667306,-0.0388327652792504,-0.0310611985564164,0.),
 .UNSPECIFIED.);
#590=B_SPLINE_CURVE_WITH_KNOTS('',3,(#4891,#4892,#4893,#4894,#4895,#4896,
#4897,#4898,#4899,#4900,#4901,#4902,#4903),.UNSPECIFIED.,.F.,.F.,(4,3,3,
3,4),(-0.159326819099327,-0.120669297936142,-0.0813315526198264,-0.0411719387538953,
0.),.UNSPECIFIED.);
#591=B_SPLINE_CURVE_WITH_KNOTS('',3,(#4907,#4908,#4909,#4910,#4911,#4912,
#4913,#4914,#4915,#4916,#4917,#4918,#4919),.UNSPECIFIED.,.F.,.F.,(4,3,3,
3,4),(-0.151273055212171,-0.109435843557176,-0.0742971704780163,-0.0268490624501558,
0.),.UNSPECIFIED.);
#592=B_SPLINE_CURVE_WITH_KNOTS('',3,(#4921,#4922,#4923,#4924,#4925,#4926,
#4927,#4928,#4929,#4930),.UNSPECIFIED.,.F.,.F.,(4,2,2,2,4),(-0.0625000001821099,
-0.0546926579363007,-0.0409602669086278,-0.0312500000910547,0.),
 .UNSPECIFIED.);
#593=B_SPLINE_CURVE_WITH_KNOTS('',3,(#4932,#4933,#4934,#4935,#4936,#4937,
#4938,#4939,#4940,#4941,#4942,#4943,#4944),.UNSPECIFIED.,.F.,.F.,(4,3,3,
3,4),(-0.159326819096855,-0.120669297933047,-0.0813315526173419,-0.0411719387531496,
0.),.UNSPECIFIED.);
#594=B_SPLINE_CURVE_WITH_KNOTS('',3,(#4948,#4949,#4950,#4951,#4952,#4953,
#4954,#4955,#4956,#4957,#4958,#4959,#4960),.UNSPECIFIED.,.F.,.F.,(4,3,3,
3,4),(-0.151273055212008,-0.109435459360666,-0.0742971704776916,-0.0268486737678769,
0.),.UNSPECIFIED.);
#595=B_SPLINE_CURVE_WITH_KNOTS('',3,(#4962,#4963,#4964,#4965,#4966,#4967,
#4968,#4969,#4970,#4971),.UNSPECIFIED.,.F.,.F.,(4,2,2,2,4),(-0.0625000001821099,
-0.0593786314793205,-0.0429012607030681,-0.0312500000910547,0.),
 .UNSPECIFIED.);
#596=B_SPLINE_CURVE_WITH_KNOTS('',3,(#4973,#4974,#4975,#4976,#4977,#4978,
#4979,#4980,#4981,#4982,#4983,#4984,#4985),.UNSPECIFIED.,.F.,.F.,(4,3,3,
3,4),(-0.159117394236157,-0.112295554094115,-0.0812018568448541,-0.0394028047031543,
0.),.UNSPECIFIED.);
#597=B_SPLINE_CURVE_WITH_KNOTS('',3,(#4989,#4990,#4991,#4992,#4993,#4994,
#4995,#4996,#4997,#4998,#4999,#5000,#5001),.UNSPECIFIED.,.F.,.F.,(4,3,3,
3,4),(-0.15127305521221,-0.109434982290537,-0.0742971704780872,-0.0268481914283436,
-4.49070739129052E-9),.UNSPECIFIED.);
#598=B_SPLINE_CURVE_WITH_KNOTS('',3,(#5003,#5004,#5005,#5006,#5007,#5008,
#5009,#5010),.UNSPECIFIED.,.F.,.F.,(4,2,2,4),(-0.0625000001821099,-0.0448422544975087,
-0.0312500000910552,0.),.UNSPECIFIED.);
#599=B_SPLINE_CURVE_WITH_KNOTS('',3,(#5012,#5013,#5014,#5015,#5016,#5017,
#5018,#5019,#5020,#5021,#5022,#5023,#5024),.UNSPECIFIED.,.F.,.F.,(4,3,3,
3,4),(-0.159117394235414,-0.112295213753413,-0.0812018568447197,-0.0394024516083734,
0.),.UNSPECIFIED.);
#600=B_SPLINE_CURVE_WITH_KNOTS('',3,(#5028,#5029,#5030,#5031,#5032,#5033,
#5034,#5035,#5036,#5037,#5038,#5039,#5040),.UNSPECIFIED.,.F.,.F.,(4,3,3,
3,4),(-0.15127305521228,-0.109434373988927,-0.0742971704779263,-0.0268475763031747,
0.),.UNSPECIFIED.);
#601=B_SPLINE_CURVE_WITH_KNOTS('',3,(#5042,#5043,#5044,#5045,#5046,#5047,
#5048,#5049),.UNSPECIFIED.,.F.,.F.,(4,2,2,4),(-0.0625000001821099,-0.0467832482919489,
-0.0312500000910549,0.),.UNSPECIFIED.);
#602=B_SPLINE_CURVE_WITH_KNOTS('',3,(#5051,#5052,#5053,#5054,#5055,#5056,
#5057,#5058,#5059,#5060,#5061,#5062,#5063),.UNSPECIFIED.,.F.,.F.,(4,3,3,
3,4),(-0.15911738990293,-0.112294765006445,-0.0812018568447343,-0.0394019899909281,
0.),.UNSPECIFIED.);
#603=B_SPLINE_CURVE_WITH_KNOTS('',3,(#5067,#5068,#5069,#5070,#5071,#5072,
#5073,#5074,#5075,#5076,#5077,#5078,#5079),.UNSPECIFIED.,.F.,.F.,(4,3,3,
3,4),(-0.15127305521187,-0.109433571898759,-0.0742971704778832,-0.0268467659807328,
0.),.UNSPECIFIED.);
#604=B_SPLINE_CURVE_WITH_KNOTS('',3,(#5081,#5082,#5083,#5084,#5085,#5086,
#5087,#5088),.UNSPECIFIED.,.F.,.F.,(4,2,2,4),(-0.0625000001821099,-0.048724242086389,
-0.0312500000910548,0.),.UNSPECIFIED.);
#605=B_SPLINE_CURVE_WITH_KNOTS('',3,(#5090,#5091,#5092,#5093,#5094,#5095,
#5096,#5097,#5098,#5099,#5100,#5101,#5102),.UNSPECIFIED.,.F.,.F.,(4,3,3,
3,4),(-0.159117394235592,-0.112294153743193,-0.081201856844737,-0.03940136489289,
-1.34169724515138E-9),.UNSPECIFIED.);
#606=B_SPLINE_CURVE_WITH_KNOTS('',3,(#5106,#5107,#5108,#5109,#5110,#5111,
#5112,#5113,#5114,#5115,#5116,#5117,#5118),.UNSPECIFIED.,.F.,.F.,(4,3,3,
3,4),(-0.151273055211683,-0.109432466156205,-0.0742971704776945,-0.0268456499495354,
0.),.UNSPECIFIED.);
#607=B_SPLINE_CURVE_WITH_KNOTS('',3,(#5120,#5121,#5122,#5123,#5124,#5125),
 .UNSPECIFIED.,.F.,.F.,(4,2,4),(-0.0625000001821099,-0.0312500000910549,
0.),.UNSPECIFIED.);
#608=B_SPLINE_CURVE_WITH_KNOTS('',3,(#5127,#5128,#5129,#5130,#5131,#5132,
#5133,#5134,#5135,#5136,#5137,#5138,#5139),.UNSPECIFIED.,.F.,.F.,(4,3,3,
3,4),(-0.159117394235018,-0.112343109222871,-0.0812018568446168,-0.0394831583121624,
0.),.UNSPECIFIED.);
#609=B_SPLINE_CURVE_WITH_KNOTS('',3,(#5143,#5144,#5145,#5146,#5147,#5148,
#5149,#5150,#5151,#5152,#5153,#5154,#5155),.UNSPECIFIED.,.F.,.F.,(4,3,3,
3,4),(-0.151273053290054,-0.109609112667262,-0.0742971704772587,-0.0269831210740673,
0.),.UNSPECIFIED.);
#610=B_SPLINE_CURVE_WITH_KNOTS('',3,(#5157,#5158,#5159,#5160,#5161,#5162,
#5163,#5164,#5165,#5166),.UNSPECIFIED.,.F.,.F.,(4,2,2,2,4),(-0.039410898628436,
-0.0359487637642214,-0.0331962917308665,-0.0312500000910549,0.),
 .UNSPECIFIED.);
#611=B_SPLINE_CURVE_WITH_KNOTS('',3,(#5170,#5171,#5172,#5173,#5174,#5175,
#5176,#5177,#5178,#5179),.UNSPECIFIED.,.F.,.F.,(4,3,3,4),(-0.15129526639617,
-0.109757267421999,-0.0776754794462251,-0.060954633170221),
 .UNSPECIFIED.);
#612=B_SPLINE_CURVE_WITH_KNOTS('',3,(#5181,#5182,#5183,#5184,#5185,#5186,
#5187,#5188),.UNSPECIFIED.,.F.,.F.,(4,2,2,4),(-0.0625000001821099,-0.0317106480016622,
-0.000460647910607265,0.),.UNSPECIFIED.);
#613=B_SPLINE_CURVE_WITH_KNOTS('',3,(#5190,#5191,#5192,#5193,#5194,#5195,
#5196,#5197,#5198,#5199,#5200,#5201,#5202,#5203,#5204,#5205),
 .UNSPECIFIED.,.F.,.F.,(4,3,3,3,3,4),(-0.159123450211086,-0.112299627732432,
-0.0823701018598999,-0.0405784125132386,-0.00122751898632532,0.),
 .UNSPECIFIED.);
#614=B_SPLINE_CURVE_WITH_KNOTS('',3,(#5209,#5210,#5211,#5212,#5213,#5214,
#5215,#5216,#5217,#5218,#5219,#5220,#5221,#5222,#5223,#5224),
 .UNSPECIFIED.,.F.,.F.,(4,3,3,3,3,4),(-0.151281886415777,-0.109473343385825,
-0.0756018571826148,-0.0282479798617803,-0.00126712676862323,0.),
 .UNSPECIFIED.);
#615=B_SPLINE_CURVE_WITH_KNOTS('',3,(#5226,#5227,#5228,#5229,#5230,#5231,
#5232,#5233),.UNSPECIFIED.,.F.,.F.,(4,2,2,4),(-0.0625000001821099,-0.0317106480016622,
-0.000460647910607292,0.),.UNSPECIFIED.);
#616=B_SPLINE_CURVE_WITH_KNOTS('',3,(#5235,#5236,#5237,#5238,#5239,#5240,
#5241,#5242,#5243,#5244,#5245,#5246,#5247,#5248,#5249,#5250),
 .UNSPECIFIED.,.F.,.F.,(4,3,3,3,3,4),(-0.15912345412221,-0.11229992893505,
-0.0823701038747728,-0.0405787914465912,-0.00122751899640465,-4.44911609776498E-9),
 .UNSPECIFIED.);
#617=B_SPLINE_CURVE_WITH_KNOTS('',3,(#5254,#5255,#5256,#5257,#5258,#5259,
#5260,#5261,#5262,#5263,#5264,#5265,#5266,#5267,#5268,#5269),
 .UNSPECIFIED.,.F.,.F.,(4,3,3,3,3,4),(-0.151281893767055,-0.109692387905417,
-0.075601860846198,-0.0284249956232035,-0.00126712680985236,0.),
 .UNSPECIFIED.);
#618=B_SPLINE_CURVE_WITH_KNOTS('',3,(#5271,#5272,#5273,#5274,#5275,#5276,
#5277,#5278),.UNSPECIFIED.,.F.,.F.,(4,2,2,4),(-0.0625000001821099,-0.0317106480016623,
-0.000460647910607404,0.),.UNSPECIFIED.);
#619=B_SPLINE_CURVE_WITH_KNOTS('',3,(#5280,#5281,#5282,#5283,#5284,#5285,
#5286,#5287,#5288,#5289,#5290,#5291,#5292,#5293,#5294,#5295),
 .UNSPECIFIED.,.F.,.F.,(4,3,3,3,3,4),(-0.15912344725425,-0.112251381274882,
-0.0823701003365932,-0.0404977579379041,-0.00122751897870469,0.),
 .UNSPECIFIED.);
#620=B_SPLINE_CURVE_WITH_KNOTS('',3,(#5299,#5300,#5301,#5302,#5303,#5304,
#5305,#5306,#5307,#5308,#5309,#5310,#5311,#5312,#5313,#5314),
 .UNSPECIFIED.,.F.,.F.,(4,3,3,3,3,4),(-0.151281878163656,-0.109692884939612,
-0.075601853594177,-0.0284254534161599,-0.00126712672823983,0.),
 .UNSPECIFIED.);
#621=B_SPLINE_CURVE_WITH_KNOTS('',3,(#5316,#5317,#5318,#5319,#5320,#5321,
#5322,#5323),.UNSPECIFIED.,.F.,.F.,(4,2,2,4),(-0.0625000001821098,-0.0317106480016623,
-0.000460647910607515,0.),.UNSPECIFIED.);
#622=B_SPLINE_CURVE_WITH_KNOTS('',3,(#5325,#5326,#5327,#5328,#5329,#5330,
#5331,#5332,#5333,#5334,#5335,#5336,#5337,#5338,#5339,#5340),
 .UNSPECIFIED.,.F.,.F.,(4,3,3,3,3,4),(-0.159123445239329,-0.112300307974888,
-0.0823700992986233,-0.0405792408658814,-0.00122751897351411,0.),
 .UNSPECIFIED.);
#623=B_SPLINE_CURVE_WITH_KNOTS('',3,(#5344,#5345,#5346,#5347,#5348,#5349,
#5350,#5351,#5352,#5353,#5354,#5355,#5356,#5357,#5358,#5359),
 .UNSPECIFIED.,.F.,.F.,(4,3,3,3,3,4),(-0.151281883593441,-0.109693268374,
-0.0756018557758884,-0.0284257957709505,-0.00126712675280021,0.),
 .UNSPECIFIED.);
#624=B_SPLINE_CURVE_WITH_KNOTS('',3,(#5361,#5362,#5363,#5364,#5365,#5366,
#5367,#5368),.UNSPECIFIED.,.F.,.F.,(4,2,2,4),(-0.0625000001821101,-0.0317106480016625,
-0.000460647910607515,0.),.UNSPECIFIED.);
#625=B_SPLINE_CURVE_WITH_KNOTS('',3,(#5370,#5371,#5372,#5373,#5374,#5375,
#5376,#5377,#5378,#5379,#5380,#5381,#5382,#5383,#5384,#5385),
 .UNSPECIFIED.,.F.,.F.,(4,3,3,3,3,4),(-0.159123444896369,-0.112300430469625,
-0.0823700991220842,-0.0405793894600196,-0.0012275189726305,0.),
 .UNSPECIFIED.);
#626=B_SPLINE_CURVE_WITH_KNOTS('',3,(#5389,#5390,#5391,#5392,#5393,#5394,
#5395,#5396,#5397,#5398,#5399,#5400,#5401,#5402,#5403,#5404),
 .UNSPECIFIED.,.F.,.F.,(4,3,3,3,3,4),(-0.151281881409198,-0.10969355988407,
-0.0756018546874677,-0.0284260602496535,-0.00126712674054628,0.),
 .UNSPECIFIED.);
#627=B_SPLINE_CURVE_WITH_KNOTS('',3,(#5406,#5407,#5408,#5409,#5410,#5411,
#5412,#5413),.UNSPECIFIED.,.F.,.F.,(4,2,2,4),(-0.0625000001821099,-0.0317106480016625,
-0.000460647910607292,0.),.UNSPECIFIED.);
#628=B_SPLINE_CURVE_WITH_KNOTS('',3,(#5415,#5416,#5417,#5418,#5419,#5420,
#5421,#5422,#5423,#5424,#5425,#5426,#5427,#5428,#5429,#5430),
 .UNSPECIFIED.,.F.,.F.,(4,3,3,3,3,4),(-0.159123449600244,-0.11230053112145,
-0.0823701015449475,-0.0405795085345967,-0.00122751898474863,0.),
 .UNSPECIFIED.);
#629=B_SPLINE_CURVE_WITH_KNOTS('',3,(#5434,#5435,#5436,#5437,#5438,#5439,
#5440,#5441,#5442,#5443,#5444,#5445,#5446,#5447,#5448,#5449),
 .UNSPECIFIED.,.F.,.F.,(4,3,3,3,3,4),(-0.151281896285036,-0.10969380415242,
-0.0756018621015868,-0.0284262740593214,-0.00126712682396472,0.),
 .UNSPECIFIED.);
#630=B_SPLINE_CURVE_WITH_KNOTS('',3,(#5451,#5452,#5453,#5454,#5455,#5456,
#5457,#5458),.UNSPECIFIED.,.F.,.F.,(4,2,2,4),(-0.0625000001821099,-0.0317106480016622,
-0.000460647910607292,0.),.UNSPECIFIED.);
#631=B_SPLINE_CURVE_WITH_KNOTS('',3,(#5460,#5461,#5462,#5463,#5464,#5465,
#5466,#5467,#5468,#5469,#5470,#5471,#5472,#5473,#5474,#5475),
 .UNSPECIFIED.,.F.,.F.,(4,3,3,3,3,4),(-0.159123436464519,-0.112300601070964,
-0.0823700947779293,-0.040579600960153,-0.00122751895089905,0.),
 .UNSPECIFIED.);
#632=B_SPLINE_CURVE_WITH_KNOTS('',3,(#5479,#5480,#5481,#5482,#5483,#5484,
#5485,#5486,#5487,#5488,#5489,#5490,#5491,#5492,#5493,#5494),
 .UNSPECIFIED.,.F.,.F.,(4,3,3,3,3,4),(-0.15128187743469,-0.10969398080011,
-0.0756018527069944,-0.0284264426639674,-0.00126712671825331,0.),
 .UNSPECIFIED.);
#633=B_SPLINE_CURVE_WITH_KNOTS('',3,(#5496,#5497,#5498,#5499,#5500,#5501,
#5502,#5503),.UNSPECIFIED.,.F.,.F.,(4,2,2,4),(-0.0625000001821099,-0.0317106480016625,
-0.000460647910607292,0.),.UNSPECIFIED.);
#634=B_SPLINE_CURVE_WITH_KNOTS('',3,(#5505,#5506,#5507,#5508,#5509,#5510,
#5511,#5512,#5513,#5514,#5515,#5516,#5517,#5518,#5519,#5520),
 .UNSPECIFIED.,.F.,.F.,(4,3,3,3,3,4),(-0.159123437151201,-0.112300667093264,
-0.0823700951315765,-0.0405796804417067,-0.00122751895266838,0.),
 .UNSPECIFIED.);
#635=B_SPLINE_CURVE_WITH_KNOTS('',3,(#5524,#5525,#5526,#5527,#5528,#5529,
#5530,#5531,#5532,#5533,#5534,#5535,#5536,#5537,#5538,#5539),
 .UNSPECIFIED.,.F.,.F.,(4,3,3,3,3,4),(-0.151281879489202,-0.109694139407599,
-0.0756018549623997,-0.0284265874862315,-0.00126712674363984,0.),
 .UNSPECIFIED.);
#636=B_SPLINE_CURVE_WITH_KNOTS('',3,(#5541,#5542,#5543,#5544,#5545,#5546,
#5547,#5548,#5549,#5550,#5551,#5552),.UNSPECIFIED.,.F.,.F.,(4,2,2,2,2,4),
(-0.0625000001821099,-0.04733564804719,-0.0317106480016625,-0.0160856479561349,
-0.000460647910607292,0.),.UNSPECIFIED.);
#637=B_SPLINE_CURVE_WITH_KNOTS('',3,(#5554,#5555,#5556,#5557,#5558,#5559,
#5560,#5561,#5562,#5563,#5564,#5565,#5566,#5567,#5568,#5569),
 .UNSPECIFIED.,.F.,.F.,(4,3,3,3,3,4),(-0.159123438000861,-0.112300722942556,
-0.082370095569279,-0.0405797474107866,-0.00122751895485934,0.),
 .UNSPECIFIED.);
#638=B_SPLINE_CURVE_WITH_KNOTS('',3,(#5573,#5574,#5575,#5576,#5577,#5578,
#5579,#5580,#5581,#5582,#5583,#5584,#5585,#5586,#5587,#5588),
 .UNSPECIFIED.,.F.,.F.,(4,3,3,3,3,4),(-0.151281897111538,-0.109694286615451,
-0.0756018625119744,-0.0284267102849386,-0.00126712682861654,0.),
 .UNSPECIFIED.);
#639=B_SPLINE_CURVE_WITH_KNOTS('',3,(#5590,#5591,#5592,#5593,#5594,#5595,
#5596,#5597,#5598,#5599),.UNSPECIFIED.,.F.,.F.,(4,2,2,2,4),(-0.0625000001821099,
-0.0584292110585913,-0.0317106480016629,-0.000460647910607737,0.),
 .UNSPECIFIED.);
#640=B_SPLINE_CURVE_WITH_KNOTS('',3,(#5601,#5602,#5603,#5604,#5605,#5606,
#5607,#5608,#5609,#5610,#5611,#5612,#5613,#5614,#5615,#5616),
 .UNSPECIFIED.,.F.,.F.,(4,3,3,3,3,4),(-0.159123459909395,-0.112300785457739,
-0.0823701068560721,-0.0405798098789054,-0.00122751901132085,0.),
 .UNSPECIFIED.);
#641=B_SPLINE_CURVE_WITH_KNOTS('',3,(#5620,#5621,#5622,#5623,#5624,#5625,
#5626,#5627,#5628,#5629,#5630,#5631,#5632,#5633,#5634,#5635),
 .UNSPECIFIED.,.F.,.F.,(4,3,3,3,3,4),(-0.151281886245398,-0.10969439300452,
-0.0756018570973088,-0.0284268113891105,-0.00126712676764613,0.),
 .UNSPECIFIED.);
#642=B_SPLINE_CURVE_WITH_KNOTS('',3,(#5637,#5638,#5639,#5640,#5641,#5642,
#5643,#5644,#5645,#5646),.UNSPECIFIED.,.F.,.F.,(4,2,2,2,4),(-0.0625000001821099,
-0.056488217264151,-0.0317106480016629,-0.000460647910607737,0.),
 .UNSPECIFIED.);
#643=B_SPLINE_CURVE_WITH_KNOTS('',3,(#5648,#5649,#5650,#5651,#5652,#5653,
#5654,#5655,#5656,#5657,#5658,#5659,#5660,#5661,#5662,#5663),
 .UNSPECIFIED.,.F.,.F.,(4,3,3,3,3,4),(-0.159123432671472,-0.11230080682196,
-0.0823700928241396,-0.0405798522884214,-0.00122751894112361,0.),
 .UNSPECIFIED.);
#644=B_SPLINE_CURVE_WITH_KNOTS('',3,(#5667,#5668,#5669,#5670,#5671,#5672,
#5673,#5674,#5675,#5676,#5677,#5678,#5679,#5680,#5681,#5682),
 .UNSPECIFIED.,.F.,.F.,(4,3,3,3,3,4),(-0.151281878104137,-0.1096944858798,
-0.0756018530403244,-0.0284268993776069,-0.00126712672202525,0.),
 .UNSPECIFIED.);
#645=B_SPLINE_CURVE_WITH_KNOTS('',3,(#5684,#5685,#5686,#5687,#5688,#5689,
#5690,#5691,#5692,#5693),.UNSPECIFIED.,.F.,.F.,(4,2,2,2,4),(-0.0625000001821099,
-0.0545472234697102,-0.0317106480016625,-0.000460647910607292,0.),
 .UNSPECIFIED.);
#646=B_SPLINE_CURVE_WITH_KNOTS('',3,(#5695,#5696,#5697,#5698,#5699,#5700,
#5701,#5702,#5703,#5704,#5705,#5706,#5707,#5708,#5709,#5710),
 .UNSPECIFIED.,.F.,.F.,(4,3,3,3,3,4),(-0.159123432454259,-0.112300842332199,
-0.0823700927123101,-0.0405798951120507,-0.00122751894056743,0.),
 .UNSPECIFIED.);
#647=B_SPLINE_CURVE_WITH_KNOTS('',3,(#5714,#5715,#5716,#5717,#5718,#5719,
#5720,#5721,#5722,#5723,#5724,#5725,#5726,#5727,#5728,#5729),
 .UNSPECIFIED.,.F.,.F.,(4,3,3,3,3,4),(-0.151281863749518,-0.10947839952892,
-0.075601847696026,-0.0282530973468797,-0.00126712666188117,0.),
 .UNSPECIFIED.);
#648=B_SPLINE_CURVE_WITH_KNOTS('',3,(#5731,#5732,#5733,#5734,#5735,#5736,
#5737,#5738,#5739,#5740),.UNSPECIFIED.,.F.,.F.,(4,2,2,2,4),(-0.0625000001821099,
-0.0526062296752703,-0.0317106480016629,-0.000460647910607737,0.),
 .UNSPECIFIED.);
#649=B_SPLINE_CURVE_WITH_KNOTS('',3,(#5742,#5743,#5744,#5745,#5746,#5747,
#5748,#5749,#5750,#5751,#5752,#5753,#5754,#5755,#5756,#5757),
 .UNSPECIFIED.,.F.,.F.,(4,3,3,3,3,4),(-0.159123423141135,-0.112300867027902,
-0.0823700879138754,-0.0405799305638826,-0.00122751891656048,0.),
 .UNSPECIFIED.);
#650=B_SPLINE_CURVE_WITH_KNOTS('',3,(#5761,#5762,#5763,#5764,#5765,#5766,
#5767,#5768,#5769,#5770,#5771,#5772,#5773,#5774,#5775,#5776),
 .UNSPECIFIED.,.F.,.F.,(4,3,3,3,3,4),(-0.151281891100888,-0.109694655757419,
-0.0756018620384674,-0.0284270504160026,-0.00126712682323633,0.),
 .UNSPECIFIED.);
#651=B_SPLINE_CURVE_WITH_KNOTS('',3,(#5778,#5779,#5780,#5781,#5782,#5783,
#5784,#5785,#5786,#5787),.UNSPECIFIED.,.F.,.F.,(4,2,2,2,4),(-0.0625000001821094,
-0.0506652358808291,-0.0317106480016616,-0.000460647910607292,0.),
 .UNSPECIFIED.);
#652=B_SPLINE_CURVE_WITH_KNOTS('',3,(#5789,#5790,#5791,#5792,#5793,#5794,
#5795,#5796,#5797,#5798,#5799,#5800,#5801,#5802,#5803,#5804),
 .UNSPECIFIED.,.F.,.F.,(4,3,3,3,3,4),(-0.159123424701877,-0.112253340828203,
-0.0823700887190695,-0.0404997961438925,-0.00122751892059169,0.),
 .UNSPECIFIED.);
#653=B_SPLINE_CURVE_WITH_KNOTS('',3,(#5808,#5809,#5810,#5811,#5812,#5813,
#5814,#5815,#5816,#5817,#5818,#5819,#5820,#5821,#5822,#5823),
 .UNSPECIFIED.,.F.,.F.,(4,3,3,3,3,4),(-0.151281833746859,-0.109694683662972,
-0.0756018309353123,-0.028427099104226,-0.00126712647328869,0.),
 .UNSPECIFIED.);
#654=B_SPLINE_CURVE_WITH_KNOTS('',3,(#5825,#5826,#5827,#5828,#5829,#5830,
#5831,#5832,#5833,#5834),.UNSPECIFIED.,.F.,.F.,(4,2,2,2,4),(-0.0625000001821094,
-0.0487242420863891,-0.0317106480016616,-0.000460647910607292,0.),
 .UNSPECIFIED.);
#655=B_SPLINE_CURVE_WITH_KNOTS('',3,(#5836,#5837,#5838,#5839,#5840,#5841,
#5842,#5843,#5844,#5845,#5846,#5847,#5848,#5849,#5850,#5851),
 .UNSPECIFIED.,.F.,.F.,(4,3,3,3,3,4),(-0.159123449547938,-0.112300937972015,
-0.0823701015187014,-0.0405800005339486,-0.00122751898461942,0.),
 .UNSPECIFIED.);
#656=B_SPLINE_CURVE_WITH_KNOTS('',3,(#5855,#5856,#5857,#5858,#5859,#5860,
#5861,#5862,#5863,#5864,#5865,#5866,#5867,#5868,#5869,#5870),
 .UNSPECIFIED.,.F.,.F.,(4,3,3,3,3,4),(-0.151281876421587,-0.109694774911222,
-0.0756018522021393,-0.0284271617313719,-0.00126712671259467,0.),
 .UNSPECIFIED.);
#657=B_SPLINE_CURVE_WITH_KNOTS('',3,(#5872,#5873,#5874,#5875,#5876,#5877,
#5878,#5879,#5880,#5881),.UNSPECIFIED.,.F.,.F.,(4,2,2,2,4),(-0.0625000001821094,
-0.0467832482919484,-0.0317106480016616,-0.000460647910607292,0.),
 .UNSPECIFIED.);
#658=B_SPLINE_CURVE_WITH_KNOTS('',3,(#5882,#5883,#5884,#5885,#5886,#5887,
#5888,#5889,#5890,#5891,#5892,#5893,#5894,#5895,#5896,#5897),
 .UNSPECIFIED.,.F.,.F.,(4,3,3,3,3,4),(-0.15912342297235,-0.112300931795126,
-0.0823700878260212,-0.0405800243400087,-0.00122751891611784,-1.93978899060185E-9),
 .UNSPECIFIED.);
#659=B_SPLINE_CURVE_WITH_KNOTS('',3,(#5899,#5900,#5901,#5902,#5903,#5904,
#5905,#5906,#5907,#5908),.UNSPECIFIED.,.F.,.F.,(4,3,3,4),(0.817365841499677,
1.08962830188243,1.41038824460061,1.79970359798283),.UNSPECIFIED.);
#660=B_SPLINE_CURVE_WITH_KNOTS('',3,(#5909,#5910,#5911,#5912,#5913,#5914,
#5915,#5916,#5917,#5918),.UNSPECIFIED.,.F.,.F.,(4,3,3,4),(139.360058859722,
139.768014843128,140.101212661856,140.342569736736),.UNSPECIFIED.);
#661=B_SPLINE_CURVE_WITH_KNOTS('',3,(#5920,#5921,#5922,#5923,#5924,#5925,
#5926,#5927,#5928,#5929),.UNSPECIFIED.,.F.,.F.,(4,3,3,4),(5.25628384643807,
5.66421288386167,5.99738869216092,6.23872982261245),.UNSPECIFIED.);
#662=B_SPLINE_CURVE_WITH_KNOTS('',3,(#5930,#5931,#5932,#5933,#5934,#5935,
#5936,#5937,#5938,#5939),.UNSPECIFIED.,.F.,.F.,(4,3,3,4),(134.921064893617,
135.162423842084,135.495624247345,135.903583398379),.UNSPECIFIED.);
#663=B_SPLINE_CURVE_WITH_KNOTS('',3,(#5941,#5942,#5943,#5944,#5945,#5946,
#5947,#5948,#5949,#5950),.UNSPECIFIED.,.F.,.F.,(4,3,3,4),(9.69523622106976,
10.1031913429774,10.4363884580241,10.6777450224085),.UNSPECIFIED.);
#664=B_SPLINE_CURVE_WITH_KNOTS('',3,(#5951,#5952,#5953,#5954,#5955,#5956,
#5957,#5958,#5959,#5960),.UNSPECIFIED.,.F.,.F.,(4,3,3,4),(130.482100105157,
130.723448138676,131.056633468767,131.464574161579),.UNSPECIFIED.);
#665=B_SPLINE_CURVE_WITH_KNOTS('',3,(#5962,#5963,#5964,#5965,#5966,#5967,
#5968,#5969,#5970,#5971),.UNSPECIFIED.,.F.,.F.,(4,3,3,4),(14.1342209320805,
14.5421804959516,14.8753812389693,15.1167404313315),.UNSPECIFIED.);
#666=B_SPLINE_CURVE_WITH_KNOTS('',3,(#5972,#5973,#5974,#5975,#5976,#5977,
#5978,#5979,#5980,#5981,#5982,#5983),.UNSPECIFIED.,.F.,.F.,(4,2,2,2,2,4),
(126.043173467396,126.044079746345,126.31988736067,126.595694974994,126.871502589319,
127.025550822774),.UNSPECIFIED.);
#667=B_SPLINE_CURVE_WITH_KNOTS('',3,(#5985,#5986,#5987,#5988,#5989,#5990,
#5991,#5992,#5993,#5994),.UNSPECIFIED.,.F.,.F.,(4,3,3,4),(18.5732290634691,
18.981171446022,19.3143581562078,19.5557071904773),.UNSPECIFIED.);
#668=B_SPLINE_CURVE_WITH_KNOTS('',3,(#5995,#5996,#5997,#5998,#5999,#6000,
#6001,#6002,#6003,#6004),.UNSPECIFIED.,.F.,.F.,(4,3,3,4),(121.604243920909,
121.84554383253,122.17866273783,122.586522105986),.UNSPECIFIED.);
#669=B_SPLINE_CURVE_WITH_KNOTS('',3,(#6006,#6007,#6008,#6009,#6010,#6011,
#6012,#6013,#6014,#6015),.UNSPECIFIED.,.F.,.F.,(4,2,2,2,4),(23.0122518131943,
23.1678396032673,23.4436472175919,23.7194548319165,23.9946362756295),
 .UNSPECIFIED.);
#670=B_SPLINE_CURVE_WITH_KNOTS('',3,(#6016,#6017,#6018,#6019,#6020,#6021,
#6022,#6023,#6024,#6025),.UNSPECIFIED.,.F.,.F.,(4,3,3,4),(117.165276811938,
117.406562405564,117.739661544192,118.147496707132),.UNSPECIFIED.);
#671=B_SPLINE_CURVE_WITH_KNOTS('',3,(#6027,#6028,#6029,#6030,#6031,#6032,
#6033,#6034,#6035,#6036),.UNSPECIFIED.,.F.,.F.,(4,3,3,4),(27.4512804541752,
27.8591417759303,28.1922622797554,28.433563349598),.UNSPECIFIED.);
#672=B_SPLINE_CURVE_WITH_KNOTS('',3,(#6037,#6038,#6039,#6040,#6041,#6042,
#6043,#6044,#6045,#6046),.UNSPECIFIED.,.F.,.F.,(4,3,3,4),(112.726281142629,
112.967562388603,113.300655525218,113.7084833395),.UNSPECIFIED.);
#673=B_SPLINE_CURVE_WITH_KNOTS('',3,(#6048,#6049,#6050,#6051,#6052,#6053,
#6054,#6055,#6056,#6057),.UNSPECIFIED.,.F.,.F.,(4,3,3,4),(31.8903062900946,
32.298142411928,32.6312423337313,32.8725284946631),.UNSPECIFIED.);
#674=B_SPLINE_CURVE_WITH_KNOTS('',3,(#6058,#6059,#6060,#6061,#6062,#6063,
#6064,#6065,#6066,#6067),.UNSPECIFIED.,.F.,.F.,(4,3,3,4),(108.287265777397,
108.528552625308,108.861653495498,109.269490778505),.UNSPECIFIED.);
#675=B_SPLINE_CURVE_WITH_KNOTS('',3,(#6069,#6070,#6071,#6072,#6073,#6074,
#6075,#6076,#6077,#6078),.UNSPECIFIED.,.F.,.F.,(4,3,3,4),(36.3293206099476,
36.7371483909997,37.0702415004747,37.3115227267894),.UNSPECIFIED.);
#676=B_SPLINE_CURVE_WITH_KNOTS('',3,(#6079,#6080,#6081,#6082,#6083,#6084,
#6085,#6086,#6087,#6088),.UNSPECIFIED.,.F.,.F.,(4,3,3,4),(103.848239481434,
104.089541909011,104.422664287213,104.83052791018),.UNSPECIFIED.);
#677=B_SPLINE_CURVE_WITH_KNOTS('',3,(#6090,#6091,#6092,#6093,#6094,#6095,
#6096,#6097,#6098,#6099),.UNSPECIFIED.,.F.,.F.,(4,3,3,4),(40.7683146431881,
41.1761509006741,41.5092509332717,41.750537174459),.UNSPECIFIED.);
#678=B_SPLINE_CURVE_WITH_KNOTS('',3,(#6100,#6101,#6102,#6103,#6104,#6105,
#6106,#6107,#6108,#6109),.UNSPECIFIED.,.F.,.F.,(4,3,3,4),(99.40921096334,
99.6505389293168,99.9836965637431,100.391603346929),.UNSPECIFIED.);
#679=B_SPLINE_CURVE_WITH_KNOTS('',3,(#6111,#6112,#6113,#6114,#6115,#6116,
#6117,#6118,#6119,#6120),.UNSPECIFIED.,.F.,.F.,(4,3,3,4),(45.2072795173166,
45.6151411110562,45.9482618370245,46.18956306778),.UNSPECIFIED.);
#680=B_SPLINE_CURVE_WITH_KNOTS('',3,(#6121,#6122,#6123,#6124,#6125,#6126,
#6127,#6128,#6129,#6130),.UNSPECIFIED.,.F.,.F.,(4,3,3,4),(94.9701889200777,
95.2115390296899,95.5447272338066,95.9526714454773),.UNSPECIFIED.);
#681=B_SPLINE_CURVE_WITH_KNOTS('',3,(#6132,#6133,#6134,#6135,#6136,#6137,
#6138,#6139,#6140,#6141),.UNSPECIFIED.,.F.,.F.,(4,2,2,2,4),(49.6462062683689,
49.9211781927545,50.1969858070791,50.4727934214037,50.6285916960474),
 .UNSPECIFIED.);
#682=B_SPLINE_CURVE_WITH_KNOTS('',3,(#6142,#6143,#6144,#6145,#6146,#6147,
#6148,#6149,#6150,#6151),.UNSPECIFIED.,.F.,.F.,(4,3,3,4),(90.5311820823955,
90.9391420243572,91.2723430761801,91.5137024922303),.UNSPECIFIED.);
#683=B_SPLINE_CURVE_WITH_KNOTS('',3,(#6153,#6154,#6155,#6156,#6157,#6158,
#6159,#6160,#6161,#6162),.UNSPECIFIED.,.F.,.F.,(4,3,3,4),(54.0851356934606,
54.4930783081299,54.8262652022103,55.0676143628773),.UNSPECIFIED.);
#684=B_SPLINE_CURVE_WITH_KNOTS('',3,(#6163,#6164,#6165,#6166,#6167,#6168,
#6169,#6170,#6171,#6172),.UNSPECIFIED.,.F.,.F.,(4,3,3,4),(86.0921992588751,
86.3335551895835,86.666751429829,87.0747054806602),.UNSPECIFIED.);
#685=B_SPLINE_CURVE_WITH_KNOTS('',3,(#6174,#6175,#6176,#6177,#6178,#6179,
#6180,#6181,#6182,#6183),.UNSPECIFIED.,.F.,.F.,(4,3,3,4),(58.5241027196109,
58.7654619419174,59.0986627262737,59.5066223407583),.UNSPECIFIED.);
#686=B_SPLINE_CURVE_WITH_KNOTS('',3,(#6184,#6185,#6186,#6187,#6188,#6189,
#6190,#6191,#6192,#6193),.UNSPECIFIED.,.F.,.F.,(4,3,3,4),(81.6532493752985,
81.8945890132892,82.2277627591062,82.6356892685304),.UNSPECIFIED.);
#687=B_SPLINE_CURVE_WITH_KNOTS('',3,(#6195,#6196,#6197,#6198,#6199,#6200,
#6201,#6202,#6203,#6204),.UNSPECIFIED.,.F.,.F.,(4,3,3,4),(62.9630983233988,
63.2044548136237,63.5376518266678,63.9456068268721),.UNSPECIFIED.);
#688=B_SPLINE_CURVE_WITH_KNOTS('',3,(#6205,#6206,#6207,#6208,#6209,#6210,
#6211,#6212,#6213,#6214),.UNSPECIFIED.,.F.,.F.,(4,3,3,4),(77.2143318218973,
77.4556446587332,77.7887814054035,78.1966626166868),.UNSPECIFIED.);
#689=B_SPLINE_CURVE_WITH_KNOTS('',3,(#6216,#6217,#6218,#6219,#6220,#6221,
#6222,#6223,#6224,#6225),.UNSPECIFIED.,.F.,.F.,(4,3,3,4),(67.4021136470362,
67.8100423839084,68.1432179482752,68.384558904042),.UNSPECIFIED.);
#690=B_SPLINE_CURVE_WITH_KNOTS('',3,(#6226,#6227,#6228,#6229,#6230,#6231,
#6232,#6233,#6234,#6235),.UNSPECIFIED.,.F.,.F.,(4,3,3,4),(72.7753854294587,
73.1832325964405,73.5163415377148,73.7576342318696),.UNSPECIFIED.);
#691=B_SPLINE_CURVE_WITH_KNOTS('',3,(#6238,#6239,#6240,#6241,#6242,#6243,
#6244),.UNSPECIFIED.,.F.,.F.,(4,3,4),(141.579564009318,141.820939275021,
142.047669662423),.UNSPECIFIED.);
#692=B_SPLINE_CURVE_WITH_KNOTS('',3,(#6247,#6248,#6249,#6250,#6251,#6252,
#6253,#6254,#6255,#6256),.UNSPECIFIED.,.F.,.F.,(4,3,3,4),(137.140558786162,
137.548519055162,137.881720374094,138.123079983628),.UNSPECIFIED.);
#693=B_SPLINE_CURVE_WITH_KNOTS('',3,(#6257,#6258,#6259,#6260,#6261,#6262,
#6263,#6264,#6265,#6266),.UNSPECIFIED.,.F.,.F.,(4,3,3,4),(3.03682261691973,
3.44473045590744,3.77788895265813,4.01921754327316),.UNSPECIFIED.);
#694=B_SPLINE_CURVE_WITH_KNOTS('',3,(#6268,#6269,#6270,#6271,#6272,#6273,
#6274,#6275,#6276,#6277),.UNSPECIFIED.,.F.,.F.,(4,3,3,4),(132.701578294716,
132.942933383768,133.276128462092,133.684081090306),.UNSPECIFIED.);
#695=B_SPLINE_CURVE_WITH_KNOTS('',3,(#6278,#6279,#6280,#6281,#6282,#6283,
#6284,#6285,#6286,#6287),.UNSPECIFIED.,.F.,.F.,(4,3,3,4),(7.47575542955033,
7.88370022045204,8.21688889545339,8.45823934663956),.UNSPECIFIED.);
#696=B_SPLINE_CURVE_WITH_KNOTS('',3,(#6289,#6290,#6291,#6292,#6293,#6294,
#6295,#6296,#6297,#6298),.UNSPECIFIED.,.F.,.F.,(4,3,3,4),(128.262631472604,
128.503969229446,128.837140378196,129.245063708488),.UNSPECIFIED.);
#697=B_SPLINE_CURVE_WITH_KNOTS('',3,(#6299,#6300,#6301,#6302,#6303,#6304,
#6305,#6306,#6307,#6308),.UNSPECIFIED.,.F.,.F.,(4,3,3,4),(11.914725094819,
12.1560845716366,12.4892857073501,12.8972457520245),.UNSPECIFIED.);
#698=B_SPLINE_CURVE_WITH_KNOTS('',3,(#6310,#6311,#6312,#6313,#6314,#6315,
#6316,#6317,#6318,#6319),.UNSPECIFIED.,.F.,.F.,(4,3,3,4),(123.823713956211,
124.065024790323,124.398158770845,124.806036593006),.UNSPECIFIED.);
#699=B_SPLINE_CURVE_WITH_KNOTS('',3,(#6320,#6321,#6322,#6323,#6324,#6325,
#6326,#6327,#6328,#6329),.UNSPECIFIED.,.F.,.F.,(4,3,3,4),(16.3537226226133,
16.7616763015197,17.0948722379959,17.3362279486642),.UNSPECIFIED.);
#700=B_SPLINE_CURVE_WITH_KNOTS('',3,(#6331,#6332,#6333,#6334,#6335,#6336,
#6337,#6338,#6339,#6340),.UNSPECIFIED.,.F.,.F.,(4,3,3,4),(119.384764495457,
119.626055998894,119.959163296124,120.367008448176),.UNSPECIFIED.);
#701=B_SPLINE_CURVE_WITH_KNOTS('',3,(#6341,#6342,#6343,#6344,#6345,#6346,
#6347,#6348,#6349,#6350),.UNSPECIFIED.,.F.,.F.,(4,3,3,4),(20.7927391577318,
21.2006648187765,21.53383787168,21.7751770075687),.UNSPECIFIED.);
#702=B_SPLINE_CURVE_WITH_KNOTS('',3,(#6352,#6353,#6354,#6355,#6356,#6357,
#6358,#6359,#6360,#6361),.UNSPECIFIED.,.F.,.F.,(4,3,3,4),(114.945781990499,
115.187064167324,115.52015858736,115.927987972917),.UNSPECIFIED.);
#703=B_SPLINE_CURVE_WITH_KNOTS('',3,(#6362,#6363,#6364,#6365,#6366,#6367,
#6368,#6369,#6370,#6371),.UNSPECIFIED.,.F.,.F.,(4,3,3,4),(25.2317659409876,
25.6396462207374,25.9727822084939,26.2140944959896),.UNSPECIFIED.);
#704=B_SPLINE_CURVE_WITH_KNOTS('',3,(#6373,#6374,#6375,#6376,#6377,#6378,
#6379,#6380,#6381,#6382),.UNSPECIFIED.,.F.,.F.,(4,3,3,4),(110.506775372337,
110.748058174991,111.08115346063,111.488983906103),.UNSPECIFIED.);
#705=B_SPLINE_CURVE_WITH_KNOTS('',3,(#6383,#6384,#6385,#6386,#6387,#6388,
#6389,#6390,#6391,#6392),.UNSPECIFIED.,.F.,.F.,(4,3,3,4),(29.6707942663281,
30.0786408748312,30.4117493616161,30.6530417267268),.UNSPECIFIED.);
#706=B_SPLINE_CURVE_WITH_KNOTS('',3,(#6394,#6395,#6396,#6397,#6398,#6399,
#6400,#6401,#6402,#6403),.UNSPECIFIED.,.F.,.F.,(4,3,3,4),(106.067753450663,
106.309046836995,106.642156733785,107.05000507027),.UNSPECIFIED.);
#707=B_SPLINE_CURVE_WITH_KNOTS('',3,(#6404,#6405,#6406,#6407,#6408,#6409,
#6410,#6411,#6412,#6413),.UNSPECIFIED.,.F.,.F.,(4,3,3,4),(34.1098154357796,
34.5176452844281,34.8507400826111,35.0920225321681),.UNSPECIFIED.);
#708=B_SPLINE_CURVE_WITH_KNOTS('',3,(#6415,#6416,#6417,#6418,#6419,#6420,
#6421,#6422,#6423,#6424),.UNSPECIFIED.,.F.,.F.,(4,3,3,4),(101.628724956855,
101.870038938139,102.203177266444,102.611060412969),.UNSPECIFIED.);
#709=B_SPLINE_CURVE_WITH_KNOTS('',3,(#6425,#6426,#6427,#6428,#6429,#6430,
#6431,#6432,#6433,#6434),.UNSPECIFIED.,.F.,.F.,(4,3,3,4),(38.5488207140637,
38.9566506304957,39.289745484041,39.5310279737004),.UNSPECIFIED.);
#710=B_SPLINE_CURVE_WITH_KNOTS('',3,(#6436,#6437,#6438,#6439,#6440,#6441,
#6442,#6443,#6444,#6445),.UNSPECIFIED.,.F.,.F.,(4,3,3,4),(97.1896985880024,
97.4310392356906,97.7642143774495,98.1721425979072),.UNSPECIFIED.);
#711=B_SPLINE_CURVE_WITH_KNOTS('',3,(#6446,#6447,#6448,#6449,#6450,#6451,
#6452,#6453,#6454,#6455),.UNSPECIFIED.,.F.,.F.,(4,3,3,4),(42.9878012847355,
43.3956480969307,43.7287567500809,43.9700492357009),.UNSPECIFIED.);
#712=B_SPLINE_CURVE_WITH_KNOTS('',3,(#6457,#6458,#6459,#6460,#6461,#6462,
#6463,#6464,#6465,#6466),.UNSPECIFIED.,.F.,.F.,(4,3,3,4),(92.7506830523256,
92.9920394155129,93.3252362528035,93.7331910346361),.UNSPECIFIED.);
#713=B_SPLINE_CURVE_WITH_KNOTS('',3,(#6467,#6468,#6469,#6470,#6471,#6472,
#6473,#6474,#6475,#6476),.UNSPECIFIED.,.F.,.F.,(4,3,3,4),(47.4267482081228,
47.8346288300356,48.1677650959855,48.4090775833708),.UNSPECIFIED.);
#714=B_SPLINE_CURVE_WITH_KNOTS('',3,(#6478,#6479,#6480,#6481,#6482,#6483,
#6484,#6485,#6486,#6487),.UNSPECIFIED.,.F.,.F.,(4,3,3,4),(88.3116871141419,
88.7196468132471,89.0528476644883,89.2942069373754),.UNSPECIFIED.);
#715=B_SPLINE_CURVE_WITH_KNOTS('',3,(#6488,#6489,#6490,#6491,#6492,#6493,
#6494,#6495,#6496,#6497),.UNSPECIFIED.,.F.,.F.,(4,3,3,4),(51.8656657156546,
52.2735916908418,52.6067649992104,52.8481043188535),.UNSPECIFIED.);
#716=B_SPLINE_CURVE_WITH_KNOTS('',3,(#6499,#6500,#6501,#6502,#6503,#6504,
#6505,#6506,#6507,#6508),.UNSPECIFIED.,.F.,.F.,(4,3,3,4),(83.8727196365347,
84.1140690237303,84.4472562309295,84.8551992253273),.UNSPECIFIED.);
#717=B_SPLINE_CURVE_WITH_KNOTS('',3,(#6509,#6510,#6511,#6512,#6513,#6514,
#6515,#6516,#6517,#6518),.UNSPECIFIED.,.F.,.F.,(4,3,3,4),(56.3046150779227,
56.7125688946287,57.0457649436526,57.2871207358466),.UNSPECIFIED.);
#718=B_SPLINE_CURVE_WITH_KNOTS('',3,(#6520,#6521,#6522,#6523,#6524,#6525,
#6526,#6527,#6528,#6529),.UNSPECIFIED.,.F.,.F.,(4,2,2,2,4),(79.4337896199197,
79.7084005398111,79.9842081541357,80.2600157684603,80.4161767026548),
 .UNSPECIFIED.);
#719=B_SPLINE_CURVE_WITH_KNOTS('',3,(#6530,#6531,#6532,#6533,#6534,#6535,
#6536,#6537,#6538,#6539),.UNSPECIFIED.,.F.,.F.,(4,3,3,4),(60.7435975052813,
60.9849569604984,61.3181580663922,61.7261180745563),.UNSPECIFIED.);
#720=B_SPLINE_CURVE_WITH_KNOTS('',3,(#6541,#6542,#6543,#6544,#6545,#6546,
#6547,#6548,#6549,#6550),.UNSPECIFIED.,.F.,.F.,(4,3,3,4),(74.994863412297,
75.2361649226955,75.5692860331822,75.977148097618),.UNSPECIFIED.);
#721=B_SPLINE_CURVE_WITH_KNOTS('',3,(#6551,#6552,#6553,#6554,#6555,#6556,
#6557,#6558,#6559,#6560),.UNSPECIFIED.,.F.,.F.,(4,3,3,4),(65.1826040699185,
65.5905486484441,65.9237371521893,66.1650874788423),.UNSPECIFIED.);
#722=B_SPLINE_CURVE_WITH_KNOTS('',3,(#6585,#6586,#6587,#6588,#6589,#6590),
 .UNSPECIFIED.,.F.,.F.,(4,1,1,4),(0.397325212311031,0.420778265610464,0.444231318909898,
0.479410898859048),.UNSPECIFIED.);
#723=B_SPLINE_CURVE_WITH_KNOTS('',3,(#6615,#6616,#6617,#6618,#6619,#6620),
 .UNSPECIFIED.,.F.,.F.,(4,1,1,4),(0.709825212311129,0.745004792233009,0.768457845514262,
0.791910898795515),.UNSPECIFIED.);
#724=B_SPLINE_CURVE_WITH_KNOTS('',3,(#6645,#6646,#6647,#6648,#6649,#6650),
 .UNSPECIFIED.,.F.,.F.,(4,1,1,4),(1.02232521225206,1.05750479222649,1.08095784554277,
1.10441089885905),.UNSPECIFIED.);
#725=B_SPLINE_CURVE_WITH_KNOTS('',3,(#6675,#6676,#6677,#6678,#6679,#6680),
 .UNSPECIFIED.,.F.,.F.,(4,1,1,4),(1.33482521225206,1.37000479222649,1.39345784554277,
1.41691089885905),.UNSPECIFIED.);
#726=B_SPLINE_CURVE_WITH_KNOTS('',3,(#6705,#6706,#6707,#6708,#6709,#6710),
 .UNSPECIFIED.,.F.,.F.,(4,1,1,4),(1.6473252128493,1.68250479238279,1.70595784562092,
1.72941089885905),.UNSPECIFIED.);
#727=B_SPLINE_CURVE_WITH_KNOTS('',3,(#6735,#6736,#6737,#6738,#6739,#6740),
 .UNSPECIFIED.,.F.,.F.,(4,1,1,4),(1.95982521225207,1.99500479222649,2.01845784554277,
2.04191089885905),.UNSPECIFIED.);
#728=B_SPLINE_CURVE_WITH_KNOTS('',3,(#6765,#6766,#6767,#6768,#6769,#6770),
 .UNSPECIFIED.,.F.,.F.,(4,1,1,4),(2.27232521225207,2.30750479222649,2.33095784554277,
2.35441089885905),.UNSPECIFIED.);
#729=B_SPLINE_CURVE_WITH_KNOTS('',3,(#6795,#6796,#6797,#6798,#6799,#6800),
 .UNSPECIFIED.,.F.,.F.,(4,1,1,4),(2.58482521225207,2.62000479222649,2.64345784554277,
2.66691089885905),.UNSPECIFIED.);
#730=B_SPLINE_CURVE_WITH_KNOTS('',3,(#6825,#6826,#6827,#6828,#6829,#6830),
 .UNSPECIFIED.,.F.,.F.,(4,1,1,4),(2.89732521225207,2.93250479222649,2.95595784554277,
2.97941089885905),.UNSPECIFIED.);
#731=B_SPLINE_CURVE_WITH_KNOTS('',3,(#6855,#6856,#6857,#6858,#6859,#6860),
 .UNSPECIFIED.,.F.,.F.,(4,1,1,4),(3.20982521225206,3.24500479222649,3.26845784554277,
3.29191089885905),.UNSPECIFIED.);
#732=B_SPLINE_CURVE_WITH_KNOTS('',3,(#6885,#6886,#6887,#6888,#6889,#6890),
 .UNSPECIFIED.,.F.,.F.,(4,1,1,4),(3.52232521225206,3.55750479222649,3.58095784554277,
3.60441089885905),.UNSPECIFIED.);
#733=B_SPLINE_CURVE_WITH_KNOTS('',3,(#6915,#6916,#6917,#6918,#6919,#6920),
 .UNSPECIFIED.,.F.,.F.,(4,1,1,4),(3.83482521225206,3.85827826556835,3.88173131888463,
3.91691089885905),.UNSPECIFIED.);
#734=B_SPLINE_CURVE_WITH_KNOTS('',3,(#6945,#6946,#6947,#6948,#6949,#6950),
 .UNSPECIFIED.,.F.,.F.,(4,1,1,4),(4.14732521225206,4.18250479222649,4.20595784554277,
4.22941089885905),.UNSPECIFIED.);
#735=B_SPLINE_CURVE_WITH_KNOTS('',3,(#6975,#6976,#6977,#6978,#6979,#6980),
 .UNSPECIFIED.,.F.,.F.,(4,1,1,4),(4.45982521225206,4.49500479222649,4.51845784554277,
4.54191089885905),.UNSPECIFIED.);
#736=B_SPLINE_CURVE_WITH_KNOTS('',3,(#7005,#7006,#7007,#7008,#7009,#7010),
 .UNSPECIFIED.,.F.,.F.,(4,1,1,4),(4.77232521264344,4.80750479232891,4.83095784559398,
4.85441089885905),.UNSPECIFIED.);
#737=B_SPLINE_CURVE_WITH_KNOTS('',3,(#7035,#7036,#7037,#7038,#7039,#7040),
 .UNSPECIFIED.,.F.,.F.,(4,1,1,4),(5.08482521225206,5.1082782655243,5.13173131879653,
5.16691089853663),.UNSPECIFIED.);
#738=B_SPLINE_CURVE_WITH_KNOTS('',3,(#7065,#7066,#7067,#7068,#7069,#7070),
 .UNSPECIFIED.,.F.,.F.,(4,1,1,4),(0.241075212252064,0.276254792226486,0.299707845542767,
0.323160898859048),.UNSPECIFIED.);
#739=B_SPLINE_CURVE_WITH_KNOTS('',3,(#7071,#7072,#7073,#7074,#7075,#7076,
#7077,#7078,#7079,#7080,#7081,#7082,#7083,#7084,#7085,#7086,#7087,#7088,
#7089,#7090,#7091,#7092,#7093,#7094,#7095,#7096,#7097,#7098,#7099,#7100,
#7101,#7102,#7103,#7104,#7105,#7106,#7107),.UNSPECIFIED.,.F.,.F.,(4,3,3,
3,3,3,3,3,3,3,3,3,4),(0.186663161958262,0.242414007427006,0.275195530877761,
0.292516451034945,0.348250035545522,0.404829276112532,0.461391332474875,
0.517263404187244,0.543296264540841,0.598700951351995,0.653923981418477,
0.708382606310643,0.720533560455416),.UNSPECIFIED.);
#740=B_SPLINE_CURVE_WITH_KNOTS('',3,(#7132,#7133,#7134,#7135,#7136,#7137),
 .UNSPECIFIED.,.F.,.F.,(4,1,1,4),(0.553575212252064,0.577028265568345,0.600481318884627,
0.635660898859049),.UNSPECIFIED.);
#741=B_SPLINE_CURVE_WITH_KNOTS('',3,(#7162,#7163,#7164,#7165,#7166,#7167),
 .UNSPECIFIED.,.F.,.F.,(4,1,1,4),(0.866075212252065,0.901254792226486,0.924707845542768,
0.948160898859049),.UNSPECIFIED.);
#742=B_SPLINE_CURVE_WITH_KNOTS('',3,(#7192,#7193,#7194,#7195,#7196,#7197),
 .UNSPECIFIED.,.F.,.F.,(4,1,1,4),(1.17857521230476,1.21375479223274,1.23720784551807,
1.26066089880339),.UNSPECIFIED.);
#743=B_SPLINE_CURVE_WITH_KNOTS('',3,(#7222,#7223,#7224,#7225,#7226,#7227),
 .UNSPECIFIED.,.F.,.F.,(4,1,1,4),(1.49107521225206,1.52625479222649,1.54970784554277,
1.57316089885905),.UNSPECIFIED.);
#744=B_SPLINE_CURVE_WITH_KNOTS('',3,(#7252,#7253,#7254,#7255,#7256,#7257),
 .UNSPECIFIED.,.F.,.F.,(4,1,1,4),(1.80357521225207,1.83875479222649,1.86220784554277,
1.88566089885905),.UNSPECIFIED.);
#745=B_SPLINE_CURVE_WITH_KNOTS('',3,(#7282,#7283,#7284,#7285,#7286,#7287),
 .UNSPECIFIED.,.F.,.F.,(4,1,1,4),(2.11607521225207,2.15125479218767,2.17470784547806,
2.19816089876846),.UNSPECIFIED.);
#746=B_SPLINE_CURVE_WITH_KNOTS('',3,(#7312,#7313,#7314,#7315,#7316,#7317),
 .UNSPECIFIED.,.F.,.F.,(4,1,1,4),(2.42857521225207,2.46375479222649,2.48720784554277,
2.51066089885905),.UNSPECIFIED.);
#747=B_SPLINE_CURVE_WITH_KNOTS('',3,(#7342,#7343,#7344,#7345,#7346,#7347),
 .UNSPECIFIED.,.F.,.F.,(4,1,1,4),(2.74107521252231,2.77625479229721,2.79970784557813,
2.82316089885905),.UNSPECIFIED.);
#748=B_SPLINE_CURVE_WITH_KNOTS('',3,(#7372,#7373,#7374,#7375,#7376,#7377),
 .UNSPECIFIED.,.F.,.F.,(4,1,1,4),(3.05357521225206,3.08875479222649,3.11220784554277,
3.13566089885905),.UNSPECIFIED.);
#749=B_SPLINE_CURVE_WITH_KNOTS('',3,(#7402,#7403,#7404,#7405,#7406,#7407),
 .UNSPECIFIED.,.F.,.F.,(4,1,1,4),(3.36607521225207,3.40125479222649,3.42470784554277,
3.44816089885905),.UNSPECIFIED.);
#750=B_SPLINE_CURVE_WITH_KNOTS('',3,(#7432,#7433,#7434,#7435,#7436,#7437),
 .UNSPECIFIED.,.F.,.F.,(4,1,1,4),(3.67857521225206,3.71375479222649,3.73720784554277,
3.76066089885905),.UNSPECIFIED.);
#751=B_SPLINE_CURVE_WITH_KNOTS('',3,(#7462,#7463,#7464,#7465,#7466,#7467),
 .UNSPECIFIED.,.F.,.F.,(4,1,1,4),(3.99107521264946,4.01452826563433,4.0379813188346,
4.07316089839051),.UNSPECIFIED.);
#752=B_SPLINE_CURVE_WITH_KNOTS('',3,(#7492,#7493,#7494,#7495,#7496,#7497),
 .UNSPECIFIED.,.F.,.F.,(4,1,1,4),(4.30357521280576,4.33875479237139,4.36220784561522,
4.38566089885905),.UNSPECIFIED.);
#753=B_SPLINE_CURVE_WITH_KNOTS('',3,(#7522,#7523,#7524,#7525,#7526,#7527),
 .UNSPECIFIED.,.F.,.F.,(4,1,1,4),(4.61607521225206,4.6512547921638,4.67470784543829,
4.69816089855316),.UNSPECIFIED.);
#754=B_SPLINE_CURVE_WITH_KNOTS('',3,(#7552,#7553,#7554,#7555,#7556,#7557),
 .UNSPECIFIED.,.F.,.F.,(4,1,1,4),(4.92857521225206,4.9637547921901,4.98720784548212,
5.01066089877414),.UNSPECIFIED.);
#755=B_SPLINE_CURVE_WITH_KNOTS('',3,(#7582,#7583,#7584,#7585,#7586,#7587),
 .UNSPECIFIED.,.F.,.F.,(4,1,1,4),(0.397325212356084,0.432504792226486,0.455957845542767,
0.479410898859048),.UNSPECIFIED.);
#756=B_SPLINE_CURVE_WITH_KNOTS('',3,(#7612,#7613,#7614,#7615,#7616,#7617),
 .UNSPECIFIED.,.F.,.F.,(4,1,1,4),(0.709825212252065,0.733278265568346,0.756731318884627,
0.791910898859049),.UNSPECIFIED.);
#757=B_SPLINE_CURVE_WITH_KNOTS('',3,(#7642,#7643,#7644,#7645,#7646,#7647),
 .UNSPECIFIED.,.F.,.F.,(4,1,1,4),(1.02232521225206,1.05750479222649,1.08095784554277,
1.10441089885905),.UNSPECIFIED.);
#758=B_SPLINE_CURVE_WITH_KNOTS('',3,(#7672,#7673,#7674,#7675,#7676,#7677),
 .UNSPECIFIED.,.F.,.F.,(4,1,1,4),(1.33482521225207,1.37000479222649,1.39345784554277,
1.41691089885905),.UNSPECIFIED.);
#759=B_SPLINE_CURVE_WITH_KNOTS('',3,(#7702,#7703,#7704,#7705,#7706,#7707),
 .UNSPECIFIED.,.F.,.F.,(4,1,1,4),(1.64732521225207,1.68250479222649,1.70595784554277,
1.72941089885905),.UNSPECIFIED.);
#760=B_SPLINE_CURVE_WITH_KNOTS('',3,(#7732,#7733,#7734,#7735,#7736,#7737),
 .UNSPECIFIED.,.F.,.F.,(4,1,1,4),(1.95982521225207,1.99500479222649,2.01845784554277,
2.04191089885905),.UNSPECIFIED.);
#761=B_SPLINE_CURVE_WITH_KNOTS('',3,(#7762,#7763,#7764,#7765,#7766,#7767),
 .UNSPECIFIED.,.F.,.F.,(4,1,1,4),(2.27232521225206,2.30750479222649,2.33095784554277,
2.35441089885905),.UNSPECIFIED.);
#762=B_SPLINE_CURVE_WITH_KNOTS('',3,(#7792,#7793,#7794,#7795,#7796,#7797),
 .UNSPECIFIED.,.F.,.F.,(4,1,1,4),(2.58482521225207,2.62000479222649,2.64345784554277,
2.66691089885905),.UNSPECIFIED.);
#763=B_SPLINE_CURVE_WITH_KNOTS('',3,(#7822,#7823,#7824,#7825,#7826,#7827),
 .UNSPECIFIED.,.F.,.F.,(4,1,1,4),(2.89732521225206,2.93250479222649,2.95595784554277,
2.97941089885905),.UNSPECIFIED.);
#764=B_SPLINE_CURVE_WITH_KNOTS('',3,(#7852,#7853,#7854,#7855,#7856,#7857),
 .UNSPECIFIED.,.F.,.F.,(4,1,1,4),(3.20982521225207,3.23327826556835,3.25673131888463,
3.29191089885905),.UNSPECIFIED.);
#765=B_SPLINE_CURVE_WITH_KNOTS('',3,(#7882,#7883,#7884,#7885,#7886,#7887),
 .UNSPECIFIED.,.F.,.F.,(4,1,1,4),(3.52232521243141,3.54577826556834,3.56923131888463,
3.60441089885905),.UNSPECIFIED.);
#766=B_SPLINE_CURVE_WITH_KNOTS('',3,(#7912,#7913,#7914,#7915,#7916,#7917),
 .UNSPECIFIED.,.F.,.F.,(4,1,1,4),(3.83482521225206,3.87000479222649,3.89345784554277,
3.91691089885905),.UNSPECIFIED.);
#767=B_SPLINE_CURVE_WITH_KNOTS('',3,(#7942,#7943,#7944,#7945,#7946,#7947),
 .UNSPECIFIED.,.F.,.F.,(4,1,1,4),(4.14732521225206,4.18250479222649,4.20595784554277,
4.22941089885905),.UNSPECIFIED.);
#768=B_SPLINE_CURVE_WITH_KNOTS('',3,(#7972,#7973,#7974,#7975,#7976,#7977),
 .UNSPECIFIED.,.F.,.F.,(4,1,1,4),(4.45982521225206,4.48327826556835,4.50673131888463,
4.54191089832769),.UNSPECIFIED.);
#769=B_SPLINE_CURVE_WITH_KNOTS('',3,(#8002,#8003,#8004,#8005,#8006,#8007),
 .UNSPECIFIED.,.F.,.F.,(4,1,1,4),(4.77232521239236,4.80750479222649,4.83095784554277,
4.85441089885905),.UNSPECIFIED.);
#770=B_SPLINE_CURVE_WITH_KNOTS('',3,(#8024,#8025,#8026,#8027,#8028),
 .UNSPECIFIED.,.F.,.F.,(4,1,4),(5.08482521225206,5.10827826556835,5.12750244578189),
 .UNSPECIFIED.);
#771=B_SPLINE_CURVE_WITH_KNOTS('',3,(#8054,#8055,#8056,#8057,#8058,#8059,
#8060,#8061,#8062,#8063,#8064,#8065,#8066,#8067,#8068,#8069,#8070,#8071,
#8072,#8073,#8074,#8075,#8076,#8077,#8078,#8079,#8080,#8081,#8082,#8083,
#8084,#8085,#8086,#8087,#8088,#8089,#8090,#8091,#8092,#8093,#8094,#8095,
#8096),.UNSPECIFIED.,.F.,.F.,(4,3,3,3,3,3,3,3,3,3,3,3,3,3,4),(0.,0.0507214264489578,
0.102591552830158,0.154773652972333,0.206774776998075,0.213999503844689,
0.231325743966965,0.239972894682379,0.24644530551658,0.298565365658562,
0.351718212160657,0.405076470927997,0.458075213881759,0.491219345801117,
0.505811324218109),.UNSPECIFIED.);
#772=B_SPLINE_CURVE_WITH_KNOTS('',3,(#8097,#8098,#8099,#8100),
 .UNSPECIFIED.,.F.,.F.,(4,4),(0.127500000230612,0.16691089864886),
 .UNSPECIFIED.);
#773=B_SPLINE_CURVE_WITH_KNOTS('',3,(#8125,#8126,#8127,#8128,#8129,#8130),
 .UNSPECIFIED.,.F.,.F.,(4,1,1,4),(0.241075212252064,0.276254792226486,0.299707845542767,
0.323160898859048),.UNSPECIFIED.);
#774=B_SPLINE_CURVE_WITH_KNOTS('',3,(#8155,#8156,#8157,#8158,#8159,#8160),
 .UNSPECIFIED.,.F.,.F.,(4,1,1,4),(0.553575212692642,0.588754792226486,0.612207845542767,
0.635660898739445),.UNSPECIFIED.);
#775=B_SPLINE_CURVE_WITH_KNOTS('',3,(#8185,#8186,#8187,#8188,#8189,#8190),
 .UNSPECIFIED.,.F.,.F.,(4,1,1,4),(0.866075212252065,0.901254792226486,0.924707845542768,
0.948160898859049),.UNSPECIFIED.);
#776=B_SPLINE_CURVE_WITH_KNOTS('',3,(#8215,#8216,#8217,#8218,#8219,#8220),
 .UNSPECIFIED.,.F.,.F.,(4,1,1,4),(1.17857521225206,1.21375479222649,1.23720784554277,
1.26066089885905),.UNSPECIFIED.);
#777=B_SPLINE_CURVE_WITH_KNOTS('',3,(#8245,#8246,#8247,#8248,#8249,#8250),
 .UNSPECIFIED.,.F.,.F.,(4,1,1,4),(1.49107521225206,1.51452826556835,1.53798131888463,
1.57316089885905),.UNSPECIFIED.);
#778=B_SPLINE_CURVE_WITH_KNOTS('',3,(#8275,#8276,#8277,#8278,#8279,#8280),
 .UNSPECIFIED.,.F.,.F.,(4,1,1,4),(1.80357521225206,1.82702826556835,1.85048131888463,
1.88566089885905),.UNSPECIFIED.);
#779=B_SPLINE_CURVE_WITH_KNOTS('',3,(#8305,#8306,#8307,#8308,#8309,#8310),
 .UNSPECIFIED.,.F.,.F.,(4,1,1,4),(2.11607521225206,2.15125479222649,2.17470784554277,
2.19816089885905),.UNSPECIFIED.);
#780=B_SPLINE_CURVE_WITH_KNOTS('',3,(#8335,#8336,#8337,#8338,#8339,#8340),
 .UNSPECIFIED.,.F.,.F.,(4,1,1,4),(2.42857521225206,2.45202826556835,2.47548131888463,
2.51066089885905),.UNSPECIFIED.);
#781=B_SPLINE_CURVE_WITH_KNOTS('',3,(#8365,#8366,#8367,#8368,#8369,#8370),
 .UNSPECIFIED.,.F.,.F.,(4,1,1,4),(2.74107521225207,2.76452826556835,2.78798131888463,
2.82316089885905),.UNSPECIFIED.);
#782=B_SPLINE_CURVE_WITH_KNOTS('',3,(#8395,#8396,#8397,#8398,#8399,#8400),
 .UNSPECIFIED.,.F.,.F.,(4,1,1,4),(3.05357521225206,3.08875479222649,3.11220784554277,
3.13566089885905),.UNSPECIFIED.);
#783=B_SPLINE_CURVE_WITH_KNOTS('',3,(#8425,#8426,#8427,#8428,#8429,#8430),
 .UNSPECIFIED.,.F.,.F.,(4,1,1,4),(3.36607521225206,3.40125479222649,3.42470784554277,
3.44816089885905),.UNSPECIFIED.);
#784=B_SPLINE_CURVE_WITH_KNOTS('',3,(#8455,#8456,#8457,#8458,#8459,#8460),
 .UNSPECIFIED.,.F.,.F.,(4,1,1,4),(3.67857521225206,3.70202826556835,3.72548131888463,
3.76066089885905),.UNSPECIFIED.);
#785=B_SPLINE_CURVE_WITH_KNOTS('',3,(#8485,#8486,#8487,#8488,#8489,#8490),
 .UNSPECIFIED.,.F.,.F.,(4,1,1,4),(3.99107521225207,4.01452826556835,4.03798131888463,
4.07316089885905),.UNSPECIFIED.);
#786=B_SPLINE_CURVE_WITH_KNOTS('',3,(#8515,#8516,#8517,#8518,#8519,#8520),
 .UNSPECIFIED.,.F.,.F.,(4,1,1,4),(4.30357521225207,4.33875479222649,4.36220784554277,
4.38566089885905),.UNSPECIFIED.);
#787=B_SPLINE_CURVE_WITH_KNOTS('',3,(#8545,#8546,#8547,#8548,#8549,#8550),
 .UNSPECIFIED.,.F.,.F.,(4,1,1,4),(4.61607521225206,4.65125479222649,4.67470784554277,
4.69816089885905),.UNSPECIFIED.);
#788=B_SPLINE_CURVE_WITH_KNOTS('',3,(#8575,#8576,#8577,#8578,#8579,#8580),
 .UNSPECIFIED.,.F.,.F.,(4,1,1,4),(4.92857521244416,4.95202826556835,4.97548131888463,
5.01066089885905),.UNSPECIFIED.);
#789=B_SPLINE_CURVE_WITH_KNOTS('',3,(#8597,#8598,#8599,#8600,#8601,#8602,
#8603,#8604,#8605,#8606,#8607,#8608,#8609,#8610,#8611,#8612,#8613,#8614,
#8615,#8616,#8617,#8618,#8619,#8620,#8621,#8622,#8623,#8624,#8625,#8626,
#8627,#8628,#8629,#8630,#8631,#8632,#8633,#8634,#8635,#8636,#8637,#8638,
#8639),.UNSPECIFIED.,.F.,.F.,(4,3,3,3,3,3,3,3,3,3,3,3,3,3,4),(0.285167102294236,
0.336265283119699,0.390674591151897,0.438282735680069,0.460761607945725,
0.472262979279133,0.478896779044233,0.531003844183605,0.583167428528482,
0.606713968384581,0.62019507879538,0.630746669676172,0.682798888291,0.734036614337018,
0.771539747377279),.UNSPECIFIED.);
#790=LINE('',#2973,#878);
#791=LINE('',#3015,#879);
#792=LINE('',#3096,#880);
#793=LINE('',#3137,#881);
#794=LINE('',#3178,#882);
#795=LINE('',#3219,#883);
#796=LINE('',#3258,#884);
#797=LINE('',#3297,#885);
#798=LINE('',#3336,#886);
#799=LINE('',#3375,#887);
#800=LINE('',#3414,#888);
#801=LINE('',#3455,#889);
#802=LINE('',#3494,#890);
#803=LINE('',#3531,#891);
#804=LINE('',#3568,#892);
#805=LINE('',#3605,#893);
#806=LINE('',#3642,#894);
#807=LINE('',#3679,#895);
#808=LINE('',#3716,#896);
#809=LINE('',#3718,#897);
#810=LINE('',#3731,#898);
#811=LINE('',#3776,#899);
#812=LINE('',#3821,#900);
#813=LINE('',#3866,#901);
#814=LINE('',#3911,#902);
#815=LINE('',#3956,#903);
#816=LINE('',#4001,#904);
#817=LINE('',#4050,#905);
#818=LINE('',#4097,#906);
#819=LINE('',#4144,#907);
#820=LINE('',#4193,#908);
#821=LINE('',#4240,#909);
#822=LINE('',#4287,#910);
#823=LINE('',#4334,#911);
#824=LINE('',#4381,#912);
#825=LINE('',#4428,#913);
#826=LINE('',#4474,#914);
#827=LINE('',#4534,#915);
#828=LINE('',#4575,#916);
#829=LINE('',#4616,#917);
#830=LINE('',#4655,#918);
#831=LINE('',#4692,#919);
#832=LINE('',#4729,#920);
#833=LINE('',#4776,#921);
#834=LINE('',#4821,#922);
#835=LINE('',#4864,#923);
#836=LINE('',#4905,#924);
#837=LINE('',#4946,#925);
#838=LINE('',#4987,#926);
#839=LINE('',#5026,#927);
#840=LINE('',#5065,#928);
#841=LINE('',#5104,#929);
#842=LINE('',#5141,#930);
#843=LINE('',#5168,#931);
#844=LINE('',#5207,#932);
#845=LINE('',#5252,#933);
#846=LINE('',#5297,#934);
#847=LINE('',#5342,#935);
#848=LINE('',#5387,#936);
#849=LINE('',#5432,#937);
#850=LINE('',#5477,#938);
#851=LINE('',#5522,#939);
#852=LINE('',#5571,#940);
#853=LINE('',#5618,#941);
#854=LINE('',#5665,#942);
#855=LINE('',#5712,#943);
#856=LINE('',#5759,#944);
#857=LINE('',#5806,#945);
#858=LINE('',#5853,#946);
#859=LINE('',#9411,#947);
#860=LINE('',#9413,#948);
#861=LINE('',#9415,#949);
#862=LINE('',#9416,#950);
#863=LINE('',#9419,#951);
#864=LINE('',#9421,#952);
#865=LINE('',#9422,#953);
#866=LINE('',#9424,#954);
#867=LINE('',#9425,#955);
#868=LINE('',#9430,#956);
#869=LINE('',#9432,#957);
#870=LINE('',#9434,#958);
#871=LINE('',#9440,#959);
#872=LINE('',#9445,#960);
#873=LINE('',#9453,#961);
#874=LINE('',#9454,#962);
#875=LINE('',#9456,#963);
#876=LINE('',#9462,#964);
#877=LINE('',#9467,#965);
#878=VECTOR('',#2773,10.);
#879=VECTOR('',#2776,10.);
#880=VECTOR('',#2779,10.);
#881=VECTOR('',#2780,10.);
#882=VECTOR('',#2781,10.);
#883=VECTOR('',#2782,10.);
#884=VECTOR('',#2783,10.);
#885=VECTOR('',#2784,10.);
#886=VECTOR('',#2785,10.);
#887=VECTOR('',#2786,10.);
#888=VECTOR('',#2787,10.);
#889=VECTOR('',#2788,10.);
#890=VECTOR('',#2789,10.);
#891=VECTOR('',#2790,10.);
#892=VECTOR('',#2791,10.);
#893=VECTOR('',#2792,10.);
#894=VECTOR('',#2793,10.);
#895=VECTOR('',#2794,10.);
#896=VECTOR('',#2795,10.);
#897=VECTOR('',#2796,10.);
#898=VECTOR('',#2797,10.);
#899=VECTOR('',#2798,10.);
#900=VECTOR('',#2799,10.);
#901=VECTOR('',#2800,10.);
#902=VECTOR('',#2801,10.);
#903=VECTOR('',#2802,10.);
#904=VECTOR('',#2803,10.);
#905=VECTOR('',#2804,10.);
#906=VECTOR('',#2805,10.);
#907=VECTOR('',#2806,10.);
#908=VECTOR('',#2807,10.);
#909=VECTOR('',#2808,10.);
#910=VECTOR('',#2809,10.);
#911=VECTOR('',#2810,10.);
#912=VECTOR('',#2811,10.);
#913=VECTOR('',#2812,10.);
#914=VECTOR('',#2815,10.);
#915=VECTOR('',#2818,10.);
#916=VECTOR('',#2819,10.);
#917=VECTOR('',#2820,10.);
#918=VECTOR('',#2821,10.);
#919=VECTOR('',#2822,10.);
#920=VECTOR('',#2823,10.);
#921=VECTOR('',#2824,10.);
#922=VECTOR('',#2825,10.);
#923=VECTOR('',#2826,10.);
#924=VECTOR('',#2827,10.);
#925=VECTOR('',#2828,10.);
#926=VECTOR('',#2829,10.);
#927=VECTOR('',#2830,10.);
#928=VECTOR('',#2831,10.);
#929=VECTOR('',#2832,10.);
#930=VECTOR('',#2833,10.);
#931=VECTOR('',#2834,10.);
#932=VECTOR('',#2835,10.);
#933=VECTOR('',#2836,10.);
#934=VECTOR('',#2837,10.);
#935=VECTOR('',#2838,10.);
#936=VECTOR('',#2839,10.);
#937=VECTOR('',#2840,10.);
#938=VECTOR('',#2841,10.);
#939=VECTOR('',#2842,10.);
#940=VECTOR('',#2843,10.);
#941=VECTOR('',#2844,10.);
#942=VECTOR('',#2845,10.);
#943=VECTOR('',#2846,10.);
#944=VECTOR('',#2847,10.);
#945=VECTOR('',#2848,10.);
#946=VECTOR('',#2849,10.);
#947=VECTOR('',#2918,10.);
#948=VECTOR('',#2919,10.);
#949=VECTOR('',#2920,10.);
#950=VECTOR('',#2921,10.);
#951=VECTOR('',#2924,10.);
#952=VECTOR('',#2925,10.);
#953=VECTOR('',#2926,10.);
#954=VECTOR('',#2929,10.);
#955=VECTOR('',#2930,10.);
#956=VECTOR('',#2935,10.);
#957=VECTOR('',#2936,10.);
#958=VECTOR('',#2937,10.);
#959=VECTOR('',#2940,10.);
#960=VECTOR('',#2941,10.);
#961=VECTOR('',#2952,10.);
#962=VECTOR('',#2953,10.);
#963=VECTOR('',#2954,10.);
#964=VECTOR('',#2957,10.);
#965=VECTOR('',#2958,10.);
#966=VERTEX_POINT('',#2971);
#967=VERTEX_POINT('',#2972);
#968=VERTEX_POINT('',#2974);
#969=VERTEX_POINT('',#3012);
#970=VERTEX_POINT('',#3014);
#971=VERTEX_POINT('',#3016);
#972=VERTEX_POINT('',#3095);
#973=VERTEX_POINT('',#3097);
#974=VERTEX_POINT('',#3111);
#975=VERTEX_POINT('',#3122);
#976=VERTEX_POINT('',#3136);
#977=VERTEX_POINT('',#3138);
#978=VERTEX_POINT('',#3152);
#979=VERTEX_POINT('',#3163);
#980=VERTEX_POINT('',#3177);
#981=VERTEX_POINT('',#3179);
#982=VERTEX_POINT('',#3193);
#983=VERTEX_POINT('',#3204);
#984=VERTEX_POINT('',#3218);
#985=VERTEX_POINT('',#3220);
#986=VERTEX_POINT('',#3234);
#987=VERTEX_POINT('',#3243);
#988=VERTEX_POINT('',#3257);
#989=VERTEX_POINT('',#3259);
#990=VERTEX_POINT('',#3273);
#991=VERTEX_POINT('',#3282);
#992=VERTEX_POINT('',#3296);
#993=VERTEX_POINT('',#3298);
#994=VERTEX_POINT('',#3312);
#995=VERTEX_POINT('',#3321);
#996=VERTEX_POINT('',#3335);
#997=VERTEX_POINT('',#3337);
#998=VERTEX_POINT('',#3351);
#999=VERTEX_POINT('',#3360);
#1000=VERTEX_POINT('',#3374);
#1001=VERTEX_POINT('',#3376);
#1002=VERTEX_POINT('',#3390);
#1003=VERTEX_POINT('',#3399);
#1004=VERTEX_POINT('',#3413);
#1005=VERTEX_POINT('',#3415);
#1006=VERTEX_POINT('',#3429);
#1007=VERTEX_POINT('',#3440);
#1008=VERTEX_POINT('',#3454);
#1009=VERTEX_POINT('',#3456);
#1010=VERTEX_POINT('',#3470);
#1011=VERTEX_POINT('',#3479);
#1012=VERTEX_POINT('',#3493);
#1013=VERTEX_POINT('',#3495);
#1014=VERTEX_POINT('',#3509);
#1015=VERTEX_POINT('',#3516);
#1016=VERTEX_POINT('',#3530);
#1017=VERTEX_POINT('',#3532);
#1018=VERTEX_POINT('',#3546);
#1019=VERTEX_POINT('',#3553);
#1020=VERTEX_POINT('',#3567);
#1021=VERTEX_POINT('',#3569);
#1022=VERTEX_POINT('',#3583);
#1023=VERTEX_POINT('',#3590);
#1024=VERTEX_POINT('',#3604);
#1025=VERTEX_POINT('',#3606);
#1026=VERTEX_POINT('',#3620);
#1027=VERTEX_POINT('',#3627);
#1028=VERTEX_POINT('',#3641);
#1029=VERTEX_POINT('',#3643);
#1030=VERTEX_POINT('',#3657);
#1031=VERTEX_POINT('',#3664);
#1032=VERTEX_POINT('',#3678);
#1033=VERTEX_POINT('',#3680);
#1034=VERTEX_POINT('',#3694);
#1035=VERTEX_POINT('',#3701);
#1036=VERTEX_POINT('',#3715);
#1037=VERTEX_POINT('',#3717);
#1038=VERTEX_POINT('',#3719);
#1039=VERTEX_POINT('',#3730);
#1040=VERTEX_POINT('',#3732);
#1041=VERTEX_POINT('',#3749);
#1042=VERTEX_POINT('',#3758);
#1043=VERTEX_POINT('',#3775);
#1044=VERTEX_POINT('',#3777);
#1045=VERTEX_POINT('',#3794);
#1046=VERTEX_POINT('',#3803);
#1047=VERTEX_POINT('',#3820);
#1048=VERTEX_POINT('',#3822);
#1049=VERTEX_POINT('',#3839);
#1050=VERTEX_POINT('',#3848);
#1051=VERTEX_POINT('',#3865);
#1052=VERTEX_POINT('',#3867);
#1053=VERTEX_POINT('',#3884);
#1054=VERTEX_POINT('',#3893);
#1055=VERTEX_POINT('',#3910);
#1056=VERTEX_POINT('',#3912);
#1057=VERTEX_POINT('',#3929);
#1058=VERTEX_POINT('',#3938);
#1059=VERTEX_POINT('',#3955);
#1060=VERTEX_POINT('',#3957);
#1061=VERTEX_POINT('',#3974);
#1062=VERTEX_POINT('',#3983);
#1063=VERTEX_POINT('',#4000);
#1064=VERTEX_POINT('',#4002);
#1065=VERTEX_POINT('',#4019);
#1066=VERTEX_POINT('',#4032);
#1067=VERTEX_POINT('',#4049);
#1068=VERTEX_POINT('',#4051);
#1069=VERTEX_POINT('',#4068);
#1070=VERTEX_POINT('',#4079);
#1071=VERTEX_POINT('',#4096);
#1072=VERTEX_POINT('',#4098);
#1073=VERTEX_POINT('',#4115);
#1074=VERTEX_POINT('',#4126);
#1075=VERTEX_POINT('',#4143);
#1076=VERTEX_POINT('',#4145);
#1077=VERTEX_POINT('',#4162);
#1078=VERTEX_POINT('',#4175);
#1079=VERTEX_POINT('',#4192);
#1080=VERTEX_POINT('',#4194);
#1081=VERTEX_POINT('',#4211);
#1082=VERTEX_POINT('',#4222);
#1083=VERTEX_POINT('',#4239);
#1084=VERTEX_POINT('',#4241);
#1085=VERTEX_POINT('',#4258);
#1086=VERTEX_POINT('',#4269);
#1087=VERTEX_POINT('',#4286);
#1088=VERTEX_POINT('',#4288);
#1089=VERTEX_POINT('',#4305);
#1090=VERTEX_POINT('',#4316);
#1091=VERTEX_POINT('',#4333);
#1092=VERTEX_POINT('',#4335);
#1093=VERTEX_POINT('',#4352);
#1094=VERTEX_POINT('',#4363);
#1095=VERTEX_POINT('',#4380);
#1096=VERTEX_POINT('',#4382);
#1097=VERTEX_POINT('',#4399);
#1098=VERTEX_POINT('',#4410);
#1099=VERTEX_POINT('',#4427);
#1100=VERTEX_POINT('',#4429);
#1101=VERTEX_POINT('',#4446);
#1102=VERTEX_POINT('',#4468);
#1103=VERTEX_POINT('',#4473);
#1104=VERTEX_POINT('',#4512);
#1105=VERTEX_POINT('',#4519);
#1106=VERTEX_POINT('',#4533);
#1107=VERTEX_POINT('',#4535);
#1108=VERTEX_POINT('',#4549);
#1109=VERTEX_POINT('',#4560);
#1110=VERTEX_POINT('',#4574);
#1111=VERTEX_POINT('',#4576);
#1112=VERTEX_POINT('',#4590);
#1113=VERTEX_POINT('',#4601);
#1114=VERTEX_POINT('',#4615);
#1115=VERTEX_POINT('',#4617);
#1116=VERTEX_POINT('',#4631);
#1117=VERTEX_POINT('',#4640);
#1118=VERTEX_POINT('',#4654);
#1119=VERTEX_POINT('',#4656);
#1120=VERTEX_POINT('',#4670);
#1121=VERTEX_POINT('',#4677);
#1122=VERTEX_POINT('',#4691);
#1123=VERTEX_POINT('',#4693);
#1124=VERTEX_POINT('',#4707);
#1125=VERTEX_POINT('',#4714);
#1126=VERTEX_POINT('',#4728);
#1127=VERTEX_POINT('',#4730);
#1128=VERTEX_POINT('',#4744);
#1129=VERTEX_POINT('',#4761);
#1130=VERTEX_POINT('',#4775);
#1131=VERTEX_POINT('',#4777);
#1132=VERTEX_POINT('',#4791);
#1133=VERTEX_POINT('',#4806);
#1134=VERTEX_POINT('',#4820);
#1135=VERTEX_POINT('',#4822);
#1136=VERTEX_POINT('',#4836);
#1137=VERTEX_POINT('',#4849);
#1138=VERTEX_POINT('',#4863);
#1139=VERTEX_POINT('',#4865);
#1140=VERTEX_POINT('',#4879);
#1141=VERTEX_POINT('',#4890);
#1142=VERTEX_POINT('',#4904);
#1143=VERTEX_POINT('',#4906);
#1144=VERTEX_POINT('',#4920);
#1145=VERTEX_POINT('',#4931);
#1146=VERTEX_POINT('',#4945);
#1147=VERTEX_POINT('',#4947);
#1148=VERTEX_POINT('',#4961);
#1149=VERTEX_POINT('',#4972);
#1150=VERTEX_POINT('',#4986);
#1151=VERTEX_POINT('',#4988);
#1152=VERTEX_POINT('',#5002);
#1153=VERTEX_POINT('',#5011);
#1154=VERTEX_POINT('',#5025);
#1155=VERTEX_POINT('',#5027);
#1156=VERTEX_POINT('',#5041);
#1157=VERTEX_POINT('',#5050);
#1158=VERTEX_POINT('',#5064);
#1159=VERTEX_POINT('',#5066);
#1160=VERTEX_POINT('',#5080);
#1161=VERTEX_POINT('',#5089);
#1162=VERTEX_POINT('',#5103);
#1163=VERTEX_POINT('',#5105);
#1164=VERTEX_POINT('',#5119);
#1165=VERTEX_POINT('',#5126);
#1166=VERTEX_POINT('',#5140);
#1167=VERTEX_POINT('',#5142);
#1168=VERTEX_POINT('',#5156);
#1169=VERTEX_POINT('',#5167);
#1170=VERTEX_POINT('',#5169);
#1171=VERTEX_POINT('',#5180);
#1172=VERTEX_POINT('',#5189);
#1173=VERTEX_POINT('',#5206);
#1174=VERTEX_POINT('',#5208);
#1175=VERTEX_POINT('',#5225);
#1176=VERTEX_POINT('',#5234);
#1177=VERTEX_POINT('',#5251);
#1178=VERTEX_POINT('',#5253);
#1179=VERTEX_POINT('',#5270);
#1180=VERTEX_POINT('',#5279);
#1181=VERTEX_POINT('',#5296);
#1182=VERTEX_POINT('',#5298);
#1183=VERTEX_POINT('',#5315);
#1184=VERTEX_POINT('',#5324);
#1185=VERTEX_POINT('',#5341);
#1186=VERTEX_POINT('',#5343);
#1187=VERTEX_POINT('',#5360);
#1188=VERTEX_POINT('',#5369);
#1189=VERTEX_POINT('',#5386);
#1190=VERTEX_POINT('',#5388);
#1191=VERTEX_POINT('',#5405);
#1192=VERTEX_POINT('',#5414);
#1193=VERTEX_POINT('',#5431);
#1194=VERTEX_POINT('',#5433);
#1195=VERTEX_POINT('',#5450);
#1196=VERTEX_POINT('',#5459);
#1197=VERTEX_POINT('',#5476);
#1198=VERTEX_POINT('',#5478);
#1199=VERTEX_POINT('',#5495);
#1200=VERTEX_POINT('',#5504);
#1201=VERTEX_POINT('',#5521);
#1202=VERTEX_POINT('',#5523);
#1203=VERTEX_POINT('',#5540);
#1204=VERTEX_POINT('',#5553);
#1205=VERTEX_POINT('',#5570);
#1206=VERTEX_POINT('',#5572);
#1207=VERTEX_POINT('',#5589);
#1208=VERTEX_POINT('',#5600);
#1209=VERTEX_POINT('',#5617);
#1210=VERTEX_POINT('',#5619);
#1211=VERTEX_POINT('',#5636);
#1212=VERTEX_POINT('',#5647);
#1213=VERTEX_POINT('',#5664);
#1214=VERTEX_POINT('',#5666);
#1215=VERTEX_POINT('',#5683);
#1216=VERTEX_POINT('',#5694);
#1217=VERTEX_POINT('',#5711);
#1218=VERTEX_POINT('',#5713);
#1219=VERTEX_POINT('',#5730);
#1220=VERTEX_POINT('',#5741);
#1221=VERTEX_POINT('',#5758);
#1222=VERTEX_POINT('',#5760);
#1223=VERTEX_POINT('',#5777);
#1224=VERTEX_POINT('',#5788);
#1225=VERTEX_POINT('',#5805);
#1226=VERTEX_POINT('',#5807);
#1227=VERTEX_POINT('',#5824);
#1228=VERTEX_POINT('',#5835);
#1229=VERTEX_POINT('',#5852);
#1230=VERTEX_POINT('',#5854);
#1231=VERTEX_POINT('',#5871);
#1232=VERTEX_POINT('',#6237);
#1233=VERTEX_POINT('',#8053);
#1234=VERTEX_POINT('',#9409);
#1235=VERTEX_POINT('',#9410);
#1236=VERTEX_POINT('',#9412);
#1237=VERTEX_POINT('',#9414);
#1238=VERTEX_POINT('',#9418);
#1239=VERTEX_POINT('',#9420);
#1240=VERTEX_POINT('',#9428);
#1241=VERTEX_POINT('',#9429);
#1242=VERTEX_POINT('',#9431);
#1243=VERTEX_POINT('',#9433);
#1244=VERTEX_POINT('',#9439);
#1245=VERTEX_POINT('',#9441);
#1246=VERTEX_POINT('',#9451);
#1247=VERTEX_POINT('',#9452);
#1248=VERTEX_POINT('',#9455);
#1249=VERTEX_POINT('',#9461);
#1250=VERTEX_POINT('',#9463);
#1251=EDGE_CURVE('',#966,#967,#790,.T.);
#1252=EDGE_CURVE('',#968,#966,#459,.T.);
#1253=EDGE_CURVE('',#969,#968,#453,.T.);
#1254=EDGE_CURVE('',#970,#969,#791,.T.);
#1255=EDGE_CURVE('',#971,#970,#460,.T.);
#1256=EDGE_CURVE('',#967,#971,#461,.T.);
#1257=EDGE_CURVE('',#972,#969,#792,.T.);
#1258=EDGE_CURVE('',#973,#972,#462,.T.);
#1259=EDGE_CURVE('',#974,#973,#463,.T.);
#1260=EDGE_CURVE('',#975,#974,#464,.T.);
#1261=EDGE_CURVE('',#976,#975,#793,.T.);
#1262=EDGE_CURVE('',#977,#976,#465,.T.);
#1263=EDGE_CURVE('',#978,#977,#466,.T.);
#1264=EDGE_CURVE('',#979,#978,#467,.T.);
#1265=EDGE_CURVE('',#980,#979,#794,.T.);
#1266=EDGE_CURVE('',#981,#980,#468,.T.);
#1267=EDGE_CURVE('',#982,#981,#469,.T.);
#1268=EDGE_CURVE('',#983,#982,#470,.T.);
#1269=EDGE_CURVE('',#984,#983,#795,.T.);
#1270=EDGE_CURVE('',#985,#984,#471,.T.);
#1271=EDGE_CURVE('',#986,#985,#472,.T.);
#1272=EDGE_CURVE('',#987,#986,#473,.T.);
#1273=EDGE_CURVE('',#988,#987,#796,.T.);
#1274=EDGE_CURVE('',#989,#988,#474,.T.);
#1275=EDGE_CURVE('',#990,#989,#475,.T.);
#1276=EDGE_CURVE('',#991,#990,#476,.T.);
#1277=EDGE_CURVE('',#992,#991,#797,.T.);
#1278=EDGE_CURVE('',#993,#992,#477,.T.);
#1279=EDGE_CURVE('',#994,#993,#478,.T.);
#1280=EDGE_CURVE('',#995,#994,#479,.T.);
#1281=EDGE_CURVE('',#996,#995,#798,.T.);
#1282=EDGE_CURVE('',#997,#996,#480,.T.);
#1283=EDGE_CURVE('',#998,#997,#481,.T.);
#1284=EDGE_CURVE('',#999,#998,#482,.T.);
#1285=EDGE_CURVE('',#1000,#999,#799,.T.);
#1286=EDGE_CURVE('',#1001,#1000,#483,.T.);
#1287=EDGE_CURVE('',#1002,#1001,#484,.T.);
#1288=EDGE_CURVE('',#1003,#1002,#485,.T.);
#1289=EDGE_CURVE('',#1004,#1003,#800,.T.);
#1290=EDGE_CURVE('',#1005,#1004,#486,.T.);
#1291=EDGE_CURVE('',#1006,#1005,#487,.T.);
#1292=EDGE_CURVE('',#1007,#1006,#488,.T.);
#1293=EDGE_CURVE('',#1008,#1007,#801,.T.);
#1294=EDGE_CURVE('',#1009,#1008,#489,.T.);
#1295=EDGE_CURVE('',#1010,#1009,#490,.T.);
#1296=EDGE_CURVE('',#1011,#1010,#491,.T.);
#1297=EDGE_CURVE('',#1012,#1011,#802,.T.);
#1298=EDGE_CURVE('',#1013,#1012,#492,.T.);
#1299=EDGE_CURVE('',#1014,#1013,#493,.T.);
#1300=EDGE_CURVE('',#1015,#1014,#494,.T.);
#1301=EDGE_CURVE('',#1016,#1015,#803,.T.);
#1302=EDGE_CURVE('',#1017,#1016,#495,.T.);
#1303=EDGE_CURVE('',#1018,#1017,#496,.T.);
#1304=EDGE_CURVE('',#1019,#1018,#497,.T.);
#1305=EDGE_CURVE('',#1020,#1019,#804,.T.);
#1306=EDGE_CURVE('',#1021,#1020,#498,.T.);
#1307=EDGE_CURVE('',#1022,#1021,#499,.T.);
#1308=EDGE_CURVE('',#1023,#1022,#500,.T.);
#1309=EDGE_CURVE('',#1024,#1023,#805,.T.);
#1310=EDGE_CURVE('',#1025,#1024,#501,.T.);
#1311=EDGE_CURVE('',#1026,#1025,#502,.T.);
#1312=EDGE_CURVE('',#1027,#1026,#503,.T.);
#1313=EDGE_CURVE('',#1028,#1027,#806,.T.);
#1314=EDGE_CURVE('',#1029,#1028,#504,.T.);
#1315=EDGE_CURVE('',#1030,#1029,#505,.T.);
#1316=EDGE_CURVE('',#1031,#1030,#506,.T.);
#1317=EDGE_CURVE('',#1032,#1031,#807,.T.);
#1318=EDGE_CURVE('',#1033,#1032,#507,.T.);
#1319=EDGE_CURVE('',#1034,#1033,#508,.T.);
#1320=EDGE_CURVE('',#1035,#1034,#509,.T.);
#1321=EDGE_CURVE('',#1036,#1035,#808,.T.);
#1322=EDGE_CURVE('',#1037,#1036,#809,.T.);
#1323=EDGE_CURVE('',#1038,#1037,#510,.T.);
#1324=EDGE_CURVE('',#1039,#1038,#810,.T.);
#1325=EDGE_CURVE('',#1040,#1039,#511,.T.);
#1326=EDGE_CURVE('',#1041,#1040,#512,.T.);
#1327=EDGE_CURVE('',#1042,#1041,#513,.T.);
#1328=EDGE_CURVE('',#1043,#1042,#811,.T.);
#1329=EDGE_CURVE('',#1044,#1043,#514,.T.);
#1330=EDGE_CURVE('',#1045,#1044,#515,.T.);
#1331=EDGE_CURVE('',#1046,#1045,#516,.T.);
#1332=EDGE_CURVE('',#1047,#1046,#812,.T.);
#1333=EDGE_CURVE('',#1048,#1047,#517,.T.);
#1334=EDGE_CURVE('',#1049,#1048,#518,.T.);
#1335=EDGE_CURVE('',#1050,#1049,#519,.T.);
#1336=EDGE_CURVE('',#1051,#1050,#813,.T.);
#1337=EDGE_CURVE('',#1052,#1051,#520,.T.);
#1338=EDGE_CURVE('',#1053,#1052,#521,.T.);
#1339=EDGE_CURVE('',#1054,#1053,#522,.T.);
#1340=EDGE_CURVE('',#1055,#1054,#814,.T.);
#1341=EDGE_CURVE('',#1056,#1055,#523,.T.);
#1342=EDGE_CURVE('',#1057,#1056,#524,.T.);
#1343=EDGE_CURVE('',#1058,#1057,#525,.T.);
#1344=EDGE_CURVE('',#1059,#1058,#815,.T.);
#1345=EDGE_CURVE('',#1060,#1059,#526,.T.);
#1346=EDGE_CURVE('',#1061,#1060,#527,.T.);
#1347=EDGE_CURVE('',#1062,#1061,#528,.T.);
#1348=EDGE_CURVE('',#1063,#1062,#816,.T.);
#1349=EDGE_CURVE('',#1064,#1063,#529,.T.);
#1350=EDGE_CURVE('',#1065,#1064,#530,.T.);
#1351=EDGE_CURVE('',#1066,#1065,#531,.T.);
#1352=EDGE_CURVE('',#1067,#1066,#817,.T.);
#1353=EDGE_CURVE('',#1068,#1067,#532,.T.);
#1354=EDGE_CURVE('',#1069,#1068,#533,.T.);
#1355=EDGE_CURVE('',#1070,#1069,#534,.T.);
#1356=EDGE_CURVE('',#1071,#1070,#818,.T.);
#1357=EDGE_CURVE('',#1072,#1071,#535,.T.);
#1358=EDGE_CURVE('',#1073,#1072,#536,.T.);
#1359=EDGE_CURVE('',#1074,#1073,#537,.T.);
#1360=EDGE_CURVE('',#1075,#1074,#819,.T.);
#1361=EDGE_CURVE('',#1076,#1075,#538,.T.);
#1362=EDGE_CURVE('',#1077,#1076,#539,.T.);
#1363=EDGE_CURVE('',#1078,#1077,#540,.T.);
#1364=EDGE_CURVE('',#1079,#1078,#820,.T.);
#1365=EDGE_CURVE('',#1080,#1079,#541,.T.);
#1366=EDGE_CURVE('',#1081,#1080,#542,.T.);
#1367=EDGE_CURVE('',#1082,#1081,#543,.T.);
#1368=EDGE_CURVE('',#1083,#1082,#821,.T.);
#1369=EDGE_CURVE('',#1084,#1083,#544,.T.);
#1370=EDGE_CURVE('',#1085,#1084,#545,.T.);
#1371=EDGE_CURVE('',#1086,#1085,#546,.T.);
#1372=EDGE_CURVE('',#1087,#1086,#822,.T.);
#1373=EDGE_CURVE('',#1088,#1087,#547,.T.);
#1374=EDGE_CURVE('',#1089,#1088,#548,.T.);
#1375=EDGE_CURVE('',#1090,#1089,#549,.T.);
#1376=EDGE_CURVE('',#1091,#1090,#823,.T.);
#1377=EDGE_CURVE('',#1092,#1091,#550,.T.);
#1378=EDGE_CURVE('',#1093,#1092,#551,.T.);
#1379=EDGE_CURVE('',#1094,#1093,#552,.T.);
#1380=EDGE_CURVE('',#1095,#1094,#824,.T.);
#1381=EDGE_CURVE('',#1096,#1095,#553,.T.);
#1382=EDGE_CURVE('',#1097,#1096,#554,.T.);
#1383=EDGE_CURVE('',#1098,#1097,#555,.T.);
#1384=EDGE_CURVE('',#1099,#1098,#825,.T.);
#1385=EDGE_CURVE('',#1100,#1099,#556,.T.);
#1386=EDGE_CURVE('',#1101,#1100,#557,.T.);
#1387=EDGE_CURVE('',#970,#1101,#558,.T.);
#1388=EDGE_CURVE('',#968,#1102,#559,.T.);
#1389=EDGE_CURVE('',#1102,#1103,#826,.T.);
#1390=EDGE_CURVE('',#1103,#972,#560,.T.);
#1391=EDGE_CURVE('',#966,#1102,#561,.T.);
#1392=EDGE_CURVE('',#1104,#967,#562,.T.);
#1393=EDGE_CURVE('',#1105,#1104,#563,.T.);
#1394=EDGE_CURVE('',#1106,#1105,#827,.T.);
#1395=EDGE_CURVE('',#1107,#1106,#564,.T.);
#1396=EDGE_CURVE('',#1108,#1107,#565,.T.);
#1397=EDGE_CURVE('',#1109,#1108,#566,.T.);
#1398=EDGE_CURVE('',#1110,#1109,#828,.T.);
#1399=EDGE_CURVE('',#1111,#1110,#567,.T.);
#1400=EDGE_CURVE('',#1112,#1111,#568,.T.);
#1401=EDGE_CURVE('',#1113,#1112,#569,.T.);
#1402=EDGE_CURVE('',#1114,#1113,#829,.T.);
#1403=EDGE_CURVE('',#1115,#1114,#570,.T.);
#1404=EDGE_CURVE('',#1116,#1115,#571,.T.);
#1405=EDGE_CURVE('',#1117,#1116,#572,.T.);
#1406=EDGE_CURVE('',#1118,#1117,#830,.T.);
#1407=EDGE_CURVE('',#1119,#1118,#573,.T.);
#1408=EDGE_CURVE('',#1120,#1119,#574,.T.);
#1409=EDGE_CURVE('',#1121,#1120,#575,.T.);
#1410=EDGE_CURVE('',#1122,#1121,#831,.T.);
#1411=EDGE_CURVE('',#1123,#1122,#576,.T.);
#1412=EDGE_CURVE('',#1124,#1123,#577,.T.);
#1413=EDGE_CURVE('',#1125,#1124,#578,.T.);
#1414=EDGE_CURVE('',#1126,#1125,#832,.T.);
#1415=EDGE_CURVE('',#1127,#1126,#579,.T.);
#1416=EDGE_CURVE('',#1128,#1127,#580,.T.);
#1417=EDGE_CURVE('',#1129,#1128,#581,.T.);
#1418=EDGE_CURVE('',#1130,#1129,#833,.T.);
#1419=EDGE_CURVE('',#1131,#1130,#582,.T.);
#1420=EDGE_CURVE('',#1132,#1131,#583,.T.);
#1421=EDGE_CURVE('',#1133,#1132,#584,.T.);
#1422=EDGE_CURVE('',#1134,#1133,#834,.T.);
#1423=EDGE_CURVE('',#1135,#1134,#585,.T.);
#1424=EDGE_CURVE('',#1136,#1135,#586,.T.);
#1425=EDGE_CURVE('',#1137,#1136,#587,.T.);
#1426=EDGE_CURVE('',#1138,#1137,#835,.T.);
#1427=EDGE_CURVE('',#1139,#1138,#588,.T.);
#1428=EDGE_CURVE('',#1140,#1139,#589,.T.);
#1429=EDGE_CURVE('',#1141,#1140,#590,.T.);
#1430=EDGE_CURVE('',#1142,#1141,#836,.T.);
#1431=EDGE_CURVE('',#1143,#1142,#591,.T.);
#1432=EDGE_CURVE('',#1144,#1143,#592,.T.);
#1433=EDGE_CURVE('',#1145,#1144,#593,.T.);
#1434=EDGE_CURVE('',#1146,#1145,#837,.T.);
#1435=EDGE_CURVE('',#1147,#1146,#594,.T.);
#1436=EDGE_CURVE('',#1148,#1147,#595,.T.);
#1437=EDGE_CURVE('',#1149,#1148,#596,.T.);
#1438=EDGE_CURVE('',#1150,#1149,#838,.T.);
#1439=EDGE_CURVE('',#1151,#1150,#597,.T.);
#1440=EDGE_CURVE('',#1152,#1151,#598,.T.);
#1441=EDGE_CURVE('',#1153,#1152,#599,.T.);
#1442=EDGE_CURVE('',#1154,#1153,#839,.T.);
#1443=EDGE_CURVE('',#1155,#1154,#600,.T.);
#1444=EDGE_CURVE('',#1156,#1155,#601,.T.);
#1445=EDGE_CURVE('',#1157,#1156,#602,.T.);
#1446=EDGE_CURVE('',#1158,#1157,#840,.T.);
#1447=EDGE_CURVE('',#1159,#1158,#603,.T.);
#1448=EDGE_CURVE('',#1160,#1159,#604,.T.);
#1449=EDGE_CURVE('',#1161,#1160,#605,.T.);
#1450=EDGE_CURVE('',#1162,#1161,#841,.T.);
#1451=EDGE_CURVE('',#1163,#1162,#606,.T.);
#1452=EDGE_CURVE('',#1164,#1163,#607,.T.);
#1453=EDGE_CURVE('',#1165,#1164,#608,.T.);
#1454=EDGE_CURVE('',#1166,#1165,#842,.T.);
#1455=EDGE_CURVE('',#1167,#1166,#609,.T.);
#1456=EDGE_CURVE('',#1168,#1167,#610,.T.);
#1457=EDGE_CURVE('',#1169,#1168,#843,.T.);
#1458=EDGE_CURVE('',#1170,#1169,#611,.T.);
#1459=EDGE_CURVE('',#1171,#1170,#612,.T.);
#1460=EDGE_CURVE('',#1172,#1171,#613,.T.);
#1461=EDGE_CURVE('',#1173,#1172,#844,.T.);
#1462=EDGE_CURVE('',#1174,#1173,#614,.T.);
#1463=EDGE_CURVE('',#1175,#1174,#615,.T.);
#1464=EDGE_CURVE('',#1176,#1175,#616,.T.);
#1465=EDGE_CURVE('',#1177,#1176,#845,.T.);
#1466=EDGE_CURVE('',#1178,#1177,#617,.T.);
#1467=EDGE_CURVE('',#1179,#1178,#618,.T.);
#1468=EDGE_CURVE('',#1180,#1179,#619,.T.);
#1469=EDGE_CURVE('',#1181,#1180,#846,.T.);
#1470=EDGE_CURVE('',#1182,#1181,#620,.T.);
#1471=EDGE_CURVE('',#1183,#1182,#621,.T.);
#1472=EDGE_CURVE('',#1184,#1183,#622,.T.);
#1473=EDGE_CURVE('',#1185,#1184,#847,.T.);
#1474=EDGE_CURVE('',#1186,#1185,#623,.T.);
#1475=EDGE_CURVE('',#1187,#1186,#624,.T.);
#1476=EDGE_CURVE('',#1188,#1187,#625,.T.);
#1477=EDGE_CURVE('',#1189,#1188,#848,.T.);
#1478=EDGE_CURVE('',#1190,#1189,#626,.T.);
#1479=EDGE_CURVE('',#1191,#1190,#627,.T.);
#1480=EDGE_CURVE('',#1192,#1191,#628,.T.);
#1481=EDGE_CURVE('',#1193,#1192,#849,.T.);
#1482=EDGE_CURVE('',#1194,#1193,#629,.T.);
#1483=EDGE_CURVE('',#1195,#1194,#630,.T.);
#1484=EDGE_CURVE('',#1196,#1195,#631,.T.);
#1485=EDGE_CURVE('',#1197,#1196,#850,.T.);
#1486=EDGE_CURVE('',#1198,#1197,#632,.T.);
#1487=EDGE_CURVE('',#1199,#1198,#633,.T.);
#1488=EDGE_CURVE('',#1200,#1199,#634,.T.);
#1489=EDGE_CURVE('',#1201,#1200,#851,.T.);
#1490=EDGE_CURVE('',#1202,#1201,#635,.T.);
#1491=EDGE_CURVE('',#1203,#1202,#636,.T.);
#1492=EDGE_CURVE('',#1204,#1203,#637,.T.);
#1493=EDGE_CURVE('',#1205,#1204,#852,.T.);
#1494=EDGE_CURVE('',#1206,#1205,#638,.T.);
#1495=EDGE_CURVE('',#1207,#1206,#639,.T.);
#1496=EDGE_CURVE('',#1208,#1207,#640,.T.);
#1497=EDGE_CURVE('',#1209,#1208,#853,.T.);
#1498=EDGE_CURVE('',#1210,#1209,#641,.T.);
#1499=EDGE_CURVE('',#1211,#1210,#642,.T.);
#1500=EDGE_CURVE('',#1212,#1211,#643,.T.);
#1501=EDGE_CURVE('',#1213,#1212,#854,.T.);
#1502=EDGE_CURVE('',#1214,#1213,#644,.T.);
#1503=EDGE_CURVE('',#1215,#1214,#645,.T.);
#1504=EDGE_CURVE('',#1216,#1215,#646,.T.);
#1505=EDGE_CURVE('',#1217,#1216,#855,.T.);
#1506=EDGE_CURVE('',#1218,#1217,#647,.T.);
#1507=EDGE_CURVE('',#1219,#1218,#648,.T.);
#1508=EDGE_CURVE('',#1220,#1219,#649,.T.);
#1509=EDGE_CURVE('',#1221,#1220,#856,.T.);
#1510=EDGE_CURVE('',#1222,#1221,#650,.T.);
#1511=EDGE_CURVE('',#1223,#1222,#651,.T.);
#1512=EDGE_CURVE('',#1224,#1223,#652,.T.);
#1513=EDGE_CURVE('',#1225,#1224,#857,.T.);
#1514=EDGE_CURVE('',#1226,#1225,#653,.T.);
#1515=EDGE_CURVE('',#1227,#1226,#654,.T.);
#1516=EDGE_CURVE('',#1228,#1227,#655,.T.);
#1517=EDGE_CURVE('',#1229,#1228,#858,.T.);
#1518=EDGE_CURVE('',#1230,#1229,#656,.T.);
#1519=EDGE_CURVE('',#1231,#1230,#657,.T.);
#1520=EDGE_CURVE('',#1103,#1231,#658,.T.);
#1521=EDGE_CURVE('',#1038,#1166,#659,.T.);
#1522=EDGE_CURVE('',#1165,#1039,#660,.T.);
#1523=EDGE_CURVE('',#1042,#1162,#661,.T.);
#1524=EDGE_CURVE('',#1161,#1043,#662,.T.);
#1525=EDGE_CURVE('',#1046,#1158,#663,.T.);
#1526=EDGE_CURVE('',#1157,#1047,#664,.T.);
#1527=EDGE_CURVE('',#1050,#1154,#665,.T.);
#1528=EDGE_CURVE('',#1153,#1051,#666,.T.);
#1529=EDGE_CURVE('',#1054,#1150,#667,.T.);
#1530=EDGE_CURVE('',#1149,#1055,#668,.T.);
#1531=EDGE_CURVE('',#1058,#1146,#669,.T.);
#1532=EDGE_CURVE('',#1145,#1059,#670,.T.);
#1533=EDGE_CURVE('',#1062,#1142,#671,.T.);
#1534=EDGE_CURVE('',#1141,#1063,#672,.T.);
#1535=EDGE_CURVE('',#1066,#1138,#673,.T.);
#1536=EDGE_CURVE('',#1137,#1067,#674,.T.);
#1537=EDGE_CURVE('',#1070,#1134,#675,.T.);
#1538=EDGE_CURVE('',#1133,#1071,#676,.T.);
#1539=EDGE_CURVE('',#1074,#1130,#677,.T.);
#1540=EDGE_CURVE('',#1129,#1075,#678,.T.);
#1541=EDGE_CURVE('',#1078,#1126,#679,.T.);
#1542=EDGE_CURVE('',#1125,#1079,#680,.T.);
#1543=EDGE_CURVE('',#1082,#1122,#681,.T.);
#1544=EDGE_CURVE('',#1121,#1083,#682,.T.);
#1545=EDGE_CURVE('',#1086,#1118,#683,.T.);
#1546=EDGE_CURVE('',#1117,#1087,#684,.T.);
#1547=EDGE_CURVE('',#1090,#1114,#685,.T.);
#1548=EDGE_CURVE('',#1113,#1091,#686,.T.);
#1549=EDGE_CURVE('',#1094,#1110,#687,.T.);
#1550=EDGE_CURVE('',#1109,#1095,#688,.T.);
#1551=EDGE_CURVE('',#1098,#1106,#689,.T.);
#1552=EDGE_CURVE('',#1105,#1099,#690,.T.);
#1553=EDGE_CURVE('',#1035,#1232,#691,.T.);
#1554=EDGE_CURVE('',#1232,#1036,#454,.T.);
#1555=EDGE_CURVE('',#1031,#1173,#692,.T.);
#1556=EDGE_CURVE('',#1172,#1032,#693,.T.);
#1557=EDGE_CURVE('',#1027,#1177,#694,.T.);
#1558=EDGE_CURVE('',#1176,#1028,#695,.T.);
#1559=EDGE_CURVE('',#1023,#1181,#696,.T.);
#1560=EDGE_CURVE('',#1180,#1024,#697,.T.);
#1561=EDGE_CURVE('',#1019,#1185,#698,.T.);
#1562=EDGE_CURVE('',#1184,#1020,#699,.T.);
#1563=EDGE_CURVE('',#1015,#1189,#700,.T.);
#1564=EDGE_CURVE('',#1188,#1016,#701,.T.);
#1565=EDGE_CURVE('',#1011,#1193,#702,.T.);
#1566=EDGE_CURVE('',#1192,#1012,#703,.T.);
#1567=EDGE_CURVE('',#1007,#1197,#704,.T.);
#1568=EDGE_CURVE('',#1196,#1008,#705,.T.);
#1569=EDGE_CURVE('',#1003,#1201,#706,.T.);
#1570=EDGE_CURVE('',#1200,#1004,#707,.T.);
#1571=EDGE_CURVE('',#999,#1205,#708,.T.);
#1572=EDGE_CURVE('',#1204,#1000,#709,.T.);
#1573=EDGE_CURVE('',#995,#1209,#710,.T.);
#1574=EDGE_CURVE('',#1208,#996,#711,.T.);
#1575=EDGE_CURVE('',#991,#1213,#712,.T.);
#1576=EDGE_CURVE('',#1212,#992,#713,.T.);
#1577=EDGE_CURVE('',#987,#1217,#714,.T.);
#1578=EDGE_CURVE('',#1216,#988,#715,.T.);
#1579=EDGE_CURVE('',#983,#1221,#716,.T.);
#1580=EDGE_CURVE('',#1220,#984,#717,.T.);
#1581=EDGE_CURVE('',#979,#1225,#718,.T.);
#1582=EDGE_CURVE('',#1224,#980,#719,.T.);
#1583=EDGE_CURVE('',#975,#1229,#720,.T.);
#1584=EDGE_CURVE('',#1228,#976,#721,.T.);
#1585=EDGE_CURVE('',#1040,#1164,#722,.T.);
#1586=EDGE_CURVE('',#1044,#1160,#723,.T.);
#1587=EDGE_CURVE('',#1048,#1156,#724,.T.);
#1588=EDGE_CURVE('',#1052,#1152,#725,.T.);
#1589=EDGE_CURVE('',#1056,#1148,#726,.T.);
#1590=EDGE_CURVE('',#1060,#1144,#727,.T.);
#1591=EDGE_CURVE('',#1064,#1140,#728,.T.);
#1592=EDGE_CURVE('',#1068,#1136,#729,.T.);
#1593=EDGE_CURVE('',#1072,#1132,#730,.T.);
#1594=EDGE_CURVE('',#1076,#1128,#731,.T.);
#1595=EDGE_CURVE('',#1080,#1124,#732,.T.);
#1596=EDGE_CURVE('',#1084,#1120,#733,.T.);
#1597=EDGE_CURVE('',#1088,#1116,#734,.T.);
#1598=EDGE_CURVE('',#1092,#1112,#735,.T.);
#1599=EDGE_CURVE('',#1096,#1108,#736,.T.);
#1600=EDGE_CURVE('',#1100,#1104,#737,.T.);
#1601=EDGE_CURVE('',#1170,#1034,#738,.T.);
#1602=EDGE_CURVE('',#1232,#1169,#739,.T.);
#1603=EDGE_CURVE('',#1174,#1030,#740,.T.);
#1604=EDGE_CURVE('',#1178,#1026,#741,.T.);
#1605=EDGE_CURVE('',#1182,#1022,#742,.T.);
#1606=EDGE_CURVE('',#1186,#1018,#743,.T.);
#1607=EDGE_CURVE('',#1190,#1014,#744,.T.);
#1608=EDGE_CURVE('',#1194,#1010,#745,.T.);
#1609=EDGE_CURVE('',#1198,#1006,#746,.T.);
#1610=EDGE_CURVE('',#1202,#1002,#747,.T.);
#1611=EDGE_CURVE('',#1206,#998,#748,.T.);
#1612=EDGE_CURVE('',#1210,#994,#749,.T.);
#1613=EDGE_CURVE('',#1214,#990,#750,.T.);
#1614=EDGE_CURVE('',#1218,#986,#751,.T.);
#1615=EDGE_CURVE('',#1222,#982,#752,.T.);
#1616=EDGE_CURVE('',#1226,#978,#753,.T.);
#1617=EDGE_CURVE('',#1230,#974,#754,.T.);
#1618=EDGE_CURVE('',#1041,#1163,#755,.T.);
#1619=EDGE_CURVE('',#1045,#1159,#756,.T.);
#1620=EDGE_CURVE('',#1049,#1155,#757,.T.);
#1621=EDGE_CURVE('',#1053,#1151,#758,.T.);
#1622=EDGE_CURVE('',#1057,#1147,#759,.T.);
#1623=EDGE_CURVE('',#1061,#1143,#760,.T.);
#1624=EDGE_CURVE('',#1065,#1139,#761,.T.);
#1625=EDGE_CURVE('',#1069,#1135,#762,.T.);
#1626=EDGE_CURVE('',#1073,#1131,#763,.T.);
#1627=EDGE_CURVE('',#1077,#1127,#764,.T.);
#1628=EDGE_CURVE('',#1081,#1123,#765,.T.);
#1629=EDGE_CURVE('',#1085,#1119,#766,.T.);
#1630=EDGE_CURVE('',#1089,#1115,#767,.T.);
#1631=EDGE_CURVE('',#1093,#1111,#768,.T.);
#1632=EDGE_CURVE('',#1097,#1107,#769,.T.);
#1633=EDGE_CURVE('',#1101,#971,#770,.T.);
#1634=EDGE_CURVE('',#1233,#1037,#771,.T.);
#1635=EDGE_CURVE('',#1233,#1167,#772,.T.);
#1636=EDGE_CURVE('',#1171,#1033,#773,.T.);
#1637=EDGE_CURVE('',#1175,#1029,#774,.T.);
#1638=EDGE_CURVE('',#1179,#1025,#775,.T.);
#1639=EDGE_CURVE('',#1183,#1021,#776,.T.);
#1640=EDGE_CURVE('',#1187,#1017,#777,.T.);
#1641=EDGE_CURVE('',#1191,#1013,#778,.T.);
#1642=EDGE_CURVE('',#1195,#1009,#779,.T.);
#1643=EDGE_CURVE('',#1199,#1005,#780,.T.);
#1644=EDGE_CURVE('',#1203,#1001,#781,.T.);
#1645=EDGE_CURVE('',#1207,#997,#782,.T.);
#1646=EDGE_CURVE('',#1211,#993,#783,.T.);
#1647=EDGE_CURVE('',#1215,#989,#784,.T.);
#1648=EDGE_CURVE('',#1219,#985,#785,.T.);
#1649=EDGE_CURVE('',#1223,#981,#786,.T.);
#1650=EDGE_CURVE('',#1227,#977,#787,.T.);
#1651=EDGE_CURVE('',#1231,#973,#788,.T.);
#1652=EDGE_CURVE('',#1168,#1233,#789,.T.);
#1653=EDGE_CURVE('',#1234,#1235,#859,.T.);
#1654=EDGE_CURVE('',#1236,#1235,#860,.T.);
#1655=EDGE_CURVE('',#1237,#1236,#861,.T.);
#1656=EDGE_CURVE('',#1237,#1234,#862,.T.);
#1657=EDGE_CURVE('',#1235,#1238,#863,.T.);
#1658=EDGE_CURVE('',#1239,#1238,#864,.T.);
#1659=EDGE_CURVE('',#1236,#1239,#865,.T.);
#1660=EDGE_CURVE('',#1238,#1234,#866,.T.);
#1661=EDGE_CURVE('',#1239,#1237,#867,.T.);
#1662=EDGE_CURVE('',#1240,#1241,#868,.T.);
#1663=EDGE_CURVE('',#1242,#1241,#869,.T.);
#1664=EDGE_CURVE('',#1243,#1242,#870,.T.);
#1665=EDGE_CURVE('',#1243,#1240,#19,.T.);
#1666=EDGE_CURVE('',#1241,#1244,#871,.T.);
#1667=EDGE_CURVE('',#1245,#1244,#20,.T.);
#1668=EDGE_CURVE('',#1242,#1245,#872,.T.);
#1669=EDGE_CURVE('',#1244,#1240,#455,.T.);
#1670=EDGE_CURVE('',#1245,#1243,#456,.T.);
#1671=EDGE_CURVE('',#1246,#1247,#873,.T.);
#1672=EDGE_CURVE('',#1242,#1247,#874,.T.);
#1673=EDGE_CURVE('',#1248,#1242,#875,.T.);
#1674=EDGE_CURVE('',#1248,#1246,#21,.T.);
#1675=EDGE_CURVE('',#1247,#1249,#876,.T.);
#1676=EDGE_CURVE('',#1250,#1249,#22,.T.);
#1677=EDGE_CURVE('',#1242,#1250,#877,.T.);
#1678=EDGE_CURVE('',#1249,#1246,#457,.T.);
#1679=EDGE_CURVE('',#1250,#1248,#458,.T.);
#1680=ORIENTED_EDGE('',*,*,#1251,.F.);
#1681=ORIENTED_EDGE('',*,*,#1252,.F.);
#1682=ORIENTED_EDGE('',*,*,#1253,.F.);
#1683=ORIENTED_EDGE('',*,*,#1254,.F.);
#1684=ORIENTED_EDGE('',*,*,#1255,.F.);
#1685=ORIENTED_EDGE('',*,*,#1256,.F.);
#1686=ORIENTED_EDGE('',*,*,#1254,.T.);
#1687=ORIENTED_EDGE('',*,*,#1257,.F.);
#1688=ORIENTED_EDGE('',*,*,#1258,.F.);
#1689=ORIENTED_EDGE('',*,*,#1259,.F.);
#1690=ORIENTED_EDGE('',*,*,#1260,.F.);
#1691=ORIENTED_EDGE('',*,*,#1261,.F.);
#1692=ORIENTED_EDGE('',*,*,#1262,.F.);
#1693=ORIENTED_EDGE('',*,*,#1263,.F.);
#1694=ORIENTED_EDGE('',*,*,#1264,.F.);
#1695=ORIENTED_EDGE('',*,*,#1265,.F.);
#1696=ORIENTED_EDGE('',*,*,#1266,.F.);
#1697=ORIENTED_EDGE('',*,*,#1267,.F.);
#1698=ORIENTED_EDGE('',*,*,#1268,.F.);
#1699=ORIENTED_EDGE('',*,*,#1269,.F.);
#1700=ORIENTED_EDGE('',*,*,#1270,.F.);
#1701=ORIENTED_EDGE('',*,*,#1271,.F.);
#1702=ORIENTED_EDGE('',*,*,#1272,.F.);
#1703=ORIENTED_EDGE('',*,*,#1273,.F.);
#1704=ORIENTED_EDGE('',*,*,#1274,.F.);
#1705=ORIENTED_EDGE('',*,*,#1275,.F.);
#1706=ORIENTED_EDGE('',*,*,#1276,.F.);
#1707=ORIENTED_EDGE('',*,*,#1277,.F.);
#1708=ORIENTED_EDGE('',*,*,#1278,.F.);
#1709=ORIENTED_EDGE('',*,*,#1279,.F.);
#1710=ORIENTED_EDGE('',*,*,#1280,.F.);
#1711=ORIENTED_EDGE('',*,*,#1281,.F.);
#1712=ORIENTED_EDGE('',*,*,#1282,.F.);
#1713=ORIENTED_EDGE('',*,*,#1283,.F.);
#1714=ORIENTED_EDGE('',*,*,#1284,.F.);
#1715=ORIENTED_EDGE('',*,*,#1285,.F.);
#1716=ORIENTED_EDGE('',*,*,#1286,.F.);
#1717=ORIENTED_EDGE('',*,*,#1287,.F.);
#1718=ORIENTED_EDGE('',*,*,#1288,.F.);
#1719=ORIENTED_EDGE('',*,*,#1289,.F.);
#1720=ORIENTED_EDGE('',*,*,#1290,.F.);
#1721=ORIENTED_EDGE('',*,*,#1291,.F.);
#1722=ORIENTED_EDGE('',*,*,#1292,.F.);
#1723=ORIENTED_EDGE('',*,*,#1293,.F.);
#1724=ORIENTED_EDGE('',*,*,#1294,.F.);
#1725=ORIENTED_EDGE('',*,*,#1295,.F.);
#1726=ORIENTED_EDGE('',*,*,#1296,.F.);
#1727=ORIENTED_EDGE('',*,*,#1297,.F.);
#1728=ORIENTED_EDGE('',*,*,#1298,.F.);
#1729=ORIENTED_EDGE('',*,*,#1299,.F.);
#1730=ORIENTED_EDGE('',*,*,#1300,.F.);
#1731=ORIENTED_EDGE('',*,*,#1301,.F.);
#1732=ORIENTED_EDGE('',*,*,#1302,.F.);
#1733=ORIENTED_EDGE('',*,*,#1303,.F.);
#1734=ORIENTED_EDGE('',*,*,#1304,.F.);
#1735=ORIENTED_EDGE('',*,*,#1305,.F.);
#1736=ORIENTED_EDGE('',*,*,#1306,.F.);
#1737=ORIENTED_EDGE('',*,*,#1307,.F.);
#1738=ORIENTED_EDGE('',*,*,#1308,.F.);
#1739=ORIENTED_EDGE('',*,*,#1309,.F.);
#1740=ORIENTED_EDGE('',*,*,#1310,.F.);
#1741=ORIENTED_EDGE('',*,*,#1311,.F.);
#1742=ORIENTED_EDGE('',*,*,#1312,.F.);
#1743=ORIENTED_EDGE('',*,*,#1313,.F.);
#1744=ORIENTED_EDGE('',*,*,#1314,.F.);
#1745=ORIENTED_EDGE('',*,*,#1315,.F.);
#1746=ORIENTED_EDGE('',*,*,#1316,.F.);
#1747=ORIENTED_EDGE('',*,*,#1317,.F.);
#1748=ORIENTED_EDGE('',*,*,#1318,.F.);
#1749=ORIENTED_EDGE('',*,*,#1319,.F.);
#1750=ORIENTED_EDGE('',*,*,#1320,.F.);
#1751=ORIENTED_EDGE('',*,*,#1321,.F.);
#1752=ORIENTED_EDGE('',*,*,#1322,.F.);
#1753=ORIENTED_EDGE('',*,*,#1323,.F.);
#1754=ORIENTED_EDGE('',*,*,#1324,.F.);
#1755=ORIENTED_EDGE('',*,*,#1325,.F.);
#1756=ORIENTED_EDGE('',*,*,#1326,.F.);
#1757=ORIENTED_EDGE('',*,*,#1327,.F.);
#1758=ORIENTED_EDGE('',*,*,#1328,.F.);
#1759=ORIENTED_EDGE('',*,*,#1329,.F.);
#1760=ORIENTED_EDGE('',*,*,#1330,.F.);
#1761=ORIENTED_EDGE('',*,*,#1331,.F.);
#1762=ORIENTED_EDGE('',*,*,#1332,.F.);
#1763=ORIENTED_EDGE('',*,*,#1333,.F.);
#1764=ORIENTED_EDGE('',*,*,#1334,.F.);
#1765=ORIENTED_EDGE('',*,*,#1335,.F.);
#1766=ORIENTED_EDGE('',*,*,#1336,.F.);
#1767=ORIENTED_EDGE('',*,*,#1337,.F.);
#1768=ORIENTED_EDGE('',*,*,#1338,.F.);
#1769=ORIENTED_EDGE('',*,*,#1339,.F.);
#1770=ORIENTED_EDGE('',*,*,#1340,.F.);
#1771=ORIENTED_EDGE('',*,*,#1341,.F.);
#1772=ORIENTED_EDGE('',*,*,#1342,.F.);
#1773=ORIENTED_EDGE('',*,*,#1343,.F.);
#1774=ORIENTED_EDGE('',*,*,#1344,.F.);
#1775=ORIENTED_EDGE('',*,*,#1345,.F.);
#1776=ORIENTED_EDGE('',*,*,#1346,.F.);
#1777=ORIENTED_EDGE('',*,*,#1347,.F.);
#1778=ORIENTED_EDGE('',*,*,#1348,.F.);
#1779=ORIENTED_EDGE('',*,*,#1349,.F.);
#1780=ORIENTED_EDGE('',*,*,#1350,.F.);
#1781=ORIENTED_EDGE('',*,*,#1351,.F.);
#1782=ORIENTED_EDGE('',*,*,#1352,.F.);
#1783=ORIENTED_EDGE('',*,*,#1353,.F.);
#1784=ORIENTED_EDGE('',*,*,#1354,.F.);
#1785=ORIENTED_EDGE('',*,*,#1355,.F.);
#1786=ORIENTED_EDGE('',*,*,#1356,.F.);
#1787=ORIENTED_EDGE('',*,*,#1357,.F.);
#1788=ORIENTED_EDGE('',*,*,#1358,.F.);
#1789=ORIENTED_EDGE('',*,*,#1359,.F.);
#1790=ORIENTED_EDGE('',*,*,#1360,.F.);
#1791=ORIENTED_EDGE('',*,*,#1361,.F.);
#1792=ORIENTED_EDGE('',*,*,#1362,.F.);
#1793=ORIENTED_EDGE('',*,*,#1363,.F.);
#1794=ORIENTED_EDGE('',*,*,#1364,.F.);
#1795=ORIENTED_EDGE('',*,*,#1365,.F.);
#1796=ORIENTED_EDGE('',*,*,#1366,.F.);
#1797=ORIENTED_EDGE('',*,*,#1367,.F.);
#1798=ORIENTED_EDGE('',*,*,#1368,.F.);
#1799=ORIENTED_EDGE('',*,*,#1369,.F.);
#1800=ORIENTED_EDGE('',*,*,#1370,.F.);
#1801=ORIENTED_EDGE('',*,*,#1371,.F.);
#1802=ORIENTED_EDGE('',*,*,#1372,.F.);
#1803=ORIENTED_EDGE('',*,*,#1373,.F.);
#1804=ORIENTED_EDGE('',*,*,#1374,.F.);
#1805=ORIENTED_EDGE('',*,*,#1375,.F.);
#1806=ORIENTED_EDGE('',*,*,#1376,.F.);
#1807=ORIENTED_EDGE('',*,*,#1377,.F.);
#1808=ORIENTED_EDGE('',*,*,#1378,.F.);
#1809=ORIENTED_EDGE('',*,*,#1379,.F.);
#1810=ORIENTED_EDGE('',*,*,#1380,.F.);
#1811=ORIENTED_EDGE('',*,*,#1381,.F.);
#1812=ORIENTED_EDGE('',*,*,#1382,.F.);
#1813=ORIENTED_EDGE('',*,*,#1383,.F.);
#1814=ORIENTED_EDGE('',*,*,#1384,.F.);
#1815=ORIENTED_EDGE('',*,*,#1385,.F.);
#1816=ORIENTED_EDGE('',*,*,#1386,.F.);
#1817=ORIENTED_EDGE('',*,*,#1387,.F.);
#1818=ORIENTED_EDGE('',*,*,#1253,.T.);
#1819=ORIENTED_EDGE('',*,*,#1388,.T.);
#1820=ORIENTED_EDGE('',*,*,#1389,.T.);
#1821=ORIENTED_EDGE('',*,*,#1390,.T.);
#1822=ORIENTED_EDGE('',*,*,#1257,.T.);
#1823=ORIENTED_EDGE('',*,*,#1252,.T.);
#1824=ORIENTED_EDGE('',*,*,#1391,.T.);
#1825=ORIENTED_EDGE('',*,*,#1388,.F.);
#1826=ORIENTED_EDGE('',*,*,#1251,.T.);
#1827=ORIENTED_EDGE('',*,*,#1392,.F.);
#1828=ORIENTED_EDGE('',*,*,#1393,.F.);
#1829=ORIENTED_EDGE('',*,*,#1394,.F.);
#1830=ORIENTED_EDGE('',*,*,#1395,.F.);
#1831=ORIENTED_EDGE('',*,*,#1396,.F.);
#1832=ORIENTED_EDGE('',*,*,#1397,.F.);
#1833=ORIENTED_EDGE('',*,*,#1398,.F.);
#1834=ORIENTED_EDGE('',*,*,#1399,.F.);
#1835=ORIENTED_EDGE('',*,*,#1400,.F.);
#1836=ORIENTED_EDGE('',*,*,#1401,.F.);
#1837=ORIENTED_EDGE('',*,*,#1402,.F.);
#1838=ORIENTED_EDGE('',*,*,#1403,.F.);
#1839=ORIENTED_EDGE('',*,*,#1404,.F.);
#1840=ORIENTED_EDGE('',*,*,#1405,.F.);
#1841=ORIENTED_EDGE('',*,*,#1406,.F.);
#1842=ORIENTED_EDGE('',*,*,#1407,.F.);
#1843=ORIENTED_EDGE('',*,*,#1408,.F.);
#1844=ORIENTED_EDGE('',*,*,#1409,.F.);
#1845=ORIENTED_EDGE('',*,*,#1410,.F.);
#1846=ORIENTED_EDGE('',*,*,#1411,.F.);
#1847=ORIENTED_EDGE('',*,*,#1412,.F.);
#1848=ORIENTED_EDGE('',*,*,#1413,.F.);
#1849=ORIENTED_EDGE('',*,*,#1414,.F.);
#1850=ORIENTED_EDGE('',*,*,#1415,.F.);
#1851=ORIENTED_EDGE('',*,*,#1416,.F.);
#1852=ORIENTED_EDGE('',*,*,#1417,.F.);
#1853=ORIENTED_EDGE('',*,*,#1418,.F.);
#1854=ORIENTED_EDGE('',*,*,#1419,.F.);
#1855=ORIENTED_EDGE('',*,*,#1420,.F.);
#1856=ORIENTED_EDGE('',*,*,#1421,.F.);
#1857=ORIENTED_EDGE('',*,*,#1422,.F.);
#1858=ORIENTED_EDGE('',*,*,#1423,.F.);
#1859=ORIENTED_EDGE('',*,*,#1424,.F.);
#1860=ORIENTED_EDGE('',*,*,#1425,.F.);
#1861=ORIENTED_EDGE('',*,*,#1426,.F.);
#1862=ORIENTED_EDGE('',*,*,#1427,.F.);
#1863=ORIENTED_EDGE('',*,*,#1428,.F.);
#1864=ORIENTED_EDGE('',*,*,#1429,.F.);
#1865=ORIENTED_EDGE('',*,*,#1430,.F.);
#1866=ORIENTED_EDGE('',*,*,#1431,.F.);
#1867=ORIENTED_EDGE('',*,*,#1432,.F.);
#1868=ORIENTED_EDGE('',*,*,#1433,.F.);
#1869=ORIENTED_EDGE('',*,*,#1434,.F.);
#1870=ORIENTED_EDGE('',*,*,#1435,.F.);
#1871=ORIENTED_EDGE('',*,*,#1436,.F.);
#1872=ORIENTED_EDGE('',*,*,#1437,.F.);
#1873=ORIENTED_EDGE('',*,*,#1438,.F.);
#1874=ORIENTED_EDGE('',*,*,#1439,.F.);
#1875=ORIENTED_EDGE('',*,*,#1440,.F.);
#1876=ORIENTED_EDGE('',*,*,#1441,.F.);
#1877=ORIENTED_EDGE('',*,*,#1442,.F.);
#1878=ORIENTED_EDGE('',*,*,#1443,.F.);
#1879=ORIENTED_EDGE('',*,*,#1444,.F.);
#1880=ORIENTED_EDGE('',*,*,#1445,.F.);
#1881=ORIENTED_EDGE('',*,*,#1446,.F.);
#1882=ORIENTED_EDGE('',*,*,#1447,.F.);
#1883=ORIENTED_EDGE('',*,*,#1448,.F.);
#1884=ORIENTED_EDGE('',*,*,#1449,.F.);
#1885=ORIENTED_EDGE('',*,*,#1450,.F.);
#1886=ORIENTED_EDGE('',*,*,#1451,.F.);
#1887=ORIENTED_EDGE('',*,*,#1452,.F.);
#1888=ORIENTED_EDGE('',*,*,#1453,.F.);
#1889=ORIENTED_EDGE('',*,*,#1454,.F.);
#1890=ORIENTED_EDGE('',*,*,#1455,.F.);
#1891=ORIENTED_EDGE('',*,*,#1456,.F.);
#1892=ORIENTED_EDGE('',*,*,#1457,.F.);
#1893=ORIENTED_EDGE('',*,*,#1458,.F.);
#1894=ORIENTED_EDGE('',*,*,#1459,.F.);
#1895=ORIENTED_EDGE('',*,*,#1460,.F.);
#1896=ORIENTED_EDGE('',*,*,#1461,.F.);
#1897=ORIENTED_EDGE('',*,*,#1462,.F.);
#1898=ORIENTED_EDGE('',*,*,#1463,.F.);
#1899=ORIENTED_EDGE('',*,*,#1464,.F.);
#1900=ORIENTED_EDGE('',*,*,#1465,.F.);
#1901=ORIENTED_EDGE('',*,*,#1466,.F.);
#1902=ORIENTED_EDGE('',*,*,#1467,.F.);
#1903=ORIENTED_EDGE('',*,*,#1468,.F.);
#1904=ORIENTED_EDGE('',*,*,#1469,.F.);
#1905=ORIENTED_EDGE('',*,*,#1470,.F.);
#1906=ORIENTED_EDGE('',*,*,#1471,.F.);
#1907=ORIENTED_EDGE('',*,*,#1472,.F.);
#1908=ORIENTED_EDGE('',*,*,#1473,.F.);
#1909=ORIENTED_EDGE('',*,*,#1474,.F.);
#1910=ORIENTED_EDGE('',*,*,#1475,.F.);
#1911=ORIENTED_EDGE('',*,*,#1476,.F.);
#1912=ORIENTED_EDGE('',*,*,#1477,.F.);
#1913=ORIENTED_EDGE('',*,*,#1478,.F.);
#1914=ORIENTED_EDGE('',*,*,#1479,.F.);
#1915=ORIENTED_EDGE('',*,*,#1480,.F.);
#1916=ORIENTED_EDGE('',*,*,#1481,.F.);
#1917=ORIENTED_EDGE('',*,*,#1482,.F.);
#1918=ORIENTED_EDGE('',*,*,#1483,.F.);
#1919=ORIENTED_EDGE('',*,*,#1484,.F.);
#1920=ORIENTED_EDGE('',*,*,#1485,.F.);
#1921=ORIENTED_EDGE('',*,*,#1486,.F.);
#1922=ORIENTED_EDGE('',*,*,#1487,.F.);
#1923=ORIENTED_EDGE('',*,*,#1488,.F.);
#1924=ORIENTED_EDGE('',*,*,#1489,.F.);
#1925=ORIENTED_EDGE('',*,*,#1490,.F.);
#1926=ORIENTED_EDGE('',*,*,#1491,.F.);
#1927=ORIENTED_EDGE('',*,*,#1492,.F.);
#1928=ORIENTED_EDGE('',*,*,#1493,.F.);
#1929=ORIENTED_EDGE('',*,*,#1494,.F.);
#1930=ORIENTED_EDGE('',*,*,#1495,.F.);
#1931=ORIENTED_EDGE('',*,*,#1496,.F.);
#1932=ORIENTED_EDGE('',*,*,#1497,.F.);
#1933=ORIENTED_EDGE('',*,*,#1498,.F.);
#1934=ORIENTED_EDGE('',*,*,#1499,.F.);
#1935=ORIENTED_EDGE('',*,*,#1500,.F.);
#1936=ORIENTED_EDGE('',*,*,#1501,.F.);
#1937=ORIENTED_EDGE('',*,*,#1502,.F.);
#1938=ORIENTED_EDGE('',*,*,#1503,.F.);
#1939=ORIENTED_EDGE('',*,*,#1504,.F.);
#1940=ORIENTED_EDGE('',*,*,#1505,.F.);
#1941=ORIENTED_EDGE('',*,*,#1506,.F.);
#1942=ORIENTED_EDGE('',*,*,#1507,.F.);
#1943=ORIENTED_EDGE('',*,*,#1508,.F.);
#1944=ORIENTED_EDGE('',*,*,#1509,.F.);
#1945=ORIENTED_EDGE('',*,*,#1510,.F.);
#1946=ORIENTED_EDGE('',*,*,#1511,.F.);
#1947=ORIENTED_EDGE('',*,*,#1512,.F.);
#1948=ORIENTED_EDGE('',*,*,#1513,.F.);
#1949=ORIENTED_EDGE('',*,*,#1514,.F.);
#1950=ORIENTED_EDGE('',*,*,#1515,.F.);
#1951=ORIENTED_EDGE('',*,*,#1516,.F.);
#1952=ORIENTED_EDGE('',*,*,#1517,.F.);
#1953=ORIENTED_EDGE('',*,*,#1518,.F.);
#1954=ORIENTED_EDGE('',*,*,#1519,.F.);
#1955=ORIENTED_EDGE('',*,*,#1520,.F.);
#1956=ORIENTED_EDGE('',*,*,#1389,.F.);
#1957=ORIENTED_EDGE('',*,*,#1391,.F.);
#1958=ORIENTED_EDGE('',*,*,#1324,.T.);
#1959=ORIENTED_EDGE('',*,*,#1521,.T.);
#1960=ORIENTED_EDGE('',*,*,#1454,.T.);
#1961=ORIENTED_EDGE('',*,*,#1522,.T.);
#1962=ORIENTED_EDGE('',*,*,#1328,.T.);
#1963=ORIENTED_EDGE('',*,*,#1523,.T.);
#1964=ORIENTED_EDGE('',*,*,#1450,.T.);
#1965=ORIENTED_EDGE('',*,*,#1524,.T.);
#1966=ORIENTED_EDGE('',*,*,#1332,.T.);
#1967=ORIENTED_EDGE('',*,*,#1525,.T.);
#1968=ORIENTED_EDGE('',*,*,#1446,.T.);
#1969=ORIENTED_EDGE('',*,*,#1526,.T.);
#1970=ORIENTED_EDGE('',*,*,#1336,.T.);
#1971=ORIENTED_EDGE('',*,*,#1527,.T.);
#1972=ORIENTED_EDGE('',*,*,#1442,.T.);
#1973=ORIENTED_EDGE('',*,*,#1528,.T.);
#1974=ORIENTED_EDGE('',*,*,#1340,.T.);
#1975=ORIENTED_EDGE('',*,*,#1529,.T.);
#1976=ORIENTED_EDGE('',*,*,#1438,.T.);
#1977=ORIENTED_EDGE('',*,*,#1530,.T.);
#1978=ORIENTED_EDGE('',*,*,#1344,.T.);
#1979=ORIENTED_EDGE('',*,*,#1531,.T.);
#1980=ORIENTED_EDGE('',*,*,#1434,.T.);
#1981=ORIENTED_EDGE('',*,*,#1532,.T.);
#1982=ORIENTED_EDGE('',*,*,#1348,.T.);
#1983=ORIENTED_EDGE('',*,*,#1533,.T.);
#1984=ORIENTED_EDGE('',*,*,#1430,.T.);
#1985=ORIENTED_EDGE('',*,*,#1534,.T.);
#1986=ORIENTED_EDGE('',*,*,#1352,.T.);
#1987=ORIENTED_EDGE('',*,*,#1535,.T.);
#1988=ORIENTED_EDGE('',*,*,#1426,.T.);
#1989=ORIENTED_EDGE('',*,*,#1536,.T.);
#1990=ORIENTED_EDGE('',*,*,#1356,.T.);
#1991=ORIENTED_EDGE('',*,*,#1537,.T.);
#1992=ORIENTED_EDGE('',*,*,#1422,.T.);
#1993=ORIENTED_EDGE('',*,*,#1538,.T.);
#1994=ORIENTED_EDGE('',*,*,#1360,.T.);
#1995=ORIENTED_EDGE('',*,*,#1539,.T.);
#1996=ORIENTED_EDGE('',*,*,#1418,.T.);
#1997=ORIENTED_EDGE('',*,*,#1540,.T.);
#1998=ORIENTED_EDGE('',*,*,#1364,.T.);
#1999=ORIENTED_EDGE('',*,*,#1541,.T.);
#2000=ORIENTED_EDGE('',*,*,#1414,.T.);
#2001=ORIENTED_EDGE('',*,*,#1542,.T.);
#2002=ORIENTED_EDGE('',*,*,#1368,.T.);
#2003=ORIENTED_EDGE('',*,*,#1543,.T.);
#2004=ORIENTED_EDGE('',*,*,#1410,.T.);
#2005=ORIENTED_EDGE('',*,*,#1544,.T.);
#2006=ORIENTED_EDGE('',*,*,#1372,.T.);
#2007=ORIENTED_EDGE('',*,*,#1545,.T.);
#2008=ORIENTED_EDGE('',*,*,#1406,.T.);
#2009=ORIENTED_EDGE('',*,*,#1546,.T.);
#2010=ORIENTED_EDGE('',*,*,#1376,.T.);
#2011=ORIENTED_EDGE('',*,*,#1547,.T.);
#2012=ORIENTED_EDGE('',*,*,#1402,.T.);
#2013=ORIENTED_EDGE('',*,*,#1548,.T.);
#2014=ORIENTED_EDGE('',*,*,#1380,.T.);
#2015=ORIENTED_EDGE('',*,*,#1549,.T.);
#2016=ORIENTED_EDGE('',*,*,#1398,.T.);
#2017=ORIENTED_EDGE('',*,*,#1550,.T.);
#2018=ORIENTED_EDGE('',*,*,#1384,.T.);
#2019=ORIENTED_EDGE('',*,*,#1551,.T.);
#2020=ORIENTED_EDGE('',*,*,#1394,.T.);
#2021=ORIENTED_EDGE('',*,*,#1552,.T.);
#2022=ORIENTED_EDGE('',*,*,#1321,.T.);
#2023=ORIENTED_EDGE('',*,*,#1553,.T.);
#2024=ORIENTED_EDGE('',*,*,#1554,.T.);
#2025=ORIENTED_EDGE('',*,*,#1317,.T.);
#2026=ORIENTED_EDGE('',*,*,#1555,.T.);
#2027=ORIENTED_EDGE('',*,*,#1461,.T.);
#2028=ORIENTED_EDGE('',*,*,#1556,.T.);
#2029=ORIENTED_EDGE('',*,*,#1313,.T.);
#2030=ORIENTED_EDGE('',*,*,#1557,.T.);
#2031=ORIENTED_EDGE('',*,*,#1465,.T.);
#2032=ORIENTED_EDGE('',*,*,#1558,.T.);
#2033=ORIENTED_EDGE('',*,*,#1309,.T.);
#2034=ORIENTED_EDGE('',*,*,#1559,.T.);
#2035=ORIENTED_EDGE('',*,*,#1469,.T.);
#2036=ORIENTED_EDGE('',*,*,#1560,.T.);
#2037=ORIENTED_EDGE('',*,*,#1305,.T.);
#2038=ORIENTED_EDGE('',*,*,#1561,.T.);
#2039=ORIENTED_EDGE('',*,*,#1473,.T.);
#2040=ORIENTED_EDGE('',*,*,#1562,.T.);
#2041=ORIENTED_EDGE('',*,*,#1301,.T.);
#2042=ORIENTED_EDGE('',*,*,#1563,.T.);
#2043=ORIENTED_EDGE('',*,*,#1477,.T.);
#2044=ORIENTED_EDGE('',*,*,#1564,.T.);
#2045=ORIENTED_EDGE('',*,*,#1297,.T.);
#2046=ORIENTED_EDGE('',*,*,#1565,.T.);
#2047=ORIENTED_EDGE('',*,*,#1481,.T.);
#2048=ORIENTED_EDGE('',*,*,#1566,.T.);
#2049=ORIENTED_EDGE('',*,*,#1293,.T.);
#2050=ORIENTED_EDGE('',*,*,#1567,.T.);
#2051=ORIENTED_EDGE('',*,*,#1485,.T.);
#2052=ORIENTED_EDGE('',*,*,#1568,.T.);
#2053=ORIENTED_EDGE('',*,*,#1289,.T.);
#2054=ORIENTED_EDGE('',*,*,#1569,.T.);
#2055=ORIENTED_EDGE('',*,*,#1489,.T.);
#2056=ORIENTED_EDGE('',*,*,#1570,.T.);
#2057=ORIENTED_EDGE('',*,*,#1285,.T.);
#2058=ORIENTED_EDGE('',*,*,#1571,.T.);
#2059=ORIENTED_EDGE('',*,*,#1493,.T.);
#2060=ORIENTED_EDGE('',*,*,#1572,.T.);
#2061=ORIENTED_EDGE('',*,*,#1281,.T.);
#2062=ORIENTED_EDGE('',*,*,#1573,.T.);
#2063=ORIENTED_EDGE('',*,*,#1497,.T.);
#2064=ORIENTED_EDGE('',*,*,#1574,.T.);
#2065=ORIENTED_EDGE('',*,*,#1277,.T.);
#2066=ORIENTED_EDGE('',*,*,#1575,.T.);
#2067=ORIENTED_EDGE('',*,*,#1501,.T.);
#2068=ORIENTED_EDGE('',*,*,#1576,.T.);
#2069=ORIENTED_EDGE('',*,*,#1273,.T.);
#2070=ORIENTED_EDGE('',*,*,#1577,.T.);
#2071=ORIENTED_EDGE('',*,*,#1505,.T.);
#2072=ORIENTED_EDGE('',*,*,#1578,.T.);
#2073=ORIENTED_EDGE('',*,*,#1269,.T.);
#2074=ORIENTED_EDGE('',*,*,#1579,.T.);
#2075=ORIENTED_EDGE('',*,*,#1509,.T.);
#2076=ORIENTED_EDGE('',*,*,#1580,.T.);
#2077=ORIENTED_EDGE('',*,*,#1265,.T.);
#2078=ORIENTED_EDGE('',*,*,#1581,.T.);
#2079=ORIENTED_EDGE('',*,*,#1513,.T.);
#2080=ORIENTED_EDGE('',*,*,#1582,.T.);
#2081=ORIENTED_EDGE('',*,*,#1261,.T.);
#2082=ORIENTED_EDGE('',*,*,#1583,.T.);
#2083=ORIENTED_EDGE('',*,*,#1517,.T.);
#2084=ORIENTED_EDGE('',*,*,#1584,.T.);
#2085=ORIENTED_EDGE('',*,*,#1325,.T.);
#2086=ORIENTED_EDGE('',*,*,#1522,.F.);
#2087=ORIENTED_EDGE('',*,*,#1453,.T.);
#2088=ORIENTED_EDGE('',*,*,#1585,.F.);
#2089=ORIENTED_EDGE('',*,*,#1329,.T.);
#2090=ORIENTED_EDGE('',*,*,#1524,.F.);
#2091=ORIENTED_EDGE('',*,*,#1449,.T.);
#2092=ORIENTED_EDGE('',*,*,#1586,.F.);
#2093=ORIENTED_EDGE('',*,*,#1333,.T.);
#2094=ORIENTED_EDGE('',*,*,#1526,.F.);
#2095=ORIENTED_EDGE('',*,*,#1445,.T.);
#2096=ORIENTED_EDGE('',*,*,#1587,.F.);
#2097=ORIENTED_EDGE('',*,*,#1337,.T.);
#2098=ORIENTED_EDGE('',*,*,#1528,.F.);
#2099=ORIENTED_EDGE('',*,*,#1441,.T.);
#2100=ORIENTED_EDGE('',*,*,#1588,.F.);
#2101=ORIENTED_EDGE('',*,*,#1341,.T.);
#2102=ORIENTED_EDGE('',*,*,#1530,.F.);
#2103=ORIENTED_EDGE('',*,*,#1437,.T.);
#2104=ORIENTED_EDGE('',*,*,#1589,.F.);
#2105=ORIENTED_EDGE('',*,*,#1345,.T.);
#2106=ORIENTED_EDGE('',*,*,#1532,.F.);
#2107=ORIENTED_EDGE('',*,*,#1433,.T.);
#2108=ORIENTED_EDGE('',*,*,#1590,.F.);
#2109=ORIENTED_EDGE('',*,*,#1349,.T.);
#2110=ORIENTED_EDGE('',*,*,#1534,.F.);
#2111=ORIENTED_EDGE('',*,*,#1429,.T.);
#2112=ORIENTED_EDGE('',*,*,#1591,.F.);
#2113=ORIENTED_EDGE('',*,*,#1353,.T.);
#2114=ORIENTED_EDGE('',*,*,#1536,.F.);
#2115=ORIENTED_EDGE('',*,*,#1425,.T.);
#2116=ORIENTED_EDGE('',*,*,#1592,.F.);
#2117=ORIENTED_EDGE('',*,*,#1357,.T.);
#2118=ORIENTED_EDGE('',*,*,#1538,.F.);
#2119=ORIENTED_EDGE('',*,*,#1421,.T.);
#2120=ORIENTED_EDGE('',*,*,#1593,.F.);
#2121=ORIENTED_EDGE('',*,*,#1361,.T.);
#2122=ORIENTED_EDGE('',*,*,#1540,.F.);
#2123=ORIENTED_EDGE('',*,*,#1417,.T.);
#2124=ORIENTED_EDGE('',*,*,#1594,.F.);
#2125=ORIENTED_EDGE('',*,*,#1365,.T.);
#2126=ORIENTED_EDGE('',*,*,#1542,.F.);
#2127=ORIENTED_EDGE('',*,*,#1413,.T.);
#2128=ORIENTED_EDGE('',*,*,#1595,.F.);
#2129=ORIENTED_EDGE('',*,*,#1369,.T.);
#2130=ORIENTED_EDGE('',*,*,#1544,.F.);
#2131=ORIENTED_EDGE('',*,*,#1409,.T.);
#2132=ORIENTED_EDGE('',*,*,#1596,.F.);
#2133=ORIENTED_EDGE('',*,*,#1373,.T.);
#2134=ORIENTED_EDGE('',*,*,#1546,.F.);
#2135=ORIENTED_EDGE('',*,*,#1405,.T.);
#2136=ORIENTED_EDGE('',*,*,#1597,.F.);
#2137=ORIENTED_EDGE('',*,*,#1377,.T.);
#2138=ORIENTED_EDGE('',*,*,#1548,.F.);
#2139=ORIENTED_EDGE('',*,*,#1401,.T.);
#2140=ORIENTED_EDGE('',*,*,#1598,.F.);
#2141=ORIENTED_EDGE('',*,*,#1381,.T.);
#2142=ORIENTED_EDGE('',*,*,#1550,.F.);
#2143=ORIENTED_EDGE('',*,*,#1397,.T.);
#2144=ORIENTED_EDGE('',*,*,#1599,.F.);
#2145=ORIENTED_EDGE('',*,*,#1385,.T.);
#2146=ORIENTED_EDGE('',*,*,#1552,.F.);
#2147=ORIENTED_EDGE('',*,*,#1393,.T.);
#2148=ORIENTED_EDGE('',*,*,#1600,.F.);
#2149=ORIENTED_EDGE('',*,*,#1320,.T.);
#2150=ORIENTED_EDGE('',*,*,#1601,.F.);
#2151=ORIENTED_EDGE('',*,*,#1458,.T.);
#2152=ORIENTED_EDGE('',*,*,#1602,.F.);
#2153=ORIENTED_EDGE('',*,*,#1553,.F.);
#2154=ORIENTED_EDGE('',*,*,#1316,.T.);
#2155=ORIENTED_EDGE('',*,*,#1603,.F.);
#2156=ORIENTED_EDGE('',*,*,#1462,.T.);
#2157=ORIENTED_EDGE('',*,*,#1555,.F.);
#2158=ORIENTED_EDGE('',*,*,#1312,.T.);
#2159=ORIENTED_EDGE('',*,*,#1604,.F.);
#2160=ORIENTED_EDGE('',*,*,#1466,.T.);
#2161=ORIENTED_EDGE('',*,*,#1557,.F.);
#2162=ORIENTED_EDGE('',*,*,#1308,.T.);
#2163=ORIENTED_EDGE('',*,*,#1605,.F.);
#2164=ORIENTED_EDGE('',*,*,#1470,.T.);
#2165=ORIENTED_EDGE('',*,*,#1559,.F.);
#2166=ORIENTED_EDGE('',*,*,#1304,.T.);
#2167=ORIENTED_EDGE('',*,*,#1606,.F.);
#2168=ORIENTED_EDGE('',*,*,#1474,.T.);
#2169=ORIENTED_EDGE('',*,*,#1561,.F.);
#2170=ORIENTED_EDGE('',*,*,#1300,.T.);
#2171=ORIENTED_EDGE('',*,*,#1607,.F.);
#2172=ORIENTED_EDGE('',*,*,#1478,.T.);
#2173=ORIENTED_EDGE('',*,*,#1563,.F.);
#2174=ORIENTED_EDGE('',*,*,#1296,.T.);
#2175=ORIENTED_EDGE('',*,*,#1608,.F.);
#2176=ORIENTED_EDGE('',*,*,#1482,.T.);
#2177=ORIENTED_EDGE('',*,*,#1565,.F.);
#2178=ORIENTED_EDGE('',*,*,#1292,.T.);
#2179=ORIENTED_EDGE('',*,*,#1609,.F.);
#2180=ORIENTED_EDGE('',*,*,#1486,.T.);
#2181=ORIENTED_EDGE('',*,*,#1567,.F.);
#2182=ORIENTED_EDGE('',*,*,#1288,.T.);
#2183=ORIENTED_EDGE('',*,*,#1610,.F.);
#2184=ORIENTED_EDGE('',*,*,#1490,.T.);
#2185=ORIENTED_EDGE('',*,*,#1569,.F.);
#2186=ORIENTED_EDGE('',*,*,#1284,.T.);
#2187=ORIENTED_EDGE('',*,*,#1611,.F.);
#2188=ORIENTED_EDGE('',*,*,#1494,.T.);
#2189=ORIENTED_EDGE('',*,*,#1571,.F.);
#2190=ORIENTED_EDGE('',*,*,#1280,.T.);
#2191=ORIENTED_EDGE('',*,*,#1612,.F.);
#2192=ORIENTED_EDGE('',*,*,#1498,.T.);
#2193=ORIENTED_EDGE('',*,*,#1573,.F.);
#2194=ORIENTED_EDGE('',*,*,#1276,.T.);
#2195=ORIENTED_EDGE('',*,*,#1613,.F.);
#2196=ORIENTED_EDGE('',*,*,#1502,.T.);
#2197=ORIENTED_EDGE('',*,*,#1575,.F.);
#2198=ORIENTED_EDGE('',*,*,#1272,.T.);
#2199=ORIENTED_EDGE('',*,*,#1614,.F.);
#2200=ORIENTED_EDGE('',*,*,#1506,.T.);
#2201=ORIENTED_EDGE('',*,*,#1577,.F.);
#2202=ORIENTED_EDGE('',*,*,#1268,.T.);
#2203=ORIENTED_EDGE('',*,*,#1615,.F.);
#2204=ORIENTED_EDGE('',*,*,#1510,.T.);
#2205=ORIENTED_EDGE('',*,*,#1579,.F.);
#2206=ORIENTED_EDGE('',*,*,#1264,.T.);
#2207=ORIENTED_EDGE('',*,*,#1616,.F.);
#2208=ORIENTED_EDGE('',*,*,#1514,.T.);
#2209=ORIENTED_EDGE('',*,*,#1581,.F.);
#2210=ORIENTED_EDGE('',*,*,#1260,.T.);
#2211=ORIENTED_EDGE('',*,*,#1617,.F.);
#2212=ORIENTED_EDGE('',*,*,#1518,.T.);
#2213=ORIENTED_EDGE('',*,*,#1583,.F.);
#2214=ORIENTED_EDGE('',*,*,#1327,.T.);
#2215=ORIENTED_EDGE('',*,*,#1618,.T.);
#2216=ORIENTED_EDGE('',*,*,#1451,.T.);
#2217=ORIENTED_EDGE('',*,*,#1523,.F.);
#2218=ORIENTED_EDGE('',*,*,#1331,.T.);
#2219=ORIENTED_EDGE('',*,*,#1619,.T.);
#2220=ORIENTED_EDGE('',*,*,#1447,.T.);
#2221=ORIENTED_EDGE('',*,*,#1525,.F.);
#2222=ORIENTED_EDGE('',*,*,#1335,.T.);
#2223=ORIENTED_EDGE('',*,*,#1620,.T.);
#2224=ORIENTED_EDGE('',*,*,#1443,.T.);
#2225=ORIENTED_EDGE('',*,*,#1527,.F.);
#2226=ORIENTED_EDGE('',*,*,#1339,.T.);
#2227=ORIENTED_EDGE('',*,*,#1621,.T.);
#2228=ORIENTED_EDGE('',*,*,#1439,.T.);
#2229=ORIENTED_EDGE('',*,*,#1529,.F.);
#2230=ORIENTED_EDGE('',*,*,#1343,.T.);
#2231=ORIENTED_EDGE('',*,*,#1622,.T.);
#2232=ORIENTED_EDGE('',*,*,#1435,.T.);
#2233=ORIENTED_EDGE('',*,*,#1531,.F.);
#2234=ORIENTED_EDGE('',*,*,#1347,.T.);
#2235=ORIENTED_EDGE('',*,*,#1623,.T.);
#2236=ORIENTED_EDGE('',*,*,#1431,.T.);
#2237=ORIENTED_EDGE('',*,*,#1533,.F.);
#2238=ORIENTED_EDGE('',*,*,#1351,.T.);
#2239=ORIENTED_EDGE('',*,*,#1624,.T.);
#2240=ORIENTED_EDGE('',*,*,#1427,.T.);
#2241=ORIENTED_EDGE('',*,*,#1535,.F.);
#2242=ORIENTED_EDGE('',*,*,#1355,.T.);
#2243=ORIENTED_EDGE('',*,*,#1625,.T.);
#2244=ORIENTED_EDGE('',*,*,#1423,.T.);
#2245=ORIENTED_EDGE('',*,*,#1537,.F.);
#2246=ORIENTED_EDGE('',*,*,#1359,.T.);
#2247=ORIENTED_EDGE('',*,*,#1626,.T.);
#2248=ORIENTED_EDGE('',*,*,#1419,.T.);
#2249=ORIENTED_EDGE('',*,*,#1539,.F.);
#2250=ORIENTED_EDGE('',*,*,#1363,.T.);
#2251=ORIENTED_EDGE('',*,*,#1627,.T.);
#2252=ORIENTED_EDGE('',*,*,#1415,.T.);
#2253=ORIENTED_EDGE('',*,*,#1541,.F.);
#2254=ORIENTED_EDGE('',*,*,#1367,.T.);
#2255=ORIENTED_EDGE('',*,*,#1628,.T.);
#2256=ORIENTED_EDGE('',*,*,#1411,.T.);
#2257=ORIENTED_EDGE('',*,*,#1543,.F.);
#2258=ORIENTED_EDGE('',*,*,#1371,.T.);
#2259=ORIENTED_EDGE('',*,*,#1629,.T.);
#2260=ORIENTED_EDGE('',*,*,#1407,.T.);
#2261=ORIENTED_EDGE('',*,*,#1545,.F.);
#2262=ORIENTED_EDGE('',*,*,#1375,.T.);
#2263=ORIENTED_EDGE('',*,*,#1630,.T.);
#2264=ORIENTED_EDGE('',*,*,#1403,.T.);
#2265=ORIENTED_EDGE('',*,*,#1547,.F.);
#2266=ORIENTED_EDGE('',*,*,#1379,.T.);
#2267=ORIENTED_EDGE('',*,*,#1631,.T.);
#2268=ORIENTED_EDGE('',*,*,#1399,.T.);
#2269=ORIENTED_EDGE('',*,*,#1549,.F.);
#2270=ORIENTED_EDGE('',*,*,#1383,.T.);
#2271=ORIENTED_EDGE('',*,*,#1632,.T.);
#2272=ORIENTED_EDGE('',*,*,#1395,.T.);
#2273=ORIENTED_EDGE('',*,*,#1551,.F.);
#2274=ORIENTED_EDGE('',*,*,#1255,.T.);
#2275=ORIENTED_EDGE('',*,*,#1387,.T.);
#2276=ORIENTED_EDGE('',*,*,#1633,.T.);
#2277=ORIENTED_EDGE('',*,*,#1323,.T.);
#2278=ORIENTED_EDGE('',*,*,#1634,.F.);
#2279=ORIENTED_EDGE('',*,*,#1635,.T.);
#2280=ORIENTED_EDGE('',*,*,#1455,.T.);
#2281=ORIENTED_EDGE('',*,*,#1521,.F.);
#2282=ORIENTED_EDGE('',*,*,#1318,.T.);
#2283=ORIENTED_EDGE('',*,*,#1556,.F.);
#2284=ORIENTED_EDGE('',*,*,#1460,.T.);
#2285=ORIENTED_EDGE('',*,*,#1636,.T.);
#2286=ORIENTED_EDGE('',*,*,#1314,.T.);
#2287=ORIENTED_EDGE('',*,*,#1558,.F.);
#2288=ORIENTED_EDGE('',*,*,#1464,.T.);
#2289=ORIENTED_EDGE('',*,*,#1637,.T.);
#2290=ORIENTED_EDGE('',*,*,#1310,.T.);
#2291=ORIENTED_EDGE('',*,*,#1560,.F.);
#2292=ORIENTED_EDGE('',*,*,#1468,.T.);
#2293=ORIENTED_EDGE('',*,*,#1638,.T.);
#2294=ORIENTED_EDGE('',*,*,#1306,.T.);
#2295=ORIENTED_EDGE('',*,*,#1562,.F.);
#2296=ORIENTED_EDGE('',*,*,#1472,.T.);
#2297=ORIENTED_EDGE('',*,*,#1639,.T.);
#2298=ORIENTED_EDGE('',*,*,#1302,.T.);
#2299=ORIENTED_EDGE('',*,*,#1564,.F.);
#2300=ORIENTED_EDGE('',*,*,#1476,.T.);
#2301=ORIENTED_EDGE('',*,*,#1640,.T.);
#2302=ORIENTED_EDGE('',*,*,#1298,.T.);
#2303=ORIENTED_EDGE('',*,*,#1566,.F.);
#2304=ORIENTED_EDGE('',*,*,#1480,.T.);
#2305=ORIENTED_EDGE('',*,*,#1641,.T.);
#2306=ORIENTED_EDGE('',*,*,#1294,.T.);
#2307=ORIENTED_EDGE('',*,*,#1568,.F.);
#2308=ORIENTED_EDGE('',*,*,#1484,.T.);
#2309=ORIENTED_EDGE('',*,*,#1642,.T.);
#2310=ORIENTED_EDGE('',*,*,#1290,.T.);
#2311=ORIENTED_EDGE('',*,*,#1570,.F.);
#2312=ORIENTED_EDGE('',*,*,#1488,.T.);
#2313=ORIENTED_EDGE('',*,*,#1643,.T.);
#2314=ORIENTED_EDGE('',*,*,#1286,.T.);
#2315=ORIENTED_EDGE('',*,*,#1572,.F.);
#2316=ORIENTED_EDGE('',*,*,#1492,.T.);
#2317=ORIENTED_EDGE('',*,*,#1644,.T.);
#2318=ORIENTED_EDGE('',*,*,#1282,.T.);
#2319=ORIENTED_EDGE('',*,*,#1574,.F.);
#2320=ORIENTED_EDGE('',*,*,#1496,.T.);
#2321=ORIENTED_EDGE('',*,*,#1645,.T.);
#2322=ORIENTED_EDGE('',*,*,#1278,.T.);
#2323=ORIENTED_EDGE('',*,*,#1576,.F.);
#2324=ORIENTED_EDGE('',*,*,#1500,.T.);
#2325=ORIENTED_EDGE('',*,*,#1646,.T.);
#2326=ORIENTED_EDGE('',*,*,#1274,.T.);
#2327=ORIENTED_EDGE('',*,*,#1578,.F.);
#2328=ORIENTED_EDGE('',*,*,#1504,.T.);
#2329=ORIENTED_EDGE('',*,*,#1647,.T.);
#2330=ORIENTED_EDGE('',*,*,#1270,.T.);
#2331=ORIENTED_EDGE('',*,*,#1580,.F.);
#2332=ORIENTED_EDGE('',*,*,#1508,.T.);
#2333=ORIENTED_EDGE('',*,*,#1648,.T.);
#2334=ORIENTED_EDGE('',*,*,#1266,.T.);
#2335=ORIENTED_EDGE('',*,*,#1582,.F.);
#2336=ORIENTED_EDGE('',*,*,#1512,.T.);
#2337=ORIENTED_EDGE('',*,*,#1649,.T.);
#2338=ORIENTED_EDGE('',*,*,#1262,.T.);
#2339=ORIENTED_EDGE('',*,*,#1584,.F.);
#2340=ORIENTED_EDGE('',*,*,#1516,.T.);
#2341=ORIENTED_EDGE('',*,*,#1650,.T.);
#2342=ORIENTED_EDGE('',*,*,#1258,.T.);
#2343=ORIENTED_EDGE('',*,*,#1390,.F.);
#2344=ORIENTED_EDGE('',*,*,#1520,.T.);
#2345=ORIENTED_EDGE('',*,*,#1651,.T.);
#2346=ORIENTED_EDGE('',*,*,#1456,.T.);
#2347=ORIENTED_EDGE('',*,*,#1635,.F.);
#2348=ORIENTED_EDGE('',*,*,#1652,.F.);
#2349=ORIENTED_EDGE('',*,*,#1326,.T.);
#2350=ORIENTED_EDGE('',*,*,#1585,.T.);
#2351=ORIENTED_EDGE('',*,*,#1452,.T.);
#2352=ORIENTED_EDGE('',*,*,#1618,.F.);
#2353=ORIENTED_EDGE('',*,*,#1330,.T.);
#2354=ORIENTED_EDGE('',*,*,#1586,.T.);
#2355=ORIENTED_EDGE('',*,*,#1448,.T.);
#2356=ORIENTED_EDGE('',*,*,#1619,.F.);
#2357=ORIENTED_EDGE('',*,*,#1334,.T.);
#2358=ORIENTED_EDGE('',*,*,#1587,.T.);
#2359=ORIENTED_EDGE('',*,*,#1444,.T.);
#2360=ORIENTED_EDGE('',*,*,#1620,.F.);
#2361=ORIENTED_EDGE('',*,*,#1338,.T.);
#2362=ORIENTED_EDGE('',*,*,#1588,.T.);
#2363=ORIENTED_EDGE('',*,*,#1440,.T.);
#2364=ORIENTED_EDGE('',*,*,#1621,.F.);
#2365=ORIENTED_EDGE('',*,*,#1342,.T.);
#2366=ORIENTED_EDGE('',*,*,#1589,.T.);
#2367=ORIENTED_EDGE('',*,*,#1436,.T.);
#2368=ORIENTED_EDGE('',*,*,#1622,.F.);
#2369=ORIENTED_EDGE('',*,*,#1346,.T.);
#2370=ORIENTED_EDGE('',*,*,#1590,.T.);
#2371=ORIENTED_EDGE('',*,*,#1432,.T.);
#2372=ORIENTED_EDGE('',*,*,#1623,.F.);
#2373=ORIENTED_EDGE('',*,*,#1350,.T.);
#2374=ORIENTED_EDGE('',*,*,#1591,.T.);
#2375=ORIENTED_EDGE('',*,*,#1428,.T.);
#2376=ORIENTED_EDGE('',*,*,#1624,.F.);
#2377=ORIENTED_EDGE('',*,*,#1354,.T.);
#2378=ORIENTED_EDGE('',*,*,#1592,.T.);
#2379=ORIENTED_EDGE('',*,*,#1424,.T.);
#2380=ORIENTED_EDGE('',*,*,#1625,.F.);
#2381=ORIENTED_EDGE('',*,*,#1358,.T.);
#2382=ORIENTED_EDGE('',*,*,#1593,.T.);
#2383=ORIENTED_EDGE('',*,*,#1420,.T.);
#2384=ORIENTED_EDGE('',*,*,#1626,.F.);
#2385=ORIENTED_EDGE('',*,*,#1362,.T.);
#2386=ORIENTED_EDGE('',*,*,#1594,.T.);
#2387=ORIENTED_EDGE('',*,*,#1416,.T.);
#2388=ORIENTED_EDGE('',*,*,#1627,.F.);
#2389=ORIENTED_EDGE('',*,*,#1366,.T.);
#2390=ORIENTED_EDGE('',*,*,#1595,.T.);
#2391=ORIENTED_EDGE('',*,*,#1412,.T.);
#2392=ORIENTED_EDGE('',*,*,#1628,.F.);
#2393=ORIENTED_EDGE('',*,*,#1370,.T.);
#2394=ORIENTED_EDGE('',*,*,#1596,.T.);
#2395=ORIENTED_EDGE('',*,*,#1408,.T.);
#2396=ORIENTED_EDGE('',*,*,#1629,.F.);
#2397=ORIENTED_EDGE('',*,*,#1374,.T.);
#2398=ORIENTED_EDGE('',*,*,#1597,.T.);
#2399=ORIENTED_EDGE('',*,*,#1404,.T.);
#2400=ORIENTED_EDGE('',*,*,#1630,.F.);
#2401=ORIENTED_EDGE('',*,*,#1378,.T.);
#2402=ORIENTED_EDGE('',*,*,#1598,.T.);
#2403=ORIENTED_EDGE('',*,*,#1400,.T.);
#2404=ORIENTED_EDGE('',*,*,#1631,.F.);
#2405=ORIENTED_EDGE('',*,*,#1382,.T.);
#2406=ORIENTED_EDGE('',*,*,#1599,.T.);
#2407=ORIENTED_EDGE('',*,*,#1396,.T.);
#2408=ORIENTED_EDGE('',*,*,#1632,.F.);
#2409=ORIENTED_EDGE('',*,*,#1256,.T.);
#2410=ORIENTED_EDGE('',*,*,#1633,.F.);
#2411=ORIENTED_EDGE('',*,*,#1386,.T.);
#2412=ORIENTED_EDGE('',*,*,#1600,.T.);
#2413=ORIENTED_EDGE('',*,*,#1392,.T.);
#2414=ORIENTED_EDGE('',*,*,#1319,.T.);
#2415=ORIENTED_EDGE('',*,*,#1636,.F.);
#2416=ORIENTED_EDGE('',*,*,#1459,.T.);
#2417=ORIENTED_EDGE('',*,*,#1601,.T.);
#2418=ORIENTED_EDGE('',*,*,#1315,.T.);
#2419=ORIENTED_EDGE('',*,*,#1637,.F.);
#2420=ORIENTED_EDGE('',*,*,#1463,.T.);
#2421=ORIENTED_EDGE('',*,*,#1603,.T.);
#2422=ORIENTED_EDGE('',*,*,#1311,.T.);
#2423=ORIENTED_EDGE('',*,*,#1638,.F.);
#2424=ORIENTED_EDGE('',*,*,#1467,.T.);
#2425=ORIENTED_EDGE('',*,*,#1604,.T.);
#2426=ORIENTED_EDGE('',*,*,#1307,.T.);
#2427=ORIENTED_EDGE('',*,*,#1639,.F.);
#2428=ORIENTED_EDGE('',*,*,#1471,.T.);
#2429=ORIENTED_EDGE('',*,*,#1605,.T.);
#2430=ORIENTED_EDGE('',*,*,#1303,.T.);
#2431=ORIENTED_EDGE('',*,*,#1640,.F.);
#2432=ORIENTED_EDGE('',*,*,#1475,.T.);
#2433=ORIENTED_EDGE('',*,*,#1606,.T.);
#2434=ORIENTED_EDGE('',*,*,#1299,.T.);
#2435=ORIENTED_EDGE('',*,*,#1641,.F.);
#2436=ORIENTED_EDGE('',*,*,#1479,.T.);
#2437=ORIENTED_EDGE('',*,*,#1607,.T.);
#2438=ORIENTED_EDGE('',*,*,#1295,.T.);
#2439=ORIENTED_EDGE('',*,*,#1642,.F.);
#2440=ORIENTED_EDGE('',*,*,#1483,.T.);
#2441=ORIENTED_EDGE('',*,*,#1608,.T.);
#2442=ORIENTED_EDGE('',*,*,#1291,.T.);
#2443=ORIENTED_EDGE('',*,*,#1643,.F.);
#2444=ORIENTED_EDGE('',*,*,#1487,.T.);
#2445=ORIENTED_EDGE('',*,*,#1609,.T.);
#2446=ORIENTED_EDGE('',*,*,#1287,.T.);
#2447=ORIENTED_EDGE('',*,*,#1644,.F.);
#2448=ORIENTED_EDGE('',*,*,#1491,.T.);
#2449=ORIENTED_EDGE('',*,*,#1610,.T.);
#2450=ORIENTED_EDGE('',*,*,#1283,.T.);
#2451=ORIENTED_EDGE('',*,*,#1645,.F.);
#2452=ORIENTED_EDGE('',*,*,#1495,.T.);
#2453=ORIENTED_EDGE('',*,*,#1611,.T.);
#2454=ORIENTED_EDGE('',*,*,#1279,.T.);
#2455=ORIENTED_EDGE('',*,*,#1646,.F.);
#2456=ORIENTED_EDGE('',*,*,#1499,.T.);
#2457=ORIENTED_EDGE('',*,*,#1612,.T.);
#2458=ORIENTED_EDGE('',*,*,#1275,.T.);
#2459=ORIENTED_EDGE('',*,*,#1647,.F.);
#2460=ORIENTED_EDGE('',*,*,#1503,.T.);
#2461=ORIENTED_EDGE('',*,*,#1613,.T.);
#2462=ORIENTED_EDGE('',*,*,#1271,.T.);
#2463=ORIENTED_EDGE('',*,*,#1648,.F.);
#2464=ORIENTED_EDGE('',*,*,#1507,.T.);
#2465=ORIENTED_EDGE('',*,*,#1614,.T.);
#2466=ORIENTED_EDGE('',*,*,#1267,.T.);
#2467=ORIENTED_EDGE('',*,*,#1649,.F.);
#2468=ORIENTED_EDGE('',*,*,#1511,.T.);
#2469=ORIENTED_EDGE('',*,*,#1615,.T.);
#2470=ORIENTED_EDGE('',*,*,#1263,.T.);
#2471=ORIENTED_EDGE('',*,*,#1650,.F.);
#2472=ORIENTED_EDGE('',*,*,#1515,.T.);
#2473=ORIENTED_EDGE('',*,*,#1616,.T.);
#2474=ORIENTED_EDGE('',*,*,#1259,.T.);
#2475=ORIENTED_EDGE('',*,*,#1651,.F.);
#2476=ORIENTED_EDGE('',*,*,#1519,.T.);
#2477=ORIENTED_EDGE('',*,*,#1617,.T.);
#2478=ORIENTED_EDGE('',*,*,#1653,.T.);
#2479=ORIENTED_EDGE('',*,*,#1654,.F.);
#2480=ORIENTED_EDGE('',*,*,#1655,.F.);
#2481=ORIENTED_EDGE('',*,*,#1656,.T.);
#2482=ORIENTED_EDGE('',*,*,#1657,.T.);
#2483=ORIENTED_EDGE('',*,*,#1658,.F.);
#2484=ORIENTED_EDGE('',*,*,#1659,.F.);
#2485=ORIENTED_EDGE('',*,*,#1654,.T.);
#2486=ORIENTED_EDGE('',*,*,#1660,.T.);
#2487=ORIENTED_EDGE('',*,*,#1656,.F.);
#2488=ORIENTED_EDGE('',*,*,#1661,.F.);
#2489=ORIENTED_EDGE('',*,*,#1658,.T.);
#2490=ORIENTED_EDGE('',*,*,#1653,.F.);
#2491=ORIENTED_EDGE('',*,*,#1660,.F.);
#2492=ORIENTED_EDGE('',*,*,#1657,.F.);
#2493=ORIENTED_EDGE('',*,*,#1662,.T.);
#2494=ORIENTED_EDGE('',*,*,#1663,.F.);
#2495=ORIENTED_EDGE('',*,*,#1664,.F.);
#2496=ORIENTED_EDGE('',*,*,#1665,.T.);
#2497=ORIENTED_EDGE('',*,*,#1666,.T.);
#2498=ORIENTED_EDGE('',*,*,#1667,.F.);
#2499=ORIENTED_EDGE('',*,*,#1668,.F.);
#2500=ORIENTED_EDGE('',*,*,#1663,.T.);
#2501=ORIENTED_EDGE('',*,*,#1669,.T.);
#2502=ORIENTED_EDGE('',*,*,#1665,.F.);
#2503=ORIENTED_EDGE('',*,*,#1670,.F.);
#2504=ORIENTED_EDGE('',*,*,#1667,.T.);
#2505=ORIENTED_EDGE('',*,*,#1662,.F.);
#2506=ORIENTED_EDGE('',*,*,#1669,.F.);
#2507=ORIENTED_EDGE('',*,*,#1666,.F.);
#2508=ORIENTED_EDGE('',*,*,#1671,.T.);
#2509=ORIENTED_EDGE('',*,*,#1672,.F.);
#2510=ORIENTED_EDGE('',*,*,#1673,.F.);
#2511=ORIENTED_EDGE('',*,*,#1674,.T.);
#2512=ORIENTED_EDGE('',*,*,#1675,.T.);
#2513=ORIENTED_EDGE('',*,*,#1676,.F.);
#2514=ORIENTED_EDGE('',*,*,#1677,.F.);
#2515=ORIENTED_EDGE('',*,*,#1672,.T.);
#2516=ORIENTED_EDGE('',*,*,#1678,.T.);
#2517=ORIENTED_EDGE('',*,*,#1674,.F.);
#2518=ORIENTED_EDGE('',*,*,#1679,.F.);
#2519=ORIENTED_EDGE('',*,*,#1676,.T.);
#2520=ORIENTED_EDGE('',*,*,#1671,.F.);
#2521=ORIENTED_EDGE('',*,*,#1678,.F.);
#2522=ORIENTED_EDGE('',*,*,#1675,.F.);
#2523=ORIENTED_EDGE('',*,*,#1322,.T.);
#2524=ORIENTED_EDGE('',*,*,#1554,.F.);
#2525=ORIENTED_EDGE('',*,*,#1602,.T.);
#2526=ORIENTED_EDGE('',*,*,#1457,.T.);
#2527=ORIENTED_EDGE('',*,*,#1652,.T.);
#2528=ORIENTED_EDGE('',*,*,#1634,.T.);
#2529=ORIENTED_EDGE('',*,*,#1655,.T.);
#2530=ORIENTED_EDGE('',*,*,#1659,.T.);
#2531=ORIENTED_EDGE('',*,*,#1661,.T.);
#2532=ORIENTED_EDGE('',*,*,#1664,.T.);
#2533=ORIENTED_EDGE('',*,*,#1677,.T.);
#2534=ORIENTED_EDGE('',*,*,#1679,.T.);
#2535=ORIENTED_EDGE('',*,*,#1673,.T.);
#2536=ORIENTED_EDGE('',*,*,#1668,.T.);
#2537=ORIENTED_EDGE('',*,*,#1670,.T.);
#2538=PLANE('',#2714);
#2539=PLANE('',#2716);
#2540=PLANE('',#2718);
#2541=PLANE('',#2752);
#2542=PLANE('',#2753);
#2543=PLANE('',#2754);
#2544=PLANE('',#2755);
#2545=PLANE('',#2756);
#2546=PLANE('',#2757);
#2547=PLANE('',#2761);
#2548=PLANE('',#2762);
#2549=PLANE('',#2763);
#2550=PLANE('',#2767);
#2551=PLANE('',#2768);
#2552=ADVANCED_FACE('',(#155),#2538,.F.);
#2553=ADVANCED_FACE('',(#156),#2539,.F.);
#2554=ADVANCED_FACE('',(#157),#122,.T.);
#2555=ADVANCED_FACE('',(#158),#23,.F.);
#2556=ADVANCED_FACE('',(#159),#2540,.F.);
#2557=ADVANCED_FACE('',(#160),#123,.T.);
#2558=ADVANCED_FACE('',(#161),#124,.T.);
#2559=ADVANCED_FACE('',(#162),#125,.T.);
#2560=ADVANCED_FACE('',(#163),#126,.T.);
#2561=ADVANCED_FACE('',(#164),#127,.T.);
#2562=ADVANCED_FACE('',(#165),#128,.T.);
#2563=ADVANCED_FACE('',(#166),#129,.T.);
#2564=ADVANCED_FACE('',(#167),#130,.T.);
#2565=ADVANCED_FACE('',(#168),#131,.T.);
#2566=ADVANCED_FACE('',(#169),#132,.T.);
#2567=ADVANCED_FACE('',(#170),#133,.T.);
#2568=ADVANCED_FACE('',(#171),#134,.T.);
#2569=ADVANCED_FACE('',(#172),#135,.T.);
#2570=ADVANCED_FACE('',(#173),#136,.T.);
#2571=ADVANCED_FACE('',(#174),#137,.T.);
#2572=ADVANCED_FACE('',(#175),#138,.T.);
#2573=ADVANCED_FACE('',(#176),#139,.T.);
#2574=ADVANCED_FACE('',(#177),#140,.T.);
#2575=ADVANCED_FACE('',(#178),#141,.T.);
#2576=ADVANCED_FACE('',(#179),#142,.T.);
#2577=ADVANCED_FACE('',(#180),#143,.T.);
#2578=ADVANCED_FACE('',(#181),#144,.T.);
#2579=ADVANCED_FACE('',(#182),#145,.T.);
#2580=ADVANCED_FACE('',(#183),#146,.T.);
#2581=ADVANCED_FACE('',(#184),#147,.T.);
#2582=ADVANCED_FACE('',(#185),#148,.T.);
#2583=ADVANCED_FACE('',(#186),#149,.T.);
#2584=ADVANCED_FACE('',(#187),#150,.T.);
#2585=ADVANCED_FACE('',(#188),#151,.T.);
#2586=ADVANCED_FACE('',(#189),#152,.T.);
#2587=ADVANCED_FACE('',(#190),#153,.T.);
#2588=ADVANCED_FACE('',(#191),#154,.T.);
#2589=ADVANCED_FACE('',(#192),#24,.F.);
#2590=ADVANCED_FACE('',(#193),#25,.F.);
#2591=ADVANCED_FACE('',(#194),#26,.F.);
#2592=ADVANCED_FACE('',(#195),#27,.F.);
#2593=ADVANCED_FACE('',(#196),#28,.F.);
#2594=ADVANCED_FACE('',(#197),#29,.F.);
#2595=ADVANCED_FACE('',(#198),#30,.F.);
#2596=ADVANCED_FACE('',(#199),#31,.F.);
#2597=ADVANCED_FACE('',(#200),#32,.F.);
#2598=ADVANCED_FACE('',(#201),#33,.F.);
#2599=ADVANCED_FACE('',(#202),#34,.F.);
#2600=ADVANCED_FACE('',(#203),#35,.F.);
#2601=ADVANCED_FACE('',(#204),#36,.F.);
#2602=ADVANCED_FACE('',(#205),#37,.F.);
#2603=ADVANCED_FACE('',(#206),#38,.F.);
#2604=ADVANCED_FACE('',(#207),#39,.F.);
#2605=ADVANCED_FACE('',(#208),#40,.F.);
#2606=ADVANCED_FACE('',(#209),#41,.F.);
#2607=ADVANCED_FACE('',(#210),#42,.F.);
#2608=ADVANCED_FACE('',(#211),#43,.F.);
#2609=ADVANCED_FACE('',(#212),#44,.F.);
#2610=ADVANCED_FACE('',(#213),#45,.F.);
#2611=ADVANCED_FACE('',(#214),#46,.F.);
#2612=ADVANCED_FACE('',(#215),#47,.F.);
#2613=ADVANCED_FACE('',(#216),#48,.F.);
#2614=ADVANCED_FACE('',(#217),#49,.F.);
#2615=ADVANCED_FACE('',(#218),#50,.F.);
#2616=ADVANCED_FACE('',(#219),#51,.F.);
#2617=ADVANCED_FACE('',(#220),#52,.F.);
#2618=ADVANCED_FACE('',(#221),#53,.F.);
#2619=ADVANCED_FACE('',(#222),#54,.F.);
#2620=ADVANCED_FACE('',(#223),#55,.F.);
#2621=ADVANCED_FACE('',(#224),#56,.F.);
#2622=ADVANCED_FACE('',(#225),#57,.F.);
#2623=ADVANCED_FACE('',(#226),#58,.F.);
#2624=ADVANCED_FACE('',(#227),#59,.F.);
#2625=ADVANCED_FACE('',(#228),#60,.F.);
#2626=ADVANCED_FACE('',(#229),#61,.F.);
#2627=ADVANCED_FACE('',(#230),#62,.F.);
#2628=ADVANCED_FACE('',(#231),#63,.F.);
#2629=ADVANCED_FACE('',(#232),#64,.F.);
#2630=ADVANCED_FACE('',(#233),#65,.F.);
#2631=ADVANCED_FACE('',(#234),#66,.F.);
#2632=ADVANCED_FACE('',(#235),#67,.F.);
#2633=ADVANCED_FACE('',(#236),#68,.F.);
#2634=ADVANCED_FACE('',(#237),#69,.F.);
#2635=ADVANCED_FACE('',(#238),#70,.F.);
#2636=ADVANCED_FACE('',(#239),#71,.F.);
#2637=ADVANCED_FACE('',(#240),#72,.F.);
#2638=ADVANCED_FACE('',(#241),#73,.F.);
#2639=ADVANCED_FACE('',(#242),#74,.F.);
#2640=ADVANCED_FACE('',(#243),#75,.F.);
#2641=ADVANCED_FACE('',(#244),#76,.F.);
#2642=ADVANCED_FACE('',(#245),#77,.F.);
#2643=ADVANCED_FACE('',(#246),#78,.F.);
#2644=ADVANCED_FACE('',(#247),#79,.F.);
#2645=ADVANCED_FACE('',(#248),#80,.F.);
#2646=ADVANCED_FACE('',(#249),#81,.F.);
#2647=ADVANCED_FACE('',(#250),#82,.F.);
#2648=ADVANCED_FACE('',(#251),#83,.F.);
#2649=ADVANCED_FACE('',(#252),#84,.F.);
#2650=ADVANCED_FACE('',(#253),#85,.F.);
#2651=ADVANCED_FACE('',(#254),#86,.F.);
#2652=ADVANCED_FACE('',(#255),#87,.F.);
#2653=ADVANCED_FACE('',(#256),#88,.F.);
#2654=ADVANCED_FACE('',(#257),#89,.F.);
#2655=ADVANCED_FACE('',(#258),#90,.F.);
#2656=ADVANCED_FACE('',(#259),#91,.F.);
#2657=ADVANCED_FACE('',(#260),#92,.F.);
#2658=ADVANCED_FACE('',(#261),#93,.F.);
#2659=ADVANCED_FACE('',(#262),#94,.F.);
#2660=ADVANCED_FACE('',(#263),#95,.F.);
#2661=ADVANCED_FACE('',(#264),#96,.F.);
#2662=ADVANCED_FACE('',(#265),#97,.F.);
#2663=ADVANCED_FACE('',(#266),#98,.F.);
#2664=ADVANCED_FACE('',(#267),#99,.F.);
#2665=ADVANCED_FACE('',(#268),#100,.F.);
#2666=ADVANCED_FACE('',(#269),#101,.F.);
#2667=ADVANCED_FACE('',(#270),#102,.F.);
#2668=ADVANCED_FACE('',(#271),#103,.F.);
#2669=ADVANCED_FACE('',(#272),#104,.F.);
#2670=ADVANCED_FACE('',(#273),#105,.F.);
#2671=ADVANCED_FACE('',(#274),#106,.F.);
#2672=ADVANCED_FACE('',(#275),#107,.F.);
#2673=ADVANCED_FACE('',(#276),#108,.F.);
#2674=ADVANCED_FACE('',(#277),#109,.F.);
#2675=ADVANCED_FACE('',(#278),#110,.F.);
#2676=ADVANCED_FACE('',(#279),#111,.F.);
#2677=ADVANCED_FACE('',(#280),#112,.F.);
#2678=ADVANCED_FACE('',(#281),#113,.F.);
#2679=ADVANCED_FACE('',(#282),#114,.F.);
#2680=ADVANCED_FACE('',(#283),#115,.F.);
#2681=ADVANCED_FACE('',(#284),#116,.F.);
#2682=ADVANCED_FACE('',(#285),#117,.F.);
#2683=ADVANCED_FACE('',(#286),#118,.F.);
#2684=ADVANCED_FACE('',(#287),#119,.F.);
#2685=ADVANCED_FACE('',(#288),#120,.F.);
#2686=ADVANCED_FACE('',(#289),#121,.F.);
#2687=ADVANCED_FACE('',(#290),#2541,.T.);
#2688=ADVANCED_FACE('',(#291),#2542,.T.);
#2689=ADVANCED_FACE('',(#292),#2543,.T.);
#2690=ADVANCED_FACE('',(#293),#2544,.F.);
#2691=ADVANCED_FACE('',(#294),#2545,.T.);
#2692=ADVANCED_FACE('',(#295),#2546,.T.);
#2693=ADVANCED_FACE('',(#296),#17,.T.);
#2694=ADVANCED_FACE('',(#297),#2547,.F.);
#2695=ADVANCED_FACE('',(#298),#2548,.T.);
#2696=ADVANCED_FACE('',(#299),#2549,.T.);
#2697=ADVANCED_FACE('',(#300),#18,.T.);
#2698=ADVANCED_FACE('',(#301),#2550,.F.);
#2699=ADVANCED_FACE('',(#302,#15,#16),#2551,.F.);
#2700=CLOSED_SHELL('',(#2552,#2553,#2554,#2555,#2556,#2557,#2558,#2559,
#2560,#2561,#2562,#2563,#2564,#2565,#2566,#2567,#2568,#2569,#2570,#2571,
#2572,#2573,#2574,#2575,#2576,#2577,#2578,#2579,#2580,#2581,#2582,#2583,
#2584,#2585,#2586,#2587,#2588,#2589,#2590,#2591,#2592,#2593,#2594,#2595,
#2596,#2597,#2598,#2599,#2600,#2601,#2602,#2603,#2604,#2605,#2606,#2607,
#2608,#2609,#2610,#2611,#2612,#2613,#2614,#2615,#2616,#2617,#2618,#2619,
#2620,#2621,#2622,#2623,#2624,#2625,#2626,#2627,#2628,#2629,#2630,#2631,
#2632,#2633,#2634,#2635,#2636,#2637,#2638,#2639,#2640,#2641,#2642,#2643,
#2644,#2645,#2646,#2647,#2648,#2649,#2650,#2651,#2652,#2653,#2654,#2655,
#2656,#2657,#2658,#2659,#2660,#2661,#2662,#2663,#2664,#2665,#2666,#2667,
#2668,#2669,#2670,#2671,#2672,#2673,#2674,#2675,#2676,#2677,#2678,#2679,
#2680,#2681,#2682,#2683,#2684,#2685,#2686,#2687,#2688,#2689,#2690,#2691,
#2692,#2693,#2694,#2695,#2696,#2697,#2698,#2699));
#2701=DERIVED_UNIT_ELEMENT(#2703,1.);
#2702=DERIVED_UNIT_ELEMENT(#9478,-3.);
#2703=(
MASS_UNIT()
NAMED_UNIT(*)
SI_UNIT(.KILO.,.GRAM.)
);
#2704=DERIVED_UNIT((#2701,#2702));
#2705=MEASURE_REPRESENTATION_ITEM('density measure',
POSITIVE_RATIO_MEASURE(1541.),#2704);
#2706=PROPERTY_DEFINITION_REPRESENTATION(#2711,#2708);
#2707=PROPERTY_DEFINITION_REPRESENTATION(#2712,#2709);
#2708=REPRESENTATION('material name',(#2710),#9475);
#2709=REPRESENTATION('density',(#2705),#9475);
#2710=DESCRIPTIVE_REPRESENTATION_ITEM('PET Plastic','PET Plastic');
#2711=PROPERTY_DEFINITION('material property','material name',#9485);
#2712=PROPERTY_DEFINITION('material property','density of part',#9485);
#2713=AXIS2_PLACEMENT_3D('',#2969,#2769,#2770);
#2714=AXIS2_PLACEMENT_3D('',#2970,#2771,#2772);
#2715=AXIS2_PLACEMENT_3D('',#3013,#2774,#2775);
#2716=AXIS2_PLACEMENT_3D('',#3094,#2777,#2778);
#2717=AXIS2_PLACEMENT_3D('',#4467,#2813,#2814);
#2718=AXIS2_PLACEMENT_3D('',#4511,#2816,#2817);
#2719=AXIS2_PLACEMENT_3D('',#5898,#2850,#2851);
#2720=AXIS2_PLACEMENT_3D('',#5919,#2852,#2853);
#2721=AXIS2_PLACEMENT_3D('',#5940,#2854,#2855);
#2722=AXIS2_PLACEMENT_3D('',#5961,#2856,#2857);
#2723=AXIS2_PLACEMENT_3D('',#5984,#2858,#2859);
#2724=AXIS2_PLACEMENT_3D('',#6005,#2860,#2861);
#2725=AXIS2_PLACEMENT_3D('',#6026,#2862,#2863);
#2726=AXIS2_PLACEMENT_3D('',#6047,#2864,#2865);
#2727=AXIS2_PLACEMENT_3D('',#6068,#2866,#2867);
#2728=AXIS2_PLACEMENT_3D('',#6089,#2868,#2869);
#2729=AXIS2_PLACEMENT_3D('',#6110,#2870,#2871);
#2730=AXIS2_PLACEMENT_3D('',#6131,#2872,#2873);
#2731=AXIS2_PLACEMENT_3D('',#6152,#2874,#2875);
#2732=AXIS2_PLACEMENT_3D('',#6173,#2876,#2877);
#2733=AXIS2_PLACEMENT_3D('',#6194,#2878,#2879);
#2734=AXIS2_PLACEMENT_3D('',#6215,#2880,#2881);
#2735=AXIS2_PLACEMENT_3D('',#6236,#2882,#2883);
#2736=AXIS2_PLACEMENT_3D('',#6245,#2884,#2885);
#2737=AXIS2_PLACEMENT_3D('',#6246,#2886,#2887);
#2738=AXIS2_PLACEMENT_3D('',#6267,#2888,#2889);
#2739=AXIS2_PLACEMENT_3D('',#6288,#2890,#2891);
#2740=AXIS2_PLACEMENT_3D('',#6309,#2892,#2893);
#2741=AXIS2_PLACEMENT_3D('',#6330,#2894,#2895);
#2742=AXIS2_PLACEMENT_3D('',#6351,#2896,#2897);
#2743=AXIS2_PLACEMENT_3D('',#6372,#2898,#2899);
#2744=AXIS2_PLACEMENT_3D('',#6393,#2900,#2901);
#2745=AXIS2_PLACEMENT_3D('',#6414,#2902,#2903);
#2746=AXIS2_PLACEMENT_3D('',#6435,#2904,#2905);
#2747=AXIS2_PLACEMENT_3D('',#6456,#2906,#2907);
#2748=AXIS2_PLACEMENT_3D('',#6477,#2908,#2909);
#2749=AXIS2_PLACEMENT_3D('',#6498,#2910,#2911);
#2750=AXIS2_PLACEMENT_3D('',#6519,#2912,#2913);
#2751=AXIS2_PLACEMENT_3D('',#6540,#2914,#2915);
#2752=AXIS2_PLACEMENT_3D('',#9408,#2916,#2917);
#2753=AXIS2_PLACEMENT_3D('',#9417,#2922,#2923);
#2754=AXIS2_PLACEMENT_3D('',#9423,#2927,#2928);
#2755=AXIS2_PLACEMENT_3D('',#9426,#2931,#2932);
#2756=AXIS2_PLACEMENT_3D('',#9427,#2933,#2934);
#2757=AXIS2_PLACEMENT_3D('',#9438,#2938,#2939);
#2758=AXIS2_PLACEMENT_3D('',#9446,#2942,#2943);
#2759=AXIS2_PLACEMENT_3D('',#9447,#2944,#2945);
#2760=AXIS2_PLACEMENT_3D('',#9448,#2946,#2947);
#2761=AXIS2_PLACEMENT_3D('',#9449,#2948,#2949);
#2762=AXIS2_PLACEMENT_3D('',#9450,#2950,#2951);
#2763=AXIS2_PLACEMENT_3D('',#9460,#2955,#2956);
#2764=AXIS2_PLACEMENT_3D('',#9468,#2959,#2960);
#2765=AXIS2_PLACEMENT_3D('',#9469,#2961,#2962);
#2766=AXIS2_PLACEMENT_3D('',#9470,#2963,#2964);
#2767=AXIS2_PLACEMENT_3D('',#9471,#2965,#2966);
#2768=AXIS2_PLACEMENT_3D('',#9472,#2967,#2968);
#2769=DIRECTION('axis',(0.,0.,1.));
#2770=DIRECTION('refdir',(1.,0.,0.));
#2771=DIRECTION('center_axis',(0.,0.,1.));
#2772=DIRECTION('ref_axis',(1.,0.,0.));
#2773=DIRECTION('',(-2.24036036359336E-16,-1.,0.));
#2774=DIRECTION('center_axis',(0.,0.,1.));
#2775=DIRECTION('ref_axis',(0.573576436351046,0.819152044288992,0.));
#2776=DIRECTION('',(0.,1.,0.));
#2777=DIRECTION('center_axis',(-1.,0.,0.));
#2778=DIRECTION('ref_axis',(0.,1.,0.));
#2779=DIRECTION('',(0.,0.,-1.));
#2780=DIRECTION('',(0.,0.,-1.));
#2781=DIRECTION('',(0.,0.,-1.));
#2782=DIRECTION('',(0.,0.,-1.));
#2783=DIRECTION('',(0.,0.,-1.));
#2784=DIRECTION('',(0.,0.,-1.));
#2785=DIRECTION('',(0.,0.,-1.));
#2786=DIRECTION('',(0.,0.,-1.));
#2787=DIRECTION('',(0.,0.,-1.));
#2788=DIRECTION('',(0.,0.,-1.));
#2789=DIRECTION('',(0.,0.,-1.));
#2790=DIRECTION('',(0.,0.,-1.));
#2791=DIRECTION('',(0.,0.,-1.));
#2792=DIRECTION('',(0.,0.,-1.));
#2793=DIRECTION('',(0.,0.,-1.));
#2794=DIRECTION('',(0.,0.,-1.));
#2795=DIRECTION('',(0.,0.,-1.));
#2796=DIRECTION('',(0.,1.,0.));
#2797=DIRECTION('',(0.,0.,1.));
#2798=DIRECTION('',(0.,0.,1.));
#2799=DIRECTION('',(0.,0.,1.));
#2800=DIRECTION('',(0.,0.,1.));
#2801=DIRECTION('',(0.,0.,1.));
#2802=DIRECTION('',(0.,0.,1.));
#2803=DIRECTION('',(0.,0.,1.));
#2804=DIRECTION('',(0.,0.,1.));
#2805=DIRECTION('',(0.,0.,1.));
#2806=DIRECTION('',(0.,0.,1.));
#2807=DIRECTION('',(0.,0.,1.));
#2808=DIRECTION('',(0.,0.,1.));
#2809=DIRECTION('',(0.,0.,1.));
#2810=DIRECTION('',(0.,0.,1.));
#2811=DIRECTION('',(0.,0.,1.));
#2812=DIRECTION('',(0.,0.,1.));
#2813=DIRECTION('center_axis',(0.,0.,-1.));
#2814=DIRECTION('ref_axis',(0.573576436351046,0.819152044288992,0.));
#2815=DIRECTION('',(0.,0.,1.));
#2816=DIRECTION('center_axis',(1.,-2.24036036359336E-16,0.));
#2817=DIRECTION('ref_axis',(-2.24036036359336E-16,-1.,0.));
#2818=DIRECTION('',(0.,0.,-1.));
#2819=DIRECTION('',(0.,0.,-1.));
#2820=DIRECTION('',(0.,0.,-1.));
#2821=DIRECTION('',(0.,0.,-1.));
#2822=DIRECTION('',(0.,0.,-1.));
#2823=DIRECTION('',(0.,0.,-1.));
#2824=DIRECTION('',(0.,0.,-1.));
#2825=DIRECTION('',(0.,0.,-1.));
#2826=DIRECTION('',(0.,0.,-1.));
#2827=DIRECTION('',(0.,0.,-1.));
#2828=DIRECTION('',(0.,0.,-1.));
#2829=DIRECTION('',(0.,0.,-1.));
#2830=DIRECTION('',(0.,0.,-1.));
#2831=DIRECTION('',(0.,0.,-1.));
#2832=DIRECTION('',(0.,0.,-1.));
#2833=DIRECTION('',(0.,0.,-1.));
#2834=DIRECTION('',(-2.24036036359336E-16,-1.,0.));
#2835=DIRECTION('',(0.,0.,1.));
#2836=DIRECTION('',(0.,0.,1.));
#2837=DIRECTION('',(0.,0.,1.));
#2838=DIRECTION('',(0.,0.,1.));
#2839=DIRECTION('',(0.,0.,1.));
#2840=DIRECTION('',(0.,0.,1.));
#2841=DIRECTION('',(0.,0.,1.));
#2842=DIRECTION('',(0.,0.,1.));
#2843=DIRECTION('',(0.,0.,1.));
#2844=DIRECTION('',(0.,0.,1.));
#2845=DIRECTION('',(0.,0.,1.));
#2846=DIRECTION('',(0.,0.,1.));
#2847=DIRECTION('',(0.,0.,1.));
#2848=DIRECTION('',(0.,0.,1.));
#2849=DIRECTION('',(0.,0.,1.));
#2850=DIRECTION('center_axis',(0.,0.,-1.));
#2851=DIRECTION('ref_axis',(6.65749148178376E-10,-1.,0.));
#2852=DIRECTION('center_axis',(0.,0.,-1.));
#2853=DIRECTION('ref_axis',(1.49727158311125E-9,-1.,0.));
#2854=DIRECTION('center_axis',(0.,0.,-1.));
#2855=DIRECTION('ref_axis',(-4.07115409000283E-9,-1.,0.));
#2856=DIRECTION('center_axis',(0.,0.,-1.));
#2857=DIRECTION('ref_axis',(-1.90610674733153E-12,-1.,0.));
#2858=DIRECTION('center_axis',(0.,0.,-1.));
#2859=DIRECTION('ref_axis',(-4.81869127439039E-9,-1.,0.));
#2860=DIRECTION('center_axis',(0.,0.,-1.));
#2861=DIRECTION('ref_axis',(0.,-1.,0.));
#2862=DIRECTION('center_axis',(0.,0.,-1.));
#2863=DIRECTION('ref_axis',(-4.89920480617507E-15,-1.,0.));
#2864=DIRECTION('center_axis',(0.,0.,-1.));
#2865=DIRECTION('ref_axis',(0.,-1.,0.));
#2866=DIRECTION('center_axis',(0.,0.,-1.));
#2867=DIRECTION('ref_axis',(4.45174288891311E-9,-1.,0.));
#2868=DIRECTION('center_axis',(0.,0.,-1.));
#2869=DIRECTION('ref_axis',(9.2452735858465E-15,-1.,0.));
#2870=DIRECTION('center_axis',(0.,0.,-1.));
#2871=DIRECTION('ref_axis',(7.9809626681239E-15,-1.,0.));
#2872=DIRECTION('center_axis',(0.,0.,-1.));
#2873=DIRECTION('ref_axis',(0.,-1.,0.));
#2874=DIRECTION('center_axis',(0.,0.,-1.));
#2875=DIRECTION('ref_axis',(4.92661546196845E-9,-1.,0.));
#2876=DIRECTION('center_axis',(0.,0.,-1.));
#2877=DIRECTION('ref_axis',(-1.04376428417677E-9,-1.,0.));
#2878=DIRECTION('center_axis',(0.,0.,-1.));
#2879=DIRECTION('ref_axis',(-1.01465905665647E-9,-1.,0.));
#2880=DIRECTION('center_axis',(0.,0.,-1.));
#2881=DIRECTION('ref_axis',(-1.43724644680656E-9,-1.,0.));
#2882=DIRECTION('center_axis',(0.,0.,-1.));
#2883=DIRECTION('ref_axis',(0.573576436351046,0.819152044288992,0.));
#2884=DIRECTION('center_axis',(0.,0.,-1.));
#2885=DIRECTION('ref_axis',(0.573576436351046,0.819152044288992,0.));
#2886=DIRECTION('center_axis',(0.,0.,-1.));
#2887=DIRECTION('ref_axis',(0.573576436351046,0.819152044288992,0.));
#2888=DIRECTION('center_axis',(0.,0.,-1.));
#2889=DIRECTION('ref_axis',(0.573576436351046,0.819152044288992,0.));
#2890=DIRECTION('center_axis',(0.,0.,-1.));
#2891=DIRECTION('ref_axis',(0.573576436351046,0.819152044288992,0.));
#2892=DIRECTION('center_axis',(0.,0.,-1.));
#2893=DIRECTION('ref_axis',(0.573576436351046,0.819152044288992,0.));
#2894=DIRECTION('center_axis',(0.,0.,-1.));
#2895=DIRECTION('ref_axis',(0.573576436351046,0.819152044288992,0.));
#2896=DIRECTION('center_axis',(0.,0.,-1.));
#2897=DIRECTION('ref_axis',(0.573576436351046,0.819152044288992,0.));
#2898=DIRECTION('center_axis',(0.,0.,-1.));
#2899=DIRECTION('ref_axis',(0.573576436351046,0.819152044288992,0.));
#2900=DIRECTION('center_axis',(0.,0.,-1.));
#2901=DIRECTION('ref_axis',(0.573576436351046,0.819152044288992,0.));
#2902=DIRECTION('center_axis',(0.,0.,-1.));
#2903=DIRECTION('ref_axis',(0.573576436351046,0.819152044288992,0.));
#2904=DIRECTION('center_axis',(0.,0.,-1.));
#2905=DIRECTION('ref_axis',(0.573576436351046,0.819152044288992,0.));
#2906=DIRECTION('center_axis',(0.,0.,-1.));
#2907=DIRECTION('ref_axis',(0.573576436351046,0.819152044288992,0.));
#2908=DIRECTION('center_axis',(0.,0.,-1.));
#2909=DIRECTION('ref_axis',(0.573576436351046,0.819152044288992,0.));
#2910=DIRECTION('center_axis',(0.,0.,-1.));
#2911=DIRECTION('ref_axis',(0.573576436351046,0.819152044288992,0.));
#2912=DIRECTION('center_axis',(0.,0.,-1.));
#2913=DIRECTION('ref_axis',(0.573576436351046,0.819152044288992,0.));
#2914=DIRECTION('center_axis',(0.,0.,-1.));
#2915=DIRECTION('ref_axis',(0.573576436351046,0.819152044288992,0.));
#2916=DIRECTION('center_axis',(-0.632455532034432,0.316227766015325,0.707106781186548));
#2917=DIRECTION('ref_axis',(-0.447213595497818,-0.894427191000986,0.));
#2918=DIRECTION('',(0.447213595497818,0.894427191000986,0.));
#2919=DIRECTION('',(1.83272827918006E-12,-0.912870929175394,0.408248290463601));
#2920=DIRECTION('',(0.447213595497818,0.894427191000986,0.));
#2921=DIRECTION('',(0.752937760164188,0.465341127193943,0.465341127196819));
#2922=DIRECTION('center_axis',(0.632455532033163,0.316227766017864,0.707106781186548));
#2923=DIRECTION('ref_axis',(-0.44721359550141,0.89442719099919,0.));
#2924=DIRECTION('',(0.44721359550141,-0.89442719099919,0.));
#2925=DIRECTION('',(-0.752937760164883,0.465341127196257,0.465341127193381));
#2926=DIRECTION('',(0.44721359550141,-0.89442719099919,0.));
#2927=DIRECTION('center_axis',(-2.70080263379618E-12,-0.707106781186548,
0.707106781186547));
#2928=DIRECTION('ref_axis',(1.,-3.81951171400753E-12,0.));
#2929=DIRECTION('',(-1.,3.81951171400753E-12,0.));
#2930=DIRECTION('',(-1.,3.81951171400753E-12,0.));
#2931=DIRECTION('center_axis',(0.,0.,-1.));
#2932=DIRECTION('ref_axis',(3.44509284839767E-16,1.,0.));
#2933=DIRECTION('center_axis',(2.68137546158861E-16,0.707106781186547,0.707106781186548));
#2934=DIRECTION('ref_axis',(-1.,3.79203754359303E-16,0.));
#2935=DIRECTION('',(1.,-3.79203754359303E-16,0.));
#2936=DIRECTION('',(-0.577350269189626,-0.577350269189626,0.577350269189626));
#2937=DIRECTION('',(1.,-3.79203754359303E-16,0.));
#2938=DIRECTION('center_axis',(0.707106781186548,-2.68137546158861E-16,
0.707106781186547));
#2939=DIRECTION('ref_axis',(3.79203754359303E-16,1.,0.));
#2940=DIRECTION('',(-3.79203754359303E-16,-1.,0.));
#2941=DIRECTION('',(-3.79203754359303E-16,-1.,0.));
#2942=DIRECTION('center_axis',(0.,0.,-1.));
#2943=DIRECTION('ref_axis',(3.44509284839767E-16,1.,0.));
#2944=DIRECTION('center_axis',(0.,0.,-1.));
#2945=DIRECTION('ref_axis',(3.44509284839767E-16,1.,0.));
#2946=DIRECTION('center_axis',(0.,0.,-1.));
#2947=DIRECTION('ref_axis',(3.44509284839767E-16,1.,0.));
#2948=DIRECTION('center_axis',(0.,0.,-1.));
#2949=DIRECTION('ref_axis',(3.44509284839767E-16,1.,0.));
#2950=DIRECTION('center_axis',(-2.68137546158861E-16,-0.707106781186548,
0.707106781186547));
#2951=DIRECTION('ref_axis',(1.,-3.79203754359303E-16,0.));
#2952=DIRECTION('',(-1.,3.79203754359303E-16,0.));
#2953=DIRECTION('',(0.577350269189626,0.577350269189625,0.577350269189626));
#2954=DIRECTION('',(-1.,3.79203754359303E-16,0.));
#2955=DIRECTION('center_axis',(-0.707106781186548,2.68137546158861E-16,
0.707106781186548));
#2956=DIRECTION('ref_axis',(-3.79203754359303E-16,-1.,0.));
#2957=DIRECTION('',(3.79203754359303E-16,1.,0.));
#2958=DIRECTION('',(3.79203754359303E-16,1.,0.));
#2959=DIRECTION('center_axis',(0.,0.,-1.));
#2960=DIRECTION('ref_axis',(3.44509284839767E-16,1.,0.));
#2961=DIRECTION('center_axis',(0.,0.,-1.));
#2962=DIRECTION('ref_axis',(3.44509284839767E-16,1.,0.));
#2963=DIRECTION('center_axis',(0.,0.,-1.));
#2964=DIRECTION('ref_axis',(3.44509284839767E-16,1.,0.));
#2965=DIRECTION('center_axis',(0.,0.,-1.));
#2966=DIRECTION('ref_axis',(3.44509284839767E-16,1.,0.));
#2967=DIRECTION('center_axis',(0.,0.,-1.));
#2968=DIRECTION('ref_axis',(0.573576436351046,0.819152044288992,0.));
#2969=CARTESIAN_POINT('',(0.,0.,0.));
#2970=CARTESIAN_POINT('Origin',(-7.21474497256125E-6,-0.011165374135042,
-50.));
#2971=CARTESIAN_POINT('',(-4.49999999999998,4.90264468009734,-50.));
#2972=CARTESIAN_POINT('',(-4.5000000000001,-4.15519253464856,-50.));
#2973=CARTESIAN_POINT('',(-4.5,5.56941731293248,-50.));
#2974=CARTESIAN_POINT('',(0.230464369897231,7.02121863882673,-50.));
#2975=CARTESIAN_POINT('Ctrl Pts',(0.230464369910308,7.02121863882719,-50.));
#2976=CARTESIAN_POINT('Ctrl Pts',(0.0418873424409927,7.01460631408417,-50.));
#2977=CARTESIAN_POINT('Ctrl Pts',(-0.146086967803573,7.00003104543901,-50.));
#2978=CARTESIAN_POINT('Ctrl Pts',(-0.333049014903661,6.97772791025193,-50.));
#2979=CARTESIAN_POINT('Ctrl Pts',(-0.521701661479162,6.95522309954177,-50.));
#2980=CARTESIAN_POINT('Ctrl Pts',(-0.709324331391264,6.9248497519988,-50.));
#2981=CARTESIAN_POINT('Ctrl Pts',(-0.895482241955265,6.88679828611854,-50.));
#2982=CARTESIAN_POINT('Ctrl Pts',(-0.987366203591108,6.86801681494422,-50.));
#2983=CARTESIAN_POINT('Ctrl Pts',(-1.07889303942263,6.84736403120986,-50.));
#2984=CARTESIAN_POINT('Ctrl Pts',(-1.17000845000181,6.82485862821611,-50.));
#2985=CARTESIAN_POINT('Ctrl Pts',(-1.23465581402161,6.80889080268033,-50.));
#2986=CARTESIAN_POINT('Ctrl Pts',(-1.29909603521722,6.79199030122189,-50.));
#2987=CARTESIAN_POINT('Ctrl Pts',(-1.36330920438193,6.77416300893896,-50.));
#2988=CARTESIAN_POINT('Ctrl Pts',(-1.39107703777378,6.76645391610988,-50.));
#2989=CARTESIAN_POINT('Ctrl Pts',(-1.41880179237733,6.75857162018978,-50.));
#2990=CARTESIAN_POINT('Ctrl Pts',(-1.44646884274534,6.75052053894309,-50.));
#2991=CARTESIAN_POINT('Ctrl Pts',(-1.62715331414286,6.69794155636681,-50.));
#2992=CARTESIAN_POINT('Ctrl Pts',(-1.80552425172821,6.63812789867222,-50.));
#2993=CARTESIAN_POINT('Ctrl Pts',(-1.98115997829276,6.57127563602626,-50.));
#2994=CARTESIAN_POINT('Ctrl Pts',(-2.15580292935923,6.50480125372186,-50.));
#2995=CARTESIAN_POINT('Ctrl Pts',(-2.32774211001793,6.43136722069923,-50.));
#2996=CARTESIAN_POINT('Ctrl Pts',(-2.4965369264887,6.35112234358583,-50.));
#2997=CARTESIAN_POINT('Ctrl Pts',(-2.62659906004358,6.28929094293956,-50.));
#2998=CARTESIAN_POINT('Ctrl Pts',(-2.75479387313319,6.22341486722803,-50.));
#2999=CARTESIAN_POINT('Ctrl Pts',(-2.88090575288015,6.15354637618742,-50.));
#3000=CARTESIAN_POINT('Ctrl Pts',(-3.04245612706808,6.06404425399082,-50.));
#3001=CARTESIAN_POINT('Ctrl Pts',(-3.20005678595362,5.96828733849431,-50.0000000000056));
#3002=CARTESIAN_POINT('Ctrl Pts',(-3.35331769264039,5.86646595977301,-50.0000000000145));
#3003=CARTESIAN_POINT('Ctrl Pts',(-3.50567795274719,5.76524294027125,-50.0000000000234));
#3004=CARTESIAN_POINT('Ctrl Pts',(-3.65374988340648,5.658026129394,-50.0000000000355));
#3005=CARTESIAN_POINT('Ctrl Pts',(-3.79712020664206,5.5449611834077,-50.0000000000488));
#3006=CARTESIAN_POINT('Ctrl Pts',(-3.93779042990087,5.43402559481659,-50.0000000000618));
#3007=CARTESIAN_POINT('Ctrl Pts',(-4.07393490069756,5.31745965041671,-50.0000000000759));
#3008=CARTESIAN_POINT('Ctrl Pts',(-4.2051269771215,5.19536716998475,-50.0000000000889));
#3009=CARTESIAN_POINT('Ctrl Pts',(-4.30644371627043,5.10107784757171,-50.0000000000989));
#3010=CARTESIAN_POINT('Ctrl Pts',(-4.40480613225681,5.0034917174842,-50.0000000001083));
#3011=CARTESIAN_POINT('Ctrl Pts',(-4.49999999990791,4.90264468003281,-50.0000000001162));
#3012=CARTESIAN_POINT('',(4.5,5.39449951339325,-50.));
#3013=CARTESIAN_POINT('Origin',(0.,0.,-50.));
#3014=CARTESIAN_POINT('',(4.49999999999999,-4.69789030067111,-49.9999999932519));
#3015=CARTESIAN_POINT('',(4.5,-5.58058268706752,-50.));
#3016=CARTESIAN_POINT('',(-0.200938630805822,-6.12170308546975,-50.));
#3017=CARTESIAN_POINT('Ctrl Pts',(-0.200938630805997,-6.12170308546977,
-50.));
#3018=CARTESIAN_POINT('Ctrl Pts',(-0.0339810734557641,-6.14024565805667,
-50.));
#3019=CARTESIAN_POINT('Ctrl Pts',(0.133418226520769,-6.15148628118359,-50.));
#3020=CARTESIAN_POINT('Ctrl Pts',(0.300877738443775,-6.15567868717006,-50.));
#3021=CARTESIAN_POINT('Ctrl Pts',(0.471214803548393,-6.1599431336817,-50.));
#3022=CARTESIAN_POINT('Ctrl Pts',(0.64161474026025,-6.15691506375605,-50.));
#3023=CARTESIAN_POINT('Ctrl Pts',(0.811690154517249,-6.14680931947796,-50.));
#3024=CARTESIAN_POINT('Ctrl Pts',(0.892705358415777,-6.14199546124448,-50.));
#3025=CARTESIAN_POINT('Ctrl Pts',(0.973647076088601,-6.13557486500351,-50.));
#3026=CARTESIAN_POINT('Ctrl Pts',(1.05447394054881,-6.12756669199099,-50.));
#3027=CARTESIAN_POINT('Ctrl Pts',(1.11110106129773,-6.12195618386121,-50.));
#3028=CARTESIAN_POINT('Ctrl Pts',(1.16767181329987,-6.11556637967192,-50.));
#3029=CARTESIAN_POINT('Ctrl Pts',(1.22417198154419,-6.10840312044895,-50.));
#3030=CARTESIAN_POINT('Ctrl Pts',(1.25185385432184,-6.10489353036018,-50.));
#3031=CARTESIAN_POINT('Ctrl Pts',(1.27951899608669,-6.10119817297107,-50.));
#3032=CARTESIAN_POINT('Ctrl Pts',(1.30715079620001,-6.0973199723415,-50.));
#3033=CARTESIAN_POINT('Ctrl Pts',(1.4793238771125,-6.07315499763654,-50.));
#3034=CARTESIAN_POINT('Ctrl Pts',(1.65034448979242,-6.04187797632684,-50.));
#3035=CARTESIAN_POINT('Ctrl Pts',(1.8198100165373,-6.00372071294544,-50.));
#3036=CARTESIAN_POINT('Ctrl Pts',(1.99153866454837,-5.96505387976612,-50.));
#3037=CARTESIAN_POINT('Ctrl Pts',(2.16167110678902,-5.91932176483472,-50.));
#3038=CARTESIAN_POINT('Ctrl Pts',(2.32979093723854,-5.86671209327759,-50.));
#3039=CARTESIAN_POINT('Ctrl Pts',(2.45056647366574,-5.82891785278506,-50.));
#3040=CARTESIAN_POINT('Ctrl Pts',(2.5703034204665,-5.78757309125519,-50.));
#3041=CARTESIAN_POINT('Ctrl Pts',(2.68884509320901,-5.74273098170243,-50.));
#3042=CARTESIAN_POINT('Ctrl Pts',(2.85600921848514,-5.67949590288584,-50.));
#3043=CARTESIAN_POINT('Ctrl Pts',(3.02025323287348,-5.60951345672009,-49.9999999995684));
#3044=CARTESIAN_POINT('Ctrl Pts',(3.18116458868136,-5.53302880465943,-49.9999999988698));
#3045=CARTESIAN_POINT('Ctrl Pts',(3.34294858952636,-5.45612936551492,-49.9999999981675));
#3046=CARTESIAN_POINT('Ctrl Pts',(3.50136441572669,-5.37265685798396,-49.9999999971953));
#3047=CARTESIAN_POINT('Ctrl Pts',(3.65599025318533,-5.28280743763908,-49.9999999961206));
#3048=CARTESIAN_POINT('Ctrl Pts',(3.80964433797645,-5.19352267980682,-49.9999999950528));
#3049=CARTESIAN_POINT('Ctrl Pts',(3.95955663161365,-5.09794067283815,-49.9999999938837));
#3050=CARTESIAN_POINT('Ctrl Pts',(4.10529999033241,-4.99620470715679,-49.9999999927777));
#3051=CARTESIAN_POINT('Ctrl Pts',(4.24047603951056,-4.90184523842334,-49.999999991752));
#3052=CARTESIAN_POINT('Ctrl Pts',(4.37206611064101,-4.80219125882134,-49.9999999907805));
#3053=CARTESIAN_POINT('Ctrl Pts',(4.49971106008514,-4.69732142468806,-49.9999999899943));
#3054=CARTESIAN_POINT('Ctrl Pts',(-4.5000000000001,-4.15519253464856,-50.));
#3055=CARTESIAN_POINT('Ctrl Pts',(-4.38455850440975,-4.28021363194425,-50.));
#3056=CARTESIAN_POINT('Ctrl Pts',(-4.26384984729632,-4.40000295663829,-50.));
#3057=CARTESIAN_POINT('Ctrl Pts',(-4.13831688774357,-4.51443113385439,-50.));
#3058=CARTESIAN_POINT('Ctrl Pts',(-4.02057483872128,-4.62175759297168,-50.));
#3059=CARTESIAN_POINT('Ctrl Pts',(-3.89858792517726,-4.72436761895214,-50.));
#3060=CARTESIAN_POINT('Ctrl Pts',(-3.77269361601174,-4.82212534368428,-50.));
#3061=CARTESIAN_POINT('Ctrl Pts',(-3.73031260530199,-4.85503446567951,-50.));
#3062=CARTESIAN_POINT('Ctrl Pts',(-3.68748858837742,-4.88739344409146,-50.));
#3063=CARTESIAN_POINT('Ctrl Pts',(-3.64423388874582,-4.91919631027056,-50.));
#3064=CARTESIAN_POINT('Ctrl Pts',(-3.61937781925552,-4.93747164817536,-50.));
#3065=CARTESIAN_POINT('Ctrl Pts',(-3.59437809695368,-4.95556435820822,-50.));
#3066=CARTESIAN_POINT('Ctrl Pts',(-3.569241525708,-4.97347004441415,-50.));
#3067=CARTESIAN_POINT('Ctrl Pts',(-3.42827355038518,-5.07388661700659,-50.));
#3068=CARTESIAN_POINT('Ctrl Pts',(-3.28320864481335,-5.16827999601438,-50.));
#3069=CARTESIAN_POINT('Ctrl Pts',(-3.13448786929119,-5.25649085191648,-50.));
#3070=CARTESIAN_POINT('Ctrl Pts',(-2.9852428656709,-5.34501264359109,-50.));
#3071=CARTESIAN_POINT('Ctrl Pts',(-2.83231551478252,-5.42730859491609,-50.));
#3072=CARTESIAN_POINT('Ctrl Pts',(-2.67612375571355,-5.50317332092537,-50.));
#3073=CARTESIAN_POINT('Ctrl Pts',(-2.62850332319919,-5.52630329325349,-50.));
#3074=CARTESIAN_POINT('Ctrl Pts',(-2.58057929247542,-5.54883512338233,-50.));
#3075=CARTESIAN_POINT('Ctrl Pts',(-2.53236314130765,-5.5707620974117,-50.));
#3076=CARTESIAN_POINT('Ctrl Pts',(-2.50935354526957,-5.58122603537718,-50.));
#3077=CARTESIAN_POINT('Ctrl Pts',(-2.48627679782273,-5.59155243173165,-50.));
#3078=CARTESIAN_POINT('Ctrl Pts',(-2.46314878410944,-5.60173425768206,-50.));
#3079=CARTESIAN_POINT('Ctrl Pts',(-2.3038973275366,-5.67184276908619,-50.));
#3080=CARTESIAN_POINT('Ctrl Pts',(-2.14205426409928,-5.73517569317554,-50.));
#3081=CARTESIAN_POINT('Ctrl Pts',(-1.9780617186473,-5.791582671505,-50.));
#3082=CARTESIAN_POINT('Ctrl Pts',(-1.81404636637897,-5.84799749448124,-50.));
#3083=CARTESIAN_POINT('Ctrl Pts',(-1.647880251834,-5.89748475167351,-50.));
#3084=CARTESIAN_POINT('Ctrl Pts',(-1.47998159110697,-5.93984789179875,-50.));
#3085=CARTESIAN_POINT('Ctrl Pts',(-1.31416944148114,-5.98168457649087,-50.));
#3086=CARTESIAN_POINT('Ctrl Pts',(-1.1466668667323,-6.01657331223536,-50.));
#3087=CARTESIAN_POINT('Ctrl Pts',(-0.977863315286597,-6.04427616947619,
-50.));
#3088=CARTESIAN_POINT('Ctrl Pts',(-0.892124305755028,-6.05834705554867,
-50.));
#3089=CARTESIAN_POINT('Ctrl Pts',(-0.806049511965905,-6.07056329705085,
-50.));
#3090=CARTESIAN_POINT('Ctrl Pts',(-0.719689454580732,-6.08088855706969,
-50.));
#3091=CARTESIAN_POINT('Ctrl Pts',(-0.547627196408337,-6.10146042337978,
-50.));
#3092=CARTESIAN_POINT('Ctrl Pts',(-0.374431968928729,-6.11452904064843,
-50.));
#3093=CARTESIAN_POINT('Ctrl Pts',(-0.200586711419676,-6.12013230708061,
-50.));
#3094=CARTESIAN_POINT('Origin',(4.5,-11.15,2.));
#3095=CARTESIAN_POINT('',(4.49999999998652,5.39449951341574,-49.7044643281629));
#3096=CARTESIAN_POINT('',(4.5,5.39449951339325,-5.55111512312578E-16));
#3097=CARTESIAN_POINT('',(4.4999999975199,4.15519254002047,-48.8316089856907));
#3098=CARTESIAN_POINT('Ctrl Pts',(4.49999999999998,4.15519253464871,-48.8316089862843));
#3099=CARTESIAN_POINT('Ctrl Pts',(4.49999999999998,4.27234267387777,-48.9074059640322));
#3100=CARTESIAN_POINT('Ctrl Pts',(4.49999111503867,4.38886221558624,-48.984987607466));
#3101=CARTESIAN_POINT('Ctrl Pts',(4.49996931538933,4.50444751375528,-49.0638259608782));
#3102=CARTESIAN_POINT('Ctrl Pts',(4.49995100443262,4.60153519427152,-49.1300474699261));
#3103=CARTESIAN_POINT('Ctrl Pts',(4.49992433555257,4.69796245384391,-49.1971556410215));
#3104=CARTESIAN_POINT('Ctrl Pts',(4.49990264420568,4.79352603087442,-49.2648375910879));
#3105=CARTESIAN_POINT('Ctrl Pts',(4.49987335665442,4.9225555087653,-49.3562214315748));
#3106=CARTESIAN_POINT('Ctrl Pts',(4.49984792443431,5.05099097108816,-49.4493420078545));
#3107=CARTESIAN_POINT('Ctrl Pts',(4.49982073905239,5.17841391056048,-49.5435617241552));
#3108=CARTESIAN_POINT('Ctrl Pts',(4.49980535433439,5.25052494421265,-49.596882430466));
#3109=CARTESIAN_POINT('Ctrl Pts',(4.49979011648789,5.32231084280471,-49.6505551518207));
#3110=CARTESIAN_POINT('Ctrl Pts',(4.49977858913216,5.39369026463721,-49.7044643281663));
#3111=CARTESIAN_POINT('',(4.49999999038483,4.15519255547479,-48.2066089821615));
#3112=CARTESIAN_POINT('Ctrl Pts',(4.49999999999997,4.1551925346487,-48.2066089844633));
#3113=CARTESIAN_POINT('Ctrl Pts',(4.49999999999997,4.1551925346487,-48.2599536055576));
#3114=CARTESIAN_POINT('Ctrl Pts',(4.49999999999997,4.1551925346487,-48.313298226652));
#3115=CARTESIAN_POINT('Ctrl Pts',(4.49999999999997,4.1551925346487,-48.4122495441547));
#3116=CARTESIAN_POINT('Ctrl Pts',(4.49999999999997,4.1551925346487,-48.4578562405631));
#3117=CARTESIAN_POINT('Ctrl Pts',(4.49999999999997,4.1551925346487,-48.5675374387209));
#3118=CARTESIAN_POINT('Ctrl Pts',(4.49999999999997,4.1551925346487,-48.6316119404704));
#3119=CARTESIAN_POINT('Ctrl Pts',(4.49999999999997,4.1551925346487,-48.740993956908));
#3120=CARTESIAN_POINT('Ctrl Pts',(4.49999999999997,4.1551925346487,-48.7863014715962));
#3121=CARTESIAN_POINT('Ctrl Pts',(4.49999999999997,4.1551925346487,-48.8316089862844));
#3122=CARTESIAN_POINT('',(4.50000000000002,5.39449951339322,-47.2044643245492));
#3123=CARTESIAN_POINT('Ctrl Pts',(4.49977850242509,5.39369057293159,-47.2044643245482));
#3124=CARTESIAN_POINT('Ctrl Pts',(4.49979773683071,5.27467981768809,-47.3051515874405));
#3125=CARTESIAN_POINT('Ctrl Pts',(4.49982789749323,5.15472704160815,-47.4055474857233));
#3126=CARTESIAN_POINT('Ctrl Pts',(4.49985284788203,5.03422747929541,-47.5051361172689));
#3127=CARTESIAN_POINT('Ctrl Pts',(4.4998694183127,4.9541994821637,-47.5712764298702));
#3128=CARTESIAN_POINT('Ctrl Pts',(4.49988436230416,4.87392979413023,-47.6370606768738));
#3129=CARTESIAN_POINT('Ctrl Pts',(4.49990261879729,4.79352559217704,-47.7023377331265));
#3130=CARTESIAN_POINT('Ctrl Pts',(4.49992715891274,4.68544742081472,-47.7900822128965));
#3131=CARTESIAN_POINT('Ctrl Pts',(4.49996049311195,4.57641901756501,-47.8774828558619));
#3132=CARTESIAN_POINT('Ctrl Pts',(4.49997880581553,4.46676216863889,-47.9640991749648));
#3133=CARTESIAN_POINT('Ctrl Pts',(4.49999606993996,4.36338423346747,-48.0457558731892));
#3134=CARTESIAN_POINT('Ctrl Pts',(4.49999999999993,4.25944807812919,-48.1267154962467));
#3135=CARTESIAN_POINT('Ctrl Pts',(4.4999999999999,4.15519254888094,-48.2066089735568));
#3136=CARTESIAN_POINT('',(4.49999999999998,5.39449951339327,-46.5794643281654));
#3137=CARTESIAN_POINT('',(4.5,5.39449951339325,-5.55111512312578E-16));
#3138=CARTESIAN_POINT('',(4.49999999591518,4.15519254349625,-45.7066089853065));
#3139=CARTESIAN_POINT('Ctrl Pts',(4.49999999999988,4.15519253464883,-45.7066089862843));
#3140=CARTESIAN_POINT('Ctrl Pts',(4.49999999999987,4.2723429497282,-45.7824061425094));
#3141=CARTESIAN_POINT('Ctrl Pts',(4.49999111130237,4.38886277779177,-45.8599879728248));
#3142=CARTESIAN_POINT('Ctrl Pts',(4.49996930500447,4.50444836736589,-45.938826517794));
#3143=CARTESIAN_POINT('Ctrl Pts',(4.49995098855769,4.60153579187617,-46.0050478461742));
#3144=CARTESIAN_POINT('Ctrl Pts',(4.49992431223426,4.69796280580386,-46.0721558307538));
#3145=CARTESIAN_POINT('Ctrl Pts',(4.49990261181962,4.79352614758505,-46.1398375910879));
#3146=CARTESIAN_POINT('Ctrl Pts',(4.49987331188142,4.92255594049491,-46.2312216234681));
#3147=CARTESIAN_POINT('Ctrl Pts',(4.49984786426471,5.05099172582264,-46.3243423989356));
#3148=CARTESIAN_POINT('Ctrl Pts',(4.49982066124305,5.17841499063902,-46.4185623176988));
#3149=CARTESIAN_POINT('Ctrl Pts',(4.49980526663184,5.2505257894191,-46.471882828775));
#3150=CARTESIAN_POINT('Ctrl Pts',(4.49979001817857,5.32231145766584,-46.5255553518533));
#3151=CARTESIAN_POINT('Ctrl Pts',(4.49977847959239,5.39369065410909,-46.5794643281663));
#3152=CARTESIAN_POINT('',(4.49999998343538,4.15519257052704,-45.0816089804978));
#3153=CARTESIAN_POINT('Ctrl Pts',(4.49999999999994,4.15519253464873,-45.0816089844633));
#3154=CARTESIAN_POINT('Ctrl Pts',(4.49999999999994,4.15519253464873,-45.1100178346995));
#3155=CARTESIAN_POINT('Ctrl Pts',(4.49999999999994,4.15519253464873,-45.1384266849357));
#3156=CARTESIAN_POINT('Ctrl Pts',(4.49999999999994,4.15519253464873,-45.2224083858989));
#3157=CARTESIAN_POINT('Ctrl Pts',(4.49999999999994,4.15519253464873,-45.2779812366259));
#3158=CARTESIAN_POINT('Ctrl Pts',(4.49999999999994,4.15519253464873,-45.4061282263271));
#3159=CARTESIAN_POINT('Ctrl Pts',(4.49999999999994,4.15519253464873,-45.4787023653013));
#3160=CARTESIAN_POINT('Ctrl Pts',(4.49999999999994,4.15519253464873,-45.6030539982784));
#3161=CARTESIAN_POINT('Ctrl Pts',(4.49999999999994,4.15519253464873,-45.6548314922814));
#3162=CARTESIAN_POINT('Ctrl Pts',(4.49999999999994,4.15519253464873,-45.7066089862844));
#3163=CARTESIAN_POINT('',(4.49999999999068,5.3944995134088,-44.0794643245475));
#3164=CARTESIAN_POINT('Ctrl Pts',(4.49977838322109,5.39369099707947,-44.0794643245482));
#3165=CARTESIAN_POINT('Ctrl Pts',(4.49979763810886,5.27468000848813,-44.1801517242323));
#3166=CARTESIAN_POINT('Ctrl Pts',(4.49982781743698,5.15472700248833,-44.2805477585134));
#3167=CARTESIAN_POINT('Ctrl Pts',(4.49985278401154,5.03422721764793,-44.3801365231625));
#3168=CARTESIAN_POINT('Ctrl Pts',(4.4998693651353,4.95419934515712,-44.4462766990093));
#3169=CARTESIAN_POINT('Ctrl Pts',(4.49988431874439,4.87392978666937,-44.5120608104058));
#3170=CARTESIAN_POINT('Ctrl Pts',(4.49990258355819,4.79352571928237,-44.5773377331266));
#3171=CARTESIAN_POINT('Ctrl Pts',(4.49992713494695,4.68544733772509,-44.6650823509049));
#3172=CARTESIAN_POINT('Ctrl Pts',(4.4999604781914,4.57641872909712,-44.7524831307997));
#3173=CARTESIAN_POINT('Ctrl Pts',(4.49997879698061,4.46676168363906,-44.8390995836728));
#3174=CARTESIAN_POINT('Ctrl Pts',(4.49999606678565,4.36338390166696,-44.9207561406492));
#3175=CARTESIAN_POINT('Ctrl Pts',(4.49999999999998,4.2594479110285,-45.0017156242155));
#3176=CARTESIAN_POINT('Ctrl Pts',(4.49999999999993,4.15519255916733,-45.0816089656741));
#3177=CARTESIAN_POINT('',(4.5,5.39449951339325,-43.4544643281654));
#3178=CARTESIAN_POINT('',(4.5,5.39449951339325,-5.55111512312578E-16));
#3179=CARTESIAN_POINT('',(4.50000000000002,4.15519253464864,-42.5816089862844));
#3180=CARTESIAN_POINT('Ctrl Pts',(4.49999999999997,4.15519253464873,-42.5816089862844));
#3181=CARTESIAN_POINT('Ctrl Pts',(4.49999999999997,4.27174083358146,-42.6570165690571));
#3182=CARTESIAN_POINT('Ctrl Pts',(4.49996147167936,4.38763000166588,-42.7341905277423));
#3183=CARTESIAN_POINT('Ctrl Pts',(4.49988939214827,4.50257240661896,-42.8126110017687));
#3184=CARTESIAN_POINT('Ctrl Pts',(4.49982816296542,4.60021218623789,-42.879226606381));
#3185=CARTESIAN_POINT('Ctrl Pts',(4.49974341012593,4.69716748882292,-42.9467416892087));
#3186=CARTESIAN_POINT('Ctrl Pts',(4.49965316445336,4.79323688281298,-43.0148375910879));
#3187=CARTESIAN_POINT('Ctrl Pts',(4.49953249703287,4.92169119679012,-43.1058885699403));
#3188=CARTESIAN_POINT('Ctrl Pts',(4.49939621246733,5.04953420933965,-43.1986636556597));
#3189=CARTESIAN_POINT('Ctrl Pts',(4.49924637798554,5.17636145325496,-43.2925321943709));
#3190=CARTESIAN_POINT('Ctrl Pts',(4.49916072609053,5.24886141220995,-43.3461915264957));
#3191=CARTESIAN_POINT('Ctrl Pts',(4.49907131824155,5.32102853483101,-43.4002081730287));
#3192=CARTESIAN_POINT('Ctrl Pts',(4.49898295163221,5.39278132425574,-43.4544643281663));
#3193=CARTESIAN_POINT('',(4.50000000000004,4.15519253464857,-41.9566089844633));
#3194=CARTESIAN_POINT('Ctrl Pts',(4.49999999999997,4.1551925346487,-41.9566089844633));
#3195=CARTESIAN_POINT('Ctrl Pts',(4.49999999999997,4.1551925346487,-41.9691320500174));
#3196=CARTESIAN_POINT('Ctrl Pts',(4.49999999999997,4.1551925346487,-41.9816551155715));
#3197=CARTESIAN_POINT('Ctrl Pts',(4.49999999999997,4.1551925346487,-42.0585106475838));
#3198=CARTESIAN_POINT('Ctrl Pts',(4.49999999999997,4.1551925346487,-42.122843114042));
#3199=CARTESIAN_POINT('Ctrl Pts',(4.49999999999997,4.1551925346487,-42.2604059091105));
#3200=CARTESIAN_POINT('Ctrl Pts',(4.49999999999997,4.1551925346487,-42.3336362377207));
#3201=CARTESIAN_POINT('Ctrl Pts',(4.49999999999997,4.1551925346487,-42.4651140396488));
#3202=CARTESIAN_POINT('Ctrl Pts',(4.49999999999997,4.1551925346487,-42.5233615129666));
#3203=CARTESIAN_POINT('Ctrl Pts',(4.49999999999997,4.1551925346487,-42.5816089862844));
#3204=CARTESIAN_POINT('',(4.5,5.39449951339325,-40.9544643245492));
#3205=CARTESIAN_POINT('Ctrl Pts',(4.49977825001163,5.39369147143413,-40.9544643245482));
#3206=CARTESIAN_POINT('Ctrl Pts',(4.49979752778334,5.27468024779411,-41.0551518552803));
#3207=CARTESIAN_POINT('Ctrl Pts',(4.49982772838682,5.15472701086594,-41.1555480196889));
#3208=CARTESIAN_POINT('Ctrl Pts',(4.49985271337059,5.03422700354254,-41.2551369117196));
#3209=CARTESIAN_POINT('Ctrl Pts',(4.4998693066664,4.95419924427879,-41.32127695647));
#3210=CARTESIAN_POINT('Ctrl Pts',(4.49988427120256,4.87392980431941,-41.3870609378813));
#3211=CARTESIAN_POINT('Ctrl Pts',(4.49990254532004,4.79352586104642,-41.4523377326721));
#3212=CARTESIAN_POINT('Ctrl Pts',(4.49992710930832,4.6854472344632,-41.5400825128602));
#3213=CARTESIAN_POINT('Ctrl Pts',(4.49996046235109,4.57641838612402,-41.6274834540214));
#3214=CARTESIAN_POINT('Ctrl Pts',(4.49997878764739,4.4667611107672,-41.7141000644404));
#3215=CARTESIAN_POINT('Ctrl Pts',(4.49999606352236,4.36338349829267,-41.7957564648627));
#3216=CARTESIAN_POINT('Ctrl Pts',(4.50000000000001,4.25944769002433,-41.8767157937771));
#3217=CARTESIAN_POINT('Ctrl Pts',(4.50000000000001,4.15519253464865,-41.9566089844633));
#3218=CARTESIAN_POINT('',(4.49999999999995,5.39449951339332,-40.3294643281654));
#3219=CARTESIAN_POINT('',(4.5,5.39449951339325,-5.55111512312578E-16));
#3220=CARTESIAN_POINT('',(4.49999999766081,4.15519253971527,-39.4566089857244));
#3221=CARTESIAN_POINT('Ctrl Pts',(4.49999999999988,4.15519253464882,-39.4566089862844));
#3222=CARTESIAN_POINT('Ctrl Pts',(4.49999999999986,4.27234359997635,-39.5324065632246));
#3223=CARTESIAN_POINT('Ctrl Pts',(4.49999110250019,4.38886410308266,-39.6099888340672));
#3224=CARTESIAN_POINT('Ctrl Pts',(4.49996928053707,4.50445037962687,-39.6888278305837));
#3225=CARTESIAN_POINT('Ctrl Pts',(4.49995095115495,4.6015372007159,-39.7550487330859));
#3226=CARTESIAN_POINT('Ctrl Pts',(4.49992425729355,4.69796363566218,-39.8221562780016));
#3227=CARTESIAN_POINT('Ctrl Pts',(4.49990253551267,4.79352642297725,-39.8898375910879));
#3228=CARTESIAN_POINT('Ctrl Pts',(4.49987320638645,4.92255695999266,-39.9812220768151));
#3229=CARTESIAN_POINT('Ctrl Pts',(4.49984772248764,5.05099350826218,-40.0743433228609));
#3230=CARTESIAN_POINT('Ctrl Pts',(4.49982047789646,5.17841754153578,-40.1685637199461));
#3231=CARTESIAN_POINT('Ctrl Pts',(4.49980505997206,5.25052778532659,-40.2218837697776));
#3232=CARTESIAN_POINT('Ctrl Pts',(4.49978978652353,5.32231290927507,-40.275555824427));
#3233=CARTESIAN_POINT('Ctrl Pts',(4.49977822147144,5.39369157312872,-40.3294643281663));
#3234=CARTESIAN_POINT('',(4.49999997462754,4.15519258960451,-38.8316089783893));
#3235=CARTESIAN_POINT('Ctrl Pts',(4.49999999999988,4.15519253464879,-38.8316089844633));
#3236=CARTESIAN_POINT('Ctrl Pts',(4.49999999999988,4.15519253464879,-38.9002195397053));
#3237=CARTESIAN_POINT('Ctrl Pts',(4.49999999999988,4.15519253464879,-38.9688300949473));
#3238=CARTESIAN_POINT('Ctrl Pts',(4.49999999999988,4.15519253464879,-39.1124459762551));
#3239=CARTESIAN_POINT('Ctrl Pts',(4.49999999999988,4.15519253464879,-39.1874513023208));
#3240=CARTESIAN_POINT('Ctrl Pts',(4.49999999999988,4.15519253464879,-39.3271740810192));
#3241=CARTESIAN_POINT('Ctrl Pts',(4.49999999999988,4.15519253464879,-39.3918915336518));
#3242=CARTESIAN_POINT('Ctrl Pts',(4.49999999999988,4.15519253464879,-39.4566089862844));
#3243=CARTESIAN_POINT('',(4.50000000000002,5.39449951339323,-37.8294643245492));
#3244=CARTESIAN_POINT('Ctrl Pts',(4.49898331615339,5.392782189232,-37.8294643245483));
#3245=CARTESIAN_POINT('Ctrl Pts',(4.49912949715607,5.27403448624478,-37.9300494470083));
#3246=CARTESIAN_POINT('Ctrl Pts',(4.49927902693639,5.15433938698616,-38.0303437956969));
#3247=CARTESIAN_POINT('Ctrl Pts',(4.4994103197209,5.03408429203511,-38.1298330369389));
#3248=CARTESIAN_POINT('Ctrl Pts',(4.49949773774384,4.95401543914844,-38.1960754645388));
#3249=CARTESIAN_POINT('Ctrl Pts',(4.49957771629397,4.87369778225539,-38.2619609695078));
#3250=CARTESIAN_POINT('Ctrl Pts',(4.49965327409783,4.79323661013994,-38.3273377331267));
#3251=CARTESIAN_POINT('Ctrl Pts',(4.49975448751867,4.68545488467484,-38.4149131462472));
#3252=CARTESIAN_POINT('Ctrl Pts',(4.49985114621351,4.5767118174018,-38.5021460463055));
#3253=CARTESIAN_POINT('Ctrl Pts',(4.49991328869534,4.46731965878919,-38.588598487538));
#3254=CARTESIAN_POINT('Ctrl Pts',(4.49997210598158,4.36378098901693,-38.6704249262636));
#3255=CARTESIAN_POINT('Ctrl Pts',(4.50000000000001,4.25966117483852,-38.7515521950078));
#3256=CARTESIAN_POINT('Ctrl Pts',(4.5,4.15519257220444,-38.8316089556834));
#3257=CARTESIAN_POINT('',(4.49999999999989,5.39449951339345,-37.2044643281654));
#3258=CARTESIAN_POINT('',(4.5,5.39449951339325,-5.55111512312578E-16));
#3259=CARTESIAN_POINT('',(4.49999999719729,4.15519254071923,-36.3316089856134));
#3260=CARTESIAN_POINT('Ctrl Pts',(4.49999999999999,4.15519253464871,-36.3316089862844));
#3261=CARTESIAN_POINT('Ctrl Pts',(4.49999999999999,4.2723439871335,-36.4074068137181));
#3262=CARTESIAN_POINT('Ctrl Pts',(4.49999109726637,4.38886489216681,-36.4849893468501));
#3263=CARTESIAN_POINT('Ctrl Pts',(4.49996926598766,4.5044515777466,-36.563828612218));
#3264=CARTESIAN_POINT('Ctrl Pts',(4.49995092891365,4.60153803956865,-36.6300492611519));
#3265=CARTESIAN_POINT('Ctrl Pts',(4.49992422462344,4.69796412980391,-36.6971565442917));
#3266=CARTESIAN_POINT('Ctrl Pts',(4.49990249013644,4.79352658700937,-36.7648375910879));
#3267=CARTESIAN_POINT('Ctrl Pts',(4.49987314365217,4.92255756651451,-36.85622234633));
#3268=CARTESIAN_POINT('Ctrl Pts',(4.49984763817587,5.05099456850114,-36.9493438721354));
#3269=CARTESIAN_POINT('Ctrl Pts',(4.49982036886063,5.17841905878951,-37.0435645535816));
#3270=CARTESIAN_POINT('Ctrl Pts',(4.49980493707063,5.25052897273524,-37.0968843292041));
#3271=CARTESIAN_POINT('Ctrl Pts',(4.49978964875525,5.32231377320052,-37.1505561053729));
#3272=CARTESIAN_POINT('Ctrl Pts',(4.49977806796145,5.39369212053544,-37.2044643281663));
#3273=CARTESIAN_POINT('',(4.50000000000002,4.15519253464863,-35.7066089844633));
#3274=CARTESIAN_POINT('Ctrl Pts',(4.50000000000003,4.15519253464863,-35.7066089844633));
#3275=CARTESIAN_POINT('Ctrl Pts',(4.50000000000003,4.15519253464863,-35.7659322716362));
#3276=CARTESIAN_POINT('Ctrl Pts',(4.50000000000003,4.15519253464863,-35.8252555588091));
#3277=CARTESIAN_POINT('Ctrl Pts',(4.50000000000003,4.15519253464863,-35.9624014608021));
#3278=CARTESIAN_POINT('Ctrl Pts',(4.50000000000003,4.15519253464863,-36.0402240756221));
#3279=CARTESIAN_POINT('Ctrl Pts',(4.50000000000003,4.15519253464863,-36.1892341223896));
#3280=CARTESIAN_POINT('Ctrl Pts',(4.50000000000003,4.15519253464863,-36.260421554337));
#3281=CARTESIAN_POINT('Ctrl Pts',(4.50000000000003,4.15519253464863,-36.3316089862844));
#3282=CARTESIAN_POINT('',(4.49999999999994,5.39449951339335,-34.7044643245492));
#3283=CARTESIAN_POINT('Ctrl Pts',(4.4997779304528,5.39369261142278,-34.7044643245482));
#3284=CARTESIAN_POINT('Ctrl Pts',(4.49979726314287,5.27468076213573,-34.8051522216359));
#3285=CARTESIAN_POINT('Ctrl Pts',(4.49982751378925,5.15472690879391,-34.9055487502826));
#3286=CARTESIAN_POINT('Ctrl Pts',(4.49985254216394,5.03422630493557,-35.0051379988005));
#3287=CARTESIAN_POINT('Ctrl Pts',(4.49986916412544,4.95419887912963,-35.0712776772888));
#3288=CARTESIAN_POINT('Ctrl Pts',(4.49988415444288,4.87392978579926,-35.1370612955121));
#3289=CARTESIAN_POINT('Ctrl Pts',(4.49990245086398,4.79352620264537,-35.2023377326721));
#3290=CARTESIAN_POINT('Ctrl Pts',(4.49992704507125,4.68544701180228,-35.2900828832318));
#3291=CARTESIAN_POINT('Ctrl Pts',(4.49996042235923,4.57641761217245,-35.3774841918612));
#3292=CARTESIAN_POINT('Ctrl Pts',(4.49997876396705,4.46675980931349,-35.4641011612677));
#3293=CARTESIAN_POINT('Ctrl Pts',(4.49999605506904,4.36338259876615,-35.5457571898388));
#3294=CARTESIAN_POINT('Ctrl Pts',(4.50000000000004,4.25944722323132,-35.6267161514916));
#3295=CARTESIAN_POINT('Ctrl Pts',(4.50000000000003,4.15519253464863,-35.7066089844633));
#3296=CARTESIAN_POINT('',(4.49999999999985,5.3944995133935,-34.0794643281654));
#3297=CARTESIAN_POINT('',(4.5,5.39449951339325,-5.55111512312578E-16));
#3298=CARTESIAN_POINT('',(4.49999999999997,4.15519253464873,-33.2066089862844));
#3299=CARTESIAN_POINT('Ctrl Pts',(4.49999999999985,4.15519253464886,-33.2066089862844));
#3300=CARTESIAN_POINT('Ctrl Pts',(4.49999999999986,4.26430607510828,-33.2772062271636));
#3301=CARTESIAN_POINT('Ctrl Pts',(4.49998636445255,4.37271054976803,-33.3492419324506));
#3302=CARTESIAN_POINT('Ctrl Pts',(4.49996766147385,4.48014890224306,-33.4222754761568));
#3303=CARTESIAN_POINT('Ctrl Pts',(4.49994936078819,4.58527630208168,-33.4937380998287));
#3304=CARTESIAN_POINT('Ctrl Pts',(4.4999260427928,4.68981344653317,-33.5663838216531));
#3305=CARTESIAN_POINT('Ctrl Pts',(4.49990243874998,4.79352678168365,-33.6398375970477));
#3306=CARTESIAN_POINT('Ctrl Pts',(4.49987924860658,4.89542149224677,-33.7120033525192));
#3307=CARTESIAN_POINT('Ctrl Pts',(4.49985565228453,4.99681746629721,-33.7851591325492));
#3308=CARTESIAN_POINT('Ctrl Pts',(4.49983418460034,5.0975024443785,-33.8589809511512));
#3309=CARTESIAN_POINT('Ctrl Pts',(4.49981302902801,5.1967235955065,-33.931729497753));
#3310=CARTESIAN_POINT('Ctrl Pts',(4.49979384676981,5.2955181332132,-34.0053183968809));
#3311=CARTESIAN_POINT('Ctrl Pts',(4.49977789375899,5.39369274250215,-34.0794643281663));
#3312=CARTESIAN_POINT('',(4.49999999999997,4.15519253464873,-32.5816089844633));
#3313=CARTESIAN_POINT('Ctrl Pts',(4.49999999999983,4.15519253464885,-32.5816089844633));
#3314=CARTESIAN_POINT('Ctrl Pts',(4.49999999999983,4.15519253464885,-32.6307106321157));
#3315=CARTESIAN_POINT('Ctrl Pts',(4.49999999999989,4.15519253464879,-32.6798122797682));
#3316=CARTESIAN_POINT('Ctrl Pts',(4.49999999999989,4.15519253464879,-32.8104882024464));
#3317=CARTESIAN_POINT('Ctrl Pts',(4.49999999999989,4.15519253464879,-32.8920624774721));
#3318=CARTESIAN_POINT('Ctrl Pts',(4.49999999999989,4.15519253464879,-33.05129416376));
#3319=CARTESIAN_POINT('Ctrl Pts',(4.49999999999983,4.15519253464885,-33.1289515750222));
#3320=CARTESIAN_POINT('Ctrl Pts',(4.49999999999983,4.15519253464885,-33.2066089862844));
#3321=CARTESIAN_POINT('',(4.49999999999989,5.39449951339344,-31.5794643245492));
#3322=CARTESIAN_POINT('Ctrl Pts',(4.49977773652918,5.39369330458361,-31.5794643245482));
#3323=CARTESIAN_POINT('Ctrl Pts',(4.49979373323525,5.29538692208082,-31.6626346411389));
#3324=CARTESIAN_POINT('Ctrl Pts',(4.49981294370032,5.19658794064021,-31.7454816724599));
#3325=CARTESIAN_POINT('Ctrl Pts',(4.49983408885068,5.09750227281531,-31.8277312407541));
#3326=CARTESIAN_POINT('Ctrl Pts',(4.49985560607464,4.99667307715125,-31.9114280860887));
#3327=CARTESIAN_POINT('Ctrl Pts',(4.4998792224048,4.8952713974464,-31.9947351183496));
#3328=CARTESIAN_POINT('Ctrl Pts',(4.49990239240277,4.79352642953661,-32.0773377178449));
#3329=CARTESIAN_POINT('Ctrl Pts',(4.49992604648268,4.68965574271768,-32.1616661020282));
#3330=CARTESIAN_POINT('Ctrl Pts',(4.49994936887697,4.58511079767316,-32.2455173528853));
#3331=CARTESIAN_POINT('Ctrl Pts',(4.49996764880469,4.48014842524186,-32.3285253908324));
#3332=CARTESIAN_POINT('Ctrl Pts',(4.49998638952434,4.37254021008993,-32.4136258568359));
#3333=CARTESIAN_POINT('Ctrl Pts',(4.49999999999991,4.26412494955751,-32.4981314992027));
#3334=CARTESIAN_POINT('Ctrl Pts',(4.49999999999991,4.15519253464877,-32.5816089844633));
#3335=CARTESIAN_POINT('',(4.49999999999987,5.39449951339347,-30.9544643281654));
#3336=CARTESIAN_POINT('',(4.5,5.39449951339325,-5.55111512312578E-16));
#3337=CARTESIAN_POINT('',(4.49999999999999,4.15519253464869,-30.0816089862844));
#3338=CARTESIAN_POINT('Ctrl Pts',(4.49999999999995,4.15519253464875,-30.0816089862844));
#3339=CARTESIAN_POINT('Ctrl Pts',(4.49999999999995,4.27234493010805,-30.1574074238293));
#3340=CARTESIAN_POINT('Ctrl Pts',(4.49999108453268,4.38886681414216,-30.2349905958035));
#3341=CARTESIAN_POINT('Ctrl Pts',(4.49996923058685,4.50445449607674,-30.3138305159954));
#3342=CARTESIAN_POINT('Ctrl Pts',(4.49995087479737,4.60154008293346,-30.3800505473297));
#3343=CARTESIAN_POINT('Ctrl Pts',(4.49992414513155,4.69796533368354,-30.4471571928787));
#3344=CARTESIAN_POINT('Ctrl Pts',(4.49990237972566,4.79352698698796,-30.5148375910879));
#3345=CARTESIAN_POINT('Ctrl Pts',(4.49987299100096,4.92255904528569,-30.6062230033885));
#3346=CARTESIAN_POINT('Ctrl Pts',(4.49984743301225,5.05099715344578,-30.6993452112269));
#3347=CARTESIAN_POINT('Ctrl Pts',(4.49982010352246,5.17842275796227,-30.793566585929));
#3348=CARTESIAN_POINT('Ctrl Pts',(4.49980463798719,5.25053186779206,-30.8468856930463));
#3349=CARTESIAN_POINT('Ctrl Pts',(4.49978931348952,5.32231587965495,-30.9005567902977));
#3350=CARTESIAN_POINT('Ctrl Pts',(4.49977769438156,5.39369345537293,-30.9544643281663));
#3351=CARTESIAN_POINT('',(4.49999999999999,4.15519253464869,-29.4566089844633));
#3352=CARTESIAN_POINT('Ctrl Pts',(4.49999999999998,4.15519253464869,-29.4566089844633));
#3353=CARTESIAN_POINT('Ctrl Pts',(4.49999999999998,4.15519253464869,-29.4946766213432));
#3354=CARTESIAN_POINT('Ctrl Pts',(4.50000000000012,4.15519253464853,-29.532744258223));
#3355=CARTESIAN_POINT('Ctrl Pts',(4.50000000000012,4.15519253464853,-29.6569502015864));
#3356=CARTESIAN_POINT('Ctrl Pts',(4.50000000000012,4.15519253464853,-29.7430885080699));
#3357=CARTESIAN_POINT('Ctrl Pts',(4.50000000000012,4.15519253464853,-29.9133542051304));
#3358=CARTESIAN_POINT('Ctrl Pts',(4.49999999999998,4.15519253464869,-29.9974815957074));
#3359=CARTESIAN_POINT('Ctrl Pts',(4.49999999999998,4.15519253464869,-30.0816089862844));
#3360=CARTESIAN_POINT('',(4.49999999999984,5.39449951339351,-28.4544643245492));
#3361=CARTESIAN_POINT('Ctrl Pts',(4.4997775128644,5.39369410534263,-28.4544643245482));
#3362=CARTESIAN_POINT('Ctrl Pts',(4.49979354129022,5.29538761107083,-28.5376346411402));
#3363=CARTESIAN_POINT('Ctrl Pts',(4.49981278106277,5.19658852575879,-28.6204816724604));
#3364=CARTESIAN_POINT('Ctrl Pts',(4.49983395249276,5.09750276433393,-28.702731240754));
#3365=CARTESIAN_POINT('Ctrl Pts',(4.49985549645872,4.99667347342826,-28.7864280860836));
#3366=CARTESIAN_POINT('Ctrl Pts',(4.49987913647016,4.89527170884091,-28.8697351183475));
#3367=CARTESIAN_POINT('Ctrl Pts',(4.49990232630879,4.79352666947473,-28.9523377178449));
#3368=CARTESIAN_POINT('Ctrl Pts',(4.49992600064391,4.68965590970452,-29.036666102032));
#3369=CARTESIAN_POINT('Ctrl Pts',(4.49994933935478,4.58511090547498,-29.120517352887));
#3370=CARTESIAN_POINT('Ctrl Pts',(4.49996763065119,4.48014849163344,-29.2035253908324));
#3371=CARTESIAN_POINT('Ctrl Pts',(4.49998638302611,4.37254023402363,-29.2886258568372));
#3372=CARTESIAN_POINT('Ctrl Pts',(4.49999999999999,4.26412494955671,-29.3731314992033));
#3373=CARTESIAN_POINT('Ctrl Pts',(4.49999999999997,4.15519253464869,-29.4566089844633));
#3374=CARTESIAN_POINT('',(4.49999999999993,5.39449951339337,-27.8294643281654));
#3375=CARTESIAN_POINT('',(4.5,5.39449951339325,-5.55111512312578E-16));
#3376=CARTESIAN_POINT('',(4.49999999999994,4.15519253464879,-26.9566089862844));
#3377=CARTESIAN_POINT('Ctrl Pts',(4.49999999999999,4.15519253464871,-26.9566089862844));
#3378=CARTESIAN_POINT('Ctrl Pts',(4.49999999999998,4.26430607510357,-27.0272062271607));
#3379=CARTESIAN_POINT('Ctrl Pts',(4.49998635192879,4.3727105958635,-27.0992419324434));
#3380=CARTESIAN_POINT('Ctrl Pts',(4.49996762658713,4.48014902977324,-27.1722754761568));
#3381=CARTESIAN_POINT('Ctrl Pts',(4.4999493040195,4.58527650929123,-27.2437380998331));
#3382=CARTESIAN_POINT('Ctrl Pts',(4.49992595464397,4.68981376752948,-27.3163838216636));
#3383=CARTESIAN_POINT('Ctrl Pts',(4.499902311736,4.79352724257317,-27.3898375970477));
#3384=CARTESIAN_POINT('Ctrl Pts',(4.49987908340896,4.89542209059178,-27.4620033525197));
#3385=CARTESIAN_POINT('Ctrl Pts',(4.49985544156229,4.99681822774317,-27.5351591325503));
#3386=CARTESIAN_POINT('Ctrl Pts',(4.49983392256308,5.09750338851823,-27.6089809511512));
#3387=CARTESIAN_POINT('Ctrl Pts',(4.49981271642175,5.19672471967961,-27.6817294977488));
#3388=CARTESIAN_POINT('Ctrl Pts',(4.4997934778331,5.29551945694321,-27.7553183968711));
#3389=CARTESIAN_POINT('Ctrl Pts',(4.4997774639515,5.39369428064545,-27.8294643281663));
#3390=CARTESIAN_POINT('',(4.49999999999999,4.15519253464869,-26.3316089844633));
#3391=CARTESIAN_POINT('Ctrl Pts',(4.49999999999998,4.15519253464869,-26.3316089844633));
#3392=CARTESIAN_POINT('Ctrl Pts',(4.49999999999998,4.15519253464869,-26.3579518641397));
#3393=CARTESIAN_POINT('Ctrl Pts',(4.49999999999998,4.15519253464869,-26.3842947438161));
#3394=CARTESIAN_POINT('Ctrl Pts',(4.49999999999998,4.15519253464869,-26.5020307078647));
#3395=CARTESIAN_POINT('Ctrl Pts',(4.49999999999998,4.15519253464869,-26.5934237922369));
#3396=CARTESIAN_POINT('Ctrl Pts',(4.49999999999998,4.15519253464869,-26.7754142465008));
#3397=CARTESIAN_POINT('Ctrl Pts',(4.49999999999998,4.15519253464869,-26.8660116163926));
#3398=CARTESIAN_POINT('Ctrl Pts',(4.49999999999998,4.15519253464869,-26.9566089862844));
#3399=CARTESIAN_POINT('',(4.49999999999986,5.39449951339349,-25.3294643245492));
#3400=CARTESIAN_POINT('Ctrl Pts',(4.49977725205548,5.39369504086003,-25.3294643245482));
#3401=CARTESIAN_POINT('Ctrl Pts',(4.49979331747461,5.29538841599932,-25.4126346411478));
#3402=CARTESIAN_POINT('Ctrl Pts',(4.49981259142545,5.19658920933721,-25.4954816724637));
#3403=CARTESIAN_POINT('Ctrl Pts',(4.49983379350084,5.09750333856289,-25.577731240754));
#3404=CARTESIAN_POINT('Ctrl Pts',(4.49985536865149,4.99667393637381,-25.6614280860884));
#3405=CARTESIAN_POINT('Ctrl Pts',(4.49987903627653,4.89527207262665,-25.7447351183495));
#3406=CARTESIAN_POINT('Ctrl Pts',(4.49990224924942,4.79352694978524,-25.8273377178449));
#3407=CARTESIAN_POINT('Ctrl Pts',(4.49992594720212,4.68965610480231,-25.9116661020246));
#3408=CARTESIAN_POINT('Ctrl Pts',(4.49994930493663,4.58511103142105,-25.9955173528838));
#3409=CARTESIAN_POINT('Ctrl Pts',(4.49996760948741,4.48014856919535,-26.0785253908323));
#3410=CARTESIAN_POINT('Ctrl Pts',(4.49998637545081,4.37254026197823,-26.1636258568432));
#3411=CARTESIAN_POINT('Ctrl Pts',(4.49999999999998,4.26412494955341,-26.2481314992058));
#3412=CARTESIAN_POINT('Ctrl Pts',(4.49999999999998,4.15519253464869,-26.3316089844633));
#3413=CARTESIAN_POINT('',(4.49999999999998,5.39449951339329,-24.7044643281654));
#3414=CARTESIAN_POINT('',(4.5,5.39449951339325,-5.55111512312578E-16));
#3415=CARTESIAN_POINT('',(4.49999999999999,4.15519253464869,-23.8316089862844));
#3416=CARTESIAN_POINT('Ctrl Pts',(4.49999999999996,4.15519253464875,-23.8316089862844));
#3417=CARTESIAN_POINT('Ctrl Pts',(4.49999999999997,4.26430607510429,-23.9022062271611));
#3418=CARTESIAN_POINT('Ctrl Pts',(4.49998634408398,4.37271062483497,-23.9742419324445));
#3419=CARTESIAN_POINT('Ctrl Pts',(4.49996760473186,4.48014910990589,-24.0472754761568));
#3420=CARTESIAN_POINT('Ctrl Pts',(4.4999492684551,4.58527663948296,-24.1187380998309));
#3421=CARTESIAN_POINT('Ctrl Pts',(4.49992589941843,4.68981396921048,-24.1913838216584));
#3422=CARTESIAN_POINT('Ctrl Pts',(4.49990223215733,4.79352753217505,-24.2648375970477));
#3423=CARTESIAN_POINT('Ctrl Pts',(4.4998789799042,4.89542246656433,-24.3370033525189));
#3424=CARTESIAN_POINT('Ctrl Pts',(4.49985530952951,4.99681870620194,-24.4101591325483));
#3425=CARTESIAN_POINT('Ctrl Pts',(4.49983375837093,5.09750398178208,-24.4839809511512));
#3426=CARTESIAN_POINT('Ctrl Pts',(4.49981252053781,5.19672542608472,-24.5567294977546));
#3427=CARTESIAN_POINT('Ctrl Pts',(4.49979324664436,5.29552028876192,-24.6303183968846));
#3428=CARTESIAN_POINT('Ctrl Pts',(4.49977719460889,5.39369524717508,-24.7044643281663));
#3429=CARTESIAN_POINT('',(4.49999999996441,4.15519253472575,-23.2066089844548));
#3430=CARTESIAN_POINT('Ctrl Pts',(4.50000000000004,4.15519253464863,-23.2066089844633));
#3431=CARTESIAN_POINT('Ctrl Pts',(4.50000000000004,4.15519253464863,-23.2586923179484));
#3432=CARTESIAN_POINT('Ctrl Pts',(4.50000000000004,4.15519253464863,-23.3107756514335));
#3433=CARTESIAN_POINT('Ctrl Pts',(4.50000000000004,4.15519253464863,-23.4149423184037));
#3434=CARTESIAN_POINT('Ctrl Pts',(4.50000000000004,4.15519253464863,-23.4670256518887));
#3435=CARTESIAN_POINT('Ctrl Pts',(4.50000000000004,4.15519253464863,-23.5711923188589));
#3436=CARTESIAN_POINT('Ctrl Pts',(4.50000000000004,4.15519253464863,-23.623275652344));
#3437=CARTESIAN_POINT('Ctrl Pts',(4.50000000000004,4.15519253464863,-23.7274423193142));
#3438=CARTESIAN_POINT('Ctrl Pts',(4.50000000000004,4.15519253464863,-23.7795256527993));
#3439=CARTESIAN_POINT('Ctrl Pts',(4.50000000000004,4.15519253464863,-23.8316089862844));
#3440=CARTESIAN_POINT('',(4.49999999999994,5.39449951339334,-22.2044643245492));
#3441=CARTESIAN_POINT('Ctrl Pts',(4.49977694402222,5.39369614826196,-22.2044643245482));
#3442=CARTESIAN_POINT('Ctrl Pts',(4.49979644631129,5.27468236271504,-22.305153354138));
#3443=CARTESIAN_POINT('Ctrl Pts',(4.49982685147088,5.1547266018654,-22.4055510087361));
#3444=CARTESIAN_POINT('Ctrl Pts',(4.49985201379917,5.03422415222141,-22.5051413592435));
#3445=CARTESIAN_POINT('Ctrl Pts',(4.4998687242516,4.95419775606946,-22.5712799055234));
#3446=CARTESIAN_POINT('Ctrl Pts',(4.49988379414496,4.87392973322685,-22.63706240104));
#3447=CARTESIAN_POINT('Ctrl Pts',(4.49990215940115,4.79352726239901,-22.7023377326721));
#3448=CARTESIAN_POINT('Ctrl Pts',(4.49992684687743,4.68544632576463,-22.7900840283927));
#3449=CARTESIAN_POINT('Ctrl Pts',(4.4999602989818,4.57641522067281,-22.8774864732079));
#3450=CARTESIAN_POINT('Ctrl Pts',(4.49997869091665,4.46675578619973,-22.9641045525779));
#3451=CARTESIAN_POINT('Ctrl Pts',(4.4999960289969,4.36337981781004,-23.0457594314122));
#3452=CARTESIAN_POINT('Ctrl Pts',(4.50000000000004,4.25944577994111,-23.126717257519));
#3453=CARTESIAN_POINT('Ctrl Pts',(4.50000000000004,4.15519253464863,-23.2066089844633));
#3454=CARTESIAN_POINT('',(4.5,5.39449951339325,-21.5794643281654));
#3455=CARTESIAN_POINT('',(4.5,5.39449951339325,-5.55111512312578E-16));
#3456=CARTESIAN_POINT('',(4.49999999999994,4.15519253464879,-20.7066089862844));
#3457=CARTESIAN_POINT('Ctrl Pts',(4.49999999999992,4.15519253464878,-20.7066089862844));
#3458=CARTESIAN_POINT('Ctrl Pts',(4.49999999999993,4.26430607510686,-20.7772062271628));
#3459=CARTESIAN_POINT('Ctrl Pts',(4.49998633479597,4.37271065923108,-20.8492419324485));
#3460=CARTESIAN_POINT('Ctrl Pts',(4.49996757885349,4.48014920503335,-20.9222754761568));
#3461=CARTESIAN_POINT('Ctrl Pts',(4.49994922634325,4.58527679404017,-20.9937380998303));
#3462=CARTESIAN_POINT('Ctrl Pts',(4.4999258340238,4.68981420863955,-21.0663838216568));
#3463=CARTESIAN_POINT('Ctrl Pts',(4.49990213792108,4.79352787597375,-21.1398375970477));
#3464=CARTESIAN_POINT('Ctrl Pts',(4.4998788573321,4.89542291290156,-21.2120033525197));
#3465=CARTESIAN_POINT('Ctrl Pts',(4.49985515316945,4.99681927421129,-21.2851591325503));
#3466=CARTESIAN_POINT('Ctrl Pts',(4.49983356391899,5.09750468608088,-21.3589809511512));
#3467=CARTESIAN_POINT('Ctrl Pts',(4.49981228854775,5.19672626468738,-21.4317294977497));
#3468=CARTESIAN_POINT('Ctrl Pts',(4.49979297283392,5.29552127623576,-21.5053183968731));
#3469=CARTESIAN_POINT('Ctrl Pts',(4.49977687560032,5.39369639461614,-21.5794643281663));
#3470=CARTESIAN_POINT('',(4.49999998974168,4.15519255686781,-20.0816089820075));
#3471=CARTESIAN_POINT('Ctrl Pts',(4.49999999999989,4.15519253464879,-20.0816089844633));
#3472=CARTESIAN_POINT('Ctrl Pts',(4.49999999999989,4.15519253464879,-20.0828657487018));
#3473=CARTESIAN_POINT('Ctrl Pts',(4.49999999999989,4.15519253464879,-20.0841225129403));
#3474=CARTESIAN_POINT('Ctrl Pts',(4.49999999999989,4.15519253464879,-20.1889185183593));
#3475=CARTESIAN_POINT('Ctrl Pts',(4.49999999999989,4.15519253464879,-20.2924577595397));
#3476=CARTESIAN_POINT('Ctrl Pts',(4.49999999999989,4.15519253464879,-20.4995343292416));
#3477=CARTESIAN_POINT('Ctrl Pts',(4.49999999999989,4.15519253464879,-20.603071657763));
#3478=CARTESIAN_POINT('Ctrl Pts',(4.49999999999989,4.15519253464879,-20.7066089862844));
#3479=CARTESIAN_POINT('',(4.49999999999998,5.39449951339327,-19.0794643245492));
#3480=CARTESIAN_POINT('Ctrl Pts',(4.49977657468613,5.39369747973042,-19.0794643245482));
#3481=CARTESIAN_POINT('Ctrl Pts',(4.49979614051092,5.27468294094625,-19.1801538010354));
#3482=CARTESIAN_POINT('Ctrl Pts',(4.49982660312126,5.15472643744091,-19.2805519000992));
#3483=CARTESIAN_POINT('Ctrl Pts',(4.49985181528656,5.03422326821959,-19.3801426855867));
#3484=CARTESIAN_POINT('Ctrl Pts',(4.49986855864983,4.95419728421204,-19.4462807851755));
#3485=CARTESIAN_POINT('Ctrl Pts',(4.4998836581553,4.87392968906125,-19.5120628377372));
#3486=CARTESIAN_POINT('Ctrl Pts',(4.4999020491733,4.79352766170025,-19.5773377331266));
#3487=CARTESIAN_POINT('Ctrl Pts',(4.49992677156377,4.68544608001695,-19.6650844500871));
#3488=CARTESIAN_POINT('Ctrl Pts',(4.49996025198046,4.57641434517578,-19.7524873127123));
#3489=CARTESIAN_POINT('Ctrl Pts',(4.49997866304296,4.46675430885732,-19.8391058002488));
#3490=CARTESIAN_POINT('Ctrl Pts',(4.49999601898232,4.36337880081888,-19.9207602520912));
#3491=CARTESIAN_POINT('Ctrl Pts',(4.50000000000002,4.25944525914188,-20.0017176564954));
#3492=CARTESIAN_POINT('Ctrl Pts',(4.50000000000002,4.15519254983279,-20.0816089728273));
#3493=CARTESIAN_POINT('',(4.50000000620121,5.39449950304736,-18.4544643293089));
#3494=CARTESIAN_POINT('',(4.5,5.39449951339325,-5.55111512312578E-16));
#3495=CARTESIAN_POINT('',(4.49999999999999,4.15519253464869,-17.5816089862844));
#3496=CARTESIAN_POINT('Ctrl Pts',(4.49999999999999,4.15519253464871,-17.5816089862844));
#3497=CARTESIAN_POINT('Ctrl Pts',(4.49999999999998,4.27234797482068,-17.6574093937802));
#3498=CARTESIAN_POINT('Ctrl Pts',(4.49999104357594,4.38887302034979,-17.7349946284748));
#3499=CARTESIAN_POINT('Ctrl Pts',(4.4999691166948,4.50446392017251,-17.8138366629887));
#3500=CARTESIAN_POINT('Ctrl Pts',(4.49995070069323,4.60154668258527,-17.8800547001923));
#3501=CARTESIAN_POINT('Ctrl Pts',(4.49992388938147,4.69796922369403,-17.9471592870634));
#3502=CARTESIAN_POINT('Ctrl Pts',(4.49990202447213,4.79352828244673,-18.0148375910879));
#3503=CARTESIAN_POINT('Ctrl Pts',(4.49987249979455,4.92256382322,-18.1062251232844));
#3504=CARTESIAN_POINT('Ctrl Pts',(4.49984677275986,5.05100550267489,-18.1993495315977));
#3505=CARTESIAN_POINT('Ctrl Pts',(4.49981924950685,5.1784347048276,-18.2935731429788));
#3506=CARTESIAN_POINT('Ctrl Pts',(4.49980367532231,5.25054122183781,-18.3468900932699));
#3507=CARTESIAN_POINT('Ctrl Pts',(4.49978823431454,5.32232269104311,-18.4005590001016));
#3508=CARTESIAN_POINT('Ctrl Pts',(4.49977649181579,5.39369777899311,-18.4544643281663));
#3509=CARTESIAN_POINT('',(4.49999999999986,4.15519253464898,-16.9566089844632));
#3510=CARTESIAN_POINT('Ctrl Pts',(4.49999999999998,4.15519253464869,-16.9566089844633));
#3511=CARTESIAN_POINT('Ctrl Pts',(4.49999999999998,4.15519253464869,-17.0607756514335));
#3512=CARTESIAN_POINT('Ctrl Pts',(4.49999999999998,4.15519253464869,-17.1649423184036));
#3513=CARTESIAN_POINT('Ctrl Pts',(4.49999999999998,4.15519253464869,-17.373275652344));
#3514=CARTESIAN_POINT('Ctrl Pts',(4.49999999999998,4.15519253464869,-17.4774423193142));
#3515=CARTESIAN_POINT('Ctrl Pts',(4.49999999999998,4.15519253464869,-17.5816089862844));
#3516=CARTESIAN_POINT('',(4.49999999999999,5.39449951339326,-15.9544643245492));
#3517=CARTESIAN_POINT('Ctrl Pts',(4.49977612374437,5.3936991108303,-15.9544643245482));
#3518=CARTESIAN_POINT('Ctrl Pts',(4.49979576715425,5.27468370916687,-16.0551542978364));
#3519=CARTESIAN_POINT('Ctrl Pts',(4.49982630084682,5.15472635641025,-16.1555528906682));
#3520=CARTESIAN_POINT('Ctrl Pts',(4.49985157457999,5.03422236661754,-16.25514415944));
#3521=CARTESIAN_POINT('Ctrl Pts',(4.49986835862289,4.95419682708166,-16.3212817622716));
#3522=CARTESIAN_POINT('Ctrl Pts',(4.49988349468073,4.87392969502225,-16.3870633222565));
#3523=CARTESIAN_POINT('Ctrl Pts',(4.4999019171621,4.79352815000524,-16.4523377326721));
#3524=CARTESIAN_POINT('Ctrl Pts',(4.49992668218217,4.68544575677581,-16.5400849829628));
#3525=CARTESIAN_POINT('Ctrl Pts',(4.49996019647067,4.57641322898092,-16.627488374867));
#3526=CARTESIAN_POINT('Ctrl Pts',(4.49997863022656,4.46675243371369,-16.714107379468));
#3527=CARTESIAN_POINT('Ctrl Pts',(4.49999600734194,4.3633775000668,-16.7957612999176));
#3528=CARTESIAN_POINT('Ctrl Pts',(4.50000000000001,4.25944457685937,-16.8767181794691));
#3529=CARTESIAN_POINT('Ctrl Pts',(4.50000000000001,4.15519253464866,-16.9566089844633));
#3530=CARTESIAN_POINT('',(4.50000000494593,5.39449950514163,-15.3294643290774));
#3531=CARTESIAN_POINT('',(4.5,5.39449951339325,-5.55111512312578E-16));
#3532=CARTESIAN_POINT('',(4.49999999999972,4.15519253464926,-14.4566089862843));
#3533=CARTESIAN_POINT('Ctrl Pts',(4.49999999999995,4.15519253464875,-14.4566089862844));
#3534=CARTESIAN_POINT('Ctrl Pts',(4.49999999999995,4.27234917016619,-14.5324101671773));
#3535=CARTESIAN_POINT('Ctrl Pts',(4.49999102756685,4.38887545707979,-14.6099962116905));
#3536=CARTESIAN_POINT('Ctrl Pts',(4.49996907216471,4.50446762057791,-14.6888390762822));
#3537=CARTESIAN_POINT('Ctrl Pts',(4.49995063262101,4.60154927440295,-14.7550563305944));
#3538=CARTESIAN_POINT('Ctrl Pts',(4.49992378938384,4.69797075209727,-14.822160109234));
#3539=CARTESIAN_POINT('Ctrl Pts',(4.49990188555683,4.79352879270214,-14.8898375910879));
#3540=CARTESIAN_POINT('Ctrl Pts',(4.49987230769934,4.92256570054842,-14.9812259549972));
#3541=CARTESIAN_POINT('Ctrl Pts',(4.49984651452566,5.05100878211588,-15.0743512266378));
#3542=CARTESIAN_POINT('Ctrl Pts',(4.49981891544094,5.17843939686149,-15.1685757155505));
#3543=CARTESIAN_POINT('Ctrl Pts',(4.4998032987399,5.25054489722804,-15.221891819639));
#3544=CARTESIAN_POINT('Ctrl Pts',(4.49978781213378,5.32232536951494,-15.2755598670886));
#3545=CARTESIAN_POINT('Ctrl Pts',(4.49977602133651,5.39369948211931,-15.3294643281663));
#3546=CARTESIAN_POINT('',(4.5,4.15519253464865,-13.8316089844633));
#3547=CARTESIAN_POINT('Ctrl Pts',(4.49999999999989,4.15519253464878,-13.8316089844633));
#3548=CARTESIAN_POINT('Ctrl Pts',(4.49999999999989,4.15519253464878,-13.9357756514335));
#3549=CARTESIAN_POINT('Ctrl Pts',(4.49999999999994,4.15519253464874,-14.0399423184036));
#3550=CARTESIAN_POINT('Ctrl Pts',(4.49999999999994,4.15519253464874,-14.248275652344));
#3551=CARTESIAN_POINT('Ctrl Pts',(4.49999999999989,4.15519253464878,-14.3524423193142));
#3552=CARTESIAN_POINT('Ctrl Pts',(4.49999999999989,4.15519253464878,-14.4566089862844));
#3553=CARTESIAN_POINT('',(4.50000000844479,5.39449949930424,-12.8294643261064));
#3554=CARTESIAN_POINT('Ctrl Pts',(4.49977556088371,5.39370114659406,-12.8294643321442));
#3555=CARTESIAN_POINT('Ctrl Pts',(4.49979530117815,5.27468463323162,-12.9301549535253));
#3556=CARTESIAN_POINT('Ctrl Pts',(4.49982592309309,5.15472618556737,-13.0305541906864));
#3557=CARTESIAN_POINT('Ctrl Pts',(4.49985127327822,5.03422113663291,-13.1301460900608));
#3558=CARTESIAN_POINT('Ctrl Pts',(4.49986810781994,4.95419618750671,-13.1962830424233));
#3559=CARTESIAN_POINT('Ctrl Pts',(4.49988328927405,4.87392966943585,-13.2620639573977));
#3560=CARTESIAN_POINT('Ctrl Pts',(4.49990175101345,4.79352876258205,-13.3273377326721));
#3561=CARTESIAN_POINT('Ctrl Pts',(4.49992656923451,4.68544536712757,-13.41508563928));
#3562=CARTESIAN_POINT('Ctrl Pts',(4.49996012617605,4.57641186056037,-13.5024896823577));
#3563=CARTESIAN_POINT('Ctrl Pts',(4.49997858861279,4.46675012927819,-13.5891093231032));
#3564=CARTESIAN_POINT('Ctrl Pts',(4.49999599249674,4.36337590670058,-13.6707625846131));
#3565=CARTESIAN_POINT('Ctrl Pts',(4.49999999999994,4.25944374967746,-13.7517188133581));
#3566=CARTESIAN_POINT('Ctrl Pts',(4.49999999999995,4.15519253464872,-13.8316089844633));
#3567=CARTESIAN_POINT('',(4.49999999999999,5.39449951339326,-12.2044643281654));
#3568=CARTESIAN_POINT('',(4.5,5.39449951339325,-5.55111512312578E-16));
#3569=CARTESIAN_POINT('',(4.4999999999995,4.15519253464974,-11.3316089862843));
#3570=CARTESIAN_POINT('Ctrl Pts',(4.49999999999996,4.15519253464874,-11.3316089862844));
#3571=CARTESIAN_POINT('Ctrl Pts',(4.49999999999995,4.27235067316722,-11.4074111396297));
#3572=CARTESIAN_POINT('Ctrl Pts',(4.49999100749583,4.38887852112999,-11.4849982023916));
#3573=CARTESIAN_POINT('Ctrl Pts',(4.49996901632579,4.50447227383185,-11.5638421107052));
#3574=CARTESIAN_POINT('Ctrl Pts',(4.499950547261,4.60155253397869,-11.6300583806262));
#3575=CARTESIAN_POINT('Ctrl Pts',(4.49992366398808,4.69797267488015,-11.697161143013));
#3576=CARTESIAN_POINT('Ctrl Pts',(4.49990171134863,4.7935294356787,-11.7648375910879));
#3577=CARTESIAN_POINT('Ctrl Pts',(4.49987206678533,4.92256806217889,-11.8562270001995));
#3578=CARTESIAN_POINT('Ctrl Pts',(4.49984619063889,5.05101290660169,-11.9493533567725));
#3579=CARTESIAN_POINT('Ctrl Pts',(4.49981849640308,5.17844529749823,-12.0435789484669));
#3580=CARTESIAN_POINT('Ctrl Pts',(4.49980282635759,5.25054952079927,-12.0968939891439));
#3581=CARTESIAN_POINT('Ctrl Pts',(4.49978728253544,5.32232874084773,-12.1505609566196));
#3582=CARTESIAN_POINT('Ctrl Pts',(4.49977543112791,5.39370162835585,-12.2044643281663));
#3583=CARTESIAN_POINT('',(4.49999999369678,4.15519254830122,-10.7066089829543));
#3584=CARTESIAN_POINT('Ctrl Pts',(4.50000000000001,4.15519253464866,-10.7066089844633));
#3585=CARTESIAN_POINT('Ctrl Pts',(4.50000000000001,4.15519253464866,-10.8107756514335));
#3586=CARTESIAN_POINT('Ctrl Pts',(4.50000000000001,4.15519253464866,-10.9149423184036));
#3587=CARTESIAN_POINT('Ctrl Pts',(4.50000000000001,4.15519253464866,-11.123275652344));
#3588=CARTESIAN_POINT('Ctrl Pts',(4.50000000000001,4.15519253464866,-11.2274423193142));
#3589=CARTESIAN_POINT('Ctrl Pts',(4.50000000000001,4.15519253464866,-11.3316089862844));
#3590=CARTESIAN_POINT('',(4.50000000337177,5.39449950776792,-9.70446432517092));
#3591=CARTESIAN_POINT('Ctrl Pts',(4.499774838674,5.39370379403986,-9.70446432454822));
#3592=CARTESIAN_POINT('Ctrl Pts',(4.49979470334563,5.27468582435901,-9.80515580075824));
#3593=CARTESIAN_POINT('Ctrl Pts',(4.4998254380733,5.15472594181881,-9.90555588797299));
#3594=CARTESIAN_POINT('Ctrl Pts',(4.49985088604132,5.034219504,-10.0051486192978));
#3595=CARTESIAN_POINT('Ctrl Pts',(4.49986778515981,4.95419533192288,-10.0712847196873));
#3596=CARTESIAN_POINT('Ctrl Pts',(4.49988302467776,4.87392962143365,-10.1370647898265));
#3597=CARTESIAN_POINT('Ctrl Pts',(4.49990153677418,4.79352955335053,-10.2023377331266));
#3598=CARTESIAN_POINT('Ctrl Pts',(4.49992642324459,4.68544487881401,-10.2900864751468));
#3599=CARTESIAN_POINT('Ctrl Pts',(4.49996003520364,4.57641012358441,-10.3774913469598));
#3600=CARTESIAN_POINT('Ctrl Pts',(4.49997853471508,4.46674719893485,-10.4641117973121));
#3601=CARTESIAN_POINT('Ctrl Pts',(4.49999597320537,4.36337388270668,-10.5457642175325));
#3602=CARTESIAN_POINT('Ctrl Pts',(4.49999999999998,4.25944270298937,-10.6267196153835));
#3603=CARTESIAN_POINT('Ctrl Pts',(4.49999999999998,4.15519254397858,-10.7066089773136));
#3604=CARTESIAN_POINT('',(4.49999999999998,5.39449951339328,-9.07946432816543));
#3605=CARTESIAN_POINT('',(4.5,5.39449951339325,-5.55111512312578E-16));
#3606=CARTESIAN_POINT('',(4.49999999999974,4.15519253464923,-8.20660898628431));
#3607=CARTESIAN_POINT('Ctrl Pts',(4.49999999999997,4.15519253464873,-8.20660898628435));
#3608=CARTESIAN_POINT('Ctrl Pts',(4.49999999999997,4.27174615758821,-8.28202001372757));
#3609=CARTESIAN_POINT('Ctrl Pts',(4.49996165019992,4.38764101776801,-8.3591975784653));
#3610=CARTESIAN_POINT('Ctrl Pts',(4.49988988567309,4.50258934241674,-8.43762174868069));
#3611=CARTESIAN_POINT('Ctrl Pts',(4.4998289301387,4.6002244396638,-8.50423386772548));
#3612=CARTESIAN_POINT('Ctrl Pts',(4.49974455458861,4.69717536002653,-8.57174535111387));
#3613=CARTESIAN_POINT('Ctrl Pts',(4.49965476447096,4.7932406511096,-8.63983759108793));
#3614=CARTESIAN_POINT('Ctrl Pts',(4.49953469534484,4.92170106359133,-8.73089188484225));
#3615=CARTESIAN_POINT('Ctrl Pts',(4.49939915089732,5.04955047036908,-8.8236704110057));
#3616=CARTESIAN_POINT('Ctrl Pts',(4.49925015938784,5.17638426695169,-8.91754244681774));
#3617=CARTESIAN_POINT('Ctrl Pts',(4.49916499789723,5.24888071466226,-8.97119840697265));
#3618=CARTESIAN_POINT('Ctrl Pts',(4.4990761150746,5.32104444452294,-9.02521162852111));
#3619=CARTESIAN_POINT('Ctrl Pts',(4.4989883007667,5.3927939599239,-9.07946432816632));
#3620=CARTESIAN_POINT('',(4.49999999944075,4.15519253585999,-7.58160898432939));
#3621=CARTESIAN_POINT('Ctrl Pts',(4.5,4.15519253464867,-7.58160898446327));
#3622=CARTESIAN_POINT('Ctrl Pts',(4.5,4.15519253464867,-7.68577565143346));
#3623=CARTESIAN_POINT('Ctrl Pts',(4.5,4.15519253464867,-7.78994231840364));
#3624=CARTESIAN_POINT('Ctrl Pts',(4.5,4.15519253464867,-7.99827565234401));
#3625=CARTESIAN_POINT('Ctrl Pts',(4.5,4.15519253464867,-8.10244231931419));
#3626=CARTESIAN_POINT('Ctrl Pts',(4.5,4.15519253464867,-8.20660898628437));
#3627=CARTESIAN_POINT('',(4.50000000000003,5.39449951339319,-6.57946432454919));
#3628=CARTESIAN_POINT('Ctrl Pts',(4.49977387864382,5.39370732848925,-6.57946432454821));
#3629=CARTESIAN_POINT('Ctrl Pts',(4.49979390875103,5.27468747656372,-6.68015688768332));
#3630=CARTESIAN_POINT('Ctrl Pts',(4.49982479446933,5.15472574134068,-6.78055805537377));
#3631=CARTESIAN_POINT('Ctrl Pts',(4.49985037318858,5.03421751294662,-6.88015184420245));
#3632=CARTESIAN_POINT('Ctrl Pts',(4.49986735867499,4.95419431646776,-6.94628685786685));
#3633=CARTESIAN_POINT('Ctrl Pts',(4.4998826757861,4.87392962202315,-7.01206585041204));
#3634=CARTESIAN_POINT('Ctrl Pts',(4.49990125481609,4.793530611685,-7.07733773267212));
#3635=CARTESIAN_POINT('Ctrl Pts',(4.49992623199616,4.68544420674568,-7.1650876075455));
#3636=CARTESIAN_POINT('Ctrl Pts',(4.49995991632865,4.57640776180976,-7.2524936034618));
#3637=CARTESIAN_POINT('Ctrl Pts',(4.49997846440102,4.46674322138591,-7.33911515197357));
#3638=CARTESIAN_POINT('Ctrl Pts',(4.49999594820242,4.36337112933493,-7.42076643735487));
#3639=CARTESIAN_POINT('Ctrl Pts',(4.49999999999999,4.25944126899698,-7.50172071436222));
#3640=CARTESIAN_POINT('Ctrl Pts',(4.49999999999999,4.15519253464868,-7.58160898446327));
#3641=CARTESIAN_POINT('',(4.49999999999993,5.39449951339337,-5.95446432816541));
#3642=CARTESIAN_POINT('',(4.5,5.39449951339325,-5.55111512312578E-16));
#3643=CARTESIAN_POINT('',(4.49999999352324,4.1551925486771,-5.08160898473389));
#3644=CARTESIAN_POINT('Ctrl Pts',(4.50000000000001,4.15519254383032,-5.08160899222493));
#3645=CARTESIAN_POINT('Ctrl Pts',(4.50000000000001,4.27235525034597,-5.15741410121007));
#3646=CARTESIAN_POINT('Ctrl Pts',(4.49999094695681,4.38888784381765,-5.23500425880523));
#3647=CARTESIAN_POINT('Ctrl Pts',(4.49996884780332,4.50448642846727,-5.31385133935709));
#3648=CARTESIAN_POINT('Ctrl Pts',(4.49995028963553,4.60156245141643,-5.38006461544804));
#3649=CARTESIAN_POINT('Ctrl Pts',(4.49992328549656,4.69797852863939,-5.44716428710753));
#3650=CARTESIAN_POINT('Ctrl Pts',(4.49990118540823,4.79353139949807,-5.51483759114107));
#3651=CARTESIAN_POINT('Ctrl Pts',(4.49987133930976,4.92257524544503,-5.60623017141574));
#3652=CARTESIAN_POINT('Ctrl Pts',(4.49984521235407,5.05102544468457,-5.69935981967618));
#3653=CARTESIAN_POINT('Ctrl Pts',(4.49981723037914,5.17846323167606,-5.79358875722158));
#3654=CARTESIAN_POINT('Ctrl Pts',(4.49980139904443,5.25056358434499,-5.84690057147253));
#3655=CARTESIAN_POINT('Ctrl Pts',(4.49978568219664,5.3223390093786,-5.90056426227775));
#3656=CARTESIAN_POINT('Ctrl Pts',(4.49977364747032,5.3937081844622,-5.95446432816632));
#3657=CARTESIAN_POINT('',(4.49999999961488,4.15519253548282,-4.45660898437107));
#3658=CARTESIAN_POINT('Ctrl Pts',(4.5,4.15519253464867,-4.45660898446327));
#3659=CARTESIAN_POINT('Ctrl Pts',(4.5,4.15519253464867,-4.56077565143345));
#3660=CARTESIAN_POINT('Ctrl Pts',(4.5,4.15519253464867,-4.66494231840364));
#3661=CARTESIAN_POINT('Ctrl Pts',(4.5,4.15519253464867,-4.873275652344));
#3662=CARTESIAN_POINT('Ctrl Pts',(4.5,4.15519253464867,-4.97744231931419));
#3663=CARTESIAN_POINT('Ctrl Pts',(4.5,4.15519253464867,-5.08160898628437));
#3664=CARTESIAN_POINT('',(4.49999999999997,5.3944995133933,-3.45446432454917));
#3665=CARTESIAN_POINT('Ctrl Pts',(4.49899153032574,5.39280152571624,-3.4544643245482));
#3666=CARTESIAN_POINT('Ctrl Pts',(4.49913632567156,5.27404761714419,-3.55505192352058));
#3667=CARTESIAN_POINT('Ctrl Pts',(4.49928458717666,5.15434654669785,-3.65534873424599));
#3668=CARTESIAN_POINT('Ctrl Pts',(4.49941477287773,5.03408584873845,-3.75484038524343));
#3669=CARTESIAN_POINT('Ctrl Pts',(4.49950144843743,4.95401819752655,-3.82108033682968));
#3670=CARTESIAN_POINT('Ctrl Pts',(4.49958075715719,4.87370193627074,-3.88696338658026));
#3671=CARTESIAN_POINT('Ctrl Pts',(4.49965573247472,4.79324237661915,-3.95233773267212));
#3672=CARTESIAN_POINT('Ctrl Pts',(4.49975617274778,4.68545516867215,-4.0399161169824));
#3673=CARTESIAN_POINT('Ctrl Pts',(4.49985220846084,4.57670691134645,-4.12715196511512));
#3674=CARTESIAN_POINT('Ctrl Pts',(4.49991392421286,4.46730999737329,-4.2136072866017));
#3675=CARTESIAN_POINT('Ctrl Pts',(4.49997233353475,4.36377403852045,-4.29543075202631));
#3676=CARTESIAN_POINT('Ctrl Pts',(4.5,4.25965740515586,-4.37655508411311));
#3677=CARTESIAN_POINT('Ctrl Pts',(4.5,4.15519253464867,-4.45660898446327));
#3678=CARTESIAN_POINT('',(4.49999999999987,5.39449951339346,-2.8294643281654));
#3679=CARTESIAN_POINT('',(4.5,5.39449951339325,-5.55111512312578E-16));
#3680=CARTESIAN_POINT('',(4.4999999991319,4.15519253652895,-1.95660898607655));
#3681=CARTESIAN_POINT('Ctrl Pts',(4.50000000000001,4.15519253464869,-1.95660898628434));
#3682=CARTESIAN_POINT('Ctrl Pts',(4.50000000000001,4.27235895504111,-2.03241649806134));
#3683=CARTESIAN_POINT('Ctrl Pts',(4.49999089815977,4.38889540822322,-2.11000917161319));
#3684=CARTESIAN_POINT('Ctrl Pts',(4.49996871192115,4.50449792403952,-2.18885883108134));
#3685=CARTESIAN_POINT('Ctrl Pts',(4.49995008191525,4.60157050986057,-2.25506967676783));
#3686=CARTESIAN_POINT('Ctrl Pts',(4.49992298032369,4.6979832917585,-2.32216683936909));
#3687=CARTESIAN_POINT('Ctrl Pts',(4.49990076133077,4.79353300907212,-2.38983759108792));
#3688=CARTESIAN_POINT('Ctrl Pts',(4.49987075267338,4.92258110504661,-2.48123275067603));
#3689=CARTESIAN_POINT('Ctrl Pts',(4.49984442338668,5.0510356655795,-2.57436507631962));
#3690=CARTESIAN_POINT('Ctrl Pts',(4.49981620909975,5.17847784835324,-2.66859673529126));
#3691=CARTESIAN_POINT('Ctrl Pts',(4.49980024757685,5.25057505655187,-2.72190592529346));
#3692=CARTESIAN_POINT('Ctrl Pts',(4.49978439101695,5.32234739890144,-2.77556695098241));
#3693=CARTESIAN_POINT('Ctrl Pts',(4.49977220818685,5.39371355872059,-2.82946432816631));
#3694=CARTESIAN_POINT('',(4.49999999966258,4.15519253537951,-1.33160898438249));
#3695=CARTESIAN_POINT('Ctrl Pts',(4.50000000000001,4.15519253464866,-1.33160898446326));
#3696=CARTESIAN_POINT('Ctrl Pts',(4.50000000000001,4.15519253464866,-1.43577565143345));
#3697=CARTESIAN_POINT('Ctrl Pts',(4.50000000000001,4.15519253464866,-1.53994231840363));
#3698=CARTESIAN_POINT('Ctrl Pts',(4.50000000000001,4.15519253464866,-1.748275652344));
#3699=CARTESIAN_POINT('Ctrl Pts',(4.50000000000001,4.15519253464866,-1.85244231931418));
#3700=CARTESIAN_POINT('Ctrl Pts',(4.50000000000001,4.15519253464866,-1.95660898628436));
#3701=CARTESIAN_POINT('',(4.4999999999999,5.39449951339342,-0.329464324549152));
#3702=CARTESIAN_POINT('Ctrl Pts',(4.49977057847555,5.39371974646153,-0.329464324548198));
#3703=CARTESIAN_POINT('Ctrl Pts',(4.49979117839519,5.27469326670909,-0.430160718356011));
#3704=CARTESIAN_POINT('Ctrl Pts',(4.49982258228278,5.15472500806767,-0.530565694547095));
#3705=CARTESIAN_POINT('Ctrl Pts',(4.49984860953121,5.03421047455338,-0.630163210813314));
#3706=CARTESIAN_POINT('Ctrl Pts',(4.49986589121473,4.95419072015068,-0.696294394815251));
#3707=CARTESIAN_POINT('Ctrl Pts',(4.49988147434786,4.87392961003688,-0.76206958983474));
#3708=CARTESIAN_POINT('Ctrl Pts',(4.49990028326017,4.79353433042061,-0.827337732672113));
#3709=CARTESIAN_POINT('Ctrl Pts',(4.49992557205934,4.6854419513686,-0.915091502162956));
#3710=CARTESIAN_POINT('Ctrl Pts',(4.49995950586677,4.57639967693356,-1.00250136217111));
#3711=CARTESIAN_POINT('Ctrl Pts',(4.49997822151986,4.46672956769157,-1.08912668558507));
#3712=CARTESIAN_POINT('Ctrl Pts',(4.49999586167275,4.36336168165701,-1.17077406079287));
#3713=CARTESIAN_POINT('Ctrl Pts',(4.50000000000001,4.2594363604607,-1.25172447588962));
#3714=CARTESIAN_POINT('Ctrl Pts',(4.50000000000001,4.15519253464866,-1.33160898446326));
#3715=CARTESIAN_POINT('',(4.5,5.39449951339325,-5.55111512312578E-16));
#3716=CARTESIAN_POINT('',(4.5,5.39449951339325,-5.55111512312578E-16));
#3717=CARTESIAN_POINT('',(4.49999999999998,-4.69789031743403,1.94988398049614E-17));
#3718=CARTESIAN_POINT('',(4.5,-5.575,-1.38777878078145E-16));
#3719=CARTESIAN_POINT('',(4.50000000359138,-5.39449950740151,-0.575396776016824));
#3720=CARTESIAN_POINT('Ctrl Pts',(4.49991974829759,-5.39423760728904,-0.575396776680056));
#3721=CARTESIAN_POINT('Ctrl Pts',(4.49994004696344,-5.27487021112572,-0.474437909423205));
#3722=CARTESIAN_POINT('Ctrl Pts',(4.49996540267825,-5.15456923673531,-0.373790508909566));
#3723=CARTESIAN_POINT('Ctrl Pts',(4.49997915286656,-5.03372625627155,-0.273971615612079));
#3724=CARTESIAN_POINT('Ctrl Pts',(4.49998713085279,-4.96361204319552,-0.216055772037096));
#3725=CARTESIAN_POINT('Ctrl Pts',(4.49999183832998,-4.89331483237649,-0.158418839413655));
#3726=CARTESIAN_POINT('Ctrl Pts',(4.49999606912915,-4.82290552395369,-0.101161807759397));
#3727=CARTESIAN_POINT('Ctrl Pts',(4.49999856509296,-4.78136748847571,-0.0673829699111864));
#3728=CARTESIAN_POINT('Ctrl Pts',(4.49999938698178,-4.73969065845631,-0.0336542139308009));
#3729=CARTESIAN_POINT('Ctrl Pts',(4.49999999999962,-4.6978903174334,7.34023952730922E-13));
#3730=CARTESIAN_POINT('',(4.49999999999999,-5.39449951339327,-1.20039677306281));
#3731=CARTESIAN_POINT('',(4.5,-5.39449951339325,-5.55111512312578E-16));
#3732=CARTESIAN_POINT('',(4.49999999302776,-4.15519254975029,-2.07325212006252));
#3733=CARTESIAN_POINT('Ctrl Pts',(4.49999999999999,-4.15519254453273,-2.07325211199837));
#3734=CARTESIAN_POINT('Ctrl Pts',(4.49999999999999,-4.27226776502745,-1.99750360678136));
#3735=CARTESIAN_POINT('Ctrl Pts',(4.49999058121227,-4.38870789758592,-1.9199769705812));
#3736=CARTESIAN_POINT('Ctrl Pts',(4.49996829271225,-4.50420916393734,-1.84119969530263));
#3737=CARTESIAN_POINT('Ctrl Pts',(4.49995023632111,-4.59777921312029,-1.77738053768503));
#3738=CARTESIAN_POINT('Ctrl Pts',(4.49992449875279,-4.69073181360528,-1.71274058976117));
#3739=CARTESIAN_POINT('Ctrl Pts',(4.49990307693201,-4.78288490091447,-1.64756030843461));
#3740=CARTESIAN_POINT('Ctrl Pts',(4.49987312700186,-4.91172448721233,-1.55643150606777));
#3741=CARTESIAN_POINT('Ctrl Pts',(4.4998466951196,-5.03997002088078,-1.46356482808852));
#3742=CARTESIAN_POINT('Ctrl Pts',(4.49981823213116,-5.16720462983179,-1.36959617659615));
#3743=CARTESIAN_POINT('Ctrl Pts',(4.49980201553314,-5.23969570056395,-1.31605816348714));
#3744=CARTESIAN_POINT('Ctrl Pts',(4.49978585319049,-5.31185774796874,-1.2621624415435));
#3745=CARTESIAN_POINT('Ctrl Pts',(4.49977339858519,-5.38360805056553,-1.20802661637131));
#3746=CARTESIAN_POINT('Ctrl Pts',(4.49977281365012,-5.38697782958998,-1.20548410767749));
#3747=CARTESIAN_POINT('Ctrl Pts',(4.49977223228845,-5.39034703124441,-1.2029408229488));
#3748=CARTESIAN_POINT('Ctrl Pts',(4.49977165453515,-5.39371564802207,-1.20039677306194));
#3749=CARTESIAN_POINT('',(4.4999999943671,-4.15519254684934,-2.69825212156299));
#3750=CARTESIAN_POINT('Ctrl Pts',(4.5,-4.15519253464867,-2.69825212021452));
#3751=CARTESIAN_POINT('Ctrl Pts',(4.5,-4.15519253464867,-2.5956209462797));
#3752=CARTESIAN_POINT('Ctrl Pts',(4.5,-4.15519253464867,-2.49298977234487));
#3753=CARTESIAN_POINT('Ctrl Pts',(4.5,-4.15519253464867,-2.28619193143986));
#3754=CARTESIAN_POINT('Ctrl Pts',(4.5,-4.15519253464867,-2.18202526446968));
#3755=CARTESIAN_POINT('Ctrl Pts',(4.5,-4.15519253464867,-2.07632310446414));
#3756=CARTESIAN_POINT('Ctrl Pts',(4.5,-4.15519253464867,-2.07478761142878));
#3757=CARTESIAN_POINT('Ctrl Pts',(4.5,-4.15519253464867,-2.07325211839343));
#3758=CARTESIAN_POINT('',(4.50000000807703,-5.3944994999178,-3.7003967751897));
#3759=CARTESIAN_POINT('Ctrl Pts',(4.49899083236753,-5.39279988619456,-3.70039676941481));
#3760=CARTESIAN_POINT('Ctrl Pts',(4.49913590124258,-5.27391881539152,-3.59970122648533));
#3761=CARTESIAN_POINT('Ctrl Pts',(4.49928411577153,-5.1540955566316,-3.4993028604449));
#3762=CARTESIAN_POINT('Ctrl Pts',(4.49941443776934,-5.03371782174083,-3.39971675394063));
#3763=CARTESIAN_POINT('Ctrl Pts',(4.49949773958619,-4.95677237742921,-3.33606131783206));
#3764=CARTESIAN_POINT('Ctrl Pts',(4.49957437796933,-4.87959983132745,-3.27273775196252));
#3765=CARTESIAN_POINT('Ctrl Pts',(4.49964704789118,-4.80229353874695,-3.20988057642321));
#3766=CARTESIAN_POINT('Ctrl Pts',(4.4997485185119,-4.69434905091903,-3.12211171061146));
#3767=CARTESIAN_POINT('Ctrl Pts',(4.49984572053252,-4.58544376538739,-3.03468453037411));
#3768=CARTESIAN_POINT('Ctrl Pts',(4.49990887430603,-4.47589112719684,-2.94803809919496));
#3769=CARTESIAN_POINT('Ctrl Pts',(4.49996834026861,-4.37273572219265,-2.86645131271423));
#3770=CARTESIAN_POINT('Ctrl Pts',(4.49999763962715,-4.26900666694754,-2.78555675519455));
#3771=CARTESIAN_POINT('Ctrl Pts',(4.49999989425154,-4.16493385329593,-2.70572097793509));
#3772=CARTESIAN_POINT('Ctrl Pts',(4.49999996458228,-4.16168740686687,-2.70323058140499));
#3773=CARTESIAN_POINT('Ctrl Pts',(4.50000000000001,-4.15844030097273,-2.700740960336));
#3774=CARTESIAN_POINT('Ctrl Pts',(4.5,-4.15519254298639,-2.69825212660388));
#3775=CARTESIAN_POINT('',(4.5,-5.39449951339325,-4.32539677306282));
#3776=CARTESIAN_POINT('',(4.5,-5.39449951339325,-5.55111512312578E-16));
#3777=CARTESIAN_POINT('',(4.49999999301617,-4.15519254977539,-5.1982521200653));
#3778=CARTESIAN_POINT('Ctrl Pts',(4.50000000000001,-4.15519254454914,-5.19825211198774));
#3779=CARTESIAN_POINT('Ctrl Pts',(4.50000000000001,-4.27165301871621,-5.12290135204243));
#3780=CARTESIAN_POINT('Ctrl Pts',(4.49996147389497,-4.38744984161746,-5.0457910855441));
#3781=CARTESIAN_POINT('Ctrl Pts',(4.49988984594031,-4.50229540832212,-4.96744053858421));
#3782=CARTESIAN_POINT('Ctrl Pts',(4.49983113420415,-4.59643159642452,-4.90321845288968));
#3783=CARTESIAN_POINT('Ctrl Pts',(4.49975088211225,-4.68992735879088,-4.83816306092725));
#3784=CARTESIAN_POINT('Ctrl Pts',(4.49966527317631,-4.78260212706521,-4.77256030843461));
#3785=CARTESIAN_POINT('Ctrl Pts',(4.49954679964357,-4.91085400956822,-4.68177317552638));
#3786=CARTESIAN_POINT('Ctrl Pts',(4.49941260789879,-5.03849426996053,-4.58926117421912));
#3787=CARTESIAN_POINT('Ctrl Pts',(4.49926474322139,-5.16512028599242,-4.49565308082772));
#3788=CARTESIAN_POINT('Ctrl Pts',(4.4991796247824,-5.2380126698258,-4.441767494854));
#3789=CARTESIAN_POINT('Ctrl Pts',(4.49909065234982,-5.31056804242131,-4.38751869247));
#3790=CARTESIAN_POINT('Ctrl Pts',(4.49900272668276,-5.38270350947358,-4.33302661637132));
#3791=CARTESIAN_POINT('Ctrl Pts',(4.49899862421892,-5.38606922911772,-4.33048410769328));
#3792=CARTESIAN_POINT('Ctrl Pts',(4.49899451905256,-5.38943436500517,-4.3279408229805));
#3793=CARTESIAN_POINT('Ctrl Pts',(4.49899041132366,-5.39279890982175,-4.32539677306195));
#3794=CARTESIAN_POINT('',(4.49999999999996,-4.15519253464875,-5.82325212021454));
#3795=CARTESIAN_POINT('Ctrl Pts',(4.49999999999999,-4.15519253464867,-5.82325212021453));
#3796=CARTESIAN_POINT('Ctrl Pts',(4.49999999999999,-4.15519253464867,-5.7206209462797));
#3797=CARTESIAN_POINT('Ctrl Pts',(4.49999999999999,-4.15519253464867,-5.61798977234488));
#3798=CARTESIAN_POINT('Ctrl Pts',(4.49999999999999,-4.15519253464867,-5.41119193143987));
#3799=CARTESIAN_POINT('Ctrl Pts',(4.49999999999999,-4.15519253464867,-5.30702526446969));
#3800=CARTESIAN_POINT('Ctrl Pts',(4.49999999999999,-4.15519253464867,-5.20132310446415));
#3801=CARTESIAN_POINT('Ctrl Pts',(4.49999999999999,-4.15519253464867,-5.19978761142879));
#3802=CARTESIAN_POINT('Ctrl Pts',(4.49999999999999,-4.15519253464867,-5.19825211839343));
#3803=CARTESIAN_POINT('',(4.5,-5.39449951339325,-6.82539677667907));
#3804=CARTESIAN_POINT('Ctrl Pts',(4.49898900528904,-5.39279561455695,-6.82539677668007));
#3805=CARTESIAN_POINT('Ctrl Pts',(4.49913438262587,-5.2739159453786,-6.7247018049682));
#3806=CARTESIAN_POINT('Ctrl Pts',(4.4992828799845,-5.1540940364037,-6.6243040069206));
#3807=CARTESIAN_POINT('Ctrl Pts',(4.4994134487602,-5.03371756972242,-6.52471845622802));
#3808=CARTESIAN_POINT('Ctrl Pts',(4.49949690953478,-4.95677181377224,-6.46106244695135));
#3809=CARTESIAN_POINT('Ctrl Pts',(4.49957369189509,-4.87959891605143,-6.39773831261773));
#3810=CARTESIAN_POINT('Ctrl Pts',(4.49964648777139,-4.80229222765255,-6.33488057686538));
#3811=CARTESIAN_POINT('Ctrl Pts',(4.49974813261241,-4.69434894223288,-6.2471123558786));
#3812=CARTESIAN_POINT('Ctrl Pts',(4.49984547520498,-4.58544479446648,-6.1596858153195));
#3813=CARTESIAN_POINT('Ctrl Pts',(4.49990872603251,-4.47589319793006,-6.07304000912256));
#3814=CARTESIAN_POINT('Ctrl Pts',(4.49996828428398,-4.372737211043,-5.99145257516036));
#3815=CARTESIAN_POINT('Ctrl Pts',(4.49999763636243,-4.26900747140538,-5.91055737810263));
#3816=CARTESIAN_POINT('Ctrl Pts',(4.49999989410613,-4.16493385295765,-5.8307209779351));
#3817=CARTESIAN_POINT('Ctrl Pts',(4.49999996453368,-4.16168740399898,-5.82823057929178));
#3818=CARTESIAN_POINT('Ctrl Pts',(4.49999999999998,-4.15844029542694,-5.82574095608399));
#3819=CARTESIAN_POINT('Ctrl Pts',(4.49999999999999,-4.15519253464871,-5.82325212021451));
#3820=CARTESIAN_POINT('',(4.49999999999993,-5.39449951339337,-7.45039677306283));
#3821=CARTESIAN_POINT('',(4.5,-5.39449951339325,-5.55111512312578E-16));
#3822=CARTESIAN_POINT('',(4.49999999846237,-4.15519253797911,-8.32325211876153));
#3823=CARTESIAN_POINT('Ctrl Pts',(4.50000000000001,-4.15519253464866,-8.32325211839343));
#3824=CARTESIAN_POINT('Ctrl Pts',(4.50000000000001,-4.271651325897,-8.24790244742965));
#3825=CARTESIAN_POINT('Ctrl Pts',(4.49996141714469,-4.38744635007775,-8.17079332076757));
#3826=CARTESIAN_POINT('Ctrl Pts',(4.49988968908474,-4.50229004660231,-8.09244394197007));
#3827=CARTESIAN_POINT('Ctrl Pts',(4.49983089340642,-4.59642772497337,-8.02822075127684));
#3828=CARTESIAN_POINT('Ctrl Pts',(4.49975052670625,-4.68992488850291,-7.96316421982293));
#3829=CARTESIAN_POINT('Ctrl Pts',(4.49966477981531,-4.7826009744144,-7.89756030848902));
#3830=CARTESIAN_POINT('Ctrl Pts',(4.4995461188257,-4.91085094296864,-7.80677421752652));
#3831=CARTESIAN_POINT('Ctrl Pts',(4.4994116943874,-5.03848919563787,-7.71426329773656));
#3832=CARTESIAN_POINT('Ctrl Pts',(4.49926356416069,-5.16511315349471,-7.62065630381106));
#3833=CARTESIAN_POINT('Ctrl Pts',(4.49917829017924,-5.23800664236182,-7.56676965798921));
#3834=CARTESIAN_POINT('Ctrl Pts',(4.49908915098817,-5.31056308206695,-7.51251977888443));
#3835=CARTESIAN_POINT('Ctrl Pts',(4.49900104972218,-5.38269957829567,-7.45802661637132));
#3836=CARTESIAN_POINT('Ctrl Pts',(4.49899693914712,-5.38606527888184,-7.45548410767461));
#3837=CARTESIAN_POINT('Ctrl Pts',(4.49899282584942,-5.38943039566331,-7.45294082294299));
#3838=CARTESIAN_POINT('Ctrl Pts',(4.49898870996932,-5.3927949212517,-7.45039677306195));
#3839=CARTESIAN_POINT('',(4.49999999999928,-4.15519253465022,-8.94825212021471));
#3840=CARTESIAN_POINT('Ctrl Pts',(4.49999999999998,-4.15519253464869,-8.94825212021453));
#3841=CARTESIAN_POINT('Ctrl Pts',(4.49999999999998,-4.15519253464869,-8.84562094627971));
#3842=CARTESIAN_POINT('Ctrl Pts',(4.49999999999998,-4.15519253464869,-8.74298977234488));
#3843=CARTESIAN_POINT('Ctrl Pts',(4.49999999999998,-4.15519253464869,-8.53619193143987));
#3844=CARTESIAN_POINT('Ctrl Pts',(4.49999999999998,-4.15519253464869,-8.43202526446969));
#3845=CARTESIAN_POINT('Ctrl Pts',(4.49999999999998,-4.15519253464869,-8.32632310446415));
#3846=CARTESIAN_POINT('Ctrl Pts',(4.49999999999998,-4.15519253464869,-8.32478761142879));
#3847=CARTESIAN_POINT('Ctrl Pts',(4.49999999999998,-4.15519253464869,-8.32325211839344));
#3848=CARTESIAN_POINT('',(4.49999999999998,-5.39449951339329,-9.95039677667908));
#3849=CARTESIAN_POINT('Ctrl Pts',(4.49898769606409,-5.39279253790546,-9.95039677668007));
#3850=CARTESIAN_POINT('Ctrl Pts',(4.49913329447694,-5.27391385999854,-9.84970220184075));
#3851=CARTESIAN_POINT('Ctrl Pts',(4.49928199422582,-5.15409290486255,-9.74930479832282));
#3852=CARTESIAN_POINT('Ctrl Pts',(4.49941273962016,-5.03371733326566,-9.64971963372706));
#3853=CARTESIAN_POINT('Ctrl Pts',(4.49949631413571,-4.95677137175235,-9.58606322785809));
#3854=CARTESIAN_POINT('Ctrl Pts',(4.49957319953143,-4.87959823985108,-9.52273870019529));
#3855=CARTESIAN_POINT('Ctrl Pts',(4.49964608564519,-4.80229128552352,-9.45988057686539));
#3856=CARTESIAN_POINT('Ctrl Pts',(4.49974785531239,-4.69434887223555,-9.37211282574907));
#3857=CARTESIAN_POINT('Ctrl Pts',(4.49984529883685,-4.58544555020239,-9.28468675140195));
#3858=CARTESIAN_POINT('Ctrl Pts',(4.49990861940737,-4.47589471038666,-9.19804140070713));
#3859=CARTESIAN_POINT('Ctrl Pts',(4.49996824398844,-4.37273829730706,-9.11645349501206));
#3860=CARTESIAN_POINT('Ctrl Pts',(4.49999763402473,-4.26900805768212,-9.03555783200871));
#3861=CARTESIAN_POINT('Ctrl Pts',(4.49999989400209,-4.1649338527147,-8.9557209779351));
#3862=CARTESIAN_POINT('Ctrl Pts',(4.49999996449891,-4.16168740390512,-8.95323057928206));
#3863=CARTESIAN_POINT('Ctrl Pts',(4.5,-4.15844029542061,-8.95074095607916));
#3864=CARTESIAN_POINT('Ctrl Pts',(4.49999999999999,-4.1551925346487,-8.94825212021452));
#3865=CARTESIAN_POINT('',(4.49999999999985,-5.39449951339351,-10.5753967730629));
#3866=CARTESIAN_POINT('',(4.5,-5.39449951339325,-5.55111512312578E-16));
#3867=CARTESIAN_POINT('',(4.49999999833965,-4.15519253824493,-11.4482521187909));
#3868=CARTESIAN_POINT('Ctrl Pts',(4.49999999999998,-4.15519253464869,-11.4482521183934));
#3869=CARTESIAN_POINT('Ctrl Pts',(4.49999999999998,-4.27165010286216,-11.372903238742));
#3870=CARTESIAN_POINT('Ctrl Pts',(4.49996137606904,-4.38744381987744,-11.295794940347));
#3871=CARTESIAN_POINT('Ctrl Pts',(4.49988957552898,-4.50228615732424,-11.2174464104143));
#3872=CARTESIAN_POINT('Ctrl Pts',(4.49983071906637,-4.59642491634828,-11.1532224182594));
#3873=CARTESIAN_POINT('Ctrl Pts',(4.49975026936391,-4.6899230958154,-11.088165060327));
#3874=CARTESIAN_POINT('Ctrl Pts',(4.49966442253787,-4.78260013701712,-11.022560308489));
#3875=CARTESIAN_POINT('Ctrl Pts',(4.49954562576846,-4.91084871183631,-10.9317749768094));
#3876=CARTESIAN_POINT('Ctrl Pts',(4.49941103274845,-5.03848550268278,-10.8392648451531));
#3877=CARTESIAN_POINT('Ctrl Pts',(4.49926271013774,-5.16510796211369,-10.7456586524366));
#3878=CARTESIAN_POINT('Ctrl Pts',(4.49917732345218,-5.23800225702725,-10.6917712342939));
#3879=CARTESIAN_POINT('Ctrl Pts',(4.49908806342955,-5.31055947519492,-10.6375205705713));
#3880=CARTESIAN_POINT('Ctrl Pts',(4.49899983493451,-5.38269672228189,-10.5830266163713));
#3881=CARTESIAN_POINT('Ctrl Pts',(4.49899571848302,-5.38606240904223,-10.5804841076456));
#3882=CARTESIAN_POINT('Ctrl Pts',(4.49899159929435,-5.38942751196315,-10.5779408228847));
#3883=CARTESIAN_POINT('Ctrl Pts',(4.49898747750892,-5.39279202354051,-10.575396773062));
#3884=CARTESIAN_POINT('',(4.49999999999989,-4.1551925346489,-12.0732521202146));
#3885=CARTESIAN_POINT('Ctrl Pts',(4.49999999999998,-4.15519253464869,-12.0732521202145));
#3886=CARTESIAN_POINT('Ctrl Pts',(4.49999999999998,-4.15519253464869,-11.9706209462797));
#3887=CARTESIAN_POINT('Ctrl Pts',(4.49999999999998,-4.15519253464869,-11.8679897723449));
#3888=CARTESIAN_POINT('Ctrl Pts',(4.49999999999998,-4.15519253464869,-11.6611919314399));
#3889=CARTESIAN_POINT('Ctrl Pts',(4.49999999999998,-4.15519253464869,-11.5570252644697));
#3890=CARTESIAN_POINT('Ctrl Pts',(4.49999999999998,-4.15519253464869,-11.4513231044642));
#3891=CARTESIAN_POINT('Ctrl Pts',(4.49999999999998,-4.15519253464869,-11.4497876114288));
#3892=CARTESIAN_POINT('Ctrl Pts',(4.49999999999998,-4.15519253464869,-11.4482521183934));
#3893=CARTESIAN_POINT('',(4.49999999999992,-5.39449951339338,-13.0753967766791));
#3894=CARTESIAN_POINT('Ctrl Pts',(4.49898671175802,-5.39279021965546,-13.0753967766801));
#3895=CARTESIAN_POINT('Ctrl Pts',(4.49913247639093,-5.27391228944146,-12.9747025015297));
#3896=CARTESIAN_POINT('Ctrl Pts',(4.49928132830524,-5.15409205380031,-12.8743053959322));
#3897=CARTESIAN_POINT('Ctrl Pts',(4.49941220648557,-5.03371715742836,-12.7747205228891));
#3898=CARTESIAN_POINT('Ctrl Pts',(4.49949586651852,-4.95677104025863,-12.7110638175423));
#3899=CARTESIAN_POINT('Ctrl Pts',(4.49957282938052,-4.87959773113042,-12.6477389928658));
#3900=CARTESIAN_POINT('Ctrl Pts',(4.49964578333731,-4.80229057564938,-12.5848805768654));
#3901=CARTESIAN_POINT('Ctrl Pts',(4.49974764684674,-4.69434882021145,-12.4971131803688));
#3902=CARTESIAN_POINT('Ctrl Pts',(4.49984516624742,-4.58544612107757,-12.4096874578795));
#3903=CARTESIAN_POINT('Ctrl Pts',(4.49990853924789,-4.47589585216802,-12.3230424509595));
#3904=CARTESIAN_POINT('Ctrl Pts',(4.49996821369576,-4.37273911724495,-12.2414541892398));
#3905=CARTESIAN_POINT('Ctrl Pts',(4.49999763226738,-4.26900850016186,-12.1605581745793));
#3906=CARTESIAN_POINT('Ctrl Pts',(4.49999989392388,-4.16493385253165,-12.0807209779351));
#3907=CARTESIAN_POINT('Ctrl Pts',(4.49999996447279,-4.16168740378328,-12.0782305792355));
#3908=CARTESIAN_POINT('Ctrl Pts',(4.49999999999999,-4.15844029539041,-12.075740956056));
#3909=CARTESIAN_POINT('Ctrl Pts',(4.5,-4.1551925346487,-12.0732521202145));
#3910=CARTESIAN_POINT('',(4.49999999999985,-5.39449951339351,-13.7003967730629));
#3911=CARTESIAN_POINT('',(4.5,-5.39449951339325,-5.55111512312578E-16));
#3912=CARTESIAN_POINT('',(4.49999996765859,-4.15519260469902,-14.5732521261357));
#3913=CARTESIAN_POINT('Ctrl Pts',(4.49999999999999,-4.15519258049685,-14.5732520887293));
#3914=CARTESIAN_POINT('Ctrl Pts',(4.49999999999999,-4.27164922083778,-14.4979038088573));
#3915=CARTESIAN_POINT('Ctrl Pts',(4.49996134497667,-4.38744194603035,-14.4207961383244));
#3916=CARTESIAN_POINT('Ctrl Pts',(4.49988948954598,-4.50228325217014,-14.3424482519472));
#3917=CARTESIAN_POINT('Ctrl Pts',(4.49983058705614,-4.59642281551259,-14.2782236618562));
#3918=CARTESIAN_POINT('Ctrl Pts',(4.4997500744946,-4.68992175033887,-14.2131656873245));
#3919=CARTESIAN_POINT('Ctrl Pts',(4.49966415195281,-4.78259950112934,-14.1475603084346));
#3920=CARTESIAN_POINT('Ctrl Pts',(4.49954525230098,-4.91084701421106,-14.0567755557227));
#3921=CARTESIAN_POINT('Ctrl Pts',(4.49941053149648,-5.03848269165577,-13.9642660250534));
#3922=CARTESIAN_POINT('Ctrl Pts',(4.49926206306727,-5.16510400993974,-13.8706604432885));
#3923=CARTESIAN_POINT('Ctrl Pts',(4.49917659094469,-5.23799892029316,-13.8167724362467));
#3924=CARTESIAN_POINT('Ctrl Pts',(4.49908723932597,-5.31055673292136,-13.7625211742462));
#3925=CARTESIAN_POINT('Ctrl Pts',(4.49899891439875,-5.3826945534594,-13.7080266163713));
#3926=CARTESIAN_POINT('Ctrl Pts',(4.49899479349376,-5.38606022965887,-13.7054841076696));
#3927=CARTESIAN_POINT('Ctrl Pts',(4.49899066984046,-5.38942532199217,-13.7029408229329));
#3928=CARTESIAN_POINT('Ctrl Pts',(4.49898654357937,-5.39278982305136,-13.700396773062));
#3929=CARTESIAN_POINT('',(4.49999999999987,-4.15519253464894,-15.1982521202146));
#3930=CARTESIAN_POINT('Ctrl Pts',(4.49999999999998,-4.15519253464869,-15.1982521202145));
#3931=CARTESIAN_POINT('Ctrl Pts',(4.49999999999998,-4.15519253464869,-15.0956209462797));
#3932=CARTESIAN_POINT('Ctrl Pts',(4.49999999999998,-4.15519253464869,-14.9929897723449));
#3933=CARTESIAN_POINT('Ctrl Pts',(4.49999999999998,-4.15519253464869,-14.7861919314399));
#3934=CARTESIAN_POINT('Ctrl Pts',(4.49999999999998,-4.15519253464869,-14.6820252644697));
#3935=CARTESIAN_POINT('Ctrl Pts',(4.49999999999998,-4.15519253464869,-14.5763231044642));
#3936=CARTESIAN_POINT('Ctrl Pts',(4.49999999999998,-4.15519253464869,-14.5747876114288));
#3937=CARTESIAN_POINT('Ctrl Pts',(4.49999999999998,-4.15519253464869,-14.5732521183934));
#3938=CARTESIAN_POINT('',(4.49999999999986,-5.39449951339348,-16.2003967766791));
#3939=CARTESIAN_POINT('Ctrl Pts',(4.49898594472939,-5.39278841012113,-16.2003967766801));
#3940=CARTESIAN_POINT('Ctrl Pts',(4.49913183889647,-5.27391106398176,-16.0997027358362));
#3941=CARTESIAN_POINT('Ctrl Pts',(4.49928080938899,-5.15409139040923,-15.9993058631625));
#3942=CARTESIAN_POINT('Ctrl Pts',(4.49941179104377,-5.03371702155139,-15.899721218065));
#3943=CARTESIAN_POINT('Ctrl Pts',(4.49949551771935,-4.95677078243153,-15.8360642785766));
#3944=CARTESIAN_POINT('Ctrl Pts',(4.49957254094878,-4.8795973345116,-15.7727392216851));
#3945=CARTESIAN_POINT('Ctrl Pts',(4.49964554777305,-4.80229002156028,-15.7098805768654));
#3946=CARTESIAN_POINT('Ctrl Pts',(4.49974748440698,-4.69434877991003,-15.6221134574136));
#3947=CARTESIAN_POINT('Ctrl Pts',(4.49984506293097,-4.5854465672888,-15.5346880098129));
#3948=CARTESIAN_POINT('Ctrl Pts',(4.49990847678529,-4.47589674431251,-15.448043271467));
#3949=CARTESIAN_POINT('Ctrl Pts',(4.49996819009137,-4.37273975786908,-15.3664547316035));
#3950=CARTESIAN_POINT('Ctrl Pts',(4.49999763089806,-4.26900884585111,-15.2855584422118));
#3951=CARTESIAN_POINT('Ctrl Pts',(4.49999989386294,-4.16493385238877,-15.2057209779351));
#3952=CARTESIAN_POINT('Ctrl Pts',(4.49999996445241,-4.16168740386496,-15.2032305793348));
#3953=CARTESIAN_POINT('Ctrl Pts',(4.5,-4.15844029545484,-15.2007409561054));
#3954=CARTESIAN_POINT('Ctrl Pts',(4.5,-4.1551925346487,-15.1982521202145));
#3955=CARTESIAN_POINT('',(4.49999999999988,-5.39449951339345,-16.8253967730628));
#3956=CARTESIAN_POINT('',(4.5,-5.39449951339325,-5.55111512312578E-16));
#3957=CARTESIAN_POINT('',(4.49999999999984,-4.155192534649,-17.6982521183935));
#3958=CARTESIAN_POINT('Ctrl Pts',(4.49999999999999,-4.15519253464867,-17.6982521183934));
#3959=CARTESIAN_POINT('Ctrl Pts',(4.49999999999999,-4.27164844348196,-17.6229043123728));
#3960=CARTESIAN_POINT('Ctrl Pts',(4.49996132055059,-4.38744038708172,-17.5457971377476));
#3961=CARTESIAN_POINT('Ctrl Pts',(4.49988942203739,-4.50228088075774,-17.4674497595303));
#3962=CARTESIAN_POINT('Ctrl Pts',(4.49983048339981,-4.59642110612657,-17.4032246799757));
#3963=CARTESIAN_POINT('Ctrl Pts',(4.49974992147816,-4.68992066417969,-17.3381662007003));
#3964=CARTESIAN_POINT('Ctrl Pts',(4.49966393953397,-4.78259900171562,-17.272560308489));
#3965=CARTESIAN_POINT('Ctrl Pts',(4.49954495920404,-4.91084568511724,-17.1817760075251));
#3966=CARTESIAN_POINT('Ctrl Pts',(4.4994101382718,-5.03848049224849,-17.0892669457489));
#3967=CARTESIAN_POINT('Ctrl Pts',(4.49926155555642,-5.16510091836342,-16.9956618406617));
#3968=CARTESIAN_POINT('Ctrl Pts',(4.49917601647518,-5.23799630790138,-16.9417733741052));
#3969=CARTESIAN_POINT('Ctrl Pts',(4.49908659306256,-5.31055458327501,-16.8875216452751));
#3970=CARTESIAN_POINT('Ctrl Pts',(4.49899819252249,-5.38269285011566,-16.8330266163713));
#3971=CARTESIAN_POINT('Ctrl Pts',(4.49899406812543,-5.38605851795271,-16.8304841077404));
#3972=CARTESIAN_POINT('Ctrl Pts',(4.4989899409714,-5.38942360190198,-16.8279408230753));
#3973=CARTESIAN_POINT('Ctrl Pts',(4.49898581120065,-5.39278809483918,-16.825396773062));
#3974=CARTESIAN_POINT('',(4.50000000000001,-4.15519253464865,-18.3232521202145));
#3975=CARTESIAN_POINT('Ctrl Pts',(4.49999999999998,-4.15519253464869,-18.3232521202145));
#3976=CARTESIAN_POINT('Ctrl Pts',(4.49999999999998,-4.15519253464869,-18.2206209462797));
#3977=CARTESIAN_POINT('Ctrl Pts',(4.49999999999996,-4.15519253464872,-18.1179897723449));
#3978=CARTESIAN_POINT('Ctrl Pts',(4.49999999999996,-4.15519253464872,-17.9111919314399));
#3979=CARTESIAN_POINT('Ctrl Pts',(4.49999999999996,-4.15519253464872,-17.8070252644697));
#3980=CARTESIAN_POINT('Ctrl Pts',(4.49999999999996,-4.15519253464872,-17.7013231044642));
#3981=CARTESIAN_POINT('Ctrl Pts',(4.49999999999998,-4.15519253464869,-17.6997876114288));
#3982=CARTESIAN_POINT('Ctrl Pts',(4.49999999999998,-4.15519253464869,-17.6982521183934));
#3983=CARTESIAN_POINT('',(4.49999999999986,-5.39449951339349,-19.3253967766791));
#3984=CARTESIAN_POINT('Ctrl Pts',(4.49898533016799,-5.39278695839343,-19.3253967766801));
#3985=CARTESIAN_POINT('Ctrl Pts',(4.49913132812427,-5.2739100813096,-19.2247029242096));
#3986=CARTESIAN_POINT('Ctrl Pts',(4.4992803936256,-5.15409085914099,-19.124306238796));
#3987=CARTESIAN_POINT('Ctrl Pts',(4.49941145818636,-5.03371691396613,-19.0247217769555));
#3988=CARTESIAN_POINT('Ctrl Pts',(4.49949523825938,-4.95677057654093,-18.9610646492278));
#3989=CARTESIAN_POINT('Ctrl Pts',(4.49957230985749,-4.8795970167998,-18.8977394056457));
#3990=CARTESIAN_POINT('Ctrl Pts',(4.49964535904078,-4.80228957704001,-18.8348805768654));
#3991=CARTESIAN_POINT('Ctrl Pts',(4.49974735426193,-4.69434874785867,-18.7471136799018));
#3992=CARTESIAN_POINT('Ctrl Pts',(4.49984498015437,-4.58544692582834,-18.6596884530571));
#3993=CARTESIAN_POINT('Ctrl Pts',(4.49990842674014,-4.47589746089028,-18.5730439303961));
#3994=CARTESIAN_POINT('Ctrl Pts',(4.49996817117989,-4.37274027238356,-18.4914551671624));
#3995=CARTESIAN_POINT('Ctrl Pts',(4.49999762980103,-4.26900912346813,-18.4105586571408));
#3996=CARTESIAN_POINT('Ctrl Pts',(4.49999989381415,-4.16493385227411,-18.3307209779351));
#3997=CARTESIAN_POINT('Ctrl Pts',(4.49999996443614,-4.1616874036893,-18.3282305792295));
#3998=CARTESIAN_POINT('Ctrl Pts',(4.49999999999999,-4.15844029538647,-18.325740956053));
#3999=CARTESIAN_POINT('Ctrl Pts',(4.49999999999999,-4.15519253464871,-18.3232521202145));
#4000=CARTESIAN_POINT('',(4.49999999999994,-5.39449951339334,-19.9503967730628));
#4001=CARTESIAN_POINT('',(4.5,-5.39449951339325,-5.55111512312578E-16));
#4002=CARTESIAN_POINT('',(4.50000000000001,-4.15519253464865,-20.8232521183934));
#4003=CARTESIAN_POINT('Ctrl Pts',(4.50000000000001,-4.15519253464865,-20.8232521183934));
#4004=CARTESIAN_POINT('Ctrl Pts',(4.50000000000002,-4.27164785484707,-20.7479046932238));
#4005=CARTESIAN_POINT('Ctrl Pts',(4.4999613009115,-4.38743916938498,-20.6707979172354));
#4006=CARTESIAN_POINT('Ctrl Pts',(4.49988936773917,-4.5022790090598,-20.5924509475676));
#4007=CARTESIAN_POINT('Ctrl Pts',(4.49983040002819,-4.59641975461914,-20.5282254822786));
#4008=CARTESIAN_POINT('Ctrl Pts',(4.49974979840155,-4.68991980174203,-20.4631666052274));
#4009=CARTESIAN_POINT('Ctrl Pts',(4.49966376864879,-4.782598599178,-20.397560308489));
#4010=CARTESIAN_POINT('Ctrl Pts',(4.49954472337606,-4.91084461132708,-20.3067763734215));
#4011=CARTESIAN_POINT('Ctrl Pts',(4.49940982180778,-5.03847871448507,-20.2142676914443));
#4012=CARTESIAN_POINT('Ctrl Pts',(4.49926114706308,-5.16509841904755,-20.1206629724579));
#4013=CARTESIAN_POINT('Ctrl Pts',(4.49917555405637,-5.23799419731435,-20.066774133722));
#4014=CARTESIAN_POINT('Ctrl Pts',(4.49908607282656,-5.31055284814244,-20.0125220267866));
#4015=CARTESIAN_POINT('Ctrl Pts',(4.49899761140553,-5.38269147714869,-19.9580266163713));
#4016=CARTESIAN_POINT('Ctrl Pts',(4.49899348419681,-5.38605713842028,-19.9554841076649));
#4017=CARTESIAN_POINT('Ctrl Pts',(4.49898935422411,-5.38942221578806,-19.9529408229236));
#4018=CARTESIAN_POINT('Ctrl Pts',(4.49898522162816,-5.39278670182575,-19.950396773062));
#4019=CARTESIAN_POINT('',(4.49999999999993,-4.15519253464881,-21.4482521202146));
#4020=CARTESIAN_POINT('Ctrl Pts',(4.50000000000004,-4.15519253464862,-21.4482521202145));
#4021=CARTESIAN_POINT('Ctrl Pts',(4.50000000000004,-4.15519253464862,-21.3977042797648));
#4022=CARTESIAN_POINT('Ctrl Pts',(4.50000000000004,-4.15519253464862,-21.3471564393151));
#4023=CARTESIAN_POINT('Ctrl Pts',(4.50000000000004,-4.15519253464862,-21.2445252653802));
#4024=CARTESIAN_POINT('Ctrl Pts',(4.50000000000004,-4.15519253464862,-21.1924419318951));
#4025=CARTESIAN_POINT('Ctrl Pts',(4.50000000000004,-4.15519253464862,-21.088275264925));
#4026=CARTESIAN_POINT('Ctrl Pts',(4.50000000000004,-4.15519253464862,-21.0361919314399));
#4027=CARTESIAN_POINT('Ctrl Pts',(4.50000000000004,-4.15519253464862,-20.9320252644697));
#4028=CARTESIAN_POINT('Ctrl Pts',(4.50000000000004,-4.15519253464862,-20.8799419309846));
#4029=CARTESIAN_POINT('Ctrl Pts',(4.50000000000004,-4.15519253464862,-20.8263231044642));
#4030=CARTESIAN_POINT('Ctrl Pts',(4.50000000000004,-4.15519253464862,-20.8247876114288));
#4031=CARTESIAN_POINT('Ctrl Pts',(4.50000000000004,-4.15519253464862,-20.8232521183934));
#4032=CARTESIAN_POINT('',(4.4999999999999,-5.39449951339341,-22.4503967766791));
#4033=CARTESIAN_POINT('Ctrl Pts',(4.49898482671365,-5.39278576788643,-22.4503967766801));
#4034=CARTESIAN_POINT('Ctrl Pts',(4.4991309096977,-5.27390927539848,-22.349703078636));
#4035=CARTESIAN_POINT('Ctrl Pts',(4.49928005303222,-5.15409042335154,-22.2493065467387));
#4036=CARTESIAN_POINT('Ctrl Pts',(4.49941118551048,-5.03371682556531,-22.1497222351339));
#4037=CARTESIAN_POINT('Ctrl Pts',(4.4994950093279,-4.95677040758302,-22.0860649530875));
#4038=CARTESIAN_POINT('Ctrl Pts',(4.49957212055033,-4.87959675620128,-22.0227395564565));
#4039=CARTESIAN_POINT('Ctrl Pts',(4.49964520443438,-4.80228921251006,-21.9598805768654));
#4040=CARTESIAN_POINT('Ctrl Pts',(4.49974724764949,-4.69434872173547,-21.8721138624842));
#4041=CARTESIAN_POINT('Ctrl Pts',(4.49984491234501,-4.58544722017304,-21.7846888168003));
#4042=CARTESIAN_POINT('Ctrl Pts',(4.4999083857436,-4.47589804900954,-21.6980444711387));
#4043=CARTESIAN_POINT('Ctrl Pts',(4.49996815568802,-4.37274069463979,-21.6164555245987));
#4044=CARTESIAN_POINT('Ctrl Pts',(4.49999762890233,-4.26900935129288,-21.5355588335198));
#4045=CARTESIAN_POINT('Ctrl Pts',(4.49999989377413,-4.16493385218015,-21.4557209779351));
#4046=CARTESIAN_POINT('Ctrl Pts',(4.49999996442275,-4.16168740368242,-21.4532305792483));
#4047=CARTESIAN_POINT('Ctrl Pts',(4.50000000000005,-4.15844029539861,-21.4507409560623));
#4048=CARTESIAN_POINT('Ctrl Pts',(4.50000000000006,-4.15519253464863,-21.4482521202145));
#4049=CARTESIAN_POINT('',(4.50000000000001,-5.39449951339323,-23.0753967730628));
#4050=CARTESIAN_POINT('',(4.5,-5.39449951339325,-5.55111512312578E-16));
#4051=CARTESIAN_POINT('',(4.49999999999998,-4.15519253464871,-23.9482521183934));
#4052=CARTESIAN_POINT('Ctrl Pts',(4.50000000000001,-4.15519253464865,-23.9482521183934));
#4053=CARTESIAN_POINT('Ctrl Pts',(4.50000000000001,-4.27164736998387,-23.8729050069337));
#4054=CARTESIAN_POINT('Ctrl Pts',(4.49996128476174,-4.38743816638235,-23.7957985593053));
#4055=CARTESIAN_POINT('Ctrl Pts',(4.49988932308741,-4.50227746739096,-23.7174519261635));
#4056=CARTESIAN_POINT('Ctrl Pts',(4.49983033146651,-4.59641864146891,-23.6532261431412));
#4057=CARTESIAN_POINT('Ctrl Pts',(4.49974969718568,-4.6899190914859,-23.5881669384387));
#4058=CARTESIAN_POINT('Ctrl Pts',(4.49966362811354,-4.78259826779514,-23.522560308489));
#4059=CARTESIAN_POINT('Ctrl Pts',(4.49954452943201,-4.9108437272628,-23.431776674699));
#4060=CARTESIAN_POINT('Ctrl Pts',(4.49940956154806,-5.03847725080262,-23.3392683054469));
#4061=CARTESIAN_POINT('Ctrl Pts',(4.49926081111637,-5.1650963612767,-23.2456639043736));
#4062=CARTESIAN_POINT('Ctrl Pts',(4.49917517375832,-5.23799245963799,-23.1917747591873));
#4063=CARTESIAN_POINT('Ctrl Pts',(4.49908564497611,-5.31055141963151,-23.1375223409219));
#4064=CARTESIAN_POINT('Ctrl Pts',(4.49899713348229,-5.38269034686244,-23.0830266163713));
#4065=CARTESIAN_POINT('Ctrl Pts',(4.49899300396125,-5.38605600261124,-23.0804841076918));
#4066=CARTESIAN_POINT('Ctrl Pts',(4.49898887167047,-5.38942107444212,-23.0779408229775));
#4067=CARTESIAN_POINT('Ctrl Pts',(4.49898473675064,-5.39278555503618,-23.075396773062));
#4068=CARTESIAN_POINT('',(4.49999999999995,-4.15519253464878,-24.5732521202146));
#4069=CARTESIAN_POINT('Ctrl Pts',(4.50000000000002,-4.15519253464865,-24.5732521202145));
#4070=CARTESIAN_POINT('Ctrl Pts',(4.50000000000002,-4.15519253464865,-24.5661528024509));
#4071=CARTESIAN_POINT('Ctrl Pts',(4.50000000000002,-4.15519253464865,-24.5590534846873));
#4072=CARTESIAN_POINT('Ctrl Pts',(4.50000000000002,-4.15519253464865,-24.4564223107525));
#4073=CARTESIAN_POINT('Ctrl Pts',(4.50000000000002,-4.15519253464865,-24.3608904545813));
#4074=CARTESIAN_POINT('Ctrl Pts',(4.50000000000002,-4.15519253464865,-24.1611919314399));
#4075=CARTESIAN_POINT('Ctrl Pts',(4.50000000000002,-4.15519253464865,-24.0570252644697));
#4076=CARTESIAN_POINT('Ctrl Pts',(4.50000000000002,-4.15519253464865,-23.9513231044642));
#4077=CARTESIAN_POINT('Ctrl Pts',(4.50000000000002,-4.15519253464865,-23.9497876114288));
#4078=CARTESIAN_POINT('Ctrl Pts',(4.50000000000002,-4.15519253464865,-23.9482521183934));
#4079=CARTESIAN_POINT('',(4.49999999999995,-5.39449951339334,-25.5753967766791));
#4080=CARTESIAN_POINT('Ctrl Pts',(4.49898440672834,-5.39278477390983,-25.5753967766801));
#4081=CARTESIAN_POINT('Ctrl Pts',(4.49913056064445,-5.27390860290734,-25.4747032078893));
#4082=CARTESIAN_POINT('Ctrl Pts',(4.49927976890827,-5.15409006026287,-25.3743068044811));
#4083=CARTESIAN_POINT('Ctrl Pts',(4.49941095804358,-5.03371675289957,-25.2747226186185));
#4084=CARTESIAN_POINT('Ctrl Pts',(4.49949481835393,-4.95677026728183,-25.2110652074111));
#4085=CARTESIAN_POINT('Ctrl Pts',(4.49957196263184,-4.87959653900736,-25.1477396826817));
#4086=CARTESIAN_POINT('Ctrl Pts',(4.49964507546383,-4.80228890816017,-25.0848805768654));
#4087=CARTESIAN_POINT('Ctrl Pts',(4.49974715871499,-4.69434870009111,-24.9971140150591));
#4088=CARTESIAN_POINT('Ctrl Pts',(4.49984485577918,-4.58544746625842,-24.9096891207614));
#4089=CARTESIAN_POINT('Ctrl Pts',(4.4999083515445,-4.47589854053922,-24.8230449230081));
#4090=CARTESIAN_POINT('Ctrl Pts',(4.49996814276494,-4.37274104752338,-24.7414558232892));
#4091=CARTESIAN_POINT('Ctrl Pts',(4.49999762815264,-4.26900954167535,-24.6605589809102));
#4092=CARTESIAN_POINT('Ctrl Pts',(4.49999989374074,-4.1649338521017,-24.5807209779351));
#4093=CARTESIAN_POINT('Ctrl Pts',(4.49999996441156,-4.1616874035162,-24.5782305791408));
#4094=CARTESIAN_POINT('Ctrl Pts',(4.49999999999995,-4.15844029532897,-24.5757409560089));
#4095=CARTESIAN_POINT('Ctrl Pts',(4.49999999999995,-4.15519253464875,-24.5732521202145));
#4096=CARTESIAN_POINT('',(4.50000003398488,-5.39449945669404,-26.2003967667962));
#4097=CARTESIAN_POINT('',(4.5,-5.39449951339325,-5.55111512312578E-16));
#4098=CARTESIAN_POINT('',(4.49999999999998,-4.15519253464871,-27.0732521183934));
#4099=CARTESIAN_POINT('Ctrl Pts',(4.49999999999998,-4.15519253464869,-27.0732521183934));
#4100=CARTESIAN_POINT('Ctrl Pts',(4.49999999999997,-4.27164696384662,-26.9979052697075));
#4101=CARTESIAN_POINT('Ctrl Pts',(4.49996127124693,-4.38743732623667,-26.9207990971241));
#4102=CARTESIAN_POINT('Ctrl Pts',(4.49988928572032,-4.50227617604496,-26.8424527458673));
#4103=CARTESIAN_POINT('Ctrl Pts',(4.49983027408931,-4.59641770906576,-26.7782266967017));
#4104=CARTESIAN_POINT('Ctrl Pts',(4.49974961247989,-4.6899184965624,-26.7131672175479));
#4105=CARTESIAN_POINT('Ctrl Pts',(4.49966351050058,-4.78259799023157,-26.647560308489));
#4106=CARTESIAN_POINT('Ctrl Pts',(4.49954436712179,-4.91084298656931,-26.5567769271941));
#4107=CARTESIAN_POINT('Ctrl Pts',(4.49940934373846,-5.03847602441886,-26.4642688200312));
#4108=CARTESIAN_POINT('Ctrl Pts',(4.49926052996375,-5.16509463708525,-26.3706646853951));
#4109=CARTESIAN_POINT('Ctrl Pts',(4.49917485548621,-5.23799100376083,-26.3167752833783));
#4110=CARTESIAN_POINT('Ctrl Pts',(4.49908528690481,-5.31055022291249,-26.2625226041928));
#4111=CARTESIAN_POINT('Ctrl Pts',(4.49899673350221,-5.38268940013449,-26.2080266163713));
#4112=CARTESIAN_POINT('Ctrl Pts',(4.49899260205929,-5.38605504034099,-26.2054841159608));
#4113=CARTESIAN_POINT('Ctrl Pts',(4.49898846784193,-5.38942009662225,-26.20294083952));
#4114=CARTESIAN_POINT('Ctrl Pts',(4.49898433099096,-5.39278456143768,-26.2003967980506));
#4115=CARTESIAN_POINT('',(4.49999999999998,-4.15519253464871,-27.6982521202145));
#4116=CARTESIAN_POINT('Ctrl Pts',(4.50000000000011,-4.15519253464855,-27.6982521202145));
#4117=CARTESIAN_POINT('Ctrl Pts',(4.50000000000011,-4.15519253464855,-27.6846828231361));
#4118=CARTESIAN_POINT('Ctrl Pts',(4.50000000000011,-4.15519253464855,-27.6711135260577));
#4119=CARTESIAN_POINT('Ctrl Pts',(4.50000000000011,-4.15519253464855,-27.5684823521229));
#4120=CARTESIAN_POINT('Ctrl Pts',(4.50000000000011,-4.15519253464855,-27.4794204752665));
#4121=CARTESIAN_POINT('Ctrl Pts',(4.50000000000011,-4.15519253464855,-27.2861919314399));
#4122=CARTESIAN_POINT('Ctrl Pts',(4.50000000000011,-4.15519253464855,-27.1820252644697));
#4123=CARTESIAN_POINT('Ctrl Pts',(4.50000000000011,-4.15519253464855,-27.0763231044641));
#4124=CARTESIAN_POINT('Ctrl Pts',(4.50000000000011,-4.15519253464855,-27.0747876114288));
#4125=CARTESIAN_POINT('Ctrl Pts',(4.50000000000011,-4.15519253464855,-27.0732521183934));
#4126=CARTESIAN_POINT('',(4.5,-5.39449951339325,-28.7003967766791));
#4127=CARTESIAN_POINT('Ctrl Pts',(4.49898405104017,-5.39278393150623,-28.7003967766801));
#4128=CARTESIAN_POINT('Ctrl Pts',(4.49913026503033,-5.27390803297626,-28.599703317441));
#4129=CARTESIAN_POINT('Ctrl Pts',(4.49927952828374,-5.15408975256458,-28.4993070229376));
#4130=CARTESIAN_POINT('Ctrl Pts',(4.4994107654023,-5.03371669134888,-28.3997229436521));
#4131=CARTESIAN_POINT('Ctrl Pts',(4.49949465661914,-4.95677014839903,-28.3360654229704));
#4132=CARTESIAN_POINT('Ctrl Pts',(4.49957182889216,-4.87959635494658,-28.2727397896675));
#4133=CARTESIAN_POINT('Ctrl Pts',(4.49964496624031,-4.80228865022301,-28.2098805768654));
#4134=CARTESIAN_POINT('Ctrl Pts',(4.49974708339774,-4.69434868175402,-28.1221141443719));
#4135=CARTESIAN_POINT('Ctrl Pts',(4.49984480787442,-4.58544767483056,-28.0346893783806));
#4136=CARTESIAN_POINT('Ctrl Pts',(4.49990832258171,-4.47589895713433,-27.9480453059865));
#4137=CARTESIAN_POINT('Ctrl Pts',(4.49996813182069,-4.37274134660803,-27.8664560764417));
#4138=CARTESIAN_POINT('Ctrl Pts',(4.49999762751791,-4.26900970303238,-27.7855591058298));
#4139=CARTESIAN_POINT('Ctrl Pts',(4.49999989371261,-4.16493385203506,-27.7057209779351));
#4140=CARTESIAN_POINT('Ctrl Pts',(4.49999996440227,-4.16168740336816,-27.7032305790444));
#4141=CARTESIAN_POINT('Ctrl Pts',(4.50000000000013,-4.15844029526621,-27.7007409559609));
#4142=CARTESIAN_POINT('Ctrl Pts',(4.50000000000012,-4.15519253464857,-27.6982521202145));
#4143=CARTESIAN_POINT('',(4.49999999998365,-5.39449951342053,-29.3253967730658));
#4144=CARTESIAN_POINT('',(4.5,-5.39449951339325,-5.55111512312578E-16));
#4145=CARTESIAN_POINT('',(4.50000000000002,-4.15519253464862,-30.1982521183934));
#4146=CARTESIAN_POINT('Ctrl Pts',(4.50000000000005,-4.15519253464862,-30.1982521183934));
#4147=CARTESIAN_POINT('Ctrl Pts',(4.50000000000004,-4.27164661865736,-30.1229054930474));
#4148=CARTESIAN_POINT('Ctrl Pts',(4.4999612597709,-4.38743661217473,-30.0457995542337));
#4149=CARTESIAN_POINT('Ctrl Pts',(4.49988925398972,-4.50227507850195,-29.9674534425598));
#4150=CARTESIAN_POINT('Ctrl Pts',(4.4998302253662,-4.59641691660625,-29.9032271671905));
#4151=CARTESIAN_POINT('Ctrl Pts',(4.49974954054879,-4.68991799094642,-29.8381674547719));
#4152=CARTESIAN_POINT('Ctrl Pts',(4.49966341062397,-4.78259775436005,-29.772560308489));
#4153=CARTESIAN_POINT('Ctrl Pts',(4.49954422928841,-4.91084235698441,-29.6817771418682));
#4154=CARTESIAN_POINT('Ctrl Pts',(4.49940915877495,-5.0384749819502,-29.5892692575361));
#4155=CARTESIAN_POINT('Ctrl Pts',(4.49926029120846,-5.16509317143724,-29.4956653494281));
#4156=CARTESIAN_POINT('Ctrl Pts',(4.49917458520744,-5.23798976627184,-29.441775729051));
#4157=CARTESIAN_POINT('Ctrl Pts',(4.49908498282674,-5.3105492057998,-29.3875228280284));
#4158=CARTESIAN_POINT('Ctrl Pts',(4.49899639383295,-5.38268859560568,-29.3330266163713));
#4159=CARTESIAN_POINT('Ctrl Pts',(4.49899226073322,-5.38605424273168,-29.330484107783));
#4160=CARTESIAN_POINT('Ctrl Pts',(4.49898812485475,-5.38941930591743,-29.3279408231607));
#4161=CARTESIAN_POINT('Ctrl Pts',(4.49898398633805,-5.39278377820905,-29.325396773062));
#4162=CARTESIAN_POINT('',(4.50000000000002,-4.15519253464862,-30.8232521202145));
#4163=CARTESIAN_POINT('Ctrl Pts',(4.50000000000005,-4.15519253464862,-30.8232521202145));
#4164=CARTESIAN_POINT('Ctrl Pts',(4.50000000000005,-4.15519253464862,-30.7727042797648));
#4165=CARTESIAN_POINT('Ctrl Pts',(4.50000000000005,-4.15519253464862,-30.7221564393151));
#4166=CARTESIAN_POINT('Ctrl Pts',(4.50000000000005,-4.15519253464862,-30.6195252653803));
#4167=CARTESIAN_POINT('Ctrl Pts',(4.50000000000005,-4.15519253464862,-30.5674419318952));
#4168=CARTESIAN_POINT('Ctrl Pts',(4.50000000000005,-4.15519253464862,-30.463275264925));
#4169=CARTESIAN_POINT('Ctrl Pts',(4.50000000000005,-4.15519253464862,-30.4111919314399));
#4170=CARTESIAN_POINT('Ctrl Pts',(4.50000000000005,-4.15519253464862,-30.3070252644697));
#4171=CARTESIAN_POINT('Ctrl Pts',(4.50000000000005,-4.15519253464862,-30.2549419309846));
#4172=CARTESIAN_POINT('Ctrl Pts',(4.50000000000005,-4.15519253464862,-30.2013231044642));
#4173=CARTESIAN_POINT('Ctrl Pts',(4.50000000000005,-4.15519253464862,-30.1997876114288));
#4174=CARTESIAN_POINT('Ctrl Pts',(4.50000000000005,-4.15519253464862,-30.1982521183934));
#4175=CARTESIAN_POINT('',(4.50000000000001,-5.39449951339323,-31.8253967766791));
#4176=CARTESIAN_POINT('Ctrl Pts',(4.49898374593177,-5.39278320845983,-31.8253967766801));
#4177=CARTESIAN_POINT('Ctrl Pts',(4.49913001145392,-5.2739075440363,-31.724703411673));
#4178=CARTESIAN_POINT('Ctrl Pts',(4.49927932187731,-5.15408948894307,-31.6243072108432));
#4179=CARTESIAN_POINT('Ctrl Pts',(4.49941060015556,-5.0337166392401,-31.5247232232285));
#4180=CARTESIAN_POINT('Ctrl Pts',(4.49949451788445,-4.9567700468433,-31.4610656083831));
#4181=CARTESIAN_POINT('Ctrl Pts',(4.49957171417187,-4.87959619720752,-31.397739881691));
#4182=CARTESIAN_POINT('Ctrl Pts',(4.49964487255013,-4.80228842883378,-31.3348805768654));
#4183=CARTESIAN_POINT('Ctrl Pts',(4.49974701879196,-4.69434866592732,-31.2471142552904));
#4184=CARTESIAN_POINT('Ctrl Pts',(4.4998447667825,-4.58544785367457,-31.1596895993564));
#4185=CARTESIAN_POINT('Ctrl Pts',(4.49990829773781,-4.47589931443906,-31.0730456344924));
#4186=CARTESIAN_POINT('Ctrl Pts',(4.49996812243281,-4.37274160313865,-30.991456293587));
#4187=CARTESIAN_POINT('Ctrl Pts',(4.49999762697323,-4.26900984143836,-30.9105592129815));
#4188=CARTESIAN_POINT('Ctrl Pts',(4.49999989368827,-4.16493385197809,-30.8307209779351));
#4189=CARTESIAN_POINT('Ctrl Pts',(4.49999996439403,-4.16168740367964,-30.8282305792979));
#4190=CARTESIAN_POINT('Ctrl Pts',(4.50000000000004,-4.15844029543085,-30.825740956087));
#4191=CARTESIAN_POINT('Ctrl Pts',(4.50000000000005,-4.15519253464865,-30.8232521202145));
#4192=CARTESIAN_POINT('',(4.49999999999999,-5.39449951339326,-32.4503967730628));
#4193=CARTESIAN_POINT('',(4.5,-5.39449951339325,-5.55111512312578E-16));
#4194=CARTESIAN_POINT('',(4.50000000000004,-4.15519253464858,-33.3232521183934));
#4195=CARTESIAN_POINT('Ctrl Pts',(4.50000000000008,-4.15519253464858,-33.3232521183934));
#4196=CARTESIAN_POINT('Ctrl Pts',(4.50000000000007,-4.27164632176865,-33.2479056851365));
#4197=CARTESIAN_POINT('Ctrl Pts',(4.49996124990429,-4.38743599802207,-33.1707999473826));
#4198=CARTESIAN_POINT('Ctrl Pts',(4.49988922670899,-4.50227413451754,-33.0924540417675));
#4199=CARTESIAN_POINT('Ctrl Pts',(4.49983018347564,-4.59641623500715,-33.0282275718469));
#4200=CARTESIAN_POINT('Ctrl Pts',(4.4997494787046,-4.68991755604196,-32.9631676588031));
#4201=CARTESIAN_POINT('Ctrl Pts',(4.49966332475242,-4.78259755144272,-32.897560308489));
#4202=CARTESIAN_POINT('Ctrl Pts',(4.49954411078271,-4.9108418151559,-32.8067773266944));
#4203=CARTESIAN_POINT('Ctrl Pts',(4.49940899974797,-5.03847408472038,-32.7142696342108));
#4204=CARTESIAN_POINT('Ctrl Pts',(4.49926008593195,-5.16509190995163,-32.6206659211354));
#4205=CARTESIAN_POINT('Ctrl Pts',(4.49917435282643,-5.23798870127185,-32.5667761127581));
#4206=CARTESIAN_POINT('Ctrl Pts',(4.49908472138422,-5.31054833058789,-32.5125230207421));
#4207=CARTESIAN_POINT('Ctrl Pts',(4.49899610178818,-5.38268790347491,-32.4580266163713));
#4208=CARTESIAN_POINT('Ctrl Pts',(4.49899196727514,-5.38605354739511,-32.4554841076663));
#4209=CARTESIAN_POINT('Ctrl Pts',(4.49898782998,-5.38941860736765,-32.4529408229262));
#4210=CARTESIAN_POINT('Ctrl Pts',(4.49898369004355,-5.39278307597207,-32.450396773062));
#4211=CARTESIAN_POINT('',(4.49999999028783,-4.15519255568488,-33.9482521225395));
#4212=CARTESIAN_POINT('Ctrl Pts',(4.50000000000008,-4.15519253464858,-33.9482521202145));
#4213=CARTESIAN_POINT('Ctrl Pts',(4.50000000000008,-4.15519253464858,-33.9217428645065));
#4214=CARTESIAN_POINT('Ctrl Pts',(4.50000000000008,-4.15519253464858,-33.8952336087985));
#4215=CARTESIAN_POINT('Ctrl Pts',(4.50000000000008,-4.15519253464858,-33.7926024348637));
#4216=CARTESIAN_POINT('Ctrl Pts',(4.50000000000008,-4.15519253464858,-33.7164805166369));
#4217=CARTESIAN_POINT('Ctrl Pts',(4.50000000000008,-4.15519253464858,-33.5361919314399));
#4218=CARTESIAN_POINT('Ctrl Pts',(4.50000000000008,-4.15519253464858,-33.4320252644697));
#4219=CARTESIAN_POINT('Ctrl Pts',(4.50000000000008,-4.15519253464858,-33.3263231044642));
#4220=CARTESIAN_POINT('Ctrl Pts',(4.50000000000008,-4.15519253464858,-33.3247876114288));
#4221=CARTESIAN_POINT('Ctrl Pts',(4.50000000000008,-4.15519253464858,-33.3232521183934));
#4222=CARTESIAN_POINT('',(4.49999999999471,-5.39449951340207,-34.9503967766801));
#4223=CARTESIAN_POINT('Ctrl Pts',(4.49898348135554,-5.39278258112008,-34.95039677668));
#4224=CARTESIAN_POINT('Ctrl Pts',(4.49912979159859,-5.27390709458936,-34.8497034720598));
#4225=CARTESIAN_POINT('Ctrl Pts',(4.49927914253187,-5.15408920949649,-34.7493073311045));
#4226=CARTESIAN_POINT('Ctrl Pts',(4.49941045620373,-5.03371651763702,-34.6497234021133));
#4227=CARTESIAN_POINT('Ctrl Pts',(4.49949439668657,-4.95676990779948,-34.5860657268399));
#4228=CARTESIAN_POINT('Ctrl Pts',(4.49957161360787,-4.87959603505127,-34.5227399402296));
#4229=CARTESIAN_POINT('Ctrl Pts',(4.49964479019853,-4.80228823712049,-34.4598805764232));
#4230=CARTESIAN_POINT('Ctrl Pts',(4.49974696165217,-4.69434866214893,-34.3721143588636));
#4231=CARTESIAN_POINT('Ctrl Pts',(4.49984473033126,-4.58544802844787,-34.2846898062582));
#4232=CARTESIAN_POINT('Ctrl Pts',(4.49990827566144,-4.47589965378186,-34.198045942349));
#4233=CARTESIAN_POINT('Ctrl Pts',(4.49996811403893,-4.37274184535184,-34.1164564971197));
#4234=CARTESIAN_POINT('Ctrl Pts',(4.49999762650437,-4.26900997133141,-34.0355593134689));
#4235=CARTESIAN_POINT('Ctrl Pts',(4.49999989366754,-4.16493385192912,-33.9557209779351));
#4236=CARTESIAN_POINT('Ctrl Pts',(4.49999996438708,-4.16168740821807,-33.9532305827918));
#4237=CARTESIAN_POINT('Ctrl Pts',(4.49999999999988,-4.15844030489582,-33.9507409633438));
#4238=CARTESIAN_POINT('Ctrl Pts',(4.49999999999987,-4.15519254902456,-33.948252131231));
#4239=CARTESIAN_POINT('',(4.5,-5.39449951339325,-35.5753967730628));
#4240=CARTESIAN_POINT('',(4.5,-5.39449951339325,-5.55111512312578E-16));
#4241=CARTESIAN_POINT('',(4.49999999999999,-4.15519253464868,-36.4482521183934));
#4242=CARTESIAN_POINT('Ctrl Pts',(4.49999999999999,-4.15519253464868,-36.4482521183934));
#4243=CARTESIAN_POINT('Ctrl Pts',(4.49999999999999,-4.27225145049356,-36.372514162523));
#4244=CARTESIAN_POINT('Ctrl Pts',(4.49999079706844,-4.38867464937446,-36.2949985709063));
#4245=CARTESIAN_POINT('Ctrl Pts',(4.49996889327292,-4.50415867747895,-36.2162326150733));
#4246=CARTESIAN_POINT('Ctrl Pts',(4.49995114301602,-4.59774388122707,-36.1524027665129));
#4247=CARTESIAN_POINT('Ctrl Pts',(4.49992581684074,-4.69071105257032,-36.0877517971228));
#4248=CARTESIAN_POINT('Ctrl Pts',(4.49990489521059,-4.78287812317156,-36.022560308489));
#4249=CARTESIAN_POINT('Ctrl Pts',(4.49987565325351,-4.91169913313501,-35.9314428046773));
#4250=CARTESIAN_POINT('Ctrl Pts',(4.49985010557627,-5.03992560638258,-35.8385878561454));
#4251=CARTESIAN_POINT('Ctrl Pts',(4.49982265904475,-5.167141005939,-35.7446311285218));
#4252=CARTESIAN_POINT('Ctrl Pts',(4.49980701622387,-5.23964589446029,-35.6910816204753));
#4253=CARTESIAN_POINT('Ctrl Pts',(4.4997914702608,-5.31182148644139,-35.63717422229));
#4254=CARTESIAN_POINT('Ctrl Pts',(4.49977966938869,-5.38358503549166,-35.5830266163713));
#4255=CARTESIAN_POINT('Ctrl Pts',(4.499779115277,-5.38695470351754,-35.5804841075524));
#4256=CARTESIAN_POINT('Ctrl Pts',(4.49977856482111,-5.39032379390049,-35.5779408226973));
#4257=CARTESIAN_POINT('Ctrl Pts',(4.49977801805508,-5.39369229863515,-35.5753967730619));
#4258=CARTESIAN_POINT('',(4.49999999999999,-4.15519253464868,-37.0732521202145));
#4259=CARTESIAN_POINT('Ctrl Pts',(4.50000000000011,-4.15519253464855,-37.0732521202145));
#4260=CARTESIAN_POINT('Ctrl Pts',(4.50000000000011,-4.15519253464855,-37.0402728851917));
#4261=CARTESIAN_POINT('Ctrl Pts',(4.50000000000011,-4.15519253464855,-37.0072936501689));
#4262=CARTESIAN_POINT('Ctrl Pts',(4.50000000000011,-4.15519253464855,-36.9046624762341));
#4263=CARTESIAN_POINT('Ctrl Pts',(4.50000000000011,-4.15519253464855,-36.8350105373221));
#4264=CARTESIAN_POINT('Ctrl Pts',(4.50000000000011,-4.15519253464855,-36.6611919314399));
#4265=CARTESIAN_POINT('Ctrl Pts',(4.50000000000011,-4.15519253464855,-36.5570252644697));
#4266=CARTESIAN_POINT('Ctrl Pts',(4.50000000000011,-4.15519253464855,-36.4513231044642));
#4267=CARTESIAN_POINT('Ctrl Pts',(4.50000000000011,-4.15519253464855,-36.4497876114288));
#4268=CARTESIAN_POINT('Ctrl Pts',(4.50000000000011,-4.15519253464855,-36.4482521183934));
#4269=CARTESIAN_POINT('',(4.50000003761009,-5.39449945064585,-38.075396769744));
#4270=CARTESIAN_POINT('Ctrl Pts',(4.4989832497174,-5.39278199162484,-38.0753967428537));
#4271=CARTESIAN_POINT('Ctrl Pts',(4.49912959905991,-5.27390670831521,-37.9747035315228));
#4272=CARTESIAN_POINT('Ctrl Pts',(4.49927898620351,-5.15408902008466,-37.8743074835203));
#4273=CARTESIAN_POINT('Ctrl Pts',(4.49941033142525,-5.03371651481693,-37.7747236455268));
#4274=CARTESIAN_POINT('Ctrl Pts',(4.49949429226053,-4.95676985506008,-37.7110658884474));
#4275=CARTESIAN_POINT('Ctrl Pts',(4.49957152759374,-4.87959592719423,-37.6477400206918));
#4276=CARTESIAN_POINT('Ctrl Pts',(4.4996447201652,-4.80228806848183,-37.5848805768654));
#4277=CARTESIAN_POINT('Ctrl Pts',(4.49974691371213,-4.69434864061499,-37.4971144361955));
#4278=CARTESIAN_POINT('Ctrl Pts',(4.49984469994702,-4.58544814567496,-37.4096899597571));
#4279=CARTESIAN_POINT('Ctrl Pts',(4.49990825732923,-4.47589989736909,-37.323046170265));
#4280=CARTESIAN_POINT('Ctrl Pts',(4.4999681071638,-4.37274202159632,-37.2414566477384));
#4281=CARTESIAN_POINT('Ctrl Pts',(4.49999762608766,-4.26901006717385,-37.1605593877394));
#4282=CARTESIAN_POINT('Ctrl Pts',(4.49999989364901,-4.16493385188502,-37.0807209779351));
#4283=CARTESIAN_POINT('Ctrl Pts',(4.49999996438102,-4.16168740349716,-37.0782305791818));
#4284=CARTESIAN_POINT('Ctrl Pts',(4.50000000000011,-4.15844029535543,-37.0757409560293));
#4285=CARTESIAN_POINT('Ctrl Pts',(4.50000000000012,-4.15519253464856,-37.0732521202145));
#4286=CARTESIAN_POINT('',(4.49999999999995,-5.39449951339335,-38.7003967730628));
#4287=CARTESIAN_POINT('',(4.5,-5.39449951339325,-5.55111512312578E-16));
#4288=CARTESIAN_POINT('',(4.50000000000001,-4.15519253464864,-39.5732521183934));
#4289=CARTESIAN_POINT('Ctrl Pts',(4.49999999999987,-4.15519253464881,-39.5732521183935));
#4290=CARTESIAN_POINT('Ctrl Pts',(4.49999999999989,-4.27164583671417,-39.4979059989703));
#4291=CARTESIAN_POINT('Ctrl Pts',(4.49996123381231,-4.38743499466221,-39.4208005897057));
#4292=CARTESIAN_POINT('Ctrl Pts',(4.49988918221473,-4.50227259234444,-39.3424550207495));
#4293=CARTESIAN_POINT('Ctrl Pts',(4.4998301151516,-4.59641512157356,-39.2782282329702));
#4294=CARTESIAN_POINT('Ctrl Pts',(4.49974937783351,-4.68991684572917,-39.2131679921456));
#4295=CARTESIAN_POINT('Ctrl Pts',(4.49966318468935,-4.78259722023147,-39.147560308489));
#4296=CARTESIAN_POINT('Ctrl Pts',(4.49954391749026,-4.91084093130287,-39.0567776279906));
#4297=CARTESIAN_POINT('Ctrl Pts',(4.49940874036048,-5.03847262130314,-38.964270248252));
#4298=CARTESIAN_POINT('Ctrl Pts',(4.49925975110573,-5.16508985251083,-38.870666853108));
#4299=CARTESIAN_POINT('Ctrl Pts',(4.49917397378924,-5.23798696399597,-38.8167767382625));
#4300=CARTESIAN_POINT('Ctrl Pts',(4.49908429494373,-5.31054690255037,-38.7625233348975));
#4301=CARTESIAN_POINT('Ctrl Pts',(4.49899562543063,-5.38268677373713,-38.7080266163713));
#4302=CARTESIAN_POINT('Ctrl Pts',(4.49899148861229,-5.38605241239673,-38.7054841074969));
#4303=CARTESIAN_POINT('Ctrl Pts',(4.49898734900632,-5.38941746709633,-38.7029408225859));
#4304=CARTESIAN_POINT('Ctrl Pts',(4.49898320675402,-5.3927819297382,-38.700396773062));
#4305=CARTESIAN_POINT('',(4.50000000000001,-4.15519253464865,-40.1982521202145));
#4306=CARTESIAN_POINT('Ctrl Pts',(4.49999999999996,-4.15519253464871,-40.1982521202145));
#4307=CARTESIAN_POINT('Ctrl Pts',(4.49999999999996,-4.15519253464871,-40.1588029058769));
#4308=CARTESIAN_POINT('Ctrl Pts',(4.49999999999996,-4.15519253464871,-40.1193536915393));
#4309=CARTESIAN_POINT('Ctrl Pts',(4.49999999999996,-4.15519253464871,-40.0167225176045));
#4310=CARTESIAN_POINT('Ctrl Pts',(4.49999999999996,-4.15519253464871,-39.9535405580073));
#4311=CARTESIAN_POINT('Ctrl Pts',(4.49999999999996,-4.15519253464871,-39.7861919314399));
#4312=CARTESIAN_POINT('Ctrl Pts',(4.49999999999996,-4.15519253464871,-39.6820252644697));
#4313=CARTESIAN_POINT('Ctrl Pts',(4.49999999999996,-4.15519253464871,-39.5763231044642));
#4314=CARTESIAN_POINT('Ctrl Pts',(4.49999999999996,-4.15519253464871,-39.5747876114288));
#4315=CARTESIAN_POINT('Ctrl Pts',(4.49999999999996,-4.15519253464871,-39.5732521183934));
#4316=CARTESIAN_POINT('',(4.49999999999999,-5.39449951339326,-41.2003967766791));
#4317=CARTESIAN_POINT('Ctrl Pts',(4.49977829158564,-5.39369132331746,-41.2003967766801));
#4318=CARTESIAN_POINT('Ctrl Pts',(4.49979758287985,-5.27455254926177,-41.0996013131265));
#4319=CARTESIAN_POINT('Ctrl Pts',(4.49982751061119,-5.15447679316371,-40.999103616678));
#4320=CARTESIAN_POINT('Ctrl Pts',(4.49985245750079,-5.03385949833509,-40.8994203046712));
#4321=CARTESIAN_POINT('Ctrl Pts',(4.49986836301442,-4.95695692421868,-40.835864715063));
#4322=CARTESIAN_POINT('Ctrl Pts',(4.49988291630598,-4.87983368610449,-40.7726401742824));
#4323=CARTESIAN_POINT('Ctrl Pts',(4.49990049738336,-4.80258477348676,-40.7098805768654));
#4324=CARTESIAN_POINT('Ctrl Pts',(4.49992513079196,-4.69434885663456,-40.6219461019645));
#4325=CARTESIAN_POINT('Ctrl Pts',(4.49995860803831,-4.585162900497,-40.5343546031659));
#4326=CARTESIAN_POINT('Ctrl Pts',(4.49997724201526,-4.47534973741035,-40.4475476341512));
#4327=CARTESIAN_POINT('Ctrl Pts',(4.49999471973861,-4.37235057143337,-40.3661271089774));
#4328=CARTESIAN_POINT('Ctrl Pts',(4.49999917922934,-4.26879990597053,-40.2853967728291));
#4329=CARTESIAN_POINT('Ctrl Pts',(4.49999996310616,-4.16493393358462,-40.2057209779351));
#4330=CARTESIAN_POINT('Ctrl Pts',(4.49999998760753,-4.16168743095093,-40.2032305792798));
#4331=CARTESIAN_POINT('Ctrl Pts',(4.49999999999998,-4.15844029541914,-40.200740956078));
#4332=CARTESIAN_POINT('Ctrl Pts',(4.49999999999996,-4.15519253464874,-40.1982521202145));
#4333=CARTESIAN_POINT('',(4.49999999999992,-5.39449951339339,-41.8253967730628));
#4334=CARTESIAN_POINT('',(4.5,-5.39449951339325,-5.55111512312578E-16));
#4335=CARTESIAN_POINT('',(4.49999999999997,-4.15519253464874,-42.6982521183934));
#4336=CARTESIAN_POINT('Ctrl Pts',(4.50000000000005,-4.15519253464861,-42.6982521183934));
#4337=CARTESIAN_POINT('Ctrl Pts',(4.50000000000006,-4.27164563626656,-42.6229061286612));
#4338=CARTESIAN_POINT('Ctrl Pts',(4.49996122716484,-4.38743458002172,-42.5458008551441));
#4339=CARTESIAN_POINT('Ctrl Pts',(4.49988916383423,-4.5022719550331,-42.4674554253108));
#4340=CARTESIAN_POINT('Ctrl Pts',(4.49983008692679,-4.59641466142965,-42.4032285061778));
#4341=CARTESIAN_POINT('Ctrl Pts',(4.49974933616287,-4.68991655216382,-42.338168129899));
#4342=CARTESIAN_POINT('Ctrl Pts',(4.49966312682762,-4.78259708331763,-42.272560308489));
#4343=CARTESIAN_POINT('Ctrl Pts',(4.49954383763925,-4.91084056538133,-42.1817777529351));
#4344=CARTESIAN_POINT('Ctrl Pts',(4.4994086332053,-5.038472015251,-42.089270502888));
#4345=CARTESIAN_POINT('Ctrl Pts',(4.49925961278596,-5.16508900035761,-41.9956672395891));
#4346=CARTESIAN_POINT('Ctrl Pts',(4.49917381720396,-5.23798624475038,-41.9417769976526));
#4347=CARTESIAN_POINT('Ctrl Pts',(4.49908411877372,-5.31054631168983,-41.8875234651736));
#4348=CARTESIAN_POINT('Ctrl Pts',(4.4989954286374,-5.38268630673108,-41.8330266163713));
#4349=CARTESIAN_POINT('Ctrl Pts',(4.49899129086729,-5.38605194276445,-41.830484107768));
#4350=CARTESIAN_POINT('Ctrl Pts',(4.49898715030681,-5.38941699482967,-41.8279408231307));
#4351=CARTESIAN_POINT('Ctrl Pts',(4.4989830070966,-5.39278145591333,-41.825396773062));
#4352=CARTESIAN_POINT('',(4.49999999999997,-4.15519253464874,-43.3232521202145));
#4353=CARTESIAN_POINT('Ctrl Pts',(4.49999999999993,-4.15519253464874,-43.3232521202145));
#4354=CARTESIAN_POINT('Ctrl Pts',(4.49999999999993,-4.15519253464874,-43.2773329265621));
#4355=CARTESIAN_POINT('Ctrl Pts',(4.49999999999993,-4.15519253464874,-43.2314137329097));
#4356=CARTESIAN_POINT('Ctrl Pts',(4.49999999999993,-4.15519253464874,-43.1287825589749));
#4357=CARTESIAN_POINT('Ctrl Pts',(4.49999999999993,-4.15519253464874,-43.0720705786925));
#4358=CARTESIAN_POINT('Ctrl Pts',(4.49999999999993,-4.15519253464874,-42.9111919314399));
#4359=CARTESIAN_POINT('Ctrl Pts',(4.49999999999993,-4.15519253464874,-42.8070252644697));
#4360=CARTESIAN_POINT('Ctrl Pts',(4.49999999999993,-4.15519253464874,-42.7013231044642));
#4361=CARTESIAN_POINT('Ctrl Pts',(4.49999999999993,-4.15519253464874,-42.6997876114288));
#4362=CARTESIAN_POINT('Ctrl Pts',(4.49999999999993,-4.15519253464874,-42.6982521183934));
#4363=CARTESIAN_POINT('',(4.49999999999995,-5.39449951339333,-44.3253967766791));
#4364=CARTESIAN_POINT('Ctrl Pts',(4.49977842034226,-5.39369086491586,-44.3253967766801));
#4365=CARTESIAN_POINT('Ctrl Pts',(4.49979768948888,-5.27455234298395,-44.2246014608346));
#4366=CARTESIAN_POINT('Ctrl Pts',(4.49982759704164,-5.15447683526926,-44.1241039112227));
#4367=CARTESIAN_POINT('Ctrl Pts',(4.49985252643671,-5.03385978079447,-44.0244207429091));
#4368=CARTESIAN_POINT('Ctrl Pts',(4.4998684208561,-4.95695707046881,-43.9608650056998));
#4369=CARTESIAN_POINT('Ctrl Pts',(4.49988296412705,-4.87983369122103,-43.8976403185321));
#4370=CARTESIAN_POINT('Ctrl Pts',(4.49990053647032,-4.80258463246014,-43.8348805768654));
#4371=CARTESIAN_POINT('Ctrl Pts',(4.49992515754294,-4.69434894306975,-43.7469462510079));
#4372=CARTESIAN_POINT('Ctrl Pts',(4.49995862485221,-4.58516320920807,-43.6593549000908));
#4373=CARTESIAN_POINT('Ctrl Pts',(4.49997725207975,-4.47535025885979,-43.5725480755499));
#4374=CARTESIAN_POINT('Ctrl Pts',(4.49999472353369,-4.37235093171509,-43.4911274007487));
#4375=CARTESIAN_POINT('Ctrl Pts',(4.49999917945068,-4.26880009284871,-43.4103969168091));
#4376=CARTESIAN_POINT('Ctrl Pts',(4.49999996311625,-4.16493393354795,-43.3307209779351));
#4377=CARTESIAN_POINT('Ctrl Pts',(4.49999998761097,-4.16168743117179,-43.3282305794587));
#4378=CARTESIAN_POINT('Ctrl Pts',(4.50000000000001,-4.15844029553522,-43.325740956167));
#4379=CARTESIAN_POINT('Ctrl Pts',(4.49999999999999,-4.15519253464871,-43.3232521202145));
#4380=CARTESIAN_POINT('',(4.49999999999986,-5.39449951339349,-44.9503967730628));
#4381=CARTESIAN_POINT('',(4.5,-5.39449951339325,-5.55111512312578E-16));
#4382=CARTESIAN_POINT('',(4.49999997880608,-4.15519258055394,-45.8232521234671));
#4383=CARTESIAN_POINT('Ctrl Pts',(4.49999999999996,-4.15519256469384,-45.823252098954));
#4384=CARTESIAN_POINT('Ctrl Pts',(4.49999999999995,-4.2716454888003,-45.7479062237056));
#4385=CARTESIAN_POINT('Ctrl Pts',(4.4999612212754,-4.38743424274811,-45.67080107006));
#4386=CARTESIAN_POINT('Ctrl Pts',(4.49988914752541,-4.50227142035085,-45.592455763133));
#4387=CARTESIAN_POINT('Ctrl Pts',(4.49983006188263,-4.59641427340989,-45.5282287342921));
#4388=CARTESIAN_POINT('Ctrl Pts',(4.49974929918136,-4.68991630150229,-45.4631682448827));
#4389=CARTESIAN_POINT('Ctrl Pts',(4.49966307544181,-4.7825969613697,-45.3975603084346));
#4390=CARTESIAN_POINT('Ctrl Pts',(4.49954376667936,-4.91084023748942,-45.3067778655647));
#4391=CARTESIAN_POINT('Ctrl Pts',(4.49940853789635,-5.03847147153809,-45.2142707325035));
#4392=CARTESIAN_POINT('Ctrl Pts',(4.49925948969962,-5.16508823554042,-45.1206675881239));
#4393=CARTESIAN_POINT('Ctrl Pts',(4.49917367783382,-5.2379856002794,-45.0667772315797));
#4394=CARTESIAN_POINT('Ctrl Pts',(4.49908396194813,-5.31054578351983,-45.0125235826656));
#4395=CARTESIAN_POINT('Ctrl Pts',(4.49899525344588,-5.38268589080111,-44.9580266163713));
#4396=CARTESIAN_POINT('Ctrl Pts',(4.49899111482765,-5.38605152494721,-44.955484107668));
#4397=CARTESIAN_POINT('Ctrl Pts',(4.49898697341707,-5.389416575121,-44.9529408229297));
#4398=CARTESIAN_POINT('Ctrl Pts',(4.49898282935511,-5.39278103390914,-44.9503967730619));
#4399=CARTESIAN_POINT('',(4.49999999240299,-4.15519255110351,-46.4482521220332));
#4400=CARTESIAN_POINT('Ctrl Pts',(4.50000000000002,-4.15519253464864,-46.4482521202145));
#4401=CARTESIAN_POINT('Ctrl Pts',(4.50000000000002,-4.15519253464864,-46.3958629472473));
#4402=CARTESIAN_POINT('Ctrl Pts',(4.50000000000002,-4.15519253464864,-46.3434737742801));
#4403=CARTESIAN_POINT('Ctrl Pts',(4.50000000000002,-4.15519253464864,-46.2408426003453));
#4404=CARTESIAN_POINT('Ctrl Pts',(4.50000000000002,-4.15519253464864,-46.1906005993777));
#4405=CARTESIAN_POINT('Ctrl Pts',(4.50000000000002,-4.15519253464864,-46.0361919314399));
#4406=CARTESIAN_POINT('Ctrl Pts',(4.50000000000002,-4.15519253464864,-45.9320252644697));
#4407=CARTESIAN_POINT('Ctrl Pts',(4.50000000000002,-4.15519253464864,-45.8263231044641));
#4408=CARTESIAN_POINT('Ctrl Pts',(4.50000000000002,-4.15519253464864,-45.8247876114288));
#4409=CARTESIAN_POINT('Ctrl Pts',(4.50000000000002,-4.15519253464864,-45.8232521183934));
#4410=CARTESIAN_POINT('',(4.49999999999989,-5.39449951339344,-47.4503967766791));
#4411=CARTESIAN_POINT('Ctrl Pts',(4.49898270051228,-5.39278072798309,-47.45039677668));
#4412=CARTESIAN_POINT('Ctrl Pts',(4.49912914264234,-5.27390584173917,-47.3497037138083));
#4413=CARTESIAN_POINT('Ctrl Pts',(4.49927861429623,-5.15408853441368,-47.2493078131706));
#4414=CARTESIAN_POINT('Ctrl Pts',(4.49941003330504,-5.03371638493914,-47.1497241193594));
#4415=CARTESIAN_POINT('Ctrl Pts',(4.49949404164028,-4.95676964809076,-47.0860662025113));
#4416=CARTESIAN_POINT('Ctrl Pts',(4.49957132002093,-4.8795956310638,-47.0227401763134));
#4417=CARTESIAN_POINT('Ctrl Pts',(4.49964455043257,-4.80228766971542,-46.9598805764233));
#4418=CARTESIAN_POINT('Ctrl Pts',(4.49974679631709,-4.69434862215077,-46.8721146435996));
#4419=CARTESIAN_POINT('Ctrl Pts',(4.49984462517007,-4.58544848794694,-46.7846903735162));
#4420=CARTESIAN_POINT('Ctrl Pts',(4.49990821208066,-4.47590057123745,-46.6980467856403));
#4421=CARTESIAN_POINT('Ctrl Pts',(4.49996809001352,-4.3727425039679,-46.6164570545432));
#4422=CARTESIAN_POINT('Ctrl Pts',(4.49999762511011,-4.26901032663022,-46.5355595885328));
#4423=CARTESIAN_POINT('Ctrl Pts',(4.49999989360558,-4.16493385178253,-46.4557209779351));
#4424=CARTESIAN_POINT('Ctrl Pts',(4.49999996436643,-4.16168740700139,-46.4532305818961));
#4425=CARTESIAN_POINT('Ctrl Pts',(4.50000000000009,-4.1584403027468,-46.4507409616963));
#4426=CARTESIAN_POINT('Ctrl Pts',(4.5000000000001,-4.15519254589351,-46.4482521288317));
#4427=CARTESIAN_POINT('',(4.49999999999985,-5.39449951339351,-48.0753967730628));
#4428=CARTESIAN_POINT('',(4.5,-5.39449951339325,-5.55111512312578E-16));
#4429=CARTESIAN_POINT('',(4.49999999960366,-4.15519253550712,-48.9482521184883));
#4430=CARTESIAN_POINT('Ctrl Pts',(4.49999999999986,-4.15519253464882,-48.9482521183934));
#4431=CARTESIAN_POINT('Ctrl Pts',(4.49999999999985,-4.27225008906518,-48.872515043377));
#4432=CARTESIAN_POINT('Ctrl Pts',(4.49999081543967,-4.38867187493947,-48.7950003739628));
#4433=CARTESIAN_POINT('Ctrl Pts',(4.49996894432275,-4.50415446535321,-48.7162353632844));
#4434=CARTESIAN_POINT('Ctrl Pts',(4.49995122008722,-4.59774093556854,-48.6524046222226));
#4435=CARTESIAN_POINT('Ctrl Pts',(4.49992592886632,-4.69070932511327,-48.5877527327347));
#4436=CARTESIAN_POINT('Ctrl Pts',(4.49990504968903,-4.78287756524239,-48.522560308489));
#4437=CARTESIAN_POINT('Ctrl Pts',(4.49987586778968,-4.9116970233243,-48.4314437508699));
#4438=CARTESIAN_POINT('Ctrl Pts',(4.49985039504679,-5.03992190511477,-48.3385897846147));
#4439=CARTESIAN_POINT('Ctrl Pts',(4.49982303454947,-5.16713570146622,-48.2446340555494));
#4440=CARTESIAN_POINT('Ctrl Pts',(4.49980744031669,-5.23964175021348,-48.1910835848688));
#4441=CARTESIAN_POINT('Ctrl Pts',(4.49979194652091,-5.31181847976826,-48.1371752088633));
#4442=CARTESIAN_POINT('Ctrl Pts',(4.49978020094216,-5.3835831416163,-48.0830266163713));
#4443=CARTESIAN_POINT('Ctrl Pts',(4.49977964943684,-5.38695280042698,-48.0804841076062));
#4444=CARTESIAN_POINT('Ctrl Pts',(4.49977910159404,-5.39032188157182,-48.0779408228055));
#4445=CARTESIAN_POINT('Ctrl Pts',(4.49977855744806,-5.39369037726109,-48.0753967730619));
#4446=CARTESIAN_POINT('',(4.49999999999997,-4.15519253464874,-49.5732521202145));
#4447=CARTESIAN_POINT('Ctrl Pts',(4.49999999999988,-4.1551925346488,-49.5732521202145));
#4448=CARTESIAN_POINT('Ctrl Pts',(4.49999999999988,-4.1551925346488,-49.5143929679325));
#4449=CARTESIAN_POINT('Ctrl Pts',(4.49999999999988,-4.1551925346488,-49.4555338156505));
#4450=CARTESIAN_POINT('Ctrl Pts',(4.49999999999988,-4.1551925346488,-49.3529026417157));
#4451=CARTESIAN_POINT('Ctrl Pts',(4.49999999999988,-4.1551925346488,-49.3091306200629));
#4452=CARTESIAN_POINT('Ctrl Pts',(4.49999999999988,-4.1551925346488,-49.1611919314399));
#4453=CARTESIAN_POINT('Ctrl Pts',(4.49999999999988,-4.1551925346488,-49.0570252644697));
#4454=CARTESIAN_POINT('Ctrl Pts',(4.49999999999988,-4.1551925346488,-48.9513231044642));
#4455=CARTESIAN_POINT('Ctrl Pts',(4.49999999999988,-4.1551925346488,-48.9497876114288));
#4456=CARTESIAN_POINT('Ctrl Pts',(4.49999999999988,-4.1551925346488,-48.9482521183935));
#4457=CARTESIAN_POINT('Ctrl Pts',(4.49971106010005,-4.69732142471269,-49.9999999900241));
#4458=CARTESIAN_POINT('Ctrl Pts',(4.49981743031223,-4.59016449117152,-49.913564775729));
#4459=CARTESIAN_POINT('Ctrl Pts',(4.49990464764011,-4.48216040528092,-49.8276012337429));
#4460=CARTESIAN_POINT('Ctrl Pts',(4.49995250926272,-4.37359646464723,-49.7425326177889));
#4461=CARTESIAN_POINT('Ctrl Pts',(4.49998308175093,-4.30424925879706,-49.6881934809859));
#4462=CARTESIAN_POINT('Ctrl Pts',(4.49999821528988,-4.23467297421178,-49.6342194963461));
#4463=CARTESIAN_POINT('Ctrl Pts',(4.4999998832632,-4.16493380056174,-49.5807209779351));
#4464=CARTESIAN_POINT('Ctrl Pts',(4.49999996090869,-4.1616873867794,-49.5782305795203));
#4465=CARTESIAN_POINT('Ctrl Pts',(4.49999999999981,-4.15844029557547,-49.5757409561977));
#4466=CARTESIAN_POINT('Ctrl Pts',(4.4999999999998,-4.15519253464891,-49.5732521202145));
#4467=CARTESIAN_POINT('Origin',(0.,0.,0.));
#4468=CARTESIAN_POINT('',(-4.49999999999991,5.39449951339338,-49.6378967730628));
#4469=CARTESIAN_POINT('Ctrl Pts',(0.230464369897239,7.02121863882672,-50.));
#4470=CARTESIAN_POINT('Ctrl Pts',(-1.47347243450328,7.07714862663792,-49.8792989243543));
#4471=CARTESIAN_POINT('Ctrl Pts',(-3.18936192277014,6.48325029186951,-49.7585978487086));
#4472=CARTESIAN_POINT('Ctrl Pts',(-4.49985873414593,5.394185820219,-49.6378967730628));
#4473=CARTESIAN_POINT('',(-4.49999999999988,5.39449951339344,-49.0128967766791));
#4474=CARTESIAN_POINT('',(-4.5,5.39449951339325,-5.55111512312578E-16));
#4475=CARTESIAN_POINT('Ctrl Pts',(-4.49898262536277,5.39278054949091,-49.0128967766787));
#4476=CARTESIAN_POINT('Ctrl Pts',(-3.45844827613789,6.2547108047088,-49.1086138243378));
#4477=CARTESIAN_POINT('Ctrl Pts',(-2.16664750282592,6.81406033934537,-49.2043308719969));
#4478=CARTESIAN_POINT('Ctrl Pts',(-0.825443707052238,6.97441697874186,-49.300047919656));
#4479=CARTESIAN_POINT('Ctrl Pts',(0.269983731227717,7.10538817287268,-49.3782247639561));
#4480=CARTESIAN_POINT('Ctrl Pts',(1.39836691967626,6.97019933226549,-49.4564016082562));
#4481=CARTESIAN_POINT('Ctrl Pts',(2.43390229352924,6.58810546064425,-49.5345784525564));
#4482=CARTESIAN_POINT('Ctrl Pts',(3.18400860818497,6.3113297626515,-49.5912070777584));
#4483=CARTESIAN_POINT('Ctrl Pts',(3.8853971471925,5.90500159258661,-49.6478357029605));
#4484=CARTESIAN_POINT('Ctrl Pts',(4.49977858910491,5.39369026465817,-49.7044643281625));
#4485=CARTESIAN_POINT('Ctrl Pts',(-4.75035566467675,5.17539815464336,-49.6143405535122));
#4486=CARTESIAN_POINT('Ctrl Pts',(-3.4126628913245,6.40322957043303,-49.7428937167519));
#4487=CARTESIAN_POINT('Ctrl Pts',(-1.58431972347286,7.08078724121169,-49.8714468799915));
#4488=CARTESIAN_POINT('Ctrl Pts',(0.230464980204757,7.02121861879486,-50.0000000432312));
#4489=CARTESIAN_POINT('Ctrl Pts',(-4.66690425512001,5.0844798526236,-49.7428936808898));
#4490=CARTESIAN_POINT('Ctrl Pts',(-3.35271126901952,6.29074145983923,-49.8714468441295));
#4491=CARTESIAN_POINT('Ctrl Pts',(-1.55648734134293,6.95639620235865,-50.0000000073691));
#4492=CARTESIAN_POINT('Ctrl Pts',(0.226416309155857,6.8978740459029,-50.1285531706088));
#4493=CARTESIAN_POINT('Ctrl Pts',(-4.58345284556326,4.99356155060384,-49.8714468082674));
#4494=CARTESIAN_POINT('Ctrl Pts',(-3.29275964671454,6.17825334924542,-49.999999971507));
#4495=CARTESIAN_POINT('Ctrl Pts',(-1.528654959213,6.83200516350562,-50.1285531347467));
#4496=CARTESIAN_POINT('Ctrl Pts',(0.222367638106957,6.77452947301093,-50.2571062979864));
#4497=CARTESIAN_POINT('Ctrl Pts',(-4.50000143600651,4.90264324858408,-49.999999935645));
#4498=CARTESIAN_POINT('Ctrl Pts',(-3.23280802440956,6.06576523865161,-50.1285530988846));
#4499=CARTESIAN_POINT('Ctrl Pts',(-1.50082257708307,6.70761412465258,-50.2571062621243));
#4500=CARTESIAN_POINT('Ctrl Pts',(0.218318967058057,6.65118490011896,-50.3856594253639));
#4501=CARTESIAN_POINT('Ctrl Pts',(-4.49999999999983,4.90264468009727,-50.0000000000002));
#4502=CARTESIAN_POINT('Ctrl Pts',(-4.50000265376872,5.03179091218089,-49.9074169061615));
#4503=CARTESIAN_POINT('Ctrl Pts',(-4.49996754785743,5.16014537169178,-49.8132778926406));
#4504=CARTESIAN_POINT('Ctrl Pts',(-4.49991062082821,5.28729299914573,-49.7182280871391));
#4505=CARTESIAN_POINT('Ctrl Pts',(-4.49989613993491,5.31963635610153,-49.6940496588862));
#4506=CARTESIAN_POINT('Ctrl Pts',(-4.49988039805703,5.35190139969281,-49.6698122956909));
#4507=CARTESIAN_POINT('Ctrl Pts',(-4.49986394041979,5.38408087722624,-49.6455266163713));
#4508=CARTESIAN_POINT('Ctrl Pts',(-4.49986221744205,5.38744980085101,-49.6429841077579));
#4509=CARTESIAN_POINT('Ctrl Pts',(-4.49986048195003,5.39081811747667,-49.6404408231105));
#4510=CARTESIAN_POINT('Ctrl Pts',(-4.49985873414602,5.39418582022009,-49.637896773062));
#4511=CARTESIAN_POINT('Origin',(-4.5,11.15,2.));
#4512=CARTESIAN_POINT('',(-4.49999998254031,-4.15519257246573,-49.7691089802836));
#4513=CARTESIAN_POINT('Ctrl Pts',(-4.49999999999998,-4.15519253464869,-49.7691089844633));
#4514=CARTESIAN_POINT('Ctrl Pts',(-4.49999999999998,-4.15519253464869,-49.8224536055576));
#4515=CARTESIAN_POINT('Ctrl Pts',(-4.5000000000001,-4.15519253464856,-49.875798226652));
#4516=CARTESIAN_POINT('Ctrl Pts',(-4.5000000000001,-4.15519253464856,-49.9527618984976));
#4517=CARTESIAN_POINT('Ctrl Pts',(-4.5000000000001,-4.15519253464856,-49.9763809492488));
#4518=CARTESIAN_POINT('Ctrl Pts',(-4.5000000000001,-4.15519253464856,-50.));
#4519=CARTESIAN_POINT('',(-4.5,-5.39449951339325,-48.7669643245492));
#4520=CARTESIAN_POINT('Ctrl Pts',(-4.4989826700081,-5.39278065551339,-48.7669643245482));
#4521=CARTESIAN_POINT('Ctrl Pts',(-4.49912896002896,-5.27403344829307,-48.8675492475797));
#4522=CARTESIAN_POINT('Ctrl Pts',(-4.49927858961227,-5.1543388262487,-48.9678433979887));
#4523=CARTESIAN_POINT('Ctrl Pts',(-4.49940996950496,-5.03408417932707,-49.0673324451623));
#4524=CARTESIAN_POINT('Ctrl Pts',(-4.49949744596063,-4.95401522756278,-49.1335750721471));
#4525=CARTESIAN_POINT('Ctrl Pts',(-4.49957747722075,-4.87369745637683,-49.1994607748267));
#4526=CARTESIAN_POINT('Ctrl Pts',(-4.49965308084624,-4.7932361527586,-49.2648377331266));
#4527=CARTESIAN_POINT('Ctrl Pts',(-4.49975435507217,-4.68545486321143,-49.3524129097069));
#4528=CARTESIAN_POINT('Ctrl Pts',(-4.49985106273245,-4.57671220868657,-49.4396455750752));
#4529=CARTESIAN_POINT('Ctrl Pts',(-4.49991323874968,-4.46732042835983,-49.5260977870165));
#4530=CARTESIAN_POINT('Ctrl Pts',(-4.49997208810594,-4.3637815376387,-49.6079244662977));
#4531=CARTESIAN_POINT('Ctrl Pts',(-4.49999999999992,-4.25966146517232,-49.6890519726144));
#4532=CARTESIAN_POINT('Ctrl Pts',(-4.49999999999993,-4.15519256049219,-49.7691089646588));
#4533=CARTESIAN_POINT('',(-4.50000000775326,-5.39449950045798,-48.1419643295951));
#4534=CARTESIAN_POINT('',(-4.5,-5.39449951339325,-5.55111512312578E-16));
#4535=CARTESIAN_POINT('',(-4.49999999782902,-4.15519253935094,-47.2691089857647));
#4536=CARTESIAN_POINT('Ctrl Pts',(-4.49999999999997,-4.15519253464873,-47.2691089862843));
#4537=CARTESIAN_POINT('Ctrl Pts',(-4.49999999999995,-4.27234280824255,-47.3449060509672));
#4538=CARTESIAN_POINT('Ctrl Pts',(-4.49999111321874,-4.38886248943094,-47.4224877854296));
#4539=CARTESIAN_POINT('Ctrl Pts',(-4.49996931033114,-4.50444792953845,-47.501326232148));
#4540=CARTESIAN_POINT('Ctrl Pts',(-4.49995099670041,-4.6015354853533,-47.5675476531938));
#4541=CARTESIAN_POINT('Ctrl Pts',(-4.49992432419477,-4.69796262527059,-47.6346557334386));
#4542=CARTESIAN_POINT('Ctrl Pts',(-4.49990262843126,-4.79352608770896,-47.7023375910879));
#4543=CARTESIAN_POINT('Ctrl Pts',(-4.49987333484677,-4.92255571876133,-47.7937215248488));
#4544=CARTESIAN_POINT('Ctrl Pts',(-4.49984789512753,-5.05099133813724,-47.8868421979486));
#4545=CARTESIAN_POINT('Ctrl Pts',(-4.49982070115394,-5.17841443580447,-47.9810620126596));
#4546=CARTESIAN_POINT('Ctrl Pts',(-4.49980531161722,-5.25052535532436,-48.0343826240731));
#4547=CARTESIAN_POINT('Ctrl Pts',(-4.49979006860458,-5.32231114198593,-48.0880552490514));
#4548=CARTESIAN_POINT('Ctrl Pts',(-4.49977853577889,-5.39369045429776,-48.1419643281663));
#4549=CARTESIAN_POINT('',(-4.49999999996785,-4.15519253471829,-46.6441089844556));
#4550=CARTESIAN_POINT('Ctrl Pts',(-4.50000000000013,-4.15519253464852,-46.6441089844633));
#4551=CARTESIAN_POINT('Ctrl Pts',(-4.50000000000013,-4.15519253464852,-46.6725178346995));
#4552=CARTESIAN_POINT('Ctrl Pts',(-4.50000000000013,-4.15519253464852,-46.7009266849357));
#4553=CARTESIAN_POINT('Ctrl Pts',(-4.50000000000013,-4.15519253464852,-46.7849083858989));
#4554=CARTESIAN_POINT('Ctrl Pts',(-4.50000000000013,-4.15519253464852,-46.840481236626));
#4555=CARTESIAN_POINT('Ctrl Pts',(-4.50000000000013,-4.15519253464852,-46.9686282263272));
#4556=CARTESIAN_POINT('Ctrl Pts',(-4.50000000000013,-4.15519253464852,-47.0412023653013));
#4557=CARTESIAN_POINT('Ctrl Pts',(-4.50000000000013,-4.15519253464852,-47.1655539982784));
#4558=CARTESIAN_POINT('Ctrl Pts',(-4.50000000000013,-4.15519253464852,-47.2173314922814));
#4559=CARTESIAN_POINT('Ctrl Pts',(-4.50000000000013,-4.15519253464852,-47.2691089862844));
#4560=CARTESIAN_POINT('',(-4.5000000054736,-5.39449950426127,-45.6419643255585));
#4561=CARTESIAN_POINT('Ctrl Pts',(-4.49977844442602,-5.3936907792178,-45.6419643245482));
#4562=CARTESIAN_POINT('Ctrl Pts',(-4.49979768879164,-5.27467993669289,-45.742651631794));
#4563=CARTESIAN_POINT('Ctrl Pts',(-4.49982785895255,-5.1547270752829,-45.8430475740174));
#4564=CARTESIAN_POINT('Ctrl Pts',(-4.49985281753855,-5.03422743141218,-45.942636248594));
#4565=CARTESIAN_POINT('Ctrl Pts',(-4.49986939339499,-4.95419946845274,-46.0087765167656));
#4566=CARTESIAN_POINT('Ctrl Pts',(-4.49988434224587,-4.87392981678959,-46.0745607197244));
#4567=CARTESIAN_POINT('Ctrl Pts',(-4.49990260279345,-4.79352565361823,-46.1398377326721));
#4568=CARTESIAN_POINT('Ctrl Pts',(-4.4999271483961,-4.6854473699457,-46.2275822877348));
#4569=CARTESIAN_POINT('Ctrl Pts',(-4.49996048668659,-4.57641885664925,-46.3149830055342));
#4570=CARTESIAN_POINT('Ctrl Pts',(-4.4999788020574,-4.4667619018936,-46.4015993977459));
#4571=CARTESIAN_POINT('Ctrl Pts',(-4.49999606866659,-4.36338404507832,-46.4832560241941));
#4572=CARTESIAN_POINT('Ctrl Pts',(-4.50000000000003,-4.25944797375928,-46.5642155763443));
#4573=CARTESIAN_POINT('Ctrl Pts',(-4.50000000000001,-4.15519253464865,-46.6441089844633));
#4574=CARTESIAN_POINT('',(-4.49999999999999,-5.39449951339328,-45.0169643281654));
#4575=CARTESIAN_POINT('',(-4.5,-5.39449951339325,-5.55111512312578E-16));
#4576=CARTESIAN_POINT('',(-4.4999999712257,-4.15519259697278,-44.144108979396));
#4577=CARTESIAN_POINT('Ctrl Pts',(-4.50000000000015,-4.15519257543984,-44.1441090126766));
#4578=CARTESIAN_POINT('Ctrl Pts',(-4.50000000000016,-4.27174078722508,-44.2195165395636));
#4579=CARTESIAN_POINT('Ctrl Pts',(-4.49996146876073,-4.38762986199065,-44.296690439681));
#4580=CARTESIAN_POINT('Ctrl Pts',(-4.49988938405702,-4.50257216978472,-44.3751108536047));
#4581=CARTESIAN_POINT('Ctrl Pts',(-4.49982815038907,-4.60021201216891,-44.4417265062931));
#4582=CARTESIAN_POINT('Ctrl Pts',(-4.49974339136001,-4.69716737271372,-44.5092416387663));
#4583=CARTESIAN_POINT('Ctrl Pts',(-4.49965313818222,-4.79323682030241,-44.5773375911411));
#4584=CARTESIAN_POINT('Ctrl Pts',(-4.49953246089176,-4.92169103011641,-44.6683885128794));
#4585=CARTESIAN_POINT('Ctrl Pts',(-4.49939616407227,-5.04953393363537,-44.7611635393023));
#4586=CARTESIAN_POINT('Ctrl Pts',(-4.49924631564597,-5.17636106593706,-44.855032017745));
#4587=CARTESIAN_POINT('Ctrl Pts',(-4.49916065563195,-5.24886108612158,-44.9086914079581));
#4588=CARTESIAN_POINT('Ctrl Pts',(-4.49907123909431,-5.32102826797863,-44.9627081134942));
#4589=CARTESIAN_POINT('Ctrl Pts',(-4.49898286335938,-5.39278111462813,-45.0169643281663));
#4590=CARTESIAN_POINT('',(-4.49999999999999,-4.15519253464868,-43.5191089844633));
#4591=CARTESIAN_POINT('Ctrl Pts',(-4.49999999999999,-4.15519253464868,-43.5191089844633));
#4592=CARTESIAN_POINT('Ctrl Pts',(-4.49999999999999,-4.15519253464868,-43.5316320500174));
#4593=CARTESIAN_POINT('Ctrl Pts',(-4.49999999999999,-4.15519253464868,-43.5441551155715));
#4594=CARTESIAN_POINT('Ctrl Pts',(-4.49999999999999,-4.15519253464868,-43.6210106475838));
#4595=CARTESIAN_POINT('Ctrl Pts',(-4.49999999999999,-4.15519253464868,-43.685343114042));
#4596=CARTESIAN_POINT('Ctrl Pts',(-4.49999999999999,-4.15519253464868,-43.8229059091105));
#4597=CARTESIAN_POINT('Ctrl Pts',(-4.49999999999999,-4.15519253464868,-43.8961362377207));
#4598=CARTESIAN_POINT('Ctrl Pts',(-4.49999999999999,-4.15519253464868,-44.0276140396488));
#4599=CARTESIAN_POINT('Ctrl Pts',(-4.49999999999999,-4.15519253464868,-44.0858615129666));
#4600=CARTESIAN_POINT('Ctrl Pts',(-4.49999999999999,-4.15519253464868,-44.1441089862844));
#4601=CARTESIAN_POINT('',(-4.50000000563053,-5.39449950399946,-42.5169643255874));
#4602=CARTESIAN_POINT('Ctrl Pts',(-4.49977831851162,-5.39369122741682,-42.5169643245482));
#4603=CARTESIAN_POINT('Ctrl Pts',(-4.49979758451252,-5.27468013800937,-42.6176517765967));
#4604=CARTESIAN_POINT('Ctrl Pts',(-4.49982777438956,-5.15472703334001,-42.7180478627787));
#4605=CARTESIAN_POINT('Ctrl Pts',(-4.49985275007229,-5.03422715402167,-42.8176366782484));
#4606=CARTESIAN_POINT('Ctrl Pts',(-4.49986933722347,-4.95419932306852,-42.8837768016602));
#4607=CARTESIAN_POINT('Ctrl Pts',(-4.49988429623321,-4.87392980859768,-42.9495608610733));
#4608=CARTESIAN_POINT('Ctrl Pts',(-4.49990256556953,-4.79352578792492,-43.0148377326721));
#4609=CARTESIAN_POINT('Ctrl Pts',(-4.49992712307988,-4.68544728225465,-43.1025824334744));
#4610=CARTESIAN_POINT('Ctrl Pts',(-4.49996047092512,-4.57641855205406,-43.1899832958725));
#4611=CARTESIAN_POINT('Ctrl Pts',(-4.49997879272442,-4.46676138974489,-43.2765998293465));
#4612=CARTESIAN_POINT('Ctrl Pts',(-4.49999606533485,-4.36338369110583,-43.3582563094713));
#4613=CARTESIAN_POINT('Ctrl Pts',(-4.49999999999997,-4.25944779007676,-43.4392157171046));
#4614=CARTESIAN_POINT('Ctrl Pts',(-4.49999999999998,-4.15519253464868,-43.5191089844633));
#4615=CARTESIAN_POINT('',(-4.49999999999996,-5.39449951339331,-41.8919643281654));
#4616=CARTESIAN_POINT('',(-4.5,-5.39449951339325,-5.55111512312578E-16));
#4617=CARTESIAN_POINT('',(-4.49999999999998,-4.15519253464871,-41.0191089862844));
#4618=CARTESIAN_POINT('Ctrl Pts',(-4.4999999999999,-4.15519253464881,-41.0191089862844));
#4619=CARTESIAN_POINT('Ctrl Pts',(-4.4999999999999,-4.27174092720032,-41.0945166296292));
#4620=CARTESIAN_POINT('Ctrl Pts',(-4.49996147479907,-4.38763019536797,-41.1716906517242));
#4621=CARTESIAN_POINT('Ctrl Pts',(-4.49988940077342,-4.50257270440074,-41.2501111907451));
#4622=CARTESIAN_POINT('Ctrl Pts',(-4.49982817637432,-4.6002124016734,-41.3167267340667));
#4623=CARTESIAN_POINT('Ctrl Pts',(-4.49974343013115,-4.6971676271866,-41.3842417536009));
#4624=CARTESIAN_POINT('Ctrl Pts',(-4.49965319242387,-4.79323694901369,-41.4523375910879));
#4625=CARTESIAN_POINT('Ctrl Pts',(-4.49953253546253,-4.92169137011348,-41.5433886281655));
#4626=CARTESIAN_POINT('Ctrl Pts',(-4.49939626383609,-5.04953449498196,-41.6361637743154));
#4627=CARTESIAN_POINT('Ctrl Pts',(-4.49924644409289,-5.17636185399957,-41.7300323744513));
#4628=CARTESIAN_POINT('Ctrl Pts',(-4.49916080077367,-5.24886175128792,-41.7836916473492));
#4629=CARTESIAN_POINT('Ctrl Pts',(-4.49907140210636,-5.3210288143239,-41.8377082337237));
#4630=CARTESIAN_POINT('Ctrl Pts',(-4.4989830451561,-5.39278154624918,-41.8919643281663));
#4631=CARTESIAN_POINT('',(-4.49999999999998,-4.15519253464871,-40.3941089844633));
#4632=CARTESIAN_POINT('Ctrl Pts',(-4.49999999999996,-4.15519253464871,-40.3941089844633));
#4633=CARTESIAN_POINT('Ctrl Pts',(-4.49999999999996,-4.15519253464871,-40.4627195397053));
#4634=CARTESIAN_POINT('Ctrl Pts',(-4.49999999999996,-4.15519253464871,-40.5313300949473));
#4635=CARTESIAN_POINT('Ctrl Pts',(-4.49999999999996,-4.15519253464871,-40.6749459762551));
#4636=CARTESIAN_POINT('Ctrl Pts',(-4.49999999999996,-4.15519253464871,-40.7499513023208));
#4637=CARTESIAN_POINT('Ctrl Pts',(-4.49999999999996,-4.15519253464871,-40.8896740810192));
#4638=CARTESIAN_POINT('Ctrl Pts',(-4.49999999999996,-4.15519253464871,-40.9543915336518));
#4639=CARTESIAN_POINT('Ctrl Pts',(-4.49999999999996,-4.15519253464871,-41.0191089862844));
#4640=CARTESIAN_POINT('',(-4.50000000000002,-5.39449951339322,-39.3919643245492));
#4641=CARTESIAN_POINT('Ctrl Pts',(-4.49977817736803,-5.39369173033407,-39.3919643245482));
#4642=CARTESIAN_POINT('Ctrl Pts',(-4.49979746762296,-5.2746803648795,-39.4926519382507));
#4643=CARTESIAN_POINT('Ctrl Pts',(-4.49982767960173,-5.15472698823316,-39.5930481851539));
#4644=CARTESIAN_POINT('Ctrl Pts',(-4.49985267444911,-5.03422684570596,-39.6926371579252));
#4645=CARTESIAN_POINT('Ctrl Pts',(-4.49986927426137,-4.95419916190119,-39.758777119723));
#4646=CARTESIAN_POINT('Ctrl Pts',(-4.49988424465843,-4.87392980038928,-39.8245610188787));
#4647=CARTESIAN_POINT('Ctrl Pts',(-4.49990252384636,-4.79352593862684,-39.8898377326721));
#4648=CARTESIAN_POINT('Ctrl Pts',(-4.49992709470437,-4.68544718373714,-39.9775825971033));
#4649=CARTESIAN_POINT('Ctrl Pts',(-4.49996045325898,-4.5764182100357,-40.0649836218459));
#4650=CARTESIAN_POINT('Ctrl Pts',(-4.49997878226363,-4.46676081471836,-40.1516003139168));
#4651=CARTESIAN_POINT('Ctrl Pts',(-4.49999606160041,-4.363383293682,-40.2332566297608));
#4652=CARTESIAN_POINT('Ctrl Pts',(-4.50000000000012,-4.25944758385084,-40.3142158751403));
#4653=CARTESIAN_POINT('Ctrl Pts',(-4.50000000000013,-4.15519253464852,-40.3941089844633));
#4654=CARTESIAN_POINT('',(-4.49999999999993,-5.39449951339336,-38.7669643281654));
#4655=CARTESIAN_POINT('',(-4.5,-5.39449951339325,-5.55111512312578E-16));
#4656=CARTESIAN_POINT('',(-4.49999999999999,-4.15519253464868,-37.8941089862844));
#4657=CARTESIAN_POINT('Ctrl Pts',(-4.49999999999997,-4.15519253464873,-37.8941089862844));
#4658=CARTESIAN_POINT('Ctrl Pts',(-4.49999999999997,-4.27234378769455,-37.9699066846797));
#4659=CARTESIAN_POINT('Ctrl Pts',(-4.49999109996325,-4.38886448567442,-38.0474890826966));
#4660=CARTESIAN_POINT('Ctrl Pts',(-4.49996927348465,-4.5044509605352,-38.1263282095695));
#4661=CARTESIAN_POINT('Ctrl Pts',(-4.49995094037411,-4.60153760741957,-38.1925489891253));
#4662=CARTESIAN_POINT('Ctrl Pts',(-4.49992424145799,-4.69796387521597,-38.2596564071152));
#4663=CARTESIAN_POINT('Ctrl Pts',(-4.49990251351844,-4.7935265024597,-38.3273375910879));
#4664=CARTESIAN_POINT('Ctrl Pts',(-4.49987317597876,-4.92255725391751,-38.4187222074326));
#4665=CARTESIAN_POINT('Ctrl Pts',(-4.49984768162146,-5.05099402206929,-38.5118435890608));
#4666=CARTESIAN_POINT('Ctrl Pts',(-4.49982042504679,-5.17841827682232,-38.6060641239584));
#4667=CARTESIAN_POINT('Ctrl Pts',(-4.49980500040184,-5.25052836075307,-38.6593840408975));
#4668=CARTESIAN_POINT('Ctrl Pts',(-4.49978971974748,-5.32231332792441,-38.7130559605844));
#4669=CARTESIAN_POINT('Ctrl Pts',(-4.49977814706558,-5.3936918383759,-38.7669643281663));
#4670=CARTESIAN_POINT('',(-4.4999999960759,-4.15519254314812,-37.2691089835239));
#4671=CARTESIAN_POINT('Ctrl Pts',(-4.49999999999999,-4.15519253464868,-37.2691089844633));
#4672=CARTESIAN_POINT('Ctrl Pts',(-4.49999999999999,-4.15519253464868,-37.3732756514335));
#4673=CARTESIAN_POINT('Ctrl Pts',(-4.49999999999999,-4.15519253464868,-37.4774423184037));
#4674=CARTESIAN_POINT('Ctrl Pts',(-4.49999999999999,-4.15519253464868,-37.685775652344));
#4675=CARTESIAN_POINT('Ctrl Pts',(-4.49999999999999,-4.15519253464868,-37.7899423193142));
#4676=CARTESIAN_POINT('Ctrl Pts',(-4.49999999999999,-4.15519253464868,-37.8941089862844));
#4677=CARTESIAN_POINT('',(-4.49999999999997,-5.39449951339332,-36.2669643245492));
#4678=CARTESIAN_POINT('Ctrl Pts',(-4.49898343256907,-5.39278246543575,-36.2669643245482));
#4679=CARTESIAN_POINT('Ctrl Pts',(-4.49912959389232,-5.27403469744602,-36.3675494623465));
#4680=CARTESIAN_POINT('Ctrl Pts',(-4.49927910607978,-5.15433953678854,-36.467843826128));
#4681=CARTESIAN_POINT('Ctrl Pts',(-4.49941038347268,-5.03408438587024,-36.5673330821674));
#4682=CARTESIAN_POINT('Ctrl Pts',(-4.49949779121414,-4.95401552626913,-36.6335754943453));
#4683=CARTESIAN_POINT('Ctrl Pts',(-4.49957776046864,-4.87369786526233,-36.6994609840336));
#4684=CARTESIAN_POINT('Ctrl Pts',(-4.49965331003932,-4.79323669210441,-36.7648377326721));
#4685=CARTESIAN_POINT('Ctrl Pts',(-4.49975451251217,-4.68545487920345,-36.8524131956349));
#4686=CARTESIAN_POINT('Ctrl Pts',(-4.49985116208141,-4.57671172861253,-36.9396461452708));
#4687=CARTESIAN_POINT('Ctrl Pts',(-4.49991329823176,-4.46731949281492,-37.0260986349404));
#4688=CARTESIAN_POINT('Ctrl Pts',(-4.49997210946352,-4.36378085877755,-37.1079250335349));
#4689=CARTESIAN_POINT('Ctrl Pts',(-4.49999999999998,-4.25966108704346,-37.1890522625956));
#4690=CARTESIAN_POINT('Ctrl Pts',(-4.49999999999999,-4.15519253464868,-37.2691089844633));
#4691=CARTESIAN_POINT('',(-4.49999999999986,-5.39449951339348,-35.6419643281654));
#4692=CARTESIAN_POINT('',(-4.5,-5.39449951339325,-5.55111512312578E-16));
#4693=CARTESIAN_POINT('',(-4.49999999999995,-4.15519253464878,-34.7691089862844));
#4694=CARTESIAN_POINT('Ctrl Pts',(-4.4999999999998,-4.15519253464891,-34.7691089862844));
#4695=CARTESIAN_POINT('Ctrl Pts',(-4.4999999999998,-4.27234419955696,-34.8449069511575));
#4696=CARTESIAN_POINT('Ctrl Pts',(-4.49999109439386,-4.3888653251312,-34.9224896282014));
#4697=CARTESIAN_POINT('Ctrl Pts',(-4.4999692580022,-4.50445223516134,-35.0013290410804));
#4698=CARTESIAN_POINT('Ctrl Pts',(-4.49995091670645,-4.60153849988448,-35.067549550889));
#4699=CARTESIAN_POINT('Ctrl Pts',(-4.49992420669223,-4.69796440101344,-35.1346566903994));
#4700=CARTESIAN_POINT('Ctrl Pts',(-4.49990246523107,-4.79352667712752,-35.2023375910879));
#4701=CARTESIAN_POINT('Ctrl Pts',(-4.49987310921904,-4.922557900257,-35.2937224947702));
#4702=CARTESIAN_POINT('Ctrl Pts',(-4.49984759189826,-5.05099515203091,-35.3868441746573));
#4703=CARTESIAN_POINT('Ctrl Pts',(-4.49982030901106,-5.17841989391315,-35.481065012723));
#4704=CARTESIAN_POINT('Ctrl Pts',(-4.49980486961004,-5.25052962612066,-35.534384637318));
#4705=CARTESIAN_POINT('Ctrl Pts',(-4.4997895731345,-5.3223142483481,-35.5880562601078));
#4706=CARTESIAN_POINT('Ctrl Pts',(-4.49977798369962,-5.39369242128019,-35.6419643281663));
#4707=CARTESIAN_POINT('',(-4.49999999999995,-4.15519253464877,-34.1441089844633));
#4708=CARTESIAN_POINT('Ctrl Pts',(-4.49999999999984,-4.15519253464884,-34.1441089844633));
#4709=CARTESIAN_POINT('Ctrl Pts',(-4.49999999999984,-4.15519253464884,-34.2482756514335));
#4710=CARTESIAN_POINT('Ctrl Pts',(-4.4999999999999,-4.15519253464878,-34.3524423184036));
#4711=CARTESIAN_POINT('Ctrl Pts',(-4.4999999999999,-4.15519253464878,-34.560775652344));
#4712=CARTESIAN_POINT('Ctrl Pts',(-4.49999999999984,-4.15519253464884,-34.6649423193142));
#4713=CARTESIAN_POINT('Ctrl Pts',(-4.49999999999984,-4.15519253464884,-34.7691089862844));
#4714=CARTESIAN_POINT('',(-4.49999999999993,-5.39449951339338,-33.1419643245492));
#4715=CARTESIAN_POINT('Ctrl Pts',(-4.4997778368253,-5.3936929459559,-33.1419643245482));
#4716=CARTESIAN_POINT('Ctrl Pts',(-4.49979718560809,-5.27468091315267,-33.2426523290736));
#4717=CARTESIAN_POINT('Ctrl Pts',(-4.49982745091766,-5.15472687900724,-33.3430489645361));
#4718=CARTESIAN_POINT('Ctrl Pts',(-4.49985249200588,-5.03422610018002,-33.4426383175965));
#4719=CARTESIAN_POINT('Ctrl Pts',(-4.49986912236629,-4.95419877214367,-33.5087778886753));
#4720=CARTESIAN_POINT('Ctrl Pts',(-4.4998841202371,-4.87392978044777,-33.5745614003905));
#4721=CARTESIAN_POINT('Ctrl Pts',(-4.49990242319255,-4.79352630288673,-33.6398377326721));
#4722=CARTESIAN_POINT('Ctrl Pts',(-4.49992702625326,-4.68544694679807,-33.7275829916439));
#4723=CARTESIAN_POINT('Ctrl Pts',(-4.49996041064415,-4.57641738573106,-33.8149844078386));
#4724=CARTESIAN_POINT('Ctrl Pts',(-4.49997875703027,-4.46675942841741,-33.9016014823288));
#4725=CARTESIAN_POINT('Ctrl Pts',(-4.49999605259285,-4.36338233548171,-33.9832574020519));
#4726=CARTESIAN_POINT('Ctrl Pts',(-4.49999999999978,-4.25944708659292,-34.0642162562011));
#4727=CARTESIAN_POINT('Ctrl Pts',(-4.49999999999979,-4.1551925346489,-34.1441089844633));
#4728=CARTESIAN_POINT('',(-4.49999999999987,-5.39449951339347,-32.5169643281654));
#4729=CARTESIAN_POINT('',(-4.5,-5.39449951339325,-5.55111512312578E-16));
#4730=CARTESIAN_POINT('',(-4.49999999999999,-4.15519253464868,-31.6441089862844));
#4731=CARTESIAN_POINT('Ctrl Pts',(-4.50000000000001,-4.15519253464869,-31.6441089862844));
#4732=CARTESIAN_POINT('Ctrl Pts',(-4.50000000000002,-4.26430607510573,-31.7147062271621));
#4733=CARTESIAN_POINT('Ctrl Pts',(-4.49998636164863,-4.37271056007035,-31.7867419324468));
#4734=CARTESIAN_POINT('Ctrl Pts',(-4.49996765366339,-4.48014893075457,-31.8597754761569));
#4735=CARTESIAN_POINT('Ctrl Pts',(-4.49994934807881,-4.58527634840373,-31.9312380998275));
#4736=CARTESIAN_POINT('Ctrl Pts',(-4.49992602305825,-4.68981351829009,-32.0038838216504));
#4737=CARTESIAN_POINT('Ctrl Pts',(-4.49990241031505,-4.79352688472278,-32.0773375970477));
#4738=CARTESIAN_POINT('Ctrl Pts',(-4.49987921162388,-4.89542162601986,-32.1495033525221));
#4739=CARTESIAN_POINT('Ctrl Pts',(-4.49985560511117,-4.99681763653835,-32.2226591325559));
#4740=CARTESIAN_POINT('Ctrl Pts',(-4.49983412594047,-5.097502655454,-32.2964809511512));
#4741=CARTESIAN_POINT('Ctrl Pts',(-4.49981295904861,-5.19672384682959,-32.3692294977514));
#4742=CARTESIAN_POINT('Ctrl Pts',(-4.49979376418161,-5.29551842914814,-32.4428183968773));
#4743=CARTESIAN_POINT('Ctrl Pts',(-4.49977779754627,-5.39369308637286,-32.5169643281663));
#4744=CARTESIAN_POINT('',(-4.49999999999999,-4.15519253464868,-31.0191089844633));
#4745=CARTESIAN_POINT('Ctrl Pts',(-4.49999999999999,-4.15519253464868,-31.0191089844633));
#4746=CARTESIAN_POINT('Ctrl Pts',(-4.49999999999999,-4.15519253464868,-31.0500694125816));
#4747=CARTESIAN_POINT('Ctrl Pts',(-4.49999999999999,-4.15519253464868,-31.0810298406999));
#4748=CARTESIAN_POINT('Ctrl Pts',(-4.49999999999999,-4.15519253464868,-31.1488808600352));
#4749=CARTESIAN_POINT('Ctrl Pts',(-4.49999999999999,-4.15519253464868,-31.1857714512521));
#4750=CARTESIAN_POINT('Ctrl Pts',(-4.49999999999999,-4.15519253464868,-31.2413993610764));
#4751=CARTESIAN_POINT('Ctrl Pts',(-4.49999999999999,-4.15519253464868,-31.2601366796837));
#4752=CARTESIAN_POINT('Ctrl Pts',(-4.49999999999999,-4.15519253464868,-31.2888603601359));
#4753=CARTESIAN_POINT('Ctrl Pts',(-4.49999999999999,-4.15519253464868,-31.2988467219807));
#4754=CARTESIAN_POINT('Ctrl Pts',(-4.49999999999999,-4.15519253464868,-31.3154010404891));
#4755=CARTESIAN_POINT('Ctrl Pts',(-4.49999999999999,-4.15519253464868,-31.3219689971527));
#4756=CARTESIAN_POINT('Ctrl Pts',(-4.49999999999999,-4.15519253464868,-31.3496002407286));
#4757=CARTESIAN_POINT('Ctrl Pts',(-4.49999999999999,-4.15519253464868,-31.370663527641));
#4758=CARTESIAN_POINT('Ctrl Pts',(-4.49999999999999,-4.15519253464868,-31.4758542051304));
#4759=CARTESIAN_POINT('Ctrl Pts',(-4.49999999999999,-4.15519253464868,-31.5599815957074));
#4760=CARTESIAN_POINT('Ctrl Pts',(-4.49999999999999,-4.15519253464868,-31.6441089862844));
#4761=CARTESIAN_POINT('',(-4.49999999999985,-5.3944995133935,-30.0169643245492));
#4762=CARTESIAN_POINT('Ctrl Pts',(-4.499777628826,-5.39369369000615,-30.0169643245482));
#4763=CARTESIAN_POINT('Ctrl Pts',(-4.49979364080575,-5.29538725368683,-30.1001346411565));
#4764=CARTESIAN_POINT('Ctrl Pts',(-4.4998128653832,-5.19658822226195,-30.1829816724676));
#4765=CARTESIAN_POINT('Ctrl Pts',(-4.49983402318806,-5.09750250939441,-30.265231240754));
#4766=CARTESIAN_POINT('Ctrl Pts',(-4.49985555328915,-4.99667326788705,-30.3489280860875));
#4767=CARTESIAN_POINT('Ctrl Pts',(-4.49987918102287,-4.89527154732721,-30.4322351183492));
#4768=CARTESIAN_POINT('Ctrl Pts',(-4.49990236057501,-4.79352654502453,-30.5148377178449));
#4769=CARTESIAN_POINT('Ctrl Pts',(-4.49992602440872,-4.68965582309612,-30.599166102027));
#4770=CARTESIAN_POINT('Ctrl Pts',(-4.49994935466037,-4.58511084956236,-30.6830173528849));
#4771=CARTESIAN_POINT('Ctrl Pts',(-4.49996764006279,-4.48014845719766,-30.7660253908324));
#4772=CARTESIAN_POINT('Ctrl Pts',(-4.49998638639513,-4.37254022161474,-30.8511258568326));
#4773=CARTESIAN_POINT('Ctrl Pts',(-4.50000000000003,-4.26412494955923,-30.9356314992013));
#4774=CARTESIAN_POINT('Ctrl Pts',(-4.50000000000003,-4.15519253464863,-31.0191089844633));
#4775=CARTESIAN_POINT('',(-4.49999999999989,-5.39449951339344,-29.3919643281654));
#4776=CARTESIAN_POINT('',(-4.5,-5.39449951339325,-5.55111512312578E-16));
#4777=CARTESIAN_POINT('',(-4.50000000000001,-4.15519253464864,-28.5191089862844));
#4778=CARTESIAN_POINT('Ctrl Pts',(-4.5,-4.1551925346487,-28.5191089862844));
#4779=CARTESIAN_POINT('Ctrl Pts',(-4.49999999999999,-4.27234521027125,-28.594907605097));
#4780=CARTESIAN_POINT('Ctrl Pts',(-4.49999108075366,-4.38886738518573,-28.672490966875));
#4781=CARTESIAN_POINT('Ctrl Pts',(-4.4999692200799,-4.50445536316711,-28.7513310816189));
#4782=CARTESIAN_POINT('Ctrl Pts',(-4.49995085873562,-4.60154069008659,-28.8175509294608));
#4783=CARTESIAN_POINT('Ctrl Pts',(-4.49992412153822,-4.69796569144768,-28.8846573855779));
#4784=CARTESIAN_POINT('Ctrl Pts',(-4.49990234695475,-4.79352710594095,-28.9523375910879));
#4785=CARTESIAN_POINT('Ctrl Pts',(-4.49987294569155,-4.92255948461818,-29.043723198476));
#4786=CARTESIAN_POINT('Ctrl Pts',(-4.49984737211444,-5.05099792130596,-29.1368456088173));
#4787=CARTESIAN_POINT('Ctrl Pts',(-4.49982002476021,-5.17842385675427,-29.2310671893537));
#4788=CARTESIAN_POINT('Ctrl Pts',(-4.49980454920701,-5.25053272789385,-29.2843860979853));
#4789=CARTESIAN_POINT('Ctrl Pts',(-4.4997892139674,-5.3223165056767,-29.3380569936593));
#4790=CARTESIAN_POINT('Ctrl Pts',(-4.49977758348428,-5.39369385236058,-29.3919643281663));
#4791=CARTESIAN_POINT('',(-4.49999999999997,-4.15519253464874,-27.8941089844633));
#4792=CARTESIAN_POINT('Ctrl Pts',(-4.50000000000002,-4.15519253464864,-27.8941089844633));
#4793=CARTESIAN_POINT('Ctrl Pts',(-4.50000000000002,-4.15519253464864,-27.9117813535007));
#4794=CARTESIAN_POINT('Ctrl Pts',(-4.50000000000002,-4.15519253464864,-27.9294537225381));
#4795=CARTESIAN_POINT('Ctrl Pts',(-4.50000000000002,-4.15519253464864,-27.9913438239862));
#4796=CARTESIAN_POINT('Ctrl Pts',(-4.50000000000002,-4.15519253464864,-28.0355615563968));
#4797=CARTESIAN_POINT('Ctrl Pts',(-4.50000000000002,-4.15519253464864,-28.1029033036771));
#4798=CARTESIAN_POINT('Ctrl Pts',(-4.50000000000002,-4.15519253464864,-28.1260273185467));
#4799=CARTESIAN_POINT('Ctrl Pts',(-4.50000000000002,-4.15519253464864,-28.1631108334691));
#4800=CARTESIAN_POINT('Ctrl Pts',(-4.50000000000002,-4.15519253464864,-28.1770703335219));
#4801=CARTESIAN_POINT('Ctrl Pts',(-4.50000000000002,-4.15519253464864,-28.2097921812528));
#4802=CARTESIAN_POINT('Ctrl Pts',(-4.50000000000002,-4.15519253464864,-28.2285545289309));
#4803=CARTESIAN_POINT('Ctrl Pts',(-4.50000000000002,-4.15519253464864,-28.3379142465008));
#4804=CARTESIAN_POINT('Ctrl Pts',(-4.50000000000002,-4.15519253464864,-28.4285116163926));
#4805=CARTESIAN_POINT('Ctrl Pts',(-4.50000000000002,-4.15519253464864,-28.5191089862844));
#4806=CARTESIAN_POINT('',(-4.49999999999986,-5.39449951339349,-26.8919643245492));
#4807=CARTESIAN_POINT('Ctrl Pts',(-4.49977738765768,-5.3936945542156,-26.8919643245482));
#4808=CARTESIAN_POINT('Ctrl Pts',(-4.49979343384211,-5.29538799729364,-26.9751346411374));
#4809=CARTESIAN_POINT('Ctrl Pts',(-4.49981269002214,-5.19658885375241,-27.0579816724592));
#4810=CARTESIAN_POINT('Ctrl Pts',(-4.49983387616389,-5.09750303985704,-27.140231240754));
#4811=CARTESIAN_POINT('Ctrl Pts',(-4.49985543510051,-4.99667369555148,-27.2239280860899));
#4812=CARTESIAN_POINT('Ctrl Pts',(-4.49987908836853,-4.89527188338863,-27.3072351183502));
#4813=CARTESIAN_POINT('Ctrl Pts',(-4.49990228931341,-4.79352680397201,-27.3898377178449));
#4814=CARTESIAN_POINT('Ctrl Pts',(-4.49992597498683,-4.68965600331401,-27.4741661020297));
#4815=CARTESIAN_POINT('Ctrl Pts',(-4.49994932283077,-4.58511096590526,-27.558017352886));
#4816=CARTESIAN_POINT('Ctrl Pts',(-4.49996762049054,-4.48014852884887,-27.6410253908324));
#4817=CARTESIAN_POINT('Ctrl Pts',(-4.49998637938921,-4.37254024743846,-27.7261258568387));
#4818=CARTESIAN_POINT('Ctrl Pts',(-4.50000000000007,-4.26412494955581,-27.8106314992039));
#4819=CARTESIAN_POINT('Ctrl Pts',(-4.50000000000005,-4.15519253464861,-27.8941089844633));
#4820=CARTESIAN_POINT('',(-4.49999999999996,-5.39449951339332,-26.2669643281654));
#4821=CARTESIAN_POINT('',(-4.5,-5.39449951339325,-5.55111512312578E-16));
#4822=CARTESIAN_POINT('',(-4.49999999999998,-4.15519253464871,-25.3941089862844));
#4823=CARTESIAN_POINT('Ctrl Pts',(-4.49999999999994,-4.15519253464876,-25.3941089862844));
#4824=CARTESIAN_POINT('Ctrl Pts',(-4.49999999999995,-4.26430607510661,-25.4647062271626));
#4825=CARTESIAN_POINT('Ctrl Pts',(-4.49998634816508,-4.37271060976097,-25.5367419324481));
#4826=CARTESIAN_POINT('Ctrl Pts',(-4.49996761610159,-4.48014906819571,-25.6097754761569));
#4827=CARTESIAN_POINT('Ctrl Pts',(-4.49994928695667,-4.58527657171292,-25.6812380998297));
#4828=CARTESIAN_POINT('Ctrl Pts',(-4.49992592814824,-4.689813864225,-25.7538838216555));
#4829=CARTESIAN_POINT('Ctrl Pts',(-4.49990227355667,-4.79352738143324,-25.8273375970477));
#4830=CARTESIAN_POINT('Ctrl Pts',(-4.49987903375093,-4.89542227086254,-25.8995033525174));
#4831=CARTESIAN_POINT('Ctrl Pts',(-4.49985537821788,-4.99681845715106,-25.9726591325449));
#4832=CARTESIAN_POINT('Ctrl Pts',(-4.49983384379047,-5.09750367297907,-26.0464809511512));
#4833=CARTESIAN_POINT('Ctrl Pts',(-4.49981262244528,-5.1967250583926,-26.1192294977538));
#4834=CARTESIAN_POINT('Ctrl Pts',(-4.4997933669198,-5.2955198557932,-26.1928183968827));
#4835=CARTESIAN_POINT('Ctrl Pts',(-4.49977733473481,-5.39369474407977,-26.2669643281663));
#4836=CARTESIAN_POINT('',(-4.49999999999998,-4.15519253464871,-24.7691089844633));
#4837=CARTESIAN_POINT('Ctrl Pts',(-4.49999999999996,-4.15519253464871,-24.7691089844633));
#4838=CARTESIAN_POINT('Ctrl Pts',(-4.49999999999996,-4.15519253464871,-24.7939367470704));
#4839=CARTESIAN_POINT('Ctrl Pts',(-4.49999999999996,-4.15519253464871,-24.8187645096775));
#4840=CARTESIAN_POINT('Ctrl Pts',(-4.49999999999996,-4.15519253464871,-24.8856403276552));
#4841=CARTESIAN_POINT('Ctrl Pts',(-4.49999999999996,-4.15519253464871,-24.9276883830258));
#4842=CARTESIAN_POINT('Ctrl Pts',(-4.49999999999996,-4.15519253464871,-24.9934425084941));
#4843=CARTESIAN_POINT('Ctrl Pts',(-4.49999999999996,-4.15519253464871,-25.0171485785919));
#4844=CARTESIAN_POINT('Ctrl Pts',(-4.49999999999996,-4.15519253464871,-25.061538745348));
#4845=CARTESIAN_POINT('Ctrl Pts',(-4.49999999999996,-4.15519253464871,-25.0822228420063));
#4846=CARTESIAN_POINT('Ctrl Pts',(-4.49999999999996,-4.15519253464871,-25.1999742878712));
#4847=CARTESIAN_POINT('Ctrl Pts',(-4.49999999999996,-4.15519253464871,-25.2970416370778));
#4848=CARTESIAN_POINT('Ctrl Pts',(-4.49999999999996,-4.15519253464871,-25.3941089862844));
#4849=CARTESIAN_POINT('',(-4.49999999999991,-5.3944995133934,-23.7669643245492));
#4850=CARTESIAN_POINT('Ctrl Pts',(-4.49977710470772,-5.39369557024308,-23.7669643245482));
#4851=CARTESIAN_POINT('Ctrl Pts',(-4.49979319102954,-5.29538887149086,-23.8501346411463));
#4852=CARTESIAN_POINT('Ctrl Pts',(-4.49981248429135,-5.19658959615551,-23.9329816724631));
#4853=CARTESIAN_POINT('Ctrl Pts',(-4.4998337036811,-5.09750366349988,-24.015231240754));
#4854=CARTESIAN_POINT('Ctrl Pts',(-4.49985529645074,-4.99667419834764,-24.0989280860832));
#4855=CARTESIAN_POINT('Ctrl Pts',(-4.49987897967639,-4.89527227848351,-24.1822351183473));
#4856=CARTESIAN_POINT('Ctrl Pts',(-4.49990220571864,-4.79352710840204,-24.2648377178449));
#4857=CARTESIAN_POINT('Ctrl Pts',(-4.49992591701377,-4.68965621517276,-24.3491661020425));
#4858=CARTESIAN_POINT('Ctrl Pts',(-4.49994928549506,-4.58511110267623,-24.4330173528915));
#4859=CARTESIAN_POINT('Ctrl Pts',(-4.49996759753299,-4.48014861308392,-24.5160253908324));
#4860=CARTESIAN_POINT('Ctrl Pts',(-4.49998637117226,-4.37254027781959,-24.6011258568281));
#4861=CARTESIAN_POINT('Ctrl Pts',(-4.49999999999996,-4.26412494956176,-24.6856314991994));
#4862=CARTESIAN_POINT('Ctrl Pts',(-4.49999999999996,-4.15519253464871,-24.7691089844633));
#4863=CARTESIAN_POINT('',(-4.49999999999998,-5.39449951339329,-23.1419643281654));
#4864=CARTESIAN_POINT('',(-4.5,-5.39449951339325,-5.55111512312578E-16));
#4865=CARTESIAN_POINT('',(-4.49999999999995,-4.15519253464877,-22.2691089862844));
#4866=CARTESIAN_POINT('Ctrl Pts',(-4.49999999999988,-4.15519253464882,-22.2691089862844));
#4867=CARTESIAN_POINT('Ctrl Pts',(-4.49999999999989,-4.27234657956842,-22.3449084910419));
#4868=CARTESIAN_POINT('Ctrl Pts',(-4.49999106231209,-4.38887017624805,-22.4224927804861));
#4869=CARTESIAN_POINT('Ctrl Pts',(-4.49996916880156,-4.5044596013138,-22.5013338461025));
#4870=CARTESIAN_POINT('Ctrl Pts',(-4.49995078034765,-4.60154365792084,-22.5675527971259));
#4871=CARTESIAN_POINT('Ctrl Pts',(-4.49992400639111,-4.69796744057107,-22.6346583273951));
#4872=CARTESIAN_POINT('Ctrl Pts',(-4.4999021870115,-4.79352768808877,-22.7023375910879));
#4873=CARTESIAN_POINT('Ctrl Pts',(-4.49987272454455,-4.92256163330348,-22.7937241522404));
#4874=CARTESIAN_POINT('Ctrl Pts',(-4.49984707486989,-5.05100167642307,-22.886847552599));
#4875=CARTESIAN_POINT('Ctrl Pts',(-4.49981964029811,-5.1784292301064,-22.9810701394425));
#4876=CARTESIAN_POINT('Ctrl Pts',(-4.49980411583786,-5.25053693449473,-23.034388077694));
#4877=CARTESIAN_POINT('Ctrl Pts',(-4.49978872815451,-5.32231956807988,-23.0880579878739));
#4878=CARTESIAN_POINT('Ctrl Pts',(-4.49977704213261,-5.39369579524962,-23.1419643281663));
#4879=CARTESIAN_POINT('',(-4.49999999999992,-4.15519253464883,-21.6441089844633));
#4880=CARTESIAN_POINT('Ctrl Pts',(-4.4999999999999,-4.15519253464877,-21.6441089844633));
#4881=CARTESIAN_POINT('Ctrl Pts',(-4.4999999999999,-4.15519253464877,-21.6868119961793));
#4882=CARTESIAN_POINT('Ctrl Pts',(-4.4999999999999,-4.15519253464877,-21.7295150078953));
#4883=CARTESIAN_POINT('Ctrl Pts',(-4.4999999999999,-4.15519253464877,-21.8084057909048));
#4884=CARTESIAN_POINT('Ctrl Pts',(-4.4999999999999,-4.15519253464877,-21.8445935621983));
#4885=CARTESIAN_POINT('Ctrl Pts',(-4.4999999999999,-4.15519253464877,-21.9066865559013));
#4886=CARTESIAN_POINT('Ctrl Pts',(-4.4999999999999,-4.15519253464877,-21.9325917783108));
#4887=CARTESIAN_POINT('Ctrl Pts',(-4.4999999999999,-4.15519253464877,-22.0620343292416));
#4888=CARTESIAN_POINT('Ctrl Pts',(-4.4999999999999,-4.15519253464877,-22.165571657763));
#4889=CARTESIAN_POINT('Ctrl Pts',(-4.4999999999999,-4.15519253464877,-22.2691089862844));
#4890=CARTESIAN_POINT('',(-4.49999999999993,-5.39449951339336,-20.6419643245492));
#4891=CARTESIAN_POINT('Ctrl Pts',(-4.49977676810351,-5.39369678193748,-20.6419643245482));
#4892=CARTESIAN_POINT('Ctrl Pts',(-4.49979290218363,-5.29538991404525,-20.7251346411485));
#4893=CARTESIAN_POINT('Ctrl Pts',(-4.49981223956469,-5.19659048152594,-20.8079816724641));
#4894=CARTESIAN_POINT('Ctrl Pts',(-4.49983349850975,-5.0975044072332,-20.890231240754));
#4895=CARTESIAN_POINT('Ctrl Pts',(-4.49985513153074,-4.99667479794534,-20.9739280860874));
#4896=CARTESIAN_POINT('Ctrl Pts',(-4.49987885039428,-4.89527274964714,-21.0572351183491));
#4897=CARTESIAN_POINT('Ctrl Pts',(-4.49990210629064,-4.79352747144839,-21.1398377178449));
#4898=CARTESIAN_POINT('Ctrl Pts',(-4.49992584806359,-4.68965646785408,-21.2241661020317));
#4899=CARTESIAN_POINT('Ctrl Pts',(-4.49994924109099,-4.58511126579409,-21.3080173528868));
#4900=CARTESIAN_POINT('Ctrl Pts',(-4.49996757022963,-4.48014871353664,-21.3910253908324));
#4901=CARTESIAN_POINT('Ctrl Pts',(-4.49998636140069,-4.37254031402804,-21.4761258568324));
#4902=CARTESIAN_POINT('Ctrl Pts',(-4.49999999999996,-4.26412494955938,-21.5606314992013));
#4903=CARTESIAN_POINT('Ctrl Pts',(-4.49999999999996,-4.15519253464871,-21.6441089844633));
#4904=CARTESIAN_POINT('',(-4.5,-5.39449951339326,-20.0169643281654));
#4905=CARTESIAN_POINT('',(-4.5,-5.39449951339325,-5.55111512312578E-16));
#4906=CARTESIAN_POINT('',(-4.4999999999992,-4.1551925346504,-19.1441089862842));
#4907=CARTESIAN_POINT('Ctrl Pts',(-4.49999999999995,-4.15519253464875,-19.1441089862844));
#4908=CARTESIAN_POINT('Ctrl Pts',(-4.49999999999996,-4.27234746446191,-19.2199090635744));
#4909=CARTESIAN_POINT('Ctrl Pts',(-4.49999105042337,-4.3888719800089,-19.2974939525129));
#4910=CARTESIAN_POINT('Ctrl Pts',(-4.49996913573923,-4.50446234035867,-19.3763356326212));
#4911=CARTESIAN_POINT('Ctrl Pts',(-4.49995072980605,-4.60154557613755,-19.4425540040839));
#4912=CARTESIAN_POINT('Ctrl Pts',(-4.49992393214745,-4.69796857134334,-19.5096589360334));
#4913=CARTESIAN_POINT('Ctrl Pts',(-4.49990208387994,-4.79352806488073,-19.5773375910879));
#4914=CARTESIAN_POINT('Ctrl Pts',(-4.49987258194186,-4.92256302195598,-19.6687247680873));
#4915=CARTESIAN_POINT('Ctrl Pts',(-4.49984688318546,-5.051004102782,-19.761848807702));
#4916=CARTESIAN_POINT('Ctrl Pts',(-4.49981939235109,-5.17843270185535,-19.8560720443184));
#4917=CARTESIAN_POINT('Ctrl Pts',(-4.49980383634349,-5.25053965314721,-19.9093893559947));
#4918=CARTESIAN_POINT('Ctrl Pts',(-4.49978841482923,-5.32232154821798,-19.9630586298401));
#4919=CARTESIAN_POINT('Ctrl Pts',(-4.49977669297704,-5.39369705282697,-20.0169643281663));
#4920=CARTESIAN_POINT('',(-4.50000000000003,-4.15519253464861,-18.5191089844633));
#4921=CARTESIAN_POINT('Ctrl Pts',(-4.49999999999994,-4.15519253464874,-18.5191089844633));
#4922=CARTESIAN_POINT('Ctrl Pts',(-4.49999999999994,-4.15519253464874,-18.545133458616));
#4923=CARTESIAN_POINT('Ctrl Pts',(-4.49999999999994,-4.15519253464874,-18.5711579327687));
#4924=CARTESIAN_POINT('Ctrl Pts',(-4.49999999999994,-4.15519253464874,-18.6429570436803));
#4925=CARTESIAN_POINT('Ctrl Pts',(-4.49999999999994,-4.15519253464874,-18.6887316804392));
#4926=CARTESIAN_POINT('Ctrl Pts',(-4.49999999999994,-4.15519253464874,-18.7668738732567));
#4927=CARTESIAN_POINT('Ctrl Pts',(-4.49999999999994,-4.15519253464874,-18.7992414293153));
#4928=CARTESIAN_POINT('Ctrl Pts',(-4.49999999999994,-4.15519253464874,-18.935775652344));
#4929=CARTESIAN_POINT('Ctrl Pts',(-4.49999999999994,-4.15519253464874,-19.0399423193142));
#4930=CARTESIAN_POINT('Ctrl Pts',(-4.49999999999994,-4.15519253464874,-19.1441089862844));
#4931=CARTESIAN_POINT('',(-4.5,-5.39449951339325,-17.5169643245492));
#4932=CARTESIAN_POINT('Ctrl Pts',(-4.49977636101164,-5.39369825182803,-17.5169643245482));
#4933=CARTESIAN_POINT('Ctrl Pts',(-4.49979255286574,-5.2953911787616,-17.6001346411378));
#4934=CARTESIAN_POINT('Ctrl Pts',(-4.49981194361339,-5.19659155555071,-17.6829816724594));
#4935=CARTESIAN_POINT('Ctrl Pts',(-4.49983325040096,-5.0975053094304,-17.765231240754));
#4936=CARTESIAN_POINT('Ctrl Pts',(-4.49985493210629,-4.99667552529466,-17.8489280860896));
#4937=CARTESIAN_POINT('Ctrl Pts',(-4.49987869406982,-4.89527332119328,-17.93223511835));
#4938=CARTESIAN_POINT('Ctrl Pts',(-4.49990198606856,-4.79352791183933,-18.0148377178449));
#4939=CARTESIAN_POINT('Ctrl Pts',(-4.49992576469817,-4.68965677435252,-18.0991661020284));
#4940=CARTESIAN_POINT('Ctrl Pts',(-4.49994918740568,-4.58511146365465,-18.1830173528854));
#4941=CARTESIAN_POINT('Ctrl Pts',(-4.49996753722025,-4.48014883538769,-18.2660253908324));
#4942=CARTESIAN_POINT('Ctrl Pts',(-4.49998634958842,-4.37254035795086,-18.351125856836));
#4943=CARTESIAN_POINT('Ctrl Pts',(-4.49999999999991,-4.26412494955746,-18.4356314992028));
#4944=CARTESIAN_POINT('Ctrl Pts',(-4.4999999999999,-4.15519253464878,-18.5191089844633));
#4945=CARTESIAN_POINT('',(-4.49999999999681,-5.39449951339858,-16.8919643281648));
#4946=CARTESIAN_POINT('',(-4.5,-5.39449951339325,-5.55111512312578E-16));
#4947=CARTESIAN_POINT('',(-4.49999999999978,-4.15519253464915,-16.0191089862843));
#4948=CARTESIAN_POINT('Ctrl Pts',(-4.49999999999998,-4.15519253464872,-16.0191089862844));
#4949=CARTESIAN_POINT('Ctrl Pts',(-4.49999999999998,-4.27234854030967,-16.0949097596556));
#4950=CARTESIAN_POINT('Ctrl Pts',(-4.49999103599807,-4.38887417309101,-16.1724953774556));
#4951=CARTESIAN_POINT('Ctrl Pts',(-4.49996909561749,-4.50446567069868,-16.2513378046594));
#4952=CARTESIAN_POINT('Ctrl Pts',(-4.49995066847283,-4.6015479086405,-16.3175554714958));
#4953=CARTESIAN_POINT('Ctrl Pts',(-4.49992384205029,-4.69796994664008,-16.384659676012));
#4954=CARTESIAN_POINT('Ctrl Pts',(-4.49990195872126,-4.79352852369173,-16.4523375910879));
#4955=CARTESIAN_POINT('Ctrl Pts',(-4.4998724088741,-4.92256471108067,-16.5437255167067));
#4956=CARTESIAN_POINT('Ctrl Pts',(-4.49984665053752,-5.05100705371427,-16.6368503333968));
#4957=CARTESIAN_POINT('Ctrl Pts',(-4.49981909139681,-5.17843692399388,-16.7310743598734));
#4958=CARTESIAN_POINT('Ctrl Pts',(-4.49980349709079,-5.250542960068,-16.7843909098884));
#4959=CARTESIAN_POINT('Ctrl Pts',(-4.49978803450348,-5.32232395766487,-16.8380594102096));
#4960=CARTESIAN_POINT('Ctrl Pts',(-4.49977626914782,-5.39369858420842,-16.8919643281663));
#4961=CARTESIAN_POINT('',(-4.49999999999997,-4.15519253464874,-15.3941089844633));
#4962=CARTESIAN_POINT('Ctrl Pts',(-4.49999999999997,-4.15519253464871,-15.3941089844633));
#4963=CARTESIAN_POINT('Ctrl Pts',(-4.49999999999997,-4.15519253464871,-15.4045135468059));
#4964=CARTESIAN_POINT('Ctrl Pts',(-4.49999999999997,-4.15519253464871,-15.4149181091485));
#4965=CARTESIAN_POINT('Ctrl Pts',(-4.49999999999997,-4.15519253464871,-15.4802472407453));
#4966=CARTESIAN_POINT('Ctrl Pts',(-4.49999999999997,-4.15519253464871,-15.5351718099995));
#4967=CARTESIAN_POINT('Ctrl Pts',(-4.49999999999997,-4.15519253464871,-15.6289339146271));
#4968=CARTESIAN_POINT('Ctrl Pts',(-4.49999999999997,-4.15519253464871,-15.6677714500005));
#4969=CARTESIAN_POINT('Ctrl Pts',(-4.49999999999997,-4.15519253464871,-15.810775652344));
#4970=CARTESIAN_POINT('Ctrl Pts',(-4.49999999999997,-4.15519253464871,-15.9149423193142));
#4971=CARTESIAN_POINT('Ctrl Pts',(-4.49999999999997,-4.15519253464871,-16.0191089862844));
#4972=CARTESIAN_POINT('',(-4.5,-5.39449951339324,-14.3919643245492));
#4973=CARTESIAN_POINT('Ctrl Pts',(-4.4997758587517,-5.39370007226023,-14.3919643245482));
#4974=CARTESIAN_POINT('Ctrl Pts',(-4.49979554776898,-5.27468414756076,-14.4926546028662));
#4975=CARTESIAN_POINT('Ctrl Pts',(-4.49982612299375,-5.15472627965063,-14.5930534989632));
#4976=CARTESIAN_POINT('Ctrl Pts',(-4.49985143271936,-5.03422179151345,-14.6926450645462));
#4977=CARTESIAN_POINT('Ctrl Pts',(-4.49986824053688,-4.95419652851764,-14.7587823624273));
#4978=CARTESIAN_POINT('Ctrl Pts',(-4.49988339796773,-4.87392968407653,-14.8245636200209));
#4979=CARTESIAN_POINT('Ctrl Pts',(-4.49990183893277,-4.79352843804097,-14.8898377326721));
#4980=CARTESIAN_POINT('Ctrl Pts',(-4.49992662900045,-4.68544557326109,-14.9775852918105));
#4981=CARTESIAN_POINT('Ctrl Pts',(-4.49996016337148,-4.57641258493687,-15.0649889901422));
#4982=CARTESIAN_POINT('Ctrl Pts',(-4.49997861063182,-4.46675134924174,-15.1516082940985));
#4983=CARTESIAN_POINT('Ctrl Pts',(-4.49999600035142,-4.36337675024476,-15.233261904466));
#4984=CARTESIAN_POINT('Ctrl Pts',(-4.49999999999997,-4.25944418760643,-15.3142184777628));
#4985=CARTESIAN_POINT('Ctrl Pts',(-4.49999999999996,-4.1551925346487,-15.3941089844633));
#4986=CARTESIAN_POINT('',(-4.50000003678624,-5.39449945202034,-13.7669643349486));
#4987=CARTESIAN_POINT('',(-4.5,-5.39449951339325,-5.55111512312578E-16));
#4988=CARTESIAN_POINT('',(-4.49999999999971,-4.1551925346493,-12.8941089862843));
#4989=CARTESIAN_POINT('Ctrl Pts',(-4.5,-4.1551925346487,-12.8941089862844));
#4990=CARTESIAN_POINT('Ctrl Pts',(-4.5,-4.27234987622974,-12.9699106240055));
#4991=CARTESIAN_POINT('Ctrl Pts',(-4.49999101812976,-4.38887689645441,-13.0474971468605));
#4992=CARTESIAN_POINT('Ctrl Pts',(-4.49996904591145,-4.50446980647237,-13.1263405017605));
#4993=CARTESIAN_POINT('Ctrl Pts',(-4.4999505924881,-4.60155080555826,-13.1925572936362));
#4994=CARTESIAN_POINT('Ctrl Pts',(-4.49992373042804,-4.69797165522466,-13.2596605948716));
#4995=CARTESIAN_POINT('Ctrl Pts',(-4.49990180365289,-4.79352909456252,-13.3273375910879));
#4996=CARTESIAN_POINT('Ctrl Pts',(-4.4998721944359,-4.922566809301,-13.4187264457143));
#4997=CARTESIAN_POINT('Ctrl Pts',(-4.49984636225698,-5.05101071851016,-13.5118522267249));
#4998=CARTESIAN_POINT('Ctrl Pts',(-4.49981871844463,-5.17844216713723,-13.6060772333881));
#4999=CARTESIAN_POINT('Ctrl Pts',(-4.49980307666989,-5.25054705586174,-13.6593928292925));
#5000=CARTESIAN_POINT('Ctrl Pts',(-4.49978756317088,-5.32232692827082,-13.7130603606645));
#5001=CARTESIAN_POINT('Ctrl Pts',(-4.49977574388407,-5.39370045388973,-13.7669643011179));
#5002=CARTESIAN_POINT('',(-4.49999999650732,-4.15519254221367,-12.2691089836272));
#5003=CARTESIAN_POINT('Ctrl Pts',(-4.5,-4.15519253464867,-12.2691089844633));
#5004=CARTESIAN_POINT('Ctrl Pts',(-4.5,-4.15519253464867,-12.3279681367453));
#5005=CARTESIAN_POINT('Ctrl Pts',(-4.49999999999998,-4.15519253464869,-12.3868272890273));
#5006=CARTESIAN_POINT('Ctrl Pts',(-4.49999999999998,-4.15519253464869,-12.4909939559975));
#5007=CARTESIAN_POINT('Ctrl Pts',(-4.49999999999998,-4.15519253464869,-12.5363014706856));
#5008=CARTESIAN_POINT('Ctrl Pts',(-4.49999999999998,-4.15519253464869,-12.685775652344));
#5009=CARTESIAN_POINT('Ctrl Pts',(-4.5,-4.15519253464867,-12.7899423193142));
#5010=CARTESIAN_POINT('Ctrl Pts',(-4.5,-4.15519253464867,-12.8941089862844));
#5011=CARTESIAN_POINT('',(-4.50000000001024,-5.39449951337617,-11.2669643245511));
#5012=CARTESIAN_POINT('Ctrl Pts',(-4.49977522363377,-5.39370238552468,-11.2669643245482));
#5013=CARTESIAN_POINT('Ctrl Pts',(-4.49979502199704,-5.27468520472842,-11.3676553347678));
#5014=CARTESIAN_POINT('Ctrl Pts',(-4.4998256967824,-5.15472609973961,-11.4680549585301));
#5015=CARTESIAN_POINT('Ctrl Pts',(-4.49985109277831,-5.03422041499107,-11.567647236291));
#5016=CARTESIAN_POINT('Ctrl Pts',(-4.4998679575795,-4.95419581496516,-11.633783802463));
#5017=CARTESIAN_POINT('Ctrl Pts',(-4.49988316623265,-4.87392966013405,-11.6995643344878));
#5018=CARTESIAN_POINT('Ctrl Pts',(-4.49990165149185,-4.79352913104187,-11.7648377326721));
#5019=CARTESIAN_POINT('Ctrl Pts',(-4.49992650158578,-4.68544513398072,-11.8525860330526));
#5020=CARTESIAN_POINT('Ctrl Pts',(-4.49996008407687,-4.5764110399386,-11.9399904668165));
#5021=CARTESIAN_POINT('Ctrl Pts',(-4.49997856369174,-4.46674874691228,-12.0266104892311));
#5022=CARTESIAN_POINT('Ctrl Pts',(-4.4999959836078,-4.36337495080679,-12.1082633553954));
#5023=CARTESIAN_POINT('Ctrl Pts',(-4.49999999999999,-4.25944325339081,-12.1892191936743));
#5024=CARTESIAN_POINT('Ctrl Pts',(-4.49999999999999,-4.15519253464867,-12.2691089844633));
#5025=CARTESIAN_POINT('',(-4.49999999999999,-5.39449951339326,-10.6419643281654));
#5026=CARTESIAN_POINT('',(-4.5,-5.39449951339325,-5.55111512312578E-16));
#5027=CARTESIAN_POINT('',(-4.49999999999924,-4.15519253465032,-9.76910898628419));
#5028=CARTESIAN_POINT('Ctrl Pts',(-4.5,-4.1551925346487,-9.76910898628435));
#5029=CARTESIAN_POINT('Ctrl Pts',(-4.5,-4.27235157962995,-9.84491172611759));
#5030=CARTESIAN_POINT('Ctrl Pts',(-4.49999099542308,-4.38888036915358,-9.92249940298748));
#5031=CARTESIAN_POINT('Ctrl Pts',(-4.49996898273282,-4.50447508046677,-10.0013439407721));
#5032=CARTESIAN_POINT('Ctrl Pts',(-4.49995049590783,-4.6015545002153,-10.0675596170044));
#5033=CARTESIAN_POINT('Ctrl Pts',(-4.49992358854749,-4.69797383507392,-10.1346617664872));
#5034=CARTESIAN_POINT('Ctrl Pts',(-4.49990160653577,-4.79352982423671,-10.2023375910879));
#5035=CARTESIAN_POINT('Ctrl Pts',(-4.49987192183037,-4.92256948743362,-10.2937276304728));
#5036=CARTESIAN_POINT('Ctrl Pts',(-4.49984599574607,-5.05101539528771,-10.3868546412771));
#5037=CARTESIAN_POINT('Ctrl Pts',(-4.49981824423265,-5.1784488576958,-10.4810808979672));
#5038=CARTESIAN_POINT('Ctrl Pts',(-4.49980254207783,-5.2505523111622,-10.5343952973894));
#5039=CARTESIAN_POINT('Ctrl Pts',(-4.49978696381325,-5.32233077636656,-10.5880616136236));
#5040=CARTESIAN_POINT('Ctrl Pts',(-4.49977507591667,-5.39370292541438,-10.6419643281663));
#5041=CARTESIAN_POINT('',(-4.49999999887657,-4.15519253708197,-9.14410898419434));
#5042=CARTESIAN_POINT('Ctrl Pts',(-4.5,-4.15519253464867,-9.14410898446327));
#5043=CARTESIAN_POINT('Ctrl Pts',(-4.5,-4.15519253464867,-9.19649815743048));
#5044=CARTESIAN_POINT('Ctrl Pts',(-4.5,-4.15519253464867,-9.24888733039768));
#5045=CARTESIAN_POINT('Ctrl Pts',(-4.5,-4.15519253464867,-9.35305399736786));
#5046=CARTESIAN_POINT('Ctrl Pts',(-4.5,-4.15519253464867,-9.40483149137084));
#5047=CARTESIAN_POINT('Ctrl Pts',(-4.5,-4.15519253464867,-9.56077565234401));
#5048=CARTESIAN_POINT('Ctrl Pts',(-4.5,-4.15519253464867,-9.66494231931419));
#5049=CARTESIAN_POINT('Ctrl Pts',(-4.5,-4.15519253464867,-9.76910898628437));
#5050=CARTESIAN_POINT('',(-4.50000003107951,-5.39449946154126,-8.14196433028009));
#5051=CARTESIAN_POINT('Ctrl Pts',(-4.49977439514559,-5.39370538993907,-8.1419643525012));
#5052=CARTESIAN_POINT('Ctrl Pts',(-4.49979433623195,-5.27468656587075,-8.24265631837821));
#5053=CARTESIAN_POINT('Ctrl Pts',(-4.49982514093266,-5.15472584274159,-8.34305689221944));
#5054=CARTESIAN_POINT('Ctrl Pts',(-4.4998506494782,-5.03421859307953,-8.44265009978849));
#5055=CARTESIAN_POINT('Ctrl Pts',(-4.49986758861534,-4.95419486833436,-8.50878570118462));
#5056=CARTESIAN_POINT('Ctrl Pts',(-4.4998828640777,-4.87392962380511,-8.57456527652956));
#5057=CARTESIAN_POINT('Ctrl Pts',(-4.49990140710095,-4.79353004092376,-8.63983773267213));
#5058=CARTESIAN_POINT('Ctrl Pts',(-4.4999263354833,-4.68544456232962,-8.72758700211293));
#5059=CARTESIAN_POINT('Ctrl Pts',(-4.49995998071756,-4.57640902173457,-8.81499239734206));
#5060=CARTESIAN_POINT('Ctrl Pts',(-4.49997850251118,-4.46674534573675,-8.90161335903101));
#5061=CARTESIAN_POINT('Ctrl Pts',(-4.49999596178992,-4.36337259866205,-8.98326525226333));
#5062=CARTESIAN_POINT('Ctrl Pts',(-4.49999999999999,-4.25944203204675,-9.06422012961914));
#5063=CARTESIAN_POINT('Ctrl Pts',(-4.5,-4.15519253464867,-9.14410898446327));
#5064=CARTESIAN_POINT('',(-4.49999999999996,-5.39449951339332,-7.51696432816542));
#5065=CARTESIAN_POINT('',(-4.5,-5.39449951339325,-5.55111512312578E-16));
#5066=CARTESIAN_POINT('',(-4.49999999999997,-4.15519253464874,-6.64410898628436));
#5067=CARTESIAN_POINT('Ctrl Pts',(-4.49999999999998,-4.15519253464872,-6.64410898628435));
#5068=CARTESIAN_POINT('Ctrl Pts',(-4.49999999999998,-4.27235382568786,-6.7199131793331));
#5069=CARTESIAN_POINT('Ctrl Pts',(-4.49999096561607,-4.38888494853623,-6.79750237785734));
#5070=CARTESIAN_POINT('Ctrl Pts',(-4.49996889977438,-4.50448203565898,-6.87634847536311));
#5071=CARTESIAN_POINT('Ctrl Pts',(-4.49995036908973,-4.6015593734892,-6.94256268053624));
#5072=CARTESIAN_POINT('Ctrl Pts',(-4.49992340223995,-4.69797671171669,-7.0096633113486));
#5073=CARTESIAN_POINT('Ctrl Pts',(-4.49990134767153,-4.79353078963253,-7.07733759108793));
#5074=CARTESIAN_POINT('Ctrl Pts',(-4.49987156379639,-4.92257302119599,-7.16872919119006));
#5075=CARTESIAN_POINT('Ctrl Pts',(-4.49984551432032,-5.05102156392805,-7.26185782203846));
#5076=CARTESIAN_POINT('Ctrl Pts',(-4.49981762124468,-5.17845768145448,-7.35608572542673));
#5077=CARTESIAN_POINT('Ctrl Pts',(-4.49980183973802,-5.25055922960737,-7.40939853693862));
#5078=CARTESIAN_POINT('Ctrl Pts',(-4.4997861763468,-5.32233582669019,-7.4630632405332));
#5079=CARTESIAN_POINT('Ctrl Pts',(-4.49977419825393,-5.39370614824629,-7.51696432816632));
#5080=CARTESIAN_POINT('',(-4.49999999280522,-4.1551925502323,-6.0191089827409));
#5081=CARTESIAN_POINT('Ctrl Pts',(-4.5,-4.15519253464867,-6.01910898446327));
#5082=CARTESIAN_POINT('Ctrl Pts',(-4.5,-4.15519253464867,-6.06502817811567));
#5083=CARTESIAN_POINT('Ctrl Pts',(-4.50000000000001,-4.15519253464866,-6.11094737176808));
#5084=CARTESIAN_POINT('Ctrl Pts',(-4.50000000000001,-4.15519253464866,-6.21511403873826));
#5085=CARTESIAN_POINT('Ctrl Pts',(-4.50000000000001,-4.15519253464866,-6.27336151205604));
#5086=CARTESIAN_POINT('Ctrl Pts',(-4.50000000000001,-4.15519253464866,-6.435775652344));
#5087=CARTESIAN_POINT('Ctrl Pts',(-4.5,-4.15519253464867,-6.53994231931419));
#5088=CARTESIAN_POINT('Ctrl Pts',(-4.5,-4.15519253464867,-6.64410898628437));
#5089=CARTESIAN_POINT('',(-4.49999999999999,-5.39449951339327,-5.01696432454918));
#5090=CARTESIAN_POINT('Ctrl Pts',(-4.4997732696841,-5.39370958746456,-5.01696432454822));
#5091=CARTESIAN_POINT('Ctrl Pts',(-4.49979340480738,-5.27468849473365,-5.11765761431766));
#5092=CARTESIAN_POINT('Ctrl Pts',(-4.49982438565512,-5.15472553723138,-5.2180595045946));
#5093=CARTESIAN_POINT('Ctrl Pts',(-4.49985004679563,-5.03421612600916,-5.31765400060503));
#5094=CARTESIAN_POINT('Ctrl Pts',(-4.49986708670553,-4.95419359118721,-5.38378828791286));
#5095=CARTESIAN_POINT('Ctrl Pts',(-4.49988245273498,-4.8739295845222,-5.44956656018497));
#5096=CARTESIAN_POINT('Ctrl Pts',(-4.49990107420008,-4.79353128865054,-5.5148377331266));
#5097=CARTESIAN_POINT('Ctrl Pts',(-4.49992610890255,-4.68544379899028,-5.60258831482677));
#5098=CARTESIAN_POINT('Ctrl Pts',(-4.49995983962547,-4.57640629556239,-5.68999501190068));
#5099=CARTESIAN_POINT('Ctrl Pts',(-4.49997841895871,-4.46674074408102,-5.77661724538544));
#5100=CARTESIAN_POINT('Ctrl Pts',(-4.49999593193593,-4.363369418501,-5.85826781823231));
#5101=CARTESIAN_POINT('Ctrl Pts',(-4.49999999999998,-4.25944038524749,-5.93922139151311));
#5102=CARTESIAN_POINT('Ctrl Pts',(-4.49999999999998,-4.15519254529824,-6.01910897630226));
#5103=CARTESIAN_POINT('',(-4.4999999999999,-5.39449951339341,-4.39196432816541));
#5104=CARTESIAN_POINT('',(-4.5,-5.39449951339325,-5.55111512312578E-16));
#5105=CARTESIAN_POINT('',(-4.49999999848716,-4.15519253792542,-3.5191089859222));
#5106=CARTESIAN_POINT('Ctrl Pts',(-4.49999999999999,-4.15519253464871,-3.51910898628435));
#5107=CARTESIAN_POINT('Ctrl Pts',(-4.49999999999999,-4.27235692205011,-3.59491518270162));
#5108=CARTESIAN_POINT('Ctrl Pts',(-4.49999092478944,-4.38889126229067,-3.67250647894454));
#5109=CARTESIAN_POINT('Ctrl Pts',(-4.49996878609903,-4.5044916259491,-3.75135472664752));
#5110=CARTESIAN_POINT('Ctrl Pts',(-4.49995019531312,-4.60156609476925,-3.8175669038495));
#5111=CARTESIAN_POINT('Ctrl Pts',(-4.4999231469331,-4.69798068195192,-3.88466544105757));
#5112=CARTESIAN_POINT('Ctrl Pts',(-4.49990099288885,-4.79353212684731,-3.95233759108792));
#5113=CARTESIAN_POINT('Ctrl Pts',(-4.49987107303006,-4.92257789866708,-4.04373134071599));
#5114=CARTESIAN_POINT('Ctrl Pts',(-4.49984485430242,-5.05103007399027,-4.13686220280107));
#5115=CARTESIAN_POINT('Ctrl Pts',(-4.49981676696705,-5.17846985253695,-4.2310923741354));
#5116=CARTESIAN_POINT('Ctrl Pts',(-4.49980087658535,-5.25056877890287,-4.28440299866692));
#5117=CARTESIAN_POINT('Ctrl Pts',(-4.49978509637345,-5.32234280559326,-4.33806548122376));
#5118=CARTESIAN_POINT('Ctrl Pts',(-4.49977299447497,-5.39371061285828,-4.39196432816632));
#5119=CARTESIAN_POINT('',(-4.49999999768139,-4.1551925396707,-2.89410898390821));
#5120=CARTESIAN_POINT('Ctrl Pts',(-4.50000000000001,-4.15519253464866,-2.89410898446327));
#5121=CARTESIAN_POINT('Ctrl Pts',(-4.50000000000001,-4.15519253464866,-2.99827565143345));
#5122=CARTESIAN_POINT('Ctrl Pts',(-4.50000000000001,-4.15519253464866,-3.10244231840363));
#5123=CARTESIAN_POINT('Ctrl Pts',(-4.50000000000001,-4.15519253464866,-3.310775652344));
#5124=CARTESIAN_POINT('Ctrl Pts',(-4.50000000000001,-4.15519253464866,-3.41494231931418));
#5125=CARTESIAN_POINT('Ctrl Pts',(-4.50000000000001,-4.15519253464866,-3.51910898628437));
#5126=CARTESIAN_POINT('',(-4.49999999999996,-5.39449951339331,-1.89196432454917));
#5127=CARTESIAN_POINT('Ctrl Pts',(-4.49899291248703,-5.39280474843456,-1.8919643245482));
#5128=CARTESIAN_POINT('Ctrl Pts',(-4.49913747474057,-5.27404980639368,-1.99255233565099));
#5129=CARTESIAN_POINT('Ctrl Pts',(-4.49928552279501,-5.15434774154495,-2.09284955612335));
#5130=CARTESIAN_POINT('Ctrl Pts',(-4.49941552216059,-5.03408611052597,-2.19234160816217));
#5131=CARTESIAN_POINT('Ctrl Pts',(-4.49950207277385,-4.95401865889074,-2.25858114771615));
#5132=CARTESIAN_POINT('Ctrl Pts',(-4.49958126876147,-4.87370262951776,-2.32446378889293));
#5133=CARTESIAN_POINT('Ctrl Pts',(-4.49965614606419,-4.79324333786438,-2.38983773267212));
#5134=CARTESIAN_POINT('Ctrl Pts',(-4.49975645621169,-4.68545522157892,-2.47741660776919));
#5135=CARTESIAN_POINT('Ctrl Pts',(-4.4998523871092,-4.57670610472427,-2.56465294284958));
#5136=CARTESIAN_POINT('Ctrl Pts',(-4.49991403107968,-4.46730840372858,-2.65110874008118));
#5137=CARTESIAN_POINT('Ctrl Pts',(-4.49997237179335,-4.36377289328979,-2.73293171273322));
#5138=CARTESIAN_POINT('Ctrl Pts',(-4.50000000000001,-4.25965678659835,-2.81405555812834));
#5139=CARTESIAN_POINT('Ctrl Pts',(-4.5,-4.15519253464866,-2.89410898446326));
#5140=CARTESIAN_POINT('',(-4.49999999999986,-5.39449951339349,-1.26696432816539));
#5141=CARTESIAN_POINT('',(-4.5,-5.39449951339325,-5.55111512312578E-16));
#5142=CARTESIAN_POINT('',(-4.49999998861794,-4.15519255930181,-0.39410898355959));
#5143=CARTESIAN_POINT('Ctrl Pts',(-4.5,-4.15519255078424,-0.394108996724154));
#5144=CARTESIAN_POINT('Ctrl Pts',(-4.5,-4.27186227718596,-0.469595144135316));
#5145=CARTESIAN_POINT('Ctrl Pts',(-4.49996434573181,-4.38787799695837,-0.546851350016647));
#5146=CARTESIAN_POINT('Ctrl Pts',(-4.49989722687683,-4.50294933661309,-0.625356127213334));
#5147=CARTESIAN_POINT('Ctrl Pts',(-4.49984034082402,-4.60047713722134,-0.691892228037462));
#5148=CARTESIAN_POINT('Ctrl Pts',(-4.49976154770322,-4.69732526669361,-0.75932521203384));
#5149=CARTESIAN_POINT('Ctrl Pts',(-4.49967840723301,-4.79329210854112,-0.827337591141061));
#5150=CARTESIAN_POINT('Ctrl Pts',(-4.49956700831041,-4.92187693323894,-0.918466565236931));
#5151=CARTESIAN_POINT('Ctrl Pts',(-4.49944205699613,-5.04985396886534,-1.01132260122219));
#5152=CARTESIAN_POINT('Ctrl Pts',(-4.4993049249973,-5.17681610729673,-1.10527342318241));
#5153=CARTESIAN_POINT('Ctrl Pts',(-4.49922671885401,-5.24922239668285,-1.15885341550895));
#5154=CARTESIAN_POINT('Ctrl Pts',(-4.49914522596107,-5.32129769994223,-1.21278947616841));
#5155=CARTESIAN_POINT('Ctrl Pts',(-4.49906511258711,-5.39296063759338,-1.26696432816631));
#5156=CARTESIAN_POINT('',(-4.49999999999999,-4.1551925346487,1.89169043014968E-18));
#5157=CARTESIAN_POINT('Ctrl Pts',(-4.49999999999999,-4.1551925346487,1.89169043014968E-18));
#5158=CARTESIAN_POINT('Ctrl Pts',(-4.49999999999999,-4.1551925346487,-0.0115404495473822));
#5159=CARTESIAN_POINT('Ctrl Pts',(-4.5,-4.15519253464867,-0.0230808990947643));
#5160=CARTESIAN_POINT('Ctrl Pts',(-4.5,-4.15519253464867,-0.0437962554199961));
#5161=CARTESIAN_POINT('Ctrl Pts',(-4.5,-4.15519253464867,-0.0529711621978457));
#5162=CARTESIAN_POINT('Ctrl Pts',(-4.5,-4.15519253464867,-0.0686337077750672));
#5163=CARTESIAN_POINT('Ctrl Pts',(-4.5,-4.15519253464867,-0.075121346574439));
#5164=CARTESIAN_POINT('Ctrl Pts',(-4.5,-4.15519253464867,-0.185775652343994));
#5165=CARTESIAN_POINT('Ctrl Pts',(-4.5,-4.15519253464867,-0.289942319314177));
#5166=CARTESIAN_POINT('Ctrl Pts',(-4.5,-4.15519253464867,-0.39410898628436));
#5167=CARTESIAN_POINT('',(-4.49999999999651,4.9026446801047,5.13368972722637E-17));
#5168=CARTESIAN_POINT('',(-4.5,5.575,-1.38777878078145E-16));
#5169=CARTESIAN_POINT('',(-4.49999999999938,4.15519253465001,-0.510752118393567));
#5170=CARTESIAN_POINT('Ctrl Pts',(-4.5,4.15519253464867,-0.51075211839342));
#5171=CARTESIAN_POINT('Ctrl Pts',(-4.5,4.27150524993856,-0.435496959619634));
#5172=CARTESIAN_POINT('Ctrl Pts',(-4.4999612342003,4.38714661706729,-0.358493436830626));
#5173=CARTESIAN_POINT('Ctrl Pts',(-4.4998898930383,4.50182927881544,-0.2802596631268));
#5174=CARTESIAN_POINT('Ctrl Pts',(-4.49983479283873,4.5904041964707,-0.21983596909976));
#5175=CARTESIAN_POINT('Ctrl Pts',(-4.49976096182768,4.67840593613916,-0.158678404146294));
#5176=CARTESIAN_POINT('Ctrl Pts',(-4.49968193929241,4.76568406346423,-0.0970256743857962));
#5177=CARTESIAN_POINT('Ctrl Pts',(-4.49964075314831,4.81117298021503,-0.0648925847161535));
#5178=CARTESIAN_POINT('Ctrl Pts',(-4.49959669387655,4.85658506624001,-0.0325413763511354));
#5179=CARTESIAN_POINT('Ctrl Pts',(-4.4995510586527,4.90190145699798,1.03456132549695E-12));
#5180=CARTESIAN_POINT('',(-4.49999999999938,4.15519253465001,-1.13575212021467));
#5181=CARTESIAN_POINT('Ctrl Pts',(-4.5,4.15519253464867,-1.13575212021452));
#5182=CARTESIAN_POINT('Ctrl Pts',(-4.5,4.15519253464867,-1.0331209462797));
#5183=CARTESIAN_POINT('Ctrl Pts',(-4.5,4.15519253464867,-0.930489772344871));
#5184=CARTESIAN_POINT('Ctrl Pts',(-4.5,4.15519253464867,-0.723691931439862));
#5185=CARTESIAN_POINT('Ctrl Pts',(-4.5,4.15519253464867,-0.619525264469679));
#5186=CARTESIAN_POINT('Ctrl Pts',(-4.5,4.15519253464867,-0.513823104464138));
#5187=CARTESIAN_POINT('Ctrl Pts',(-4.5,4.15519253464867,-0.512287611428781));
#5188=CARTESIAN_POINT('Ctrl Pts',(-4.5,4.15519253464867,-0.510752118393423));
#5189=CARTESIAN_POINT('',(-4.49999999998969,5.39449951341045,-2.13789677668096));
#5190=CARTESIAN_POINT('Ctrl Pts',(-4.49899204675055,5.39280273092694,-2.13789677668006));
#5191=CARTESIAN_POINT('Ctrl Pts',(-4.49913691056512,5.27392077393568,-2.03720089119988));
#5192=CARTESIAN_POINT('Ctrl Pts',(-4.49928493777233,5.15409666377468,-1.93680218477711));
#5193=CARTESIAN_POINT('Ctrl Pts',(-4.49941509624428,5.03371813181716,-1.83721574512516));
#5194=CARTESIAN_POINT('Ctrl Pts',(-4.49949829281277,4.95677284636204,-1.77356064897244));
#5195=CARTESIAN_POINT('Ctrl Pts',(-4.49957483582327,4.87960048528023,-1.7102374202495));
#5196=CARTESIAN_POINT('Ctrl Pts',(-4.4996474220714,4.80229440692846,-1.64738057686538));
#5197=CARTESIAN_POINT('Ctrl Pts',(-4.49974877689891,4.69434910820088,-1.55961127229273));
#5198=CARTESIAN_POINT('Ctrl Pts',(-4.49984588497628,4.58544305450972,-1.47218365658466));
#5199=CARTESIAN_POINT('Ctrl Pts',(-4.49990897375687,4.47588971172189,-1.38553679993746));
#5200=CARTESIAN_POINT('Ctrl Pts',(-4.49996837790939,4.37273470662503,-1.303950453856));
#5201=CARTESIAN_POINT('Ctrl Pts',(-4.4999976417943,4.26900611940894,-1.2230563313327));
#5202=CARTESIAN_POINT('Ctrl Pts',(-4.49999989434791,4.16493385351964,-1.14322097793509));
#5203=CARTESIAN_POINT('Ctrl Pts',(-4.49999996461448,4.16168740417938,-1.14073057928611));
#5204=CARTESIAN_POINT('Ctrl Pts',(-4.49999999999999,4.15844029542325,-1.13824095608117));
#5205=CARTESIAN_POINT('Ctrl Pts',(-4.49999999999999,4.1551925346487,-1.13575212021451));
#5206=CARTESIAN_POINT('',(-4.49999999999994,5.39449951339336,-2.76289677306282));
#5207=CARTESIAN_POINT('',(-4.5,5.39449951339325,-5.55111512312578E-16));
#5208=CARTESIAN_POINT('',(-4.49999999934561,4.15519253606605,-3.63575211855008));
#5209=CARTESIAN_POINT('Ctrl Pts',(-4.50000000000001,4.15519253464866,-3.63575211839342));
#5210=CARTESIAN_POINT('Ctrl Pts',(-4.50000000000001,4.27226545166407,-3.56000510366553));
#5211=CARTESIAN_POINT('Ctrl Pts',(-4.49999061115293,4.38870319052117,-3.48248002792744));
#5212=CARTESIAN_POINT('Ctrl Pts',(-4.4999683761281,4.50420201906226,-3.40370435192902));
#5213=CARTESIAN_POINT('Ctrl Pts',(-4.4999503622658,4.59777421014803,-3.33988368205258));
#5214=CARTESIAN_POINT('Ctrl Pts',(-4.4999246818772,4.69072886935273,-3.27524217512014));
#5215=CARTESIAN_POINT('Ctrl Pts',(-4.49990332966808,4.782883931758,-3.21006030848902));
#5216=CARTESIAN_POINT('Ctrl Pts',(-4.49987347830917,4.91172089785545,-3.11893309613479));
#5217=CARTESIAN_POINT('Ctrl Pts',(-4.49984716967549,5.03996374166401,-3.02606806879205));
#5218=CARTESIAN_POINT('Ctrl Pts',(-4.49981884851986,5.1671956386454,-2.93210109530156));
#5219=CARTESIAN_POINT('Ctrl Pts',(-4.49980271195443,5.23968864904791,-2.87856146453007));
#5220=CARTESIAN_POINT('Ctrl Pts',(-4.49978663562624,5.3118525973139,-2.82466409941464));
#5221=CARTESIAN_POINT('Ctrl Pts',(-4.49977427228927,5.38360475852013,-2.77052661637132));
#5222=CARTESIAN_POINT('Ctrl Pts',(-4.49977369165843,5.38697452165761,-2.76798410766289));
#5223=CARTESIAN_POINT('Ctrl Pts',(-4.49977311461261,5.39034370738594,-2.76544082291944));
#5224=CARTESIAN_POINT('Ctrl Pts',(-4.49977254118664,5.3937123081402,-2.76289677306195));
#5225=CARTESIAN_POINT('',(-4.49999997614184,4.1551925863246,-4.26075212592597));
#5226=CARTESIAN_POINT('Ctrl Pts',(-4.50000000000001,4.15519253464866,-4.26075212021452));
#5227=CARTESIAN_POINT('Ctrl Pts',(-4.50000000000001,4.15519253464866,-4.1581209462797));
#5228=CARTESIAN_POINT('Ctrl Pts',(-4.50000000000001,4.15519253464866,-4.05548977234487));
#5229=CARTESIAN_POINT('Ctrl Pts',(-4.50000000000001,4.15519253464866,-3.84869193143987));
#5230=CARTESIAN_POINT('Ctrl Pts',(-4.50000000000001,4.15519253464866,-3.74452526446968));
#5231=CARTESIAN_POINT('Ctrl Pts',(-4.50000000000001,4.15519253464866,-3.63882310446414));
#5232=CARTESIAN_POINT('Ctrl Pts',(-4.50000000000001,4.15519253464866,-3.63728761142878));
#5233=CARTESIAN_POINT('Ctrl Pts',(-4.50000000000001,4.15519253464866,-3.63575211839343));
#5234=CARTESIAN_POINT('',(-4.49999999999999,5.39449951339326,-5.26289677667906));
#5235=CARTESIAN_POINT('Ctrl Pts',(-4.49898983666167,5.39279756408772,-5.26289677668006));
#5236=CARTESIAN_POINT('Ctrl Pts',(-4.49913507365821,5.27391724264189,-5.16220153302106));
#5237=CARTESIAN_POINT('Ctrl Pts',(-4.49928344210824,5.15409470485619,-5.06180346447237));
#5238=CARTESIAN_POINT('Ctrl Pts',(-4.49941389843236,5.03371764641585,-4.96221764908823));
#5239=CARTESIAN_POINT('Ctrl Pts',(-4.49949728674931,4.95677204511845,-4.89856191148584));
#5240=CARTESIAN_POINT('Ctrl Pts',(-4.4995740034937,4.8795993203459,-4.83523804660323));
#5241=CARTESIAN_POINT('Ctrl Pts',(-4.49964674204547,4.8022928250411,-4.77238057642321));
#5242=CARTESIAN_POINT('Ctrl Pts',(-4.4997483076088,4.69434899671921,-4.68461206560005));
#5243=CARTESIAN_POINT('Ctrl Pts',(-4.49984558640157,4.58544433552447,-4.59718523758752));
#5244=CARTESIAN_POINT('Ctrl Pts',(-4.49990879322157,4.47589226937473,-4.51053915054185));
#5245=CARTESIAN_POINT('Ctrl Pts',(-4.49996830962941,4.37273654269235,-4.42895200766529));
#5246=CARTESIAN_POINT('Ctrl Pts',(-4.49999763785569,4.26900710988116,-4.34805709812218));
#5247=CARTESIAN_POINT('Ctrl Pts',(-4.49999989417299,4.16493385311279,-4.26822097793509));
#5248=CARTESIAN_POINT('Ctrl Pts',(-4.49999996455603,4.16168741586407,-4.26573058835359));
#5249=CARTESIAN_POINT('Ctrl Pts',(-4.49999999999998,4.1584403189885,-4.26324097414879));
#5250=CARTESIAN_POINT('Ctrl Pts',(-4.49999999999999,4.15519256996303,-4.26075214727671));
#5251=CARTESIAN_POINT('',(-4.49999999999995,5.39449951339334,-5.88789677306283));
#5252=CARTESIAN_POINT('',(-4.5,5.39449951339325,-5.55111512312578E-16));
#5253=CARTESIAN_POINT('',(-4.49999999958876,4.15519253553938,-6.76075211849188));
#5254=CARTESIAN_POINT('Ctrl Pts',(-4.50000000000001,4.15519253464866,-6.76075211839343));
#5255=CARTESIAN_POINT('Ctrl Pts',(-4.50000000000001,4.27165209478469,-6.68540194995381));
#5256=CARTESIAN_POINT('Ctrl Pts',(-4.49996144303861,4.38744794078266,-6.6082923025832));
#5257=CARTESIAN_POINT('Ctrl Pts',(-4.49988976066719,4.50229249178762,-6.52994239012808));
#5258=CARTESIAN_POINT('Ctrl Pts',(-4.49983100330106,4.59642949083404,-6.46571970329154));
#5259=CARTESIAN_POINT('Ctrl Pts',(-4.49975068891457,4.68992601573977,-6.40066369142155));
#5260=CARTESIAN_POINT('Ctrl Pts',(-4.49966500500764,4.78260150116625,-6.33506030848902));
#5261=CARTESIAN_POINT('Ctrl Pts',(-4.4995464296004,4.91085234568517,-6.24427374043731));
#5262=CARTESIAN_POINT('Ctrl Pts',(-4.49941211141736,5.03849151715407,-6.15176232542967));
#5263=CARTESIAN_POINT('Ctrl Pts',(-4.49926410244392,5.16511641684459,-6.05815482807134));
#5264=CARTESIAN_POINT('Ctrl Pts',(-4.49917889948978,5.2380093994123,-6.00426866753084));
#5265=CARTESIAN_POINT('Ctrl Pts',(-4.49908983644635,5.31056535016091,-5.95001928143423));
#5266=CARTESIAN_POINT('Ctrl Pts',(-4.49900181535841,5.38270137478594,-5.89552661637132));
#5267=CARTESIAN_POINT('Ctrl Pts',(-4.4989977084868,5.38606708405374,-5.89298410770409));
#5268=CARTESIAN_POINT('Ctrl Pts',(-4.49899359890171,5.38943220953859,-5.89044082300223));
#5269=CARTESIAN_POINT('Ctrl Pts',(-4.49898948674322,5.39279674396981,-5.88789677306195));
#5270=CARTESIAN_POINT('',(-4.49999999999955,4.15519253464963,-7.38575212021464));
#5271=CARTESIAN_POINT('Ctrl Pts',(-4.50000000000001,4.15519253464866,-7.38575212021453));
#5272=CARTESIAN_POINT('Ctrl Pts',(-4.50000000000001,4.15519253464866,-7.2831209462797));
#5273=CARTESIAN_POINT('Ctrl Pts',(-4.50000000000001,4.15519253464866,-7.18048977234488));
#5274=CARTESIAN_POINT('Ctrl Pts',(-4.50000000000001,4.15519253464866,-6.97369193143987));
#5275=CARTESIAN_POINT('Ctrl Pts',(-4.50000000000001,4.15519253464866,-6.86952526446969));
#5276=CARTESIAN_POINT('Ctrl Pts',(-4.50000000000001,4.15519253464866,-6.76382310446415));
#5277=CARTESIAN_POINT('Ctrl Pts',(-4.50000000000001,4.15519253464866,-6.76228761142879));
#5278=CARTESIAN_POINT('Ctrl Pts',(-4.50000000000001,4.15519253464866,-6.76075211839343));
#5279=CARTESIAN_POINT('',(-4.49999999999999,5.39449951339327,-8.38789677667907));
#5280=CARTESIAN_POINT('Ctrl Pts',(-4.49977466900001,5.39370441638793,-8.38789677668007));
#5281=CARTESIAN_POINT('Ctrl Pts',(-4.49979458423203,5.27455849505253,-8.28709714037496));
#5282=CARTESIAN_POINT('Ctrl Pts',(-4.49982508010706,5.154475699665,-8.18659529583335));
#5283=CARTESIAN_POINT('Ctrl Pts',(-4.4998505193384,5.03385159541461,-8.08690792455292));
#5284=CARTESIAN_POINT('Ctrl Pts',(-4.4998667370323,4.95695285686484,-8.02335650464023));
#5285=CARTESIAN_POINT('Ctrl Pts',(-4.49988157219026,4.87983359463966,-7.96013609925921));
#5286=CARTESIAN_POINT('Ctrl Pts',(-4.49989939887244,4.80258880083756,-7.89738057686538));
#5287=CARTESIAN_POINT('Ctrl Pts',(-4.49992437922524,4.69434643795904,-7.80944188620117));
#5288=CARTESIAN_POINT('Ctrl Pts',(-4.49995813578212,4.58515418493429,-7.72184620452533));
#5289=CARTESIAN_POINT('Ctrl Pts',(-4.4999769593845,4.47533499785296,-7.63503514902991));
#5290=CARTESIAN_POINT('Ctrl Pts',(-4.49999461321806,4.37234038441754,-7.55361885611881));
#5291=CARTESIAN_POINT('Ctrl Pts',(-4.49999917301981,4.26879462026495,-7.47289270029994));
#5292=CARTESIAN_POINT('Ctrl Pts',(-4.49999996282599,4.16493393462823,-7.3932209779351));
#5293=CARTESIAN_POINT('Ctrl Pts',(-4.49999998751395,4.16168743126743,-7.39073057925506));
#5294=CARTESIAN_POINT('Ctrl Pts',(-4.50000000000001,4.15844029540307,-7.38824095606573));
#5295=CARTESIAN_POINT('Ctrl Pts',(-4.50000000000001,4.15519253464869,-7.38575212021451));
#5296=CARTESIAN_POINT('',(-4.49999999999993,5.39449951339338,-9.01289677306283));
#5297=CARTESIAN_POINT('',(-4.5,5.39449951339325,-5.55111512312578E-16));
#5298=CARTESIAN_POINT('',(-4.49999999376942,4.15519254814388,-9.88575211988498));
#5299=CARTESIAN_POINT('Ctrl Pts',(-4.49999999999999,4.15519254348133,-9.88575211267864));
#5300=CARTESIAN_POINT('Ctrl Pts',(-4.49999999999999,4.27165067932583,-9.81040286565782));
#5301=CARTESIAN_POINT('Ctrl Pts',(-4.49996139511643,4.38744500291789,-9.73329418273742));
#5302=CARTESIAN_POINT('Ctrl Pts',(-4.49988962816204,4.50228797096672,-9.65494525873401));
#5303=CARTESIAN_POINT('Ctrl Pts',(-4.49983079986873,4.59642622534725,-9.59072164048742));
#5304=CARTESIAN_POINT('Ctrl Pts',(-4.4997503886239,4.68992393020117,-9.52566466813615));
#5305=CARTESIAN_POINT('Ctrl Pts',(-4.49966458807376,4.78260052496467,-9.46006030843463));
#5306=CARTESIAN_POINT('Ctrl Pts',(-4.49954585417428,4.91084974328243,-9.36927462655422));
#5307=CARTESIAN_POINT('Ctrl Pts',(-4.49941133917089,5.03848720920906,-9.27676413141078));
#5308=CARTESIAN_POINT('Ctrl Pts',(-4.49926310560838,5.16511036071757,-9.18315756917013));
#5309=CARTESIAN_POINT('Ctrl Pts',(-4.49917777108726,5.23800428441555,-9.12927050725205));
#5310=CARTESIAN_POINT('Ctrl Pts',(-4.49908856699563,5.31056114412865,-9.07502020542371));
#5311=CARTESIAN_POINT('Ctrl Pts',(-4.49900039740889,5.38269804552067,-9.0205266163713));
#5312=CARTESIAN_POINT('Ctrl Pts',(-4.49899628367828,5.38606373873499,-9.01798410762253));
#5313=CARTESIAN_POINT('Ctrl Pts',(-4.49899216721714,5.38942884812641,-9.01544082283839));
#5314=CARTESIAN_POINT('Ctrl Pts',(-4.49898804816613,5.39279336609833,-9.01289677306197));
#5315=CARTESIAN_POINT('',(-4.4999999999997,4.15519253464931,-10.5107521202146));
#5316=CARTESIAN_POINT('Ctrl Pts',(-4.50000000000006,4.15519253464861,-10.5107521202145));
#5317=CARTESIAN_POINT('Ctrl Pts',(-4.50000000000006,4.15519253464861,-10.4081209462797));
#5318=CARTESIAN_POINT('Ctrl Pts',(-4.50000000000001,4.15519253464866,-10.3054897723449));
#5319=CARTESIAN_POINT('Ctrl Pts',(-4.50000000000001,4.15519253464866,-10.0986919314399));
#5320=CARTESIAN_POINT('Ctrl Pts',(-4.50000000000001,4.15519253464866,-9.99452526446969));
#5321=CARTESIAN_POINT('Ctrl Pts',(-4.50000000000001,4.15519253464866,-9.88882310446415));
#5322=CARTESIAN_POINT('Ctrl Pts',(-4.50000000000006,4.15519253464861,-9.88728761142879));
#5323=CARTESIAN_POINT('Ctrl Pts',(-4.50000000000006,4.15519253464861,-9.88575211839343));
#5324=CARTESIAN_POINT('',(-4.49999999999996,5.39449951339332,-11.5128967766791));
#5325=CARTESIAN_POINT('Ctrl Pts',(-4.49898717136014,5.39279130266129,-11.5128967766801));
#5326=CARTESIAN_POINT('Ctrl Pts',(-4.49913285837864,5.27391302325132,-11.4122023616111));
#5327=CARTESIAN_POINT('Ctrl Pts',(-4.49928163924176,5.15409245158697,-11.3118051169185));
#5328=CARTESIAN_POINT('Ctrl Pts',(-4.49941245542014,5.03371723987338,-11.2122201077527));
#5329=CARTESIAN_POINT('Ctrl Pts',(-4.49949607552221,4.95677119532088,-11.1485635422278));
#5330=CARTESIAN_POINT('Ctrl Pts',(-4.49957300221284,4.87959796888606,-11.0852388562224));
#5331=CARTESIAN_POINT('Ctrl Pts',(-4.49964592449181,4.80229090727602,-11.0223805768654));
#5332=CARTESIAN_POINT('Ctrl Pts',(-4.49974774418408,4.69434884437425,-10.9346130145892));
#5333=CARTESIAN_POINT('Ctrl Pts',(-4.49984522815662,4.58544585410324,-10.8471871276126));
#5334=CARTESIAN_POINT('Ctrl Pts',(-4.49990857667647,4.47589531834499,-10.7605419599843));
#5335=CARTESIAN_POINT('Ctrl Pts',(-4.49996822784011,4.37273873391501,-10.6789538646999));
#5336=CARTESIAN_POINT('Ctrl Pts',(-4.49999763308795,4.26900829330868,-10.5980580144333));
#5337=CARTESIAN_POINT('Ctrl Pts',(-4.49999989396042,4.16493385261713,-10.5182209779351));
#5338=CARTESIAN_POINT('Ctrl Pts',(-4.49999996448501,4.16168740380972,-10.5157305792339));
#5339=CARTESIAN_POINT('Ctrl Pts',(-4.50000000000003,4.15844029538931,-10.5132409560552));
#5340=CARTESIAN_POINT('Ctrl Pts',(-4.50000000000002,4.15519253464867,-10.5107521202145));
#5341=CARTESIAN_POINT('',(-4.49999999999984,5.39449951339353,-12.1378967730629));
#5342=CARTESIAN_POINT('',(-4.5,5.39449951339325,-5.55111512312578E-16));
#5343=CARTESIAN_POINT('',(-4.49999999884563,4.15519253714899,-13.0107521186698));
#5344=CARTESIAN_POINT('Ctrl Pts',(-4.50000000000006,4.15519253464861,-13.0107521183934));
#5345=CARTESIAN_POINT('Ctrl Pts',(-4.50000000000005,4.27164960864762,-12.9354035585023));
#5346=CARTESIAN_POINT('Ctrl Pts',(-4.49996135950457,4.38744279746204,-12.8582955948008));
#5347=CARTESIAN_POINT('Ctrl Pts',(-4.49988952973422,4.50228458573824,-12.779947407884));
#5348=CARTESIAN_POINT('Ctrl Pts',(-4.49983064875623,4.59642378145253,-12.7157230918686));
#5349=CARTESIAN_POINT('Ctrl Pts',(-4.49975016557627,4.68992237146288,-12.650665399966));
#5350=CARTESIAN_POINT('Ctrl Pts',(-4.49966427844209,4.78259979870433,-12.585060308489));
#5351=CARTESIAN_POINT('Ctrl Pts',(-4.49954542691066,4.91084781001989,-12.4942752838662));
#5352=CARTESIAN_POINT('Ctrl Pts',(-4.49941076589798,5.03848400985814,-12.401765470934));
#5353=CARTESIAN_POINT('Ctrl Pts',(-4.49926236569214,5.16510586349841,-12.3081596022298));
#5354=CARTESIAN_POINT('Ctrl Pts',(-4.49917693354558,5.23800048448034,-12.2542718717575));
#5355=CARTESIAN_POINT('Ctrl Pts',(-4.49908762478279,5.31055801756748,-12.2000208907323));
#5356=CARTESIAN_POINT('Ctrl Pts',(-4.49899934496626,5.3826955684152,-12.1455266163713));
#5357=CARTESIAN_POINT('Ctrl Pts',(-4.49899522614449,5.38606124957209,-12.1429841076471));
#5358=CARTESIAN_POINT('Ctrl Pts',(-4.49899110457965,5.38942634687541,-12.1404408228877));
#5359=CARTESIAN_POINT('Ctrl Pts',(-4.49898698041221,5.39279085282714,-12.137896773062));
#5360=CARTESIAN_POINT('',(-4.49999999999996,4.15519253464875,-13.6357521202145));
#5361=CARTESIAN_POINT('Ctrl Pts',(-4.50000000000006,4.15519253464861,-13.6357521202145));
#5362=CARTESIAN_POINT('Ctrl Pts',(-4.50000000000006,4.15519253464861,-13.5331209462797));
#5363=CARTESIAN_POINT('Ctrl Pts',(-4.50000000000001,4.15519253464866,-13.4304897723449));
#5364=CARTESIAN_POINT('Ctrl Pts',(-4.50000000000001,4.15519253464866,-13.2236919314399));
#5365=CARTESIAN_POINT('Ctrl Pts',(-4.50000000000001,4.15519253464866,-13.1195252644697));
#5366=CARTESIAN_POINT('Ctrl Pts',(-4.50000000000001,4.15519253464866,-13.0138231044642));
#5367=CARTESIAN_POINT('Ctrl Pts',(-4.50000000000006,4.15519253464861,-13.0122876114288));
#5368=CARTESIAN_POINT('Ctrl Pts',(-4.50000000000006,4.15519253464861,-13.0107521183934));
#5369=CARTESIAN_POINT('',(-4.49999999999989,5.39449951339343,-14.6378967766791));
#5370=CARTESIAN_POINT('Ctrl Pts',(-4.49898630584507,5.39278926237341,-14.6378967766801));
#5371=CARTESIAN_POINT('Ctrl Pts',(-4.49913213902692,5.27391164123505,-14.5372026255577));
#5372=CARTESIAN_POINT('Ctrl Pts',(-4.49928105369264,5.15409170302774,-14.4368056432545));
#5373=CARTESIAN_POINT('Ctrl Pts',(-4.49941198663172,5.03371708580969,-14.3372208908702));
#5374=CARTESIAN_POINT('Ctrl Pts',(-4.49949568193197,4.95677090403819,-14.2735640615841));
#5375=CARTESIAN_POINT('Ctrl Pts',(-4.49957267674053,4.87959752139792,-14.2102391139879));
#5376=CARTESIAN_POINT('Ctrl Pts',(-4.49964565867499,4.80229028252336,-14.1473805768654));
#5377=CARTESIAN_POINT('Ctrl Pts',(-4.49974756088243,4.69434879878004,-14.0596133268417));
#5378=CARTESIAN_POINT('Ctrl Pts',(-4.49984511157172,4.58544635691109,-13.9721877496864));
#5379=CARTESIAN_POINT('Ctrl Pts',(-4.49990850619244,4.47589632379847,-13.8855428847623));
#5380=CARTESIAN_POINT('Ctrl Pts',(-4.49996820120418,4.37273945592527,-13.8039544759876));
#5381=CARTESIAN_POINT('Ctrl Pts',(-4.49999763154278,4.26900868292683,-13.7230583160767));
#5382=CARTESIAN_POINT('Ctrl Pts',(-4.49999989389168,4.164933852456,-13.6432209779351));
#5383=CARTESIAN_POINT('Ctrl Pts',(-4.49999996446206,4.16168740375117,-13.6407305792303));
#5384=CARTESIAN_POINT('Ctrl Pts',(-4.50000000000006,4.15844029538694,-13.6382409560534));
#5385=CARTESIAN_POINT('Ctrl Pts',(-4.50000000000007,4.15519253464862,-13.6357521202145));
#5386=CARTESIAN_POINT('',(-4.49999999999988,5.39449951339345,-15.2628967730628));
#5387=CARTESIAN_POINT('',(-4.5,5.39449951339325,-5.55111512312578E-16));
#5388=CARTESIAN_POINT('',(-4.49999999999997,4.15519253464873,-16.1357521183934));
#5389=CARTESIAN_POINT('Ctrl Pts',(-4.50000000000003,4.15519253464864,-16.1357521183934));
#5390=CARTESIAN_POINT('Ctrl Pts',(-4.50000000000002,4.27164878792686,-16.0604040895145));
#5391=CARTESIAN_POINT('Ctrl Pts',(-4.49996133205213,4.387441099625,-15.9832966816236));
#5392=CARTESIAN_POINT('Ctrl Pts',(-4.49988945383641,4.50228197599156,-15.9049490643394));
#5393=CARTESIAN_POINT('Ctrl Pts',(-4.49983053222452,4.59642189696053,-15.8407242105016));
#5394=CARTESIAN_POINT('Ctrl Pts',(-4.49974999355419,4.68992116882299,-15.7756659639885));
#5395=CARTESIAN_POINT('Ctrl Pts',(-4.49966403960637,4.78259923723683,-15.710060308489));
#5396=CARTESIAN_POINT('Ctrl Pts',(-4.49954509730794,4.9108463131508,-15.6192757936063));
#5397=CARTESIAN_POINT('Ctrl Pts',(-4.499410323597,5.03848153194106,-15.5267665097829));
#5398=CARTESIAN_POINT('Ctrl Pts',(-4.49926179477411,5.165102380003,-15.4331611789651));
#5399=CARTESIAN_POINT('Ctrl Pts',(-4.49917628727025,5.23799754232855,-15.3792729300003));
#5400=CARTESIAN_POINT('Ctrl Pts',(-4.49908689771351,5.31055559825391,-15.3250214222268));
#5401=CARTESIAN_POINT('Ctrl Pts',(-4.49899853282313,5.3826936534178,-15.2705266163713));
#5402=CARTESIAN_POINT('Ctrl Pts',(-4.49899441007229,5.38605932529437,-15.2679841076349));
#5403=CARTESIAN_POINT('Ctrl Pts',(-4.49899028456863,5.38942441329404,-15.2654408228631));
#5404=CARTESIAN_POINT('Ctrl Pts',(-4.49898615645277,5.39278890986998,-15.262896773062));
#5405=CARTESIAN_POINT('',(-4.49999999999983,4.15519253464902,-16.7607521202146));
#5406=CARTESIAN_POINT('Ctrl Pts',(-4.49999999999994,4.15519253464873,-16.7607521202145));
#5407=CARTESIAN_POINT('Ctrl Pts',(-4.49999999999994,4.15519253464873,-16.6581209462797));
#5408=CARTESIAN_POINT('Ctrl Pts',(-4.49999999999997,4.1551925346487,-16.5554897723449));
#5409=CARTESIAN_POINT('Ctrl Pts',(-4.49999999999997,4.1551925346487,-16.3486919314399));
#5410=CARTESIAN_POINT('Ctrl Pts',(-4.49999999999997,4.1551925346487,-16.2445252644697));
#5411=CARTESIAN_POINT('Ctrl Pts',(-4.49999999999997,4.1551925346487,-16.1388231044642));
#5412=CARTESIAN_POINT('Ctrl Pts',(-4.49999999999994,4.15519253464873,-16.1372876114288));
#5413=CARTESIAN_POINT('Ctrl Pts',(-4.49999999999994,4.15519253464873,-16.1357521183934));
#5414=CARTESIAN_POINT('',(-4.49999999999986,5.39449951339349,-17.7628967766791));
#5415=CARTESIAN_POINT('Ctrl Pts',(-4.49898562138103,5.39278764651009,-17.7628967766801));
#5416=CARTESIAN_POINT('Ctrl Pts',(-4.49913157015588,5.2739105470551,-17.6622028348877));
#5417=CARTESIAN_POINT('Ctrl Pts',(-4.49928059063667,5.15409111088189,-17.5618060606802));
#5418=CARTESIAN_POINT('Ctrl Pts',(-4.49941161591202,5.03371696484203,-17.462221511944));
#5419=CARTESIAN_POINT('Ctrl Pts',(-4.4994953706822,4.95677067405263,-17.3985644734745));
#5420=CARTESIAN_POINT('Ctrl Pts',(-4.49957241936051,4.87959716735416,-17.3352393184163));
#5421=CARTESIAN_POINT('Ctrl Pts',(-4.49964544847173,4.80228978774119,-17.2723805768654));
#5422=CARTESIAN_POINT('Ctrl Pts',(-4.49974741593121,4.69434876304441,-17.1846135744379));
#5423=CARTESIAN_POINT('Ctrl Pts',(-4.49984501937811,4.58544675586836,-17.09718824295));
#5424=CARTESIAN_POINT('Ctrl Pts',(-4.49990845045411,4.47589712121419,-17.0105436180496));
#5425=CARTESIAN_POINT('Ctrl Pts',(-4.4999681801411,4.3727400284916,-16.9289549606982));
#5426=CARTESIAN_POINT('Ctrl Pts',(-4.49999763032084,4.26900899187166,-16.8480585552598));
#5427=CARTESIAN_POINT('Ctrl Pts',(-4.49999989383725,4.16493385232847,-16.7682209779351));
#5428=CARTESIAN_POINT('Ctrl Pts',(-4.49999996444383,4.161687403773,-16.7657305792797));
#5429=CARTESIAN_POINT('Ctrl Pts',(-4.49999999999998,4.15844029541909,-16.763240956078));
#5430=CARTESIAN_POINT('Ctrl Pts',(-4.49999999999998,4.15519253464872,-16.7607521202145));
#5431=CARTESIAN_POINT('',(-4.49999999999995,5.39449951339334,-18.3878967730628));
#5432=CARTESIAN_POINT('',(-4.5,5.39449951339325,-5.55111512312578E-16));
#5433=CARTESIAN_POINT('',(-4.49999999999995,4.15519253464876,-19.2607521183934));
#5434=CARTESIAN_POINT('Ctrl Pts',(-4.49999999999999,4.15519253464868,-19.2607521183934));
#5435=CARTESIAN_POINT('Ctrl Pts',(-4.5,4.27164813409748,-19.1854045125468));
#5436=CARTESIAN_POINT('Ctrl Pts',(-4.49996131022801,4.3874397470705,-19.1082975474435));
#5437=CARTESIAN_POINT('Ctrl Pts',(-4.4998893934975,4.50227989701558,-19.0299503839589));
#5438=CARTESIAN_POINT('Ctrl Pts',(-4.49983043957863,4.59642039580431,-18.965725101663));
#5439=CARTESIAN_POINT('Ctrl Pts',(-4.49974985678778,4.68992021092293,-18.9006664133178));
#5440=CARTESIAN_POINT('Ctrl Pts',(-4.49966384971515,4.78259879019432,-18.835060308489));
#5441=CARTESIAN_POINT('Ctrl Pts',(-4.49954483525066,4.91084512094104,-18.7442761997444));
#5442=CARTESIAN_POINT('Ctrl Pts',(-4.49940997193542,5.038479558223,-18.6517673374912));
#5443=CARTESIAN_POINT('Ctrl Pts',(-4.49926134084885,5.16509960525063,-18.5581624352373));
#5444=CARTESIAN_POINT('Ctrl Pts',(-4.49917577342444,5.23799519898632,-18.5042737731609));
#5445=CARTESIAN_POINT('Ctrl Pts',(-4.4990863196233,5.31055367158313,-18.4500218456978));
#5446=CARTESIAN_POINT('Ctrl Pts',(-4.49899788708444,5.38269212866524,-18.3955266163713));
#5447=CARTESIAN_POINT('Ctrl Pts',(-4.49899376120961,5.38605779302928,-18.3929841077182));
#5448=CARTESIAN_POINT('Ctrl Pts',(-4.49898963257405,5.38942287349701,-18.3904408230306));
#5449=CARTESIAN_POINT('Ctrl Pts',(-4.49898550131833,5.39278736285504,-18.387896773062));
#5450=CARTESIAN_POINT('',(-4.49999999990923,4.15519253484528,-19.8857521202363));
#5451=CARTESIAN_POINT('Ctrl Pts',(-4.50000000000003,4.15519253464864,-19.8857521202145));
#5452=CARTESIAN_POINT('Ctrl Pts',(-4.50000000000003,4.15519253464864,-19.7831209462797));
#5453=CARTESIAN_POINT('Ctrl Pts',(-4.50000000000003,4.15519253464864,-19.6804897723449));
#5454=CARTESIAN_POINT('Ctrl Pts',(-4.50000000000003,4.15519253464864,-19.4736919314399));
#5455=CARTESIAN_POINT('Ctrl Pts',(-4.50000000000003,4.15519253464864,-19.3695252644697));
#5456=CARTESIAN_POINT('Ctrl Pts',(-4.50000000000003,4.15519253464864,-19.2638231044642));
#5457=CARTESIAN_POINT('Ctrl Pts',(-4.50000000000003,4.15519253464864,-19.2622876114288));
#5458=CARTESIAN_POINT('Ctrl Pts',(-4.50000000000003,4.15519253464864,-19.2607521183934));
#5459=CARTESIAN_POINT('',(-4.49999999999986,5.39449951339347,-20.8878967766791));
#5460=CARTESIAN_POINT('Ctrl Pts',(-4.4989850665253,5.39278633510187,-20.8878967766801));
#5461=CARTESIAN_POINT('Ctrl Pts',(-4.49913110900735,5.27390965955315,-20.7872030052119));
#5462=CARTESIAN_POINT('Ctrl Pts',(-4.49928021526707,5.15409063134191,-20.6868064003209));
#5463=CARTESIAN_POINT('Ctrl Pts',(-4.49941131539378,5.03371686822289,-20.5872220172817));
#5464=CARTESIAN_POINT('Ctrl Pts',(-4.49949511837442,4.95677048844329,-20.52356480861));
#5465=CARTESIAN_POINT('Ctrl Pts',(-4.49957221072273,4.87959688054329,-20.4602394847498));
#5466=CARTESIAN_POINT('Ctrl Pts',(-4.49964527807786,4.80228938618941,-20.3973805768654));
#5467=CARTESIAN_POINT('Ctrl Pts',(-4.49974729843202,4.69434873415923,-20.309613775475));
#5468=CARTESIAN_POINT('Ctrl Pts',(-4.49984494464456,4.5854470798879,-20.2221886434594));
#5469=CARTESIAN_POINT('Ctrl Pts',(-4.49990840527147,4.47589776873328,-20.1355442134492));
#5470=CARTESIAN_POINT('Ctrl Pts',(-4.49996816306724,4.37274049341102,-20.0539553542633));
#5471=CARTESIAN_POINT('Ctrl Pts',(-4.49999762933042,4.26900924272335,-19.9730587494668));
#5472=CARTESIAN_POINT('Ctrl Pts',(-4.4999998937932,4.16493385222491,-19.8932209779351));
#5473=CARTESIAN_POINT('Ctrl Pts',(-4.49999996442912,4.16168740355852,-19.8907305791417));
#5474=CARTESIAN_POINT('Ctrl Pts',(-4.50000000000004,4.15844029532947,-19.8882409560094));
#5475=CARTESIAN_POINT('Ctrl Pts',(-4.50000000000004,4.15519253464865,-19.8857521202145));
#5476=CARTESIAN_POINT('',(-4.49999999999999,5.39449951339326,-21.5128967730628));
#5477=CARTESIAN_POINT('',(-4.5,5.39449951339325,-5.55111512312578E-16));
#5478=CARTESIAN_POINT('',(-4.50000000000001,4.15519253464863,-22.3857521183934));
#5479=CARTESIAN_POINT('Ctrl Pts',(-4.50000000000003,4.15519253464863,-22.3857521183934));
#5480=CARTESIAN_POINT('Ctrl Pts',(-4.50000000000003,4.27164760121063,-22.3104048573284));
#5481=CARTESIAN_POINT('Ctrl Pts',(-4.49996129246134,4.38743864470459,-22.233298253108));
#5482=CARTESIAN_POINT('Ctrl Pts',(-4.49988934437572,4.50227820259742,-22.1549514594802));
#5483=CARTESIAN_POINT('Ctrl Pts',(-4.49983036415433,4.5964191723185,-22.0907258279819));
#5484=CARTESIAN_POINT('Ctrl Pts',(-4.49974974544211,4.68991943019852,-22.0256667795333));
#5485=CARTESIAN_POINT('Ctrl Pts',(-4.49966369511641,4.78259842582598,-21.960060308489));
#5486=CARTESIAN_POINT('Ctrl Pts',(-4.49954462189845,4.91084414897824,-21.8692765309397));
#5487=CARTESIAN_POINT('Ctrl Pts',(-4.49940968563169,5.03847794904703,-21.7767680124662));
#5488=CARTESIAN_POINT('Ctrl Pts',(-4.49926097128531,5.16509734294953,-21.6831634596952));
#5489=CARTESIAN_POINT('Ctrl Pts',(-4.49917535507306,5.23799328854315,-21.6292744607369));
#5490=CARTESIAN_POINT('Ctrl Pts',(-4.49908584896296,5.31055210098221,-21.5750221910276));
#5491=CARTESIAN_POINT('Ctrl Pts',(-4.49899736134291,5.3826908858782,-21.5205266163713));
#5492=CARTESIAN_POINT('Ctrl Pts',(-4.49899323292423,5.38605654434863,-21.5179841076126));
#5493=CARTESIAN_POINT('Ctrl Pts',(-4.49898910173861,5.38942161890849,-21.5154408228183));
#5494=CARTESIAN_POINT('Ctrl Pts',(-4.49898496792695,5.3927861019221,-21.512896773062));
#5495=CARTESIAN_POINT('',(-4.49999999999997,4.15519253464873,-23.0107521202145));
#5496=CARTESIAN_POINT('Ctrl Pts',(-4.50000000000003,4.15519253464864,-23.0107521202145));
#5497=CARTESIAN_POINT('Ctrl Pts',(-4.50000000000003,4.15519253464864,-22.9081209462797));
#5498=CARTESIAN_POINT('Ctrl Pts',(-4.50000000000003,4.15519253464864,-22.8054897723449));
#5499=CARTESIAN_POINT('Ctrl Pts',(-4.50000000000003,4.15519253464864,-22.5986919314399));
#5500=CARTESIAN_POINT('Ctrl Pts',(-4.50000000000003,4.15519253464864,-22.4945252644697));
#5501=CARTESIAN_POINT('Ctrl Pts',(-4.50000000000003,4.15519253464864,-22.3888231044642));
#5502=CARTESIAN_POINT('Ctrl Pts',(-4.50000000000003,4.15519253464864,-22.3872876114288));
#5503=CARTESIAN_POINT('Ctrl Pts',(-4.50000000000003,4.15519253464864,-22.3857521183934));
#5504=CARTESIAN_POINT('',(-4.49999999999992,5.39449951339337,-24.0128967766791));
#5505=CARTESIAN_POINT('Ctrl Pts',(-4.49898460764113,5.39278524950457,-24.0128967766801));
#5506=CARTESIAN_POINT('Ctrl Pts',(-4.49913072762438,5.273908924808,-23.9122031461542));
#5507=CARTESIAN_POINT('Ctrl Pts',(-4.49927990482704,5.15409023425107,-23.8118066813743));
#5508=CARTESIAN_POINT('Ctrl Pts',(-4.49941106685858,5.03371678805682,-23.7122224354515));
#5509=CARTESIAN_POINT('Ctrl Pts',(-4.4994949097115,4.95677033467238,-23.6485650859364));
#5510=CARTESIAN_POINT('Ctrl Pts',(-4.49957203817646,4.87959664305943,-23.5852396223917));
#5511=CARTESIAN_POINT('Ctrl Pts',(-4.49964513716045,4.8022890537842,-23.5223805768654));
#5512=CARTESIAN_POINT('Ctrl Pts',(-4.49974720125926,4.69434871042486,-23.4346139420374));
#5513=CARTESIAN_POINT('Ctrl Pts',(-4.499844882839,4.58544734846729,-23.3471889752871));
#5514=CARTESIAN_POINT('Ctrl Pts',(-4.49990836790459,4.47589830528608,-23.2605447067456));
#5515=CARTESIAN_POINT('Ctrl Pts',(-4.499968148947,4.37274087863145,-23.1789556803374));
#5516=CARTESIAN_POINT('Ctrl Pts',(-4.49999762851126,4.26900945055904,-23.0980589103699));
#5517=CARTESIAN_POINT('Ctrl Pts',(-4.49999989375671,4.16493385213924,-23.0182209779351));
#5518=CARTESIAN_POINT('Ctrl Pts',(-4.4999999644169,4.16168740353931,-23.0157305791489));
#5519=CARTESIAN_POINT('Ctrl Pts',(-4.50000000000004,4.15844029533416,-23.0132409560129));
#5520=CARTESIAN_POINT('Ctrl Pts',(-4.50000000000004,4.15519253464865,-23.0107521202145));
#5521=CARTESIAN_POINT('',(-4.49999999999998,5.39449951339328,-24.6378967730628));
#5522=CARTESIAN_POINT('',(-4.5,5.39449951339325,-5.55111512312578E-16));
#5523=CARTESIAN_POINT('',(-4.49999998536563,4.15519256634619,-25.5107521218968));
#5524=CARTESIAN_POINT('Ctrl Pts',(-4.49999999999994,4.15519255539486,-25.5107521049705));
#5525=CARTESIAN_POINT('Ctrl Pts',(-4.49999999999994,4.2716471800153,-25.4354051295911));
#5526=CARTESIAN_POINT('Ctrl Pts',(-4.49996127774713,4.38743775113192,-25.358298824421));
#5527=CARTESIAN_POINT('Ctrl Pts',(-4.49988930366828,4.50227681786082,-25.2799523373186));
#5528=CARTESIAN_POINT('Ctrl Pts',(-4.49983030164595,4.59641817107359,-25.2157264207783));
#5529=CARTESIAN_POINT('Ctrl Pts',(-4.499749653152,4.68991878913136,-25.1506670783921));
#5530=CARTESIAN_POINT('Ctrl Pts',(-4.49966356693686,4.78259812313872,-25.0850603084346));
#5531=CARTESIAN_POINT('Ctrl Pts',(-4.49954444496272,4.91084333880734,-24.9942768079637));
#5532=CARTESIAN_POINT('Ctrl Pts',(-4.49940944811417,5.0384766068279,-24.9017685771166));
#5533=CARTESIAN_POINT('Ctrl Pts',(-4.49926066463922,5.16509545550895,-24.808164316738));
#5534=CARTESIAN_POINT('Ctrl Pts',(-4.4991750079135,5.23799169614527,-24.7542750359539));
#5535=CARTESIAN_POINT('Ctrl Pts',(-4.49908545836962,5.31055079362089,-24.7000224799293));
#5536=CARTESIAN_POINT('Ctrl Pts',(-4.49899692502937,5.38268985352349,-24.6455266163713));
#5537=CARTESIAN_POINT('Ctrl Pts',(-4.49899279449952,5.38605550694828,-24.642984107638));
#5538=CARTESIAN_POINT('Ctrl Pts',(-4.49898866119741,5.38942057644961,-24.6404408228693));
#5539=CARTESIAN_POINT('Ctrl Pts',(-4.49898452526402,5.39278505449336,-24.637896773062));
#5540=CARTESIAN_POINT('',(-4.49999999997337,4.15519253470635,-26.1357521202209));
#5541=CARTESIAN_POINT('Ctrl Pts',(-4.49999999999988,4.1551925346488,-26.1357521202145));
#5542=CARTESIAN_POINT('Ctrl Pts',(-4.49999999999988,4.1551925346488,-26.0852042797648));
#5543=CARTESIAN_POINT('Ctrl Pts',(-4.49999999999988,4.1551925346488,-26.0346564393151));
#5544=CARTESIAN_POINT('Ctrl Pts',(-4.49999999999988,4.1551925346488,-25.9320252653803));
#5545=CARTESIAN_POINT('Ctrl Pts',(-4.49999999999988,4.1551925346488,-25.8799419318952));
#5546=CARTESIAN_POINT('Ctrl Pts',(-4.49999999999988,4.1551925346488,-25.775775264925));
#5547=CARTESIAN_POINT('Ctrl Pts',(-4.49999999999988,4.1551925346488,-25.7236919314399));
#5548=CARTESIAN_POINT('Ctrl Pts',(-4.49999999999988,4.1551925346488,-25.6195252644697));
#5549=CARTESIAN_POINT('Ctrl Pts',(-4.49999999999988,4.1551925346488,-25.5674419309846));
#5550=CARTESIAN_POINT('Ctrl Pts',(-4.49999999999988,4.1551925346488,-25.5138231044642));
#5551=CARTESIAN_POINT('Ctrl Pts',(-4.49999999999988,4.1551925346488,-25.5122876114288));
#5552=CARTESIAN_POINT('Ctrl Pts',(-4.49999999999988,4.1551925346488,-25.5107521183934));
#5553=CARTESIAN_POINT('',(-4.49999999999998,5.39449951339328,-27.1378967766791));
#5554=CARTESIAN_POINT('Ctrl Pts',(-4.49898422180689,5.39278433601429,-27.1378967766801));
#5555=CARTESIAN_POINT('Ctrl Pts',(-4.49913040695502,5.27390830681034,-27.0372032649741));
#5556=CARTESIAN_POINT('Ctrl Pts',(-4.49927964380752,5.15408990064187,-26.9368069183115));
#5557=CARTESIAN_POINT('Ctrl Pts',(-4.499410857889,5.03371672139352,-26.8372227879811));
#5558=CARTESIAN_POINT('Ctrl Pts',(-4.49949473426767,4.95677020581166,-26.7735653197309));
#5559=CARTESIAN_POINT('Ctrl Pts',(-4.49957189310033,4.87959644349317,-26.7102397384279));
#5560=CARTESIAN_POINT('Ctrl Pts',(-4.49964501867837,4.80228877407999,-26.6473805768654));
#5561=CARTESIAN_POINT('Ctrl Pts',(-4.49974711955744,4.69434869050582,-26.5596140822347));
#5562=CARTESIAN_POINT('Ctrl Pts',(-4.49984483087344,4.58544757457098,-26.4721892545905));
#5563=CARTESIAN_POINT('Ctrl Pts',(-4.49990833648668,4.47589875693208,-26.3855451219598));
#5564=CARTESIAN_POINT('Ctrl Pts',(-4.49996813707486,4.37274120288509,-26.3039559547982));
#5565=CARTESIAN_POINT('Ctrl Pts',(-4.49999762782255,4.26900962549759,-26.2230590458041));
#5566=CARTESIAN_POINT('Ctrl Pts',(-4.49999989372603,4.16493385206715,-26.1432209779351));
#5567=CARTESIAN_POINT('Ctrl Pts',(-4.49999996440662,4.16168740352689,-26.1407305791579));
#5568=CARTESIAN_POINT('Ctrl Pts',(-4.50000000000003,4.15844029533996,-26.1382409560174));
#5569=CARTESIAN_POINT('Ctrl Pts',(-4.50000000000005,4.15519253464865,-26.1357521202145));
#5570=CARTESIAN_POINT('',(-4.50000000415335,5.39449950646395,-27.762896772297));
#5571=CARTESIAN_POINT('',(-4.5,5.39449951339325,-5.55111512312578E-16));
#5572=CARTESIAN_POINT('',(-4.49999999999998,4.1551925346487,-28.6357521183934));
#5573=CARTESIAN_POINT('Ctrl Pts',(-4.50000000000009,4.15519253464857,-28.6357521183934));
#5574=CARTESIAN_POINT('Ctrl Pts',(-4.50000000000009,4.27164678476882,-28.560405385572));
#5575=CARTESIAN_POINT('Ctrl Pts',(-4.49996126528383,4.38743695577394,-28.4832993342645));
#5576=CARTESIAN_POINT('Ctrl Pts',(-4.49988926923279,4.50227560660535,-28.4049531072978));
#5577=CARTESIAN_POINT('Ctrl Pts',(-4.49983024877269,4.59641729786659,-28.3407269407835));
#5578=CARTESIAN_POINT('Ctrl Pts',(-4.49974957510497,4.68991823413215,-28.2756673406168));
#5579=CARTESIAN_POINT('Ctrl Pts',(-4.49966345860582,4.78259786769438,-28.210060308489));
#5580=CARTESIAN_POINT('Ctrl Pts',(-4.49954429550541,4.9108426592168,-28.1192770389158));
#5581=CARTESIAN_POINT('Ctrl Pts',(-4.49940924763432,5.03847548229505,-28.0267690477191));
#5582=CARTESIAN_POINT('Ctrl Pts',(-4.49926040591046,5.16509387484458,-27.9331650309752));
#5583=CARTESIAN_POINT('Ctrl Pts',(-4.49917471505351,5.23799036032923,-27.8792755153173));
#5584=CARTESIAN_POINT('Ctrl Pts',(-4.49908512891032,5.31054969424366,-27.8250227206818));
#5585=CARTESIAN_POINT('Ctrl Pts',(-4.49899655701487,5.38268898217577,-27.7705266163713));
#5586=CARTESIAN_POINT('Ctrl Pts',(-4.49899242470463,5.38605463125809,-27.7679841077228));
#5587=CARTESIAN_POINT('Ctrl Pts',(-4.49898828961769,5.38941969640545,-27.7654408230399));
#5588=CARTESIAN_POINT('Ctrl Pts',(-4.49898415189467,5.39278417042349,-27.762896773062));
#5589=CARTESIAN_POINT('',(-4.49999999999994,4.15519253464879,-29.2607521202146));
#5590=CARTESIAN_POINT('Ctrl Pts',(-4.50000000000009,4.15519253464857,-29.2607521202145));
#5591=CARTESIAN_POINT('Ctrl Pts',(-4.50000000000009,4.15519253464857,-29.2471828231361));
#5592=CARTESIAN_POINT('Ctrl Pts',(-4.49999999999997,4.1551925346487,-29.2336135260577));
#5593=CARTESIAN_POINT('Ctrl Pts',(-4.49999999999997,4.1551925346487,-29.1309823521229));
#5594=CARTESIAN_POINT('Ctrl Pts',(-4.49999999999997,4.1551925346487,-29.0419204752665));
#5595=CARTESIAN_POINT('Ctrl Pts',(-4.49999999999997,4.1551925346487,-28.8486919314399));
#5596=CARTESIAN_POINT('Ctrl Pts',(-4.49999999999997,4.1551925346487,-28.7445252644697));
#5597=CARTESIAN_POINT('Ctrl Pts',(-4.49999999999997,4.1551925346487,-28.6388231044642));
#5598=CARTESIAN_POINT('Ctrl Pts',(-4.50000000000009,4.15519253464857,-28.6372876114288));
#5599=CARTESIAN_POINT('Ctrl Pts',(-4.50000000000009,4.15519253464857,-28.6357521183934));
#5600=CARTESIAN_POINT('',(-4.5,5.39449951339325,-30.2628967766791));
#5601=CARTESIAN_POINT('Ctrl Pts',(-4.49898389286268,5.3927835567072,-30.2628967766801));
#5602=CARTESIAN_POINT('Ctrl Pts',(-4.49913013356856,5.27390777946497,-30.1622033662332));
#5603=CARTESIAN_POINT('Ctrl Pts',(-4.49927942127631,5.15408961578547,-30.0618071202333));
#5604=CARTESIAN_POINT('Ctrl Pts',(-4.49941067973333,5.03371666414546,-29.9622230884146));
#5605=CARTESIAN_POINT('Ctrl Pts',(-4.4994945846947,4.95677009562786,-29.8985655189756));
#5606=CARTESIAN_POINT('Ctrl Pts',(-4.49957176941745,4.87959627311634,-29.8352398373165));
#5607=CARTESIAN_POINT('Ctrl Pts',(-4.49964491766819,4.80228853546338,-29.7723805768654));
#5608=CARTESIAN_POINT('Ctrl Pts',(-4.49974704990389,4.69434867355294,-29.6846142018701));
#5609=CARTESIAN_POINT('Ctrl Pts',(-4.49984478657087,4.58544776754208,-29.5971894929304));
#5610=CARTESIAN_POINT('Ctrl Pts',(-4.49990830970164,4.47589914235574,-29.5105454762778));
#5611=CARTESIAN_POINT('Ctrl Pts',(-4.49996812695348,4.37274147958937,-29.4289561890058));
#5612=CARTESIAN_POINT('Ctrl Pts',(-4.49999762723545,4.26900977477956,-29.3480591613752));
#5613=CARTESIAN_POINT('Ctrl Pts',(-4.49999989369992,4.16493385200561,-29.2682209779351));
#5614=CARTESIAN_POINT('Ctrl Pts',(-4.49999996439792,4.16168740380629,-29.265730579388));
#5615=CARTESIAN_POINT('Ctrl Pts',(-4.49999999999997,4.15844029548941,-29.2632409561319));
#5616=CARTESIAN_POINT('Ctrl Pts',(-4.49999999999995,4.15519253464875,-29.2607521202145));
#5617=CARTESIAN_POINT('',(-4.50000000721507,5.39449950135587,-30.8878967717324));
#5618=CARTESIAN_POINT('',(-4.5,5.39449951339325,-5.55111512312578E-16));
#5619=CARTESIAN_POINT('',(-4.50000000000001,4.15519253464863,-31.7607521183934));
#5620=CARTESIAN_POINT('Ctrl Pts',(-4.50000000000003,4.15519253464863,-31.7607521183934));
#5621=CARTESIAN_POINT('Ctrl Pts',(-4.50000000000003,4.27164646481906,-31.6854055925818));
#5622=CARTESIAN_POINT('Ctrl Pts',(-4.49996125465832,4.38743629394205,-31.608299757951));
#5623=CARTESIAN_POINT('Ctrl Pts',(-4.49988923985371,4.50227458936374,-31.5299537530503));
#5624=CARTESIAN_POINT('Ctrl Pts',(-4.49983020365987,4.59641656343057,-31.4657273768705));
#5625=CARTESIAN_POINT('Ctrl Pts',(-4.49974950850332,4.68991776560346,-31.4006675604942));
#5626=CARTESIAN_POINT('Ctrl Pts',(-4.49966336612842,4.78259764922937,-31.335060308489));
#5627=CARTESIAN_POINT('Ctrl Pts',(-4.49954416788267,4.91084207663664,-31.2442772373629));
#5628=CARTESIAN_POINT('Ctrl Pts',(-4.49940907637192,5.03847451783785,-31.1517694521544));
#5629=CARTESIAN_POINT('Ctrl Pts',(-4.49926018484016,5.16509251896844,-31.058165644813));
#5630=CARTESIAN_POINT('Ctrl Pts',(-4.49917446479508,5.23798921522981,-31.0042759273024));
#5631=CARTESIAN_POINT('Ctrl Pts',(-4.49908484735636,5.31054875271852,-30.9500229275991));
#5632=CARTESIAN_POINT('Ctrl Pts',(-4.4989962425062,5.38268823701615,-30.8955266163713));
#5633=CARTESIAN_POINT('Ctrl Pts',(-4.49899210867407,5.38605388256143,-30.8929841076619));
#5634=CARTESIAN_POINT('Ctrl Pts',(-4.49898797206153,5.38941894416317,-30.8904408229175));
#5635=CARTESIAN_POINT('Ctrl Pts',(-4.49898383280938,5.39278341438345,-30.887896773062));
#5636=CARTESIAN_POINT('',(-4.49999999999998,4.1551925346487,-32.3857521202145));
#5637=CARTESIAN_POINT('Ctrl Pts',(-4.50000000000003,4.15519253464863,-32.3857521202145));
#5638=CARTESIAN_POINT('Ctrl Pts',(-4.50000000000003,4.15519253464863,-32.3657128438213));
#5639=CARTESIAN_POINT('Ctrl Pts',(-4.50000000000003,4.15519253464863,-32.3456735674281));
#5640=CARTESIAN_POINT('Ctrl Pts',(-4.50000000000003,4.15519253464863,-32.2430423934933));
#5641=CARTESIAN_POINT('Ctrl Pts',(-4.50000000000003,4.15519253464863,-32.1604504959517));
#5642=CARTESIAN_POINT('Ctrl Pts',(-4.50000000000003,4.15519253464863,-31.9736919314399));
#5643=CARTESIAN_POINT('Ctrl Pts',(-4.50000000000003,4.15519253464863,-31.8695252644697));
#5644=CARTESIAN_POINT('Ctrl Pts',(-4.50000000000003,4.15519253464863,-31.7638231044642));
#5645=CARTESIAN_POINT('Ctrl Pts',(-4.50000000000003,4.15519253464863,-31.7622876114288));
#5646=CARTESIAN_POINT('Ctrl Pts',(-4.50000000000003,4.15519253464863,-31.7607521183934));
#5647=CARTESIAN_POINT('',(-4.50000000592744,5.39449950350412,-33.3878967755861));
#5648=CARTESIAN_POINT('Ctrl Pts',(-4.49898360908885,5.39278288403917,-33.3878967766801));
#5649=CARTESIAN_POINT('Ctrl Pts',(-4.49912989772444,5.27390732403031,-33.2872034534235));
#5650=CARTESIAN_POINT('Ctrl Pts',(-4.4992792293046,5.15408936940754,-33.1868072941041));
#5651=CARTESIAN_POINT('Ctrl Pts',(-4.49941052604383,5.03371661397935,-33.0872233471146));
#5652=CARTESIAN_POINT('Ctrl Pts',(-4.49949445566289,4.95677000001904,-33.0235656905428));
#5653=CARTESIAN_POINT('Ctrl Pts',(-4.49957166272039,4.87959612580273,-32.9602399224684));
#5654=CARTESIAN_POINT('Ctrl Pts',(-4.49964483053017,4.8022883294999,-32.8973805768654));
#5655=CARTESIAN_POINT('Ctrl Pts',(-4.49974698981613,4.69434865913261,-32.809614305307));
#5656=CARTESIAN_POINT('Ctrl Pts',(-4.49984474835243,4.5854479345322,-32.7221896989971));
#5657=CARTESIAN_POINT('Ctrl Pts',(-4.49990828659488,4.47589947567658,-32.6355457826159));
#5658=CARTESIAN_POINT('Ctrl Pts',(-4.49996811822219,4.37274171885811,-32.5539563914988));
#5659=CARTESIAN_POINT('Ctrl Pts',(-4.49999762672897,4.26900990384865,-32.4730592612964));
#5660=CARTESIAN_POINT('Ctrl Pts',(-4.49999989367739,4.1649338519525,-32.3932209779351));
#5661=CARTESIAN_POINT('Ctrl Pts',(-4.49999996439041,4.16168740341556,-32.3907305791019));
#5662=CARTESIAN_POINT('Ctrl Pts',(-4.50000000000009,4.15844029530356,-32.3882409559895));
#5663=CARTESIAN_POINT('Ctrl Pts',(-4.50000000000007,4.15519253464862,-32.3857521202145));
#5664=CARTESIAN_POINT('',(-4.49999999999998,5.39449951339327,-34.0128967730628));
#5665=CARTESIAN_POINT('',(-4.5,5.39449951339325,-5.55111512312578E-16));
#5666=CARTESIAN_POINT('',(-4.49999999976422,4.15519253515936,-34.8857521184499));
#5667=CARTESIAN_POINT('Ctrl Pts',(-4.49999999999997,4.1551925346487,-34.8857521183934));
#5668=CARTESIAN_POINT('Ctrl Pts',(-4.49999999999996,4.27164618823541,-34.8104057715335));
#5669=CARTESIAN_POINT('Ctrl Pts',(-4.49996124547232,4.38743572180107,-34.7333001242113));
#5670=CARTESIAN_POINT('Ctrl Pts',(-4.4998892144549,4.50227370996247,-34.6549543112769));
#5671=CARTESIAN_POINT('Ctrl Pts',(-4.49983016465882,4.59641592848127,-34.5907277538511));
#5672=CARTESIAN_POINT('Ctrl Pts',(-4.49974945092449,4.68991736049218,-34.5256677505708));
#5673=CARTESIAN_POINT('Ctrl Pts',(-4.49966328617897,4.78259746025651,-34.460060308489));
#5674=CARTESIAN_POINT('Ctrl Pts',(-4.49954405754983,4.91084157189274,-34.3692774095939));
#5675=CARTESIAN_POINT('Ctrl Pts',(-4.49940892831251,5.03847368196754,-34.27676980316));
#5676=CARTESIAN_POINT('Ctrl Pts',(-4.4992599937209,5.16509134372702,-34.1831661775611));
#5677=CARTESIAN_POINT('Ctrl Pts',(-4.49917424844009,5.23798822312102,-34.1292762848613));
#5678=CARTESIAN_POINT('Ctrl Pts',(-4.49908460394326,5.31054793750351,-34.0750231071798));
#5679=CARTESIAN_POINT('Ctrl Pts',(-4.49899597060051,5.38268759244624,-34.0205266163713));
#5680=CARTESIAN_POINT('Ctrl Pts',(-4.4989918354526,5.38605323492252,-34.0179841076163));
#5681=CARTESIAN_POINT('Ctrl Pts',(-4.49898769752098,5.38941829344786,-34.0154408228259));
#5682=CARTESIAN_POINT('Ctrl Pts',(-4.4989835569468,5.39278276040192,-34.012896773062));
#5683=CARTESIAN_POINT('',(-4.49999999916405,4.15519253645931,-35.5107521204147));
#5684=CARTESIAN_POINT('Ctrl Pts',(-4.50000000000012,4.15519253464854,-35.5107521202145));
#5685=CARTESIAN_POINT('Ctrl Pts',(-4.50000000000012,4.15519253464854,-35.4842428645065));
#5686=CARTESIAN_POINT('Ctrl Pts',(-4.50000000000012,4.15519253464854,-35.4577336087985));
#5687=CARTESIAN_POINT('Ctrl Pts',(-4.50000000000012,4.15519253464854,-35.3551024348637));
#5688=CARTESIAN_POINT('Ctrl Pts',(-4.50000000000012,4.15519253464854,-35.2789805166369));
#5689=CARTESIAN_POINT('Ctrl Pts',(-4.50000000000012,4.15519253464854,-35.0986919314399));
#5690=CARTESIAN_POINT('Ctrl Pts',(-4.50000000000012,4.15519253464854,-34.9945252644697));
#5691=CARTESIAN_POINT('Ctrl Pts',(-4.50000000000012,4.15519253464854,-34.8888231044641));
#5692=CARTESIAN_POINT('Ctrl Pts',(-4.50000000000012,4.15519253464854,-34.8872876114288));
#5693=CARTESIAN_POINT('Ctrl Pts',(-4.50000000000012,4.15519253464854,-34.8857521183934));
#5694=CARTESIAN_POINT('',(-4.5000000051909,5.39449950473293,-36.5128967757219));
#5695=CARTESIAN_POINT('Ctrl Pts',(-4.49898336177816,5.39278229752248,-36.5128967766801));
#5696=CARTESIAN_POINT('Ctrl Pts',(-4.49912969218443,5.27390692772323,-36.4122035301228));
#5697=CARTESIAN_POINT('Ctrl Pts',(-4.49927906199909,5.15408915618257,-36.3118074470454));
#5698=CARTESIAN_POINT('Ctrl Pts',(-4.49941039210074,5.03371657263827,-36.2122235746669));
#5699=CARTESIAN_POINT('Ctrl Pts',(-4.49949434321024,4.95676991826115,-36.1485658414537));
#5700=CARTESIAN_POINT('Ctrl Pts',(-4.49957156973344,4.87959599816085,-36.085239997368));
#5701=CARTESIAN_POINT('Ctrl Pts',(-4.49964475458981,4.80228814991607,-36.0223805768654));
#5702=CARTESIAN_POINT('Ctrl Pts',(-4.49974693745019,4.69434864638779,-35.9346143953564));
#5703=CARTESIAN_POINT('Ctrl Pts',(-4.49984471504551,4.58544807979207,-35.8471898783961));
#5704=CARTESIAN_POINT('Ctrl Pts',(-4.49990826645778,4.47589976579271,-35.7605460493127));
#5705=CARTESIAN_POINT('Ctrl Pts',(-4.49996811061323,4.37274192713661,-35.6789565677878));
#5706=CARTESIAN_POINT('Ctrl Pts',(-4.49999762628768,4.26901001621392,-35.5980593482873));
#5707=CARTESIAN_POINT('Ctrl Pts',(-4.49999989365785,4.16493385190608,-35.5182209779351));
#5708=CARTESIAN_POINT('Ctrl Pts',(-4.49999996438393,4.16168740339704,-35.5157305790996));
#5709=CARTESIAN_POINT('Ctrl Pts',(-4.50000000000013,4.15844029530204,-35.5132409559884));
#5710=CARTESIAN_POINT('Ctrl Pts',(-4.50000000000014,4.15519253464855,-35.5107521202145));
#5711=CARTESIAN_POINT('',(-4.49999999999996,5.39449951339332,-37.1378967730628));
#5712=CARTESIAN_POINT('',(-4.5,5.39449951339325,-5.55111512312578E-16));
#5713=CARTESIAN_POINT('',(-4.49999997848005,4.15519258126011,-38.0107521235451));
#5714=CARTESIAN_POINT('Ctrl Pts',(-4.50000000000001,4.15519256515599,-38.010752098655));
#5715=CARTESIAN_POINT('Ctrl Pts',(-4.5,4.27225127507768,-37.9350142756433));
#5716=CARTESIAN_POINT('Ctrl Pts',(-4.49999079989565,4.38867426010756,-37.8574988231652));
#5717=CARTESIAN_POINT('Ctrl Pts',(-4.49996890110475,4.50415807053391,-37.7787330099877));
#5718=CARTESIAN_POINT('Ctrl Pts',(-4.49995115483566,4.5977434554466,-37.7149030331541));
#5719=CARTESIAN_POINT('Ctrl Pts',(-4.4999258340097,4.69071080072743,-37.6502519315256));
#5720=CARTESIAN_POINT('Ctrl Pts',(-4.49990491884707,4.78287803805351,-37.5850603084346));
#5721=CARTESIAN_POINT('Ctrl Pts',(-4.49987568603675,4.91169880859856,-37.4939429508646));
#5722=CARTESIAN_POINT('Ctrl Pts',(-4.49985014972988,5.03992503642966,-37.4010881541718));
#5723=CARTESIAN_POINT('Ctrl Pts',(-4.49982271626972,5.16714018882235,-37.3071315808981));
#5724=CARTESIAN_POINT('Ctrl Pts',(-4.49980708082958,5.23964525702039,-37.2535819240786));
#5725=CARTESIAN_POINT('Ctrl Pts',(-4.49979154279585,5.31182102519961,-37.1996743747713));
#5726=CARTESIAN_POINT('Ctrl Pts',(-4.49977975034423,5.38358474663285,-37.1455266163713));
#5727=CARTESIAN_POINT('Ctrl Pts',(-4.49977919662948,5.38695441325873,-37.1429841075562));
#5728=CARTESIAN_POINT('Ctrl Pts',(-4.49977864657143,5.39032350223824,-37.1404408227052));
#5729=CARTESIAN_POINT('Ctrl Pts',(-4.49977810020445,5.39369200558163,-37.137896773062));
#5730=CARTESIAN_POINT('',(-4.49999999864706,4.15519253757909,-38.6357521205384));
#5731=CARTESIAN_POINT('Ctrl Pts',(-4.50000000000003,4.15519253464863,-38.6357521202145));
#5732=CARTESIAN_POINT('Ctrl Pts',(-4.50000000000003,4.15519253464863,-38.6027728851917));
#5733=CARTESIAN_POINT('Ctrl Pts',(-4.50000000000003,4.15519253464863,-38.5697936501689));
#5734=CARTESIAN_POINT('Ctrl Pts',(-4.50000000000003,4.15519253464863,-38.4671624762341));
#5735=CARTESIAN_POINT('Ctrl Pts',(-4.50000000000003,4.15519253464863,-38.3975105373221));
#5736=CARTESIAN_POINT('Ctrl Pts',(-4.50000000000003,4.15519253464863,-38.2236919314399));
#5737=CARTESIAN_POINT('Ctrl Pts',(-4.50000000000003,4.15519253464863,-38.1195252644697));
#5738=CARTESIAN_POINT('Ctrl Pts',(-4.50000000000003,4.15519253464863,-38.0138231044642));
#5739=CARTESIAN_POINT('Ctrl Pts',(-4.50000000000003,4.15519253464863,-38.0122876114288));
#5740=CARTESIAN_POINT('Ctrl Pts',(-4.50000000000003,4.15519253464863,-38.0107521183934));
#5741=CARTESIAN_POINT('',(-4.49999999999998,5.39449951339328,-39.6378967766791));
#5742=CARTESIAN_POINT('Ctrl Pts',(-4.49898314432584,5.3927817816024,-39.6378967766801));
#5743=CARTESIAN_POINT('Ctrl Pts',(-4.4991295114605,5.27390657881962,-39.537203597337));
#5744=CARTESIAN_POINT('Ctrl Pts',(-4.49927891489402,5.1540889680255,-39.4368075810769));
#5745=CARTESIAN_POINT('Ctrl Pts',(-4.49941027433061,5.03371653537675,-39.3372237740876));
#5746=CARTESIAN_POINT('Ctrl Pts',(-4.49949424433582,4.95676984574462,-39.2735659737077));
#5747=CARTESIAN_POINT('Ctrl Pts',(-4.4995714879742,4.879595885583,-39.2102400630079));
#5748=CARTESIAN_POINT('Ctrl Pts',(-4.49964468781879,4.80228799194873,-39.1473805768654));
#5749=CARTESIAN_POINT('Ctrl Pts',(-4.49974689140697,4.69434863537321,-39.0596144747259));
#5750=CARTESIAN_POINT('Ctrl Pts',(-4.4998446857598,4.5854482079595,-38.9721900365159));
#5751=CARTESIAN_POINT('Ctrl Pts',(-4.4999082487515,4.47590002157694,-38.8855462843732));
#5752=CARTESIAN_POINT('Ctrl Pts',(-4.49996810392251,4.37274211074068,-38.8039567231655));
#5753=CARTESIAN_POINT('Ctrl Pts',(-4.49999762589949,4.2690101152522,-38.7230594249592));
#5754=CARTESIAN_POINT('Ctrl Pts',(-4.49999989364049,4.16493385186544,-38.6432209779351));
#5755=CARTESIAN_POINT('Ctrl Pts',(-4.49999996437808,4.16168740325597,-38.6407305790018));
#5756=CARTESIAN_POINT('Ctrl Pts',(-4.50000000000006,4.15844029523859,-38.6382409559397));
#5757=CARTESIAN_POINT('Ctrl Pts',(-4.50000000000005,4.15519253464864,-38.6357521202145));
#5758=CARTESIAN_POINT('',(-4.49999999999991,5.39449951339338,-40.2628967730628));
#5759=CARTESIAN_POINT('',(-4.5,5.39449951339325,-5.55111512312578E-16));
#5760=CARTESIAN_POINT('',(-4.49999997001615,4.15519259959261,-41.1357521255713));
#5761=CARTESIAN_POINT('Ctrl Pts',(-4.5,4.15519257715468,-41.1357520908917));
#5762=CARTESIAN_POINT('Ctrl Pts',(-4.50000000000002,4.2716457773608,-41.0604060368524));
#5763=CARTESIAN_POINT('Ctrl Pts',(-4.49996123041921,4.38743482630609,-40.9833006960911));
#5764=CARTESIAN_POINT('Ctrl Pts',(-4.49988917280916,4.50227231055358,-40.904955197416));
#5765=CARTESIAN_POINT('Ctrl Pts',(-4.49983010071131,4.59641491535329,-40.8407283522536));
#5766=CARTESIAN_POINT('Ctrl Pts',(-4.49974935651155,4.6899167098085,-40.7756680522564));
#5767=CARTESIAN_POINT('Ctrl Pts',(-4.49966315505014,4.78259714977606,-40.7100603084346));
#5768=CARTESIAN_POINT('Ctrl Pts',(-4.49954387653819,4.91084074085864,-40.6192776937484));
#5769=CARTESIAN_POINT('Ctrl Pts',(-4.49940868531657,5.0384723051757,-40.526770382343));
#5770=CARTESIAN_POINT('Ctrl Pts',(-4.49925967999159,5.16508940766264,-40.4331670566585));
#5771=CARTESIAN_POINT('Ctrl Pts',(-4.49917389325281,5.23798658967164,-40.3792768748818));
#5772=CARTESIAN_POINT('Ctrl Pts',(-4.49908420430856,5.31054659640354,-40.3250234035172));
#5773=CARTESIAN_POINT('Ctrl Pts',(-4.49899552417654,5.38268653340758,-40.2705266163713));
#5774=CARTESIAN_POINT('Ctrl Pts',(-4.49899138686832,5.38605217060804,-40.2679841077174));
#5775=CARTESIAN_POINT('Ctrl Pts',(-4.49898724677101,5.38941722384357,-40.265440823029));
#5776=CARTESIAN_POINT('Ctrl Pts',(-4.49898310402534,5.39278168589844,-40.262896773062));
#5777=CARTESIAN_POINT('',(-4.49999999999994,4.15519253464879,-41.7607521202145));
#5778=CARTESIAN_POINT('Ctrl Pts',(-4.49999999999989,4.15519253464879,-41.7607521202145));
#5779=CARTESIAN_POINT('Ctrl Pts',(-4.49999999999989,4.15519253464879,-41.7213029058769));
#5780=CARTESIAN_POINT('Ctrl Pts',(-4.49999999999989,4.15519253464879,-41.6818536915393));
#5781=CARTESIAN_POINT('Ctrl Pts',(-4.49999999999989,4.15519253464879,-41.5792225176045));
#5782=CARTESIAN_POINT('Ctrl Pts',(-4.49999999999989,4.15519253464879,-41.5160405580073));
#5783=CARTESIAN_POINT('Ctrl Pts',(-4.49999999999989,4.15519253464879,-41.3486919314399));
#5784=CARTESIAN_POINT('Ctrl Pts',(-4.49999999999989,4.15519253464879,-41.2445252644697));
#5785=CARTESIAN_POINT('Ctrl Pts',(-4.49999999999989,4.15519253464879,-41.1388231044642));
#5786=CARTESIAN_POINT('Ctrl Pts',(-4.49999999999989,4.15519253464879,-41.1372876114288));
#5787=CARTESIAN_POINT('Ctrl Pts',(-4.49999999999989,4.15519253464879,-41.1357521183934));
#5788=CARTESIAN_POINT('',(-4.49999999999997,5.3944995133933,-42.7628967766791));
#5789=CARTESIAN_POINT('Ctrl Pts',(-4.4997783577685,5.39369108763321,-42.7628967766801));
#5790=CARTESIAN_POINT('Ctrl Pts',(-4.49979763767831,5.27455244263074,-42.6621013885834));
#5791=CARTESIAN_POINT('Ctrl Pts',(-4.49982755503739,5.15447681366122,-42.5616037671528));
#5792=CARTESIAN_POINT('Ctrl Pts',(-4.49985249293461,5.03385964183162,-42.4619205285599));
#5793=CARTESIAN_POINT('Ctrl Pts',(-4.4998683927455,4.95695699825646,-42.3983648635443));
#5794=CARTESIAN_POINT('Ctrl Pts',(-4.49988294088641,4.87983368815653,-42.3351402479773));
#5795=CARTESIAN_POINT('Ctrl Pts',(-4.49990051747424,4.802584700979,-42.2723805768654));
#5796=CARTESIAN_POINT('Ctrl Pts',(-4.49992514454201,4.69434890112538,-42.1844461786353));
#5797=CARTESIAN_POINT('Ctrl Pts',(-4.49995861668072,4.58516305931932,-42.0968547559085));
#5798=CARTESIAN_POINT('Ctrl Pts',(-4.49997724718855,4.4753500056603,-42.0100478612122));
#5799=CARTESIAN_POINT('Ctrl Pts',(-4.49999472168951,4.37235075677062,-41.9286272590684));
#5800=CARTESIAN_POINT('Ctrl Pts',(-4.4999991793431,4.26880000210327,-41.8478968468943));
#5801=CARTESIAN_POINT('Ctrl Pts',(-4.49999996311132,4.16493393356579,-41.7682209779351));
#5802=CARTESIAN_POINT('Ctrl Pts',(-4.4999999876093,4.16168743060357,-41.7657305790182));
#5803=CARTESIAN_POINT('Ctrl Pts',(-4.50000000000013,4.15844029524919,-41.7632409559479));
#5804=CARTESIAN_POINT('Ctrl Pts',(-4.50000000000014,4.15519253464855,-41.7607521202145));
#5805=CARTESIAN_POINT('',(-4.49999999999987,5.39449951339346,-43.3878967730628));
#5806=CARTESIAN_POINT('',(-4.5,5.39449951339325,-5.55111512312578E-16));
#5807=CARTESIAN_POINT('',(-4.50000000000002,4.15519253464863,-44.2607521183934));
#5808=CARTESIAN_POINT('Ctrl Pts',(-4.49999999999998,4.15519253464869,-44.2607521183934));
#5809=CARTESIAN_POINT('Ctrl Pts',(-4.49999999999996,4.27164554443142,-44.1854061880793));
#5810=CARTESIAN_POINT('Ctrl Pts',(-4.49996122412185,4.38743439005828,-44.1083009767549));
#5811=CARTESIAN_POINT('Ctrl Pts',(-4.49988915542028,4.50227166306023,-44.0299556106611));
#5812=CARTESIAN_POINT('Ctrl Pts',(-4.49983007400633,4.59641445063294,-43.965728631348));
#5813=CARTESIAN_POINT('Ctrl Pts',(-4.49974931708748,4.68991641769358,-43.9006681930106));
#5814=CARTESIAN_POINT('Ctrl Pts',(-4.49966310034043,4.78259702062705,-43.835060308489));
#5815=CARTESIAN_POINT('Ctrl Pts',(-4.49954380108569,4.91084039833019,-43.7442778097924));
#5816=CARTESIAN_POINT('Ctrl Pts',(-4.49940858415221,5.03847173874055,-43.6517706187634));
#5817=CARTESIAN_POINT('Ctrl Pts',(-4.49925954946596,5.16508861164832,-43.5581674154599));
#5818=CARTESIAN_POINT('Ctrl Pts',(-4.49917374552299,5.23798591639831,-43.504277115691));
#5819=CARTESIAN_POINT('Ctrl Pts',(-4.49908403812822,5.31054604162915,-43.450023524458));
#5820=CARTESIAN_POINT('Ctrl Pts',(-4.49899533855174,5.38268609289525,-43.3955266163713));
#5821=CARTESIAN_POINT('Ctrl Pts',(-4.49899120034502,5.3860517284202,-43.3929841073678));
#5822=CARTESIAN_POINT('Ctrl Pts',(-4.49898705934738,5.38941677997797,-43.3904408223265));
#5823=CARTESIAN_POINT('Ctrl Pts',(-4.49898291570041,5.39278123895472,-43.3878967730619));
#5824=CARTESIAN_POINT('',(-4.49999999999999,4.15519253464869,-44.8857521202145));
#5825=CARTESIAN_POINT('Ctrl Pts',(-4.50000000000015,4.1551925346485,-44.8857521202145));
#5826=CARTESIAN_POINT('Ctrl Pts',(-4.50000000000015,4.1551925346485,-44.8398329265621));
#5827=CARTESIAN_POINT('Ctrl Pts',(-4.50000000000015,4.1551925346485,-44.7939137329097));
#5828=CARTESIAN_POINT('Ctrl Pts',(-4.50000000000015,4.1551925346485,-44.6912825589749));
#5829=CARTESIAN_POINT('Ctrl Pts',(-4.50000000000015,4.1551925346485,-44.6345705786925));
#5830=CARTESIAN_POINT('Ctrl Pts',(-4.50000000000015,4.1551925346485,-44.4736919314399));
#5831=CARTESIAN_POINT('Ctrl Pts',(-4.50000000000015,4.1551925346485,-44.3695252644697));
#5832=CARTESIAN_POINT('Ctrl Pts',(-4.50000000000015,4.1551925346485,-44.2638231044641));
#5833=CARTESIAN_POINT('Ctrl Pts',(-4.50000000000015,4.1551925346485,-44.2622876114288));
#5834=CARTESIAN_POINT('Ctrl Pts',(-4.50000000000015,4.1551925346485,-44.2607521183934));
#5835=CARTESIAN_POINT('',(-4.49999999999992,5.39449951339338,-45.8878967766791));
#5836=CARTESIAN_POINT('Ctrl Pts',(-4.49898277969651,5.39278091604291,-45.8878967766801));
#5837=CARTESIAN_POINT('Ctrl Pts',(-4.49912920841947,5.27390599323439,-45.7872037099074));
#5838=CARTESIAN_POINT('Ctrl Pts',(-4.49927866822652,5.15408865189555,-45.6868078055565));
#5839=CARTESIAN_POINT('Ctrl Pts',(-4.49941007685273,5.03371647217474,-45.5872241080854));
#5840=CARTESIAN_POINT('Ctrl Pts',(-4.49949407854267,4.95676972362388,-45.5235661952118));
#5841=CARTESIAN_POINT('Ctrl Pts',(-4.49957135088039,4.87959569648159,-45.4602401729443));
#5842=CARTESIAN_POINT('Ctrl Pts',(-4.49964457585731,4.80228772692831,-45.3973805768654));
#5843=CARTESIAN_POINT('Ctrl Pts',(-4.49974681420222,4.6943486167201,-45.3096146077419));
#5844=CARTESIAN_POINT('Ctrl Pts',(-4.49984463665388,4.58544842263838,-45.2221903015139));
#5845=CARTESIAN_POINT('Ctrl Pts',(-4.49990821906206,4.47590045018504,-45.1355466783219));
#5846=CARTESIAN_POINT('Ctrl Pts',(-4.49996809270405,4.3727424184227,-45.0539569835693));
#5847=CARTESIAN_POINT('Ctrl Pts',(-4.49999762524878,4.26901028123312,-44.973059553457));
#5848=CARTESIAN_POINT('Ctrl Pts',(-4.49999989361158,4.16493385179706,-44.8932209779351));
#5849=CARTESIAN_POINT('Ctrl Pts',(-4.49999996436843,4.16168740359472,-44.8907305792792));
#5850=CARTESIAN_POINT('Ctrl Pts',(-4.5,4.15844029541873,-44.8882409560777));
#5851=CARTESIAN_POINT('Ctrl Pts',(-4.50000000000002,4.15519253464867,-44.8857521202145));
#5852=CARTESIAN_POINT('',(-4.49999999999982,5.39449951339355,-46.5128967730628));
#5853=CARTESIAN_POINT('',(-4.5,5.39449951339325,-5.55111512312578E-16));
#5854=CARTESIAN_POINT('',(-4.49999999718207,4.15519254075219,-47.385752119068));
#5855=CARTESIAN_POINT('Ctrl Pts',(-4.50000000000001,4.15519253464866,-47.3857521183934));
#5856=CARTESIAN_POINT('Ctrl Pts',(-4.49999999999999,4.2716453754733,-47.3104062973964));
#5857=CARTESIAN_POINT('Ctrl Pts',(-4.4999612185224,4.38743404055763,-47.2333012004941));
#5858=CARTESIAN_POINT('Ctrl Pts',(-4.49988913993727,4.50227112587251,-47.1549559516677));
#5859=CARTESIAN_POINT('Ctrl Pts',(-4.49983005023054,4.5964140627829,-47.090728861636));
#5860=CARTESIAN_POINT('Ctrl Pts',(-4.49974928198516,4.68991617025633,-47.0256683091236));
#5861=CARTESIAN_POINT('Ctrl Pts',(-4.49966305159878,4.78259690523569,-46.960060308489));
#5862=CARTESIAN_POINT('Ctrl Pts',(-4.49954373382068,4.91084008997413,-46.8692779150652));
#5863=CARTESIAN_POINT('Ctrl Pts',(-4.49940849388653,5.03847122804469,-46.7767708333085));
#5864=CARTESIAN_POINT('Ctrl Pts',(-4.49925943294746,5.16508789358034,-46.6831677410915));
#5865=CARTESIAN_POINT('Ctrl Pts',(-4.49917361361754,5.23798531030085,-46.6292773342417));
#5866=CARTESIAN_POINT('Ctrl Pts',(-4.4990838897242,5.31054554369121,-46.5750236342231));
#5867=CARTESIAN_POINT('Ctrl Pts',(-4.49899517277443,5.38268569929904,-46.5205266163713));
#5868=CARTESIAN_POINT('Ctrl Pts',(-4.49899103376588,5.38605133259658,-46.5179841076069));
#5869=CARTESIAN_POINT('Ctrl Pts',(-4.49898689196404,5.38941638192004,-46.515440822807));
#5870=CARTESIAN_POINT('Ctrl Pts',(-4.49898274751015,5.39278083961163,-46.5128967730619));
#5871=CARTESIAN_POINT('',(-4.49999998959799,4.15519255717905,-48.0107521227047));
#5872=CARTESIAN_POINT('Ctrl Pts',(-4.49999999999989,4.15519253464879,-48.0107521202145));
#5873=CARTESIAN_POINT('Ctrl Pts',(-4.49999999999989,4.15519253464879,-47.9583629472473));
#5874=CARTESIAN_POINT('Ctrl Pts',(-4.49999999999989,4.15519253464879,-47.9059737742801));
#5875=CARTESIAN_POINT('Ctrl Pts',(-4.49999999999989,4.15519253464879,-47.8033426003453));
#5876=CARTESIAN_POINT('Ctrl Pts',(-4.49999999999989,4.15519253464879,-47.7531005993777));
#5877=CARTESIAN_POINT('Ctrl Pts',(-4.49999999999989,4.15519253464879,-47.5986919314399));
#5878=CARTESIAN_POINT('Ctrl Pts',(-4.49999999999989,4.15519253464879,-47.4945252644697));
#5879=CARTESIAN_POINT('Ctrl Pts',(-4.49999999999989,4.15519253464879,-47.3888231044642));
#5880=CARTESIAN_POINT('Ctrl Pts',(-4.49999999999989,4.15519253464879,-47.3872876114288));
#5881=CARTESIAN_POINT('Ctrl Pts',(-4.49999999999989,4.15519253464879,-47.3857521183934));
#5882=CARTESIAN_POINT('Ctrl Pts',(-4.49898262536328,5.39278054949211,-49.01289677668));
#5883=CARTESIAN_POINT('Ctrl Pts',(-4.49912908018779,5.27390572081404,-48.9122037368776));
#5884=CARTESIAN_POINT('Ctrl Pts',(-4.49927856346095,5.1540884688847,-48.8118078591757));
#5885=CARTESIAN_POINT('Ctrl Pts',(-4.49940999260816,5.03371637139736,-48.712224187811));
#5886=CARTESIAN_POINT('Ctrl Pts',(-4.49949400747366,4.9567696225691,-48.6485662479076));
#5887=CARTESIAN_POINT('Ctrl Pts',(-4.49957129176922,4.87959559190107,-48.5852401988444));
#5888=CARTESIAN_POINT('Ctrl Pts',(-4.49964452736047,4.80228761506867,-48.5223805764232));
#5889=CARTESIAN_POINT('Ctrl Pts',(-4.49974678040788,4.69434861865628,-48.434614671312));
#5890=CARTESIAN_POINT('Ctrl Pts',(-4.49984461505157,4.58544853291639,-48.3471904287209));
#5891=CARTESIAN_POINT('Ctrl Pts',(-4.49990820596331,4.47590066067006,-48.260546867704));
#5892=CARTESIAN_POINT('Ctrl Pts',(-4.49996808770291,4.37274256812033,-48.178957108789));
#5893=CARTESIAN_POINT('Ctrl Pts',(-4.49999762497701,4.269010361211,-48.0980596153005));
#5894=CARTESIAN_POINT('Ctrl Pts',(-4.49999989359965,4.16493385176879,-48.0182209779352));
#5895=CARTESIAN_POINT('Ctrl Pts',(-4.49999996436449,4.16168740835173,-48.0157305829355));
#5896=CARTESIAN_POINT('Ctrl Pts',(-4.50000000000015,4.15844030550001,-48.0132409638073));
#5897=CARTESIAN_POINT('Ctrl Pts',(-4.50000000000006,4.15519255004548,-48.0107521320135));
#5898=CARTESIAN_POINT('Origin',(0.,0.,0.));
#5899=CARTESIAN_POINT('Ctrl Pts',(4.4999197554827,-5.39423760130494,-0.575396776016816));
#5900=CARTESIAN_POINT('Ctrl Pts',(3.80671176135024,-5.97145949626183,-0.639287863722716));
#5901=CARTESIAN_POINT('Ctrl Pts',(3.00204900584181,-6.41379786037438,-0.703178951428616));
#5902=CARTESIAN_POINT('Ctrl Pts',(2.14281245997322,-6.68880272126813,-0.767070039134516));
#5903=CARTESIAN_POINT('Ctrl Pts',(1.13052209556998,-7.01279356195728,-0.842341898515851));
#5904=CARTESIAN_POINT('Ctrl Pts',(0.0424841371052706,-7.10452803578884,
-0.917613757897186));
#5905=CARTESIAN_POINT('Ctrl Pts',(-1.00869969692272,-6.95081590521061,-0.992885617278522));
#5906=CARTESIAN_POINT('Ctrl Pts',(-2.28455104652168,-6.76425117419064,-1.08424518757414));
#5907=CARTESIAN_POINT('Ctrl Pts',(-3.50611126300606,-6.21611024305188,-1.17560475786976));
#5908=CARTESIAN_POINT('Ctrl Pts',(-4.49906511258683,-5.39296063759244,-1.26696432816539));
#5909=CARTESIAN_POINT('Ctrl Pts',(-4.49899291248574,-5.39280474843219,-1.89196432455099));
#5910=CARTESIAN_POINT('Ctrl Pts',(-3.45848704871372,-6.25480225957565,-1.79624727715107));
#5911=CARTESIAN_POINT('Ctrl Pts',(-2.16676482290464,-6.81433909608698,-1.70053022975115));
#5912=CARTESIAN_POINT('Ctrl Pts',(-0.825572372715425,-6.97474246085916,
-1.60481318235123));
#5913=CARTESIAN_POINT('Ctrl Pts',(0.269845802469919,-7.10575181832129,-1.52663633801979));
#5914=CARTESIAN_POINT('Ctrl Pts',(1.3982645570602,-6.97050736367053,-1.44845949368835));
#5915=CARTESIAN_POINT('Ctrl Pts',(2.43383441137434,-6.5883225820759,-1.37028264935691));
#5916=CARTESIAN_POINT('Ctrl Pts',(3.18396570522282,-6.31148103100868,-1.31365402392615));
#5917=CARTESIAN_POINT('Ctrl Pts',(3.88537865340586,-5.90506848695169,-1.2570253984954));
#5918=CARTESIAN_POINT('Ctrl Pts',(4.49977165453404,-5.39371564801955,-1.20039677306464));
#5919=CARTESIAN_POINT('Origin',(0.,0.,0.));
#5920=CARTESIAN_POINT('Ctrl Pts',(4.49899084854744,-5.3927998813582,-3.70039677518966));
#5921=CARTESIAN_POINT('Ctrl Pts',(3.45847922239312,-6.25478391306823,-3.79611382326502));
#5922=CARTESIAN_POINT('Ctrl Pts',(2.16674112259391,-6.81428320269936,-3.89183087134038));
#5923=CARTESIAN_POINT('Ctrl Pts',(0.825546507027205,-6.9746773195408,-3.98754791941574));
#5924=CARTESIAN_POINT('Ctrl Pts',(-0.269873429122156,-7.105679122851,-4.06572476375597));
#5925=CARTESIAN_POINT('Ctrl Pts',(-1.39828479948187,-6.97044599539887,-4.1439016080962));
#5926=CARTESIAN_POINT('Ctrl Pts',(-2.4338477487652,-6.5882793863872,-4.22207845243643));
#5927=CARTESIAN_POINT('Ctrl Pts',(-3.18397403827447,-6.31145099986501,-4.27870707767941));
#5928=CARTESIAN_POINT('Ctrl Pts',(-3.88538223389118,-5.90505521305349,-4.33533570292239));
#5929=CARTESIAN_POINT('Ctrl Pts',(-4.49977299447483,-5.39371061285716,-4.39196432816537));
#5930=CARTESIAN_POINT('Ctrl Pts',(-4.49977326968329,-5.39370958746263,-5.01696432455035));
#5931=CARTESIAN_POINT('Ctrl Pts',(-3.88538296694572,-5.90505251168415,-4.96033569916497));
#5932=CARTESIAN_POINT('Ctrl Pts',(-3.18397574262277,-6.3114448881222,-4.9037070737796));
#5933=CARTESIAN_POINT('Ctrl Pts',(-2.43385046646448,-6.5882706003934,-4.84707844839422));
#5934=CARTESIAN_POINT('Ctrl Pts',(-1.39828891965369,-6.9704335162529,-4.76890160412338));
#5935=CARTESIAN_POINT('Ctrl Pts',(-0.269879032552204,-7.1056643551576,-4.69072475985254));
#5936=CARTESIAN_POINT('Ctrl Pts',(0.825541266153012,-6.97466409074941,-4.6125479155817));
#5937=CARTESIAN_POINT('Ctrl Pts',(2.1667363188319,-6.81427185889871,-4.5168308680758));
#5938=CARTESIAN_POINT('Ctrl Pts',(3.45847762325106,-6.25478019591864,-4.42111382056989));
#5939=CARTESIAN_POINT('Ctrl Pts',(4.49899041132303,-5.39279890981965,-4.32539677306399));
#5940=CARTESIAN_POINT('Origin',(0.,0.,0.));
#5941=CARTESIAN_POINT('Ctrl Pts',(4.49898900528855,-5.39279561455522,-6.8253967766783));
#5942=CARTESIAN_POINT('Ctrl Pts',(3.45847232506115,-6.25476774219859,-6.92111382416246));
#5943=CARTESIAN_POINT('Ctrl Pts',(2.16672029136065,-6.81423390458666,-7.01683087164662));
#5944=CARTESIAN_POINT('Ctrl Pts',(0.825523731352115,-6.97461981235489,-7.11254791913078));
#5945=CARTESIAN_POINT('Ctrl Pts',(-0.269897800348698,-7.10561491179773,
-7.19072476351838));
#5946=CARTESIAN_POINT('Ctrl Pts',(-1.39830276878311,-6.9703916992705,-7.26890160790599));
#5947=CARTESIAN_POINT('Ctrl Pts',(-2.43385962514621,-6.58824114314491,-7.34707845229359));
#5948=CARTESIAN_POINT('Ctrl Pts',(-3.18398150132603,-6.31142438471906,-7.40370707758395));
#5949=CARTESIAN_POINT('Ctrl Pts',(-3.88538544572754,-5.90504344656721,-7.46033570287431));
#5950=CARTESIAN_POINT('Ctrl Pts',(-4.49977419825349,-5.39370614824452,-7.51696432816467));
#5951=CARTESIAN_POINT('Ctrl Pts',(-4.49977443907632,-5.39370538641162,-8.14196432859901));
#5952=CARTESIAN_POINT('Ctrl Pts',(-3.88538600436181,-5.90504151580228,-8.08533570195877));
#5953=CARTESIAN_POINT('Ctrl Pts',(-3.18398273853087,-6.31142005529487,-8.02870707531852));
#5954=CARTESIAN_POINT('Ctrl Pts',(-2.43386155975122,-6.58823493516293,-7.97207844867828));
#5955=CARTESIAN_POINT('Ctrl Pts',(-1.39830569084677,-6.97038288879598,-7.89390160429068));
#5956=CARTESIAN_POINT('Ctrl Pts',(-0.269901750183603,-7.10560450182805,
-7.81572475990308));
#5957=CARTESIAN_POINT('Ctrl Pts',(0.825520043493185,-6.97461049216219,-7.73754791551547));
#5958=CARTESIAN_POINT('Ctrl Pts',(2.16671692425613,-6.81422591867951,-7.64183086803132));
#5959=CARTESIAN_POINT('Ctrl Pts',(3.4584712121342,-6.25476512198791,-7.54611382054716));
#5960=CARTESIAN_POINT('Ctrl Pts',(4.49898870996913,-5.39279492125049,-7.450396773063));
#5961=CARTESIAN_POINT('Origin',(0.,0.,0.));
#5962=CARTESIAN_POINT('Ctrl Pts',(4.49898769606282,-5.39279253790315,-9.95039677667733));
#5963=CARTESIAN_POINT('Ctrl Pts',(3.45846739104412,-6.25475611447322,-10.0461138241615));
#5964=CARTESIAN_POINT('Ctrl Pts',(2.16670536267087,-6.81419846451702,-10.1418308716456));
#5965=CARTESIAN_POINT('Ctrl Pts',(0.825507370032539,-6.97457844157568,-10.2375479191298));
#5966=CARTESIAN_POINT('Ctrl Pts',(-0.269915331767878,-7.10556869711484,
-10.3157247635174));
#5967=CARTESIAN_POINT('Ctrl Pts',(-1.39831575873739,-6.97035256915833,-10.393901607905));
#5968=CARTESIAN_POINT('Ctrl Pts',(-2.43386823224554,-6.58821356670328,-10.4720784522926));
#5969=CARTESIAN_POINT('Ctrl Pts',(-3.18398693363558,-6.31140517736016,-10.528707077583));
#5970=CARTESIAN_POINT('Ctrl Pts',(-3.88538778647083,-5.90503495325309,-10.5853357028733));
#5971=CARTESIAN_POINT('Ctrl Pts',(-4.49977507591571,-5.39370292541181,-10.6419643281637));
#5972=CARTESIAN_POINT('Ctrl Pts',(-4.50000000002056,-5.3944995133761,-11.2669643245511));
#5973=CARTESIAN_POINT('Ctrl Pts',(-4.49768616480825,-5.39642967546614,-11.2667509948027));
#5974=CARTESIAN_POINT('Ctrl Pts',(-4.49537101521403,-5.39835840937604,-11.266537658366));
#5975=CARTESIAN_POINT('Ctrl Pts',(-3.78808608594402,-5.98682167591524,-11.2013976485148));
#5976=CARTESIAN_POINT('Ctrl Pts',(-2.97503950171556,-6.4296788362222,-11.1370853895651));
#5977=CARTESIAN_POINT('Ctrl Pts',(-1.22477205563593,-6.97793403418699,-11.0072320562067));
#5978=CARTESIAN_POINT('Ctrl Pts',(-0.304369311021181,-7.07806395112678,
-10.942919797257));
#5979=CARTESIAN_POINT('Ctrl Pts',(1.52284679722101,-6.91900047737572,-10.8130664638986));
#5980=CARTESIAN_POINT('Ctrl Pts',(2.41210265282677,-6.66133550918714,-10.7487542049489));
#5981=CARTESIAN_POINT('Ctrl Pts',(3.6816881616854,-6.00484457899366,-10.6475637160015));
#5982=CARTESIAN_POINT('Ctrl Pts',(4.10850136669512,-5.72108103323542,-10.6114919558443));
#5983=CARTESIAN_POINT('Ctrl Pts',(4.49999999999971,-5.3944995133935,-10.5753967730628));
#5984=CARTESIAN_POINT('Origin',(0.,0.,0.));
#5985=CARTESIAN_POINT('Ctrl Pts',(4.49898671175686,-5.3927902196534,-13.0753967766776));
#5986=CARTESIAN_POINT('Ctrl Pts',(3.45846368130484,-6.25474735280169,-13.1711138241618));
#5987=CARTESIAN_POINT('Ctrl Pts',(2.16669413642868,-6.81417175824854,-13.2668308716459));
#5988=CARTESIAN_POINT('Ctrl Pts',(0.825495048775701,-6.97454725036987,-13.3625479191301));
#5989=CARTESIAN_POINT('Ctrl Pts',(-0.269928547377362,-7.105533842839,-13.4407247635177));
#5990=CARTESIAN_POINT('Ctrl Pts',(-1.39832558505544,-6.9703230304773,-13.5189016079053));
#5991=CARTESIAN_POINT('Ctrl Pts',(-2.43387475466127,-6.58819274159125,-13.5970784522929));
#5992=CARTESIAN_POINT('Ctrl Pts',(-3.18399108398184,-6.31139065624892,-13.653707079181));
#5993=CARTESIAN_POINT('Ctrl Pts',(-3.8853896068027,-5.90502851176807,-13.7103357060691));
#5994=CARTESIAN_POINT('Ctrl Pts',(-4.49977579588095,-5.39370044642138,-13.7669643329572));
#5995=CARTESIAN_POINT('Ctrl Pts',(-4.49977585875157,-5.3937000722589,-14.3919643245494));
#5996=CARTESIAN_POINT('Ctrl Pts',(-3.88538987623749,-5.90502743233801,-14.3353356995195));
#5997=CARTESIAN_POINT('Ctrl Pts',(-3.18399177895493,-6.31138817320649,-14.2787070744897));
#5998=CARTESIAN_POINT('Ctrl Pts',(-2.43387588432989,-6.5881891700022,-14.2220784494598));
#5999=CARTESIAN_POINT('Ctrl Pts',(-1.39832728429862,-6.97031796739603,-14.1439016053327));
#6000=CARTESIAN_POINT('Ctrl Pts',(-0.269930828172475,-7.10552787416784,
-14.0657247612056));
#6001=CARTESIAN_POINT('Ctrl Pts',(0.825492918884067,-6.97454191357786,-13.9875479170785));
#6002=CARTESIAN_POINT('Ctrl Pts',(2.16669220306739,-6.81416719370036,-13.8918308690734));
#6003=CARTESIAN_POINT('Ctrl Pts',(3.45846304160935,-6.25474585826973,-13.7961138210682));
#6004=CARTESIAN_POINT('Ctrl Pts',(4.49898654357898,-5.39278982305026,-13.7003967730631));
#6005=CARTESIAN_POINT('Origin',(0.,0.,0.));
#6006=CARTESIAN_POINT('Ctrl Pts',(4.49999999999969,-5.39449951339351,-16.2003967766791));
#6007=CARTESIAN_POINT('Ctrl Pts',(4.10458370057965,-5.72434908386288,-16.2368531583575));
#6008=CARTESIAN_POINT('Ctrl Pts',(3.67316562526744,-6.01050003753948,-16.27328351131));
#6009=CARTESIAN_POINT('Ctrl Pts',(2.39760244541431,-6.66656826916735,-16.3748364205611));
#6010=CARTESIAN_POINT('Ctrl Pts',(1.5077880379807,-6.92229768257967,-16.4391486795108));
#6011=CARTESIAN_POINT('Ctrl Pts',(-0.319769853219508,-7.07738491356077,
-16.5690020128693));
#6012=CARTESIAN_POINT('Ctrl Pts',(-1.23995254481146,-6.97525251588366,-16.6333142718189));
#6013=CARTESIAN_POINT('Ctrl Pts',(-2.98703741924025,-6.42381686145113,-16.7630202010867));
#6014=CARTESIAN_POINT('Ctrl Pts',(-3.79741624537949,-5.98058296523807,-16.8271878848143));
#6015=CARTESIAN_POINT('Ctrl Pts',(-4.49999999999364,-5.39449951339856,-16.8919643281649));
#6016=CARTESIAN_POINT('Ctrl Pts',(-4.49977636101069,-5.3936982518261,-17.5169643245504));
#6017=CARTESIAN_POINT('Ctrl Pts',(-3.88539121194974,-5.90502263777717,-17.4603356992601));
#6018=CARTESIAN_POINT('Ctrl Pts',(-3.18399487400828,-6.31137733176012,-17.4037070739697));
#6019=CARTESIAN_POINT('Ctrl Pts',(-2.43388076016057,-6.58817361990877,-17.3470784486794));
#6020=CARTESIAN_POINT('Ctrl Pts',(-1.39833461983771,-6.97029591644541,-17.2689016042918));
#6021=CARTESIAN_POINT('Ctrl Pts',(-0.269940664509296,-7.10550187344158,
-17.1907247599042));
#6022=CARTESIAN_POINT('Ctrl Pts',(0.825483760739022,-6.97451864814448,-17.1125479155166));
#6023=CARTESIAN_POINT('Ctrl Pts',(2.16668386350786,-6.81414727867311,-17.0168308680324));
#6024=CARTESIAN_POINT('Ctrl Pts',(3.45846028703505,-6.25473932204695,-16.9211138205482));
#6025=CARTESIAN_POINT('Ctrl Pts',(4.4989858111998,-5.39278809483717,-16.8253967730641));
#6026=CARTESIAN_POINT('Origin',(0.,0.,0.));
#6027=CARTESIAN_POINT('Ctrl Pts',(4.49898533016767,-5.39278695839241,-19.325396776679));
#6028=CARTESIAN_POINT('Ctrl Pts',(3.45845847392029,-6.25473502678584,-19.4211138241632));
#6029=CARTESIAN_POINT('Ctrl Pts',(2.16667837551064,-6.81413418527048,-19.5168308716473));
#6030=CARTESIAN_POINT('Ctrl Pts',(0.825477725382965,-6.97450334515674,-19.6125479191315));
#6031=CARTESIAN_POINT('Ctrl Pts',(-0.269947146920414,-7.10548476577645,
-19.6907247635191));
#6032=CARTESIAN_POINT('Ctrl Pts',(-1.39833946299657,-6.9702813991947,-19.7689016079067));
#6033=CARTESIAN_POINT('Ctrl Pts',(-2.43388398271682,-6.58816337957457,-19.8470784522943));
#6034=CARTESIAN_POINT('Ctrl Pts',(-3.18399692265563,-6.31137018947755,-19.9037070775846));
#6035=CARTESIAN_POINT('Ctrl Pts',(-3.88539209647378,-5.90501947846344,-19.960335702875));
#6036=CARTESIAN_POINT('Ctrl Pts',(-4.49977669297704,-5.39369705282569,-20.0169643281654));
#6037=CARTESIAN_POINT('Ctrl Pts',(-4.49977676810211,-5.39369678193521,-20.641964324551));
#6038=CARTESIAN_POINT('Ctrl Pts',(-3.88539229662847,-5.90501876469159,-20.5853356992606));
#6039=CARTESIAN_POINT('Ctrl Pts',(-3.18399738614257,-6.31136857590577,-20.5287070739703));
#6040=CARTESIAN_POINT('Ctrl Pts',(-2.43388471125783,-6.58816106642065,-20.4720784486799));
#6041=CARTESIAN_POINT('Ctrl Pts',(-1.39834055744925,-6.97027812025506,-20.3939016042923));
#6042=CARTESIAN_POINT('Ctrl Pts',(-0.269948610566175,-7.10548090263214,
-20.3157247599047));
#6043=CARTESIAN_POINT('Ctrl Pts',(0.825476363010901,-6.97449988980158,-20.2375479155171));
#6044=CARTESIAN_POINT('Ctrl Pts',(2.16667713713461,-6.81413122919838,-20.141830868033));
#6045=CARTESIAN_POINT('Ctrl Pts',(3.45845806480354,-6.25473405706641,-20.0461138205488));
#6046=CARTESIAN_POINT('Ctrl Pts',(4.49898522162695,-5.39278670182333,-19.9503967730647));
#6047=CARTESIAN_POINT('Origin',(0.,0.,0.));
#6048=CARTESIAN_POINT('Ctrl Pts',(4.49898482671264,-5.39278576788473,-22.450396776678));
#6049=CARTESIAN_POINT('Ctrl Pts',(3.45845657624402,-6.25473052715159,-22.5461138241622));
#6050=CARTESIAN_POINT('Ctrl Pts',(2.16667263117983,-6.81412046853167,-22.6418308716463));
#6051=CARTESIAN_POINT('Ctrl Pts',(0.825471404386982,-6.97448731032061,-22.7375479191305));
#6052=CARTESIAN_POINT('Ctrl Pts',(-0.26995393890741,-7.10546683763566,-22.8157247635181));
#6053=CARTESIAN_POINT('Ctrl Pts',(-1.39834454463122,-6.97026617993646,-22.8939016079057));
#6054=CARTESIAN_POINT('Ctrl Pts',(-2.43388736635457,-6.58815264235134,-22.9720784522933));
#6055=CARTESIAN_POINT('Ctrl Pts',(-3.18399907632265,-6.31136269888679,-23.0287070775836));
#6056=CARTESIAN_POINT('Ctrl Pts',(-3.88539302665307,-5.90501616488829,-23.085335702874));
#6057=CARTESIAN_POINT('Ctrl Pts',(-4.49977704213204,-5.39369579524756,-23.1419643281644));
#6058=CARTESIAN_POINT('Ctrl Pts',(-4.49977710470688,-5.39369557024138,-23.7669643245502));
#6059=CARTESIAN_POINT('Ctrl Pts',(-3.88539319334245,-5.90501557203109,-23.7103356992598));
#6060=CARTESIAN_POINT('Ctrl Pts',(-3.18399946218566,-6.31136135873304,-23.6537070739695));
#6061=CARTESIAN_POINT('Ctrl Pts',(-2.43388797214692,-6.5881507216046,-23.5970784486791));
#6062=CARTESIAN_POINT('Ctrl Pts',(-1.39834545403994,-6.9702634576706,-23.5189016042915));
#6063=CARTESIAN_POINT('Ctrl Pts',(-0.269955153372841,-7.1054636315593,-23.4407247599039));
#6064=CARTESIAN_POINT('Ctrl Pts',(0.825470274415548,-6.97448444304472,-23.3625479155163));
#6065=CARTESIAN_POINT('Ctrl Pts',(2.16667160466023,-6.81411801607143,-23.2668308680322));
#6066=CARTESIAN_POINT('Ctrl Pts',(3.45845623714066,-6.2547297226594,-23.171113820548));
#6067=CARTESIAN_POINT('Ctrl Pts',(4.49898473675008,-5.39278555503425,-23.0753967730638));
#6068=CARTESIAN_POINT('Origin',(0.,0.,0.));
#6069=CARTESIAN_POINT('Ctrl Pts',(4.49898440672687,-5.39278477390758,-25.5753967766773));
#6070=CARTESIAN_POINT('Ctrl Pts',(3.45845499315075,-6.25472677028889,-25.6711138241614));
#6071=CARTESIAN_POINT('Ctrl Pts',(2.16666783880512,-6.81410901580109,-25.7668308716456));
#6072=CARTESIAN_POINT('Ctrl Pts',(0.825466128006186,-6.97447391952678,-25.8625479191297));
#6073=CARTESIAN_POINT('Ctrl Pts',(-0.269959610599878,-7.10545186392976,
-25.9407247635173));
#6074=CARTESIAN_POINT('Ctrl Pts',(-1.39834879365969,-6.97025346423275,-26.0189016079049));
#6075=CARTESIAN_POINT('Ctrl Pts',(-2.43389019745982,-6.58814367007396,-26.0970784522925));
#6076=CARTESIAN_POINT('Ctrl Pts',(-3.18400088033293,-6.31135643821908,-26.1537070775829));
#6077=CARTESIAN_POINT('Ctrl Pts',(-3.88539380605587,-5.90501339524075,-26.2103357028732));
#6078=CARTESIAN_POINT('Ctrl Pts',(-4.49977733473368,-5.39369474407724,-26.2669643281636));
#6079=CARTESIAN_POINT('Ctrl Pts',(-4.49977738765732,-5.39369455421468,-26.8919643245492));
#6080=CARTESIAN_POINT('Ctrl Pts',(-3.88539394701607,-5.90501289499028,-26.8353356992589));
#6081=CARTESIAN_POINT('Ctrl Pts',(-3.18400120654536,-6.31135530745466,-26.7787070739685));
#6082=CARTESIAN_POINT('Ctrl Pts',(-2.43389070909175,-6.58814204974072,-26.7220784486782));
#6083=CARTESIAN_POINT('Ctrl Pts',(-1.39834956126639,-6.97025116804096,-26.6439016042906));
#6084=CARTESIAN_POINT('Ctrl Pts',(-0.269960634500134,-7.10544916049678,
-26.565724759903));
#6085=CARTESIAN_POINT('Ctrl Pts',(0.825465175664419,-6.97447150203649,-26.4875479155154));
#6086=CARTESIAN_POINT('Ctrl Pts',(2.16666699476032,-6.81410694593618,-26.3918308665551));
#6087=CARTESIAN_POINT('Ctrl Pts',(3.45845474735251,-6.25472607487472,-26.2961138175949));
#6088=CARTESIAN_POINT('Ctrl Pts',(4.49898437908912,-5.392784554607,-26.2003967686346));
#6089=CARTESIAN_POINT('Origin',(0.,0.,0.));
#6090=CARTESIAN_POINT('Ctrl Pts',(4.49898405103934,-5.39278393150426,-28.7003967766779));
#6091=CARTESIAN_POINT('Ctrl Pts',(3.45845365239329,-6.25472358629296,-28.7961138241621));
#6092=CARTESIAN_POINT('Ctrl Pts',(2.16666377982277,-6.8140993092556,-28.8918308716462));
#6093=CARTESIAN_POINT('Ctrl Pts',(0.82546165703212,-6.9744625685915,-28.9875479191304));
#6094=CARTESIAN_POINT('Ctrl Pts',(-0.269964418067893,-7.10543916994004,
-29.065724763518));
#6095=CARTESIAN_POINT('Ctrl Pts',(-1.39835239918043,-6.97024268130967,-29.1439016079056));
#6096=CARTESIAN_POINT('Ctrl Pts',(-2.43389260111368,-6.58813606064841,-29.2220784522932));
#6097=CARTESIAN_POINT('Ctrl Pts',(-3.18400241339554,-6.31135112756636,-29.2787070775835));
#6098=CARTESIAN_POINT('Ctrl Pts',(-3.88539446856944,-5.90501104576554,-29.3353357028739));
#6099=CARTESIAN_POINT('Ctrl Pts',(-4.49977758348345,-5.39369385235861,-29.3919643281642));
#6100=CARTESIAN_POINT('Ctrl Pts',(-4.49977762882547,-5.39369369000493,-30.0169643245496));
#6101=CARTESIAN_POINT('Ctrl Pts',(-3.88539458932389,-5.90501061800429,-29.9603356992592));
#6102=CARTESIAN_POINT('Ctrl Pts',(-3.1840026927835,-6.31135016069557,-29.9037070739689));
#6103=CARTESIAN_POINT('Ctrl Pts',(-2.43389303894017,-6.58813467539115,-29.8470784486785));
#6104=CARTESIAN_POINT('Ctrl Pts',(-1.39835305573406,-6.97024071846234,-29.7689016042909));
#6105=CARTESIAN_POINT('Ctrl Pts',(-0.269965292976958,-7.10543685958031,
-29.6907247599033));
#6106=CARTESIAN_POINT('Ctrl Pts',(0.825460843500604,-6.97446050278496,-29.6125479155157));
#6107=CARTESIAN_POINT('Ctrl Pts',(2.1666630414258,-6.81409754287329,-29.5168308680326));
#6108=CARTESIAN_POINT('Ctrl Pts',(3.45845340847159,-6.25472300689185,-29.4211138205494));
#6109=CARTESIAN_POINT('Ctrl Pts',(4.49898398630518,-5.39278377823462,-29.3253967730663));
#6110=CARTESIAN_POINT('Origin',(0.,0.,0.));
#6111=CARTESIAN_POINT('Ctrl Pts',(4.49898374593166,-5.39278320845852,-31.8253967766789));
#6112=CARTESIAN_POINT('Ctrl Pts',(3.458452502276,-6.25472085340897,-31.9211138241631));
#6113=CARTESIAN_POINT('Ctrl Pts',(2.16666029782799,-6.81409097780672,-32.0168308716472));
#6114=CARTESIAN_POINT('Ctrl Pts',(0.825457820117625,-6.97445282438605,-32.1125479191314));
#6115=CARTESIAN_POINT('Ctrl Pts',(-0.269968544862884,-7.10542827186646,
-32.190724763519));
#6116=CARTESIAN_POINT('Ctrl Pts',(-1.39835549706769,-6.97023342163545,-32.2689016079066));
#6117=CARTESIAN_POINT('Ctrl Pts',(-2.43389466730235,-6.58812952549277,-32.3470784522942));
#6118=CARTESIAN_POINT('Ctrl Pts',(-3.18400373225707,-6.31134656595857,-32.4037070775845));
#6119=CARTESIAN_POINT('Ctrl Pts',(-3.88539503863943,-5.90500902759857,-32.4603357028749));
#6120=CARTESIAN_POINT('Ctrl Pts',(-4.49977779754587,-5.39369308637179,-32.5169643281652));
#6121=CARTESIAN_POINT('Ctrl Pts',(-4.49977783682403,-5.39369294595388,-33.1419643245507));
#6122=CARTESIAN_POINT('Ctrl Pts',(-3.88539514323742,-5.90500865764044,-33.0853356992604));
#6123=CARTESIAN_POINT('Ctrl Pts',(-3.18400397421847,-6.31134572977059,-33.02870707397));
#6124=CARTESIAN_POINT('Ctrl Pts',(-2.43389504620931,-6.58812832763321,-32.9720784486797));
#6125=CARTESIAN_POINT('Ctrl Pts',(-1.39835606503051,-6.97023172448172,-32.8939016042921));
#6126=CARTESIAN_POINT('Ctrl Pts',(-0.269969301085214,-7.10542627468892,
-32.8157247599044));
#6127=CARTESIAN_POINT('Ctrl Pts',(0.825457117117296,-6.97445103874817,-32.7375479155168));
#6128=CARTESIAN_POINT('Ctrl Pts',(2.16665965999085,-6.81408945117076,-32.6418308680327));
#6129=CARTESIAN_POINT('Ctrl Pts',(3.45845229160006,-6.25472035264513,-32.5461138205485));
#6130=CARTESIAN_POINT('Ctrl Pts',(4.49898369004233,-5.39278307597001,-32.4503967730644));
#6131=CARTESIAN_POINT('Origin',(0.,0.,0.));
#6132=CARTESIAN_POINT('Ctrl Pts',(4.49999999998938,-5.39449951340212,-34.9503967766801));
#6133=CARTESIAN_POINT('Ctrl Pts',(3.79796137335271,-5.98012822872759,-35.0151229606112));
#6134=CARTESIAN_POINT('Ctrl Pts',(2.98828401303807,-6.42313785509491,-35.0792422672111));
#6135=CARTESIAN_POINT('Ctrl Pts',(1.2420275464176,-6.97488333577455,-35.2088988744486));
#6136=CARTESIAN_POINT('Ctrl Pts',(0.321875278743496,-7.07728947257772,-35.2732111333982));
#6137=CARTESIAN_POINT('Ctrl Pts',(-1.50572866823484,-6.92274592567005,-35.4030644667567));
#6138=CARTESIAN_POINT('Ctrl Pts',(-2.39561911281979,-6.6672812330078,-35.4673767257063));
#6139=CARTESIAN_POINT('Ctrl Pts',(-3.671999871339,-6.01127257481789,-35.5689791842116));
#6140=CARTESIAN_POINT('Ctrl Pts',(-4.10404804302971,-5.72479592030593,-35.6054585602171));
#6141=CARTESIAN_POINT('Ctrl Pts',(-4.49999999999967,-5.39449951339352,-35.6419643281654));
#6142=CARTESIAN_POINT('Ctrl Pts',(-4.49898343256784,-5.39278246543349,-36.2669643245509));
#6143=CARTESIAN_POINT('Ctrl Pts',(-3.4584513210234,-6.25471804499755,-36.1712472770667));
#6144=CARTESIAN_POINT('Ctrl Pts',(-2.16665672142801,-6.81408241597941,-36.0755302295826));
#6145=CARTESIAN_POINT('Ctrl Pts',(-0.825453877747693,-6.97444280947322,
-35.9798131820984));
#6146=CARTESIAN_POINT('Ctrl Pts',(0.269972786138586,-7.10541707014685,-35.9016363377108));
#6147=CARTESIAN_POINT('Ctrl Pts',(1.3983586836262,-6.97022390177183,-35.8234594933232));
#6148=CARTESIAN_POINT('Ctrl Pts',(2.43389679354171,-6.58812280605875,-35.7452826489356));
#6149=CARTESIAN_POINT('Ctrl Pts',(3.18400509043766,-6.3113418750597,-35.6886540236452));
#6150=CARTESIAN_POINT('Ctrl Pts',(3.88539562582189,-5.90500695215674,-35.6320253983549));
#6151=CARTESIAN_POINT('Ctrl Pts',(4.49977801805394,-5.39369229863281,-35.5753967730645));
#6152=CARTESIAN_POINT('Origin',(0.,0.,0.));
#6153=CARTESIAN_POINT('Ctrl Pts',(4.49898330294198,-5.392781987428,-38.0753967717783));
#6154=CARTESIAN_POINT('Ctrl Pts',(3.45845067564449,-6.2547163859746,-38.1711138208959));
#6155=CARTESIAN_POINT('Ctrl Pts',(2.16665465677966,-6.81407741362535,-38.2668308700136));
#6156=CARTESIAN_POINT('Ctrl Pts',(0.825451575927394,-6.97443696074741,-38.3625479191313));
#6157=CARTESIAN_POINT('Ctrl Pts',(-0.26997526297404,-7.10541052791217,-38.4407247635189));
#6158=CARTESIAN_POINT('Ctrl Pts',(-1.39836054579869,-6.97021834078401,-38.5189016079065));
#6159=CARTESIAN_POINT('Ctrl Pts',(-2.43389803650551,-6.58811888062992,-38.5970784522941));
#6160=CARTESIAN_POINT('Ctrl Pts',(-3.18400588486798,-6.3113391343737,-38.6537070775845));
#6161=CARTESIAN_POINT('Ctrl Pts',(-3.88539596933354,-5.90500573953485,-38.7103357028749));
#6162=CARTESIAN_POINT('Ctrl Pts',(-4.49977814706535,-5.39369183837463,-38.7669643281652));
#6163=CARTESIAN_POINT('Ctrl Pts',(-4.49977817736762,-5.3936917303324,-39.3919643245499));
#6164=CARTESIAN_POINT('Ctrl Pts',(-3.88539605001551,-5.9050054548837,-39.3353356992595));
#6165=CARTESIAN_POINT('Ctrl Pts',(-3.18400607144589,-6.31133849103353,-39.2787070739692));
#6166=CARTESIAN_POINT('Ctrl Pts',(-2.43389832834844,-6.58811795923426,-39.2220784486788));
#6167=CARTESIAN_POINT('Ctrl Pts',(-1.3983609829619,-6.97021703552767,-39.1439016042912));
#6168=CARTESIAN_POINT('Ctrl Pts',(-0.26997584425509,-7.10540899246901,-39.0657247599036));
#6169=CARTESIAN_POINT('Ctrl Pts',(0.825451035768809,-6.97443558810786,-38.987547915516));
#6170=CARTESIAN_POINT('Ctrl Pts',(2.16665414408084,-6.81407624305368,-38.8918308680318));
#6171=CARTESIAN_POINT('Ctrl Pts',(3.45845046978022,-6.2547160202104,-38.7961138205477));
#6172=CARTESIAN_POINT('Ctrl Pts',(4.4989832067537,-5.39278192973646,-38.7003967730635));
#6173=CARTESIAN_POINT('Origin',(0.,0.,0.));
#6174=CARTESIAN_POINT('Ctrl Pts',(4.49977829158487,-5.39369132331537,-41.2003967766778));
#6175=CARTESIAN_POINT('Ctrl Pts',(3.88539635411808,-5.90500438254765,-41.2570254019682));
#6176=CARTESIAN_POINT('Ctrl Pts',(3.18400677464089,-6.3113360674718,-41.3136540272585));
#6177=CARTESIAN_POINT('Ctrl Pts',(2.43389942801733,-6.58811448835376,-41.3702826525489));
#6178=CARTESIAN_POINT('Ctrl Pts',(1.39836262997017,-6.97021211880462,-41.4484594969365));
#6179=CARTESIAN_POINT('Ctrl Pts',(0.269978033612244,-7.10540320909839,-41.5266363413241));
#6180=CARTESIAN_POINT('Ctrl Pts',(-0.825449001463165,-6.97443041808333,
-41.6048131857117));
#6181=CARTESIAN_POINT('Ctrl Pts',(-2.1666522996147,-6.81407182398909,-41.7005302331959));
#6182=CARTESIAN_POINT('Ctrl Pts',(-3.45844986060659,-6.25471457072207,-41.79624728068));
#6183=CARTESIAN_POINT('Ctrl Pts',(-4.49898304515513,-5.39278154624725,-41.8919643281642));
#6184=CARTESIAN_POINT('Ctrl Pts',(-4.49977832977596,-5.39369121804102,-42.5169643255875));
#6185=CARTESIAN_POINT('Ctrl Pts',(-3.88539643437982,-5.90500412492124,-42.460335699951));
#6186=CARTESIAN_POINT('Ctrl Pts',(-3.1840069449838,-6.31133549475463,-42.4037070743146));
#6187=CARTESIAN_POINT('Ctrl Pts',(-2.43389968717347,-6.58811367060115,-42.3470784486781));
#6188=CARTESIAN_POINT('Ctrl Pts',(-1.39836301806331,-6.97021096044097,-42.2689016042905));
#6189=CARTESIAN_POINT('Ctrl Pts',(-0.269978549360817,-7.10540184665519,
-42.1907247599029));
#6190=CARTESIAN_POINT('Ctrl Pts',(0.825448522278502,-6.97442920016257,-42.1125479155153));
#6191=CARTESIAN_POINT('Ctrl Pts',(2.16665186519783,-6.81407078301662,-42.0168308680312));
#6192=CARTESIAN_POINT('Ctrl Pts',(3.45844971713405,-6.25471422927703,-41.921113820547));
#6193=CARTESIAN_POINT('Ctrl Pts',(4.4989830070967,-5.39278145591207,-41.8253967730628));
#6194=CARTESIAN_POINT('Origin',(0.,0.,0.));
#6195=CARTESIAN_POINT('Ctrl Pts',(4.49977842034094,-5.39369086491349,-44.3253967766773));
#6196=CARTESIAN_POINT('Ctrl Pts',(3.88539669942684,-5.90500317274873,-44.3820254017358));
#6197=CARTESIAN_POINT('Ctrl Pts',(3.18400757295755,-6.31133333468509,-44.4386540267944));
#6198=CARTESIAN_POINT('Ctrl Pts',(2.43390067616548,-6.58811057626532,-44.495282651853));
#6199=CARTESIAN_POINT('Ctrl Pts',(1.3983644979506,-6.97020657909982,-44.5734594960089));
#6200=CARTESIAN_POINT('Ctrl Pts',(0.269980515161841,-7.10539669622741,-44.6516363401647));
#6201=CARTESIAN_POINT('Ctrl Pts',(-0.825446691925962,-6.97442459951546,
-44.7298131843205));
#6202=CARTESIAN_POINT('Ctrl Pts',(-2.16665021115495,-6.81406685425015,-44.8255302322682));
#6203=CARTESIAN_POINT('Ctrl Pts',(-3.45844917009575,-6.2547129432372,-44.9212472802159));
#6204=CARTESIAN_POINT('Ctrl Pts',(-4.49898286335835,-5.39278111462553,-45.0169643281636));
#6205=CARTESIAN_POINT('Ctrl Pts',(-4.49977845537633,-5.39369077010337,-45.6419643255585));
#6206=CARTESIAN_POINT('Ctrl Pts',(-3.88539677121719,-5.90500294269452,-45.5853357001024));
#6207=CARTESIAN_POINT('Ctrl Pts',(-3.18400772413998,-6.31133282365762,-45.5287070746463));
#6208=CARTESIAN_POINT('Ctrl Pts',(-2.43390090541098,-6.58810984649424,-45.4720784491902));
#6209=CARTESIAN_POINT('Ctrl Pts',(-1.3983648414237,-6.97020554496556,-45.3939016049734));
#6210=CARTESIAN_POINT('Ctrl Pts',(-0.269980971488125,-7.10539547940972,
-45.3157247607565));
#6211=CARTESIAN_POINT('Ctrl Pts',(0.82544626907827,-6.97442351094218,-45.2375479165396));
#6212=CARTESIAN_POINT('Ctrl Pts',(2.16664982653865,-6.81406592302477,-45.141830868714));
#6213=CARTESIAN_POINT('Ctrl Pts',(3.45844904327586,-6.25471263710419,-45.0461138208884));
#6214=CARTESIAN_POINT('Ctrl Pts',(4.49898282935473,-5.39278103390829,-44.9503967730629));
#6215=CARTESIAN_POINT('Origin',(0.,0.,0.));
#6216=CARTESIAN_POINT('Ctrl Pts',(4.4989827005113,-5.39278072798152,-47.4503967766781));
#6217=CARTESIAN_POINT('Ctrl Pts',(3.45844855996036,-6.25471147896248,-47.54611382429));
#6218=CARTESIAN_POINT('Ctrl Pts',(2.16664836200471,-6.81406239580586,-47.6418308719019));
#6219=CARTESIAN_POINT('Ctrl Pts',(0.825444655744706,-6.97441938551319,-47.7375479195139));
#6220=CARTESIAN_POINT('Ctrl Pts',(-0.269982710295508,-7.10539086586429,
-47.8157247638376));
#6221=CARTESIAN_POINT('Ctrl Pts',(-1.39836615065239,-6.97020162269757,-47.8939016081613));
#6222=CARTESIAN_POINT('Ctrl Pts',(-2.43390177968178,-6.58810707788955,-47.972078452485));
#6223=CARTESIAN_POINT('Ctrl Pts',(-3.18400828558815,-6.31133088989835,-48.028707078188));
#6224=CARTESIAN_POINT('Ctrl Pts',(-3.88539701672856,-5.90500208562131,-48.0853357038911));
#6225=CARTESIAN_POINT('Ctrl Pts',(-4.49977855128895,-5.39369044138726,-48.1419643295941));
#6226=CARTESIAN_POINT('Ctrl Pts',(-4.49898267000766,-5.39278065551188,-48.7669643245498));
#6227=CARTESIAN_POINT('Ctrl Pts',(-3.45844844311048,-6.25471120645204,-48.6712472767719));
#6228=CARTESIAN_POINT('Ctrl Pts',(-2.16664800901712,-6.81406156212891,-48.5755302289941));
#6229=CARTESIAN_POINT('Ctrl Pts',(-0.825444264201129,-6.97441840859998,
-48.4798131812163));
#6230=CARTESIAN_POINT('Ctrl Pts',(0.269983130268704,-7.10538977159695,-48.4016363369755));
#6231=CARTESIAN_POINT('Ctrl Pts',(1.39836646706832,-6.97020069135629,-48.3234594927347));
#6232=CARTESIAN_POINT('Ctrl Pts',(2.43390199130315,-6.5881064199,-48.245282648494));
#6233=CARTESIAN_POINT('Ctrl Pts',(3.18400841468455,-6.31133043235637,-48.1886540233505));
#6234=CARTESIAN_POINT('Ctrl Pts',(3.88539706351006,-5.90500188875304,-48.1320253982069));
#6235=CARTESIAN_POINT('Ctrl Pts',(4.49977855744742,-5.39369037725974,-48.0753967730634));
#6236=CARTESIAN_POINT('Origin',(0.,0.,0.));
#6237=CARTESIAN_POINT('',(0.230464369897378,7.02121863882673,0.));
#6238=CARTESIAN_POINT('Ctrl Pts',(4.49977057847427,5.39371974645943,-0.329464324550755));
#6239=CARTESIAN_POINT('Ctrl Pts',(3.88537577892033,5.90507929009689,-0.272835699260408));
#6240=CARTESIAN_POINT('Ctrl Pts',(3.18395900386005,6.31150548056084,-0.216207073970061));
#6241=CARTESIAN_POINT('Ctrl Pts',(2.43382362164562,6.58835778869758,-0.159578448679713));
#6242=CARTESIAN_POINT('Ctrl Pts',(1.72920094493057,6.84841273216415,-0.10638563245368));
#6243=CARTESIAN_POINT('Ctrl Pts',(0.9815920940529,6.99413999267749,-0.0531928162276453));
#6244=CARTESIAN_POINT('Ctrl Pts',(0.23064346675007,7.01945248397795,-1.61137214070155E-12));
#6245=CARTESIAN_POINT('Origin',(0.,0.,0.));
#6246=CARTESIAN_POINT('Origin',(0.,0.,0.));
#6247=CARTESIAN_POINT('Ctrl Pts',(4.49899153032457,5.39280152571399,-3.45446432455083));
#6248=CARTESIAN_POINT('Ctrl Pts',(3.45848184004105,6.25479008159265,-3.35874727706667));
#6249=CARTESIAN_POINT('Ctrl Pts',(2.16674907258244,6.81430198555256,-3.26303022958251));
#6250=CARTESIAN_POINT('Ctrl Pts',(0.825555196867507,6.97469921699158,-3.16731318209836));
#6251=CARTESIAN_POINT('Ctrl Pts',(-0.26986414243804,7.10570356503613,-3.08913633771075));
#6252=CARTESIAN_POINT('Ctrl Pts',(-1.39827797995726,6.97046664162963,-3.01095949332315));
#6253=CARTESIAN_POINT('Ctrl Pts',(-2.43384325079789,6.58829392219426,-2.93278264893555));
#6254=CARTESIAN_POINT('Ctrl Pts',(-3.18397122213667,6.31146110942684,-2.87615402364519));
#6255=CARTESIAN_POINT('Ctrl Pts',(-3.88538102316211,5.90505968189512,-2.81952539835484));
#6256=CARTESIAN_POINT('Ctrl Pts',(-4.49977254118558,5.39371230813786,-2.76289677306448));
#6257=CARTESIAN_POINT('Ctrl Pts',(-4.4989920467299,5.39280273094287,-2.13789677668096));
#6258=CARTESIAN_POINT('Ctrl Pts',(-3.45848378587754,6.25479463617015,-2.23361382416448));
#6259=CARTESIAN_POINT('Ctrl Pts',(-2.16675495713683,6.81431586475503,-2.32933087164801));
#6260=CARTESIAN_POINT('Ctrl Pts',(-0.825561617374992,6.9747153931372,-2.42504791913154));
#6261=CARTESIAN_POINT('Ctrl Pts',(0.269857284198394,7.10572161720962,-2.50322476351914));
#6262=CARTESIAN_POINT('Ctrl Pts',(1.39827295390101,6.97048188180402,-2.58140160790674));
#6263=CARTESIAN_POINT('Ctrl Pts',(2.4338399393018,6.5883046493256,-2.65957845229435));
#6264=CARTESIAN_POINT('Ctrl Pts',(3.18396915260909,6.31146856746457,-2.7162070775847));
#6265=CARTESIAN_POINT('Ctrl Pts',(3.88538013388547,5.90506297829185,-2.77283570287505));
#6266=CARTESIAN_POINT('Ctrl Pts',(4.49977220818663,5.39371355871959,-2.8294643281654));
#6267=CARTESIAN_POINT('Origin',(0.,0.,0.));
#6268=CARTESIAN_POINT('Ctrl Pts',(4.4997738786435,5.39370732848762,-6.57946432454979));
#6269=CARTESIAN_POINT('Ctrl Pts',(3.88538459304494,5.90504655708856,-6.52283569925943));
#6270=CARTESIAN_POINT('Ctrl Pts',(3.18397952108879,6.31143141986001,-6.46620707396907));
#6271=CARTESIAN_POINT('Ctrl Pts',(2.43385647987167,6.58825124828912,-6.40957844867872));
#6272=CARTESIAN_POINT('Ctrl Pts',(1.39829801515337,6.97040604260993,-6.33140160429111));
#6273=CARTESIAN_POINT('Ctrl Pts',(0.269891366928173,7.10563186457861,-6.2532247599035));
#6274=CARTESIAN_POINT('Ctrl Pts',(-0.825529740150101,6.97463499208975,-6.17504791551589));
#6275=CARTESIAN_POINT('Ctrl Pts',(-2.16672578026523,6.81424691346477,-6.07933086803173));
#6276=CARTESIAN_POINT('Ctrl Pts',(-3.45847413940656,6.25477201055845,-5.98361382054758));
#6277=CARTESIAN_POINT('Ctrl Pts',(-4.49898948674282,5.39279674396824,-5.88789677306342));
#6278=CARTESIAN_POINT('Ctrl Pts',(-4.49898983666149,5.39279756408635,-5.26289677667879));
#6279=CARTESIAN_POINT('Ctrl Pts',(-3.45847545439363,6.25477511268354,-5.35861382448599));
#6280=CARTESIAN_POINT('Ctrl Pts',(-2.16672975977746,6.81425636207469,-5.45433087229319));
#6281=CARTESIAN_POINT('Ctrl Pts',(-0.825534090225115,6.97464601264597,-5.55004792010039));
#6282=CARTESIAN_POINT('Ctrl Pts',(0.269886706956647,7.10564416815534,-5.62822476423518));
#6283=CARTESIAN_POINT('Ctrl Pts',(1.39829457510489,6.97041644772867,-5.70640160836997));
#6284=CARTESIAN_POINT('Ctrl Pts',(2.43385420388617,6.58825857807269,-5.78457845250476));
#6285=CARTESIAN_POINT('Ctrl Pts',(3.18397808980616,6.31143652142432,-5.84120707772489));
#6286=CARTESIAN_POINT('Ctrl Pts',(3.88538397696083,5.90504881240284,-5.89783570294502));
#6287=CARTESIAN_POINT('Ctrl Pts',(4.49977364747012,5.39370818446085,-5.95446432816515));
#6288=CARTESIAN_POINT('Origin',(0.,0.,0.));
#6289=CARTESIAN_POINT('Ctrl Pts',(4.49977484541945,5.3937037884247,-9.70446432517093));
#6290=CARTESIAN_POINT('Ctrl Pts',(3.88538715808175,5.90503724008411,-9.64783569959099));
#6291=CARTESIAN_POINT('Ctrl Pts',(3.18398546667402,6.31141035382815,-9.59120707401104));
#6292=CARTESIAN_POINT('Ctrl Pts',(2.43386590657084,6.58822099784574,-9.5345784484311));
#6293=CARTESIAN_POINT('Ctrl Pts',(1.39831225425614,6.97036311046119,-9.45640160414669));
#6294=CARTESIAN_POINT('Ctrl Pts',(0.269910611290103,7.10558114162462,-9.37822475986228));
#6295=CARTESIAN_POINT('Ctrl Pts',(-0.825511772215952,6.97458958054602,-9.30004791557787));
#6296=CARTESIAN_POINT('Ctrl Pts',(-2.16670937720821,6.81420800478298,-9.20433086807286));
#6297=CARTESIAN_POINT('Ctrl Pts',(-3.45846871777174,6.25475924466753,-9.10861382056785));
#6298=CARTESIAN_POINT('Ctrl Pts',(-4.49898804816607,5.39279336609723,-9.01289677306284));
#6299=CARTESIAN_POINT('Ctrl Pts',(-4.49977466899909,5.39370441638584,-8.38789677667774));
#6300=CARTESIAN_POINT('Ctrl Pts',(-3.88538670135186,5.90503888242314,-8.44452540196809));
#6301=CARTESIAN_POINT('Ctrl Pts',(-3.18398441600209,6.31141406266178,-8.50115402725844));
#6302=CARTESIAN_POINT('Ctrl Pts',(-2.43386424703735,6.58822632125696,-8.5577826525488));
#6303=CARTESIAN_POINT('Ctrl Pts',(-1.39830974751556,6.97037066528473,-8.6359594969364));
#6304=CARTESIAN_POINT('Ctrl Pts',(-0.269907227713593,7.10559006340597,-8.71413634132401));
#6305=CARTESIAN_POINT('Ctrl Pts',(0.825514930857873,6.97459756651958,-8.79231318571161));
#6306=CARTESIAN_POINT('Ctrl Pts',(2.16671225838537,6.81421484523222,-8.88803023319577));
#6307=CARTESIAN_POINT('Ctrl Pts',(3.45846967000354,6.25476148880979,-8.98374728067993));
#6308=CARTESIAN_POINT('Ctrl Pts',(4.49898830076596,5.39279395992167,-9.07946432816409));
#6309=CARTESIAN_POINT('Origin',(0.,0.,0.));
#6310=CARTESIAN_POINT('Ctrl Pts',(4.49977557777656,5.39370114151088,-12.8294643261064));
#6311=CARTESIAN_POINT('Ctrl Pts',(3.88538909228364,5.90503028190428,-12.772835700297));
#6312=CARTESIAN_POINT('Ctrl Pts',(3.1839899388872,6.31139462888244,-12.7162070744876));
#6313=CARTESIAN_POINT('Ctrl Pts',(2.43387297011618,6.58819843334647,-12.6595784486781));
#6314=CARTESIAN_POINT('Ctrl Pts',(1.39832289801173,6.97033110279022,-12.5814016042905));
#6315=CARTESIAN_POINT('Ctrl Pts',(0.269924937383776,7.10554336507088,-12.5032247599029));
#6316=CARTESIAN_POINT('Ctrl Pts',(-0.825498413432428,6.97455577101565,-12.4250479155153));
#6317=CARTESIAN_POINT('Ctrl Pts',(-2.16669720070329,6.81417905258666,-12.3293308680312));
#6318=CARTESIAN_POINT('Ctrl Pts',(-3.4584646938521,6.2547497458511,-12.233613820547));
#6319=CARTESIAN_POINT('Ctrl Pts',(-4.4989869804118,5.39279085282631,-12.1378967730629));
#6320=CARTESIAN_POINT('Ctrl Pts',(-4.49898717135883,5.39279130265894,-11.5128967766773));
#6321=CARTESIAN_POINT('Ctrl Pts',(-3.45846541351789,6.25475144597191,-11.6086138241614));
#6322=CARTESIAN_POINT('Ctrl Pts',(-2.16669937856344,6.8141842347274,-11.7043308716456));
#6323=CARTESIAN_POINT('Ctrl Pts',(-0.82550080410366,6.97456182376255,-11.8000479191297));
#6324=CARTESIAN_POINT('Ctrl Pts',(0.269922372899117,7.10555012888485,-11.8782247635173));
#6325=CARTESIAN_POINT('Ctrl Pts',(1.39832099048348,6.97033683565034,-11.956401607905));
#6326=CARTESIAN_POINT('Ctrl Pts',(2.43387170370882,6.58820247525277,-12.0345784522926));
#6327=CARTESIAN_POINT('Ctrl Pts',(3.18398913001031,6.31139744845693,-12.0912070775829));
#6328=CARTESIAN_POINT('Ctrl Pts',(3.88538873352129,5.90503153521634,-12.1478357028733));
#6329=CARTESIAN_POINT('Ctrl Pts',(4.49977543112687,5.39370162835328,-12.2044643281636));
#6330=CARTESIAN_POINT('Origin',(0.,0.,0.));
#6331=CARTESIAN_POINT('Ctrl Pts',(4.49977612374392,5.39369911082868,-15.9544643245499));
#6332=CARTESIAN_POINT('Ctrl Pts',(3.88539057966569,5.90502490126004,-15.8978356992595));
#6333=CARTESIAN_POINT('Ctrl Pts',(3.18399340915312,6.31138244907938,-15.8412070739691));
#6334=CARTESIAN_POINT('Ctrl Pts',(2.43387845353312,6.58818095837612,-15.7845784486788));
#6335=CARTESIAN_POINT('Ctrl Pts',(1.39833115112841,6.97030632124794,-15.7064016042912));
#6336=CARTESIAN_POINT('Ctrl Pts',(0.26993601618219,7.10551413878281,-15.6282247599036));
#6337=CARTESIAN_POINT('Ctrl Pts',(-0.82548808999623,6.97452962082513,-15.550047915516));
#6338=CARTESIAN_POINT('Ctrl Pts',(-2.16668780210685,6.81415666866446,-15.4543308680318));
#6339=CARTESIAN_POINT('Ctrl Pts',(-3.45846158833592,6.25474240247821,-15.3586138205477));
#6340=CARTESIAN_POINT('Ctrl Pts',(-4.49898615645212,5.39278890986852,-15.2628967730635));
#6341=CARTESIAN_POINT('Ctrl Pts',(-4.49898630584422,5.3927892623718,-14.6378967766782));
#6342=CARTESIAN_POINT('Ctrl Pts',(-3.45846215140764,6.25474373476754,-14.7336138241623));
#6343=CARTESIAN_POINT('Ctrl Pts',(-2.16668950627781,6.8141607297936,-14.8293308716465));
#6344=CARTESIAN_POINT('Ctrl Pts',(-0.825489962634933,6.97453436595911,-14.9250479191306));
#6345=CARTESIAN_POINT('Ctrl Pts',(0.26993400594763,7.10551944257738,-15.0032247635182));
#6346=CARTESIAN_POINT('Ctrl Pts',(1.39832965212069,6.9703108196353,-15.0814016079059));
#6347=CARTESIAN_POINT('Ctrl Pts',(2.43387745708404,6.58818413081477,-15.1595784522935));
#6348=CARTESIAN_POINT('Ctrl Pts',(3.18399278076715,6.31138465956031,-15.2162070778878));
#6349=CARTESIAN_POINT('Ctrl Pts',(3.88539031427149,5.90502587526114,-15.2728357034822));
#6350=CARTESIAN_POINT('Ctrl Pts',(4.49977603123077,5.39369947388244,-15.3294643290765));
#6351=CARTESIAN_POINT('Origin',(0.,0.,0.));
#6352=CARTESIAN_POINT('Ctrl Pts',(4.49977657468514,5.39369747972796,-19.0794643245509));
#6353=CARTESIAN_POINT('Ctrl Pts',(3.88539177895142,5.90502060524565,-19.0228356990449));
#6354=CARTESIAN_POINT('Ctrl Pts',(3.18399618737864,6.31137273540045,-18.9662070735388));
#6355=CARTESIAN_POINT('Ctrl Pts',(2.43388282640858,6.588167028291,-18.9095784480328));
#6356=CARTESIAN_POINT('Ctrl Pts',(1.39833773053386,6.97028656846055,-18.8314016037315));
#6357=CARTESIAN_POINT('Ctrl Pts',(0.26994483297072,7.10549085511354,-18.7532247594301));
#6358=CARTESIAN_POINT('Ctrl Pts',(-0.825479878634282,6.97450879121046,-18.6750479151288));
#6359=CARTESIAN_POINT('Ctrl Pts',(-2.16668033167525,6.81413884374993,-18.579330867774));
#6360=CARTESIAN_POINT('Ctrl Pts',(-3.4584591204339,6.2547365543091,-18.4836138204193));
#6361=CARTESIAN_POINT('Ctrl Pts',(-4.49898550131725,5.39278736285266,-18.3878967730645));
#6362=CARTESIAN_POINT('Ctrl Pts',(-4.4989856213808,5.39278764650908,-17.7628967766791));
#6363=CARTESIAN_POINT('Ctrl Pts',(-3.45845957157024,6.25473762756718,-17.8586138241632));
#6364=CARTESIAN_POINT('Ctrl Pts',(-2.16668169795688,6.81414211336487,-17.9543308716474));
#6365=CARTESIAN_POINT('Ctrl Pts',(-0.825481379620213,6.97451261153325,-18.0500479191315));
#6366=CARTESIAN_POINT('Ctrl Pts',(0.269943221693052,7.10549512519412,-18.1282247635191));
#6367=CARTESIAN_POINT('Ctrl Pts',(1.39833652956438,6.97029019065219,-18.2064016079067));
#6368=CARTESIAN_POINT('Ctrl Pts',(2.43388203059152,6.58816958117763,-18.2845784522944));
#6369=CARTESIAN_POINT('Ctrl Pts',(3.18399568640421,6.31137451321583,-18.3412070779659));
#6370=CARTESIAN_POINT('Ctrl Pts',(3.88539156993718,5.90502138639916,-18.3978357036374));
#6371=CARTESIAN_POINT('Ctrl Pts',(4.49977650422175,5.39369776866701,-18.4544643293089));
#6372=CARTESIAN_POINT('Origin',(0.,0.,0.));
#6373=CARTESIAN_POINT('Ctrl Pts',(4.49977694402094,5.39369614825994,-22.2044643245507));
#6374=CARTESIAN_POINT('Ctrl Pts',(3.88539276529276,5.90501709502743,-22.1478356992604));
#6375=CARTESIAN_POINT('Ctrl Pts',(3.18399847126365,6.31136480149417,-22.09120707397));
#6376=CARTESIAN_POINT('Ctrl Pts',(2.43388641616475,6.58815565603153,-22.0345784486797));
#6377=CARTESIAN_POINT('Ctrl Pts',(1.39834311798189,6.97027045136925,-21.9564016042921));
#6378=CARTESIAN_POINT('Ctrl Pts',(0.269952033069219,7.10547186864558,-21.8782247599045));
#6379=CARTESIAN_POINT('Ctrl Pts',(-0.825473177798982,6.97449180981665,-21.8000479155169));
#6380=CARTESIAN_POINT('Ctrl Pts',(-2.16667424245395,6.81412431726032,-21.7043308680327));
#6381=CARTESIAN_POINT('Ctrl Pts',(-3.4584571085257,6.25473178967514,-21.6086138205485));
#6382=CARTESIAN_POINT('Ctrl Pts',(-4.49898496792601,5.3927861019198,-21.5128967730644));
#6383=CARTESIAN_POINT('Ctrl Pts',(-4.49898506652466,5.39278633510061,-20.8878967766786));
#6384=CARTESIAN_POINT('Ctrl Pts',(-3.45845748017486,6.25473267100206,-20.9836138241628));
#6385=CARTESIAN_POINT('Ctrl Pts',(-2.1666753674577,6.8141270039143,-21.0793308716469));
#6386=CARTESIAN_POINT('Ctrl Pts',(-0.825474415831189,6.97449495058951,-21.1750479191311));
#6387=CARTESIAN_POINT('Ctrl Pts',(0.269950702721207,7.1054753803198,-21.2532247635187));
#6388=CARTESIAN_POINT('Ctrl Pts',(1.39834212246659,6.9702734325813,-21.3314016079063));
#6389=CARTESIAN_POINT('Ctrl Pts',(2.43388575323659,6.58815775932524,-21.4095784522939));
#6390=CARTESIAN_POINT('Ctrl Pts',(3.1839980492503,6.31136626885391,-21.4662070775842));
#6391=CARTESIAN_POINT('Ctrl Pts',(3.88539258301597,5.90501774414093,-21.5228357028746));
#6392=CARTESIAN_POINT('Ctrl Pts',(4.49977687560011,5.39369639461452,-21.5794643281649));
#6393=CARTESIAN_POINT('Origin',(0.,0.,0.));
#6394=CARTESIAN_POINT('Ctrl Pts',(4.49977725205509,5.39369504085868,-25.3294643245496));
#6395=CARTESIAN_POINT('Ctrl Pts',(3.88539358711292,5.90501417613477,-25.2728356993771));
#6396=CARTESIAN_POINT('Ctrl Pts',(3.18400037357534,6.31135820407661,-25.2162070742046));
#6397=CARTESIAN_POINT('Ctrl Pts',(2.43388940256985,6.58814620126382,-25.1595784490322));
#6398=CARTESIAN_POINT('Ctrl Pts',(1.3983476004035,6.97025705219705,-25.0814016047624));
#6399=CARTESIAN_POINT('Ctrl Pts',(0.269958018265352,7.10545608980538,-25.0032247604927));
#6400=CARTESIAN_POINT('Ctrl Pts',(-0.825467607124529,6.97447770022459,-24.925047916223));
#6401=CARTESIAN_POINT('Ctrl Pts',(-2.16666918463114,6.81411225080168,-24.8293308685031));
#6402=CARTESIAN_POINT('Ctrl Pts',(-3.45845543732596,6.25472783279548,-24.7336138207832));
#6403=CARTESIAN_POINT('Ctrl Pts',(-4.49898452526379,5.39278505449192,-24.6378967730633));
#6404=CARTESIAN_POINT('Ctrl Pts',(-4.49898460763985,5.39278524950244,-24.0128967766775));
#6405=CARTESIAN_POINT('Ctrl Pts',(-3.45845575047592,6.25472856786426,-24.1086138241616));
#6406=CARTESIAN_POINT('Ctrl Pts',(-2.16667013143007,6.81411449570863,-24.2043308716458));
#6407=CARTESIAN_POINT('Ctrl Pts',(-0.825468652503511,6.97448032705096,-24.3000479191299));
#6408=CARTESIAN_POINT('Ctrl Pts',(0.26995689672091,7.1054590290843,-24.3782247635175));
#6409=CARTESIAN_POINT('Ctrl Pts',(1.398346759889,6.97025954940302,-24.4564016079051));
#6410=CARTESIAN_POINT('Ctrl Pts',(2.43388884215892,6.58814796395562,-24.5345784522928));
#6411=CARTESIAN_POINT('Ctrl Pts',(3.18400001649229,6.31135943455269,-24.5912070775831));
#6412=CARTESIAN_POINT('Ctrl Pts',(3.88539343281573,5.90501472080092,-24.6478357028735));
#6413=CARTESIAN_POINT('Ctrl Pts',(4.4997771946079,5.39369524717272,-24.7044643281638));
#6414=CARTESIAN_POINT('Origin',(0.,0.,0.));
#6415=CARTESIAN_POINT('Ctrl Pts',(4.499777512864,5.39369410534176,-28.4544643245492));
#6416=CARTESIAN_POINT('Ctrl Pts',(3.88539428048989,5.90501171231212,-28.3978356992589));
#6417=CARTESIAN_POINT('Ctrl Pts',(3.18400197821352,6.31135263417626,-28.3412070739685));
#6418=CARTESIAN_POINT('Ctrl Pts',(2.43389191900886,6.58813821928316,-28.2845784486782));
#6419=CARTESIAN_POINT('Ctrl Pts',(1.39835137619417,6.97024574007657,-28.2064016042905));
#6420=CARTESIAN_POINT('Ctrl Pts',(0.269963054542661,7.10544277046963,-28.1282247599029));
#6421=CARTESIAN_POINT('Ctrl Pts',(-0.825462924987426,6.97446578807107,-28.0500479155153));
#6422=CARTESIAN_POINT('Ctrl Pts',(-2.1666649343427,6.8141020617629,-27.9543308677759));
#6423=CARTESIAN_POINT('Ctrl Pts',(-3.45845403945595,6.25472448633741,-27.8586138200365));
#6424=CARTESIAN_POINT('Ctrl Pts',(-4.49898416022028,5.39278416352564,-27.762896772297));
#6425=CARTESIAN_POINT('Ctrl Pts',(-4.49898422180548,5.3927843360122,-27.1378967766774));
#6426=CARTESIAN_POINT('Ctrl Pts',(-3.45845429609672,6.25472511519714,-27.2336138241616));
#6427=CARTESIAN_POINT('Ctrl Pts',(-2.16666572858211,6.81410397020579,-27.3293308716457));
#6428=CARTESIAN_POINT('Ctrl Pts',(-0.825463803827403,6.97446801936277,-27.4250479191299));
#6429=CARTESIAN_POINT('Ctrl Pts',(0.269962109526917,7.10544526579724,-27.5032247635175));
#6430=CARTESIAN_POINT('Ctrl Pts',(1.39835066736426,6.9702478598022,-27.5814016079051));
#6431=CARTESIAN_POINT('Ctrl Pts',(2.43389144643266,6.58813971517656,-27.6595784522927));
#6432=CARTESIAN_POINT('Ctrl Pts',(3.18400167677147,6.31135367818695,-27.7162070775831));
#6433=CARTESIAN_POINT('Ctrl Pts',(3.88539415021764,5.90501217419225,-27.7728357028734));
#6434=CARTESIAN_POINT('Ctrl Pts',(4.49977746395043,5.39369428064309,-27.8294643281638));
#6435=CARTESIAN_POINT('Origin',(0.,0.,0.));
#6436=CARTESIAN_POINT('Ctrl Pts',(4.49977773652834,5.39369330458193,-31.5794643245502));
#6437=CARTESIAN_POINT('Ctrl Pts',(3.88539487614961,5.90500960252026,-31.5228356992598));
#6438=CARTESIAN_POINT('Ctrl Pts',(3.18400335636268,6.31134786542291,-31.4662070739695));
#6439=CARTESIAN_POINT('Ctrl Pts',(2.43389407856114,6.58813138706848,-31.4095784486791));
#6440=CARTESIAN_POINT('Ctrl Pts',(1.39835461448757,6.9702360592161,-31.3314016042915));
#6441=CARTESIAN_POINT('Ctrl Pts',(0.269967369506723,7.10543137588566,-31.2532247599039));
#6442=CARTESIAN_POINT('Ctrl Pts',(-0.825458912816116,6.97445559967995,-31.1750479155163));
#6443=CARTESIAN_POINT('Ctrl Pts',(-2.16666129553726,6.81409334987766,-31.0793308675887));
#6444=CARTESIAN_POINT('Ctrl Pts',(-3.45845284173617,6.25472162655225,-30.983613819661));
#6445=CARTESIAN_POINT('Ctrl Pts',(-4.49898384727157,5.39278340240112,-30.8878967717334));
#6446=CARTESIAN_POINT('Ctrl Pts',(-4.49898389286235,5.39278355670554,-30.2628967766785));
#6447=CARTESIAN_POINT('Ctrl Pts',(-3.45845305613996,6.25472216967443,-30.3586138241626));
#6448=CARTESIAN_POINT('Ctrl Pts',(-2.1666619746757,6.81409499057885,-30.4543308716468));
#6449=CARTESIAN_POINT('Ctrl Pts',(-0.825459668057995,6.97445751775241,-30.550047919131));
#6450=CARTESIAN_POINT('Ctrl Pts',(0.26996655718259,7.10543352110777,-30.6282247635186));
#6451=CARTESIAN_POINT('Ctrl Pts',(1.39835400463459,6.97023788197758,-30.7064016079062));
#6452=CARTESIAN_POINT('Ctrl Pts',(2.43389367178922,6.58813267352452,-30.7845784522938));
#6453=CARTESIAN_POINT('Ctrl Pts',(3.18400309669575,6.31134876339767,-30.8412070775841));
#6454=CARTESIAN_POINT('Ctrl Pts',(3.88539476390766,5.90500999980817,-30.8978357028745));
#6455=CARTESIAN_POINT('Ctrl Pts',(4.49977769438099,5.39369345537146,-30.9544643281648));
#6456=CARTESIAN_POINT('Origin',(0.,0.,0.));
#6457=CARTESIAN_POINT('Ctrl Pts',(4.49977793045155,5.3936926114204,-34.704464324551));
#6458=CARTESIAN_POINT('Ctrl Pts',(3.88539539255653,5.90500777624928,-34.6478356992606));
#6459=CARTESIAN_POINT('Ctrl Pts',(3.1840045509175,6.31134373764869,-34.5912070739703));
#6460=CARTESIAN_POINT('Ctrl Pts',(2.43389594910713,6.58812547399243,-34.5345784486799));
#6461=CARTESIAN_POINT('Ctrl Pts',(1.3983574182517,6.97022768149847,-34.4564016042923));
#6462=CARTESIAN_POINT('Ctrl Pts',(0.269971102378644,7.10542151731874,-34.3782247599047));
#6463=CARTESIAN_POINT('Ctrl Pts',(-0.825455442724767,6.9744467853779,-34.3000479155171));
#6464=CARTESIAN_POINT('Ctrl Pts',(-2.16665814097154,6.81408581488068,-34.204330868033));
#6465=CARTESIAN_POINT('Ctrl Pts',(-3.45845178987969,6.25471915988406,-34.1086138205488));
#6466=CARTESIAN_POINT('Ctrl Pts',(-4.49898355694555,5.39278276039954,-34.0128967730647));
#6467=CARTESIAN_POINT('Ctrl Pts',(-4.49898362097066,5.39278287419553,-33.3878967755861));
#6468=CARTESIAN_POINT('Ctrl Pts',(-3.45845199626953,6.2547196229391,-33.4836138234346));
#6469=CARTESIAN_POINT('Ctrl Pts',(-2.1666587411743,6.81408723893698,-33.579330871283));
#6470=CARTESIAN_POINT('Ctrl Pts',(-0.825456098722844,6.9744484518385,-33.6750479191315));
#6471=CARTESIAN_POINT('Ctrl Pts',(0.269970396640288,7.10542338126438,-33.7532247635191));
#6472=CARTESIAN_POINT('Ctrl Pts',(1.39835688800683,6.97022926559398,-33.8314016079067));
#6473=CARTESIAN_POINT('Ctrl Pts',(2.43389559529712,6.58812659210189,-33.9095784522943));
#6474=CARTESIAN_POINT('Ctrl Pts',(3.18400432491077,6.31134451821386,-33.9662070775847));
#6475=CARTESIAN_POINT('Ctrl Pts',(3.885395294847,5.90500812160361,-34.022835702875));
#6476=CARTESIAN_POINT('Ctrl Pts',(4.49977789375854,5.39369274250133,-34.0794643281654));
#6477=CARTESIAN_POINT('Origin',(0.,0.,0.));
#6478=CARTESIAN_POINT('Ctrl Pts',(4.49898331615267,5.39278218922996,-37.8294643245505));
#6479=CARTESIAN_POINT('Ctrl Pts',(3.45845088022845,6.25471700230569,-37.7337472768995));
#6480=CARTESIAN_POINT('Ctrl Pts',(2.16665538742397,6.81407923390367,-37.6380302292486));
#6481=CARTESIAN_POINT('Ctrl Pts',(0.8254524048019,6.97443908560178,-37.5423131815977));
#6482=CARTESIAN_POINT('Ctrl Pts',(-0.269974365237523,7.10541290288799,-37.4641363375968));
#6483=CARTESIAN_POINT('Ctrl Pts',(-1.39835986528098,6.97022036040498,-37.3859594935959));
#6484=CARTESIAN_POINT('Ctrl Pts',(-2.4338975762461,6.58812030953986,-37.307782649595));
#6485=CARTESIAN_POINT('Ctrl Pts',(-3.18400559078034,6.31134013294857,-37.2511540240847));
#6486=CARTESIAN_POINT('Ctrl Pts',(-3.88539584215204,5.90500618199374,-37.1945253985744));
#6487=CARTESIAN_POINT('Ctrl Pts',(-4.49977810020383,5.39369200557942,-37.1378967730641));
#6488=CARTESIAN_POINT('Ctrl Pts',(-4.49898337218364,5.39278228890181,-36.5128967757219));
#6489=CARTESIAN_POINT('Ctrl Pts',(-3.45845106278004,6.25471740660554,-36.6086138235251));
#6490=CARTESIAN_POINT('Ctrl Pts',(-2.16665591793452,6.81408048056702,-36.7043308713283));
#6491=CARTESIAN_POINT('Ctrl Pts',(-0.825452986904936,6.97444054603725,-36.8000479191315));
#6492=CARTESIAN_POINT('Ctrl Pts',(0.269973744672248,7.10541453836122,-36.8782247635191));
#6493=CARTESIAN_POINT('Ctrl Pts',(1.39835940417468,6.97022174980913,-36.9564016079067));
#6494=CARTESIAN_POINT('Ctrl Pts',(2.43389727445702,6.58812128704281,-37.0345784522944));
#6495=CARTESIAN_POINT('Ctrl Pts',(3.18400539777089,6.31134081452869,-37.0912070775847));
#6496=CARTESIAN_POINT('Ctrl Pts',(3.88539575870832,5.90500648292616,-37.1478357028751));
#6497=CARTESIAN_POINT('Ctrl Pts',(4.49977806796115,5.3936921205345,-37.2044643281654));
#6498=CARTESIAN_POINT('Origin',(0.,0.,0.));
#6499=CARTESIAN_POINT('Ctrl Pts',(4.4997782500115,5.3936914714328,-40.9544643245494));
#6500=CARTESIAN_POINT('Ctrl Pts',(3.88539624604998,5.90500477059756,-40.8978356995006));
#6501=CARTESIAN_POINT('Ctrl Pts',(3.18400652467724,6.31133694594731,-40.8412070744517));
#6502=CARTESIAN_POINT('Ctrl Pts',(2.43389903739317,6.58811574782499,-40.7845784494029));
#6503=CARTESIAN_POINT('Ctrl Pts',(1.39836204394423,6.97021390469656,-40.7064016052568));
#6504=CARTESIAN_POINT('Ctrl Pts',(0.269977254320022,7.10540531227573,-40.6282247611107));
#6505=CARTESIAN_POINT('Ctrl Pts',(-0.825449721319487,6.97443230166746,-40.5500479169646));
#6506=CARTESIAN_POINT('Ctrl Pts',(-2.16665295761129,6.81407343740621,-40.4543308689974));
#6507=CARTESIAN_POINT('Ctrl Pts',(-3.45845007712096,6.25471510266049,-40.3586138210302));
#6508=CARTESIAN_POINT('Ctrl Pts',(-4.4989831040253,5.39278168589704,-40.2628967730631));
#6509=CARTESIAN_POINT('Ctrl Pts',(-4.49898314432537,5.39278178160077,-39.6378967766784));
#6510=CARTESIAN_POINT('Ctrl Pts',(-3.45845023444593,6.25471546029666,-39.7336138241626));
#6511=CARTESIAN_POINT('Ctrl Pts',(-2.16665343153592,6.81407453604484,-39.8293308716467));
#6512=CARTESIAN_POINT('Ctrl Pts',(-0.825450249931215,6.97443359105604,-39.9250479191309));
#6513=CARTESIAN_POINT('Ctrl Pts',(0.269976689954527,7.10540675852475,-40.0032247635185));
#6514=CARTESIAN_POINT('Ctrl Pts',(1.39836161907777,6.97021513641295,-40.0814016079061));
#6515=CARTESIAN_POINT('Ctrl Pts',(2.43389875303941,6.58811661860563,-40.1595784522937));
#6516=CARTESIAN_POINT('Ctrl Pts',(3.18400634298792,6.31133755495308,-40.2162070775841));
#6517=CARTESIAN_POINT('Ctrl Pts',(3.88539616744243,5.9050050407053,-40.2728357028744));
#6518=CARTESIAN_POINT('Ctrl Pts',(4.49977822147112,5.39369157312696,-40.3294643281648));
#6519=CARTESIAN_POINT('Origin',(0.,0.,0.));
#6520=CARTESIAN_POINT('Ctrl Pts',(4.4999999999814,5.39449951340876,-44.0794643245475));
#6521=CARTESIAN_POINT('Ctrl Pts',(3.79890056026569,5.97934477493224,-44.0148247312727));
#6522=CARTESIAN_POINT('Ctrl Pts',(2.99043151775399,6.42196754235544,-43.9507887810222));
#6523=CARTESIAN_POINT('Ctrl Pts',(1.24560247232917,6.97424579826801,-43.8212171562771));
#6524=CARTESIAN_POINT('Ctrl Pts',(0.325502815446943,7.07712356052003,-43.7569048973274));
#6525=CARTESIAN_POINT('Ctrl Pts',(-1.50218010524375,6.92351680182416,-43.6270515639689));
#6526=CARTESIAN_POINT('Ctrl Pts',(-2.39220137548377,6.66850827043539,-43.5627393050193));
#6527=CARTESIAN_POINT('Ctrl Pts',(-3.66999098348231,6.01260326239596,-43.4610514744121));
#6528=CARTESIAN_POINT('Ctrl Pts',(-4.10312509394426,5.72556582877929,-43.4244876345801));
#6529=CARTESIAN_POINT('Ctrl Pts',(-4.5,5.39449951339325,-43.3878967730628));
#6530=CARTESIAN_POINT('Ctrl Pts',(-4.49977835776725,5.39369108763093,-42.7628967766774));
#6531=CARTESIAN_POINT('Ctrl Pts',(-3.88539653032199,5.90500376161207,-42.8195254019677));
#6532=CARTESIAN_POINT('Ctrl Pts',(-3.18400718205533,6.31133466412965,-42.8761540272581));
#6533=CARTESIAN_POINT('Ctrl Pts',(-2.43390006495195,6.58811247868618,-42.9327826525484));
#6534=CARTESIAN_POINT('Ctrl Pts',(-1.39836358376129,6.97020927209391,-43.010959496936));
#6535=CARTESIAN_POINT('Ctrl Pts',(-0.26997930103832,7.1053998609252,-43.0891363413236));
#6536=CARTESIAN_POINT('Ctrl Pts',(0.825447823916682,6.97442742509128,-43.1673131857113));
#6537=CARTESIAN_POINT('Ctrl Pts',(2.16665123211383,6.81406926586863,-43.2630302331954));
#6538=CARTESIAN_POINT('Ctrl Pts',(3.45844950804847,6.25471373164302,-43.3587472806796));
#6539=CARTESIAN_POINT('Ctrl Pts',(4.49898295163144,5.39278132425306,-43.4544643281637));
#6540=CARTESIAN_POINT('Origin',(0.,0.,0.));
#6541=CARTESIAN_POINT('Ctrl Pts',(4.49977850242509,5.39369057293023,-47.2044643245493));
#6542=CARTESIAN_POINT('Ctrl Pts',(3.88539691323505,5.90500240738704,-47.1478356990568));
#6543=CARTESIAN_POINT('Ctrl Pts',(3.18400806737787,6.31133160229766,-47.0912070735643));
#6544=CARTESIAN_POINT('Ctrl Pts',(2.43390144836393,6.58810809307721,-47.0345784480718));
#6545=CARTESIAN_POINT('Ctrl Pts',(1.39836565956295,6.97020305722741,-46.9564016037651));
#6546=CARTESIAN_POINT('Ctrl Pts',(0.269982061851466,7.10539255058973,-46.8782247594583));
#6547=CARTESIAN_POINT('Ctrl Pts',(-0.825445258415555,6.97442088983948,-46.8000479151516));
#6548=CARTESIAN_POINT('Ctrl Pts',(-2.16664890543353,6.81406367964007,-46.7043308677887));
#6549=CARTESIAN_POINT('Ctrl Pts',(-3.45844873987984,6.25471189871558,-46.6086138204259));
#6550=CARTESIAN_POINT('Ctrl Pts',(-4.49898274750957,5.39278083961075,-46.512896773063));
#6551=CARTESIAN_POINT('Ctrl Pts',(-4.49898277969546,5.39278091604067,-45.8878967766775));
#6552=CARTESIAN_POINT('Ctrl Pts',(-3.45844885989555,6.25471218869926,-45.9836138241617));
#6553=CARTESIAN_POINT('Ctrl Pts',(-2.16664926955737,6.81406456182558,-46.0793308716458));
#6554=CARTESIAN_POINT('Ctrl Pts',(-0.825445658714074,6.97442192108347,-46.17504791913));
#6555=CARTESIAN_POINT('Ctrl Pts',(0.269981631752144,7.10539370354664,-46.2532247635176));
#6556=CARTESIAN_POINT('Ctrl Pts',(1.39836533835562,6.97020403640933,-46.3314016079052));
#6557=CARTESIAN_POINT('Ctrl Pts',(2.43390123686774,6.58810878234636,-46.4095784522928));
#6558=CARTESIAN_POINT('Ctrl Pts',(3.18400793189892,6.31133208283833,-46.4662070775832));
#6559=CARTESIAN_POINT('Ctrl Pts',(3.88539685465179,5.90500261945406,-46.5228357028735));
#6560=CARTESIAN_POINT('Ctrl Pts',(4.49977847959134,5.39369065410685,-46.5794643281639));
#6561=CARTESIAN_POINT('Ctrl Pts',(5.16122448414632,-4.7657514438188,-1.13575211635982));
#6562=CARTESIAN_POINT('Ctrl Pts',(4.41212521972818,-5.57701269194484,-1.21392896069126));
#6563=CARTESIAN_POINT('Ctrl Pts',(2.52668331165141,-6.83526290902237,-1.37028264935415));
#6564=CARTESIAN_POINT('Ctrl Pts',(-1.42278232941619,-7.30861850030017,-1.64390160451421));
#6565=CARTESIAN_POINT('Ctrl Pts',(-4.0375755946121,-5.98264331122093,-1.83934371534283));
#6566=CARTESIAN_POINT('Ctrl Pts',(-5.16122448979658,-4.76575143769967,-1.95660898183999));
#6567=CARTESIAN_POINT('Ctrl Pts',(4.94081632112209,-4.56223180920714,-1.44825211723424));
#6568=CARTESIAN_POINT('Ctrl Pts',(4.22370706087842,-5.33884844887226,-1.52642896156569));
#6569=CARTESIAN_POINT('Ctrl Pts',(2.41878224496158,-6.54336556059412,-1.68278265022858));
#6570=CARTESIAN_POINT('Ctrl Pts',(-1.36202294168306,-6.99650667822303,-1.95640160538864));
#6571=CARTESIAN_POINT('Ctrl Pts',(-3.86515243754667,-5.72715676412231,-2.15184371621725));
#6572=CARTESIAN_POINT('Ctrl Pts',(-4.94081632653105,-4.56223180334934,-2.26910898271442));
#6573=CARTESIAN_POINT('Ctrl Pts',(4.72040815809786,-4.35871217459549,-1.76075211810867));
#6574=CARTESIAN_POINT('Ctrl Pts',(4.03528890202865,-5.10068420579968,-1.83892896244011));
#6575=CARTESIAN_POINT('Ctrl Pts',(2.31088117827174,-6.25146821216587,-1.995282651103));
#6576=CARTESIAN_POINT('Ctrl Pts',(-1.30126355394993,-6.68439485614589,-2.26890160626306));
#6577=CARTESIAN_POINT('Ctrl Pts',(-3.69272928048123,-5.47167021702369,-2.46434371709167));
#6578=CARTESIAN_POINT('Ctrl Pts',(-4.72040816326553,-4.358712168999,-2.58160898358884));
#6579=CARTESIAN_POINT('Ctrl Pts',(4.49999999507363,-4.15519253998384,-2.07325211898309));
#6580=CARTESIAN_POINT('Ctrl Pts',(3.84687074317889,-4.8625199627271,-2.15142896331453));
#6581=CARTESIAN_POINT('Ctrl Pts',(2.20298011158191,-5.95957086373762,-2.30778265197743));
#6582=CARTESIAN_POINT('Ctrl Pts',(-1.24050416621681,-6.37228303406874,-2.58140160713748));
#6583=CARTESIAN_POINT('Ctrl Pts',(-3.5203061234158,-5.21618366992507,-2.7768437179661));
#6584=CARTESIAN_POINT('Ctrl Pts',(-4.50000000000001,-4.15519253464866,-2.89410898446326));
#6585=CARTESIAN_POINT('Ctrl Pts',(4.49999999507363,-4.15519253998384,-2.07325211898309));
#6586=CARTESIAN_POINT('Ctrl Pts',(3.84687074317889,-4.8625199627271,-2.15142896331453));
#6587=CARTESIAN_POINT('Ctrl Pts',(2.20298011158191,-5.95957086373762,-2.30778265197743));
#6588=CARTESIAN_POINT('Ctrl Pts',(-1.24050416621681,-6.37228303406874,-2.58140160713748));
#6589=CARTESIAN_POINT('Ctrl Pts',(-3.5203061234158,-5.21618366992507,-2.7768437179661));
#6590=CARTESIAN_POINT('Ctrl Pts',(-4.50000000000001,-4.15519253464866,-2.89410898446326));
#6591=CARTESIAN_POINT('Ctrl Pts',(5.16122448413694,-4.76575144382896,-4.2607521163608));
#6592=CARTESIAN_POINT('Ctrl Pts',(4.03757558837836,-5.9826433150725,-4.37801738276707));
#6593=CARTESIAN_POINT('Ctrl Pts',(1.42273579810047,-7.30851061351676,-4.57345949344418));
#6594=CARTESIAN_POINT('Ctrl Pts',(-2.52669880675601,-6.83520267735015,-4.84707844839213));
#6595=CARTESIAN_POINT('Ctrl Pts',(-4.41212521979681,-5.57701269172107,-5.00343213693382));
#6596=CARTESIAN_POINT('Ctrl Pts',(-5.16122448370875,-4.76575144429268,-5.08160898120467));
#6597=CARTESIAN_POINT('Ctrl Pts',(4.94081632111311,-4.56223180921687,-4.57325211723523));
#6598=CARTESIAN_POINT('Ctrl Pts',(3.86515243157914,-5.7271567678094,-4.69051738364149));
#6599=CARTESIAN_POINT('Ctrl Pts',(1.36197839746979,-6.99640339870439,-4.8859594943186));
#6600=CARTESIAN_POINT('Ctrl Pts',(-2.41879707835353,-6.54330790109295,-5.15957844926656));
#6601=CARTESIAN_POINT('Ctrl Pts',(-4.22370706094412,-5.33884844865804,-5.31593213780825));
#6602=CARTESIAN_POINT('Ctrl Pts',(-4.94081632070321,-4.56223180966079,-5.39410898207909));
#6603=CARTESIAN_POINT('Ctrl Pts',(4.72040815808928,-4.35871217460478,-4.88575211810965));
#6604=CARTESIAN_POINT('Ctrl Pts',(3.69272927477991,-5.4716702205463,-5.00301738451592));
#6605=CARTESIAN_POINT('Ctrl Pts',(1.30122099683912,-6.68429618389202,-5.19845949519303));
#6606=CARTESIAN_POINT('Ctrl Pts',(-2.31089534995104,-6.25141312483576,-5.47207845014098));
#6607=CARTESIAN_POINT('Ctrl Pts',(-4.03528890209142,-5.10068420559502,-5.62843213868267));
#6608=CARTESIAN_POINT('Ctrl Pts',(-4.72040815769766,-4.3587121750289,-5.70660898295351));
#6609=CARTESIAN_POINT('Ctrl Pts',(4.49999999506545,-4.15519253999269,-5.19825211898407));
#6610=CARTESIAN_POINT('Ctrl Pts',(3.52030611798069,-5.21618367328319,-5.31551738539034));
#6611=CARTESIAN_POINT('Ctrl Pts',(1.24046359620844,-6.37218896907965,-5.51095949606745));
#6612=CARTESIAN_POINT('Ctrl Pts',(-2.20299362154856,-5.95951834857856,-5.78457845101541));
#6613=CARTESIAN_POINT('Ctrl Pts',(-3.84687074323873,-4.86251996253199,-5.94093213955709));
#6614=CARTESIAN_POINT('Ctrl Pts',(-4.49999999469212,-4.15519254039701,-6.01910898382794));
#6615=CARTESIAN_POINT('Ctrl Pts',(4.49999999506545,-4.15519253999269,-5.19825211898407));
#6616=CARTESIAN_POINT('Ctrl Pts',(3.52030611798069,-5.21618367328319,-5.31551738539034));
#6617=CARTESIAN_POINT('Ctrl Pts',(1.24046359620844,-6.37218896907965,-5.51095949606745));
#6618=CARTESIAN_POINT('Ctrl Pts',(-2.20299362154856,-5.95951834857856,-5.78457845101541));
#6619=CARTESIAN_POINT('Ctrl Pts',(-3.84687074323873,-4.86251996253199,-5.94093213955709));
#6620=CARTESIAN_POINT('Ctrl Pts',(-4.49999999469212,-4.15519254039701,-6.01910898382794));
#6621=CARTESIAN_POINT('Ctrl Pts',(5.16122448979658,-4.76575143769967,-7.38575211577016));
#6622=CARTESIAN_POINT('Ctrl Pts',(4.03757559380492,-5.98264331209509,-7.50301738235156));
#6623=CARTESIAN_POINT('Ctrl Pts',(1.42270416081145,-7.30843692137725,-7.69845949332057));
#6624=CARTESIAN_POINT('Ctrl Pts',(-2.52670963151036,-6.83516127576494,-7.97207844867719));
#6625=CARTESIAN_POINT('Ctrl Pts',(-4.41212522580212,-5.57701268729663,-8.1284321374524));
#6626=CARTESIAN_POINT('Ctrl Pts',(-5.16122448979656,-4.76575143769969,-8.20660898184));
#6627=CARTESIAN_POINT('Ctrl Pts',(4.94081632653106,-4.56223180334933,-7.69825211664458));
#6628=CARTESIAN_POINT('Ctrl Pts',(3.86515243677396,-5.72715676495914,-7.81551738322599));
#6629=CARTESIAN_POINT('Ctrl Pts',(1.36194811123937,-6.99633285356016,-8.010959494195));
#6630=CARTESIAN_POINT('Ctrl Pts',(-2.41880744084079,-6.54326826754696,-8.28457844955161));
#6631=CARTESIAN_POINT('Ctrl Pts',(-4.22370706669297,-5.33884844442255,-8.44093213832682));
#6632=CARTESIAN_POINT('Ctrl Pts',(-4.94081632653104,-4.56223180334935,-8.51910898271443));
#6633=CARTESIAN_POINT('Ctrl Pts',(4.72040816326553,-4.35871216899899,-8.010752117519));
#6634=CARTESIAN_POINT('Ctrl Pts',(3.692729279743,-5.47167021782319,-8.12801738410041));
#6635=CARTESIAN_POINT('Ctrl Pts',(1.30119206166731,-6.68422878574307,-8.32345949506942));
#6636=CARTESIAN_POINT('Ctrl Pts',(-2.31090525017121,-6.251375259329,-8.59707845042604));
#6637=CARTESIAN_POINT('Ctrl Pts',(-4.03528890758382,-5.10068420154847,-8.75343213920125));
#6638=CARTESIAN_POINT('Ctrl Pts',(-4.72040816326552,-4.35871216899901,-8.83160898358885));
#6639=CARTESIAN_POINT('Ctrl Pts',(4.50000000000001,-4.15519253464866,-8.32325211839343));
#6640=CARTESIAN_POINT('Ctrl Pts',(3.52030612271203,-5.21618367068723,-8.44051738497484));
#6641=CARTESIAN_POINT('Ctrl Pts',(1.24043601209523,-6.37212471792598,-8.63595949594385));
#6642=CARTESIAN_POINT('Ctrl Pts',(-2.20300305950164,-5.95948225111102,-8.90957845130046));
#6643=CARTESIAN_POINT('Ctrl Pts',(-3.84687074847468,-4.86251995867439,-9.06593214007567));
#6644=CARTESIAN_POINT('Ctrl Pts',(-4.5,-4.15519253464867,-9.14410898446327));
#6645=CARTESIAN_POINT('Ctrl Pts',(4.50000000000001,-4.15519253464866,-8.32325211839343));
#6646=CARTESIAN_POINT('Ctrl Pts',(3.52030612271203,-5.21618367068723,-8.44051738497484));
#6647=CARTESIAN_POINT('Ctrl Pts',(1.24043601209523,-6.37212471792598,-8.63595949594385));
#6648=CARTESIAN_POINT('Ctrl Pts',(-2.20300305950164,-5.95948225111102,-8.90957845130046));
#6649=CARTESIAN_POINT('Ctrl Pts',(-3.84687074847468,-4.86251995867439,-9.06593214007567));
#6650=CARTESIAN_POINT('Ctrl Pts',(-4.5,-4.15519253464867,-9.14410898446327));
#6651=CARTESIAN_POINT('Ctrl Pts',(5.16122448979655,-4.76575143769971,-10.5107521157702));
#6652=CARTESIAN_POINT('Ctrl Pts',(4.03757559380488,-5.98264331209512,-10.6280173823516));
#6653=CARTESIAN_POINT('Ctrl Pts',(1.42268124527021,-7.30838338643535,-10.8234594933206));
#6654=CARTESIAN_POINT('Ctrl Pts',(-2.52671760871194,-6.83513107231474,-11.0970784486772));
#6655=CARTESIAN_POINT('Ctrl Pts',(-4.41212522580212,-5.57701268729663,-11.2534321374524));
#6656=CARTESIAN_POINT('Ctrl Pts',(-5.16122448979656,-4.76575143769969,-11.33160898184));
#6657=CARTESIAN_POINT('Ctrl Pts',(4.94081632653102,-4.56223180334937,-10.8232521166446));
#6658=CARTESIAN_POINT('Ctrl Pts',(3.86515243677392,-5.72715676495917,-10.940517383226));
#6659=CARTESIAN_POINT('Ctrl Pts',(1.36192617429777,-6.99628160480795,-11.135959494195));
#6660=CARTESIAN_POINT('Ctrl Pts',(-2.41881507737895,-6.54323935392382,-11.4095784495516));
#6661=CARTESIAN_POINT('Ctrl Pts',(-4.22370706669297,-5.33884844442255,-11.5659321383268));
#6662=CARTESIAN_POINT('Ctrl Pts',(-4.94081632653104,-4.56223180334935,-11.6441089827144));
#6663=CARTESIAN_POINT('Ctrl Pts',(4.7204081632655,-4.35871216899903,-11.135752117519));
#6664=CARTESIAN_POINT('Ctrl Pts',(3.69272927974296,-5.47167021782321,-11.2530173841004));
#6665=CARTESIAN_POINT('Ctrl Pts',(1.30117110332532,-6.68417982318056,-11.4484594950694));
#6666=CARTESIAN_POINT('Ctrl Pts',(-2.31091254604596,-6.25134763553291,-11.722078450426));
#6667=CARTESIAN_POINT('Ctrl Pts',(-4.03528890758382,-5.10068420154847,-11.8784321392012));
#6668=CARTESIAN_POINT('Ctrl Pts',(-4.72040816326552,-4.35871216899901,-11.9566089835889));
#6669=CARTESIAN_POINT('Ctrl Pts',(4.49999999999998,-4.15519253464869,-11.4482521183934));
#6670=CARTESIAN_POINT('Ctrl Pts',(3.520306122712,-5.21618367068726,-11.5655173849748));
#6671=CARTESIAN_POINT('Ctrl Pts',(1.24041603235287,-6.37207804155315,-11.7609594959439));
#6672=CARTESIAN_POINT('Ctrl Pts',(-2.20301001471298,-5.95945591714199,-12.0345784513005));
#6673=CARTESIAN_POINT('Ctrl Pts',(-3.84687074847467,-4.86251995867439,-12.1909321400757));
#6674=CARTESIAN_POINT('Ctrl Pts',(-4.49999999999999,-4.15519253464867,-12.2691089844633));
#6675=CARTESIAN_POINT('Ctrl Pts',(4.49999999999998,-4.15519253464869,-11.4482521183934));
#6676=CARTESIAN_POINT('Ctrl Pts',(3.520306122712,-5.21618367068726,-11.5655173849748));
#6677=CARTESIAN_POINT('Ctrl Pts',(1.24041603235287,-6.37207804155315,-11.7609594959439));
#6678=CARTESIAN_POINT('Ctrl Pts',(-2.20301001471298,-5.95945591714199,-12.0345784513005));
#6679=CARTESIAN_POINT('Ctrl Pts',(-3.84687074847467,-4.86251995867439,-12.1909321400757));
#6680=CARTESIAN_POINT('Ctrl Pts',(-4.49999999999999,-4.15519253464867,-12.2691089844633));
#6681=CARTESIAN_POINT('Ctrl Pts',(5.16122446358736,-4.76575146608379,-13.6357521185054));
#6682=CARTESIAN_POINT('Ctrl Pts',(4.03757556464761,-5.98264333024482,-13.7530173846961));
#6683=CARTESIAN_POINT('Ctrl Pts',(1.42266385601698,-7.3083427343267,-13.9484594950138));
#6684=CARTESIAN_POINT('Ctrl Pts',(-2.52672374042517,-6.83510806062529,-14.2220784494587));
#6685=CARTESIAN_POINT('Ctrl Pts',(-4.41212522829821,-5.5770126845934,-14.3784321377129));
#6686=CARTESIAN_POINT('Ctrl Pts',(-5.16122448979653,-4.76575143769973,-14.45660898184));
#6687=CARTESIAN_POINT('Ctrl Pts',(4.94081630144109,-4.56223183052132,-13.9482521193798));
#6688=CARTESIAN_POINT('Ctrl Pts',(3.8651524088618,-5.72715678233379,-14.0655173855705));
#6689=CARTESIAN_POINT('Ctrl Pts',(1.36190952764609,-6.99624268873241,-14.2609594958882));
#6690=CARTESIAN_POINT('Ctrl Pts',(-2.41882094723965,-6.54321732493997,-14.5345784503331));
#6691=CARTESIAN_POINT('Ctrl Pts',(-4.22370706908247,-5.33884844183476,-14.6909321385873));
#6692=CARTESIAN_POINT('Ctrl Pts',(-4.94081632653101,-4.56223180334938,-14.7691089827144));
#6693=CARTESIAN_POINT('Ctrl Pts',(4.72040813929482,-4.35871219495885,-14.2607521202542));
#6694=CARTESIAN_POINT('Ctrl Pts',(3.69272925307598,-5.47167023442276,-14.3780173864449));
#6695=CARTESIAN_POINT('Ctrl Pts',(1.30115519927521,-6.68414264313812,-14.5734594967627));
#6696=CARTESIAN_POINT('Ctrl Pts',(-2.31091815405415,-6.25132658925465,-14.8470784512075));
#6697=CARTESIAN_POINT('Ctrl Pts',(-4.03528890986672,-5.10068419907612,-15.0034321394617));
#6698=CARTESIAN_POINT('Ctrl Pts',(-4.72040816326549,-4.35871216899904,-15.0816089835889));
#6699=CARTESIAN_POINT('Ctrl Pts',(4.49999997714855,-4.15519255939638,-14.5732521211287));
#6700=CARTESIAN_POINT('Ctrl Pts',(3.52030609729017,-5.21618368651173,-14.6905173873193));
#6701=CARTESIAN_POINT('Ctrl Pts',(1.24040087090433,-6.37204259754383,-14.8859594976371));
#6702=CARTESIAN_POINT('Ctrl Pts',(-2.20301536086864,-5.95943585356934,-15.159578452082));
#6703=CARTESIAN_POINT('Ctrl Pts',(-3.84687075065098,-4.86251995631748,-15.3159321403362));
#6704=CARTESIAN_POINT('Ctrl Pts',(-4.49999999999996,-4.1551925346487,-15.3941089844633));
#6705=CARTESIAN_POINT('Ctrl Pts',(4.49999995010404,-4.15519258868511,-14.5732521243658));
#6706=CARTESIAN_POINT('Ctrl Pts',(3.5203060721154,-5.21618369927475,-14.6905173894774));
#6707=CARTESIAN_POINT('Ctrl Pts',(1.24040085732494,-6.37204259591668,-14.8859594987161));
#6708=CARTESIAN_POINT('Ctrl Pts',(-2.20301536086864,-5.95943585356934,-15.159578452082));
#6709=CARTESIAN_POINT('Ctrl Pts',(-3.84687075065098,-4.86251995631748,-15.3159321403362));
#6710=CARTESIAN_POINT('Ctrl Pts',(-4.49999999999996,-4.1551925346487,-15.3941089844633));
#6711=CARTESIAN_POINT('Ctrl Pts',(5.16122448979658,-4.76575143769967,-16.7607521157702));
#6712=CARTESIAN_POINT('Ctrl Pts',(4.03757559380494,-5.98264331209507,-16.8780173823516));
#6713=CARTESIAN_POINT('Ctrl Pts',(1.42265026848377,-7.30831080893803,-17.0734594933206));
#6714=CARTESIAN_POINT('Ctrl Pts',(-2.52672857516691,-6.83508995945126,-17.3470784486772));
#6715=CARTESIAN_POINT('Ctrl Pts',(-4.41212522580205,-5.57701268729669,-17.5034321374524));
#6716=CARTESIAN_POINT('Ctrl Pts',(-5.16122448979649,-4.76575143769976,-17.58160898184));
#6717=CARTESIAN_POINT('Ctrl Pts',(4.94081632653106,-4.56223180334933,-17.0732521166446));
#6718=CARTESIAN_POINT('Ctrl Pts',(3.86515243677398,-5.72715676495912,-17.190517383226));
#6719=CARTESIAN_POINT('Ctrl Pts',(1.36189652036341,-6.99621212670553,-17.385959494195));
#6720=CARTESIAN_POINT('Ctrl Pts',(-2.41882557551556,-6.54319999676981,-17.6595784495516));
#6721=CARTESIAN_POINT('Ctrl Pts',(-4.2237070666929,-5.33884844442261,-17.8159321383268));
#6722=CARTESIAN_POINT('Ctrl Pts',(-4.94081632653097,-4.56223180334942,-17.8941089827144));
#6723=CARTESIAN_POINT('Ctrl Pts',(4.72040816326554,-4.35871216899899,-17.385752117519));
#6724=CARTESIAN_POINT('Ctrl Pts',(3.69272927974301,-5.47167021782317,-17.5030173841004));
#6725=CARTESIAN_POINT('Ctrl Pts',(1.30114277224306,-6.68411344447304,-17.6984594950694));
#6726=CARTESIAN_POINT('Ctrl Pts',(-2.31092257586421,-6.25131003408837,-17.972078450426));
#6727=CARTESIAN_POINT('Ctrl Pts',(-4.03528890758375,-5.10068420154852,-18.1284321392013));
#6728=CARTESIAN_POINT('Ctrl Pts',(-4.72040816326545,-4.35871216899908,-18.2066089835889));
#6729=CARTESIAN_POINT('Ctrl Pts',(4.50000000000001,-4.15519253464865,-17.6982521183934));
#6730=CARTESIAN_POINT('Ctrl Pts',(3.52030612271205,-5.21618367068722,-17.8155173849748));
#6731=CARTESIAN_POINT('Ctrl Pts',(1.2403890241227,-6.37201476224054,-18.0109594959439));
#6732=CARTESIAN_POINT('Ctrl Pts',(-2.20301957621286,-5.95942007140693,-18.2845784513005));
#6733=CARTESIAN_POINT('Ctrl Pts',(-3.84687074847461,-4.86251995867444,-18.4409321400757));
#6734=CARTESIAN_POINT('Ctrl Pts',(-4.49999999999993,-4.15519253464874,-18.5191089844633));
#6735=CARTESIAN_POINT('Ctrl Pts',(4.50000000000001,-4.15519253464865,-17.6982521183934));
#6736=CARTESIAN_POINT('Ctrl Pts',(3.52030612271205,-5.21618367068722,-17.8155173849748));
#6737=CARTESIAN_POINT('Ctrl Pts',(1.2403890241227,-6.37201476224054,-18.0109594959439));
#6738=CARTESIAN_POINT('Ctrl Pts',(-2.20301957621286,-5.95942007140693,-18.2845784513005));
#6739=CARTESIAN_POINT('Ctrl Pts',(-3.84687074847461,-4.86251995867444,-18.4409321400757));
#6740=CARTESIAN_POINT('Ctrl Pts',(-4.49999999999993,-4.15519253464874,-18.5191089844633));
#6741=CARTESIAN_POINT('Ctrl Pts',(5.16122448979658,-4.76575143769967,-19.8857521157702));
#6742=CARTESIAN_POINT('Ctrl Pts',(4.03757559380493,-5.98264331209508,-20.0030173823516));
#6743=CARTESIAN_POINT('Ctrl Pts',(1.42263930975887,-7.30828507620049,-20.1984594933206));
#6744=CARTESIAN_POINT('Ctrl Pts',(-2.52673250433325,-6.83507533788054,-20.4720784486772));
#6745=CARTESIAN_POINT('Ctrl Pts',(-4.41212522580208,-5.57701268729666,-20.6284321374524));
#6746=CARTESIAN_POINT('Ctrl Pts',(-5.16122448979653,-4.76575143769973,-20.70660898184));
#6747=CARTESIAN_POINT('Ctrl Pts',(4.94081632653106,-4.56223180334933,-20.1982521166446));
#6748=CARTESIAN_POINT('Ctrl Pts',(3.86515243677397,-5.72715676495913,-20.315517383226));
#6749=CARTESIAN_POINT('Ctrl Pts',(1.36188602962677,-6.99618749287494,-20.510959494195));
#6750=CARTESIAN_POINT('Ctrl Pts',(-2.41882933688832,-6.54318599960781,-20.7845784495516));
#6751=CARTESIAN_POINT('Ctrl Pts',(-4.22370706669294,-5.33884844442258,-20.9409321383268));
#6752=CARTESIAN_POINT('Ctrl Pts',(-4.940816326531,-4.56223180334939,-21.0191089827144));
#6753=CARTESIAN_POINT('Ctrl Pts',(4.72040816326554,-4.35871216899899,-20.510752117519));
#6754=CARTESIAN_POINT('Ctrl Pts',(3.69272927974301,-5.47167021782318,-20.6280173841004));
#6755=CARTESIAN_POINT('Ctrl Pts',(1.30113274949467,-6.68408990954938,-20.8234594950694));
#6756=CARTESIAN_POINT('Ctrl Pts',(-2.3109261694434,-6.25129666133508,-21.097078450426));
#6757=CARTESIAN_POINT('Ctrl Pts',(-4.03528890758379,-5.1006842015485,-21.2534321392013));
#6758=CARTESIAN_POINT('Ctrl Pts',(-4.72040816326548,-4.35871216899905,-21.3316089835889));
#6759=CARTESIAN_POINT('Ctrl Pts',(4.50000000000001,-4.15519253464865,-20.8232521183934));
#6760=CARTESIAN_POINT('Ctrl Pts',(3.52030612271204,-5.21618367068722,-20.9405173849748));
#6761=CARTESIAN_POINT('Ctrl Pts',(1.24037946936256,-6.37199232622383,-21.1359594959439));
#6762=CARTESIAN_POINT('Ctrl Pts',(-2.20302300199846,-5.95940732306235,-21.4095784513005));
#6763=CARTESIAN_POINT('Ctrl Pts',(-3.84687074847464,-4.86251995867441,-21.5659321400757));
#6764=CARTESIAN_POINT('Ctrl Pts',(-4.49999999999996,-4.15519253464871,-21.6441089844633));
#6765=CARTESIAN_POINT('Ctrl Pts',(4.50000000000001,-4.15519253464865,-20.8232521183934));
#6766=CARTESIAN_POINT('Ctrl Pts',(3.52030612271204,-5.21618367068722,-20.9405173849748));
#6767=CARTESIAN_POINT('Ctrl Pts',(1.24037946936256,-6.37199232622383,-21.1359594959439));
#6768=CARTESIAN_POINT('Ctrl Pts',(-2.20302300199846,-5.95940732306235,-21.4095784513005));
#6769=CARTESIAN_POINT('Ctrl Pts',(-3.84687074847464,-4.86251995867441,-21.5659321400757));
#6770=CARTESIAN_POINT('Ctrl Pts',(-4.49999999999996,-4.15519253464871,-21.6441089844633));
#6771=CARTESIAN_POINT('Ctrl Pts',(5.16122448979659,-4.76575143769967,-23.0107521157702));
#6772=CARTESIAN_POINT('Ctrl Pts',(4.03757559380494,-5.98264331209508,-23.1280173823516));
#6773=CARTESIAN_POINT('Ctrl Pts',(1.42263029762829,-7.30826389239429,-23.3234594933206));
#6774=CARTESIAN_POINT('Ctrl Pts',(-2.52673575470779,-6.83506328378368,-23.5970784486772));
#6775=CARTESIAN_POINT('Ctrl Pts',(-4.41212522580208,-5.57701268729666,-23.7534321374524));
#6776=CARTESIAN_POINT('Ctrl Pts',(-5.16122448979653,-4.76575143769973,-23.83160898184));
#6777=CARTESIAN_POINT('Ctrl Pts',(4.94081632653106,-4.56223180334933,-23.3232521166446));
#6778=CARTESIAN_POINT('Ctrl Pts',(3.86515243677397,-5.72715676495913,-23.440517383226));
#6779=CARTESIAN_POINT('Ctrl Pts',(1.36187740235586,-6.99616721371526,-23.635959494195));
#6780=CARTESIAN_POINT('Ctrl Pts',(-2.41883244845683,-6.54317446027666,-23.9095784495516));
#6781=CARTESIAN_POINT('Ctrl Pts',(-4.22370706669294,-5.33884844442258,-24.0659321383268));
#6782=CARTESIAN_POINT('Ctrl Pts',(-4.940816326531,-4.56223180334939,-24.1441089827144));
#6783=CARTESIAN_POINT('Ctrl Pts',(4.72040816326554,-4.35871216899899,-23.635752117519));
#6784=CARTESIAN_POINT('Ctrl Pts',(3.69272927974301,-5.47167021782318,-23.7530173841004));
#6785=CARTESIAN_POINT('Ctrl Pts',(1.30112450708343,-6.68407053503623,-23.9484594950694));
#6786=CARTESIAN_POINT('Ctrl Pts',(-2.31092914220587,-6.25128563676963,-24.222078450426));
#6787=CARTESIAN_POINT('Ctrl Pts',(-4.03528890758379,-5.1006842015485,-24.3784321392012));
#6788=CARTESIAN_POINT('Ctrl Pts',(-4.72040816326548,-4.35871216899905,-24.4566089835889));
#6789=CARTESIAN_POINT('Ctrl Pts',(4.50000000000001,-4.15519253464865,-23.9482521183934));
#6790=CARTESIAN_POINT('Ctrl Pts',(3.52030612271205,-5.21618367068722,-24.0655173849748));
#6791=CARTESIAN_POINT('Ctrl Pts',(1.24037161181099,-6.3719738563572,-24.2609594959439));
#6792=CARTESIAN_POINT('Ctrl Pts',(-2.20302583595491,-5.9593968132626,-24.5345784513005));
#6793=CARTESIAN_POINT('Ctrl Pts',(-3.84687074847464,-4.86251995867442,-24.6909321400757));
#6794=CARTESIAN_POINT('Ctrl Pts',(-4.49999999999996,-4.15519253464871,-24.7691089844633));
#6795=CARTESIAN_POINT('Ctrl Pts',(4.50000000000001,-4.15519253464865,-23.9482521183934));
#6796=CARTESIAN_POINT('Ctrl Pts',(3.52030612271205,-5.21618367068722,-24.0655173849748));
#6797=CARTESIAN_POINT('Ctrl Pts',(1.24037161181099,-6.3719738563572,-24.2609594959439));
#6798=CARTESIAN_POINT('Ctrl Pts',(-2.20302583595491,-5.9593968132626,-24.5345784513005));
#6799=CARTESIAN_POINT('Ctrl Pts',(-3.84687074847464,-4.86251995867442,-24.6909321400757));
#6800=CARTESIAN_POINT('Ctrl Pts',(-4.49999999999996,-4.15519253464871,-24.7691089844633));
#6801=CARTESIAN_POINT('Ctrl Pts',(5.16122448979659,-4.76575143769966,-26.1357521157702));
#6802=CARTESIAN_POINT('Ctrl Pts',(4.03757559380492,-5.9826433120951,-26.2530173823516));
#6803=CARTESIAN_POINT('Ctrl Pts',(1.42262275564951,-7.30824614918148,-26.4484594933206));
#6804=CARTESIAN_POINT('Ctrl Pts',(-2.52673848803293,-6.83505317558606,-26.7220784486772));
#6805=CARTESIAN_POINT('Ctrl Pts',(-4.41212522580219,-5.57701268729659,-26.8784321374524));
#6806=CARTESIAN_POINT('Ctrl Pts',(-5.16122448979663,-4.76575143769962,-26.95660898184));
#6807=CARTESIAN_POINT('Ctrl Pts',(4.94081632653106,-4.56223180334933,-26.4482521166446));
#6808=CARTESIAN_POINT('Ctrl Pts',(3.86515243677396,-5.72715676495914,-26.565517383226));
#6809=CARTESIAN_POINT('Ctrl Pts',(1.36187018245445,-6.99615022821972,-26.760959494195));
#6810=CARTESIAN_POINT('Ctrl Pts',(-2.41883506505634,-6.54316478374584,-27.0345784495516));
#6811=CARTESIAN_POINT('Ctrl Pts',(-4.22370706669303,-5.33884844442251,-27.1909321383268));
#6812=CARTESIAN_POINT('Ctrl Pts',(-4.9408163265311,-4.56223180334928,-27.2691089827144));
#6813=CARTESIAN_POINT('Ctrl Pts',(4.72040816326554,-4.35871216899899,-26.760752117519));
#6814=CARTESIAN_POINT('Ctrl Pts',(3.692729279743,-5.47167021782319,-26.8780173841004));
#6815=CARTESIAN_POINT('Ctrl Pts',(1.30111760925941,-6.68405430725797,-27.0734594950694));
#6816=CARTESIAN_POINT('Ctrl Pts',(-2.31093164207975,-6.25127639190561,-27.347078450426));
#6817=CARTESIAN_POINT('Ctrl Pts',(-4.03528890758388,-5.10068420154843,-27.5034321392013));
#6818=CARTESIAN_POINT('Ctrl Pts',(-4.72040816326557,-4.35871216899895,-27.5816089835889));
#6819=CARTESIAN_POINT('Ctrl Pts',(4.50000000000001,-4.15519253464865,-27.0732521183934));
#6820=CARTESIAN_POINT('Ctrl Pts',(3.52030612271203,-5.21618367068724,-27.1905173849748));
#6821=CARTESIAN_POINT('Ctrl Pts',(1.24036503606436,-6.37195838629621,-27.3859594959439));
#6822=CARTESIAN_POINT('Ctrl Pts',(-2.20302821910317,-5.95938800006539,-27.6595784513005));
#6823=CARTESIAN_POINT('Ctrl Pts',(-3.84687074847473,-4.86251995867435,-27.8159321400757));
#6824=CARTESIAN_POINT('Ctrl Pts',(-4.50000000000005,-4.15519253464861,-27.8941089844633));
#6825=CARTESIAN_POINT('Ctrl Pts',(4.50000000000001,-4.15519253464865,-27.0732521183934));
#6826=CARTESIAN_POINT('Ctrl Pts',(3.52030612271203,-5.21618367068724,-27.1905173849748));
#6827=CARTESIAN_POINT('Ctrl Pts',(1.24036503606436,-6.37195838629621,-27.3859594959439));
#6828=CARTESIAN_POINT('Ctrl Pts',(-2.20302821910317,-5.95938800006539,-27.6595784513005));
#6829=CARTESIAN_POINT('Ctrl Pts',(-3.84687074847473,-4.86251995867435,-27.8159321400757));
#6830=CARTESIAN_POINT('Ctrl Pts',(-4.50000000000005,-4.15519253464861,-27.8941089844633));
#6831=CARTESIAN_POINT('Ctrl Pts',(5.16122448979662,-4.76575143769963,-29.2607521157702));
#6832=CARTESIAN_POINT('Ctrl Pts',(4.03757559380495,-5.98264331209508,-29.3780173823516));
#6833=CARTESIAN_POINT('Ctrl Pts',(1.42261635115892,-7.30823107125861,-29.5734594933206));
#6834=CARTESIAN_POINT('Ctrl Pts',(-2.52674081849168,-6.83504457734559,-29.8470784486772));
#6835=CARTESIAN_POINT('Ctrl Pts',(-4.41212522580226,-5.57701268729653,-30.0034321374524));
#6836=CARTESIAN_POINT('Ctrl Pts',(-5.16122448979669,-4.76575143769955,-30.08160898184));
#6837=CARTESIAN_POINT('Ctrl Pts',(4.9408163265311,-4.56223180334929,-29.5732521166446));
#6838=CARTESIAN_POINT('Ctrl Pts',(3.86515243677399,-5.72715676495913,-29.690517383226));
#6839=CARTESIAN_POINT('Ctrl Pts',(1.36186405146525,-6.99613579419392,-29.885959494195));
#6840=CARTESIAN_POINT('Ctrl Pts',(-2.41883729599373,-6.54315655269001,-30.1595784495516));
#6841=CARTESIAN_POINT('Ctrl Pts',(-4.22370706669311,-5.33884844442245,-30.3159321383268));
#6842=CARTESIAN_POINT('Ctrl Pts',(-4.94081632653116,-4.56223180334922,-30.3941089827144));
#6843=CARTESIAN_POINT('Ctrl Pts',(4.72040816326557,-4.35871216899895,-29.885752117519));
#6844=CARTESIAN_POINT('Ctrl Pts',(3.69272927974302,-5.47167021782318,-30.0030173841004));
#6845=CARTESIAN_POINT('Ctrl Pts',(1.30111175177158,-6.68404051712922,-30.1984594950694));
#6846=CARTESIAN_POINT('Ctrl Pts',(-2.31093377349577,-6.25126852803444,-30.4720784504261));
#6847=CARTESIAN_POINT('Ctrl Pts',(-4.03528890758395,-5.10068420154837,-30.6284321392013));
#6848=CARTESIAN_POINT('Ctrl Pts',(-4.72040816326564,-4.35871216899888,-30.7066089835889));
#6849=CARTESIAN_POINT('Ctrl Pts',(4.50000000000005,-4.15519253464862,-30.1982521183934));
#6850=CARTESIAN_POINT('Ctrl Pts',(3.52030612271206,-5.21618367068722,-30.3155173849748));
#6851=CARTESIAN_POINT('Ctrl Pts',(1.24035945207791,-6.37194524006453,-30.5109594959439));
#6852=CARTESIAN_POINT('Ctrl Pts',(-2.20303025099781,-5.95938050337886,-30.7845784513005));
#6853=CARTESIAN_POINT('Ctrl Pts',(-3.8468707484748,-4.86251995867429,-30.9409321400757));
#6854=CARTESIAN_POINT('Ctrl Pts',(-4.50000000000011,-4.15519253464855,-31.0191089844633));
#6855=CARTESIAN_POINT('Ctrl Pts',(4.50000000000005,-4.15519253464862,-30.1982521183934));
#6856=CARTESIAN_POINT('Ctrl Pts',(3.52030612271206,-5.21618367068722,-30.3155173849748));
#6857=CARTESIAN_POINT('Ctrl Pts',(1.24035945207791,-6.37194524006453,-30.5109594959439));
#6858=CARTESIAN_POINT('Ctrl Pts',(-2.20303025099781,-5.95938050337886,-30.7845784513005));
#6859=CARTESIAN_POINT('Ctrl Pts',(-3.8468707484748,-4.86251995867429,-30.9409321400757));
#6860=CARTESIAN_POINT('Ctrl Pts',(-4.50000000000011,-4.15519253464855,-31.0191089844633));
#6861=CARTESIAN_POINT('Ctrl Pts',(5.16122448979666,-4.76575143769959,-32.3857521157702));
#6862=CARTESIAN_POINT('Ctrl Pts',(4.03757559380501,-5.98264331209504,-32.5030173823516));
#6863=CARTESIAN_POINT('Ctrl Pts',(1.42261084483321,-7.30821810000219,-32.6984594933206));
#6864=CARTESIAN_POINT('Ctrl Pts',(-2.52674282897666,-6.83503717427682,-32.9720784486772));
#6865=CARTESIAN_POINT('Ctrl Pts',(-4.41212522580198,-5.57701268729675,-33.1284321374524));
#6866=CARTESIAN_POINT('Ctrl Pts',(-5.16122448979645,-4.76575143769981,-33.20660898184));
#6867=CARTESIAN_POINT('Ctrl Pts',(4.94081632653113,-4.56223180334925,-32.6982521166446));
#6868=CARTESIAN_POINT('Ctrl Pts',(3.86515243677405,-5.72715676495909,-32.815517383226));
#6869=CARTESIAN_POINT('Ctrl Pts',(1.36185878028511,-6.99612337687015,-33.010959494195));
#6870=CARTESIAN_POINT('Ctrl Pts',(-2.41883922062169,-6.54314946576653,-33.2845784495516));
#6871=CARTESIAN_POINT('Ctrl Pts',(-4.22370706669284,-5.33884844442266,-33.4409321383268));
#6872=CARTESIAN_POINT('Ctrl Pts',(-4.94081632653094,-4.56223180334946,-33.5191089827144));
#6873=CARTESIAN_POINT('Ctrl Pts',(4.7204081632656,-4.35871216899892,-33.010752117519));
#6874=CARTESIAN_POINT('Ctrl Pts',(3.69272927974308,-5.47167021782314,-33.1280173841004));
#6875=CARTESIAN_POINT('Ctrl Pts',(1.30110671573703,-6.68402865373812,-33.3234594950694));
#6876=CARTESIAN_POINT('Ctrl Pts',(-2.31093561226672,-6.25126175725624,-33.5970784504261));
#6877=CARTESIAN_POINT('Ctrl Pts',(-4.0352889075837,-5.10068420154857,-33.7534321392013));
#6878=CARTESIAN_POINT('Ctrl Pts',(-4.72040816326542,-4.35871216899912,-33.8316089835889));
#6879=CARTESIAN_POINT('Ctrl Pts',(4.50000000000008,-4.15519253464858,-33.3232521183934));
#6880=CARTESIAN_POINT('Ctrl Pts',(3.52030612271211,-5.21618367068718,-33.4405173849748));
#6881=CARTESIAN_POINT('Ctrl Pts',(1.24035465118894,-6.37193393060609,-33.6359594959438));
#6882=CARTESIAN_POINT('Ctrl Pts',(-2.20303200391176,-5.95937404874594,-33.9095784513005));
#6883=CARTESIAN_POINT('Ctrl Pts',(-3.84687074847456,-4.86251995867449,-34.0659321400757));
#6884=CARTESIAN_POINT('Ctrl Pts',(-4.4999999999999,-4.15519253464877,-34.1441089844633));
#6885=CARTESIAN_POINT('Ctrl Pts',(4.50000000000008,-4.15519253464858,-33.3232521183934));
#6886=CARTESIAN_POINT('Ctrl Pts',(3.52030612271211,-5.21618367068718,-33.4405173849748));
#6887=CARTESIAN_POINT('Ctrl Pts',(1.24035465118894,-6.37193393060609,-33.6359594959438));
#6888=CARTESIAN_POINT('Ctrl Pts',(-2.20303200391176,-5.95937404874594,-33.9095784513005));
#6889=CARTESIAN_POINT('Ctrl Pts',(-3.84687074847456,-4.86251995867449,-34.0659321400757));
#6890=CARTESIAN_POINT('Ctrl Pts',(-4.4999999999999,-4.15519253464877,-34.1441089844633));
#6891=CARTESIAN_POINT('Ctrl Pts',(5.16122448979656,-4.7657514376997,-35.5107521157702));
#6892=CARTESIAN_POINT('Ctrl Pts',(4.41212522580212,-5.57701268729664,-35.5889289601578));
#6893=CARTESIAN_POINT('Ctrl Pts',(2.52674458111459,-6.83503073339929,-35.745282648933));
#6894=CARTESIAN_POINT('Ctrl Pts',(-1.42260606009317,-7.30820682271199,-36.0189016042896));
#6895=CARTESIAN_POINT('Ctrl Pts',(-4.0375755938049,-5.98264331209511,-36.2143437152586));
#6896=CARTESIAN_POINT('Ctrl Pts',(-5.16122448979655,-4.7657514376997,-36.33160898184));
#6897=CARTESIAN_POINT('Ctrl Pts',(4.94081632653103,-4.56223180334936,-35.8232521166446));
#6898=CARTESIAN_POINT('Ctrl Pts',(4.22370706669297,-5.33884844442255,-35.9014289610322));
#6899=CARTESIAN_POINT('Ctrl Pts',(2.41884089793523,-6.54314329994426,-36.0577826498074));
#6900=CARTESIAN_POINT('Ctrl Pts',(-1.36185419987561,-6.99611258117242,-36.331401605164));
#6901=CARTESIAN_POINT('Ctrl Pts',(-3.86515243677394,-5.72715676495915,-36.526843716133));
#6902=CARTESIAN_POINT('Ctrl Pts',(-4.94081632653103,-4.56223180334936,-36.6441089827144));
#6903=CARTESIAN_POINT('Ctrl Pts',(4.72040816326551,-4.35871216899902,-36.135752117519));
#6904=CARTESIAN_POINT('Ctrl Pts',(4.03528890758382,-5.10068420154847,-36.2139289619066));
#6905=CARTESIAN_POINT('Ctrl Pts',(2.31093721475586,-6.25125586648924,-36.3702826506818));
#6906=CARTESIAN_POINT('Ctrl Pts',(-1.30110233965806,-6.68401833963286,-36.6439016060384));
#6907=CARTESIAN_POINT('Ctrl Pts',(-3.69272927974297,-5.4716702178232,-36.8393437170075));
#6908=CARTESIAN_POINT('Ctrl Pts',(-4.72040816326551,-4.35871216899902,-36.9566089835889));
#6909=CARTESIAN_POINT('Ctrl Pts',(4.49999999999999,-4.15519253464868,-36.4482521183934));
#6910=CARTESIAN_POINT('Ctrl Pts',(3.84687074847467,-4.86251995867439,-36.526428962781));
#6911=CARTESIAN_POINT('Ctrl Pts',(2.2030335315765,-5.95936843303422,-36.6827826515563));
#6912=CARTESIAN_POINT('Ctrl Pts',(-1.2403504794405,-6.37192409809328,-36.9564016069129));
#6913=CARTESIAN_POINT('Ctrl Pts',(-3.52030612271201,-5.21618367068725,-37.1518437178819));
#6914=CARTESIAN_POINT('Ctrl Pts',(-4.49999999999999,-4.15519253464868,-37.2691089844633));
#6915=CARTESIAN_POINT('Ctrl Pts',(4.49999999999999,-4.15519253464868,-36.4482521183934));
#6916=CARTESIAN_POINT('Ctrl Pts',(3.84687074847467,-4.86251995867439,-36.526428962781));
#6917=CARTESIAN_POINT('Ctrl Pts',(2.2030335315765,-5.95936843303422,-36.6827826515563));
#6918=CARTESIAN_POINT('Ctrl Pts',(-1.2403504794405,-6.37192409809328,-36.9564016069129));
#6919=CARTESIAN_POINT('Ctrl Pts',(-3.52030612271201,-5.21618367068725,-37.1518437178819));
#6920=CARTESIAN_POINT('Ctrl Pts',(-4.49999999999999,-4.15519253464868,-37.2691089844633));
#6921=CARTESIAN_POINT('Ctrl Pts',(5.16122448979659,-4.76575143769966,-38.6357521157702));
#6922=CARTESIAN_POINT('Ctrl Pts',(4.03757559380492,-5.98264331209511,-38.7530173823516));
#6923=CARTESIAN_POINT('Ctrl Pts',(1.42260186380549,-7.30819692788262,-38.9484594933206));
#6924=CARTESIAN_POINT('Ctrl Pts',(-2.52674612166931,-6.83502507858784,-39.2220784486772));
#6925=CARTESIAN_POINT('Ctrl Pts',(-4.41212522580228,-5.57701268729651,-39.3784321374524));
#6926=CARTESIAN_POINT('Ctrl Pts',(-5.16122448979672,-4.76575143769952,-39.45660898184));
#6927=CARTESIAN_POINT('Ctrl Pts',(4.94081632653107,-4.56223180334932,-38.9482521166446));
#6928=CARTESIAN_POINT('Ctrl Pts',(3.86515243677395,-5.72715676495915,-39.065517383226));
#6929=CARTESIAN_POINT('Ctrl Pts',(1.36185018278883,-6.99610310889804,-39.260959494195));
#6930=CARTESIAN_POINT('Ctrl Pts',(-2.41884237270114,-6.54313788661942,-39.5345784495516));
#6931=CARTESIAN_POINT('Ctrl Pts',(-4.22370706669313,-5.33884844442244,-39.6909321383268));
#6932=CARTESIAN_POINT('Ctrl Pts',(-4.94081632653119,-4.56223180334918,-39.7691089827144));
#6933=CARTESIAN_POINT('Ctrl Pts',(4.72040816326554,-4.35871216899898,-39.260752117519));
#6934=CARTESIAN_POINT('Ctrl Pts',(3.69272927974299,-5.4716702178232,-39.3780173841004));
#6935=CARTESIAN_POINT('Ctrl Pts',(1.30109850177218,-6.68400928991346,-39.5734594950694));
#6936=CARTESIAN_POINT('Ctrl Pts',(-2.31093862373296,-6.25125069465101,-39.8470784504261));
#6937=CARTESIAN_POINT('Ctrl Pts',(-4.03528890758397,-5.10068420154836,-40.0034321392013));
#6938=CARTESIAN_POINT('Ctrl Pts',(-4.72040816326566,-4.35871216899885,-40.0816089835889));
#6939=CARTESIAN_POINT('Ctrl Pts',(4.50000000000002,-4.15519253464864,-39.5732521183934));
#6940=CARTESIAN_POINT('Ctrl Pts',(3.52030612271203,-5.21618367068725,-39.6905173849748));
#6941=CARTESIAN_POINT('Ctrl Pts',(1.24034682075552,-6.37191547092889,-39.8859594959438));
#6942=CARTESIAN_POINT('Ctrl Pts',(-2.20303487476478,-5.95936350268259,-40.1595784513005));
#6943=CARTESIAN_POINT('Ctrl Pts',(-3.84687074847482,-4.86251995867428,-40.3159321400757));
#6944=CARTESIAN_POINT('Ctrl Pts',(-4.50000000000013,-4.15519253464852,-40.3941089844633));
#6945=CARTESIAN_POINT('Ctrl Pts',(4.50000000000002,-4.15519253464864,-39.5732521183934));
#6946=CARTESIAN_POINT('Ctrl Pts',(3.52030612271203,-5.21618367068725,-39.6905173849748));
#6947=CARTESIAN_POINT('Ctrl Pts',(1.24034682075552,-6.37191547092889,-39.8859594959438));
#6948=CARTESIAN_POINT('Ctrl Pts',(-2.20303487476478,-5.95936350268259,-40.1595784513005));
#6949=CARTESIAN_POINT('Ctrl Pts',(-3.84687074847482,-4.86251995867428,-40.3159321400757));
#6950=CARTESIAN_POINT('Ctrl Pts',(-4.50000000000013,-4.15519253464852,-40.3941089844633));
#6951=CARTESIAN_POINT('Ctrl Pts',(5.16122448979663,-4.76575143769962,-41.7607521157702));
#6952=CARTESIAN_POINT('Ctrl Pts',(4.03757559380499,-5.98264331209505,-41.8780173823516));
#6953=CARTESIAN_POINT('Ctrl Pts',(1.42259815369304,-7.30818817597747,-42.0734594933206));
#6954=CARTESIAN_POINT('Ctrl Pts',(-2.52674748676608,-6.83502007422763,-42.3470784486772));
#6955=CARTESIAN_POINT('Ctrl Pts',(-4.41212522580211,-5.57701268729664,-42.5034321374524));
#6956=CARTESIAN_POINT('Ctrl Pts',(-5.16122448979655,-4.7657514376997,-42.58160898184));
#6957=CARTESIAN_POINT('Ctrl Pts',(4.9408163265311,-4.56223180334928,-42.0732521166446));
#6958=CARTESIAN_POINT('Ctrl Pts',(3.86515243677402,-5.7271567649591,-42.190517383226));
#6959=CARTESIAN_POINT('Ctrl Pts',(1.36184663111535,-6.99609473073973,-42.385959494195));
#6960=CARTESIAN_POINT('Ctrl Pts',(-2.41884367950196,-6.54313309596855,-42.6595784495516));
#6961=CARTESIAN_POINT('Ctrl Pts',(-4.22370706669297,-5.33884844442256,-42.8159321383268));
#6962=CARTESIAN_POINT('Ctrl Pts',(-4.94081632653103,-4.56223180334936,-42.8941089827144));
#6963=CARTESIAN_POINT('Ctrl Pts',(4.72040816326558,-4.35871216899895,-42.385752117519));
#6964=CARTESIAN_POINT('Ctrl Pts',(3.69272927974306,-5.47167021782314,-42.5030173841004));
#6965=CARTESIAN_POINT('Ctrl Pts',(1.30109510853766,-6.68400128550199,-42.6984594950694));
#6966=CARTESIAN_POINT('Ctrl Pts',(-2.31093987223783,-6.25124611770946,-42.972078450426));
#6967=CARTESIAN_POINT('Ctrl Pts',(-4.03528890758382,-5.10068420154848,-43.1284321392012));
#6968=CARTESIAN_POINT('Ctrl Pts',(-4.72040816326551,-4.35871216899902,-43.2066089835888));
#6969=CARTESIAN_POINT('Ctrl Pts',(4.50000000000005,-4.15519253464861,-42.6982521183934));
#6970=CARTESIAN_POINT('Ctrl Pts',(3.52030612271209,-5.21618367068719,-42.8155173849748));
#6971=CARTESIAN_POINT('Ctrl Pts',(1.24034358595997,-6.37190784026425,-43.0109594959438));
#6972=CARTESIAN_POINT('Ctrl Pts',(-2.20303606497371,-5.95935913945038,-43.2845784513005));
#6973=CARTESIAN_POINT('Ctrl Pts',(-3.84687074847467,-4.86251995867439,-43.4409321400757));
#6974=CARTESIAN_POINT('Ctrl Pts',(-4.49999999999998,-4.15519253464868,-43.5191089844633));
#6975=CARTESIAN_POINT('Ctrl Pts',(4.50000000000005,-4.15519253464861,-42.6982521183934));
#6976=CARTESIAN_POINT('Ctrl Pts',(3.52030612271209,-5.21618367068719,-42.8155173849748));
#6977=CARTESIAN_POINT('Ctrl Pts',(1.24034358595997,-6.37190784026425,-43.0109594959438));
#6978=CARTESIAN_POINT('Ctrl Pts',(-2.20303606497371,-5.95935913945038,-43.2845784513005));
#6979=CARTESIAN_POINT('Ctrl Pts',(-3.84687074847467,-4.86251995867439,-43.4409321400757));
#6980=CARTESIAN_POINT('Ctrl Pts',(-4.49999999999998,-4.15519253464868,-43.5191089844633));
#6981=CARTESIAN_POINT('Ctrl Pts',(5.16122447262116,-4.76575145630035,-44.8857521175626));
#6982=CARTESIAN_POINT('Ctrl Pts',(4.03757557469753,-5.98264332398899,-45.0030173838879));
#6983=CARTESIAN_POINT('Ctrl Pts',(1.42259483341533,-7.30818038107688,-45.1984594944302));
#6984=CARTESIAN_POINT('Ctrl Pts',(-2.52674871135954,-6.83501561052228,-45.4720784491893));
#6985=CARTESIAN_POINT('Ctrl Pts',(-4.41212522743789,-5.57701268552513,-45.6284321376231));
#6986=CARTESIAN_POINT('Ctrl Pts',(-5.16122448979658,-4.76575143769967,-45.70660898184));
#6987=CARTESIAN_POINT('Ctrl Pts',(4.94081631008911,-4.56223182115567,-45.198252118437));
#6988=CARTESIAN_POINT('Ctrl Pts',(3.86515241848254,-5.72715677634512,-45.3155173847624));
#6989=CARTESIAN_POINT('Ctrl Pts',(1.36184345262886,-6.99608726871745,-45.5109594953046));
#6990=CARTESIAN_POINT('Ctrl Pts',(-2.4188448517996,-6.54312882288407,-45.7845784500637));
#6991=CARTESIAN_POINT('Ctrl Pts',(-4.22370706825889,-5.3388484427267,-45.9409321384975));
#6992=CARTESIAN_POINT('Ctrl Pts',(-4.94081632653106,-4.56223180334933,-46.0191089827144));
#6993=CARTESIAN_POINT('Ctrl Pts',(4.72040814755705,-4.358712186011,-45.5107521193114));
#6994=CARTESIAN_POINT('Ctrl Pts',(3.69272926226756,-5.47167022870124,-45.6280173856368));
#6995=CARTESIAN_POINT('Ctrl Pts',(1.30109207184239,-6.68399415635803,-45.823459496179));
#6996=CARTESIAN_POINT('Ctrl Pts',(-2.31094099223968,-6.25124203524586,-46.0970784509382));
#6997=CARTESIAN_POINT('Ctrl Pts',(-4.03528890907988,-5.10068419992827,-46.253432139372));
#6998=CARTESIAN_POINT('Ctrl Pts',(-4.72040816326554,-4.35871216899899,-46.3316089835889));
#6999=CARTESIAN_POINT('Ctrl Pts',(4.499999985025,-4.15519255086633,-45.8232521201859));
#7000=CARTESIAN_POINT('Ctrl Pts',(3.52030610605257,-5.21618368105736,-45.9405173865112));
#7001=CARTESIAN_POINT('Ctrl Pts',(1.24034069105592,-6.37190104399861,-46.1359594970534));
#7002=CARTESIAN_POINT('Ctrl Pts',(-2.20303713267975,-5.95935524760764,-46.4095784518126));
#7003=CARTESIAN_POINT('Ctrl Pts',(-3.84687074990088,-4.86251995712984,-46.5659321402464));
#7004=CARTESIAN_POINT('Ctrl Pts',(-4.50000000000001,-4.15519253464865,-46.6441089844633));
#7005=CARTESIAN_POINT('Ctrl Pts',(4.49999996730207,-4.15519257005995,-45.8232521223072));
#7006=CARTESIAN_POINT('Ctrl Pts',(3.52030608955449,-5.21618368942026,-45.9405173879254));
#7007=CARTESIAN_POINT('Ctrl Pts',(1.24034068215711,-6.37190104293246,-46.1359594977606));
#7008=CARTESIAN_POINT('Ctrl Pts',(-2.20303713267975,-5.95935524760764,-46.4095784518126));
#7009=CARTESIAN_POINT('Ctrl Pts',(-3.84687074990088,-4.86251995712984,-46.5659321402464));
#7010=CARTESIAN_POINT('Ctrl Pts',(-4.50000000000001,-4.15519253464865,-46.6441089844633));
#7011=CARTESIAN_POINT('Ctrl Pts',(5.16122448979649,-4.76575143769976,-48.0107521157702));
#7012=CARTESIAN_POINT('Ctrl Pts',(4.41212522720902,-5.57701268577296,-48.0889289600109));
#7013=CARTESIAN_POINT('Ctrl Pts',(2.52674980386826,-6.83501161111707,-48.2452826484925));
#7014=CARTESIAN_POINT('Ctrl Pts',(-1.42259187493092,-7.30817339195942,-48.5189016033352));
#7015=CARTESIAN_POINT('Ctrl Pts',(-4.03757557736976,-5.98264332232559,-48.7143437139371));
#7016=CARTESIAN_POINT('Ctrl Pts',(-5.1612244750232,-4.76575145369898,-48.8316089802982));
#7017=CARTESIAN_POINT('Ctrl Pts',(4.94081632653097,-4.56223180334942,-48.3232521166446));
#7018=CARTESIAN_POINT('Ctrl Pts',(4.22370706803979,-5.33884844296395,-48.4014289608853));
#7019=CARTESIAN_POINT('Ctrl Pts',(2.41884589765316,-6.54312499427196,-48.5577826493669));
#7020=CARTESIAN_POINT('Ctrl Pts',(-1.36184062048542,-6.99608057806765,-48.8314016042096));
#7021=CARTESIAN_POINT('Ctrl Pts',(-3.86515242104066,-5.72715677475275,-49.0268437148115));
#7022=CARTESIAN_POINT('Ctrl Pts',(-4.94081631238857,-4.5622318186654,-49.1441089811726));
#7023=CARTESIAN_POINT('Ctrl Pts',(4.72040816326545,-4.35871216899908,-48.635752117519));
#7024=CARTESIAN_POINT('Ctrl Pts',(4.03528890887056,-5.10068420015493,-48.7139289617598));
#7025=CARTESIAN_POINT('Ctrl Pts',(2.31094199143805,-6.25123837742686,-48.8702826502413));
#7026=CARTESIAN_POINT('Ctrl Pts',(-1.30108936603992,-6.68398776417588,-49.143901605084));
#7027=CARTESIAN_POINT('Ctrl Pts',(-3.69272926471155,-5.47167022717991,-49.3393437156859));
#7028=CARTESIAN_POINT('Ctrl Pts',(-4.72040814975394,-4.35871218363181,-49.4566089820471));
#7029=CARTESIAN_POINT('Ctrl Pts',(4.49999999999993,-4.15519253464874,-48.9482521183934));
#7030=CARTESIAN_POINT('Ctrl Pts',(3.84687074970133,-4.86251995734592,-49.0264289626342));
#7031=CARTESIAN_POINT('Ctrl Pts',(2.20303808522294,-5.95935176058175,-49.1827826511157));
#7032=CARTESIAN_POINT('Ctrl Pts',(-1.24033811159442,-6.3718949502841,-49.4564016059584));
#7033=CARTESIAN_POINT('Ctrl Pts',(-3.52030610838245,-5.21618367960706,-49.6518437165604));
#7034=CARTESIAN_POINT('Ctrl Pts',(-4.4999999871193,-4.15519254859823,-49.7691089829215));
#7035=CARTESIAN_POINT('Ctrl Pts',(4.49999999999993,-4.15519253464874,-48.9482521183934));
#7036=CARTESIAN_POINT('Ctrl Pts',(3.84687074970133,-4.86251995734592,-49.0264289626342));
#7037=CARTESIAN_POINT('Ctrl Pts',(2.20303808522294,-5.95935176058175,-49.1827826511157));
#7038=CARTESIAN_POINT('Ctrl Pts',(-1.24033810453686,-6.37189494943855,-49.4564016053976));
#7039=CARTESIAN_POINT('Ctrl Pts',(-3.52030609529796,-5.21618368623957,-49.6518437154387));
#7040=CARTESIAN_POINT('Ctrl Pts',(-4.49999997306341,-4.15519256382051,-49.7691089812391));
#7041=CARTESIAN_POINT('Ctrl Pts',(-5.16122448979657,4.76575143769968,0.426747884229851));
#7042=CARTESIAN_POINT('Ctrl Pts',(-4.03757559380491,5.9826433120951,0.309482617648445));
#7043=CARTESIAN_POINT('Ctrl Pts',(-1.42281413232442,7.30869191693707,0.114040506679435));
#7044=CARTESIAN_POINT('Ctrl Pts',(2.52667302086955,6.83530362381011,-0.159578448677179));
#7045=CARTESIAN_POINT('Ctrl Pts',(4.41212522580214,5.57701268729662,-0.315932137452387));
#7046=CARTESIAN_POINT('Ctrl Pts',(5.16122448979658,4.76575143769967,-0.394108981839991));
#7047=CARTESIAN_POINT('Ctrl Pts',(-4.94081632653104,4.56223180334934,0.114247883355427));
#7048=CARTESIAN_POINT('Ctrl Pts',(-3.86515243677395,5.72715676495914,-0.00301738322597899));
#7049=CARTESIAN_POINT('Ctrl Pts',(-1.36205338645998,6.99657695962988,-0.198459494194989));
#7050=CARTESIAN_POINT('Ctrl Pts',(2.41877239364371,6.54340453667206,-0.472078449551603));
#7051=CARTESIAN_POINT('Ctrl Pts',(4.22370706669299,5.33884844442254,-0.628432138326811));
#7052=CARTESIAN_POINT('Ctrl Pts',(4.94081632653105,4.56223180334934,-0.706608982714415));
#7053=CARTESIAN_POINT('Ctrl Pts',(-4.72040816326552,4.35871216899901,-0.198252117518997));
#7054=CARTESIAN_POINT('Ctrl Pts',(-3.69272927974299,5.47167021782319,-0.315517384100403));
#7055=CARTESIAN_POINT('Ctrl Pts',(-1.30129264059554,6.68446200232269,-0.510959495069413));
#7056=CARTESIAN_POINT('Ctrl Pts',(2.31087176641787,6.25150544953402,-0.784578450426027));
#7057=CARTESIAN_POINT('Ctrl Pts',(4.03528890758384,5.10068420154846,-0.940932139201235));
#7058=CARTESIAN_POINT('Ctrl Pts',(4.72040816326553,4.358712168999,-1.01910898358884));
#7059=CARTESIAN_POINT('Ctrl Pts',(-4.5,4.15519253464867,-0.51075211839342));
#7060=CARTESIAN_POINT('Ctrl Pts',(-3.52030612271202,5.21618367068724,-0.628017384974826));
#7061=CARTESIAN_POINT('Ctrl Pts',(-1.2405318947311,6.3723470450155,-0.823459495943837));
#7062=CARTESIAN_POINT('Ctrl Pts',(2.20297113919203,5.95960636239596,-1.09707845130045));
#7063=CARTESIAN_POINT('Ctrl Pts',(3.84687074847469,4.86251995867437,-1.25343214007566));
#7064=CARTESIAN_POINT('Ctrl Pts',(4.50000000000001,4.15519253464866,-1.33160898446326));
#7065=CARTESIAN_POINT('Ctrl Pts',(-4.5,4.15519253464867,-0.51075211839342));
#7066=CARTESIAN_POINT('Ctrl Pts',(-3.52030612271202,5.21618367068724,-0.628017384974826));
#7067=CARTESIAN_POINT('Ctrl Pts',(-1.2405318947311,6.3723470450155,-0.823459495943837));
#7068=CARTESIAN_POINT('Ctrl Pts',(2.20297113919203,5.95960636239596,-1.09707845130045));
#7069=CARTESIAN_POINT('Ctrl Pts',(3.84687074847469,4.86251995867437,-1.25343214007566));
#7070=CARTESIAN_POINT('Ctrl Pts',(4.50000000000001,4.15519253464866,-1.33160898446326));
#7071=CARTESIAN_POINT('Ctrl Pts',(0.230643466801059,7.01945248369123,-3.02664142253074E-10));
#7072=CARTESIAN_POINT('Ctrl Pts',(0.0457754291476037,7.01313675035508,-2.3913251680663E-10));
#7073=CARTESIAN_POINT('Ctrl Pts',(-0.138920568545265,6.99950546398043,-1.35593749916921E-10));
#7074=CARTESIAN_POINT('Ctrl Pts',(-0.32298133464594,6.97841162859665,-6.76281600164863E-11));
#7075=CARTESIAN_POINT('Ctrl Pts',(-0.431209151992244,6.96600844343441,-2.76643610743771E-11));
#7076=CARTESIAN_POINT('Ctrl Pts',(-0.53921698902875,6.95102425036475,-2.58972434073814E-16));
#7077=CARTESIAN_POINT('Ctrl Pts',(-0.646906731563165,6.93342166587246,-2.35922392732846E-16));
#7078=CARTESIAN_POINT('Ctrl Pts',(-0.703813119247428,6.9241199489792,-2.31435373047399E-16));
#7079=CARTESIAN_POINT('Ctrl Pts',(-0.760561042240231,6.9140983598235,-8.99524015629101E-16));
#7080=CARTESIAN_POINT('Ctrl Pts',(-0.817137361827104,6.90335594147598,-8.60422844084496E-16));
#7081=CARTESIAN_POINT('Ctrl Pts',(-0.999183180431306,6.86879002492036,-7.06851293972845E-16));
#7082=CARTESIAN_POINT('Ctrl Pts',(-1.17945318141642,6.82676481077531,-4.36194755335106E-16));
#7083=CARTESIAN_POINT('Ctrl Pts',(-1.35758008755331,6.77756032506214,-3.33066907387547E-16));
#7084=CARTESIAN_POINT('Ctrl Pts',(-1.53840974640764,6.72760925052443,-2.28374281398713E-16));
#7085=CARTESIAN_POINT('Ctrl Pts',(-1.71703143952422,6.67025908854213,-6.55616433261859E-16));
#7086=CARTESIAN_POINT('Ctrl Pts',(-1.89304338964446,6.60575235450016,-5.55111512312578E-16));
#7087=CARTESIAN_POINT('Ctrl Pts',(-2.06900188154672,6.54126521239525,-4.54637116642789E-16));
#7088=CARTESIAN_POINT('Ctrl Pts',(-2.24235283383872,6.46962542700427,-6.10160727332565E-16));
#7089=CARTESIAN_POINT('Ctrl Pts',(-2.41266789172563,6.39103084482142,-6.93889390390723E-16));
#7090=CARTESIAN_POINT('Ctrl Pts',(-2.58090532402466,6.31339501588703,-7.76596670988829E-16));
#7091=CARTESIAN_POINT('Ctrl Pts',(-2.74618099911661,6.22897257282886,-1.39969850671853E-16));
#7092=CARTESIAN_POINT('Ctrl Pts',(-2.90804738563984,6.13791748987749,-1.11022302462516E-16));
#7093=CARTESIAN_POINT('Ctrl Pts',(-2.98346690933307,6.09549156604274,-9.75345713471886E-17));
#7094=CARTESIAN_POINT('Ctrl Pts',(-3.05814574363355,6.05162523323263,-5.14051501562028E-16));
#7095=CARTESIAN_POINT('Ctrl Pts',(-3.13203551843401,6.00633171336599,-4.9960036108132E-16));
#7096=CARTESIAN_POINT('Ctrl Pts',(-3.28930044685365,5.90993025350314,-3.10964913573663E-16));
#7097=CARTESIAN_POINT('Ctrl Pts',(-3.44236098619165,5.80745394292061,-2.06254037385759E-11));
#7098=CARTESIAN_POINT('Ctrl Pts',(-3.59084278250811,5.6991386759424,-5.22049070639241E-11));
#7099=CARTESIAN_POINT('Ctrl Pts',(-3.73883774781235,5.59117854496314,-8.36808698748755E-11));
#7100=CARTESIAN_POINT('Ctrl Pts',(-3.88228450783763,5.47741724256222,-1.2603920407781E-10));
#7101=CARTESIAN_POINT('Ctrl Pts',(-4.02078022100238,5.35804801289326,-1.69703362473683E-10));
#7102=CARTESIAN_POINT('Ctrl Pts',(-4.15735885646176,5.24033110937706,-2.1276311526976E-10));
#7103=CARTESIAN_POINT('Ctrl Pts',(-4.28912301598097,5.11715999776007,-2.57092890011201E-10));
#7104=CARTESIAN_POINT('Ctrl Pts',(-4.41564761013128,4.98868746978509,-2.93508273241372E-10));
#7105=CARTESIAN_POINT('Ctrl Pts',(-4.44387811622192,4.96002233548584,-3.01633371013676E-10));
#7106=CARTESIAN_POINT('Ctrl Pts',(-4.47184760732373,4.93109316224347,-3.09364696330092E-10));
#7107=CARTESIAN_POINT('Ctrl Pts',(-4.49955105839892,4.90190145682354,-3.1659980193055E-10));
#7108=CARTESIAN_POINT('Ctrl Pts',(-5.16122448979658,4.76575143769967,-2.69825211577015));
#7109=CARTESIAN_POINT('Ctrl Pts',(-4.41212522580214,5.57701268729662,-2.77642896015776));
#7110=CARTESIAN_POINT('Ctrl Pts',(-2.52669181747736,6.83522971822556,-2.93278264893297));
#7111=CARTESIAN_POINT('Ctrl Pts',(1.42275661384141,7.30855895014846,-3.20640160428958));
#7112=CARTESIAN_POINT('Ctrl Pts',(4.03757559380492,5.98264331209509,-3.40184371525859));
#7113=CARTESIAN_POINT('Ctrl Pts',(5.16122448979658,4.76575143769967,-3.51910898184));
#7114=CARTESIAN_POINT('Ctrl Pts',(-4.94081632653106,4.56223180334933,-3.01075211664458));
#7115=CARTESIAN_POINT('Ctrl Pts',(-4.22370706669299,5.33884844442253,-3.08892896103218));
#7116=CARTESIAN_POINT('Ctrl Pts',(-2.41879038754941,6.54333378719788,-3.24528264980739));
#7117=CARTESIAN_POINT('Ctrl Pts',(1.3619983242823,6.9964496711383,-3.518901605164));
#7118=CARTESIAN_POINT('Ctrl Pts',(3.86515243677396,5.72715676495914,-3.71434371613302));
#7119=CARTESIAN_POINT('Ctrl Pts',(4.94081632653105,4.56223180334934,-3.83160898271442));
#7120=CARTESIAN_POINT('Ctrl Pts',(-4.72040816326553,4.358712168999,-3.323252117519));
#7121=CARTESIAN_POINT('Ctrl Pts',(-4.03528890758384,5.10068420154846,-3.4014289619066));
#7122=CARTESIAN_POINT('Ctrl Pts',(-2.31088895762145,6.25143785617021,-3.55778265068181));
#7123=CARTESIAN_POINT('Ctrl Pts',(1.30124003472318,6.68434039212814,-3.83140160603843));
#7124=CARTESIAN_POINT('Ctrl Pts',(3.69272927974299,5.47167021782319,-4.02684371700744));
#7125=CARTESIAN_POINT('Ctrl Pts',(4.72040816326553,4.358712168999,-4.14410898358884));
#7126=CARTESIAN_POINT('Ctrl Pts',(-4.50000000000001,4.15519253464866,-3.63575211839342));
#7127=CARTESIAN_POINT('Ctrl Pts',(-3.84687074847469,4.86251995867437,-3.71392896278103));
#7128=CARTESIAN_POINT('Ctrl Pts',(-2.20298752769351,5.95954192514253,-3.87028265155624));
#7129=CARTESIAN_POINT('Ctrl Pts',(1.24048174516406,6.37223111311797,-4.14390160691285));
#7130=CARTESIAN_POINT('Ctrl Pts',(3.52030612271203,5.21618367068724,-4.33934371788186));
#7131=CARTESIAN_POINT('Ctrl Pts',(4.50000000000001,4.15519253464866,-4.45660898446327));
#7132=CARTESIAN_POINT('Ctrl Pts',(-4.50000000000001,4.15519253464866,-3.63575211839342));
#7133=CARTESIAN_POINT('Ctrl Pts',(-3.84687074847469,4.86251995867437,-3.71392896278103));
#7134=CARTESIAN_POINT('Ctrl Pts',(-2.20298752769351,5.95954192514253,-3.87028265155624));
#7135=CARTESIAN_POINT('Ctrl Pts',(1.24048174516406,6.37223111311797,-4.14390160691285));
#7136=CARTESIAN_POINT('Ctrl Pts',(3.52030612271203,5.21618367068724,-4.33934371788186));
#7137=CARTESIAN_POINT('Ctrl Pts',(4.50000000000001,4.15519253464866,-4.45660898446327));
#7138=CARTESIAN_POINT('Ctrl Pts',(-5.16122448979658,4.76575143769967,-5.82325211577016));
#7139=CARTESIAN_POINT('Ctrl Pts',(-4.03757559380493,5.98264331209509,-5.94051738235156));
#7140=CARTESIAN_POINT('Ctrl Pts',(-1.42271860540974,7.30847059753313,-6.13595949332057));
#7141=CARTESIAN_POINT('Ctrl Pts',(2.52670466337901,6.83518022064267,-6.40957844867719));
#7142=CARTESIAN_POINT('Ctrl Pts',(4.41212522580213,5.57701268729663,-6.5659321374524));
#7143=CARTESIAN_POINT('Ctrl Pts',(5.16122448979656,4.76575143769969,-6.64410898184));
#7144=CARTESIAN_POINT('Ctrl Pts',(-4.94081632653106,4.56223180334933,-6.13575211664458));
#7145=CARTESIAN_POINT('Ctrl Pts',(-3.86515243677396,5.72715676495913,-6.25301738322599));
#7146=CARTESIAN_POINT('Ctrl Pts',(-1.3619619389865,6.99636509158839,-6.448459494195));
#7147=CARTESIAN_POINT('Ctrl Pts',(2.41880268487163,6.54328640339077,-6.72207844955161));
#7148=CARTESIAN_POINT('Ctrl Pts',(4.22370706669298,5.33884844442255,-6.87843213832682));
#7149=CARTESIAN_POINT('Ctrl Pts',(4.94081632653104,4.56223180334935,-6.95660898271442));
#7150=CARTESIAN_POINT('Ctrl Pts',(-4.72040816326553,4.35871216899899,-6.44825211751901));
#7151=CARTESIAN_POINT('Ctrl Pts',(-3.692729279743,5.47167021782319,-6.56551738410041));
#7152=CARTESIAN_POINT('Ctrl Pts',(-1.30120527256326,6.68425958564365,-6.76095949506942));
#7153=CARTESIAN_POINT('Ctrl Pts',(2.31090070636424,6.25139258613888,-7.03457845042604));
#7154=CARTESIAN_POINT('Ctrl Pts',(4.03528890758383,5.10068420154847,-7.19093213920124));
#7155=CARTESIAN_POINT('Ctrl Pts',(4.72040816326552,4.35871216899901,-7.26910898358885));
#7156=CARTESIAN_POINT('Ctrl Pts',(-4.50000000000001,4.15519253464866,-6.76075211839343));
#7157=CARTESIAN_POINT('Ctrl Pts',(-3.52030612271204,5.21618367068723,-6.87801738497483));
#7158=CARTESIAN_POINT('Ctrl Pts',(-1.24044860614001,6.3721540796989,-7.07345949594385));
#7159=CARTESIAN_POINT('Ctrl Pts',(2.20299872785686,5.95949876888699,-7.34707845130046));
#7160=CARTESIAN_POINT('Ctrl Pts',(3.84687074847468,4.86251995867438,-7.50343214007567));
#7161=CARTESIAN_POINT('Ctrl Pts',(4.5,4.15519253464867,-7.58160898446327));
#7162=CARTESIAN_POINT('Ctrl Pts',(-4.50000000000001,4.15519253464866,-6.76075211839343));
#7163=CARTESIAN_POINT('Ctrl Pts',(-3.52030612271204,5.21618367068723,-6.87801738497483));
#7164=CARTESIAN_POINT('Ctrl Pts',(-1.24044860614001,6.3721540796989,-7.07345949594385));
#7165=CARTESIAN_POINT('Ctrl Pts',(2.20299872785686,5.95949876888699,-7.34707845130046));
#7166=CARTESIAN_POINT('Ctrl Pts',(3.84687074847468,4.86251995867438,-7.50343214007567));
#7167=CARTESIAN_POINT('Ctrl Pts',(4.5,4.15519253464867,-7.58160898446327));
#7168=CARTESIAN_POINT('Ctrl Pts',(-5.1612244847474,4.76575144316785,-8.9482521162971));
#7169=CARTESIAN_POINT('Ctrl Pts',(-4.03757558894971,5.98264331476648,-9.06551738272371));
#7170=CARTESIAN_POINT('Ctrl Pts',(-1.42269185315907,7.30840818837071,-9.26095949343474));
#7171=CARTESIAN_POINT('Ctrl Pts',(2.52671389722259,6.83514507929861,-9.53457844843017));
#7172=CARTESIAN_POINT('Ctrl Pts',(4.41212522054962,5.57701269116344,-9.69093213699899));
#7173=CARTESIAN_POINT('Ctrl Pts',(5.16122448446314,4.76575144347569,-9.7691089812834));
#7174=CARTESIAN_POINT('Ctrl Pts',(-4.9408163216975,4.56223180858399,-9.26075211717152));
#7175=CARTESIAN_POINT('Ctrl Pts',(-3.86515243212609,5.72715676751644,-9.37801738359814));
#7176=CARTESIAN_POINT('Ctrl Pts',(-1.36193632918069,6.99630534758592,-9.57345949430916));
#7177=CARTESIAN_POINT('Ctrl Pts',(2.41881152438736,6.54325276274468,-9.84707844930459));
#7178=CARTESIAN_POINT('Ctrl Pts',(4.22370706166478,5.33884844812422,-10.0034321378734));
#7179=CARTESIAN_POINT('Ctrl Pts',(4.94081632142538,4.56223180887869,-10.0816089821578));
#7180=CARTESIAN_POINT('Ctrl Pts',(-4.7204081586476,4.35871217400014,-9.57325211804594));
#7181=CARTESIAN_POINT('Ctrl Pts',(-3.69272927530246,5.47167022026641,-9.69051738447256));
#7182=CARTESIAN_POINT('Ctrl Pts',(-1.30118080520232,6.68420250680114,-9.88595949518358));
#7183=CARTESIAN_POINT('Ctrl Pts',(2.31090915155214,6.25136044619076,-10.159578450179));
#7184=CARTESIAN_POINT('Ctrl Pts',(4.03528890277994,5.10068420508501,-10.3159321387478));
#7185=CARTESIAN_POINT('Ctrl Pts',(4.72040815838762,4.35871217428169,-10.3941089830322));
#7186=CARTESIAN_POINT('Ctrl Pts',(-4.4999999955977,4.15519253941628,-9.88575211892037));
#7187=CARTESIAN_POINT('Ctrl Pts',(-3.52030611847884,5.21618367301638,-10.003017385347));
#7188=CARTESIAN_POINT('Ctrl Pts',(-1.24042528122394,6.37209966601636,-10.198459496058));
#7189=CARTESIAN_POINT('Ctrl Pts',(2.20300677871692,5.95946812963683,-10.4720784510534));
#7190=CARTESIAN_POINT('Ctrl Pts',(3.84687074389509,4.8625199620458,-10.6284321396223));
#7191=CARTESIAN_POINT('Ctrl Pts',(4.49999999534986,4.15519253968469,-10.7066089839067));
#7192=CARTESIAN_POINT('Ctrl Pts',(-4.4999999955977,4.15519253941628,-9.88575211892037));
#7193=CARTESIAN_POINT('Ctrl Pts',(-3.52030611847884,5.21618367301638,-10.003017385347));
#7194=CARTESIAN_POINT('Ctrl Pts',(-1.24042528122394,6.37209966601636,-10.198459496058));
#7195=CARTESIAN_POINT('Ctrl Pts',(2.20300677871692,5.95946812963683,-10.4720784510534));
#7196=CARTESIAN_POINT('Ctrl Pts',(3.84687074389509,4.8625199620458,-10.6284321396223));
#7197=CARTESIAN_POINT('Ctrl Pts',(4.49999999534986,4.15519253968469,-10.7066089839067));
#7198=CARTESIAN_POINT('Ctrl Pts',(-5.16122448979663,4.76575143769962,-12.0732521157702));
#7199=CARTESIAN_POINT('Ctrl Pts',(-4.03757559380499,5.98264331209505,-12.1905173823516));
#7200=CARTESIAN_POINT('Ctrl Pts',(-1.42267200355834,7.30836175849282,-12.3859594933206));
#7201=CARTESIAN_POINT('Ctrl Pts',(2.52672085864006,6.83511884051043,-12.6595784486772));
#7202=CARTESIAN_POINT('Ctrl Pts',(4.41212522580216,5.57701268729661,-12.8159321374524));
#7203=CARTESIAN_POINT('Ctrl Pts',(5.1612244897966,4.76575143769965,-12.89410898184));
#7204=CARTESIAN_POINT('Ctrl Pts',(-4.94081632653111,4.56223180334928,-12.3857521166446));
#7205=CARTESIAN_POINT('Ctrl Pts',(-3.86515243677403,5.7271567649591,-12.503017383226));
#7206=CARTESIAN_POINT('Ctrl Pts',(-1.36191732724974,6.99626090047862,-12.698459494195));
#7207=CARTESIAN_POINT('Ctrl Pts',(2.41881818852011,6.54322764447414,-12.9720784495516));
#7208=CARTESIAN_POINT('Ctrl Pts',(4.22370706669301,5.33884844442252,-13.1284321383268));
#7209=CARTESIAN_POINT('Ctrl Pts',(4.94081632653107,4.56223180334931,-13.2066089827144));
#7210=CARTESIAN_POINT('Ctrl Pts',(-4.72040816326558,4.35871216899894,-12.698252117519));
#7211=CARTESIAN_POINT('Ctrl Pts',(-3.69272927974305,5.47167021782315,-12.8155173841004));
#7212=CARTESIAN_POINT('Ctrl Pts',(-1.30116265094116,6.68416004246443,-13.0109594950694));
#7213=CARTESIAN_POINT('Ctrl Pts',(2.31091551840016,6.25133644843786,-13.284578450426));
#7214=CARTESIAN_POINT('Ctrl Pts',(4.03528890758386,5.10068420154844,-13.4409321392013));
#7215=CARTESIAN_POINT('Ctrl Pts',(4.72040816326555,4.35871216899898,-13.5191089835889));
#7216=CARTESIAN_POINT('Ctrl Pts',(-4.50000000000006,4.15519253464861,-13.0107521183934));
#7217=CARTESIAN_POINT('Ctrl Pts',(-3.52030612271209,5.2161836706872,-13.1280173849748));
#7218=CARTESIAN_POINT('Ctrl Pts',(-1.24040797463256,6.37205918445023,-13.3234594959439));
#7219=CARTESIAN_POINT('Ctrl Pts',(2.2030128482802,5.95944525240158,-13.5970784513005));
#7220=CARTESIAN_POINT('Ctrl Pts',(3.84687074847471,4.86251995867436,-13.7534321400757));
#7221=CARTESIAN_POINT('Ctrl Pts',(4.50000000000002,4.15519253464864,-13.8316089844633));
#7222=CARTESIAN_POINT('Ctrl Pts',(-4.50000000000006,4.15519253464861,-13.0107521183934));
#7223=CARTESIAN_POINT('Ctrl Pts',(-3.52030612271209,5.2161836706872,-13.1280173849748));
#7224=CARTESIAN_POINT('Ctrl Pts',(-1.24040797463256,6.37205918445023,-13.3234594959439));
#7225=CARTESIAN_POINT('Ctrl Pts',(2.2030128482802,5.95944525240158,-13.5970784513005));
#7226=CARTESIAN_POINT('Ctrl Pts',(3.84687074847471,4.86251995867436,-13.7534321400757));
#7227=CARTESIAN_POINT('Ctrl Pts',(4.50000000000002,4.15519253464864,-13.8316089844633));
#7228=CARTESIAN_POINT('Ctrl Pts',(-5.1612244897966,4.76575143769965,-15.1982521157702));
#7229=CARTESIAN_POINT('Ctrl Pts',(-4.03757559380495,5.98264331209507,-15.3155173823516));
#7230=CARTESIAN_POINT('Ctrl Pts',(-1.42265668623751,7.30832586508672,-15.5109594933206));
#7231=CARTESIAN_POINT('Ctrl Pts',(2.52672628607525,6.83509850371457,-15.7845784486772));
#7232=CARTESIAN_POINT('Ctrl Pts',(4.41212522580214,5.57701268729662,-15.9409321374524));
#7233=CARTESIAN_POINT('Ctrl Pts',(5.16122448979658,4.76575143769967,-16.01910898184));
#7234=CARTESIAN_POINT('Ctrl Pts',(-4.94081632653108,4.56223180334931,-15.5107521166446));
#7235=CARTESIAN_POINT('Ctrl Pts',(-3.86515243677399,5.72715676495912,-15.628017383226));
#7236=CARTESIAN_POINT('Ctrl Pts',(-1.36190266404938,6.99622653988702,-15.823459494195));
#7237=CARTESIAN_POINT('Ctrl Pts',(2.4188233841787,6.54320817615355,-16.0970784495516));
#7238=CARTESIAN_POINT('Ctrl Pts',(4.22370706669299,5.33884844442254,-16.2534321383268));
#7239=CARTESIAN_POINT('Ctrl Pts',(4.94081632653106,4.56223180334933,-16.3316089827144));
#7240=CARTESIAN_POINT('Ctrl Pts',(-4.72040816326555,4.35871216899897,-15.823252117519));
#7241=CARTESIAN_POINT('Ctrl Pts',(-3.69272927974302,5.47167021782317,-15.9405173841004));
#7242=CARTESIAN_POINT('Ctrl Pts',(-1.30114864186125,6.68412721468732,-16.1359594950694));
#7243=CARTESIAN_POINT('Ctrl Pts',(2.31092048228216,6.25131784859254,-16.409578450426));
#7244=CARTESIAN_POINT('Ctrl Pts',(4.03528890758384,5.10068420154846,-16.5659321392013));
#7245=CARTESIAN_POINT('Ctrl Pts',(4.72040816326553,4.35871216899899,-16.6441089835889));
#7246=CARTESIAN_POINT('Ctrl Pts',(-4.50000000000003,4.15519253464864,-16.1357521183934));
#7247=CARTESIAN_POINT('Ctrl Pts',(-3.52030612271205,5.21618367068722,-16.2530173849748));
#7248=CARTESIAN_POINT('Ctrl Pts',(-1.24039461967312,6.37202788948762,-16.4484594959439));
#7249=CARTESIAN_POINT('Ctrl Pts',(2.20301758038562,5.95942752103152,-16.7220784513005));
#7250=CARTESIAN_POINT('Ctrl Pts',(3.84687074847469,4.86251995867438,-16.8784321400757));
#7251=CARTESIAN_POINT('Ctrl Pts',(4.50000000000001,4.15519253464866,-16.9566089844633));
#7252=CARTESIAN_POINT('Ctrl Pts',(-4.50000000000003,4.15519253464864,-16.1357521183934));
#7253=CARTESIAN_POINT('Ctrl Pts',(-3.52030612271205,5.21618367068722,-16.2530173849748));
#7254=CARTESIAN_POINT('Ctrl Pts',(-1.24039461967312,6.37202788948762,-16.4484594959439));
#7255=CARTESIAN_POINT('Ctrl Pts',(2.20301758038562,5.95942752103152,-16.7220784513005));
#7256=CARTESIAN_POINT('Ctrl Pts',(3.84687074847469,4.86251995867438,-16.8784321400757));
#7257=CARTESIAN_POINT('Ctrl Pts',(4.50000000000001,4.15519253464866,-16.9566089844633));
#7258=CARTESIAN_POINT('Ctrl Pts',(-5.1612244897966,4.76575143769965,-18.3232521157702));
#7259=CARTESIAN_POINT('Ctrl Pts',(-4.03757559504495,5.98264331075217,-18.4405173822222));
#7260=CARTESIAN_POINT('Ctrl Pts',(-1.42264451337453,7.30829728509566,-18.6359594929755));
#7261=CARTESIAN_POINT('Ctrl Pts',(2.52673062809798,6.83508228181,-18.9095784480302));
#7262=CARTESIAN_POINT('Ctrl Pts',(4.41212521647125,5.57701269443727,-19.0659321366328));
#7263=CARTESIAN_POINT('Ctrl Pts',(5.16122448111659,4.76575144709995,-19.1441089809342));
#7264=CARTESIAN_POINT('Ctrl Pts',(-4.94081632653108,4.56223180334931,-18.6357521166446));
#7265=CARTESIAN_POINT('Ctrl Pts',(-3.86515243796104,5.72715676367357,-18.7530173830966));
#7266=CARTESIAN_POINT('Ctrl Pts',(-1.36189101102396,6.9961991803938,-18.9484594938499));
#7267=CARTESIAN_POINT('Ctrl Pts',(2.41882754077698,6.54319264699936,-19.2220784489046));
#7268=CARTESIAN_POINT('Ctrl Pts',(4.22370705776057,5.33884845125825,-19.3784321375072));
#7269=CARTESIAN_POINT('Ctrl Pts',(4.94081631822174,4.56223181234818,-19.4566089818086));
#7270=CARTESIAN_POINT('Ctrl Pts',(-4.72040816326555,4.35871216899897,-18.948252117519));
#7271=CARTESIAN_POINT('Ctrl Pts',(-3.69272928087712,5.47167021659496,-19.065517383971));
#7272=CARTESIAN_POINT('Ctrl Pts',(-1.3011375086734,6.68410107569194,-19.2609594947244));
#7273=CARTESIAN_POINT('Ctrl Pts',(2.31092445345598,6.25130301218872,-19.534578449779));
#7274=CARTESIAN_POINT('Ctrl Pts',(4.03528889904989,5.10068420807923,-19.6909321383817));
#7275=CARTESIAN_POINT('Ctrl Pts',(4.72040815532689,4.3587121775964,-19.769108982683));
#7276=CARTESIAN_POINT('Ctrl Pts',(-4.50000000000003,4.15519253464864,-19.2607521183934));
#7277=CARTESIAN_POINT('Ctrl Pts',(-3.5203061237932,5.21618366951636,-19.3780173848454));
#7278=CARTESIAN_POINT('Ctrl Pts',(-1.24038400632283,6.37200297099008,-19.5734594955988));
#7279=CARTESIAN_POINT('Ctrl Pts',(2.20302136613498,5.95941337737808,-19.8470784506534));
#7280=CARTESIAN_POINT('Ctrl Pts',(3.84687074033921,4.86251996490021,-20.0034321392561));
#7281=CARTESIAN_POINT('Ctrl Pts',(4.49999999243204,4.15519254284463,-20.0816089835574));
#7282=CARTESIAN_POINT('Ctrl Pts',(-4.50000000000003,4.15519253464864,-19.2607521183934));
#7283=CARTESIAN_POINT('Ctrl Pts',(-3.5203061237932,5.21618366951636,-19.3780173848454));
#7284=CARTESIAN_POINT('Ctrl Pts',(-1.24038400632283,6.37200297099008,-19.5734594955988));
#7285=CARTESIAN_POINT('Ctrl Pts',(2.20302136613498,5.95941337737808,-19.8470784506534));
#7286=CARTESIAN_POINT('Ctrl Pts',(3.84687074033921,4.86251996490021,-20.0034321392561));
#7287=CARTESIAN_POINT('Ctrl Pts',(4.49999999243204,4.15519254284463,-20.0816089835574));
#7288=CARTESIAN_POINT('Ctrl Pts',(-5.1612244897966,4.76575143769965,-21.4482521157702));
#7289=CARTESIAN_POINT('Ctrl Pts',(-4.03757559380496,5.98264331209507,-21.5655173823516));
#7290=CARTESIAN_POINT('Ctrl Pts',(-1.42263459430024,7.30827399456254,-21.7609594933206));
#7291=CARTESIAN_POINT('Ctrl Pts',(2.5267342028954,6.83506903409523,-22.0345784486772));
#7292=CARTESIAN_POINT('Ctrl Pts',(4.41212522580218,5.57701268729659,-22.1909321374524));
#7293=CARTESIAN_POINT('Ctrl Pts',(5.16122448979661,4.76575143769964,-22.26910898184));
#7294=CARTESIAN_POINT('Ctrl Pts',(-4.94081632653108,4.56223180334931,-21.7607521166446));
#7295=CARTESIAN_POINT('Ctrl Pts',(-3.86515243677399,5.72715676495911,-21.878017383226));
#7296=CARTESIAN_POINT('Ctrl Pts',(-1.36188151554004,6.99617688447419,-22.073459494195));
#7297=CARTESIAN_POINT('Ctrl Pts',(2.41883096291401,6.5431799650233,-22.3470784495516));
#7298=CARTESIAN_POINT('Ctrl Pts',(4.22370706669303,5.3388484444225,-22.5034321383268));
#7299=CARTESIAN_POINT('Ctrl Pts',(4.94081632653108,4.5622318033493,-22.5816089827144));
#7300=CARTESIAN_POINT('Ctrl Pts',(-4.72040816326555,4.35871216899897,-22.073252117519));
#7301=CARTESIAN_POINT('Ctrl Pts',(-3.69272927974303,5.47167021782317,-22.1905173841004));
#7302=CARTESIAN_POINT('Ctrl Pts',(-1.30112843677984,6.68407977438585,-22.3859594950694));
#7303=CARTESIAN_POINT('Ctrl Pts',(2.31092772293262,6.25129089595137,-22.6595784504261));
#7304=CARTESIAN_POINT('Ctrl Pts',(4.03528890758388,5.10068420154843,-22.8159321392013));
#7305=CARTESIAN_POINT('Ctrl Pts',(4.72040816326556,4.35871216899896,-22.8941089835889));
#7306=CARTESIAN_POINT('Ctrl Pts',(-4.50000000000003,4.15519253464863,-22.3857521183934));
#7307=CARTESIAN_POINT('Ctrl Pts',(-3.52030612271206,5.21618367068721,-22.5030173849748));
#7308=CARTESIAN_POINT('Ctrl Pts',(-1.24037535801963,6.3719826642975,-22.6984594959439));
#7309=CARTESIAN_POINT('Ctrl Pts',(2.20302448295123,5.95940182687944,-22.9720784513005));
#7310=CARTESIAN_POINT('Ctrl Pts',(3.84687074847473,4.86251995867435,-23.1284321400757));
#7311=CARTESIAN_POINT('Ctrl Pts',(4.50000000000004,4.15519253464863,-23.2066089844633));
#7312=CARTESIAN_POINT('Ctrl Pts',(-4.50000000000003,4.15519253464863,-22.3857521183934));
#7313=CARTESIAN_POINT('Ctrl Pts',(-3.52030612271206,5.21618367068721,-22.5030173849748));
#7314=CARTESIAN_POINT('Ctrl Pts',(-1.24037535801963,6.3719826642975,-22.6984594959439));
#7315=CARTESIAN_POINT('Ctrl Pts',(2.20302448295123,5.95940182687944,-22.9720784513005));
#7316=CARTESIAN_POINT('Ctrl Pts',(3.84687074847473,4.86251995867435,-23.1284321400757));
#7317=CARTESIAN_POINT('Ctrl Pts',(4.50000000000004,4.15519253464863,-23.2066089844633));
#7318=CARTESIAN_POINT('Ctrl Pts',(-5.16122447793694,4.76575145054345,-24.5732521170078));
#7319=CARTESIAN_POINT('Ctrl Pts',(-4.03757558061126,5.98264332030784,-24.6905173834124));
#7320=CARTESIAN_POINT('Ctrl Pts',(-1.42262635494215,7.30825464621922,-24.8859594940868));
#7321=CARTESIAN_POINT('Ctrl Pts',(2.52673718254217,6.83505801458996,-25.1595784490308));
#7322=CARTESIAN_POINT('Ctrl Pts',(4.41212522693159,5.57701268607343,-25.3159321375703));
#7323=CARTESIAN_POINT('Ctrl Pts',(5.16122448979654,4.76575143769971,-25.39410898184));
#7324=CARTESIAN_POINT('Ctrl Pts',(-4.94081631517787,4.56223181564463,-24.8857521178823));
#7325=CARTESIAN_POINT('Ctrl Pts',(-3.86515242414373,5.72715677282116,-25.0030173842869));
#7326=CARTESIAN_POINT('Ctrl Pts',(-1.36187362804065,6.99615836239464,-25.1984594949612));
#7327=CARTESIAN_POINT('Ctrl Pts',(2.41883381531608,6.54316941610188,-25.4720784499052));
#7328=CARTESIAN_POINT('Ctrl Pts',(4.22370706777421,5.33884844325159,-25.6284321384447));
#7329=CARTESIAN_POINT('Ctrl Pts',(4.94081632653102,4.56223180334937,-25.7066089827144));
#7330=CARTESIAN_POINT('Ctrl Pts',(-4.72040815241881,4.3587121807458,-25.1982521187567));
#7331=CARTESIAN_POINT('Ctrl Pts',(-3.69272926767619,5.47167022533449,-25.3155173851613));
#7332=CARTESIAN_POINT('Ctrl Pts',(-1.30112090113916,6.68406207857006,-25.5109594958356));
#7333=CARTESIAN_POINT('Ctrl Pts',(2.31093044808999,6.25128081761381,-25.7845784507797));
#7334=CARTESIAN_POINT('Ctrl Pts',(4.03528890861682,5.10068420042974,-25.9409321393191));
#7335=CARTESIAN_POINT('Ctrl Pts',(4.7204081632655,4.35871216899903,-26.0191089835889));
#7336=CARTESIAN_POINT('Ctrl Pts',(-4.49999998965975,4.15519254584697,-25.5107521196311));
#7337=CARTESIAN_POINT('Ctrl Pts',(-3.52030611120866,5.21618367784781,-25.6280173860357));
#7338=CARTESIAN_POINT('Ctrl Pts',(-1.24036817423766,6.37196579474549,-25.82345949671));
#7339=CARTESIAN_POINT('Ctrl Pts',(2.2030270808639,5.95939221912573,-26.0970784516541));
#7340=CARTESIAN_POINT('Ctrl Pts',(3.84687074945944,4.8625199576079,-26.2534321401936));
#7341=CARTESIAN_POINT('Ctrl Pts',(4.49999999999998,4.15519253464869,-26.3316089844633));
#7342=CARTESIAN_POINT('Ctrl Pts',(-4.49999997742224,4.15519255909998,-25.5107521210959));
#7343=CARTESIAN_POINT('Ctrl Pts',(-3.52030609981703,5.21618368362264,-25.6280173870122));
#7344=CARTESIAN_POINT('Ctrl Pts',(-1.24036816809309,6.37196579400927,-25.8234594971983));
#7345=CARTESIAN_POINT('Ctrl Pts',(2.2030270808639,5.95939221912573,-26.0970784516541));
#7346=CARTESIAN_POINT('Ctrl Pts',(3.84687074945944,4.8625199576079,-26.2534321401936));
#7347=CARTESIAN_POINT('Ctrl Pts',(4.49999999999998,4.15519253464869,-26.3316089844633));
#7348=CARTESIAN_POINT('Ctrl Pts',(-5.16122448979667,4.76575143769957,-27.6982521157702));
#7349=CARTESIAN_POINT('Ctrl Pts',(-4.03757559380503,5.98264331209502,-27.8155173823516));
#7350=CARTESIAN_POINT('Ctrl Pts',(-1.42261942793486,7.3082383160602,-28.0109594933206));
#7351=CARTESIAN_POINT('Ctrl Pts',(2.52673969784613,6.83504870968439,-28.2845784486772));
#7352=CARTESIAN_POINT('Ctrl Pts',(4.41212522580209,5.57701268729667,-28.4409321374524));
#7353=CARTESIAN_POINT('Ctrl Pts',(5.16122448979654,4.76575143769971,-28.51910898184));
#7354=CARTESIAN_POINT('Ctrl Pts',(-4.94081632653114,4.56223180334924,-28.0107521166446));
#7355=CARTESIAN_POINT('Ctrl Pts',(-3.86515243677406,5.72715676495907,-28.128017383226));
#7356=CARTESIAN_POINT('Ctrl Pts',(-1.36186699684862,6.99614272960897,-28.323459494195));
#7357=CARTESIAN_POINT('Ctrl Pts',(2.41883622320492,6.54316050855882,-28.5970784495516));
#7358=CARTESIAN_POINT('Ctrl Pts',(4.22370706669294,5.33884844442258,-28.7534321383268));
#7359=CARTESIAN_POINT('Ctrl Pts',(4.94081632653102,4.56223180334937,-28.8316089827144));
#7360=CARTESIAN_POINT('Ctrl Pts',(-4.72040816326562,4.3587121689989,-28.323252117519));
#7361=CARTESIAN_POINT('Ctrl Pts',(-3.69272927974309,5.47167021782312,-28.4405173841004));
#7362=CARTESIAN_POINT('Ctrl Pts',(-1.30111456576239,6.68404714315773,-28.6359594950694));
#7363=CARTESIAN_POINT('Ctrl Pts',(2.31093274856371,6.25127230743326,-28.909578450426));
#7364=CARTESIAN_POINT('Ctrl Pts',(4.03528890758379,5.1006842015485,-29.0659321392013));
#7365=CARTESIAN_POINT('Ctrl Pts',(4.7204081632655,4.35871216899903,-29.1441089835889));
#7366=CARTESIAN_POINT('Ctrl Pts',(-4.50000000000009,4.15519253464857,-28.6357521183934));
#7367=CARTESIAN_POINT('Ctrl Pts',(-3.52030612271213,5.21618367068717,-28.7530173849748));
#7368=CARTESIAN_POINT('Ctrl Pts',(-1.24036213467615,6.37195155670649,-28.9484594959439));
#7369=CARTESIAN_POINT('Ctrl Pts',(2.20302927392251,5.9593841063077,-29.2220784513005));
#7370=CARTESIAN_POINT('Ctrl Pts',(3.84687074847464,4.86251995867442,-29.3784321400757));
#7371=CARTESIAN_POINT('Ctrl Pts',(4.49999999999997,4.15519253464869,-29.4566089844633));
#7372=CARTESIAN_POINT('Ctrl Pts',(-4.50000000000009,4.15519253464857,-28.6357521183934));
#7373=CARTESIAN_POINT('Ctrl Pts',(-3.52030612271213,5.21618367068717,-28.7530173849748));
#7374=CARTESIAN_POINT('Ctrl Pts',(-1.24036213467615,6.37195155670649,-28.9484594959439));
#7375=CARTESIAN_POINT('Ctrl Pts',(2.20302927392251,5.9593841063077,-29.2220784513005));
#7376=CARTESIAN_POINT('Ctrl Pts',(3.84687074847464,4.86251995867442,-29.3784321400757));
#7377=CARTESIAN_POINT('Ctrl Pts',(4.49999999999997,4.15519253464869,-29.4566089844633));
#7378=CARTESIAN_POINT('Ctrl Pts',(-5.16122448979661,4.76575143769964,-30.8232521157702));
#7379=CARTESIAN_POINT('Ctrl Pts',(-4.03757559380496,5.98264331209506,-30.9405173823516));
#7380=CARTESIAN_POINT('Ctrl Pts',(-1.42261349796494,7.30822435089191,-31.1359594933206));
#7381=CARTESIAN_POINT('Ctrl Pts',(2.52674185946909,6.83504074254832,-31.4095784486772));
#7382=CARTESIAN_POINT('Ctrl Pts',(4.41212522580206,5.57701268729668,-31.5659321374524));
#7383=CARTESIAN_POINT('Ctrl Pts',(5.16122448979651,4.76575143769975,-31.64410898184));
#7384=CARTESIAN_POINT('Ctrl Pts',(-4.94081632653108,4.56223180334931,-31.1357521166446));
#7385=CARTESIAN_POINT('Ctrl Pts',(-3.865152436774,5.72715676495911,-31.253017383226));
#7386=CARTESIAN_POINT('Ctrl Pts',(-1.36186132011585,6.99612936081796,-31.448459494195));
#7387=CARTESIAN_POINT('Ctrl Pts',(2.41883829251658,6.54315288165632,-31.7220784495516));
#7388=CARTESIAN_POINT('Ctrl Pts',(4.22370706669291,5.3388484444226,-31.8784321383268));
#7389=CARTESIAN_POINT('Ctrl Pts',(4.94081632653099,4.56223180334941,-31.9566089827144));
#7390=CARTESIAN_POINT('Ctrl Pts',(-4.72040816326556,4.35871216899897,-31.448252117519));
#7391=CARTESIAN_POINT('Ctrl Pts',(-3.69272927974303,5.47167021782316,-31.5655173841004));
#7392=CARTESIAN_POINT('Ctrl Pts',(-1.30110914226677,6.68403437074402,-31.7609594950694));
#7393=CARTESIAN_POINT('Ctrl Pts',(2.31093472556407,6.25126502076433,-32.034578450426));
#7394=CARTESIAN_POINT('Ctrl Pts',(4.03528890758377,5.10068420154852,-32.1909321392013));
#7395=CARTESIAN_POINT('Ctrl Pts',(4.72040816326547,4.35871216899907,-32.2691089835889));
#7396=CARTESIAN_POINT('Ctrl Pts',(-4.50000000000003,4.15519253464863,-31.7607521183934));
#7397=CARTESIAN_POINT('Ctrl Pts',(-3.52030612271207,5.21618367068721,-31.8780173849748));
#7398=CARTESIAN_POINT('Ctrl Pts',(-1.24035696441768,6.37193938067008,-32.0734594959439));
#7399=CARTESIAN_POINT('Ctrl Pts',(2.20303115861156,5.95937715987234,-32.3470784513005));
#7400=CARTESIAN_POINT('Ctrl Pts',(3.84687074847462,4.86251995867443,-32.5034321400757));
#7401=CARTESIAN_POINT('Ctrl Pts',(4.49999999999994,4.15519253464873,-32.5816089844633));
#7402=CARTESIAN_POINT('Ctrl Pts',(-4.50000000000003,4.15519253464863,-31.7607521183934));
#7403=CARTESIAN_POINT('Ctrl Pts',(-3.52030612271207,5.21618367068721,-31.8780173849748));
#7404=CARTESIAN_POINT('Ctrl Pts',(-1.24035696441768,6.37193938067008,-32.0734594959439));
#7405=CARTESIAN_POINT('Ctrl Pts',(2.20303115861156,5.95937715987234,-32.3470784513005));
#7406=CARTESIAN_POINT('Ctrl Pts',(3.84687074847462,4.86251995867443,-32.5034321400757));
#7407=CARTESIAN_POINT('Ctrl Pts',(4.49999999999994,4.15519253464873,-32.5816089844633));
#7408=CARTESIAN_POINT('Ctrl Pts',(-5.16122448979657,4.76575143769968,-33.9482521157702));
#7409=CARTESIAN_POINT('Ctrl Pts',(-4.03757559380491,5.98264331209511,-34.0655173823516));
#7410=CARTESIAN_POINT('Ctrl Pts',(-1.42260837143145,7.3082122710519,-34.2609594933206));
#7411=CARTESIAN_POINT('Ctrl Pts',(2.52674373412574,6.83503384568075,-34.5345784486772));
#7412=CARTESIAN_POINT('Ctrl Pts',(4.41212522580216,5.5770126872966,-34.6909321374524));
#7413=CARTESIAN_POINT('Ctrl Pts',(5.16122448979661,4.76575143769964,-34.76910898184));
#7414=CARTESIAN_POINT('Ctrl Pts',(-4.94081632653105,4.56223180334934,-34.2607521166446));
#7415=CARTESIAN_POINT('Ctrl Pts',(-3.86515243677394,5.72715676495915,-34.378017383226));
#7416=CARTESIAN_POINT('Ctrl Pts',(-1.36185641250905,6.996117796843,-34.573459494195));
#7417=CARTESIAN_POINT('Ctrl Pts',(2.41884008711672,6.54314627931691,-34.8470784495516));
#7418=CARTESIAN_POINT('Ctrl Pts',(4.22370706669301,5.33884844442252,-35.0034321383268));
#7419=CARTESIAN_POINT('Ctrl Pts',(4.94081632653108,4.56223180334931,-35.0816089827144));
#7420=CARTESIAN_POINT('Ctrl Pts',(-4.72040816326553,4.358712168999,-34.573252117519));
#7421=CARTESIAN_POINT('Ctrl Pts',(-3.69272927974298,5.4716702178232,-34.6905173841004));
#7422=CARTESIAN_POINT('Ctrl Pts',(-1.30110445358666,6.68402332263412,-34.8859594950694));
#7423=CARTESIAN_POINT('Ctrl Pts',(2.3109364401077,6.25125871295307,-35.1595784504261));
#7424=CARTESIAN_POINT('Ctrl Pts',(4.03528890758386,5.10068420154844,-35.3159321392013));
#7425=CARTESIAN_POINT('Ctrl Pts',(4.72040816326556,4.35871216899897,-35.3941089835889));
#7426=CARTESIAN_POINT('Ctrl Pts',(-4.5,4.15519253464866,-34.8857521183934));
#7427=CARTESIAN_POINT('Ctrl Pts',(-3.52030612271202,5.21618367068725,-35.0030173849748));
#7428=CARTESIAN_POINT('Ctrl Pts',(-1.24035249466427,6.37192884842523,-35.1984594959439));
#7429=CARTESIAN_POINT('Ctrl Pts',(2.20303279309867,5.95937114658923,-35.4720784513005));
#7430=CARTESIAN_POINT('Ctrl Pts',(3.84687074847471,4.86251995867436,-35.6284321400757));
#7431=CARTESIAN_POINT('Ctrl Pts',(4.50000000000003,4.15519253464863,-35.7066089844633));
#7432=CARTESIAN_POINT('Ctrl Pts',(-4.5,4.15519253464866,-34.8857521183934));
#7433=CARTESIAN_POINT('Ctrl Pts',(-3.52030612271202,5.21618367068725,-35.0030173849748));
#7434=CARTESIAN_POINT('Ctrl Pts',(-1.24035249466427,6.37192884842523,-35.1984594959439));
#7435=CARTESIAN_POINT('Ctrl Pts',(2.20303279309867,5.95937114658923,-35.4720784513005));
#7436=CARTESIAN_POINT('Ctrl Pts',(3.84687074847471,4.86251995867436,-35.6284321400757));
#7437=CARTESIAN_POINT('Ctrl Pts',(4.50000000000003,4.15519253464863,-35.7066089844633));
#7438=CARTESIAN_POINT('Ctrl Pts',(-5.16122447235705,4.76575145658638,-37.0732521175902));
#7439=CARTESIAN_POINT('Ctrl Pts',(-4.41212520909947,5.57701269942907,-37.1514289615911));
#7440=CARTESIAN_POINT('Ctrl Pts',(-2.52674536532529,6.83502781792403,-37.3077826495928));
#7441=CARTESIAN_POINT('Ctrl Pts',(1.42260388482835,7.3082017166147,-37.581401603596));
#7442=CARTESIAN_POINT('Ctrl Pts',(4.03757557241263,5.982643324264,-37.7768437135982));
#7443=CARTESIAN_POINT('Ctrl Pts',(5.16122446832782,4.76575146094996,-37.8941089795995));
#7444=CARTESIAN_POINT('Ctrl Pts',(-4.94081630983627,4.56223182142949,-37.3857521184646));
#7445=CARTESIAN_POINT('Ctrl Pts',(-4.2237070507036,5.33884845603688,-37.4639289624655));
#7446=CARTESIAN_POINT('Ctrl Pts',(-2.4188416486565,6.54314050897328,-37.6202826504673));
#7447=CARTESIAN_POINT('Ctrl Pts',(1.36185211750467,6.99610769312911,-37.8939016044704));
#7448=CARTESIAN_POINT('Ctrl Pts',(3.86515241629522,5.72715677660837,-38.0893437144726));
#7449=CARTESIAN_POINT('Ctrl Pts',(4.94081630597911,4.56223182560672,-38.2066089804739));
#7450=CARTESIAN_POINT('Ctrl Pts',(-4.7204081473155,4.3587121862726,-37.698252119339));
#7451=CARTESIAN_POINT('Ctrl Pts',(-4.03528889230773,5.10068421264469,-37.7764289633399));
#7452=CARTESIAN_POINT('Ctrl Pts',(-2.31093793198772,6.25125320002254,-37.9327826513417));
#7453=CARTESIAN_POINT('Ctrl Pts',(1.30110035018099,6.68401366964351,-38.2064016053448));
#7454=CARTESIAN_POINT('Ctrl Pts',(3.69272926017781,5.47167022895276,-38.401843715347));
#7455=CARTESIAN_POINT('Ctrl Pts',(4.72040814363041,4.35871219026349,-38.5191089813483));
#7456=CARTESIAN_POINT('Ctrl Pts',(-4.49999998479472,4.15519255111571,-38.0107521202134));
#7457=CARTESIAN_POINT('Ctrl Pts',(-3.84687073391186,4.86251996925249,-38.0889289642143));
#7458=CARTESIAN_POINT('Ctrl Pts',(-2.20303421531893,5.9593658910718,-38.2452826522161));
#7459=CARTESIAN_POINT('Ctrl Pts',(1.24034858285731,6.37191964615792,-38.5189016062192));
#7460=CARTESIAN_POINT('Ctrl Pts',(3.52030610406039,5.21618368129713,-38.7143437162214));
#7461=CARTESIAN_POINT('Ctrl Pts',(4.4999999812817,4.15519255492026,-38.8316089822228));
#7462=CARTESIAN_POINT('Ctrl Pts',(-4.49999996679921,4.15519257060454,-38.0107521223675));
#7463=CARTESIAN_POINT('Ctrl Pts',(-3.84687071881445,4.86251997932621,-38.0889289656503));
#7464=CARTESIAN_POINT('Ctrl Pts',(-2.20303420628324,5.95936589215437,-38.2452826529341));
#7465=CARTESIAN_POINT('Ctrl Pts',(1.24034857260122,6.37191964492913,-38.5189016054043));
#7466=CARTESIAN_POINT('Ctrl Pts',(3.52030608504606,5.21618369093571,-38.7143437145915));
#7467=CARTESIAN_POINT('Ctrl Pts',(4.49999996085563,4.15519257704133,-38.8316089797779));
#7468=CARTESIAN_POINT('Ctrl Pts',(-5.16122446549792,4.76575146401469,-40.198252118306));
#7469=CARTESIAN_POINT('Ctrl Pts',(-4.03757556677305,5.98264332892179,-40.3155173845251));
#7470=CARTESIAN_POINT('Ctrl Pts',(-1.42259993011666,7.30819242364564,-40.5109594948904));
#7471=CARTESIAN_POINT('Ctrl Pts',(2.52674683356885,6.83502249711847,-40.7845784494017));
#7472=CARTESIAN_POINT('Ctrl Pts',(4.41212522811641,5.57701268479034,-40.9409321376939));
#7473=CARTESIAN_POINT('Ctrl Pts',(5.16122448979667,4.76575143769957,-41.01910898184));
#7474=CARTESIAN_POINT('Ctrl Pts',(-4.94081630327006,4.56223182854058,-40.5107521191804));
#7475=CARTESIAN_POINT('Ctrl Pts',(-3.86515241089648,5.72715678106726,-40.6280173853996));
#7476=CARTESIAN_POINT('Ctrl Pts',(-1.36184833167746,6.99609879701281,-40.8234594957648));
#7477=CARTESIAN_POINT('Ctrl Pts',(2.41884305419926,6.54313541539075,-41.0970784502761));
#7478=CARTESIAN_POINT('Ctrl Pts',(4.22370706890843,5.33884844202329,-41.2534321385683));
#7479=CARTESIAN_POINT('Ctrl Pts',(4.94081632653114,4.56223180334924,-41.3316089827144));
#7480=CARTESIAN_POINT('Ctrl Pts',(-4.7204081410422,4.35871219306647,-40.8232521200548));
#7481=CARTESIAN_POINT('Ctrl Pts',(-3.6927292550199,5.47167023321273,-40.940517386274));
#7482=CARTESIAN_POINT('Ctrl Pts',(-1.30109673323827,6.68400517038,-41.1359594966392));
#7483=CARTESIAN_POINT('Ctrl Pts',(2.31093927482969,6.25124833366302,-41.4095784511506));
#7484=CARTESIAN_POINT('Ctrl Pts',(4.03528890970045,5.10068419925624,-41.5659321394428));
#7485=CARTESIAN_POINT('Ctrl Pts',(4.72040816326562,4.3587121689989,-41.6441089835889));
#7486=CARTESIAN_POINT('Ctrl Pts',(-4.49999997881434,4.15519255759235,-41.1357521209293));
#7487=CARTESIAN_POINT('Ctrl Pts',(-3.52030609914332,5.2161836853582,-41.2530173871484));
#7488=CARTESIAN_POINT('Ctrl Pts',(-1.24034513479907,6.37191154374717,-41.4484594975136));
#7489=CARTESIAN_POINT('Ctrl Pts',(2.2030354954601,5.95936125193529,-41.722078452025));
#7490=CARTESIAN_POINT('Ctrl Pts',(3.84687075049247,4.86251995648919,-41.8784321403172));
#7491=CARTESIAN_POINT('Ctrl Pts',(4.50000000000009,4.15519253464857,-41.9566089844633));
#7492=CARTESIAN_POINT('Ctrl Pts',(-4.49999995374117,4.15519258474616,-41.1357521239304));
#7493=CARTESIAN_POINT('Ctrl Pts',(-3.52030607580302,5.21618369718956,-41.2530173891492));
#7494=CARTESIAN_POINT('Ctrl Pts',(-1.24034512220964,6.37191154223884,-41.448459498514));
#7495=CARTESIAN_POINT('Ctrl Pts',(2.2030354954601,5.95936125193529,-41.722078452025));
#7496=CARTESIAN_POINT('Ctrl Pts',(3.84687075049247,4.86251995648919,-41.8784321403172));
#7497=CARTESIAN_POINT('Ctrl Pts',(4.50000000000009,4.15519253464857,-41.9566089844633));
#7498=CARTESIAN_POINT('Ctrl Pts',(-5.16122448979654,4.76575143769971,-43.3232521157702));
#7499=CARTESIAN_POINT('Ctrl Pts',(-4.03757559580718,5.98264330992667,-43.4405173821426));
#7500=CARTESIAN_POINT('Ctrl Pts',(-1.42259646334366,7.30818416534914,-43.6359594927633));
#7501=CARTESIAN_POINT('Ctrl Pts',(2.52674809791094,6.83501778630739,-43.9095784476324));
#7502=CARTESIAN_POINT('Ctrl Pts',(4.41212521073488,5.57701269882715,-44.0659321361289));
#7503=CARTESIAN_POINT('Ctrl Pts',(5.16122447578039,4.76575145287896,-44.1441089803773));
#7504=CARTESIAN_POINT('Ctrl Pts',(-4.94081632653102,4.56223180334937,-43.6357521166446));
#7505=CARTESIAN_POINT('Ctrl Pts',(-3.86515243869071,5.72715676288332,-43.753017383017));
#7506=CARTESIAN_POINT('Ctrl Pts',(-1.36184501295171,6.99609089138378,-43.9484594936378));
#7507=CARTESIAN_POINT('Ctrl Pts',(2.41884426454811,6.54313090575309,-44.2220784485068));
#7508=CARTESIAN_POINT('Ctrl Pts',(4.22370705226917,5.33884845546066,-44.3784321370034));
#7509=CARTESIAN_POINT('Ctrl Pts',(4.94081631311342,4.56223181788039,-44.4566089812517));
#7510=CARTESIAN_POINT('Ctrl Pts',(-4.7204081632655,4.35871216899903,-43.948252117519));
#7511=CARTESIAN_POINT('Ctrl Pts',(-3.69272928157424,5.47167021583997,-44.0655173838914));
#7512=CARTESIAN_POINT('Ctrl Pts',(-1.30109356255976,6.68399761741843,-44.2609594945122));
#7513=CARTESIAN_POINT('Ctrl Pts',(2.31094043118526,6.25124402519879,-44.5345784493812));
#7514=CARTESIAN_POINT('Ctrl Pts',(4.03528889380346,5.10068421209417,-44.6909321378778));
#7515=CARTESIAN_POINT('Ctrl Pts',(4.72040815044646,4.35871218288183,-44.7691089821261));
#7516=CARTESIAN_POINT('Ctrl Pts',(-4.49999999999998,4.15519253464869,-44.2607521183934));
#7517=CARTESIAN_POINT('Ctrl Pts',(-3.52030612445777,5.21618366879662,-44.3780173847659));
#7518=CARTESIAN_POINT('Ctrl Pts',(-1.24034211216781,6.37190434345307,-44.5734594953866));
#7519=CARTESIAN_POINT('Ctrl Pts',(2.20303659782243,5.95935714464449,-44.8470784502556));
#7520=CARTESIAN_POINT('Ctrl Pts',(3.84687073533776,4.86251996872768,-45.0034321387522));
#7521=CARTESIAN_POINT('Ctrl Pts',(4.49999998777949,4.15519254788326,-45.0816089830005));
#7522=CARTESIAN_POINT('Ctrl Pts',(-4.49999999999998,4.15519253464869,-44.2607521183934));
#7523=CARTESIAN_POINT('Ctrl Pts',(-3.52030612445777,5.21618366879662,-44.3780173847659));
#7524=CARTESIAN_POINT('Ctrl Pts',(-1.24034211216781,6.37190434345307,-44.5734594953866));
#7525=CARTESIAN_POINT('Ctrl Pts',(2.20303659112675,5.95935714544669,-44.8470784497236));
#7526=CARTESIAN_POINT('Ctrl Pts',(3.84687072415018,4.86251997619252,-45.0034321376881));
#7527=CARTESIAN_POINT('Ctrl Pts',(4.49999997444433,4.15519256232501,-45.0816089814044));
#7528=CARTESIAN_POINT('Ctrl Pts',(-5.16122448979658,4.76575143769967,-46.4482521157702));
#7529=CARTESIAN_POINT('Ctrl Pts',(-4.03757559496719,5.98264331083637,-46.5655173822303));
#7530=CARTESIAN_POINT('Ctrl Pts',(-1.42259333471593,7.30817679063429,-46.7609594929971));
#7531=CARTESIAN_POINT('Ctrl Pts',(2.5267492572748,6.83501356386611,-47.0345784480707));
#7532=CARTESIAN_POINT('Ctrl Pts',(4.41212521705605,5.57701269398975,-47.1909321366842));
#7533=CARTESIAN_POINT('Ctrl Pts',(5.16122448166061,4.76575144651078,-47.2691089809909));
#7534=CARTESIAN_POINT('Ctrl Pts',(-4.94081632653105,4.56223180334933,-46.7607521166446));
#7535=CARTESIAN_POINT('Ctrl Pts',(-3.8651524378866,5.72715676375417,-46.8780173831047));
#7536=CARTESIAN_POINT('Ctrl Pts',(-1.36184201793085,6.99608383160338,-47.0734594938716));
#7537=CARTESIAN_POINT('Ctrl Pts',(2.41884537440176,6.54312686362959,-47.3470784489451));
#7538=CARTESIAN_POINT('Ctrl Pts',(4.2237070583204,5.33884845082984,-47.5034321375586));
#7539=CARTESIAN_POINT('Ctrl Pts',(4.94081631874253,4.56223181178416,-47.5816089818654));
#7540=CARTESIAN_POINT('Ctrl Pts',(-4.72040816326553,4.358712168999,-47.073252117519));
#7541=CARTESIAN_POINT('Ctrl Pts',(-3.692729280806,5.47167021667197,-47.1905173839791));
#7542=CARTESIAN_POINT('Ctrl Pts',(-1.30109070114578,6.68399087257247,-47.385959494746));
#7543=CARTESIAN_POINT('Ctrl Pts',(2.31094149152873,6.25124016339306,-47.6595784498196));
#7544=CARTESIAN_POINT('Ctrl Pts',(4.03528889958475,5.10068420766993,-47.815932138433));
#7545=CARTESIAN_POINT('Ctrl Pts',(4.72040815582445,4.35871217705755,-47.8941089827398));
#7546=CARTESIAN_POINT('Ctrl Pts',(-4.50000000000001,4.15519253464866,-47.3857521183934));
#7547=CARTESIAN_POINT('Ctrl Pts',(-3.5203061237254,5.21618366958977,-47.5030173848535));
#7548=CARTESIAN_POINT('Ctrl Pts',(-1.24033938436071,6.37189791354155,-47.6984594956204));
#7549=CARTESIAN_POINT('Ctrl Pts',(2.20303760865569,5.95935346315654,-47.972078450694));
#7550=CARTESIAN_POINT('Ctrl Pts',(3.8468707408491,4.86251996451002,-48.1284321393075));
#7551=CARTESIAN_POINT('Ctrl Pts',(4.49999999290637,4.15519254233094,-48.2066089836142));
#7552=CARTESIAN_POINT('Ctrl Pts',(-4.50000000000001,4.15519253464866,-47.3857521183934));
#7553=CARTESIAN_POINT('Ctrl Pts',(-3.5203061237254,5.21618366958977,-47.5030173848535));
#7554=CARTESIAN_POINT('Ctrl Pts',(-1.24033938436071,6.37189791354155,-47.6984594956204));
#7555=CARTESIAN_POINT('Ctrl Pts',(2.20303760865569,5.95935346315654,-47.972078450694));
#7556=CARTESIAN_POINT('Ctrl Pts',(3.8468707408491,4.86251996451002,-48.1284321393075));
#7557=CARTESIAN_POINT('Ctrl Pts',(4.49999999290637,4.15519254233094,-48.2066089836142));
#7558=CARTESIAN_POINT('Ctrl Pts',(4.49999999584437,-4.15519253914917,-2.69825212071192));
#7559=CARTESIAN_POINT('Ctrl Pts',(3.52030611808895,-5.21618367356501,-2.81551738722227));
#7560=CARTESIAN_POINT('Ctrl Pts',(1.24047042160951,-6.37220483785469,-3.01095949807284));
#7561=CARTESIAN_POINT('Ctrl Pts',(-2.20299132245977,-5.9595272336191,-3.28457845326365));
#7562=CARTESIAN_POINT('Ctrl Pts',(-3.84687074887045,-4.8625199582458,-3.44093214194412));
#7563=CARTESIAN_POINT('Ctrl Pts',(-4.49999999999999,-4.15519253464871,-3.51910898628435));
#7564=CARTESIAN_POINT('Ctrl Pts',(4.72040815890636,-4.35871217371994,-3.01075212043651));
#7565=CARTESIAN_POINT('Ctrl Pts',(3.69272927489348,-5.47167022084192,-3.12801738694685));
#7566=CARTESIAN_POINT('Ctrl Pts',(1.30122815654555,-6.68431282991319,-3.32345949779743));
#7567=CARTESIAN_POINT('Ctrl Pts',(-2.31089293825382,-6.25142244506195,-3.59707845298824));
#7568=CARTESIAN_POINT('Ctrl Pts',(-4.03528890799898,-5.10068420109889,-3.7534321416687));
#7569=CARTESIAN_POINT('Ctrl Pts',(-4.72040816326551,-4.35871216899905,-3.83160898600893));
#7570=CARTESIAN_POINT('Ctrl Pts',(4.94081632196834,-4.56223180829071,-3.32325212016109));
#7571=CARTESIAN_POINT('Ctrl Pts',(3.86515243169801,-5.72715676811882,-3.44051738667144));
#7572=CARTESIAN_POINT('Ctrl Pts',(1.36198589148158,-6.99642082197169,-3.63595949752202));
#7573=CARTESIAN_POINT('Ctrl Pts',(-2.41879455404787,-6.54331765650481,-3.90957845271283));
#7574=CARTESIAN_POINT('Ctrl Pts',(-4.22370706712752,-5.33884844395198,-4.06593214139329));
#7575=CARTESIAN_POINT('Ctrl Pts',(-4.94081632653104,-4.56223180334939,-4.14410898573352));
#7576=CARTESIAN_POINT('Ctrl Pts',(5.16122448503032,-4.76575144286148,-3.63575211988568));
#7577=CARTESIAN_POINT('Ctrl Pts',(4.03757558850253,-5.98264331539573,-3.75301738639603));
#7578=CARTESIAN_POINT('Ctrl Pts',(1.42274362641762,-7.30852881403018,-3.94845949724661));
#7579=CARTESIAN_POINT('Ctrl Pts',(-2.52669616984193,-6.83521286794766,-4.22207845243741));
#7580=CARTESIAN_POINT('Ctrl Pts',(-4.41212522625605,-5.57701268680507,-4.37843214111788));
#7581=CARTESIAN_POINT('Ctrl Pts',(-5.16122448979656,-4.76575143769973,-4.45660898545811));
#7582=CARTESIAN_POINT('Ctrl Pts',(4.49999999130962,-4.1551925440602,-2.69825212125473));
#7583=CARTESIAN_POINT('Ctrl Pts',(3.52030611462272,-5.21618367478909,-2.8155173874894));
#7584=CARTESIAN_POINT('Ctrl Pts',(1.24047649909898,-6.37221895014227,-3.01095949811167));
#7585=CARTESIAN_POINT('Ctrl Pts',(-2.20298927994335,-5.95953512899909,-3.28457845312155));
#7586=CARTESIAN_POINT('Ctrl Pts',(-3.84687074847469,-4.86251995867438,-3.44093214189676));
#7587=CARTESIAN_POINT('Ctrl Pts',(-4.49999999766602,-4.15519253717633,-3.519108986005));
#7588=CARTESIAN_POINT('Ctrl Pts',(4.49999999999999,-4.15519253464871,-5.82325212021451));
#7589=CARTESIAN_POINT('Ctrl Pts',(3.52030612271201,-5.21618367068727,-5.94051738679592));
#7590=CARTESIAN_POINT('Ctrl Pts',(1.24044080005072,-6.37213588610105,-6.13595949776493));
#7591=CARTESIAN_POINT('Ctrl Pts',(-2.20300140789451,-5.95948853826435,-6.40957845312154));
#7592=CARTESIAN_POINT('Ctrl Pts',(-3.84687074847467,-4.86251995867441,-6.56593214189675));
#7593=CARTESIAN_POINT('Ctrl Pts',(-4.49999999999999,-4.15519253464871,-6.64410898628435));
#7594=CARTESIAN_POINT('Ctrl Pts',(4.72040816326551,-4.35871216899905,-6.1357521199391));
#7595=CARTESIAN_POINT('Ctrl Pts',(3.69272927974297,-5.47167021782323,-6.25301738652051));
#7596=CARTESIAN_POINT('Ctrl Pts',(1.30119708413489,-6.68424050093079,-6.44845949748951));
#7597=CARTESIAN_POINT('Ctrl Pts',(-2.31090351766904,-6.25138185442453,-6.72207845284613));
#7598=CARTESIAN_POINT('Ctrl Pts',(-4.03528890758382,-5.1006842015485,-6.87843214162133));
#7599=CARTESIAN_POINT('Ctrl Pts',(-4.72040816326551,-4.35871216899905,-6.95660898600894));
#7600=CARTESIAN_POINT('Ctrl Pts',(4.94081632653103,-4.56223180334939,-6.44825211966369));
#7601=CARTESIAN_POINT('Ctrl Pts',(3.86515243677393,-5.72715676495918,-6.56551738624509));
#7602=CARTESIAN_POINT('Ctrl Pts',(1.36195336821907,-6.99634511576054,-6.7609594972141));
#7603=CARTESIAN_POINT('Ctrl Pts',(-2.41880562744358,-6.5432751705847,-7.03457845257071));
#7604=CARTESIAN_POINT('Ctrl Pts',(-4.22370706669297,-5.33884844442258,-7.19093214134592));
#7605=CARTESIAN_POINT('Ctrl Pts',(-4.94081632653104,-4.56223180334939,-7.26910898573353));
#7606=CARTESIAN_POINT('Ctrl Pts',(5.16122448979655,-4.76575143769973,-6.76075211938827));
#7607=CARTESIAN_POINT('Ctrl Pts',(4.03757559380489,-5.98264331209514,-6.87801738596968));
#7608=CARTESIAN_POINT('Ctrl Pts',(1.42270965230324,-7.30844973059028,-7.07345949693869));
#7609=CARTESIAN_POINT('Ctrl Pts',(-2.52670773721811,-6.83516848674488,-7.3470784522953));
#7610=CARTESIAN_POINT('Ctrl Pts',(-4.41212522580212,-5.57701268729667,-7.50343214107051));
#7611=CARTESIAN_POINT('Ctrl Pts',(-5.16122448979656,-4.76575143769973,-7.58160898545811));
#7612=CARTESIAN_POINT('Ctrl Pts',(4.49999999999999,-4.15519253464867,-5.82325212021453));
#7613=CARTESIAN_POINT('Ctrl Pts',(3.84687074847468,-4.86251995867439,-5.90142896460213));
#7614=CARTESIAN_POINT('Ctrl Pts',(2.20300117972146,-5.9594894078951,-6.05778265337734));
#7615=CARTESIAN_POINT('Ctrl Pts',(-1.24044146286455,-6.37213743161813,-6.33140160873395));
#7616=CARTESIAN_POINT('Ctrl Pts',(-3.52030612271204,-5.21618367068723,-6.52684371970297));
#7617=CARTESIAN_POINT('Ctrl Pts',(-4.50000000000001,-4.15519253464866,-6.64410898628437));
#7618=CARTESIAN_POINT('Ctrl Pts',(4.49999999999999,-4.1551925346487,-8.94825212021452));
#7619=CARTESIAN_POINT('Ctrl Pts',(3.52030612271202,-5.21618367068727,-9.06551738679592));
#7620=CARTESIAN_POINT('Ctrl Pts',(1.24041957518955,-6.37208632675299,-9.26095949776493));
#7621=CARTESIAN_POINT('Ctrl Pts',(-2.20300877401547,-5.95946059820232,-9.53457845312154));
#7622=CARTESIAN_POINT('Ctrl Pts',(-3.84687074847468,-4.86251995867441,-9.69093214189675));
#7623=CARTESIAN_POINT('Ctrl Pts',(-4.5,-4.1551925346487,-9.76910898628435));
#7624=CARTESIAN_POINT('Ctrl Pts',(4.72040816326552,-4.35871216899904,-9.2607521199391));
#7625=CARTESIAN_POINT('Ctrl Pts',(3.69272927974298,-5.47167021782323,-9.37801738652051));
#7626=CARTESIAN_POINT('Ctrl Pts',(1.30117481968869,-6.68418851418609,-9.57345949748952));
#7627=CARTESIAN_POINT('Ctrl Pts',(-2.3109112445796,-6.25135254586966,-9.84707845284613));
#7628=CARTESIAN_POINT('Ctrl Pts',(-4.03528890758383,-5.1006842015485,-10.0034321416213));
#7629=CARTESIAN_POINT('Ctrl Pts',(-4.72040816326552,-4.35871216899904,-10.0816089860089));
#7630=CARTESIAN_POINT('Ctrl Pts',(4.94081632653104,-4.56223180334938,-9.57325211966369));
#7631=CARTESIAN_POINT('Ctrl Pts',(3.86515243677394,-5.72715676495918,-9.6905173862451));
#7632=CARTESIAN_POINT('Ctrl Pts',(1.36193006418784,-6.9962907016192,-9.8859594972141));
#7633=CARTESIAN_POINT('Ctrl Pts',(-2.41881371514372,-6.543244493537,-10.1595784525707));
#7634=CARTESIAN_POINT('Ctrl Pts',(-4.22370706669297,-5.33884844442258,-10.3159321413459));
#7635=CARTESIAN_POINT('Ctrl Pts',(-4.94081632653104,-4.56223180334938,-10.3941089857335));
#7636=CARTESIAN_POINT('Ctrl Pts',(5.16122448979656,-4.76575143769972,-9.88575211938828));
#7637=CARTESIAN_POINT('Ctrl Pts',(4.0375755938049,-5.98264331209513,-10.0030173859697));
#7638=CARTESIAN_POINT('Ctrl Pts',(1.42268530868697,-7.3083928890523,-10.1984594969387));
#7639=CARTESIAN_POINT('Ctrl Pts',(-2.52671618570785,-6.83513644120434,-10.4720784522953));
#7640=CARTESIAN_POINT('Ctrl Pts',(-4.41212522580213,-5.57701268729666,-10.6284321410705));
#7641=CARTESIAN_POINT('Ctrl Pts',(-5.16122448979656,-4.76575143769972,-10.7066089854581));
#7642=CARTESIAN_POINT('Ctrl Pts',(4.49999999999998,-4.15519253464869,-8.94825212021453));
#7643=CARTESIAN_POINT('Ctrl Pts',(3.520306122712,-5.21618367068725,-9.06551738679594));
#7644=CARTESIAN_POINT('Ctrl Pts',(1.24041756206219,-6.37208161934356,-9.26095949776495));
#7645=CARTESIAN_POINT('Ctrl Pts',(-2.20300947862183,-5.95945793891206,-9.53457845312156));
#7646=CARTESIAN_POINT('Ctrl Pts',(-3.84687074847468,-4.86251995867438,-9.69093214189677));
#7647=CARTESIAN_POINT('Ctrl Pts',(-4.5,-4.15519253464867,-9.76910898628437));
#7648=CARTESIAN_POINT('Ctrl Pts',(4.5,-4.1551925346487,-12.0732521202145));
#7649=CARTESIAN_POINT('Ctrl Pts',(3.52030612271202,-5.21618367068726,-12.1905173867959));
#7650=CARTESIAN_POINT('Ctrl Pts',(1.24040362006872,-6.37204898590337,-12.3859594977649));
#7651=CARTESIAN_POINT('Ctrl Pts',(-2.20301438636952,-5.95943947842942,-12.6595784531215));
#7652=CARTESIAN_POINT('Ctrl Pts',(-3.84687074847468,-4.86251995867441,-12.8159321418968));
#7653=CARTESIAN_POINT('Ctrl Pts',(-4.5,-4.1551925346487,-12.8941089862844));
#7654=CARTESIAN_POINT('Ctrl Pts',(4.72040816326552,-4.35871216899904,-12.3857521199391));
#7655=CARTESIAN_POINT('Ctrl Pts',(3.69272927974299,-5.47167021782322,-12.5030173865205));
#7656=CARTESIAN_POINT('Ctrl Pts',(1.30115808309255,-6.6841493443969,-12.6984594974895));
#7657=CARTESIAN_POINT('Ctrl Pts',(-2.31091713182446,-6.2513303916589,-12.9720784528461));
#7658=CARTESIAN_POINT('Ctrl Pts',(-4.03528890758383,-5.10068420154849,-13.1284321416213));
#7659=CARTESIAN_POINT('Ctrl Pts',(-4.72040816326552,-4.35871216899904,-13.2066089860089));
#7660=CARTESIAN_POINT('Ctrl Pts',(4.94081632653104,-4.56223180334938,-12.6982521196637));
#7661=CARTESIAN_POINT('Ctrl Pts',(3.86515243677395,-5.72715676495917,-12.8155173862451));
#7662=CARTESIAN_POINT('Ctrl Pts',(1.36191254611639,-6.99624970289043,-13.0109594972141));
#7663=CARTESIAN_POINT('Ctrl Pts',(-2.4188198772794,-6.54322130488839,-13.2845784525707));
#7664=CARTESIAN_POINT('Ctrl Pts',(-4.22370706669298,-5.33884844442257,-13.4409321413459));
#7665=CARTESIAN_POINT('Ctrl Pts',(-4.94081632653104,-4.56223180334938,-13.5191089857335));
#7666=CARTESIAN_POINT('Ctrl Pts',(5.16122448979656,-4.76575143769972,-13.0107521193883));
#7667=CARTESIAN_POINT('Ctrl Pts',(4.03757559380491,-5.98264331209513,-13.1280173859697));
#7668=CARTESIAN_POINT('Ctrl Pts',(1.42266700914022,-7.30835006138397,-13.3234594969387));
#7669=CARTESIAN_POINT('Ctrl Pts',(-2.52672262273434,-6.83511221811787,-13.5970784522953));
#7670=CARTESIAN_POINT('Ctrl Pts',(-4.41212522580213,-5.57701268729666,-13.7534321410705));
#7671=CARTESIAN_POINT('Ctrl Pts',(-5.16122448979656,-4.76575143769972,-13.8316089854581));
#7672=CARTESIAN_POINT('Ctrl Pts',(4.49999999999998,-4.15519253464869,-12.0732521202145));
#7673=CARTESIAN_POINT('Ctrl Pts',(3.52030612271201,-5.21618367068725,-12.1905173867959));
#7674=CARTESIAN_POINT('Ctrl Pts',(1.2404002154237,-6.37204100832278,-12.3859594977649));
#7675=CARTESIAN_POINT('Ctrl Pts',(-2.20301559222792,-5.95943495889331,-12.6595784531216));
#7676=CARTESIAN_POINT('Ctrl Pts',(-3.84687074847468,-4.86251995867438,-12.8159321418968));
#7677=CARTESIAN_POINT('Ctrl Pts',(-4.5,-4.15519253464867,-12.8941089862844));
#7678=CARTESIAN_POINT('Ctrl Pts',(4.5,-4.1551925346487,-15.1982521202145));
#7679=CARTESIAN_POINT('Ctrl Pts',(3.52030612271202,-5.21618367068727,-15.3155173867959));
#7680=CARTESIAN_POINT('Ctrl Pts',(1.24039118821552,-6.3720198402859,-15.5109594977649));
#7681=CARTESIAN_POINT('Ctrl Pts',(-2.20301880340636,-5.95942295399012,-15.7845784531216));
#7682=CARTESIAN_POINT('Ctrl Pts',(-3.84687074847466,-4.86251995867443,-15.9409321418968));
#7683=CARTESIAN_POINT('Ctrl Pts',(-4.49999999999998,-4.15519253464872,-16.0191089862844));
#7684=CARTESIAN_POINT('Ctrl Pts',(4.72040816326552,-4.35871216899904,-15.5107521199391));
#7685=CARTESIAN_POINT('Ctrl Pts',(3.69272927974298,-5.47167021782322,-15.6280173865205));
#7686=CARTESIAN_POINT('Ctrl Pts',(1.30114504233226,-6.68411877123898,-15.8234594974895));
#7687=CARTESIAN_POINT('Ctrl Pts',(-2.31092176520597,-6.2513130578593,-16.0970784528461));
#7688=CARTESIAN_POINT('Ctrl Pts',(-4.03528890758381,-5.10068420154851,-16.2534321416213));
#7689=CARTESIAN_POINT('Ctrl Pts',(-4.7204081632655,-4.35871216899906,-16.3316089860089));
#7690=CARTESIAN_POINT('Ctrl Pts',(4.94081632653104,-4.56223180334938,-15.8232521196637));
#7691=CARTESIAN_POINT('Ctrl Pts',(3.86515243677394,-5.72715676495918,-15.9405173862451));
#7692=CARTESIAN_POINT('Ctrl Pts',(1.361898896449,-6.99621770219207,-16.1359594972141));
#7693=CARTESIAN_POINT('Ctrl Pts',(-2.41882472700556,-6.5432031617285,-16.4095784525707));
#7694=CARTESIAN_POINT('Ctrl Pts',(-4.22370706669295,-5.3388484444226,-16.5659321413459));
#7695=CARTESIAN_POINT('Ctrl Pts',(-4.94081632653102,-4.5622318033494,-16.6441089857335));
#7696=CARTESIAN_POINT('Ctrl Pts',(5.16122448979656,-4.76575143769972,-16.1357521193883));
#7697=CARTESIAN_POINT('Ctrl Pts',(4.0375755938049,-5.98264331209513,-16.2530173859697));
#7698=CARTESIAN_POINT('Ctrl Pts',(1.42265275056574,-7.30831663314515,-16.4484594969387));
#7699=CARTESIAN_POINT('Ctrl Pts',(-2.52672768880517,-6.83509326559769,-16.7220784522953));
#7700=CARTESIAN_POINT('Ctrl Pts',(-4.4121252258021,-5.57701268729668,-16.8784321410705));
#7701=CARTESIAN_POINT('Ctrl Pts',(-5.16122448979655,-4.76575143769974,-16.9566089854581));
#7702=CARTESIAN_POINT('Ctrl Pts',(4.49999999999998,-4.15519253464869,-15.1982521202145));
#7703=CARTESIAN_POINT('Ctrl Pts',(3.52030612271201,-5.21618367068725,-15.3155173867959));
#7704=CARTESIAN_POINT('Ctrl Pts',(1.24038705127644,-6.37201013180375,-15.510959497765));
#7705=CARTESIAN_POINT('Ctrl Pts',(-2.20302028172836,-5.95941744200528,-15.7845784531216));
#7706=CARTESIAN_POINT('Ctrl Pts',(-3.84687074847464,-4.86251995867441,-15.9409321418968));
#7707=CARTESIAN_POINT('Ctrl Pts',(-4.49999999999997,-4.15519253464871,-16.0191089862844));
#7708=CARTESIAN_POINT('Ctrl Pts',(4.50000000000003,-4.15519253464867,-18.3232521202145));
#7709=CARTESIAN_POINT('Ctrl Pts',(3.52030612271206,-5.21618367068724,-18.4405173867959));
#7710=CARTESIAN_POINT('Ctrl Pts',(1.24038122833628,-6.37199645848418,-18.6359594977649));
#7711=CARTESIAN_POINT('Ctrl Pts',(-2.2030223696542,-5.95940967256297,-18.9095784531215));
#7712=CARTESIAN_POINT('Ctrl Pts',(-3.84687074847462,-4.86251995867446,-19.0659321418968));
#7713=CARTESIAN_POINT('Ctrl Pts',(-4.49999999999995,-4.15519253464875,-19.1441089862844));
#7714=CARTESIAN_POINT('Ctrl Pts',(4.72040816326555,-4.35871216899901,-18.6357521199391));
#7715=CARTESIAN_POINT('Ctrl Pts',(3.69272927974302,-5.4716702178232,-18.7530173865205));
#7716=CARTESIAN_POINT('Ctrl Pts',(1.3011345946222,-6.68409424420616,-18.9484594974895));
#7717=CARTESIAN_POINT('Ctrl Pts',(-2.31092550612717,-6.25129912591328,-19.2220784528461));
#7718=CARTESIAN_POINT('Ctrl Pts',(-4.03528890758377,-5.10068420154854,-19.3784321416213));
#7719=CARTESIAN_POINT('Ctrl Pts',(-4.72040816326547,-4.35871216899909,-19.4566089860089));
#7720=CARTESIAN_POINT('Ctrl Pts',(4.94081632653108,-4.56223180334934,-18.9482521196637));
#7721=CARTESIAN_POINT('Ctrl Pts',(3.86515243677398,-5.72715676495915,-19.0655173862451));
#7722=CARTESIAN_POINT('Ctrl Pts',(1.36188796090812,-6.99619202992814,-19.2609594972141));
#7723=CARTESIAN_POINT('Ctrl Pts',(-2.41882864260013,-6.54318857926359,-19.5345784525707));
#7724=CARTESIAN_POINT('Ctrl Pts',(-4.22370706669292,-5.33884844442263,-19.6909321413459));
#7725=CARTESIAN_POINT('Ctrl Pts',(-4.94081632653099,-4.56223180334944,-19.7691089857335));
#7726=CARTESIAN_POINT('Ctrl Pts',(5.1612244897966,-4.76575143769968,-19.2607521193883));
#7727=CARTESIAN_POINT('Ctrl Pts',(4.03757559380495,-5.9826433120951,-19.3780173859697));
#7728=CARTESIAN_POINT('Ctrl Pts',(1.42264132719404,-7.30828981565012,-19.5734594969387));
#7729=CARTESIAN_POINT('Ctrl Pts',(-2.5267317790731,-6.8350780326139,-19.8470784522953));
#7730=CARTESIAN_POINT('Ctrl Pts',(-4.41212522580206,-5.57701268729671,-20.0034321410705));
#7731=CARTESIAN_POINT('Ctrl Pts',(-5.16122448979651,-4.76575143769978,-20.0816089854581));
#7732=CARTESIAN_POINT('Ctrl Pts',(4.50000000000001,-4.15519253464865,-18.3232521202145));
#7733=CARTESIAN_POINT('Ctrl Pts',(3.52030612271205,-5.21618367068722,-18.4405173867959));
#7734=CARTESIAN_POINT('Ctrl Pts',(1.24037671933579,-6.37198586400263,-18.635959497765));
#7735=CARTESIAN_POINT('Ctrl Pts',(-2.20302399213397,-5.95940364744105,-18.9095784531216));
#7736=CARTESIAN_POINT('Ctrl Pts',(-3.84687074847461,-4.86251995867444,-19.0659321418968));
#7737=CARTESIAN_POINT('Ctrl Pts',(-4.49999999999994,-4.15519253464874,-19.1441089862844));
#7738=CARTESIAN_POINT('Ctrl Pts',(4.50000000000006,-4.15519253464863,-21.4482521202145));
#7739=CARTESIAN_POINT('Ctrl Pts',(3.52030612271209,-5.21618367068722,-21.5655173867959));
#7740=CARTESIAN_POINT('Ctrl Pts',(1.24037306964856,-6.37197728443226,-21.7609594977649));
#7741=CARTESIAN_POINT('Ctrl Pts',(-2.20302530902876,-5.95939876494085,-22.0345784531215));
#7742=CARTESIAN_POINT('Ctrl Pts',(-3.84687074847458,-4.86251995867448,-22.1909321418967));
#7743=CARTESIAN_POINT('Ctrl Pts',(-4.49999999999992,-4.15519253464878,-22.2691089862844));
#7744=CARTESIAN_POINT('Ctrl Pts',(4.72040816326558,-4.35871216899897,-21.7607521199391));
#7745=CARTESIAN_POINT('Ctrl Pts',(3.69272927974306,-5.47167021782317,-21.8780173865205));
#7746=CARTESIAN_POINT('Ctrl Pts',(1.30112603632528,-6.68407413101701,-22.0734594974895));
#7747=CARTESIAN_POINT('Ctrl Pts',(-2.31092858947109,-6.25128768404028,-22.3470784528461));
#7748=CARTESIAN_POINT('Ctrl Pts',(-4.03528890758373,-5.10068420154857,-22.5034321416213));
#7749=CARTESIAN_POINT('Ctrl Pts',(-4.72040816326544,-4.35871216899913,-22.5816089860089));
#7750=CARTESIAN_POINT('Ctrl Pts',(4.94081632653111,-4.56223180334931,-22.0732521196637));
#7751=CARTESIAN_POINT('Ctrl Pts',(3.86515243677403,-5.72715676495912,-22.1905173862451));
#7752=CARTESIAN_POINT('Ctrl Pts',(1.36187900300201,-6.99617097760175,-22.3859594972141));
#7753=CARTESIAN_POINT('Ctrl Pts',(-2.41883186991342,-6.54317660313972,-22.6595784525707));
#7754=CARTESIAN_POINT('Ctrl Pts',(-4.22370706669288,-5.33884844442266,-22.8159321413459));
#7755=CARTESIAN_POINT('Ctrl Pts',(-4.94081632653096,-4.56223180334947,-22.8941089857335));
#7756=CARTESIAN_POINT('Ctrl Pts',(5.16122448979664,-4.76575143769965,-22.3857521193883));
#7757=CARTESIAN_POINT('Ctrl Pts',(4.03757559380499,-5.98264331209507,-22.5030173859697));
#7758=CARTESIAN_POINT('Ctrl Pts',(1.42263196967873,-7.30826782418649,-22.6984594969387));
#7759=CARTESIAN_POINT('Ctrl Pts',(-2.52673515035575,-6.83506552223915,-22.9720784522953));
#7760=CARTESIAN_POINT('Ctrl Pts',(-4.41212522580202,-5.57701268729675,-23.1284321410705));
#7761=CARTESIAN_POINT('Ctrl Pts',(-5.16122448979648,-4.76575143769982,-23.2066089854581));
#7762=CARTESIAN_POINT('Ctrl Pts',(4.5000000000001,-4.15519253464856,-21.4482521202145));
#7763=CARTESIAN_POINT('Ctrl Pts',(3.52030612271216,-5.21618367068715,-21.5655173867959));
#7764=CARTESIAN_POINT('Ctrl Pts',(1.2403683941972,-6.37196628811508,-21.7609594977649));
#7765=CARTESIAN_POINT('Ctrl Pts',(-2.20302700076144,-5.95939250285681,-22.0345784531216));
#7766=CARTESIAN_POINT('Ctrl Pts',(-3.84687074847457,-4.86251995867447,-22.1909321418968));
#7767=CARTESIAN_POINT('Ctrl Pts',(-4.4999999999999,-4.15519253464877,-22.2691089862844));
#7768=CARTESIAN_POINT('Ctrl Pts',(4.50000000000003,-4.15519253464867,-24.5732521202145));
#7769=CARTESIAN_POINT('Ctrl Pts',(3.52030612271206,-5.21618367068724,-24.6905173867959));
#7770=CARTESIAN_POINT('Ctrl Pts',(1.24036626397727,-6.37196127598542,-24.8859594977649));
#7771=CARTESIAN_POINT('Ctrl Pts',(-2.20302777329701,-5.95938964701664,-25.1595784531215));
#7772=CARTESIAN_POINT('Ctrl Pts',(-3.84687074847465,-4.86251995867443,-25.3159321418968));
#7773=CARTESIAN_POINT('Ctrl Pts',(-4.49999999999998,-4.15519253464872,-25.3941089862844));
#7774=CARTESIAN_POINT('Ctrl Pts',(4.72040816326555,-4.358712168999,-24.8857521199391));
#7775=CARTESIAN_POINT('Ctrl Pts',(3.69272927974302,-5.4716702178232,-25.0030173865205));
#7776=CARTESIAN_POINT('Ctrl Pts',(1.30111889731499,-6.68405733848297,-25.1984594974895));
#7777=CARTESIAN_POINT('Ctrl Pts',(-2.3109311744382,-6.25127811952386,-25.4720784528461));
#7778=CARTESIAN_POINT('Ctrl Pts',(-4.0352889075838,-5.10068420154852,-25.6284321416213));
#7779=CARTESIAN_POINT('Ctrl Pts',(-4.7204081632655,-4.35871216899906,-25.7066089860089));
#7780=CARTESIAN_POINT('Ctrl Pts',(4.94081632653108,-4.56223180334934,-25.1982521196637));
#7781=CARTESIAN_POINT('Ctrl Pts',(3.86515243677399,-5.72715676495915,-25.3155173862451));
#7782=CARTESIAN_POINT('Ctrl Pts',(1.36187153065271,-6.99615340098052,-25.5109594972141));
#7783=CARTESIAN_POINT('Ctrl Pts',(-2.41883457557938,-6.54316659203109,-25.7845784525707));
#7784=CARTESIAN_POINT('Ctrl Pts',(-4.22370706669295,-5.3388484444226,-25.9409321413459));
#7785=CARTESIAN_POINT('Ctrl Pts',(-4.94081632653102,-4.5622318033494,-26.0191089857335));
#7786=CARTESIAN_POINT('Ctrl Pts',(5.1612244897966,-4.76575143769968,-25.5107521193883));
#7787=CARTESIAN_POINT('Ctrl Pts',(4.03757559380495,-5.9826433120951,-25.6280173859697));
#7788=CARTESIAN_POINT('Ctrl Pts',(1.42262416399043,-7.30824946347807,-25.8234594969387));
#7789=CARTESIAN_POINT('Ctrl Pts',(-2.52673797672056,-6.83505506453831,-26.0970784522953));
#7790=CARTESIAN_POINT('Ctrl Pts',(-4.4121252258021,-5.57701268729668,-26.2534321410705));
#7791=CARTESIAN_POINT('Ctrl Pts',(-5.16122448979654,-4.76575143769975,-26.3316089854581));
#7792=CARTESIAN_POINT('Ctrl Pts',(4.50000000000002,-4.15519253464865,-24.5732521202145));
#7793=CARTESIAN_POINT('Ctrl Pts',(3.52030612271205,-5.21618367068723,-24.6905173867959));
#7794=CARTESIAN_POINT('Ctrl Pts',(1.24036154284433,-6.37195016330633,-24.8859594977649));
#7795=CARTESIAN_POINT('Ctrl Pts',(-2.20302948933534,-5.95938331166425,-25.1595784531216));
#7796=CARTESIAN_POINT('Ctrl Pts',(-3.84687074847464,-4.86251995867442,-25.3159321418968));
#7797=CARTESIAN_POINT('Ctrl Pts',(-4.49999999999996,-4.15519253464871,-25.3941089862844));
#7798=CARTESIAN_POINT('Ctrl Pts',(4.50000000000012,-4.15519253464857,-27.6982521202145));
#7799=CARTESIAN_POINT('Ctrl Pts',(3.52030612271216,-5.21618367068718,-27.8155173867959));
#7800=CARTESIAN_POINT('Ctrl Pts',(1.24036050047081,-6.37194770892267,-28.0109594977649));
#7801=CARTESIAN_POINT('Ctrl Pts',(-2.20302986893912,-5.95938191176761,-28.2845784531216));
#7802=CARTESIAN_POINT('Ctrl Pts',(-3.84687074847471,-4.86251995867439,-28.4409321418968));
#7803=CARTESIAN_POINT('Ctrl Pts',(-4.50000000000004,-4.15519253464866,-28.5191089862844));
#7804=CARTESIAN_POINT('Ctrl Pts',(4.72040816326565,-4.3587121689989,-28.0107521199391));
#7805=CARTESIAN_POINT('Ctrl Pts',(3.69272927974313,-5.47167021782313,-28.1280173865205));
#7806=CARTESIAN_POINT('Ctrl Pts',(1.30111285151434,-6.68404310691103,-28.3234594974895));
#7807=CARTESIAN_POINT('Ctrl Pts',(-2.310933372724,-6.2512700054055,-28.5970784528461));
#7808=CARTESIAN_POINT('Ctrl Pts',(-4.03528890758386,-5.10068420154847,-28.7534321416213));
#7809=CARTESIAN_POINT('Ctrl Pts',(-4.72040816326556,-4.358712168999,-28.831608986009));
#7810=CARTESIAN_POINT('Ctrl Pts',(4.94081632653118,-4.56223180334924,-28.3232521196637));
#7811=CARTESIAN_POINT('Ctrl Pts',(3.8651524367741,-5.72715676495908,-28.4405173862451));
#7812=CARTESIAN_POINT('Ctrl Pts',(1.36186520255787,-6.99613850489938,-28.6359594972141));
#7813=CARTESIAN_POINT('Ctrl Pts',(-2.41883687650888,-6.54315809904339,-28.9095784525707));
#7814=CARTESIAN_POINT('Ctrl Pts',(-4.22370706669301,-5.33884844442255,-29.0659321413459));
#7815=CARTESIAN_POINT('Ctrl Pts',(-4.94081632653108,-4.56223180334934,-29.1441089857335));
#7816=CARTESIAN_POINT('Ctrl Pts',(5.16122448979671,-4.76575143769957,-28.6357521193883));
#7817=CARTESIAN_POINT('Ctrl Pts',(4.03757559380507,-5.98264331209503,-28.7530173859697));
#7818=CARTESIAN_POINT('Ctrl Pts',(1.4226175536014,-7.30823390288774,-28.9484594969387));
#7819=CARTESIAN_POINT('Ctrl Pts',(-2.52674038029376,-6.83504619268127,-29.2220784522953));
#7820=CARTESIAN_POINT('Ctrl Pts',(-4.41212522580216,-5.57701268729664,-29.3784321410705));
#7821=CARTESIAN_POINT('Ctrl Pts',(-5.16122448979661,-4.76575143769967,-29.4566089854581));
#7822=CARTESIAN_POINT('Ctrl Pts',(4.50000000000011,-4.15519253464855,-27.6982521202145));
#7823=CARTESIAN_POINT('Ctrl Pts',(3.52030612271213,-5.21618367068718,-27.8155173867959));
#7824=CARTESIAN_POINT('Ctrl Pts',(1.24035580569646,-6.37193665085752,-28.010959497765));
#7825=CARTESIAN_POINT('Ctrl Pts',(-2.20303158187194,-5.95937560172372,-28.2845784531216));
#7826=CARTESIAN_POINT('Ctrl Pts',(-3.84687074847473,-4.86251995867435,-28.4409321418968));
#7827=CARTESIAN_POINT('Ctrl Pts',(-4.50000000000005,-4.15519253464861,-28.5191089862844));
#7828=CARTESIAN_POINT('Ctrl Pts',(4.50000000000012,-4.15519253464857,-30.8232521202145));
#7829=CARTESIAN_POINT('Ctrl Pts',(3.52030612271216,-5.21618367068718,-30.9405173867959));
#7830=CARTESIAN_POINT('Ctrl Pts',(1.24035555673972,-6.37193606429618,-31.1359594977649));
#7831=CARTESIAN_POINT('Ctrl Pts',(-2.20303167285324,-5.95937526688304,-31.4095784531216));
#7832=CARTESIAN_POINT('Ctrl Pts',(-3.84687074847467,-4.86251995867442,-31.5659321418968));
#7833=CARTESIAN_POINT('Ctrl Pts',(-4.50000000000001,-4.15519253464869,-31.6441089862844));
#7834=CARTESIAN_POINT('Ctrl Pts',(4.72040816326565,-4.3587121689989,-31.1357521199391));
#7835=CARTESIAN_POINT('Ctrl Pts',(3.69272927974313,-5.47167021782313,-31.2530173865205));
#7836=CARTESIAN_POINT('Ctrl Pts',(1.30110766564131,-6.68403089193549,-31.4484594974895));
#7837=CARTESIAN_POINT('Ctrl Pts',(-2.3109352649931,-6.25126303505719,-31.7220784528461));
#7838=CARTESIAN_POINT('Ctrl Pts',(-4.03528890758382,-5.1006842015485,-31.8784321416213));
#7839=CARTESIAN_POINT('Ctrl Pts',(-4.72040816326553,-4.35871216899903,-31.956608986009));
#7840=CARTESIAN_POINT('Ctrl Pts',(4.94081632653118,-4.56223180334923,-31.4482521196637));
#7841=CARTESIAN_POINT('Ctrl Pts',(3.8651524367741,-5.72715676495908,-31.5655173862451));
#7842=CARTESIAN_POINT('Ctrl Pts',(1.36185977454291,-6.99612571957479,-31.7609594972141));
#7843=CARTESIAN_POINT('Ctrl Pts',(-2.41883885713295,-6.54315080323134,-32.0345784525707));
#7844=CARTESIAN_POINT('Ctrl Pts',(-4.22370706669297,-5.33884844442259,-32.1909321413459));
#7845=CARTESIAN_POINT('Ctrl Pts',(-4.94081632653105,-4.56223180334937,-32.2691089857335));
#7846=CARTESIAN_POINT('Ctrl Pts',(5.16122448979671,-4.76575143769957,-31.7607521193883));
#7847=CARTESIAN_POINT('Ctrl Pts',(4.03757559380507,-5.98264331209503,-31.8780173859697));
#7848=CARTESIAN_POINT('Ctrl Pts',(1.4226118834445,-7.30822054721409,-32.0734594969387));
#7849=CARTESIAN_POINT('Ctrl Pts',(-2.52674244927281,-6.83503857140549,-32.3470784522953));
#7850=CARTESIAN_POINT('Ctrl Pts',(-4.41212522580212,-5.57701268729667,-32.5034321410705));
#7851=CARTESIAN_POINT('Ctrl Pts',(-5.16122448979658,-4.76575143769971,-32.5816089854581));
#7852=CARTESIAN_POINT('Ctrl Pts',(4.50000000000005,-4.15519253464862,-30.8232521202145));
#7853=CARTESIAN_POINT('Ctrl Pts',(3.84687074847473,-4.86251995867435,-30.9014289646021));
#7854=CARTESIAN_POINT('Ctrl Pts',(2.20303336588525,-5.95936904169253,-31.0577826533774));
#7855=CARTESIAN_POINT('Ctrl Pts',(-1.24035093136425,-6.37192516347449,-31.331401608734));
#7856=CARTESIAN_POINT('Ctrl Pts',(-3.52030612271215,-5.21618367068716,-31.526843719703));
#7857=CARTESIAN_POINT('Ctrl Pts',(-4.50000000000011,-4.15519253464855,-31.6441089862844));
#7858=CARTESIAN_POINT('Ctrl Pts',(4.49999999283505,-4.15519254240821,-33.9482521210721));
#7859=CARTESIAN_POINT('Ctrl Pts',(3.52030611474111,-5.21618367564897,-34.065517387531));
#7860=CARTESIAN_POINT('Ctrl Pts',(1.24035126260433,-6.37192596105335,-34.2609594982958));
#7861=CARTESIAN_POINT('Ctrl Pts',(-2.20303324470964,-5.95936949548147,-34.5345784533666));
#7862=CARTESIAN_POINT('Ctrl Pts',(-3.84687074915695,-4.8625199579355,-34.6909321419784));
#7863=CARTESIAN_POINT('Ctrl Pts',(-4.49999999999991,-4.15519253464879,-34.7691089862844));
#7864=CARTESIAN_POINT('Ctrl Pts',(4.72040815574963,-4.35871217713861,-34.2607521207967));
#7865=CARTESIAN_POINT('Ctrl Pts',(3.69272927138167,-5.47167022302795,-34.3780173872556));
#7866=CARTESIAN_POINT('Ctrl Pts',(1.30110316118093,-6.68402029383994,-34.5734594980204));
#7867=CARTESIAN_POINT('Ctrl Pts',(-2.31093691383838,-6.25125698097473,-34.8470784530912));
#7868=CARTESIAN_POINT('Ctrl Pts',(-4.03528890829952,-5.10068420077339,-35.003432141703));
#7869=CARTESIAN_POINT('Ctrl Pts',(-4.72040816326543,-4.35871216899913,-35.081608986009));
#7870=CARTESIAN_POINT('Ctrl Pts',(4.94081631866422,-4.56223181186901,-34.5732521205213));
#7871=CARTESIAN_POINT('Ctrl Pts',(3.86515242802222,-5.72715677040692,-34.6905173869802));
#7872=CARTESIAN_POINT('Ctrl Pts',(1.36185505975753,-6.99611462662654,-34.885959497745));
#7873=CARTESIAN_POINT('Ctrl Pts',(-2.41884058296713,-6.54314446646798,-35.1595784528158));
#7874=CARTESIAN_POINT('Ctrl Pts',(-4.22370706744208,-5.33884844361128,-35.3159321414276));
#7875=CARTESIAN_POINT('Ctrl Pts',(-4.94081632653095,-4.56223180334948,-35.3941089857335));
#7876=CARTESIAN_POINT('Ctrl Pts',(5.16122448157881,-4.76575144659941,-34.8857521202459));
#7877=CARTESIAN_POINT('Ctrl Pts',(4.03757558466277,-5.9826433177859,-35.0030173867048));
#7878=CARTESIAN_POINT('Ctrl Pts',(1.42260695833413,-7.30820895941313,-35.1984594974696));
#7879=CARTESIAN_POINT('Ctrl Pts',(-2.52674425209587,-6.83503195196124,-35.4720784525403));
#7880=CARTESIAN_POINT('Ctrl Pts',(-4.41212522658465,-5.57701268644917,-35.6284321411522));
#7881=CARTESIAN_POINT('Ctrl Pts',(-5.16122448979647,-4.76575143769982,-35.7066089854581));
#7882=CARTESIAN_POINT('Ctrl Pts',(4.49999998501616,-4.1551925508759,-33.948252122008));
#7883=CARTESIAN_POINT('Ctrl Pts',(3.84687073590395,-4.86251996706215,-34.0264289657978));
#7884=CARTESIAN_POINT('Ctrl Pts',(2.20303489736489,-5.95936339308832,-34.1827826539752));
#7885=CARTESIAN_POINT('Ctrl Pts',(-1.24034673880135,-6.37191527763981,-34.4564016087339));
#7886=CARTESIAN_POINT('Ctrl Pts',(-3.52030612271189,-5.21618367068734,-34.651843719703));
#7887=CARTESIAN_POINT('Ctrl Pts',(-4.4999999999999,-4.15519253464878,-34.7691089862844));
#7888=CARTESIAN_POINT('Ctrl Pts',(4.50000000000012,-4.15519253464856,-37.0732521202145));
#7889=CARTESIAN_POINT('Ctrl Pts',(3.52030612271216,-5.21618367068718,-37.1905173867959));
#7890=CARTESIAN_POINT('Ctrl Pts',(1.24034751604776,-6.37191711070515,-37.3859594977649));
#7891=CARTESIAN_POINT('Ctrl Pts',(-2.20303461926249,-5.95936444002039,-37.6595784531216));
#7892=CARTESIAN_POINT('Ctrl Pts',(-3.84687074847467,-4.86251995867442,-37.8159321418968));
#7893=CARTESIAN_POINT('Ctrl Pts',(-4.5,-4.15519253464869,-37.8941089862844));
#7894=CARTESIAN_POINT('Ctrl Pts',(4.72040816326565,-4.3587121689989,-37.3857521199391));
#7895=CARTESIAN_POINT('Ctrl Pts',(3.69272927974313,-5.47167021782313,-37.5030173865205));
#7896=CARTESIAN_POINT('Ctrl Pts',(1.30109923111955,-6.6840110100053,-37.6984594974895));
#7897=CARTESIAN_POINT('Ctrl Pts',(-2.31093835571627,-6.25125167789923,-37.9720784528461));
#7898=CARTESIAN_POINT('Ctrl Pts',(-4.03528890758382,-5.1006842015485,-38.1284321416213));
#7899=CARTESIAN_POINT('Ctrl Pts',(-4.72040816326553,-4.35871216899903,-38.206608986009));
#7900=CARTESIAN_POINT('Ctrl Pts',(4.94081632653118,-4.56223180334923,-37.6982521196637));
#7901=CARTESIAN_POINT('Ctrl Pts',(3.8651524367741,-5.72715676495908,-37.8155173862451));
#7902=CARTESIAN_POINT('Ctrl Pts',(1.36185094619134,-6.99610490930545,-38.0109594972141));
#7903=CARTESIAN_POINT('Ctrl Pts',(-2.41884209217005,-6.54313891577807,-38.2845784525707));
#7904=CARTESIAN_POINT('Ctrl Pts',(-4.22370706669297,-5.33884844442259,-38.4409321413459));
#7905=CARTESIAN_POINT('Ctrl Pts',(-4.94081632653105,-4.56223180334938,-38.5191089857335));
#7906=CARTESIAN_POINT('Ctrl Pts',(5.16122448979671,-4.76575143769957,-38.0107521193883));
#7907=CARTESIAN_POINT('Ctrl Pts',(4.03757559380507,-5.98264331209503,-38.1280173859697));
#7908=CARTESIAN_POINT('Ctrl Pts',(1.42260266126313,-7.3081988086056,-38.3234594969387));
#7909=CARTESIAN_POINT('Ctrl Pts',(-2.52674582862383,-6.83502615365691,-38.5970784522953));
#7910=CARTESIAN_POINT('Ctrl Pts',(-4.41212522580212,-5.57701268729667,-38.7534321410705));
#7911=CARTESIAN_POINT('Ctrl Pts',(-5.16122448979657,-4.76575143769972,-38.8316089854581));
#7912=CARTESIAN_POINT('Ctrl Pts',(4.50000000000011,-4.15519253464855,-37.0732521202145));
#7913=CARTESIAN_POINT('Ctrl Pts',(3.52030612271215,-5.21618367068716,-37.1905173867959));
#7914=CARTESIAN_POINT('Ctrl Pts',(1.24034309430766,-6.37190668024117,-37.385959497765));
#7915=CARTESIAN_POINT('Ctrl Pts',(-2.2030362460885,-5.95935847595208,-37.6595784531216));
#7916=CARTESIAN_POINT('Ctrl Pts',(-3.84687074847466,-4.86251995867441,-37.8159321418968));
#7917=CARTESIAN_POINT('Ctrl Pts',(-4.49999999999999,-4.15519253464868,-37.8941089862844));
#7918=CARTESIAN_POINT('Ctrl Pts',(4.50000000000004,-4.15519253464866,-40.1982521202145));
#7919=CARTESIAN_POINT('Ctrl Pts',(3.84687074847472,-4.86251995867438,-40.2764289646021));
#7920=CARTESIAN_POINT('Ctrl Pts',(2.20303583790205,-5.95935997147849,-40.4327826533773));
#7921=CARTESIAN_POINT('Ctrl Pts',(-1.24034420258568,-6.37190929506182,-40.7064016087339));
#7922=CARTESIAN_POINT('Ctrl Pts',(-3.52030612271198,-5.21618367068729,-40.901843719703));
#7923=CARTESIAN_POINT('Ctrl Pts',(-4.49999999999997,-4.15519253464873,-41.0191089862844));
#7924=CARTESIAN_POINT('Ctrl Pts',(4.72040816326556,-4.358712168999,-40.5107521199391));
#7925=CARTESIAN_POINT('Ctrl Pts',(4.03528890758387,-5.10068420154846,-40.5889289643267));
#7926=CARTESIAN_POINT('Ctrl Pts',(2.31093963404429,-6.25124699048997,-40.7452826531019));
#7927=CARTESIAN_POINT('Ctrl Pts',(-1.30109575536546,-6.68400281155495,-41.0189016084585));
#7928=CARTESIAN_POINT('Ctrl Pts',(-3.69272927974295,-5.47167021782325,-41.2143437194275));
#7929=CARTESIAN_POINT('Ctrl Pts',(-4.72040816326549,-4.35871216899907,-41.3316089860089));
#7930=CARTESIAN_POINT('Ctrl Pts',(4.94081632653108,-4.56223180334934,-40.8232521196637));
#7931=CARTESIAN_POINT('Ctrl Pts',(4.22370706669302,-5.33884844442254,-40.9014289640513));
#7932=CARTESIAN_POINT('Ctrl Pts',(2.41884343018654,-6.54313400950144,-41.0577826528265));
#7933=CARTESIAN_POINT('Ctrl Pts',(-1.36184730814521,-6.99609632804808,-41.3314016081831));
#7934=CARTESIAN_POINT('Ctrl Pts',(-3.8651524367739,-5.7271567649592,-41.5268437191521));
#7935=CARTESIAN_POINT('Ctrl Pts',(-4.94081632653101,-4.56223180334941,-41.6441089857335));
#7936=CARTESIAN_POINT('Ctrl Pts',(5.16122448979661,-4.76575143769968,-41.1357521193883));
#7937=CARTESIAN_POINT('Ctrl Pts',(4.41212522580218,-5.57701268729662,-41.2139289637759));
#7938=CARTESIAN_POINT('Ctrl Pts',(2.52674722632879,-6.83502102851292,-41.3702826525511));
#7939=CARTESIAN_POINT('Ctrl Pts',(-1.42259886092498,-7.30818984454121,-41.6439016079077));
#7940=CARTESIAN_POINT('Ctrl Pts',(-4.03757559380487,-5.98264331209516,-41.8393437188767));
#7941=CARTESIAN_POINT('Ctrl Pts',(-5.16122448979654,-4.76575143769975,-41.9566089854581));
#7942=CARTESIAN_POINT('Ctrl Pts',(4.50000000000026,-4.15519253464839,-40.1982521202145));
#7943=CARTESIAN_POINT('Ctrl Pts',(3.52030612271232,-5.21618367068705,-40.3155173867959));
#7944=CARTESIAN_POINT('Ctrl Pts',(1.24033989699949,-6.37189913479592,-40.5109594977649));
#7945=CARTESIAN_POINT('Ctrl Pts',(-2.20303742530276,-5.95935415893578,-40.7845784531216));
#7946=CARTESIAN_POINT('Ctrl Pts',(-3.84687074847461,-4.86251995867445,-40.9409321418968));
#7947=CARTESIAN_POINT('Ctrl Pts',(-4.49999999999996,-4.15519253464871,-41.0191089862844));
#7948=CARTESIAN_POINT('Ctrl Pts',(4.50000000000007,-4.15519253464863,-43.3232521202145));
#7949=CARTESIAN_POINT('Ctrl Pts',(3.84687075041103,-4.8625199565774,-43.4014289643704));
#7950=CARTESIAN_POINT('Ctrl Pts',(2.20303693160606,-5.95935598997729,-43.5577826526821));
#7951=CARTESIAN_POINT('Ctrl Pts',(-1.24034123651352,-6.37190234384541,-43.8314016072275));
#7952=CARTESIAN_POINT('Ctrl Pts',(-3.52030610009427,-5.21618368476627,-44.0268437176171));
#7953=CARTESIAN_POINT('Ctrl Pts',(-4.49999997966913,-4.15519255666667,-44.1441089838508));
#7954=CARTESIAN_POINT('Ctrl Pts',(4.72040816326559,-4.35871216899896,-43.6357521199391));
#7955=CARTESIAN_POINT('Ctrl Pts',(4.03528890961502,-5.10068419934877,-43.7139289640949));
#7956=CARTESIAN_POINT('Ctrl Pts',(2.31094078131748,-6.25124281397647,-43.8702826524066));
#7957=CARTESIAN_POINT('Ctrl Pts',(-1.30109264401629,-6.6839955198708,-44.143901606952));
#7958=CARTESIAN_POINT('Ctrl Pts',(-3.69272925601743,-5.47167023259181,-44.3393437173416));
#7959=CARTESIAN_POINT('Ctrl Pts',(-4.72040814193886,-4.35871219209544,-44.4566089835754));
#7960=CARTESIAN_POINT('Ctrl Pts',(4.94081632653112,-4.5622318033493,-43.9482521196637));
#7961=CARTESIAN_POINT('Ctrl Pts',(4.22370706881902,-5.33884844212014,-44.0264289638195));
#7962=CARTESIAN_POINT('Ctrl Pts',(2.4188446310289,-6.54312963797564,-44.1827826521312));
#7963=CARTESIAN_POINT('Ctrl Pts',(-1.36184405151905,-6.99608869589618,-44.4564016066766));
#7964=CARTESIAN_POINT('Ctrl Pts',(-3.86515241194058,-5.72715678041734,-44.6518437170662));
#7965=CARTESIAN_POINT('Ctrl Pts',(-4.94081630420858,-4.56223182752421,-44.7691089833));
#7966=CARTESIAN_POINT('Ctrl Pts',(5.16122448979664,-4.76575143769964,-44.2607521193883));
#7967=CARTESIAN_POINT('Ctrl Pts',(4.41212522802301,-5.57701268489151,-44.3389289635441));
#7968=CARTESIAN_POINT('Ctrl Pts',(2.52674848074033,-6.83501646197482,-44.4952826518558));
#7969=CARTESIAN_POINT('Ctrl Pts',(-1.42259545902181,-7.30818187192157,-44.7689016064012));
#7970=CARTESIAN_POINT('Ctrl Pts',(-4.03757556786374,-5.98264332824288,-44.9643437167908));
#7971=CARTESIAN_POINT('Ctrl Pts',(-5.16122446647831,-4.76575146295298,-45.0816089830246));
#7972=CARTESIAN_POINT('Ctrl Pts',(4.50000000000005,-4.15519253464861,-43.3232521202145));
#7973=CARTESIAN_POINT('Ctrl Pts',(3.84687074847474,-4.86251995867434,-43.4014289646021));
#7974=CARTESIAN_POINT('Ctrl Pts',(2.20303847019629,-5.95935033788255,-43.5577826533773));
#7975=CARTESIAN_POINT('Ctrl Pts',(-1.24033704703308,-6.3718924566884,-43.8314016069627));
#7976=CARTESIAN_POINT('Ctrl Pts',(-3.52030608138724,-5.21618369163464,-44.0268437161606));
#7977=CARTESIAN_POINT('Ctrl Pts',(-4.49999995560725,-4.15519258272523,-44.1441089809708));
#7978=CARTESIAN_POINT('Ctrl Pts',(4.49999999439553,-4.15519254071823,-46.4482521208853));
#7979=CARTESIAN_POINT('Ctrl Pts',(3.52030611647715,-5.21618367456832,-46.5655173873709));
#7980=CARTESIAN_POINT('Ctrl Pts',(1.24033861319859,-6.37189611744047,-46.7609594981802));
#7981=CARTESIAN_POINT('Ctrl Pts',(-2.20303789963472,-5.95935243055265,-47.0345784533132));
#7982=CARTESIAN_POINT('Ctrl Pts',(-3.84687074900841,-4.86251995809638,-47.1909321419606));
#7983=CARTESIAN_POINT('Ctrl Pts',(-4.49999999999997,-4.15519253464873,-47.2691089862843));
#7984=CARTESIAN_POINT('Ctrl Pts',(4.72040815738655,-4.35871217536586,-46.7607521206099));
#7985=CARTESIAN_POINT('Ctrl Pts',(3.69272927320274,-5.47167022189436,-46.8780173870955));
#7986=CARTESIAN_POINT('Ctrl Pts',(1.30108989221246,-6.68398898849908,-47.0734594979048));
#7987=CARTESIAN_POINT('Ctrl Pts',(-2.3109417967598,-6.25123908021266,-47.3470784530378));
#7988=CARTESIAN_POINT('Ctrl Pts',(-4.0352889081437,-5.10068420094215,-47.5034321416852));
#7989=CARTESIAN_POINT('Ctrl Pts',(-4.72040816326549,-4.35871216899907,-47.5816089860089));
#7990=CARTESIAN_POINT('Ctrl Pts',(4.94081632037757,-4.56223181001348,-47.0732521203345));
#7991=CARTESIAN_POINT('Ctrl Pts',(3.86515242992832,-5.72715676922041,-47.1905173868201));
#7992=CARTESIAN_POINT('Ctrl Pts',(1.36184117122633,-6.9960818595577,-47.3859594976294));
#7993=CARTESIAN_POINT('Ctrl Pts',(-2.41884569388487,-6.54312572987267,-47.6595784527624));
#7994=CARTESIAN_POINT('Ctrl Pts',(-4.22370706727899,-5.33884844378792,-47.8159321414098));
#7995=CARTESIAN_POINT('Ctrl Pts',(-4.94081632653101,-4.56223180334941,-47.8941089857335));
#7996=CARTESIAN_POINT('Ctrl Pts',(5.16122448336859,-4.76575144466111,-47.3857521200591));
#7997=CARTESIAN_POINT('Ctrl Pts',(4.0375755866539,-5.98264331654646,-47.5030173865447));
#7998=CARTESIAN_POINT('Ctrl Pts',(1.4225924502402,-7.30817473061631,-47.698459497354));
#7999=CARTESIAN_POINT('Ctrl Pts',(-2.52674959100994,-6.83501237953268,-47.972078452487));
#8000=CARTESIAN_POINT('Ctrl Pts',(-4.41212522641429,-5.57701268663369,-48.1284321411344));
#8001=CARTESIAN_POINT('Ctrl Pts',(-5.16122448979654,-4.76575143769976,-48.2066089854581));
#8002=CARTESIAN_POINT('Ctrl Pts',(4.49999998827937,-4.15519254734191,-46.4482521216174));
#8003=CARTESIAN_POINT('Ctrl Pts',(3.52030611180137,-5.21618367621779,-46.5655173877312));
#8004=CARTESIAN_POINT('Ctrl Pts',(1.2403345447943,-6.37188651095242,-46.7609594982326));
#8005=CARTESIAN_POINT('Ctrl Pts',(-2.20303940247521,-5.95934693197083,-47.0345784531216));
#8006=CARTESIAN_POINT('Ctrl Pts',(-3.84687074847482,-4.86251995867429,-47.1909321418968));
#8007=CARTESIAN_POINT('Ctrl Pts',(-4.49999999665068,-4.15519253827592,-47.2691089858835));
#8008=CARTESIAN_POINT('Ctrl Pts',(4.50000000000024,-4.15519253464843,-49.5732521202145));
#8009=CARTESIAN_POINT('Ctrl Pts',(3.31157681451748,-5.44223381855496,-49.7155014134763));
#8010=CARTESIAN_POINT('Ctrl Pts',(1.54992461337559,-6.17917337733176,-49.8577507067382));
#8011=CARTESIAN_POINT('Ctrl Pts',(-0.200938630805996,-6.12170308546977,
-50.));
#8012=CARTESIAN_POINT('Ctrl Pts',(4.59315819582446,-4.241212587944,-49.7053340528348));
#8013=CARTESIAN_POINT('Ctrl Pts',(3.38013248593386,-5.55489797050831,-49.8475833460967));
#8014=CARTESIAN_POINT('Ctrl Pts',(1.58201087574128,-6.30709352033558,-49.9898326393585));
#8015=CARTESIAN_POINT('Ctrl Pts',(-0.205098426432057,-6.24843348876174,
-50.1320819326203));
#8016=CARTESIAN_POINT('Ctrl Pts',(4.68631639164867,-4.32723264123957,-49.8374159854551));
#8017=CARTESIAN_POINT('Ctrl Pts',(3.44868815735025,-5.66756212246166,-49.979665278717));
#8018=CARTESIAN_POINT('Ctrl Pts',(1.61409713810697,-6.43501366333941,-50.1219145719788));
#8019=CARTESIAN_POINT('Ctrl Pts',(-0.209258222058118,-6.3751638920537,-50.2641638652407));
#8020=CARTESIAN_POINT('Ctrl Pts',(4.77947458747289,-4.41325269453514,-49.9694979180755));
#8021=CARTESIAN_POINT('Ctrl Pts',(3.51724382876663,-5.78022627441501,-50.1117472113373));
#8022=CARTESIAN_POINT('Ctrl Pts',(1.64618340047266,-6.56293380634323,-50.2539965045992));
#8023=CARTESIAN_POINT('Ctrl Pts',(-0.213418017684179,-6.50189429534567,
-50.396245797861));
#8024=CARTESIAN_POINT('Ctrl Pts',(4.49999999999994,-4.15519253464874,-49.5732521202145));
#8025=CARTESIAN_POINT('Ctrl Pts',(3.84687074847461,-4.86251995867444,-49.6514289646021));
#8026=CARTESIAN_POINT('Ctrl Pts',(2.35124163842336,-5.86045847596854,-49.7936864097015));
#8027=CARTESIAN_POINT('Ctrl Pts',(0.587556696396348,-6.14557442247026,-49.9359438548009));
#8028=CARTESIAN_POINT('Ctrl Pts',(-0.20088761104147,-6.1201226012009,-50.0000244555127));
#8029=CARTESIAN_POINT('Ctrl Pts',(4.23686754796701,-4.42318645107622,0.396245538182298));
#8030=CARTESIAN_POINT('Ctrl Pts',(3.56744900607107,-5.06440692132707,0.320973678800963));
#8031=CARTESIAN_POINT('Ctrl Pts',(1.93433171970997,-6.03437536153313,0.170429960038292));
#8032=CARTESIAN_POINT('Ctrl Pts',(-1.38592646314943,-6.31431241246039,-0.0930215477963812));
#8033=CARTESIAN_POINT('Ctrl Pts',(-3.55671070341956,-5.17675814989577,-0.28120119624972));
#8034=CARTESIAN_POINT('Ctrl Pts',(-4.4999999919578,-4.15519254335826,-0.394108985321723));
#8035=CARTESIAN_POINT('Ctrl Pts',(4.44438759113295,-4.63983231806792,0.0837455384577111));
#8036=CARTESIAN_POINT('Ctrl Pts',(3.74218120228697,-5.31245950522905,0.00847367907637587));
#8037=CARTESIAN_POINT('Ctrl Pts',(2.0290744978183,-6.32993660373096,-0.142070039686295));
#8038=CARTESIAN_POINT('Ctrl Pts',(-1.45380857563029,-6.62358485715263,-0.405521547520968));
#8039=CARTESIAN_POINT('Ctrl Pts',(-3.73091694195457,-5.43031365111541,-0.593701195974307));
#8040=CARTESIAN_POINT('Ctrl Pts',(-4.72040815482942,-4.35871217813519,-0.70660898504631));
#8041=CARTESIAN_POINT('Ctrl Pts',(4.65190763429888,-4.85647818505962,-0.228754461266876));
#8042=CARTESIAN_POINT('Ctrl Pts',(3.91691339850287,-5.56051208913103,-0.304026320648211));
#8043=CARTESIAN_POINT('Ctrl Pts',(2.12381727592664,-6.62549784592879,-0.454570039410882));
#8044=CARTESIAN_POINT('Ctrl Pts',(-1.52169068811114,-6.93285730184487,-0.718021547245556));
#8045=CARTESIAN_POINT('Ctrl Pts',(-3.90512318048958,-5.68386915233504,-0.906201195698894));
#8046=CARTESIAN_POINT('Ctrl Pts',(-4.94081631770104,-4.56223181291212,-1.0191089847709));
#8047=CARTESIAN_POINT('Ctrl Pts',(4.85942767746482,-5.07312405205132,-0.541254460991463));
#8048=CARTESIAN_POINT('Ctrl Pts',(4.09164559471877,-5.80856467303301,-0.616526320372799));
#8049=CARTESIAN_POINT('Ctrl Pts',(2.21856005403498,-6.92105908812662,-0.767070039135469));
#8050=CARTESIAN_POINT('Ctrl Pts',(-1.589572800592,-7.24212974653712,-1.03052154697014));
#8051=CARTESIAN_POINT('Ctrl Pts',(-4.07932941902459,-5.93742465355468,-1.21870119542348));
#8052=CARTESIAN_POINT('Ctrl Pts',(-5.16122448057266,-4.76575144768905,-1.33160898449548));
#8053=CARTESIAN_POINT('',(-0.200938630805886,-6.12170308546975,-3.46944695195361E-17));
#8054=CARTESIAN_POINT('Ctrl Pts',(-0.200743736817726,-6.12048110328225,
-2.77555756156289E-16));
#8055=CARTESIAN_POINT('Ctrl Pts',(-0.0327247682373221,-6.139018275939,-2.24997800369856E-16));
#8056=CARTESIAN_POINT('Ctrl Pts',(0.135786536270363,-6.15051686876417,-1.26207774625691E-16));
#8057=CARTESIAN_POINT('Ctrl Pts',(0.304325938369722,-6.15511716431639,-1.31838984174237E-16));
#8058=CARTESIAN_POINT('Ctrl Pts',(0.476682291476294,-6.15982164383108,-1.375977250341E-16));
#8059=CARTESIAN_POINT('Ctrl Pts',(0.649068662120548,-6.15731203589396,-4.04688780874733E-16));
#8060=CARTESIAN_POINT('Ctrl Pts',(0.821010774394089,-6.14768893711857,-2.91433543964104E-16));
#8061=CARTESIAN_POINT('Ctrl Pts',(0.993987035438385,-6.13800796005124,-1.77497131496865E-16));
#8062=CARTESIAN_POINT('Ctrl Pts',(1.16651442584605,-6.12112774705861,-6.83092139514257E-17));
#8063=CARTESIAN_POINT('Ctrl Pts',(1.338121714421,-6.09709929518569,-2.77555756156289E-17));
#8064=CARTESIAN_POINT('Ctrl Pts',(1.50913384065957,-6.07315417794077,1.26574160242082E-17));
#8065=CARTESIAN_POINT('Ctrl Pts',(1.67923300579467,-6.04211032746517,0.));
#8066=CARTESIAN_POINT('Ctrl Pts',(1.84795300328411,-6.00396674626279,0.));
#8067=CARTESIAN_POINT('Ctrl Pts',(1.87139395611465,-5.9986673039853,0.));
#8068=CARTESIAN_POINT('Ctrl Pts',(1.89480827676505,-5.99323073632314,1.35302086238391E-16));
#8069=CARTESIAN_POINT('Ctrl Pts',(1.91819470204858,-5.98765696142395,1.38777878078145E-16));
#8070=CARTESIAN_POINT('Ctrl Pts',(1.97427970410702,-5.97429001145596,1.47754673744648E-16));
#8071=CARTESIAN_POINT('Ctrl Pts',(2.03020428341349,-5.96013398403924,9.94807080341541E-17));
#8072=CARTESIAN_POINT('Ctrl Pts',(2.0859547708628,-5.94519518073525,1.11022302462516E-16));
#8073=CARTESIAN_POINT('Ctrl Pts',(2.11377863016695,-5.93773954796289,1.1678246195551E-16));
#8074=CARTESIAN_POINT('Ctrl Pts',(2.14155912419563,-5.93008893240942,1.63013356225833E-16));
#8075=CARTESIAN_POINT('Ctrl Pts',(2.16929453635282,-5.92224406047124,1.66533453693773E-16));
#8076=CARTESIAN_POINT('Ctrl Pts',(2.19005455176659,-5.91637215702042,1.69168254189193E-16));
#8077=CARTESIAN_POINT('Ctrl Pts',(2.2107890957744,-5.91039142874674,5.69483151378503E-17));
#8078=CARTESIAN_POINT('Ctrl Pts',(2.23148371962392,-5.90430636313744,5.55111512312578E-17));
#8079=CARTESIAN_POINT('Ctrl Pts',(2.39813028568454,-5.85530545858284,4.39381730683624E-17));
#8080=CARTESIAN_POINT('Ctrl Pts',(2.56241426169528,-5.79947984640642,-2.23939964235846E-17));
#8081=CARTESIAN_POINT('Ctrl Pts',(2.72398415095765,-5.73712851433487,2.77555756156289E-17));
#8082=CARTESIAN_POINT('Ctrl Pts',(2.88875563241659,-5.67354165787745,7.88988877584888E-17));
#8083=CARTESIAN_POINT('Ctrl Pts',(3.05070503712481,-5.60316782625388,1.61701418905964E-17));
#8084=CARTESIAN_POINT('Ctrl Pts',(3.2094591726794,-5.52626997419196,5.55111512312578E-17));
#8085=CARTESIAN_POINT('Ctrl Pts',(3.36882682281971,-5.44907494591044,9.50041961895297E-17));
#8086=CARTESIAN_POINT('Ctrl Pts',(3.52497513779405,-5.36530515624415,2.65707842668808E-16));
#8087=CARTESIAN_POINT('Ctrl Pts',(3.67751622220521,-5.27517498765202,2.77555756156289E-16));
#8088=CARTESIAN_POINT('Ctrl Pts',(3.82902951947838,-5.18565209563971,2.8932384109698E-16));
#8089=CARTESIAN_POINT('Ctrl Pts',(3.97698468344827,-5.08985394978582,3.03053273527787E-16));
#8090=CARTESIAN_POINT('Ctrl Pts',(4.12098150317707,-4.98794376720726,2.77555756156289E-16));
#8091=CARTESIAN_POINT('Ctrl Pts',(4.21103363126666,-4.92421160400753,2.61610225521452E-16));
#8092=CARTESIAN_POINT('Ctrl Pts',(4.29953723851548,-4.85808814091584,2.24497763484237E-16));
#8093=CARTESIAN_POINT('Ctrl Pts',(4.38638866469487,-4.78960464905055,2.22044604925031E-16));
#8094=CARTESIAN_POINT('Ctrl Pts',(4.42462413171976,-4.75945548040528,2.33924861894842E-16));
#8095=CARTESIAN_POINT('Ctrl Pts',(4.46249699380728,-4.72888219581225,9.52979708927775E-13));
#8096=CARTESIAN_POINT('Ctrl Pts',(4.49999999999925,-4.69789031743284,1.42946765535612E-12));
#8097=CARTESIAN_POINT('Ctrl Pts',(-0.200938630805887,-6.12170308546975,
0.));
#8098=CARTESIAN_POINT('Ctrl Pts',(-1.81789085785303,-6.06862828552518,-0.131369661394162));
#8099=CARTESIAN_POINT('Ctrl Pts',(-3.40247078824225,-5.34379724256373,-0.262739322788324));
#8100=CARTESIAN_POINT('Ctrl Pts',(-4.49999998243988,-4.15519255366597,-0.394108984182486));
#8101=CARTESIAN_POINT('Ctrl Pts',(-4.5,4.1551925346487,-1.1357521202145));
#8102=CARTESIAN_POINT('Ctrl Pts',(-3.52030612271202,5.21618367068727,-1.25301738679591));
#8103=CARTESIAN_POINT('Ctrl Pts',(-1.24049012095056,6.37225053017055,-1.44845949776492));
#8104=CARTESIAN_POINT('Ctrl Pts',(2.20298474299962,5.95955276109473,-1.72207845312153));
#8105=CARTESIAN_POINT('Ctrl Pts',(3.84687074847469,4.8625199586744,-1.87843214189674));
#8106=CARTESIAN_POINT('Ctrl Pts',(4.50000000000001,4.15519253464869,-1.95660898628434));
#8107=CARTESIAN_POINT('Ctrl Pts',(-4.72040816326552,4.35871216899904,-1.44825211993909));
#8108=CARTESIAN_POINT('Ctrl Pts',(-3.69272927974298,5.47167021782322,-1.5655173865205));
#8109=CARTESIAN_POINT('Ctrl Pts',(-1.30124882075228,6.68436076022002,-1.76095949748951));
#8110=CARTESIAN_POINT('Ctrl Pts',(2.3108860365344,6.25144922286292,-2.03457845284612));
#8111=CARTESIAN_POINT('Ctrl Pts',(4.03528890758384,5.10068420154849,-2.19093214162133));
#8112=CARTESIAN_POINT('Ctrl Pts',(4.72040816326553,4.35871216899903,-2.26910898600893));
#8113=CARTESIAN_POINT('Ctrl Pts',(-4.94081632653105,4.56223180334938,-1.76075211966368));
#8114=CARTESIAN_POINT('Ctrl Pts',(-3.86515243677395,5.72715676495917,-1.87801738624509));
#8115=CARTESIAN_POINT('Ctrl Pts',(-1.362007520554,6.9964709902695,-2.07345949721409));
#8116=CARTESIAN_POINT('Ctrl Pts',(2.41878733006919,6.54334568463111,-2.34707845257071));
#8117=CARTESIAN_POINT('Ctrl Pts',(4.22370706669299,5.33884844442257,-2.50343214134591));
#8118=CARTESIAN_POINT('Ctrl Pts',(4.94081632653105,4.56223180334937,-2.58160898573352));
#8119=CARTESIAN_POINT('Ctrl Pts',(-5.16122448979657,4.76575143769972,-2.07325211938827));
#8120=CARTESIAN_POINT('Ctrl Pts',(-4.03757559380491,5.98264331209513,-2.19051738596967));
#8121=CARTESIAN_POINT('Ctrl Pts',(-1.42276622035572,7.30858122031898,-2.38595949693868));
#8122=CARTESIAN_POINT('Ctrl Pts',(2.52668862360397,6.8352421463993,-2.6595784522953));
#8123=CARTESIAN_POINT('Ctrl Pts',(4.41212522580214,5.57701268729665,-2.8159321410705));
#8124=CARTESIAN_POINT('Ctrl Pts',(5.16122448979658,4.76575143769971,-2.89410898545811));
#8125=CARTESIAN_POINT('Ctrl Pts',(-4.5,4.15519253464867,-1.13575212021452));
#8126=CARTESIAN_POINT('Ctrl Pts',(-3.52030612271202,5.21618367068724,-1.25301738679593));
#8127=CARTESIAN_POINT('Ctrl Pts',(-1.24050096060317,6.37227562686376,-1.44845949776494));
#8128=CARTESIAN_POINT('Ctrl Pts',(2.20298116719556,5.95956674101885,-1.72207845312155));
#8129=CARTESIAN_POINT('Ctrl Pts',(3.84687074847469,4.86251995867438,-1.87843214189676));
#8130=CARTESIAN_POINT('Ctrl Pts',(4.50000000000001,4.15519253464866,-1.95660898628436));
#8131=CARTESIAN_POINT('Ctrl Pts',(-4.49999998239881,4.15519255371047,-4.2607521223213));
#8132=CARTESIAN_POINT('Ctrl Pts',(-3.52030610378474,5.21618368216799,-4.37801738852348));
#8133=CARTESIAN_POINT('Ctrl Pts',(-1.24045426455557,6.3721672898752,-4.57345949886046));
#8134=CARTESIAN_POINT('Ctrl Pts',(2.2029967921603,5.95950618572619,-4.84707845333222));
#8135=CARTESIAN_POINT('Ctrl Pts',(3.84687074523156,4.86251996062369,-5.0034321416018));
#8136=CARTESIAN_POINT('Ctrl Pts',(4.49999999542374,4.1551925396047,-5.08160898573659));
#8137=CARTESIAN_POINT('Ctrl Pts',(-4.72040814480224,4.35871218899445,-4.57325212204589));
#8138=CARTESIAN_POINT('Ctrl Pts',(-3.69272925988865,5.47167022986627,-4.69051738824807));
#8139=CARTESIAN_POINT('Ctrl Pts',(-1.3012112081257,6.68427344284899,-4.88595949858505));
#8140=CARTESIAN_POINT('Ctrl Pts',(2.31089867585805,6.25140036625184,-5.15957845305681));
#8141=CARTESIAN_POINT('Ctrl Pts',(4.03528890418186,5.10068420359325,-5.31593214132639));
#8142=CARTESIAN_POINT('Ctrl Pts',(4.72040815846512,4.35871217419779,-5.39410898546118));
#8143=CARTESIAN_POINT('Ctrl Pts',(-4.94081630720566,4.56223182427843,-4.88575212177047));
#8144=CARTESIAN_POINT('Ctrl Pts',(-3.86515241599256,5.72715677756454,-5.00301738797266));
#8145=CARTESIAN_POINT('Ctrl Pts',(-1.36196815169583,6.99637959582278,-5.19845949830963));
#8146=CARTESIAN_POINT('Ctrl Pts',(2.41880055955581,6.54329454677749,-5.47207845278139));
#8147=CARTESIAN_POINT('Ctrl Pts',(4.22370706313217,5.33884844656281,-5.62843214105097));
#8148=CARTESIAN_POINT('Ctrl Pts',(4.9408163215065,4.56223180879087,-5.70660898518576));
#8149=CARTESIAN_POINT('Ctrl Pts',(-5.16122446960908,4.76575145956241,-5.19825212149506));
#8150=CARTESIAN_POINT('Ctrl Pts',(-4.03757557209647,5.98264332526282,-5.31551738769725));
#8151=CARTESIAN_POINT('Ctrl Pts',(-1.42272509526596,7.30848574879656,-5.51095949803422));
#8152=CARTESIAN_POINT('Ctrl Pts',(2.52670244325356,6.83518872730314,-5.78457845250598));
#8153=CARTESIAN_POINT('Ctrl Pts',(4.41212522208247,5.57701268953236,-5.94093214077556));
#8154=CARTESIAN_POINT('Ctrl Pts',(5.16122448454788,4.76575144338395,-6.01910898491035));
#8155=CARTESIAN_POINT('Ctrl Pts',(-4.49999996319186,4.15519257451123,-4.26075212462031));
#8156=CARTESIAN_POINT('Ctrl Pts',(-3.52030608844949,5.21618368805995,-4.37801738973312));
#8157=CARTESIAN_POINT('Ctrl Pts',(-1.24045713579401,6.37217397975384,-4.57345949923353));
#8158=CARTESIAN_POINT('Ctrl Pts',(2.20299580617622,5.95950994444663,-4.84707845272288));
#8159=CARTESIAN_POINT('Ctrl Pts',(3.84687074009142,4.8625199642687,-5.00343214109941));
#8160=CARTESIAN_POINT('Ctrl Pts',(4.49999999000772,4.15519254547013,-5.08160898508833));
#8161=CARTESIAN_POINT('Ctrl Pts',(-4.50000000000001,4.15519253464869,-7.38575212021451));
#8162=CARTESIAN_POINT('Ctrl Pts',(-3.84687074847469,4.8625199586744,-7.46392896460212));
#8163=CARTESIAN_POINT('Ctrl Pts',(-2.20300535762601,5.95947352475219,-7.62028265337732));
#8164=CARTESIAN_POINT('Ctrl Pts',(1.24042937806923,6.37210923254218,-7.89390160873394));
#8165=CARTESIAN_POINT('Ctrl Pts',(3.52030612271199,5.21618367068729,-8.08934371970295));
#8166=CARTESIAN_POINT('Ctrl Pts',(4.49999999999997,4.15519253464873,-8.20660898628435));
#8167=CARTESIAN_POINT('Ctrl Pts',(-4.72040816326553,4.35871216899903,-7.6982521199391));
#8168=CARTESIAN_POINT('Ctrl Pts',(-4.03528890758384,5.10068420154848,-7.7764289643267));
#8169=CARTESIAN_POINT('Ctrl Pts',(-2.31090766085678,6.25136610555667,-7.93278265310191));
#8170=CARTESIAN_POINT('Ctrl Pts',(1.30118510270942,6.68421254189149,-8.20640160845853));
#8171=CARTESIAN_POINT('Ctrl Pts',(3.69272927974295,5.47167021782325,-8.40184371942753));
#8172=CARTESIAN_POINT('Ctrl Pts',(4.72040816326549,4.35871216899907,-8.51910898600894));
#8173=CARTESIAN_POINT('Ctrl Pts',(-4.94081632653106,4.56223180334937,-8.01075211966369));
#8174=CARTESIAN_POINT('Ctrl Pts',(-4.223707066693,5.33884844442256,-8.08892896405129));
#8175=CARTESIAN_POINT('Ctrl Pts',(-2.41880996408754,6.54325868636114,-8.2452826528265));
#8176=CARTESIAN_POINT('Ctrl Pts',(1.3619408273496,6.99631585124081,-8.51890160818311));
#8177=CARTESIAN_POINT('Ctrl Pts',(3.86515243677391,5.7271567649592,-8.71434371915212));
#8178=CARTESIAN_POINT('Ctrl Pts',(4.94081632653101,4.56223180334942,-8.83160898573353));
#8179=CARTESIAN_POINT('Ctrl Pts',(-5.16122448979658,4.76575143769971,-8.32325211938828));
#8180=CARTESIAN_POINT('Ctrl Pts',(-4.41212522580215,5.57701268729665,-8.40142896377588));
#8181=CARTESIAN_POINT('Ctrl Pts',(-2.52671226731831,6.83515126716562,-8.55778265255108));
#8182=CARTESIAN_POINT('Ctrl Pts',(1.42269655198979,7.30841916059012,-8.8314016079077));
#8183=CARTESIAN_POINT('Ctrl Pts',(4.03757559380487,5.98264331209516,-9.02684371887671));
#8184=CARTESIAN_POINT('Ctrl Pts',(5.16122448979653,4.76575143769976,-9.14410898545811));
#8185=CARTESIAN_POINT('Ctrl Pts',(-4.50000000000001,4.15519253464866,-7.38575212021453));
#8186=CARTESIAN_POINT('Ctrl Pts',(-3.52030612271204,5.21618367068723,-7.50301738679594));
#8187=CARTESIAN_POINT('Ctrl Pts',(-1.24042848092175,6.37210713739768,-7.69845949776495));
#8188=CARTESIAN_POINT('Ctrl Pts',(2.20300566927416,5.95947234330842,-7.97207845312156));
#8189=CARTESIAN_POINT('Ctrl Pts',(3.84687074847468,4.86251995867439,-8.12843214189677));
#8190=CARTESIAN_POINT('Ctrl Pts',(4.5,4.15519253464867,-8.20660898628437));
#8191=CARTESIAN_POINT('Ctrl Pts',(-4.50000000000002,4.15519253464867,-10.5107521202145));
#8192=CARTESIAN_POINT('Ctrl Pts',(-3.52030612271205,5.21618367068724,-10.6280173867959));
#8193=CARTESIAN_POINT('Ctrl Pts',(-1.24041106975821,6.37206643003885,-10.8234594977649));
#8194=CARTESIAN_POINT('Ctrl Pts',(2.20301175792447,5.95944935192989,-11.0970784531215));
#8195=CARTESIAN_POINT('Ctrl Pts',(3.84687074847468,4.86251995867441,-11.2534321418968));
#8196=CARTESIAN_POINT('Ctrl Pts',(4.5,4.1551925346487,-11.3316089862844));
#8197=CARTESIAN_POINT('Ctrl Pts',(-4.72040816326555,4.35871216899901,-10.8232521199391));
#8198=CARTESIAN_POINT('Ctrl Pts',(-3.69272927974302,5.4716702178232,-10.9405173865205));
#8199=CARTESIAN_POINT('Ctrl Pts',(-1.30116589766479,6.68416764293902,-11.1359594974895));
#8200=CARTESIAN_POINT('Ctrl Pts',(2.31091437463925,6.25134074875939,-11.4095784528461));
#8201=CARTESIAN_POINT('Ctrl Pts',(4.03528890758382,5.1006842015485,-11.5659321416213));
#8202=CARTESIAN_POINT('Ctrl Pts',(4.72040816326552,4.35871216899904,-11.6441089860089));
#8203=CARTESIAN_POINT('Ctrl Pts',(-4.94081632653107,4.56223180334935,-11.1357521196637));
#8204=CARTESIAN_POINT('Ctrl Pts',(-3.86515243677398,5.72715676495915,-11.2530173862451));
#8205=CARTESIAN_POINT('Ctrl Pts',(-1.36192072557138,6.99626885583919,-11.4484594972141));
#8206=CARTESIAN_POINT('Ctrl Pts',(2.41881699135403,6.5432321455889,-11.7220784525707));
#8207=CARTESIAN_POINT('Ctrl Pts',(4.22370706669298,5.33884844442258,-11.8784321413459));
#8208=CARTESIAN_POINT('Ctrl Pts',(4.94081632653104,4.56223180334938,-11.9566089857335));
#8209=CARTESIAN_POINT('Ctrl Pts',(-5.1612244897966,4.76575143769969,-11.4482521193883));
#8210=CARTESIAN_POINT('Ctrl Pts',(-4.03757559380495,5.9826433120951,-11.5655173859697));
#8211=CARTESIAN_POINT('Ctrl Pts',(-1.42267555347796,7.30837006873936,-11.7609594969387));
#8212=CARTESIAN_POINT('Ctrl Pts',(2.5267196080688,6.83512354241841,-12.0345784522953));
#8213=CARTESIAN_POINT('Ctrl Pts',(4.41212522580213,5.57701268729666,-12.1909321410705));
#8214=CARTESIAN_POINT('Ctrl Pts',(5.16122448979656,4.76575143769972,-12.2691089854581));
#8215=CARTESIAN_POINT('Ctrl Pts',(-4.50000000000006,4.15519253464861,-10.5107521202145));
#8216=CARTESIAN_POINT('Ctrl Pts',(-3.52030612271209,5.2161836706872,-10.6280173867959));
#8217=CARTESIAN_POINT('Ctrl Pts',(-1.24040825046201,6.3720598302697,-10.8234594977649));
#8218=CARTESIAN_POINT('Ctrl Pts',(2.20301275101319,5.95944561789207,-11.0970784531216));
#8219=CARTESIAN_POINT('Ctrl Pts',(3.84687074847469,4.86251995867438,-11.2534321418968));
#8220=CARTESIAN_POINT('Ctrl Pts',(4.50000000000001,4.15519253464866,-11.3316089862844));
#8221=CARTESIAN_POINT('Ctrl Pts',(-4.50000000000007,4.15519253464862,-13.6357521202145));
#8222=CARTESIAN_POINT('Ctrl Pts',(-3.5203061227121,5.21618367068721,-13.7530173867959));
#8223=CARTESIAN_POINT('Ctrl Pts',(-1.24039704096613,6.37203356712775,-13.9484594977649));
#8224=CARTESIAN_POINT('Ctrl Pts',(2.20301671915322,5.95943074088987,-14.2220784531215));
#8225=CARTESIAN_POINT('Ctrl Pts',(3.8468707484747,4.86251995867439,-14.3784321418968));
#8226=CARTESIAN_POINT('Ctrl Pts',(4.50000000000002,4.15519253464867,-14.4566089862844));
#8227=CARTESIAN_POINT('Ctrl Pts',(-4.7204081632656,4.35871216899896,-13.9482521199391));
#8228=CARTESIAN_POINT('Ctrl Pts',(-3.69272927974307,5.47167021782317,-14.0655173865205));
#8229=CARTESIAN_POINT('Ctrl Pts',(-1.3011511817482,6.68413317041595,-14.2609594974895));
#8230=CARTESIAN_POINT('Ctrl Pts',(2.31091957886695,6.25132122615823,-14.5345784528461));
#8231=CARTESIAN_POINT('Ctrl Pts',(4.03528890758385,5.10068420154848,-14.6909321416213));
#8232=CARTESIAN_POINT('Ctrl Pts',(4.72040816326555,4.35871216899901,-14.769108986009));
#8233=CARTESIAN_POINT('Ctrl Pts',(-4.94081632653112,4.56223180334929,-14.2607521196637));
#8234=CARTESIAN_POINT('Ctrl Pts',(-3.86515243677404,5.72715676495912,-14.3780173862451));
#8235=CARTESIAN_POINT('Ctrl Pts',(-1.36190532253027,6.99623277370414,-14.5734594972141));
#8236=CARTESIAN_POINT('Ctrl Pts',(2.41882243858068,6.5432117114266,-14.8470784525707));
#8237=CARTESIAN_POINT('Ctrl Pts',(4.22370706669301,5.33884844442256,-15.0034321413459));
#8238=CARTESIAN_POINT('Ctrl Pts',(4.94081632653107,4.56223180334935,-15.0816089857335));
#8239=CARTESIAN_POINT('Ctrl Pts',(-5.16122448979665,4.76575143769963,-14.5732521193883));
#8240=CARTESIAN_POINT('Ctrl Pts',(-4.037575593805,5.98264331209507,-14.6905173859697));
#8241=CARTESIAN_POINT('Ctrl Pts',(-1.42265946331235,7.30833237699234,-14.8859594969387));
#8242=CARTESIAN_POINT('Ctrl Pts',(2.52672529829441,6.83510219669496,-15.1595784522953));
#8243=CARTESIAN_POINT('Ctrl Pts',(4.41212522580216,5.57701268729664,-15.3159321410705));
#8244=CARTESIAN_POINT('Ctrl Pts',(5.1612244897966,4.76575143769969,-15.3941089854581));
#8245=CARTESIAN_POINT('Ctrl Pts',(-4.50000000000006,4.15519253464861,-13.6357521202145));
#8246=CARTESIAN_POINT('Ctrl Pts',(-3.84687074847475,4.86251995867434,-13.7139289646021));
#8247=CARTESIAN_POINT('Ctrl Pts',(-2.20301808204016,5.95942564697118,-13.8702826533774));
#8248=CARTESIAN_POINT('Ctrl Pts',(1.2403932111827,6.37202458598223,-14.143901608734));
#8249=CARTESIAN_POINT('Ctrl Pts',(3.52030612271204,5.21618367068724,-14.339343719703));
#8250=CARTESIAN_POINT('Ctrl Pts',(4.50000000000001,4.15519253464866,-14.4566089862844));
#8251=CARTESIAN_POINT('Ctrl Pts',(-4.49999999999998,4.15519253464872,-16.7607521202145));
#8252=CARTESIAN_POINT('Ctrl Pts',(-3.520306122712,5.21618367068727,-16.8780173867959));
#8253=CARTESIAN_POINT('Ctrl Pts',(-1.24038594778615,6.37200754134066,-17.0734594977649));
#8254=CARTESIAN_POINT('Ctrl Pts',(2.20302067676775,5.95941597063,-17.3470784531216));
#8255=CARTESIAN_POINT('Ctrl Pts',(3.84687074847471,4.86251995867438,-17.5034321418968));
#8256=CARTESIAN_POINT('Ctrl Pts',(4.50000000000002,4.15519253464867,-17.5816089862844));
#8257=CARTESIAN_POINT('Ctrl Pts',(-4.72040816326551,4.35871216899906,-17.0732521199391));
#8258=CARTESIAN_POINT('Ctrl Pts',(-3.69272927974297,5.47167021782323,-17.1905173865205));
#8259=CARTESIAN_POINT('Ctrl Pts',(-1.3011395452288,6.68410586989643,-17.3859594974895));
#8260=CARTESIAN_POINT('Ctrl Pts',(2.31092373032382,6.25130573245706,-17.6595784528461));
#8261=CARTESIAN_POINT('Ctrl Pts',(4.03528890758387,5.10068420154846,-17.8159321416213));
#8262=CARTESIAN_POINT('Ctrl Pts',(4.72040816326555,4.35871216899901,-17.8941089860089));
#8263=CARTESIAN_POINT('Ctrl Pts',(-4.94081632653103,4.5622318033494,-17.3857521196637));
#8264=CARTESIAN_POINT('Ctrl Pts',(-3.86515243677393,5.72715676495918,-17.5030173862451));
#8265=CARTESIAN_POINT('Ctrl Pts',(-1.36189314267144,6.9962041984522,-17.6984594972141));
#8266=CARTESIAN_POINT('Ctrl Pts',(2.4188267838799,6.54319549428412,-17.9720784525707));
#8267=CARTESIAN_POINT('Ctrl Pts',(4.22370706669302,5.33884844442254,-18.1284321413459));
#8268=CARTESIAN_POINT('Ctrl Pts',(4.94081632653107,4.56223180334935,-18.2066089857335));
#8269=CARTESIAN_POINT('Ctrl Pts',(-5.16122448979655,4.76575143769974,-17.6982521193883));
#8270=CARTESIAN_POINT('Ctrl Pts',(-4.03757559380489,5.98264331209514,-17.8155173859697));
#8271=CARTESIAN_POINT('Ctrl Pts',(-1.42264674011409,7.30830252700797,-18.0109594969387));
#8272=CARTESIAN_POINT('Ctrl Pts',(2.52672983743598,6.83508525611118,-18.2845784522953));
#8273=CARTESIAN_POINT('Ctrl Pts',(4.41212522580217,5.57701268729662,-18.4409321410705));
#8274=CARTESIAN_POINT('Ctrl Pts',(5.1612244897966,4.76575143769969,-18.5191089854581));
#8275=CARTESIAN_POINT('Ctrl Pts',(-4.50000000000018,4.15519253464848,-16.7607521202145));
#8276=CARTESIAN_POINT('Ctrl Pts',(-3.84687074847487,4.86251995867424,-16.8389289646021));
#8277=CARTESIAN_POINT('Ctrl Pts',(-2.20302223913142,5.95941015772979,-16.9952826533773));
#8278=CARTESIAN_POINT('Ctrl Pts',(1.24038159167005,6.37199731193651,-17.268901608734));
#8279=CARTESIAN_POINT('Ctrl Pts',(3.52030612271202,5.21618367068726,-17.464343719703));
#8280=CARTESIAN_POINT('Ctrl Pts',(4.50000000000001,4.15519253464866,-17.5816089862844));
#8281=CARTESIAN_POINT('Ctrl Pts',(-4.50000000000004,4.15519253464865,-19.8857521202145));
#8282=CARTESIAN_POINT('Ctrl Pts',(-3.52030612271207,5.21618367068723,-20.0030173867959));
#8283=CARTESIAN_POINT('Ctrl Pts',(-1.24037695583542,6.37198641983051,-20.1984594977649));
#8284=CARTESIAN_POINT('Ctrl Pts',(2.20302390691094,5.9594039636534,-20.4720784531215));
#8285=CARTESIAN_POINT('Ctrl Pts',(3.84687074847467,4.86251995867442,-20.6284321418968));
#8286=CARTESIAN_POINT('Ctrl Pts',(4.49999999999999,4.1551925346487,-20.7066089862844));
#8287=CARTESIAN_POINT('Ctrl Pts',(-4.72040816326557,4.35871216899899,-20.1982521199391));
#8288=CARTESIAN_POINT('Ctrl Pts',(-3.69272927974304,5.47167021782318,-20.3155173865205));
#8289=CARTESIAN_POINT('Ctrl Pts',(-1.30113011285599,6.68408371386334,-20.5109594974895));
#8290=CARTESIAN_POINT('Ctrl Pts',(2.31092711867812,6.25129313738365,-20.7845784528461));
#8291=CARTESIAN_POINT('Ctrl Pts',(4.03528890758382,5.1006842015485,-20.9409321416213));
#8292=CARTESIAN_POINT('Ctrl Pts',(4.72040816326552,4.35871216899904,-21.019108986009));
#8293=CARTESIAN_POINT('Ctrl Pts',(-4.94081632653109,4.56223180334933,-20.5107521196637));
#8294=CARTESIAN_POINT('Ctrl Pts',(-3.86515243677401,5.72715676495913,-20.6280173862451));
#8295=CARTESIAN_POINT('Ctrl Pts',(-1.36188326987657,6.99618100789616,-20.8234594972141));
#8296=CARTESIAN_POINT('Ctrl Pts',(2.41883033044528,6.54318231111389,-21.0970784525707));
#8297=CARTESIAN_POINT('Ctrl Pts',(4.22370706669297,5.33884844442258,-21.2534321413459));
#8298=CARTESIAN_POINT('Ctrl Pts',(4.94081632653104,4.56223180334939,-21.3316089857335));
#8299=CARTESIAN_POINT('Ctrl Pts',(-5.16122448979662,4.76575143769966,-20.8232521193883));
#8300=CARTESIAN_POINT('Ctrl Pts',(-4.03757559380497,5.98264331209509,-20.9405173859697));
#8301=CARTESIAN_POINT('Ctrl Pts',(-1.42263642689714,7.30827830192898,-21.1359594969387));
#8302=CARTESIAN_POINT('Ctrl Pts',(2.52673354221246,6.83507148484415,-21.4095784522953));
#8303=CARTESIAN_POINT('Ctrl Pts',(4.41212522580212,5.57701268729667,-21.5659321410705));
#8304=CARTESIAN_POINT('Ctrl Pts',(5.16122448979656,4.76575143769973,-21.6441089854581));
#8305=CARTESIAN_POINT('Ctrl Pts',(-4.50000000000009,4.15519253464857,-19.8857521202145));
#8306=CARTESIAN_POINT('Ctrl Pts',(-3.52030612271213,5.21618367068718,-20.0030173867959));
#8307=CARTESIAN_POINT('Ctrl Pts',(-1.24037234433264,6.37197557894039,-20.1984594977649));
#8308=CARTESIAN_POINT('Ctrl Pts',(2.20302557112521,5.95939779402499,-20.4720784531216));
#8309=CARTESIAN_POINT('Ctrl Pts',(3.84687074847455,4.8625199586745,-20.6284321418968));
#8310=CARTESIAN_POINT('Ctrl Pts',(4.49999999999989,4.15519253464879,-20.7066089862844));
#8311=CARTESIAN_POINT('Ctrl Pts',(-4.50000000000004,4.15519253464865,-23.0107521202145));
#8312=CARTESIAN_POINT('Ctrl Pts',(-3.52030612271208,5.21618367068723,-23.1280173867959));
#8313=CARTESIAN_POINT('Ctrl Pts',(-1.24036951963603,6.37196893561896,-23.3234594977649));
#8314=CARTESIAN_POINT('Ctrl Pts',(2.20302659305738,5.95939401096867,-23.5970784531215));
#8315=CARTESIAN_POINT('Ctrl Pts',(3.84687074847467,4.86251995867442,-23.7534321418968));
#8316=CARTESIAN_POINT('Ctrl Pts',(4.49999999999999,4.1551925346487,-23.8316089862844));
#8317=CARTESIAN_POINT('Ctrl Pts',(-4.72040816326557,4.35871216899899,-23.3232521199391));
#8318=CARTESIAN_POINT('Ctrl Pts',(-3.69272927974304,5.47167021782318,-23.4405173865205));
#8319=CARTESIAN_POINT('Ctrl Pts',(-1.30112231243459,6.68406537328223,-23.6359594974895));
#8320=CARTESIAN_POINT('Ctrl Pts',(2.31092993639091,6.25128269722048,-23.9095784528461));
#8321=CARTESIAN_POINT('Ctrl Pts',(4.03528890758382,5.1006842015485,-24.0659321416213));
#8322=CARTESIAN_POINT('Ctrl Pts',(4.72040816326552,4.35871216899905,-24.1441089860089));
#8323=CARTESIAN_POINT('Ctrl Pts',(-4.94081632653109,4.56223180334933,-23.6357521196637));
#8324=CARTESIAN_POINT('Ctrl Pts',(-3.86515243677401,5.72715676495914,-23.7530173862451));
#8325=CARTESIAN_POINT('Ctrl Pts',(-1.36187510523314,6.99616181094551,-23.9484594972141));
#8326=CARTESIAN_POINT('Ctrl Pts',(2.41883327972444,6.5431713834723,-24.2220784525707));
#8327=CARTESIAN_POINT('Ctrl Pts',(4.22370706669297,5.33884844442258,-24.3784321413459));
#8328=CARTESIAN_POINT('Ctrl Pts',(4.94081632653104,4.56223180334939,-24.4566089857335));
#8329=CARTESIAN_POINT('Ctrl Pts',(-5.16122448979662,4.76575143769966,-23.9482521193883));
#8330=CARTESIAN_POINT('Ctrl Pts',(-4.03757559380497,5.98264331209509,-24.0655173859697));
#8331=CARTESIAN_POINT('Ctrl Pts',(-1.42262789803171,7.30825824860879,-24.2609594969387));
#8332=CARTESIAN_POINT('Ctrl Pts',(2.52673662305797,6.83506006972411,-24.5345784522953));
#8333=CARTESIAN_POINT('Ctrl Pts',(4.41212522580212,5.57701268729667,-24.6909321410705));
#8334=CARTESIAN_POINT('Ctrl Pts',(5.16122448979656,4.76575143769973,-24.7691089854581));
#8335=CARTESIAN_POINT('Ctrl Pts',(-4.50000000000009,4.15519253464857,-23.0107521202145));
#8336=CARTESIAN_POINT('Ctrl Pts',(-3.84687074847478,4.86251995867431,-23.0889289646021));
#8337=CARTESIAN_POINT('Ctrl Pts',(-2.20302830125607,5.95938769665096,-23.2452826533773));
#8338=CARTESIAN_POINT('Ctrl Pts',(1.24036480989436,6.37195785399728,-23.518901608734));
#8339=CARTESIAN_POINT('Ctrl Pts',(3.52030612271206,5.21618367068722,-23.714343719703));
#8340=CARTESIAN_POINT('Ctrl Pts',(4.50000000000004,4.15519253464863,-23.8316089862844));
#8341=CARTESIAN_POINT('Ctrl Pts',(-4.50000000000005,4.15519253464865,-26.1357521202145));
#8342=CARTESIAN_POINT('Ctrl Pts',(-3.52030612271208,5.21618367068723,-26.2530173867959));
#8343=CARTESIAN_POINT('Ctrl Pts',(-1.24036326751321,6.37195422357266,-26.4484594977649));
#8344=CARTESIAN_POINT('Ctrl Pts',(2.20302886183109,5.95938562698626,-26.7220784531215));
#8345=CARTESIAN_POINT('Ctrl Pts',(3.84687074847467,4.86251995867442,-26.8784321418968));
#8346=CARTESIAN_POINT('Ctrl Pts',(4.49999999999999,4.15519253464871,-26.9566089862844));
#8347=CARTESIAN_POINT('Ctrl Pts',(-4.72040816326557,4.35871216899899,-26.4482521199391));
#8348=CARTESIAN_POINT('Ctrl Pts',(-3.69272927974304,5.47167021782318,-26.5655173865205));
#8349=CARTESIAN_POINT('Ctrl Pts',(-1.30111575408534,6.68404994064591,-26.7609594974895));
#8350=CARTESIAN_POINT('Ctrl Pts',(2.31093231628823,6.25127390259404,-27.0345784528461));
#8351=CARTESIAN_POINT('Ctrl Pts',(4.03528890758382,5.1006842015485,-27.1909321416213));
#8352=CARTESIAN_POINT('Ctrl Pts',(4.72040816326551,4.35871216899905,-27.2691089860089));
#8353=CARTESIAN_POINT('Ctrl Pts',(-4.9408163265311,4.56223180334932,-26.7607521196637));
#8354=CARTESIAN_POINT('Ctrl Pts',(-3.86515243677401,5.72715676495913,-26.8780173862451));
#8355=CARTESIAN_POINT('Ctrl Pts',(-1.36186824065748,6.99614565771917,-27.0734594972141));
#8356=CARTESIAN_POINT('Ctrl Pts',(2.41883577074536,6.54316217820181,-27.3470784525707));
#8357=CARTESIAN_POINT('Ctrl Pts',(4.22370706669297,5.33884844442258,-27.5034321413459));
#8358=CARTESIAN_POINT('Ctrl Pts',(4.94081632653104,4.56223180334939,-27.5816089857335));
#8359=CARTESIAN_POINT('Ctrl Pts',(-5.16122448979662,4.76575143769966,-27.0732521193883));
#8360=CARTESIAN_POINT('Ctrl Pts',(-4.03757559380497,5.98264331209509,-27.1905173859697));
#8361=CARTESIAN_POINT('Ctrl Pts',(-1.42262072722961,7.30824137479242,-27.3859594969387));
#8362=CARTESIAN_POINT('Ctrl Pts',(2.5267392252025,6.83505045380959,-27.6595784522953));
#8363=CARTESIAN_POINT('Ctrl Pts',(4.41212522580212,5.57701268729667,-27.8159321410705));
#8364=CARTESIAN_POINT('Ctrl Pts',(5.16122448979656,4.76575143769973,-27.8941089854581));
#8365=CARTESIAN_POINT('Ctrl Pts',(-4.49999999999988,4.1551925346488,-26.1357521202145));
#8366=CARTESIAN_POINT('Ctrl Pts',(-3.84687074847455,4.86251995867449,-26.2139289646022));
#8367=CARTESIAN_POINT('Ctrl Pts',(-2.20303057895981,5.959379294854,-26.3702826533774));
#8368=CARTESIAN_POINT('Ctrl Pts',(1.24035855270478,6.37194312189166,-26.643901608734));
#8369=CARTESIAN_POINT('Ctrl Pts',(3.520306122712,5.21618367068726,-26.839343719703));
#8370=CARTESIAN_POINT('Ctrl Pts',(4.49999999999998,4.15519253464869,-26.9566089862844));
#8371=CARTESIAN_POINT('Ctrl Pts',(-4.49999999999999,4.15519253464871,-29.2607521202145));
#8372=CARTESIAN_POINT('Ctrl Pts',(-3.520306122712,5.21618367068728,-29.3780173867959));
#8373=CARTESIAN_POINT('Ctrl Pts',(-1.2403579374694,6.37194167278257,-29.5734594977649));
#8374=CARTESIAN_POINT('Ctrl Pts',(2.20303080342092,5.95937846796353,-29.8470784531216));
#8375=CARTESIAN_POINT('Ctrl Pts',(3.84687074847467,4.86251995867442,-30.0034321418968));
#8376=CARTESIAN_POINT('Ctrl Pts',(4.49999999999999,4.15519253464871,-30.0816089862844));
#8377=CARTESIAN_POINT('Ctrl Pts',(-4.72040816326551,4.35871216899905,-29.5732521199391));
#8378=CARTESIAN_POINT('Ctrl Pts',(-3.69272927974297,5.47167021782323,-29.6905173865205));
#8379=CARTESIAN_POINT('Ctrl Pts',(-1.30111016297817,6.68403677512325,-29.8859594974895));
#8380=CARTESIAN_POINT('Ctrl Pts',(2.31093435297634,6.25126639292529,-30.1595784528462));
#8381=CARTESIAN_POINT('Ctrl Pts',(4.03528890758382,5.1006842015485,-30.3159321416214));
#8382=CARTESIAN_POINT('Ctrl Pts',(4.72040816326551,4.35871216899905,-30.394108986009));
#8383=CARTESIAN_POINT('Ctrl Pts',(-4.94081632653103,4.56223180334939,-29.8857521196637));
#8384=CARTESIAN_POINT('Ctrl Pts',(-3.86515243677392,5.72715676495919,-30.0030173862451));
#8385=CARTESIAN_POINT('Ctrl Pts',(-1.36186238848694,6.99613187746393,-30.1984594972141));
#8386=CARTESIAN_POINT('Ctrl Pts',(2.41883790253176,6.54315431788706,-30.4720784525707));
#8387=CARTESIAN_POINT('Ctrl Pts',(4.22370706669297,5.33884844442258,-30.6284321413459));
#8388=CARTESIAN_POINT('Ctrl Pts',(4.94081632653103,4.56223180334939,-30.7066089857335));
#8389=CARTESIAN_POINT('Ctrl Pts',(-5.16122448979655,4.76575143769973,-30.1982521193883));
#8390=CARTESIAN_POINT('Ctrl Pts',(-4.03757559380489,5.98264331209514,-30.3155173859697));
#8391=CARTESIAN_POINT('Ctrl Pts',(-1.4226146139957,7.30822697980461,-30.5109594969387));
#8392=CARTESIAN_POINT('Ctrl Pts',(2.52674145208717,6.83504224284883,-30.7845784522953));
#8393=CARTESIAN_POINT('Ctrl Pts',(4.41212522580211,5.57701268729667,-30.9409321410705));
#8394=CARTESIAN_POINT('Ctrl Pts',(5.16122448979656,4.76575143769973,-31.0191089854581));
#8395=CARTESIAN_POINT('Ctrl Pts',(-4.50000000000018,4.15519253464847,-29.2607521202145));
#8396=CARTESIAN_POINT('Ctrl Pts',(-3.52030612271222,5.21618367068713,-29.3780173867959));
#8397=CARTESIAN_POINT('Ctrl Pts',(-1.24035327332027,6.37193068359393,-29.573459497765));
#8398=CARTESIAN_POINT('Ctrl Pts',(2.20303250801935,5.95937219466896,-29.8470784531216));
#8399=CARTESIAN_POINT('Ctrl Pts',(3.8468707484748,4.86251995867429,-30.0034321418968));
#8400=CARTESIAN_POINT('Ctrl Pts',(4.50000000000012,4.15519253464853,-30.0816089862844));
#8401=CARTESIAN_POINT('Ctrl Pts',(-4.50000000000011,4.15519253464858,-32.3857521202145));
#8402=CARTESIAN_POINT('Ctrl Pts',(-3.52030612271214,5.21618367068719,-32.5030173867959));
#8403=CARTESIAN_POINT('Ctrl Pts',(-1.24035333950291,6.37193083956816,-32.6984594977649));
#8404=CARTESIAN_POINT('Ctrl Pts',(2.20303248379531,5.95937228374123,-32.9720784531215));
#8405=CARTESIAN_POINT('Ctrl Pts',(3.84687074847462,4.86251995867446,-33.1284321418968));
#8406=CARTESIAN_POINT('Ctrl Pts',(4.49999999999996,4.15519253464874,-33.2066089862844));
#8407=CARTESIAN_POINT('Ctrl Pts',(-4.72040816326563,4.35871216899892,-32.6982521199391));
#8408=CARTESIAN_POINT('Ctrl Pts',(-3.69272927974311,5.47167021782314,-32.8155173865205));
#8409=CARTESIAN_POINT('Ctrl Pts',(-1.30110533980515,6.68402541130242,-33.0109594974895));
#8410=CARTESIAN_POINT('Ctrl Pts',(2.31093611565477,6.25125990580231,-33.2845784528461));
#8411=CARTESIAN_POINT('Ctrl Pts',(4.03528890758377,5.10068420154855,-33.4409321416213));
#8412=CARTESIAN_POINT('Ctrl Pts',(4.72040816326548,4.35871216899908,-33.519108986009));
#8413=CARTESIAN_POINT('Ctrl Pts',(-4.94081632653116,4.56223180334925,-33.0107521196637));
#8414=CARTESIAN_POINT('Ctrl Pts',(-3.86515243677408,5.72715676495909,-33.1280173862451));
#8415=CARTESIAN_POINT('Ctrl Pts',(-1.3618573401074,6.99611998303668,-33.3234594972141));
#8416=CARTESIAN_POINT('Ctrl Pts',(2.41883974751424,6.54314752786339,-33.5970784525707));
#8417=CARTESIAN_POINT('Ctrl Pts',(4.22370706669292,5.33884844442263,-33.7534321413459));
#8418=CARTESIAN_POINT('Ctrl Pts',(4.940816326531,4.56223180334942,-33.8316089857335));
#8419=CARTESIAN_POINT('Ctrl Pts',(-5.16122448979669,4.76575143769959,-33.3232521193883));
#8420=CARTESIAN_POINT('Ctrl Pts',(-4.03757559380505,5.98264331209504,-33.4405173859697));
#8421=CARTESIAN_POINT('Ctrl Pts',(-1.42260934040964,7.30821455477094,-33.6359594969387));
#8422=CARTESIAN_POINT('Ctrl Pts',(2.52674337937371,6.83503514992448,-33.9095784522953));
#8423=CARTESIAN_POINT('Ctrl Pts',(4.41212522580206,5.57701268729672,-34.0659321410705));
#8424=CARTESIAN_POINT('Ctrl Pts',(5.16122448979652,4.76575143769977,-34.1441089854581));
#8425=CARTESIAN_POINT('Ctrl Pts',(-4.50000000000009,4.15519253464857,-32.3857521202145));
#8426=CARTESIAN_POINT('Ctrl Pts',(-3.52030612271213,5.21618367068717,-32.5030173867959));
#8427=CARTESIAN_POINT('Ctrl Pts',(-1.24034875912659,6.37192004205339,-32.698459497765));
#8428=CARTESIAN_POINT('Ctrl Pts',(2.20303416274816,5.959366115397,-32.9720784531216));
#8429=CARTESIAN_POINT('Ctrl Pts',(3.84687074847461,4.86251995867445,-33.1284321418968));
#8430=CARTESIAN_POINT('Ctrl Pts',(4.49999999999995,4.15519253464873,-33.2066089862844));
#8431=CARTESIAN_POINT('Ctrl Pts',(-4.50000000000014,4.15519253464855,-35.5107521202145));
#8432=CARTESIAN_POINT('Ctrl Pts',(-3.52030612271219,5.21618367068715,-35.6280173867959));
#8433=CARTESIAN_POINT('Ctrl Pts',(-1.2403493324642,6.37192139391957,-35.8234594977649));
#8434=CARTESIAN_POINT('Ctrl Pts',(2.20303395231635,5.95936688792877,-36.0970784531215));
#8435=CARTESIAN_POINT('Ctrl Pts',(3.84687074847467,4.86251995867442,-36.2534321418968));
#8436=CARTESIAN_POINT('Ctrl Pts',(4.49999999999999,4.15519253464871,-36.3316089862844));
#8437=CARTESIAN_POINT('Ctrl Pts',(-4.72040816326567,4.35871216899888,-35.8232521199391));
#8438=CARTESIAN_POINT('Ctrl Pts',(-3.69272927974316,5.4716702178231,-35.9405173865205));
#8439=CARTESIAN_POINT('Ctrl Pts',(-1.30110113650333,6.68401550300982,-36.1359594974895));
#8440=CARTESIAN_POINT('Ctrl Pts',(2.31093765610338,6.25125424570516,-36.4095784528461));
#8441=CARTESIAN_POINT('Ctrl Pts',(4.03528890758381,5.10068420154851,-36.5659321416213));
#8442=CARTESIAN_POINT('Ctrl Pts',(4.72040816326551,4.35871216899905,-36.6441089860089));
#8443=CARTESIAN_POINT('Ctrl Pts',(-4.9408163265312,4.56223180334922,-36.1357521196637));
#8444=CARTESIAN_POINT('Ctrl Pts',(-3.86515243677413,5.72715676495905,-36.2530173862451));
#8445=CARTESIAN_POINT('Ctrl Pts',(-1.36185294054245,6.99610961210006,-36.4484594972141));
#8446=CARTESIAN_POINT('Ctrl Pts',(2.4188413598904,6.54314160348155,-36.7220784525707));
#8447=CARTESIAN_POINT('Ctrl Pts',(4.22370706669296,5.33884844442259,-36.8784321413459));
#8448=CARTESIAN_POINT('Ctrl Pts',(4.94081632653103,4.56223180334939,-36.9566089857335));
#8449=CARTESIAN_POINT('Ctrl Pts',(-5.16122448979673,4.76575143769955,-36.4482521193883));
#8450=CARTESIAN_POINT('Ctrl Pts',(-4.0375755938051,5.982643312095,-36.5655173859697));
#8451=CARTESIAN_POINT('Ctrl Pts',(-1.42260474458157,7.30820372119031,-36.7609594969387));
#8452=CARTESIAN_POINT('Ctrl Pts',(2.52674506367744,6.83502896125794,-37.0345784522953));
#8453=CARTESIAN_POINT('Ctrl Pts',(4.41212522580211,5.57701268729667,-37.1909321410705));
#8454=CARTESIAN_POINT('Ctrl Pts',(5.16122448979656,4.76575143769973,-37.2691089854581));
#8455=CARTESIAN_POINT('Ctrl Pts',(-4.50000000000012,4.15519253464854,-35.5107521202145));
#8456=CARTESIAN_POINT('Ctrl Pts',(-3.84687074847482,4.86251995867428,-35.5889289646021));
#8457=CARTESIAN_POINT('Ctrl Pts',(-2.20303559775258,5.95936085163171,-35.7452826533773));
#8458=CARTESIAN_POINT('Ctrl Pts',(1.24034485499029,6.37191083415966,-36.018901608734));
#8459=CARTESIAN_POINT('Ctrl Pts',(3.52030612271204,5.21618367068724,-36.214343719703));
#8460=CARTESIAN_POINT('Ctrl Pts',(4.50000000000003,4.15519253464863,-36.3316089862844));
#8461=CARTESIAN_POINT('Ctrl Pts',(-4.50000000000005,4.15519253464864,-38.6357521202145));
#8462=CARTESIAN_POINT('Ctrl Pts',(-3.52030612271208,5.21618367068723,-38.7530173867959));
#8463=CARTESIAN_POINT('Ctrl Pts',(-1.24034580930236,6.37191308528406,-38.948459497765));
#8464=CARTESIAN_POINT('Ctrl Pts',(2.20303524665233,5.95936213880406,-39.2220784531216));
#8465=CARTESIAN_POINT('Ctrl Pts',(3.84687074847463,4.86251995867445,-39.3784321418968));
#8466=CARTESIAN_POINT('Ctrl Pts',(4.49999999999996,4.15519253464874,-39.4566089862844));
#8467=CARTESIAN_POINT('Ctrl Pts',(-4.72040816326557,4.35871216899898,-38.9482521199391));
#8468=CARTESIAN_POINT('Ctrl Pts',(-3.69272927974305,5.47167021782318,-39.0655173865205));
#8469=CARTESIAN_POINT('Ctrl Pts',(-1.30109744077845,6.68400678742073,-39.2609594974895));
#8470=CARTESIAN_POINT('Ctrl Pts',(2.31093901383541,6.25124926397026,-39.5345784528461));
#8471=CARTESIAN_POINT('Ctrl Pts',(4.03528890758378,5.10068420154854,-39.6909321416213));
#8472=CARTESIAN_POINT('Ctrl Pts',(4.72040816326548,4.35871216899909,-39.769108986009));
#8473=CARTESIAN_POINT('Ctrl Pts',(-4.9408163265311,4.56223180334932,-39.2607521196637));
#8474=CARTESIAN_POINT('Ctrl Pts',(-3.86515243677401,5.72715676495913,-39.3780173862451));
#8475=CARTESIAN_POINT('Ctrl Pts',(-1.36184907225455,6.99610048955739,-39.5734594972141));
#8476=CARTESIAN_POINT('Ctrl Pts',(2.41884278101848,6.54313638913646,-39.8470784525707));
#8477=CARTESIAN_POINT('Ctrl Pts',(4.22370706669292,5.33884844442262,-40.0034321413459));
#8478=CARTESIAN_POINT('Ctrl Pts',(4.940816326531,4.56223180334943,-40.0816089857335));
#8479=CARTESIAN_POINT('Ctrl Pts',(-5.16122448979663,4.76575143769966,-39.5732521193883));
#8480=CARTESIAN_POINT('Ctrl Pts',(-4.03757559380498,5.98264331209508,-39.6905173859697));
#8481=CARTESIAN_POINT('Ctrl Pts',(-1.42260070373064,7.30819419169406,-39.8859594969387));
#8482=CARTESIAN_POINT('Ctrl Pts',(2.52674654820156,6.83502351430266,-40.1595784522953));
#8483=CARTESIAN_POINT('Ctrl Pts',(4.41212522580207,5.5770126872967,-40.3159321410705));
#8484=CARTESIAN_POINT('Ctrl Pts',(5.16122448979652,4.76575143769977,-40.3941089854581));
#8485=CARTESIAN_POINT('Ctrl Pts',(-4.50000000000003,4.15519253464863,-38.6357521202145));
#8486=CARTESIAN_POINT('Ctrl Pts',(-3.84687074847472,4.86251995867435,-38.7139289646021));
#8487=CARTESIAN_POINT('Ctrl Pts',(-2.20303685405361,5.9593562496034,-38.8702826533774));
#8488=CARTESIAN_POINT('Ctrl Pts',(1.24034144506245,6.37190278847249,-39.143901608734));
#8489=CARTESIAN_POINT('Ctrl Pts',(3.52030612271188,5.21618367068734,-39.339343719703));
#8490=CARTESIAN_POINT('Ctrl Pts',(4.49999999999988,4.15519253464879,-39.4566089862844));
#8491=CARTESIAN_POINT('Ctrl Pts',(-4.50000000000014,4.15519253464855,-41.7607521202145));
#8492=CARTESIAN_POINT('Ctrl Pts',(-3.84687074847484,4.86251995867428,-41.8389289646021));
#8493=CARTESIAN_POINT('Ctrl Pts',(-2.20303639604538,5.95935792668949,-41.9952826533773));
#8494=CARTESIAN_POINT('Ctrl Pts',(1.24034268735362,6.37190572000922,-42.268901608734));
#8495=CARTESIAN_POINT('Ctrl Pts',(3.52030612271208,5.21618367068723,-42.464343719703));
#8496=CARTESIAN_POINT('Ctrl Pts',(4.50000000000005,4.15519253464865,-42.5816089862844));
#8497=CARTESIAN_POINT('Ctrl Pts',(-4.72040816326567,4.35871216899888,-42.0732521199391));
#8498=CARTESIAN_POINT('Ctrl Pts',(-4.035288907584,5.10068420154836,-42.1514289643267));
#8499=CARTESIAN_POINT('Ctrl Pts',(-2.31094021952526,6.25124484554803,-42.3077826531019));
#8500=CARTESIAN_POINT('Ctrl Pts',(1.30109416591794,6.68399906139773,-42.5814016084585));
#8501=CARTESIAN_POINT('Ctrl Pts',(3.69272927974304,5.47167021782318,-42.7768437194275));
#8502=CARTESIAN_POINT('Ctrl Pts',(4.72040816326557,4.35871216899899,-42.8941089860089));
#8503=CARTESIAN_POINT('Ctrl Pts',(-4.9408163265312,4.56223180334921,-42.3857521196637));
#8504=CARTESIAN_POINT('Ctrl Pts',(-4.22370706669316,5.33884844442244,-42.4639289640513));
#8505=CARTESIAN_POINT('Ctrl Pts',(-2.41884404300514,6.54313176440658,-42.6202826528265));
#8506=CARTESIAN_POINT('Ctrl Pts',(1.36184564448226,6.99609240278625,-42.8939016081831));
#8507=CARTESIAN_POINT('Ctrl Pts',(3.86515243677401,5.72715676495914,-43.0893437191521));
#8508=CARTESIAN_POINT('Ctrl Pts',(4.9408163265311,4.56223180334932,-43.2066089857335));
#8509=CARTESIAN_POINT('Ctrl Pts',(-5.16122448979673,4.76575143769955,-42.6982521193883));
#8510=CARTESIAN_POINT('Ctrl Pts',(-4.41212522580231,5.57701268729651,-42.7764289637759));
#8511=CARTESIAN_POINT('Ctrl Pts',(-2.52674786648502,6.83501868326513,-42.9327826525511));
#8512=CARTESIAN_POINT('Ctrl Pts',(1.42259712304657,7.30818574417476,-43.2064016079077));
#8513=CARTESIAN_POINT('Ctrl Pts',(4.03757559380497,5.98264331209509,-43.4018437188767));
#8514=CARTESIAN_POINT('Ctrl Pts',(5.16122448979662,4.76575143769966,-43.5191089854581));
#8515=CARTESIAN_POINT('Ctrl Pts',(-4.49999999999989,4.15519253464879,-41.7607521202145));
#8516=CARTESIAN_POINT('Ctrl Pts',(-3.52030612271189,5.21618367068733,-41.8780173867959));
#8517=CARTESIAN_POINT('Ctrl Pts',(-1.24033844108266,6.37189569801032,-42.073459497765));
#8518=CARTESIAN_POINT('Ctrl Pts',(2.20303796306399,5.95935219191319,-42.3470784531216));
#8519=CARTESIAN_POINT('Ctrl Pts',(3.84687074847479,4.8625199586743,-42.5034321418968));
#8520=CARTESIAN_POINT('Ctrl Pts',(4.50000000000009,4.15519253464857,-42.5816089862844));
#8521=CARTESIAN_POINT('Ctrl Pts',(-4.50000000000017,4.15519253464851,-44.8857521202145));
#8522=CARTESIAN_POINT('Ctrl Pts',(-3.52030612271223,5.21618367068712,-45.0030173867959));
#8523=CARTESIAN_POINT('Ctrl Pts',(-1.24033990177068,6.37189914605791,-45.1984594977649));
#8524=CARTESIAN_POINT('Ctrl Pts',(2.20303742354128,5.9593541653808,-45.4720784531215));
#8525=CARTESIAN_POINT('Ctrl Pts',(3.84687074847463,4.86251995867445,-45.6284321418968));
#8526=CARTESIAN_POINT('Ctrl Pts',(4.49999999999996,4.15519253464874,-45.7066089862844));
#8527=CARTESIAN_POINT('Ctrl Pts',(-4.7204081632657,4.35871216899884,-45.1982521199391));
#8528=CARTESIAN_POINT('Ctrl Pts',(-3.69272927974321,5.47167021782307,-45.3155173865205));
#8529=CARTESIAN_POINT('Ctrl Pts',(-1.30109124389828,6.68399216545697,-45.5109594974895));
#8530=CARTESIAN_POINT('Ctrl Pts',(2.31094129734749,6.25124090001199,-45.7845784528461));
#8531=CARTESIAN_POINT('Ctrl Pts',(4.03528890758377,5.10068420154854,-45.9409321416213));
#8532=CARTESIAN_POINT('Ctrl Pts',(4.72040816326548,4.35871216899909,-46.0191089860089));
#8533=CARTESIAN_POINT('Ctrl Pts',(-4.94081632653123,4.56223180334918,-45.5107521196637));
#8534=CARTESIAN_POINT('Ctrl Pts',(-3.86515243677418,5.72715676495902,-45.6280173862451));
#8535=CARTESIAN_POINT('Ctrl Pts',(-1.36184258602589,6.99608518485603,-45.8234594972141));
#8536=CARTESIAN_POINT('Ctrl Pts',(2.41884517115371,6.54312763464317,-46.0970784525707));
#8537=CARTESIAN_POINT('Ctrl Pts',(4.22370706669292,5.33884844442262,-46.2534321413459));
#8538=CARTESIAN_POINT('Ctrl Pts',(4.940816326531,4.56223180334943,-46.3316089857335));
#8539=CARTESIAN_POINT('Ctrl Pts',(-5.16122448979676,4.76575143769951,-45.8232521193883));
#8540=CARTESIAN_POINT('Ctrl Pts',(-4.03757559380515,5.98264331209497,-45.9405173859697));
#8541=CARTESIAN_POINT('Ctrl Pts',(-1.42259392815349,7.30817820425509,-46.1359594969387));
#8542=CARTESIAN_POINT('Ctrl Pts',(2.52674904495991,6.83501436927436,-46.4095784522953));
#8543=CARTESIAN_POINT('Ctrl Pts',(4.41212522580207,5.5770126872967,-46.5659321410705));
#8544=CARTESIAN_POINT('Ctrl Pts',(5.16122448979652,4.76575143769977,-46.6441089854581));
#8545=CARTESIAN_POINT('Ctrl Pts',(-4.50000000000015,4.1551925346485,-44.8857521202145));
#8546=CARTESIAN_POINT('Ctrl Pts',(-3.52030612271222,5.21618367068711,-45.0030173867959));
#8547=CARTESIAN_POINT('Ctrl Pts',(-1.24033577462768,6.37188940218743,-45.1984594977649));
#8548=CARTESIAN_POINT('Ctrl Pts',(2.20303894924339,5.95934858738034,-45.4720784531215));
#8549=CARTESIAN_POINT('Ctrl Pts',(3.84687074847462,4.86251995867444,-45.6284321418968));
#8550=CARTESIAN_POINT('Ctrl Pts',(4.49999999999994,4.15519253464873,-45.7066089862844));
#8551=CARTESIAN_POINT('Ctrl Pts',(-4.49999999232604,4.15519254295946,-48.0107521211331));
#8552=CARTESIAN_POINT('Ctrl Pts',(-3.52030611417488,5.21618367600143,-48.1280173875832));
#8553=CARTESIAN_POINT('Ctrl Pts',(-1.24033739360859,6.37189324297885,-48.3234594983335));
#8554=CARTESIAN_POINT('Ctrl Pts',(2.20303835050034,5.9593507845423,-48.597078453384));
#8555=CARTESIAN_POINT('Ctrl Pts',(3.84687074920554,4.8625199578829,-48.7534321419842));
#8556=CARTESIAN_POINT('Ctrl Pts',(4.49999999999998,4.15519253464871,-48.8316089862843));
#8557=CARTESIAN_POINT('Ctrl Pts',(-4.72040815521569,4.35871217771686,-48.3232521208576));
#8558=CARTESIAN_POINT('Ctrl Pts',(-3.6927292707877,5.47167022339767,-48.4405173873078));
#8559=CARTESIAN_POINT('Ctrl Pts',(-1.30108861288743,6.6839859732475,-48.6359594980581));
#8560=CARTESIAN_POINT('Ctrl Pts',(2.31094226970863,6.25123735358139,-48.9095784531086));
#8561=CARTESIAN_POINT('Ctrl Pts',(4.03528890835048,5.10068420071821,-49.0659321417088));
#8562=CARTESIAN_POINT('Ctrl Pts',(4.72040816326551,4.35871216899906,-49.1441089860089));
#8563=CARTESIAN_POINT('Ctrl Pts',(-4.94081631810535,4.56223181247426,-48.6357521205822));
#8564=CARTESIAN_POINT('Ctrl Pts',(-3.86515242740051,5.72715677079391,-48.7530173870324));
#8565=CARTESIAN_POINT('Ctrl Pts',(-1.36183983216629,6.99607870351617,-48.9484594977827));
#8566=CARTESIAN_POINT('Ctrl Pts',(2.41884618891692,6.54312392262049,-49.2220784528331));
#8567=CARTESIAN_POINT('Ctrl Pts',(4.22370706749543,5.33884844355353,-49.3784321414334));
#8568=CARTESIAN_POINT('Ctrl Pts',(4.94081632653103,4.5622318033494,-49.4566089857335));
#8569=CARTESIAN_POINT('Ctrl Pts',(-5.161224480995,4.76575144723166,-48.9482521203068));
#8570=CARTESIAN_POINT('Ctrl Pts',(-4.03757558401333,5.98264331819015,-49.065517386757));
#8571=CARTESIAN_POINT('Ctrl Pts',(-1.42259105144513,7.30817143378483,-49.2609594975073));
#8572=CARTESIAN_POINT('Ctrl Pts',(2.5267501081252,6.83501049165958,-49.5345784525577));
#8573=CARTESIAN_POINT('Ctrl Pts',(4.41212522664037,5.57701268638885,-49.690932141158));
#8574=CARTESIAN_POINT('Ctrl Pts',(5.16122448979655,4.76575143769974,-49.7691089854581));
#8575=CARTESIAN_POINT('Ctrl Pts',(-4.49999998395172,4.15519255202867,-48.0107521221354));
#8576=CARTESIAN_POINT('Ctrl Pts',(-3.84687073501092,4.86251996765792,-48.0889289658827));
#8577=CARTESIAN_POINT('Ctrl Pts',(-2.20303982386445,5.95934536507636,-48.2452826540176));
#8578=CARTESIAN_POINT('Ctrl Pts',(1.24033339183358,6.37188377450492,-48.518901608734));
#8579=CARTESIAN_POINT('Ctrl Pts',(3.52030612271199,5.21618367068726,-48.714343719703));
#8580=CARTESIAN_POINT('Ctrl Pts',(4.49999999617384,4.15519253879233,-48.8316089858264));
#8581=CARTESIAN_POINT('Ctrl Pts',(-0.200938630805887,-6.12170308546975,
0.39410898628436));
#8582=CARTESIAN_POINT('Ctrl Pts',(-1.81789086647661,-6.06862828524212,0.262739324189573));
#8583=CARTESIAN_POINT('Ctrl Pts',(-3.40247080514411,-5.34379723483234,0.131369662094787));
#8584=CARTESIAN_POINT('Ctrl Pts',(-4.5,-4.15519253464867,0.));
#8585=CARTESIAN_POINT('Ctrl Pts',(-0.200938630805887,-6.12170308546975,
0.262739324189573));
#8586=CARTESIAN_POINT('Ctrl Pts',(-1.81789086647661,-6.06862828524212,0.131369662094787));
#8587=CARTESIAN_POINT('Ctrl Pts',(-3.40247080514411,-5.34379723483234,-5.20417042793042E-17));
#8588=CARTESIAN_POINT('Ctrl Pts',(-4.5,-4.15519253464867,-0.131369662094787));
#8589=CARTESIAN_POINT('Ctrl Pts',(-0.200938630805887,-6.12170308546975,
0.131369662094787));
#8590=CARTESIAN_POINT('Ctrl Pts',(-1.81789086647661,-6.06862828524212,-5.20417042793042E-17));
#8591=CARTESIAN_POINT('Ctrl Pts',(-3.40247080514411,-5.34379723483234,-0.131369662094787));
#8592=CARTESIAN_POINT('Ctrl Pts',(-4.5,-4.15519253464867,-0.262739324189573));
#8593=CARTESIAN_POINT('Ctrl Pts',(-0.200938630805887,-6.12170308546975,
0.));
#8594=CARTESIAN_POINT('Ctrl Pts',(-1.81789086647661,-6.06862828524212,-0.131369662094787));
#8595=CARTESIAN_POINT('Ctrl Pts',(-3.40247080514411,-5.34379723483234,-0.262739324189573));
#8596=CARTESIAN_POINT('Ctrl Pts',(-4.5,-4.15519253464867,-0.39410898628436));
#8597=CARTESIAN_POINT('Ctrl Pts',(-4.49999999999997,-4.1551925346487,1.52655665885958E-16));
#8598=CARTESIAN_POINT('Ctrl Pts',(-4.38478723232565,-4.27996592365804,1.16726427202329E-16));
#8599=CARTESIAN_POINT('Ctrl Pts',(-4.26435397249759,-4.39947634948271,9.0127903118482E-17));
#8600=CARTESIAN_POINT('Ctrl Pts',(-4.13914589748883,-4.51361236077538,-1.38777878078145E-17));
#8601=CARTESIAN_POINT('Ctrl Pts',(-4.00582442476283,-4.63514430762102,-1.24622976448473E-16));
#8602=CARTESIAN_POINT('Ctrl Pts',(-3.86708897057179,-4.75058354743389,2.98836576353162E-16));
#8603=CARTESIAN_POINT('Ctrl Pts',(-3.72343326862377,-4.85975088893944,3.33066907387547E-16));
#8604=CARTESIAN_POINT('Ctrl Pts',(-3.59773452941925,-4.9552723127568,3.63018447042634E-16));
#8605=CARTESIAN_POINT('Ctrl Pts',(-3.46826769999484,-5.04599128955202,6.8737775890628E-17));
#8606=CARTESIAN_POINT('Ctrl Pts',(-3.33534216720624,-5.13175549227885,1.11022302462516E-16));
#8607=CARTESIAN_POINT('Ctrl Pts',(-3.27257945922817,-5.17225029788761,1.30987551708066E-16));
#8608=CARTESIAN_POINT('Ctrl Pts',(-3.20904542556894,-5.21164003460566,3.85553874980876E-16));
#8609=CARTESIAN_POINT('Ctrl Pts',(-3.14477151860294,-5.24990612584434,4.16333634234434E-16));
#8610=CARTESIAN_POINT('Ctrl Pts',(-3.11188561301441,-5.26948506733272,4.32082175199674E-16));
#8611=CARTESIAN_POINT('Ctrl Pts',(-3.07880600745371,-5.28876982449154,-1.02420357750557E-16));
#8612=CARTESIAN_POINT('Ctrl Pts',(-3.04553686015084,-5.30775773516232,-8.32667268468867E-17));
#8613=CARTESIAN_POINT('Ctrl Pts',(-3.02634776911421,-5.31870964634717,-7.22192309869369E-17));
#8614=CARTESIAN_POINT('Ctrl Pts',(-3.00709477029926,-5.32956327393444,1.22069798322466E-16));
#8615=CARTESIAN_POINT('Ctrl Pts',(-2.98778128791061,-5.34031662504104,1.11022302462516E-16));
#8616=CARTESIAN_POINT('Ctrl Pts',(-2.83607805288269,-5.42478187669451,2.42466072674545E-17));
#8617=CARTESIAN_POINT('Ctrl Pts',(-2.68103917877239,-5.50284546356368,7.63120243844912E-17));
#8618=CARTESIAN_POINT('Ctrl Pts',(-2.52310191911728,-5.57435221490827,1.11022302462516E-16));
#8619=CARTESIAN_POINT('Ctrl Pts',(-2.36499334894197,-5.64593652780356,1.45770229894511E-16));
#8620=CARTESIAN_POINT('Ctrl Pts',(-2.20397942747486,-5.71095008551149,1.50404477998317E-16));
#8621=CARTESIAN_POINT('Ctrl Pts',(-2.04047497805888,-5.769190973222,3.60822483003176E-16));
#8622=CARTESIAN_POINT('Ctrl Pts',(-1.96666938967429,-5.79548079592022,4.55804758541044E-16));
#8623=CARTESIAN_POINT('Ctrl Pts',(-1.89235607029851,-5.82038996476027,5.11541661148419E-17));
#8624=CARTESIAN_POINT('Ctrl Pts',(-1.81757214744248,-5.84389656138623,5.55111512312578E-17));
#8625=CARTESIAN_POINT('Ctrl Pts',(-1.77475607649804,-5.85735480308261,5.80056577605216E-17));
#8626=CARTESIAN_POINT('Ctrl Pts',(-1.73178573649382,-5.87035325481508,-2.44129368664154E-16));
#8627=CARTESIAN_POINT('Ctrl Pts',(-1.68866803554444,-5.88288747954895,-2.77555756156289E-16));
#8628=CARTESIAN_POINT('Ctrl Pts',(-1.6549200484518,-5.89269794822472,-3.03718405574048E-16));
#8629=CARTESIAN_POINT('Ctrl Pts',(-1.62107821383942,-5.90222490159869,-1.20003510471597E-16));
#8630=CARTESIAN_POINT('Ctrl Pts',(-1.58717180337135,-5.91145931422593,-1.11022302462516E-16));
#8631=CARTESIAN_POINT('Ctrl Pts',(-1.41990755762231,-5.95701374012085,-6.67169642442795E-17));
#8632=CARTESIAN_POINT('Ctrl Pts',(-1.25095325585653,-5.99548940961589,2.528657097725E-16));
#8633=CARTESIAN_POINT('Ctrl Pts',(-1.08072301401605,-6.02669590215341,2.22044604925031E-16));
#8634=CARTESIAN_POINT('Ctrl Pts',(-0.913156467799994,-6.05741408781475,
1.91705776559311E-16));
#8635=CARTESIAN_POINT('Ctrl Pts',(-0.744352936356897,-6.08108896363716,
-1.77388489512529E-16));
#8636=CARTESIAN_POINT('Ctrl Pts',(-0.57469663818838,-6.09749018780774,-1.11022302462516E-16));
#8637=CARTESIAN_POINT('Ctrl Pts',(-0.450517772100188,-6.10949496123466,
-6.2445987032825E-17));
#8638=CARTESIAN_POINT('Ctrl Pts',(-0.325881784681993,-6.11760195447436,
5.55157890625036E-18));
#8639=CARTESIAN_POINT('Ctrl Pts',(-0.200938630805887,-6.12170308546975,
0.));
#8640=CARTESIAN_POINT('Ctrl Pts',(4.5,-4.15519253464867,-2.07325211839343));
#8641=CARTESIAN_POINT('Ctrl Pts',(3.52030612271202,-5.21618367068724,-2.19051738497483));
#8642=CARTESIAN_POINT('Ctrl Pts',(1.24047650346259,-6.37221895066523,-2.38595949594384));
#8643=CARTESIAN_POINT('Ctrl Pts',(-2.20298927994335,-5.95953512899909,-2.65957845130046));
#8644=CARTESIAN_POINT('Ctrl Pts',(-3.84687074847469,-4.86251995867438,-2.81593214007566));
#8645=CARTESIAN_POINT('Ctrl Pts',(-4.50000000000001,-4.15519253464866,-2.89410898446327));
#8646=CARTESIAN_POINT('Ctrl Pts',(4.5,-4.15519253464867,-2.28158545233379));
#8647=CARTESIAN_POINT('Ctrl Pts',(3.52030612271202,-5.21618367068724,-2.3988507189152));
#8648=CARTESIAN_POINT('Ctrl Pts',(1.24047650346259,-6.37221895066523,-2.59429282988421));
#8649=CARTESIAN_POINT('Ctrl Pts',(-2.20298927994335,-5.95953512899909,-2.86791178524082));
#8650=CARTESIAN_POINT('Ctrl Pts',(-3.84687074847469,-4.86251995867438,-3.02426547401603));
#8651=CARTESIAN_POINT('Ctrl Pts',(-4.50000000000001,-4.15519253464866,-3.10244231840363));
#8652=CARTESIAN_POINT('Ctrl Pts',(4.5,-4.15519253464867,-2.48991878627416));
#8653=CARTESIAN_POINT('Ctrl Pts',(3.52030612271202,-5.21618367068724,-2.60718405285556));
#8654=CARTESIAN_POINT('Ctrl Pts',(1.24047650346259,-6.37221895066523,-2.80262616382457));
#8655=CARTESIAN_POINT('Ctrl Pts',(-2.20298927994335,-5.95953512899909,-3.07624511918119));
#8656=CARTESIAN_POINT('Ctrl Pts',(-3.84687074847469,-4.86251995867438,-3.2325988079564));
#8657=CARTESIAN_POINT('Ctrl Pts',(-4.50000000000001,-4.15519253464866,-3.310775652344));
#8658=CARTESIAN_POINT('Ctrl Pts',(4.5,-4.15519253464867,-2.69825212021452));
#8659=CARTESIAN_POINT('Ctrl Pts',(3.52030612271202,-5.21618367068724,-2.81551738679593));
#8660=CARTESIAN_POINT('Ctrl Pts',(1.24047650346259,-6.37221895066523,-3.01095949776494));
#8661=CARTESIAN_POINT('Ctrl Pts',(-2.20298927994335,-5.95953512899909,-3.28457845312155));
#8662=CARTESIAN_POINT('Ctrl Pts',(-3.84687074847469,-4.86251995867438,-3.44093214189676));
#8663=CARTESIAN_POINT('Ctrl Pts',(-4.50000000000001,-4.15519253464866,-3.51910898628437));
#8664=CARTESIAN_POINT('Ctrl Pts',(4.49999999999999,-4.15519253464867,-5.19825211839343));
#8665=CARTESIAN_POINT('Ctrl Pts',(3.84687074847468,-4.86251995867439,-5.27642896278103));
#8666=CARTESIAN_POINT('Ctrl Pts',(2.20300117972146,-5.9594894078951,-5.43278265155624));
#8667=CARTESIAN_POINT('Ctrl Pts',(-1.24044146286455,-6.37213743161813,-5.70640160691286));
#8668=CARTESIAN_POINT('Ctrl Pts',(-3.52030612271204,-5.21618367068723,-5.90184371788187));
#8669=CARTESIAN_POINT('Ctrl Pts',(-4.50000000000001,-4.15519253464866,-6.01910898446327));
#8670=CARTESIAN_POINT('Ctrl Pts',(4.49999999999999,-4.15519253464867,-5.4065854523338));
#8671=CARTESIAN_POINT('Ctrl Pts',(3.84687074847468,-4.86251995867439,-5.4847622967214));
#8672=CARTESIAN_POINT('Ctrl Pts',(2.20300117972146,-5.9594894078951,-5.64111598549661));
#8673=CARTESIAN_POINT('Ctrl Pts',(-1.24044146286455,-6.37213743161813,-5.91473494085322));
#8674=CARTESIAN_POINT('Ctrl Pts',(-3.52030612271204,-5.21618367068723,-6.11017705182223));
#8675=CARTESIAN_POINT('Ctrl Pts',(-4.50000000000001,-4.15519253464866,-6.22744231840364));
#8676=CARTESIAN_POINT('Ctrl Pts',(4.49999999999999,-4.15519253464867,-5.61491878627416));
#8677=CARTESIAN_POINT('Ctrl Pts',(3.84687074847468,-4.86251995867439,-5.69309563066177));
#8678=CARTESIAN_POINT('Ctrl Pts',(2.20300117972146,-5.9594894078951,-5.84944931943698));
#8679=CARTESIAN_POINT('Ctrl Pts',(-1.24044146286455,-6.37213743161813,-6.12306827479359));
#8680=CARTESIAN_POINT('Ctrl Pts',(-3.52030612271204,-5.21618367068723,-6.3185103857626));
#8681=CARTESIAN_POINT('Ctrl Pts',(-4.50000000000001,-4.15519253464866,-6.435775652344));
#8682=CARTESIAN_POINT('Ctrl Pts',(4.49999999999999,-4.15519253464867,-5.82325212021453));
#8683=CARTESIAN_POINT('Ctrl Pts',(3.84687074847468,-4.86251995867439,-5.90142896460213));
#8684=CARTESIAN_POINT('Ctrl Pts',(2.20300117972146,-5.9594894078951,-6.05778265337734));
#8685=CARTESIAN_POINT('Ctrl Pts',(-1.24044146286455,-6.37213743161813,-6.33140160873395));
#8686=CARTESIAN_POINT('Ctrl Pts',(-3.52030612271204,-5.21618367068723,-6.52684371970297));
#8687=CARTESIAN_POINT('Ctrl Pts',(-4.50000000000001,-4.15519253464866,-6.64410898628437));
#8688=CARTESIAN_POINT('Ctrl Pts',(4.49999999999998,-4.15519253464869,-8.32325211839344));
#8689=CARTESIAN_POINT('Ctrl Pts',(3.520306122712,-5.21618367068725,-8.44051738497484));
#8690=CARTESIAN_POINT('Ctrl Pts',(1.24041756206219,-6.37208161934356,-8.63595949594385));
#8691=CARTESIAN_POINT('Ctrl Pts',(-2.20300947862183,-5.95945793891206,-8.90957845130046));
#8692=CARTESIAN_POINT('Ctrl Pts',(-3.84687074847468,-4.86251995867438,-9.06593214007567));
#8693=CARTESIAN_POINT('Ctrl Pts',(-4.5,-4.15519253464867,-9.14410898446327));
#8694=CARTESIAN_POINT('Ctrl Pts',(4.49999999999998,-4.15519253464869,-8.5315854523338));
#8695=CARTESIAN_POINT('Ctrl Pts',(3.52030612271201,-5.21618367068726,-8.64885071891521));
#8696=CARTESIAN_POINT('Ctrl Pts',(1.24041756206219,-6.37208161934356,-8.84429282988422));
#8697=CARTESIAN_POINT('Ctrl Pts',(-2.20300947862183,-5.95945793891206,-9.11791178524083));
#8698=CARTESIAN_POINT('Ctrl Pts',(-3.84687074847468,-4.86251995867438,-9.27426547401604));
#8699=CARTESIAN_POINT('Ctrl Pts',(-4.5,-4.15519253464867,-9.35244231840364));
#8700=CARTESIAN_POINT('Ctrl Pts',(4.49999999999998,-4.15519253464869,-8.73991878627417));
#8701=CARTESIAN_POINT('Ctrl Pts',(3.520306122712,-5.21618367068725,-8.85718405285557));
#8702=CARTESIAN_POINT('Ctrl Pts',(1.24041756206219,-6.37208161934356,-9.05262616382458));
#8703=CARTESIAN_POINT('Ctrl Pts',(-2.20300947862183,-5.95945793891206,-9.3262451191812));
#8704=CARTESIAN_POINT('Ctrl Pts',(-3.84687074847468,-4.86251995867438,-9.4825988079564));
#8705=CARTESIAN_POINT('Ctrl Pts',(-4.5,-4.15519253464867,-9.56077565234401));
#8706=CARTESIAN_POINT('Ctrl Pts',(4.49999999999998,-4.15519253464869,-8.94825212021453));
#8707=CARTESIAN_POINT('Ctrl Pts',(3.520306122712,-5.21618367068725,-9.06551738679594));
#8708=CARTESIAN_POINT('Ctrl Pts',(1.24041756206219,-6.37208161934356,-9.26095949776495));
#8709=CARTESIAN_POINT('Ctrl Pts',(-2.20300947862183,-5.95945793891206,-9.53457845312156));
#8710=CARTESIAN_POINT('Ctrl Pts',(-3.84687074847468,-4.86251995867438,-9.69093214189677));
#8711=CARTESIAN_POINT('Ctrl Pts',(-4.5,-4.15519253464867,-9.76910898628437));
#8712=CARTESIAN_POINT('Ctrl Pts',(4.49999999999998,-4.15519253464869,-11.4482521183934));
#8713=CARTESIAN_POINT('Ctrl Pts',(3.52030612271201,-5.21618367068725,-11.5655173849748));
#8714=CARTESIAN_POINT('Ctrl Pts',(1.2404002154237,-6.37204100832278,-11.7609594959439));
#8715=CARTESIAN_POINT('Ctrl Pts',(-2.20301559222792,-5.95943495889331,-12.0345784513005));
#8716=CARTESIAN_POINT('Ctrl Pts',(-3.84687074847468,-4.86251995867438,-12.1909321400757));
#8717=CARTESIAN_POINT('Ctrl Pts',(-4.5,-4.15519253464867,-12.2691089844633));
#8718=CARTESIAN_POINT('Ctrl Pts',(4.49999999999998,-4.15519253464869,-11.6565854523338));
#8719=CARTESIAN_POINT('Ctrl Pts',(3.52030612271201,-5.21618367068725,-11.7738507189152));
#8720=CARTESIAN_POINT('Ctrl Pts',(1.24040021542371,-6.37204100832278,-11.9692928298842));
#8721=CARTESIAN_POINT('Ctrl Pts',(-2.20301559222792,-5.95943495889331,-12.2429117852408));
#8722=CARTESIAN_POINT('Ctrl Pts',(-3.84687074847468,-4.86251995867438,-12.399265474016));
#8723=CARTESIAN_POINT('Ctrl Pts',(-4.5,-4.15519253464867,-12.4774423184036));
#8724=CARTESIAN_POINT('Ctrl Pts',(4.49999999999998,-4.15519253464869,-11.8649187862742));
#8725=CARTESIAN_POINT('Ctrl Pts',(3.520306122712,-5.21618367068726,-11.9821840528556));
#8726=CARTESIAN_POINT('Ctrl Pts',(1.2404002154237,-6.37204100832278,-12.1776261638246));
#8727=CARTESIAN_POINT('Ctrl Pts',(-2.20301559222792,-5.95943495889331,-12.4512451191812));
#8728=CARTESIAN_POINT('Ctrl Pts',(-3.84687074847468,-4.86251995867438,-12.6075988079564));
#8729=CARTESIAN_POINT('Ctrl Pts',(-4.5,-4.15519253464867,-12.685775652344));
#8730=CARTESIAN_POINT('Ctrl Pts',(4.49999999999998,-4.15519253464869,-12.0732521202145));
#8731=CARTESIAN_POINT('Ctrl Pts',(3.52030612271201,-5.21618367068725,-12.1905173867959));
#8732=CARTESIAN_POINT('Ctrl Pts',(1.2404002154237,-6.37204100832278,-12.3859594977649));
#8733=CARTESIAN_POINT('Ctrl Pts',(-2.20301559222792,-5.95943495889331,-12.6595784531216));
#8734=CARTESIAN_POINT('Ctrl Pts',(-3.84687074847468,-4.86251995867438,-12.8159321418968));
#8735=CARTESIAN_POINT('Ctrl Pts',(-4.5,-4.15519253464867,-12.8941089862844));
#8736=CARTESIAN_POINT('Ctrl Pts',(4.49999999999998,-4.15519253464869,-14.5732521183934));
#8737=CARTESIAN_POINT('Ctrl Pts',(3.52030612271201,-5.21618367068725,-14.6905173849748));
#8738=CARTESIAN_POINT('Ctrl Pts',(1.24038705127644,-6.37201013180375,-14.8859594959439));
#8739=CARTESIAN_POINT('Ctrl Pts',(-2.20302028172836,-5.95941744200528,-15.1595784513005));
#8740=CARTESIAN_POINT('Ctrl Pts',(-3.84687074847464,-4.86251995867441,-15.3159321400757));
#8741=CARTESIAN_POINT('Ctrl Pts',(-4.49999999999997,-4.15519253464871,-15.3941089844633));
#8742=CARTESIAN_POINT('Ctrl Pts',(4.49999999999998,-4.15519253464869,-14.7815854523338));
#8743=CARTESIAN_POINT('Ctrl Pts',(3.52030612271201,-5.21618367068725,-14.8988507189152));
#8744=CARTESIAN_POINT('Ctrl Pts',(1.24038705127645,-6.37201013180375,-15.0942928298842));
#8745=CARTESIAN_POINT('Ctrl Pts',(-2.20302028172836,-5.95941744200528,-15.3679117852408));
#8746=CARTESIAN_POINT('Ctrl Pts',(-3.84687074847465,-4.86251995867441,-15.524265474016));
#8747=CARTESIAN_POINT('Ctrl Pts',(-4.49999999999997,-4.15519253464871,-15.6024423184036));
#8748=CARTESIAN_POINT('Ctrl Pts',(4.49999999999998,-4.15519253464869,-14.9899187862742));
#8749=CARTESIAN_POINT('Ctrl Pts',(3.52030612271201,-5.21618367068725,-15.1071840528556));
#8750=CARTESIAN_POINT('Ctrl Pts',(1.24038705127644,-6.37201013180375,-15.3026261638246));
#8751=CARTESIAN_POINT('Ctrl Pts',(-2.20302028172836,-5.95941744200528,-15.5762451191812));
#8752=CARTESIAN_POINT('Ctrl Pts',(-3.84687074847464,-4.86251995867441,-15.7325988079564));
#8753=CARTESIAN_POINT('Ctrl Pts',(-4.49999999999997,-4.15519253464871,-15.810775652344));
#8754=CARTESIAN_POINT('Ctrl Pts',(4.49999999999998,-4.15519253464869,-15.1982521202145));
#8755=CARTESIAN_POINT('Ctrl Pts',(3.52030612271201,-5.21618367068725,-15.3155173867959));
#8756=CARTESIAN_POINT('Ctrl Pts',(1.24038705127644,-6.37201013180375,-15.510959497765));
#8757=CARTESIAN_POINT('Ctrl Pts',(-2.20302028172836,-5.95941744200528,-15.7845784531216));
#8758=CARTESIAN_POINT('Ctrl Pts',(-3.84687074847464,-4.86251995867441,-15.9409321418968));
#8759=CARTESIAN_POINT('Ctrl Pts',(-4.49999999999997,-4.15519253464871,-16.0191089862844));
#8760=CARTESIAN_POINT('Ctrl Pts',(4.50000000000001,-4.15519253464865,-17.6982521183934));
#8761=CARTESIAN_POINT('Ctrl Pts',(3.52030612271205,-5.21618367068722,-17.8155173849748));
#8762=CARTESIAN_POINT('Ctrl Pts',(1.24037671933579,-6.37198586400263,-18.0109594959439));
#8763=CARTESIAN_POINT('Ctrl Pts',(-2.20302399213397,-5.95940364744105,-18.2845784513005));
#8764=CARTESIAN_POINT('Ctrl Pts',(-3.84687074847461,-4.86251995867444,-18.4409321400757));
#8765=CARTESIAN_POINT('Ctrl Pts',(-4.49999999999994,-4.15519253464874,-18.5191089844633));
#8766=CARTESIAN_POINT('Ctrl Pts',(4.50000000000001,-4.15519253464865,-17.9065854523338));
#8767=CARTESIAN_POINT('Ctrl Pts',(3.52030612271205,-5.21618367068722,-18.0238507189152));
#8768=CARTESIAN_POINT('Ctrl Pts',(1.24037671933579,-6.37198586400263,-18.2192928298842));
#8769=CARTESIAN_POINT('Ctrl Pts',(-2.20302399213397,-5.95940364744105,-18.4929117852408));
#8770=CARTESIAN_POINT('Ctrl Pts',(-3.84687074847461,-4.86251995867444,-18.649265474016));
#8771=CARTESIAN_POINT('Ctrl Pts',(-4.49999999999994,-4.15519253464874,-18.7274423184036));
#8772=CARTESIAN_POINT('Ctrl Pts',(4.50000000000001,-4.15519253464865,-18.1149187862742));
#8773=CARTESIAN_POINT('Ctrl Pts',(3.52030612271205,-5.21618367068722,-18.2321840528556));
#8774=CARTESIAN_POINT('Ctrl Pts',(1.24037671933578,-6.37198586400263,-18.4276261638246));
#8775=CARTESIAN_POINT('Ctrl Pts',(-2.20302399213397,-5.95940364744105,-18.7012451191812));
#8776=CARTESIAN_POINT('Ctrl Pts',(-3.84687074847461,-4.86251995867444,-18.8575988079564));
#8777=CARTESIAN_POINT('Ctrl Pts',(-4.49999999999994,-4.15519253464874,-18.935775652344));
#8778=CARTESIAN_POINT('Ctrl Pts',(4.50000000000001,-4.15519253464865,-18.3232521202145));
#8779=CARTESIAN_POINT('Ctrl Pts',(3.52030612271205,-5.21618367068722,-18.4405173867959));
#8780=CARTESIAN_POINT('Ctrl Pts',(1.24037671933579,-6.37198586400263,-18.635959497765));
#8781=CARTESIAN_POINT('Ctrl Pts',(-2.20302399213397,-5.95940364744105,-18.9095784531216));
#8782=CARTESIAN_POINT('Ctrl Pts',(-3.84687074847461,-4.86251995867444,-19.0659321418968));
#8783=CARTESIAN_POINT('Ctrl Pts',(-4.49999999999994,-4.15519253464874,-19.1441089862844));
#8784=CARTESIAN_POINT('Ctrl Pts',(4.5000000000001,-4.15519253464856,-20.8232521183934));
#8785=CARTESIAN_POINT('Ctrl Pts',(3.52030612271216,-5.21618367068715,-20.9405173849748));
#8786=CARTESIAN_POINT('Ctrl Pts',(1.2403683941972,-6.37196628811508,-21.1359594959438));
#8787=CARTESIAN_POINT('Ctrl Pts',(-2.20302700076144,-5.95939250285681,-21.4095784513005));
#8788=CARTESIAN_POINT('Ctrl Pts',(-3.84687074847457,-4.86251995867447,-21.5659321400757));
#8789=CARTESIAN_POINT('Ctrl Pts',(-4.4999999999999,-4.15519253464877,-21.6441089844633));
#8790=CARTESIAN_POINT('Ctrl Pts',(4.5000000000001,-4.15519253464856,-21.0315854523338));
#8791=CARTESIAN_POINT('Ctrl Pts',(3.52030612271216,-5.21618367068715,-21.1488507189152));
#8792=CARTESIAN_POINT('Ctrl Pts',(1.2403683941972,-6.37196628811508,-21.3442928298842));
#8793=CARTESIAN_POINT('Ctrl Pts',(-2.20302700076144,-5.9593925028568,-21.6179117852408));
#8794=CARTESIAN_POINT('Ctrl Pts',(-3.84687074847457,-4.86251995867447,-21.774265474016));
#8795=CARTESIAN_POINT('Ctrl Pts',(-4.4999999999999,-4.15519253464877,-21.8524423184036));
#8796=CARTESIAN_POINT('Ctrl Pts',(4.5000000000001,-4.15519253464856,-21.2399187862742));
#8797=CARTESIAN_POINT('Ctrl Pts',(3.52030612271216,-5.21618367068715,-21.3571840528556));
#8798=CARTESIAN_POINT('Ctrl Pts',(1.2403683941972,-6.37196628811508,-21.5526261638246));
#8799=CARTESIAN_POINT('Ctrl Pts',(-2.20302700076144,-5.9593925028568,-21.8262451191812));
#8800=CARTESIAN_POINT('Ctrl Pts',(-3.84687074847457,-4.86251995867447,-21.9825988079564));
#8801=CARTESIAN_POINT('Ctrl Pts',(-4.4999999999999,-4.15519253464877,-22.060775652344));
#8802=CARTESIAN_POINT('Ctrl Pts',(4.5000000000001,-4.15519253464856,-21.4482521202145));
#8803=CARTESIAN_POINT('Ctrl Pts',(3.52030612271216,-5.21618367068715,-21.5655173867959));
#8804=CARTESIAN_POINT('Ctrl Pts',(1.2403683941972,-6.37196628811508,-21.7609594977649));
#8805=CARTESIAN_POINT('Ctrl Pts',(-2.20302700076144,-5.95939250285681,-22.0345784531216));
#8806=CARTESIAN_POINT('Ctrl Pts',(-3.84687074847457,-4.86251995867447,-22.1909321418968));
#8807=CARTESIAN_POINT('Ctrl Pts',(-4.4999999999999,-4.15519253464877,-22.2691089862844));
#8808=CARTESIAN_POINT('Ctrl Pts',(4.50000000000002,-4.15519253464865,-23.9482521183934));
#8809=CARTESIAN_POINT('Ctrl Pts',(3.52030612271205,-5.21618367068723,-24.0655173849748));
#8810=CARTESIAN_POINT('Ctrl Pts',(1.24036154284433,-6.37195016330633,-24.2609594959439));
#8811=CARTESIAN_POINT('Ctrl Pts',(-2.20302948933534,-5.95938331166425,-24.5345784513005));
#8812=CARTESIAN_POINT('Ctrl Pts',(-3.84687074847464,-4.86251995867442,-24.6909321400757));
#8813=CARTESIAN_POINT('Ctrl Pts',(-4.49999999999996,-4.15519253464871,-24.7691089844633));
#8814=CARTESIAN_POINT('Ctrl Pts',(4.50000000000002,-4.15519253464865,-24.1565854523338));
#8815=CARTESIAN_POINT('Ctrl Pts',(3.52030612271205,-5.21618367068723,-24.2738507189152));
#8816=CARTESIAN_POINT('Ctrl Pts',(1.24036154284433,-6.37195016330633,-24.4692928298842));
#8817=CARTESIAN_POINT('Ctrl Pts',(-2.20302948933534,-5.95938331166425,-24.7429117852408));
#8818=CARTESIAN_POINT('Ctrl Pts',(-3.84687074847464,-4.86251995867442,-24.899265474016));
#8819=CARTESIAN_POINT('Ctrl Pts',(-4.49999999999996,-4.15519253464871,-24.9774423184036));
#8820=CARTESIAN_POINT('Ctrl Pts',(4.50000000000002,-4.15519253464865,-24.3649187862742));
#8821=CARTESIAN_POINT('Ctrl Pts',(3.52030612271205,-5.21618367068723,-24.4821840528556));
#8822=CARTESIAN_POINT('Ctrl Pts',(1.24036154284434,-6.37195016330633,-24.6776261638246));
#8823=CARTESIAN_POINT('Ctrl Pts',(-2.20302948933534,-5.95938331166425,-24.9512451191812));
#8824=CARTESIAN_POINT('Ctrl Pts',(-3.84687074847464,-4.86251995867442,-25.1075988079564));
#8825=CARTESIAN_POINT('Ctrl Pts',(-4.49999999999996,-4.15519253464871,-25.185775652344));
#8826=CARTESIAN_POINT('Ctrl Pts',(4.50000000000002,-4.15519253464865,-24.5732521202145));
#8827=CARTESIAN_POINT('Ctrl Pts',(3.52030612271205,-5.21618367068723,-24.6905173867959));
#8828=CARTESIAN_POINT('Ctrl Pts',(1.24036154284433,-6.37195016330633,-24.8859594977649));
#8829=CARTESIAN_POINT('Ctrl Pts',(-2.20302948933534,-5.95938331166425,-25.1595784531216));
#8830=CARTESIAN_POINT('Ctrl Pts',(-3.84687074847464,-4.86251995867442,-25.3159321418968));
#8831=CARTESIAN_POINT('Ctrl Pts',(-4.49999999999996,-4.15519253464871,-25.3941089862844));
#8832=CARTESIAN_POINT('Ctrl Pts',(4.50000000000011,-4.15519253464855,-27.0732521183934));
#8833=CARTESIAN_POINT('Ctrl Pts',(3.52030612271213,-5.21618367068718,-27.1905173849748));
#8834=CARTESIAN_POINT('Ctrl Pts',(1.24035580569646,-6.37193665085752,-27.3859594959439));
#8835=CARTESIAN_POINT('Ctrl Pts',(-2.20303158187194,-5.95937560172372,-27.6595784513005));
#8836=CARTESIAN_POINT('Ctrl Pts',(-3.84687074847473,-4.86251995867435,-27.8159321400757));
#8837=CARTESIAN_POINT('Ctrl Pts',(-4.50000000000005,-4.15519253464861,-27.8941089844633));
#8838=CARTESIAN_POINT('Ctrl Pts',(4.50000000000011,-4.15519253464855,-27.2815854523338));
#8839=CARTESIAN_POINT('Ctrl Pts',(3.52030612271213,-5.21618367068718,-27.3988507189152));
#8840=CARTESIAN_POINT('Ctrl Pts',(1.24035580569645,-6.37193665085752,-27.5942928298842));
#8841=CARTESIAN_POINT('Ctrl Pts',(-2.20303158187194,-5.95937560172372,-27.8679117852408));
#8842=CARTESIAN_POINT('Ctrl Pts',(-3.84687074847473,-4.86251995867435,-28.024265474016));
#8843=CARTESIAN_POINT('Ctrl Pts',(-4.50000000000005,-4.15519253464861,-28.1024423184037));
#8844=CARTESIAN_POINT('Ctrl Pts',(4.50000000000011,-4.15519253464855,-27.4899187862742));
#8845=CARTESIAN_POINT('Ctrl Pts',(3.52030612271213,-5.21618367068718,-27.6071840528556));
#8846=CARTESIAN_POINT('Ctrl Pts',(1.24035580569646,-6.37193665085752,-27.8026261638246));
#8847=CARTESIAN_POINT('Ctrl Pts',(-2.20303158187194,-5.95937560172372,-28.0762451191812));
#8848=CARTESIAN_POINT('Ctrl Pts',(-3.84687074847473,-4.86251995867435,-28.2325988079564));
#8849=CARTESIAN_POINT('Ctrl Pts',(-4.50000000000005,-4.15519253464861,-28.310775652344));
#8850=CARTESIAN_POINT('Ctrl Pts',(4.50000000000011,-4.15519253464855,-27.6982521202145));
#8851=CARTESIAN_POINT('Ctrl Pts',(3.52030612271213,-5.21618367068718,-27.8155173867959));
#8852=CARTESIAN_POINT('Ctrl Pts',(1.24035580569646,-6.37193665085752,-28.010959497765));
#8853=CARTESIAN_POINT('Ctrl Pts',(-2.20303158187194,-5.95937560172372,-28.2845784531216));
#8854=CARTESIAN_POINT('Ctrl Pts',(-3.84687074847473,-4.86251995867435,-28.4409321418968));
#8855=CARTESIAN_POINT('Ctrl Pts',(-4.50000000000005,-4.15519253464861,-28.5191089862844));
#8856=CARTESIAN_POINT('Ctrl Pts',(4.50000000000005,-4.15519253464862,-30.1982521183934));
#8857=CARTESIAN_POINT('Ctrl Pts',(3.84687074847473,-4.86251995867435,-30.276428962781));
#8858=CARTESIAN_POINT('Ctrl Pts',(2.20303336588525,-5.95936904169253,-30.4327826515563));
#8859=CARTESIAN_POINT('Ctrl Pts',(-1.24035093136425,-6.37192516347449,-30.7064016069129));
#8860=CARTESIAN_POINT('Ctrl Pts',(-3.52030612271215,-5.21618367068716,-30.9018437178819));
#8861=CARTESIAN_POINT('Ctrl Pts',(-4.50000000000011,-4.15519253464855,-31.0191089844633));
#8862=CARTESIAN_POINT('Ctrl Pts',(4.50000000000005,-4.15519253464862,-30.4065854523338));
#8863=CARTESIAN_POINT('Ctrl Pts',(3.84687074847473,-4.86251995867435,-30.4847622967214));
#8864=CARTESIAN_POINT('Ctrl Pts',(2.20303336588525,-5.95936904169253,-30.6411159854966));
#8865=CARTESIAN_POINT('Ctrl Pts',(-1.24035093136425,-6.37192516347449,-30.9147349408532));
#8866=CARTESIAN_POINT('Ctrl Pts',(-3.52030612271215,-5.21618367068716,-31.1101770518223));
#8867=CARTESIAN_POINT('Ctrl Pts',(-4.50000000000011,-4.15519253464855,-31.2274423184037));
#8868=CARTESIAN_POINT('Ctrl Pts',(4.50000000000005,-4.15519253464862,-30.6149187862742));
#8869=CARTESIAN_POINT('Ctrl Pts',(3.84687074847473,-4.86251995867435,-30.6930956306618));
#8870=CARTESIAN_POINT('Ctrl Pts',(2.20303336588525,-5.95936904169253,-30.849449319437));
#8871=CARTESIAN_POINT('Ctrl Pts',(-1.24035093136425,-6.37192516347449,-31.1230682747936));
#8872=CARTESIAN_POINT('Ctrl Pts',(-3.52030612271215,-5.21618367068716,-31.3185103857626));
#8873=CARTESIAN_POINT('Ctrl Pts',(-4.50000000000011,-4.15519253464855,-31.435775652344));
#8874=CARTESIAN_POINT('Ctrl Pts',(4.50000000000005,-4.15519253464862,-30.8232521202145));
#8875=CARTESIAN_POINT('Ctrl Pts',(3.84687074847473,-4.86251995867435,-30.9014289646021));
#8876=CARTESIAN_POINT('Ctrl Pts',(2.20303336588525,-5.95936904169253,-31.0577826533774));
#8877=CARTESIAN_POINT('Ctrl Pts',(-1.24035093136425,-6.37192516347449,-31.331401608734));
#8878=CARTESIAN_POINT('Ctrl Pts',(-3.52030612271215,-5.21618367068716,-31.526843719703));
#8879=CARTESIAN_POINT('Ctrl Pts',(-4.50000000000011,-4.15519253464855,-31.6441089862844));
#8880=CARTESIAN_POINT('Ctrl Pts',(4.50000000000008,-4.15519253464858,-33.3232521183934));
#8881=CARTESIAN_POINT('Ctrl Pts',(3.84687074847476,-4.86251995867432,-33.401428962781));
#8882=CARTESIAN_POINT('Ctrl Pts',(2.20303490488843,-5.95936339218693,-33.5577826515562));
#8883=CARTESIAN_POINT('Ctrl Pts',(-1.24034673880135,-6.37191527763981,-33.8314016069128));
#8884=CARTESIAN_POINT('Ctrl Pts',(-3.52030612271189,-5.21618367068734,-34.0268437178819));
#8885=CARTESIAN_POINT('Ctrl Pts',(-4.4999999999999,-4.15519253464878,-34.1441089844633));
#8886=CARTESIAN_POINT('Ctrl Pts',(4.50000000000008,-4.15519253464858,-33.5315854523338));
#8887=CARTESIAN_POINT('Ctrl Pts',(3.84687074847476,-4.86251995867432,-33.6097622967214));
#8888=CARTESIAN_POINT('Ctrl Pts',(2.20303490488843,-5.95936339218693,-33.7661159854966));
#8889=CARTESIAN_POINT('Ctrl Pts',(-1.24034673880135,-6.37191527763981,-34.0397349408532));
#8890=CARTESIAN_POINT('Ctrl Pts',(-3.52030612271189,-5.21618367068734,-34.2351770518222));
#8891=CARTESIAN_POINT('Ctrl Pts',(-4.4999999999999,-4.15519253464878,-34.3524423184036));
#8892=CARTESIAN_POINT('Ctrl Pts',(4.50000000000008,-4.15519253464858,-33.7399187862742));
#8893=CARTESIAN_POINT('Ctrl Pts',(3.84687074847476,-4.86251995867432,-33.8180956306618));
#8894=CARTESIAN_POINT('Ctrl Pts',(2.20303490488843,-5.95936339218693,-33.974449319437));
#8895=CARTESIAN_POINT('Ctrl Pts',(-1.24034673880135,-6.37191527763981,-34.2480682747936));
#8896=CARTESIAN_POINT('Ctrl Pts',(-3.52030612271189,-5.21618367068734,-34.4435103857626));
#8897=CARTESIAN_POINT('Ctrl Pts',(-4.4999999999999,-4.15519253464878,-34.560775652344));
#8898=CARTESIAN_POINT('Ctrl Pts',(4.50000000000008,-4.15519253464858,-33.9482521202145));
#8899=CARTESIAN_POINT('Ctrl Pts',(3.84687074847476,-4.86251995867432,-34.0264289646021));
#8900=CARTESIAN_POINT('Ctrl Pts',(2.20303490488843,-5.95936339218693,-34.1827826533773));
#8901=CARTESIAN_POINT('Ctrl Pts',(-1.24034673880135,-6.37191527763981,-34.4564016087339));
#8902=CARTESIAN_POINT('Ctrl Pts',(-3.52030612271189,-5.21618367068734,-34.651843719703));
#8903=CARTESIAN_POINT('Ctrl Pts',(-4.4999999999999,-4.15519253464878,-34.7691089862844));
#8904=CARTESIAN_POINT('Ctrl Pts',(4.50000000000011,-4.15519253464855,-36.4482521183934));
#8905=CARTESIAN_POINT('Ctrl Pts',(3.52030612271215,-5.21618367068716,-36.5655173849748));
#8906=CARTESIAN_POINT('Ctrl Pts',(1.24034309430766,-6.37190668024117,-36.7609594959439));
#8907=CARTESIAN_POINT('Ctrl Pts',(-2.2030362460885,-5.95935847595208,-37.0345784513005));
#8908=CARTESIAN_POINT('Ctrl Pts',(-3.84687074847466,-4.86251995867441,-37.1909321400757));
#8909=CARTESIAN_POINT('Ctrl Pts',(-4.49999999999999,-4.15519253464868,-37.2691089844633));
#8910=CARTESIAN_POINT('Ctrl Pts',(4.50000000000011,-4.15519253464855,-36.6565854523338));
#8911=CARTESIAN_POINT('Ctrl Pts',(3.52030612271215,-5.21618367068716,-36.7738507189152));
#8912=CARTESIAN_POINT('Ctrl Pts',(1.24034309430767,-6.37190668024117,-36.9692928298842));
#8913=CARTESIAN_POINT('Ctrl Pts',(-2.2030362460885,-5.95935847595209,-37.2429117852408));
#8914=CARTESIAN_POINT('Ctrl Pts',(-3.84687074847466,-4.86251995867441,-37.399265474016));
#8915=CARTESIAN_POINT('Ctrl Pts',(-4.49999999999999,-4.15519253464868,-37.4774423184036));
#8916=CARTESIAN_POINT('Ctrl Pts',(4.50000000000011,-4.15519253464855,-36.8649187862742));
#8917=CARTESIAN_POINT('Ctrl Pts',(3.52030612271215,-5.21618367068716,-36.9821840528556));
#8918=CARTESIAN_POINT('Ctrl Pts',(1.24034309430766,-6.37190668024117,-37.1776261638246));
#8919=CARTESIAN_POINT('Ctrl Pts',(-2.2030362460885,-5.95935847595208,-37.4512451191812));
#8920=CARTESIAN_POINT('Ctrl Pts',(-3.84687074847466,-4.86251995867441,-37.6075988079564));
#8921=CARTESIAN_POINT('Ctrl Pts',(-4.49999999999999,-4.15519253464868,-37.685775652344));
#8922=CARTESIAN_POINT('Ctrl Pts',(4.50000000000011,-4.15519253464855,-37.0732521202145));
#8923=CARTESIAN_POINT('Ctrl Pts',(3.52030612271215,-5.21618367068716,-37.1905173867959));
#8924=CARTESIAN_POINT('Ctrl Pts',(1.24034309430766,-6.37190668024117,-37.385959497765));
#8925=CARTESIAN_POINT('Ctrl Pts',(-2.2030362460885,-5.95935847595208,-37.6595784531216));
#8926=CARTESIAN_POINT('Ctrl Pts',(-3.84687074847466,-4.86251995867441,-37.8159321418968));
#8927=CARTESIAN_POINT('Ctrl Pts',(-4.49999999999999,-4.15519253464868,-37.8941089862844));
#8928=CARTESIAN_POINT('Ctrl Pts',(4.50000000000026,-4.15519253464839,-39.5732521183934));
#8929=CARTESIAN_POINT('Ctrl Pts',(3.52030612271232,-5.21618367068705,-39.6905173849748));
#8930=CARTESIAN_POINT('Ctrl Pts',(1.24033989699949,-6.37189913479592,-39.8859594959438));
#8931=CARTESIAN_POINT('Ctrl Pts',(-2.20303742530276,-5.95935415893578,-40.1595784513005));
#8932=CARTESIAN_POINT('Ctrl Pts',(-3.84687074847461,-4.86251995867445,-40.3159321400757));
#8933=CARTESIAN_POINT('Ctrl Pts',(-4.49999999999996,-4.15519253464871,-40.3941089844633));
#8934=CARTESIAN_POINT('Ctrl Pts',(4.50000000000026,-4.15519253464839,-39.7815854523338));
#8935=CARTESIAN_POINT('Ctrl Pts',(3.52030612271232,-5.21618367068705,-39.8988507189152));
#8936=CARTESIAN_POINT('Ctrl Pts',(1.24033989699949,-6.37189913479592,-40.0942928298842));
#8937=CARTESIAN_POINT('Ctrl Pts',(-2.20303742530276,-5.95935415893578,-40.3679117852408));
#8938=CARTESIAN_POINT('Ctrl Pts',(-3.84687074847461,-4.86251995867445,-40.524265474016));
#8939=CARTESIAN_POINT('Ctrl Pts',(-4.49999999999996,-4.15519253464871,-40.6024423184036));
#8940=CARTESIAN_POINT('Ctrl Pts',(4.50000000000026,-4.15519253464839,-39.9899187862742));
#8941=CARTESIAN_POINT('Ctrl Pts',(3.52030612271232,-5.21618367068705,-40.1071840528556));
#8942=CARTESIAN_POINT('Ctrl Pts',(1.24033989699949,-6.37189913479592,-40.3026261638246));
#8943=CARTESIAN_POINT('Ctrl Pts',(-2.20303742530276,-5.95935415893578,-40.5762451191812));
#8944=CARTESIAN_POINT('Ctrl Pts',(-3.84687074847461,-4.86251995867445,-40.7325988079564));
#8945=CARTESIAN_POINT('Ctrl Pts',(-4.49999999999996,-4.15519253464871,-40.810775652344));
#8946=CARTESIAN_POINT('Ctrl Pts',(4.50000000000026,-4.15519253464839,-40.1982521202145));
#8947=CARTESIAN_POINT('Ctrl Pts',(3.52030612271232,-5.21618367068705,-40.3155173867959));
#8948=CARTESIAN_POINT('Ctrl Pts',(1.24033989699949,-6.37189913479592,-40.5109594977649));
#8949=CARTESIAN_POINT('Ctrl Pts',(-2.20303742530276,-5.95935415893578,-40.7845784531216));
#8950=CARTESIAN_POINT('Ctrl Pts',(-3.84687074847461,-4.86251995867445,-40.9409321418968));
#8951=CARTESIAN_POINT('Ctrl Pts',(-4.49999999999996,-4.15519253464871,-41.0191089862844));
#8952=CARTESIAN_POINT('Ctrl Pts',(4.50000000000005,-4.15519253464861,-42.6982521183934));
#8953=CARTESIAN_POINT('Ctrl Pts',(3.84687074847474,-4.86251995867434,-42.776428962781));
#8954=CARTESIAN_POINT('Ctrl Pts',(2.20303847019629,-5.95935033788255,-42.9327826515562));
#8955=CARTESIAN_POINT('Ctrl Pts',(-1.24033706932296,-6.37189245935889,-43.2064016069129));
#8956=CARTESIAN_POINT('Ctrl Pts',(-3.52030612271201,-5.21618367068725,-43.4018437178819));
#8957=CARTESIAN_POINT('Ctrl Pts',(-4.49999999999999,-4.15519253464868,-43.5191089844633));
#8958=CARTESIAN_POINT('Ctrl Pts',(4.50000000000005,-4.15519253464861,-42.9065854523338));
#8959=CARTESIAN_POINT('Ctrl Pts',(3.84687074847474,-4.86251995867433,-42.9847622967214));
#8960=CARTESIAN_POINT('Ctrl Pts',(2.20303847019629,-5.95935033788255,-43.1411159854966));
#8961=CARTESIAN_POINT('Ctrl Pts',(-1.24033706932296,-6.37189245935889,-43.4147349408532));
#8962=CARTESIAN_POINT('Ctrl Pts',(-3.52030612271201,-5.21618367068725,-43.6101770518222));
#8963=CARTESIAN_POINT('Ctrl Pts',(-4.49999999999999,-4.15519253464868,-43.7274423184036));
#8964=CARTESIAN_POINT('Ctrl Pts',(4.50000000000005,-4.15519253464861,-43.1149187862742));
#8965=CARTESIAN_POINT('Ctrl Pts',(3.84687074847474,-4.86251995867434,-43.1930956306618));
#8966=CARTESIAN_POINT('Ctrl Pts',(2.20303847019629,-5.95935033788255,-43.349449319437));
#8967=CARTESIAN_POINT('Ctrl Pts',(-1.24033706932296,-6.37189245935889,-43.6230682747936));
#8968=CARTESIAN_POINT('Ctrl Pts',(-3.52030612271201,-5.21618367068725,-43.8185103857626));
#8969=CARTESIAN_POINT('Ctrl Pts',(-4.49999999999999,-4.15519253464868,-43.935775652344));
#8970=CARTESIAN_POINT('Ctrl Pts',(4.50000000000005,-4.15519253464861,-43.3232521202145));
#8971=CARTESIAN_POINT('Ctrl Pts',(3.84687074847474,-4.86251995867434,-43.4014289646021));
#8972=CARTESIAN_POINT('Ctrl Pts',(2.20303847019629,-5.95935033788255,-43.5577826533773));
#8973=CARTESIAN_POINT('Ctrl Pts',(-1.24033706932296,-6.37189245935889,-43.831401608734));
#8974=CARTESIAN_POINT('Ctrl Pts',(-3.52030612271201,-5.21618367068725,-44.026843719703));
#8975=CARTESIAN_POINT('Ctrl Pts',(-4.49999999999999,-4.15519253464868,-44.1441089862844));
#8976=CARTESIAN_POINT('Ctrl Pts',(4.50000000000002,-4.15519253464864,-45.8232521183934));
#8977=CARTESIAN_POINT('Ctrl Pts',(3.52030612271203,-5.21618367068725,-45.9405173849748));
#8978=CARTESIAN_POINT('Ctrl Pts',(1.24033455067931,-6.37188651165748,-46.1359594959439));
#8979=CARTESIAN_POINT('Ctrl Pts',(-2.20303940247521,-5.95934693197083,-46.4095784513005));
#8980=CARTESIAN_POINT('Ctrl Pts',(-3.84687074847482,-4.86251995867429,-46.5659321400757));
#8981=CARTESIAN_POINT('Ctrl Pts',(-4.50000000000013,-4.15519253464852,-46.6441089844633));
#8982=CARTESIAN_POINT('Ctrl Pts',(4.50000000000002,-4.15519253464864,-46.0315854523338));
#8983=CARTESIAN_POINT('Ctrl Pts',(3.52030612271203,-5.21618367068725,-46.1488507189152));
#8984=CARTESIAN_POINT('Ctrl Pts',(1.24033455067931,-6.37188651165748,-46.3442928298842));
#8985=CARTESIAN_POINT('Ctrl Pts',(-2.20303940247521,-5.95934693197083,-46.6179117852408));
#8986=CARTESIAN_POINT('Ctrl Pts',(-3.84687074847482,-4.86251995867429,-46.774265474016));
#8987=CARTESIAN_POINT('Ctrl Pts',(-4.50000000000013,-4.15519253464852,-46.8524423184037));
#8988=CARTESIAN_POINT('Ctrl Pts',(4.50000000000002,-4.15519253464864,-46.2399187862742));
#8989=CARTESIAN_POINT('Ctrl Pts',(3.52030612271203,-5.21618367068725,-46.3571840528556));
#8990=CARTESIAN_POINT('Ctrl Pts',(1.24033455067931,-6.37188651165748,-46.5526261638246));
#8991=CARTESIAN_POINT('Ctrl Pts',(-2.20303940247521,-5.95934693197083,-46.8262451191812));
#8992=CARTESIAN_POINT('Ctrl Pts',(-3.84687074847482,-4.86251995867429,-46.9825988079564));
#8993=CARTESIAN_POINT('Ctrl Pts',(-4.50000000000013,-4.15519253464852,-47.060775652344));
#8994=CARTESIAN_POINT('Ctrl Pts',(4.50000000000002,-4.15519253464864,-46.4482521202145));
#8995=CARTESIAN_POINT('Ctrl Pts',(3.52030612271203,-5.21618367068725,-46.5655173867959));
#8996=CARTESIAN_POINT('Ctrl Pts',(1.24033455067931,-6.37188651165748,-46.760959497765));
#8997=CARTESIAN_POINT('Ctrl Pts',(-2.20303940247521,-5.95934693197083,-47.0345784531216));
#8998=CARTESIAN_POINT('Ctrl Pts',(-3.84687074847482,-4.86251995867429,-47.1909321418968));
#8999=CARTESIAN_POINT('Ctrl Pts',(-4.50000000000013,-4.15519253464852,-47.2691089862844));
#9000=CARTESIAN_POINT('Ctrl Pts',(4.49999999999994,-4.15519253464874,-48.9482521183934));
#9001=CARTESIAN_POINT('Ctrl Pts',(3.84687074847461,-4.86251995867444,-49.026428962781));
#9002=CARTESIAN_POINT('Ctrl Pts',(2.20304023940921,-5.95934387703434,-49.1827826515562));
#9003=CARTESIAN_POINT('Ctrl Pts',(-1.24033229303016,-6.37188117883739,-49.4564016069129));
#9004=CARTESIAN_POINT('Ctrl Pts',(-3.52030612271216,-5.21618367068715,-49.6518437178819));
#9005=CARTESIAN_POINT('Ctrl Pts',(-4.5000000000001,-4.15519253464856,-49.7691089844633));
#9006=CARTESIAN_POINT('Ctrl Pts',(4.49999999999994,-4.15519253464874,-49.1565854523338));
#9007=CARTESIAN_POINT('Ctrl Pts',(3.84687074847461,-4.86251995867444,-49.2347622967214));
#9008=CARTESIAN_POINT('Ctrl Pts',(2.20304023940921,-5.95934387703433,-49.3911159854966));
#9009=CARTESIAN_POINT('Ctrl Pts',(-1.24033229303016,-6.37188117883739,-49.6647349408532));
#9010=CARTESIAN_POINT('Ctrl Pts',(-3.52030612271216,-5.21618367068715,-49.8601770518222));
#9011=CARTESIAN_POINT('Ctrl Pts',(-4.5000000000001,-4.15519253464856,-49.9774423184036));
#9012=CARTESIAN_POINT('Ctrl Pts',(4.49999999999994,-4.15519253464874,-49.3649187862742));
#9013=CARTESIAN_POINT('Ctrl Pts',(3.84687074847461,-4.86251995867444,-49.4430956306618));
#9014=CARTESIAN_POINT('Ctrl Pts',(2.20304023940921,-5.95934387703434,-49.599449319437));
#9015=CARTESIAN_POINT('Ctrl Pts',(-1.24033229303016,-6.37188117883739,-49.8730682747936));
#9016=CARTESIAN_POINT('Ctrl Pts',(-3.52030612271216,-5.21618367068715,-50.0685103857626));
#9017=CARTESIAN_POINT('Ctrl Pts',(-4.5000000000001,-4.15519253464856,-50.185775652344));
#9018=CARTESIAN_POINT('Ctrl Pts',(4.49999999999994,-4.15519253464874,-49.5732521202145));
#9019=CARTESIAN_POINT('Ctrl Pts',(3.84687074847461,-4.86251995867444,-49.6514289646021));
#9020=CARTESIAN_POINT('Ctrl Pts',(2.20304023940921,-5.95934387703434,-49.8077826533773));
#9021=CARTESIAN_POINT('Ctrl Pts',(-1.24033229303016,-6.37188117883739,-50.081401608734));
#9022=CARTESIAN_POINT('Ctrl Pts',(-3.52030612271216,-5.21618367068715,-50.276843719703));
#9023=CARTESIAN_POINT('Ctrl Pts',(-4.5000000000001,-4.15519253464856,-50.3941089862844));
#9024=CARTESIAN_POINT('Ctrl Pts',(-4.5,4.15519253464867,-0.510752118393423));
#9025=CARTESIAN_POINT('Ctrl Pts',(-3.52030612271202,5.21618367068724,-0.628017384974829));
#9026=CARTESIAN_POINT('Ctrl Pts',(-1.24050096060317,6.37227562686376,-0.823459495943839));
#9027=CARTESIAN_POINT('Ctrl Pts',(2.20298116719556,5.95956674101885,-1.09707845130045));
#9028=CARTESIAN_POINT('Ctrl Pts',(3.84687074847469,4.86251995867438,-1.25343214007566));
#9029=CARTESIAN_POINT('Ctrl Pts',(4.50000000000001,4.15519253464866,-1.33160898446326));
#9030=CARTESIAN_POINT('Ctrl Pts',(-4.5,4.15519253464867,-0.719085452333789));
#9031=CARTESIAN_POINT('Ctrl Pts',(-3.52030612271202,5.21618367068724,-0.836350718915195));
#9032=CARTESIAN_POINT('Ctrl Pts',(-1.24050096060317,6.37227562686376,-1.03179282988421));
#9033=CARTESIAN_POINT('Ctrl Pts',(2.20298116719556,5.95956674101885,-1.30541178524082));
#9034=CARTESIAN_POINT('Ctrl Pts',(3.84687074847469,4.86251995867437,-1.46176547401603));
#9035=CARTESIAN_POINT('Ctrl Pts',(4.50000000000001,4.15519253464866,-1.53994231840363));
#9036=CARTESIAN_POINT('Ctrl Pts',(-4.5,4.15519253464867,-0.927418786274156));
#9037=CARTESIAN_POINT('Ctrl Pts',(-3.52030612271202,5.21618367068724,-1.04468405285556));
#9038=CARTESIAN_POINT('Ctrl Pts',(-1.24050096060317,6.37227562686376,-1.24012616382457));
#9039=CARTESIAN_POINT('Ctrl Pts',(2.20298116719556,5.95956674101885,-1.51374511918118));
#9040=CARTESIAN_POINT('Ctrl Pts',(3.84687074847469,4.86251995867438,-1.67009880795639));
#9041=CARTESIAN_POINT('Ctrl Pts',(4.50000000000001,4.15519253464866,-1.748275652344));
#9042=CARTESIAN_POINT('Ctrl Pts',(-4.5,4.15519253464867,-1.13575212021452));
#9043=CARTESIAN_POINT('Ctrl Pts',(-3.52030612271202,5.21618367068724,-1.25301738679593));
#9044=CARTESIAN_POINT('Ctrl Pts',(-1.24050096060317,6.37227562686376,-1.44845949776494));
#9045=CARTESIAN_POINT('Ctrl Pts',(2.20298116719556,5.95956674101885,-1.72207845312155));
#9046=CARTESIAN_POINT('Ctrl Pts',(3.84687074847469,4.86251995867438,-1.87843214189676));
#9047=CARTESIAN_POINT('Ctrl Pts',(4.50000000000001,4.15519253464866,-1.95660898628436));
#9048=CARTESIAN_POINT('Ctrl Pts',(-4.50000000000001,4.15519253464866,-3.63575211839343));
#9049=CARTESIAN_POINT('Ctrl Pts',(-3.52030612271203,5.21618367068724,-3.75301738497483));
#9050=CARTESIAN_POINT('Ctrl Pts',(-1.24045715427603,6.37217398196873,-3.94845949594384));
#9051=CARTESIAN_POINT('Ctrl Pts',(2.20299581119353,5.95950994384536,-4.22207845130046));
#9052=CARTESIAN_POINT('Ctrl Pts',(3.84687074847468,4.86251995867439,-4.37843214007566));
#9053=CARTESIAN_POINT('Ctrl Pts',(4.5,4.15519253464867,-4.45660898446327));
#9054=CARTESIAN_POINT('Ctrl Pts',(-4.50000000000001,4.15519253464866,-3.84408545233379));
#9055=CARTESIAN_POINT('Ctrl Pts',(-3.52030612271203,5.21618367068724,-3.9613507189152));
#9056=CARTESIAN_POINT('Ctrl Pts',(-1.24045715427603,6.37217398196873,-4.15679282988421));
#9057=CARTESIAN_POINT('Ctrl Pts',(2.20299581119353,5.95950994384535,-4.43041178524082));
#9058=CARTESIAN_POINT('Ctrl Pts',(3.84687074847468,4.86251995867438,-4.58676547401603));
#9059=CARTESIAN_POINT('Ctrl Pts',(4.5,4.15519253464867,-4.66494231840364));
#9060=CARTESIAN_POINT('Ctrl Pts',(-4.50000000000001,4.15519253464866,-4.05241878627416));
#9061=CARTESIAN_POINT('Ctrl Pts',(-3.52030612271203,5.21618367068724,-4.16968405285556));
#9062=CARTESIAN_POINT('Ctrl Pts',(-1.24045715427604,6.37217398196873,-4.36512616382458));
#9063=CARTESIAN_POINT('Ctrl Pts',(2.20299581119353,5.95950994384536,-4.63874511918119));
#9064=CARTESIAN_POINT('Ctrl Pts',(3.84687074847468,4.86251995867439,-4.7950988079564));
#9065=CARTESIAN_POINT('Ctrl Pts',(4.5,4.15519253464867,-4.873275652344));
#9066=CARTESIAN_POINT('Ctrl Pts',(-4.50000000000001,4.15519253464866,-4.26075212021452));
#9067=CARTESIAN_POINT('Ctrl Pts',(-3.52030612271203,5.21618367068724,-4.37801738679593));
#9068=CARTESIAN_POINT('Ctrl Pts',(-1.24045715427603,6.37217398196873,-4.57345949776494));
#9069=CARTESIAN_POINT('Ctrl Pts',(2.20299581119353,5.95950994384536,-4.84707845312156));
#9070=CARTESIAN_POINT('Ctrl Pts',(3.84687074847468,4.86251995867439,-5.00343214189676));
#9071=CARTESIAN_POINT('Ctrl Pts',(4.5,4.15519253464867,-5.08160898628437));
#9072=CARTESIAN_POINT('Ctrl Pts',(-4.50000000000001,4.15519253464866,-6.76075211839343));
#9073=CARTESIAN_POINT('Ctrl Pts',(-3.52030612271204,5.21618367068723,-6.87801738497484));
#9074=CARTESIAN_POINT('Ctrl Pts',(-1.24042848092175,6.37210713739768,-7.07345949594385));
#9075=CARTESIAN_POINT('Ctrl Pts',(2.20300566927416,5.95947234330842,-7.34707845130046));
#9076=CARTESIAN_POINT('Ctrl Pts',(3.84687074847468,4.86251995867439,-7.50343214007567));
#9077=CARTESIAN_POINT('Ctrl Pts',(4.5,4.15519253464867,-7.58160898446327));
#9078=CARTESIAN_POINT('Ctrl Pts',(-4.50000000000001,4.15519253464866,-6.9690854523338));
#9079=CARTESIAN_POINT('Ctrl Pts',(-3.52030612271204,5.21618367068723,-7.0863507189152));
#9080=CARTESIAN_POINT('Ctrl Pts',(-1.24042848092175,6.37210713739768,-7.28179282988421));
#9081=CARTESIAN_POINT('Ctrl Pts',(2.20300566927416,5.95947234330842,-7.55541178524083));
#9082=CARTESIAN_POINT('Ctrl Pts',(3.84687074847468,4.86251995867439,-7.71176547401604));
#9083=CARTESIAN_POINT('Ctrl Pts',(4.5,4.15519253464867,-7.78994231840364));
#9084=CARTESIAN_POINT('Ctrl Pts',(-4.50000000000001,4.15519253464866,-7.17741878627416));
#9085=CARTESIAN_POINT('Ctrl Pts',(-3.52030612271204,5.21618367068723,-7.29468405285557));
#9086=CARTESIAN_POINT('Ctrl Pts',(-1.24042848092175,6.37210713739767,-7.49012616382458));
#9087=CARTESIAN_POINT('Ctrl Pts',(2.20300566927416,5.95947234330842,-7.76374511918119));
#9088=CARTESIAN_POINT('Ctrl Pts',(3.84687074847468,4.86251995867439,-7.9200988079564));
#9089=CARTESIAN_POINT('Ctrl Pts',(4.5,4.15519253464867,-7.99827565234401));
#9090=CARTESIAN_POINT('Ctrl Pts',(-4.50000000000001,4.15519253464866,-7.38575212021453));
#9091=CARTESIAN_POINT('Ctrl Pts',(-3.52030612271204,5.21618367068723,-7.50301738679594));
#9092=CARTESIAN_POINT('Ctrl Pts',(-1.24042848092175,6.37210713739768,-7.69845949776495));
#9093=CARTESIAN_POINT('Ctrl Pts',(2.20300566927416,5.95947234330842,-7.97207845312156));
#9094=CARTESIAN_POINT('Ctrl Pts',(3.84687074847468,4.86251995867439,-8.12843214189677));
#9095=CARTESIAN_POINT('Ctrl Pts',(4.5,4.15519253464867,-8.20660898628437));
#9096=CARTESIAN_POINT('Ctrl Pts',(-4.50000000000006,4.15519253464861,-9.88575211839343));
#9097=CARTESIAN_POINT('Ctrl Pts',(-3.52030612271209,5.2161836706872,-10.0030173849748));
#9098=CARTESIAN_POINT('Ctrl Pts',(-1.24040825046201,6.3720598302697,-10.1984594959438));
#9099=CARTESIAN_POINT('Ctrl Pts',(2.20301275101319,5.95944561789207,-10.4720784513005));
#9100=CARTESIAN_POINT('Ctrl Pts',(3.84687074847469,4.86251995867438,-10.6284321400757));
#9101=CARTESIAN_POINT('Ctrl Pts',(4.50000000000001,4.15519253464866,-10.7066089844633));
#9102=CARTESIAN_POINT('Ctrl Pts',(-4.50000000000006,4.15519253464861,-10.0940854523338));
#9103=CARTESIAN_POINT('Ctrl Pts',(-3.52030612271208,5.2161836706872,-10.2113507189152));
#9104=CARTESIAN_POINT('Ctrl Pts',(-1.240408250462,6.3720598302697,-10.4067928298842));
#9105=CARTESIAN_POINT('Ctrl Pts',(2.20301275101319,5.95944561789207,-10.6804117852408));
#9106=CARTESIAN_POINT('Ctrl Pts',(3.84687074847469,4.86251995867438,-10.836765474016));
#9107=CARTESIAN_POINT('Ctrl Pts',(4.50000000000001,4.15519253464866,-10.9149423184036));
#9108=CARTESIAN_POINT('Ctrl Pts',(-4.50000000000006,4.15519253464861,-10.3024187862742));
#9109=CARTESIAN_POINT('Ctrl Pts',(-3.52030612271209,5.2161836706872,-10.4196840528556));
#9110=CARTESIAN_POINT('Ctrl Pts',(-1.24040825046201,6.37205983026969,-10.6151261638246));
#9111=CARTESIAN_POINT('Ctrl Pts',(2.20301275101319,5.95944561789207,-10.8887451191812));
#9112=CARTESIAN_POINT('Ctrl Pts',(3.84687074847469,4.86251995867438,-11.0450988079564));
#9113=CARTESIAN_POINT('Ctrl Pts',(4.50000000000001,4.15519253464866,-11.123275652344));
#9114=CARTESIAN_POINT('Ctrl Pts',(-4.50000000000006,4.15519253464861,-10.5107521202145));
#9115=CARTESIAN_POINT('Ctrl Pts',(-3.52030612271209,5.2161836706872,-10.6280173867959));
#9116=CARTESIAN_POINT('Ctrl Pts',(-1.24040825046201,6.3720598302697,-10.8234594977649));
#9117=CARTESIAN_POINT('Ctrl Pts',(2.20301275101319,5.95944561789207,-11.0970784531216));
#9118=CARTESIAN_POINT('Ctrl Pts',(3.84687074847469,4.86251995867438,-11.2534321418968));
#9119=CARTESIAN_POINT('Ctrl Pts',(4.50000000000001,4.15519253464866,-11.3316089862844));
#9120=CARTESIAN_POINT('Ctrl Pts',(-4.50000000000006,4.15519253464861,-13.0107521183934));
#9121=CARTESIAN_POINT('Ctrl Pts',(-3.84687074847475,4.86251995867434,-13.088928962781));
#9122=CARTESIAN_POINT('Ctrl Pts',(-2.20301808204016,5.95942564697118,-13.2452826515562));
#9123=CARTESIAN_POINT('Ctrl Pts',(1.2403932111827,6.37202458598223,-13.5189016069129));
#9124=CARTESIAN_POINT('Ctrl Pts',(3.52030612271204,5.21618367068724,-13.7143437178819));
#9125=CARTESIAN_POINT('Ctrl Pts',(4.50000000000001,4.15519253464866,-13.8316089844633));
#9126=CARTESIAN_POINT('Ctrl Pts',(-4.50000000000006,4.15519253464861,-13.2190854523338));
#9127=CARTESIAN_POINT('Ctrl Pts',(-3.84687074847474,4.86251995867434,-13.2972622967214));
#9128=CARTESIAN_POINT('Ctrl Pts',(-2.20301808204016,5.95942564697118,-13.4536159854966));
#9129=CARTESIAN_POINT('Ctrl Pts',(1.2403932111827,6.37202458598223,-13.7272349408532));
#9130=CARTESIAN_POINT('Ctrl Pts',(3.52030612271203,5.21618367068724,-13.9226770518222));
#9131=CARTESIAN_POINT('Ctrl Pts',(4.50000000000001,4.15519253464866,-14.0399423184036));
#9132=CARTESIAN_POINT('Ctrl Pts',(-4.50000000000006,4.15519253464861,-13.4274187862742));
#9133=CARTESIAN_POINT('Ctrl Pts',(-3.84687074847475,4.86251995867434,-13.5055956306618));
#9134=CARTESIAN_POINT('Ctrl Pts',(-2.20301808204016,5.95942564697118,-13.661949319437));
#9135=CARTESIAN_POINT('Ctrl Pts',(1.24039321118269,6.37202458598223,-13.9355682747936));
#9136=CARTESIAN_POINT('Ctrl Pts',(3.52030612271204,5.21618367068723,-14.1310103857626));
#9137=CARTESIAN_POINT('Ctrl Pts',(4.50000000000001,4.15519253464866,-14.248275652344));
#9138=CARTESIAN_POINT('Ctrl Pts',(-4.50000000000006,4.15519253464861,-13.6357521202145));
#9139=CARTESIAN_POINT('Ctrl Pts',(-3.84687074847475,4.86251995867434,-13.7139289646021));
#9140=CARTESIAN_POINT('Ctrl Pts',(-2.20301808204016,5.95942564697118,-13.8702826533774));
#9141=CARTESIAN_POINT('Ctrl Pts',(1.2403932111827,6.37202458598223,-14.143901608734));
#9142=CARTESIAN_POINT('Ctrl Pts',(3.52030612271204,5.21618367068724,-14.339343719703));
#9143=CARTESIAN_POINT('Ctrl Pts',(4.50000000000001,4.15519253464866,-14.4566089862844));
#9144=CARTESIAN_POINT('Ctrl Pts',(-4.50000000000018,4.15519253464848,-16.1357521183934));
#9145=CARTESIAN_POINT('Ctrl Pts',(-3.84687074847487,4.86251995867424,-16.213928962781));
#9146=CARTESIAN_POINT('Ctrl Pts',(-2.20302223913142,5.95941015772979,-16.3702826515562));
#9147=CARTESIAN_POINT('Ctrl Pts',(1.24038159167005,6.37199731193651,-16.6439016069129));
#9148=CARTESIAN_POINT('Ctrl Pts',(3.52030612271202,5.21618367068726,-16.8393437178819));
#9149=CARTESIAN_POINT('Ctrl Pts',(4.50000000000001,4.15519253464866,-16.9566089844633));
#9150=CARTESIAN_POINT('Ctrl Pts',(-4.50000000000018,4.15519253464848,-16.3440854523338));
#9151=CARTESIAN_POINT('Ctrl Pts',(-3.84687074847487,4.86251995867424,-16.4222622967214));
#9152=CARTESIAN_POINT('Ctrl Pts',(-2.20302223913142,5.95941015772978,-16.5786159854966));
#9153=CARTESIAN_POINT('Ctrl Pts',(1.24038159167005,6.3719973119365,-16.8522349408532));
#9154=CARTESIAN_POINT('Ctrl Pts',(3.52030612271202,5.21618367068726,-17.0476770518222));
#9155=CARTESIAN_POINT('Ctrl Pts',(4.50000000000001,4.15519253464866,-17.1649423184037));
#9156=CARTESIAN_POINT('Ctrl Pts',(-4.50000000000018,4.15519253464848,-16.5524187862742));
#9157=CARTESIAN_POINT('Ctrl Pts',(-3.84687074847487,4.86251995867424,-16.6305956306618));
#9158=CARTESIAN_POINT('Ctrl Pts',(-2.20302223913142,5.95941015772979,-16.786949319437));
#9159=CARTESIAN_POINT('Ctrl Pts',(1.24038159167005,6.37199731193651,-17.0605682747936));
#9160=CARTESIAN_POINT('Ctrl Pts',(3.52030612271201,5.21618367068726,-17.2560103857626));
#9161=CARTESIAN_POINT('Ctrl Pts',(4.50000000000001,4.15519253464866,-17.373275652344));
#9162=CARTESIAN_POINT('Ctrl Pts',(-4.50000000000018,4.15519253464848,-16.7607521202145));
#9163=CARTESIAN_POINT('Ctrl Pts',(-3.84687074847487,4.86251995867424,-16.8389289646021));
#9164=CARTESIAN_POINT('Ctrl Pts',(-2.20302223913142,5.95941015772979,-16.9952826533773));
#9165=CARTESIAN_POINT('Ctrl Pts',(1.24038159167005,6.37199731193651,-17.268901608734));
#9166=CARTESIAN_POINT('Ctrl Pts',(3.52030612271202,5.21618367068726,-17.464343719703));
#9167=CARTESIAN_POINT('Ctrl Pts',(4.50000000000001,4.15519253464866,-17.5816089862844));
#9168=CARTESIAN_POINT('Ctrl Pts',(-4.50000000000009,4.15519253464857,-19.2607521183934));
#9169=CARTESIAN_POINT('Ctrl Pts',(-3.52030612271213,5.21618367068718,-19.3780173849748));
#9170=CARTESIAN_POINT('Ctrl Pts',(-1.24037234433264,6.37197557894039,-19.5734594959438));
#9171=CARTESIAN_POINT('Ctrl Pts',(2.20302557112521,5.95939779402499,-19.8470784513005));
#9172=CARTESIAN_POINT('Ctrl Pts',(3.84687074847455,4.8625199586745,-20.0034321400757));
#9173=CARTESIAN_POINT('Ctrl Pts',(4.49999999999989,4.15519253464879,-20.0816089844633));
#9174=CARTESIAN_POINT('Ctrl Pts',(-4.50000000000009,4.15519253464857,-19.4690854523338));
#9175=CARTESIAN_POINT('Ctrl Pts',(-3.52030612271213,5.21618367068718,-19.5863507189152));
#9176=CARTESIAN_POINT('Ctrl Pts',(-1.24037234433263,6.37197557894039,-19.7817928298842));
#9177=CARTESIAN_POINT('Ctrl Pts',(2.2030255711252,5.95939779402499,-20.0554117852408));
#9178=CARTESIAN_POINT('Ctrl Pts',(3.84687074847455,4.8625199586745,-20.211765474016));
#9179=CARTESIAN_POINT('Ctrl Pts',(4.49999999999989,4.15519253464879,-20.2899423184036));
#9180=CARTESIAN_POINT('Ctrl Pts',(-4.50000000000009,4.15519253464857,-19.6774187862742));
#9181=CARTESIAN_POINT('Ctrl Pts',(-3.52030612271213,5.21618367068718,-19.7946840528556));
#9182=CARTESIAN_POINT('Ctrl Pts',(-1.24037234433264,6.37197557894039,-19.9901261638246));
#9183=CARTESIAN_POINT('Ctrl Pts',(2.20302557112521,5.95939779402499,-20.2637451191812));
#9184=CARTESIAN_POINT('Ctrl Pts',(3.84687074847455,4.8625199586745,-20.4200988079564));
#9185=CARTESIAN_POINT('Ctrl Pts',(4.49999999999989,4.15519253464879,-20.498275652344));
#9186=CARTESIAN_POINT('Ctrl Pts',(-4.50000000000009,4.15519253464857,-19.8857521202145));
#9187=CARTESIAN_POINT('Ctrl Pts',(-3.52030612271213,5.21618367068718,-20.0030173867959));
#9188=CARTESIAN_POINT('Ctrl Pts',(-1.24037234433264,6.37197557894039,-20.1984594977649));
#9189=CARTESIAN_POINT('Ctrl Pts',(2.20302557112521,5.95939779402499,-20.4720784531216));
#9190=CARTESIAN_POINT('Ctrl Pts',(3.84687074847455,4.8625199586745,-20.6284321418968));
#9191=CARTESIAN_POINT('Ctrl Pts',(4.49999999999989,4.15519253464879,-20.7066089862844));
#9192=CARTESIAN_POINT('Ctrl Pts',(-4.50000000000009,4.15519253464857,-22.3857521183934));
#9193=CARTESIAN_POINT('Ctrl Pts',(-3.84687074847478,4.86251995867431,-22.463928962781));
#9194=CARTESIAN_POINT('Ctrl Pts',(-2.20302830125607,5.95938769665096,-22.6202826515562));
#9195=CARTESIAN_POINT('Ctrl Pts',(1.24036480989436,6.37195785399728,-22.8939016069129));
#9196=CARTESIAN_POINT('Ctrl Pts',(3.52030612271206,5.21618367068722,-23.0893437178819));
#9197=CARTESIAN_POINT('Ctrl Pts',(4.50000000000004,4.15519253464863,-23.2066089844633));
#9198=CARTESIAN_POINT('Ctrl Pts',(-4.50000000000009,4.15519253464857,-22.5940854523338));
#9199=CARTESIAN_POINT('Ctrl Pts',(-3.84687074847478,4.86251995867431,-22.6722622967214));
#9200=CARTESIAN_POINT('Ctrl Pts',(-2.20302830125607,5.95938769665096,-22.8286159854966));
#9201=CARTESIAN_POINT('Ctrl Pts',(1.24036480989436,6.37195785399728,-23.1022349408532));
#9202=CARTESIAN_POINT('Ctrl Pts',(3.52030612271206,5.21618367068722,-23.2976770518222));
#9203=CARTESIAN_POINT('Ctrl Pts',(4.50000000000004,4.15519253464863,-23.4149423184036));
#9204=CARTESIAN_POINT('Ctrl Pts',(-4.50000000000009,4.15519253464857,-22.8024187862742));
#9205=CARTESIAN_POINT('Ctrl Pts',(-3.84687074847478,4.86251995867431,-22.8805956306618));
#9206=CARTESIAN_POINT('Ctrl Pts',(-2.20302830125607,5.95938769665096,-23.036949319437));
#9207=CARTESIAN_POINT('Ctrl Pts',(1.24036480989436,6.37195785399728,-23.3105682747936));
#9208=CARTESIAN_POINT('Ctrl Pts',(3.52030612271206,5.21618367068722,-23.5060103857626));
#9209=CARTESIAN_POINT('Ctrl Pts',(4.50000000000004,4.15519253464863,-23.623275652344));
#9210=CARTESIAN_POINT('Ctrl Pts',(-4.50000000000009,4.15519253464857,-23.0107521202145));
#9211=CARTESIAN_POINT('Ctrl Pts',(-3.84687074847478,4.86251995867431,-23.0889289646021));
#9212=CARTESIAN_POINT('Ctrl Pts',(-2.20302830125607,5.95938769665096,-23.2452826533773));
#9213=CARTESIAN_POINT('Ctrl Pts',(1.24036480989436,6.37195785399728,-23.518901608734));
#9214=CARTESIAN_POINT('Ctrl Pts',(3.52030612271206,5.21618367068722,-23.714343719703));
#9215=CARTESIAN_POINT('Ctrl Pts',(4.50000000000004,4.15519253464863,-23.8316089862844));
#9216=CARTESIAN_POINT('Ctrl Pts',(-4.49999999999988,4.1551925346488,-25.5107521183934));
#9217=CARTESIAN_POINT('Ctrl Pts',(-3.84687074847455,4.86251995867449,-25.5889289627811));
#9218=CARTESIAN_POINT('Ctrl Pts',(-2.20303057895981,5.959379294854,-25.7452826515563));
#9219=CARTESIAN_POINT('Ctrl Pts',(1.24035855270478,6.37194312189166,-26.0189016069129));
#9220=CARTESIAN_POINT('Ctrl Pts',(3.520306122712,5.21618367068726,-26.2143437178819));
#9221=CARTESIAN_POINT('Ctrl Pts',(4.49999999999998,4.15519253464869,-26.3316089844633));
#9222=CARTESIAN_POINT('Ctrl Pts',(-4.49999999999988,4.1551925346488,-25.7190854523338));
#9223=CARTESIAN_POINT('Ctrl Pts',(-3.84687074847455,4.86251995867449,-25.7972622967214));
#9224=CARTESIAN_POINT('Ctrl Pts',(-2.20303057895982,5.959379294854,-25.9536159854966));
#9225=CARTESIAN_POINT('Ctrl Pts',(1.24035855270478,6.37194312189166,-26.2272349408532));
#9226=CARTESIAN_POINT('Ctrl Pts',(3.520306122712,5.21618367068726,-26.4226770518222));
#9227=CARTESIAN_POINT('Ctrl Pts',(4.49999999999998,4.15519253464869,-26.5399423184036));
#9228=CARTESIAN_POINT('Ctrl Pts',(-4.49999999999988,4.1551925346488,-25.9274187862742));
#9229=CARTESIAN_POINT('Ctrl Pts',(-3.84687074847455,4.86251995867449,-26.0055956306618));
#9230=CARTESIAN_POINT('Ctrl Pts',(-2.20303057895981,5.959379294854,-26.161949319437));
#9231=CARTESIAN_POINT('Ctrl Pts',(1.24035855270478,6.37194312189166,-26.4355682747936));
#9232=CARTESIAN_POINT('Ctrl Pts',(3.520306122712,5.21618367068726,-26.6310103857626));
#9233=CARTESIAN_POINT('Ctrl Pts',(4.49999999999998,4.15519253464869,-26.748275652344));
#9234=CARTESIAN_POINT('Ctrl Pts',(-4.49999999999988,4.1551925346488,-26.1357521202145));
#9235=CARTESIAN_POINT('Ctrl Pts',(-3.84687074847455,4.86251995867449,-26.2139289646022));
#9236=CARTESIAN_POINT('Ctrl Pts',(-2.20303057895981,5.959379294854,-26.3702826533774));
#9237=CARTESIAN_POINT('Ctrl Pts',(1.24035855270478,6.37194312189166,-26.643901608734));
#9238=CARTESIAN_POINT('Ctrl Pts',(3.520306122712,5.21618367068726,-26.839343719703));
#9239=CARTESIAN_POINT('Ctrl Pts',(4.49999999999998,4.15519253464869,-26.9566089862844));
#9240=CARTESIAN_POINT('Ctrl Pts',(-4.50000000000018,4.15519253464847,-28.6357521183934));
#9241=CARTESIAN_POINT('Ctrl Pts',(-3.52030612271222,5.21618367068713,-28.7530173849748));
#9242=CARTESIAN_POINT('Ctrl Pts',(-1.24035327332027,6.37193068359393,-28.9484594959439));
#9243=CARTESIAN_POINT('Ctrl Pts',(2.20303250801935,5.95937219466896,-29.2220784513005));
#9244=CARTESIAN_POINT('Ctrl Pts',(3.8468707484748,4.86251995867429,-29.3784321400757));
#9245=CARTESIAN_POINT('Ctrl Pts',(4.50000000000012,4.15519253464853,-29.4566089844633));
#9246=CARTESIAN_POINT('Ctrl Pts',(-4.50000000000018,4.15519253464847,-28.8440854523338));
#9247=CARTESIAN_POINT('Ctrl Pts',(-3.52030612271221,5.21618367068713,-28.9613507189152));
#9248=CARTESIAN_POINT('Ctrl Pts',(-1.24035327332027,6.37193068359393,-29.1567928298842));
#9249=CARTESIAN_POINT('Ctrl Pts',(2.20303250801935,5.95937219466896,-29.4304117852408));
#9250=CARTESIAN_POINT('Ctrl Pts',(3.8468707484748,4.86251995867429,-29.5867654740161));
#9251=CARTESIAN_POINT('Ctrl Pts',(4.50000000000012,4.15519253464853,-29.6649423184037));
#9252=CARTESIAN_POINT('Ctrl Pts',(-4.50000000000018,4.15519253464847,-29.0524187862742));
#9253=CARTESIAN_POINT('Ctrl Pts',(-3.52030612271222,5.21618367068713,-29.1696840528556));
#9254=CARTESIAN_POINT('Ctrl Pts',(-1.24035327332026,6.37193068359393,-29.3651261638246));
#9255=CARTESIAN_POINT('Ctrl Pts',(2.20303250801935,5.95937219466896,-29.6387451191812));
#9256=CARTESIAN_POINT('Ctrl Pts',(3.84687074847481,4.86251995867429,-29.7950988079564));
#9257=CARTESIAN_POINT('Ctrl Pts',(4.50000000000012,4.15519253464853,-29.873275652344));
#9258=CARTESIAN_POINT('Ctrl Pts',(-4.50000000000018,4.15519253464847,-29.2607521202145));
#9259=CARTESIAN_POINT('Ctrl Pts',(-3.52030612271222,5.21618367068713,-29.3780173867959));
#9260=CARTESIAN_POINT('Ctrl Pts',(-1.24035327332027,6.37193068359393,-29.573459497765));
#9261=CARTESIAN_POINT('Ctrl Pts',(2.20303250801935,5.95937219466896,-29.8470784531216));
#9262=CARTESIAN_POINT('Ctrl Pts',(3.8468707484748,4.86251995867429,-30.0034321418968));
#9263=CARTESIAN_POINT('Ctrl Pts',(4.50000000000012,4.15519253464853,-30.0816089862844));
#9264=CARTESIAN_POINT('Ctrl Pts',(-4.50000000000009,4.15519253464857,-31.7607521183934));
#9265=CARTESIAN_POINT('Ctrl Pts',(-3.52030612271213,5.21618367068717,-31.8780173849748));
#9266=CARTESIAN_POINT('Ctrl Pts',(-1.24034875912659,6.37192004205339,-32.0734594959439));
#9267=CARTESIAN_POINT('Ctrl Pts',(2.20303416274816,5.959366115397,-32.3470784513005));
#9268=CARTESIAN_POINT('Ctrl Pts',(3.84687074847461,4.86251995867445,-32.5034321400757));
#9269=CARTESIAN_POINT('Ctrl Pts',(4.49999999999995,4.15519253464873,-32.5816089844633));
#9270=CARTESIAN_POINT('Ctrl Pts',(-4.50000000000009,4.15519253464857,-31.9690854523338));
#9271=CARTESIAN_POINT('Ctrl Pts',(-3.52030612271213,5.21618367068717,-32.0863507189152));
#9272=CARTESIAN_POINT('Ctrl Pts',(-1.24034875912658,6.37192004205339,-32.2817928298842));
#9273=CARTESIAN_POINT('Ctrl Pts',(2.20303416274816,5.959366115397,-32.5554117852408));
#9274=CARTESIAN_POINT('Ctrl Pts',(3.84687074847461,4.86251995867445,-32.711765474016));
#9275=CARTESIAN_POINT('Ctrl Pts',(4.49999999999995,4.15519253464873,-32.7899423184036));
#9276=CARTESIAN_POINT('Ctrl Pts',(-4.50000000000009,4.15519253464857,-32.1774187862742));
#9277=CARTESIAN_POINT('Ctrl Pts',(-3.52030612271213,5.21618367068718,-32.2946840528556));
#9278=CARTESIAN_POINT('Ctrl Pts',(-1.24034875912659,6.37192004205339,-32.4901261638246));
#9279=CARTESIAN_POINT('Ctrl Pts',(2.20303416274815,5.959366115397,-32.7637451191812));
#9280=CARTESIAN_POINT('Ctrl Pts',(3.84687074847461,4.86251995867445,-32.9200988079564));
#9281=CARTESIAN_POINT('Ctrl Pts',(4.49999999999995,4.15519253464873,-32.998275652344));
#9282=CARTESIAN_POINT('Ctrl Pts',(-4.50000000000009,4.15519253464857,-32.3857521202145));
#9283=CARTESIAN_POINT('Ctrl Pts',(-3.52030612271213,5.21618367068717,-32.5030173867959));
#9284=CARTESIAN_POINT('Ctrl Pts',(-1.24034875912659,6.37192004205339,-32.698459497765));
#9285=CARTESIAN_POINT('Ctrl Pts',(2.20303416274816,5.959366115397,-32.9720784531216));
#9286=CARTESIAN_POINT('Ctrl Pts',(3.84687074847461,4.86251995867445,-33.1284321418968));
#9287=CARTESIAN_POINT('Ctrl Pts',(4.49999999999995,4.15519253464873,-33.2066089862844));
#9288=CARTESIAN_POINT('Ctrl Pts',(-4.50000000000012,4.15519253464854,-34.8857521183934));
#9289=CARTESIAN_POINT('Ctrl Pts',(-3.84687074847482,4.86251995867428,-34.963928962781));
#9290=CARTESIAN_POINT('Ctrl Pts',(-2.20303559775258,5.95936085163171,-35.1202826515563));
#9291=CARTESIAN_POINT('Ctrl Pts',(1.24034485499029,6.37191083415966,-35.3939016069129));
#9292=CARTESIAN_POINT('Ctrl Pts',(3.52030612271204,5.21618367068724,-35.5893437178819));
#9293=CARTESIAN_POINT('Ctrl Pts',(4.50000000000003,4.15519253464863,-35.7066089844633));
#9294=CARTESIAN_POINT('Ctrl Pts',(-4.50000000000012,4.15519253464854,-35.0940854523338));
#9295=CARTESIAN_POINT('Ctrl Pts',(-3.84687074847482,4.86251995867428,-35.1722622967214));
#9296=CARTESIAN_POINT('Ctrl Pts',(-2.20303559775258,5.95936085163171,-35.3286159854966));
#9297=CARTESIAN_POINT('Ctrl Pts',(1.24034485499029,6.37191083415966,-35.6022349408532));
#9298=CARTESIAN_POINT('Ctrl Pts',(3.52030612271204,5.21618367068724,-35.7976770518222));
#9299=CARTESIAN_POINT('Ctrl Pts',(4.50000000000003,4.15519253464863,-35.9149423184037));
#9300=CARTESIAN_POINT('Ctrl Pts',(-4.50000000000012,4.15519253464854,-35.3024187862742));
#9301=CARTESIAN_POINT('Ctrl Pts',(-3.84687074847482,4.86251995867428,-35.3805956306618));
#9302=CARTESIAN_POINT('Ctrl Pts',(-2.20303559775258,5.95936085163171,-35.536949319437));
#9303=CARTESIAN_POINT('Ctrl Pts',(1.2403448549903,6.37191083415966,-35.8105682747936));
#9304=CARTESIAN_POINT('Ctrl Pts',(3.52030612271204,5.21618367068724,-36.0060103857626));
#9305=CARTESIAN_POINT('Ctrl Pts',(4.50000000000003,4.15519253464863,-36.123275652344));
#9306=CARTESIAN_POINT('Ctrl Pts',(-4.50000000000012,4.15519253464854,-35.5107521202145));
#9307=CARTESIAN_POINT('Ctrl Pts',(-3.84687074847482,4.86251995867428,-35.5889289646021));
#9308=CARTESIAN_POINT('Ctrl Pts',(-2.20303559775258,5.95936085163171,-35.7452826533773));
#9309=CARTESIAN_POINT('Ctrl Pts',(1.24034485499029,6.37191083415966,-36.018901608734));
#9310=CARTESIAN_POINT('Ctrl Pts',(3.52030612271204,5.21618367068724,-36.214343719703));
#9311=CARTESIAN_POINT('Ctrl Pts',(4.50000000000003,4.15519253464863,-36.3316089862844));
#9312=CARTESIAN_POINT('Ctrl Pts',(-4.50000000000003,4.15519253464863,-38.0107521183934));
#9313=CARTESIAN_POINT('Ctrl Pts',(-3.84687074847472,4.86251995867435,-38.088928962781));
#9314=CARTESIAN_POINT('Ctrl Pts',(-2.20303685405361,5.9593562496034,-38.2452826515563));
#9315=CARTESIAN_POINT('Ctrl Pts',(1.24034144506245,6.37190278847249,-38.5189016069129));
#9316=CARTESIAN_POINT('Ctrl Pts',(3.52030612271188,5.21618367068734,-38.7143437178819));
#9317=CARTESIAN_POINT('Ctrl Pts',(4.49999999999988,4.15519253464879,-38.8316089844633));
#9318=CARTESIAN_POINT('Ctrl Pts',(-4.50000000000003,4.15519253464863,-38.2190854523338));
#9319=CARTESIAN_POINT('Ctrl Pts',(-3.84687074847472,4.86251995867435,-38.2972622967214));
#9320=CARTESIAN_POINT('Ctrl Pts',(-2.20303685405361,5.9593562496034,-38.4536159854966));
#9321=CARTESIAN_POINT('Ctrl Pts',(1.24034144506245,6.37190278847249,-38.7272349408532));
#9322=CARTESIAN_POINT('Ctrl Pts',(3.52030612271188,5.21618367068734,-38.9226770518222));
#9323=CARTESIAN_POINT('Ctrl Pts',(4.49999999999988,4.15519253464879,-39.0399423184036));
#9324=CARTESIAN_POINT('Ctrl Pts',(-4.50000000000003,4.15519253464863,-38.4274187862742));
#9325=CARTESIAN_POINT('Ctrl Pts',(-3.84687074847472,4.86251995867435,-38.5055956306618));
#9326=CARTESIAN_POINT('Ctrl Pts',(-2.20303685405361,5.9593562496034,-38.661949319437));
#9327=CARTESIAN_POINT('Ctrl Pts',(1.24034144506245,6.37190278847249,-38.9355682747936));
#9328=CARTESIAN_POINT('Ctrl Pts',(3.52030612271188,5.21618367068734,-39.1310103857626));
#9329=CARTESIAN_POINT('Ctrl Pts',(4.49999999999988,4.15519253464879,-39.248275652344));
#9330=CARTESIAN_POINT('Ctrl Pts',(-4.50000000000003,4.15519253464863,-38.6357521202145));
#9331=CARTESIAN_POINT('Ctrl Pts',(-3.84687074847472,4.86251995867435,-38.7139289646021));
#9332=CARTESIAN_POINT('Ctrl Pts',(-2.20303685405361,5.9593562496034,-38.8702826533774));
#9333=CARTESIAN_POINT('Ctrl Pts',(1.24034144506245,6.37190278847249,-39.143901608734));
#9334=CARTESIAN_POINT('Ctrl Pts',(3.52030612271188,5.21618367068734,-39.339343719703));
#9335=CARTESIAN_POINT('Ctrl Pts',(4.49999999999988,4.15519253464879,-39.4566089862844));
#9336=CARTESIAN_POINT('Ctrl Pts',(-4.49999999999989,4.15519253464879,-41.1357521183934));
#9337=CARTESIAN_POINT('Ctrl Pts',(-3.52030612271189,5.21618367068733,-41.2530173849748));
#9338=CARTESIAN_POINT('Ctrl Pts',(-1.24033844108266,6.37189569801032,-41.4484594959439));
#9339=CARTESIAN_POINT('Ctrl Pts',(2.20303796306399,5.95935219191319,-41.7220784513005));
#9340=CARTESIAN_POINT('Ctrl Pts',(3.84687074847479,4.8625199586743,-41.8784321400757));
#9341=CARTESIAN_POINT('Ctrl Pts',(4.50000000000009,4.15519253464857,-41.9566089844633));
#9342=CARTESIAN_POINT('Ctrl Pts',(-4.49999999999989,4.15519253464879,-41.3440854523338));
#9343=CARTESIAN_POINT('Ctrl Pts',(-3.52030612271189,5.21618367068733,-41.4613507189152));
#9344=CARTESIAN_POINT('Ctrl Pts',(-1.24033844108266,6.37189569801032,-41.6567928298842));
#9345=CARTESIAN_POINT('Ctrl Pts',(2.20303796306399,5.95935219191319,-41.9304117852408));
#9346=CARTESIAN_POINT('Ctrl Pts',(3.84687074847479,4.8625199586743,-42.0867654740161));
#9347=CARTESIAN_POINT('Ctrl Pts',(4.50000000000009,4.15519253464857,-42.1649423184037));
#9348=CARTESIAN_POINT('Ctrl Pts',(-4.49999999999989,4.15519253464879,-41.5524187862742));
#9349=CARTESIAN_POINT('Ctrl Pts',(-3.52030612271189,5.21618367068734,-41.6696840528556));
#9350=CARTESIAN_POINT('Ctrl Pts',(-1.24033844108266,6.37189569801032,-41.8651261638246));
#9351=CARTESIAN_POINT('Ctrl Pts',(2.20303796306399,5.9593521919132,-42.1387451191812));
#9352=CARTESIAN_POINT('Ctrl Pts',(3.84687074847479,4.8625199586743,-42.2950988079564));
#9353=CARTESIAN_POINT('Ctrl Pts',(4.50000000000009,4.15519253464857,-42.373275652344));
#9354=CARTESIAN_POINT('Ctrl Pts',(-4.49999999999989,4.15519253464879,-41.7607521202145));
#9355=CARTESIAN_POINT('Ctrl Pts',(-3.52030612271189,5.21618367068733,-41.8780173867959));
#9356=CARTESIAN_POINT('Ctrl Pts',(-1.24033844108266,6.37189569801032,-42.073459497765));
#9357=CARTESIAN_POINT('Ctrl Pts',(2.20303796306399,5.95935219191319,-42.3470784531216));
#9358=CARTESIAN_POINT('Ctrl Pts',(3.84687074847479,4.8625199586743,-42.5034321418968));
#9359=CARTESIAN_POINT('Ctrl Pts',(4.50000000000009,4.15519253464857,-42.5816089862844));
#9360=CARTESIAN_POINT('Ctrl Pts',(-4.50000000000015,4.1551925346485,-44.2607521183934));
#9361=CARTESIAN_POINT('Ctrl Pts',(-3.52030612271222,5.21618367068711,-44.3780173849748));
#9362=CARTESIAN_POINT('Ctrl Pts',(-1.24033577462768,6.37188940218743,-44.5734594959438));
#9363=CARTESIAN_POINT('Ctrl Pts',(2.20303894924339,5.95934858738034,-44.8470784513004));
#9364=CARTESIAN_POINT('Ctrl Pts',(3.84687074847462,4.86251995867444,-45.0034321400757));
#9365=CARTESIAN_POINT('Ctrl Pts',(4.49999999999994,4.15519253464873,-45.0816089844633));
#9366=CARTESIAN_POINT('Ctrl Pts',(-4.50000000000015,4.1551925346485,-44.4690854523338));
#9367=CARTESIAN_POINT('Ctrl Pts',(-3.52030612271222,5.21618367068711,-44.5863507189152));
#9368=CARTESIAN_POINT('Ctrl Pts',(-1.24033577462768,6.37188940218743,-44.7817928298842));
#9369=CARTESIAN_POINT('Ctrl Pts',(2.20303894924339,5.95934858738034,-45.0554117852408));
#9370=CARTESIAN_POINT('Ctrl Pts',(3.84687074847462,4.86251995867444,-45.211765474016));
#9371=CARTESIAN_POINT('Ctrl Pts',(4.49999999999994,4.15519253464873,-45.2899423184036));
#9372=CARTESIAN_POINT('Ctrl Pts',(-4.50000000000015,4.1551925346485,-44.6774187862742));
#9373=CARTESIAN_POINT('Ctrl Pts',(-3.52030612271222,5.21618367068711,-44.7946840528556));
#9374=CARTESIAN_POINT('Ctrl Pts',(-1.24033577462769,6.37188940218743,-44.9901261638246));
#9375=CARTESIAN_POINT('Ctrl Pts',(2.20303894924339,5.95934858738034,-45.2637451191812));
#9376=CARTESIAN_POINT('Ctrl Pts',(3.84687074847462,4.86251995867444,-45.4200988079564));
#9377=CARTESIAN_POINT('Ctrl Pts',(4.49999999999994,4.15519253464873,-45.498275652344));
#9378=CARTESIAN_POINT('Ctrl Pts',(-4.50000000000015,4.1551925346485,-44.8857521202145));
#9379=CARTESIAN_POINT('Ctrl Pts',(-3.52030612271222,5.21618367068711,-45.0030173867959));
#9380=CARTESIAN_POINT('Ctrl Pts',(-1.24033577462768,6.37188940218743,-45.1984594977649));
#9381=CARTESIAN_POINT('Ctrl Pts',(2.20303894924339,5.95934858738034,-45.4720784531215));
#9382=CARTESIAN_POINT('Ctrl Pts',(3.84687074847462,4.86251995867444,-45.6284321418968));
#9383=CARTESIAN_POINT('Ctrl Pts',(4.49999999999994,4.15519253464873,-45.7066089862844));
#9384=CARTESIAN_POINT('Ctrl Pts',(-4.49999999999989,4.15519253464879,-47.3857521183934));
#9385=CARTESIAN_POINT('Ctrl Pts',(-3.84687074847456,4.86251995867448,-47.463928962781));
#9386=CARTESIAN_POINT('Ctrl Pts',(-2.20303983192234,5.95934536411098,-47.6202826515563));
#9387=CARTESIAN_POINT('Ctrl Pts',(1.24033339183358,6.37188377450492,-47.8939016069129));
#9388=CARTESIAN_POINT('Ctrl Pts',(3.52030612271199,5.21618367068726,-48.0893437178819));
#9389=CARTESIAN_POINT('Ctrl Pts',(4.49999999999997,4.1551925346487,-48.2066089844633));
#9390=CARTESIAN_POINT('Ctrl Pts',(-4.49999999999989,4.15519253464879,-47.5940854523338));
#9391=CARTESIAN_POINT('Ctrl Pts',(-3.84687074847456,4.86251995867448,-47.6722622967214));
#9392=CARTESIAN_POINT('Ctrl Pts',(-2.20303983192234,5.95934536411098,-47.8286159854966));
#9393=CARTESIAN_POINT('Ctrl Pts',(1.24033339183358,6.37188377450492,-48.1022349408532));
#9394=CARTESIAN_POINT('Ctrl Pts',(3.52030612271199,5.21618367068727,-48.2976770518222));
#9395=CARTESIAN_POINT('Ctrl Pts',(4.49999999999997,4.1551925346487,-48.4149423184036));
#9396=CARTESIAN_POINT('Ctrl Pts',(-4.49999999999989,4.15519253464879,-47.8024187862742));
#9397=CARTESIAN_POINT('Ctrl Pts',(-3.84687074847456,4.86251995867448,-47.8805956306618));
#9398=CARTESIAN_POINT('Ctrl Pts',(-2.20303983192233,5.95934536411098,-48.036949319437));
#9399=CARTESIAN_POINT('Ctrl Pts',(1.24033339183358,6.37188377450492,-48.3105682747936));
#9400=CARTESIAN_POINT('Ctrl Pts',(3.52030612271199,5.21618367068726,-48.5060103857626));
#9401=CARTESIAN_POINT('Ctrl Pts',(4.49999999999997,4.1551925346487,-48.623275652344));
#9402=CARTESIAN_POINT('Ctrl Pts',(-4.49999999999989,4.15519253464879,-48.0107521202145));
#9403=CARTESIAN_POINT('Ctrl Pts',(-3.84687074847456,4.86251995867448,-48.0889289646021));
#9404=CARTESIAN_POINT('Ctrl Pts',(-2.20303983192234,5.95934536411098,-48.2452826533773));
#9405=CARTESIAN_POINT('Ctrl Pts',(1.24033339183358,6.37188377450492,-48.518901608734));
#9406=CARTESIAN_POINT('Ctrl Pts',(3.52030612271199,5.21618367068726,-48.714343719703));
#9407=CARTESIAN_POINT('Ctrl Pts',(4.49999999999997,4.1551925346487,-48.8316089862844));
#9408=CARTESIAN_POINT('Origin',(-0.499999999994943,3.12500000000413,0.));
#9409=CARTESIAN_POINT('',(-0.338196601120695,3.22500000000351,0.1));
#9410=CARTESIAN_POINT('',(4.50354763513032E-13,3.90139320224985,0.1));
#9411=CARTESIAN_POINT('',(-0.410557280894845,3.08027864045435,0.1));
#9412=CARTESIAN_POINT('',(1.42110079996404E-15,4.125,0.));
#9413=CARTESIAN_POINT('',(8.37952034962989E-13,3.70833333333537,0.18633899812393));
#9414=CARTESIAN_POINT('',(-0.499999999994943,3.12500000000413,0.));
#9415=CARTESIAN_POINT('',(-1.07499999999451,1.97499999999812,6.93889390390723E-17));
#9416=CARTESIAN_POINT('',(-0.216542364655982,3.300186453014,0.175186453010955));
#9417=CARTESIAN_POINT('Origin',(1.42110079996404E-15,4.125,0.));
#9418=CARTESIAN_POINT('',(0.338196601126283,3.22500000000093,0.1));
#9419=CARTESIAN_POINT('',(0.410557280901956,3.08027864045017,0.1));
#9420=CARTESIAN_POINT('',(0.500000000001875,3.12500000000031,0.));
#9421=CARTESIAN_POINT('',(0.183084729318995,3.32086440883668,0.195864408835164));
#9422=CARTESIAN_POINT('',(0.82500000000201,2.47500000000268,0.));
#9423=CARTESIAN_POINT('Origin',(0.500000000001875,3.12500000000031,0.));
#9424=CARTESIAN_POINT('',(-0.499999999994561,3.22500000000413,0.1));
#9425=CARTESIAN_POINT('',(0.250000000006906,3.12500000000127,1.38777878078145E-16));
#9426=CARTESIAN_POINT('Origin',(3.4663242949517E-12,3.62500000000016,0.1));
#9427=CARTESIAN_POINT('Origin',(-0.75,2.84402815769477E-16,0.));
#9428=CARTESIAN_POINT('',(-0.642261628933257,-0.0999999999999998,0.1));
#9429=CARTESIAN_POINT('',(-0.1,-0.1,0.1));
#9430=CARTESIAN_POINT('',(-0.75,-0.0999999999999997,0.1));
#9431=CARTESIAN_POINT('',(0.,0.,0.));
#9432=CARTESIAN_POINT('',(-0.125,-0.125,0.125));
#9433=CARTESIAN_POINT('',(-0.75,2.84402815769477E-16,0.));
#9434=CARTESIAN_POINT('',(-0.375,1.42201407884739E-16,0.));
#9435=CARTESIAN_POINT('Ctrl Pts',(-0.749999999999964,-3.55517315913939E-14,
3.58372186093359E-14));
#9436=CARTESIAN_POINT('Ctrl Pts',(-0.696130814466533,-0.0538691855334642,
0.0538691855334644));
#9437=CARTESIAN_POINT('Ctrl Pts',(-0.642261628933104,-0.100000000000131,
0.100000000000131));
#9438=CARTESIAN_POINT('Origin',(0.,0.,0.));
#9439=CARTESIAN_POINT('',(-0.1,-0.642261628933257,0.1));
#9440=CARTESIAN_POINT('',(-0.0999999999999997,0.75,0.1));
#9441=CARTESIAN_POINT('',(-2.84402815769477E-16,-0.75,0.));
#9442=CARTESIAN_POINT('Ctrl Pts',(-3.61286687392265E-14,-0.749999999999964,
3.58431817212845E-14));
#9443=CARTESIAN_POINT('Ctrl Pts',(-0.0538691855334634,-0.696130814466535,
0.0538691855334631));
#9444=CARTESIAN_POINT('Ctrl Pts',(-0.100000000000131,-0.642261628933104,
0.100000000000131));
#9445=CARTESIAN_POINT('',(0.,0.,0.));
#9446=CARTESIAN_POINT('Origin',(0.,0.,0.));
#9447=CARTESIAN_POINT('Origin',(0.,0.,0.1));
#9448=CARTESIAN_POINT('Origin',(0.,0.,0.));
#9449=CARTESIAN_POINT('Origin',(-0.375,-0.375,0.1));
#9450=CARTESIAN_POINT('Origin',(0.75,-2.84402815769477E-16,0.));
#9451=CARTESIAN_POINT('',(0.642261628933257,0.0999999999999997,0.1));
#9452=CARTESIAN_POINT('',(0.1,0.1,0.1));
#9453=CARTESIAN_POINT('',(-0.75,0.1,0.1));
#9454=CARTESIAN_POINT('',(0.125,0.125,0.125));
#9455=CARTESIAN_POINT('',(0.75,-2.84402815769477E-16,0.));
#9456=CARTESIAN_POINT('',(0.375,-1.42201407884739E-16,0.));
#9457=CARTESIAN_POINT('Ctrl Pts',(0.749999999999964,3.55582368044288E-14,
3.58410133169396E-14));
#9458=CARTESIAN_POINT('Ctrl Pts',(0.696130814466534,0.0538691855334635,
0.0538691855334638));
#9459=CARTESIAN_POINT('Ctrl Pts',(0.642261628933104,0.10000000000013,0.100000000000131));
#9460=CARTESIAN_POINT('Origin',(0.,0.,0.));
#9461=CARTESIAN_POINT('',(0.1,0.642261628933257,0.1));
#9462=CARTESIAN_POINT('',(0.1,0.75,0.1));
#9463=CARTESIAN_POINT('',(2.84402815769477E-16,0.75,0.));
#9464=CARTESIAN_POINT('Ctrl Pts',(3.61368002555201E-14,0.749999999999964,
3.58534816419231E-14));
#9465=CARTESIAN_POINT('Ctrl Pts',(0.0538691855334627,0.696130814466535,
0.0538691855334624));
#9466=CARTESIAN_POINT('Ctrl Pts',(0.100000000000131,0.642261628933104,0.100000000000131));
#9467=CARTESIAN_POINT('',(0.,0.,0.));
#9468=CARTESIAN_POINT('Origin',(0.,0.,0.));
#9469=CARTESIAN_POINT('Origin',(0.,0.,0.1));
#9470=CARTESIAN_POINT('Origin',(0.,0.,0.));
#9471=CARTESIAN_POINT('Origin',(0.375,0.375,0.1));
#9472=CARTESIAN_POINT('Origin',(0.,0.,0.));
#9473=UNCERTAINTY_MEASURE_WITH_UNIT(LENGTH_MEASURE(0.01),#9477,
'DISTANCE_ACCURACY_VALUE',
'Maximum model space distance between geometric entities at asserted c
onnectivities');
#9474=UNCERTAINTY_MEASURE_WITH_UNIT(LENGTH_MEASURE(0.01),#9477,
'DISTANCE_ACCURACY_VALUE',
'Maximum model space distance between geometric entities at asserted c
onnectivities');
#9475=(
GEOMETRIC_REPRESENTATION_CONTEXT(3)
GLOBAL_UNCERTAINTY_ASSIGNED_CONTEXT((#9473))
GLOBAL_UNIT_ASSIGNED_CONTEXT((#9477,#9479,#9480))
REPRESENTATION_CONTEXT('','3D')
);
#9476=(
GEOMETRIC_REPRESENTATION_CONTEXT(3)
GLOBAL_UNCERTAINTY_ASSIGNED_CONTEXT((#9474))
GLOBAL_UNIT_ASSIGNED_CONTEXT((#9477,#9479,#9480))
REPRESENTATION_CONTEXT('','3D')
);
#9477=(
LENGTH_UNIT()
NAMED_UNIT(*)
SI_UNIT(.MILLI.,.METRE.)
);
#9478=(
LENGTH_UNIT()
NAMED_UNIT(*)
SI_UNIT($,.METRE.)
);
#9479=(
NAMED_UNIT(*)
PLANE_ANGLE_UNIT()
SI_UNIT($,.RADIAN.)
);
#9480=(
NAMED_UNIT(*)
SI_UNIT($,.STERADIAN.)
SOLID_ANGLE_UNIT()
);
#9481=SHAPE_DEFINITION_REPRESENTATION(#9482,#9483);
#9482=PRODUCT_DEFINITION_SHAPE('',$,#9485);
#9483=SHAPE_REPRESENTATION('',(#2713),#9475);
#9484=PRODUCT_DEFINITION_CONTEXT('part definition',#9489,'design');
#9485=PRODUCT_DEFINITION('M.Horizontal 90deg (Positive)',
'M.Horizontal 90deg (Positive) v6',#9486,#9484);
#9486=PRODUCT_DEFINITION_FORMATION('',$,#9491);
#9487=PRODUCT_RELATED_PRODUCT_CATEGORY(
'M.Horizontal 90deg (Positive) v6','M.Horizontal 90deg (Positive) v6',(#9491));
#9488=APPLICATION_PROTOCOL_DEFINITION('international standard',
'automotive_design',2009,#9489);
#9489=APPLICATION_CONTEXT(
'Core Data for Automotive Mechanical Design Process');
#9490=PRODUCT_CONTEXT('part definition',#9489,'mechanical');
#9491=PRODUCT('M.Horizontal 90deg (Positive)',
'M.Horizontal 90deg (Positive) v6',$,(#9490));
#9492=PRESENTATION_STYLE_ASSIGNMENT((#9493));
#9493=SURFACE_STYLE_USAGE(.BOTH.,#9494);
#9494=SURFACE_SIDE_STYLE('',(#9495));
#9495=SURFACE_STYLE_FILL_AREA(#9496);
#9496=FILL_AREA_STYLE('Plastic - Matte (Green)',(#9497));
#9497=FILL_AREA_STYLE_COLOUR('Plastic - Matte (Green)',#9498);
#9498=COLOUR_RGB('Plastic - Matte (Green)',0.266666666666667,0.588235294117647,
0.282352941176471);
ENDSEC;
END-ISO-10303-21;
